0 1
0 2
0 3
0 4
0 5
0 6
0 10
0 11
0 13
0 14
0 22
0 37
0 40
0 47
0 55
0 56
0 65
0 75
0 78
0 80
0 82
0 90
0 96
0 152
0 193
0 223
0 273
0 289
0 295
0 393
0 408
0 448
0 453
0 470
0 476
0 583
0 612
0 628
0 635
0 646
0 663
0 696
0 701
0 727
0 752
0 783
0 804
0 852
0 889
0 909
0 957
0 961
0 990
0 1005
0 1038
0 1044
0 1050
0 1051
0 1073
0 1086
0 1110
0 1118
0 1179
0 1214
0 1305
0 1309
0 1315
0 1323
0 1325
0 1425
0 1559
0 1607
0 1617
0 1637
0 1823
0 1828
0 1859
0 1880
0 1911
0 1978
0 2042
0 2058
0 2081
0 2112
0 2229
0 2235
0 2248
0 2312
0 2339
0 2453
0 2456
0 2575
0 2658
0 2695
0 2852
0 2892
0 2906
0 2925
0 2944
0 3024
0 3046
0 3097
0 3122
0 3157
0 3162
0 3177
0 3180
0 3207
0 3360
0 3379
0 3510
0 3611
0 3632
0 3687
0 3689
0 3714
0 3715
0 3757
0 3849
0 3870
0 3933
0 4168
0 4181
0 4328
0 4730
0 4835
0 4908
1 4
1 5
1 7
1 12
1 28
1 32
1 42
1 45
1 55
1 60
1 71
1 72
1 77
1 103
1 119
1 123
1 130
1 149
1 154
1 233
1 234
1 260
1 298
1 329
1 341
1 418
1 427
1 480
1 494
1 501
1 516
1 542
1 559
1 588
1 593
1 643
1 644
1 651
1 679
1 684
1 689
1 691
1 727
1 769
1 803
1 810
1 831
1 903
1 1018
1 1084
1 1085
1 1111
1 1169
1 1178
1 1206
1 1286
1 1297
1 1444
1 1452
1 1463
1 1500
1 1539
1 1556
1 1616
1 1671
1 1673
1 1823
1 1876
1 1902
1 2010
1 2022
1 2030
1 2092
1 2222
1 2401
1 2492
1 2603
1 2649
1 2709
1 2922
1 3010
1 3114
1 3264
1 3385
1 3586
1 3759
1 3764
1 4009
1 4083
1 4093
1 4104
1 4184
1 4206
1 4237
1 4263
1 4293
1 4429
1 4549
1 4761
1 4940
2 6
2 7
2 14
2 15
2 16
2 17
2 19
2 23
2 24
2 27
2 29
2 38
2 41
2 49
2 56
2 65
2 83
2 86
2 105
2 126
2 128
2 148
2 155
2 180
2 206
2 216
2 222
2 224
2 237
2 305
2 315
2 317
2 348
2 359
2 402
2 502
2 594
2 608
2 620
2 654
2 656
2 679
2 697
2 717
2 797
2 810
2 820
2 825
2 838
2 857
2 900
2 955
2 1018
2 1029
2 1068
2 1077
2 1135
2 1171
2 1176
2 1200
2 1297
2 1307
2 1318
2 1330
2 1377
2 1379
2 1386
2 1445
2 1519
2 1537
2 1545
2 1549
2 1556
2 1608
2 1762
2 1782
2 1783
2 1795
2 1853
2 1981
2 2084
2 2095
2 2219
2 2222
2 2320
2 2385
2 2436
2 2490
2 2507
2 2562
2 2584
2 2628
2 2670
2 2680
2 2871
2 2986
2 3008
2 3156
2 3210
2 3228
2 3303
2 3306
2 3387
2 3474
2 3520
2 3592
2 3625
2 3674
2 3685
2 3733
2 3759
2 3762
2 3786
2 3822
2 3823
2 3837
2 3930
2 3947
2 3989
2 4056
2 4072
2 4208
2 4243
2 4366
2 4405
2 4431
2 4445
2 4447
2 4492
2 4503
2 4596
2 4721
2 4724
2 4761
2 4768
2 4841
3 4
3 22
3 36
3 50
3 57
3 62
3 74
3 85
3 88
3 91
3 94
3 112
3 117
3 123
3 141
3 158
3 169
3 180
3 197
3 198
3 229
3 249
3 262
3 294
3 310
3 336
3 343
3 352
3 382
3 383
3 404
3 426
3 443
3 474
3 536
3 578
3 606
3 637
3 646
3 690
3 765
3 779
3 913
3 940
3 946
3 1004
3 1038
3 1040
3 1131
3 1260
3 1290
3 1308
3 1331
3 1389
3 1406
3 1462
3 1492
3 1796
3 1898
3 1904
3 1951
3 1956
3 2040
3 2104
3 2129
3 2487
3 2506
3 2524
3 2525
3 2552
3 2560
3 2779
3 2908
3 2972
3 2993
3 3109
3 3198
3 3245
3 3256
3 3270
3 3443
3 3455
3 3518
3 3561
3 3836
3 3837
3 3846
3 3850
3 3936
3 3962
3 4128
3 4165
3 4712
3 4759
4 5
4 8
4 10
4 16
4 18
4 24
4 25
4 29
4 31
4 32
4 34
4 37
4 49
4 51
4 53
4 58
4 68
4 77
4 78
4 89
4 92
4 102
4 104
4 108
4 113
4 120
4 124
4 126
4 129
4 151
4 153
4 154
4 162
4 166
4 167
4 177
4 184
4 190
4 194
4 197
4 204
4 205
4 242
4 265
4 268
4 271
4 273
4 299
4 343
4 355
4 367
4 401
4 411
4 431
4 457
4 461
4 462
4 463
4 481
4 615
4 651
4 688
4 722
4 775
4 776
4 784
4 785
4 789
4 814
4 884
4 945
4 1043
4 1080
4 1096
4 1101
4 1116
4 1141
4 1160
4 1188
4 1203
4 1251
4 1275
4 1296
4 1360
4 1399
4 1406
4 1410
4 1416
4 1450
4 1501
4 1516
4 1696
4 1721
4 1754
4 1873
4 1876
4 1923
4 1939
4 1948
4 1988
4 2079
4 2103
4 2126
4 2175
4 2178
4 2208
4 2245
4 2323
4 2389
4 2414
4 2443
4 2481
4 2542
4 2543
4 2545
4 2630
4 2635
4 2676
4 2696
4 2710
4 2726
4 2792
4 2837
4 2912
4 2958
4 2969
4 3088
4 3096
4 3160
4 3164
4 3200
4 3208
4 3292
4 3391
4 3449
4 3544
4 3604
4 3616
4 3622
4 3666
4 3690
4 3774
4 3786
4 3871
4 3935
4 3997
4 4033
4 4072
4 4354
4 4402
4 4470
4 4490
4 4608
4 4649
4 4651
4 4746
4 4783
4 4828
4 4861
5 6
5 7
5 8
5 9
5 19
5 26
5 27
5 35
5 37
5 46
5 61
5 63
5 76
5 88
5 106
5 120
5 121
5 161
5 165
5 176
5 203
5 224
5 228
5 231
5 290
5 315
5 393
5 491
5 499
5 503
5 608
5 771
5 773
5 813
5 818
5 837
5 862
5 872
5 878
5 880
5 884
5 983
5 1043
5 1086
5 1093
5 1111
5 1148
5 1154
5 1178
5 1199
5 1203
5 1248
5 1260
5 1285
5 1320
5 1366
5 1422
5 1494
5 1504
5 1598
5 1693
5 1703
5 1757
5 1817
5 1855
5 1913
5 1915
5 1916
5 1980
5 2096
5 2298
5 2424
5 2589
5 2671
5 2677
5 2715
5 2884
5 2976
5 2995
5 3263
5 3295
5 3379
5 3954
5 4029
5 4081
5 4088
5 4242
5 4423
5 4485
5 4523
5 4543
5 4703
5 4800
5 4814
5 4837
5 4872
6 8
6 9
6 11
6 14
6 16
6 18
6 25
6 35
6 40
6 60
6 63
6 79
6 84
6 109
6 110
6 111
6 118
6 121
6 125
6 138
6 140
6 141
6 144
6 150
6 154
6 195
6 196
6 198
6 213
6 250
6 331
6 353
6 362
6 391
6 479
6 527
6 562
6 579
6 585
6 587
6 589
6 594
6 609
6 640
6 668
6 672
6 685
6 706
6 714
6 722
6 734
6 776
6 807
6 872
6 1008
6 1011
6 1015
6 1065
6 1079
6 1092
6 1098
6 1107
6 1109
6 1138
6 1162
6 1190
6 1211
6 1233
6 1235
6 1257
6 1263
6 1455
6 1465
6 1522
6 1600
6 1635
6 1692
6 1728
6 1731
6 1774
6 1793
6 1841
6 1848
6 1856
6 1938
6 1989
6 2047
6 2080
6 2147
6 2152
6 2187
6 2188
6 2242
6 2244
6 2346
6 2425
6 2551
6 2716
6 2721
6 2785
6 2867
6 2882
6 3038
6 3082
6 3192
6 3234
6 3357
6 3377
6 3384
6 3432
6 3503
6 3529
6 3641
6 3799
6 3839
6 3906
6 4017
6 4037
6 4121
6 4177
6 4206
6 4228
6 4346
6 4418
6 4429
6 4525
6 4661
6 4832
6 4951
7 10
7 15
7 24
7 30
7 41
7 46
7 47
7 51
7 57
7 58
7 62
7 63
7 71
7 73
7 74
7 99
7 110
7 111
7 136
7 143
7 152
7 156
7 179
7 208
7 221
7 243
7 254
7 255
7 267
7 301
7 302
7 307
7 322
7 337
7 348
7 399
7 421
7 434
7 463
7 471
7 473
7 483
7 501
7 587
7 623
7 666
7 672
7 673
7 677
7 681
7 773
7 777
7 797
7 854
7 861
7 919
7 927
7 929
7 989
7 1082
7 1099
7 1125
7 1131
7 1221
7 1268
7 1319
7 1500
7 1530
7 1627
7 1673
7 1766
7 1770
7 1784
7 1836
7 1873
7 1903
7 1985
7 1988
7 2038
7 2185
7 2195
7 2263
7 2354
7 2417
7 2461
7 2495
7 2522
7 2814
7 2824
7 2910
7 2968
7 3018
7 3054
7 3077
7 3178
7 3195
7 3246
7 3304
7 3367
7 3421
7 3469
7 3557
7 3650
7 3681
7 3768
7 3775
7 3793
7 3819
7 4092
7 4239
7 4305
7 4475
7 4514
7 4803
7 4842
7 4859
8 9
8 11
8 13
8 18
8 25
8 31
8 36
8 96
8 133
8 161
8 167
8 174
8 188
8 189
8 194
8 227
8 231
8 259
8 277
8 285
8 286
8 309
8 343
8 345
8 366
8 410
8 455
8 492
8 551
8 568
8 624
8 629
8 641
8 678
8 697
8 736
8 745
8 953
8 959
8 960
8 1004
8 1014
8 1130
8 1151
8 1223
8 1300
8 1335
8 1345
8 1408
8 1480
8 1517
8 1539
8 1687
8 1722
8 1746
8 1806
8 1811
8 1884
8 2155
8 2185
8 2354
8 2359
8 2407
8 2515
8 2558
8 2579
8 2769
8 2956
8 3035
8 3264
8 3420
8 3518
8 3683
8 3694
8 3857
8 3915
8 3962
8 4004
8 4086
8 4287
8 4399
8 4605
8 4686
8 4753
8 4886
9 15
9 21
9 43
9 50
9 104
9 105
9 127
9 132
9 146
9 228
9 230
9 336
9 349
9 436
9 456
9 468
9 496
9 596
9 633
9 680
9 693
9 839
9 947
9 994
9 1057
9 1149
9 1159
9 1507
9 1589
9 1723
9 1737
9 1846
9 1878
9 1966
9 2038
9 2110
9 2156
9 2292
9 2523
9 2590
9 2662
9 2696
9 2956
9 3191
9 3202
9 3309
9 3314
9 3400
9 3620
9 3708
9 3753
9 4018
9 4270
9 4315
9 4554
9 4757
9 4888
10 12
10 13
10 17
10 20
10 21
10 23
10 26
10 33
10 43
10 46
10 47
10 64
10 69
10 70
10 71
10 76
10 77
10 84
10 94
10 122
10 125
10 134
10 147
10 150
10 158
10 171
10 175
10 206
10 209
10 211
10 222
10 262
10 267
10 273
10 275
10 285
10 290
10 309
10 330
10 332
10 336
10 344
10 381
10 392
10 398
10 441
10 490
10 515
10 545
10 546
10 590
10 611
10 616
10 619
10 621
10 660
10 670
10 671
10 694
10 695
10 745
10 746
10 768
10 777
10 844
10 871
10 880
10 908
10 910
10 931
10 944
10 962
10 993
10 1069
10 1078
10 1089
10 1095
10 1130
10 1135
10 1171
10 1207
10 1213
10 1230
10 1232
10 1286
10 1293
10 1306
10 1375
10 1387
10 1390
10 1420
10 1477
10 1555
10 1560
10 1572
10 1576
10 1658
10 1704
10 1740
10 1778
10 1819
10 1822
10 1862
10 1928
10 1929
10 1949
10 1996
10 2069
10 2123
10 2142
10 2174
10 2176
10 2234
10 2235
10 2237
10 2278
10 2289
10 2327
10 2368
10 2383
10 2420
10 2430
10 2431
10 2477
10 2555
10 2624
10 2642
10 2741
10 2776
10 2891
10 2978
10 2984
10 3001
10 3036
10 3056
10 3084
10 3133
10 3146
10 3203
10 3205
10 3217
10 3231
10 3347
10 3404
10 3405
10 3506
10 3538
10 3735
10 3789
10 3795
10 3800
10 3808
10 3830
10 3901
10 3907
10 3966
10 3997
10 4005
10 4146
10 4149
10 4165
10 4167
10 4253
10 4283
10 4319
10 4336
10 4366
10 4385
10 4392
10 4460
10 4470
10 4478
10 4485
10 4514
10 4770
10 4888
10 4948
11 12
11 17
11 33
11 48
11 67
11 109
11 129
11 135
11 162
11 177
11 200
11 211
11 235
11 293
11 413
11 450
11 553
11 711
11 721
11 843
11 853
11 975
11 1160
11 1258
11 1397
11 1497
11 1607
11 1647
11 2016
11 2033
11 2050
11 2295
11 2555
11 2569
11 2646
11 2690
11 2732
11 3163
11 3279
11 3361
11 3409
11 3570
11 3649
11 3682
11 3778
11 3831
11 3988
11 3989
11 4207
11 4544
12 35
12 38
12 82
12 87
12 116
12 119
12 166
12 186
12 187
12 241
12 242
12 272
12 292
12 420
12 435
12 455
12 658
12 669
12 796
12 874
12 925
12 1069
12 1151
12 1211
12 1270
12 1340
12 1393
12 1537
12 1551
12 1574
12 1709
12 1824
12 2044
12 2266
12 2459
12 2739
12 2809
12 2965
12 3032
12 3778
12 4153
12 4257
12 4272
12 4288
12 4715
12 4826
12 4837
13 20
13 36
13 39
13 41
13 51
13 61
13 81
13 91
13 142
13 158
13 187
13 225
13 258
13 281
13 342
13 344
13 379
13 417
13 482
13 497
13 500
13 504
13 523
13 537
13 713
13 728
13 770
13 968
13 987
13 1122
13 1153
13 1373
13 1395
13 1399
13 1412
13 1419
13 1431
13 1578
13 1626
13 1839
13 1991
13 2026
13 2195
13 2210
13 2230
13 2370
13 2450
13 2625
13 2705
13 2832
13 2933
13 2953
13 3106
13 3140
13 3257
13 3264
13 3391
13 3925
13 4062
13 4071
13 4241
13 4350
13 4465
13 4486
13 4751
13 4886
13 4942
14 28
14 44
14 59
14 80
14 170
14 208
14 218
14 225
14 287
14 403
14 407
14 577
14 598
14 703
14 711
14 862
14 946
14 961
14 1261
14 1294
14 1299
14 1404
14 1470
14 1691
14 1708
14 1791
14 1802
14 2120
14 2128
14 2198
14 2607
14 2684
14 2771
14 2805
14 2927
14 3056
14 3105
14 3404
14 3584
14 3897
14 4026
14 4122
14 4510
14 4640
14 4755
14 4787
14 4808
14 4951
15 195
15 298
15 300
15 311
15 411
15 426
15 557
15 595
15 708
15 839
15 859
15 956
15 1072
15 1176
15 1183
15 1309
15 1368
15 1607
15 1804
15 2025
15 2063
15 2070
15 2110
15 2158
15 2247
15 2313
15 2448
15 2508
15 2748
15 2783
15 3563
15 3754
15 4342
15 4424
15 4627
15 4657
15 4658
16 49
16 79
16 89
16 90
16 95
16 114
16 115
16 137
16 251
16 328
16 473
16 487
16 505
16 516
16 559
16 583
16 667
16 770
16 772
16 873
16 966
16 1023
16 1069
16 1104
16 1128
16 1169
16 1193
16 1215
16 1304
16 1399
16 1412
16 1432
16 1456
16 1514
16 1543
16 1566
16 1694
16 2027
16 2240
16 2412
16 2587
16 2861
16 3050
16 3092
16 3109
16 3110
16 3136
16 3162
16 3363
16 3486
16 3535
16 4570
16 4940
17 19
17 30
17 32
17 34
17 39
17 50
17 52
17 69
17 84
17 85
17 91
17 98
17 113
17 131
17 148
17 160
17 168
17 172
17 176
17 182
17 202
17 212
17 279
17 282
17 334
17 430
17 454
17 509
17 529
17 591
17 592
17 644
17 691
17 712
17 749
17 760
17 761
17 772
17 788
17 861
17 885
17 905
17 937
17 951
17 988
17 990
17 1118
17 1128
17 1145
17 1209
17 1261
17 1276
17 1299
17 1372
17 1472
17 1568
17 1593
17 1628
17 1639
17 1659
17 1672
17 1709
17 1726
17 1770
17 2023
17 2083
17 2084
17 2171
17 2296
17 2372
17 2489
17 2516
17 2536
17 2946
17 2989
17 2998
17 3008
17 3078
17 3229
17 3281
17 3383
17 3522
17 3736
17 3737
17 3755
17 3762
17 3878
17 3884
17 4026
17 4103
17 4107
17 4218
17 4239
17 4277
17 4303
17 4388
17 4503
17 4579
17 4616
17 4679
17 4722
17 4860
17 4884
18 26
18 29
18 31
18 48
18 65
18 85
18 86
18 93
18 100
18 132
18 133
18 139
18 148
18 166
18 168
18 223
18 246
18 291
18 326
18 346
18 361
18 428
18 507
18 620
18 636
18 766
18 797
18 799
18 801
18 826
18 981
18 1049
18 1064
18 1120
18 1143
18 1236
18 1259
18 1283
18 1430
18 1438
18 1441
18 1553
18 1581
18 1622
18 1635
18 1644
18 1655
18 1860
18 1892
18 1953
18 1968
18 2093
18 2167
18 2189
18 2304
18 2305
18 2386
18 2396
18 2429
18 2463
18 2563
18 2634
18 2671
18 2674
18 2784
18 2963
18 3007
18 3056
18 3071
18 3073
18 3082
18 3111
18 3126
18 3470
18 3474
18 3638
18 3728
18 3844
18 3945
18 4115
18 4217
18 4297
18 4300
18 4615
18 4684
18 4689
18 4915
19 20
19 27
19 76
19 78
19 112
19 278
19 409
19 456
19 659
19 828
19 869
19 1210
19 1278
19 1653
19 1864
19 2034
19 2237
19 2255
19 2574
19 2751
19 2962
19 3372
19 3899
19 4821
20 21
20 22
20 23
20 73
20 101
20 144
20 172
20 252
20 261
20 296
20 312
20 442
20 518
20 566
20 694
20 719
20 822
20 916
20 993
20 1036
20 1109
20 1126
20 1250
20 1280
20 1358
20 1550
20 1578
20 1627
20 1674
20 1867
20 1950
20 1973
20 2026
20 2079
20 2432
20 2453
20 2552
20 2729
20 2888
20 3197
20 3266
20 3810
20 3854
20 3977
20 4053
20 4080
20 4086
20 4377
20 4386
20 4443
20 4475
20 4522
20 4908
20 4922
21 95
21 369
21 570
21 1020
21 1434
21 1882
21 2387
21 2444
21 2942
21 3028
21 3458
21 3540
21 4210
21 4836
22 33
22 45
22 55
22 64
22 102
22 122
22 124
22 174
22 193
22 227
22 233
22 276
22 283
22 324
22 334
22 340
22 351
22 377
22 393
22 394
22 447
22 484
22 519
22 565
22 641
22 716
22 720
22 735
22 738
22 791
22 820
22 877
22 1052
22 1080
22 1169
22 1198
22 1223
22 1238
22 1249
22 1282
22 1305
22 1371
22 1405
22 1430
22 1540
22 1620
22 1726
22 1738
22 1930
22 2034
22 2059
22 2120
22 2160
22 2301
22 2385
22 2434
22 2591
22 2699
22 2740
22 2760
22 2771
22 2773
22 3129
22 3243
22 3268
22 3334
22 3347
22 3501
22 3524
22 3596
22 3628
22 3666
22 3714
22 3935
22 4064
22 4103
22 4199
22 4572
22 4666
22 4794
22 4861
22 4903
22 4910
23 53
23 54
23 56
23 62
23 70
23 74
23 101
23 107
23 116
23 123
23 140
23 214
23 217
23 225
23 236
23 249
23 254
23 350
23 399
23 434
23 455
23 489
23 519
23 523
23 549
23 564
23 576
23 601
23 642
23 680
23 695
23 707
23 723
23 755
23 767
23 843
23 911
23 936
23 944
23 1028
23 1063
23 1194
23 1195
23 1231
23 1245
23 1300
23 1323
23 1332
23 1335
23 1343
23 1346
23 1404
23 1449
23 1461
23 1516
23 1588
23 1618
23 1648
23 1750
23 1814
23 1889
23 1890
23 1909
23 1930
23 1946
23 1958
23 1995
23 2020
23 2035
23 2136
23 2209
23 2216
23 2217
23 2325
23 2351
23 2399
23 2413
23 2443
23 2458
23 2631
23 2638
23 2646
23 2773
23 2784
23 2823
23 2922
23 3069
23 3106
23 3261
23 3305
23 3329
23 3336
23 3407
23 3779
23 3818
23 3828
23 3844
23 3880
23 3907
23 4091
23 4119
23 4205
23 4221
23 4319
23 4419
23 4552
23 4610
23 4778
23 4789
23 4937
24 43
24 44
24 45
24 48
24 52
24 59
24 66
24 75
24 88
24 94
24 99
24 102
24 113
24 118
24 150
24 165
24 218
24 241
24 247
24 257
24 300
24 307
24 326
24 337
24 338
24 355
24 360
24 361
24 373
24 374
24 415
24 417
24 424
24 482
24 483
24 501
24 540
24 556
24 567
24 569
24 614
24 621
24 623
24 637
24 650
24 651
24 731
24 738
24 860
24 901
24 1047
24 1097
24 1210
24 1211
24 1239
24 1279
24 1298
24 1332
24 1392
24 1460
24 1474
24 1542
24 1611
24 1635
24 1640
24 1723
24 1729
24 1735
24 1801
24 1804
24 1841
24 2063
24 2094
24 2126
24 2162
24 2184
24 2212
24 2227
24 2417
24 2638
24 2650
24 2654
24 2727
24 2848
24 2884
24 2895
24 2914
24 2936
24 2942
24 2992
24 3047
24 3058
24 3215
24 3218
24 3341
24 3430
24 3441
24 3456
24 3465
24 3482
24 3532
24 3571
24 3623
24 3629
24 3667
24 3737
24 3858
24 3892
24 3902
24 3948
24 3979
24 4145
24 4230
24 4367
24 4472
24 4559
24 4564
24 4575
24 4619
24 4672
24 4842
24 4899
24 4934
25 28
25 67
25 68
25 79
25 93
25 107
25 152
25 176
25 179
25 183
25 210
25 302
25 378
25 389
25 390
25 465
25 488
25 514
25 530
25 571
25 629
25 748
25 805
25 846
25 947
25 958
25 983
25 992
25 1015
25 1114
25 1167
25 1286
25 1439
25 1508
25 1790
25 2074
25 2121
25 2236
25 2256
25 2500
25 3207
25 3320
25 3327
25 3345
25 3375
25 3658
25 3741
25 3917
25 4080
25 4136
25 4511
25 4689
25 4931
26 52
26 59
26 115
26 131
26 181
26 272
26 390
26 600
26 743
26 1233
26 1708
26 1757
26 1833
26 1944
26 1952
26 2639
26 3252
26 3317
26 3363
26 3467
27 30
27 34
27 72
27 92
27 95
27 169
27 186
27 192
27 201
27 259
27 260
27 272
27 306
27 338
27 385
27 558
27 559
27 563
27 604
27 607
27 670
27 828
27 842
27 888
27 942
27 1010
27 1059
27 1132
27 1185
27 1295
27 1321
27 1383
27 1532
27 1541
27 1589
27 1600
27 1680
27 1835
27 1900
27 1947
27 2133
27 2248
27 2449
27 2460
27 2571
27 2600
27 2653
27 2742
27 2777
27 2783
27 3103
27 3173
27 3181
27 3845
27 4466
27 4695
27 4801
28 66
28 130
28 135
28 347
28 436
28 445
28 618
28 733
28 784
28 892
28 917
28 923
28 1044
28 1147
28 1376
28 1391
28 1515
28 1604
28 1836
28 1921
28 2210
28 2661
28 2966
28 2967
28 3230
28 3305
28 3553
28 3720
28 4189
28 4479
29 38
29 340
29 575
29 623
29 631
29 751
29 885
29 926
29 1105
29 1148
29 1271
29 1451
29 1452
29 1986
29 2037
29 2160
29 2161
29 2282
29 2714
29 3115
29 3660
29 3949
29 3972
29 4122
29 4131
29 4220
29 4252
29 4263
29 4309
29 4812
30 100
30 153
30 1301
30 1546
30 1715
30 3219
30 3825
30 4280
31 44
31 96
31 155
31 228
31 274
31 376
31 379
31 392
31 529
31 575
31 629
31 772
31 934
31 1086
31 1087
31 1195
31 1244
31 1571
31 1705
31 1792
31 2226
31 2231
31 2277
31 2447
31 2498
31 2540
31 2567
31 2679
31 2774
31 3221
31 3310
31 3385
31 3563
31 3712
31 3721
31 3834
31 4416
31 4434
32 39
32 221
32 245
32 416
32 1091
32 1277
32 1980
32 2518
32 2665
32 2922
32 2938
32 3009
32 4340
33 42
33 53
33 99
33 170
33 286
33 416
33 425
33 499
33 569
33 605
33 625
33 705
33 834
33 845
33 970
33 1051
33 1179
33 1240
33 1711
33 1982
33 2016
33 2054
33 2096
33 2363
33 2472
33 2479
33 2485
33 2658
33 2898
33 2949
33 3122
33 3447
33 3729
33 3961
33 4168
33 4296
33 4303
33 4648
33 4727
33 4856
33 4949
34 57
34 72
34 259
34 333
34 440
34 464
34 573
34 698
34 741
34 1003
34 1029
34 1176
34 1273
34 1900
34 2138
34 2215
34 2295
34 2397
34 2426
34 2522
34 2790
34 2982
34 3692
34 4136
34 4358
35 40
35 42
35 58
35 70
35 82
35 97
35 109
35 199
35 284
35 293
35 304
35 323
35 380
35 381
35 387
35 395
35 474
35 519
35 580
35 652
35 754
35 787
35 821
35 854
35 953
35 996
35 1028
35 1144
35 1352
35 1362
35 1461
35 1841
35 1996
35 2170
35 2319
35 2667
35 3045
35 3176
35 3349
35 3604
35 3845
35 4276
35 4328
35 4329
36 543
36 1292
36 1311
36 1566
36 1670
36 2607
36 3521
36 4479
37 69
37 161
37 214
37 250
37 552
37 710
37 780
37 836
37 848
37 1819
37 1882
37 1935
37 3310
37 3778
37 4030
37 4109
37 4518
37 4917
38 90
38 104
38 124
38 137
38 182
38 190
38 202
38 219
38 247
38 281
38 386
38 437
38 511
38 525
38 622
38 631
38 734
38 767
38 899
38 926
38 1032
38 1120
38 1139
38 1150
38 1153
38 1170
38 1303
38 1398
38 1421
38 1469
38 1583
38 1600
38 1666
38 1790
38 1970
38 2005
38 2021
38 2040
38 2080
38 2200
38 2368
38 2412
38 2457
38 2548
38 2567
38 2701
38 2819
38 3209
38 3833
38 3952
38 4018
38 4060
38 4258
38 4471
38 4535
39 105
39 147
39 159
39 218
39 253
39 289
39 297
39 382
39 562
39 815
39 991
39 1071
39 1084
39 1338
39 1437
39 1632
39 1690
39 1818
39 2278
39 2540
39 2668
39 2981
39 3059
39 3103
39 3212
39 3637
39 3655
39 3752
39 4247
39 4707
40 54
40 83
40 108
40 127
40 151
40 241
40 260
40 269
40 948
40 1019
40 1057
40 1101
40 1515
40 1974
40 2151
40 2193
40 2258
40 2407
40 2468
40 2706
40 2817
40 2829
40 2911
40 3216
40 3362
40 3372
40 3780
40 4194
40 4298
40 4328
40 4366
40 4462
40 4742
41 54
41 60
41 146
41 165
41 171
41 175
41 408
41 490
41 506
41 742
41 977
41 998
41 1314
41 1318
41 1487
41 1983
41 2007
41 2164
41 2182
41 2670
41 2864
41 3213
41 3301
41 3562
41 3931
41 4000
41 4012
41 4070
41 4775
42 87
42 92
42 178
42 381
42 562
42 600
42 1042
42 1230
42 1620
42 2217
42 2358
42 2492
42 2731
42 2807
42 3017
42 3700
42 3776
42 4463
42 4636
43 170
43 184
43 187
43 511
43 883
43 1102
43 2405
43 2778
45 103
45 107
45 252
45 275
45 297
45 719
45 1095
45 1106
45 1192
45 1364
45 2300
45 2461
45 2532
45 2669
45 3453
45 3467
45 3633
45 4692
46 101
46 137
46 235
46 255
46 572
46 617
46 692
46 973
46 974
46 1180
46 1241
46 1432
46 1713
46 2112
46 2125
46 2572
46 2633
46 3622
46 4224
46 4227
46 4256
46 4273
46 4407
46 4425
46 4539
46 4578
46 4779
47 226
47 236
47 238
47 414
47 549
47 765
47 803
47 1188
47 1250
47 1290
47 1595
47 2095
47 2604
47 2728
47 3121
47 3393
47 3534
47 3862
47 4223
47 4342
47 4612
48 97
48 98
48 100
48 410
48 551
48 835
48 1327
48 1488
48 1580
48 1825
48 1847
48 2115
48 2368
48 2830
48 3049
48 3373
48 3823
48 4859
49 108
49 367
49 372
49 401
49 1026
49 1157
49 2140
49 2301
49 2537
49 2604
49 3280
49 3420
49 4045
50 433
50 756
50 833
50 1022
50 1817
50 2725
50 3541
51 162
51 255
51 291
51 319
51 328
51 493
51 578
51 923
51 1278
51 1349
51 1503
51 1544
51 1552
51 1684
51 2119
51 2355
51 2569
51 3397
51 3644
51 4710
52 61
52 64
52 160
52 179
52 182
52 199
52 287
52 308
52 364
52 378
52 385
52 423
52 428
52 446
52 503
52 527
52 564
52 565
52 933
52 974
52 1008
52 1013
52 1082
52 1108
52 1139
52 1156
52 1326
52 1378
52 1690
52 1753
52 1905
52 1982
52 1998
52 2031
52 2090
52 2252
52 2316
52 2370
52 2371
52 2521
52 2986
52 3130
52 3268
52 3486
52 3595
52 3640
52 3659
52 3843
52 3884
52 3929
52 3955
52 3986
52 4211
52 4308
52 4326
52 4671
52 4726
53 98
53 459
53 557
53 779
53 1253
53 1491
53 1866
53 2289
53 2784
53 4462
54 299
54 312
54 1736
54 1853
54 2032
54 2743
54 3281
54 3446
54 4409
54 4868
55 80
55 149
55 192
55 197
55 215
55 240
55 310
55 442
55 471
55 570
55 630
55 733
55 854
55 865
55 882
55 1117
55 1236
55 1537
55 1665
55 1870
55 1984
55 2111
55 2124
55 2149
55 2207
55 2288
55 2299
55 2750
55 2899
55 2995
55 3033
55 3100
55 3254
55 3409
55 3412
55 3835
55 4151
55 4448
55 4496
56 93
56 128
56 256
56 425
56 447
56 457
56 472
56 544
56 774
56 835
56 1030
56 1181
56 1218
56 1621
56 1790
56 1878
56 1886
56 2061
56 2143
56 2533
56 2806
56 2857
56 2935
56 2985
56 3072
56 3673
56 4115
56 4290
57 141
57 1037
57 1225
57 2434
57 2449
57 3009
57 3330
58 81
58 114
58 203
58 332
58 464
58 502
58 650
58 757
58 817
58 991
58 1313
58 1546
58 1603
58 1816
58 1880
58 2109
58 2457
58 2636
58 2845
58 2877
58 2893
58 3628
58 3740
58 4355
58 4391
58 4921
58 4928
58 4950
59 188
59 195
59 461
59 596
59 614
59 658
59 781
59 981
59 1119
59 1301
59 1772
59 1859
59 1893
59 2137
59 2629
59 3680
59 3876
59 4695
59 4774
59 4817
59 4857
60 66
60 67
60 86
60 128
60 143
60 207
60 279
60 339
60 342
60 541
60 725
60 768
60 904
60 1042
60 1315
60 1506
60 2097
60 2101
60 3135
60 3724
60 4009
60 4369
61 145
61 617
61 924
61 1403
61 1431
61 1505
61 1942
61 3149
62 408
62 606
62 625
62 700
62 882
62 1253
62 1410
62 1572
62 1639
62 2202
62 2389
62 2995
62 3991
62 4361
62 4400
62 4507
63 68
63 87
63 117
63 121
63 134
63 205
63 209
63 232
63 329
63 540
63 687
63 1346
63 2144
63 2179
63 2808
63 3139
63 3224
63 4015
63 4089
63 4127
63 4233
63 4465
63 4569
63 4599
64 81
64 131
64 291
64 307
64 373
64 384
64 397
64 415
64 424
64 593
64 888
64 1056
64 1081
64 1112
64 1443
64 1774
64 1939
64 2057
64 2105
64 2194
64 2644
64 3318
64 3507
64 3618
64 3708
64 3904
64 4321
64 4436
64 4666
64 4729
64 4758
65 186
65 264
65 958
65 2306
65 3456
65 3749
65 4233
66 114
66 193
66 245
66 284
66 331
66 334
66 363
66 554
66 1041
66 1782
66 1824
66 2208
66 3231
66 3852
66 4528
67 226
67 2108
67 2167
67 2241
68 89
68 130
68 545
68 796
68 987
68 1142
68 1200
68 1576
68 2018
68 2352
68 3324
68 3358
68 4250
68 4933
69 345
69 360
69 480
69 545
69 817
69 1034
69 1047
69 1105
69 1445
69 1994
69 2132
69 2201
69 2989
69 3378
69 4456
69 4788
70 73
70 118
70 200
70 249
70 269
70 394
70 429
70 708
70 803
70 891
70 1065
70 1089
70 1276
70 1378
70 1405
70 1651
70 1714
70 1831
70 2153
70 2314
70 2402
70 2765
70 3378
70 3648
70 4027
70 4092
70 4943
70 4953
71 317
71 833
71 878
71 1719
71 2048
72 120
72 133
72 164
72 177
72 223
72 227
72 277
72 378
72 686
72 726
72 1055
72 1091
72 1814
72 1959
72 2039
72 2293
72 2395
72 2931
72 3540
72 3652
72 4043
72 4397
73 75
73 97
73 134
73 155
73 246
73 269
73 318
73 357
73 388
73 411
73 423
73 451
73 452
73 652
73 721
73 744
73 808
73 981
73 1092
73 1140
73 1181
73 1185
73 1367
73 1369
73 1804
73 1914
73 1973
73 2104
73 2186
73 2279
73 2285
73 2291
73 2387
73 2582
73 2975
73 3098
73 3255
73 3375
73 3526
73 3551
73 3581
73 3748
74 822
74 1333
74 3910
75 229
75 330
75 602
75 2082
75 3204
75 4024
76 136
76 185
76 221
76 752
76 890
76 1007
76 1218
76 1235
76 1240
76 1308
76 1650
76 1725
76 1745
76 1840
76 2505
76 2735
76 3471
76 3970
76 4589
76 4590
77 83
77 129
77 242
77 274
77 325
77 341
77 630
77 708
77 761
77 894
77 939
77 999
77 1000
77 1016
77 1039
77 1126
77 1352
77 1436
77 1473
77 1585
77 1674
77 2136
77 2304
77 2358
77 3036
77 3084
77 3144
77 3156
77 3288
77 3464
77 3563
77 3633
77 3667
77 3930
77 3963
77 4240
77 4343
77 4425
77 4437
77 4542
77 4944
78 173
78 191
78 251
78 301
78 318
78 332
78 339
78 522
78 533
78 539
78 582
78 603
78 638
78 653
78 692
78 733
78 781
78 806
78 876
78 902
78 972
78 1139
78 1422
78 1793
78 2003
78 2023
78 2036
78 2132
78 2255
78 2303
78 2310
78 2394
78 2406
78 2448
78 2476
78 2720
78 2740
78 2856
78 2957
78 3166
78 3334
78 3340
78 3382
78 3610
78 3972
78 4727
78 4734
79 266
79 640
79 793
79 4389
80 132
80 138
80 590
80 924
80 962
80 1058
80 1112
80 1260
80 1455
80 1741
80 1801
80 2029
80 2735
80 3120
81 239
81 419
81 520
81 532
81 684
81 1354
81 1439
81 1911
81 2163
81 2831
81 3565
81 4008
81 4900
82 149
82 156
82 184
82 525
82 770
82 806
82 870
82 1032
82 1750
82 1972
82 2029
82 2217
82 2439
82 2820
82 2847
82 2938
82 3003
82 3257
82 3312
82 3463
82 4152
82 4309
82 4597
82 4622
83 135
83 204
83 244
83 248
83 305
83 429
83 515
83 572
83 783
83 794
83 1370
83 1581
83 1658
83 1839
83 2637
83 2697
83 2817
83 2864
83 2875
83 3697
83 3770
83 4379
83 4730
84 159
84 220
84 430
84 447
84 468
84 619
84 769
84 882
84 1240
84 1521
84 1531
84 1783
84 2376
84 2940
84 3020
84 3508
84 3607
84 3657
84 3769
85 145
85 290
85 333
85 683
85 1001
85 1010
85 1234
85 1408
85 1455
85 1468
85 1833
85 2173
85 2253
85 2268
85 2352
85 2629
85 2676
85 2771
85 2951
85 3041
85 3775
85 3971
85 4093
85 4238
85 4734
86 142
86 156
86 196
86 289
86 527
86 594
86 635
86 637
86 818
86 956
86 1018
86 1084
86 1330
86 1888
86 2799
86 3059
86 3903
86 4144
86 4797
87 143
87 157
87 253
87 358
87 386
87 509
87 1059
87 1182
87 2014
87 2015
87 2232
87 2235
87 3060
87 4657
88 534
88 724
88 1004
88 1065
88 1068
88 1331
88 1385
88 1560
88 1767
88 1809
88 2014
88 2374
88 2602
88 2682
88 3680
89 175
89 256
89 316
89 352
89 437
89 443
89 481
89 818
89 949
89 1035
89 1191
89 1198
89 1350
89 1606
89 2212
89 3267
89 3747
89 3908
89 4310
90 103
90 106
90 147
90 168
90 286
90 313
90 524
90 526
90 587
90 630
90 632
90 652
90 658
90 742
90 895
90 952
90 1164
90 1599
90 1664
90 1720
90 1991
90 2012
90 2432
90 2590
90 2689
90 2710
90 2992
90 3000
90 3003
90 3284
90 3729
90 4004
90 4382
90 4414
90 4458
90 4476
91 110
91 112
91 127
91 145
91 280
91 314
91 458
91 517
91 1326
91 1748
91 2754
91 3398
92 304
92 375
92 1687
92 1936
92 3323
93 139
93 456
93 934
93 1398
93 1499
93 1890
93 1940
93 2191
93 2214
93 2657
93 2762
93 3702
93 3792
93 3911
93 4077
94 372
94 391
94 399
94 1548
94 2832
94 3494
95 219
95 1566
95 1838
95 1990
95 2114
95 2118
95 2168
95 3526
95 3530
95 3748
95 4140
95 4740
96 982
96 1026
96 3001
96 3126
97 459
97 1237
97 2299
98 700
98 844
98 1580
98 1728
98 1781
98 2561
98 3066
98 3783
99 1259
99 1918
99 2504
99 3164
99 4242
100 126
100 146
100 199
100 203
100 238
100 252
100 278
100 311
100 324
100 369
100 383
100 446
100 448
100 450
100 476
100 564
100 585
100 717
100 739
100 808
100 828
100 889
100 1124
100 1137
100 1219
100 1353
100 1419
100 1454
100 1813
100 1817
100 1977
100 2002
100 2259
100 2261
100 2359
100 2482
100 2537
100 2751
100 2782
100 2854
100 2859
100 3035
100 3226
100 3298
100 3327
100 3444
100 3659
100 3726
100 4148
100 4362
100 4562
100 4582
100 4757
101 122
101 151
101 404
101 661
101 665
101 847
101 1054
101 1131
101 1328
101 1688
101 1725
101 1856
101 2084
101 2404
101 3427
101 3574
102 119
102 440
102 657
102 685
102 2698
102 3985
102 4275
102 4444
103 115
103 169
103 171
103 244
103 546
103 869
103 1247
103 1583
103 1849
103 2213
103 2593
103 2776
103 2849
103 2899
103 3051
103 3238
103 4147
103 4482
103 4790
104 142
104 198
104 224
104 234
104 266
104 280
104 305
104 561
104 602
104 812
104 879
104 961
104 1117
104 1155
104 1183
104 1722
104 1743
104 1827
104 2006
104 2517
104 2633
104 2768
104 2782
104 3450
104 4489
104 4599
104 4768
105 106
105 116
105 159
105 180
105 205
105 206
105 278
105 574
105 691
105 893
105 1115
105 1202
105 1224
105 1385
105 1396
105 1565
105 1854
105 1924
105 2099
105 3261
105 3497
105 3594
105 3850
105 3853
105 3949
105 4087
105 4547
105 4704
105 4728
105 4864
105 4875
106 397
106 478
106 489
106 515
106 610
106 1070
106 1145
106 1287
106 1389
106 1701
106 1774
106 1934
106 2149
106 2554
107 1912
107 2609
107 2690
107 4322
108 1033
108 1496
108 1615
108 2017
108 2138
108 2609
108 3532
108 3813
108 3990
108 4583
108 4934
109 111
109 200
109 247
109 331
109 494
109 537
109 632
109 714
109 2723
109 2741
109 2858
109 2860
109 2965
109 4286
109 4543
110 125
110 196
110 232
110 254
110 308
110 351
110 462
110 595
110 857
110 1244
110 1355
110 1571
110 1896
110 2117
110 2172
110 3236
110 3416
110 4067
110 4215
110 4864
111 117
111 283
111 287
111 365
111 482
111 521
111 542
111 599
111 643
111 728
111 736
111 794
111 812
111 934
111 1141
111 1165
111 1195
111 1570
111 1727
111 1776
111 1872
111 1888
111 1922
111 2022
111 2414
111 2815
111 3304
111 3609
111 3887
111 4046
111 4256
111 4383
111 4686
111 4715
112 188
112 265
112 359
112 445
112 573
112 1291
112 1424
112 1428
112 1481
112 1641
112 1765
112 1964
112 3630
112 4052
112 4445
112 4476
112 4735
113 830
113 1003
113 2123
113 2772
113 3668
113 4109
113 4574
114 163
114 358
114 406
114 436
114 450
114 505
114 512
114 829
114 849
114 1024
114 1466
114 1609
114 1955
114 2070
114 2086
114 2865
114 3429
114 3441
115 371
115 598
115 612
115 734
115 960
115 1294
115 1536
115 1569
115 1649
115 1744
115 1760
115 2526
115 2576
115 2688
115 2855
115 3080
115 3107
115 3742
115 4842
115 4945
116 217
116 419
116 1208
116 1921
116 2770
116 3055
116 3403
116 4028
116 4194
117 192
117 296
117 1769
117 2054
117 2601
117 2972
117 3749
117 4930
118 144
118 219
118 1415
118 1634
118 1733
118 1783
118 3614
119 190
119 210
119 243
119 268
119 275
119 323
119 384
119 670
119 826
119 977
119 1025
119 1188
119 1358
119 1575
119 1633
119 1860
119 1890
119 1911
119 1924
119 2022
119 2203
119 2274
119 2323
119 2356
119 2714
119 2817
119 3488
119 3616
119 3683
119 3886
119 4088
119 4936
120 211
120 243
120 257
120 1036
120 1477
120 1837
120 4707
121 356
121 463
121 1079
121 1489
121 1618
121 2798
121 4022
121 4314
121 4347
121 4419
121 4561
122 164
122 311
122 792
122 900
122 1222
122 1311
122 1931
122 2031
122 2491
122 2795
122 2822
122 3085
122 3272
122 3787
122 3788
122 3909
123 173
123 191
123 301
123 357
123 549
123 1180
123 1877
123 1974
123 2471
123 2779
123 3234
124 258
124 327
124 353
124 566
124 922
124 939
124 966
124 1557
124 1874
124 1887
124 2617
124 3099
124 3583
124 3921
124 4224
124 4228
125 234
125 387
125 607
125 1965
125 2021
125 3118
125 3636
125 3821
125 4070
126 246
126 407
126 445
126 554
126 591
126 876
126 1029
126 1145
126 1328
126 1881
126 2049
126 3386
126 3559
126 3802
126 4030
127 136
127 140
127 222
127 389
127 400
127 496
127 1027
127 1213
127 1467
127 1476
127 1494
127 1656
127 1682
127 2009
127 2385
127 2591
127 2722
127 3047
127 3118
127 3160
127 3296
127 4415
127 4637
127 4907
128 232
128 346
128 423
128 571
128 864
128 879
128 982
128 1006
128 1492
128 2159
128 2681
128 3284
129 157
129 579
129 597
129 871
129 1158
129 1642
129 1794
129 2520
129 4209
129 4543
129 4694
130 261
130 295
130 376
130 738
130 1991
130 2619
130 3815
130 4158
131 526
131 655
131 1121
131 1438
131 1777
131 2077
131 2322
131 3317
132 157
132 189
132 335
132 369
132 492
132 521
132 523
132 686
132 848
132 1006
132 1172
132 1238
132 1374
132 1616
132 2039
132 2762
132 3309
132 3376
132 3864
132 4297
133 138
133 139
133 521
133 560
133 1356
133 1999
133 2332
133 3546
133 3642
134 153
134 181
134 342
134 433
134 458
134 480
134 706
134 829
134 938
134 1100
134 1371
134 1446
134 1536
134 2667
134 2988
134 3174
134 3419
134 3512
134 3859
134 3973
134 4576
134 4903
135 229
135 270
135 327
135 348
135 783
135 856
135 915
135 947
135 1462
135 2356
135 2391
135 2905
135 3034
135 3438
135 3493
136 183
136 341
136 379
136 500
136 502
136 715
136 902
136 909
136 2474
136 2486
136 2910
136 2928
136 2947
136 2958
136 3008
136 3117
136 3220
136 3287
136 3399
136 3877
136 3983
136 4803
137 264
137 1156
137 2194
137 2515
138 189
138 204
138 265
138 513
138 577
138 591
138 870
138 1604
138 2066
138 4021
139 239
139 248
139 428
139 556
139 718
139 725
139 751
139 1164
139 1248
139 1256
139 1369
139 1434
139 1518
139 1563
139 1572
139 1689
139 1737
139 1898
139 1976
139 2050
139 2159
139 2343
139 2554
139 2611
139 2630
139 2797
139 2809
139 2936
139 3055
139 4000
139 4830
139 4869
140 163
140 811
140 1941
140 2700
140 2934
140 4213
140 4691
141 467
141 801
141 943
141 980
141 4034
141 4093
142 173
142 282
142 392
142 510
142 540
142 778
142 813
142 867
142 1201
142 1297
142 1334
142 1505
142 2928
142 4403
142 4825
143 448
143 486
143 1807
143 2065
143 2175
143 3763
143 3978
144 183
144 258
144 739
144 851
144 1785
144 1824
144 2054
144 2284
144 3015
144 3237
144 4298
144 4817
145 506
145 662
145 1215
145 1411
145 1503
145 1533
145 1960
145 2287
145 2439
145 2648
145 3556
145 3788
145 4558
145 4890
146 344
146 405
146 568
146 1013
146 1108
146 1472
146 1954
146 3079
146 3856
146 4214
146 4693
147 163
147 213
147 350
147 457
147 551
147 656
147 666
147 667
147 712
147 1063
147 1365
147 1685
147 2249
147 2372
147 2519
147 2652
147 2706
147 2900
147 2919
147 3075
147 3273
147 3333
147 3383
147 3898
147 4030
147 4432
147 4616
148 731
148 1772
148 1787
148 2339
148 2474
148 4057
148 4241
148 4509
148 4628
149 248
149 282
149 297
149 306
149 1432
149 1604
149 1702
149 2238
149 2240
149 2754
149 2991
149 3519
149 3608
149 3716
149 3824
149 3883
149 3907
150 350
150 391
150 446
150 454
150 476
150 626
150 859
150 1304
150 1309
150 1983
150 2034
150 2423
150 3085
150 3452
150 4380
150 4948
151 262
151 386
151 759
151 1027
151 1070
151 1273
151 2179
151 2213
151 2534
151 2577
151 2981
151 3282
151 3295
151 3525
151 3824
151 3996
151 4553
151 4578
152 207
152 217
152 256
152 364
152 955
152 1252
152 1398
152 1631
152 2400
152 2415
152 2852
152 4303
152 4665
153 267
153 298
153 317
153 730
153 755
153 1557
153 1695
153 1809
153 2008
153 2150
153 2286
153 2465
153 3259
153 3269
153 3955
153 4647
154 160
154 202
154 667
154 1601
154 1681
154 2154
154 2954
154 3571
154 4058
154 4423
155 409
155 958
155 1510
155 2423
155 2758
155 2845
155 3516
155 3541
155 3953
155 4104
155 4635
155 4701
156 292
156 364
156 405
156 762
156 895
156 1023
156 1220
156 1333
156 1370
156 2422
156 2560
156 2722
156 2879
156 2901
156 2948
156 3044
156 3491
156 3539
156 3757
156 3912
156 4007
156 4341
156 4866
156 4944
157 167
157 324
157 905
157 1162
157 1225
157 1586
157 1619
157 1869
157 2051
157 2162
157 2200
157 2697
157 2713
157 3152
157 3777
157 4397
157 4772
157 4809
157 4831
158 164
158 178
158 253
158 271
158 279
158 335
158 512
158 550
158 586
158 597
158 845
158 853
158 944
158 945
158 1108
158 1127
158 1335
158 1625
158 1826
158 1880
158 1932
158 2073
158 2096
158 2473
158 2524
158 2547
158 2616
158 2727
158 2833
158 3091
158 3137
158 3574
158 3803
158 4497
158 4620
159 178
159 185
159 285
159 308
159 661
159 666
159 719
159 1146
159 1168
159 1307
159 1395
159 1418
159 1829
159 1879
159 1967
159 2197
159 2319
159 2395
159 2538
159 3632
159 3914
159 4375
159 4384
159 4596
159 4617
159 4845
160 185
160 191
160 550
160 804
160 893
160 906
160 1075
160 1542
160 2136
160 2953
160 4374
160 4662
160 4785
161 174
161 933
161 1452
161 2028
161 2089
161 2736
161 2930
161 3878
161 4875
162 194
162 528
162 891
162 1144
162 1192
162 2023
162 2110
162 2509
162 2938
162 3184
162 3272
162 3297
162 3782
162 4401
163 215
163 277
163 362
163 368
163 511
163 610
163 824
163 1129
163 1172
163 1198
163 1294
163 1316
163 1343
163 1493
163 2185
163 3138
163 3513
163 3677
163 4548
163 4776
164 543
164 645
164 932
164 954
164 1134
164 1180
164 1886
164 2469
164 3097
164 3147
164 3154
164 3488
164 3631
164 4213
164 4505
164 4621
164 4713
164 4795
165 328
165 362
165 432
165 536
165 859
165 1054
165 1187
165 1697
165 2704
165 2850
165 3193
165 3620
165 3661
165 4267
165 4287
165 4391
165 4498
165 4652
166 560
166 1562
166 2204
166 2397
166 2635
166 3196
167 244
167 2047
167 2830
167 3556
168 201
168 208
168 235
168 276
168 316
168 438
168 513
168 589
168 809
168 1219
168 1553
168 1610
168 1786
168 1943
168 2239
168 2497
168 2963
168 3028
168 3176
168 3199
168 3226
168 3679
168 3825
168 4096
168 4378
168 4712
168 4927
169 469
169 613
169 689
169 1283
169 1496
169 1578
169 1989
169 2172
169 2188
169 2450
169 2662
169 3039
169 3902
169 4473
169 4773
170 207
170 209
170 240
170 351
170 377
170 682
170 1287
170 1660
170 2291
170 2525
170 4156
170 4357
170 4518
170 4714
171 172
171 210
171 251
171 335
171 416
171 488
171 534
171 542
171 648
171 858
171 894
171 903
171 997
171 1016
171 1072
171 1165
171 1203
171 1384
171 1393
171 1418
171 1426
171 1464
171 1482
171 2711
171 2806
171 2808
171 2926
171 2943
171 3006
171 3124
171 3159
171 3294
171 3550
171 3895
171 3967
171 3976
171 4161
171 4269
171 4391
171 4448
171 4870
171 4932
172 1204
172 1255
172 2833
172 3313
172 3646
172 4079
173 586
173 946
173 1521
173 1765
173 2932
173 3058
173 3790
173 4398
174 181
174 524
174 536
174 639
174 821
174 907
174 1853
174 2653
174 2757
174 3873
174 4253
175 395
175 553
175 938
175 965
175 1090
175 1104
175 1137
175 1356
175 1647
175 1793
175 2264
175 2327
175 2517
175 2625
175 4229
175 4358
176 4904
177 294
177 575
177 665
177 674
177 721
177 1113
177 2411
177 2473
177 2606
177 3447
177 4048
178 431
178 626
178 725
178 909
178 1171
178 1189
178 1977
178 2387
178 2853
178 2927
178 3024
178 3072
178 3081
178 3186
178 3656
178 3673
178 3846
178 4249
178 4681
178 4731
179 276
179 372
179 609
179 755
179 950
179 1246
179 1498
179 2115
179 2445
179 2599
179 3247
179 3603
179 4226
180 212
180 638
180 1575
180 1741
180 1789
180 2192
180 3534
180 3689
180 4153
180 4163
180 4192
181 371
181 1228
181 1787
181 1875
181 3942
181 4347
181 4629
181 4853
182 465
182 1747
183 732
183 1239
183 2009
183 2145
183 2572
183 2643
183 3076
183 4331
184 907
184 995
184 1425
184 1963
184 3198
184 3289
184 4832
184 4870
185 236
185 388
185 422
185 441
185 813
185 850
185 1150
185 1218
185 1478
185 1735
185 1757
185 1992
185 2056
185 2366
185 4898
186 233
186 333
186 347
186 401
186 425
186 618
186 713
186 724
186 800
186 810
186 851
186 943
186 965
186 1052
186 1491
186 1594
186 1770
186 1871
186 2063
186 2143
186 2344
186 2620
186 2669
186 2675
186 2855
186 3067
186 3431
186 3632
186 3707
186 4200
186 4359
186 4669
186 4850
187 231
187 322
187 396
187 532
187 607
187 838
187 1025
187 1178
187 1382
187 1407
187 1483
187 1706
187 2152
187 2390
187 2538
187 2684
187 2713
187 2870
187 2921
187 3002
187 3290
187 4131
188 303
188 327
188 453
188 522
188 1040
188 1344
188 1525
188 1613
188 1798
188 1963
188 4761
189 312
189 430
189 437
189 458
189 555
189 584
189 588
189 615
189 701
189 863
189 866
189 879
189 997
189 1103
189 1320
189 1386
189 1515
189 1869
189 1997
189 2438
189 2530
189 2822
189 2890
189 3605
189 4271
189 4354
190 201
190 441
190 1161
190 1490
190 1949
190 2923
190 4834
191 778
191 1005
191 1663
191 2040
191 3284
192 735
192 889
192 1292
192 1425
192 1732
192 3127
193 230
193 250
193 257
193 340
193 385
193 516
193 643
193 822
193 917
193 1272
193 1284
193 1322
193 1414
193 1656
193 2069
193 2130
193 2195
193 2435
193 2618
193 2746
193 2843
193 2942
193 3672
193 4056
193 4123
193 4279
193 4390
193 4684
193 4690
193 4907
194 216
194 239
194 264
194 316
194 538
194 574
194 1048
194 1191
194 1415
194 1917
194 1937
194 1997
194 2032
194 2074
194 2554
194 2813
194 3247
194 3331
194 3492
195 284
195 466
195 1773
195 1889
195 3437
195 4310
196 451
196 462
196 1064
196 1528
196 1784
196 1885
196 2031
196 2733
196 3311
196 4381
196 4593
196 4840
197 212
197 215
197 230
197 245
197 263
197 268
197 326
197 345
197 460
197 704
197 891
197 901
197 1031
197 1040
197 1066
197 1077
197 1275
197 1402
197 1449
197 1486
197 1511
197 1634
197 1732
197 1763
197 2455
197 2661
197 2673
197 2682
197 2690
197 2837
197 3021
197 3443
197 3546
197 3548
197 3553
197 3766
197 3799
197 4064
197 4084
197 4166
197 4599
197 4780
198 533
198 2686
198 4223
199 599
199 660
199 1672
199 1767
199 1826
199 3484
199 3597
199 4849
200 220
200 487
200 741
200 758
200 1017
200 1272
200 1602
200 1712
200 1861
200 1894
200 2209
200 2310
200 2370
200 3107
200 3111
200 3210
200 3325
200 3485
200 3929
201 443
201 1168
201 1196
201 1751
201 2577
201 2950
202 240
202 439
202 682
202 906
202 1060
202 1478
202 1528
202 1612
202 2548
202 3695
202 4390
203 270
203 434
203 1330
203 1367
203 1404
203 1985
203 1990
203 2377
203 2441
203 2487
203 2966
203 2986
203 3045
203 3275
203 4869
204 469
204 581
204 1163
204 1913
204 2312
204 2459
204 2464
204 3075
204 3186
204 3351
204 3481
204 3653
204 3964
204 4067
204 4325
205 313
205 539
205 582
205 820
205 871
205 1053
205 1810
205 1961
205 2564
205 3259
205 3639
205 3893
206 363
206 404
206 406
206 687
206 1081
206 1451
206 1700
206 2019
206 2043
206 2220
206 2551
206 2998
206 3491
206 3638
206 3693
206 4541
207 220
207 320
207 530
207 599
207 954
207 1504
207 1706
207 2255
207 2265
207 2312
207 2323
207 2491
207 2672
207 2781
207 4930
208 365
208 384
208 568
208 709
208 1279
208 1300
208 2542
208 3270
208 3428
209 213
209 303
209 417
209 484
209 539
209 796
209 984
209 1387
209 1730
209 1743
209 1847
209 4261
209 4926
209 4928
210 338
210 589
210 1075
210 2175
210 2537
210 3325
210 3643
210 4193
211 214
211 237
211 263
211 304
211 508
211 537
211 677
211 713
211 1011
211 1014
211 1568
211 1699
211 1797
211 1913
211 2264
211 2437
211 2490
211 2693
211 2832
211 2905
211 3100
211 3108
211 3238
211 3300
211 3602
211 3713
211 3751
211 4267
212 315
212 407
212 505
212 524
212 605
212 726
212 777
212 800
212 1021
212 1315
212 1339
212 1401
212 1657
212 1829
212 1849
212 1885
212 2093
212 2872
212 3408
212 3515
212 4099
212 4116
212 4249
212 4588
212 4744
212 4911
213 226
213 435
213 510
213 541
213 743
213 1357
213 1769
213 2340
213 2792
213 3030
213 3444
213 3584
213 3639
213 4187
213 4508
213 4683
214 216
214 270
214 288
214 314
214 466
214 912
214 1020
214 1220
214 2539
214 3080
214 4335
214 4664
214 4746
215 261
215 616
215 852
215 860
215 1119
215 2103
215 2141
215 2302
215 2763
215 3941
215 4760
215 4895
216 302
216 2211
216 3412
216 4192
217 459
217 747
217 780
217 1043
217 1070
217 1929
217 3037
217 4098
218 750
218 1304
218 1347
218 1525
218 1664
218 2261
218 3781
218 4435
219 320
219 325
219 349
219 396
219 593
219 718
219 744
219 795
219 890
219 1217
219 1274
219 2207
219 3054
219 3560
220 237
220 1197
220 1698
220 1703
220 1971
220 3838
220 3950
220 4334
220 4670
221 313
221 477
221 546
221 550
221 580
221 748
221 982
221 1303
221 1415
221 1674
221 1755
221 1792
221 2037
221 2102
221 2915
221 3078
221 3552
221 3651
221 4602
222 394
222 1858
222 4163
223 426
223 541
223 1395
223 2416
223 2474
223 3202
223 3418
223 4099
223 4601
224 2578
224 4436
225 758
225 1411
225 1881
225 2389
225 3184
225 3609
226 1382
226 1721
226 1859
226 2373
227 941
227 1558
227 1595
227 4644
228 2167
229 431
229 1155
229 1669
229 1759
229 3025
229 4034
230 397
230 988
230 3700
230 4146
231 429
231 926
231 1716
231 2882
231 3170
231 4308
232 296
232 886
232 2014
232 2680
232 2684
232 4527
233 238
233 380
233 573
233 693
233 788
233 823
233 964
233 1226
233 2012
233 2130
233 2198
233 2416
233 2782
233 2864
233 2985
233 3221
233 3268
233 3477
233 4013
233 4614
234 337
234 413
234 577
234 676
234 726
234 791
234 976
234 1739
234 1813
234 1945
234 2117
234 2144
234 2749
234 3405
234 4534
235 288
235 698
235 971
235 1490
235 2288
235 2742
235 3315
235 3436
236 359
236 412
236 668
236 1003
236 1127
236 1353
236 1489
236 1924
236 2058
236 2291
236 2612
236 2892
236 2907
236 3066
236 3542
237 314
237 354
237 748
237 759
237 986
237 1296
237 2631
237 2707
238 280
238 374
238 560
238 687
238 786
238 911
238 1133
238 1501
238 1640
238 2058
238 2527
238 3700
238 4197
238 4945
239 493
239 2086
240 642
240 720
240 731
240 1577
240 2064
240 3370
240 3521
240 3625
240 4136
240 4275
241 322
241 864
241 978
241 1568
241 1927
241 2333
241 2581
241 3586
241 4346
242 785
242 1408
242 1429
242 1549
242 2225
242 2417
242 2509
243 4655
244 346
244 580
244 634
244 844
244 1193
244 1483
244 1884
244 1999
244 3784
244 3792
244 3897
244 3969
245 354
245 526
245 620
245 2852
245 3079
245 3449
245 3481
245 3810
245 4260
245 4582
245 4643
246 320
246 406
246 439
246 507
246 552
246 702
246 2075
246 2262
246 2469
246 2849
246 3483
246 4147
246 4347
247 358
247 990
247 1206
247 1237
247 1697
247 4232
247 4264
247 4412
248 931
248 1352
248 1371
248 1736
248 1997
248 2959
248 3776
249 405
249 464
249 487
249 520
249 736
249 821
249 1338
249 1444
249 1670
249 1874
249 1876
249 2254
249 2403
249 2619
249 2869
249 2991
249 3068
249 3231
249 3602
249 3836
249 4055
249 4418
250 467
250 532
250 656
250 662
250 1124
250 1329
250 1588
250 1976
250 1999
250 2679
250 2996
250 3952
250 4114
250 4604
250 4623
251 508
251 746
251 971
251 2673
251 2712
251 3282
251 3372
251 3827
251 3881
251 4594
252 294
252 356
252 373
252 468
252 472
252 491
252 756
252 886
252 948
252 964
252 1107
252 1340
252 2424
252 2466
252 2592
252 3023
252 3115
252 3332
252 3345
252 3370
252 3520
252 3884
252 4755
252 4910
254 266
254 274
254 451
254 578
254 975
254 1025
254 1712
254 1854
254 1956
254 2091
254 2305
254 2485
254 2833
254 2968
254 3063
254 3670
254 4533
254 4595
254 4702
255 995
255 1403
255 2107
255 2156
255 2556
255 2857
255 3638
255 3709
255 3859
256 356
256 631
256 1500
256 1533
256 2836
256 2929
256 3034
256 3046
256 3244
256 3487
256 3495
257 271
257 415
257 518
257 718
257 943
257 983
257 1746
257 2642
257 4008
257 4195
257 4468
257 4902
258 299
258 300
258 319
258 329
258 412
258 414
258 469
258 707
258 843
258 886
258 1282
258 1302
258 1394
258 1414
258 1702
258 2564
258 2729
258 2909
258 2945
258 2948
258 3083
258 3103
258 3274
258 3382
258 4012
258 4024
258 4059
258 4178
258 4597
258 4835
259 614
259 847
259 1090
259 3808
259 3821
259 3930
260 283
260 696
260 1285
260 2078
260 2161
260 4119
260 4207
261 263
261 321
261 323
261 514
261 2774
261 2927
262 374
262 444
262 507
262 544
262 547
262 831
262 1753
262 1798
262 1979
262 2309
262 2556
262 3168
262 3587
262 3712
262 4625
263 403
263 1045
263 1050
263 1085
263 1422
263 1705
263 2334
263 2398
263 2820
263 3225
263 3331
263 4155
263 4265
263 4420
263 4469
263 4714
263 4807
264 590
264 1048
264 1519
264 1780
264 1929
264 2791
264 4283
264 4531
265 292
265 371
265 402
265 465
265 552
265 705
265 754
265 775
265 1015
265 1493
265 2126
265 2249
265 2595
265 2640
265 3431
265 3480
265 3548
265 3751
265 3965
265 4585
266 293
266 422
266 486
266 535
266 647
266 654
266 907
266 932
266 964
266 1041
266 1110
266 1209
266 1617
266 1629
266 1750
266 2221
266 2265
266 2384
266 2632
266 2983
266 3252
266 3360
266 3665
266 3705
266 3986
266 4038
266 4113
266 4491
267 963
267 1061
267 4838
268 355
268 365
268 570
268 812
268 1284
268 2423
268 3104
268 3660
268 3735
269 555
269 681
269 711
269 712
269 827
269 866
269 988
269 1039
269 1212
269 1254
269 1267
269 1526
269 1676
269 2082
269 2177
269 2247
269 2649
269 2707
269 2812
269 2857
269 3338
269 3346
269 3834
269 4112
269 4547
270 581
270 924
270 1096
270 1197
270 1748
270 1857
270 1986
270 2494
270 2802
270 2821
270 3523
270 3796
270 3906
270 4344
271 529
271 795
271 962
271 1575
271 1773
271 2242
271 3275
271 4464
272 427
272 925
272 1699
272 1759
272 1960
272 2003
272 2504
272 2770
272 4694
273 281
273 288
273 295
273 717
273 798
273 1135
273 1143
273 1327
273 1426
273 1475
273 1716
273 1803
273 1920
273 2376
273 2561
273 2842
273 3039
273 3326
273 3690
273 3882
273 4198
273 4420
273 4619
273 4668
274 339
274 396
274 402
274 435
274 440
274 650
274 685
274 824
274 1121
274 1125
274 1254
274 1314
274 1372
274 1427
274 1613
274 1762
274 1795
274 1867
274 2333
274 2701
274 3087
274 3182
274 3227
274 3527
274 3947
274 4120
275 555
275 622
275 648
275 710
275 749
275 768
275 885
275 897
275 922
275 1097
275 1266
275 1328
275 1621
275 1642
275 1648
275 1717
275 1886
275 2228
275 2451
275 2493
275 2683
275 2828
275 3007
275 3116
275 3338
275 3396
275 3958
275 3972
275 4209
275 4541
275 4801
275 4893
276 380
276 1291
276 1743
276 3847
276 4214
276 4363
277 3487
278 306
278 376
278 398
278 671
278 673
278 773
278 1735
278 1852
278 1942
278 1974
278 2008
278 2024
278 2039
278 2121
278 2230
278 2573
278 2678
278 2759
278 2769
278 2983
278 3340
278 3928
278 4365
278 4486
278 4582
278 4929
279 460
279 2896
279 3069
279 4525
280 309
280 366
280 370
280 390
280 517
280 598
280 767
280 878
280 954
280 1039
280 1073
280 1148
280 1337
280 1556
280 1590
280 1823
280 1955
280 1961
280 2180
280 3211
280 4591
280 4917
281 370
281 420
281 582
281 1074
281 1140
281 1250
281 1267
281 1547
281 2069
281 2446
281 2527
281 3300
281 3849
281 4015
281 4122
281 4532
281 4705
281 4710
281 4717
282 360
282 419
282 467
282 624
282 753
282 848
282 1982
282 2139
282 2236
282 2484
282 3723
282 4844
283 349
283 948
283 1044
283 1252
283 1588
283 3465
283 3999
284 410
284 438
284 1533
284 1775
284 1825
284 1837
284 2100
284 3473
285 310
285 414
285 442
285 791
285 999
285 1492
285 1865
285 2037
285 2205
285 2351
285 3070
286 809
287 520
287 547
287 1274
287 1377
287 1379
287 1391
287 1771
287 1966
287 2018
287 2327
287 3591
288 483
288 912
288 927
288 951
288 967
288 1062
288 2395
288 2444
288 3440
288 4124
288 4307
289 674
289 3104
290 368
290 387
290 473
290 729
290 829
290 847
290 1161
290 1350
290 1477
290 1561
290 1755
290 2189
290 2380
290 3283
290 3336
290 3715
290 3719
290 4185
290 4440
290 4737
290 4812
290 4854
291 375
291 506
291 1465
291 4513
292 444
292 792
292 887
292 1182
292 1694
292 1720
292 1954
292 2191
292 3252
292 4796
293 799
293 989
293 1608
293 2800
293 3166
293 4184
293 4787
294 1034
294 1779
294 2349
294 2670
295 1513
295 1649
295 1683
295 2266
295 2562
295 2686
295 2960
295 3396
295 3655
295 4151
295 4154
295 4947
296 433
296 710
296 799
296 938
296 2077
296 2275
296 2382
296 2936
296 3070
296 3627
297 318
297 400
297 750
297 959
297 1496
297 2193
297 2349
297 2643
297 2828
297 3120
297 3858
297 3921
297 4501
297 4550
298 3424
299 400
299 1467
299 1622
299 3868
299 3901
299 4289
299 4433
299 4692
300 626
300 840
300 1446
300 2513
300 4070
301 303
301 655
301 1007
301 1038
301 1085
301 1591
302 534
302 898
302 1115
302 3475
302 4048
302 4305
304 517
304 1796
304 2010
304 2270
304 2433
304 2568
304 3676
304 4836
305 438
305 554
305 1042
305 1071
305 1076
305 1133
305 1610
305 1839
305 1953
305 2124
305 3262
305 4735
305 4838
306 420
306 870
306 1273
306 1506
306 1597
306 1948
306 2015
306 2480
306 3010
306 4654
307 321
307 657
307 869
307 930
307 1055
307 1829
307 1870
307 1926
307 2183
307 2252
307 2611
307 2752
307 3413
307 3468
307 3815
307 3852
307 4244
307 4266
307 4400
307 4753
307 4813
308 321
308 2030
308 4050
308 4313
308 4648
309 319
309 367
309 675
309 868
309 977
309 1494
310 370
310 3633
310 3640
311 1190
311 1216
311 1522
311 2019
312 353
312 1907
312 2993
312 3322
312 3389
313 684
313 715
313 895
313 897
313 2140
313 2520
313 2818
313 2984
313 3145
313 3504
313 3598
313 4394
313 4733
314 325
314 624
314 1239
314 1808
314 2053
314 2225
314 2660
314 2772
314 2796
314 2943
314 3061
314 3102
314 4034
315 330
315 873
315 1201
315 3271
315 4461
316 357
316 439
316 612
316 1493
316 1554
316 2979
316 4782
317 377
317 833
317 1269
317 1392
317 1508
317 1514
317 1680
317 2390
317 2499
317 2659
317 3032
317 3141
317 3487
317 4042
317 4146
318 648
318 649
318 1302
318 1306
318 1587
318 4310
318 4398
318 4417
319 352
319 354
319 1077
319 1252
319 3804
319 4171
319 4538
320 1447
320 3398
321 1190
321 1990
321 2153
321 2623
321 2801
321 3969
321 4885
322 574
322 2330
322 2516
322 4673
323 960
323 1193
323 1565
323 1879
323 2266
323 2560
323 2678
323 3699
323 4700
324 421
324 485
324 509
324 522
324 801
324 950
324 976
324 1138
324 1810
324 1998
324 2522
324 2862
324 3537
325 1046
325 2634
325 4356
325 4693
326 452
326 881
326 1601
326 2188
326 2462
326 3956
326 4334
327 492
327 679
327 1389
327 2208
327 2584
327 3261
327 4112
327 4257
328 508
328 642
328 762
328 790
328 831
328 1249
328 1440
328 1523
328 1580
328 2523
328 2695
328 2713
328 2979
328 3154
328 4333
328 4716
328 4768
329 604
329 816
329 832
329 855
329 896
329 1021
329 1112
329 1310
329 1495
329 1677
329 2183
329 2192
329 2294
329 2329
329 2626
329 3382
329 3718
329 4495
329 4617
330 366
330 1485
330 1586
330 2134
330 3421
330 4221
331 584
331 845
331 3559
331 3714
332 368
332 449
332 558
332 634
332 661
332 877
332 1106
332 1322
332 1895
332 2493
332 2901
332 2952
332 3579
332 3919
332 4315
333 479
333 606
333 1565
333 1821
333 1914
333 2264
333 3657
333 4097
333 4590
333 4719
334 422
334 3960
334 4417
335 361
335 741
335 787
335 2694
335 3038
335 3807
335 4293
336 596
336 2618
336 3342
336 3744
336 4750
337 789
337 1247
337 2465
337 2814
337 3457
337 3505
337 3862
337 4685
338 498
338 547
338 632
338 930
338 1872
338 2060
338 2216
338 2794
338 2919
338 3934
338 4191
338 4514
338 4924
338 4941
339 449
339 732
339 1202
339 1457
339 1617
339 2232
339 3235
339 3391
339 4270
339 4770
340 965
340 1334
340 2980
341 790
341 1303
341 2274
342 613
342 1411
342 1431
342 1495
342 1523
342 1652
342 1657
342 1805
342 1938
342 2042
342 2271
342 3020
342 3141
342 3420
342 4079
343 3667
344 503
344 514
344 576
344 1471
344 1554
344 1613
344 2057
344 2367
344 2853
344 3025
344 4342
345 347
345 972
345 978
345 2657
345 4274
346 382
346 479
346 657
346 693
346 699
346 1476
346 1642
346 1682
346 1701
346 1719
346 4791
347 444
347 608
347 699
347 888
347 1096
347 1329
347 1472
347 1487
347 1805
347 2338
347 2431
347 2869
347 3500
347 3641
348 454
348 518
348 1058
348 2080
348 2627
348 2825
348 3125
348 3403
348 4634
348 4675
349 649
349 2041
349 2142
349 2840
349 3387
349 3430
349 3760
349 3766
349 4108
349 4928
351 427
351 709
351 1078
351 4706
352 1079
353 388
353 475
353 1098
353 1324
353 1486
353 1764
353 1978
353 2654
353 2708
353 2728
353 3017
353 3332
353 3365
353 3895
353 4274
353 4751
354 375
354 421
354 497
354 743
354 3434
354 4587
354 4810
355 398
355 1153
355 2109
355 2281
355 4754
356 1564
356 1787
356 2483
356 4186
357 647
357 703
357 1899
358 389
358 432
358 678
358 1205
358 1208
358 1612
358 3160
358 3433
358 4915
359 778
359 840
359 1242
359 1679
359 2008
359 2347
359 2381
359 2406
359 3673
359 4452
360 409
360 863
360 4112
360 4662
361 363
361 585
361 698
361 765
361 1275
361 1665
361 2596
361 2606
361 3343
362 418
362 470
362 571
362 616
362 835
362 911
362 1106
362 1534
362 1541
362 1632
362 1820
362 1837
362 2013
362 2243
362 2337
362 2570
362 2621
362 2766
362 2774
362 3275
362 3803
362 3806
362 4193
362 4568
362 4632
362 4871
363 584
363 815
363 826
363 880
363 1558
363 1582
363 2555
363 2803
363 2871
363 3201
363 3564
363 3671
363 3708
363 4540
363 4586
364 703
364 898
364 940
364 1189
364 1561
364 1636
364 1768
364 2767
364 2959
364 4227
364 4268
364 4548
365 681
365 1116
365 1538
365 2061
365 2815
365 3254
366 764
366 1037
366 1769
366 2496
366 2633
366 3006
366 3037
367 729
367 730
367 816
367 1877
367 3698
368 413
368 531
368 723
368 1057
368 1421
368 1507
368 1590
368 1720
368 1740
368 1788
368 2097
368 3389
368 3722
368 3853
369 475
369 707
369 716
369 745
369 1020
369 1194
369 1638
369 1797
369 2119
369 4537
370 395
370 1906
370 1910
370 2048
370 2397
370 3719
371 383
371 2937
372 1026
372 2907
372 3918
372 4524
373 1676
373 3228
373 4320
374 920
374 1083
374 2106
374 2807
374 2897
374 4163
375 424
375 493
375 1194
375 4085
376 460
376 660
376 1053
376 1227
376 1559
376 2944
376 3668
377 579
377 604
377 636
377 653
377 696
377 716
377 825
377 1033
377 1147
377 2090
377 2094
377 2641
377 3628
377 3938
377 4484
377 4646
377 4873
378 1081
378 3450
379 474
379 486
379 3353
379 3727
379 3995
379 4074
379 4225
379 4275
379 4323
380 595
380 1001
380 2107
380 2863
380 3558
380 4311
380 4325
380 4867
380 4912
381 432
381 673
381 904
381 1094
381 1299
381 2328
381 2706
381 4858
382 613
382 771
382 959
382 1464
382 1645
382 2233
382 2641
382 3906
382 4532
383 461
383 692
383 865
383 968
383 1179
383 1564
384 4694
385 495
385 500
385 543
385 610
385 638
385 1056
385 1118
385 1161
385 1248
385 1357
385 2004
385 3096
385 3410
385 3511
385 3709
385 4744
386 2326
386 2682
386 3086
386 3489
386 3610
386 4144
386 4600
387 786
387 798
387 2287
387 2382
387 2418
387 2553
387 2664
387 2737
387 3101
387 3426
387 3702
387 3744
387 3773
387 4014
387 4218
387 4348
387 4357
387 4434
388 645
388 811
388 841
388 1114
388 1136
388 1162
388 1806
388 2444
388 2687
388 2737
388 3764
389 739
389 867
389 979
389 1184
389 1595
389 1690
389 1694
389 1903
389 2146
389 2178
389 2251
389 2344
389 2656
389 2820
389 3189
389 4308
389 4351
390 556
390 621
390 1484
390 2174
390 2746
390 4100
390 4598
391 418
391 3183
391 3473
391 4411
392 472
392 496
392 737
392 1514
392 2045
392 2166
392 2850
392 3550
392 3568
392 3756
392 4483
393 601
393 1152
393 1930
393 2142
393 2502
393 2702
393 3249
393 3596
393 4252
393 4419
394 403
394 513
394 866
394 1035
394 1456
394 1623
394 1724
394 1865
394 2982
394 4658
394 4763
394 4887
395 627
395 928
395 998
395 1552
395 2089
395 2095
395 2234
395 2477
395 2559
395 2605
395 2851
395 2967
395 3159
395 3390
396 754
396 1446
396 2391
397 452
397 512
397 600
397 668
397 790
397 1963
397 2346
397 2930
397 3593
397 3691
397 3877
397 3899
398 802
398 1074
398 3805
399 412
399 478
399 906
399 984
399 1221
399 1424
399 1660
399 2699
399 3406
399 3950
399 4636
400 929
400 2011
400 4758
401 538
401 793
401 1123
401 1149
401 1888
401 2359
401 2527
401 2747
401 2880
401 3255
401 4807
402 763
402 1116
402 1403
402 1915
402 3339
402 3370
402 4690
403 2871
404 641
404 837
404 850
404 975
404 1311
404 1380
404 2734
404 2933
404 2953
404 3394
404 4141
404 4710
405 466
405 1011
406 2273
406 2372
406 3148
406 3581
406 4236
406 4594
407 996
407 3448
408 4182
409 485
409 1338
409 1651
409 1655
409 3184
410 1907
411 1093
411 1123
411 1129
411 1786
411 4066
411 4266
411 4455
412 671
412 1763
412 2321
412 2408
412 2551
412 3221
412 4235
412 4696
413 615
413 1100
413 1350
413 1426
413 2603
413 2663
413 2843
413 3093
413 3526
413 4049
413 4084
413 4555
413 4571
414 531
414 644
414 774
414 908
414 927
414 1359
414 2061
414 2388
414 3004
414 3196
414 3348
414 3573
414 3869
414 4879
414 4910
414 4921
415 814
415 910
415 985
415 1205
415 1675
415 1957
415 2785
415 3568
415 4082
416 722
416 865
416 1136
416 1527
416 1714
416 3734
416 3941
416 4183
417 548
417 776
417 851
417 892
417 913
417 1374
417 1668
417 1702
417 1785
417 1822
417 2412
417 2645
417 2869
417 3106
417 3163
417 3234
417 3499
417 3597
417 3645
417 3785
417 3855
417 3987
418 720
418 1808
418 2229
419 2447
419 2516
420 485
420 533
420 1295
420 1585
420 2467
420 2471
420 2650
420 2655
420 2718
420 2778
420 4748
421 2750
421 3340
422 478
422 548
422 1234
422 1270
422 1288
422 1364
422 2256
422 2636
422 4490
422 4784
423 1152
423 1282
423 1465
423 1660
423 1766
423 2546
423 2748
423 3458
423 4684
424 497
424 973
424 1256
424 1763
424 1895
424 2026
424 2308
424 2346
424 2488
424 3407
424 4104
424 4638
424 4738
424 4763
425 645
425 925
425 1158
425 1530
425 1907
425 1947
425 2242
425 2546
425 2583
425 3129
425 3744
425 3913
425 4195
426 531
426 740
426 1417
426 1637
426 1712
426 1883
426 1944
426 3777
426 4660
427 4623
428 676
428 766
428 1017
428 2374
429 852
429 1186
429 1242
429 2541
429 3721
429 4806
431 475
431 910
431 2793
431 3623
432 1016
433 672
433 1053
433 1207
433 1214
433 1552
433 2497
434 690
434 2889
435 819
435 4230
436 471
436 941
436 967
436 2165
436 2421
436 2594
436 4172
436 4442
437 936
437 1803
437 3626
437 4110
438 449
438 576
438 592
438 605
438 1066
438 1102
438 1301
438 1634
438 2307
438 2472
438 2715
438 2775
438 3752
438 3894
438 4655
439 952
439 3582
440 488
440 867
440 902
440 1235
440 1254
440 2233
440 2802
440 3851
440 4085
440 4494
441 619
441 705
441 914
441 922
441 1277
441 1683
441 1791
441 2290
441 3208
441 3430
441 3807
441 4300
441 4598
441 4621
442 453
442 659
442 1056
442 1488
442 1569
442 1606
442 2482
442 2988
442 3451
442 3570
442 3791
443 669
443 3946
443 4103
443 4492
444 1681
445 477
445 494
445 655
445 737
445 811
445 1253
445 1486
445 1551
445 1696
445 1724
445 2676
445 3461
445 4677
445 4897
446 690
446 1547
446 2122
446 2816
446 3747
447 1387
447 1661
447 1883
447 2731
447 4041
448 525
448 704
448 805
448 1351
448 3840
449 611
449 640
449 957
449 2319
449 2838
449 3031
450 498
450 662
450 872
450 1495
450 1675
450 1696
450 4218
450 4729
450 4808
450 4816
451 1172
451 1449
451 3083
451 4611
452 597
452 675
452 916
452 1222
452 1630
452 2531
452 2747
452 3668
452 3862
452 4259
452 4316
452 4669
453 484
453 495
453 2322
453 2358
453 2745
453 3483
454 481
454 498
454 1005
454 1225
454 1264
454 1643
454 1797
454 2107
454 2194
454 2277
454 2317
454 2419
454 2619
454 2826
454 2870
454 2976
454 3537
454 3606
454 4372
454 4581
454 4806
455 970
455 1002
455 1666
455 1842
455 2335
455 2435
455 2592
455 3202
455 3599
455 3924
455 4667
456 491
456 786
456 1221
456 1630
456 3433
456 4715
457 561
457 2425
457 2602
458 528
458 875
458 1377
458 2566
458 3271
459 530
459 764
459 918
459 1288
459 1342
459 2251
459 3021
459 3760
459 4041
459 4079
459 4190
459 4440
459 4687
460 581
460 2246
460 2292
460 2302
460 2329
460 2378
460 3854
460 3978
460 3992
460 4633
460 4891
461 557
461 601
461 676
461 945
461 1247
461 2961
461 3331
461 3815
461 4278
461 4407
461 4554
462 1052
462 3393
463 470
463 659
463 699
463 735
463 1258
463 1526
463 1738
463 2320
463 3329
463 3860
463 4280
464 588
464 893
464 1380
464 1469
464 2270
464 2482
465 715
465 969
465 2279
465 2449
465 2454
465 2460
465 2533
465 2598
465 2622
465 2691
465 2758
465 3415
465 3578
465 3587
465 4421
466 2419
466 4156
467 528
467 3094
468 477
468 499
468 504
468 761
468 2148
468 2563
468 2803
468 3021
468 3878
469 1226
469 1709
469 2692
469 4515
470 583
470 706
470 1463
470 1646
470 1652
470 2583
470 2848
470 2933
470 2981
470 4199
471 1894
471 3636
471 4176
471 4567
471 4719
471 4844
472 628
472 1317
472 2583
472 3366
472 3742
472 4001
472 4186
473 489
473 602
473 627
473 763
473 858
473 1157
473 1249
473 1430
473 1667
473 1919
473 2153
473 2157
473 2616
473 2910
473 3417
473 3727
473 3791
473 3864
473 4094
473 4607
473 4662
474 510
474 633
474 2643
475 1535
475 1601
475 1835
475 2002
475 2736
475 4047
475 4424
475 4806
476 951
476 2184
476 2743
476 2872
476 3119
476 3244
476 4174
477 567
477 816
477 1061
477 1846
477 3098
478 490
478 1173
478 1277
478 1378
478 1727
478 1799
478 1968
478 2049
478 2966
478 3547
478 4164
478 4788
478 4867
479 567
479 804
479 842
479 1000
479 1035
479 1289
479 1520
479 3000
479 3145
479 3501
479 3707
480 838
480 1002
480 1786
481 639
481 654
481 709
481 937
481 1337
481 1695
481 1715
481 2990
481 3362
481 3393
481 3472
481 4559
481 4764
482 1393
482 1742
482 2728
482 3760
482 4345
482 4605
483 664
483 1064
483 1310
483 1442
483 2506
484 727
484 900
484 1815
484 2083
484 3368
484 4408
485 678
485 840
485 1989
485 2075
485 3543
485 4765
486 495
486 535
486 2284
486 3296
486 3848
486 4142
487 3889
487 4006
487 4890
488 653
488 887
488 1181
488 2221
489 504
489 1010
489 2940
489 4292
489 4480
490 3181
490 4315
491 535
491 625
491 1024
491 1849
491 1975
491 2900
491 2939
491 4605
492 1828
492 3397
492 3819
492 3916
492 4765
493 566
493 1470
493 2112
493 2422
493 2622
493 3932
493 4839
494 697
494 842
494 1321
494 1345
494 2659
494 2962
494 2971
494 3047
494 3148
494 4569
495 553
495 561
495 1591
495 1669
496 932
497 1059
497 1280
497 1281
497 1441
497 1995
497 2214
497 2475
497 2515
497 3694
497 4124
497 4500
497 4840
498 2632
499 688
499 875
499 931
499 1942
499 2729
499 3999
500 746
500 876
500 1310
500 1536
500 2666
500 3194
501 538
501 1177
501 1784
501 2134
501 2740
501 4012
501 4258
502 633
502 868
502 4115
502 4160
503 565
503 675
503 683
503 757
503 760
503 807
503 1229
503 1267
503 2285
503 2409
503 2512
503 2609
503 3402
503 3797
503 4205
503 4611
503 4824
504 1771
505 603
505 1381
505 1530
505 1820
505 1844
505 2443
505 4478
505 4716
506 1033
506 1241
506 1898
506 3016
506 3488
507 877
507 1288
507 1673
507 2946
507 3593
507 4348
507 4573
508 563
508 572
508 628
508 1125
508 1201
508 1474
508 2269
509 798
509 853
509 1187
509 1518
509 1814
509 2352
509 2466
509 2756
509 2828
509 3416
510 4881
511 883
511 2315
511 2363
512 728
512 742
512 1101
512 1265
512 2262
512 2297
512 2306
512 2379
512 3870
512 4073
512 4306
512 4351
513 913
513 3313
513 3720
514 830
514 862
514 991
514 3376
514 4076
514 4162
515 1794
515 4499
516 795
516 1269
516 1293
517 763
517 1896
517 2530
517 2589
517 2763
517 3493
517 3527
517 3916
517 4186
517 4548
517 4793
518 558
518 1862
519 1036
519 1603
519 1727
519 2318
519 2457
519 2598
519 2745
519 3675
519 3814
519 4274
519 4477
519 4687
520 2067
520 2306
520 3388
520 3648
520 4151
521 569
521 1592
521 1658
521 2072
521 2544
521 3195
521 3505
521 4633
522 912
522 1831
523 665
523 1154
523 1376
523 2108
523 2219
523 2280
523 2428
524 792
524 1734
524 3039
525 724
525 3743
525 3820
525 3913
526 548
526 856
526 1213
526 2586
526 2621
526 3019
526 3290
528 603
528 674
528 749
528 841
528 887
528 2595
528 3069
528 3722
528 3734
528 4573
528 4862
529 663
529 846
529 1480
529 1509
529 4449
529 4819
530 586
530 2328
531 544
531 789
531 1458
531 2545
532 701
532 1768
532 1838
532 1897
532 2378
532 2493
532 4203
533 788
533 855
533 1560
533 1729
533 1917
533 2303
533 2879
533 4206
533 4555
533 4584
533 4913
534 832
534 1374
534 1478
534 2098
534 2500
534 2626
534 3594
534 4641
535 609
535 2045
535 2410
536 827
536 1027
536 2007
536 2946
536 2955
536 4716
537 1105
537 1592
537 1719
537 1830
537 2050
537 2463
537 3053
537 4175
539 896
539 1933
539 1956
539 2741
539 3824
539 4877
540 1652
540 2400
540 3114
540 4309
540 4628
541 639
541 702
541 766
541 984
541 1049
541 1217
541 1274
541 1961
541 2198
541 3153
541 3529
541 4244
541 4530
541 4737
542 634
542 841
542 3000
542 3042
542 3165
542 3438
542 3613
542 4824
543 618
543 1820
543 2428
543 3018
543 3560
545 1009
545 1685
545 3362
545 3937
547 1902
547 2806
548 1710
548 3092
548 3987
548 4317
548 4337
548 4725
549 682
549 808
549 1031
549 4098
550 611
550 622
550 636
550 1684
550 1756
550 2131
550 2526
550 3053
550 4078
550 4739
551 1331
551 2660
551 2954
551 4184
552 883
552 3829
552 4020
553 992
553 1473
553 2025
553 2540
553 3658
553 3710
553 4066
553 4941
554 1416
554 2253
555 1134
555 3827
556 563
556 689
556 864
556 905
556 1174
556 1650
556 2030
556 2091
556 2452
556 3147
556 3173
557 966
557 2441
557 2693
557 3270
558 1061
558 3721
558 4498
559 1659
559 1928
559 2492
559 2702
559 3908
560 3835
560 4446
561 1155
561 3801
561 4516
562 592
562 1390
562 4130
563 753
563 1388
563 1392
563 2075
563 2206
563 2610
563 2632
563 3343
563 3738
563 3747
564 995
564 1091
564 1224
564 2036
564 2415
564 2448
564 2765
564 3985
565 677
565 2307
565 2343
565 4672
565 4783
565 4800
565 4927
566 732
566 901
566 953
566 1102
566 1111
566 1370
566 1975
566 2284
566 2340
566 3027
566 3662
566 3880
566 4416
567 704
568 1336
568 1759
568 1918
568 3307
569 1505
569 1618
569 1909
569 2672
569 2758
569 3012
569 4455
569 4560
570 664
570 2858
570 3336
570 4481
570 4740
570 4931
571 1482
571 2945
571 4766
572 737
572 753
572 1322
572 2131
572 2442
572 2994
572 3757
572 4512
572 4804
573 4649
575 919
575 1925
575 3406
575 3976
575 4029
576 686
576 752
576 1009
576 1050
576 1407
576 2914
576 3124
576 3260
576 4639
576 4708
576 4856
577 782
577 1175
577 1405
577 1904
577 2392
577 4630
578 694
578 744
578 1241
578 1264
578 1504
578 2375
578 3697
578 3860
578 4241
578 4337
579 987
579 2155
579 2507
580 664
580 1009
580 1067
580 1687
580 1713
580 3258
580 3479
582 899
582 1175
582 1707
582 2127
582 2324
582 2635
582 3352
582 3476
583 1121
583 1278
583 1305
583 2262
583 2351
583 4118
583 4609
584 1238
584 2882
584 3790
584 3806
584 4762
585 1088
586 617
586 850
586 915
586 1103
586 1463
586 1479
586 1692
586 2691
586 2821
586 3519
587 700
587 785
587 1259
587 1458
587 1775
587 2114
587 2405
587 2671
587 2796
587 2807
587 2862
587 3239
587 3808
587 4130
587 4718
588 2592
589 1436
589 1811
589 3426
589 4125
589 4805
590 1060
590 1154
590 1257
590 3306
590 3552
591 819
591 1383
591 1858
591 2885
591 2925
591 3358
591 4418
592 627
592 898
592 1082
592 1388
592 1678
592 2364
592 2413
592 2751
592 2849
592 3016
592 3129
592 3545
592 3756
592 4922
593 1000
593 1611
594 1450
594 1511
595 1150
595 2366
596 2955
597 1316
597 1653
597 4183
597 4414
599 764
599 1142
599 1284
599 1394
599 1466
599 2405
599 2811
599 4395
601 680
601 823
601 856
601 936
601 989
601 1177
601 1264
601 1584
601 1707
601 2228
601 2419
601 2997
601 3545
601 3705
601 4227
602 774
602 1067
602 1400
602 1742
602 1754
602 2027
602 2974
602 4029
602 4069
602 4680
602 4701
603 1204
603 1577
603 2644
603 3064
604 714
604 1107
604 2502
605 747
605 846
605 968
605 1073
605 2055
605 3174
605 3465
606 971
606 1167
606 1490
606 3352
607 2458
607 3454
607 3867
608 894
608 1801
608 1936
608 4576
608 4769
609 921
609 1129
609 2121
609 3095
609 3634
609 3774
609 3969
609 4338
609 4566
610 899
610 1517
610 2859
611 830
611 1141
611 1319
611 1744
611 4643
611 4725
612 1527
612 1695
613 780
613 919
613 1308
613 2156
613 3856
614 980
614 1132
614 1339
614 3940
615 649
615 1765
615 2718
615 3344
616 1424
616 2931
616 3974
616 4794
617 688
617 1453
617 1625
617 2043
617 2529
617 4505
617 4943
618 963
618 1313
618 1851
618 4149
619 787
619 1166
619 1751
619 1789
619 2076
619 3711
620 874
620 1024
620 1160
620 2275
620 2571
620 2846
620 4177
621 1232
621 1317
621 1894
621 2202
621 2293
621 3273
621 4579
622 1602
622 2531
622 3356
622 3551
623 3289
623 3645
624 967
624 1582
624 1605
624 1881
624 2182
624 4329
625 2099
625 2979
626 2146
626 2201
626 3781
626 3950
626 4447
627 1076
627 2496
627 2867
627 3044
627 3171
627 3865
627 3869
627 4405
627 4408
628 896
628 1122
628 1901
628 3459
629 3142
629 4877
630 3414
631 635
631 892
631 1360
631 2413
631 3065
631 3645
631 3798
632 779
632 782
632 1296
632 1341
632 1984
632 3880
632 3985
632 4296
632 4943
633 928
633 942
633 2720
633 2818
633 3217
633 4664
634 1051
634 1262
634 1313
634 1967
634 4916
635 647
635 1629
636 1762
636 1993
636 2160
636 2440
636 2565
636 2969
636 3250
636 3635
637 750
637 759
637 1023
638 1128
638 3111
638 3482
638 3677
638 3814
640 646
640 986
640 2341
640 2500
641 3555
641 3958
641 4883
643 723
643 839
643 980
643 1048
643 1164
643 1272
643 1320
643 1689
643 1905
643 2703
643 3032
643 3061
643 3086
643 3879
643 4638
644 663
644 1363
644 1760
644 3651
644 4583
646 683
646 956
646 1163
646 1730
646 2135
646 2463
646 2855
646 3592
646 4225
647 3298
647 4495
648 1710
648 1813
648 2424
648 2615
648 2830
649 1461
649 1651
649 2897
649 4046
649 4885
650 836
650 1261
650 1625
650 2878
650 3771
650 4251
651 1167
651 2348
651 3948
652 769
652 849
652 949
652 1058
652 1152
652 1243
652 1348
652 1584
652 1641
652 2810
652 3097
652 3621
653 3449
654 1062
654 2117
654 2761
654 2841
654 3498
654 4540
655 669
655 918
655 1916
655 3223
656 1427
656 1971
656 2345
657 1226
657 1910
657 2856
657 3685
657 3912
657 3963
657 4131
657 4601
658 918
658 1094
658 1298
658 1711
658 2434
658 3022
658 3041
658 3868
658 4140
658 4904
659 836
659 1973
659 3826
659 4172
659 4719
660 1088
660 4831
661 1524
661 2893
661 4134
662 807
662 1937
662 2577
662 2584
662 4349
663 782
663 1866
664 1570
664 2021
664 2997
664 3119
664 3151
664 3655
664 4254
664 4456
665 3598
666 817
666 2052
667 781
667 1242
667 3530
667 3652
667 4047
667 4431
668 834
668 1223
668 1958
668 2989
668 3495
668 4339
668 4853
669 1191
669 1650
669 3583
669 4448
670 1539
670 3266
671 775
671 805
671 809
671 941
671 2594
672 1041
672 1095
672 2505
672 2617
672 2674
672 2908
672 4071
672 4557
673 702
673 2408
673 3577
673 4016
673 4319
674 3580
675 793
675 950
675 1509
675 2273
675 2777
675 2835
675 3239
676 1423
676 2036
676 3169
677 740
677 1103
677 1345
677 1448
677 1577
677 1624
677 4234
678 740
678 873
678 1022
678 1512
678 1693
678 2029
678 2335
678 3297
678 3617
678 4062
679 1456
679 1631
679 1656
679 2181
679 2804
680 1120
680 1140
680 1401
680 1628
680 1978
680 2082
680 3140
680 3151
680 3891
680 4754
681 3647
681 4282
682 2068
682 2788
682 3384
682 4886
683 825
683 881
683 920
683 1047
683 1076
683 1788
683 1810
683 1943
683 2354
683 2623
683 2795
683 3035
683 3210
683 3536
683 3576
683 3871
683 3970
684 4176
685 861
685 1460
685 4904
686 756
686 1464
686 1466
686 1538
686 1871
686 1872
686 2350
686 4332
687 935
687 993
687 1196
687 1862
687 2189
687 2393
687 3200
688 952
688 3133
688 3515
688 3932
688 4746
689 903
689 1758
690 695
690 1046
690 1080
690 1269
690 1542
690 3354
690 4251
691 997
691 1292
691 1510
691 1517
691 2396
691 3023
691 3155
691 3923
691 4044
692 1749
692 3076
692 3134
692 3143
693 2386
694 1257
694 1780
694 1955
694 2703
694 3496
694 4090
694 4453
694 4646
695 1479
695 1481
695 1611
695 2477
696 827
696 972
696 1046
696 1092
696 1447
696 2151
696 4168
697 1778
697 1861
697 2186
697 4384
698 1270
698 1347
698 1693
698 1935
698 2154
698 2582
698 2627
698 3654
698 3731
698 3984
699 757
699 1089
699 1189
699 1845
699 2496
699 2679
699 2787
699 3010
699 4743
700 963
700 1397
700 3592
701 751
701 1034
701 1177
701 1244
701 1908
701 2062
701 2415
701 2451
701 2763
701 3411
701 4219
702 3418
703 1538
703 1969
703 3276
703 3395
704 747
704 1482
704 1958
704 2104
704 2218
704 2570
704 3084
705 1564
705 3088
705 3833
705 4164
705 4593
706 800
706 1115
706 1268
706 1481
706 2519
706 4767
707 1200
707 1609
707 2884
707 3452
707 4772
708 758
708 824
708 1144
708 1738
708 1752
708 1993
708 2119
708 2996
708 4515
708 4773
709 730
709 784
709 921
709 1219
709 1677
709 3199
709 4529
709 4602
709 4760
710 760
711 1126
711 1341
711 2115
711 2348
711 2653
711 3291
711 4496
711 4947
712 939
712 1281
712 1512
712 2087
712 2268
712 4097
713 1087
713 1231
713 2193
714 3289
715 860
715 2292
715 2826
715 3323
715 4907
716 2005
716 2608
716 2851
716 3311
716 4054
717 1262
717 1612
717 2964
717 3144
718 1499
718 1941
719 729
719 855
720 2700
720 2977
721 1479
721 1717
721 1753
721 2001
721 2201
721 2990
721 3659
722 815
722 1168
722 2301
722 2947
722 3445
722 3457
723 2878
723 4936
724 1028
724 2605
724 2913
724 3042
724 3559
724 4282
724 4688
725 1104
725 1210
726 969
726 1022
726 1151
726 1317
726 1324
726 2453
726 2804
726 3531
726 4108
726 4256
726 4320
726 4535
727 969
727 1183
727 2113
727 2250
727 2511
727 3177
727 3502
727 4313
728 1255
728 1952
728 3086
728 3093
728 3478
728 3686
728 3687
728 4027
728 4135
728 4178
729 4327
729 4823
730 2101
730 2342
730 3646
731 762
731 1369
731 2730
731 2790
731 3976
732 1855
732 2041
732 2289
732 2427
732 3213
732 4919
734 1227
734 1670
734 2467
734 2923
734 3793
735 1163
735 1649
735 2052
735 2764
735 4490
735 4674
736 974
736 1137
736 1359
736 1435
736 4299
737 1497
738 1346
738 1409
738 1428
738 1429
738 1487
738 1633
738 1755
738 2067
738 3241
738 3299
738 3490
738 3605
738 4139
738 4312
738 4660
739 1072
740 1014
740 1017
740 1458
740 1815
740 2146
740 2360
740 2406
740 4530
741 837
741 1342
742 1429
742 1657
742 2297
742 2510
742 2721
742 3262
742 3434
742 3534
742 4439
742 4930
743 992
743 1256
743 2376
743 2514
743 3864
743 4316
744 1473
744 2488
744 3253
745 949
745 1216
745 1667
745 3823
745 4317
746 1621
746 1826
746 2258
746 2641
746 2928
746 3724
747 915
747 3925
748 823
748 3378
748 3445
748 3515
749 2226
750 4935
751 3516
752 832
752 935
752 1312
752 2186
753 881
753 998
753 1497
753 2204
753 3660
753 3882
754 2013
754 3582
754 4223
754 4750
755 1860
756 2341
756 3173
757 1383
757 3005
758 4446
759 914
759 1851
759 2103
759 2177
759 2257
759 2565
759 2720
759 2987
759 3249
759 3789
759 4920
760 794
760 1117
760 1933
760 2128
760 2664
760 3934
761 1229
761 1349
761 1420
761 1428
761 1598
761 1993
761 3599
762 771
762 1615
762 1718
762 2011
762 3876
762 4133
763 1087
763 1196
763 1265
763 1927
763 2421
763 2920
763 3787
763 4361
764 863
764 940
764 1202
764 1583
764 1614
764 1638
764 1889
764 1945
764 2079
764 2759
764 3081
764 3218
764 3528
764 3651
764 4397
765 908
765 3710
766 1351
766 1590
766 1684
766 2918
767 3816
767 4494
768 2202
770 1149
770 1307
770 1445
770 1970
770 3144
770 3564
770 3762
772 1186
772 4045
772 4233
772 4497
773 1209
773 2357
773 3087
774 1030
774 1110
774 2129
774 3091
775 2620
775 3131
775 3603
775 4853
776 814
776 849
776 1088
776 1361
776 1394
776 1728
776 2152
776 2343
776 2418
776 4021
776 4175
776 4629
776 4632
776 4651
777 1721
777 2796
777 3061
777 3127
777 3320
778 1343
778 1396
778 1525
778 1776
778 2681
778 4884
779 4600
780 1316
780 3092
781 1156
781 1185
781 2566
782 802
783 1243
783 3044
783 4228
783 4745
784 819
784 2170
784 2840
784 3248
784 3573
784 3719
784 3892
784 4231
784 4626
785 929
785 1507
785 1780
785 2290
785 3791
786 973
786 1339
786 1357
786 1433
786 1951
786 2773
786 3869
787 1099
787 3230
787 3238
788 2507
789 857
789 1409
789 1518
789 2916
789 3703
790 1255
790 1348
790 1671
790 3594
791 875
791 1289
791 2265
791 2841
791 2924
791 3165
791 3585
791 4108
791 4603
792 1937
793 3698
794 802
794 1012
794 1502
794 1647
794 2568
794 2834
794 3591
794 3781
794 4066
794 4730
795 2442
796 1083
796 1212
796 1379
796 2078
796 2401
796 2902
796 3743
796 3967
796 4260
796 4395
796 4426
796 4485
797 928
798 806
798 2408
798 2430
798 3451
798 4948
799 1366
799 1440
799 2503
799 4169
799 4389
799 4510
801 2111
802 1184
802 1413
802 1818
802 2006
802 2206
802 3346
802 3713
802 4376
802 4540
802 4634
803 3276
803 4560
803 4699
804 2285
804 3814
805 1312
805 2241
805 2965
805 3080
805 4506
805 4614
807 1646
807 1654
807 3174
808 1637
808 1752
808 1987
808 2116
808 3654
808 3665
809 1986
809 2847
809 3140
809 3374
809 3612
809 3644
809 3933
809 4698
810 994
810 1066
810 1402
810 1700
810 2470
810 4452
811 935
811 1078
811 1187
811 1540
811 2398
811 2821
811 3324
811 3328
811 4834
811 4874
812 858
812 1931
814 986
814 1739
814 2321
814 2645
814 2663
814 3122
814 3435
814 4107
815 2059
815 4170
816 923
816 1391
816 2381
816 3581
816 3589
817 1007
817 3679
817 3729
817 4138
817 4483
818 1001
818 1468
818 2668
818 3002
818 4630
819 1146
819 1545
819 2064
820 834
820 3212
821 1662
821 1663
821 1773
821 2818
821 3377
821 3695
821 4247
821 4377
822 1397
822 1573
822 1772
822 1828
822 3576
822 4031
823 1498
823 2337
823 4950
824 1806
824 2042
824 2575
824 4246
825 1526
825 1717
825 1836
825 2134
825 2180
825 2336
825 2705
825 2898
825 2971
825 3475
825 3634
826 1987
826 3572
827 1031
827 1367
827 1710
827 1756
827 2216
827 4020
828 1933
828 2775
828 4078
828 4148
828 4396
829 1469
831 1761
832 1864
832 3053
832 4059
832 4682
832 4917
833 868
833 1375
833 2139
833 3280
833 4482
834 985
834 1012
834 1019
834 1406
834 2534
835 1306
835 1698
835 1794
835 3366
836 1037
836 1812
836 2268
836 3354
836 3679
836 4885
837 3051
837 3381
837 4645
838 1691
838 3484
839 1503
839 1546
839 1905
839 2438
839 2883
839 3175
839 4561
840 4181
841 1468
841 2001
841 3302
841 3490
841 4349
842 897
842 1217
842 1919
842 2123
842 3342
842 3720
842 4254
842 4355
842 4558
842 4641
843 917
843 979
843 1045
843 1598
843 2071
843 2308
843 3579
844 4110
844 4238
845 874
845 1075
845 1326
845 1781
845 2109
845 2678
845 2786
845 3102
845 3299
845 3417
845 4370
845 4826
845 4866
846 2494
846 2665
847 942
847 1138
847 1365
847 4252
847 4775
849 1124
849 2846
849 3118
850 904
850 1021
850 2256
850 4724
851 1351
851 1543
851 1668
851 2314
851 4712
852 1513
852 1562
852 3350
852 4269
853 4193
854 4118
855 2302
855 2650
855 4914
856 2150
856 2712
857 1645
857 2004
857 2998
857 3007
857 3364
858 1127
858 1502
858 2597
859 1662
859 1679
859 2846
859 3440
860 916
860 1093
860 1419
860 1457
860 1645
860 2326
860 2365
860 2391
861 1280
861 1812
861 1969
861 2092
861 2224
861 3346
861 3511
861 4044
861 4395
861 4685
861 4865
862 2899
862 4871
863 3189
864 884
864 1571
864 1685
864 1764
864 1893
864 1968
864 2414
864 2642
864 2999
864 3178
864 3367
864 3654
864 4063
864 4271
864 4426
864 4463
866 890
866 1664
866 1834
866 2005
866 2199
866 2276
866 2891
868 2024
869 930
869 3763
870 921
870 3874
870 4091
871 920
871 976
871 3307
871 4272
872 937
872 1006
872 1285
872 2970
872 3683
872 3923
872 4515
873 2055
873 2249
873 3723
873 4162
873 4449
874 1646
874 1897
874 3441
875 1844
875 3551
876 957
876 1596
876 3277
876 3291
876 4624
876 4778
877 1063
877 1358
877 1365
877 1516
877 2517
877 4416
877 4796
878 1421
878 1816
878 2324
878 2497
878 2950
878 3272
878 4759
879 914
879 999
879 1071
879 1437
879 1544
879 1639
879 1831
879 1848
879 2508
879 2685
879 3306
879 4176
879 4268
879 4637
879 4879
879 4939
881 1013
881 1068
881 1207
881 1366
881 1593
881 1861
881 2495
881 2523
881 3419
881 3623
881 3706
881 4058
881 4615
882 1758
882 2027
882 2250
882 3410
882 4934
883 1470
883 2325
883 2708
883 2860
883 3497
884 1996
884 3152
885 2071
885 2876
885 3767
885 4447
886 1099
886 1915
886 2553
886 2613
886 2685
886 4790
887 2331
887 2779
887 3413
887 4882
888 1700
888 1809
888 3355
888 3565
888 3954
888 4132
888 4500
888 4591
889 1688
889 1756
889 1950
889 3105
889 3603
889 3885
889 4376
890 1325
890 1402
890 1423
890 1678
890 2100
890 2253
890 2683
890 4653
891 1146
891 2926
891 3503
891 4092
891 4356
891 4553
892 1703
892 1948
892 2222
893 2745
894 1136
894 1182
894 1417
894 1591
894 2062
894 2132
894 2550
894 2648
894 3045
894 3073
894 3181
894 3664
894 3920
894 3957
894 4507
895 1227
895 1228
895 1558
895 1654
895 1699
895 1877
895 2057
895 2392
895 2599
895 2861
895 3104
895 4432
895 4481
895 4926
896 1208
896 1324
896 2260
896 4809
897 1222
897 1340
897 1800
897 3095
897 4222
897 4381
898 1953
899 1333
899 3255
899 3820
899 3943
900 3454
900 3735
900 4229
902 1220
902 1561
902 4500
904 1874
904 1903
904 2275
904 2420
904 2472
905 2089
905 2440
905 2617
905 2994
905 3395
905 4212
905 4633
906 1231
906 2873
907 994
907 2606
908 1166
908 1186
908 1535
908 1614
908 2211
908 2908
908 3966
909 2206
909 3715
910 1373
910 2578
911 1636
911 1842
911 2498
911 2662
912 996
912 1055
912 1925
912 1943
912 2182
912 2513
912 4305
912 4906
913 1846
913 2147
913 2767
913 3277
913 3861
914 933
914 1113
914 1511
914 2827
914 3394
914 3986
916 1843
916 2088
916 4246
917 978
917 1246
917 1312
917 2072
917 2259
917 2823
917 3942
918 1643
918 2819
918 3012
918 3386
918 4095
918 4216
918 4798
919 1662
920 1337
920 4474
921 1827
921 2929
922 2254
922 3288
922 3517
923 955
923 1332
923 2243
923 4077
923 4895
924 1114
924 2247
924 3218
924 3243
924 4602
924 4953
925 970
925 3624
925 4892
926 1113
926 1896
926 2238
926 3128
926 3185
926 3544
927 1199
927 1359
927 1550
927 1932
927 2271
927 4010
927 4343
928 1488
928 1527
928 1716
928 2890
928 3682
928 4727
928 4828
929 2455
929 2730
929 2808
929 3562
929 3595
929 3975
929 4057
929 4491
930 1008
930 1233
930 2575
931 1049
931 1599
931 3568
932 2895
933 1400
933 1885
933 2225
933 3422
934 1547
934 2133
934 4898
935 2903
935 4340
936 1442
936 3259
936 3601
937 1281
937 1718
937 2481
937 2503
937 4393
937 4458
938 1906
938 2303
938 3924
938 4292
939 2994
939 2996
940 2399
940 2886
940 3349
941 1585
941 1682
942 1442
942 1484
942 1641
942 1976
942 2035
942 4502
943 3843
946 1952
948 1376
948 2199
948 2212
948 2384
948 2968
949 1012
950 4170
951 3493
952 1938
952 2260
952 2604
952 3973
953 2673
954 3883
955 1109
955 2430
955 3219
955 3557
955 3750
956 1852
956 4081
956 4547
956 4674
957 1067
957 4371
958 1293
958 2307
958 3506
958 3575
959 1677
960 1019
960 1216
960 1323
960 2396
960 2598
961 1633
961 1691
962 1661
963 985
963 2158
964 1439
965 2287
965 2481
965 3685
966 979
966 2274
966 2923
967 1090
967 1385
967 2060
967 2451
967 3684
967 4387
969 1133
969 1291
969 1522
969 1998
969 2238
969 2766
969 3262
969 3364
969 3816
969 3990
969 4121
969 4281
969 4474
969 4616
970 1475
970 2710
970 3527
970 4219
970 4846
971 1334
971 1453
971 1454
971 1946
971 2367
971 3302
971 3702
971 4076
971 4623
972 1362
972 2046
973 1800
973 3531
974 1435
974 4607
975 1632
975 4321
976 2137
976 2311
976 3417
976 3728
976 4659
977 1290
977 2309
977 4333
978 4467
979 1030
979 1502
979 1912
979 1951
979 1966
979 4248
981 2685
981 2932
981 3459
981 3898
981 4946
982 1132
982 1341
982 1605
982 2597
982 2987
982 4784
983 2915
984 1002
985 1644
985 2630
985 3830
985 3991
985 4467
986 2197
986 2755
986 3207
986 4279
987 2888
987 4401
988 4364
989 2900
989 3402
990 2337
990 3756
990 4261
991 1243
991 1840
991 3904
992 1170
992 1173
992 1192
992 1510
992 1554
992 1875
992 2010
992 2111
992 2118
992 2336
992 3208
992 3489
992 3525
992 3680
992 3701
992 3743
992 3796
992 4007
992 4625
993 1143
993 1785
993 3060
994 1094
994 1344
994 1436
994 2066
994 2894
994 3886
994 4118
994 4379
994 4845
995 1302
996 1441
996 1534
996 1927
996 4707
996 4781
997 1062
997 1563
997 1615
997 2324
997 2332
997 2829
997 4126
999 1520
999 2528
999 2626
1000 1295
1000 3373
1000 3669
1001 2768
1002 1624
1002 2049
1002 2250
1002 4150
1003 1159
1003 1434
1003 1947
1003 2166
1003 4372
1003 4598
1004 3192
1004 4015
1005 1451
1005 2332
1005 2613
1005 2881
1005 4182
1006 1100
1006 1245
1006 1390
1006 1462
1006 1529
1006 1555
1006 4020
1006 4117
1006 4855
1007 1045
1007 2838
1008 1960
1008 3911
1010 1587
1010 2338
1010 2552
1010 2587
1010 2742
1010 2883
1010 3587
1010 3992
1010 4165
1010 4250
1011 1236
1011 1356
1011 2525
1011 2631
1011 3605
1012 1643
1012 2709
1013 1166
1013 2282
1013 2582
1013 3415
1013 3993
1013 4172
1014 1407
1014 1736
1014 1745
1014 2854
1015 3852
1016 1708
1016 3022
1016 3718
1017 2032
1018 1097
1018 1361
1018 1745
1018 2321
1018 2724
1018 3078
1019 2159
1019 2854
1019 3405
1019 4049
1019 4780
1020 1920
1020 2173
1020 3481
1020 3561
1020 4643
1021 1234
1021 1265
1021 1412
1021 2498
1021 2831
1021 3288
1021 3996
1021 4860
1022 1174
1022 1417
1022 1501
1022 1620
1022 2646
1022 3740
1022 3928
1022 4191
1022 4700
1023 4100
1024 2732
1024 3879
1024 4292
1024 4380
1024 4586
1025 2122
1026 1808
1026 2805
1026 3642
1027 1032
1027 1381
1027 1579
1027 4843
1028 1576
1028 1848
1028 2310
1028 3048
1030 1204
1030 1443
1030 1447
1030 1459
1030 1579
1030 2190
1030 2760
1030 3201
1030 4059
1030 4147
1030 4162
1032 1818
1032 3311
1032 3940
1034 1237
1034 1258
1034 2145
1034 2322
1034 3309
1034 3566
1034 3678
1035 4698
1036 3841
1037 1802
1037 1832
1037 2669
1037 3937
1037 4577
1037 4717
1038 1327
1038 1380
1038 1688
1038 1878
1038 2580
1038 3341
1038 3495
1038 4675
1039 1170
1039 1704
1039 1910
1039 3807
1039 3893
1039 4344
1040 1266
1040 1384
1040 1433
1040 4454
1040 4544
1041 1416
1041 2645
1041 2764
1042 1401
1042 2251
1042 2369
1043 3233
1043 3278
1043 4039
1044 1060
1046 1298
1047 2196
1047 4140
1048 1593
1048 2366
1048 2546
1048 4148
1049 1355
1049 1879
1049 4149
1050 2875
1050 3137
1051 1567
1051 4343
1052 1098
1052 1420
1052 2514
1052 3562
1053 1054
1053 2197
1054 2478
1054 3022
1054 3401
1055 1382
1055 2045
1055 2912
1056 1214
1056 2144
1056 4107
1056 4847
1057 1363
1057 1454
1057 1597
1057 2051
1057 2393
1057 2431
1057 2557
1057 2756
1057 3298
1057 3330
1057 3353
1057 3392
1059 1594
1059 2224
1059 2281
1059 3051
1059 4173
1059 4201
1060 1857
1060 2886
1060 3163
1060 3739
1061 1074
1061 1205
1061 1271
1061 2541
1061 4055
1061 4423
1063 1212
1063 2298
1063 2866
1064 1805
1064 2331
1064 2579
1064 3058
1064 3408
1064 4608
1065 1230
1065 1287
1065 3675
1065 3804
1065 4795
1066 2181
1066 2703
1066 4896
1067 1706
1069 1199
1069 4798
1070 2315
1070 4421
1071 2068
1071 2218
1071 2258
1071 3222
1072 1122
1072 1336
1072 1396
1072 1742
1072 1923
1072 2231
1072 3187
1073 4302
1074 1246
1074 1368
1074 1669
1074 1832
1074 1957
1074 2165
1074 2535
1074 2954
1074 3081
1074 3998
1074 4645
1075 1083
1075 1400
1075 1471
1075 1491
1075 2404
1075 4394
1076 1142
1076 1909
1076 2046
1077 3727
1077 4876
1078 2138
1078 3399
1078 4905
1079 1134
1079 1592
1079 2294
1079 2704
1080 1531
1080 1626
1080 1667
1080 2318
1080 2483
1080 2917
1080 2941
1080 2987
1080 4595
1081 1950
1081 3217
1081 3514
1081 3626
1082 1827
1083 1130
1083 2883
1084 1123
1084 1173
1084 1175
1084 1438
1084 1509
1084 1528
1084 1532
1084 1731
1084 1737
1084 2644
1084 3130
1084 3295
1084 4220
1084 4704
1085 1825
1085 1844
1085 2228
1085 2558
1085 3888
1086 1655
1086 1707
1086 3637
1087 2746
1087 2819
1088 2586
1088 4464
1090 1157
1090 1347
1090 3167
1090 3359
1090 4472
1090 4731
1091 1197
1091 1263
1091 2639
1091 3150
1091 3229
1091 3328
1092 2607
1092 3101
1093 2511
1094 1251
1094 1782
1094 2316
1094 2790
1094 3027
1094 3245
1094 3945
1094 3955
1094 4808
1095 3188
1095 4435
1096 4863
1097 1319
1097 3339
1097 3408
1098 1616
1098 4042
1099 1409
1099 1795
1099 2114
1099 2215
1099 2379
1099 2454
1099 3830
1099 4814
1100 3968
1101 1868
1102 1165
1102 2777
1103 1251
1103 4017
1105 1768
1105 2601
1105 2616
1105 2781
1105 4195
1106 2437
1106 4499
1106 4591
1107 1119
1107 2486
1107 3348
1107 4053
1108 1159
1108 1734
1108 2427
1108 3335
1108 4861
1109 2157
1109 2263
1109 2283
1109 3116
1109 3228
1109 4155
1109 4628
1110 1147
1110 1535
1110 1870
1110 2276
1110 2760
1110 3398
1110 3958
1110 4081
1111 2963
1111 3460
1111 3941
1112 1506
1112 1749
1112 1851
1112 2789
1112 3763
1112 3922
1114 1283
1114 1623
1114 1789
1114 2333
1114 2897
1114 3380
1115 4922
1116 4897
1117 1983
1117 4102
1117 4340
1118 2534
1119 2483
1119 3385
1120 1414
1120 1534
1120 1856
1121 1360
1121 2978
1121 3149
1121 3452
1121 3837
1121 4404
1121 4473
1121 4911
1122 1229
1123 1513
1123 2113
1123 2209
1123 2229
1123 3320
1124 1266
1124 1636
1124 2169
1124 2263
1124 4923
1125 3359
1125 3892
1126 2636
1126 3988
1127 2426
1127 2693
1127 3050
1128 1567
1129 3014
1130 1887
1130 2394
1130 2504
1130 2668
1132 2246
1132 2270
1132 2824
1132 3149
1133 2000
1134 3211
1135 1541
1135 2585
1135 2769
1135 2863
1135 3107
1135 3733
1135 4565
1135 4858
1137 1683
1138 3613
1139 1184
1139 2180
1139 2952
1139 3060
1139 3425
1140 4164
1140 4231
1142 1245
1142 2254
1142 2549
1143 1729
1143 2259
1143 2342
1143 2863
1143 3479
1143 4813
1144 2017
1144 2914
1144 3089
1144 3098
1144 3717
1145 1555
1145 2680
1145 4913
1146 1206
1146 1529
1146 2614
1148 1158
1148 1342
1148 2033
1149 2513
1149 3517
1150 1423
1150 2937
1150 4641
1151 1563
1151 3905
1151 4868
1152 2724
1152 2744
1152 3611
1152 4721
1152 4834
1153 1372
1153 1427
1153 1440
1153 2978
1153 4469
1154 1819
1154 1863
1154 1936
1154 2106
1154 2231
1154 2603
1154 2737
1154 3240
1154 3265
1154 3625
1154 4076
1154 4414
1154 4918
1156 1348
1156 2233
1156 2627
1157 1362
1157 1678
1157 1940
1157 2961
1157 3368
1158 1433
1158 1444
1158 1587
1158 1972
1158 2836
1159 1336
1159 1724
1159 2276
1159 3740
1159 4764
1160 1483
1160 1602
1160 2127
1160 3164
1160 4364
1161 1557
1161 3538
1162 1174
1162 1355
1162 3172
1162 3595
1162 4878
1163 2204
1163 4460
1163 4767
1164 3090
1166 3641
1168 1821
1168 3759
1168 4914
1169 1548
1169 4129
1170 1701
1171 1386
1171 1638
1171 1796
1172 4032
1173 2273
1174 1363
1174 2236
1174 2904
1174 3190
1174 3981
1174 4014
1174 4288
1174 4466
1175 4492
1176 2100
1176 2362
1176 4744
1177 1289
1177 1321
1177 1741
1177 1863
1177 3189
1178 1349
1178 1799
1178 2887
1179 1471
1179 2184
1179 2757
1179 2829
1179 4456
1179 4849
1180 1263
1180 1521
1180 1777
1180 1962
1180 4183
1180 4245
1181 2053
1182 1954
1182 2003
1182 2357
1182 2624
1182 3499
1182 4469
1183 2600
1183 4421
1184 2279
1184 2445
1184 2726
1185 2637
1186 2486
1186 3846
1186 4102
1187 1543
1187 1603
1188 2788
1188 2793
1189 1224
1189 2844
1189 3235
1190 3108
1191 1262
1191 1599
1191 1884
1191 2811
1191 2862
1191 3193
1191 3292
1191 3335
1191 3600
1191 4555
1192 1354
1192 2675
1192 3471
1193 2501
1193 2639
1195 1381
1196 1228
1196 1752
1196 2446
1196 3121
1196 3153
1196 3622
1196 4441
1197 1654
1197 2113
1197 3383
1197 4406
1197 4449
1198 1480
1199 2280
1199 2283
1199 2559
1199 2629
1199 3279
1199 3615
1200 1215
1200 1279
1200 1474
1200 1485
1200 3932
1200 4534
1200 4711
1201 1418
1201 1443
1201 1705
1201 3014
1202 1523
1202 1594
1202 1908
1202 3439
1202 4339
1204 1268
1204 2597
1204 2734
1204 3384
1205 1325
1205 3840
1206 2004
1206 2436
1207 1354
1207 1531
1207 1766
1207 1928
1207 2219
1207 3116
1207 3192
1207 3301
1207 3389
1207 3618
1207 3652
1207 3769
1207 4060
1207 4063
1207 4208
1207 4300
1207 4393
1207 4496
1210 1985
1210 2044
1210 4505
1210 4654
1211 3569
1212 1529
1212 1567
1212 4639
1212 4667
1213 2277
1213 2812
1213 2858
1214 2298
1214 4921
1215 1551
1215 1640
1215 2244
1215 3745
1215 4880
1216 2461
1217 2715
1217 2733
1218 1869
1218 2602
1218 2791
1218 3071
1218 3099
1218 3809
1218 4323
1219 2764
1219 3167
1219 3963
1219 4668
1220 1276
1221 1384
1221 2257
1221 3672
1222 1232
1222 1628
1222 1665
1222 1939
1222 2108
1222 2252
1222 2557
1222 2725
1222 2753
1222 3316
1222 3663
1222 4871
1223 1648
1223 1994
1223 3709
1223 4052
1224 1892
1224 3875
1225 1364
1225 2099
1225 3463
1225 4002
1226 1553
1226 1887
1226 2304
1226 3100
1226 3250
1226 3945
1226 4248
1227 4215
1228 2088
1228 2315
1228 2601
1228 2714
1228 4596
1229 3040
1229 4389
1230 2090
1230 4363
1231 2362
1231 2446
1231 3461
1231 3549
1231 3803
1231 4902
1232 1271
1232 1460
1232 2369
1232 2881
1232 3817
1232 4200
1233 1581
1233 2165
1233 2528
1233 3988
1233 4044
1233 4805
1234 1747
1234 2651
1234 3600
1234 3636
1234 3653
1234 3870
1234 4037
1235 4942
1236 1388
1236 1589
1236 1921
1236 3866
1236 3910
1236 4909
1237 1574
1237 2168
1238 3758
1239 3117
1239 3120
1239 4799
1240 2860
1240 3485
1240 3621
1240 3861
1241 1843
1241 3410
1241 3538
1241 4661
1242 1498
1242 3503
1242 4065
1243 1353
1243 3278
1243 3446
1244 1749
1244 1792
1244 1845
1244 3185
1244 3353
1244 3356
1244 3365
1244 3432
1244 3496
1244 4683
1245 2450
1246 1619
1246 1754
1246 2512
1246 2539
1246 3360
1246 4691
1247 1962
1247 2390
1247 2842
1247 3711
1247 4937
1248 1624
1248 3333
1248 3480
1248 3666
1248 4047
1248 4477
1249 4139
1249 4289
1251 1435
1251 1519
1251 1549
1251 2411
1251 4011
1251 4402
1252 1901
1252 1935
1252 2505
1252 3364
1252 3429
1252 4344
1252 4367
1252 4589
1252 4766
1253 1569
1253 1666
1253 3665
1253 4269
1253 4538
1253 4550
1254 4486
1255 3386
1255 3496
1256 1570
1257 3213
1258 2556
1258 3506
1259 3101
1259 4512
1259 4862
1261 1623
1261 1981
1261 2056
1261 2227
1261 2439
1261 2564
1261 3246
1261 4701
1262 2200
1262 3374
1263 1811
1263 3194
1263 3256
1263 3918
1263 4314
1263 4526
1264 1375
1264 3028
1264 4882
1265 1318
1265 1361
1265 1413
1265 1532
1265 1545
1265 1791
1265 2810
1265 2835
1265 3464
1265 3741
1265 4557
1266 2017
1266 3812
1267 4003
1268 4613
1269 1895
1269 4851
1269 4939
1270 2088
1271 1845
1271 2992
1271 4439
1272 2350
1273 3423
1273 3540
1274 1329
1274 1629
1274 1959
1274 2018
1274 3409
1274 3590
1274 3600
1274 3602
1274 4192
1275 1484
1275 2565
1275 2652
1275 3088
1275 3285
1275 3472
1275 3961
1275 3977
1276 2239
1276 2780
1276 4086
1277 3380
1278 1373
1278 1715
1278 2098
1278 4284
1279 1605
1279 1906
1279 2092
1279 2094
1279 2178
1279 3071
1280 2196
1281 1475
1281 1608
1281 3443
1282 3267
1283 2374
1283 3062
1283 3704
1283 4642
1284 1459
1284 2038
1285 1834
1285 2628
1285 4422
1286 2407
1286 4312
1286 4504
1286 4566
1287 2220
1287 3469
1287 3502
1287 4473
1287 4488
1288 4232
1289 1734
1289 3694
1289 4383
1290 2665
1291 1476
1291 3726
1292 2313
1292 3855
1292 4517
1293 1904
1293 3205
1293 4950
1294 3245
1294 3863
1295 2437
1295 2622
1295 3314
1295 3477
1296 1821
1296 1941
1296 1949
1296 3142
1296 4442
1297 1459
1297 1747
1298 1893
1298 2101
1298 2409
1298 3206
1298 3643
1298 3842
1298 4299
1298 4388
1299 1314
1299 1891
1299 2335
1299 2362
1299 2454
1299 2593
1299 2980
1299 3126
1299 3146
1299 3241
1299 3379
1299 4054
1299 4089
1299 4116
1299 4138
1300 4035
1301 1922
1301 4137
1301 4493
1301 4612
1302 4936
1303 3294
1303 3352
1303 4004
1304 4360
1306 2028
1306 2181
1306 2750
1306 4681
1307 3162
1308 4075
1308 4747
1309 2689
1310 1550
1310 2749
1310 3211
1311 2353
1311 3674
1312 3278
1312 4235
1313 1579
1313 2455
1313 3232
1313 3248
1313 3367
1313 3959
1314 1798
1316 2139
1316 3328
1317 1344
1317 1758
1317 3780
1317 3784
1317 4453
1319 2243
1319 2588
1319 3440
1319 3554
1319 3946
1319 3982
1320 1799
1320 2675
1320 2839
1320 3967
1320 4927
1322 2956
1322 4894
1323 3290
1323 4371
1324 1891
1324 3190
1325 1663
1325 2267
1326 2543
1326 2712
1327 1499
1327 1679
1327 2299
1327 2562
1327 2610
1327 3758
1327 4301
1327 4747
1327 4756
1329 1453
1329 2232
1329 3072
1330 1410
1330 1875
1331 2170
1332 3094
1332 3148
1333 2316
1333 4392
1335 1574
1335 1722
1335 1744
1335 2360
1335 2595
1335 2776
1335 2844
1336 1626
1336 2909
1336 3293
1337 2353
1337 3509
1337 4507
1338 4732
1339 2211
1339 3425
1339 3578
1341 1711
1341 3167
1341 3583
1341 3696
1342 1965
1342 2717
1342 2837
1343 1368
1343 4471
1344 3428
1345 2073
1345 2716
1345 3365
1345 4893
1347 4033
1347 4175
1347 4669
1348 1873
1348 3296
1348 3424
1348 3889
1350 3132
1350 4581
1351 1776
1351 2162
1351 2874
1351 2880
1351 4784
1352 2009
1353 2297
1353 4016
1354 2025
1354 4101
1356 3812
1357 1857
1357 2135
1357 3057
1357 3170
1357 3237
1359 1850
1359 1979
1360 3303
1360 4324
1360 4501
1360 4876
1361 2585
1362 2369
1362 2501
1362 3499
1362 4497
1363 2271
1363 3841
1364 2464
1364 3902
1365 1901
1365 2489
1366 2105
1366 3175
1366 4142
1367 1723
1367 2033
1367 2047
1367 2435
1368 1485
1368 4331
1369 1852
1370 2001
1370 2756
1370 4706
1372 1899
1372 3077
1373 1573
1373 4711
1374 3093
1374 4836
1375 2466
1376 3130
1376 3916
1377 2223
1377 3371
1377 4697
1378 1489
1378 3242
1379 1627
1379 2140
1380 2952
1381 1779
1381 4214
1381 4338
1382 1437
1382 1448
1382 1882
1382 2348
1382 2654
1382 2866
1383 2068
1384 2736
1385 1767
1385 2293
1386 1457
1386 3242
1387 2785
1388 1520
1388 1832
1388 2283
1388 3136
1388 3761
1388 4786
1389 2334
1389 3043
1389 3312
1389 3755
1389 3888
1390 1448
1390 2127
1390 3473
1390 4393
1391 1450
1391 2241
1391 2574
1391 3890
1391 4474
1391 4552
1392 1540
1392 1681
1392 1781
1392 2000
1392 2365
1392 3070
1392 3421
1392 3993
1392 4459
1392 4491
1392 4601
1393 1596
1393 2569
1395 1413
1395 2347
1395 3214
1397 1467
1397 1899
1397 2120
1397 3193
1397 3242
1397 3792
1397 3832
1397 4822
1398 1586
1398 2834
1398 3566
1398 4561
1399 3083
1399 3089
1399 3253
1399 3793
1399 4687
1400 2028
1400 2810
1400 3112
1400 3128
1401 2792
1402 2876
1402 2904
1403 1559
1403 3956
1404 2473
1404 2490
1406 2480
1406 3546
1406 3646
1407 1508
1409 3901
1410 1524
1410 2239
1410 2911
1410 3403
1410 4502
1410 4891
1411 4829
1412 1596
1412 1926
1412 2135
1412 2177
1412 2880
1412 3157
1412 3312
1412 3318
1412 3490
1412 3873
1412 4323
1412 4621
1413 1704
1413 1864
1413 2128
1413 2705
1413 3112
1413 3123
1413 3220
1413 3784
1413 4273
1414 2024
1414 2213
1414 2920
1414 4057
1415 3215
1416 4508
1417 2411
1417 3209
1418 4236
1419 4049
1420 2234
1420 2360
1420 2628
1420 2834
1420 4113
1420 4335
1420 4925
1421 3688
1421 4217
1421 4603
1422 1524
1422 1940
1422 2286
1422 4150
1422 4709
1423 2823
1423 3236
1424 3165
1425 1653
1425 1697
1425 3909
1425 4096
1425 4119
1426 3509
1426 4179
1428 1671
1428 2223
1429 1822
1429 2438
1429 2964
1429 2977
1429 4873
1430 2053
1430 2856
1432 2013
1432 2097
1432 2596
1432 4537
1433 2125
1433 4216
1433 4675
1433 4843
1434 2085
1434 4608
1435 2694
1435 3253
1437 1965
1437 3074
1437 4190
1437 4427
1438 1816
1439 3064
1439 3779
1439 4002
1440 2221
1440 3575
1441 3512
1441 3537
1441 4773
1442 1730
1442 1917
1442 2074
1442 3119
1442 3223
1444 2426
1444 3049
1444 3323
1444 3627
1445 4811
1446 1807
1446 1833
1446 2365
1446 2935
1447 1544
1447 1726
1447 4245
1447 4450
1449 1630
1449 2129
1449 3435
1452 1918
1452 2091
1452 2845
1452 2964
1452 3046
1452 3374
1453 1562
1453 2521
1453 2768
1453 3966
1453 4878
1454 2224
1454 2613
1454 2700
1454 2719
1454 4465
1455 1597
1455 2907
1456 3113
1457 2543
1457 3143
1458 3994
1458 4639
1460 4406
1461 2267
1461 3036
1461 4249
1463 3134
1463 4291
1464 1606
1464 1771
1464 2825
1464 4065
1464 4277
1464 4827
1465 4631
1466 2383
1466 3453
1466 3460
1466 4413
1466 4725
1467 1582
1467 3572
1468 1779
1470 1838
1470 1970
1470 2409
1470 2696
1470 3650
1470 3956
1470 4259
1471 2429
1471 3644
1471 3816
1471 4748
1472 2116
1472 3500
1472 3841
1472 3898
1473 1751
1473 3179
1474 2064
1474 2753
1474 2872
1474 3308
1474 3739
1474 4368
1475 4522
1477 2350
1477 2511
1477 2786
1477 3012
1477 3105
1477 3243
1477 3775
1477 4644
1478 2244
1478 2649
1478 3337
1478 3960
1479 2789
1479 4413
1479 4772
1480 4010
1481 1850
1481 2698
1481 2753
1481 3065
1482 1573
1482 1659
1482 2462
1483 2278
1483 3953
1484 2683
1484 2726
1484 2738
1484 2868
1484 2894
1484 3615
1484 3630
1484 4202
1485 2269
1486 1919
1486 2531
1487 4135
1487 4167
1488 2207
1488 2468
1488 2476
1489 2331
1489 2941
1489 3322
1490 2048
1490 2361
1491 2488
1491 2581
1491 2596
1492 2580
1492 3769
1492 4723
1492 4925
1493 1631
1493 1675
1493 1733
1493 1788
1493 3033
1493 3439
1493 3883
1493 3923
1493 4944
1495 3348
1496 1975
1497 1802
1497 3294
1497 4132
1498 1891
1498 4880
1499 2065
1499 2478
1499 3388
1499 3782
1499 4575
1501 1512
1503 1610
1503 1731
1503 2388
1503 2427
1503 2892
1503 2905
1503 4916
1504 2809
1504 2982
1505 1584
1505 3535
1506 2529
1506 3675
1507 3470
1507 4833
1512 1971
1512 3128
1513 2046
1514 1732
1514 1867
1514 3627
1514 3691
1514 3832
1515 1548
1515 2192
1515 4368
1516 2190
1516 2687
1516 2794
1516 3026
1516 4040
1516 4565
1517 2154
1517 2916
1517 3614
1517 4267
1518 2077
1518 2230
1518 3689
1519 3241
1520 2695
1521 2118
1521 4932
1523 1815
1524 4222
1524 4302
1526 2566
1526 4048
1527 2066
1527 2373
1527 4321
1527 4844
1528 2341
1528 3319
1529 1863
1529 2550
1530 2394
1530 3521
1530 3993
1531 2842
1533 1622
1533 3158
1534 2325
1534 2518
1534 2970
1534 3550
1534 4709
1535 2169
1535 2294
1535 2647
1535 2827
1535 3011
1535 4329
1536 2467
1536 2478
1536 3494
1537 1714
1537 1959
1537 2652
1537 2859
1537 3438
1537 3480
1538 2931
1538 4211
1539 1672
1539 1760
1539 2687
1539 2991
1539 3965
1540 1609
1540 1614
1540 1686
1540 2007
1540 2973
1540 3240
1540 3274
1540 4650
1541 1800
1541 4001
1542 4353
1543 1830
1543 2295
1543 2340
1543 2894
1543 3868
1543 4097
1544 2357
1544 3390
1545 1746
1545 2475
1545 3244
1545 3866
1545 4685
1546 2708
1547 2133
1547 2401
1547 2797
1548 2647
1548 2812
1548 2877
1548 4064
1548 4212
1548 4359
1548 4589
1551 2011
1552 1686
1552 1842
1552 3356
1552 3842
1552 4089
1552 4160
1552 4294
1553 1619
1553 2375
1553 2484
1553 2920
1554 3748
1555 3132
1556 1777
1557 1698
1557 2512
1557 2875
1557 4425
1558 1988
1558 2957
1558 3776
1558 4297
1559 2215
1559 3612
1559 4506
1559 4572
1560 2085
1560 3354
1560 4056
1561 3946
1562 2421
1562 4317
1563 2345
1563 4869
1564 1661
1564 1962
1564 3099
1564 3222
1564 4516
1564 4650
1566 1676
1567 3135
1567 4546
1568 1644
1568 3783
1571 1718
1571 2353
1571 3138
1571 4670
1572 1668
1572 1775
1572 2000
1572 3476
1572 4023
1573 1686
1573 2612
1573 2661
1573 2890
1573 4351
1574 2361
1574 4075
1576 3924
1577 1761
1577 4201
1578 2071
1578 4331
1579 2999
1579 3467
1579 3618
1579 4705
1580 2317
1580 2377
1580 2501
1580 3197
1581 3196
1581 3411
1582 2789
1582 4480
1582 4604
1582 4737
1583 4257
1584 3997
1585 1725
1585 3695
1587 1912
1587 1923
1587 2059
1587 2329
1587 2544
1587 3601
1588 2305
1588 2526
1589 3678
1590 2384
1590 3554
1590 3802
1590 3847
1590 4202
1591 2330
1592 2020
1592 2364
1592 4464
1592 4676
1593 1883
1593 2738
1593 4332
1594 1987
1594 2361
1594 4792
1595 3260
1596 2065
1596 2738
1597 2707
1597 2798
1597 3874
1597 4800
1598 1692
1598 3029
1598 3030
1598 3432
1598 3701
1598 4199
1599 3522
1600 1680
1600 1865
1600 1866
1600 2689
1600 3009
1600 4564
1601 2518
1602 1778
1602 2041
1602 2171
1603 3266
1604 3539
1604 4106
1605 1733
1605 1840
1605 1871
1605 3274
1605 3422
1605 4801
1607 3796
1607 4562
1608 2163
1608 3427
1608 3911
1608 4133
1609 3471
1610 2677
1610 3479
1610 4848
1611 1957
1611 2761
1611 3498
1611 4556
1611 4920
1612 3357
1612 4024
1612 4063
1612 4518
1613 2044
1614 2130
1614 2980
1614 4459
1615 4023
1615 4196
1615 4330
1616 1980
1616 2793
1616 3073
1616 3401
1618 3737
1619 1897
1619 2122
1619 2218
1619 3580
1619 4786
1620 1992
1620 2634
1620 3773
1620 4157
1621 2470
1621 3366
1621 3664
1623 2245
1623 3571
1623 4526
1623 4918
1624 1995
1625 1946
1625 2187
1625 2940
1626 2220
1626 2371
1627 1847
1628 2124
1628 2822
1628 2826
1629 4365
1630 2176
1630 2721
1630 3875
1633 1713
1633 1934
1634 3436
1636 2941
1636 2993
1636 3329
1636 4480
1636 4786
1637 2901
1637 3811
1638 1739
1638 2355
1638 2781
1638 2893
1638 3145
1638 3339
1638 4756
1639 2399
1639 3048
1639 3704
1639 4489
1640 2205
1641 1916
1641 4563
1642 1764
1642 1854
1642 2532
1642 3277
1642 3497
1642 4846
1643 2002
1643 2334
1643 2967
1643 3767
1643 4185
1644 1689
1644 1803
1644 3191
1644 3412
1645 2519
1646 4240
1647 2780
1647 3396
1647 3469
1647 3725
1647 4370
1648 2590
1648 3445
1649 3052
1650 2475
1650 2666
1650 3314
1650 4077
1650 4427
1651 2380
1651 4771
1654 2403
1654 2873
1654 2997
1654 3285
1654 3313
1654 3525
1654 4581
1655 2269
1655 2313
1655 2539
1655 2612
1655 3251
1655 3400
1655 3472
1656 2947
1656 4647
1657 2402
1658 3258
1659 2841
1660 1922
1660 2733
1660 3345
1661 3215
1664 3940
1665 2093
1665 3801
1665 4094
1665 4405
1667 4433
1667 4592
1668 3115
1668 4396
1668 4563
1669 1868
1670 2148
1670 3308
1670 3315
1672 4771
1673 3746
1674 2137
1675 4437
1676 1964
1676 2116
1676 2638
1676 4406
1677 2367
1677 4545
1679 2825
1679 3442
1679 3588
1680 2272
1680 3468
1682 2800
1682 3711
1682 4833
1684 3429
1685 2098
1685 2697
1685 2971
1685 4434
1687 1967
1687 2383
1688 2655
1688 3089
1688 3247
1688 4551
1691 4377
1692 1900
1692 4468
1696 2076
1696 2549
1696 2788
1696 4626
1697 2081
1697 2161
1697 2917
1697 3094
1697 3554
1699 3522
1699 4888
1701 3183
1701 4311
1702 1834
1702 2930
1702 3222
1702 4106
1703 2015
1703 2442
1703 2456
1703 2542
1704 1807
1704 2591
1704 3570
1704 3961
1705 2296
1705 4753
1706 1926
1706 3511
1706 3922
1706 4415
1706 4649
1706 4767
1707 3397
1708 2528
1708 3436
1708 3528
1708 4330
1709 2016
1709 2432
1709 3478
1709 3682
1709 3750
1709 3910
1709 4035
1710 1748
1710 1920
1710 3030
1710 3688
1710 4279
1711 1868
1711 2840
1712 1925
1712 2248
1712 2767
1714 2571
1715 1740
1715 3251
1715 4210
1716 2778
1717 3414
1720 2744
1721 3959
1722 2508
1722 2949
1722 3223
1723 2724
1724 2783
1724 3110
1724 3168
1724 3377
1724 4203
1726 4804
1727 2380
1727 2605
1727 2759
1727 3371
1727 4752
1728 3194
1728 3482
1729 3090
1729 3560
1729 3817
1729 4111
1731 1761
1731 3161
1732 2757
1732 3048
1732 3141
1732 3338
1732 3848
1734 4829
1735 1944
1735 2172
1735 2245
1735 3179
1735 3648
1735 3705
1735 4045
1735 4173
1735 4939
1736 3951
1737 1892
1737 2281
1737 3462
1737 3507
1738 2876
1739 1830
1739 4498
1741 1932
1743 1855
1743 4614
1744 2330
1744 3014
1745 1850
1746 3188
1747 2373
1747 2937
1747 3134
1747 3706
1747 3765
1749 3381
1750 1835
1750 2535
1750 4511
1750 4797
1751 3316
1751 3806
1751 3865
1753 2345
1753 4462
1754 1977
1754 4938
1755 2363
1756 1858
1756 2143
1756 2191
1756 2969
1757 2344
1757 2686
1757 4154
1757 4430
1757 4741
1758 2514
1759 2816
1759 3063
1759 3400
1759 3681
1760 2536
1760 2816
1760 4039
1760 4273
1761 1981
1761 2164
1761 2904
1761 2975
1761 3159
1761 4420
1762 3661
1764 4294
1765 2226
1765 3832
1765 4284
1766 2043
1771 1914
1772 1812
1772 4516
1773 2355
1776 3774
1776 4781
1777 1945
1780 2694
1781 2844
1781 3302
1781 3388
1781 3533
1781 3964
1782 2739
1783 3055
1783 3151
1783 3617
1783 4667
1784 2983
1784 3132
1785 2659
1785 4563
1786 2364
1786 3411
1786 3616
1787 4352
1788 3026
1788 3957
1788 4796
1789 2300
1789 3692
1791 2468
1792 2813
1792 3123
1792 4094
1793 3005
1793 4060
1793 4647
1794 1992
1794 4383
1797 2972
1797 3607
1797 4105
1798 2272
1799 3513
1800 4230
1801 2150
1801 2246
1801 3586
1801 4785
1802 1994
1802 2300
1802 3629
1802 4003
1803 1984
1803 4653
1804 3300
1804 3676
1806 1843
1806 1908
1806 2839
1806 3732
1809 2623
1809 4531
1810 1902
1810 3952
1811 2988
1811 4819
1813 3477
1813 3800
1815 3301
1815 3968
1816 4129
1818 3879
1820 2020
1820 2055
1820 2755
1821 2320
1821 4411
1822 1969
1822 2145
1822 2318
1822 2499
1822 3486
1822 3686
1822 4068
1823 3582
1823 4642
1824 1972
1824 4403
1825 2052
1825 3187
1825 3753
1825 4069
1825 4887
1827 3855
1827 4204
1828 2611
1828 4820
1829 4194
1832 2681
1832 4714
1834 2155
1834 2203
1834 2730
1834 3227
1834 4897
1836 3225
1838 2311
1838 4038
1839 2073
1839 3074
1841 2719
1841 4217
1841 4576
1842 2906
1842 3773
1842 4215
1842 4545
1843 2171
1843 2839
1844 3203
1844 3451
1845 3504
1845 4322
1847 2190
1848 2800
1848 3843
1848 4738
1851 2563
1851 3964
1851 4822
1852 2494
1852 2851
1852 4011
1852 4050
1852 4111
1852 4741
1854 3819
1855 2441
1855 3003
1855 3146
1855 3335
1855 4123
1856 2576
1856 2761
1856 3125
1856 4141
1857 4926
1858 2913
1859 2349
1860 2739
1860 4526
1861 2288
1861 2902
1861 2990
1861 4820
1862 2210
1862 2282
1862 3872
1863 2440
1864 2559
1864 3698
1864 4178
1865 2174
1866 2381
1868 4900
1869 4403
1869 4782
1871 2502
1871 3121
1871 4353
1872 2056
1872 3020
1872 3319
1872 3783
1872 3856
1873 2078
1875 1931
1875 2102
1875 2339
1875 2545
1875 3543
1875 3621
1875 4595
1875 4679
1875 4818
1876 2308
1876 3619
1876 4036
1877 2375
1877 2510
1879 4051
1879 4152
1881 3567
1882 2934
1885 3717
1886 3029
1887 2019
1887 2106
1887 2151
1887 3233
1887 4276
1887 4713
1888 1934
1889 2749
1889 3263
1890 3324
1890 4009
1890 4137
1891 3004
1893 2547
1893 3054
1893 3067
1893 3127
1894 3321
1895 2131
1895 2620
1895 3890
1896 2452
1896 4399
1898 3316
1898 3519
1899 2580
1900 1964
1901 2815
1901 3142
1901 3575
1901 3874
1901 3939
1901 4337
1901 4718
1901 4810
1904 2692
1905 2173
1905 2196
1906 2087
1906 2425
1906 3755
1907 2203
1907 3826
1907 4035
1907 4763
1911 2035
1911 2105
1911 2227
1911 2267
1911 2296
1911 2570
1911 3703
1911 3785
1911 4388
1912 2487
1912 3982
1913 2404
1913 2716
1913 3510
1913 3736
1913 4815
1914 2787
1914 2848
1915 2147
1915 2656
1915 4202
1915 4606
1915 4901
1916 3630
1917 2719
1917 3768
1918 2223
1918 2797
1919 3588
1920 2205
1920 2491
1920 2532
1920 2663
1920 3322
1920 4566
1921 3170
1922 3797
1923 4579
1924 2158
1924 3512
1925 2621
1925 3287
1925 3406
1926 1979
1926 3492
1928 3075
1929 2799
1929 2984
1929 4644
1929 4656
1931 3730
1932 2939
1934 3226
1934 3782
1935 2141
1935 2149
1935 2553
1935 2718
1935 2944
1935 3943
1938 3697
1938 3889
1939 2083
1939 2889
1939 4008
1939 4479
1940 3426
1940 4134
1941 2286
1942 3013
1942 3380
1944 2012
1944 3548
1944 3690
1945 2179
1948 3237
1948 3908
1948 4052
1950 2086
1950 2524
1953 2754
1953 3136
1953 3437
1953 4307
1953 4570
1954 2506
1954 4263
1957 4262
1958 2076
1958 2479
1958 2536
1958 3256
1959 2637
1959 3394
1959 3984
1959 4073
1960 2469
1961 3183
1962 2290
1962 3513
1963 2870
1963 4278
1968 4200
1970 3873
1972 2835
1972 2853
1972 3599
1972 3765
1973 4291
1974 2460
1974 3013
1974 3186
1976 4203
1979 2081
1980 2547
1980 2895
1980 4158
1980 4363
1981 2169
1981 3805
1982 2051
1982 2060
1982 2433
1982 2977
1982 3470
1982 3732
1984 3508
1984 3768
1985 4444
1985 4551
1986 2157
1986 3227
1986 3233
1986 3590
1986 4159
1987 2656
1987 4314
1987 4677
1989 4198
1989 4876
1990 2072
1990 2735
1990 3363
1990 3851
1992 3416
1993 2260
1993 4127
1993 4278
1994 2006
1994 2085
1994 3507
1995 2347
1995 4544
1996 3558
1997 2328
1998 2356
1998 3156
2000 4847
2001 2574
2001 4028
2002 2775
2002 2974
2002 3813
2002 4431
2003 2187
2003 2342
2003 2674
2003 3804
2003 4689
2004 3344
2005 3533
2005 3561
2005 4688
2006 4174
2006 4680
2007 4454
2010 2420
2010 4282
2010 4854
2012 2237
2012 2452
2012 3959
2013 3829
2013 4770
2014 2874
2015 2163
2015 2166
2015 2588
2015 3182
2015 3834
2015 4306
2015 4835
2016 2794
2017 3191
2017 3203
2017 3716
2017 3749
2018 2067
2018 3447
2019 2141
2020 2125
2020 2378
2020 3168
2020 3919
2021 2898
2024 2655
2024 3608
2024 3688
2025 4114
2026 2257
2026 4657
2027 3373
2028 2199
2030 2422
2030 2743
2030 3052
2030 3942
2030 3979
2030 4776
2030 4914
2032 2436
2032 2520
2032 2791
2032 2911
2033 2062
2033 2866
2033 3033
2033 3161
2033 3707
2034 2919
2034 4099
2034 4916
2035 2272
2035 3150
2036 3190
2036 4506
2036 4822
2037 2499
2038 4410
2039 3851
2040 2087
2040 2214
2040 3772
2041 2572
2041 3347
2043 2888
2043 3684
2043 4113
2044 4699
2047 2495
2047 3489
2047 3614
2047 3738
2047 3872
2048 4028
2050 2176
2050 3533
2050 3786
2051 4180
2053 3249
2053 3317
2054 2929
2055 3310
2055 3422
2056 2541
2056 3303
2056 3431
2056 4620
2056 4757
2057 3456
2058 2610
2058 3401
2059 3368
2059 3637
2060 2070
2061 2918
2061 4091
2062 2585
2062 2688
2062 4593
2062 4805
2062 4823
2064 2887
2064 4919
2066 2280
2066 4792
2067 2787
2067 4213
2068 3096
2068 4550
2070 4346
2072 3031
2074 2886
2075 3161
2077 3463
2077 4050
2077 4126
2078 2600
2080 2850
2081 3459
2081 4116
2085 3949
2086 2664
2086 3068
2086 4127
2086 4527
2087 2709
2088 2568
2088 3938
2088 4618
2089 4590
2090 2625
2091 3250
2091 3552
2092 3839
2093 2688
2094 4065
2096 2102
2096 2309
2096 4210
2097 3433
2097 4087
2097 4631
2098 4407
2100 2958
2100 3131
2100 3212
2101 2326
2102 2921
2103 2458
2104 2651
2105 2957
2105 2960
2105 3475
2105 3639
2105 4484
2108 3265
2109 3333
2109 3900
2110 2924
2110 3246
2111 2557
2111 3733
2111 3859
2111 3998
2111 4120
2113 2164
2113 4301
2115 2471
2115 3466
2116 2148
2116 2744
2117 2168
2117 2402
2117 3137
2117 4676
2118 4911
2119 3180
2119 4882
2121 2462
2122 2723
2127 3059
2127 3143
2128 3025
2129 3079
2130 2902
2131 2951
2131 3110
2131 3355
2131 4373
2133 3936
2134 2699
2134 4180
2134 4324
2135 2377
2135 2480
2135 3155
2135 4648
2135 4672
2136 2393
2137 3523
2137 4111
2138 2428
2138 4656
2139 2529
2139 3029
2141 4470
2141 4663
2143 2240
2143 4250
2144 4720
2145 2400
2145 2567
2145 3414
2146 2371
2146 2762
2147 3508
2147 3994
2147 4055
2147 4126
2147 4478
2148 2314
2148 2704
2149 2873
2149 3308
2149 3661
2149 4810
2150 3004
2151 2747
2151 3197
2151 3544
2151 3555
2156 2959
2156 3790
2157 2874
2157 4855
2159 2388
2159 2573
2159 4736
2160 3462
2161 3158
2162 2183
2163 3767
2163 4949
2165 2827
2166 3117
2166 4180
2166 4368
2166 4619
2166 4908
2168 2581
2169 2558
2169 4248
2170 3318
2170 4487
2171 2805
2171 4520
2172 3293
2173 2614
2173 4640
2175 3171
2175 3917
2175 4291
2175 4381
2177 2465
2177 2470
2177 2725
2178 2311
2179 2561
2179 3647
2179 4679
2181 3926
2182 2392
2182 2885
2183 2667
2187 4573
2187 4738
2187 4918
2188 2338
2189 2479
2190 2484
2190 2489
2190 3860
2191 3530
2193 3931
2195 2530
2195 4493
2196 3265
2197 3062
2197 3718
2197 4023
2198 3524
2198 4519
2199 3798
2199 4382
2200 4387
2201 2261
2201 3263
2202 3214
2202 4380
2202 4946
2203 4610
2203 4892
2204 3258
2205 4132
2205 4185
2206 2509
2206 3390
2206 4586
2207 2418
2207 3015
2207 4739
2208 2906
2208 4545
2210 2677
2210 2918
2210 3343
2210 4276
2212 3216
2212 3297
2214 3795
2214 4642
2215 4606
2216 4219
2217 4365
2217 4703
2218 3240
2218 3549
2219 2382
2220 3041
2220 3135
2221 2549
2221 4634
2222 2711
2223 4735
2224 2416
2224 3795
2225 3558
2226 4040
2227 2447
2228 3650
2228 3912
2229 3580
2229 3927
2230 2410
2230 3057
2230 3415
2231 2702
2234 3327
2238 2317
2238 2398
2238 4533
2239 3854
2242 4849
2242 4875
2243 2868
2243 3789
2247 3330
2248 2544
2250 3224
2250 4362
2252 4290
2253 4832
2253 4883
2254 3626
2255 2618
2255 4006
2256 2433
2257 3556
2258 3019
2258 4358
2258 4791
2259 2943
2259 3543
2259 3545
2259 3649
2259 3996
2259 4134
2260 2379
2260 2429
2260 2624
2260 3138
2262 3428
2263 2608
2264 2795
2264 3588
2264 4306
2265 2640
2267 3576
2267 3896
2267 3909
2267 3974
2267 4295
2268 2594
2269 2550
2270 3730
2272 3248
2277 2573
2278 3074
2279 2579
2279 2587
2279 3725
2279 4585
2280 2510
2280 3158
2283 2765
2283 3926
2284 3529
2284 4259
2285 3251
2285 4266
2285 4600
2286 3450
2286 4385
2287 2722
2287 3565
2288 3337
2288 3928
2291 2485
2291 2766
2292 3701
2292 4532
2293 3220
2294 4082
2295 2538
2296 3407
2297 3794
2298 2865
2299 4734
2300 2732
2300 3474
2301 3457
2301 3817
2304 2731
2304 3095
2305 3232
2305 3273
2308 4295
2308 4537
2308 4691
2309 2843
2309 3863
2310 3287
2311 3607
2311 4618
2313 2589
2313 3983
2313 4360
2314 4288
2315 3934
2316 3424
2316 4150
2317 2535
2318 2698
2318 4106
2319 3619
2319 3847
2320 3601
2320 4196
2321 4521
2321 4705
2322 3387
2325 2814
2325 3435
2327 3229
2329 2386
2329 2974
2329 4850
2330 2336
2330 3199
2330 4187
2331 2403
2335 3953
2335 3999
2335 4341
2337 3699
2338 4652
2344 3995
2345 2801
2347 2658
2347 4951
2348 2533
2348 2915
2348 2961
2349 3182
2349 4345
2350 3198
2352 4681
2353 3517
2354 3917
2355 3176
2355 3315
2355 4385
2355 4929
2356 4160
2358 2459
2359 2464
2359 3005
2359 4535
2360 3656
2361 3833
2362 4290
2363 2410
2363 2723
2364 2588
2364 2847
2365 4517
2366 3886
2368 4674
2370 4459
2372 3216
2372 4014
2373 3802
2373 4270
2374 4229
2380 2691
2381 3269
2381 3555
2382 4720
2383 2476
2383 2798
2384 4353
2385 2755
2385 3286
2386 2614
2389 3052
2389 3171
2389 3838
2392 2456
2392 2891
2395 3706
2396 2831
2397 3063
2399 3597
2401 3292
2401 3371
2402 3114
2402 3542
2403 3798
2403 4158
2405 2804
2405 3195
2405 4051
2405 4682
2407 3219
2407 4327
2408 4638
2411 2838
2411 3871
2411 4750
2411 4945
2412 2660
2413 4234
2413 4872
2414 4833
2416 3201
2416 3891
2416 4281
2416 4704
2418 2615
2418 3015
2420 3024
2420 3344
2420 3831
2421 3739
2425 4224
2425 4749
2426 3018
2427 2772
2427 2824
2427 4702
2429 3066
2432 3876
2433 4286
2434 2445
2436 3799
2436 3962
2436 4952
2437 2717
2437 4852
2439 4265
2440 3230
2440 3780
2441 2903
2441 4033
2441 4677
2442 4454
2445 2909
2445 2948
2445 3446
2445 4031
2446 3016
2446 3334
2449 3893
2451 4011
2451 4680
2452 2877
2453 3133
2455 4627
2458 2521
2459 3049
2459 4779
2460 4394
2461 4782
2462 2717
2462 3299
2464 2503
2464 3857
2464 4238
2465 4655
2467 3423
2467 4374
2468 4204
2468 4452
2469 3205
2470 2770
2470 2803
2470 3678
2470 4246
2471 3809
2472 3693
2472 4412
2473 3485
2474 4436
2474 4933
2475 4062
2477 2887
2477 3663
2477 3728
2478 3606
2478 3609
2478 4013
2480 2734
2480 4428
2482 4345
2483 4170
2484 2802
2484 3147
2484 3286
2484 3466
2484 3835
2484 4542
2484 4660
2485 3013
2485 3225
2485 4739
2486 3185
2486 3812
2487 2599
2487 2801
2488 3818
2492 2648
2493 3175
2493 4652
2494 4295
2495 3002
2497 3770
2497 4367
2498 3172
2498 3520
2498 3566
2500 4264
2500 4322
2504 3982
2504 4803
2506 3742
2506 4499
2508 4088
2509 3657
2509 3929
2511 3082
2511 3404
2511 3822
2514 2752
2514 3604
2514 3948
2516 3643
2516 4204
2517 3392
2517 3887
2517 4558
2518 2548
2518 2962
2518 3939
2521 3987
2522 2608
2522 4007
2522 4520
2525 3691
2525 4400
2525 4771
2526 3710
2529 4123
2529 4161
2530 3585
2531 3157
2534 4225
2535 3454
2536 2586
2536 3113
2536 3282
2536 3891
2536 4101
2536 4463
2536 4891
2539 3640
2540 2921
2540 4157
2541 3077
2541 3686
2541 4509
2542 3820
2542 4863
2546 2657
2546 3152
2546 3608
2546 3684
2547 4154
2548 3658
2548 4019
2548 4722
2549 3376
2551 3500
2551 4133
2551 4427
2552 4854
2554 2836
2556 2576
2556 2692
2556 3043
2556 4324
2558 2578
2558 2672
2558 3392
2559 4372
2560 2889
2561 4336
2561 4339
2563 3631
2563 3927
2563 4422
2564 2640
2567 3166
2567 3434
2569 4493
2570 2861
2570 3321
2571 2615
2571 2748
2571 3087
2571 4451
2571 4656
2572 3068
2573 2786
2573 4019
2574 2666
2575 3001
2576 2711
2580 2896
2583 3927
2583 4360
2587 2593
2591 4255
2592 2651
2592 4429
2594 2811
2594 3524
2594 4533
2595 2647
2596 4829
2596 4929
2598 4142
2598 4622
2601 2752
2601 3491
2604 3350
2604 3569
2604 3593
2604 3752
2604 4697
2606 4588
2608 3026
2609 3124
2611 4087
2611 4095
2611 4159
2612 3455
2613 3894
2616 3040
2616 4348
2616 4751
2617 4144
2618 3598
2619 2878
2621 2950
2621 3381
2622 3232
2622 3501
2627 3606
2627 3877
2627 4350
2627 4467
2627 4624
2627 4661
2630 4068
2630 4521
2632 3139
2632 3634
2632 3716
2634 2970
2634 2999
2637 3741
2637 3896
2637 4117
2641 4105
2641 4510
2643 3057
2650 3826
2651 2912
2651 3444
2652 3753
2653 3535
2653 3944
2653 4312
2655 3204
2655 3849
2656 4301
2659 3935
2660 3090
2662 3448
2662 3797
2663 4409
2667 3717
2668 3254
2668 4239
2669 3981
2670 3011
2671 2885
2671 3468
2671 4166
2672 2976
2675 2951
2677 2799
2677 3342
2677 3787
2678 3040
2678 4061
2679 3413
2679 4072
2679 4157
2681 3042
2681 3653
2681 3913
2682 4859
2683 4129
2683 4731
2685 3896
2686 3484
2686 4032
2687 4766
2688 3375
2688 3971
2689 4167
2691 2868
2691 2896
2691 3131
2691 4209
2692 3076
2692 4293
2692 4700
2696 3350
2696 3965
2696 4125
2697 3062
2697 4289
2698 3788
2698 4617
2698 4631
2699 2701
2699 3037
2699 3369
2702 3180
2705 2955
2706 3572
2707 4236
2708 3848
2709 4402
2709 4509
2712 4564
2713 3888
2713 3915
2716 4646
2717 4699
2718 4002
2718 4740
2719 3492
2720 3505
2720 4110
2721 2924
2722 3483
2722 3516
2722 4938
2723 3006
2723 3154
2723 4553
2725 2727
2726 4286
2726 4637
2727 2985
2728 2780
2730 4005
2731 3829
2731 4826
2733 4873
2734 3172
2734 3669
2735 3038
2736 2925
2737 3723
2737 4894
2738 3050
2738 3931
2738 4191
2738 4567
2738 4774
2739 3204
2740 3239
2740 4622
2741 3442
2741 4811
2746 2973
2748 3863
2749 3971
2749 4923
2750 4333
2751 4905
2753 3579
2753 3882
2761 3102
2761 3662
2762 3866
2763 2865
2765 2935
2769 3772
2769 4482
2771 2916
2771 3188
2771 3304
2771 3957
2771 4706
2772 2813
2772 3043
2774 3085
2774 3613
2776 3549
2776 3980
2781 2939
2781 4166
2784 3359
2787 3750
2788 3281
2788 4101
2789 2867
2789 3933
2789 4332
2791 3326
2792 3589
2796 3427
2799 3286
2799 3355
2799 4244
2801 2879
2801 3900
2801 3921
2801 4171
2802 3541
2803 3547
2807 3236
2807 3936
2809 3861
2809 4542
2810 4521
2811 3944
2812 4692
2814 3067
2815 4316
2815 4443
2816 2973
2816 3305
2816 4124
2817 4683
2818 4790
2819 2945
2819 4120
2820 3214
2820 3828
2820 4913
2821 3177
2821 4848
2822 3905
2823 3260
2824 3307
2824 3325
2825 4189
2826 3838
2826 4109
2827 3611
2827 4565
2830 4226
2832 4061
2837 3577
2837 3890
2837 4777
2840 3569
2841 3992
2842 3850
2842 4399
2847 3257
2848 2913
2856 4025
2860 2881
2860 3031
2860 3839
2863 3271
2865 4188
2865 4304
2865 4828
2866 4298
2867 3123
2867 3150
2867 3647
2870 3108
2871 4318
2873 4863
2874 4457
2874 4846
2875 4177
2875 4264
2876 3696
2877 3536
2877 4793
2878 4125
2879 4005
2880 4673
2886 3828
2887 2926
2888 3818
2889 3169
2891 3112
2891 3179
2891 4287
2892 4359
2893 2917
2893 3065
2893 3853
2893 4335
2894 3713
2895 4777
2896 4392
2896 4906
2897 2903
2898 3011
2898 4130
2898 4355
2901 2932
2901 4468
2904 3677
2905 3745
2905 4261
2907 3206
2907 3269
2908 4190
2910 4285
2911 4438
2915 2949
2915 4404
2917 2934
2917 3539
2919 3224
2926 3842
2926 4376
2926 4640
2927 3153
2929 4354
2930 3448
2931 2960
2932 3091
2932 3206
2932 4386
2932 4762
2934 3209
2934 3442
2934 3532
2934 4173
2935 4237
2936 3724
2937 4923
2939 3169
2940 2975
2940 4128
2945 4430
2946 3794
2948 3937
2949 4902
2952 3369
2952 3995
2952 4025
2953 4155
2954 3947
2955 3291
2955 3395
2955 3425
2955 4375
2958 4688
2959 3731
2961 3553
2961 4696
2963 3761
2966 3125
2966 3478
2966 3746
2966 3779
2969 3840
2969 4117
2969 4658
2969 4807
2971 3466
2972 4037
2973 4441
2973 4787
2975 4584
2975 4666
2976 3528
2976 4585
2981 4457
2981 4522
2982 4838
2983 4686
2984 3019
2984 3064
2984 4484
2985 3564
2985 3589
2986 3578
2986 4017
2986 4435
2986 4552
2986 4664
2987 3017
2987 3624
2987 4865
2992 3023
2992 3885
2992 4513
2992 4860
2993 3523
2993 4100
2993 4242
2993 4379
2994 4774
2996 3034
2996 4678
2999 3139
2999 3349
2999 4554
3001 3825
3001 4216
3002 4320
3004 3881
3007 3585
3009 3590
3011 3732
3011 4571
3011 4577
3011 4659
3013 4830
3014 3696
3014 4179
3015 3027
3017 3635
3019 3895
3019 4251
3021 3610
3024 4736
3024 4743
3026 4016
3032 3557
3035 4296
3036 4039
3040 3326
3041 3973
3045 3872
3045 3974
3047 3619
3049 3283
3049 4789
3050 3332
3050 4458
3051 4747
3051 4895
3052 4022
3054 4571
3055 3402
3058 3178
3058 3504
3058 3736
3058 4703
3059 3671
3059 4058
3060 3267
3060 4411
3060 4606
3060 4906
3061 4501
3064 3662
3064 3669
3065 4102
3066 3805
3066 3984
3066 4471
3066 4941
3068 3351
3069 4051
3069 4769
3071 3518
3075 4630
3076 3642
3076 3915
3076 4896
3077 4234
3079 3293
3079 3813
3084 3726
3084 4341
3085 3531
3085 4362
3086 3461
3086 4651
3088 3664
3092 3567
3094 3536
3094 3574
3094 4073
3098 3113
3098 3280
3100 3423
3100 4036
3101 3109
3104 3283
3105 4858
3107 4382
3108 3369
3108 4733
3108 4745
3108 4785
3108 4919
3111 4430
3111 4481
3112 3155
3112 4745
3113 4410
3115 3811
3118 3187
3118 4255
3118 4851
3119 4043
3120 3319
3120 4594
3120 4609
3123 4765
3125 3235
3126 3765
3127 3887
3127 4889
3127 4900
3129 3612
3129 4090
3130 4410
3134 4441
3137 3502
3137 3903
3137 3970
3137 4068
3137 4169
3137 4318
3137 4901
3139 4043
3139 4067
3139 4090
3139 4520
3140 3547
3142 3341
3142 3960
3143 3455
3144 3321
3144 3615
3144 3867
3144 3875
3144 4138
3144 4896
3149 3285
3149 4284
3150 4884
3151 3419
3151 4433
3152 3476
3153 4693
3153 4881
3154 4508
3154 4671
3156 4862
3159 4525
3160 3351
3161 4587
3164 4334
3165 4488
3170 3418
3173 3867
3179 3771
3179 4536
3180 3703
3180 4653
3181 3656
3181 4626
3183 4254
3184 3785
3184 3899
3185 4857
3188 3200
3188 4277
3189 3337
3189 4443
3189 4592
3191 3624
3192 3458
3192 4408
3193 3821
3193 3951
3193 4205
3201 4799
3202 4053
3202 4084
3220 3831
3220 4022
3220 4821
3224 3279
3224 4231
3228 4487
3229 3460
3229 3926
3229 4428
3232 4370
3233 4401
3233 4529
3234 4128
3236 3509
3236 3754
3238 3453
3238 4857
3240 3801
3242 4265
3242 4733
3243 4078
3243 4556
3249 4040
3251 3635
3251 4560
3252 3358
3254 4143
3255 3800
3255 3938
3256 3981
3257 3994
3261 4802
3263 4635
3267 3693
3268 3276
3271 4095
3272 4818
3273 4777
3275 3361
3277 4197
3278 4010
3278 4587
3285 4743
3286 3885
3286 3904
3286 4696
3288 3514
3291 4271
3291 4728
3292 4174
3292 4890
3297 3357
3297 4196
3298 4450
3299 3745
3299 4887
3307 4327
3310 4736
3316 4098
3318 3699
3325 3462
3325 3617
3326 4453
3333 4404
3334 3722
3336 4724
3338 3822
3339 4415
3340 4046
3342 4814
3343 3514
3343 3903
3343 4159
3344 4818
3345 3738
3347 3510
3347 4198
3348 4268
3349 3573
3349 3794
3349 3845
3351 4032
3351 4568
3352 3361
3353 3464
3353 3631
3356 4924
3359 3439
3359 4877
3362 3751
3362 4061
3362 4369
3366 3731
3368 4524
3370 3914
3371 4726
3372 3591
3372 4812
3373 4013
3374 4262
3375 4935
3376 3437
3378 4001
3382 3687
3384 4791
3385 3629
3387 3991
3388 4232
3390 4143
3391 4695
3392 3399
3394 4504
3400 3584
3400 4442
3400 4748
3402 3494
3404 3670
3405 3894
3407 3905
3408 4546
3409 4075
3411 3758
3411 4181
3413 4350
3416 3692
3416 4412
3418 3649
3420 3978
3420 4713
3421 4953
3423 4732
3424 3498
3428 4682
3429 4187
3430 4069
3431 4874
3433 3730
3433 4867
3435 4635
3440 4866
3441 3671
3445 3857
3448 3975
3452 4307
3455 4769
3456 4143
3457 3620
3463 3663
3463 4477
3465 4247
3465 4940
3469 3951
3469 4444
3472 4856
3474 4071
3475 4208
3481 3712
3482 4819
3484 4527
3484 4760
3485 4899
3486 4868
3490 3577
3493 4804
3493 4878
3493 4915
3495 3542
3495 3766
3499 3811
3500 4654
3506 4905
3508 4557
3510 4262
3510 4318
3510 4487
3510 4909
3511 4074
3511 4390
3513 3980
3516 4798
3519 3567
3521 3676
3521 4161
3523 4357
3524 4488
3527 3670
3528 4536
3529 4243
3533 4304
3538 4894
3539 3968
3539 4156
3540 4830
3543 4121
3543 4371
3545 3596
3546 4670
3547 4373
3547 4756
3552 4615
3553 3674
3553 3925
3555 4690
3557 4778
3559 3672
3564 3881
3565 4528
3567 3919
3569 3922
3572 3809
3573 4428
3577 3725
3577 3989
3578 4349
3581 3681
3584 3771
3585 4754
3589 4169
3589 4741
3592 4330
3593 4145
3593 4620
3594 4003
3595 3900
3597 4495
3598 4258
3599 4523
3601 4253
3602 3998
3606 4779
3612 3764
3617 4432
3621 3754
3622 4559
3622 4645
3632 4610
3632 4618
3635 4240
3638 4364
3640 3920
3642 3844
3642 3990
3647 3770
3648 4207
3649 4038
3656 4536
3657 4083
3666 3939
3667 4006
3670 4762
3678 3897
3678 4139
3680 3704
3681 3734
3684 4502
3684 4665
3685 4529
3687 3836
3690 4135
3690 4387
3699 4864
3703 4096
3705 4027
3707 4841
3709 4607
3709 4815
3709 4852
3711 4451
3715 4152
3716 4245
3716 4613
3718 3827
3718 3975
3718 4025
3718 4665
3719 4386
3720 3772
3720 3777
3723 4378
3723 4438
3724 4326
3725 3746
3729 3943
3729 4816
3732 3761
3732 4000
3735 4809
3736 4352
3737 4702
3744 3954
3746 4019
3747 4528
3748 4171
3749 4811
3751 4494
3751 4717
3753 4937
3755 4788
3756 4624
3761 4892
3762 4182
3771 3977
3771 4569
3771 4584
3774 4294
3774 4580
3776 3810
3776 4597
3778 4041
3780 3865
3780 4137
3784 4556
3784 4909
3785 3858
3786 4054
3786 4722
3787 3979
3789 4189
3794 4795
3794 4802
3798 4422
3798 4946
3799 4325
3800 3983
3802 4461
3802 4538
3803 4821
3805 4373
3807 4283
3807 4793
3808 4460
3813 4889
3816 4237
3817 4083
3819 3944
3821 4742
3828 4604
3831 4678
3834 4457
3840 4036
3842 4912
3844 4336
3845 4802
3846 4145
3846 4235
3847 4074
3848 4326
3848 4729
3849 4031
3851 4153
3852 4603
3854 3914
3854 4574
3855 4085
3860 3980
3863 4781
3865 4817
3868 4378
3870 4398
3873 4575
3873 4752
3879 4839
3880 4179
3894 4042
3894 4825
3895 4776
3896 4361
3900 4018
3902 4749
3902 4938
3903 3920
3905 3918
3911 4141
3912 4524
3913 4197
3913 4222
3915 4580
3920 4080
3920 4352
3926 4723
3928 4935
3930 4021
3932 4375
3934 4260
3938 4583
3941 4026
3941 4572
3942 4837
3953 4384
3964 4226
3966 4302
3970 4551
3974 4438
3980 4280
3983 4476
3989 4338
3992 4445
3992 4577
3999 4925
4000 4568
4002 4455
4004 4082
4008 4105
4008 4220
4008 4304
4019 4114
4019 4759
4024 4188
4041 4794
4044 4356
4044 4413
4047 4285
4062 4775
4063 4426
4067 4281
4068 4629
4069 4949
4072 4789
4074 4580
4076 4475
4076 4952
4078 4728
4078 4758
4082 4827
4083 4848
4084 4792
4095 4446
4103 4243
4103 4749
4105 4285
4105 4676
4112 4852
4116 4611
4120 4523
4129 4609
4131 4450
4135 4534
4139 4255
4140 4461
4141 4549
4142 4503
4142 4539
4146 4188
4146 4825
4146 4839
4159 4212
4159 4720
4162 4201
4168 4893
4169 4489
4170 4531
4175 4726
4176 4541
4178 4872
4183 4721
4185 4221
4185 4417
4188 4311
4196 4709
4196 4813
4197 4883
4199 4933
4207 4211
4213 4272
4222 4932
4228 4313
4229 4439
4234 4513
4235 4845
4245 4718
4247 4299
4254 4827
4256 4517
4256 4574
4258 4612
4259 4698
4260 4440
4265 4409
4265 4755
4266 4588
4266 4678
4282 4466
4282 4816
4284 4562
4298 4578
4301 4530
4306 4369
4314 4424
4318 4519
4318 4708
4321 4374
4324 4671
4327 4567
4340 4472
4346 4512
4346 4549
4349 4663
4374 4451
4375 4396
4383 4504
4387 4752
4398 4546
4399 4539
4400 4723
4402 4592
4404 4799
4407 4437
4413 4511
4415 4663
4421 4636
4425 4650
4427 4673
4428 4570
4428 4613
4434 4870
4435 4483
4437 4697
4438 4764
4441 4742
4443 4840
4448 4519
4460 4874
4465 4711
4477 4632
4477 4889
4481 4820
4487 4851
4488 4627
4492 4947
4507 4708
4519 4899
4519 4901
4527 4783
4529 4659
4535 4831
4543 4843
4545 4924
4568 4880
4586 4625
4590 4952
4616 4942
4654 4668
4655 4898
4686 4855
4687 4847
4689 4824
4692 4903
4701 4879
4703 4931
4711 4732
4722 4815
4737 4797
4744 4780
4749 4865
4760 4841
4761 4823
4838 4850
4839 4912
4877 4881
4914 4920
