0 2545
0 1857
0 3368
0 1635
0 4833
1 766
1 3907
1 1921
1 4376
1 4773
1 3930
1 2694
2 1603
2 4472
3 4666
3 570
4 1153
4 1654
4 3874
5 4419
5 3516
5 4431
6 2937
6 2739
6 4107
6 2752
6 3886
6 1409
6 2938
7 4535
7 795
8 3239
8 979
8 4819
8 3329
9 3394
9 1361
10 3114
10 2617
10 2614
10 3249
11 472
11 2445
11 47
11 866
12 372
12 1301
12 4856
13 4570
13 1380
14 1294
14 4138
15 4444
15 1115
16 1463
16 2784
16 1431
16 2578
16 4522
16 3409
16 2167
17 224
17 4554
17 1282
18 4686
18 287
18 2436
18 721
18 962
19 2567
19 3887
19 4264
19 4763
19 3618
19 3780
20 2769
20 3951
20 3818
20 2584
21 272
21 2884
21 297
21 1251
21 1090
21 2983
21 977
21 2740
22 1944
22 3267
22 1516
22 1177
22 4451
22 4555
22 1912
22 89
22 4609
22 1311
22 2869
22 3480
22 666
22 2366
22 3477
23 2517
23 1557
23 1425
23 2190
23 488
24 1531
24 398
24 2559
24 4761
24 1892
25 1416
25 2289
25 1751
25 1777
25 81
25 989
26 143
26 3971
26 2307
26 4431
27 3008
27 2934
28 2891
28 700
28 4431
29 463
29 3802
30 2927
30 62
30 1952
30 823
30 3002
30 1411
31 2763
31 281
31 59
31 426
31 2482
31 698
32 4051
32 3189
32 2955
33 4092
33 2840
34 4883
34 3232
34 3494
34 3148
34 1158
34 4219
34 456
34 3745
35 2906
35 679
35 2410
35 3249
36 2988
36 1509
37 3158
37 2354
37 2334
37 3542
37 3744
37 4295
37 4221
38 4037
38 2481
38 426
38 3013
39 4626
39 1508
39 716
39 1414
39 1396
39 2408
40 113
40 1219
40 3111
40 2307
40 4501
41 613
41 3249
42 801
42 2152
42 4132
42 960
42 859
42 4256
42 1601
42 1016
42 1069
42 3021
43 2189
43 911
44 4438
44 597
44 1252
45 3179
45 3303
46 4099
46 3928
47 1948
47 905
47 477
47 4151
47 3159
47 1550
47 1592
47 1196
47 258
47 866
47 4870
48 3151
48 2653
48 2123
48 1849
49 170
49 4797
49 3282
49 2888
49 3959
49 3903
49 3931
50 2007
50 971
50 4317
51 3944
51 4467
51 4238
52 1945
52 476
52 3151
52 696
53 3877
53 254
53 1974
54 3734
54 1921
55 4506
55 2437
55 1442
56 237
56 3688
57 1116
57 4375
57 2129
57 2934
57 2703
57 4158
57 801
58 811
58 2090
59 1363
59 4219
59 4534
59 4944
59 737
60 502
60 1440
60 2249
60 870
60 2419
61 4132
61 597
61 389
61 1626
61 2369
62 255
62 657
63 824
63 3150
63 1247
63 2491
63 4958
64 3466
64 3887
65 66
65 2606
66 1455
66 3906
66 432
66 576
66 946
67 1427
67 4554
67 775
67 2500
67 3249
68 3672
68 2358
68 3585
69 3073
69 2191
69 4401
69 1637
70 1384
70 1874
70 428
70 4388
70 1881
71 4036
71 3634
71 265
71 1948
72 1840
72 3144
72 4212
73 3911
73 4035
73 3507
73 1781
73 1191
73 765
73 195
73 4319
73 4134
73 1061
73 354
73 3023
73 3803
73 3852
73 2922
73 2153
74 4871
74 2447
75 2060
75 2091
75 3259
76 430
76 2381
76 4454
76 214
77 4264
77 3227
77 4685
77 3864
77 1958
77 1491
77 1793
77 3050
78 2097
78 3747
78 1885
79 256
79 1081
79 4948
80 2275
80 3057
81 227
81 3514
81 3878
81 4182
81 1519
81 4428
82 679
82 2640
82 3686
83 1026
83 2212
83 4144
83 2461
83 1729
83 870
83 2419
83 2108
84 1110
84 1364
84 4940
84 1797
84 3838
84 2028
84 4886
84 4926
84 2906
84 3901
84 260
84 4415
85 216
85 1354
85 4575
85 4784
86 870
86 194
87 1490
87 3198
87 4701
88 3048
88 2068
88 664
88 3261
88 4254
88 555
88 2632
88 1321
88 2474
89 1066
89 1777
89 2361
89 3786
89 2038
90 3328
90 2527
90 3295
90 2027
90 2550
90 3040
90 3783
90 2209
90 4448
91 543
91 3078
91 866
92 1295
92 192
92 2819
93 4231
93 3385
94 1026
94 1143
94 4272
94 2241
95 2034
95 4201
95 4051
96 466
96 1770
96 3686
97 3118
97 3192
98 4143
98 4159
98 3249
98 3329
99 1298
99 1539
99 562
100 2343
100 1506
101 2054
101 2764
101 3413
101 4027
102 1840
102 4263
102 1370
102 4049
102 4508
103 2062
103 4837
103 989
104 4538
104 4454
104 2529
104 1404
104 3340
104 2332
104 3120
105 2853
105 1467
105 1270
105 2252
105 2945
105 4644
105 685
105 4844
105 2658
106 891
106 4863
106 189
106 3297
106 1951
107 150
107 907
107 1349
107 1436
107 4516
107 3180
107 1731
107 3638
107 4417
108 524
108 4670
108 4792
108 2700
108 2373
108 185
108 2500
109 1353
109 2051
110 2291
110 4918
111 3493
111 739
111 319
111 4789
111 4548
112 4752
112 1804
112 2489
112 1236
113 4031
113 2930
113 1714
114 1133
114 3181
114 361
114 2240
115 4638
115 4433
115 4839
115 2014
115 366
115 3263
116 2933
116 365
116 938
116 3766
116 3275
117 3736
117 1134
117 1153
117 4782
117 2137
118 1767
118 1354
119 212
119 1592
119 866
120 4136
120 2189
120 4207
120 159
120 4264
121 2348
121 4159
121 207
121 3249
122 1938
122 1434
122 1334
123 135
123 1572
123 1532
123 577
124 1658
124 1352
124 1252
125 1085
125 154
125 700
126 233
126 1044
126 2529
126 3755
126 174
127 1826
127 4888
127 3657
128 1686
128 3347
128 3432
129 2130
129 2437
129 4157
129 2235
129 1243
129 2433
129 4126
129 4813
129 744
129 746
129 3123
130 1953
130 2640
130 1218
130 296
130 3505
130 3629
131 1419
131 2591
131 1252
131 4446
132 3717
132 3646
132 1852
132 1744
132 3972
132 3318
132 550
132 3066
133 4377
133 2478
133 1516
133 1365
134 1081
134 2095
134 3165
135 906
135 375
135 136
135 2846
135 556
135 835
136 182
136 4388
137 748
137 1424
137 2061
138 554
138 1763
138 527
138 2490
138 3098
139 451
139 2311
139 2717
139 932
140 4664
140 916
140 2285
140 2792
141 4230
141 866
141 3818
142 3946
142 1731
142 379
142 4088
143 4277
143 4151
144 3669
144 2166
144 378
145 2271
145 3376
145 307
145 3682
145 1806
146 893
146 2628
146 4264
146 2981
147 2681
147 4967
147 3249
148 1490
148 4295
148 4342
148 4325
148 452
148 611
148 3940
149 1035
149 4800
149 1136
149 3248
150 1254
150 1234
150 4431
150 1374
151 2699
151 643
151 866
152 4730
152 2068
152 4581
152 4082
152 1138
153 708
153 3756
154 2061
154 4594
154 1382
155 2751
155 2485
155 3346
155 1352
155 4095
156 4161
156 2710
156 3525
156 3374
156 3593
156 1614
156 830
157 2909
157 4211
157 1557
157 787
158 205
158 3714
158 1142
158 723
158 2978
158 4678
158 4212
159 4467
159 3769
160 3933
160 3937
160 4952
160 2934
161 4330
161 644
161 4706
161 1680
161 4910
161 632
161 2165
161 3692
162 2140
162 700
162 1938
162 2484
162 3428
163 3396
163 4542
163 1145
163 1656
164 3470
164 3762
164 2812
165 2611
165 1520
165 2463
166 2926
166 521
166 167
167 1556
167 700
168 2132
168 2486
168 4596
168 2897
168 4965
169 2132
169 1854
169 2865
169 866
170 4703
170 4163
171 2565
171 4641
172 3428
172 593
172 275
172 2224
172 3205
172 1286
172 702
173 4772
173 658
174 1177
174 2640
174 3317
174 4621
175 4757
175 1044
176 4110
176 874
176 4461
177 4171
177 3740
177 4032
177 1335
177 3511
177 1984
178 4653
178 3859
178 2843
178 2869
179 1159
179 3932
179 3095
179 3420
179 1490
179 643
180 1387
180 3276
180 2448
180 878
181 4187
181 1520
181 3799
181 3137
181 604
181 1570
181 991
181 1277
181 1464
181 3912
181 4129
181 538
181 1470
181 4681
181 2832
181 3322
181 2533
181 1146
181 3439
181 3933
182 1691
182 3343
182 4444
182 598
183 3962
183 2825
183 264
184 4200
184 4288
184 4746
184 1163
185 421
185 512
185 3634
185 3159
185 1044
185 3591
186 3855
186 4272
186 1398
186 220
186 1384
186 1629
187 1024
187 1506
188 3604
188 1333
188 4091
189 566
189 3382
190 3170
190 1864
190 246
190 3181
190 3249
191 4724
191 4050
192 1131
193 2837
193 4263
193 3213
194 3881
194 4461
195 672
195 1584
195 2489
195 3008
196 3553
196 1838
196 700
196 1928
197 4801
197 3371
197 4441
197 2916
198 2355
198 4482
198 3068
199 2884
199 4661
200 1136
200 4275
200 700
201 2146
201 2010
201 3346
201 989
202 2812
202 4588
202 4162
202 1557
203 897
203 1429
204 4230
204 844
204 4568
205 2267
205 1502
205 1021
205 4558
205 1074
206 1048
206 1021
206 1466
206 1769
206 539
207 4219
207 4481
207 1554
207 3870
207 1432
208 256
208 2440
208 4948
208 4327
209 865
209 3244
209 3886
209 2643
210 832
210 3846
210 3958
211 1780
211 2794
211 4069
212 2117
212 3488
213 1348
213 2634
213 2468
213 1713
213 2861
214 1903
214 3832
214 4378
214 907
214 2062
215 3232
215 2960
215 650
215 329
215 3802
215 347
215 907
216 4589
216 4579
216 514
216 3127
216 1138
217 1044
217 237
217 2704
217 1194
218 3602
218 4124
218 2626
219 2703
219 2197
220 899
220 1913
220 2416
220 4362
221 1315
221 2288
221 1929
221 3105
222 2174
222 545
223 3217
223 2477
223 2285
223 4523
223 2120
223 1903
223 3174
223 1519
223 4855
223 4978
223 786
224 3281
224 409
225 645
225 1625
225 2271
225 4888
226 3237
226 800
226 930
226 1118
226 2813
227 2169
227 4115
228 2248
228 2514
229 4750
229 3792
229 4345
229 2458
229 2003
230 2554
230 269
230 2137
231 2674
231 4412
231 2963
231 3095
231 3604
232 363
232 683
232 4936
233 4751
233 994
233 277
233 2776
233 484
233 3249
234 3668
234 3995
234 2009
235 1903
235 2996
235 335
235 601
236 4782
236 439
236 3374
236 3959
237 1194
238 3988
238 2420
238 866
238 2499
238 2051
238 2392
239 3700
239 2140
240 1219
240 3385
240 4547
240 270
241 3707
241 1583
241 4092
241 4250
241 4336
242 4874
242 653
242 1318
243 3830
243 4422
243 2429
243 4954
243 3249
244 2649
244 3081
244 1447
244 3005
244 4661
244 2848
244 1851
244 4541
244 2205
244 4426
244 1456
244 4672
245 427
245 1861
245 632
246 2098
246 2219
246 1164
246 871
246 3766
247 545
247 1835
247 894
247 873
247 4798
247 2075
247 3275
248 4431
248 2457
248 2280
249 4944
249 3366
249 454
249 3182
249 3249
250 4075
250 2580
250 2038
251 3041
251 615
251 1230
252 3132
252 874
252 2344
252 1936
252 3274
252 586
253 4773
253 2162
253 4312
253 2434
254 715
254 451
254 2575
254 4676
255 1085
255 3751
255 3190
255 4018
256 295
256 2380
256 3529
256 1423
256 3249
257 4797
257 1261
257 949
258 441
258 453
258 866
258 2116
259 2610
259 2176
259 2833
260 3446
260 978
261 2615
261 4720
261 3357
261 1678
262 1920
262 879
263 2479
263 3503
263 913
263 3063
263 677
263 4753
263 903
263 2702
263 772
263 2417
263 3657
264 3968
264 4566
264 664
264 508
264 4304
264 1387
264 443
265 1637
266 4319
266 4293
266 2610
266 4219
266 4431
267 693
267 1207
267 2234
268 585
268 602
268 3207
268 3401
269 1740
269 4663
269 2313
270 1298
270 694
271 4317
271 1848
271 1735
272 1882
273 430
273 2309
273 4644
274 4506
274 4628
274 2552
274 2556
274 1885
274 3730
275 994
275 2560
276 2224
276 2241
276 4949
276 517
276 1368
276 3428
277 1774
277 849
277 4330
278 4107
278 4790
278 4550
278 1989
278 430
279 4412
279 3566
280 4952
280 3988
280 3233
280 1916
281 700
281 4448
281 3249
282 1502
282 876
282 1283
282 3116
283 1854
283 4290
283 435
283 2694
283 2997
284 4906
284 2816
284 737
284 3287
285 3516
285 2165
285 470
285 1270
285 3194
286 3038
286 1177
287 4890
287 1452
288 3054
288 556
289 2140
289 1526
289 498
290 4324
290 3335
290 3013
290 673
290 498
290 2811
291 4729
291 1626
291 2836
291 3891
291 3701
291 1563
291 4697
291 2826
291 1729
291 2269
291 1770
291 3249
292 3119
292 1499
293 2850
293 1274
294 344
294 843
295 4257
296 3676
296 3314
297 1422
297 2072
297 977
297 1099
298 4422
298 3843
299 4797
299 4303
300 2103
300 3934
300 4627
300 2095
301 2267
301 4168
302 1889
302 2722
302 3211
302 359
303 922
303 4323
303 4834
304 3240
304 2246
305 1619
305 2634
305 3663
305 2467
305 430
305 3016
306 2257
306 2418
306 4080
307 2981
307 838
307 4516
307 4001
307 2494
307 2919
308 4817
308 1238
308 853
308 3378
309 1857
309 4460
309 1691
309 4562
309 3404
309 1312
310 1234
310 3308
310 4431
311 3961
311 4467
311 1149
312 1045
312 904
312 1380
313 3028
313 4493
313 4082
313 1151
314 4901
314 736
314 2162
314 3249
315 2824
315 3870
316 4359
316 2486
316 3431
316 2412
316 3249
317 1526
317 3763
318 967
318 553
318 2414
318 803
318 2963
318 4207
319 3375
319 1900
319 3484
319 576
320 2121
320 1166
320 517
320 1372
321 1247
321 2272
321 360
321 1462
322 4010
322 1267
322 4063
322 2675
323 2229
323 3133
323 377
323 4726
324 3965
324 3773
324 1877
324 4411
324 3249
325 3014
325 333
325 3115
326 814
326 3919
326 1208
326 2982
326 2339
326 2460
327 2682
327 2386
327 2886
327 2435
327 3249
328 4166
328 2404
329 383
329 4431
330 965
330 4940
330 2668
330 1831
331 3745
331 3097
331 3301
332 430
332 2133
332 1349
332 1554
332 1484
332 4142
332 717
332 3156
332 3401
333 4331
334 3928
334 4808
334 982
335 1302
335 2960
335 3428
335 2735
335 2262
335 2325
335 2354
335 4325
335 4204
335 856
335 485
335 2479
335 1903
335 650
335 2792
335 1387
335 4139
335 3595
335 4720
335 1142
335 4958
335 2372
336 3981
336 832
337 2888
337 3762
338 2489
338 966
338 4094
338 2171
338 1273
338 2001
338 555
338 4461
338 603
339 3517
339 4582
339 3132
339 4213
339 3363
340 2397
340 4928
340 4696
340 4347
340 2842
340 366
340 2613
340 3249
341 2069
341 1469
341 1900
342 3848
342 501
342 4958
343 1691
343 644
343 482
344 3838
344 2502
344 1897
344 3662
344 4123
344 3250
344 3125
344 430
344 1637
344 2367
344 4521
345 3219
345 2135
345 4330
346 3877
346 4141
347 510
347 4204
347 2909
347 2360
348 4976
348 1565
348 2054
348 3770
348 3291
348 4587
348 4466
349 3398
349 1178
350 4280
350 4287
350 2297
350 1539
351 4927
351 3777
351 2062
352 2318
352 780
352 3249
353 2794
353 3919
353 565
353 3843
354 1194
354 2180
354 2799
354 3249
355 3722
355 2480
355 426
356 4496
356 4197
356 2575
357 599
357 4444
357 1624
358 775
358 625
358 967
358 3477
359 4205
359 4606
359 3181
359 911
359 1462
359 488
360 4260
360 674
361 1913
361 4157
361 875
361 3602
361 4034
361 3736
362 2062
362 3155
363 4192
363 4680
363 2696
363 1673
363 4889
363 4155
363 4949
364 1739
364 2334
364 1333
365 593
365 4335
365 617
365 3267
366 4424
366 1980
366 2417
366 3283
366 1434
366 1336
366 3249
366 3657
367 430
367 624
367 608
368 2045
368 2527
369 2025
369 1788
369 1097
369 996
369 424
369 4731
369 4499
369 436
369 1989
369 2524
369 2588
370 2696
370 1038
371 1057
371 2595
371 673
372 1882
372 696
372 1126
373 4292
373 3941
373 3570
374 2605
374 1279
374 4837
375 1323
375 1085
376 2383
376 1941
376 842
376 4508
376 4932
376 4735
376 1605
376 2231
376 3249
376 3999
377 2591
377 3220
377 3070
377 2647
377 3001
377 4680
377 3951
377 4199
377 2418
377 983
377 1671
377 781
378 1932
378 1871
378 393
379 538
379 3214
379 3556
380 3636
380 780
380 4431
381 2151
381 3259
382 2120
382 2936
382 786
383 2695
383 4550
383 2683
383 4481
383 4921
383 3426
384 1503
384 2453
384 2925
384 4358
385 2157
385 4108
385 2462
385 2561
386 1754
386 1860
386 846
387 1609
387 1533
387 4027
388 3302
388 1218
388 3374
388 4585
389 818
389 3335
389 4503
390 3606
390 1333
390 400
390 451
390 510
390 1406
391 3971
391 4232
391 619
392 720
392 3160
392 3649
392 462
392 1534
393 1229
393 4768
393 3555
394 3336
394 1338
395 4815
395 1166
395 4638
395 4834
395 4242
395 2024
395 1161
396 1886
396 3212
396 3388
396 596
397 866
397 3945
397 3377
397 846
398 3895
399 4230
399 1607
399 1519
399 1002
400 881
400 4784
401 4741
401 3741
402 4463
402 1130
402 853
402 1046
403 3136
403 4606
404 498
404 2062
405 948
405 4175
405 3546
406 4791
406 788
406 4789
406 4022
407 2679
407 1927
407 674
407 1066
408 4268
408 2036
409 2140
409 4032
409 2576
409 3888
409 507
409 1037
410 4162
410 2476
410 411
410 3062
410 690
411 4234
411 4223
411 4478
411 680
411 3249
412 2024
412 2141
412 4574
412 3376
412 2934
412 1403
413 3458
413 643
413 2013
414 1448
414 1133
414 1181
414 2463
415 1766
415 1431
415 4640
415 3249
416 2764
416 3593
417 991
417 2528
417 1533
417 2481
417 589
418 4632
418 1677
419 1614
419 940
419 2343
420 2257
420 1354
421 2542
421 2224
422 2971
422 1430
422 2689
423 2018
423 524
423 2670
423 3775
423 3892
424 4651
424 4958
425 2337
425 768
425 4409
426 2184
426 4529
426 3187
426 698
426 2450
426 4536
426 4286
426 4738
426 2717
426 2428
426 2712
426 789
426 4513
426 2821
426 491
426 2799
426 1052
426 2628
426 3033
426 862
426 3008
426 3013
426 2512
427 3501
427 4690
428 2140
428 3372
429 4120
429 644
430 4582
430 2563
430 4360
430 2461
430 3299
430 3016
430 2474
430 843
430 4614
430 3070
430 4568
430 630
430 1152
430 3538
430 4118
430 3274
430 3313
430 2758
430 761
430 2771
430 2448
430 682
430 4873
430 2522
430 3873
430 1882
430 2880
430 1311
430 494
430 1976
430 1199
430 3607
430 3053
430 1981
430 4297
430 3049
430 4338
430 3073
430 4374
430 1390
430 2728
430 3956
430 4502
430 4675
430 3583
430 1560
430 1897
430 4741
430 1217
430 2070
430 4326
430 2217
430 1096
430 3290
430 2502
430 2667
430 685
430 2593
430 1688
430 2472
430 2574
430 2599
430 482
430 3237
430 1370
430 1086
430 3652
430 3813
430 1344
430 670
430 1074
430 4662
430 4602
430 1432
430 3725
430 3689
430 4332
430 3822
430 4904
430 3975
430 3498
430 1661
430 826
430 3961
430 4519
430 1355
430 3249
431 4431
431 4165
432 3272
433 1421
433 1888
434 2155
434 2380
434 1138
435 1252
435 1929
435 3249
436 3402
436 4558
436 918
436 991
436 1029
437 3350
437 1453
437 3160
437 503
437 1029
437 2206
437 3650
437 482
437 1735
437 3121
438 866
438 1696
438 2499
439 1855
440 1015
440 3863
440 2592
440 4388
440 4895
440 2474
441 866
442 4485
442 1492
442 3567
442 3249
443 2314
443 939
444 1914
444 2192
445 4444
445 2626
445 3687
446 2742
446 524
446 1109
447 3497
447 3557
447 4489
447 1557
448 4192
448 1152
448 2562
448 1707
448 1230
449 2097
449 806
449 945
449 4871
449 1531
449 4518
450 1064
450 2194
450 2163
450 3249
451 1591
451 3650
451 662
451 1496
451 4038
451 2206
451 4795
451 3177
451 1589
451 987
451 2792
451 3178
451 4026
451 3584
452 3572
452 4004
452 2604
453 4000
453 2789
453 1308
453 2528
454 4958
454 3101
454 4954
455 4275
455 837
455 3249
456 2249
456 1591
457 3402
457 2090
458 2489
458 4457
458 4545
459 2155
459 4868
460 4103
460 2735
461 4270
461 4414
461 3029
461 3249
462 3160
462 1978
462 3484
462 4305
462 3953
462 946
462 954
463 4876
463 1330
464 879
464 937
464 939
464 2268
465 3925
465 3526
465 2714
466 2827
466 2355
467 2376
467 4151
468 1528
468 2971
468 4203
468 2531
468 2258
469 4768
469 4139
469 2511
469 1643
469 3401
470 2016
470 4080
470 1825
470 2301
470 4237
470 3111
470 959
470 2261
470 2952
470 1887
470 3348
470 814
470 2458
470 881
470 4161
470 2781
470 559
470 3447
470 1507
470 607
471 853
471 3971
471 3287
472 781
472 866
473 661
473 2672
473 2421
473 4561
473 1770
473 1193
474 1294
474 924
475 1460
475 1213
476 671
477 637
477 866
478 4384
478 528
478 864
479 1650
479 1788
480 3721
480 921
480 3406
481 3444
481 1591
481 3682
481 3249
482 2210
482 3908
482 4484
482 2834
482 4492
482 4209
483 2231
483 644
483 4028
484 2751
484 3529
484 2869
485 4755
486 676
486 1375
486 4026
486 4836
487 4199
487 3903
487 615
487 2768
487 1357
487 4561
488 2653
488 2796
488 1821
488 1199
488 1605
488 3039
488 4091
489 3775
489 2862
489 4626
489 1186
489 907
489 3249
490 4403
490 4934
490 3512
490 1760
490 2287
490 3249
491 620
491 3102
492 2517
492 3287
492 1828
493 3942
493 700
493 4414
494 992
494 2474
494 4914
495 2461
495 2287
495 4298
495 4687
496 497
496 673
496 2595
496 1485
496 3249
497 4458
497 4016
498 2082
498 4602
499 2967
499 3331
500 1013
500 3969
500 1138
500 3249
501 3535
501 1141
501 2417
501 2522
501 3120
501 3249
502 2009
502 3907
502 4448
503 4232
503 721
503 4431
503 4441
504 3840
504 1863
504 2443
504 2184
504 4585
505 3475
505 2778
505 4430
505 2698
506 4721
506 2481
506 3469
506 1784
507 2100
507 3710
507 3249
508 3409
508 2570
508 1557
508 2633
508 3249
509 1217
509 1481
510 3135
510 634
510 987
510 3528
510 689
510 4201
510 962
510 578
510 608
510 836
510 4631
510 2632
510 1470
510 1898
510 2480
510 646
510 1008
510 4258
510 1548
510 1571
510 2746
510 2482
510 4908
510 3707
510 2335
510 753
510 3403
510 1763
511 3495
511 2500
511 3401
512 764
512 2626
513 4612
513 2116
513 3953
513 3622
514 1860
515 915
515 2156
515 2697
515 3288
515 3237
515 2933
515 3720
515 3023
516 1595
516 4417
516 767
516 544
516 4267
516 4273
517 2343
517 4770
517 917
517 4650
517 4378
517 2411
517 4331
517 3303
517 2934
517 4778
517 4108
517 1821
518 4807
518 1051
518 1175
519 4248
519 2229
519 4444
519 4845
519 3898
519 4636
520 2771
520 4445
520 4013
520 1493
521 4176
521 2948
522 4022
522 733
522 962
523 2385
523 947
523 4207
523 3249
524 2499
524 667
524 2086
525 4264
525 4372
526 3047
526 3159
526 1073
526 866
526 4567
527 3593
527 610
527 4136
527 2501
528 2097
528 1748
528 3996
528 667
529 4583
529 4184
529 3249
529 3657
530 2648
530 4112
530 2753
531 928
531 3383
531 1592
531 866
531 2466
531 2499
532 1235
532 1529
533 2251
533 1267
533 1751
534 4153
534 674
534 4678
534 810
535 2937
535 4289
535 773
536 3485
536 3631
536 1828
537 4142
537 3532
537 2757
537 2504
537 4091
537 1997
537 3249
537 3657
538 549
539 2785
539 3473
539 4665
539 1129
539 1564
540 1866
540 1223
540 4680
540 1036
540 1440
540 1070
541 2595
541 2881
541 673
541 4621
542 4113
542 3219
542 634
543 4698
543 4525
543 4655
543 866
543 2460
544 4316
546 1308
546 755
546 1752
546 3428
547 4408
547 3059
547 1262
547 575
548 4826
548 3871
548 3517
548 3710
548 2829
549 4656
549 3249
550 2515
550 2390
550 2815
550 3249
551 2141
551 833
551 892
551 3249
552 4631
552 988
552 1827
552 785
552 3438
552 1850
552 2478
552 3977
553 2427
553 4970
554 2054
554 4264
554 3593
554 4762
554 4688
555 1507
555 4515
555 3181
555 2247
556 2442
556 2846
556 4720
556 3365
556 835
556 568
556 649
556 1229
556 2498
556 2201
556 3332
557 3993
557 4161
558 4564
558 4890
558 3686
559 4830
560 3471
560 4616
561 2075
561 1543
561 1265
562 2275
563 2077
563 1639
563 4413
564 2136
564 2135
564 2531
564 4239
565 2979
565 2894
565 2465
566 3273
566 4198
566 1981
566 4958
567 1468
567 4878
568 4100
568 3017
568 1018
568 1332
569 3442
569 3322
569 3249
569 3843
570 4511
570 1557
571 3550
571 1284
571 3249
572 4816
572 2451
572 3478
572 1770
572 4684
573 4746
573 1841
573 810
573 3249
574 3025
574 4948
575 1482
575 3249
576 1534
576 689
576 1324
576 2725
577 3386
577 2449
577 1802
577 4945
577 1761
577 3032
578 2481
578 3928
578 1770
579 1222
579 2110
580 4782
580 2925
581 4820
581 3527
581 1955
581 3568
582 1591
582 1593
582 1770
583 3192
583 2034
583 4448
583 867
583 3249
584 3936
584 3484
584 4521
584 2800
584 1996
585 1762
586 4512
586 3451
586 3797
586 1777
586 3777
586 3249
587 2793
587 4628
588 4315
588 1812
589 2771
590 1716
590 4838
591 2023
591 2576
591 2978
591 937
592 3908
592 3862
592 3952
592 1477
592 1510
592 3584
593 1668
593 2164
594 2408
594 1505
594 4674
594 1963
594 1765
594 612
594 858
594 2525
594 2360
594 2560
594 4156
594 3762
594 1259
594 3249
595 2140
595 3373
595 4072
596 2104
596 4570
596 1211
596 1119
596 4320
596 2534
596 3589
597 4470
598 3251
598 4338
598 4238
598 4699
598 2139
598 907
598 4121
598 2881
599 3517
599 3374
599 3107
599 1353
600 3374
600 2014
600 2169
600 3867
600 1376
601 3523
601 4950
601 1379
602 3160
602 974
602 740
603 1214
603 2538
603 2698
603 3249
604 2940
604 2851
604 2815
605 1194
605 3964
605 3429
605 4055
606 4266
606 2376
606 2768
606 4958
607 1264
607 1266
607 1715
609 2489
609 4548
609 4660
610 663
610 2526
610 1312
611 4238
611 2336
611 4859
611 1942
611 3008
612 2885
612 3249
613 2425
613 2639
613 3974
613 4327
613 4196
614 2765
614 3826
615 4396
615 4683
615 4170
615 4164
615 1524
616 1060
616 2575
616 702
616 3249
617 4500
617 2713
617 4761
618 4939
618 995
618 4264
618 2587
618 631
619 4190
619 2735
620 2548
620 3281
620 1658
620 2087
621 944
621 1213
621 2432
621 4501
622 3035
622 3766
622 1328
623 1493
623 2494
623 1002
624 1949
625 1664
625 1777
626 847
626 2410
626 3249
627 700
627 4590
627 3249
627 3657
628 3062
628 2293
628 2622
628 1547
628 3500
629 2907
629 4422
630 4370
630 3369
630 877
630 4727
630 2701
630 977
631 3589
631 4762
632 4589
632 4789
632 1898
632 3249
633 2419
633 1227
634 4601
634 3667
634 1770
634 4646
635 2351
635 4717
635 1155
636 3303
636 2799
637 1835
637 1073
637 4722
637 4592
637 3904
637 861
637 866
637 4454
637 4477
638 3429
638 3310
638 910
638 3797
639 866
639 1969
640 3814
640 1103
640 1732
640 4914
640 700
640 1756
641 1880
641 1169
641 2451
642 2329
642 3111
643 1483
643 4950
643 2159
644 1485
644 723
644 806
645 3261
645 4643
646 899
646 3484
647 4281
647 3600
647 3677
647 2203
648 2236
648 1821
649 1536
649 4750
649 2367
649 3483
650 4799
650 4958
650 4070
651 3353
651 2347
651 2985
651 3098
652 3341
652 4066
652 758
652 3802
652 2894
652 2598
652 1290
652 3249
652 3632
653 4670
653 2116
653 4821
653 1678
653 4672
654 2472
654 3980
654 2842
655 700
655 3655
656 2950
656 2140
656 4047
657 4108
657 2514
657 1905
658 4125
658 4608
658 4619
658 4529
658 2489
658 4859
658 2219
659 2472
659 2661
659 1960
660 1407
660 1723
660 2801
660 2953
660 3899
661 4338
661 1997
661 1732
661 1353
661 3797
661 1820
662 3761
662 2399
663 1652
663 2215
663 2979
663 3249
665 4603
665 2605
665 907
666 3084
666 3487
666 3677
666 4606
667 2940
667 865
667 1236
667 4346
668 3374
668 4335
668 904
668 1596
668 2804
668 3249
669 4235
669 2187
669 3532
669 2947
669 4332
669 2932
669 3366
669 821
669 4277
669 1616
669 1530
669 2544
669 2494
669 2319
669 3414
670 3476
671 2194
671 3473
671 3656
671 3382
672 3222
673 4575
673 2693
673 3335
673 859
673 3535
673 2748
673 2823
673 3651
675 2713
675 2249
675 1555
676 1239
676 3459
676 4953
677 2376
677 3631
678 4159
678 4838
678 685
678 2328
679 1373
680 878
680 3702
681 2548
681 2626
682 2140
682 4377
682 3254
683 829
683 2908
684 1942
684 4930
684 4807
685 4844
685 3875
685 2471
685 2874
685 4371
685 4896
685 3626
685 1526
685 3260
685 3280
685 4771
685 3855
685 4431
685 3144
685 1965
685 699
685 3988
685 1637
686 2169
686 1605
686 3249
687 3435
687 2946
687 3249
687 4039
688 4786
688 1780
689 1474
689 2571
690 2406
690 3906
690 4491
690 2698
690 2036
691 2348
691 3600
691 4283
691 1747
691 4788
691 1083
691 4845
691 1463
691 4607
692 4576
692 4637
692 1462
692 4883
693 2320
693 4669
693 2870
694 1518
694 4140
694 1570
694 3486
694 3567
695 2726
695 2201
695 1358
695 2879
695 2082
696 4593
696 4058
696 995
697 3875
697 718
697 3186
698 3171
698 2102
699 4601
700 3830
700 1842
700 3346
700 1670
700 3165
700 1489
700 3353
700 3612
700 3148
700 1285
700 1367
700 3124
700 3556
700 1352
700 3731
700 1103
700 4032
700 4278
700 1756
700 4832
700 3490
700 1306
700 3784
700 1267
700 1062
700 1410
700 4788
700 3851
700 3190
700 3338
700 1600
700 3844
700 3381
700 3938
700 3706
700 4089
700 3235
700 861
700 3152
700 3405
700 3289
700 3337
700 4848
700 4067
700 1708
700 4752
700 3647
700 2232
700 4297
700 4242
700 4620
700 3335
700 3904
700 3393
700 4437
700 2603
700 3126
700 3516
700 1488
700 3617
700 1340
700 3261
701 1334
701 2653
701 1165
702 1259
703 3286
703 4583
703 776
703 814
703 3853
703 3312
703 3695
703 2623
703 4034
703 4717
704 4917
704 3870
704 2224
705 4763
705 2201
705 3249
706 2575
706 1183
706 4958
707 2014
707 4264
707 2080
707 3164
707 770
708 1468
708 4754
708 3277
709 4430
709 728
709 2928
709 989
710 3893
710 728
710 2607
710 3944
711 4240
711 4687
712 3593
712 2634
712 2594
713 3592
713 799
713 4132
714 4784
714 1643
715 2409
715 4809
716 3759
716 4921
716 3438
716 3560
717 2183
717 2429
717 4958
717 3686
718 4525
718 1279
718 866
718 3569
719 4639
719 4352
719 4856
720 4806
720 2952
720 3470
721 1571
721 2723
721 1485
721 2268
722 4721
722 1862
722 1262
722 3629
723 4806
723 4377
723 4712
723 1852
724 3561
724 3024
724 3249
725 990
725 4304
725 3177
725 4091
725 3632
726 4557
726 2097
726 2431
727 1607
727 1342
727 4154
728 2174
728 3895
728 4445
728 3226
728 4378
729 1144
729 3666
730 2511
730 836
730 4202
731 1313
731 2007
731 866
731 2981
731 1353
732 3544
732 4408
732 4426
732 4811
733 4238
733 3508
733 2499
734 2042
734 2439
734 4567
734 1255
735 1620
735 3566
736 941
737 2372
737 2782
738 1520
738 4444
738 866
738 2062
738 2067
739 1107
739 3967
739 1676
739 834
739 2724
740 3336
740 1634
740 2792
740 3249
741 1565
741 1688
742 3649
742 3310
742 2859
742 1155
742 828
743 1130
743 1995
744 2222
745 2001
745 2079
746 1286
746 4921
746 2342
746 817
747 4141
747 4288
748 2063
748 3831
749 4283
749 1890
749 2553
750 1022
750 3185
750 3105
751 1104
751 2330
751 2968
752 3611
752 2295
752 3847
752 3186
753 4288
753 2008
753 2371
754 4439
754 2070
754 1469
754 3649
754 3249
755 905
755 4616
755 2161
755 2768
756 3839
756 3049
757 4823
757 2543
757 4572
757 2380
758 2338
759 4141
759 4238
759 1516
759 2453
760 2740
760 1239
760 3557
761 1171
761 781
762 4773
762 4095
762 3484
763 811
763 1943
763 3253
764 4041
764 3384
764 1522
765 2095
765 4869
765 2044
765 2384
765 4126
765 2468
766 4095
766 2643
766 1921
766 4500
767 3272
768 4497
768 3873
768 3042
769 3040
769 1819
770 4480
770 2322
771 3404
771 3593
771 4798
771 1180
772 3135
772 3511
773 3534
773 2753
773 4880
773 3229
773 3756
773 1154
774 3970
774 4282
774 4068
774 1184
774 1321
774 2388
774 3524
774 3282
774 2823
775 803
775 3698
775 4124
776 2174
776 3049
777 2457
777 2277
777 1845
777 4024
777 3339
777 2882
777 3214
777 2195
777 3249
778 4521
778 4022
778 4448
778 3249
779 4230
779 4896
779 843
779 957
779 1155
779 1551
780 4341
780 1740
780 2914
780 1938
781 1561
781 4249
781 2576
781 4123
781 2302
781 2743
781 4431
781 1048
781 1830
782 4214
782 1329
782 1043
782 1428
782 2208
782 3401
782 2397
783 1243
783 977
783 4746
784 4947
784 2401
784 3767
784 887
784 1519
784 3092
785 1819
786 2477
786 1093
787 4430
787 1544
787 3892
787 3379
787 4508
787 2920
787 4616
787 3249
787 3657
788 2306
788 4182
788 1138
788 3249
788 1771
789 3286
789 2805
789 3779
789 2184
789 4652
790 3098
790 2001
790 3880
791 1522
791 4561
791 2603
791 3249
792 4444
792 4363
792 4810
793 1911
793 1971
793 1875
793 3331
793 4591
793 3148
794 2277
794 1007
794 1137
794 3657
794 2299
794 4661
794 2904
794 2953
794 3249
795 4846
795 2349
795 4919
795 3273
796 1427
796 3177
797 4127
797 4572
797 907
798 3091
798 1242
798 3303
798 3249
798 1281
799 1435
799 2348
800 1323
800 3321
800 3248
800 3944
800 1415
801 4100
801 4942
801 4772
801 4256
801 4132
801 1156
801 813
802 4439
802 2315
802 4212
802 3186
802 1519
802 1882
803 2414
803 1638
803 3286
803 1573
803 2868
803 1550
803 1597
803 3443
804 1479
804 2251
804 4448
804 2997
804 3249
805 2377
805 1954
806 3605
806 3595
807 3633
807 4883
807 3249
807 4058
808 4281
808 2647
809 964
809 2500
810 4353
810 2790
810 2894
810 3345
810 2211
810 3249
811 3366
811 1353
811 3870
811 4182
812 3995
812 1449
812 1229
812 3249
812 3657
813 1463
813 4913
814 2117
814 1555
814 4726
815 3247
815 1145
815 1422
816 1534
816 2734
816 1996
817 1381
818 3334
818 3749
818 2239
818 4068
819 2843
819 4964
820 4722
820 4921
820 2741
821 3256
821 916
821 3013
821 4611
821 2074
822 1845
822 1742
822 1695
822 3249
823 2829
823 3349
823 2005
824 2616
824 1061
825 4240
825 4273
825 1050
825 2079
826 3272
826 1610
827 2829
827 2508
828 3711
828 4448
829 1082
829 1300
830 4853
830 1256
830 1310
831 4602
831 4482
832 2779
832 2725
832 3353
832 1099
833 2691
833 1397
833 3249
834 4276
835 2442
835 4537
835 2071
835 1018
835 4171
835 3255
836 4938
836 4236
836 2609
836 3249
837 941
837 1354
838 1370
838 1129
838 4505
839 942
839 3498
839 3249
840 2227
840 2049
840 4958
841 2174
841 2388
841 2472
841 1316
842 3757
842 2928
842 3249
843 4211
844 1120
845 3536
845 1071
845 2997
845 3249
846 4863
846 2190
846 1827
846 2830
846 4520
846 1247
846 874
846 4514
846 4373
847 2340
847 4952
847 2934
847 991
847 1539
847 4265
848 948
848 1617
848 3564
849 4687
849 2662
849 1369
849 3818
850 2792
850 4789
850 2664
850 1424
850 3665
851 1426
851 4580
851 2532
852 2990
852 973
853 2555
853 1265
853 2233
853 854
853 895
853 2139
853 3607
853 4041
853 3299
853 1993
853 3942
853 4770
853 1516
853 3399
854 2388
854 1660
854 4635
854 3311
855 2994
855 3291
855 3249
856 2188
856 4958
856 4193
856 3143
857 4157
857 2235
857 3085
858 1603
858 3249
859 4611
859 2055
860 3125
860 4971
860 1135
860 3654
860 4656
861 934
862 1166
862 1252
862 3927
863 1453
863 3629
863 3155
863 2304
864 3537
866 2978
866 2045
866 4284
866 4001
866 4247
866 4235
866 4563
866 2469
866 882
866 3987
866 905
866 1483
866 2596
866 1025
866 4047
866 2653
866 2499
866 3047
866 2446
866 4742
866 4189
866 3975
866 921
866 4449
866 4407
866 3742
866 952
866 4512
866 2913
866 1926
866 2050
866 4567
866 972
866 1047
866 3864
866 999
866 4450
866 4044
866 4207
866 1196
866 4183
866 4125
866 2154
866 2552
866 2529
866 2842
866 2049
866 1249
866 1404
866 922
866 2238
866 4119
866 2170
866 4698
866 3981
866 1527
866 2969
866 3605
866 2016
866 1054
866 4117
866 4708
866 4519
866 2964
866 2849
866 875
866 3163
866 4126
866 4622
866 4889
866 4222
866 3224
866 2660
866 3246
866 1386
866 3628
866 3564
866 1443
866 971
866 918
866 1521
866 4472
866 1458
867 4590
867 4811
867 2994
867 2954
867 4019
867 3906
867 3837
867 1308
867 3931
867 2643
867 3819
867 3249
868 986
868 1698
868 3525
869 4340
869 4371
869 2411
870 966
870 4694
870 1801
870 2001
870 1409
870 4094
870 2515
870 3819
871 4214
871 4116
871 2374
872 4444
872 2756
873 4691
873 4518
873 3249
874 2955
875 4834
875 3944
875 3306
875 1318
875 2950
875 4595
876 2978
876 1736
876 1297
876 2384
876 3098
877 977
877 1485
877 1678
877 2317
878 3404
878 4096
879 2957
879 2132
879 1160
879 3713
879 1475
879 3429
880 884
880 1248
880 1902
881 1147
881 3445
881 3797
882 1249
882 4044
882 4616
882 4149
883 2414
883 3865
883 3797
883 3458
884 2109
884 1104
884 4431
885 3083
885 4004
885 3290
885 4370
885 1911
886 1756
886 4368
886 3392
886 3793
886 3613
887 1497
887 3249
888 4349
888 4624
888 1647
888 3249
889 3312
889 2237
890 4482
890 1448
890 1186
890 4894
890 1989
891 1836
892 1229
892 3687
892 4389
892 4507
893 4264
893 3627
893 4782
893 1306
893 1093
894 1449
895 4234
895 1502
896 1097
896 2630
897 3631
898 3273
898 2167
898 3645
898 4329
898 3899
899 1716
899 4695
900 3590
900 3395
901 2587
901 4763
902 4287
902 4366
902 3555
902 1122
902 3720
903 4584
903 2656
904 3015
904 2145
905 2978
905 4653
905 1849
905 2499
905 2973
906 4582
906 4762
907 2262
907 4418
907 3173
907 2477
907 4724
907 4028
907 2938
907 4190
907 3523
907 3813
907 2156
907 2997
907 3483
908 4246
908 2575
908 4670
908 3249
909 2023
909 3767
909 2500
910 2684
910 4838
911 3249
911 1319
912 2626
912 3886
913 3562
913 2300
914 3603
914 2625
914 4255
914 3657
915 1427
915 2500
915 2907
916 4299
916 3315
916 2212
916 4113
917 2161
917 3249
918 1785
918 2978
918 1022
918 1019
919 1054
919 1493
919 4493
919 2085
919 3249
920 4733
920 4406
920 3628
920 2661
920 2917
921 1025
921 4454
922 3988
922 999
922 2847
923 4530
923 4128
924 955
924 1903
925 4439
925 3707
925 3026
925 1066
925 2361
926 2391
926 4958
927 1654
927 1252
927 1644
928 2125
928 2460
928 1071
929 2140
929 2802
930 2293
930 4370
930 3124
930 1905
930 2097
931 2271
931 1858
931 1194
931 1256
931 3657
932 4738
932 4083
932 3013
933 958
933 1044
933 2245
933 3429
933 4015
934 3182
934 3249
935 1235
935 4782
935 3815
935 4434
936 4230
936 4868
936 2536
936 3805
938 3424
938 3249
939 4977
939 2056
939 4323
939 3440
939 3843
940 2030
940 2317
940 4293
940 2831
941 1926
941 2351
941 4274
942 2576
942 1711
942 4201
942 3249
942 3657
943 1490
943 2500
943 3273
944 4774
944 2172
944 3221
944 1051
944 4678
944 4696
945 4012
945 2717
946 3587
946 2487
946 1138
947 1812
947 4769
948 1022
949 4825
949 3078
949 3775
949 1632
950 3899
950 2789
950 1532
950 2033
951 2087
951 1191
951 2218
951 4033
951 4428
952 3015
953 4607
953 1966
953 3249
954 1978
954 3581
954 1943
955 3959
955 3960
956 2174
956 959
956 1619
956 1110
956 3223
956 2885
956 1030
956 4939
956 1501
956 4526
956 3769
956 4618
957 1870
957 1716
957 3024
957 1304
957 2408
958 4482
958 2866
960 4252
960 1339
960 2082
960 3434
960 3746
961 3147
961 4309
961 2763
961 4963
961 2996
961 4534
962 3500
962 2497
962 2551
962 1863
962 2480
962 2547
962 2472
962 2875
963 4187
963 2362
963 1138
963 3249
964 4393
965 2440
965 4327
965 3623
965 3529
965 3461
966 3989
966 1409
966 4883
967 2118
967 3171
968 2475
968 2687
968 3611
968 3098
969 1478
969 1220
969 2425
969 4239
970 4444
970 2918
970 1353
970 2328
970 1240
970 1867
970 4350
970 2151
971 4484
971 1437
972 1249
973 4369
973 4561
973 3249
974 2963
974 3801
974 3069
974 4160
974 4461
974 3976
975 4129
975 1441
975 1189
975 3304
975 2687
975 2406
976 1336
976 2232
976 3719
977 2135
977 2291
977 4330
977 2536
977 3913
977 2611
978 2978
978 3169
978 2791
979 4087
979 2575
980 4893
980 2173
980 3700
980 4887
980 3088
980 1331
980 1498
980 3976
981 2653
981 2190
981 2775
982 1643
982 3739
982 4163
982 2811
983 3502
983 2949
984 4887
984 3714
985 2065
985 3593
985 3841
986 4103
986 3133
986 1178
986 3074
987 4234
987 4247
987 4921
988 4497
989 4271
989 2417
989 2006
989 2516
989 3032
989 1823
989 2627
989 2570
989 3249
990 4143
990 3683
991 2058
991 3054
991 3000
991 2332
991 1657
991 4333
991 1438
992 1003
993 4232
993 3191
993 2062
993 3249
994 3425
994 2126
994 1520
994 2816
994 3972
994 3245
994 4166
995 4800
995 1581
995 2168
995 1665
995 3286
995 4479
995 3147
996 1687
997 3247
997 1334
997 1223
997 3699
997 4112
998 2895
998 4334
998 3942
999 4189
999 2653
999 4642
999 1871
999 1543
1000 4958
1000 4523
1000 2831
1000 1320
1001 1887
1001 4724
1002 1303
1002 1023
1002 1473
1002 1004
1002 4625
1002 3249
1003 1797
1003 3858
1003 1476
1004 2507
1004 1170
1005 3912
1005 3508
1005 1486
1005 1987
1006 2370
1006 2528
1006 4072
1007 2075
1007 4448
1007 3249
1008 1334
1008 2742
1009 3610
1009 3121
1010 2915
1010 4875
1011 2140
1011 4244
1011 1519
1012 4979
1012 3714
1012 2699
1012 1348
1012 2557
1013 3817
1013 3249
1013 1853
1014 3076
1014 2749
1014 2541
1014 1800
1014 1535
1014 3249
1015 3234
1015 3409
1016 4925
1016 3369
1016 1106
1016 3194
1016 1332
1017 2335
1017 3632
1017 1443
1017 2277
1017 1886
1017 3249
1018 3483
1018 2386
1019 3627
1020 4430
1020 1122
1020 3249
1020 3843
1022 1710
1022 2445
1022 1210
1022 3292
1022 3459
1022 1849
1023 4083
1023 4316
1023 3298
1024 3984
1024 1665
1024 3877
1024 3309
1025 1497
1025 2499
1026 1695
1026 1889
1026 3409
1026 2767
1026 4826
1026 1240
1026 1297
1026 4546
1027 1916
1027 4472
1027 3249
1028 3009
1028 2964
1028 1546
1028 3366
1028 3134
1029 1996
1029 4631
1029 4351
1029 2867
1029 1087
1029 3351
1030 2819
1030 2028
1030 2306
1031 2647
1031 2832
1031 3249
1031 1232
1032 1406
1032 3919
1033 2500
1033 4431
1034 1599
1034 1742
1034 1055
1034 4486
1035 3819
1036 4912
1036 3654
1036 1042
1036 3249
1037 2224
1038 3825
1038 4171
1038 2878
1039 1393
1039 4165
1040 4160
1040 2297
1040 2583
1040 1240
1040 1307
1040 3374
1040 2544
1041 3970
1041 2368
1041 3359
1041 2832
1042 2783
1042 4559
1042 3249
1043 2483
1043 4966
1043 4669
1043 3244
1043 3849
1043 3798
1044 2909
1044 3064
1044 1884
1044 4775
1044 3657
1045 4226
1045 4870
1045 4866
1046 4834
1046 1357
1047 4264
1047 4237
1047 4284
1047 4453
1048 1515
1049 4072
1049 4279
1049 2747
1050 4408
1050 2915
1050 3609
1050 3169
1050 1342
1050 3249
1051 4444
1051 4844
1051 4958
1052 2454
1052 3068
1052 4710
1052 3797
1053 1080
1053 3972
1053 3448
1053 1510
1054 4815
1054 1745
1055 2188
1056 2101
1056 1165
1056 1312
1057 1899
1058 4958
1058 3563
1059 3277
1059 3649
1059 4431
1060 4007
1061 3689
1061 2691
1062 2423
1062 2198
1063 4029
1063 3264
1063 3287
1064 1110
1064 3676
1065 4278
1065 3184
1065 1499
1065 4369
1065 2519
1066 4438
1066 2351
1066 3249
1067 4200
1067 1841
1067 3223
1068 1516
1068 3961
1068 3123
1068 1804
1069 4627
1069 4206
1070 3812
1070 1649
1070 1996
1070 3982
1071 4165
1071 4371
1071 3411
1072 2096
1072 3960
1072 3372
1073 4217
1073 3945
1073 2876
1074 2126
1074 3588
1074 2441
1075 3280
1075 2067
1076 1355
1076 2913
1076 3160
1077 2113
1077 3457
1078 2341
1078 2915
1078 4172
1078 1252
1078 4474
1079 3672
1079 2083
1079 4696
1079 2451
1079 3694
1080 3068
1080 4200
1080 3084
1080 1639
1081 2028
1081 1471
1082 2752
1082 2368
1082 2055
1082 2790
1083 1989
1083 3068
1083 1756
1083 4067
1084 2978
1084 2725
1084 1221
1084 2722
1084 4619
1085 1143
1086 3101
1086 3629
1087 4943
1087 4466
1087 4394
1087 3249
1088 4299
1088 2682
1088 3694
1089 2521
1089 2862
1089 4747
1090 2784
1090 3594
1090 2923
1091 3196
1091 1764
1091 1888
1091 4849
1091 3228
1091 2472
1091 1367
1091 3249
1092 1565
1092 4080
1092 2884
1092 2620
1093 3249
1094 3810
1094 2780
1095 4230
1095 4675
1095 3222
1095 3662
1095 2589
1096 4141
1096 2176
1096 1809
1096 2942
1097 4898
1097 4965
1097 4098
1097 4865
1097 3304
1097 3302
1098 4214
1098 4817
1098 1576
1099 2743
1099 2869
1100 4700
1100 1528
1100 3334
1101 2140
1101 4743
1102 3478
1102 4690
1103 3188
1103 2580
1103 3654
1103 3784
1104 1565
1104 2038
1104 3632
1105 2753
1105 2225
1105 2509
1105 1152
1105 1252
1105 4738
1106 4154
1106 1897
1106 3441
1107 1641
1107 4923
1107 2352
1107 2248
1107 1414
1108 4444
1108 2107
1109 4240
1109 3152
1110 2906
1110 4051
1110 2438
1110 1623
1110 4268
1110 3065
1111 2884
1111 2536
1111 1987
1111 3818
1112 2193
1112 3052
1112 1403
1112 2474
1113 4675
1113 2093
1113 4046
1114 3271
1114 1876
1114 4327
1115 3089
1115 3377
1115 2772
1115 2047
1116 3645
1116 1577
1117 3300
1117 1287
1117 1658
1118 1433
1118 2176
1118 3135
1118 3249
1119 3649
1119 1190
1119 4367
1119 3568
1119 3249
1120 2077
1120 1907
1120 3419
1120 3567
1120 2586
1121 2140
1121 3138
1121 1393
1121 2575
1122 2716
1122 2476
1122 2376
1122 2285
1122 4604
1122 4186
1122 1141
1123 2684
1123 2886
1123 3657
1124 2439
1124 4958
1124 3261
1125 3296
1125 4763
1125 1596
1125 3175
1125 2569
1126 4058
1126 4833
1126 4467
1126 2857
1127 2190
1127 4301
1127 4095
1128 4920
1128 3888
1128 4674
1128 3249
1129 3018
1129 1340
1129 1520
1130 2803
1130 2462
1131 4448
1131 2613
1131 4737
1131 3249
1131 3657
1131 1635
1131 1951
1132 3114
1132 2920
1132 3424
1132 4059
1132 3780
1133 3155
1133 4068
1134 2935
1134 3245
1134 4444
1134 3383
1135 2673
1135 4024
1135 2734
1136 3751
1136 3486
1136 3158
1136 1659
1136 1353
1137 3696
1137 4350
1137 3911
1137 2439
1137 4461
1137 4912
1137 2877
1137 1138
1137 3249
1138 3210
1138 3907
1138 2518
1138 3116
1138 3995
1138 1951
1138 3580
1138 4430
1138 4519
1138 2757
1138 2037
1138 3270
1138 4827
1138 3535
1138 3058
1138 2747
1138 3716
1138 4540
1138 1177
1138 3447
1138 3258
1138 4034
1138 3249
1139 4348
1139 2382
1140 3796
1140 1286
1141 2408
1141 3249
1141 3657
1142 2957
1142 3146
1142 1162
1142 3429
1142 1849
1143 1535
1143 3176
1143 3143
1143 1466
1143 1672
1143 4516
1143 3085
1143 4261
1143 3249
1144 3713
1145 1921
1146 1238
1146 3827
1146 1720
1146 1849
1147 1264
1147 1761
1147 1561
1147 1454
1147 2733
1147 2798
1148 2067
1148 1936
1149 3059
1149 4786
1149 1770
1149 2105
1150 4431
1150 2213
1150 4382
1150 1197
1151 2371
1151 3454
1151 3249
1152 4844
1154 1182
1155 2580
1155 1371
1155 2816
1155 2501
1155 4249
1155 1455
1155 2958
1155 1226
1156 3896
1156 1991
1157 2772
1157 3926
1157 1352
1158 4394
1158 4071
1158 3249
1159 4938
1159 2923
1159 3306
1159 3229
1159 2772
1159 1252
1160 1618
1160 1194
1160 4242
1161 3100
1161 3646
1161 1944
1161 3686
1162 4476
1162 3490
1163 1980
1163 4406
1163 3058
1163 3249
1164 3426
1164 3750
1164 1846
1164 4294
1165 4864
1165 3109
1165 2978
1165 3799
1165 1764
1166 4214
1166 3658
1166 4137
1166 2804
1166 3270
1166 1811
1167 2843
1167 4900
1167 4313
1167 4601
1167 4812
1168 1783
1168 2460
1168 3716
1168 2293
1168 3019
1168 1356
1169 2205
1169 2281
1169 1678
1170 4700
1170 3718
1170 2622
1170 2568
1171 1988
1171 2911
1171 3676
1171 4751
1172 2923
1172 4815
1172 2494
1172 3534
1172 3376
1173 2200
1173 4135
1173 3275
1173 1381
1173 2558
1174 4192
1174 4230
1174 2546
1175 1647
1175 2521
1175 2730
1175 2415
1175 1624
1175 3249
1176 3997
1176 4449
1177 4531
1178 4815
1178 2454
1178 3704
1178 3644
1178 1565
1178 3132
1178 4174
1179 4401
1179 4440
1180 2988
1180 4973
1180 3249
1181 1197
1181 1230
1181 2304
1181 4091
1182 3276
1182 3249
1183 3780
1183 4423
1183 1854
1184 2174
1184 3207
1185 3653
1185 3332
1185 3389
1185 2045
1185 1844
1186 1977
1186 3689
1186 1450
1186 1933
1186 3484
1187 1813
1187 1966
1187 4951
1188 3696
1188 2242
1188 1726
1189 2483
1189 4808
1189 3234
1189 4933
1189 3468
1189 4459
1189 3330
1189 1221
1189 4823
1189 4156
1190 4259
1190 2062
1190 2094
1190 4154
1191 1396
1192 4139
1192 2638
1192 3346
1192 3401
1193 1797
1193 1561
1194 3882
1194 3541
1194 1313
1194 1849
1194 4952
1194 3247
1194 3078
1194 3821
1194 3759
1194 1957
1194 1200
1194 4596
1194 4050
1194 4178
1194 2621
1194 3828
1194 1516
1195 3524
1195 3469
1195 3429
1196 2223
1197 1901
1197 1779
1197 3979
1197 1341
1198 1893
1198 4963
1199 2952
1200 2192
1200 3161
1200 3775
1201 1441
1201 1570
1202 3934
1202 1256
1202 2319
1202 3072
1202 1585
1203 2782
1203 2847
1203 1637
1204 3841
1204 1855
1205 2820
1205 3269
1205 2060
1206 4291
1206 2831
1206 3231
1207 1651
1208 2987
1208 2672
1208 3754
1209 2081
1209 2204
1210 4287
1210 2662
1210 1232
1211 3388
1211 4751
1212 4863
1212 2230
1212 1705
1212 2510
1212 1420
1213 2977
1213 4169
1214 4089
1214 3044
1215 4274
1215 2434
1215 2159
1216 3162
1216 3249
1217 4443
1217 2228
1219 3324
1220 2078
1220 3520
1221 3815
1221 2929
1222 4551
1222 1621
1222 3249
1223 3186
1223 1352
1224 4925
1224 4154
1224 3347
1225 4715
1225 4163
1225 1324
1225 2288
1225 2023
1226 1521
1226 4015
1226 4489
1226 2611
1227 3665
1227 3013
1228 2885
1228 2996
1228 3676
1228 3761
1228 1750
1228 3976
1228 4020
1229 2765
1229 2857
1229 3664
1230 3694
1230 2498
1230 4676
1230 2346
1230 2006
1231 2140
1231 2519
1231 3020
1232 2117
1232 3551
1232 3249
1232 2417
1232 1771
1232 4734
1232 3728
1232 3372
1232 2189
1233 1891
1233 1574
1233 4673
1233 3308
1234 4680
1234 4431
1235 1798
1236 4222
1236 4061
1236 2714
1236 1774
1237 2321
1237 3718
1238 2430
1239 2413
1240 1293
1241 3416
1241 1415
1241 4624
1241 3249
1242 4163
1242 2400
1242 3249
1243 1454
1243 2539
1243 3154
1243 1929
1243 3818
1244 4534
1244 2842
1245 1704
1245 4544
1245 3249
1245 3657
1246 2302
1246 4421
1246 1637
1247 3245
1247 3757
1248 4615
1248 3849
1248 2185
1248 3676
1248 3392
1249 4804
1250 4264
1250 1460
1250 3772
1251 1290
1251 1399
1252 3911
1252 2579
1252 2509
1252 4134
1252 2598
1252 4962
1252 3869
1252 2942
1252 2570
1252 4172
1252 2225
1252 2422
1252 1697
1252 3191
1252 4731
1252 4343
1252 3140
1252 4956
1252 4273
1252 1593
1252 2446
1253 2879
1253 1589
1254 4797
1254 4452
1254 1939
1254 1681
1254 1869
1254 4431
1255 3787
1256 4379
1256 3320
1256 2975
1256 2761
1257 4974
1257 1352
1257 2965
1257 4418
1257 2372
1258 2895
1258 3817
1258 3429
1259 2735
1260 4499
1260 2310
1260 3564
1260 2602
1261 4255
1261 3720
1262 1648
1262 2046
1262 4470
1262 1429
1262 4693
1263 3296
1263 2412
1263 1720
1263 3545
1263 3712
1265 4841
1265 2897
1265 1454
1265 1707
1266 4700
1266 3179
1267 4715
1267 1352
1267 1510
1268 2886
1268 3249
1268 1941
1268 2642
1269 4214
1269 1946
1269 1540
1270 2396
1271 3389
1271 3599
1271 1834
1271 4046
1272 3033
1272 2798
1272 2870
1272 3249
1273 3759
1273 4913
1274 2078
1275 3249
1275 2377
1276 4527
1276 2662
1277 3642
1277 1848
1278 3474
1278 4546
1279 2131
1279 4738
1279 4761
1279 2228
1280 3361
1280 3547
1280 2713
1280 1756
1281 2716
1281 4856
1282 2088
1282 1870
1282 2277
1282 3717
1283 4646
1283 2997
1284 3077
1284 2569
1284 3429
1284 1767
1285 4289
1286 4372
1286 2854
1286 1981
1286 3032
1287 3117
1287 3629
1288 3296
1288 3597
1288 1739
1289 1465
1289 4663
1290 3805
1290 4184
1290 2289
1291 1387
1291 2102
1292 4264
1292 4311
1292 1671
1292 3374
1292 2763
1292 2225
1293 1446
1294 4330
1294 4863
1294 2478
1295 3834
1295 3426
1295 1844
1296 4453
1296 3058
1296 1635
1296 3876
1296 3345
1296 3648
1296 4798
1296 3276
1296 3839
1297 2181
1297 1851
1298 1334
1298 3665
1298 3390
1299 3330
1299 2298
1299 1442
1300 4209
1300 3352
1300 4061
1301 1976
1301 3026
1301 3141
1301 1707
1301 1945
1301 3603
1302 1464
1302 3665
1303 2950
1303 1490
1303 4011
1303 2324
1304 3272
1304 1353
1305 3333
1305 3726
1305 2251
1305 1635
1306 3378
1306 3486
1307 4404
1308 3240
1309 4267
1309 3888
1310 4175
1310 4840
1311 2140
1312 2783
1312 2378
1312 1934
1313 4900
1314 1433
1314 4283
1314 4959
1315 4315
1315 2115
1315 3401
1316 2907
1317 2308
1317 2795
1317 3797
1318 4527
1318 4398
1318 4639
1318 1472
1318 4032
1318 1476
1318 1735
1318 2846
1319 3330
1319 3249
1319 4504
1320 2545
1320 3295
1320 4316
1321 4237
1321 2220
1321 3621
1322 2965
1322 2592
1322 2120
1323 2398
1323 2326
1323 1379
1324 3629
1324 1909
1325 4924
1325 3000
1325 3598
1325 2020
1325 3999
1326 4302
1326 4633
1326 3318
1327 4879
1327 4733
1328 3249
1329 4444
1329 4578
1329 1735
1329 3342
1330 1581
1330 2982
1330 2912
1330 4065
1330 3012
1331 1890
1331 2334
1332 2558
1332 3249
1332 3666
1332 2294
1332 3657
1333 4873
1333 2180
1334 4104
1334 3659
1334 1657
1334 3130
1334 1938
1334 3759
1334 3281
1334 2865
1334 1978
1334 2545
1334 3539
1334 3946
1335 2286
1335 3674
1335 4153
1335 4603
1336 1517
1337 2223
1337 2854
1337 3651
1337 1815
1338 2599
1339 4611
1339 2089
1339 4925
1340 4051
1340 2757
1340 3901
1340 3006
1341 1952
1342 4371
1342 2556
1342 4439
1342 3818
1342 1468
1343 3253
1343 4969
1343 3623
1343 3605
1344 4878
1344 2899
1344 1366
1344 1708
1344 3732
1344 4624
1345 2148
1345 3715
1345 2918
1346 2995
1346 4431
1347 2481
1347 4082
1348 1450
1349 1772
1349 2277
1350 4462
1350 4081
1351 4059
1351 3248
1351 2304
1352 2628
1352 1481
1352 1747
1352 4276
1352 2985
1352 3431
1352 1732
1352 3148
1352 4032
1352 2899
1352 2348
1352 1846
1352 4789
1352 1952
1353 4379
1353 3096
1353 3747
1353 4848
1353 3164
1353 1429
1353 3403
1353 4445
1353 3120
1354 4353
1354 3682
1355 4733
1355 3071
1355 3759
1356 4585
1357 4533
1358 2570
1358 1585
1359 1737
1359 1438
1359 3625
1360 2088
1360 1585
1361 3148
1361 3635
1361 4423
1362 3249
1362 3281
1363 2779
1363 2780
1364 3696
1364 4960
1364 4178
1365 2219
1365 2714
1365 4003
1365 3720
1366 4485
1366 4799
1366 1410
1366 1895
1366 3735
1367 2765
1367 1678
1367 3797
1368 2325
1368 2622
1369 4214
1369 2779
1369 4829
1370 4129
1370 4251
1370 3245
1370 3425
1370 1568
1370 1880
1370 2591
1370 3813
1370 3187
1370 3915
1370 3624
1370 4819
1371 4444
1371 1924
1372 4336
1373 3531
1373 2587
1373 1556
1374 3314
1374 1950
1375 2140
1376 1530
1377 2058
1377 4864
1377 3252
1378 4151
1378 3401
1379 4470
1379 4582
1379 4138
1379 1683
1379 4197
1379 2692
1379 2147
1379 3249
1379 3657
1380 2104
1380 2713
1380 4456
1381 1705
1381 1996
1381 2000
1382 4374
1382 2879
1382 2332
1383 2157
1383 4461
1383 3249
1383 3564
1384 4225
1384 3406
1384 2065
1384 4444
1385 3425
1385 2224
1385 2839
1386 1702
1386 2899
1386 2951
1388 3703
1388 4939
1388 3866
1389 2140
1389 4197
1390 4444
1390 4123
1390 1575
1391 2871
1391 2160
1391 4902
1392 4664
1392 3434
1392 3595
1392 2902
1392 4787
1392 4891
1392 4922
1393 3887
1393 2151
1393 4443
1393 1998
1393 2980
1393 2815
1393 4347
1393 4038
1394 2640
1394 4578
1395 3249
1395 3263
1395 3992
1396 3371
1396 1930
1396 1969
1396 3813
1396 1963
1397 2680
1398 3393
1398 1718
1398 3249
1399 2838
1399 4145
1399 2158
1399 1493
1400 2042
1400 4208
1400 1573
1400 1968
1400 2155
1401 1814
1401 2062
1401 3206
1401 2577
1402 3630
1402 2241
1403 4592
1403 2899
1403 3010
1404 3692
1404 4477
1405 4020
1405 1674
1405 2670
1405 3946
1406 2963
1406 3211
1407 1728
1407 2944
1408 4211
1408 2481
1409 2845
1409 2489
1411 2943
1411 1486
1411 4905
1412 3326
1412 3249
1413 4382
1413 2976
1413 4176
1413 3631
1413 4648
1414 1586
1414 3249
1416 3855
1416 4008
1416 1565
1416 4251
1417 2631
1417 2437
1418 4896
1418 3357
1418 1882
1419 4172
1420 3985
1420 4176
1420 2342
1420 3249
1421 3278
1421 3517
1421 1576
1422 3429
1422 3916
1422 3946
1422 3506
1423 1718
1424 2192
1424 3043
1424 3475
1424 4789
1425 4215
1425 2766
1425 2316
1426 4517
1426 3614
1426 2907
1426 3249
1427 1570
1427 4852
1427 1826
1427 3550
1427 2907
1427 1954
1427 3766
1427 4633
1427 3167
1428 2784
1428 3672
1428 2987
1428 3653
1428 3219
1428 1924
1428 4519
1428 3531
1429 4573
1430 2487
1430 4696
1430 3249
1431 4281
1431 4360
1432 3556
1432 2680
1432 2033
1432 3686
1433 2445
1433 1657
1433 2267
1433 2883
1433 4924
1433 3154
1433 1645
1433 3865
1434 4676
1434 3249
1435 3336
1435 2500
1436 2686
1436 1653
1436 3194
1436 3477
1437 1664
1437 2266
1437 2844
1438 4473
1439 3260
1439 4891
1441 3933
1441 3962
1442 4482
1442 4965
1442 3782
1442 4924
1442 2563
1442 3508
1442 1644
1442 3365
1443 3429
1443 2299
1443 3249
1444 2439
1444 3462
1444 3249
1445 4850
1445 1798
1445 1620
1445 3358
1446 4192
1446 4384
1446 3441
1447 1909
1447 3344
1447 3499
1447 1557
1448 1557
1448 2645
1449 2747
1449 3249
1450 3055
1450 2267
1450 2945
1451 1748
1451 1722
1451 2967
1451 2907
1452 3575
1452 4444
1452 3249
1453 1863
1454 4553
1454 4259
1454 3612
1454 3129
1455 2729
1455 4787
1455 3249
1456 4265
1456 3355
1456 4642
1457 4115
1457 2727
1457 3252
1457 2004
1458 2500
1458 2304
1458 2196
1459 3098
1459 3898
1459 3899
1459 1862
1460 4777
1460 1882
1461 3884
1461 4671
1461 4533
1461 3737
1461 3657
1462 2067
1462 4133
1462 1517
1462 4766
1463 2797
1463 3446
1463 1812
1463 2516
1465 2140
1465 2151
1466 2097
1466 3629
1466 3249
1467 2374
1467 4440
1467 3366
1469 2934
1469 4907
1469 2135
1469 4823
1470 4268
1470 4531
1471 3893
1471 3719
1472 2601
1472 3794
1472 4853
1473 2124
1473 1657
1473 2062
1474 4691
1475 3362
1475 1496
1475 3629
1475 3770
1476 4571
1477 4532
1477 3249
1478 2375
1478 4141
1478 4444
1478 1637
1479 2387
1479 3712
1479 1525
1479 3249
1480 4428
1480 3562
1480 3686
1481 1510
1481 3870
1482 4700
1482 3249
1484 4564
1485 4722
1485 4594
1485 2205
1485 4475
1485 2917
1486 2560
1486 3249
1487 2606
1487 2765
1487 4206
1487 3249
1488 1819
1488 3249
1489 2745
1489 2067
1490 2982
1490 4826
1490 3224
1490 1741
1490 4810
1490 1825
1490 3890
1490 3027
1490 2835
1490 4882
1490 4651
1490 2296
1491 4314
1491 4061
1491 3249
1491 3327
1492 1579
1492 3673
1493 2539
1494 2673
1494 3212
1495 3794
1495 3955
1496 2792
1496 1775
1497 3296
1497 1684
1498 3771
1498 1731
1498 2788
1498 2034
1498 3997
1498 4029
1498 2239
1498 1991
1499 2401
1499 2654
1500 3137
1500 2936
1500 3402
1501 3813
1503 2935
1503 4326
1503 2741
1504 3476
1504 1972
1504 3524
1504 4253
1504 2632
1505 3743
1505 4644
1505 2997
1506 3774
1506 1730
1506 1889
1507 3507
1507 2160
1508 4428
1508 4105
1508 2394
1509 4654
1509 3249
1510 4861
1510 1947
1510 3433
1510 3232
1510 3273
1510 3866
1510 4853
1510 3620
1510 3816
1510 2001
1510 4620
1511 4582
1511 3616
1512 3922
1512 2156
1512 4122
1513 2500
1513 4804
1514 2597
1514 3249
1515 3249
1516 2485
1517 3946
1517 2141
1518 4888
1518 3218
1519 4463
1519 2788
1519 3424
1519 3657
1520 1556
1521 2150
1521 3610
1522 1993
1523 2804
1523 1860
1523 4585
1523 3101
1523 2281
1524 4550
1524 2251
1524 4370
1525 1900
1525 2284
1526 2297
1526 3765
1526 4600
1526 3657
1527 2100
1528 3799
1528 2430
1528 1539
1528 2208
1528 2960
1529 4149
1529 3950
1529 2795
1530 3366
1530 3461
1531 4216
1532 2359
1533 4558
1533 2995
1533 2956
1533 4478
1534 4122
1535 4562
1535 4194
1536 2140
1536 1649
1537 3406
1537 4181
1537 4861
1537 1882
1537 1862
1538 4482
1538 2990
1538 1989
1539 3882
1539 4389
1539 2946
1539 2236
1540 2923
1540 2587
1540 2958
1541 2501
1541 4842
1542 2500
1542 2532
1544 3249
1544 3604
1545 2997
1545 3249
1546 1710
1547 4385
1548 2467
1548 3249
1549 4564
1549 2257
1550 2359
1551 2308
1551 3654
1552 2935
1552 3495
1552 3249
1553 2841
1553 1702
1553 1653
1553 2127
1554 3287
1554 3809
1555 4551
1555 2447
1556 3147
1556 2688
1556 2897
1556 2430
1556 1865
1556 4123
1557 2141
1557 2363
1558 1776
1558 2757
1558 1637
1558 3797
1559 2578
1559 4104
1559 3259
1560 1714
1562 4270
1562 1715
1563 4612
1563 3249
1564 2500
1564 2845
1564 1814
1564 2613
1564 3249
1565 3901
1565 4879
1565 3309
1565 2912
1565 4976
1565 3676
1565 1698
1565 3521
1565 2483
1565 3244
1565 2784
1565 3497
1565 3278
1565 1785
1565 2736
1565 3079
1565 3373
1566 3373
1566 4239
1566 3750
1567 4507
1567 3544
1568 4280
1568 2897
1568 2787
1569 3249
1569 2414
1571 4488
1571 4511
1571 3249
1572 3124
1573 1861
1573 4940
1573 1647
1573 3758
1574 2140
1574 2295
1575 2688
1575 3402
1576 2651
1576 3672
1576 4363
1577 2920
1577 3249
1577 3856
1578 3276
1578 4068
1578 4032
1578 3993
1578 4051
1579 2220
1580 4590
1580 3249
1581 3625
1581 3249
1582 3157
1582 3389
1583 2997
1583 3249
1584 3186
1585 2086
1586 3495
1587 3168
1587 3259
1588 2665
1588 3249
1589 3829
1590 3706
1590 2214
1591 3445
1591 3528
1591 3160
1591 3500
1591 2723
1591 4959
1592 2736
1592 4247
1592 2050
1592 4698
1592 3734
1592 4294
1592 2966
1592 1968
1592 2702
1592 3249
1593 1793
1593 2613
1593 3020
1593 3249
1594 3884
1594 2136
1594 4461
1595 4810
1595 2028
1595 3440
1596 2365
1597 3027
1597 1825
1597 3253
1597 4463
1597 3716
1598 2437
1598 3279
1599 2719
1600 4278
1600 3588
1601 4964
1601 2242
1602 3931
1602 3950
1603 3721
1603 4192
1603 4578
1604 2607
1604 3202
1606 3249
1606 3925
1606 1758
1607 2801
1607 4921
1607 2903
1607 3249
1608 3249
1608 1721
1609 2393
1609 4895
1609 2943
1610 3447
1610 3029
1611 2587
1611 3910
1611 3872
1611 2763
1612 3910
1612 3387
1612 1650
1612 4854
1612 2824
1612 2593
1613 4184
1613 4190
1614 3249
1615 1973
1615 4650
1616 4337
1616 3694
1617 2391
1617 3249
1618 4607
1618 3042
1618 3249
1619 3076
1619 4966
1619 3849
1619 3761
1619 2956
1619 3854
1620 2064
1620 4230
1620 1675
1621 2186
1621 3758
1621 2333
1622 3839
1622 1872
1622 2162
1622 4585
1622 2997
1623 3249
1624 3336
1624 3249
1625 1814
1626 1759
1626 2641
1626 4945
1626 3249
1627 2038
1627 3891
1627 2633
1628 2936
1628 3008
1628 3629
1629 4431
1629 4970
1630 4214
1630 2218
1630 3759
1630 1794
1631 4264
1631 4162
1631 3249
1632 3197
1633 3254
1633 2516
1633 3249
1634 3495
1634 3159
1634 2059
1635 1922
1635 2572
1635 4647
1635 4025
1635 3696
1636 3137
1636 3309
1637 2103
1637 3588
1637 2490
1637 4117
1637 1868
1637 4338
1637 2746
1637 4666
1637 2461
1637 3868
1637 3885
1637 3052
1637 4459
1637 1753
1637 2909
1637 4215
1638 2114
1638 3404
1638 3989
1638 3475
1639 2286
1639 3593
1639 4774
1639 4440
1640 4716
1640 2120
1640 1756
1641 3024
1642 3194
1642 2986
1643 4244
1643 3248
1643 3301
1644 1684
1644 4009
1645 2062
1646 3085
1646 4219
1646 3581
1648 4369
1648 2352
1649 2664
1649 2551
1649 3015
1649 4125
1650 2610
1651 4596
1651 3573
1652 2014
1652 4734
1652 4895
1652 1709
1653 4208
1653 2302
1653 1761
1653 1660
1654 3147
1654 2972
1655 1768
1655 4134
1655 4243
1655 1923
1656 3777
1656 2298
1656 3056
1657 3480
1657 3249
1657 4014
1658 1694
1659 2602
1659 3249
1660 3951
1660 4312
1661 4831
1661 3249
1662 2220
1662 3585
1662 1887
1662 1673
1662 3737
1662 4831
1663 2117
1663 3463
1663 4668
1663 4416
1664 4321
1665 3249
1666 3193
1666 4683
1666 4796
1667 2670
1667 2977
1667 2857
1668 2174
1669 4408
1669 2167
1670 4276
1670 2638
1670 4757
1670 4772
1671 4053
1671 2408
1671 2997
1671 3249
1672 4842
1673 2882
1674 3593
1674 2081
1674 2969
1675 2047
1675 1753
1676 2728
1676 4197
1677 4333
1677 4663
1677 3838
1678 2027
1678 3922
1678 3710
1678 2624
1678 2093
1678 4790
1678 1692
1678 4524
1678 2897
1678 2901
1679 4171
1679 2221
1679 3780
1680 2301
1680 2804
1680 3700
1681 2978
1681 3055
1681 2193
1682 2854
1682 3104
1682 4774
1683 4445
1683 2283
1685 2099
1685 3249
1685 1951
1686 4793
1686 1782
1687 2985
1687 4339
1687 3249
1688 4197
1688 4439
1688 2373
1689 3101
1689 3100
1689 2896
1689 3770
1690 2538
1690 3249
1691 2224
1692 3807
1693 3533
1693 3249
1694 3403
1694 3101
1695 4160
1695 3816
1695 1866
1696 3292
1696 3396
1697 3542
1697 3249
1698 2174
1699 3348
1699 2327
1700 3764
1700 3738
1700 4533
1701 4278
1701 3560
1701 2059
1702 4658
1702 3587
1703 3401
1703 2871
1704 2427
1705 4732
1705 3963
1705 3275
1705 2390
1706 2500
1706 3102
1707 2233
1707 4444
1707 4925
1707 4539
1707 3193
1707 2156
1708 3897
1708 4758
1708 2077
1708 4275
1709 3321
1710 2445
1711 2512
1711 2284
1711 3249
1712 4368
1712 3642
1712 3249
1713 2188
1713 2286
1713 3023
1714 1772
1716 2017
1716 4947
1716 3112
1717 2174
1717 4404
1717 4558
1717 3024
1717 3574
1717 2110
1717 4431
1718 4322
1718 3896
1718 3694
1719 3271
1719 2207
1720 2212
1720 4798
1721 3951
1721 3529
1721 2505
1721 3686
1722 2290
1723 3602
1723 4357
1723 2131
1724 3862
1724 2990
1725 3109
1725 3941
1726 3729
1726 3381
1727 2140
1727 3167
1727 3199
1727 4461
1727 3249
1728 3330
1729 4397
1730 2332
1730 2617
1730 3669
1730 3945
1730 4695
1731 4717
1732 2788
1732 4270
1733 3811
1733 1783
1733 4861
1733 4789
1734 4379
1734 2531
1735 2546
1735 2355
1735 2139
1735 4172
1735 3561
1735 4399
1735 3951
1736 2887
1736 2089
1737 3867
1738 2610
1738 2269
1738 2396
1738 4358
1739 1745
1740 3108
1740 1877
1741 2117
1741 4846
1742 3249
1743 3493
1743 4848
1743 4022
1744 3401
1744 1815
1745 3946
1745 2007
1745 3249
1746 4509
1746 4011
1746 4752
1747 3098
1748 2500
1748 4745
1749 2081
1749 2839
1750 4734
1751 2251
1751 4723
1752 4608
1752 3906
1753 3249
1753 4793
1753 2836
1754 3983
1754 3951
1754 1827
1754 3778
1754 4819
1754 2000
1754 4897
1754 2104
1755 3122
1755 1920
1756 2187
1756 2856
1756 3174
1756 3858
1756 4828
1757 2812
1757 4901
1757 3678
1757 2292
1758 3249
1758 3382
1759 3210
1759 1992
1759 1918
1760 4461
1760 3657
1761 3249
1762 3366
1762 3479
1762 2184
1763 3185
1763 3249
1764 2421
1764 3249
1765 4921
1765 3249
1765 3657
1766 4568
1767 4917
1767 3429
1767 1989
1768 3684
1768 2668
1769 3242
1769 4096
1769 2421
1769 3808
1770 3814
1770 3990
1771 3249
1771 2615
1771 4856
1772 3797
1772 3798
1772 3775
1772 3430
1772 2796
1773 2169
1773 3623
1774 2138
1774 4887
1774 4868
1775 3809
1776 4410
1776 2184
1777 3409
1777 4851
1777 4707
1777 3300
1778 2350
1778 2754
1779 4553
1779 2907
1779 2234
1780 3218
1781 4184
1781 2079
1782 2503
1783 2978
1783 1989
1783 3209
1784 2591
1784 4385
1786 3434
1786 3872
1786 3686
1787 3682
1787 2748
1788 2370
1789 4825
1789 3496
1789 3938
1789 3339
1790 2874
1790 3249
1791 4930
1791 3968
1791 4888
1792 3720
1792 2655
1794 4921
1795 2868
1795 2999
1796 3674
1796 2328
1796 2860
1796 3957
1797 3638
1797 3993
1798 3249
1799 4220
1799 4487
1799 3249
1800 4194
1800 4585
1801 3450
1801 2193
1802 3581
1802 4403
1802 4448
1802 3249
1803 4808
1803 3406
1803 3803
1803 4079
1804 4786
1805 4777
1805 2994
1806 3972
1806 2650
1806 4154
1806 3370
1806 4596
1807 4835
1807 4431
1808 1952
1808 3058
1808 3249
1809 3858
1809 2140
1809 1810
1809 3610
1809 3492
1809 3085
1810 2433
1810 1882
1810 1971
1811 2633
1811 4669
1811 4215
1812 3540
1813 3104
1813 3809
1814 4585
1814 3686
1814 3732
1814 4679
1815 3900
1815 3506
1815 3114
1816 1932
1816 3491
1816 2909
1817 3730
1817 3448
1817 4439
1817 2343
1818 1861
1818 3137
1819 2892
1819 3694
1819 3249
1820 3489
1820 3249
1821 4210
1821 3117
1821 3249
1822 4280
1822 2313
1822 4163
1823 4448
1823 3249
1824 3064
1824 3503
1826 4948
1827 2229
1828 2923
1828 4605
1828 3249
1828 3657
1829 2174
1829 3782
1829 2407
1830 4507
1830 4921
1830 3652
1831 2487
1831 4190
1832 4204
1832 4027
1833 4445
1833 3777
1833 1961
1834 4476
1835 2709
1836 3146
1836 4307
1836 2370
1836 2132
1837 2605
1837 2133
1838 4472
1838 3249
1839 3098
1839 3596
1840 1989
1841 3735
1841 4043
1841 1908
1841 3212
1842 4921
1843 2912
1843 4388
1843 3809
1844 2584
1844 3507
1845 4570
1845 4572
1845 3249
1846 3249
1847 2568
1847 4277
1847 3206
1847 3797
1848 4081
1848 3865
1848 3015
1848 3915
1848 4000
1848 3314
1849 3572
1849 3705
1849 3677
1849 1989
1849 4517
1849 2781
1849 3778
1849 3249
1850 3584
1851 2669
1851 3132
1851 3249
1852 2366
1852 4613
1852 1966
1853 3249
1853 2440
1854 4844
1855 2089
1856 4444
1856 4795
1856 3301
1857 3185
1858 3107
1858 4797
1858 4180
1859 2107
1859 2799
1861 3253
1861 4958
1862 3498
1864 3676
1865 2978
1865 3087
1865 3117
1866 2912
1866 3248
1866 3687
1867 2472
1867 2582
1868 2063
1868 4127
1868 3231
1868 3883
1869 3366
1869 4977
1871 2189
1872 2631
1872 2734
1872 3580
1872 2213
1872 3249
1872 3692
1873 2200
1873 3397
1873 3954
1873 4896
1873 2403
1873 1910
1874 2129
1874 4578
1874 3643
1875 4876
1875 4564
1876 4182
1876 3488
1876 3601
1876 3720
1878 3555
1878 2507
1879 2814
1879 3249
1879 3843
1880 2131
1881 4182
1881 4716
1882 2194
1882 2805
1882 2059
1882 4470
1882 3716
1882 4512
1882 2872
1883 4833
1883 2909
1884 2546
1884 4585
1885 4686
1886 3761
1886 4320
1887 2833
1888 4474
1888 3249
1889 4771
1889 2495
1890 3249
1891 3140
1892 2190
1892 3289
1892 2434
1893 4444
1894 3030
1894 2956
1894 2462
1895 4377
1895 4687
1895 4072
1896 3249
1896 4979
1897 3036
1898 1978
1898 3475
1898 4791
1899 1989
1899 4849
1899 2941
1899 3249
1900 3058
1901 4225
1901 3323
1902 2076
1902 2549
1902 2590
1902 3261
1902 3249
1903 2241
1903 2343
1903 2609
1904 2586
1904 3249
1904 1918
1905 2140
1905 4882
1905 2116
1906 2978
1906 2758
1907 4193
1907 3382
1908 4331
1908 4623
1910 4078
1910 3599
1910 2803
1910 3462
1911 2399
1911 3157
1912 2755
1913 4826
1913 4882
1914 4592
1915 3249
1915 3612
1916 3249
1917 4761
1917 3499
1917 3632
1918 4964
1918 3249
1919 4663
1919 4293
1920 4367
1921 4678
1921 2977
1921 4471
1921 2708
1921 3221
1921 4376
1921 2424
1921 4152
1921 4057
1921 2905
1921 3624
1922 4660
1923 3748
1923 2196
1923 2671
1924 3691
1925 2158
1925 3179
1926 4183
1926 2736
1926 2653
1927 3986
1927 2944
1928 3797
1928 2333
1928 2970
1928 4725
1929 3249
1930 4109
1930 3916
1930 2022
1930 2011
1931 4451
1931 3682
1931 2321
1932 3978
1932 4257
1932 4021
1933 3004
1933 1989
1933 3810
1934 4219
1935 3865
1935 3806
1935 2456
1936 2210
1936 2022
1937 4459
1937 3031
1938 3226
1938 3429
1938 3564
1939 4717
1939 2257
1940 4113
1940 3249
1941 4745
1941 3249
1942 2822
1943 2471
1944 2140
1944 3629
1945 4062
1945 3204
1945 2185
1945 2608
1946 2660
1947 4921
1948 2157
1948 3629
1949 3151
1949 2938
1950 1995
1950 3126
1951 3249
1951 3828
1951 3391
1952 2107
1952 2330
1952 2927
1952 4820
1952 2804
1952 4430
1953 2257
1953 2408
1954 3621
1954 4007
1955 2279
1955 4755
1956 3401
1956 3694
1957 4098
1957 4322
1958 3591
1958 2345
1958 3287
1959 2909
1959 3099
1959 3429
1960 1999
1960 4850
1960 4436
1961 2746
1961 4585
1961 2062
1962 2986
1962 4747
1962 3503
1962 3249
1963 2295
1963 3249
1964 4077
1964 3529
1964 4431
1965 2978
1965 2450
1965 2554
1966 3218
1966 4920
1966 3212
1967 2727
1967 4909
1969 2219
1969 3686
1970 2798
1970 3249
1970 3937
1972 2705
1973 3981
1973 2499
1973 3682
1973 3039
1974 3497
1974 4933
1974 3774
1974 3760
1974 4594
1974 2018
1974 2481
1975 2849
1975 2326
1975 4384
1975 2837
1975 2002
1976 2929
1976 2294
1977 4571
1977 3429
1977 3946
1977 3249
1978 3484
1979 3849
1979 3078
1979 2597
1979 3249
1980 4101
1980 3249
1981 2140
1981 4835
1982 3249
1982 4739
1983 2481
1983 3609
1984 2493
1985 3717
1985 4448
1985 4872
1985 3249
1986 4264
1986 2101
1987 3860
1987 2040
1987 2006
1988 4793
1988 4657
1988 2706
1989 2935
1989 3117
1989 2892
1989 3215
1989 3030
1989 4552
1989 3425
1989 2871
1989 4084
1989 3724
1989 3827
1989 3575
1989 4372
1989 2984
1989 3480
1989 2898
1989 3169
1989 3367
1989 2557
1989 2958
1989 2948
1989 4174
1989 4692
1989 4189
1990 2242
1990 4851
1990 3249
1991 2550
1992 4184
1992 2449
1993 4102
1993 2576
1993 2505
1994 2978
1994 4625
1995 2555
1995 4061
1995 4069
1995 2447
1996 3015
1996 4335
1996 3736
1996 4275
1997 3852
1998 4362
1998 4480
1998 4941
1999 4362
1999 2302
2001 2470
2002 3016
2002 4635
2003 4357
2003 3540
2003 3249
2004 2459
2005 4590
2005 3249
2006 2408
2006 3249
2007 3860
2007 3564
2007 2208
2007 2314
2008 4094
2008 2489
2009 3230
2009 4251
2009 3183
2010 4126
2010 2110
2010 3660
2011 2653
2012 4873
2012 2292
2012 3249
2013 2304
2013 3008
2014 3843
2015 2430
2015 2500
2015 2642
2016 3700
2016 2083
2016 2028
2017 3650
2017 2760
2018 4763
2019 2140
2019 2200
2019 4289
2020 3033
2020 3249
2021 2185
2021 3265
2021 3629
2022 2190
2022 4891
2022 4497
2023 4322
2024 3406
2024 2028
2024 3147
2024 4275
2025 4462
2026 2065
2026 3286
2026 2472
2026 2264
2027 3812
2027 2693
2028 3630
2028 3202
2028 4938
2028 3457
2028 2197
2028 2524
2029 4567
2029 2763
2030 2987
2030 4576
2031 3031
2031 2884
2032 2147
2032 4502
2032 3429
2033 3505
2034 3249
2035 3886
2035 2114
2036 3249
2036 2406
2036 2050
2037 2301
2037 3249
2038 4646
2038 3105
2038 2889
2039 3249
2039 2882
2039 2319
2039 4416
2040 2351
2040 4921
2041 3389
2041 2245
2042 2875
2042 3046
2042 2301
2042 3746
2043 3249
2043 4065
2044 4217
2045 4192
2045 2842
2045 4449
2045 2552
2045 2913
2045 4781
2045 3981
2046 2226
2046 3645
2046 4085
2048 4844
2048 2653
2049 3742
2049 2792
2049 2416
2049 3788
2050 4449
2050 2448
2051 4007
2051 2056
2051 2343
2052 3584
2052 3463
2053 4847
2053 4001
2054 2710
2056 4464
2057 4786
2057 4770
2057 3297
2057 2558
2058 3330
2059 2574
2059 2550
2059 2092
2059 2140
2059 2808
2059 2811
2060 3971
2061 3971
2061 2627
2061 2879
2061 3831
2062 3072
2062 4783
2062 2111
2062 3894
2062 2096
2062 3214
2062 4926
2062 4090
2062 2590
2062 2068
2062 4547
2062 2355
2062 4739
2062 2155
2063 4192
2064 2912
2064 4138
2064 4338
2064 4756
2065 3253
2065 2852
2065 4841
2065 3415
2066 4774
2066 2489
2066 4820
2066 3959
2066 2356
2066 4009
2067 4486
2067 2415
2068 3827
2068 2247
2068 3346
2068 4408
2069 2884
2070 2679
2070 3216
2070 2302
2070 4953
2071 3966
2071 4803
2072 2135
2072 2557
2073 3355
2073 2828
2073 2493
2073 3249
2073 3657
2074 3820
2074 3048
2074 3344
2074 4306
2074 2298
2075 3898
2075 2179
2075 4333
2075 4598
2075 3249
2076 3138
2076 2857
2077 4763
2078 4704
2078 2260
2078 4072
2078 4817
2078 4828
2078 4947
2079 3880
2079 2095
2080 3725
2080 2708
2081 3429
2082 4256
2082 4674
2083 4399
2083 2772
2084 2969
2084 3044
2084 2216
2084 4188
2085 3889
2086 4310
2088 4935
2088 4296
2090 2921
2091 2674
2091 4431
2092 4568
2092 4777
2092 4846
2093 2549
2093 3249
2094 3001
2094 4605
2094 3057
2095 3094
2095 3538
2095 4298
2095 3923
2096 3959
2097 4528
2097 3110
2097 4739
2098 4344
2098 3744
2098 3686
2099 2521
2100 2596
2101 4429
2101 3117
2102 2133
2103 2468
2103 2803
2103 4821
2104 4918
2104 3437
2104 4320
2104 4121
2104 4690
2104 2517
2104 2202
2105 2424
2106 3649
2106 4133
2106 3597
2107 4114
2107 4512
2108 4574
2108 4409
2109 2219
2109 2910
2110 4895
2110 4813
2110 4497
2111 3432
2111 3261
2112 4683
2112 3519
2113 3075
2113 2888
2114 3418
2114 3969
2114 4865
2115 4300
2115 2464
2115 3629
2115 3686
2115 4424
2116 2907
2116 4561
2117 4056
2118 2454
2118 3443
2119 4742
2119 2775
2119 2768
2120 4739
2120 2171
2120 3956
2121 2539
2121 3818
2121 3528
2121 3249
2122 3048
2122 2813
2122 3275
2123 4644
2123 3087
2123 4234
2123 4528
2124 2181
2124 3159
2125 4104
2125 3574
2126 3469
2126 3652
2127 4352
2128 4415
2128 4123
2128 4414
2128 4444
2129 3882
2129 3146
2129 4442
2130 2768
2130 3249
2132 4103
2132 2983
2132 2876
2132 2978
2132 2884
2132 4448
2133 4577
2133 3884
2133 2594
2134 4180
2134 2154
2135 4330
2136 4297
2136 2563
2136 2576
2136 2140
2137 4391
2138 4596
2139 4509
2139 2183
2140 3364
2140 2522
2140 3907
2140 4618
2140 4727
2140 4777
2140 2379
2140 3655
2140 2252
2140 2211
2140 2324
2140 4562
2140 4582
2140 4680
2140 2794
2140 2660
2140 3810
2140 2679
2140 3935
2140 3599
2140 3544
2140 2921
2140 3362
2140 2957
2140 3552
2140 3133
2140 4287
2140 3809
2140 2526
2140 2443
2140 3217
2140 4420
2140 2218
2140 4708
2140 2150
2140 3249
2142 2959
2142 4429
2143 2931
2143 3915
2143 2963
2143 3324
2143 3653
2143 4749
2143 4651
2143 4649
2143 2432
2144 4192
2144 3932
2144 2343
2144 4045
2145 4614
2145 4687
2145 4364
2145 2680
2146 2873
2146 2472
2146 2832
2146 4173
2147 2424
2147 3031
2147 3062
2147 3567
2148 2657
2149 4154
2149 3103
2150 3904
2151 3249
2152 2574
2152 2811
2153 3653
2153 4767
2154 4668
2154 3590
2154 4628
2154 2157
2154 2499
2155 3793
2156 3201
2157 4722
2157 4001
2157 2460
2158 3724
2158 2745
2158 4290
2159 2500
2160 3486
2160 2376
2161 4452
2161 2506
2162 2168
2162 2760
2162 2255
2162 4952
2162 4958
2163 2579
2164 2426
2164 4604
2164 2770
2164 3714
2165 3249
2166 2222
2166 3198
2168 3153
2169 2699
2169 4311
2169 4390
2169 2276
2170 3864
2170 4511
2171 4717
2172 3574
2172 4167
2173 3543
2173 4892
2173 3095
2173 4148
2173 3431
2174 4824
2174 4817
2174 4806
2174 3801
2174 3162
2174 3234
2174 4359
2174 4155
2174 3645
2174 4800
2174 2998
2175 2824
2175 4827
2175 4264
2175 4763
2175 4119
2175 2376
2175 2815
2176 4011
2177 2476
2177 2884
2178 4104
2178 4256
2178 2336
2178 2851
2178 3288
2179 2519
2180 3939
2181 2902
2182 4504
2182 4374
2182 3265
2183 3974
2184 4759
2184 4738
2184 4529
2184 2709
2184 2712
2184 3460
2184 2750
2184 2520
2184 4795
2185 2253
2185 2789
2186 4976
2186 2856
2186 4931
2187 2567
2187 2821
2188 4307
2188 4899
2188 2916
2188 4314
2188 2597
2189 4703
2189 2517
2190 2344
2190 4436
2190 4600
2190 2830
2190 2620
2191 3645
2191 4331
2192 4921
2192 4707
2193 3771
2193 3068
2193 2799
2194 3186
2194 2455
2194 3249
2195 3410
2195 4133
2196 4779
2197 4230
2197 2881
2198 4057
2199 4156
2199 2325
2199 3519
2199 3042
2200 2805
2200 3349
2200 4356
2201 2389
2202 3247
2203 2880
2203 3617
2203 2287
2204 4824
2204 4798
2204 2293
2205 3970
2206 3606
2206 2686
2206 4313
2206 3475
2207 4106
2207 2808
2207 2626
2208 4018
2208 3210
2208 2263
2208 4732
2209 3640
2209 2303
2209 4727
2209 3206
2210 4192
2210 3954
2211 4118
2211 3655
2212 4264
2212 4658
2212 4085
2212 2413
2213 3323
2213 2402
2214 2988
2214 4103
2215 4482
2215 2986
2216 2827
2216 2686
2217 3936
2217 4793
2217 2556
2218 3759
2218 3372
2218 2849
2218 4974
2219 3720
2220 2259
2220 2483
2220 4687
2221 3231
2222 3249
2223 2225
2224 4422
2225 2422
2225 3770
2226 3865
2226 3595
2227 4909
2227 3453
2228 3013
2228 3249
2229 4533
2230 4148
2230 2510
2230 2446
2230 3382
2231 2971
2231 4458
2232 4559
2232 4334
2232 4876
2232 4226
2232 4526
2233 2811
2233 2696
2233 4183
2233 3249
2234 2605
2234 3686
2235 4192
2235 3565
2236 3197
2237 4862
2237 2473
2237 3249
2238 4189
2238 4742
2238 2867
2239 2325
2240 4133
2240 2863
2240 2796
2243 2511
2243 2675
2243 2303
2244 4431
2244 4179
2245 4812
2246 4690
2246 4328
2246 3161
2247 4566
2247 3858
2248 2753
2248 4556
2249 3249
2250 3150
2250 4401
2250 2458
2253 3504
2254 4722
2254 2659
2254 3674
2254 4903
2255 4825
2255 2376
2255 3249
2256 3277
2256 2320
2257 2259
2257 4582
2257 3968
2257 4358
2257 3277
2257 4170
2257 3234
2257 3747
2257 2717
2257 2264
2257 4352
2258 3022
2258 3776
2259 4885
2260 3609
2260 4902
2261 3122
2261 4158
2261 3657
2262 4456
2262 3317
2263 3722
2263 4482
2263 2978
2264 2467
2264 3636
2264 3150
2265 4485
2265 3122
2266 3021
2267 3410
2268 4263
2268 4819
2269 2875
2270 3725
2270 4724
2270 3593
2270 4763
2271 3130
2271 2307
2272 2344
2272 4712
2273 3535
2273 2497
2273 3249
2274 4599
2274 2733
2275 3682
2276 2549
2276 3249
2277 4405
2277 3249
2278 4134
2278 4300
2279 4861
2279 3408
2279 4908
2280 4655
2280 2429
2280 3249
2281 3249
2281 3657
2282 2650
2282 3159
2282 3207
2283 4264
2283 3504
2283 3593
2284 3249
2284 3589
2285 4746
2286 3959
2287 2796
2287 4687
2288 4802
2289 4196
2290 4952
2290 2363
2290 3249
2291 2564
2292 3249
2293 3473
2293 3954
2293 2947
2293 2464
2294 2451
2294 4516
2294 4624
2294 3249
2295 3888
2295 3241
2295 3426
2296 3211
2296 4861
2297 3510
2297 3857
2297 2952
2297 3696
2298 3249
2299 3161
2299 3249
2300 2986
2301 2690
2301 2931
2301 3027
2302 3887
2302 3649
2304 3617
2304 3372
2305 2547
2305 4122
2305 4461
2305 3249
2305 3657
2306 2458
2306 2718
2306 3249
2307 4152
2308 3549
2308 3109
2309 2866
2310 2764
2310 2558
2311 3132
2312 4596
2312 3623
2312 2978
2312 3779
2313 4124
2314 2974
2314 2401
2314 3336
2314 4195
2314 2343
2315 3918
2315 4479
2315 4740
2316 2968
2316 3249
2317 4622
2318 2666
2318 3249
2319 3249
2320 3540
2320 2656
2320 3735
2321 2358
2322 4107
2322 2662
2323 3222
2323 2529
2323 2814
2323 3249
2323 3582
2323 3937
2324 4860
2326 3826
2326 4066
2327 4606
2327 4095
2328 2771
2328 2975
2328 3694
2328 4030
2328 2768
2329 4387
2330 3159
2330 4096
2330 3045
2331 2782
2331 2729
2331 3602
2331 4411
2332 4125
2333 3945
2333 3694
2333 3579
2334 2347
2335 4147
2335 3608
2335 3249
2336 3828
2336 2997
2337 3126
2337 4425
2337 3249
2338 4890
2338 4071
2339 4192
2339 3249
2340 3154
2340 2639
2341 3131
2342 4565
2343 2620
2343 4604
2343 2844
2344 2766
2345 2467
2346 3153
2346 2507
2347 3364
2347 3887
2347 4777
2347 3670
2347 3935
2347 4483
2347 2876
2348 3823
2349 4940
2349 3249
2350 3550
2351 2880
2351 4138
2351 2470
2352 3249
2353 4365
2353 2868
2353 3033
2354 4162
2354 3261
2354 3249
2355 2935
2355 2925
2355 4677
2356 3795
2356 3785
2357 4569
2357 4349
2357 2731
2357 3023
2357 3056
2357 3249
2357 3329
2357 3589
2358 2502
2359 3629
2360 4386
2360 4735
2360 3249
2361 4221
2361 3748
2361 4070
2362 3703
2362 3249
2363 4566
2364 3165
2364 4619
2365 3046
2365 4920
2365 3570
2366 3176
2366 4637
2366 4729
2367 3249
2368 4367
2369 4386
2369 3249
2370 3670
2370 4023
2371 4288
2371 3249
2372 2775
2372 3472
2372 3629
2373 3182
2373 3249
2375 4307
2375 2978
2375 3372
2376 2768
2376 4272
2377 3523
2377 2768
2377 4724
2377 2484
2378 2661
2378 3530
2378 2474
2378 4535
2379 3564
2379 2381
2382 4819
2383 2698
2383 3190
2383 3249
2384 4499
2385 4354
2386 3943
2386 3249
2386 3657
2387 3366
2387 3316
2388 2646
2388 2906
2389 4264
2389 3115
2389 2761
2389 2883
2389 4659
2392 4431
2393 4895
2394 3593
2394 2798
2394 3249
2394 3937
2395 4160
2395 4356
2395 3208
2396 3249
2397 3249
2398 4808
2398 2492
2399 4538
2399 3176
2400 2404
2400 3640
2400 4760
2400 4111
2400 3249
2401 3538
2402 4585
2403 4317
2403 3529
2404 3249
2404 3657
2405 4181
2405 4952
2405 4700
2405 3026
2406 3249
2406 3632
2407 3865
2408 4383
2408 4745
2408 3284
2408 2635
2408 3249
2409 2685
2409 3831
2410 3492
2410 3023
2410 3182
2410 3249
2411 4337
2412 3567
2412 4739
2414 2804
2414 3359
2414 4817
2414 2963
2414 2912
2414 4210
2414 2864
2414 4309
2414 3753
2414 3752
2414 3042
2415 4545
2415 3826
2415 3065
2417 3249
2418 3784
2418 4188
2418 4663
2418 4431
2419 2658
2419 3674
2420 3990
2420 4738
2420 2965
2421 3249
2423 4948
2426 3025
2427 3421
2428 4822
2428 3834
2429 3715
2429 4490
2429 4737
2429 3249
2431 4744
2431 2626
2431 4073
2431 2886
2432 4561
2432 3249
2433 4633
2433 4851
2433 2544
2433 4869
2434 4682
2435 3765
2435 4681
2435 2641
2435 2630
2435 4953
2436 2471
2436 3810
2438 2869
2438 2707
2439 4204
2439 4650
2439 4039
2440 2473
2441 2581
2442 2615
2442 4010
2442 4427
2443 2587
2443 3249
2444 3186
2444 3466
2444 3145
2445 3708
2445 3179
2445 4964
2445 2806
2445 3186
2446 2653
2446 2499
2447 3249
2448 4225
2449 3401
2449 3249
2449 3657
2450 4738
2450 2965
2450 4847
2451 2907
2452 4470
2452 3557
2453 3492
2453 3005
2453 2573
2453 3249
2455 4789
2455 2986
2456 4536
2457 4107
2457 3194
2458 3676
2458 4124
2458 4431
2458 4025
2459 4764
2459 3015
2460 2871
2460 3799
2460 4355
2461 2679
2462 3994
2462 3071
2462 4859
2463 2902
2464 3768
2464 4671
2465 3439
2465 3471
2465 3249
2466 2842
2466 4538
2466 3219
2467 3842
2467 4194
2468 2762
2468 4876
2469 4454
2469 3249
2470 4687
2470 3185
2471 4143
2471 3908
2471 4727
2471 3610
2472 4439
2472 3250
2472 2669
2472 4192
2472 3626
2472 3254
2472 4595
2473 3133
2473 4845
2473 2478
2473 2735
2473 3249
2474 3230
2475 4752
2475 4012
2477 3467
2477 3037
2477 2484
2478 3940
2478 4891
2478 3002
2479 3791
2479 2513
2480 3000
2480 2794
2481 3160
2481 4651
2481 4601
2481 3527
2481 3367
2481 4616
2482 3460
2482 4532
2482 3182
2483 4799
2483 4591
2484 4801
2484 4715
2484 2935
2486 3302
2486 2718
2486 3249
2487 3650
2487 4203
2487 2572
2488 4240
2488 3688
2488 2746
2488 2816
2489 2834
2489 2845
2489 4608
2489 4717
2489 4694
2489 4548
2489 3450
2489 2900
2489 2705
2489 3820
2489 4855
2489 3265
2490 4444
2491 4812
2491 4396
2492 3330
2492 4241
2492 2500
2493 4958
2493 2678
2494 4083
2494 3820
2494 3172
2495 4604
2495 3249
2496 4608
2496 2677
2496 4717
2497 2770
2498 4756
2498 4569
2499 4440
2499 3988
2499 4538
2499 2736
2499 4247
2499 4935
2499 2836
2499 3469
2499 4597
2500 4167
2500 4936
2500 4629
2500 2940
2500 4242
2500 3763
2500 2548
2500 2624
2500 4852
2500 2700
2500 2542
2500 2971
2500 4511
2500 4708
2500 2964
2500 2744
2500 4688
2500 4867
2500 3097
2501 3627
2501 4771
2503 3279
2503 2582
2503 3442
2503 2655
2503 4146
2503 4486
2503 2665
2503 3249
2503 3358
2504 3020
2504 4686
2504 3249
2505 3249
2506 3966
2506 3428
2507 4785
2507 2523
2507 2633
2508 3240
2508 4185
2508 4200
2509 2979
2510 4335
2510 4367
2511 4321
2511 2868
2512 4561
2513 4515
2514 2978
2515 2890
2515 4266
2516 4556
2516 3120
2516 3249
2518 3212
2518 3332
2518 3249
2519 3914
2520 4615
2520 4520
2522 2978
2522 3249
2523 4202
2523 4192
2523 3075
2525 4584
2525 3031
2525 3249
2527 4130
2527 3842
2530 3420
2530 3717
2530 3249
2531 2626
2531 2907
2532 4910
2532 4231
2532 4205
2532 3957
2533 4034
2533 3249
2534 4830
2534 3279
2534 3249
2535 4898
2535 4083
2535 3368
2535 4958
2537 3943
2537 4105
2538 2731
2538 3601
2538 3249
2540 4131
2540 2658
2540 3249
2541 4114
2543 2786
2543 2544
2543 4935
2545 2978
2545 3577
2546 3988
2546 4861
2547 4589
2547 4613
2547 3249
2548 3288
2548 4192
2548 3249
2549 3568
2551 4521
2551 3094
2553 4120
2553 3066
2554 2896
2554 2962
2554 4513
2554 4337
2555 4371
2555 2850
2556 2873
2556 4498
2556 3807
2556 4304
2557 4687
2558 2644
2558 3249
2559 3132
2559 4673
2559 3778
2560 2768
2560 3937
2561 3685
2561 3249
2562 3300
2562 4775
2562 3249
2563 4141
2563 2908
2564 2769
2564 3333
2564 2838
2565 2576
2565 2977
2565 4002
2566 2744
2566 3140
2567 3202
2567 3804
2568 4552
2568 3946
2568 3859
2569 3249
2571 3744
2571 4159
2571 4616
2571 3719
2572 4405
2572 3113
2572 4635
2572 3249
2573 3290
2573 2731
2573 2949
2573 3249
2574 3320
2575 2609
2575 2768
2575 2612
2575 4957
2575 4418
2575 4250
2575 3174
2575 4692
2575 3249
2576 3001
2577 3898
2578 3890
2578 3223
2578 4261
2580 4348
2580 4685
2581 4439
2582 4383
2582 3249
2583 3919
2583 4080
2583 3885
2583 3307
2584 3484
2585 3052
2585 3947
2585 3249
2586 3249
2587 2753
2587 4700
2587 4464
2588 3640
2588 3249
2589 4312
2590 3255
2590 4318
2591 3653
2591 4848
2592 3256
2592 3249
2594 3231
2595 2693
2595 3820
2595 4843
2595 2811
2596 4676
2596 3698
2597 4448
2597 4793
2597 4562
2597 3249
2598 2819
2599 4276
2599 3505
2600 3496
2600 4935
2600 3766
2601 2924
2601 4860
2601 3618
2602 3657
2603 3224
2603 2883
2603 3258
2604 4599
2604 2864
2605 4569
2605 4469
2605 4106
2605 4958
2606 3050
2606 4140
2606 3013
2607 4526
2607 4206
2608 4352
2608 3249
2609 3063
2610 4431
2612 3832
2612 4569
2613 4954
2613 3249
2614 4731
2614 3686
2615 3860
2615 3169
2616 4426
2616 4859
2616 2858
2617 3518
2617 3117
2618 4543
2618 3493
2618 4684
2618 2877
2619 2692
2619 3094
2621 4258
2622 4012
2622 4668
2622 3749
2623 3226
2624 4224
2624 4447
2625 3288
2625 4392
2626 4167
2626 4816
2626 4910
2626 3084
2627 3380
2627 3249
2627 3657
2628 2865
2628 2786
2629 4728
2629 3899
2630 2991
2631 3691
2631 3634
2631 4027
2632 4780
2632 2664
2633 3956
2633 3372
2633 4185
2633 4700
2634 4876
2634 2861
2634 3800
2634 4406
2635 3330
2635 4208
2635 4012
2635 3249
2636 4380
2636 4439
2637 3907
2637 3432
2637 4396
2637 3186
2637 3812
2638 4140
2638 3483
2638 3427
2638 3545
2639 2902
2641 3024
2642 3792
2642 2910
2643 4598
2643 4448
2644 4349
2645 3411
2645 3042
2645 3249
2646 4758
2646 4976
2647 3590
2647 4012
2648 4011
2649 4391
2649 3249
2650 3315
2650 3249
2651 3886
2652 3940
2652 3594
2653 4560
2653 4488
2653 4472
2653 3249
2654 2888
2654 2905
2654 4177
2655 3249
2656 4264
2657 3696
2659 2738
2659 3249
2659 3657
2663 4264
2663 3680
2663 4426
2663 4763
2663 4366
2664 4601
2664 4473
2664 3249
2665 4738
2665 3093
2665 3249
2666 3221
2666 3371
2667 4687
2667 3249
2668 3025
2668 4114
2668 3008
2670 3657
2671 4581
2671 4245
2672 3249
2672 3657
2673 2768
2674 3249
2675 3379
2675 2997
2675 3249
2676 2683
2676 4625
2676 4451
2676 4677
2676 3249
2677 2797
2677 4582
2677 4699
2677 4915
2678 3638
2678 4255
2679 4131
2679 2975
2680 3298
2680 3551
2681 3038
2681 3249
2682 4108
2682 3249
2684 3096
2684 4952
2685 2925
2685 4876
2686 4979
2686 4675
2686 3068
2687 3350
2687 3792
2688 4253
2689 4973
2689 4688
2690 3700
2690 4718
2690 2797
2690 2920
2691 4248
2691 2795
2691 4585
2692 3328
2694 3249
2695 4114
2695 4559
2696 3391
2697 4329
2698 3640
2698 3861
2698 3061
2698 3249
2699 3414
2700 3484
2701 4671
2702 3177
2702 2867
2703 4360
2704 4586
2704 4019
2704 3135
2704 3249
2705 2990
2706 4292
2706 4947
2706 3049
2707 3074
2707 4883
2708 4714
2710 3533
2710 4763
2711 4276
2711 4017
2711 3597
2712 4738
2712 4198
2712 3428
2712 3057
2713 3291
2713 4859
2713 3428
2714 3180
2714 4054
2715 3700
2715 4500
2715 4976
2716 3303
2716 4958
2718 4677
2718 4561
2718 4763
2718 2941
2718 3249
2719 3314
2720 4117
2720 3457
2720 3249
2721 3615
2721 3583
2721 4710
2721 4085
2722 4309
2722 4005
2722 3338
2722 3380
2723 3471
2723 2741
2724 3891
2724 4339
2724 3249
2724 3843
2726 3971
2726 4691
2727 2753
2727 3433
2727 3005
2727 2794
2727 4921
2727 3326
2728 4521
2729 3249
2730 4617
2731 3833
2731 3249
2732 2978
2732 3305
2732 3249
2733 4715
2733 4921
2736 4477
2736 3014
2736 4737
2737 4492
2737 4382
2737 3691
2737 4205
2738 4264
2738 4491
2739 4074
2739 2800
2740 3963
2740 3532
2740 3553
2741 4172
2741 2799
2741 3481
2742 3253
2743 4439
2745 3183
2745 3249
2746 3615
2746 4876
2747 3249
2748 4335
2748 3579
2748 4601
2748 4201
2748 3211
2749 3797
2749 3007
2750 4761
2751 4948
2752 4259
2752 2911
2753 4762
2753 4763
2753 4636
2753 3249
2754 3382
2755 3521
2755 3790
2755 2928
2755 3249
2756 4956
2756 3248
2756 3494
2756 3021
2757 3249
2758 4934
2758 3203
2759 4229
2759 4794
2759 4921
2759 3797
2761 3708
2761 3337
2762 3659
2762 2832
2763 3359
2763 4780
2763 3736
2763 4369
2763 4564
2766 4763
2767 4214
2767 3375
2767 4893
2768 3301
2768 4957
2768 4872
2768 4696
2768 4682
2768 4293
2769 4184
2769 4332
2770 3954
2770 4185
2771 4444
2772 3797
2773 3534
2773 4311
2773 4852
2773 3965
2773 3574
2773 4444
2773 4916
2774 4411
2774 4312
2774 3249
2775 4600
2775 3297
2776 3237
2776 4952
2777 4440
2777 4390
2778 3916
2778 4444
2778 3667
2779 4393
2779 4938
2779 4357
2780 3193
2780 3518
2780 3330
2781 3098
2782 4550
2782 4363
2782 4803
2782 4079
2783 3169
2784 3705
2784 4365
2785 3444
2785 3132
2786 4794
2786 4907
2786 4052
2787 3475
2788 4060
2788 4757
2789 4711
2789 3249
2789 3920
2790 4448
2790 3249
2791 3593
2791 3249
2792 3210
2793 3824
2793 4339
2795 4886
2795 3165
2795 4171
2795 3943
2795 4553
2795 3676
2795 3999
2797 4455
2797 3306
2798 2972
2798 3249
2798 3657
2799 3406
2800 4958
2801 3271
2802 4348
2802 3249
2804 3543
2804 3147
2804 4254
2806 4819
2806 4587
2806 3249
2807 3243
2807 4361
2807 3249
2808 4845
2809 3742
2809 3405
2809 2825
2809 4759
2809 4750
2809 3101
2810 4696
2810 4568
2810 3042
2810 3249
2810 3311
2811 4843
2811 3985
2812 3315
2812 3735
2812 3161
2812 3249
2813 3367
2813 3249
2813 3837
2814 4674
2814 4316
2814 3249
2815 4025
2815 4024
2815 3249
2816 4308
2816 3016
2816 3419
2817 4687
2817 4710
2817 4919
2817 3366
2818 3946
2818 4052
2818 4935
2818 4448
2820 3398
2820 4876
2820 2997
2820 3042
2820 3249
2821 2997
2821 3249
2822 4918
2822 4323
2823 3996
2823 4909
2823 3208
2824 4264
2825 4307
2826 3192
2826 3249
2827 4234
2828 3915
2828 3249
2829 4333
2830 3132
2831 4770
2831 4958
2832 4444
2832 3178
2832 4777
2832 4614
2832 3407
2832 3800
2834 3907
2834 4227
2835 4817
2835 4005
2837 3082
2838 3900
2839 4225
2839 2892
2840 4577
2841 4361
2842 4705
2843 3278
2844 3666
2844 3654
2845 4717
2845 3657
2846 3365
2846 3483
2846 4958
2847 3748
2848 3059
2848 4381
2848 2997
2848 3249
2849 2895
2849 3249
2850 3375
2851 3755
2851 4721
2852 3165
2852 3330
2853 3580
2854 3947
2854 3861
2855 4191
2855 4888
2855 4635
2855 4912
2856 3151
2857 3787
2857 4391
2857 3582
2857 3345
2857 2870
2857 3249
2858 3469
2859 4702
2859 2937
2859 3249
2860 4352
2861 4743
2862 3427
2863 4716
2864 4484
2864 4019
2865 4429
2866 4303
2867 4648
2868 2984
2869 4155
2870 3856
2870 4508
2870 3042
2870 3249
2871 4301
2871 3249
2872 4264
2873 3464
2874 4526
2874 3657
2875 4955
2875 4176
2875 3031
2878 4469
2878 3249
2879 3655
2879 3671
2880 4687
2881 3812
2882 4965
2882 3249
2883 3456
2883 2978
2884 3938
2884 3287
2885 4214
2886 2978
2886 3045
2886 3249
2887 4615
2887 4858
2887 3424
2887 4532
2888 4267
2889 4371
2889 4274
2889 3893
2890 3529
2890 4847
2891 4230
2891 4586
2892 4317
2893 4283
2893 3297
2894 3249
2895 3522
2896 4321
2897 3794
2897 3515
2897 3249
2898 3672
2898 3518
2898 3688
2898 2978
2899 4758
2899 4862
2900 4608
2901 4448
2901 3249
2902 3722
2902 3406
2903 3740
2903 3984
2903 3248
2903 4023
2904 4237
2904 4417
2904 3641
2905 3773
2905 3077
2905 3949
2906 4955
2906 4190
2907 3710
2907 4241
2907 4745
2907 4417
2907 4073
2908 3249
2908 3657
2909 3744
2909 3082
2909 3429
2909 4279
2909 4084
2909 4201
2909 3216
2909 4820
2909 3759
2911 3979
2912 4034
2913 4524
2914 4124
2915 3169
2915 3468
2916 3371
2916 3007
2916 4788
2916 4409
2916 4977
2917 4719
2917 3249
2918 4219
2919 4264
2919 3249
2920 4453
2920 3249
2921 3126
2922 4797
2922 3607
2923 3676
2924 3901
2925 4978
2926 3374
2926 4798
2927 3598
2928 3431
2928 3249
2928 3569
2929 3231
2930 4810
2930 4130
2931 3345
2932 4805
2934 3779
2935 3154
2935 3413
2936 4283
2936 3894
2939 4921
2939 3888
2940 3288
2941 4519
2941 4574
2941 3249
2942 3249
2944 4040
2944 4749
2944 3068
2944 3567
2946 4444
2946 4704
2949 3212
2949 3249
2950 3658
2950 3018
2951 4455
2951 3249
2952 3046
2952 3517
2952 4899
2952 3147
2952 3195
2953 3332
2954 3271
2954 3249
2955 3260
2955 4269
2956 3280
2957 4245
2957 4820
2957 3669
2957 3657
2958 3096
2959 2963
2961 4332
2961 4757
2962 4738
2962 4946
2962 2965
2963 3041
2964 4921
2964 3863
2965 3011
2965 4286
2965 3279
2965 4080
2966 4379
2967 3050
2967 3427
2967 4968
2968 4539
2969 4307
2970 3542
2970 4439
2970 3036
2970 4091
2971 4865
2972 3654
2972 2989
2972 3042
2972 3249
2973 4042
2974 4952
2974 3319
2975 3019
2975 3013
2976 4462
2977 3598
2978 3140
2978 3018
2978 3262
2978 4571
2978 3790
2978 2995
2978 3215
2978 3163
2978 3064
2978 4290
2978 3729
2978 3668
2978 3093
2978 3946
2978 3918
2978 3536
2978 4732
2978 3609
2978 3286
2978 4588
2980 4861
2980 3806
2982 4210
2982 3348
2983 4893
2983 3400
2983 3915
2983 4457
2983 3686
2983 3429
2984 3518
2984 3782
2984 4560
2984 3946
2985 3448
2986 3916
2987 4887
2987 4830
2987 3676
2987 3249
2988 4180
2988 4847
2989 4784
2989 3023
2989 3249
2990 4888
2990 3895
2991 3811
2992 4439
2992 3473
2992 3480
2993 4477
2993 3898
2994 3249
2996 3412
2996 3175
2996 3554
2997 4647
2997 4424
2997 3228
2997 3449
2997 3512
2997 4443
2997 3033
2997 3929
2997 3249
2998 4736
2998 3170
2998 3429
2998 3917
2999 4852
2999 3249
3000 4596
3000 3456
3000 3030
3000 4135
3001 3602
3001 3186
3001 3951
3002 3098
3003 4664
3003 3040
3003 4431
3003 3657
3004 4362
3004 4811
3005 3249
3006 4921
3006 3402
3007 3371
3007 4801
3007 3064
3008 4767
3008 4699
3008 4912
3008 3249
3009 4921
3009 4658
3009 3644
3010 3479
3010 3249
3011 3124
3012 4374
3012 3564
3013 4761
3013 4534
3013 4355
3013 4738
3013 4286
3013 4112
3013 3035
3013 4822
3013 4513
3013 4408
3016 4582
3016 4463
3016 4413
3016 3249
3017 3394
3017 4471
3017 4489
3018 3408
3018 3448
3020 4625
3020 3249
3020 4039
3022 3614
3023 3249
3024 4450
3026 4212
3027 4416
3027 3031
3027 3034
3028 4970
3029 3788
3029 3249
3030 3118
3031 3648
3031 3312
3031 3816
3031 3643
3032 3249
3034 4958
3035 3835
3035 4098
3035 4761
3036 4363
3036 4743
3037 3930
3037 3360
3038 4876
3038 4431
3040 3429
3040 3475
3042 3676
3042 3904
3042 3660
3042 3852
3042 4663
3043 3391
3043 3261
3043 3249
3044 4921
3044 3094
3045 4141
3045 4809
3046 3106
3047 4119
3048 3261
3051 4631
3051 4347
3052 3108
3052 4199
3053 4854
3053 3847
3053 3249
3054 3916
3055 4322
3055 4964
3055 3372
3055 4679
3056 4381
3056 4737
3057 3937
3058 3249
3059 3422
3059 3249
3060 3225
3060 4161
3060 4952
3060 3249
3061 3397
3061 3249
3062 3517
3063 4469
3064 4307
3064 3833
3064 3869
3064 3249
3067 4275
3067 4188
3067 4714
3067 4075
3068 3745
3068 3619
3068 3585
3068 3965
3068 3719
3068 3975
3069 4393
3070 3840
3071 4911
3071 3249
3072 4191
3072 3261
3075 4655
3075 3200
3076 3867
3076 4037
3077 3555
3077 3844
3077 3755
3077 3249
3078 3501
3078 3106
3079 3450
3079 3748
3080 3491
3080 4081
3081 3694
3081 3249
3082 4904
3082 3541
3082 4387
3083 3594
3085 4933
3086 3849
3086 3166
3087 4251
3087 4829
3087 3435
3088 3906
3089 4921
3089 4975
3089 3431
3089 3870
3090 4430
3090 4107
3090 3249
3091 4448
3091 4590
3091 3249
3092 3710
3092 3249
3093 4146
3093 3542
3093 3905
3095 3895
3095 3514
3095 4881
3095 3293
3096 3249
3097 3249
3098 4507
3098 3695
3098 3783
3098 4175
3098 3108
3098 4786
3098 3416
3098 3647
3098 4975
3098 3558
3098 3141
3098 4803
3098 3104
3098 4064
3098 3644
3098 3185
3098 3877
3098 4044
3098 3692
3099 4356
3100 4820
3100 4468
3101 3407
3101 4585
3101 3673
3103 3370
3103 3249
3105 4621
3105 3971
3105 4254
3107 3113
3107 4192
3108 3819
3109 4976
3109 3271
3110 4444
3110 4700
3110 3492
3111 4542
3111 3661
3112 3639
3113 3129
3113 3249
3116 4510
3117 4571
3117 3539
3118 4537
3119 4253
3119 3428
3119 3249
3120 4445
3120 3249
3121 4351
3121 4269
3121 3275
3121 3982
3123 3514
3123 4577
3125 4844
3125 4100
3126 4445
3127 3752
3127 3506
3128 3243
3128 3555
3128 3249
3129 3249
3130 4104
3130 4520
3130 3856
3131 3937
3132 3789
3133 3273
3134 4479
3134 3249
3135 3172
3135 4611
3135 3145
3136 4136
3136 4444
3136 3637
3136 3249
3137 3708
3137 3574
3137 3909
3137 3335
3138 3756
3139 3572
3139 3492
3139 4328
3140 4830
3141 3694
3142 3852
3142 4699
3142 3249
3142 3358
3143 3818
3144 4775
3144 3249
3144 3329
3145 4709
3145 3264
3145 4344
3145 3194
3146 3447
3147 4074
3147 4944
3147 3510
3147 4448
3147 4738
3148 3431
3148 4712
3149 3661
3149 4159
3149 3182
3150 4601
3151 3982
3152 3677
3153 3423
3155 3982
3155 4880
3155 4605
3156 3223
3157 3197
3157 3426
3158 4389
3161 4665
3163 4279
3164 4128
3164 3353
3164 4431
3166 3800
3166 3715
3166 3395
3167 3932
3167 3956
3167 4580
3168 3560
3168 3720
3169 4700
3171 4552
3171 4877
3171 3797
3172 4736
3173 3923
3173 3579
3175 3249
3175 4002
3176 3971
3176 3314
3177 4300
3177 3475
3178 4700
3179 3744
3182 4515
3182 3249
3183 4917
3183 4424
3184 3332
3185 4012
3185 3448
3185 3249
3186 4208
3186 4350
3186 4641
3186 4896
3186 4615
3186 3219
3186 3236
3187 3356
3187 3502
3188 4884
3188 4318
3189 4507
3190 4219
3191 4195
3192 3978
3192 4904
3192 4439
3192 4711
3193 3357
3194 4420
3194 3872
3194 3738
3195 3795
3196 4247
3197 4818
3197 4931
3197 3579
3198 4200
3198 3268
3199 4401
3200 3567
3201 4440
3201 4547
3202 3658
3203 3589
3203 3249
3204 4687
3204 3999
3205 3306
3205 4529
3205 3806
3207 3617
3207 4679
3208 4150
3208 3817
3208 3676
3208 4422
3208 4775
3209 4921
3209 3249
3209 3632
3210 4253
3210 4751
3210 3370
3210 3412
3211 4221
3212 3924
3212 3249
3213 4435
3213 3249
3214 4204
3215 4279
3215 3717
3215 3544
3216 4197
3217 4120
3217 3249
3219 4879
3219 3249
3220 4141
3221 4924
3221 4376
3222 4504
3223 3700
3223 3799
3224 4976
3224 4302
3224 4470
3225 3834
3226 3676
3226 3893
3227 4197
3227 3686
3228 3249
3229 3572
3229 4403
3229 3856
3230 3653
3230 3907
3230 4857
3231 3711
3232 4540
3233 4912
3234 3524
3235 3485
3235 3326
3236 4491
3237 3343
3238 3883
3238 3661
3239 3562
3239 3770
3240 3429
3241 4639
3242 4214
3242 4302
3242 3775
3242 4168
3243 4453
3243 3249
3244 3546
3244 4311
3245 4367
3246 4921
3246 3392
3248 3462
3249 4411
3249 3576
3249 4677
3249 4086
3249 4414
3249 4387
3249 4875
3249 3822
3249 3512
3249 4645
3249 4710
3249 3891
3249 4383
3249 4729
3249 4565
3249 3803
3249 4661
3249 3316
3249 3709
3249 4403
3249 3787
3249 4674
3249 4461
3249 4386
3249 4039
3249 3415
3249 4736
3249 4510
3249 4642
3249 3828
3249 4052
3249 4448
3249 3367
3249 4624
3249 3846
3249 4643
3249 3836
3249 3454
3249 3808
3249 3861
3249 3660
3249 3690
3249 3633
3249 4697
3249 3386
3249 3879
3249 3892
3249 3580
3249 4591
3249 3379
3249 4590
3249 4406
3249 3850
3249 4339
3249 3657
3249 4025
3249 4369
3249 3692
3249 4346
3249 3563
3249 3311
3249 3513
3249 3924
3249 3284
3249 3569
3249 3999
3249 4912
3249 4660
3249 3279
3249 4508
3249 3358
3249 4734
3249 4793
3249 4928
3249 4945
3249 3504
3249 4858
3249 3548
3249 3640
3249 4024
3249 3554
3249 4735
3249 3387
3249 4468
3249 3578
3249 4019
3249 4652
3249 4405
3249 4954
3249 4644
3249 3679
3249 4491
3249 3340
3249 3802
3249 4811
3249 3492
3249 3904
3249 3573
3249 4347
3249 4672
3249 3522
3249 4635
3249 4336
3249 4932
3249 4493
3249 4392
3249 4968
3249 4656
3249 4654
3249 4937
3249 3648
3249 4692
3249 4760
3249 3746
3249 3345
3249 4747
3249 3442
3249 3964
3249 4556
3249 4503
3249 4381
3249 3876
3249 4737
3249 3728
3249 4586
3249 3481
3249 3973
3249 3535
3249 3355
3249 3283
3249 3589
3249 3906
3249 3464
3249 4048
3249 3269
3249 3571
3249 3701
3249 4359
3249 4349
3249 4705
3249 3329
3249 3920
3249 3270
3249 4541
3249 4689
3249 4960
3249 3995
3249 3788
3249 3266
3249 4831
3249 3435
3249 4862
3249 3339
3249 4487
3249 3949
3249 3319
3249 4805
3249 3685
3249 3351
3249 4561
3249 4827
3249 3596
3249 4640
3249 4607
3249 4849
3249 4857
3249 3666
3249 3772
3249 3974
3249 4014
3249 4740
3249 3263
3249 4776
3249 3632
3249 4424
3249 4647
3249 4775
3249 3914
3249 4430
3249 3856
3249 3843
3249 4696
3249 3852
3249 3664
3249 4769
3249 3565
3249 4754
3249 4901
3249 3457
3249 4056
3249 4707
3249 4829
3249 4803
3249 4159
3249 3378
3249 3899
3249 4657
3249 4450
3249 4209
3249 3895
3249 4732
3249 4413
3249 3763
3249 4099
3249 4518
3249 4222
3249 4133
3249 3597
3249 3579
3249 4592
3249 4678
3249 4535
3249 3347
3249 3956
3249 4393
3249 3567
3249 4664
3249 4620
3249 3389
3249 3380
3249 3781
3249 3322
3249 4485
3249 4883
3249 4132
3249 4880
3249 3643
3249 3752
3249 3491
3249 4630
3249 4528
3249 3501
3249 4163
3249 3865
3249 3646
3249 4129
3249 4921
3249 3745
3249 4929
3249 4699
3249 4146
3249 3427
3249 3515
3249 3514
3249 4925
3249 3280
3249 4134
3249 4061
3249 3306
3249 4440
3249 3671
3249 4364
3249 3308
3249 4648
3249 3641
3249 3434
3249 4509
3249 4819
3249 3927
3249 4886
3249 4216
3249 4257
3250 3800
3251 4440
3251 4758
3251 4836
3252 3567
3254 4393
3254 3824
3255 4205
3255 4662
3255 3982
3256 4916
3256 3926
3257 4282
3257 4659
3257 3496
3258 4250
3259 4781
3260 4444
3261 4844
3261 3305
3262 4608
3262 3575
3263 4677
3263 3892
3264 4582
3264 3561
3264 4585
3265 3342
3265 3515
3265 3331
3266 4492
3268 3900
3268 3629
3269 4561
3270 3680
3271 4340
3271 3602
3271 3414
3271 3285
3271 3675
3272 3593
3272 3741
3272 3753
3273 3338
3273 3739
3274 4249
3274 4855
3275 4133
3275 4269
3275 4972
3276 4634
3277 3786
3278 4214
3278 4092
3278 4944
3278 3616
3278 4927
3278 4921
3278 4304
3279 3322
3279 4561
3281 4943
3281 3983
3283 4368
3284 4429
3285 3532
3286 4798
3286 4276
3287 4169
3287 3629
3288 4597
3289 4653
3292 3759
3292 4700
3292 4256
3293 3373
3294 3620
3294 4068
3294 4461
3295 3723
3295 3437
3296 3446
3297 4306
3297 4574
3297 4497
3298 3560
3298 4958
3298 3401
3299 4444
3299 4582
3299 4477
3300 4585
3301 3421
3301 4958
3303 3797
3303 4250
3304 4271
3304 3410
3305 3382
3305 4430
3306 3743
3307 4219
3307 4766
3307 4013
3309 3578
3312 4765
3312 3592
3313 4840
3314 3732
3315 3797
3317 4154
3317 4490
3319 3589
3319 3657
3321 4186
3321 3561
3321 3428
3324 4960
3325 4237
3325 3835
3325 3824
3327 3766
3328 4297
3328 4706
3329 3850
3330 4211
3330 4362
3330 3517
3330 3774
3330 4265
3330 3463
3330 3889
3330 4284
3332 4046
3332 3771
3333 3469
3336 4022
3341 4687
3342 4173
3342 4075
3346 4276
3347 4016
3347 3793
3347 3505
3348 4959
3349 3994
3352 3845
3352 3851
3352 3770
3354 4455
3354 3527
3354 3791
3356 4228
3356 3676
3356 4011
3356 4928
3358 3904
3359 4817
3359 3517
3360 3601
3361 4072
3362 4969
3362 3429
3363 4585
3363 3686
3364 3455
3366 3558
3366 3745
3366 3450
3366 3656
3367 3950
3370 4101
3370 4408
3371 4314
3372 4549
3372 4383
3374 4880
3374 4905
3374 4969
3375 4639
3376 4888
3377 3586
3379 4789
3380 4703
3381 4663
3382 4605
3382 4544
3384 3655
3385 4839
3385 4431
3387 4129
3388 3917
3388 4255
3389 3709
3389 4045
3389 3465
3390 4192
3390 3992
3391 4131
3393 3505
3394 3676
3396 3867
3396 4298
3397 4458
3398 4281
3399 4564
3400 4937
3401 3459
3401 4209
3401 3726
3401 3452
3401 3868
3401 3900
3401 4564
3401 3862
3401 4031
3401 3737
3402 4919
3402 4277
3402 4113
3403 4834
3403 4757
3405 3870
3406 4893
3406 4225
3406 3821
3406 4476
3409 3723
3410 4499
3413 4974
3414 4040
3417 4578
3417 3855
3418 4713
3419 4927
3422 3952
3422 3438
3423 4786
3424 4017
3425 4675
3426 3733
3426 3686
3428 3546
3429 4558
3429 4385
3429 4189
3429 4570
3429 4400
3429 3456
3430 3769
3430 4679
3432 3976
3432 3547
3432 3657
3433 4283
3435 4775
3435 4086
3436 4221
3436 4977
3438 4175
3438 3899
3438 4933
3438 3484
3439 3815
3439 3998
3446 4583
3446 3672
3446 3659
3447 3603
3447 4354
3447 4189
3448 3784
3448 3609
3448 3730
3448 3532
3448 4487
3449 3953
3451 3549
3452 4427
3452 4789
3453 3670
3453 4974
3453 3655
3455 3559
3456 3586
3457 3686
3460 3530
3460 4761
3463 4526
3464 4779
3465 4376
3465 4676
3466 4280
3466 4904
3466 3495
3466 4793
3467 4736
3469 4632
3472 3509
3472 3643
3473 4234
3473 3888
3474 4791
3475 4601
3476 4280
3476 4287
3476 4771
3476 3574
3476 3946
3477 4209
3477 3748
3478 4946
3479 3797
3479 4003
3480 4806
3480 4329
3480 3768
3482 4615
3482 3967
3482 3676
3483 4537
3483 4258
3484 4280
3484 4623
3484 4546
3484 4589
3484 3953
3487 3867
3489 4213
3489 4054
3489 4075
3491 4211
3491 4282
3492 3636
3492 4468
3492 4912
3493 4641
3496 4282
3497 4272
3498 4368
3499 4588
3501 3990
3501 4918
3503 4818
3505 3601
3506 3686
3508 4873
3509 4253
3509 4258
3511 4446
3511 4377
3513 4044
3515 4173
3515 4428
3515 4516
3516 4355
3517 4272
3519 4585
3520 4903
3521 3774
3524 4838
3524 4407
3524 4381
3526 4766
3526 4461
3527 3597
3528 4612
3529 4748
3532 3941
3533 3649
3536 4626
3537 4352
3538 4377
3538 4297
3538 4832
3538 4339
3539 3849
3539 4042
3542 4317
3547 4805
3548 4642
3548 4351
3549 3781
3549 4700
3549 4324
3552 4429
3552 3789
3553 4921
3553 3957
3553 4962
3553 3745
3558 3951
3559 4231
3559 4547
3559 4739
3564 3878
3565 4385
3567 3693
3569 3657
3570 3720
3571 4334
3574 4326
3576 4555
3577 3617
3577 4173
3577 3785
3578 3657
3582 4453
3582 3739
3585 4541
3586 4366
3586 4087
3587 4789
3588 3615
3589 4334
3590 4582
3590 3670
3593 4576
3593 4798
3597 4521
3599 4444
3600 3780
3600 4522
3602 3984
3603 3886
3603 4517
3604 3893
3607 4116
3608 4165
3610 4296
3610 3711
3611 4666
3612 3792
3613 4077
3614 4150
3615 4444
3615 3711
3615 4012
3616 4113
3618 4835
3619 4757
3620 3629
3621 4282
3621 3921
3621 3976
3622 4564
3622 3770
3623 3946
3624 4792
3625 4055
3626 4085
3628 3668
3628 3946
3628 4262
3629 4361
3629 4227
3629 4565
3630 3811
3630 4572
3631 4936
3631 4097
3632 4737
3632 4740
3634 4543
3635 4135
3635 4283
3636 3797
3637 3696
3639 3855
3641 3731
3641 3797
3642 4940
3644 4132
3649 4666
3649 4117
3651 4063
3651 3671
3652 4128
3652 3654
3652 3745
3653 4340
3654 4788
3655 3718
3657 4406
3657 4928
3657 3861
3657 4430
3657 3701
3657 3904
3657 4405
3657 4491
3657 4736
3657 3843
3657 4403
3657 4805
3657 4849
3657 3715
3657 4827
3657 4019
3657 3697
3657 4781
3657 4217
3657 4199
3660 4679
3661 4667
3662 4675
3663 4350
3665 3782
3665 3745
3667 4031
3667 3715
3672 4455
3672 4939
3672 4867
3675 4152
3676 4938
3676 3997
3676 4272
3676 3749
3676 4573
3677 4028
3678 4490
3679 4590
3679 4652
3679 3937
3680 4233
3680 4972
3681 3813
3681 3847
3681 4070
3681 3974
3682 4099
3683 4629
3684 4056
3684 3691
3686 4555
3686 3796
3686 4209
3686 4193
3686 4213
3686 3764
3686 3738
3686 4621
3686 4312
3688 4585
3690 4034
3692 4705
3693 3812
3693 4757
3694 4064
3694 4026
3694 4368
3695 4853
3697 4582
3697 4776
3699 4925
3700 4425
3701 3772
3702 3778
3703 4141
3703 4444
3703 4349
3704 3723
3704 3853
3704 4093
3705 4373
3706 4006
3706 3848
3707 4513
3711 4334
3713 4527
3713 4078
3713 4326
3713 3799
3714 4144
3714 4382
3715 4767
3719 4906
3719 3850
3719 4877
3720 4670
3720 4428
3720 3868
3721 4172
3724 3922
3725 4774
3726 4969
3726 4590
3727 4089
3727 4741
3728 4502
3728 4769
3729 3888
3729 4884
3731 4375
3733 4209
3736 4763
3739 4184
3740 4019
3741 4278
3741 4094
3741 4831
3742 4284
3742 4858
3744 4015
3744 3843
3745 4759
3746 4346
3747 4921
3748 3913
3748 3845
3749 4252
3751 3898
3754 4686
3754 4420
3755 4794
3757 4323
3758 4653
3758 4919
3760 4630
3762 4697
3764 4700
3764 4585
3767 3777
3767 4827
3771 4240
3774 4875
3776 4918
3776 3957
3778 4819
3779 4372
3779 4494
3780 4283
3780 4752
3781 4214
3781 4037
3782 4219
3785 4728
3788 3939
3789 4630
3791 4224
3792 4319
3793 4294
3794 4317
3796 3971
3797 4744
3797 4368
3797 4661
3797 4141
3797 4548
3800 4770
3801 4210
3801 4976
3803 4452
3804 4887
3805 4214
3806 4342
3809 4231
3809 4310
3810 4559
3812 4131
3814 4065
3814 4281
3818 4611
3823 3873
3823 3902
3824 4444
3825 3826
3826 4499
3829 4440
3829 4962
3831 4978
3832 4946
3833 4280
3835 4386
3836 4382
3837 3987
3839 4821
3839 4431
3840 4966
3843 4919
3843 4723
3843 3920
3846 4461
3848 4615
3849 4232
3850 4439
3851 4921
3854 4049
3854 4752
3855 4214
3855 4629
3856 4747
3857 4177
3859 4361
3862 4123
3864 4653
3864 4477
3865 4076
3868 4630
3870 4693
3871 4279
3874 4261
3874 4682
3874 3965
3876 4160
3876 3937
3877 4939
3879 4784
3881 4951
3881 4789
3883 4936
3883 4397
3883 4444
3884 4585
3885 4892
3886 4242
3888 4230
3888 4953
3892 4656
3895 4181
3895 4495
3896 4345
3897 4853
3900 4796
3902 4808
3903 4751
3903 4230
3905 4097
3906 4249
3907 4847
3907 4131
3908 4138
3908 4296
3909 4507
3909 4761
3912 4245
3912 4401
3913 4173
3914 4211
3915 4230
3916 4917
3916 4129
3917 3921
3919 4228
3919 3989
3919 4929
3921 4880
3924 4238
3925 4901
3927 4859
3927 3943
3928 4056
3929 4859
3929 4911
3930 4735
3932 4179
3933 4952
3933 4205
3937 4016
3939 4637
3940 4694
3941 4975
3941 4099
3942 4015
3944 4893
3944 4305
3945 4742
3945 4472
3946 4806
3947 4596
3948 4163
3948 4485
3952 4230
3952 4234
3952 4049
3955 4978
3955 4448
3958 4873
3960 4243
3964 4829
3965 4472
3966 4815
3966 4074
3969 4341
3969 4169
3973 4293
3975 4879
3975 4641
3977 4727
3978 4057
3978 4128
3980 4514
3982 4926
3982 4390
3982 4254
3982 4083
3982 4078
3986 4138
3987 4653
3987 4722
3987 4430
3988 4488
3989 4783
3991 4568
3991 4675
3991 4868
3992 4435
3992 4164
3995 4713
3996 4118
3996 4220
3996 4246
3997 4615
3998 4111
3999 4391
4001 4512
4003 4173
4004 4470
4006 4434
4008 4830
4011 4893
4011 4218
4012 4530
4013 4912
4015 4142
4015 4395
4018 4941
4020 4419
4021 4923
4022 4453
4025 4448
4027 4492
4030 4678
4031 4880
4032 4951
4033 4064
4035 4599
4036 4741
4039 4768
4042 4874
4043 4297
4046 4264
4046 4727
4048 4233
4050 4930
4050 4070
4053 4145
4054 4516
4056 4393
4058 4856
4060 4933
4062 4234
4062 4069
4062 4654
4064 4444
4067 4324
4067 4920
4069 4099
4070 4444
4070 4222
4070 4461
4073 4732
4076 4264
4077 4948
4077 4942
4078 4616
4079 4553
4084 4876
4088 4182
4090 4635
4092 4224
4092 4551
4093 4234
4094 4511
4096 4308
4096 4767
4097 4230
4097 4894
4098 4626
4101 4844
4102 4754
4105 4921
4105 4593
4106 4272
4106 4179
4109 4800
4109 4137
4109 4138
4111 4587
4113 4236
4113 4470
4117 4184
4118 4574
4118 4513
4119 4961
4121 4572
4124 4432
4125 4183
4126 4530
4127 4892
4129 4590
4130 4141
4130 4664
4131 4444
4134 4859
4134 4564
4137 4584
4137 4776
4137 4826
4140 4759
4141 4691
4141 4664
4141 4433
4142 4230
4144 4262
4145 4451
4147 4290
4148 4765
4150 4455
4151 4194
4152 4352
4154 4564
4154 4956
4156 4239
4159 4192
4159 4666
4160 4885
4160 4933
4160 4807
4164 4243
4164 4402
4166 4973
4166 4516
4169 4264
4170 4651
4171 4744
4171 4757
4175 4657
4179 4700
4180 4457
4183 4897
4184 4845
4187 4617
4188 4274
4189 4685
4190 4439
4190 4648
4191 4726
4192 4844
4192 4227
4193 4855
4194 4585
4195 4410
4196 4439
4197 4702
4198 4384
4198 4364
4199 4331
4202 4768
4203 4576
4203 4695
4205 4971
4206 4458
4207 4284
4213 4609
4214 4597
4214 4252
4214 4469
4216 4768
4218 4447
4219 4922
4222 4862
4223 4514
4223 4435
4225 4443
4228 4392
4229 4653
4229 4235
4230 4350
4230 4659
4230 4297
4232 4912
4233 4264
4234 4435
4234 4687
4234 4425
4234 4862
4236 4440
4238 4675
4240 4838
4241 4969
4245 4912
4248 4380
4249 4953
4252 4874
4252 4958
4256 4762
4256 4843
4257 4596
4260 4835
4260 4873
4261 4714
4263 4630
4264 4785
4264 4923
4264 4956
4264 4943
4265 4764
4266 4958
4267 4370
4271 4937
4273 4343
4274 4714
4274 4483
4276 4496
4280 4557
4280 4718
4281 4757
4282 4310
4283 4881
4285 4550
4285 4862
4286 4761
4286 4785
4287 4841
4289 4789
4291 4500
4291 4560
4292 4730
4292 4297
4292 4467
4294 4409
4295 4958
4299 4482
4300 4776
4302 4615
4303 4871
4305 4451
4306 4873
4320 4682
4324 4919
4325 4789
4327 4948
4331 4742
4338 4370
4339 4915
4340 4961
4341 4465
4341 4431
4343 4448
4344 4910
4345 4812
4346 4626
4346 4448
4348 4691
4350 4370
4350 4844
4351 4789
4354 4440
4354 4435
4357 4431
4359 4408
4361 4620
4362 4448
4364 4958
4367 4540
4370 4495
4371 4470
4372 4380
4373 4581
4374 4444
4375 4439
4378 4496
4378 4958
4379 4484
4382 4448
4383 4448
4383 4857
4384 4777
4386 4448
4387 4689
4388 4626
4394 4950
4395 4788
4395 4958
4397 4947
4398 4543
4400 4658
4401 4439
4401 4578
4401 4667
4401 4657
4401 4582
4402 4609
4403 4461
4405 4901
4406 4740
4406 4968
4407 4563
4409 4581
4412 4558
4418 4748
4419 4785
4419 4967
4419 4921
4421 4531
4424 4735
4426 4931
4430 4932
4431 4465
4431 4812
4431 4432
4431 4494
4431 4814
4431 4663
4431 4560
4437 4653
4438 4610
4439 4535
4440 4460
4442 4795
4443 4934
4444 4861
4444 4470
4444 4463
4446 4770
4447 4910
4448 4643
4448 4779
4448 4530
4454 4749
4458 4543
4459 4634
4461 4645
4461 4503
4461 4775
4462 4957
4463 4647
4464 4590
4466 4476
4468 4815
4470 4560
4470 4549
4472 4653
4472 4698
4473 4800
4474 4640
4475 4616
4477 4685
4478 4725
4479 4645
4479 4613
4481 4507
4482 4775
4483 4492
4484 4550
4484 4769
4484 4634
4489 4778
4490 4850
4491 4561
4493 4785
4498 4972
4500 4523
4501 4840
4505 4789
4505 4575
4505 4784
4509 4583
4510 4820
4513 4738
4523 4958
4524 4789
4526 4676
4530 4958
4533 4572
4536 4587
4542 4578
4549 4784
4553 4896
4553 4668
4558 4952
4564 4681
4564 4689
4579 4934
4580 4610
4582 4771
4582 4802
4584 4944
4587 4975
4590 4775
4599 4933
4604 4958
4606 4912
4616 4673
4616 4627
4618 4907
4619 4717
4626 4906
4627 4897
4628 4961
4631 4789
4641 4802
4644 4966
4645 4757
4649 4820
4650 4770
4650 4974
4651 4789
4652 4775
4662 4843
4671 4702
4674 4734
4684 4958
4685 4722
4700 4782
4700 4777
4701 4780
4707 4851
4709 4828
4711 4781
4719 4731
4727 4861
4729 4861
4744 4829
4753 4882
4755 4875
4757 4886
4757 4808
4758 4919
4760 4813
4763 4777
4772 4945
4774 4814
4780 4880
4784 4814
4805 4850
4806 4933
4829 4955
4840 4921
4841 4873
4842 4953
4847 4953
4849 4904
4866 4941
4929 4967
4944 4966
