0 3252
0 884
0 4620
0 3371
0 3015
0 406
0 2246
0 458
0 1775
0 2414
1 599
1 2056
1 763
1 2283
1 7
1 14
1 2441
1 266
2 2431
2 3440
2 2090
2 3036
2 1372
2 4262
2 3897
3 4167
3 2688
3 1860
3 4256
3 3122
3 2093
3 4698
3 123
3 2339
4 2677
4 4248
4 4873
4 3647
4 3063
4 3091
5 4447
5 985
5 1405
5 455
5 3409
5 176
5 240
5 2401
5 629
5 4253
5 3669
5 2619
5 1603
5 4488
5 4715
5 2500
5 4298
5 2536
5 3106
5 4216
5 2746
5 618
5 395
5 2693
5 4402
5 491
6 585
6 1811
6 758
6 4090
6 304
6 4491
6 664
6 4550
6 3534
6 4564
6 3110
7 4283
7 4181
7 1410
7 3838
7 2328
7 3864
7 878
8 4508
8 4286
8 1930
8 339
8 548
8 2677
8 2193
9 2190
9 4836
9 585
9 1945
9 1811
9 304
9 4679
9 4495
9 1482
9 3534
9 1494
9 1510
10 1784
10 1293
10 2602
10 2081
10 1797
10 574
10 3089
10 58
10 2704
10 1881
10 3930
10 67
10 1472
10 216
10 4531
10 118
10 3376
11 322
11 595
11 3173
11 1393
11 249
11 2528
12 2612
12 1504
12 2748
12 4381
12 1575
12 2528
12 4539
13 4463
13 4401
13 3530
13 2578
13 4478
13 1349
13 1154
13 2726
13 2398
13 4631
13 578
13 560
13 4792
13 4456
13 124
13 3438
13 2799
13 1077
13 838
13 2301
13 4381
13 1354
13 2939
13 818
13 829
14 3536
14 311
14 2329
14 3795
14 317
14 4220
15 4233
15 2189
15 2443
15 619
15 1355
15 941
15 3960
15 3328
16 4164
16 3422
16 3556
16 2450
16 3251
16 1926
16 1973
16 265
16 1240
16 2367
16 3099
16 4685
16 4752
16 920
16 1116
16 3267
17 2002
17 3214
17 1178
17 1258
17 771
17 4156
17 287
17 4374
17 4826
17 1323
17 4439
17 844
18 157
18 2064
18 3589
18 2061
18 2068
18 3180
18 4640
18 442
18 1398
18 4769
18 4788
18 2118
18 4409
18 4391
18 2321
18 2382
18 1112
18 3140
18 612
18 4425
18 2132
18 2247
18 4531
18 2076
18 1299
18 2306
18 555
18 306
18 504
18 2165
18 4458
18 1068
18 596
18 2548
18 148
18 2966
18 2330
18 1452
18 3518
18 4872
18 1789
18 2939
18 2679
18 4337
18 269
18 454
19 2469
19 507
19 189
19 2211
19 4483
19 2650
19 411
19 184
19 2085
19 1316
19 810
19 1364
19 2642
19 4243
19 2751
20 1849
20 4028
20 1167
20 1227
20 2501
20 4814
20 3388
20 839
20 4228
20 205
20 2551
21 3407
21 4441
21 4459
21 332
21 3912
21 3271
21 4710
22 2192
22 4535
22 4245
22 3780
22 3629
22 135
22 1938
22 672
22 4005
22 2498
22 462
22 3284
23 1079
23 1692
23 1797
23 2122
23 1596
23 2081
23 4414
24 3169
24 4116
24 4119
24 2773
24 1888
25 1452
25 988
25 2860
25 1654
25 1075
26 4626
26 3204
26 591
26 4321
26 928
27 3126
27 1225
27 897
27 1055
27 2115
27 612
28 452
28 449
28 1998
28 1354
28 4892
29 4877
29 608
29 4897
29 1730
29 1655
29 2213
29 4283
29 4628
29 358
30 4796
30 536
30 474
30 3097
30 1381
30 2364
30 150
30 1434
30 4553
30 2523
30 3165
31 2841
31 1556
31 1295
31 1730
31 2592
31 871
31 3001
31 2234
32 1901
32 2640
32 1378
32 39
32 4802
32 3194
33 3889
33 1934
33 2390
33 4901
33 1904
33 3426
33 4015
33 4149
33 2273
33 1517
33 2675
33 3830
33 1967
33 4301
33 1110
33 4101
34 4553
34 4091
34 3567
34 1720
34 4669
35 3343
35 4074
35 621
35 2377
35 507
35 3377
35 1655
35 2476
35 3123
35 4679
35 3896
36 2578
36 4381
36 2612
36 2548
36 571
36 2939
36 835
37 1832
37 3462
37 1581
37 1415
37 809
37 4111
37 1804
37 2717
37 3701
37 3131
37 4199
37 4164
37 2163
37 225
37 4376
37 2648
37 686
37 2825
37 1147
37 3241
38 4633
38 4497
38 3997
38 3276
38 2780
38 3804
38 2200
38 4779
38 888
38 3817
38 3000
39 4233
39 2443
39 2189
39 4506
39 381
40 548
40 2448
40 2105
40 3432
40 433
40 330
40 214
40 4666
40 3767
40 3445
40 4711
40 2677
40 736
40 1805
40 3372
40 4570
40 2988
40 2299
41 4201
41 4757
41 4662
41 4244
41 4698
41 2164
41 2383
41 4482
41 3464
41 602
42 2791
42 197
42 4782
42 2191
42 2682
42 2801
42 4344
42 3170
42 2197
42 2758
42 3424
42 2345
43 1423
43 1480
43 1821
43 2946
43 3884
43 771
43 3355
43 1885
43 2144
43 3297
43 143
43 4331
43 847
43 4374
43 3187
43 3031
43 3654
43 431
43 4597
43 2350
43 2743
43 4856
43 3896
44 697
44 2600
44 899
44 2574
44 3060
44 3645
45 2477
45 2224
45 1852
45 881
45 2354
45 1794
45 3837
45 3692
45 4868
45 2822
45 2837
45 3243
46 1157
46 85
46 3545
46 3749
46 2629
46 4698
46 2164
46 4375
46 2376
46 1681
46 596
47 2334
47 4694
47 623
47 4324
47 347
47 2347
47 2110
47 3519
47 3132
47 2208
47 1441
47 4411
47 896
47 253
47 1425
47 1629
47 4205
47 1177
48 1782
48 4064
48 1288
48 4575
48 2962
48 1075
48 1220
48 2003
49 2612
49 508
49 1668
49 2319
49 3248
49 3918
50 2077
50 3935
50 4871
50 2547
50 2535
50 4731
50 2988
50 2037
50 2050
51 2054
51 1308
51 2218
51 2256
51 2128
51 2432
51 2321
51 4266
51 3329
51 1510
52 4321
52 3597
52 3716
52 3237
52 2635
52 4501
52 1443
52 478
53 3379
53 854
53 999
53 227
53 4612
53 682
53 985
53 3326
54 1222
54 551
54 2093
54 4949
54 85
54 87
54 4201
54 4757
54 4482
54 1845
54 4612
55 507
55 2187
55 3620
55 4919
55 187
55 857
55 2549
55 2941
56 1890
56 3572
56 4460
56 3937
56 4390
56 3059
56 3594
56 2065
56 1315
56 4794
56 1427
56 331
56 4743
56 2113
57 3530
57 2398
57 109
57 4637
57 571
58 2081
58 461
58 4962
58 1163
59 2996
59 4350
59 119
59 2592
59 4066
59 1137
59 2445
59 3001
59 710
60 3058
60 3569
60 3086
60 2884
60 2956
60 4140
60 252
60 2365
60 1428
60 3564
61 512
61 243
61 3129
61 165
61 2035
61 2128
61 2350
61 2441
61 4350
61 3205
61 3329
61 4009
62 3497
62 3635
62 4130
62 1553
62 99
62 161
62 258
62 2357
62 3668
62 2988
62 2751
63 3632
63 1556
63 4892
63 1057
63 4716
63 3182
63 1137
63 3001
64 3093
64 548
64 2305
64 3336
64 802
64 521
64 4944
64 1666
64 2677
64 155
64 2201
64 2883
65 1797
65 4446
65 3376
65 1077
66 1798
66 3990
66 2667
66 641
66 2243
66 3329
66 1042
66 4362
67 2676
67 2081
67 574
67 2808
67 4251
68 1928
68 635
68 519
68 206
68 2783
68 4179
68 1725
68 3468
68 4251
69 4096
69 4121
69 294
69 3729
69 111
69 2201
69 4507
70 3648
70 418
70 824
70 3473
70 3037
70 2227
70 164
70 1763
70 1173
70 3229
70 4447
70 1739
71 4829
71 3359
71 3164
71 142
71 3344
71 754
72 2063
72 503
72 4166
72 3730
72 4239
72 4447
72 4937
73 2889
73 2683
73 3028
73 4007
73 1265
73 1843
73 785
73 2645
73 3056
73 4330
73 3469
73 4436
73 2798
73 4839
73 920
73 3267
73 1646
74 4145
74 2440
74 587
74 1889
74 2428
74 989
74 1066
74 1535
74 4019
74 4427
74 3154
74 4451
74 4881
74 3162
74 1467
74 2343
74 507
74 2657
74 2673
74 2781
74 2990
74 1323
74 3393
74 3444
74 4764
74 1214
74 4447
75 3160
75 3716
75 4275
75 800
76 3087
76 4047
76 1050
76 4277
76 3304
76 4447
76 3047
77 2775
77 1520
77 2500
77 4715
77 4298
77 2619
77 176
77 4253
77 3287
77 3409
77 491
77 2655
77 3237
77 2157
77 4741
77 2056
78 2707
78 3084
78 547
78 3007
78 4612
78 4795
78 4902
78 2934
79 4833
79 2818
79 4101
79 3585
79 1662
79 4696
79 2075
79 2700
79 693
79 2633
79 4085
79 4624
79 4026
79 679
79 3510
79 3684
79 1111
79 3743
79 236
79 4579
79 1005
79 3571
79 839
80 4108
80 1230
80 2205
80 1216
80 2296
80 1377
80 1409
80 1994
80 1824
81 4247
81 2325
81 3324
81 4743
81 1724
81 2300
81 922
81 1568
81 2064
81 2393
81 3189
81 3227
81 1636
81 3564
81 1525
82 244
82 4230
82 653
82 2357
82 3668
82 4701
82 4735
82 2988
83 4631
83 4381
83 4456
83 4095
83 4463
83 1154
83 1504
83 2213
84 998
84 2868
84 702
84 4796
84 3196
84 3449
84 1525
85 1837
85 1123
85 2736
85 2281
85 2489
85 3573
86 4273
86 2904
86 3723
86 4374
86 3193
86 1887
87 2629
87 123
87 2786
87 4698
87 3303
88 2584
88 4122
88 4389
88 3503
88 710
88 2468
88 3436
88 3459
88 2445
88 3001
88 2370
89 2616
89 342
89 3521
89 4216
89 4913
89 3550
89 2484
89 2173
89 2691
89 432
89 2422
89 867
89 3088
89 2560
89 2096
89 4836
90 3391
90 3332
90 782
90 2740
90 2754
90 738
90 4049
91 3590
91 743
91 3468
91 1617
91 4321
91 1481
91 4583
92 231
92 2104
92 2100
92 3927
92 349
92 4146
92 528
92 1475
92 2559
92 4024
92 3900
92 2144
92 143
93 3269
93 4275
93 479
93 100
94 4612
94 1033
94 3351
94 2738
94 748
94 3230
94 1722
94 2056
95 3232
95 1150
95 328
95 1063
95 389
95 3014
96 4190
96 968
96 588
96 2644
96 2462
96 2434
97 2448
97 2381
97 2606
97 349
97 4817
97 3022
97 3490
97 4160
98 954
98 3767
98 194
98 942
98 4171
98 4027
98 3615
98 383
98 2926
98 4025
98 1044
98 1947
98 3022
98 4158
98 4249
98 297
98 4398
98 3595
98 259
98 1216
98 2232
98 4123
98 2603
98 2114
98 1614
98 1844
98 1225
98 2958
98 4526
98 1235
98 203
98 140
98 4462
98 3635
98 761
98 869
98 447
98 3126
98 976
98 4370
98 316
98 1649
98 2896
98 1305
98 2795
98 2512
98 2940
98 2691
98 304
98 3064
98 4538
98 2129
98 4377
98 2357
98 4587
98 2545
98 2988
98 1769
99 4025
99 4092
99 3374
99 4699
99 1947
99 735
99 3446
99 2357
100 2735
100 4633
100 1597
100 4163
100 253
100 1887
101 4681
101 628
101 3385
101 2470
101 2281
101 4815
102 3744
102 441
102 877
102 4569
102 1595
102 1666
103 3849
103 3283
103 2393
103 2730
103 2213
103 4628
103 3798
103 2936
103 934
103 973
103 3040
103 4511
104 2224
104 2004
104 3830
104 390
104 454
104 2356
104 4869
104 1930
104 691
104 3542
105 2314
105 1105
105 2970
105 1529
105 2885
105 3531
105 3756
105 2201
105 313
105 4617
105 3190
105 1221
105 1925
106 543
106 4490
106 1392
106 4611
106 505
106 3088
106 4055
106 382
107 4628
107 2626
107 4108
107 2449
107 808
108 4626
108 1083
108 1051
108 627
108 3236
108 3668
108 3976
108 929
109 571
109 1871
109 4456
109 4463
109 2429
109 4311
110 4118
110 4622
110 3840
110 1317
110 1934
110 4863
111 1402
111 1694
111 376
111 2205
111 1344
111 2367
111 4530
111 1656
111 3074
111 1431
111 3916
111 2130
111 944
111 1915
111 2449
111 2402
111 2077
111 4539
111 1759
111 1697
111 3502
111 3717
111 3500
111 3511
111 3811
111 158
111 1502
111 4592
111 1277
111 3701
111 1673
111 3515
111 2296
111 1168
111 3943
111 499
111 2252
112 759
112 1593
112 2479
112 3651
112 4784
112 4586
112 904
112 4382
112 445
112 1443
112 2752
112 3000
112 3092
113 4626
113 4537
113 469
113 4568
113 3365
114 1273
114 3820
114 1077
114 289
114 4292
114 4612
114 691
114 4824
114 854
115 2209
115 3020
115 2529
115 2879
115 1518
115 1237
115 382
115 1804
115 1422
116 4158
116 2184
116 2713
116 4041
116 613
116 533
116 3668
116 2769
116 4163
117 2048
117 3096
117 3319
117 1127
117 1442
117 243
117 4943
117 1452
118 2572
118 1113
118 1373
118 4907
118 2495
118 1480
118 2528
118 2547
118 1459
118 4209
119 2242
119 2769
119 586
119 4126
119 4073
119 3668
119 1346
120 1891
120 3038
120 3994
120 1278
120 153
120 2335
120 390
120 2566
120 2837
120 635
121 4421
121 900
121 4938
121 1997
121 1109
121 3148
121 2459
122 2224
122 2101
122 2237
122 893
122 3600
122 3887
122 2995
122 1808
122 1507
122 1056
122 4017
122 916
122 4622
122 4871
122 4684
122 2393
122 400
122 4437
122 4903
123 3135
123 4698
123 2881
123 4482
124 571
124 4217
124 3177
125 3497
125 3490
125 2884
125 1638
125 4686
125 2696
125 809
125 920
125 3267
125 1603
126 419
126 409
126 534
126 1009
126 3078
126 4237
126 408
126 2175
126 2606
127 4372
127 2471
127 4639
127 1669
127 770
127 4562
127 4869
127 4453
127 4742
127 2750
127 3227
127 3392
127 4025
127 323
128 1054
128 3853
128 3907
128 2630
128 3813
128 1348
128 706
128 4961
128 1179
128 1184
128 1539
128 3605
129 585
129 1510
129 3513
129 4550
129 2879
130 3036
130 3152
130 823
130 1593
130 437
130 147
130 4560
130 1551
130 705
130 3597
130 1531
130 2940
130 3815
130 4586
130 576
130 4410
130 2719
130 1204
130 4002
130 2479
130 1663
130 198
130 867
130 395
130 2381
130 712
130 3960
130 3716
130 405
130 4258
130 1045
131 4702
131 2084
131 304
131 585
131 2435
131 2670
131 1675
131 4678
132 364
132 2930
132 4732
132 604
133 325
133 4030
133 242
133 4000
133 4447
133 603
133 2357
134 3702
134 1119
134 351
134 2375
134 302
134 4707
134 382
134 3970
135 3085
135 3629
135 4214
135 2310
136 1668
136 3942
136 3333
136 4804
136 4558
136 2918
136 1164
136 1887
136 3991
137 4401
137 2859
137 4833
137 4622
137 2895
137 1652
137 2322
137 1959
137 1136
137 1455
137 4052
137 1719
137 3834
137 4086
138 4121
138 4323
138 3015
138 2081
138 2681
138 3420
138 2235
138 1802
138 1005
138 4228
139 4857
139 2335
139 2109
139 1931
139 154
139 4259
139 4940
139 2591
139 2270
139 4544
139 2837
139 2672
139 1615
139 1115
139 3230
140 4663
140 3595
140 3650
140 2988
140 473
140 161
140 3668
141 3509
141 513
141 4103
141 1052
141 4912
141 4183
141 2237
141 2962
142 4927
142 3367
142 4750
142 1359
142 4860
142 2825
142 920
142 3196
143 1900
143 2089
143 3192
143 2580
143 1567
143 2481
143 2856
143 2962
143 1178
143 3355
143 1395
144 1787
144 3315
144 3237
144 1264
144 991
144 3246
144 3339
144 1438
144 343
144 2252
144 1013
144 3257
144 3730
145 1850
145 4962
145 4416
145 3670
145 473
145 295
145 2346
145 2840
146 1120
146 643
146 540
146 1735
146 2165
146 2213
146 3325
146 4628
146 1743
146 973
146 1175
146 2655
147 1290
147 812
147 3716
147 2719
148 3853
148 2306
148 2061
148 4425
149 2181
149 2833
149 1550
149 708
149 4039
149 1262
149 3283
149 475
149 4628
149 4635
149 1992
150 3097
150 2272
150 2008
150 3529
150 625
151 2364
151 2320
151 539
151 3110
151 3359
152 4776
152 2574
152 1041
152 534
152 2301
152 3977
153 2335
153 2308
153 777
153 2231
153 2403
153 4544
153 2822
153 4931
153 3024
153 156
154 3024
154 1911
154 2057
154 4838
154 2837
154 2869
154 1928
154 4500
154 4153
155 1284
155 4662
155 2629
155 1123
155 2417
155 3385
155 1593
155 2102
156 1659
156 1294
156 1318
156 227
156 2706
156 418
156 603
156 2656
156 4447
156 1665
157 3854
157 3170
157 1708
157 2682
157 309
157 1380
157 3897
157 424
157 4284
157 2263
157 468
157 2586
157 1265
157 994
157 1750
157 4593
158 4178
158 4189
158 273
158 1457
158 4542
159 670
159 855
159 2017
159 3143
159 291
159 2920
159 1381
159 2260
159 2753
159 3313
159 1279
159 3725
159 1457
160 2213
160 2493
160 2136
160 2170
160 164
160 3256
160 4388
160 2399
160 4447
160 1391
160 603
160 4140
160 3457
161 3071
161 2184
161 780
161 778
161 4592
161 542
161 481
161 3665
161 4699
161 3601
161 3976
161 976
161 4041
161 1844
161 4735
161 3973
161 1186
161 4157
161 1962
161 1593
161 4923
161 1559
161 194
161 1225
161 3668
161 974
162 1028
162 4457
162 980
162 222
162 3609
162 2333
162 2354
162 2837
162 4931
162 3964
162 2002
162 2410
163 3100
163 1131
163 2308
163 4950
163 1812
163 1060
163 4312
163 2948
163 431
163 1469
163 2136
163 2513
163 2837
163 3881
163 2869
163 3306
163 4628
164 4128
164 1630
164 1205
164 3174
164 3776
164 4221
164 1149
164 4395
164 611
164 348
164 603
164 2071
164 685
164 3094
164 1088
164 689
164 4950
164 3622
164 1994
164 338
164 4447
165 2104
165 4185
166 916
166 683
166 858
166 1785
166 4076
166 248
166 247
166 1801
166 4726
167 2249
167 337
167 4011
167 704
167 2842
167 424
167 473
167 2772
167 1271
167 1449
167 3017
167 2263
167 3897
167 2754
168 257
168 1814
168 415
168 2953
168 3710
168 3823
168 4348
168 370
168 3958
168 371
168 1685
168 4751
168 396
168 442
168 4596
168 4111
168 4635
168 3628
169 1106
169 4186
169 4838
169 776
169 3860
169 4229
169 2837
169 3674
170 1345
170 671
170 1953
170 2289
170 216
170 2272
170 1720
170 1753
170 3999
170 4553
170 2754
170 4833
170 4008
171 4357
171 1359
171 4704
171 3464
171 2876
171 3020
171 1453
171 953
171 1710
172 4187
172 4850
172 1021
172 1722
172 1274
172 456
172 1546
173 4187
173 1290
173 1531
173 2421
174 2857
174 1054
174 4257
174 1185
174 4114
174 2966
174 945
174 2202
174 331
175 4698
175 1123
175 2164
175 4757
175 1343
175 1847
175 949
175 1238
175 4154
176 3758
176 4488
176 1603
176 4253
176 491
176 629
176 3669
176 872
176 2896
176 1472
177 2643
177 3816
177 4275
177 4710
178 4354
178 1447
178 2349
178 2175
178 4229
178 4002
178 2522
178 288
178 3350
178 1699
178 1602
178 937
179 2408
179 4506
179 2442
179 487
179 4117
179 2692
179 4671
179 4344
179 3003
180 2408
180 4714
180 3434
180 3609
180 1737
180 890
180 3479
180 1373
180 1832
180 2343
180 445
180 3334
180 1927
181 4134
181 2213
181 3968
181 2174
181 4615
181 2544
182 4626
182 4823
182 4160
182 787
182 2687
182 660
182 3185
182 3664
182 1068
183 1110
183 4266
183 1158
183 503
183 3014
183 3351
183 1098
183 4961
184 2751
184 3342
184 2019
184 4557
185 4166
185 325
185 2149
185 2167
185 1474
185 4447
185 1391
185 1629
185 2999
186 378
186 2697
186 3447
186 3429
186 4469
186 4116
186 869
186 2614
187 507
187 2677
187 2187
187 522
187 1002
187 2436
187 4919
187 857
187 2793
187 3162
187 2941
187 2419
187 2994
187 4939
187 4342
187 2921
188 4166
188 4943
188 2988
188 3591
188 3082
188 2142
188 673
188 262
188 3875
188 1005
189 4188
189 3936
189 2667
189 3990
189 4313
189 4447
190 3468
190 4472
190 1807
190 4328
190 1317
190 1602
190 4840
190 2811
190 2621
191 2629
191 4698
191 4227
191 551
191 2197
191 4213
191 4223
191 1777
192 1290
192 3597
192 3716
192 4258
192 4593
193 2771
193 3407
193 2437
193 4388
193 4150
193 3068
193 1235
193 2357
193 3668
193 2988
193 3022
194 669
194 1044
194 3668
194 4249
194 3374
194 3649
194 4399
194 4263
194 2357
194 3976
194 2988
195 797
195 1311
195 2764
195 2803
195 4418
195 3801
195 964
195 4956
195 2874
195 3540
195 4589
195 1759
195 4251
196 4726
196 1297
196 1907
196 1432
196 1627
197 715
197 2594
197 1750
197 2292
197 4418
197 1278
197 2041
198 2160
198 3217
198 1458
198 3465
198 4535
198 1496
198 985
198 426
198 3532
198 3728
198 1908
198 710
199 3755
199 1870
199 4793
199 2209
199 4804
199 2900
200 3464
200 1215
200 1814
200 3718
200 2328
200 1825
200 4657
200 2556
200 612
201 2148
201 4084
201 1745
201 4280
201 3921
201 4092
202 2220
202 1167
202 3007
202 1670
202 4161
202 1115
202 1226
202 1762
202 3683
202 4804
203 2652
203 2114
203 2603
203 2713
203 1507
203 343
203 2313
203 2357
203 533
203 3668
203 2769
203 4059
203 1584
203 3533
204 2219
204 4293
204 3329
204 3684
204 327
204 1599
204 2676
204 4850
204 2872
204 3490
205 266
205 4110
205 839
205 4191
205 2423
205 223
205 4683
205 2150
205 4346
205 4876
205 3137
205 1414
205 2828
205 1043
205 2551
205 1532
206 1955
206 4283
206 4168
206 1936
206 748
206 408
206 449
206 2250
206 529
207 1038
207 3096
207 4089
207 4361
207 221
207 1074
207 2691
207 1857
208 3407
208 4455
208 3696
208 1250
208 231
208 2445
209 1118
209 2161
209 2100
209 3993
209 4619
209 1075
210 486
210 2065
210 3348
210 3947
210 4605
210 2844
210 4668
210 825
210 1034
210 3511
210 1568
211 4129
211 2012
211 1224
211 4609
211 1644
211 4612
211 4795
211 1816
212 4662
212 2629
212 4310
212 1071
212 3296
212 1471
212 215
212 4484
212 3718
213 1051
213 4249
213 1844
213 2993
213 278
213 2288
213 2545
213 3668
213 869
213 3022
214 2641
214 2677
214 4144
214 3490
214 3579
215 2685
215 2605
215 3633
215 263
215 3115
215 1337
215 3970
215 4003
216 1079
216 1287
216 3097
216 3390
216 4553
216 974
217 3082
217 2095
217 4697
217 3774
217 2574
217 4579
218 2093
218 1606
218 1123
218 4201
218 4757
218 2281
218 2493
219 3629
219 342
219 3279
219 2630
220 735
220 3888
220 1993
220 4408
220 2685
220 3496
220 3970
221 507
221 4154
221 4089
221 1453
221 4436
221 4024
221 4612
221 1525
221 4913
222 3077
222 2308
222 837
222 4449
222 1417
222 2837
222 2858
223 839
223 4329
223 3405
223 400
223 773
223 1950
223 4280
223 2531
223 2551
224 4527
224 2724
224 694
224 1489
224 471
225 4664
225 1045
225 1843
225 4300
225 1366
225 583
225 2701
225 4882
225 3207
225 1525
226 1521
226 4810
226 3989
226 4940
226 2187
226 4612
226 788
226 3215
226 1248
227 3133
227 410
227 1742
227 3087
227 2071
227 1205
227 3304
227 4447
227 3777
228 256
228 2355
228 329
228 1901
228 2514
228 1368
228 4339
228 4794
228 744
229 2361
229 4938
229 3932
229 2434
229 3650
230 1524
230 1016
230 373
230 2169
230 252
230 4790
231 420
231 716
231 3407
231 605
231 3696
231 2754
231 383
232 514
232 1244
232 543
232 1086
232 3573
232 570
233 2457
233 507
233 4327
233 730
233 2367
233 4470
233 3169
233 3190
233 3313
234 2707
234 4691
234 1816
234 473
234 981
235 521
235 1039
235 548
235 2677
235 1114
235 2332
235 883
235 4492
235 4505
236 981
236 3796
236 3585
236 2704
237 1266
237 3693
237 3365
237 1440
237 477
238 2048
238 1054
238 1074
238 4573
238 4293
238 385
238 4115
238 1201
238 4275
238 2554
238 3668
238 2081
238 3394
239 507
239 1423
239 594
239 1143
239 4447
239 4150
240 1760
240 1775
240 3669
240 3287
240 1603
240 2401
240 2536
240 4298
240 2724
240 2726
240 1818
241 2259
241 4136
241 1087
241 2688
241 1222
241 3205
241 4696
242 3122
242 2304
242 3087
242 949
242 1117
242 2132
242 1599
242 4388
242 4447
242 1391
242 4712
243 507
243 4698
243 2145
243 2256
243 2433
243 925
243 4278
243 4184
243 489
243 4510
243 1143
243 4594
243 1038
243 2329
243 1851
243 951
243 4627
243 656
243 1739
243 2096
244 4212
244 4562
244 2947
244 834
244 990
244 3347
244 2333
244 2837
244 1852
244 2985
244 2492
244 3170
245 1849
245 2067
245 4206
245 1459
245 288
245 4388
245 1352
245 338
245 4447
245 1665
245 4937
246 1732
246 3256
246 3285
246 3099
246 3607
246 4447
246 3716
247 960
247 3716
247 1443
247 427
248 2335
248 996
248 1193
248 2123
248 1634
248 1327
248 3400
248 3713
248 4709
248 4098
248 2537
248 3890
248 2794
248 3311
249 2296
249 4121
249 3489
249 3725
249 4539
249 469
249 4784
249 3101
249 2108
250 4739
250 4184
250 4257
250 2348
250 2712
250 1022
250 1683
251 2675
251 3574
251 2133
251 3121
251 301
251 3290
252 1665
252 1800
252 2841
252 307
252 3025
252 1242
252 1379
252 3497
252 4049
252 673
253 4004
253 1597
253 4175
253 1111
253 3066
253 3087
253 1192
254 4194
254 2296
254 4453
254 1047
254 2847
254 1034
254 3051
254 2260
254 4218
254 434
254 4939
254 922
254 3954
254 2625
254 4200
254 2181
254 4742
254 2702
254 1538
255 2105
255 624
255 2677
255 1237
256 3443
256 2761
256 3586
256 797
256 1129
256 329
256 2641
256 801
257 2615
257 3638
257 1685
257 4873
257 4751
257 1814
257 3381
258 2603
258 4025
258 2284
258 795
258 3411
258 498
258 1894
259 1561
259 780
259 2833
259 3668
260 4227
260 2734
260 2247
260 3988
260 4391
260 4640
260 1996
260 1257
260 612
261 1424
261 2669
261 4503
261 1586
261 1544
261 3851
261 4183
261 4343
261 3069
262 4524
262 1387
262 4056
262 2143
262 1288
262 1220
262 4729
262 3326
262 3662
262 3655
262 4062
262 4054
262 526
262 3623
262 2393
262 812
262 4277
262 4424
262 2713
262 4856
262 2819
263 1737
263 1379
263 3030
263 3196
263 3611
263 1912
263 1642
263 4113
263 2646
263 1749
263 1263
263 1659
263 920
263 1428
263 4726
263 4903
264 861
264 1358
265 2951
265 1261
265 3114
265 2717
265 3235
266 4445
266 3294
266 4198
266 4317
266 1233
266 379
266 2150
266 2551
267 507
267 2125
267 2677
267 4238
267 433
267 3763
267 1707
268 365
268 348
268 4629
268 1317
268 4589
269 524
269 2677
269 1805
269 3910
269 1550
269 4492
270 4698
270 2281
270 1238
270 3936
270 2383
270 4482
270 2493
270 849
270 1472
271 2677
271 4844
271 802
271 348
271 1097
271 4447
272 3586
272 4423
272 2764
272 2554
272 2516
272 2202
272 2313
273 2495
273 849
273 4258
273 285
273 2445
273 3001
273 710
274 3224
274 4251
274 4309
274 568
274 3765
274 3157
275 4626
275 2058
275 3837
275 3503
275 4537
275 721
275 386
275 2528
275 2531
276 2174
276 503
276 3037
276 2238
276 4447
276 1637
276 1665
277 2312
277 2443
277 2222
277 4233
277 1105
278 679
278 4251
278 4669
278 1075
278 3355
279 513
279 512
279 2244
279 4571
279 924
279 4129
279 807
279 2957
279 985
279 4008
280 4251
280 3355
280 4131
280 1956
280 1258
280 2259
280 2633
280 4856
280 3192
280 3677
281 2058
281 1595
281 1369
281 4483
281 2904
281 3278
281 1684
282 4681
282 4698
282 1209
282 3796
282 2383
283 1499
283 972
283 3854
283 2548
283 4638
283 4771
283 4049
283 1239
284 2213
284 922
284 4117
284 4847
284 3003
284 4624
285 600
285 710
285 3182
285 819
285 2789
285 3439
285 3615
285 1393
285 2462
285 3001
286 548
286 4082
286 1064
286 4614
286 2585
286 3042
286 3583
287 3802
287 2089
287 1173
287 1382
288 2806
288 3094
288 4447
288 1391
289 4386
289 4120
289 3799
289 3907
289 3442
289 1768
289 4677
289 4916
289 4106
289 3858
289 1202
289 4928
289 4612
289 630
289 864
289 3605
289 2819
290 3848
290 1244
290 1473
290 2939
290 493
290 3573
290 3503
291 2278
291 1376
291 3004
291 3473
292 464
292 1497
292 3703
292 4917
292 2812
292 412
292 2512
292 507
292 618
292 3043
292 3674
292 3427
292 1625
293 4353
293 3081
293 1536
293 356
293 3390
293 3216
293 4553
294 4176
294 554
294 924
294 2968
294 4693
294 4746
294 1169
294 4856
295 1090
295 1979
295 4416
295 4109
295 4453
295 3500
295 3937
295 1063
295 3123
295 3480
295 4762
295 4934
295 1836
295 3697
295 4624
295 3523
295 1095
296 2677
296 3372
296 1266
296 1833
296 2613
296 2997
296 387
296 4505
296 973
296 3163
297 2205
297 1155
297 1924
297 3668
298 2677
298 3910
298 601
298 2973
298 1136
298 4690
298 4505
298 4470
299 515
299 3406
299 3391
299 2035
299 2809
299 3149
299 1242
300 510
300 2408
300 870
300 3499
300 1160
300 565
300 3340
300 332
300 3533
300 2457
300 507
300 1079
300 3277
300 3500
300 3716
300 1530
301 4417
301 3363
301 3803
301 2324
301 2460
301 1487
301 4918
301 1513
301 3933
301 1722
301 2829
301 1895
301 2739
301 3709
301 2199
301 689
301 1964
301 3972
301 775
301 567
301 1348
301 1088
301 1977
301 2123
301 1183
301 3088
301 1033
301 2840
301 4588
301 3811
301 1026
301 2295
301 3514
301 3641
301 3421
301 2184
301 2475
301 859
301 3311
302 4403
302 4611
302 545
302 2993
302 505
302 382
303 2073
303 2348
303 4116
303 2334
303 570
303 2110
303 3333
303 3183
303 1177
303 4726
303 3764
304 2477
304 4762
304 4572
304 494
304 4491
304 3644
304 758
304 1971
304 2949
304 4208
304 4877
304 4255
304 3385
304 3906
304 664
304 1482
304 3534
304 1510
304 3712
305 2245
305 4164
305 4726
305 2328
305 2639
305 1818
305 1059
305 3448
305 2441
305 2770
306 3559
306 1112
306 1263
306 612
306 3180
307 2677
307 1237
307 2105
307 4104
307 940
307 373
308 4126
308 2232
308 780
308 3388
308 488
308 4952
308 3022
308 3215
308 1270
309 3637
309 3170
309 1750
309 2456
309 4890
309 4876
310 548
310 4653
310 2105
310 2677
310 2392
310 3910
310 3473
310 4241
310 4498
310 4519
310 433
311 2863
311 3378
311 2328
311 4220
311 2441
312 3300
312 2104
312 1064
312 4490
312 4713
312 2565
312 2277
312 4611
312 1381
312 1119
312 4403
312 4093
312 3348
312 2594
312 3019
312 518
312 1392
312 382
313 2606
313 4252
313 2250
313 3489
313 3428
313 1942
313 3219
313 2663
313 1904
313 3427
314 2320
314 2013
314 543
314 3527
314 4481
314 4841
314 3573
314 1627
315 3744
315 3681
315 4682
315 1718
315 445
315 507
315 4803
315 4923
315 1478
316 3100
316 1544
316 2286
316 982
316 4078
316 4257
316 4278
316 3076
316 3073
316 2731
316 2813
316 686
317 2328
317 1410
317 1933
317 2441
318 2305
318 4119
318 4694
318 2365
318 4205
318 625
319 2002
319 3562
319 3586
319 1632
319 2678
319 1770
319 2663
319 3876
320 4103
320 4503
320 4360
320 364
320 2175
320 4943
321 1250
321 2336
321 1937
321 927
321 2505
321 1115
321 1145
321 1322
321 3486
321 3497
321 1577
321 3856
321 3912
321 691
322 2308
322 990
322 1911
322 2822
322 2837
322 789
322 971
322 4564
322 2739
323 3018
323 4447
323 2204
323 2280
323 2666
323 3311
324 1136
324 2677
324 2295
324 1776
324 3071
325 4375
325 3524
325 4447
325 594
325 3007
325 1488
326 4120
326 4146
326 1819
326 2012
326 1608
326 3411
326 1655
326 2934
326 981
326 3507
326 4008
327 2243
327 4114
327 3076
327 2483
327 1200
327 2502
327 1148
327 2036
327 1201
327 3466
327 2077
327 4590
327 2606
327 4024
328 1560
328 430
328 1557
328 2840
328 3517
328 2367
328 3203
328 1006
328 2652
328 680
329 2575
329 1311
329 3801
329 1132
329 4802
329 2516
329 4183
329 4875
330 1079
330 2677
330 3863
330 3372
330 524
330 802
330 731
330 2494
330 2647
330 406
330 3432
330 433
331 2201
331 4316
331 2278
331 4397
331 2601
331 781
331 4466
331 4518
331 1529
331 2787
331 2698
331 1377
331 2188
331 3226
331 4513
331 4307
331 1687
331 1230
331 2451
331 1371
331 3975
331 1344
331 4639
331 4530
331 4124
331 3510
331 3752
331 4196
331 3576
331 4541
331 3613
331 4650
331 3992
331 4607
331 1736
331 1354
331 3170
331 3221
331 4829
331 2118
331 4181
331 1080
331 3856
331 1686
331 1150
331 1169
332 4275
332 3086
332 4944
332 4575
332 3896
333 4616
333 4620
333 3252
333 779
333 2414
334 4657
334 1884
334 3814
334 2008
334 2550
334 507
334 2599
334 2710
334 2722
334 3393
335 715
335 2037
335 3401
335 1640
335 4922
335 4786
335 1581
335 2884
335 4036
335 1254
335 2398
335 2825
335 920
335 1525
335 1658
335 4726
336 1277
336 4123
336 3022
336 498
336 2713
336 2613
336 4587
337 3414
337 4621
337 2225
337 1750
337 4393
337 4428
338 3329
338 3073
338 1202
338 3087
338 2962
338 1563
338 4447
338 593
338 4044
339 3484
339 3128
339 736
339 813
339 865
339 1350
339 3426
339 3514
339 1611
340 2201
340 833
340 3872
340 1627
340 579
340 4706
340 3053
340 1007
340 1428
340 3909
341 2377
341 884
341 4616
341 458
341 4281
341 613
341 2414
341 2553
341 1318
341 2357
342 3629
342 3550
342 2484
342 2937
342 3578
342 2616
342 4216
342 936
342 4720
342 3648
342 1480
342 3075
342 446
342 2498
343 666
343 1425
343 1862
343 3080
343 958
343 559
343 2520
343 507
343 1462
344 507
344 3375
344 3749
344 1928
344 2541
345 1349
345 1375
345 1736
345 3530
345 576
345 1504
345 3841
346 2048
346 4257
346 3329
346 4370
347 4482
347 4547
347 4029
347 2185
347 1177
347 2521
348 2127
348 1214
348 4447
349 2285
349 1038
349 3329
349 920
350 4086
350 4872
350 4314
350 1583
350 792
350 1489
350 2962
350 3355
350 3730
350 3919
351 3079
351 4490
351 1119
351 4713
351 2407
351 2375
351 545
351 2168
351 2235
351 1782
352 3539
352 794
352 1478
352 994
352 2723
352 4069
352 1679
352 1304
352 565
352 4413
352 4660
352 2191
352 1452
352 3644
352 1293
352 404
352 507
352 3674
352 1886
352 4018
352 1236
353 1037
353 3102
353 2273
353 2400
353 2297
353 2837
353 954
353 971
353 2909
353 953
354 4357
354 1359
354 4821
354 3458
354 4209
354 3464
354 2732
354 1716
355 1423
355 2502
355 2862
355 3312
355 2873
355 2936
355 4709
355 2666
355 2746
355 4903
355 917
355 1327
355 3542
356 4620
356 1332
356 2006
356 1775
357 1371
357 1046
357 819
357 2592
357 1616
357 4394
357 3436
357 871
357 4885
357 2264
357 2462
357 1493
357 2856
357 1028
357 367
357 710
358 4193
358 4081
358 3561
358 1729
358 2907
358 4551
358 3869
358 1633
359 4833
359 438
359 2779
359 2634
359 3930
360 4512
360 3497
360 1395
360 3050
360 2029
360 1425
361 4626
361 4705
361 2661
361 4568
361 4479
361 1046
361 4575
361 633
361 507
362 3170
362 1675
362 2195
362 2772
362 2411
362 1505
362 4027
363 4360
363 4363
363 4912
363 4354
363 1080
363 1000
364 4188
364 1256
364 1951
364 4313
364 1514
364 1431
364 4712
365 2586
365 2147
365 2461
365 3488
365 2159
365 4313
365 2705
365 4557
366 3104
366 1201
366 925
366 4028
366 2128
366 385
366 1074
366 1210
366 1475
366 2835
366 928
366 368
367 1750
367 2225
367 3944
367 895
367 2147
368 2864
368 1426
368 4688
368 1040
368 2328
368 2853
368 2441
368 1198
369 512
369 3842
369 3407
369 420
369 4262
369 4580
369 1944
369 4572
369 4952
369 3949
370 1537
370 396
370 1814
370 3638
370 4242
370 425
371 396
371 1814
371 415
371 3823
371 1754
372 3691
372 2395
372 4704
372 3020
372 2258
372 3329
372 514
372 1918
372 3966
372 3464
372 2732
372 2241
373 2096
373 1477
373 485
373 2754
373 1908
373 3671
374 4946
374 4661
374 1863
374 2007
374 507
374 1128
374 3344
374 429
375 4415
375 4682
375 3492
375 465
375 3769
375 636
375 2359
375 3494
375 4444
375 3979
375 2512
375 507
375 1083
376 4364
376 1587
376 1324
376 3680
376 3570
376 682
377 3277
377 3300
377 1304
377 2541
377 737
377 507
377 3080
377 1946
377 623
377 865
377 1907
378 1079
378 2898
378 1369
378 1113
378 2974
378 472
378 2286
378 1335
378 3240
379 3821
379 565
379 1799
379 3814
379 3859
379 507
379 2791
379 1079
379 1083
379 3309
379 1315
380 523
380 4626
380 1151
380 2661
380 633
380 1122
380 3837
380 721
380 3231
380 4712
380 1746
380 3914
380 2093
380 1804
381 1192
381 2574
381 4321
381 2107
381 946
381 1490
381 2540
381 1015
381 4612
382 448
382 1117
382 2277
382 2407
382 4203
382 4215
382 392
382 1381
382 4337
382 505
382 2565
382 1666
382 4713
382 4093
382 1392
382 2375
382 1518
382 1119
382 4611
382 545
382 4403
382 2290
382 2532
382 1166
382 1950
382 4280
382 1739
382 4798
382 1121
382 3352
382 3221
382 2588
383 2261
383 4041
383 1225
383 1008
383 488
383 3615
383 2139
383 1561
383 2769
383 3976
383 1212
384 2673
384 1711
384 1681
384 2813
384 3902
384 2754
384 4943
384 1253
384 3532
384 1926
384 4909
385 1094
385 1245
385 3452
385 809
386 2279
386 1963
386 1764
386 3212
386 1391
387 4627
387 2677
387 2369
387 1039
387 3093
387 3713
387 1054
388 2372
388 1709
388 1419
388 3799
388 507
388 4689
388 808
388 1090
388 3479
388 2070
389 4825
389 2244
389 2296
389 4397
389 2555
390 2257
390 2273
390 1784
390 4212
390 1196
390 2387
390 1794
390 4433
390 1134
390 3347
390 1037
390 3399
390 4733
390 3139
390 3331
390 776
390 1806
390 2996
390 2007
391 4447
391 4221
391 685
391 2291
391 1923
391 4712
391 4079
391 3192
392 1785
392 2232
392 1666
392 4203
392 2407
392 1171
392 4490
393 3969
393 886
393 1060
393 557
393 985
393 3830
393 1784
393 1983
393 4613
393 4575
394 1435
394 3344
394 1397
394 4056
394 507
394 2672
394 4929
394 1597
395 1083
395 524
395 766
395 4483
395 4243
395 1316
395 575
396 2615
396 3381
396 1721
396 3710
396 4348
396 1114
396 2733
396 1814
396 2345
397 1974
397 1872
397 2728
397 4564
397 3210
397 1510
397 2754
398 3444
398 3674
398 2498
398 2446
398 3085
398 2272
398 453
399 1060
399 2279
399 2308
399 2004
399 4632
399 1794
399 4868
399 2822
399 2837
399 2985
399 1962
399 971
399 4608
399 4199
400 4683
400 1558
400 4822
400 2660
400 2551
401 4838
401 3479
401 4145
401 4576
401 507
401 838
402 2837
402 789
402 4168
402 4898
402 2980
402 711
403 4452
403 2930
403 1703
403 4644
403 2494
403 2268
403 2246
403 1184
404 4954
404 3922
404 1090
404 2710
404 2891
404 3525
404 3477
404 1468
404 4927
404 507
404 1516
405 862
405 437
405 4593
405 3733
405 3482
405 2479
405 4410
405 823
405 812
405 1554
405 4084
405 2757
405 4501
405 427
406 458
406 1332
406 4616
406 1985
406 667
406 3252
407 590
407 4455
407 420
407 3407
408 3590
408 2581
408 3684
408 2432
408 2600
408 419
408 4260
408 416
408 4321
408 3645
408 4481
408 2954
408 2680
408 661
408 3515
408 4634
408 802
408 2830
408 1781
408 1239
408 1098
408 4862
408 984
409 4628
409 566
409 4846
409 2649
409 696
409 2306
410 1544
410 2611
410 4183
410 4739
410 1447
411 3987
411 1316
411 2360
411 2751
411 575
412 3318
412 695
412 994
412 1497
412 2541
412 1323
412 1799
412 4765
412 4180
412 659
412 507
412 1026
412 3674
412 4018
412 4061
413 1110
413 1038
413 4521
413 4343
413 1610
413 2676
413 2036
413 4438
413 1733
414 4321
414 416
414 4648
414 977
414 1490
414 2752
415 3305
415 1814
415 1685
415 1290
415 3823
416 2987
416 2626
416 4582
416 3851
417 3198
417 4321
417 4846
417 4268
417 2626
417 1917
418 1107
418 2620
418 2304
418 4447
418 1391
418 1629
418 4251
419 3590
419 1041
419 4147
419 4237
419 2434
419 2013
419 3866
419 4703
419 3991
420 3077
420 1660
420 512
420 4580
420 1933
420 4172
421 3288
421 1317
421 1773
421 1228
421 1875
422 3525
422 1651
422 3147
422 903
422 2496
422 1083
422 3181
422 4018
422 1592
423 1134
423 2387
423 4149
423 2279
423 2224
423 1967
423 4576
423 3347
423 1766
423 2776
423 2735
423 4012
423 756
423 962
423 1986
423 1916
423 739
423 2630
423 1882
423 3266
423 1419
423 521
423 1502
423 1794
423 2837
423 1955
423 878
424 507
424 4234
424 1112
424 784
425 4121
425 2296
425 4507
425 1279
425 1791
425 4049
425 2808
425 3327
426 2311
426 3415
426 1242
426 1213
426 2336
426 4811
426 3425
426 1379
426 3845
426 1838
426 1908
426 4068
426 3844
426 4094
426 1070
426 3054
426 3656
426 2867
426 3337
426 1558
426 1639
426 4002
426 1781
426 2094
426 1769
426 4819
426 3894
427 1216
427 823
427 3815
427 3482
427 763
427 2306
428 2366
428 614
428 1764
428 852
429 507
429 2680
429 1281
430 1309
430 1234
430 948
430 1246
430 443
430 2720
430 4650
430 1925
430 4530
430 1578
430 3785
430 1727
430 768
430 1376
430 3670
431 3100
431 4457
431 4132
431 1928
431 3258
431 3814
432 1985
432 3085
432 2616
432 4245
432 527
432 446
432 2937
432 462
432 3284
432 3629
432 1502
432 1204
432 4621
433 548
433 4711
433 2677
433 4844
433 3372
433 4505
433 3093
433 2844
433 4373
433 2641
433 3336
433 2464
433 624
433 4545
433 3863
433 459
433 2362
433 1339
433 4477
433 4286
433 4402
433 828
433 3641
433 4666
433 2967
433 2252
433 4768
433 1485
433 4552
433 1431
433 3792
433 2984
433 3677
433 1687
433 820
434 2721
434 4343
434 924
434 885
434 4765
434 4733
434 1711
434 1075
435 4121
435 4506
435 1294
435 2478
435 638
435 2622
436 4016
436 2538
436 1098
436 1786
436 2929
436 3931
436 3751
436 2099
436 1807
437 1290
437 4784
437 2113
437 4220
438 4275
438 479
438 4226
438 4709
438 4285
438 4575
438 4459
439 3227
439 3980
439 1740
439 2039
439 4668
439 3090
439 3123
439 4251
440 3793
440 1197
440 1648
440 2724
440 694
440 1127
440 1854
440 4251
441 4471
441 2997
441 2768
441 4626
441 2546
441 825
442 4451
442 660
443 1680
443 2230
443 1298
443 3074
443 1146
444 2096
444 2220
444 2221
444 3127
444 3721
444 4467
444 3706
444 3007
444 742
444 4896
444 2754
444 4960
444 2989
444 1036
444 1474
444 4612
444 4741
445 2660
445 4859
445 926
445 4842
445 507
445 618
445 3262
445 3389
445 4628
445 2754
446 4005
446 2104
446 2240
447 4558
447 4208
447 4515
447 4592
447 3668
447 4092
447 4845
448 2721
448 1720
448 1680
448 4553
448 4279
448 4796
448 3390
448 3674
448 4131
449 2213
449 2581
449 2540
449 931
449 4523
449 463
449 3821
449 3561
449 1043
449 1534
449 2065
450 2138
450 3684
450 2600
450 1228
451 1050
451 4669
451 2724
451 3731
452 2600
452 2618
452 3645
452 4846
452 4951
452 1959
453 3085
453 3629
453 2616
453 2240
453 2898
453 1774
453 2687
453 2328
454 3889
454 1495
454 4326
454 1065
454 1221
455 4835
455 4488
455 1603
455 3409
455 3471
455 4820
456 1177
456 2194
456 4437
456 1781
456 3086
456 1607
456 4833
457 4664
457 4473
457 1963
457 2051
457 588
457 1786
457 3537
457 2513
457 3353
458 3822
458 2377
458 2414
458 3845
458 2051
459 2677
459 1331
459 1868
459 3491
460 563
460 3198
460 4237
460 3491
461 1504
461 1842
461 3901
461 3930
461 2506
462 4544
462 2616
462 2422
462 4005
462 4161
462 4756
463 4321
463 4192
463 3593
464 838
464 1273
464 2845
464 1192
464 2457
464 4945
464 3949
464 4157
464 507
464 4619
464 1079
464 4775
465 3243
465 3064
465 4322
465 507
465 3080
465 3305
465 3309
465 1737
465 567
465 3972
466 2213
466 4283
466 4908
466 4080
466 1624
466 4635
466 1865
466 2632
466 2847
466 1086
466 1609
466 1743
466 3838
466 3170
466 956
467 4634
467 4168
467 4321
467 1490
468 2640
468 3170
468 1750
468 1218
469 4626
469 2058
469 1122
469 3703
469 1602
470 2629
470 4108
470 1815
470 3721
470 2971
470 1406
471 4660
471 2391
471 2050
471 1183
472 3120
472 1215
472 2190
472 2495
472 3495
472 2961
472 4585
472 2697
472 4554
472 1113
472 1357
472 1404
472 3445
472 1373
472 4724
472 4469
472 3599
472 3079
472 493
472 3766
472 630
472 4873
472 2528
472 4447
472 2248
473 3170
473 2195
473 4431
473 4438
473 1380
474 536
474 3390
474 4500
474 1434
474 1536
474 4072
474 932
474 2835
474 2296
475 2213
475 2571
475 1048
475 708
475 1865
475 2875
475 1806
475 3549
475 4628
475 1909
476 913
476 2039
476 3448
476 4220
476 2441
476 1198
476 2770
477 524
477 2677
477 3366
477 883
477 2448
478 1709
478 4174
478 533
478 3085
478 3629
478 3284
478 2435
479 2969
479 985
479 4410
479 3269
480 1041
480 931
480 4583
480 4523
480 3091
480 3946
480 3252
481 3272
481 1235
481 3091
481 1540
481 2102
481 2142
481 4592
481 4092
482 636
482 4059
482 1051
482 4940
482 2988
482 3022
482 974
482 2738
482 1342
483 611
483 1593
483 4708
483 3716
483 4667
484 2822
484 1290
484 3716
484 2752
484 932
484 4323
485 2180
485 1197
485 3029
485 1474
485 2373
485 3209
485 3643
485 896
485 2800
485 1393
485 4817
485 2784
486 3603
486 4124
486 3862
486 1156
487 797
487 3011
487 3956
487 2384
488 4800
488 4196
488 4735
488 2568
488 1635
488 2769
488 4952
488 2988
488 3022
488 4092
489 3125
489 4184
489 4436
489 1388
489 985
489 958
489 3235
490 3062
490 2518
490 3606
490 590
490 507
490 3672
490 3674
491 662
491 3669
491 2619
491 1603
491 2655
491 2007
491 2857
491 1971
492 3637
492 3170
492 1692
492 2411
492 4295
492 4497
493 4841
493 1191
493 3848
493 3573
493 2755
493 816
494 2158
494 2304
494 2728
494 4550
494 1482
494 1837
494 3135
494 4462
495 2105
495 2677
495 3538
495 3205
495 3490
496 3990
496 1752
496 4914
496 2416
496 4233
496 2551
496 1532
497 4895
497 4213
497 1144
497 4308
497 2860
497 2676
497 4612
497 1179
497 4148
498 2074
498 3250
498 4587
498 975
498 2535
498 1013
498 4260
498 3668
498 2988
499 2142
499 2827
499 3082
499 2700
499 2238
499 3743
499 4383
499 2172
499 3626
499 3510
500 882
500 4227
500 2091
500 1074
500 3329
500 2406
500 656
501 3360
501 2296
501 4507
501 653
501 3602
501 3943
501 4038
502 2333
502 2213
502 3867
502 3842
502 4628
503 4447
503 3593
504 4493
504 2754
504 1644
504 2099
504 3180
505 2581
505 2988
505 4490
505 4294
505 1713
506 2340
506 680
506 2127
506 3285
506 4447
506 1665
506 4243
507 4657
507 3924
507 3477
507 939
507 3681
507 989
507 4606
507 794
507 3133
507 4948
507 4145
507 2928
507 1073
507 3525
507 3019
507 2341
507 3609
507 1418
507 3323
507 2587
507 1315
507 2359
507 1090
507 3751
507 745
507 3922
507 3364
507 914
507 1535
507 870
507 2512
507 2510
507 1553
507 699
507 3674
507 2986
507 4015
507 3309
507 2541
507 1435
507 994
507 4413
507 2597
507 2852
507 3749
507 3064
507 4859
507 4558
507 4427
507 4619
507 1304
507 2042
507 2892
507 3299
507 3703
507 1579
507 675
507 2420
507 958
507 2518
507 3262
507 3434
507 587
507 1462
507 3619
507 2408
507 3562
507 1284
507 577
507 1182
507 1192
507 983
507 3724
507 1437
507 2945
507 1917
507 616
507 1026
507 821
507 2804
507 1655
507 3154
507 617
507 4434
507 2379
507 4514
507 1935
507 3769
507 1024
507 4435
507 4074
507 3699
507 808
507 3144
507 3520
507 3627
507 1586
507 3479
507 3512
507 2496
507 2990
507 2722
507 1438
507 3223
507 3996
507 4415
507 1425
507 636
507 3744
507 2723
507 1884
507 3181
507 4680
507 3043
507 2374
507 1456
507 1384
507 1799
507 742
507 1135
507 3795
507 1641
507 4660
507 1709
507 1863
507 1580
507 1282
507 3055
507 4095
507 3757
507 3455
507 2166
507 3018
507 2520
507 3539
507 2755
507 640
507 4945
507 3492
507 1067
507 3499
507 1506
507 1066
507 4602
507 966
507 2485
507 1679
507 4019
507 2891
507 2759
507 2568
507 1027
507 3375
507 2857
507 2657
507 3438
507 1864
507 3243
507 3741
507 4770
507 1492
507 1650
507 4404
507 4714
507 4450
507 3318
507 3606
507 2508
507 690
507 3340
507 1018
507 4832
507 2372
507 2845
507 2439
507 3690
507 1651
507 1486
507 3444
507 890
507 3794
507 2834
507 3416
507 1578
507 2001
507 621
507 2386
507 2527
507 2353
507 4654
507 1497
507 1897
507 3508
507 2695
507 2756
507 3305
507 1128
507 4917
507 1323
507 2660
507 3344
507 1589
507 618
507 3300
507 2653
507 2673
507 2396
507 4689
507 2550
507 1333
507 4803
507 1161
507 2727
507 2107
507 3893
507 3814
507 3389
507 1460
507 4682
507 1276
507 4443
507 565
507 546
507 1737
507 2880
507 1645
507 3260
507 4480
507 3588
507 3255
507 1419
507 3648
507 3200
507 4063
507 4700
507 3377
507 1478
507 2455
507 3494
507 1738
507 1674
507 2791
507 4274
507 4645
507 3732
507 1079
507 838
507 4659
507 1862
507 4923
507 2440
507 2771
507 695
507 1595
507 1160
507 3642
507 3079
507 2778
507 2176
507 3335
507 1083
507 1030
507 3393
507 1974
507 558
507 2708
507 1545
507 1340
507 3491
507 3292
507 3147
507 1466
507 1989
507 666
507 2679
507 3908
507 882
507 4661
507 3541
507 4763
507 3108
507 1397
507 2710
507 3790
507 2979
507 2428
507 1664
507 3080
507 2938
507 1842
507 3433
507 1211
507 3016
507 1886
507 2457
507 510
507 1436
507 1889
507 3277
507 1732
507 1273
507 4777
507 4647
507 4929
507 3793
507 2469
507 4780
507 3183
507 676
507 2781
507 4954
507 2806
507 2490
507 3726
507 3672
507 3208
507 2343
507 1779
507 1767
507 4801
507 3211
507 4229
507 4105
507 1109
507 2940
507 3516
507 760
507 2012
507 3105
507 4861
507 4382
507 3360
507 1880
507 3755
507 4757
507 3552
507 4960
507 3668
507 2004
507 2399
507 2718
507 2869
507 1479
507 2259
507 4898
507 4396
507 4684
507 1168
507 2762
507 4031
507 1714
507 3546
507 2858
507 4827
507 876
507 4256
507 3742
507 920
507 3025
507 738
507 929
507 4053
507 937
507 4649
507 2902
507 1865
507 2983
507 4016
507 4470
507 4957
507 4295
507 1928
507 913
507 3551
507 815
507 2085
507 1728
507 4494
507 3700
507 1015
507 4521
507 924
507 3782
507 4685
507 746
507 3077
507 2149
507 3081
507 1885
507 1622
507 4906
507 4908
507 1988
507 3367
507 4520
507 1960
507 1784
507 4026
507 2298
507 1012
507 2057
507 4445
507 1082
507 2772
507 3351
507 3555
507 2854
507 1975
507 3298
507 968
507 2351
507 4349
507 778
507 4814
507 2244
507 3571
507 1813
507 3413
507 4284
507 4247
507 3178
507 2629
507 1875
508 4084
508 2069
508 562
509 4434
509 4635
509 4530
509 517
509 3781
509 880
509 4703
509 3490
509 1444
509 3605
510 4404
510 4657
510 1436
510 4018
510 3642
510 838
510 4400
510 4598
510 3181
510 1580
510 3648
510 3276
511 1492
511 4270
511 4437
511 2344
511 839
511 2551
511 2570
511 589
511 4822
511 4110
511 1558
511 4228
511 4191
511 1231
511 3518
511 3376
511 3920
511 2630
512 3323
512 590
512 2431
512 3407
512 648
512 4761
512 2927
512 3036
512 3696
512 3685
512 1915
512 2328
513 4229
513 1544
513 3851
513 1029
513 1447
514 4597
514 1473
514 2932
514 2486
514 3573
514 3235
515 4431
515 4468
515 2504
515 2703
515 2754
515 1321
515 3497
515 4049
516 3345
516 4239
516 2037
516 4106
516 517
516 4454
516 1150
516 4625
516 2908
517 4270
517 2119
517 2684
517 1676
517 3704
518 3329
518 4837
518 4194
518 4524
518 4229
518 4636
518 1251
519 921
519 3515
519 4192
519 2581
519 1062
519 911
519 3322
519 2728
520 2811
520 3490
520 3738
520 4605
520 4856
520 2965
521 4844
521 2829
521 4666
521 2677
521 736
521 3071
521 920
522 1166
522 993
522 1445
522 3295
522 3620
522 2754
523 1206
523 2848
523 3246
523 4626
523 4537
523 4448
523 633
523 3025
523 873
524 1039
524 2677
524 726
524 1298
525 536
525 2213
525 2830
525 2747
525 2906
525 2102
525 4628
525 3278
526 4097
526 1451
526 2735
526 1676
526 4087
527 4286
527 2937
527 627
527 4630
527 4005
527 2498
527 1938
527 2484
527 3642
527 2163
527 3824
527 672
527 1528
528 1399
528 3899
528 1321
528 617
528 4758
528 3497
528 1965
529 2887
529 4815
529 2889
529 3783
529 1786
529 2555
529 4840
529 4091
529 2561
530 2457
530 2574
530 899
530 2397
530 4192
530 4321
530 1226
530 4520
531 4626
531 541
531 2661
531 4022
531 2610
531 4024
532 4169
532 3274
532 881
532 4577
532 4825
532 2837
532 827
532 1904
533 4171
533 2357
533 4125
533 2232
533 1442
533 3873
533 1235
533 1008
533 3668
533 2422
533 3332
533 3976
533 2988
534 2600
534 3515
534 1736
534 2294
534 2474
534 3106
535 2313
535 4718
535 3091
535 2545
535 2859
535 3668
535 4735
535 2769
535 2988
536 4392
536 4533
536 4500
536 4553
536 2213
537 796
537 2584
537 4716
537 3353
537 3503
537 4673
537 2592
537 4394
537 1137
537 2445
537 3001
537 710
537 2658
538 4264
538 569
538 1653
538 751
538 1729
538 1551
538 985
538 741
538 1289
538 2168
539 3750
539 1005
539 918
539 2113
539 2142
540 3244
540 3325
540 4628
540 733
540 4897
540 1992
540 973
540 3040
540 4184
540 3596
540 920
540 1005
541 4626
541 4448
541 1892
541 1122
541 1287
541 3575
542 2357
542 4171
542 1614
542 4533
542 869
542 3022
542 1961
543 3848
543 4665
543 4598
543 1563
543 3573
543 4823
543 4597
543 2275
544 2209
544 2213
544 4283
544 4628
544 4831
544 3968
544 1909
544 2636
544 2953
544 1992
545 4587
545 4403
545 4337
545 3273
546 2568
546 890
546 2734
546 2695
546 939
546 3491
546 1946
547 1426
547 2745
547 4797
547 2093
547 4795
547 3490
547 1005
548 1794
548 2824
548 2340
548 851
548 3317
548 2677
548 4502
548 4498
548 1136
548 3910
548 3474
548 4402
548 601
548 1331
548 4405
548 4477
548 2362
548 2504
548 2967
548 2448
548 2266
548 3047
548 3320
548 3680
548 2149
548 4554
548 2475
548 2553
548 4391
549 3777
549 4123
549 4150
549 2313
549 3554
549 3668
549 1894
549 2988
550 2213
550 2754
550 4691
550 1184
550 4640
551 628
551 3399
551 4349
551 2890
551 3135
551 4167
551 2182
551 3385
551 2741
552 2077
552 2275
552 4384
552 1161
552 2753
552 1844
553 1302
553 2288
553 2327
553 4892
553 4122
553 2834
553 4539
553 4957
553 2466
553 3001
553 710
554 4470
554 653
554 4025
554 4962
554 4048
554 4447
554 3526
555 2981
555 1398
555 781
555 2247
556 4757
556 2547
556 4600
556 4958
556 738
557 2273
557 4449
557 2403
557 1753
557 827
557 3103
558 2550
558 2166
558 2508
558 958
558 4793
558 791
558 1083
559 4200
559 1951
559 764
559 4322
559 1609
559 3867
559 2908
560 1575
560 578
560 1697
560 4478
560 1635
561 2574
561 3590
561 921
561 2987
561 1490
561 4514
561 1015
561 857
562 915
562 3591
562 3082
562 2673
562 2839
563 4179
563 3528
563 1998
563 2649
563 2548
563 1819
563 1802
564 3317
564 2250
564 4617
564 1431
564 1114
564 2787
564 2885
564 860
565 2496
565 577
565 2778
565 2804
565 1083
565 3540
566 3095
566 4192
566 1490
566 1481
566 1358
566 1125
566 4321
566 649
567 4297
567 2029
567 2955
567 1686
567 1455
567 2024
568 4698
568 4108
568 4251
568 4067
568 3919
569 4283
569 4167
569 4193
569 4315
569 4833
569 4091
570 2983
570 4442
570 4447
570 625
570 4555
571 1354
571 1375
571 1871
571 642
571 4082
571 1154
571 2785
571 2216
572 2386
572 3242
572 3368
572 887
572 3037
572 3564
572 3653
573 2213
573 4628
573 1120
573 1910
573 2120
573 1609
573 1867
573 973
573 4554
573 4816
574 4902
574 2081
574 3089
574 4414
574 2018
574 1881
574 2506
575 2769
575 4113
575 4243
575 2751
575 4556
575 3342
575 4632
575 861
575 4649
575 1056
575 3111
576 4595
576 1443
576 2719
576 4267
576 4735
576 3152
577 4145
577 4274
577 1864
577 3544
577 1079
577 1486
577 3674
577 1623
578 2578
578 1575
578 4401
578 1871
578 2748
578 3196
579 2984
579 1642
579 2823
579 4079
579 2574
579 4860
579 2911
579 3175
580 3407
580 3511
580 2129
580 4486
580 4551
580 2524
580 3898
581 1192
581 3600
581 2245
581 2742
581 1059
581 3010
581 2357
582 1597
582 4696
582 4263
582 803
582 3813
582 4581
583 3321
583 2236
583 1097
583 1291
583 1857
584 3995
584 4357
584 1918
584 2924
584 4702
584 3464
584 3020
585 768
585 4447
585 642
585 2293
585 4918
585 1958
585 4272
585 4564
585 1510
586 4396
586 2545
586 3615
586 4236
586 3957
586 3668
586 2988
586 3824
587 1478
587 2653
587 4700
587 4532
587 4689
587 1066
587 1946
587 2268
587 1847
588 1109
588 2644
588 1850
588 4190
588 3841
588 1205
589 4578
589 4914
589 4371
589 4110
589 2570
589 3887
589 2551
590 648
590 3036
590 3397
590 3407
590 1147
591 1850
591 1872
591 1620
591 4473
591 3316
592 1618
592 4128
592 2227
592 4341
592 2302
592 4447
592 1391
592 3777
592 2931
593 4447
593 3285
593 2064
593 1739
593 1270
593 1665
593 3866
593 985
593 4822
594 2127
594 4447
594 4071
594 811
594 3354
594 1929
594 1906
595 1083
595 2574
595 1534
595 1711
595 2941
595 4701
596 3497
596 3589
596 1068
596 3180
597 1046
597 4426
597 2789
597 3460
597 4957
597 1137
597 2445
597 2466
598 3694
598 3225
598 1503
598 3600
598 2816
598 3131
599 2754
599 2397
599 2608
599 3678
599 2784
599 3267
599 3592
599 1646
600 4541
600 3182
600 2960
600 2445
600 710
601 4627
601 2641
601 4056
601 1136
601 2677
601 2340
601 4454
602 1302
602 1052
602 3811
602 4363
602 4229
602 1550
602 2175
602 4739
602 3573
602 3186
603 3094
603 4447
603 3037
603 1214
603 3804
603 3122
603 1050
603 4030
603 1439
603 2318
603 2174
603 2304
603 2071
603 2127
603 4290
603 4063
603 2966
603 4430
603 3404
603 1546
603 1637
603 2689
603 1763
603 2045
603 2751
604 2527
604 4698
604 2281
604 1014
604 2383
604 1364
604 3662
605 4262
605 3407
605 2394
605 1262
605 4750
606 3087
606 1205
606 1280
606 4023
606 4937
607 4447
607 4281
607 1205
607 2136
607 3143
607 638
608 2213
608 4058
608 1705
608 3679
608 1909
609 4795
609 796
609 849
609 2283
609 1087
610 4626
610 4396
610 4243
610 2751
610 2554
610 3016
611 1318
611 4447
611 2405
611 2063
611 842
611 1149
611 3756
611 4712
612 2297
612 1034
612 3589
612 2306
612 4458
612 4391
612 2141
612 2505
612 2061
612 2734
612 2382
612 2861
612 3623
613 1364
613 3822
613 4061
613 884
613 4616
613 2229
613 4620
613 1775
613 4233
613 1345
613 2707
614 1620
614 2366
614 1764
614 2526
614 1461
614 1390
614 2434
614 1701
614 2443
614 4790
615 4447
615 2999
615 2424
615 3934
615 4712
615 3047
615 2129
616 1276
616 2341
616 4923
616 1304
616 2778
616 1282
616 2928
616 4645
616 4434
616 1429
616 4953
616 3803
616 989
616 3080
616 4018
616 4283
616 3242
617 3300
617 3741
617 3606
617 3296
617 675
617 794
617 1026
617 2266
618 4413
618 3922
618 759
618 2672
618 1079
618 3277
619 2312
619 2153
619 2222
619 1913
619 4906
619 2631
620 970
620 4133
620 1620
620 3212
620 3878
621 2457
621 3364
621 1456
621 1338
621 3139
621 1083
621 3674
622 1784
622 2575
622 4644
622 3294
622 2803
622 4302
623 2347
623 4205
623 2711
624 1039
624 4477
624 883
624 2967
624 2448
624 4508
624 735
624 1093
624 2677
624 1760
624 1687
625 1055
625 4116
625 815
625 2655
625 1177
625 3442
625 4251
626 1682
626 4797
626 3956
626 1032
626 1394
626 1584
626 1816
626 1654
626 1707
626 1539
626 3605
627 4630
627 3629
627 4536
627 3610
628 1134
628 3135
628 4698
629 3669
629 2655
630 4168
630 3981
630 4725
630 1515
630 2038
630 1690
630 731
630 3869
630 706
631 3398
631 1821
631 4328
631 709
631 2003
632 2708
632 3620
632 2793
632 4624
632 1923
632 3673
633 2661
633 2848
633 4658
633 2610
633 4568
633 4448
633 4705
633 1122
633 4626
633 2058
633 721
633 1206
633 3434
633 1212
633 4509
633 2000
633 4898
633 1437
634 4121
634 3917
634 1376
634 707
634 3480
634 3836
634 2300
634 924
634 3320
634 904
634 3494
634 2365
634 4119
635 4201
635 2179
635 1795
635 2964
635 4849
635 2093
635 1187
635 2164
635 4792
635 3385
636 4619
636 3019
636 1083
636 3549
636 2547
637 2595
637 1095
637 1605
637 969
637 956
637 4758
637 4854
637 3984
638 4447
638 4172
638 2452
638 3778
638 4472
639 1525
639 4749
639 1262
639 1739
639 4829
639 920
639 3196
639 4630
640 3491
640 2806
640 3144
640 939
640 3218
640 2695
640 1842
640 1946
640 2861
641 4893
641 1533
641 1376
641 4903
641 1559
642 2084
642 3480
643 4578
643 4344
643 3637
643 733
643 4867
643 1992
644 1397
644 4846
644 4436
644 1475
644 2606
644 687
645 2213
645 2786
645 888
645 4070
646 2148
646 2193
646 2511
646 4505
646 2809
646 4960
646 1194
646 3607
646 1762
647 4129
647 1004
647 2881
647 4834
647 1179
647 2841
647 1184
647 3892
648 3848
648 1674
648 3407
648 2801
649 1866
649 2802
649 1218
649 3633
649 809
649 3241
649 2214
650 2519
650 1739
650 4612
650 3348
650 4810
651 4204
651 2220
651 4758
651 749
651 3661
651 1140
651 3042
651 3643
651 1016
651 2854
651 4943
651 1602
651 4389
651 867
651 1965
652 877
652 3159
652 3936
652 2667
652 4099
652 2997
652 2415
652 4340
652 2586
652 984
652 1078
652 2058
652 3990
652 2492
652 4940
652 1572
652 3571
653 1447
653 4240
653 2296
653 2597
654 1391
654 4210
654 4610
654 2352
654 1908
654 1749
654 3040
654 1293
654 3728
655 3316
655 2357
655 4587
655 3668
655 4737
656 2241
656 3700
656 3501
657 1930
657 2623
657 2956
657 2823
657 1337
657 1415
657 2656
657 1382
657 2661
657 3737
657 920
657 3148
657 3267
658 4748
658 3990
658 1250
658 4761
658 4313
658 4396
659 3244
659 1343
659 2623
659 2701
659 717
659 707
659 2265
659 1428
660 3605
660 1172
660 3657
660 1654
660 4731
660 1887
661 2574
661 2596
661 2626
661 1520
661 2600
661 3413
661 4321
661 2716
662 4316
662 4567
662 3169
662 1034
662 3915
663 4070
663 4668
663 4785
663 1942
663 4787
663 913
663 3864
664 1783
664 2435
664 4495
664 1712
664 1971
664 2204
664 1741
664 1510
664 2470
665 4757
665 3169
665 2357
665 871
665 2769
665 2988
665 2445
666 1079
666 1818
666 1083
666 1315
666 1767
666 2724
666 1532
667 4780
667 3933
667 4781
667 836
667 1006
667 1684
668 3797
668 4852
668 1487
668 4638
668 4793
668 1088
669 1536
669 4353
669 3370
669 4553
669 4648
670 1037
670 3347
670 2503
670 4868
670 2822
670 2837
670 1955
670 1962
670 2445
670 3267
671 4392
671 1516
671 3216
671 4557
671 4553
672 3629
672 3279
672 3441
673 4624
673 2095
673 4148
673 4579
674 821
674 4146
674 2012
674 718
674 2489
674 706
674 3328
675 1456
675 2917
675 742
676 4680
676 1799
676 2087
676 1889
677 2251
677 4411
677 2413
677 1177
677 2496
678 4773
678 1338
678 1242
678 4679
678 2754
678 3025
678 3739
678 4251
679 1209
679 1343
679 2688
679 4482
679 3573
680 3717
680 2790
680 924
680 4743
680 3676
680 4416
680 1694
680 3553
680 3123
680 4447
680 2988
680 3053
680 1644
681 4621
681 4251
681 4331
681 2615
681 3000
681 1733
682 4612
682 3222
682 4120
682 3231
682 2816
682 837
682 3878
682 1520
682 4809
682 981
682 3605
682 3704
682 1752
682 2069
683 2088
683 1785
683 3952
683 2078
683 2961
683 4091
684 1928
684 4612
684 3308
684 1221
684 985
684 3490
685 2516
685 2155
685 4206
685 4447
685 3677
686 1497
686 1265
686 1420
686 1275
686 2030
686 3727
686 3367
686 757
686 3653
686 1337
686 4828
686 3179
686 1401
686 1032
686 1400
686 1628
686 1517
686 725
686 809
686 920
686 1006
687 973
687 4370
687 4765
687 3668
688 4376
688 4721
688 3234
688 3782
688 3460
688 3659
688 3622
688 2665
688 1828
688 3705
688 4845
688 1270
688 4182
688 4870
688 4207
688 855
688 1157
688 1047
688 920
688 1569
688 1658
688 3970
689 4183
689 4731
689 4726
689 1448
689 1207
689 2280
689 3358
689 1080
689 711
689 734
689 4903
689 3949
690 1282
690 3018
690 1886
690 3516
690 2986
690 3181
690 3508
691 765
691 1961
691 4651
691 1347
691 2034
691 2801
691 4826
691 2737
691 4691
691 2059
691 3268
691 3805
691 3773
691 928
691 2028
691 3621
691 3570
691 2931
691 4797
691 1682
691 4544
691 3655
691 3548
691 1993
691 4031
691 2843
691 3490
691 3779
691 2955
692 1934
692 834
692 1131
692 2764
692 846
692 4943
692 1662
693 2069
693 1053
693 2203
693 1802
693 1700
693 4098
694 1269
694 4669
694 4688
694 1457
694 4534
694 3298
694 2384
694 2442
694 3567
694 2482
694 4916
694 2068
694 2947
694 4315
694 3362
695 1026
695 3924
695 2547
695 1437
695 3674
695 4018
695 4063
695 3835
696 1083
696 4787
696 3127
696 1602
696 3554
696 3627
696 4680
696 893
697 3877
697 747
697 2747
697 973
697 920
697 4903
698 2369
698 2181
698 2213
698 4301
698 891
698 1992
698 4760
699 2107
699 3541
699 1471
699 2892
699 1578
700 3342
700 2117
700 4430
700 2865
701 2200
701 4625
701 3417
701 2947
701 981
702 2793
702 3164
702 4276
702 3564
703 3105
703 3126
703 3668
703 4403
703 4612
704 2195
704 4284
704 4234
704 3637
704 895
704 4384
704 1236
704 2842
704 2018
704 3503
704 3564
705 4449
705 774
705 3716
705 1443
706 968
706 2614
706 3584
706 1515
706 1924
706 1493
706 3386
706 3570
706 1347
706 1683
706 3358
706 3580
706 3598
706 4678
706 1728
706 2800
706 2200
706 853
706 4740
706 3455
706 1681
706 2321
706 3681
706 1777
707 2260
707 4364
707 4470
707 2534
707 1156
707 3976
707 4809
708 2213
708 4283
709 2754
709 1296
709 1080
709 3391
709 4088
709 2828
709 1023
709 1923
710 4892
710 3001
710 2126
710 2234
710 3436
710 849
710 3353
710 4368
710 2592
710 2338
710 1479
710 4623
710 4716
710 930
710 4394
710 2470
710 796
710 4885
710 3182
710 819
710 2466
710 1284
710 3588
710 4669
710 3003
710 2504
710 830
710 2625
710 1030
710 2148
710 1428
711 4417
711 894
711 1348
711 3792
711 1977
711 3050
711 2123
711 897
711 1796
711 859
711 1582
711 1771
711 3824
711 1887
712 4283
712 3170
712 4234
712 4775
712 4438
712 3424
713 4282
713 2811
713 4887
713 3013
713 2664
713 2783
713 933
713 1786
713 2618
713 3176
713 4833
713 4017
713 4076
714 4759
714 3720
714 1762
714 4215
715 4711
715 3875
715 3852
715 4724
715 4499
715 4105
715 3445
715 1113
715 1001
715 4594
716 3842
716 4262
716 3440
716 4102
716 4868
716 4705
716 2394
717 1415
717 3556
717 3227
717 3970
718 4129
718 4612
718 1728
718 4677
718 1819
718 4215
718 2497
718 1059
718 1428
719 2485
719 1708
719 1855
719 2579
719 4116
719 2110
719 4511
720 4612
720 3998
720 3417
720 4065
720 981
720 985
720 1400
720 3490
721 4626
721 1206
721 1107
721 4010
721 4448
722 1434
722 4759
722 1153
722 1546
722 4065
722 4379
723 1072
723 3374
723 2357
723 3668
724 4321
724 4629
724 1602
724 969
724 3023
724 904
724 4086
724 4091
725 2623
725 1408
725 3086
725 4526
725 2825
725 1710
726 2677
726 1809
726 731
726 2557
726 2285
726 4666
726 1868
726 4215
726 1176
726 2369
726 4505
726 764
726 1133
726 4172
727 2410
727 4524
727 3313
727 4328
727 885
727 3576
727 3985
727 4847
727 3872
728 834
728 4873
728 4113
728 4786
728 1804
729 4612
729 4129
729 750
729 4464
729 4880
729 981
729 3490
729 3605
729 3974
730 3539
730 1193
730 2647
731 4408
731 2677
731 4498
731 1851
731 1248
731 828
731 883
731 3414
731 1498
732 4204
732 2754
732 1896
732 4865
732 4864
732 2425
732 1796
732 2841
732 1293
732 3807
732 1908
733 4202
733 2213
733 1526
733 4628
733 4635
733 1618
733 1125
733 2174
733 4852
733 957
733 973
733 2605
734 2945
734 2687
734 1012
734 3933
734 2271
734 1565
734 1249
734 3696
734 3189
735 1091
735 3267
735 1623
736 2677
736 4508
736 1427
736 1809
736 1930
736 3538
736 4549
737 4219
737 4617
737 2753
737 4854
738 2223
738 1923
738 3273
738 1253
738 1293
738 3497
739 1037
739 4169
739 1806
739 4663
739 2837
739 2869
739 990
739 3736
740 2515
740 3490
740 3789
740 2140
740 3290
740 4930
740 917
741 1743
741 2895
741 2929
741 3614
741 2959
741 3835
741 1808
742 890
742 3790
742 2001
742 4573
742 1083
742 2105
742 997
743 2680
743 2649
743 4317
743 3468
743 931
743 2540
743 2515
744 4224
744 2330
744 1274
744 1807
745 2107
745 2359
745 2695
745 4763
745 3262
745 1478
745 3893
746 2374
746 3768
746 1997
746 1004
746 3716
746 1443
746 1484
747 2869
747 2162
747 2213
747 4628
747 1992
747 3490
748 4808
748 3673
748 4834
748 1176
748 3293
749 4159
749 4759
749 2754
749 1041
749 3583
749 3591
750 4612
750 4043
750 1765
750 4796
750 4916
750 1184
750 1224
750 1400
750 3605
750 2046
751 1079
751 4853
751 2330
751 1602
751 1605
752 2985
752 2163
752 4750
752 2397
752 3078
752 2815
752 4545
752 784
752 1828
752 3970
752 1076
753 2595
753 3654
753 2738
753 3418
753 4152
753 3118
754 4685
754 4750
754 3633
754 1857
754 3314
754 3267
755 2754
755 3661
755 3454
755 1660
755 1322
755 2397
756 2270
756 4449
756 4576
756 2412
756 2837
757 789
757 4746
757 2096
757 2968
757 3592
758 3534
758 1510
758 1087
759 3808
759 954
759 2947
759 4946
759 4950
759 4825
759 1948
759 1598
759 2837
759 2002
759 4553
759 4873
759 4040
759 4243
760 3255
760 2745
760 3543
760 4008
760 3417
760 1492
760 1793
760 3885
760 1932
761 1391
761 4551
761 3250
761 1203
762 2738
762 1818
762 2829
762 1193
762 791
762 4903
762 863
762 2918
763 2441
763 3022
764 4283
764 4628
764 2103
764 972
764 1880
764 918
764 806
764 2428
764 2533
764 3857
765 1946
765 4833
765 4637
766 4628
766 3590
766 4447
766 3267
767 4283
767 2130
767 2226
767 4384
767 2454
767 3855
767 1944
767 2551
768 3370
768 2749
768 3074
769 2077
769 2023
769 1034
769 1189
769 4265
769 3948
769 808
769 985
769 1771
770 4121
770 4124
770 2226
770 2749
770 2521
770 2310
770 4251
771 2994
771 4791
771 4856
771 3791
772 3108
772 2754
772 1453
772 2365
773 4283
773 1992
773 2531
773 2452
773 4359
773 4329
773 2030
773 3076
773 839
773 2416
773 2551
774 4190
774 2051
774 4516
774 1850
774 3022
774 3355
775 2936
775 2330
775 3695
775 3450
775 3172
775 3797
776 1784
776 1963
776 2822
776 2837
776 3629
777 4414
777 2687
777 2117
777 3800
778 3565
778 4396
778 2357
778 2769
778 1844
778 869
778 2988
778 974
779 4698
779 4742
779 4312
780 2992
780 1165
780 4040
780 1744
781 2571
781 4453
781 2624
781 4252
781 934
781 3364
781 3065
781 3189
781 1409
782 3966
782 3607
782 4486
782 3497
783 4628
783 3075
783 4447
783 2986
784 1916
784 1611
784 3234
784 1289
785 2552
785 2188
785 1147
785 1337
785 4478
785 3196
785 1428
785 1525
785 1926
786 1292
786 4612
786 2628
786 2370
786 4543
786 1075
786 3161
787 1049
787 1993
787 4839
787 1893
788 2119
788 4365
788 4517
788 981
788 3301
789 2837
789 4312
789 2776
789 4034
790 3573
790 4552
790 4597
790 4596
790 1191
790 2401
790 3420
790 4823
790 4841
791 1293
791 4878
791 1387
791 2343
791 1075
791 1969
792 2677
792 2434
792 4507
792 4251
792 4729
792 1366
792 1178
792 1511
792 1782
792 1840
793 2754
793 1236
793 1745
793 3491
793 3728
793 3762
793 4049
794 1934
794 1989
794 2359
794 989
794 3681
794 2520
794 2343
794 1339
794 4541
794 3923
794 4945
794 1580
794 2151
794 2664
795 2213
795 2552
795 2620
795 3768
795 4873
795 4381
795 2444
795 4590
795 2118
796 2896
796 1295
796 4426
796 3182
796 2126
796 2445
796 2584
796 4394
796 4368
796 849
796 3039
796 4034
796 985
796 2913
796 3001
797 3586
797 1402
798 3645
798 4280
798 2703
798 2754
798 4943
798 4795
798 4417
799 3599
799 1590
799 3640
799 3230
799 3901
799 2607
800 4230
800 4833
800 2529
800 4333
800 4079
801 3940
801 4612
801 1765
801 1248
801 3215
801 1179
801 1627
801 1887
801 2328
802 4711
802 2677
802 4477
802 3412
802 3467
802 4505
803 985
803 4722
803 877
803 2543
804 2066
804 2213
804 4429
804 2572
804 2283
804 1910
804 2982
805 4316
805 4251
805 2497
805 4687
805 3911
806 2213
806 3283
806 4628
806 3113
806 4622
806 920
807 2513
807 4612
807 4734
807 1493
807 2631
807 4593
807 3551
807 3224
807 3268
807 3442
807 3490
808 4803
808 4102
809 4626
809 4786
809 1843
809 1592
809 3195
809 1152
809 3483
809 1623
809 3675
809 3296
809 1755
809 1908
810 4848
810 4698
810 2171
810 4141
810 1116
811 2213
811 4628
811 4635
811 1672
811 4937
812 1032
812 3812
812 4733
812 1443
813 4330
813 2831
813 856
813 2561
813 1289
814 4628
814 2077
814 4307
814 4453
814 2122
814 3649
814 2910
814 3991
815 2334
815 3519
815 1441
815 2347
815 2638
815 1888
815 1177
815 1564
816 4628
816 3303
816 4604
816 831
816 917
817 1211
817 2193
817 2223
817 4535
817 1253
817 2518
817 866
817 3155
818 3586
818 2575
818 4644
818 3646
818 2516
818 1322
819 1909
819 4850
819 4025
819 3016
819 2445
819 2466
820 1486
820 2754
820 3025
820 3497
820 1908
821 2341
821 2979
821 3726
821 1454
822 4505
822 1222
822 4532
822 2525
822 1707
822 3192
822 3297
822 1075
822 4131
822 3828
822 3738
822 4045
822 3858
822 3919
822 3031
822 1039
822 1719
822 4270
822 4699
822 1236
822 3355
823 4440
823 2447
823 1433
823 932
823 1625
823 1733
824 1352
824 4447
824 2291
824 2369
824 2769
825 4098
825 2244
825 1557
825 1734
825 2916
825 2800
825 3090
825 1376
825 4251
826 4043
826 1139
826 3998
826 4297
826 3817
827 2837
827 4457
827 4950
827 1487
827 2546
828 2677
828 883
828 4418
828 4498
828 2765
828 1078
829 2703
829 3337
829 2666
829 1754
829 3850
830 1052
830 2636
830 1945
830 2401
830 3693
830 2744
830 1943
831 2253
831 4772
831 1289
831 4928
831 1496
831 1547
831 2715
832 1611
832 1658
832 4726
832 4808
832 1212
832 3394
833 2701
833 2767
833 1742
833 920
833 3671
834 2822
834 2837
834 3808
834 2486
834 2276
835 4106
835 1515
835 1078
835 2731
835 1179
835 1186
836 4505
836 2380
836 3498
836 996
836 3777
836 1006
836 1181
837 1892
837 2070
837 2922
837 3202
838 4415
838 2176
838 3492
838 3749
838 1418
838 2439
838 3061
838 1853
838 4073
838 4764
838 4018
838 3586
839 4176
839 1810
839 4914
839 1558
839 4588
839 2426
839 2344
839 1744
839 4103
839 3685
839 2551
839 1532
840 1368
840 2763
840 3095
840 4053
840 4447
840 3241
840 1778
841 2080
841 2201
841 2244
841 2296
841 3511
841 3161
842 1149
842 2304
842 4447
842 4712
843 2213
843 3435
843 2571
843 4628
843 2073
843 2318
843 1198
844 4251
844 1859
844 4064
844 1188
844 3533
844 3383
844 3666
844 1501
844 4639
844 2179
844 2888
844 1075
844 1220
844 3919
845 3877
845 4237
845 2656
845 1547
845 3636
845 1334
845 3235
845 1270
845 3671
845 3287
845 3451
846 2837
846 2675
846 2356
846 2735
846 3703
846 3061
846 1576
846 1895
847 2468
847 2161
847 4374
847 3536
848 4435
848 2439
848 4001
848 4856
848 1258
848 944
848 3138
849 2573
849 3436
849 1727
849 1217
849 2445
849 3140
850 3377
850 4833
850 4725
850 3799
850 1214
850 1078
850 1179
850 1386
850 3605
851 2677
851 2844
851 3372
851 883
852 3767
852 3403
852 3405
852 3605
852 4317
853 1267
853 1908
853 3879
853 2299
853 1220
853 4509
853 1941
853 3566
853 1264
853 3031
853 4778
853 4063
853 2653
853 4922
853 3302
853 1011
854 4795
854 3558
854 3704
854 1777
854 1929
854 2046
855 2139
855 2296
855 4035
855 3510
855 3241
856 4768
856 1350
856 2957
857 3620
857 1905
857 2187
858 4193
858 3288
858 3246
858 2969
858 2995
859 4752
859 2746
859 1212
859 1552
859 2266
859 3203
859 984
859 1006
859 3797
860 2849
860 3500
860 3398
860 2970
860 3529
860 3387
860 1711
861 4628
861 2700
861 1268
862 2925
862 4183
862 1544
862 2316
862 3811
862 1447
862 2392
863 2881
863 2897
863 4561
863 2261
863 1006
864 2631
864 3853
864 2780
864 3222
864 1952
864 3160
864 3737
864 1999
864 3773
864 1682
864 2119
864 2968
864 4365
864 3982
864 3308
864 4855
864 1268
864 3517
864 3582
864 1895
864 981
864 3475
864 3490
864 1539
864 1961
865 4828
865 920
865 875
865 1646
865 3111
865 3592
865 4583
865 3030
866 2213
866 4283
866 4628
866 4599
866 992
866 4834
867 1712
867 4244
868 1909
868 2838
868 1690
868 2744
868 4942
868 1306
868 3490
869 1657
869 3668
869 1540
869 3105
869 4158
869 3635
869 1044
869 4059
869 2544
869 2232
869 2021
869 1072
869 2993
869 4580
869 4459
869 3658
869 4695
870 1304
870 3744
870 1846
870 4019
871 4892
871 1727
871 3439
871 3331
871 4170
871 2445
871 3001
872 2677
872 4502
872 2213
872 3283
872 2552
872 4628
872 1899
872 1992
872 1115
873 2098
873 3614
873 3809
873 4833
873 1602
873 1082
873 1021
874 2403
874 4544
874 3827
874 2822
874 2837
874 3881
874 1477
874 1916
874 1928
874 4597
874 4669
875 2163
875 2621
875 4216
875 1532
876 4112
876 2213
876 4628
876 2663
876 4873
876 1992
877 3488
877 4302
877 3428
877 4748
877 1423
877 1256
877 2504
878 3528
878 1673
878 3596
878 1825
878 4220
878 2441
878 1198
879 2213
879 2093
879 4698
879 2281
879 1795
879 4375
879 2383
879 2828
880 2569
880 2135
880 4188
880 4471
880 4464
880 2296
880 2930
880 4883
880 3284
881 2109
881 4173
881 2400
881 3100
881 4950
881 3274
881 4259
881 1093
881 3033
881 3130
881 4874
881 4041
881 1523
882 2771
882 3477
882 1135
882 3277
882 4603
883 2105
883 2677
883 2967
883 4844
883 3910
883 1985
883 2266
883 4653
883 1266
883 1136
883 2651
883 3793
883 3140
883 1229
883 2767
883 4790
884 2380
884 1647
884 2414
884 2553
884 3668
884 4403
884 3765
885 4766
885 4942
885 4150
886 3077
886 3259
886 2644
886 2007
886 2212
886 3668
887 1025
887 1993
887 4195
887 3234
887 3267
888 4034
888 4612
888 2524
888 1426
888 1961
889 4248
889 2213
889 4283
889 4628
889 3770
889 4908
889 2627
889 4813
890 3364
890 1036
890 2141
890 1026
890 3262
891 2366
891 4574
891 2728
891 4231
891 968
891 2521
892 3772
892 4431
892 4284
892 1898
892 2960
893 1245
893 3131
894 3202
894 2254
894 4727
894 1126
894 4870
894 3230
895 2594
895 2303
896 4469
896 4121
896 1942
896 4837
896 2590
896 3144
896 922
896 3169
896 1687
896 3251
896 1532
897 3668
897 4735
897 1540
897 2027
898 2213
898 4628
898 3838
898 2748
898 2414
898 3497
899 3590
899 2649
899 4237
899 3468
899 2462
900 2519
900 4516
900 2953
900 1671
901 4962
901 4338
901 1236
901 4772
901 963
901 3497
902 4628
902 973
902 1051
902 4592
902 3668
902 2769
902 4092
902 4612
902 926
903 4173
903 4312
903 3961
903 2131
903 4600
903 1955
904 1869
904 2719
904 4779
904 3716
905 2481
905 3257
905 1815
905 4612
905 3000
905 2247
906 1777
906 4251
906 3017
906 3150
906 2962
906 4482
906 1941
907 2629
907 2062
907 1307
907 4148
907 2957
907 3358
907 4488
908 1051
908 1141
908 2184
908 2357
908 4592
908 1591
908 4143
908 976
909 2538
909 4866
909 3060
909 4315
909 2492
910 1079
910 2213
910 3355
911 4192
911 4321
911 3468
911 4648
911 2432
911 3645
911 4037
911 1998
911 2588
911 2514
911 4250
911 4766
911 3708
912 1924
912 3222
912 4609
912 2744
912 4877
912 3490
912 4878
913 4515
913 1469
913 1253
914 2379
914 3340
914 1934
914 3018
914 1655
914 4018
915 3512
915 4146
915 4618
915 985
915 1731
916 1062
916 3060
916 1317
916 3103
916 1949
916 923
916 933
916 4016
917 4283
917 4698
917 2077
917 2753
917 3507
917 3934
917 960
917 3188
917 3408
918 2213
918 4422
918 1831
918 2906
918 2936
918 973
918 4735
918 2751
919 2098
919 1095
919 4833
919 4862
919 3987
920 2101
920 1225
920 1700
920 3338
920 2642
920 1623
920 941
920 2397
920 1878
920 3206
920 4685
920 1401
920 3267
920 3616
920 3367
920 3970
920 1642
920 2767
920 3675
920 3483
920 1337
920 1644
920 1741
920 1525
920 4676
920 4765
920 1195
920 2070
920 2450
920 1262
920 4813
920 1778
920 3128
920 1270
920 3280
920 4828
920 4330
920 3659
920 4749
920 4752
920 3460
920 3678
920 1569
920 2959
920 1640
920 1382
920 4767
920 3028
920 2562
920 2237
920 3797
920 1308
920 3154
920 1724
920 2859
920 3275
920 1959
920 3166
920 1343
920 1293
920 4863
920 1235
920 3591
920 3030
921 1788
921 4487
921 1312
922 1447
922 2065
922 4124
922 2077
922 2637
922 3523
922 3992
922 1853
922 3570
922 2457
922 2170
923 1062
923 4090
923 2893
923 2078
923 2563
923 1000
923 2664
923 2902
923 2595
923 1465
923 1767
923 1076
923 3197
923 1428
924 2837
924 4223
924 1734
924 2787
924 3645
924 3199
925 2060
925 1475
926 2701
926 2081
926 3376
927 3688
927 1103
927 1449
927 3137
927 3382
927 1908
928 2610
928 4612
928 981
928 3490
928 3977
929 1776
929 4379
929 3230
929 1448
930 3353
930 1137
930 2445
930 4892
930 4224
930 3001
931 4614
931 2609
931 4481
931 2681
931 1278
932 2635
932 3716
932 1180
932 3419
933 4551
933 4863
933 1021
933 4755
934 2213
934 4628
934 4776
934 2763
934 4088
934 1705
934 2139
934 1969
935 2181
935 4248
935 2213
935 3325
935 4628
935 1618
936 4817
936 1062
936 2616
936 1469
936 2498
937 4486
937 4863
937 2200
938 3894
938 1636
938 2148
938 1923
938 4818
938 3124
938 3718
939 1348
939 3793
939 2148
939 1036
939 969
939 1465
939 4298
940 2520
940 2213
940 3577
940 4628
940 1743
940 3040
940 3228
940 1037
940 1631
940 4612
941 2938
941 2677
941 4330
942 3739
942 3668
942 2988
942 3595
942 3906
942 3308
943 4208
943 4962
943 3736
943 3489
943 1150
943 3965
943 4599
943 2503
943 3090
944 2130
944 4270
944 2226
944 4515
944 4742
945 1100
945 1118
945 2350
945 3888
945 4024
945 3774
946 2588
946 3468
946 2835
946 1490
946 4030
947 2520
947 4018
947 2754
947 2193
947 2734
947 3371
948 4219
948 3189
948 1838
948 3090
949 4172
949 2149
949 2178
949 4447
949 1665
949 2497
950 2103
950 2213
950 4873
950 4022
950 4053
950 3564
950 1108
951 4908
951 3118
951 4387
952 4504
952 3125
952 1094
952 1038
952 2471
952 3014
953 4124
953 3716
953 1443
953 2447
953 1484
953 4064
954 3827
954 2837
954 971
955 3094
955 4239
955 2216
955 1202
955 2302
955 4447
955 2050
956 3739
956 4890
956 3898
956 4472
956 1856
956 985
957 1120
957 2212
957 2213
957 3768
957 2186
957 2073
957 4883
957 1848
957 1103
957 4561
957 3071
957 3090
957 2475
958 4700
958 1845
958 1079
958 1083
958 1805
958 4143
958 1591
959 1904
959 3889
959 2335
959 4950
959 1563
959 3857
960 2457
960 2161
960 2286
960 4024
960 4089
960 2486
961 2754
961 1080
961 3382
961 2221
961 4817
961 2428
961 1218
961 1322
961 1695
962 2837
962 1928
962 1892
962 4655
962 3426
963 2754
963 2020
963 2221
963 2402
963 3901
964 3586
964 2575
964 2177
964 4418
964 4199
965 3827
965 2858
965 1983
965 4139
965 3068
965 2754
966 2374
966 4069
966 4409
966 1083
966 1946
966 1534
966 3285
966 4790
966 1255
967 1044
967 3321
967 4129
967 4703
967 2922
967 1840
967 981
967 1777
968 1872
968 1701
968 4467
969 1061
969 4230
969 2664
969 2805
969 1893
969 1801
969 1388
969 1575
969 2357
969 1163
970 2213
970 4628
970 1618
970 973
970 2676
971 1794
971 2837
971 1861
971 2798
971 3964
971 4869
971 4868
971 2002
971 1037
971 1966
971 1467
971 2820
971 4177
971 1106
971 1502
971 1414
971 2503
971 2387
971 3833
971 1916
971 4891
971 2947
971 1812
971 3034
971 2273
971 1978
971 4663
971 4913
971 1344
971 1945
971 2864
971 4890
971 2460
971 1024
971 4620
971 3595
972 2212
972 2213
972 2323
972 3563
973 4628
973 2663
973 4615
973 4771
973 1102
973 2870
973 1817
973 2552
973 4646
973 4578
973 1899
973 3914
973 2303
973 4886
973 3692
973 1905
973 1129
973 4188
974 4592
974 3668
974 2988
974 4587
974 1216
974 1635
974 3635
974 3873
974 3318
974 4101
974 3765
974 1944
974 2746
975 3668
975 2988
975 3559
975 4585
975 2701
976 2754
976 1051
976 3668
976 4701
976 3939
976 4027
976 4871
976 2612
976 2593
976 4244
977 4209
977 3092
977 4912
977 1887
978 4172
978 2155
978 4239
978 4447
979 2213
979 4283
979 4672
979 3854
979 2354
980 2837
980 1962
980 2002
981 3573
981 2200
981 2684
981 3011
981 2012
981 1816
981 3490
981 1752
981 3737
981 1059
981 1689
981 3084
981 2818
981 985
981 1362
981 1748
981 1450
981 4795
981 3358
981 1449
981 3999
981 4810
981 4625
981 1584
981 2707
981 3455
981 2001
981 4103
981 3979
981 2089
981 1694
981 4384
981 3453
981 3509
981 3123
981 3074
982 2060
982 4115
982 1085
982 1130
982 4370
982 2096
982 1653
983 2759
983 2979
983 3748
983 2865
983 4206
984 4318
984 4055
984 1012
984 1363
984 1508
984 1370
984 1650
984 3311
985 3045
985 3282
985 1179
985 3403
985 2119
985 3224
985 3328
985 1690
985 3989
985 3977
985 1515
985 2872
985 3731
985 3907
985 4826
985 1819
985 3201
985 4741
985 1682
985 4916
985 2744
985 1059
985 1539
985 4691
985 4651
985 2843
985 3358
985 4106
985 1386
985 4129
985 2337
985 3734
985 3499
985 1605
985 3970
985 2606
985 3030
985 3301
985 1400
985 3925
986 4172
986 4447
986 3985
986 4832
987 4164
987 3484
987 3625
987 1936
987 3103
987 3136
987 1152
987 3240
987 3267
987 3970
988 2979
988 4313
988 1242
988 1808
988 4146
988 4856
988 2971
989 2490
989 3280
989 3393
989 3674
989 1946
989 4087
990 1962
990 2905
990 1849
990 4447
991 2988
991 1394
991 4251
991 4246
991 3098
991 1780
992 3389
992 3082
992 1053
992 2095
992 4163
992 4696
992 3571
993 3479
993 2267
993 2155
993 4447
994 2672
994 2806
994 1079
994 3674
994 3970
994 4346
995 4879
995 3080
995 4740
995 4835
995 4755
995 2984
995 1970
995 4376
995 1392
995 1260
995 3159
995 3241
995 1525
995 3962
995 2085
995 4329
996 2403
996 2120
996 1025
996 1938
996 4726
996 2826
996 3824
996 2247
997 4703
997 4824
997 4916
997 1179
997 3779
997 3326
998 2390
998 3024
998 1696
998 3513
998 1428
998 3493
998 3564
998 1525
998 1658
999 4834
999 2909
999 2034
999 2538
999 3224
999 3490
999 3878
1000 1757
1000 2899
1000 1021
1000 1448
1001 4251
1001 2850
1001 3944
1001 3326
1001 3355
1001 1452
1001 3718
1001 1733
1002 4919
1002 2793
1002 3565
1003 4121
1003 2088
1003 2168
1003 4251
1003 4933
1003 3000
1003 1840
1004 2154
1004 2786
1004 2028
1004 3982
1004 1394
1004 3475
1004 3605
1004 4008
1005 1111
1005 1639
1005 3918
1005 2206
1005 2092
1005 2543
1005 4101
1005 4697
1005 1824
1005 3750
1005 3790
1005 3100
1005 2351
1006 3210
1006 2666
1006 2738
1006 1830
1006 3657
1006 4417
1006 3113
1006 2876
1006 2106
1006 3966
1006 3001
1006 1448
1007 2166
1007 2677
1007 4214
1007 3241
1007 3267
1007 1592
1008 4863
1008 4150
1008 4236
1009 2574
1009 4321
1009 4168
1009 3463
1009 3065
1009 4735
1009 1184
1010 4045
1010 2741
1010 4040
1010 1885
1010 1815
1010 1406
1010 2703
1010 3313
1010 1017
1011 4251
1011 3683
1011 3302
1011 3896
1012 1361
1012 2509
1012 1907
1013 4251
1013 4439
1013 4087
1013 3915
1013 1017
1013 3718
1014 1490
1014 2626
1014 4137
1014 3970
1015 2837
1015 1471
1015 4260
1015 2609
1015 4811
1015 1892
1016 2398
1016 4816
1016 3051
1016 3497
1016 1464
1017 4856
1017 3718
1017 2525
1017 3784
1017 1874
1017 4054
1017 3315
1017 1991
1017 3662
1017 2710
1017 2651
1017 3855
1017 1840
1018 2353
1018 1304
1018 3794
1018 4778
1018 3674
1019 4628
1019 3639
1019 3668
1019 2769
1019 1525
1020 2778
1020 4666
1020 2758
1020 4393
1021 2895
1021 3457
1022 3070
1022 1127
1022 2787
1022 2988
1023 1709
1023 4210
1023 2336
1023 2754
1023 2530
1023 3081
1023 2069
1024 3335
1024 2375
1025 2680
1025 2574
1025 2476
1025 4137
1025 4846
1025 3590
1026 2457
1026 1884
1026 1460
1026 1230
1026 1286
1026 3562
1026 4554
1027 2408
1027 2710
1027 3520
1027 3980
1027 1083
1027 3022
1028 2279
1028 2356
1028 2480
1028 3038
1028 2564
1028 1037
1028 4149
1028 1093
1028 4212
1028 2837
1028 1928
1028 3704
1028 3196
1029 4229
1029 4343
1029 2349
1029 2378
1029 1447
1029 4363
1029 2316
1029 4248
1029 2068
1029 4221
1029 2175
1029 4688
1030 2353
1030 4434
1030 2979
1030 3969
1030 3309
1030 1315
1030 4492
1030 1178
1031 4473
1031 2040
1031 1129
1031 1914
1031 2438
1031 2078
1031 4854
1031 4862
1031 3898
1032 3777
1032 1728
1032 1184
1032 3694
1033 4275
1033 4379
1033 4522
1034 3819
1034 1791
1035 4562
1035 2489
1035 3008
1035 1483
1035 3221
1035 4075
1036 2644
1036 2511
1036 1996
1036 1219
1036 1596
1036 3900
1036 1296
1036 3425
1036 4338
1036 1699
1036 1923
1036 1458
1036 2097
1036 1673
1036 4390
1036 4677
1036 2925
1036 2178
1036 3497
1036 1894
1037 2458
1037 3033
1037 4950
1037 4186
1037 1904
1037 1891
1037 2273
1037 1417
1037 2776
1037 2503
1037 3859
1037 2231
1037 1966
1037 3456
1037 2820
1037 4869
1037 1796
1037 1820
1037 3869
1037 4448
1037 4781
1037 4746
1037 2723
1037 2739
1037 3126
1037 1869
1037 2257
1037 2725
1037 2837
1038 2060
1038 4069
1038 1185
1038 2218
1039 4373
1039 2149
1039 2677
1040 4204
1040 2639
1040 4754
1040 3906
1040 4127
1040 1385
1041 2698
1042 4326
1042 4489
1042 2877
1042 3189
1042 1221
1042 1247
1042 1322
1043 4529
1043 1755
1043 1108
1044 3630
1044 4100
1044 2357
1044 3668
1044 1894
1044 3832
1045 4096
1045 2665
1046 2327
1046 4368
1046 2396
1046 3353
1047 4453
1047 2555
1047 4925
1047 2404
1047 3145
1048 1499
1048 1730
1048 2974
1048 2630
1048 4200
1048 2213
1048 4873
1048 1837
1048 4281
1048 2187
1048 3919
1049 2694
1049 3847
1049 2645
1049 3950
1049 3622
1049 4220
1050 3075
1050 1280
1050 4047
1050 1933
1050 2071
1050 4395
1050 2291
1050 1438
1050 4447
1050 1629
1050 4937
1050 3667
1050 4091
1051 2232
1051 3009
1051 2037
1051 4815
1051 1668
1051 2712
1051 3668
1051 2920
1052 4354
1052 4343
1052 1447
1052 2669
1052 1615
1052 4183
1052 3811
1052 2349
1052 4363
1052 4503
1052 4762
1052 1386
1052 2897
1052 2053
1052 4175
1053 1711
1053 2206
1053 3591
1053 4704
1053 2092
1053 4163
1054 3104
1054 1148
1054 2286
1055 4151
1055 4324
1055 2334
1055 3115
1055 2711
1056 2837
1056 2213
1056 1495
1056 2754
1056 4417
1057 4854
1057 3182
1057 1616
1057 3684
1057 2445
1057 3001
1057 3911
1058 2932
1058 3600
1058 4953
1058 1192
1058 4862
1058 4612
1059 2747
1059 3224
1059 3879
1059 2839
1060 4319
1060 1208
1060 3456
1060 4544
1060 2566
1060 2822
1060 2837
1060 1928
1060 1332
1060 3358
1060 1353
1061 4499
1061 4364
1061 2425
1061 2878
1061 1402
1061 1285
1061 4815
1061 4833
1061 2500
1062 3561
1062 2330
1062 4174
1062 4076
1062 1959
1062 2245
1062 3552
1062 2482
1062 1602
1062 3938
1063 2296
1063 2483
1064 4628
1064 4280
1064 3739
1064 3454
1064 4939
1065 4397
1065 1994
1065 3090
1065 1399
1065 3725
1065 4447
1066 1419
1066 3299
1066 3306
1066 1315
1066 1767
1066 1935
1066 3703
1066 4602
1066 3064
1066 3477
1066 1340
1066 1128
1066 2817
1066 1280
1066 2328
1066 4878
1066 3869
1066 3389
1067 4145
1067 4682
1067 2979
1067 3734
1067 1079
1067 2528
1067 4024
1067 3668
1068 2077
1068 4358
1068 2076
1068 1203
1068 3180
1069 4573
1069 3153
1069 1143
1069 2756
1069 2559
1070 2221
1070 2754
1070 3025
1070 3497
1070 3900
1070 2043
1070 3177
1071 4656
1071 1699
1071 4612
1071 4902
1071 3490
1072 3091
1072 1591
1072 3811
1072 4587
1073 2880
1073 3416
1073 3349
1073 3074
1074 1462
1074 1143
1074 2433
1074 3973
1074 1475
1074 1816
1075 3585
1075 2089
1075 1841
1075 1530
1075 3463
1075 3841
1075 4097
1075 3457
1075 1903
1075 1162
1075 3738
1075 3701
1075 3451
1075 3203
1075 1987
1075 4040
1075 2488
1075 4251
1075 3339
1075 2562
1075 3150
1075 1313
1075 1523
1075 3048
1075 4707
1075 3735
1075 2003
1075 1815
1075 4087
1075 4054
1075 1395
1075 4010
1075 3346
1075 1631
1075 2245
1075 2628
1075 3055
1075 2287
1075 2093
1075 3115
1075 4113
1075 2863
1075 3961
1075 4604
1075 3718
1076 2732
1076 4668
1076 4932
1076 3725
1076 2053
1076 3089
1076 3901
1076 4525
1077 4796
1077 4612
1077 4942
1077 3224
1077 3490
1078 4656
1078 3582
1078 4612
1078 1139
1078 3308
1078 3588
1078 3369
1078 1263
1078 3956
1079 2359
1079 4770
1079 1884
1079 1863
1079 2353
1079 2891
1079 2599
1079 1535
1079 2520
1079 3318
1079 4480
1079 3255
1079 1799
1079 4018
1079 2722
1079 4645
1079 3262
1079 3508
1079 1553
1079 3292
1079 4435
1079 3080
1079 1579
1079 2806
1079 1435
1079 1779
1079 4514
1079 2986
1079 2568
1079 4095
1079 1497
1079 3648
1079 2723
1079 1083
1079 3018
1079 2469
1079 3606
1079 1397
1079 2420
1079 3083
1079 3401
1079 3396
1079 4346
1079 2948
1079 1784
1079 4402
1079 2833
1079 2424
1079 3058
1079 3674
1080 2822
1080 3607
1080 1908
1080 2488
1081 4170
1081 1308
1081 2019
1081 3710
1081 2218
1081 2282
1081 4685
1082 2376
1082 2048
1082 2448
1082 4266
1082 4370
1082 1308
1082 2358
1083 2408
1083 2990
1083 3499
1083 3183
1083 1506
1083 1466
1083 3444
1083 2341
1083 1709
1083 2386
1083 4069
1083 3305
1083 2508
1083 3609
1083 3200
1083 4661
1083 1161
1083 3416
1083 1862
1083 1497
1083 1889
1083 2455
1083 3223
1083 4929
1083 1989
1083 2372
1083 3491
1083 4450
1083 1418
1083 2834
1083 3434
1083 3309
1083 1645
1083 2485
1083 2166
1083 3255
1083 1579
1083 1884
1083 2880
1083 2527
1083 3492
1083 1641
1083 4948
1083 3208
1083 4680
1083 3144
1083 3202
1083 1395
1083 1966
1083 3345
1083 4601
1083 4497
1083 4390
1083 4641
1083 4557
1083 1937
1083 4226
1083 3173
1083 3482
1083 1688
1083 2128
1083 2992
1083 4018
1084 2979
1084 2851
1084 3115
1084 4586
1085 4573
1085 4170
1085 2350
1085 4501
1085 2080
1086 3564
1086 1532
1086 1271
1087 2493
1087 2376
1087 1758
1087 4698
1088 3716
1088 1164
1088 3865
1088 2441
1089 1274
1089 4726
1089 2687
1089 4848
1089 3230
1090 2439
1090 4659
1090 2510
1090 2541
1090 3477
1090 1384
1090 3183
1090 2778
1090 2710
1090 1779
1090 3147
1090 1417
1090 1681
1090 3554
1090 2208
1090 1135
1091 4304
1091 1505
1091 4280
1091 1699
1091 1834
1091 2252
1092 2489
1092 4310
1092 1157
1092 3787
1092 4757
1092 1212
1093 4457
1093 2390
1093 3033
1093 1224
1093 1413
1093 1414
1094 2054
1094 4573
1094 4184
1094 1308
1094 2134
1094 3052
1094 3192
1094 3176
1094 1245
1094 3329
1095 1669
1095 4814
1095 1153
1095 4235
1095 2425
1095 2742
1096 4105
1096 1548
1096 1294
1096 2156
1096 4706
1097 3893
1097 1302
1097 1447
1097 4503
1097 3811
1097 1615
1097 4303
1097 2357
1097 2988
1098 1953
1098 4466
1098 2078
1098 4890
1098 2245
1098 2529
1098 2598
1099 2776
1099 3099
1099 4166
1099 1768
1099 4172
1099 2155
1099 4447
1099 1177
1100 4361
1100 4308
1100 2606
1100 4287
1100 4369
1100 1110
1100 1158
1100 2814
1101 2743
1101 1993
1101 3722
1101 3645
1101 3241
1102 2537
1102 2303
1102 3747
1102 1730
1102 4322
1102 2213
1102 1391
1102 1908
1103 2303
1103 3170
1103 2867
1103 1791
1104 2840
1104 3126
1104 3316
1104 2450
1104 2357
1105 2451
1105 2849
1105 1993
1106 4319
1106 2109
1106 2503
1106 4838
1106 2273
1106 2349
1106 1589
1106 4544
1106 2837
1106 1992
1106 1763
1106 1491
1106 1337
1107 4626
1107 1206
1107 4705
1107 4283
1107 1797
1108 1872
1108 3000
1108 1461
1108 1628
1108 2946
1108 3472
1108 4156
1108 1934
1108 3712
1108 4142
1109 2459
1109 4524
1109 1997
1109 4574
1109 3356
1110 2175
1110 2048
1110 2219
1110 1143
1110 2350
1110 3537
1110 3409
1110 1118
1110 2606
1110 3511
1110 3132
1110 3950
1111 4671
1111 2183
1111 4163
1111 1772
1111 2664
1111 3624
1112 1555
1112 2076
1112 3180
1113 1357
1113 2961
1113 4105
1113 2528
1113 3852
1113 3445
1113 1300
1113 4483
1113 1215
1113 2127
1113 2357
1113 1961
1114 2147
1114 1362
1114 4420
1114 3106
1114 3525
1114 4136
1114 3192
1114 1733
1114 1965
1115 1693
1115 4295
1115 1272
1115 3209
1115 1790
1115 1328
1115 4759
1115 3563
1115 3661
1115 1981
1115 1745
1115 3552
1115 3127
1115 2862
1115 4811
1115 2828
1115 3486
1115 3903
1115 3643
1115 2160
1115 4503
1115 3462
1115 1886
1115 3678
1115 4615
1115 3497
1116 3090
1116 1839
1116 1171
1116 3235
1116 3338
1117 2156
1117 4281
1117 4406
1117 4432
1117 4447
1117 1391
1117 1763
1117 3022
1117 1126
1118 1806
1118 3076
1118 2522
1118 1127
1119 4447
1119 4490
1120 4519
1120 4429
1120 4867
1120 2276
1120 4877
1120 2833
1120 1705
1120 4000
1120 4886
1120 4200
1120 1879
1120 3768
1120 3153
1120 3487
1120 2097
1120 3967
1120 2003
1120 2213
1120 4407
1120 1949
1120 1992
1120 3040
1120 4566
1121 1701
1121 1750
1121 2018
1121 3154
1122 2610
1122 3142
1122 4801
1122 2661
1122 3717
1123 4684
1123 4195
1123 1902
1123 3509
1123 2917
1123 2156
1123 4780
1123 2545
1123 3970
1124 2871
1124 3130
1124 3275
1124 4778
1124 3784
1124 1685
1124 1835
1125 2987
1125 3468
1125 2474
1126 4183
1126 3113
1126 4918
1126 3850
1127 4335
1127 2606
1127 1144
1127 3354
1127 2034
1127 4436
1127 2676
1127 2754
1127 2551
1128 3968
1128 1192
1129 2190
1129 2315
1129 3898
1129 2016
1130 3076
1130 1210
1130 2061
1130 1148
1130 3319
1130 1259
1131 2109
1131 2400
1131 4319
1131 4524
1131 2403
1131 2837
1131 2015
1131 4651
1131 1676
1132 4188
1132 3585
1132 3082
1132 2113
1132 2633
1132 2839
1132 1824
1133 2559
1133 2091
1133 3070
1133 1158
1133 4024
1133 2006
1133 1388
1133 1599
1133 2104
1133 2938
1133 3158
1133 4436
1134 2947
1134 2224
1134 2004
1134 1467
1134 3885
1134 4825
1134 2820
1134 1916
1134 3949
1135 3079
1135 1304
1135 2208
1135 4743
1136 4387
1136 4545
1136 4475
1136 4627
1136 2392
1136 3005
1136 3873
1136 3297
1136 4464
1136 2677
1136 4519
1136 4612
1137 1572
1137 3436
1137 1295
1137 1616
1137 4716
1137 2240
1137 3153
1137 4743
1137 2445
1138 1848
1138 2223
1138 2841
1138 1477
1138 3572
1138 1908
1139 2838
1139 2416
1139 3490
1140 2837
1140 2417
1140 2754
1140 2795
1141 4645
1141 2493
1141 4462
1141 3359
1141 1155
1141 1635
1141 4731
1141 2988
1142 4209
1142 2666
1142 2955
1142 3363
1142 1598
1142 3038
1143 2307
1143 3104
1144 2054
1144 3076
1144 3329
1144 2081
1144 2282
1144 1643
1144 3856
1145 2343
1145 3790
1145 2153
1145 2754
1145 3063
1145 2221
1145 3446
1145 3298
1145 3899
1145 4799
1145 4882
1146 3207
1146 2918
1146 4020
1146 1559
1147 4211
1147 1408
1147 1525
1147 3983
1148 3125
1148 3786
1148 1388
1148 2676
1148 3187
1148 2770
1149 2127
1149 3094
1149 2597
1149 4447
1150 4419
1150 4176
1150 3482
1150 2899
1150 1887
1151 4479
1151 4658
1151 1159
1151 2848
1151 4386
1151 4628
1151 3644
1152 2825
1152 3742
1152 1839
1152 2648
1152 1600
1152 2113
1152 1271
1153 1801
1153 2373
1153 1959
1154 2785
1154 1349
1154 4381
1154 1210
1154 4736
1155 1339
1155 4377
1155 3960
1155 2266
1155 2357
1155 3668
1155 1894
1156 4453
1156 1669
1156 1982
1156 4489
1156 4591
1156 1267
1156 4209
1156 2167
1156 1826
1157 2112
1157 4698
1158 2054
1158 1365
1158 2099
1158 4024
1159 4612
1159 4734
1159 3442
1159 2847
1159 3225
1160 2469
1160 2891
1160 2594
1160 3433
1160 3520
1161 2568
1161 3438
1161 3924
1161 4083
1161 2547
1161 3219
1162 1868
1162 2210
1162 2962
1162 3239
1162 3346
1163 3329
1163 3162
1163 1541
1164 4726
1164 2918
1164 3624
1164 3312
1164 1412
1164 1193
1164 2222
1164 4105
1164 3934
1164 1907
1165 4171
1165 4025
1165 2638
1165 4200
1165 3668
1165 2769
1166 2001
1166 3464
1166 3170
1166 4529
1166 1750
1167 1300
1167 3238
1167 1219
1167 1322
1167 3718
1168 4137
1168 2883
1168 3232
1168 3293
1168 1169
1169 4109
1169 2914
1169 2296
1169 3819
1169 3947
1169 4515
1169 4096
1169 3407
1169 2304
1169 1688
1169 3242
1169 2543
1170 4289
1170 1386
1170 3919
1170 2687
1170 1964
1170 1897
1171 3038
1171 1475
1171 2698
1171 4447
1171 1184
1171 3369
1171 1822
1171 3267
1171 3970
1172 3751
1172 4142
1172 3193
1172 2263
1172 1176
1173 3344
1173 2574
1173 2054
1173 2511
1173 2481
1173 2821
1174 2188
1174 3402
1174 3126
1174 3195
1174 4592
1174 3668
1174 2988
1174 3022
1175 1336
1175 3122
1175 2689
1175 4447
1175 1665
1175 1763
1175 3505
1176 2837
1176 2280
1176 2942
1176 3599
1176 1722
1176 1358
1176 3713
1176 1508
1176 1297
1176 2875
1176 3211
1176 3531
1176 1327
1176 4918
1176 2726
1176 2394
1176 3268
1176 3251
1176 1661
1176 4461
1176 1513
1176 3673
1177 3244
1177 4412
1177 2896
1177 2334
1177 3519
1177 4116
1177 4324
1177 3423
1177 2705
1177 2413
1177 2347
1177 3688
1177 4547
1177 2579
1177 4555
1177 1441
1177 3431
1177 4730
1177 3342
1177 1801
1177 1876
1177 2326
1177 2508
1177 2157
1177 4511
1178 3970
1178 4509
1178 3289
1178 3215
1178 3911
1178 2003
1179 2905
1179 4612
1179 2028
1179 3853
1179 3731
1179 3160
1179 4798
1179 2816
1179 4067
1179 4129
1179 1748
1179 1549
1179 1224
1179 4609
1179 1924
1179 3982
1179 1400
1179 1449
1179 3967
1179 1690
1179 2058
1179 1567
1179 1534
1179 1832
1179 2530
1179 2080
1179 4652
1179 3474
1179 2038
1180 1323
1180 4190
1180 2513
1180 1405
1180 4652
1181 3817
1181 3983
1181 1342
1181 3050
1181 2925
1181 3902
1181 1887
1181 2024
1182 3508
1182 2396
1182 1492
1182 4413
1182 1520
1182 3048
1182 1211
1182 3690
1183 4443
1183 4601
1183 2140
1183 2254
1184 4612
1184 4910
1184 1263
1184 1822
1184 3799
1184 4942
1184 4365
1184 4678
1184 1718
1184 3231
1184 4902
1184 4497
1184 2670
1184 4295
1184 2240
1184 3490
1185 3052
1185 3076
1185 4510
1185 4335
1185 1554
1185 2945
1185 1245
1185 1388
1185 2606
1186 3356
1186 1976
1186 3694
1186 4579
1186 2061
1187 2678
1187 2093
1187 4698
1187 3304
1188 2699
1188 4251
1188 3221
1188 3355
1188 3566
1188 1733
1189 2205
1189 1792
1189 2511
1190 2163
1190 3743
1190 4726
1190 2280
1190 2328
1191 3360
1191 4671
1191 2013
1191 1563
1191 4173
1191 2267
1191 2782
1191 3573
1191 2097
1192 4558
1192 2880
1192 2928
1192 3200
1192 1435
1192 1589
1192 4487
1192 1863
1192 3901
1193 4544
1193 3693
1193 1635
1193 4682
1194 4628
1194 2754
1194 3042
1194 3217
1194 2747
1194 1272
1195 4546
1195 4676
1195 4706
1195 3196
1195 3051
1195 1804
1196 4132
1196 1931
1196 4959
1196 1468
1196 2837
1196 3150
1197 3174
1197 2167
1197 4432
1197 2149
1197 2291
1197 4206
1197 2071
1197 4447
1197 1665
1198 2328
1198 4220
1198 2441
1198 2556
1198 2607
1198 3523
1199 2186
1199 3228
1199 2213
1199 4766
1199 2351
1199 4628
1199 1992
1199 1257
1200 1245
1200 1610
1200 2712
1200 2256
1200 3925
1200 3660
1201 1949
1201 2251
1201 3682
1201 4024
1201 4028
1201 4907
1201 2701
1202 4103
1202 4388
1202 3304
1202 1701
1202 4447
1202 1855
1202 3497
1203 3674
1203 4767
1203 2061
1203 2118
1203 3180
1204 4453
1204 3149
1204 1290
1204 3716
1205 2155
1205 1763
1205 1280
1205 4447
1205 3555
1206 3343
1206 4658
1206 2058
1206 1938
1206 3203
1206 1731
1207 4160
1207 3991
1207 4204
1208 2996
1208 3808
1208 3821
1208 4259
1208 1812
1208 4576
1208 2315
1208 4308
1208 2797
1208 2837
1208 1904
1208 1948
1208 1955
1208 2154
1209 2629
1209 4698
1209 3950
1209 2493
1210 2986
1210 3052
1210 3898
1210 3319
1211 2518
1211 2673
1211 2166
1211 2473
1211 3674
1212 2077
1212 4903
1212 2901
1212 4494
1212 2031
1212 1744
1212 1565
1212 4522
1212 3624
1212 3654
1212 4722
1212 4357
1213 2511
1213 1968
1213 2388
1213 1293
1214 1351
1214 3174
1214 1280
1214 4447
1214 2044
1214 1791
1215 3120
1215 3445
1215 1548
1215 3429
1215 4585
1215 1369
1215 3387
1215 4256
1215 1623
1216 3080
1216 4150
1216 4871
1216 2068
1216 2357
1216 3615
1216 3668
1216 4701
1216 4735
1216 3767
1216 1844
1217 2111
1217 2904
1217 3947
1217 3991
1217 2025
1218 4880
1218 4685
1218 2696
1218 3267
1219 4413
1219 1922
1219 1255
1219 1453
1219 3142
1220 2473
1220 4612
1220 4251
1220 2819
1220 3463
1220 3862
1220 3013
1220 4776
1220 1638
1220 3708
1220 3718
1221 4515
1221 3090
1221 1344
1221 3951
1221 2217
1221 1925
1221 1587
1221 3655
1221 3298
1221 4899
1222 4681
1222 4698
1222 2146
1222 2688
1223 4401
1223 4296
1223 2687
1223 2512
1223 3934
1224 3100
1224 4625
1224 1362
1224 3490
1224 1748
1224 3321
1224 1727
1224 4450
1224 3887
1225 3665
1225 2232
1225 4125
1225 2357
1225 4592
1225 3615
1225 4731
1225 2769
1226 2714
1226 3720
1226 1981
1226 3612
1226 3497
1226 1699
1227 4937
1227 2659
1227 4359
1227 4876
1227 2150
1227 3405
1227 1810
1227 2570
1227 2347
1227 3963
1227 3980
1227 2551
1228 4505
1228 3170
1228 2574
1229 2149
1229 1665
1229 3025
1229 2168
1229 4439
1229 1332
1230 2753
1230 3229
1230 1409
1231 2806
1231 1285
1231 1778
1231 4914
1231 4228
1231 2551
1232 2869
1232 4121
1232 4454
1232 2762
1232 3232
1232 2668
1232 4083
1232 2328
1233 2659
1233 4228
1233 4401
1233 4317
1233 2551
1234 2201
1234 2226
1234 4384
1235 4377
1235 2909
1235 3668
1235 4025
1236 2754
1236 3025
1236 3137
1236 3472
1236 3497
1236 2043
1237 2677
1237 4402
1237 3336
1237 2441
1237 1868
1237 2213
1237 2114
1237 2324
1238 1606
1238 4698
1238 4201
1238 4849
1238 2446
1238 2281
1238 2493
1238 2625
1239 2563
1239 2935
1240 2157
1240 4152
1240 4234
1240 2940
1240 2842
1240 4393
1240 3882
1241 4251
1241 3533
1241 3818
1241 4539
1241 3718
1241 1676
1242 2720
1242 4943
1242 2867
1242 1519
1242 1356
1242 4143
1242 1691
1242 3777
1242 2804
1242 3497
1243 3842
1243 4121
1243 4571
1243 3590
1243 4053
1244 2837
1244 2636
1244 4552
1244 2267
1244 2782
1245 2161
1245 4029
1245 1308
1245 2219
1245 2358
1245 1976
1245 3319
1245 4278
1245 4078
1245 2433
1245 4003
1245 2390
1245 1626
1246 2145
1246 4121
1246 2275
1246 2309
1246 4617
1247 4617
1247 4939
1247 3336
1248 2154
1248 2737
1248 3282
1248 2881
1248 2567
1248 3386
1248 2732
1248 2231
1248 3811
1249 4465
1249 2475
1249 4055
1249 1686
1249 3564
1249 3542
1249 3983
1250 4099
1250 4464
1250 4302
1250 4340
1250 2917
1250 4447
1251 4518
1251 3583
1251 2664
1251 3698
1251 3886
1252 2154
1252 4612
1252 3224
1252 4497
1252 4038
1252 3813
1252 3058
1252 4434
1252 1405
1252 3490
1252 1576
1253 4943
1253 2148
1253 4173
1253 3497
1254 2494
1254 4698
1254 4227
1254 2774
1254 1260
1255 4628
1255 2589
1256 2243
1256 2997
1256 2578
1256 3474
1256 4251
1257 4063
1257 1443
1257 2137
1257 2204
1257 3963
1257 4100
1257 3764
1258 4500
1258 3436
1258 4525
1258 3911
1259 2108
1259 2699
1259 2714
1259 2862
1259 1322
1260 2093
1260 4201
1260 1795
1260 2164
1260 4305
1260 1290
1260 3486
1260 2383
1260 1902
1260 3164
1260 3237
1261 4546
1261 3616
1261 3073
1262 4692
1262 3267
1262 4371
1263 3197
1263 2818
1263 1935
1263 3358
1264 2213
1264 3631
1265 1674
1265 3283
1265 1751
1265 4845
1265 4379
1266 2677
1266 1747
1266 4475
1266 4505
1266 3904
1266 3511
1267 2202
1267 4270
1267 4384
1267 4736
1267 2300
1267 1898
1267 1876
1267 2389
1268 4371
1268 4683
1268 4719
1268 2551
1269 2205
1269 2593
1269 1876
1269 4048
1269 2980
1269 3761
1269 2477
1269 3943
1269 1925
1270 3024
1270 2608
1270 4791
1270 2978
1271 3035
1271 2621
1271 4126
1272 3661
1272 3844
1272 3415
1272 3839
1272 3532
1272 3053
1273 4929
1273 1946
1273 2510
1273 1437
1273 1579
1273 4038
1274 4224
1274 1914
1274 2962
1275 2390
1275 4752
1275 3210
1275 3785
1275 3556
1275 4550
1275 2196
1275 3564
1275 3970
1276 3016
1276 4283
1276 1442
1277 3586
1277 1311
1277 2554
1277 1770
1277 1378
1277 3443
1277 2265
1277 2408
1278 2263
1278 3882
1278 2772
1278 1847
1278 4532
1278 3187
1279 4636
1279 1469
1279 1983
1279 3345
1279 4013
1279 4230
1280 4207
1280 3821
1280 4447
1280 1629
1280 4712
1280 4937
1280 2445
1280 1513
1281 2077
1281 1792
1281 2465
1282 3262
1283 1794
1283 2685
1283 2701
1283 3210
1283 3235
1283 3421
1283 1642
1283 1840
1284 2672
1284 1437
1284 1304
1284 2806
1284 1595
1284 2778
1284 2550
1284 3455
1284 2986
1284 1897
1284 4002
1284 2316
1284 2185
1284 2445
1285 4381
1285 1485
1285 4332
1285 2183
1285 3730
1286 1357
1286 2591
1286 3414
1286 3852
1286 2898
1286 2547
1286 4746
1286 2410
1286 2697
1287 1916
1287 4803
1287 4500
1287 2000
1287 3370
1287 2721
1287 4135
1287 1292
1287 4553
1287 3082
1288 4736
1288 2194
1288 4251
1288 3718
1288 1733
1289 4164
1289 4882
1289 3028
1289 1741
1289 3675
1289 4813
1289 4490
1289 3290
1289 1940
1290 2447
1290 2940
1290 3815
1290 3651
1290 3597
1290 3733
1290 4560
1290 1672
1290 2570
1290 2926
1290 4337
1290 1570
1290 2802
1290 3777
1291 1944
1291 3196
1291 4376
1291 1658
1291 3128
1291 1401
1291 1839
1291 2547
1291 3679
1291 1951
1291 1382
1292 3097
1292 4553
1292 1720
1292 1536
1292 1953
1292 3620
1292 2364
1292 2233
1292 1550
1292 1367
1292 2769
1292 1299
1293 2837
1293 2341
1293 2096
1293 2754
1293 3158
1293 3156
1293 3425
1293 3476
1293 3861
1293 2851
1293 1322
1293 1524
1293 1657
1293 3391
1293 4817
1293 1568
1293 3629
1293 2878
1293 3569
1293 3632
1293 2873
1294 4233
1294 2443
1294 4292
1295 2759
1295 4260
1295 1564
1295 4700
1295 3353
1296 4705
1296 4790
1296 3025
1296 3693
1296 1695
1297 4833
1297 3108
1297 2047
1297 2659
1298 2676
1298 1814
1298 3101
1298 4708
1298 3716
1298 1443
1299 1881
1299 3589
1300 4212
1300 4139
1300 4891
1300 4544
1300 2822
1300 3502
1300 2306
1301 2457
1301 4207
1301 3685
1301 4166
1301 4746
1301 4447
1301 3497
1302 4229
1302 4354
1302 2378
1302 1424
1302 2652
1302 2611
1302 4183
1302 2175
1302 1447
1303 4856
1303 3000
1303 2168
1303 3195
1303 3718
1304 2374
1304 3674
1304 4743
1304 4727
1305 4190
1305 4251
1305 3237
1305 1463
1306 2109
1306 2819
1306 3286
1306 1530
1306 4062
1306 3896
1306 2792
1306 1442
1306 2018
1306 1313
1307 2062
1307 3201
1307 3704
1307 4910
1307 2119
1307 3379
1307 2573
1307 3215
1307 3731
1307 1314
1307 3472
1307 3672
1307 4835
1307 3490
1307 1539
1308 3125
1308 3319
1308 4078
1308 2424
1308 2094
1308 2676
1308 4024
1309 4121
1309 1890
1309 2583
1309 3403
1310 2213
1310 3798
1310 4417
1310 3290
1310 1341
1310 4921
1310 4223
1310 1684
1310 3934
1311 4450
1311 2647
1311 3443
1312 4160
1312 1590
1312 3050
1312 1684
1313 4251
1313 2965
1313 1461
1313 2688
1314 2598
1314 3224
1314 3301
1314 1570
1314 3605
1315 1340
1315 4434
1315 3541
1315 3545
1315 4211
1315 3674
1315 4219
1316 3258
1316 4747
1316 1872
1317 3670
1317 2008
1317 1719
1317 2530
1317 4637
1317 4833
1317 2895
1317 4801
1317 4549
1317 1762
1317 4321
1317 2156
1317 1602
1317 3224
1318 3099
1318 1439
1318 4239
1318 2136
1318 4128
1318 3300
1318 4447
1318 1763
1319 2213
1319 3027
1319 3234
1319 2034
1319 1385
1320 2754
1320 3063
1320 4827
1320 3689
1320 3653
1320 4049
1321 3415
1321 2862
1321 1949
1321 3497
1322 4143
1322 3563
1322 3137
1322 3155
1322 2160
1322 4864
1322 3025
1322 2585
1322 3807
1322 1791
1322 3739
1322 1328
1322 2011
1322 2798
1322 4590
1322 4919
1322 3403
1323 2510
1323 4680
1323 4805
1324 2296
1324 2534
1324 1591
1324 1700
1325 1992
1325 4114
1325 2161
1325 4370
1325 4476
1325 2606
1326 3239
1326 3326
1326 4374
1326 4362
1326 1780
1327 3723
1327 1677
1327 1346
1327 1954
1328 2296
1328 2097
1328 2336
1328 4827
1328 3149
1328 3754
1328 2538
1329 3836
1329 4650
1329 4399
1329 1709
1330 4397
1330 3090
1330 2914
1330 2307
1330 4468
1330 3267
1330 3708
1331 4619
1331 2504
1331 2297
1331 4394
1332 2553
1332 3822
1332 1775
1332 2414
1333 2455
1333 2771
1333 2979
1334 4057
1334 2302
1334 4100
1334 4281
1334 1405
1334 4447
1334 2264
1335 3328
1335 1608
1335 1999
1335 3490
1335 3378
1335 1684
1336 3674
1336 1696
1336 2740
1336 3772
1336 1847
1336 3811
1336 2515
1336 4092
1337 2927
1338 2858
1338 2096
1338 4943
1338 1566
1338 3116
1339 2677
1339 1809
1339 2362
1339 3538
1340 2508
1341 3070
1341 1427
1341 3311
1341 1771
1341 3314
1341 3054
1341 3370
1341 1476
1341 3902
1342 1490
1342 3155
1342 3574
1343 1609
1343 1860
1343 1471
1344 2213
1344 4530
1344 2445
1344 2565
1344 3718
1345 1536
1345 4512
1345 1473
1345 4553
1345 2526
1346 1471
1346 2921
1346 3938
1346 3709
1346 3800
1346 3824
1347 4612
1347 4936
1347 3268
1348 3267
1348 4318
1348 3067
1348 3311
1349 4366
1349 3503
1350 4847
1350 2646
1350 3210
1350 3176
1350 4692
1350 4685
1350 4741
1350 1364
1351 4617
1351 4388
1351 2894
1351 4447
1352 4225
1352 1821
1352 4447
1353 2637
1353 2959
1353 3727
1353 1644
1353 2729
1353 4464
1353 3493
1353 3678
1354 3530
1354 2612
1354 2748
1354 3313
1354 4217
1354 4133
1354 3498
1355 3838
1355 2189
1355 2577
1355 4506
1356 2837
1356 1404
1356 3007
1356 4123
1356 3865
1357 3852
1357 2968
1357 2473
1357 4554
1357 2528
1357 3293
1358 4209
1358 2808
1358 3172
1358 1470
1359 3691
1359 3775
1359 4717
1359 2164
1359 4359
1359 4702
1359 3464
1359 2241
1359 1569
1360 4133
1360 2180
1360 4664
1360 4590
1360 1620
1360 4582
1360 4695
1360 2513
1360 2526
1360 3704
1360 1777
1361 2768
1361 3395
1361 3326
1361 2556
1362 4712
1362 3276
1362 3201
1362 2832
1362 1836
1363 4024
1363 2160
1363 3327
1364 4698
1364 2281
1364 2146
1364 2493
1365 3104
1365 2082
1365 4436
1365 3001
1366 2517
1366 1856
1366 4248
1366 1880
1366 2700
1366 1495
1366 4628
1366 4776
1367 2202
1367 4617
1367 3190
1367 4153
1368 3586
1368 4408
1368 4418
1368 1901
1368 1826
1368 2988
1369 2591
1369 3551
1369 3445
1369 2528
1369 2547
1369 2319
1370 4517
1370 4379
1370 4793
1370 2963
1370 3466
1371 4121
1371 2709
1372 2620
1372 3170
1372 4695
1372 3224
1372 3030
1373 3163
1373 3429
1373 3590
1373 1404
1373 2528
1373 3668
1374 4303
1374 4493
1374 4775
1374 4234
1374 3822
1375 4107
1375 2612
1375 4947
1375 1504
1376 3770
1376 4270
1376 2228
1376 2720
1376 3748
1376 2022
1376 3089
1376 3397
1377 1829
1377 4323
1377 1557
1377 1714
1377 3576
1378 3740
1378 2761
1378 2431
1378 2775
1378 2418
1378 2329
1379 2108
1379 3778
1379 4046
1379 4049
1380 3170
1380 1750
1380 4431
1380 4438
1380 4835
1380 2386
1381 2213
1381 4490
1381 2879
1381 3235
1382 4942
1382 1498
1382 3564
1383 3976
1383 3591
1383 3745
1383 1824
1383 1840
1384 2857
1384 3144
1384 1974
1384 2491
1384 3497
1385 1863
1385 3864
1386 3301
1387 4251
1387 4856
1387 3000
1387 3289
1387 3237
1387 3031
1387 1488
1387 1903
1387 1885
1387 3297
1387 2011
1387 2965
1387 4265
1387 3646
1387 2327
1387 2319
1387 4429
1387 1733
1387 4087
1388 2219
1388 4031
1388 3366
1388 3250
1389 2454
1389 2753
1389 2094
1389 4504
1390 3593
1390 4133
1390 1620
1390 4473
1390 3409
1390 3363
1390 2434
1390 2229
1391 2067
1391 4325
1391 4447
1391 4395
1391 3247
1391 1988
1391 2216
1391 3777
1391 1621
1391 3174
1391 2399
1391 2732
1391 2342
1392 4490
1392 1518
1392 2565
1392 2379
1392 1551
1392 4337
1392 3695
1393 3429
1393 3928
1393 4584
1393 2528
1393 4550
1394 4612
1394 2670
1394 2908
1394 2012
1394 3999
1394 1444
1394 4043
1394 3978
1394 2570
1394 3605
1394 4008
1394 2046
1395 3355
1395 4035
1395 2832
1395 3786
1395 1835
1395 4064
1396 3232
1396 2133
1396 2280
1396 3624
1396 2900
1396 3384
1396 1480
1396 3101
1396 1601
1396 3800
1397 1709
1397 2979
1397 4833
1398 2061
1398 3140
1398 3180
1398 3845
1399 2754
1399 1543
1399 4827
1399 2208
1399 4046
1399 2899
1399 3453
1400 3989
1400 2038
1400 2028
1400 1961
1400 3876
1400 2731
1400 3543
1400 3404
1400 4447
1400 1884
1400 2289
1400 3605
1401 3196
1401 3267
1402 4636
1402 2749
1402 3564
1403 1860
1403 3264
1403 2662
1403 4713
1403 3611
1403 4220
1404 3414
1404 4105
1404 3163
1404 2528
1404 4278
1405 4779
1405 4725
1405 3817
1406 3025
1406 3239
1406 3355
1406 4484
1406 3919
1407 2050
1407 1648
1407 2384
1407 4673
1407 2442
1407 1524
1408 2236
1408 3241
1408 3264
1409 4636
1409 4390
1409 1751
1409 2232
1409 3363
1410 3277
1410 2451
1410 2441
1411 4612
1411 4618
1411 4824
1411 2810
1411 3442
1411 3490
1412 3646
1412 3069
1412 2137
1412 2508
1412 1969
1413 3964
1413 4825
1413 3945
1413 4576
1413 4409
1413 1428
1413 2837
1413 3860
1413 2858
1413 2002
1413 3270
1413 3617
1414 2994
1414 3808
1414 2314
1414 2897
1414 4544
1414 2675
1415 4685
1415 3564
1416 2754
1416 3581
1416 1670
1416 1436
1416 3497
1417 3100
1417 2356
1417 3995
1417 1784
1417 2335
1417 4446
1417 2806
1418 2527
1418 3479
1418 1428
1419 2457
1419 2551
1419 1863
1419 4354
1420 2621
1420 1646
1420 3619
1421 2017
1421 3668
1421 2701
1421 4829
1421 3241
1421 4306
1421 3909
1422 4544
1422 2213
1422 4251
1422 4778
1422 4856
1422 4087
1423 4188
1423 2159
1423 4464
1423 1514
1423 2415
1423 2427
1423 2686
1423 2507
1423 2997
1423 2147
1423 1703
1424 4354
1424 4103
1424 2611
1424 1447
1424 2445
1424 3241
1425 4558
1425 3990
1425 3951
1425 4592
1426 2119
1426 2745
1426 3608
1426 1713
1426 1444
1426 1728
1426 3461
1426 2401
1426 3956
1426 3533
1427 3945
1427 2287
1427 4383
1427 1954
1428 2855
1428 2486
1428 2825
1428 3267
1428 2767
1428 3027
1428 4330
1428 3210
1428 3658
1428 4111
1428 3362
1428 3116
1428 3307
1428 3422
1428 4083
1428 4706
1428 3771
1428 1970
1428 3282
1428 1899
1428 1558
1428 4045
1428 1498
1428 1804
1428 3872
1428 4079
1429 2296
1429 4827
1429 2604
1429 1834
1430 4456
1430 2125
1430 4251
1430 4331
1431 3242
1432 2278
1432 4160
1432 4522
1432 2687
1432 2981
1432 3464
1432 1643
1433 3716
1433 4258
1434 3370
1434 2272
1434 2233
1434 4553
1434 1606
1434 1808
1434 3250
1435 4427
1435 3512
1435 3674
1435 4018
1436 2550
1436 3389
1436 2630
1436 3726
1437 2520
1437 2550
1437 4654
1437 3694
1437 2944
1438 3492
1438 1589
1438 3468
1438 4096
1438 3556
1439 2136
1439 2391
1439 4447
1439 1739
1440 3096
1440 2050
1440 4178
1440 1882
1440 4926
1440 3546
1441 1649
1441 2478
1441 4151
1441 4205
1441 4860
1441 3991
1442 3582
1442 4663
1442 4592
1442 4952
1442 2988
1442 3022
1442 1623
1443 3522
1443 3482
1443 3815
1443 4002
1443 4560
1443 4440
1443 2207
1443 4811
1443 4093
1443 3769
1443 2272
1444 3830
1444 2992
1445 2588
1445 3219
1445 2310
1445 4380
1445 4919
1445 2941
1445 3124
1446 1495
1446 4357
1446 4161
1446 1632
1446 3966
1446 3464
1446 2732
1446 3020
1446 2005
1446 4275
1447 4183
1447 2175
1447 3851
1447 3208
1447 1557
1447 4251
1448 2656
1448 3172
1448 3314
1448 1533
1448 2667
1448 1455
1448 1684
1449 4703
1449 2908
1449 4638
1449 3191
1450 3576
1450 4612
1450 3490
1451 3725
1451 2965
1451 1623
1451 3718
1452 2159
1452 3192
1452 4733
1452 3890
1453 3135
1453 2754
1453 2160
1453 2471
1453 3010
1454 2213
1454 1619
1454 2186
1454 2212
1454 4628
1454 4073
1455 4561
1455 3266
1455 2474
1455 4742
1456 2979
1456 2679
1456 2899
1456 4712
1457 4024
1457 2482
1457 4369
1457 4563
1457 3567
1458 2710
1458 2574
1458 4943
1458 3583
1458 2043
1458 4637
1459 1753
1459 1607
1459 2932
1459 1554
1459 3010
1459 2293
1459 2879
1460 2679
1460 3393
1460 2082
1461 4251
1461 4856
1461 3659
1461 3180
1462 2587
1462 3108
1462 2990
1462 3609
1462 2512
1462 4145
1462 2065
1462 4412
1462 1959
1463 3026
1463 3536
1463 3718
1463 3097
1464 4873
1464 2754
1464 3270
1464 2108
1464 3851
1464 4822
1465 3372
1465 4376
1466 4537
1466 2166
1466 4689
1466 2710
1466 3080
1466 1525
1466 3501
1467 2121
1467 2836
1467 1891
1467 3595
1467 4544
1468 2223
1468 4251
1468 3237
1469 4583
1469 2449
1469 3090
1469 4712
1470 3363
1470 3050
1470 1977
1470 3657
1470 4027
1470 2968
1470 3800
1470 1754
1471 1649
1471 2253
1471 2774
1471 1902
1472 1603
1473 3848
1473 3573
1473 3001
1474 2754
1474 3007
1474 1504
1474 4034
1474 1699
1475 3104
1475 4184
1475 4293
1475 2019
1475 4154
1475 1610
1475 4308
1475 3052
1475 2036
1475 4884
1475 4648
1475 2833
1476 2475
1476 2955
1476 1858
1477 3464
1477 1990
1477 4790
1477 2754
1477 4928
1477 3497
1478 3080
1478 2508
1478 2386
1478 1864
1478 3433
1478 3318
1478 3679
1478 3291
1478 2214
1479 2146
1479 2445
1479 3001
1480 3414
1480 3173
1481 4168
1481 2138
1481 4747
1482 2728
1482 1811
1482 3644
1482 2426
1482 3720
1482 1510
1483 2586
1483 3312
1483 3023
1484 3716
1484 4267
1484 1531
1484 1966
1484 2277
1485 3094
1485 2276
1486 4803
1486 4832
1486 3323
1486 4447
1487 3349
1487 4778
1487 2180
1487 1887
1488 3514
1488 4251
1488 3868
1489 4628
1489 2041
1489 4600
1490 2301
1490 2649
1490 4168
1490 1534
1490 3134
1490 3662
1490 3814
1491 1648
1491 4345
1491 4369
1492 4606
1492 3494
1492 4645
1492 4018
1492 2213
1492 3052
1493 3480
1493 4146
1493 4703
1493 4756
1493 3403
1494 2435
1494 2949
1494 2799
1494 1510
1494 4368
1495 2213
1495 4800
1495 1570
1495 3768
1495 1879
1495 1920
1495 2620
1495 2552
1495 3883
1495 3968
1495 3954
1495 2893
1495 4628
1496 4140
1496 3659
1496 2802
1496 3809
1496 3355
1497 2632
1497 3674
1498 3241
1498 3970
1499 2494
1499 2213
1499 4628
1499 2936
1500 4958
1500 4162
1500 4040
1500 4924
1500 3896
1500 4064
1501 4698
1501 3355
1501 2009
1501 2551
1502 3100
1502 4931
1502 2257
1502 1966
1502 2365
1502 2820
1503 4612
1503 2810
1503 3201
1503 3490
1504 4381
1504 2785
1504 4463
1504 2726
1504 2963
1504 2855
1504 4453
1505 1720
1505 4304
1505 3563
1506 4443
1506 2979
1506 1863
1507 2249
1507 3899
1507 4920
1507 2598
1507 3891
1507 4118
1507 1729
1507 2385
1507 3234
1507 2969
1507 3010
1508 2296
1508 4612
1508 4379
1508 3314
1509 4357
1509 2909
1509 3981
1509 1538
1510 4491
1510 4272
1510 3644
1510 4550
1510 2949
1510 4572
1510 3906
1510 4679
1510 1811
1510 2084
1510 2728
1510 2435
1510 1971
1510 3956
1510 2072
1510 4098
1510 3167
1510 2124
1510 3439
1511 3896
1511 3326
1511 2850
1511 3626
1511 3533
1511 2144
1511 4199
1511 3762
1511 4496
1511 4003
1512 2213
1512 4283
1512 4831
1512 2186
1512 3753
1512 2817
1512 4774
1512 4909
1512 4346
1512 4628
1512 3770
1512 3346
1513 1619
1513 2687
1513 3266
1513 3950
1513 1964
1514 2586
1514 4525
1514 2546
1514 2142
1515 2270
1515 3236
1515 2872
1515 3605
1515 3876
1516 3097
1516 4250
1516 1720
1516 2451
1516 3172
1517 4185
1517 4857
1517 2822
1517 2615
1517 3788
1517 2837
1518 2837
1518 2302
1518 4611
1518 4490
1519 3120
1519 2223
1519 2754
1519 4819
1519 4955
1519 3029
1520 4192
1520 4846
1520 2294
1520 3025
1521 2625
1521 4798
1521 3798
1521 3817
1521 3925
1521 2046
1521 4767
1521 2971
1522 1725
1522 4096
1522 2192
1522 2296
1522 2274
1522 4511
1523 4743
1523 3569
1524 4384
1524 2754
1524 1756
1525 1829
1525 3053
1525 1592
1525 4813
1525 3470
1525 3206
1525 2623
1525 2784
1525 4330
1525 4009
1525 3727
1525 4767
1525 4031
1525 2767
1525 2586
1525 3660
1525 4450
1526 2213
1526 4283
1526 2066
1526 4200
1526 4131
1526 4628
1526 1547
1527 2204
1527 2287
1527 2687
1527 3506
1527 2662
1528 3369
1528 2173
1528 1729
1528 3408
1529 2402
1529 2065
1529 1606
1530 2792
1530 3275
1530 3178
1530 2861
1530 3702
1531 1767
1532 3466
1532 2659
1532 4198
1532 2416
1532 4317
1532 2551
1532 1558
1532 3405
1532 3294
1532 2452
1532 3568
1532 2426
1532 4806
1532 2344
1532 1810
1532 4339
1532 3337
1532 3164
1533 4520
1533 2254
1533 3378
1534 3645
1534 4168
1534 2396
1535 4443
1535 2440
1535 3080
1535 3223
1535 2829
1536 2289
1536 4392
1536 4500
1536 3171
1536 4553
1536 3267
1536 2962
1537 3768
1537 3329
1537 2091
1537 2606
1537 3241
1538 2226
1538 4733
1538 1739
1539 3358
1539 3805
1539 4798
1539 3781
1539 1608
1539 4221
1539 4410
1539 2697
1539 3605
1539 1961
1540 3250
1540 2313
1540 4592
1540 2385
1540 3668
1540 1635
1540 4735
1541 3966
1541 2122
1541 3089
1541 2905
1541 3901
1541 2115
1541 3930
1541 4856
1542 3240
1542 3564
1542 2646
1542 2813
1542 4383
1543 4610
1543 4790
1543 2754
1543 3899
1544 2669
1544 4912
1544 2175
1545 3183
1545 2756
1545 4661
1545 3273
1545 3674
1545 1917
1546 2493
1546 4801
1546 2978
1546 2900
1547 3196
1548 2599
1548 3447
1548 3794
1548 4499
1548 2528
1549 2512
1549 3726
1549 4612
1549 4643
1550 4202
1550 2014
1550 4608
1550 4628
1550 4614
1550 2712
1551 2415
1551 4711
1551 4698
1551 4893
1551 3716
1552 2831
1552 4903
1552 3038
1553 2343
1553 3516
1553 4553
1553 4774
1554 3329
1554 3008
1554 4840
1555 4315
1555 4352
1555 4409
1555 4391
1555 4630
1555 3988
1556 1564
1556 2126
1556 1851
1556 3353
1556 4892
1556 4716
1556 2445
1556 2470
1556 3001
1557 3043
1557 2201
1557 4453
1557 2437
1557 4837
1557 4023
1558 4198
1558 3139
1558 4402
1558 2416
1558 4228
1558 2551
1559 3640
1559 2509
1559 2999
1559 2135
1560 2077
1560 2201
1560 2226
1560 4453
1560 2105
1560 2031
1560 3862
1561 2837
1561 3123
1561 4735
1561 1894
1561 2988
1562 2226
1562 2228
1562 2296
1562 4527
1562 3510
1562 2375
1563 4312
1563 3848
1563 2421
1563 4598
1563 1944
1563 4823
1563 2013
1563 3573
1563 2357
1564 4322
1564 2445
1565 4737
1565 4476
1566 3131
1566 3185
1566 2738
1566 4331
1567 2077
1567 3090
1567 3169
1567 3392
1567 3497
1568 4121
1568 1963
1569 1688
1569 3422
1570 2213
1570 4289
1570 3349
1570 4628
1570 4867
1570 4873
1570 3564
1571 2191
1571 2324
1571 3185
1571 3384
1571 1638
1571 2736
1571 1755
1571 4433
1571 4780
1572 4368
1572 2592
1572 2445
1572 3001
1573 3605
1573 3110
1573 3302
1573 3833
1573 1597
1573 3571
1574 4726
1574 2687
1574 2271
1574 4727
1574 4887
1575 2081
1575 2612
1575 4463
1576 1613
1576 4856
1576 3000
1576 1676
1576 3203
1576 3718
1576 3919
1577 2212
1577 4295
1577 2051
1578 1884
1578 2710
1578 4550
1578 3780
1579 3243
1580 1931
1580 3674
1580 3468
1580 3430
1581 3213
1581 2296
1581 4752
1581 1827
1581 2942
1582 4379
1582 2687
1582 4893
1582 2674
1582 1895
1583 2296
1583 4489
1583 4856
1583 4909
1583 3161
1584 3034
1584 2922
1584 3011
1584 1924
1584 1822
1584 1904
1584 3716
1585 2437
1585 2454
1585 2652
1585 2733
1585 1871
1585 2923
1586 2457
1586 2695
1586 3416
1586 2591
1586 1645
1586 2133
1587 2065
1587 4328
1588 2754
1588 3165
1588 3156
1588 4144
1590 4370
1590 2989
1590 3220
1590 4726
1590 3172
1591 3374
1591 4735
1591 2769
1591 3022
1592 4628
1592 4843
1592 3240
1592 3086
1592 2342
1593 2207
1593 2752
1594 2123
1594 4379
1594 4726
1594 2380
1595 3389
1595 1974
1595 1952
1595 3008
1596 2552
1596 2096
1596 2754
1596 4943
1596 2924
1597 2075
1597 3257
1597 3263
1598 4687
1598 4318
1598 2736
1599 4443
1599 3104
1599 4266
1599 1976
1599 3387
1599 2527
1599 2653
1600 4320
1600 2754
1600 2352
1600 2016
1600 2043
1600 3629
1601 1992
1601 3803
1601 3327
1601 2324
1601 1630
1602 2213
1602 3928
1602 2777
1602 2088
1602 2882
1602 3891
1602 2032
1602 4437
1602 3288
1602 4174
1602 1751
1602 3840
1602 3565
1602 3446
1602 3931
1602 2997
1602 2274
1602 4657
1602 3470
1602 3340
1602 2811
1602 3002
1602 3901
1603 2223
1603 3669
1603 3287
1604 2546
1604 2269
1604 4453
1604 4447
1604 2102
1604 1684
1605 4437
1605 4866
1605 2156
1606 3795
1606 2493
1606 4681
1606 3513
1606 4698
1606 4684
1606 2171
1606 2863
1606 2876
1606 4256
1606 2215
1606 4943
1606 4486
1607 3072
1607 2621
1607 4854
1607 4091
1608 2213
1608 2676
1608 4809
1608 3225
1608 3291
1609 2212
1609 2213
1609 4628
1609 4781
1609 3549
1609 4577
1609 3603
1609 2546
1609 4728
1609 1992
1610 2151
1610 2559
1610 2036
1610 3697
1611 2754
1611 4752
1611 2956
1611 2966
1611 3241
1611 4772
1612 3860
1612 2614
1612 3806
1612 2240
1612 1932
1612 2137
1613 3115
1613 3199
1613 4211
1613 3564
1613 4767
1613 1878
1613 2938
1614 4150
1614 3236
1614 4592
1614 2367
1614 3668
1614 4701
1615 4354
1615 4183
1615 1661
1615 3028
1616 2327
1616 4892
1616 2338
1616 2445
1616 3001
1617 3283
1617 3176
1617 2369
1617 4079
1617 1965
1618 2572
1618 1624
1618 3914
1618 1705
1618 4881
1618 4608
1618 4873
1618 3798
1618 4895
1618 1992
1618 4889
1618 2536
1618 4416
1618 1909
1618 4224
1618 4528
1619 2213
1619 4022
1619 4877
1619 4076
1619 3531
1620 4421
1620 4664
1620 4080
1620 2659
1620 3856
1621 3114
1621 2155
1621 4239
1621 2391
1621 3099
1621 2661
1621 4616
1622 4385
1622 2049
1622 3073
1622 3122
1622 2155
1622 4447
1622 4712
1622 1739
1622 2616
1623 4698
1623 3025
1623 4582
1623 3115
1623 3564
1623 3179
1623 4740
1623 3164
1623 2645
1623 2450
1623 4927
1623 2271
1623 4305
1624 4200
1624 2181
1624 2212
1624 2213
1624 4628
1624 2988
1625 2281
1625 4295
1625 2754
1625 3661
1625 4745
1625 4802
1625 1961
1626 4222
1626 4744
1626 4939
1626 3065
1627 3034
1627 4612
1627 2810
1627 4824
1627 3820
1627 3045
1627 3570
1627 3403
1627 2072
1627 2303
1628 2754
1628 2525
1628 3237
1628 1733
1628 4006
1629 3094
1629 4447
1629 2063
1629 3230
1629 2012
1629 1642
1630 2155
1630 4447
1630 3256
1630 4225
1630 3156
1630 4712
1630 1749
1631 2618
1631 4037
1631 2476
1632 4544
1632 3283
1632 4357
1632 4702
1632 4161
1632 1918
1632 4140
1632 2555
1632 3464
1632 2241
1632 3020
1632 4821
1633 1757
1633 4021
1633 3952
1633 3600
1633 4266
1633 4890
1634 3629
1634 2739
1634 4198
1635 2561
1635 3411
1635 3236
1635 4092
1635 4687
1636 2837
1636 2944
1637 4480
1637 2049
1637 2155
1637 4447
1637 4924
1637 2719
1637 1665
1638 2978
1638 3870
1638 2111
1639 2238
1639 3811
1639 3265
1639 4579
1639 3185
1640 3267
1640 2460
1641 2469
1641 2778
1641 4283
1641 3355
1642 3484
1642 3564
1642 4557
1643 4302
1643 2443
1643 2189
1643 2298
1643 3974
1644 3573
1644 2528
1644 2701
1644 3196
1644 3962
1644 3715
1645 2457
1645 2707
1645 4095
1646 4842
1646 2628
1646 2784
1646 3210
1646 3671
1646 4921
1646 4720
1646 1704
1646 2696
1646 3675
1646 2491
1646 3684
1646 2659
1646 3346
1646 2812
1646 3185
1647 2229
1647 3252
1647 1745
1648 1882
1648 3194
1648 1949
1648 4690
1649 4698
1649 4201
1649 2383
1649 2493
1649 4447
1649 4563
1650 3300
1650 3512
1650 4474
1651 4443
1651 2756
1651 2778
1651 3243
1651 3262
1651 3823
1652 3520
1652 4063
1652 3020
1652 3617
1652 3987
1652 3817
1652 1841
1653 4276
1653 3617
1653 3766
1654 2260
1654 3596
1654 2715
1654 3378
1654 3599
1654 3563
1654 1745
1655 2597
1655 3512
1655 2725
1655 4229
1655 4407
1655 3972
1656 3090
1656 4736
1656 4515
1656 3819
1656 3666
1657 2526
1657 3124
1658 2701
1658 2784
1658 3176
1658 3338
1658 4924
1658 3564
1658 4706
1658 3251
1658 2696
1658 1704
1658 4835
1658 3496
1658 3800
1658 3941
1658 1712
1658 4779
1659 2753
1659 3351
1659 3511
1659 4219
1659 4524
1659 3523
1659 1713
1659 2754
1659 3497
1660 4147
1660 4179
1660 2600
1660 3528
1660 4656
1660 3402
1660 4846
1660 4439
1661 4343
1661 2175
1662 1958
1662 3861
1662 3268
1662 2095
1662 2113
1663 1946
1663 3197
1663 3224
1663 1955
1663 1777
1664 4435
1664 4680
1664 2806
1664 3648
1664 3852
1665 2493
1665 4447
1665 3037
1665 2063
1665 2796
1665 3285
1665 2178
1665 4395
1665 3256
1665 2766
1665 2174
1665 3685
1665 3247
1665 2149
1665 4159
1665 3438
1665 4065
1665 3214
1665 4158
1665 4328
1665 4937
1666 4490
1666 2277
1666 1702
1667 4357
1667 2890
1667 4702
1667 3966
1667 2258
1667 1713
1667 4808
1667 3464
1667 2241
1667 3020
1667 2079
1668 2936
1668 3645
1668 3110
1668 3302
1668 2683
1669 3051
1669 1932
1669 1940
1670 4790
1670 2754
1670 4943
1670 3497
1670 4068
1671 4133
1671 4190
1671 2062
1671 3719
1672 4748
1672 2646
1672 3716
1672 2719
1672 4317
1672 2551
1673 3908
1673 3029
1673 3497
1673 1896
1674 2457
1674 3309
1674 3606
1674 1922
1674 4156
1674 3418
1675 3170
1675 3424
1675 1718
1675 2716
1675 2263
1675 2380
1675 2999
1675 1816
1676 2083
1677 4357
1677 2120
1677 2890
1677 3319
1677 2732
1678 2682
1678 3361
1678 3536
1678 3331
1678 3218
1678 1747
1679 4602
1679 2806
1679 4447
1680 2233
1680 3081
1680 2057
1680 4500
1680 2721
1680 4553
1681 2754
1682 2872
1682 3490
1683 4678
1683 4120
1683 3817
1684 2998
1684 2024
1684 2031
1684 2111
1684 4379
1684 2164
1684 3083
1685 2837
1685 2353
1685 4751
1685 1721
1685 3245
1685 1814
1685 4522
1686 3041
1687 3169
1687 3500
1687 4251
1688 3681
1688 2658
1688 2696
1688 4828
1688 3514
1689 4612
1689 3160
1689 3224
1689 3276
1689 3356
1689 3605
1690 2967
1690 2801
1690 3224
1690 3817
1691 2260
1691 2709
1691 3497
1691 1699
1691 4641
1692 4303
1693 4698
1693 4419
1693 4759
1693 2046
1694 4653
1694 2217
1694 2250
1694 2863
1695 2511
1695 3465
1695 2148
1695 4736
1695 1896
1695 2736
1696 4782
1696 2453
1696 4261
1696 4284
1696 4427
1696 2740
1696 4351
1697 2392
1697 4270
1698 2490
1698 4360
1698 4277
1698 3126
1698 3635
1698 3668
1698 4092
1699 2108
1699 4535
1699 1937
1699 2585
1699 3149
1699 4280
1699 4406
1700 4102
1700 3490
1701 2361
1701 3535
1701 2526
1701 4447
1702 2553
1702 2287
1702 3394
1703 3936
1703 4548
1703 3204
1703 2037
1703 2494
1703 4224
1704 4351
1704 4676
1704 3493
1704 4040
1705 3216
1705 2213
1705 4628
1705 1992
1705 4942
1706 3919
1706 2962
1706 3734
1706 3361
1706 3249
1706 2367
1706 3964
1707 4064
1708 3170
1708 2740
1709 2510
1709 3019
1709 2568
1709 3016
1709 3922
1709 3924
1709 3525
1709 2891
1709 2597
1709 3539
1709 2010
1709 1986
1710 3109
1710 3722
1711 2077
1711 2086
1711 3254
1711 4252
1711 2787
1711 3717
1711 2847
1712 2378
1712 3906
1712 2671
1712 2441
1713 4795
1713 3045
1713 3253
1713 3490
1713 3605
1713 2883
1713 4195
1713 4008
1714 3743
1714 1919
1714 4579
1715 2528
1715 2184
1715 4251
1715 2404
1715 2819
1715 2971
1715 3383
1715 3708
1716 4357
1716 3464
1716 2732
1716 3966
1716 1750
1716 4733
1717 4096
1717 4837
1717 2863
1717 4419
1717 2130
1717 3847
1717 3887
1717 3261
1717 2666
1718 4612
1718 3201
1718 3268
1719 2129
1719 4235
1719 2805
1719 2882
1719 1757
1719 3561
1719 4590
1719 3922
1719 4833
1719 1959
1720 4353
1720 3370
1720 4553
1721 4544
1721 1814
1721 3272
1722 3167
1722 2230
1722 1887
1723 3976
1723 2397
1723 3235
1723 3150
1723 1912
1723 3341
1724 2077
1724 2278
1724 3902
1724 1944
1724 4424
1725 4179
1725 2609
1725 4268
1725 2540
1726 2960
1726 2911
1726 3267
1726 1747
1726 3984
1727 2213
1727 4885
1727 2445
1727 2462
1727 3001
1727 3687
1728 3022
1728 4365
1728 3358
1728 3974
1729 4423
1729 4437
1730 3244
1730 4283
1730 4628
1730 1909
1730 2593
1730 3514
1731 2400
1731 4612
1731 3781
1731 2567
1731 4209
1732 4274
1732 4434
1732 2457
1732 3377
1732 3751
1732 4661
1732 2343
1732 3804
1732 3075
1733 4432
1733 2696
1733 3718
1733 3735
1733 3339
1733 3890
1733 4933
1733 3884
1733 1793
1733 4199
1733 3157
1733 2562
1733 3687
1733 4162
1733 3451
1733 4687
1733 3203
1733 4131
1733 1991
1733 3896
1733 4035
1733 3177
1733 1931
1733 4118
1733 2803
1733 2462
1733 2621
1733 3525
1733 3561
1734 4553
1734 2226
1734 3446
1735 4387
1735 2181
1735 2213
1735 4628
1735 1992
1736 4107
1736 4381
1736 2612
1736 1871
1736 2748
1736 2261
1736 4262
1737 2791
1737 3262
1737 3746
1737 3241
1738 3080
1738 3393
1738 3690
1738 4063
1738 2668
1739 2461
1739 4350
1739 4447
1739 3247
1739 4388
1739 4523
1740 1992
1740 4121
1740 4327
1740 2296
1740 4385
1740 4932
1741 4685
1741 2694
1741 3196
1741 3267
1742 2356
1742 4121
1742 3352
1743 4776
1743 4058
1743 3829
1743 1909
1743 4942
1744 2846
1744 3944
1745 4792
1745 2193
1745 4790
1745 2754
1746 3718
1746 3730
1746 2991
1746 3756
1747 2677
1747 2983
1747 3172
1747 2448
1747 2441
1748 3149
1748 3268
1748 1777
1749 4869
1749 2859
1749 4551
1750 4261
1750 2515
1750 2195
1750 2263
1750 3922
1750 4077
1750 4484
1750 2754
1751 3013
1751 4833
1751 3542
1752 3605
1752 4942
1752 3291
1752 1897
1752 3805
1753 4108
1753 2077
1753 4399
1753 4559
1753 3214
1753 2014
1754 2915
1754 3682
1754 4726
1754 4844
1754 3892
1755 4626
1755 3467
1756 4758
1756 3843
1756 2454
1756 1802
1757 4276
1757 2245
1757 2811
1757 2445
1758 3063
1758 2643
1758 2407
1759 4668
1759 4742
1759 3943
1760 4929
1760 2677
1760 3471
1760 2576
1760 2714
1760 1805
1760 3855
1760 3432
1760 4283
1761 2592
1761 4630
1761 4888
1761 4903
1762 4790
1762 1996
1762 3845
1762 2465
1762 3437
1763 2155
1763 4447
1763 2156
1763 4355
1763 3714
1763 1990
1763 2049
1763 4043
1763 3313
1763 1916
1763 4937
1764 2051
1765 2688
1765 4612
1765 2818
1766 3788
1766 4312
1766 2206
1766 3827
1766 2837
1766 4305
1767 3674
1767 3562
1767 3880
1767 2226
1768 2119
1768 4612
1768 2872
1768 3472
1769 3196
1769 3267
1770 3586
1770 4904
1770 4589
1770 2554
1770 4644
1770 2516
1770 3443
1770 2068
1770 4869
1771 3296
1771 3876
1771 2687
1771 3293
1771 4898
1771 3172
1771 3094
1772 2213
1772 2747
1772 4935
1772 3347
1772 1909
1772 4736
1772 2899
1773 2368
1773 2529
1773 3698
1773 4076
1773 4091
1774 2087
1774 3289
1774 4933
1775 2229
1776 2509
1776 2687
1777 3870
1777 2800
1777 3779
1777 2033
1777 2062
1777 3956
1777 1801
1777 1929
1777 3626
1778 2296
1778 4300
1778 3027
1778 4755
1778 3422
1778 4348
1779 4404
1779 2710
1779 3223
1779 3316
1780 2136
1780 3263
1780 3202
1780 2003
1781 4833
1781 4890
1782 3010
1782 3718
1783 2314
1783 4544
1783 2985
1783 3859
1783 3088
1784 3100
1784 4901
1784 4825
1784 1794
1784 4345
1784 4676
1785 3288
1785 3553
1785 3698
1786 3072
1787 4251
1787 2860
1787 3339
1787 3404
1787 3841
1787 4425
1788 4065
1788 3485
1788 2922
1788 4771
1789 4251
1789 4314
1789 4331
1789 3355
1789 1991
1789 4290
1789 3896
1790 3437
1790 2754
1790 3497
1790 1791
1790 3913
1790 2150
1791 3497
1791 3754
1791 3844
1791 2412
1791 3155
1791 4926
1791 3899
1792 4121
1792 4252
1792 4397
1792 4567
1792 3615
1793 2213
1793 2351
1793 3095
1793 2911
1793 3501
1793 4251
1793 3896
1794 4173
1794 2314
1794 3456
1794 1891
1794 2948
1794 3826
1794 2304
1794 3060
1794 3448
1795 3149
1795 4146
1795 3574
1796 2121
1796 2257
1796 2273
1796 2390
1796 3945
1796 4861
1797 2506
1797 2622
1797 3901
1797 2739
1798 2147
1798 2243
1798 2670
1798 2686
1798 3942
1799 2374
1799 2599
1799 2778
1799 3377
1799 3674
1800 3127
1800 3156
1800 3498
1801 3372
1801 3251
1801 2681
1802 4523
1802 2302
1802 3082
1802 2262
1802 3571
1802 4808
1803 2674
1803 2043
1803 4104
1803 3550
1804 4300
1804 3592
1804 4749
1804 4001
1804 3622
1804 3705
1804 3636
1804 4472
1805 2613
1805 2105
1805 4711
1805 2677
1805 4320
1805 3242
1805 4592
1805 3366
1805 3432
1805 4628
1806 2257
1806 4562
1806 2837
1807 2914
1807 3614
1807 4863
1807 3074
1807 2451
1808 4224
1808 3557
1808 4854
1808 2664
1808 2111
1809 4711
1809 2677
1809 4238
1809 4923
1809 3294
1809 4492
1809 3988
1810 4198
1810 4876
1810 3851
1810 2344
1810 4914
1810 2551
1811 4491
1811 3170
1811 2084
1811 3906
1811 4495
1811 1958
1811 3534
1812 2390
1812 4099
1812 3041
1813 4873
1813 3668
1813 3800
1814 4293
1814 2345
1814 3272
1814 3638
1814 3544
1814 2953
1814 3381
1814 4348
1814 3823
1814 2903
1814 3568
1814 2270
1814 2814
1814 3604
1815 3138
1816 4129
1816 3261
1816 4896
1816 2445
1817 2213
1817 4283
1817 3435
1817 2870
1817 2117
1817 1992
1817 4138
1817 4374
1817 2525
1817 3828
1818 2475
1818 2814
1818 2998
1818 3673
1818 3949
1819 2455
1819 3668
1819 4612
1819 3490
1819 3786
1820 2131
1820 2837
1820 3827
1820 3077
1820 4264
1820 3315
1820 1983
1820 4034
1820 3772
1821 4251
1822 4612
1822 2872
1822 3268
1822 3358
1822 3817
1822 4870
1822 3463
1823 2223
1823 4745
1823 2754
1823 3693
1823 3909
1824 3497
1824 4722
1824 4383
1824 4163
1824 3591
1824 2206
1824 4269
1824 3852
1824 4360
1825 2677
1825 3445
1825 4220
1825 3430
1825 3448
1825 2441
1826 4836
1826 3758
1827 2017
1827 4470
1827 3502
1827 3953
1828 4835
1828 4882
1828 3367
1828 2070
1828 4876
1828 3022
1828 1940
1829 2982
1829 4851
1829 3065
1829 3227
1829 4447
1830 4522
1830 2715
1830 4903
1831 4544
1831 4628
1831 3905
1831 4194
1832 4767
1832 3496
1832 3970
1833 2677
1833 2844
1833 4756
1833 2983
1834 2577
1834 2754
1834 3497
1834 2043
1834 4816
1834 2426
1834 3940
1834 1908
1835 4313
1835 2143
1835 3017
1835 1867
1835 2565
1836 4691
1836 4141
1836 4129
1836 2460
1837 4301
1837 1951
1837 3349
1837 4897
1837 4635
1837 3107
1837 4612
1838 2496
1838 4805
1838 4955
1838 3029
1838 3693
1838 3971
1838 4856
1838 2416
1839 3825
1839 4538
1839 3115
1839 3210
1840 3712
1840 4040
1840 3220
1840 4314
1840 4707
1840 3239
1840 3666
1840 4892
1840 2883
1841 3626
1841 3463
1841 1965
1842 2722
1842 2979
1842 3262
1843 4833
1844 4428
1844 3190
1844 2078
1844 2769
1844 3186
1844 4699
1844 3871
1844 4944
1844 3605
1844 3401
1844 2498
1845 3170
1845 2101
1845 3987
1846 3586
1846 2177
1846 3443
1846 3124
1846 2554
1846 3090
1846 4550
1846 4731
1846 3956
1847 3170
1847 3897
1847 4529
1847 4538
1847 3620
1848 2213
1848 4608
1848 2010
1849 4248
1849 2213
1849 4615
1849 4672
1849 2103
1849 2943
1849 1858
1849 2303
1849 3213
1849 1926
1849 1992
1850 2180
1850 4664
1850 1997
1850 2513
1851 2677
1851 2448
1851 3701
1851 4505
1851 2865
1852 2273
1852 2822
1852 4312
1852 4203
1852 3295
1852 3572
1852 3943
1852 3000
1853 4307
1853 2660
1853 3664
1854 2181
1854 2213
1854 4288
1854 4628
1854 3770
1854 2571
1854 3441
1854 3170
1854 3107
1854 3615
1855 2155
1855 2302
1855 4447
1855 4712
1855 2689
1855 1960
1855 4044
1855 3843
1856 2213
1856 2259
1856 4628
1856 3753
1856 2524
1857 3235
1857 3241
1857 3534
1858 3213
1858 2213
1858 4066
1859 1990
1859 3583
1859 4768
1859 2143
1859 4309
1860 2679
1860 4698
1860 2215
1860 2493
1860 2522
1860 3139
1860 2383
1860 3766
1861 2109
1861 2675
1861 2231
1861 2337
1861 1934
1861 3605
1862 2520
1862 2806
1862 3648
1862 3948
1863 4145
1863 2520
1863 2599
1863 3512
1863 3648
1863 3642
1863 4427
1863 2374
1863 4266
1863 4492
1863 3327
1863 2688
1863 4726
1864 2353
1864 3016
1864 3674
1864 3800
1865 4134
1865 2213
1865 4628
1865 4873
1866 4505
1866 4530
1866 4752
1866 3401
1867 2213
1867 4248
1867 3359
1867 4698
1868 2677
1868 2340
1868 1996
1868 3885
1869 4873
1869 3913
1869 3989
1870 3972
1870 2199
1870 1892
1870 1887
1870 4020
1871 2645
1872 4133
1872 4516
1872 4444
1872 2051
1872 4231
1873 2220
1873 2223
1873 4338
1873 2754
1873 3025
1874 4818
1874 4251
1874 4856
1874 4203
1875 3059
1875 4230
1875 4091
1876 3147
1876 2074
1876 3254
1877 4753
1877 3671
1877 3359
1877 3078
1877 2120
1877 3180
1878 2695
1878 3432
1878 2236
1878 3028
1878 4009
1879 4248
1879 2213
1879 4628
1879 3600
1879 1992
1880 2213
1880 4283
1880 4628
1880 4800
1880 1992
1881 2053
1881 4197
1882 3586
1882 4498
1882 2383
1882 4528
1882 4534
1883 3590
1883 2089
1883 4040
1883 3001
1884 2719
1885 4251
1885 2441
1886 3648
1886 3705
1887 4142
1887 2123
1887 2254
1887 3850
1887 4888
1887 3400
1887 3278
1887 4709
1887 3949
1887 2133
1887 3574
1887 2047
1887 4160
1887 4808
1887 4402
1887 4746
1887 4656
1887 4505
1888 2296
1888 4119
1888 3423
1888 2019
1888 4511
1888 4555
1888 2521
1888 3490
1888 4182
1889 2695
1889 4308
1889 3973
1890 2077
1890 2228
1890 4617
1890 2948
1890 2929
1891 2314
1891 2797
1891 2837
1891 3041
1892 4833
1892 4091
1893 2749
1893 4230
1893 2248
1893 4815
1893 2925
1893 4091
1894 3939
1894 3941
1894 3300
1894 3067
1895 4547
1895 2102
1895 2873
1895 2133
1895 2029
1895 3565
1896 3898
1897 4413
1897 2568
1897 3494
1897 2898
1897 4592
1898 4019
1898 3464
1898 4270
1899 2213
1899 4283
1899 2032
1899 4091
1900 3126
1900 3668
1900 4701
1901 2647
1901 4904
1901 2405
1901 4802
1901 2201
1901 2795
1902 2253
1902 2383
1902 3706
1902 3237
1903 3270
1903 3712
1903 3718
1904 4544
1904 2822
1904 4950
1904 3077
1904 3961
1904 3827
1904 2391
1904 2758
1904 4807
1905 2187
1905 4919
1905 4566
1906 4499
1906 4447
1906 3237
1906 4087
1906 3355
1907 4150
1907 4297
1907 2900
1907 3453
1907 2567
1908 2754
1908 3454
1908 3127
1908 2148
1908 4051
1908 3979
1908 2828
1908 3971
1908 3158
1908 4745
1908 4865
1908 4773
1908 4863
1908 3205
1908 3682
1908 4825
1908 2402
1909 4628
1909 3770
1909 2157
1909 3798
1909 2747
1909 3877
1909 2817
1909 4776
1909 2830
1909 2982
1909 4517
1909 2029
1909 4266
1909 2125
1909 2933
1909 3564
1910 4429
1910 4915
1910 3854
1910 2976
1910 4614
1910 4600
1911 3102
1911 2390
1911 2837
1911 2359
1911 3480
1911 4251
1912 4481
1912 4182
1912 3362
1912 4435
1913 2750
1913 4233
1913 4506
1913 2478
1913 2322
1913 2659
1914 4833
1914 3887
1914 2950
1914 3505
1915 4072
1915 2474
1915 4384
1915 4617
1915 3090
1916 4139
1916 4449
1916 3827
1916 2837
1916 2947
1916 4269
1916 1928
1916 4034
1916 3262
1917 2710
1917 3512
1917 4404
1917 3228
1917 4120
1918 4504
1918 1936
1918 3464
1918 2732
1918 2241
1919 4688
1919 4673
1919 1995
1919 4542
1919 3446
1919 4332
1920 2209
1920 2213
1920 4628
1920 3638
1920 4668
1921 3618
1921 4656
1921 2609
1921 4846
1921 2223
1921 3675
1922 3372
1922 4519
1922 3432
1922 4505
1922 4238
1923 3080
1923 4745
1923 3522
1923 3270
1923 2687
1923 2966
1923 4129
1924 4447
1924 4824
1924 3605
1924 4334
1925 4530
1925 3428
1925 3212
1925 4349
1925 2024
1926 2951
1926 3984
1926 2365
1927 2213
1927 4429
1927 4628
1927 4873
1927 3959
1927 3040
1927 2920
1928 2121
1928 3889
1928 4946
1928 3046
1928 4034
1928 2905
1928 2273
1928 3102
1928 4433
1928 2601
1928 4091
1928 2915
1928 3664
1929 3596
1929 3621
1929 3224
1929 3957
1929 4703
1929 4106
1929 3007
1929 4200
1930 2677
1930 3471
1930 3863
1930 2973
1930 2576
1930 3478
1930 2464
1930 2361
1930 3538
1931 2837
1931 2905
1932 2218
1932 4104
1932 3931
1932 4549
1932 4612
1932 4809
1932 3490
1932 3605
1932 3215
1932 3357
1932 3268
1932 4403
1932 4778
1932 2107
1933 4447
1933 3343
1934 2822
1934 2837
1934 4876
1934 1978
1934 2778
1934 3718
1935 4457
1935 2781
1935 2040
1935 4018
1936 2366
1936 2294
1936 3311
1937 2096
1937 2412
1937 2754
1938 4357
1938 3085
1939 2529
1939 3553
1939 4830
1939 2179
1939 3010
1939 4091
1939 4163
1940 2769
1940 2608
1940 4813
1940 3629
1941 3711
1941 3346
1941 3218
1941 4215
1941 3344
1942 4524
1942 3743
1943 2772
1943 4125
1943 2687
1944 4452
1944 4196
1944 2296
1944 4736
1944 3868
1944 2184
1944 2968
1945 4817
1945 3350
1945 3878
1945 3041
1945 3970
1945 2323
1946 2679
1946 4763
1946 4929
1946 3055
1946 2518
1946 3491
1946 3277
1946 2425
1946 2501
1946 2371
1946 4018
1947 2357
1947 3668
1947 2769
1947 3976
1947 2988
1948 3100
1948 4949
1948 4018
1949 2213
1949 4283
1949 4628
1949 2936
1949 2535
1950 2680
1950 2954
1950 3468
1950 4791
1951 2157
1951 2213
1951 4429
1951 4628
1951 2296
1952 4675
1952 2275
1952 4612
1952 3225
1952 3490
1952 3608
1952 4747
1952 3326
1953 4553
1953 3680
1953 3241
1954 3230
1954 2025
1954 3699
1955 2354
1955 3961
1955 3033
1955 2869
1955 3866
1955 4228
1956 3159
1956 4251
1956 4420
1956 3718
1957 2224
1957 2837
1957 4901
1957 4802
1957 2677
1957 4447
1958 4272
1958 3940
1959 4230
1959 4551
1959 2595
1959 4193
1959 2330
1959 4830
1959 3618
1959 4692
1959 2247
1960 3319
1960 4874
1960 2851
1960 3166
1960 3486
1961 2979
1961 4612
1961 2573
1961 3011
1961 3083
1961 4677
1961 2978
1961 2012
1961 2810
1961 3268
1961 3817
1961 2647
1961 3259
1962 2480
1962 3742
1962 3898
1963 2124
1963 3281
1963 2271
1964 3591
1964 3800
1964 2009
1965 2962
1965 3026
1965 3718
1965 2089
1966 3102
1966 2458
1966 3995
1967 4312
1967 3347
1967 4387
1968 4891
1968 3025
1968 3702
1969 2475
1970 3136
1970 2951
1970 2888
1971 2797
1971 4121
1971 4564
1971 3022
1971 2952
1972 2837
1972 2213
1972 4283
1972 3768
1973 2658
1973 3235
1973 3078
1973 4033
1974 2457
1974 2510
1974 2834
1974 3277
1974 4019
1974 4440
1975 2589
1975 4735
1975 2769
1975 3976
1975 4612
1975 4798
1976 3129
1976 3053
1977 2661
1978 2131
1978 4946
1978 2580
1978 2441
1979 4743
1979 3511
1979 3594
1980 2257
1980 2837
1980 3881
1980 3630
1981 2754
1981 3270
1981 3497
1981 3856
1982 4326
1982 2296
1982 2980
1983 2121
1983 2390
1983 2837
1983 4946
1983 4869
1983 2400
1983 3788
1983 4348
1983 2981
1983 1998
1983 3041
1983 3410
1983 2687
1984 4251
1984 2991
1984 2481
1984 4274
1984 4087
1985 4711
1985 2677
1985 2266
1985 4669
1986 3347
1986 4544
1986 2837
1986 3147
1986 3390
1987 4523
1987 2792
1987 3192
1987 3718
1988 2837
1988 4128
1988 4447
1989 2372
1989 2455
1989 2806
1990 3189
1990 4447
1990 3985
1990 2136
1991 4097
1991 4131
1991 2991
1991 3000
1992 2213
1992 4774
1992 2351
1992 3325
1992 2936
1992 2181
1992 2393
1992 3854
1992 4877
1992 4776
1992 2906
1992 3825
1992 2817
1992 4134
1992 3914
1992 4638
1992 4422
1992 2307
1992 2157
1992 3857
1992 4042
1992 3435
1992 4886
1992 4956
1992 4344
1992 4288
1992 3634
1992 4487
1992 4907
1992 2408
1992 4678
1992 2865
1992 3535
1992 3503
1992 4747
1993 3241
1993 4836
1994 3407
1994 2296
1994 2840
1994 2823
1995 2482
1995 3298
1995 3648
1996 2309
1996 2754
1996 3268
1996 3571
1997 4442
1997 3932
1997 4504
1997 2051
1997 4516
1997 2544
1998 4147
1998 4641
1998 3876
1999 4447
1999 4779
1999 3261
1999 3490
2000 3097
2000 4553
2001 3260
2001 2493
2002 4544
2002 2837
2002 4449
2002 2354
2002 4264
2002 3797
2003 3712
2003 2562
2003 3087
2003 3319
2004 4825
2004 4931
2004 4802
2005 4761
2005 3498
2005 3721
2006 2116
2006 2502
2006 4097
2007 4825
2007 2837
2007 2820
2007 3880
2007 3847
2007 2988
2007 2498
2008 4224
2008 2248
2008 3783
2008 4833
2008 4887
2008 4091
2008 2875
2009 4238
2009 4938
2009 2434
2009 4504
2009 2513
2010 2181
2010 2213
2010 4628
2011 4251
2011 4331
2011 4856
2011 3355
2011 3718
2012 4612
2013 4597
2013 3420
2013 4596
2013 3573
2013 4579
2014 2157
2014 2213
2014 4628
2015 2121
2015 4185
2015 2837
2015 3147
2015 2410
2015 3126
2015 4685
2015 4251
2016 3698
2016 2969
2016 3834
2016 3617
2016 3014
2016 3179
2016 2531
2017 4212
2017 4939
2018 2197
2018 3860
2019 4901
2019 2100
2019 2358
2019 4436
2019 2676
2019 4513
2020 2296
2020 2703
2020 2754
2020 4943
2020 3632
2020 3702
2021 3316
2021 2357
2021 3668
2021 2769
2021 2988
2021 4092
2022 4649
2022 2442
2022 4920
2022 4332
2023 2074
2023 4607
2023 3123
2023 2482
2024 2029
2025 2665
2025 4020
2025 4253
2026 3557
2026 3898
2026 2530
2026 4264
2027 2139
2027 2261
2027 2357
2027 4592
2027 3668
2027 2769
2027 3022
2028 3668
2028 2059
2028 4612
2028 3490
2029 4417
2029 3172
2029 3394
2030 4261
2030 4758
2030 3234
2030 3449
2030 3564
2030 2052
2031 4681
2031 4142
2031 2687
2031 3290
2032 2613
2032 2949
2032 4271
2032 3557
2032 3010
2032 4251
2033 4248
2033 4612
2033 3358
2033 3028
2034 4180
2034 4612
2034 4691
2034 4809
2034 2952
2034 3490
2034 3596
2034 4008
2035 2273
2035 3586
2035 2218
2035 2502
2036 4573
2036 2498
2037 3250
2037 3668
2037 4041
2037 4059
2037 2713
2038 2892
2038 4603
2039 2138
2039 3089
2040 2574
2040 4192
2041 4128
2041 3245
2041 4534
2041 4332
2041 4135
2041 4669
2041 2442
2041 4892
2041 3193
2042 3389
2042 3200
2042 4501
2042 4570
2042 2765
2042 3190
2042 2467
2043 4447
2043 3532
2043 3894
2043 4773
2043 3563
2043 2813
2043 3583
2043 2893
2043 2544
2043 2872
2044 3114
2044 4447
2044 4595
2045 4239
2045 4447
2045 2138
2046 4612
2046 3268
2046 2684
2046 4691
2046 4795
2046 4902
2046 4907
2046 2064
2046 3652
2047 2280
2047 2049
2048 4795
2049 2494
2049 2999
2049 3205
2049 4128
2049 4447
2049 3201
2050 4438
2050 4612
2050 2442
2050 4189
2050 2730
2050 4641
2050 2941
2050 4534
2050 2558
2051 2936
2051 4504
2051 4792
2051 4442
2052 2270
2052 3427
2052 3398
2052 3883
2052 4240
2053 3880
2053 4414
2053 4197
2054 2091
2054 2128
2054 3962
2054 3104
2054 2676
2055 4279
2055 2607
2055 4220
2055 2146
2056 2654
2056 4181
2056 2328
2056 4220
2056 2441
2057 3731
2057 2364
2057 2721
2057 3267
2058 4479
2058 4626
2058 4448
2058 2152
2058 4010
2059 2881
2059 3386
2059 2872
2059 4651
2059 2276
2059 2200
2059 3160
2059 3490
2060 3100
2060 3076
2060 3993
2060 2082
2060 3901
2060 3066
2060 2091
2060 2251
2060 4029
2060 2226
2060 2754
2061 4531
2061 4425
2061 4367
2062 4091
2062 4680
2062 2934
2062 3011
2062 3490
2063 4904
2063 2241
2063 3014
2063 4049
2063 3094
2063 2304
2063 4447
2064 3094
2064 3247
2064 3373
2064 4432
2064 4447
2064 4030
2065 4639
2065 3232
2066 2677
2066 2833
2066 4781
2066 4776
2066 3690
2066 2213
2066 4283
2066 4628
2066 3716
2067 4221
2067 2331
2067 3804
2067 3543
2067 3895
2067 4225
2067 4447
2067 4030
2068 2837
2068 3468
2068 2132
2069 2075
2069 3066
2069 4601
2070 3802
2070 2956
2071 4636
2071 2405
2071 3265
2071 4128
2071 4447
2072 2093
2072 2278
2072 4013
2072 4712
2072 4121
2072 2260
2072 4668
2072 2687
2073 3334
2073 2888
2073 4422
2073 3146
2073 2213
2073 2572
2073 4628
2073 3768
2073 4897
2074 3065
2074 3725
2074 3634
2074 2832
2074 4053
2075 3267
2075 4856
2075 4163
2076 2243
2076 2306
2076 4144
2076 2165
2076 2382
2076 3267
2076 4731
2076 4458
2077 4507
2077 4783
2077 3510
2077 3214
2077 4316
2077 2709
2077 4265
2077 2847
2077 3736
2077 3428
2077 2188
2077 2590
2077 3670
2077 3504
2077 4372
2077 4048
2077 2454
2077 4571
2077 4096
2077 2192
2077 2985
2077 3087
2077 2591
2077 3368
2077 3102
2077 4469
2077 4470
2077 3090
2077 3412
2078 4631
2078 4637
2078 3072
2078 4670
2078 2109
2078 4833
2078 3987
2078 3221
2079 2687
2079 3797
2079 4371
2079 2531
2079 4806
2079 2551
2080 2709
2080 4096
2080 3752
2080 4292
2081 3376
2081 3089
2081 3930
2081 4033
2082 2091
2082 3014
2082 3927
2082 2134
2082 4335
2082 4170
2082 3549
2082 3387
2082 4436
2082 4129
2083 3045
2083 4035
2083 3315
2083 3595
2083 4856
2084 4786
2085 4243
2085 3057
2086 4124
2086 3214
2086 4208
2086 4849
2086 2130
2086 2226
2086 4527
2086 2399
2087 4254
2087 4011
2087 4138
2087 2225
2087 2263
2088 4429
2088 3607
2088 3986
2088 3002
2088 2524
2088 2583
2088 3866
2088 3898
2088 3940
2088 3987
2088 4091
2089 3246
2089 4831
2089 4251
2090 4102
2090 4262
2090 2927
2090 3623
2090 3407
2090 2754
2091 4436
2091 3369
2092 2383
2092 3371
2092 2647
2092 2183
2092 3743
2092 4269
2093 2281
2093 4291
2093 3135
2093 4684
2093 4167
2093 2253
2093 3479
2093 2112
2093 2688
2093 4757
2093 4559
2094 4121
2094 2410
2094 4698
2094 4385
2095 3668
2095 3330
2095 4163
2095 3585
2095 3817
2095 4410
2095 4696
2096 4436
2096 2795
2096 4094
2096 2220
2096 3880
2096 2629
2097 3739
2097 4758
2097 4858
2097 3155
2097 4453
2097 2754
2097 3895
2097 3902
2098 3002
2098 3940
2098 4637
2098 2587
2098 3233
2098 3617
2098 4091
2098 2370
2099 2505
2099 2813
2100 3104
2100 2104
2100 2161
2100 4278
2100 4115
2100 4851
2100 2123
2100 2116
2100 2573
2101 2233
2101 3887
2101 4004
2101 3565
2102 2152
2102 3949
2103 3228
2103 4058
2103 4288
2103 4720
2103 2186
2103 2572
2103 3838
2103 4042
2103 2808
2104 3070
2104 3188
2104 2559
2104 2676
2104 4530
2104 3791
2105 2677
2105 3478
2105 3919
2105 2719
2105 2448
2105 4628
2105 4878
2106 4349
2106 2522
2106 2472
2106 4078
2106 4698
2106 2281
2106 2383
2107 3260
2107 2799
2107 4367
2107 3210
2108 2589
2108 4652
2108 4874
2108 2223
2108 2754
2108 2828
2108 4943
2108 3006
2108 3029
2108 3754
2109 2996
2109 4447
2109 4612
2110 3431
2110 2433
2111 4417
2111 2509
2111 4726
2111 3278
2112 4305
2112 3894
2112 4698
2112 3303
2113 3234
2113 2183
2114 2313
2114 2242
2114 4236
2115 2704
2115 4074
2115 3930
2116 4028
2116 4573
2116 2924
2116 3329
2116 2988
2117 3490
2117 4875
2117 4557
2117 3180
2118 3313
2118 2505
2119 3570
2119 2232
2119 2408
2119 4612
2119 4734
2120 3032
2120 3775
2120 3691
2120 3464
2120 2241
2120 3020
2121 4139
2121 2735
2121 2333
2121 4011
2121 3584
2121 4212
2121 2797
2121 2822
2121 2837
2121 4901
2121 4353
2121 2855
2121 2407
2122 4447
2122 3962
2122 3930
2123 4628
2123 2383
2123 4937
2123 3836
2123 4465
2124 4664
2124 4133
2124 4124
2124 2459
2124 2513
2124 2155
2125 2392
2125 4711
2125 2973
2125 2864
2125 4320
2125 4519
2125 3855
2125 3630
2125 2677
2125 2591
2126 4612
2126 4885
2126 2592
2126 4394
2126 3001
2127 2540
2127 2302
2127 2766
2127 2196
2127 4071
2127 3777
2127 3343
2127 4400
2127 2167
2127 4447
2127 2689
2127 2254
2128 4370
2129 2870
2129 4076
2129 4723
2129 2538
2129 4765
2129 3866
2130 2202
2130 4282
2130 2246
2130 3090
2130 4165
2131 4149
2131 2477
2131 2400
2131 3229
2131 2356
2131 4946
2132 4640
2132 3742
2132 3180
2133 2936
2133 4090
2133 3333
2133 4347
2133 2736
2134 2722
2134 4628
2134 2286
2134 3073
2135 3674
2135 4548
2135 3279
2135 2415
2135 4732
2135 2686
2135 2461
2135 4302
2135 2546
2136 3020
2136 3573
2136 4447
2136 3777
2137 4241
2137 3418
2137 4246
2137 4727
2137 2794
2137 4903
2138 2432
2138 4192
2138 4738
2138 4787
2139 3226
2139 4218
2139 3679
2139 3258
2139 2250
2140 4237
2140 4016
2140 3141
2140 2981
2140 3278
2140 3654
2140 4893
2140 2998
2140 3239
2140 4461
2140 2910
2140 4465
2141 2523
2141 2213
2141 4358
2141 3180
2142 3571
2143 4447
2143 3346
2143 3727
2143 2370
2144 4326
2144 2214
2144 3157
2144 3735
2145 2983
2145 4154
2145 4293
2145 3490
2146 2171
2146 2253
2146 2339
2146 2383
2147 2569
2147 2430
2147 2546
2147 4943
2148 3389
2148 4628
2148 3061
2148 3895
2148 3516
2148 3124
2148 3261
2148 2754
2148 4816
2148 3583
2149 4447
2150 4628
2150 4359
2150 4299
2150 4329
2150 2551
2151 2219
2151 3387
2151 4293
2151 2358
2152 4626
2152 4568
2152 4386
2153 3393
2153 2189
2153 2443
2153 2312
2153 3498
2154 4612
2154 2668
2154 3442
2155 2156
2155 2196
2155 2170
2155 3087
2155 3122
2155 4350
2155 4844
2155 4363
2155 3040
2155 2467
2155 4225
2155 4325
2155 4447
2156 4166
2156 4207
2156 2808
2156 4447
2156 2416
2157 4638
2157 4599
2157 2982
2157 4924
2157 2213
2157 2855
2157 2969
2158 2624
2158 3679
2158 3502
2158 3190
2158 4851
2158 3179
2159 4188
2160 3332
2160 2854
2160 3465
2160 4864
2160 3583
2160 3589
2161 2676
2161 3129
2161 3104
2161 2381
2161 4841
2161 3081
2161 3531
2162 2209
2162 4800
2162 2759
2162 4283
2162 4628
2162 2663
2162 3875
2162 2855
2162 2936
2162 3592
2163 3763
2163 4843
2163 4835
2163 3109
2163 2831
2163 2386
2163 3028
2163 3235
2163 3575
2164 4747
2164 2281
2164 4375
2164 2383
2164 4612
2165 4793
2165 4352
2165 4358
2165 3180
2166 2485
2166 2599
2166 3794
2166 4619
2166 3741
2166 2396
2166 3415
2166 2353
2166 3262
2166 2368
2167 2391
2167 2563
2167 4447
2167 4712
2167 3777
2167 4306
2168 3237
2168 4941
2168 3000
2168 4386
2168 3142
2169 4698
2169 3354
2169 4227
2169 2841
2170 4206
2170 3114
2170 3714
2170 4937
2170 3073
2170 3112
2170 3079
2170 2953
2170 4447
2170 4812
2171 2837
2171 4698
2171 2957
2171 2281
2172 4838
2172 3674
2172 2181
2172 3591
2172 3110
2172 4696
2173 3085
2173 2484
2173 4484
2173 3720
2173 2198
2173 2498
2173 3284
2173 3550
2174 3114
2174 2979
2174 4447
2174 3720
2174 2962
2175 4103
2175 4360
2175 3851
2175 2611
2175 4183
2175 4435
2175 4083
2175 4006
2176 4015
2176 4450
2176 3055
2176 2796
2176 2455
2176 4558
2176 2961
2176 3126
2176 2616
2177 4802
2177 3443
2177 4087
2177 2534
2178 4128
2178 3256
2178 3803
2178 4447
2178 3126
2178 4673
2179 4698
2179 4728
2179 2493
2179 2579
2179 3407
2179 4906
2180 4496
2180 3537
2180 4712
2181 4000
2181 2634
2181 4881
2181 2276
2181 3325
2181 2976
2181 4905
2181 3269
2181 3630
2181 3286
2181 2213
2181 3549
2181 4638
2181 3875
2181 2551
2182 4305
2182 2964
2182 4118
2182 2288
2183 4163
2183 4579
2183 2874
2183 4485
2183 2827
2183 3918
2184 4732
2184 4126
2184 3635
2184 2288
2184 2357
2184 4582
2184 3668
2184 2769
2184 3566
2185 3132
2185 2303
2185 4126
2185 4459
2186 4894
2186 2701
2186 3213
2186 2213
2186 4283
2186 4628
2186 2634
2186 3110
2187 2419
2187 4380
2187 3620
2187 4339
2187 4091
2188 4124
2188 3232
2188 2346
2188 2753
2188 2230
2188 3719
2189 2312
2189 2443
2189 4676
2189 3134
2190 4105
2190 3852
2190 4585
2190 4499
2190 2528
2191 3170
2191 4493
2192 4591
2192 4196
2192 2260
2192 2296
2192 3090
2192 3719
2192 4918
2193 4858
2193 2828
2193 3612
2193 3996
2193 2754
2194 2805
2194 4174
2195 4532
2195 2772
2195 4764
2195 3424
2195 4438
2195 3368
2195 2991
2195 2197
2196 3087
2196 4852
2196 4447
2196 2711
2196 4955
2197 3170
2197 4775
2197 2214
2197 3854
2197 2515
2197 4352
2198 3629
2198 2422
2198 2570
2199 4537
2199 2897
2199 3531
2199 2540
2199 4726
2199 3832
2200 4381
2200 3072
2200 4564
2200 4612
2200 4902
2200 3160
2201 3090
2201 4559
2201 2534
2201 4222
2201 3219
2201 2296
2201 4264
2201 4918
2201 4470
2202 3717
2202 2590
2203 2262
2203 3082
2203 4263
2203 4208
2203 4520
2204 4147
2204 3623
2204 3525
2204 3311
2205 2709
2205 2226
2205 2296
2205 3594
2205 4013
2206 3827
2206 3082
2206 3746
2207 3668
2207 4708
2207 3716
2208 3377
2208 4119
2208 4412
2209 2552
2209 2976
2209 4058
2209 4517
2209 2213
2209 4283
2209 4628
2209 4867
2210 4701
2210 3784
2210 2221
2210 2252
2210 3718
2211 2596
2211 4617
2211 4925
2211 4243
2212 3825
2212 4628
2213 4577
2213 4000
2213 4289
2213 2552
2213 4057
2213 4853
2213 2747
2213 3213
2213 3435
2213 4883
2213 2830
2213 4608
2213 3753
2213 3349
2213 2620
2213 4672
2213 2572
2213 4895
2213 2269
2213 4831
2213 3747
2213 2943
2213 4881
2213 2351
2213 4407
2213 4774
2213 3798
2213 4301
2213 3954
2213 2799
2213 4080
2213 4615
2213 4873
2213 3770
2213 2817
2213 3228
2213 3854
2213 4956
2213 4646
2213 2976
2213 4877
2213 2276
2213 2855
2213 3914
2213 4628
2213 3787
2213 4776
2213 4039
2213 4635
2213 3244
2213 3849
2213 4134
2213 3867
2213 3825
2213 3883
2213 3829
2213 4771
2213 2663
2213 4894
2213 4578
2213 4283
2213 4886
2213 4058
2213 3877
2213 4022
2213 4288
2213 2846
2213 4248
2213 4848
2213 2537
2213 4781
2213 3040
2213 2936
2213 4202
2213 2765
2213 2632
2213 4042
2213 2259
2213 3904
2213 2393
2213 2517
2213 3875
2213 3283
2213 4112
2213 4807
2213 2870
2213 4899
2213 3768
2213 2888
2213 3325
2213 2307
2213 2807
2213 3603
2213 3759
2213 4429
2213 3838
2213 3039
2213 2571
2213 3968
2213 3959
2213 4599
2213 4905
2213 4344
2213 3905
2213 2634
2213 2997
2213 3236
2213 3178
2213 4121
2213 3900
2213 3279
2213 4175
2213 4889
2213 3597
2213 4066
2213 2238
2213 3832
2213 4094
2213 3831
2213 4161
2213 4766
2213 2716
2213 3799
2213 2699
2213 4143
2213 4773
2213 2542
2213 4502
2213 4898
2213 4403
2213 4687
2213 4525
2213 3568
2213 3697
2213 3021
2213 3470
2213 3238
2213 4114
2213 3605
2213 4127
2213 3076
2213 3923
2213 2296
2214 3718
2214 4064
2215 4136
2215 4256
2215 2489
2215 4167
2215 2288
2216 3099
2216 2318
2216 2399
2216 3247
2216 4447
2216 2549
2217 3916
2217 4454
2217 3752
2217 3116
2218 3990
2218 4089
2218 2406
2218 4278
2218 4510
2218 4122
2218 3664
2218 4024
2219 3927
2219 4958
2219 4361
2220 3620
2220 4865
2220 3052
2220 2754
2220 2989
2221 2813
2221 3997
2221 2703
2221 3498
2221 4087
2222 2674
2222 2639
2222 4735
2223 4295
2223 4759
2223 4858
2223 3337
2223 4610
2223 3900
2223 4049
2223 2809
2223 4930
2223 2854
2223 2773
2223 4050
2223 3522
2223 4943
2223 3476
2223 2391
2223 4062
2223 2955
2223 4532
2223 4338
2223 2754
2223 3497
2224 3456
2224 2837
2225 2348
2225 4213
2225 4277
2225 2263
2225 4438
2225 2897
2226 4639
2226 3748
2226 4109
2226 2555
2226 2916
2226 3836
2226 4784
2226 2739
2226 4314
2226 4559
2227 3867
2227 2678
2227 4447
2227 3601
2228 4053
2228 2309
2228 4942
2228 2865
2229 2380
2229 2377
2229 4061
2229 2965
2230 2698
2230 2250
2230 4877
2230 2371
2231 4544
2231 4034
2231 4290
2231 4946
2231 2985
2231 3512
2232 3105
2232 3601
2232 3668
2233 4512
2233 4279
2233 4796
2233 4553
2234 4892
2234 2445
2234 4400
2234 3449
2235 2568
2235 3501
2235 2341
2235 3177
2236 3633
2236 3109
2236 3802
2236 3569
2236 3130
2236 2940
2236 2467
2237 4689
2237 3840
2237 4833
2237 3898
2238 3234
2238 3585
2238 3501
2239 4628
2239 4669
2239 4178
2239 4912
2239 4332
2239 2558
2240 2448
2240 4873
2240 3629
2240 2422
2240 3769
2240 3640
2240 2621
2240 2498
2241 2273
2241 3032
2241 3966
2241 4161
2241 2395
2241 3464
2241 4821
2241 4717
2241 3529
2241 3691
2241 3775
2241 2732
2241 4650
2241 2599
2241 4083
2241 3689
2241 3129
2242 4757
2242 3158
2242 2357
2242 3668
2243 2768
2243 2427
2243 4856
2243 4228
2244 4096
2244 3504
2244 4668
2244 4567
2244 4372
2244 4070
2244 2269
2244 3437
2245 2368
2246 2298
2246 3252
2246 3822
2246 2960
2246 2380
2246 4061
2246 4729
2247 2734
2247 4144
2247 4769
2247 3140
2247 4458
2247 3430
2248 2822
2248 3090
2248 2542
2248 2783
2248 4492
2248 3617
2248 2719
2249 3369
2249 4011
2249 2263
2249 3358
2249 2447
2249 4175
2250 2980
2250 3613
2250 3487
2250 2296
2250 3511
2251 4308
2251 2358
2251 4436
2252 2530
2252 3687
2252 2861
2252 2819
2253 4201
2253 3385
2253 3399
2253 3355
2254 3803
2254 2876
2254 3991
2255 3464
2255 3687
2255 3180
2255 2673
2256 4262
2256 2826
2256 2676
2257 2270
2257 4012
2257 2499
2257 2458
2257 4259
2257 2977
2257 4185
2257 2566
2257 4499
2257 4040
2257 3333
2257 3742
2257 3347
2257 2387
2257 2837
2257 2445
2257 2946
2258 4357
2258 3464
2258 2732
2258 4821
2259 4283
2259 4057
2259 4628
2259 4224
2259 2957
2260 2883
2260 3101
2260 2865
2260 3151
2261 3209
2261 3668
2261 2988
2262 4712
2262 4101
2262 2692
2263 2292
2263 2758
2263 2772
2263 4764
2263 4621
2263 2594
2263 4322
2263 3979
2263 4410
2263 3687
2263 4431
2264 4122
2264 3503
2265 2798
2265 3586
2265 4644
2265 3443
2265 3496
2266 3102
2266 2677
2266 2824
2266 3910
2266 4373
2266 2557
2266 3734
2266 3614
2267 2421
2267 4841
2267 3573
2267 2769
2268 2430
2268 4313
2268 4099
2268 4452
2269 4022
2269 4200
2269 4628
2269 3040
2269 3267
2270 4139
2270 2314
2270 3077
2270 4838
2270 4931
2270 2550
2271 2860
2271 3141
2271 2808
2271 3311
2272 3081
2272 4512
2272 4553
2273 2333
2273 4177
2273 4891
2273 2512
2273 4058
2273 2905
2273 3024
2273 4494
2274 3389
2274 4535
2274 2547
2274 2754
2274 3137
2274 3581
2275 3674
2275 4222
2275 3281
2275 4153
2275 4470
2275 2865
2275 4863
2276 2974
2276 4628
2277 3204
2277 2375
2277 3708
2278 4746
2278 3836
2278 2296
2278 2624
2279 4185
2279 2387
2279 4433
2279 2862
2279 2837
2279 4959
2280 3067
2280 3167
2280 2744
2281 4698
2281 3509
2281 2472
2281 4201
2281 3135
2281 2417
2281 4375
2281 4242
2281 4137
2281 3429
2281 3705
2281 4903
2281 2383
2281 4482
2281 3716
2282 4293
2282 3387
2282 2946
2283 3001
2283 3607
2284 4515
2284 4073
2284 4025
2284 4674
2284 4158
2284 4280
2284 4592
2284 3022
2284 4465
2284 2551
2285 3726
2285 2677
2285 2967
2285 2468
2285 3126
2286 4404
2286 4257
2286 3927
2286 3649
2286 4024
2287 3376
2287 4297
2287 2547
2287 4659
2288 4311
2288 3631
2288 3976
2288 2988
2289 2364
2289 4250
2289 4553
2289 2666
2290 2754
2290 4611
2290 2565
2290 4490
2291 3094
2291 4128
2291 4447
2292 3344
2292 3429
2292 2594
2292 2456
2292 2912
2293 4732
2293 4821
2293 3126
2293 2544
2293 3668
2293 2988
2293 4092
2294 3515
2294 2812
2294 4481
2294 4710
2294 2687
2295 2677
2295 4477
2295 4402
2295 3831
2295 2996
2295 2305
2295 3071
2296 2970
2296 3915
2296 3065
2296 4584
2296 3663
2296 3190
2296 2980
2296 2877
2296 2402
2296 4466
2296 4364
2296 4153
2296 3015
2296 3352
2296 3752
2296 4539
2296 4753
2296 4108
2296 3310
2296 3348
2296 3090
2296 3628
2296 2438
2296 3947
2296 4783
2296 2832
2296 3679
2296 3074
2296 3920
2296 4053
2296 2367
2296 2410
2296 3594
2296 4639
2296 3523
2296 4766
2296 3992
2296 2654
2296 3517
2296 3572
2296 3504
2296 4958
2296 3543
2296 3498
2296 2416
2296 3412
2296 2422
2296 3424
2296 4529
2296 3058
2296 3440
2296 2849
2297 2575
2297 4418
2297 2761
2297 2764
2297 2810
2297 3902
2298 4292
2299 3943
2299 3686
2299 4331
2299 2562
2299 4087
2300 2677
2300 4774
2300 4096
2300 4693
2300 3145
2300 2965
2301 4321
2301 4740
2301 2476
2301 4257
2302 3247
2302 3122
2302 3073
2302 2405
2302 2642
2302 4447
2303 4283
2303 2855
2303 4628
2304 3247
2304 4617
2304 4447
2305 2613
2305 2677
2305 4666
2305 2392
2305 4405
2305 4916
2305 4201
2306 4734
2307 3335
2307 4112
2307 3787
2308 2453
2308 2858
2308 3964
2308 3003
2309 3398
2309 3190
2310 2436
2310 4380
2310 2793
2310 3620
2311 2591
2311 3371
2311 4468
2311 4623
2311 3025
2312 3095
2312 2443
2312 4506
2313 3170
2313 3068
2313 4092
2313 4171
2313 3668
2313 4325
2313 3104
2313 2357
2313 3976
2313 2988
2314 2798
2314 2390
2314 4868
2314 2837
2314 2617
2315 2530
2315 4077
2315 4444
2315 3000
2316 2677
2316 3851
2316 3523
2317 3082
2317 4696
2317 3700
2317 3612
2317 4579
2318 3491
2318 3073
2318 4447
2318 4937
2318 2901
2319 2347
2319 3774
2319 2839
2319 2551
2320 3848
2320 2486
2320 2363
2320 3420
2320 3527
2320 3573
2320 2743
2321 3769
2321 2879
2321 3180
2322 2440
2322 3614
2322 4600
2323 4338
2323 4331
2323 3237
2324 4375
2324 4141
2324 4379
2325 3674
2325 4222
2325 2474
2325 3190
2325 4053
2326 2518
2326 3700
2326 4761
2326 4520
2326 4579
2326 2971
2327 3353
2327 4426
2327 3044
2327 4597
2327 2930
2327 3865
2327 4892
2327 3001
2328 3567
2328 2556
2328 2853
2328 4754
2328 4127
2328 4181
2328 4220
2328 2639
2328 3864
2328 4474
2328 2895
2328 3755
2328 3319
2328 3448
2328 2441
2329 4236
2329 4474
2329 2693
2331 4281
2331 3304
2331 4592
2331 4447
2332 2613
2332 2677
2332 4378
2332 4570
2332 3478
2332 4653
2332 4709
2332 2409
2332 4490
2333 3033
2333 3995
2333 3994
2333 2994
2333 3034
2333 3860
2333 3788
2333 3174
2333 3802
2333 4544
2333 4789
2333 2822
2333 4862
2334 4119
2334 2711
2334 3519
2334 3755
2334 3719
2334 4412
2334 4555
2335 4463
2335 2480
2335 3833
2335 4544
2335 4954
2335 4868
2335 2837
2335 2850
2336 3147
2336 2754
2336 3124
2336 3856
2336 3110
2337 4024
2337 4636
2337 4579
2337 4925
2337 2903
2337 2746
2338 4429
2338 2592
2338 3459
2338 3237
2338 2445
2338 3001
2339 4628
2339 2623
2339 4482
2340 2677
2340 2557
2340 2468
2340 3538
2340 2745
2341 2928
2341 3769
2341 3606
2341 2518
2341 3200
2341 4731
2342 4806
2342 4228
2342 4362
2342 3059
2342 4822
2342 2551
2343 2508
2343 4435
2343 4660
2343 4140
2343 2826
2344 2706
2344 4445
2344 4346
2344 2623
2344 4228
2344 2531
2344 2551
2345 3958
2345 4860
2346 4153
2346 4401
2346 3090
2346 3169
2347 3431
2347 4730
2347 3132
2347 4151
2347 4511
2347 4612
2348 3170
2348 2716
2348 4764
2348 2740
2348 3772
2349 4103
2349 4562
2349 4183
2349 4856
2350 4154
2350 4361
2350 4413
2350 4436
2350 3157
2351 4344
2351 3435
2351 4628
2351 3267
2352 4082
2352 3454
2352 3689
2352 3914
2352 4636
2352 2754
2352 3217
2353 3732
2353 2490
2353 3455
2353 3416
2353 3908
2353 4314
2353 3169
2353 4945
2353 3080
2353 3438
2353 3674
2353 4063
2353 4201
2353 2988
2354 4139
2354 3826
2354 2436
2354 4544
2354 2836
2354 2837
2354 3906
2354 3008
2355 3586
2355 4336
2355 3540
2355 3442
2355 4408
2355 2764
2355 2803
2356 2837
2356 3990
2356 2697
2356 2984
2357 3411
2357 3236
2357 3941
2357 3639
2357 3601
2357 4171
2357 4871
2357 4951
2357 3976
2357 2365
2357 2603
2357 2963
2357 3582
2357 3186
2357 3935
2357 4150
2357 3650
2357 3091
2357 3022
2357 3105
2357 4663
2357 4952
2357 4674
2357 3299
2357 4777
2357 4794
2357 3230
2357 3278
2357 3074
2357 3783
2357 3573
2357 2966
2357 4062
2357 2919
2357 2988
2357 4092
2357 4856
2358 3796
2358 2676
2359 2852
2359 3703
2359 3318
2359 2374
2359 2428
2359 4480
2359 3800
2360 4266
2360 3329
2360 4370
2360 3112
2361 3128
2361 4664
2362 3855
2362 3634
2362 4570
2363 3360
2363 2782
2363 4871
2363 4823
2363 3573
2363 3076
2364 4553
2364 3216
2365 4587
2365 3668
2365 4701
2365 2769
2365 2988
2366 2519
2366 4231
2366 4133
2366 4695
2366 2434
2366 4574
2366 3970
2367 4137
2367 3101
2367 4697
2368 4801
2368 2919
2369 2576
2369 2677
2369 4570
2369 4786
2370 3223
2370 4251
2370 3687
2370 3791
2370 3249
2370 3220
2370 4706
2371 4109
2371 4096
2371 4282
2371 4397
2371 3000
2371 2716
2371 4925
2372 3305
2372 3472
2372 4095
2372 3599
2373 4946
2373 3243
2373 2851
2373 4321
2373 3035
2374 4661
2374 2455
2374 3690
2374 3726
2375 2879
2375 4403
2375 2875
2375 4454
2376 4698
2377 4781
2377 4616
2377 3194
2377 2380
2378 4354
2378 4363
2378 4183
2379 3790
2379 3751
2379 3200
2379 2552
2379 2457
2379 3079
2380 4616
2380 2498
2381 3104
2381 4370
2381 4925
2381 2897
2382 3424
2382 4447
2383 3846
2383 4305
2383 4167
2383 3296
2383 2472
2383 4310
2383 4256
2383 3354
2383 3385
2383 4717
2383 3542
2383 4413
2383 4488
2383 2493
2383 4694
2383 2754
2384 3365
2384 4673
2384 3003
2384 4403
2384 2692
2384 4359
2385 4275
2385 4076
2386 4404
2386 3318
2386 3690
2386 4770
2387 2985
2387 2445
2387 4544
2387 2677
2387 4559
2387 4111
2388 3486
2388 2950
2388 4194
2388 4600
2388 4723
2389 2869
2389 4254
2389 2740
2389 3527
2390 4186
2390 2480
2390 2735
2390 3859
2390 3955
2390 4544
2390 3833
2390 2837
2391 4447
2392 2677
2392 4492
2392 3040
2392 4809
2393 2830
2393 3606
2393 4628
2393 3747
2393 3755
2394 3407
2394 4517
2394 3305
2394 3036
2395 4603
2395 2890
2395 3729
2395 4135
2395 4702
2395 3458
2395 3464
2395 2732
2395 3001
2396 2420
2396 3499
2396 2966
2396 2455
2396 2727
2396 3512
2396 3726
2396 4781
2396 4888
2397 2683
2397 3210
2398 4381
2398 4107
2398 2785
2398 2578
2398 4730
2398 4239
2399 4447
2399 2754
2400 2994
2400 2776
2400 2837
2400 4959
2400 3383
2401 4253
2401 4298
2401 3669
2401 3021
2401 3896
2402 3169
2402 4150
2402 4636
2403 2948
2403 4212
2403 2925
2403 3154
2403 3995
2404 4251
2404 3686
2404 4647
2404 4856
2404 3355
2404 3708
2405 3073
2405 3256
2405 4447
2405 4937
2405 4546
2406 4370
2406 4078
2406 4278
2406 4510
2406 4787
2406 3211
2407 2879
2408 2455
2408 2880
2409 4945
2409 3464
2409 3094
2409 4239
2409 4447
2410 4507
2411 4438
2411 3218
2412 2627
2412 3584
2412 2754
2413 3423
2413 3688
2413 4325
2414 3822
2414 4616
2414 4061
2414 3334
2414 3961
2415 2710
2415 2586
2415 3547
2415 3488
2415 3078
2415 3204
2415 3502
2416 4588
2416 2423
2416 2659
2416 4914
2416 2501
2416 2570
2416 4932
2416 3393
2417 2566
2417 4377
2418 4569
2418 2494
2418 3488
2418 4849
2419 3620
2419 4919
2420 3200
2420 4069
2420 4761
2420 2520
2421 3848
2421 4598
2421 4671
2421 3051
2421 4531
2421 4841
2421 3573
2421 2960
2422 4553
2423 2844
2423 3597
2423 3412
2423 2551
2424 4281
2424 4447
2424 4047
2425 4654
2425 3955
2425 4670
2425 2749
2425 3062
2425 4863
2425 4091
2426 4359
2426 4191
2426 4228
2426 4317
2427 4448
2427 4188
2427 2586
2427 3772
2427 4302
2428 4514
2428 2954
2428 2759
2428 4948
2428 3377
2428 3094
2429 4631
2429 2754
2430 3456
2430 4188
2430 2667
2430 4941
2430 4748
2430 4302
2431 3995
2431 4499
2431 3407
2432 2596
2432 2690
2433 4213
2433 4024
2433 3783
2434 3535
2434 4504
2434 3691
2434 2830
2435 4679
2435 4161
2435 2571
2435 4491
2436 4386
2436 2972
2436 3162
2436 4453
2436 3620
2436 2549
2437 4617
2437 3761
2437 4397
2438 3345
2438 2914
2438 4339
2438 3490
2438 4483
2439 2755
2439 2440
2439 2457
2439 3674
2439 4018
2439 3920
2440 3674
2440 4526
2441 2494
2441 4021
2441 2853
2441 4754
2441 4474
2441 2556
2441 4220
2441 2639
2441 2770
2441 3448
2441 4785
2441 4137
2441 4926
2442 4345
2442 4013
2442 3519
2443 2478
2443 3830
2443 4460
2443 2577
2443 4506
2444 2629
2444 4698
2444 4310
2444 3399
2444 3403
2445 3461
2445 3439
2445 2584
2445 4368
2445 4400
2445 3503
2445 3353
2445 4716
2445 3436
2445 3044
2445 4426
2445 4389
2445 3182
2445 2462
2445 2470
2445 4122
2445 4892
2445 3001
2445 3459
2445 4563
2445 4593
2445 3244
2445 4082
2446 3629
2446 2616
2446 3611
2447 3084
2447 3605
2447 3716
2448 2677
2448 3863
2448 4508
2448 2595
2448 3971
2449 4222
2449 4223
2449 4474
2449 3441
2449 4762
2449 4836
2450 4720
2450 3636
2450 2946
2451 4628
2451 4266
2451 3572
2451 3322
2451 3677
2451 2754
2452 4628
2452 4446
2452 4371
2452 4191
2452 2551
2453 3170
2453 2682
2453 4431
2454 3933
2454 2685
2455 3541
2455 4689
2455 3292
2455 3674
2455 4430
2455 3763
2455 4780
2455 3169
2456 3944
2456 4303
2456 4538
2456 4022
2457 3908
2457 4450
2457 3306
2457 4954
2457 4714
2457 3334
2457 4427
2457 4859
2457 3724
2457 4015
2457 3744
2457 3922
2457 4606
2457 3064
2457 4659
2457 3208
2457 2653
2457 3588
2457 3499
2457 2465
2457 4526
2457 4510
2457 3067
2457 4198
2457 3674
2458 4183
2458 2905
2458 3024
2458 4444
2459 2677
2459 4938
2459 4694
2459 3088
2460 3269
2461 2492
2461 4363
2461 3166
2462 4628
2462 3459
2462 3340
2462 2687
2463 3590
2463 3618
2463 4147
2463 4210
2463 4172
2463 3199
2464 2677
2464 4238
2464 3372
2465 3268
2465 4135
2465 4243
2466 2898
2466 3001
2467 3705
2467 2685
2467 3241
2467 3267
2468 2677
2468 3093
2468 3005
2468 4582
2469 4434
2469 2520
2470 3044
2470 4426
2470 3001
2470 3379
2471 4399
2471 3610
2472 3309
2472 4698
2472 2493
2473 3163
2473 2591
2474 4357
2474 2626
2474 4523
2475 3141
2475 3363
2475 3999
2475 4561
2476 4634
2476 3684
2476 4398
2476 3983
2477 3826
2477 2822
2477 2837
2477 4851
2478 4233
2478 4163
2479 2902
2479 3536
2480 4259
2480 2837
2480 2869
2481 3300
2481 4064
2482 4109
2482 3022
2482 2724
2483 4594
2483 3452
2483 3344
2483 2502
2484 4447
2485 3262
2485 3795
2485 4680
2485 2722
2485 3479
2485 4896
2485 2856
2486 3573
2486 3376
2487 3593
2487 4272
2487 4491
2487 2731
2487 4550
2488 4680
2488 2920
2488 4543
2488 2971
2488 3239
2489 4698
2490 4661
2490 4596
2491 4671
2491 2636
2491 3848
2491 4598
2491 4596
2491 3573
2492 3488
2492 4699
2493 4018
2493 4136
2493 4698
2493 2688
2493 4227
2493 4167
2493 2629
2493 3509
2493 2964
2493 2522
2493 2939
2493 4037
2494 3990
2494 4732
2494 2768
2494 3488
2494 2539
2494 2930
2495 3495
2495 3445
2495 3429
2495 2528
2495 2547
2495 3407
2496 4434
2496 4647
2496 4413
2496 4648
2496 3389
2496 4447
2497 4283
2497 2812
2497 4872
2497 3708
2498 4630
2498 4214
2498 3481
2498 3550
2498 4216
2498 2874
2498 2764
2499 3259
2499 3274
2499 4885
2499 4789
2499 4869
2499 2837
2499 4946
2499 2559
2500 4139
2500 2619
2500 2915
2501 4371
2501 4317
2501 2551
2502 3188
2502 3721
2503 3022
2503 2837
2504 2677
2504 2730
2505 2548
2505 4395
2506 2857
2507 3204
2507 3990
2507 3534
2507 2547
2507 2794
2508 4450
2508 3138
2508 3300
2508 3793
2508 4615
2508 2696
2509 2822
2509 4222
2509 3788
2510 2852
2510 3377
2510 4585
2510 4018
2510 3668
2511 4742
2511 4051
2511 3552
2511 3415
2511 4473
2511 2549
2511 4930
2511 3497
2512 3309
2513 4133
2513 4664
2513 4444
2513 4675
2513 3113
2513 2618
2514 4408
2514 4675
2514 3259
2515 4621
2515 4261
2515 4428
2515 4476
2515 2564
2516 2678
2516 2761
2516 2554
2517 3016
2517 3506
2518 2708
2518 3262
2519 4231
2520 4714
2520 3133
2520 4661
2520 3619
2520 2660
2520 3177
2520 2727
2520 3019
2520 4819
2521 4324
2522 4136
2522 4698
2522 3509
2523 4500
2523 4553
2524 4920
2524 4065
2524 3698
2525 3898
2525 3839
2525 3257
2525 3220
2525 3686
2525 3566
2525 3263
2525 2871
2525 4162
2525 3575
2525 2936
2525 2962
2526 4695
2526 3537
2526 4496
2526 3001
2527 3769
2527 2834
2527 3499
2527 4682
2527 2771
2527 3618
2527 4232
2528 3163
2528 3414
2528 2547
2528 4554
2528 4724
2528 3928
2528 3852
2528 3120
2528 2591
2528 3495
2528 3429
2528 4105
2528 3447
2528 2697
2528 3430
2528 3551
2528 2804
2528 4838
2528 2722
2528 4833
2528 3758
2529 2664
2530 4270
2530 2796
2530 2563
2531 4445
2532 4030
2532 3497
2532 4130
2532 3653
2532 4203
2533 2837
2533 2678
2533 4336
2533 3629
2534 3676
2534 2865
2535 4171
2535 2603
2535 3563
2535 4592
2535 4178
2535 3241
2536 3374
2536 3716
2536 2802
2537 4283
2537 4578
2537 3173
2537 4592
2538 3561
2538 4890
2538 4242
2538 2838
2539 4415
2539 3262
2539 3990
2539 4116
2540 4656
2540 4523
2540 4481
2540 4648
2540 4787
2540 2600
2540 4738
2540 4846
2540 4168
2540 3560
2540 3542
2540 4336
2541 4063
2541 3103
2541 3170
2541 3001
2542 3041
2542 4447
2542 4863
2543 4581
2543 4163
2543 3082
2544 4599
2544 3250
2544 4399
2544 3668
2544 2658
2545 4592
2545 3068
2545 3953
2545 3631
2545 4110
2545 4092
2546 2586
2546 4302
2546 4313
2546 4464
2546 2997
2546 4569
2546 4548
2546 4259
2546 3641
2547 3163
2547 3430
2547 4469
2547 4724
2547 3429
2547 3852
2547 3120
2547 3445
2547 3928
2547 2655
2548 3239
2548 4352
2549 4121
2549 3620
2549 2921
2549 2793
2549 4794
2549 2933
2549 3581
2550 4660
2550 2945
2550 3262
2551 4670
2551 4719
2551 4228
2551 4346
2551 3139
2551 4806
2551 3568
2551 3405
2551 3294
2551 4876
2551 4683
2551 2659
2551 4588
2551 4445
2551 4914
2551 4191
2551 4198
2551 4359
2551 4299
2551 4822
2551 2582
2551 4329
2551 4362
2551 4371
2551 4074
2551 3685
2551 3388
2551 3861
2551 4920
2551 3931
2551 4075
2551 4493
2551 4540
2551 4045
2552 3283
2552 4894
2552 4628
2552 4774
2552 2870
2553 4034
2553 4618
2553 4280
2553 4833
2553 4609
2554 4959
2554 4367
2554 4423
2554 2575
2554 3286
2554 3370
2554 2671
2554 2559
2555 3232
2555 2836
2555 3242
2555 3352
2557 2613
2557 4711
2557 2677
2557 4592
2558 4189
2558 4669
2558 4309
2559 4628
2559 4024
2559 4278
2560 2845
2560 3577
2560 4251
2560 4726
2560 3599
2561 3107
2561 3316
2561 3668
2561 2988
2561 3022
2561 3718
2562 4796
2562 3480
2562 4856
2563 2893
2563 2902
2563 2769
2563 2802
2564 3468
2564 4244
2564 4833
2564 4854
2565 4093
2565 4713
2565 4490
2565 2879
2566 4259
2566 2837
2566 3041
2566 3516
2567 4612
2567 4826
2567 2838
2567 3156
2568 3520
2568 4591
2568 2990
2568 3674
2569 4931
2569 3159
2569 4577
2569 3104
2569 2963
2569 3168
2569 3564
2570 4366
2570 4300
2570 4359
2570 2582
2570 3139
2570 4949
2570 2919
2570 3006
2570 4198
2571 4853
2571 4628
2571 4771
2571 2855
2571 4395
2572 3146
2572 2976
2572 3854
2572 3865
2572 3270
2572 4628
2573 4106
2573 3215
2573 3605
2574 4647
2574 3618
2574 4648
2574 3528
2574 3645
2574 4137
2574 2626
2574 4037
2574 2924
2574 2913
2574 4198
2574 3549
2575 3777
2575 4675
2575 3718
2576 3478
2576 2617
2576 4360
2576 2677
2576 3068
2577 3674
2577 4292
2578 2635
2578 4947
2578 2872
2579 2709
2579 4628
2580 3524
2580 3161
2580 3079
2581 4523
2581 4787
2581 4846
2581 3468
2582 4359
2582 4371
2582 4339
2583 3674
2583 4604
2583 4941
2583 4091
2584 4368
2584 2789
2584 3225
2584 4892
2584 4394
2584 3001
2585 3900
2585 4955
2585 2713
2585 2754
2586 4188
2586 3547
2586 3990
2586 3943
2586 4283
2587 4514
2587 3114
2587 4763
2587 2759
2587 3080
2588 4634
2588 2596
2588 4192
2589 4082
2589 3689
2589 3406
2589 3812
2589 3497
2590 3725
2590 3222
2590 3015
2591 2898
2592 4368
2592 3062
2593 4124
2593 3992
2593 3947
2593 4783
2593 4489
2593 2916
2593 4898
2593 3065
2593 3254
2593 3975
2594 4138
2594 3065
2594 3170
2594 3271
2594 4623
2594 3001
2595 2742
2595 4833
2595 3587
2596 3590
2596 2954
2596 3618
2596 3645
2596 3468
2596 4709
2597 3416
2597 4710
2597 3726
2597 4230
2597 3224
2597 3671
2597 3745
2598 3648
2598 3898
2598 2882
2598 4957
2599 2979
2599 4089
2599 3648
2599 4018
2600 4454
2600 2618
2601 4270
2601 4682
2602 3309
2602 3500
2602 4180
2602 3901
2602 4414
2602 3930
2602 3355
2603 3719
2603 3126
2603 3250
2603 3668
2604 3587
2604 4101
2604 3326
2605 3056
2605 4911
2605 3421
2606 2712
2606 4287
2606 4089
2606 3076
2606 3701
2606 3903
2606 3261
2607 4782
2607 3976
2607 2853
2608 3760
2608 3317
2608 3028
2608 3267
2609 4137
2609 3405
2609 2763
2609 4147
2609 4317
2610 4626
2610 2661
2610 3837
2610 4760
2610 4568
2610 3618
2610 3797
2611 4103
2611 3995
2611 2698
2611 4183
2612 4792
2612 4488
2612 3425
2613 3366
2613 2677
2613 4320
2614 4655
2614 4916
2615 4348
2615 4951
2615 3272
2615 3823
2616 4233
2616 4490
2616 3279
2616 3629
2616 4536
2616 3481
2616 4884
2616 4330
2617 3093
2617 4653
2617 2677
2617 3712
2618 3590
2618 4147
2618 4137
2618 3697
2618 3576
2618 4885
2619 4253
2619 4298
2619 3669
2619 3287
2619 4945
2619 4886
2620 4301
2620 4628
2620 4873
2620 3261
2620 2694
2621 3168
2621 4791
2621 3235
2621 3241
2621 3718
2622 3600
2622 3202
2622 4001
2622 3376
2622 3901
2622 4197
2623 4330
2623 3793
2623 3564
2623 3745
2624 3428
2624 4098
2624 2689
2624 3322
2624 3946
2625 2732
2625 4826
2625 3999
2625 4497
2625 3229
2625 2818
2625 2908
2625 4961
2625 3608
2625 3125
2625 4221
2625 2801
2625 3225
2625 3261
2625 3596
2626 4648
2626 4237
2626 3468
2627 3347
2627 4204
2627 4096
2627 3728
2628 3671
2628 3206
2628 4686
2628 3506
2629 4136
2629 4684
2629 2774
2629 4482
2629 4849
2629 3505
2629 4698
2629 4375
2630 3147
2631 2978
2631 3957
2631 4725
2632 4478
2632 3283
2632 4628
2633 4101
2633 3918
2633 3546
2633 2757
2634 3097
2634 4134
2634 4568
2635 3717
2635 3861
2635 4440
2635 3716
2636 4614
2636 4597
2636 3580
2636 3527
2637 4372
2637 4264
2637 4636
2637 2760
2637 3943
2638 2754
2638 3126
2638 3559
2638 4731
2638 2769
2639 3104
2639 3800
2639 4934
2640 4644
2640 4418
2640 2678
2641 3366
2641 4502
2641 4545
2641 4540
2641 2677
2641 2886
2641 3716
2642 4192
2642 4111
2642 4428
2642 3267
2642 3564
2643 4576
2643 4008
2643 4275
2643 3271
2644 4496
2644 4938
2644 4574
2644 3583
2645 3674
2645 4685
2645 4079
2646 4628
2646 3382
2646 2891
2646 3267
2647 3586
2647 4802
2647 3950
2647 3668
2648 3288
2648 3058
2648 4785
2649 4519
2649 4481
2649 4137
2649 3508
2649 2680
2649 4321
2649 2670
2650 4483
2650 4243
2650 2751
2651 4665
2651 4552
2651 3086
2651 3573
2652 4316
2652 4744
2652 4356
2652 3981
2653 2661
2653 3283
2653 3503
2654 4541
2654 4232
2654 3758
2655 3409
2656 3103
2656 3116
2656 2662
2656 3715
2656 3800
2657 3642
2657 3562
2657 3761
2657 4485
2657 4253
2658 3846
2658 2881
2658 3207
2658 3195
2658 4927
2658 3175
2658 3210
2658 3592
2659 3934
2659 4359
2659 4371
2659 3568
2659 3100
2660 4443
2661 4626
2661 4537
2661 4233
2661 4166
2662 3190
2662 4686
2662 4706
2662 3210
2662 3241
2662 3493
2663 3146
2663 2866
2663 3351
2664 4833
2664 4850
2664 4890
2664 3887
2665 4376
2665 3659
2665 3053
2666 3380
2666 4820
2666 3800
2666 4142
2666 3574
2666 3141
2666 3981
2666 3172
2666 3506
2667 4464
2667 3936
2667 4334
2667 4732
2668 3927
2668 4795
2668 3328
2668 3403
2668 3490
2668 3605
2668 3998
2668 4752
2669 4183
2669 4739
2670 4612
2670 3356
2670 2737
2670 4138
2670 4756
2671 2955
2671 3118
2671 4417
2671 3172
2671 3950
2672 3741
2672 3710
2672 3435
2673 3492
2673 2857
2673 3389
2673 3674
2673 2753
2673 3192
2674 2892
2674 2677
2674 4843
2675 2725
2675 3961
2675 2735
2675 2925
2675 3708
2675 2837
2675 2887
2675 4872
2676 4266
2676 4029
2676 4293
2676 4089
2676 3372
2676 3758
2676 2965
2677 3538
2677 4627
2677 4387
2677 2967
2677 3910
2677 3336
2677 4475
2677 2973
2677 2844
2677 3372
2677 3317
2677 3471
2677 3641
2677 3831
2677 4505
2677 4238
2677 4844
2677 2824
2677 3093
2677 3478
2677 4502
2677 3432
2677 4492
2677 3366
2677 4519
2677 3021
2677 4570
2677 2864
2677 4402
2677 4653
2677 3863
2677 3005
2677 4477
2677 4405
2677 4508
2677 4373
2677 4320
2677 3855
2677 2983
2677 4711
2677 4498
2677 4545
2677 3474
2677 3071
2677 4286
2677 4378
2677 4666
2677 2915
2677 4480
2677 3262
2677 3999
2677 4279
2677 3524
2677 3519
2677 3799
2677 3384
2677 3616
2677 2691
2677 2871
2677 4743
2677 3536
2677 4518
2677 3260
2677 2777
2677 4221
2677 3454
2677 3937
2677 4936
2677 2695
2677 3643
2677 3626
2677 4447
2677 3339
2678 3586
2678 4904
2678 3801
2678 3605
2679 3306
2680 4063
2680 3590
2680 4642
2680 3468
2681 3171
2681 4101
2681 3591
2681 4835
2681 4520
2682 3869
2682 3829
2683 3847
2683 4510
2683 2696
2683 3241
2684 4612
2684 3357
2684 3347
2684 2881
2684 4685
2685 4841
2685 3449
2685 3782
2685 2959
2685 3785
2685 3273
2685 4113
2685 4567
2685 4897
2685 3028
2686 3159
2686 3444
2686 3074
2687 4033
2687 3709
2687 4075
2687 4246
2687 4522
2687 2935
2687 3599
2687 3211
2687 3874
2687 2904
2687 3723
2687 3418
2687 3527
2687 4341
2687 2813
2687 3008
2687 3394
2688 4698
2688 3303
2688 4167
2688 4379
2689 4447
2689 4321
2689 4626
2689 3358
2690 3094
2690 3122
2690 4172
2690 4325
2690 4447
2691 3085
2691 4214
2691 3284
2692 3805
2692 3194
2692 4325
2693 2764
2693 4702
2693 4397
2693 3490
2693 4220
2694 3307
2694 3659
2694 3235
2694 2866
2694 3267
2695 3508
2695 4074
2695 4011
2695 4340
2695 3223
2695 3309
2696 2984
2696 3362
2696 3175
2696 3765
2696 2729
2696 3640
2696 3196
2696 3241
2696 3564
2697 3414
2697 3445
2697 3232
2697 4716
2697 2825
2698 4098
2698 4372
2698 4232
2698 4096
2698 3513
2698 2942
2698 2840
2698 3190
2699 4204
2699 4943
2700 3336
2700 4722
2700 3571
2701 4140
2701 2911
2701 4911
2701 3888
2701 2868
2701 3771
2701 4118
2701 3028
2701 3839
2702 3352
2702 4753
2703 3468
2703 3840
2703 4758
2703 4790
2704 3490
2704 3901
2704 3731
2705 2994
2705 4205
2705 4116
2705 4555
2706 4018
2706 4447
2706 4937
2707 3831
2707 4146
2707 2952
2707 3201
2707 3490
2708 3672
2709 3059
2709 3310
2709 3758
2709 2821
2710 3699
2710 3080
2710 4274
2710 4713
2710 2778
2710 3898
2711 4205
2711 4547
2711 2783
2712 2853
2713 3407
2713 4150
2713 3668
2713 4735
2713 3022
2713 3956
2713 4111
2714 4825
2714 3415
2714 3810
2714 2754
2714 3270
2714 3497
2714 3498
2715 4522
2716 4775
2716 4138
2716 2972
2716 3898
2716 4725
2716 3919
2717 4169
2717 4721
2717 3086
2717 4749
2717 3569
2717 3252
2717 3579
2717 3267
2718 3732
2718 2762
2718 3919
2718 3310
2719 4600
2719 3716
2719 4002
2719 4595
2719 4708
2719 3152
2719 4784
2719 3651
2719 4267
2719 2965
2719 3777
2719 3316
2719 3723
2719 3267
2720 3090
2720 3647
2720 3943
2721 3216
2721 4796
2721 4553
2722 3479
2722 4018
2723 3479
2723 2873
2723 3674
2724 4669
2724 4189
2724 2729
2725 3808
2725 4813
2726 4107
2726 4366
2726 4401
2726 4390
2726 4591
2727 3627
2727 2889
2727 4307
2728 3420
2728 4082
2729 2911
2729 3659
2729 3636
2729 3652
2729 3978
2730 3189
2730 4688
2730 3298
2731 4141
2731 4612
2731 3160
2731 3442
2731 3490
2731 3558
2732 3464
2732 4717
2732 4702
2732 4161
2732 3729
2732 3966
2732 3775
2732 3020
2732 2890
2732 4746
2732 4818
2732 4865
2732 3781
2732 3411
2732 4718
2732 3278
2733 4385
2733 4736
2733 4908
2734 4710
2735 3830
2735 2837
2735 3062
2735 4628
2735 4013
2735 3461
2736 4522
2736 3865
2736 4246
2736 4855
2737 4302
2737 4120
2737 2878
2738 4628
2738 4020
2738 3400
2738 2746
2738 2998
2738 3408
2738 3902
2739 4498
2739 4720
2739 4861
2739 3664
2739 3950
2740 3170
2740 2881
2740 3805
2741 3730
2741 3246
2741 3192
2741 3810
2742 3153
2742 4833
2742 3898
2742 4021
2743 3554
2743 3636
2743 3267
2744 4036
2745 4146
2745 4961
2745 3421
2746 4417
2746 3797
2746 3312
2746 3874
2746 3723
2746 3642
2746 4804
2747 4628
2747 4833
2748 4759
2748 3994
2748 4365
2748 3311
2749 4223
2749 4753
2749 4218
2749 3634
2749 4372
2749 3472
2750 3040
2750 4357
2750 3637
2750 4282
2750 4885
2751 3342
2751 4557
2751 4430
2751 4632
2751 4470
2752 3716
2752 3482
2753 3377
2753 4482
2753 3219
2753 3004
2753 3962
2753 4684
2753 3090
2753 3427
2753 3943
2754 2828
2754 3137
2754 3270
2754 4535
2754 3560
2754 4811
2754 4773
2754 4865
2754 3209
2754 3238
2754 3054
2754 3720
2754 2795
2754 3415
2754 3158
2754 4817
2754 4827
2754 4051
2754 2773
2754 3739
2754 2944
2754 3425
2754 3552
2754 4280
2754 3903
2754 3689
2754 3127
2754 3778
2754 3332
2754 3807
2754 3756
2754 3486
2754 2867
2754 3607
2754 3350
2754 2851
2754 3035
2754 2989
2754 3156
2754 4930
2754 3581
2754 2841
2754 3371
2754 3702
2754 3304
2754 4503
2754 3289
2754 4287
2754 3070
2754 3672
2754 3750
2754 4647
2754 3335
2754 3372
2754 4926
2754 4807
2755 3520
2755 4494
2756 3154
2756 3323
2756 4528
2756 3479
2756 3648
2757 3993
2757 3082
2757 2854
2757 4085
2758 2842
2758 4277
2758 4538
2758 3668
2758 4676
2758 4529
2759 4654
2759 4245
2759 4832
2759 3674
2759 3280
2760 4489
2760 4783
2760 3135
2760 3227
2760 4117
2761 4562
2762 4285
2763 4628
2763 3768
2763 4577
2763 2936
2763 3357
2764 4904
2764 3646
2764 2803
2764 3840
2764 3497
2765 4283
2765 4628
2765 3747
2765 3768
2765 3603
2765 4848
2765 4000
2766 4128
2766 4447
2767 4685
2767 3772
2767 3210
2767 3235
2767 3970
2769 4126
2769 4613
2769 3668
2769 3941
2769 3186
2769 4731
2769 4125
2769 4306
2769 3960
2769 3126
2769 3939
2769 4699
2769 4236
2769 4718
2769 4273
2769 3973
2769 4041
2769 3935
2769 4311
2769 4592
2769 3374
2769 4396
2769 2788
2769 3705
2769 4441
2769 4424
2769 3134
2769 2931
2769 4335
2769 3031
2771 3477
2771 2892
2771 3393
2772 3170
2772 4529
2773 3329
2774 2964
2774 4292
2775 4367
2775 3801
2775 3540
2775 4904
2775 4932
2775 3975
2775 4006
2776 3833
2777 2932
2777 4810
2777 4833
2778 3016
2778 3375
2778 4095
2778 3334
2778 2953
2778 4144
2779 4275
2779 3271
2779 2862
2780 4943
2780 2913
2780 3501
2781 4549
2781 3377
2781 3648
2782 3048
2782 4841
2782 3573
2782 3970
2782 4269
2783 4621
2783 4004
2783 4701
2784 3056
2784 3164
2784 3548
2785 4217
2785 3316
2785 4571
2785 3057
2786 4713
2786 3268
2786 3490
2786 2871
2787 2936
2787 4107
2787 3090
2787 3576
2788 3490
2788 4465
2788 3746
2788 3800
2789 4892
2790 3428
2790 4753
2790 3085
2790 2903
2790 3388
2791 3741
2791 4945
2791 2891
2792 4251
2792 4010
2792 4213
2792 3599
2793 4919
2793 2921
2794 4580
2794 3380
2794 3172
2794 3991
2795 3124
2795 4049
2796 4207
2796 4447
2796 4786
2796 3267
2796 3098
2798 4857
2798 2996
2798 3869
2798 2837
2798 4074
2799 4288
2799 4628
2799 4883
2799 4053
2800 3756
2800 2872
2800 3224
2801 3773
2801 3201
2801 4008
2802 2830
2803 4367
2803 4830
2803 3383
2803 2887
2803 3082
2803 3110
2804 3703
2804 2953
2804 4751
2805 3302
2805 4004
2805 2922
2806 3769
2806 3277
2806 3741
2806 4121
2806 3080
2807 3577
2807 4771
2807 2960
2807 4176
2807 3056
2807 3896
2808 4726
2808 3599
2809 3971
2809 3633
2809 3497
2809 3578
2810 4512
2810 4612
2810 3442
2811 2889
2811 3561
2811 3222
2811 3010
2812 4331
2812 3341
2813 4895
2813 3497
2813 3693
2814 4160
2814 2901
2814 3311
2815 4915
2815 4179
2815 4000
2815 4888
2816 3268
2816 4406
2817 3146
2817 4283
2817 4615
2818 3358
2818 3853
2819 4251
2819 4056
2819 4314
2819 3730
2819 3868
2819 3237
2819 2871
2819 3017
2819 2962
2819 3533
2819 4035
2819 3395
2819 2965
2819 3355
2819 3505
2819 4475
2819 2982
2819 3671
2819 3133
2819 4551
2819 4087
2820 4449
2820 3368
2820 2837
2820 4429
2821 4035
2821 3275
2821 3536
2822 3102
2822 3274
2822 4879
2822 4946
2822 3826
2822 3033
2822 4838
2822 4457
2822 3038
2822 4789
2822 3994
2822 4012
2822 4284
2822 3498
2822 3750
2822 3548
2822 4305
2822 4767
2822 2837
2823 4411
2823 3116
2824 4502
2824 4557
2824 3474
2824 4505
2824 4118
2825 3569
2825 3514
2825 3636
2825 4924
2825 3010
2825 3379
2825 3267
2826 3870
2827 2839
2827 4078
2828 4864
2829 3797
2829 3892
2830 4628
2831 4436
2831 4746
2831 3564
2832 4326
2832 3676
2832 3453
2832 4612
2832 3708
2833 4283
2833 4429
2833 4628
2833 4873
2834 2992
2834 4063
2834 4802
2834 3036
2835 3458
2835 3718
2836 3827
2836 4443
2836 3041
2836 4018
2836 3892
2837 4562
2837 4789
2837 4869
2837 3046
2837 3869
2837 3969
2837 4433
2837 3077
2837 3041
2837 4012
2837 2905
2837 4544
2837 4186
2837 4449
2837 4879
2837 4149
2837 4959
2837 4901
2837 3100
2837 4319
2837 3961
2837 2977
2837 3830
2837 4576
2837 4900
2837 3826
2837 4457
2837 3859
2837 3860
2837 3102
2837 4212
2837 4931
2837 2869
2837 3945
2837 4169
2837 3833
2837 4402
2837 4246
2837 4167
2837 4375
2837 2939
2837 4499
2837 4206
2837 4110
2837 3806
2837 3279
2837 4704
2837 3330
2837 4714
2837 4767
2837 3137
2837 3317
2837 3249
2837 2994
2838 4923
2838 3073
2838 4826
2838 3225
2838 3084
2838 3177
2838 3765
2838 2957
2839 2930
2839 3082
2839 3774
2839 4158
2840 4837
2840 3504
2840 4879
2841 4453
2841 4560
2841 3006
2842 4221
2842 4431
2842 3746
2843 4612
2843 4141
2843 4026
2843 4217
2844 4475
2844 4757
2845 4803
2845 3393
2846 3990
2846 4628
2847 4265
2847 3943
2848 4626
2848 2869
2848 4537
2848 4121
2849 4524
2849 3634
2849 3930
2849 4509
2850 3609
2850 4555
2850 3396
2850 3683
2851 4695
2852 4404
2852 3389
2853 3525
2853 3864
2854 3025
2854 3350
2854 4032
2855 4248
2855 4283
2855 4088
2855 4635
2855 4886
2855 4807
2855 3959
2855 3244
2855 2888
2855 3134
2855 3385
2855 4690
2856 4251
2856 3718
2857 3323
2857 3344
2857 3104
2857 4092
2858 4185
2858 3945
2858 3511
2859 4833
2859 4083
2859 3050
2861 4770
2861 4251
2861 3142
2861 3286
2861 3355
2862 4790
2862 3706
2862 4049
2862 2878
2862 3912
2863 4109
2863 4476
2863 4208
2863 3267
2864 4243
2865 4851
2865 4932
2865 3227
2865 3502
2865 3951
2865 4176
2865 4667
2865 3524
2866 4283
2866 4628
2866 3787
2866 3875
2867 3113
2867 3042
2867 3497
2867 3001
2868 4829
2868 4321
2869 4319
2869 4012
2869 4891
2869 4034
2870 3549
2870 4628
2870 3513
2871 3295
2871 3355
2872 4121
2872 3796
2872 3205
2872 3121
2872 3605
2873 3768
2873 3534
2873 4779
2873 4726
2873 4004
2874 2990
2874 4202
2874 4579
2874 4251
2875 4852
2876 3407
2876 3902
2876 3963
2877 4471
2877 3836
2877 3680
2877 4875
2877 3498
2877 3010
2878 4447
2878 4187
2878 3553
2878 3289
2879 4344
2879 4490
2879 4215
2879 4093
2879 3792
2880 4770
2880 3243
2880 4584
2880 4168
2880 2979
2880 3277
2881 4812
2881 4129
2881 3231
2881 3016
2882 4815
2882 4087
2883 4650
2883 3899
2884 4755
2884 4922
2884 3267
2885 4323
2885 4123
2885 3065
2886 4153
2886 4744
2886 4265
2886 3736
2887 3699
2887 3020
2887 3698
2887 4833
2887 4104
2887 4953
2887 4081
2887 4637
2887 4293
2888 3325
2889 3617
2890 3464
2890 4717
2890 3596
2890 4066
2891 4514
2891 4182
2891 4881
2891 3674
2892 3492
2892 4803
2892 4948
2892 4018
2892 3648
2892 4724
2893 4833
2893 4887
2893 4285
2894 4192
2894 4862
2894 3862
2895 3481
2895 3490
2896 4412
2896 3132
2896 4511
2896 4116
2896 3667
2896 3884
2896 4547
2897 4087
2897 2915
2898 3163
2898 3928
2898 3414
2899 4447
2899 4030
2899 4472
2899 3565
2900 4018
2900 3853
2900 4465
2900 3049
2900 3921
2900 4223
2900 3008
2901 2942
2901 3950
2902 3790
2903 4121
2903 4385
2903 4634
2904 3915
2904 3800
2905 4900
2906 3549
2906 3876
2906 4397
2907 4230
2907 3886
2907 3803
2908 3487
2908 4772
2908 3160
2908 3224
2908 3715
2909 3114
2909 4612
2910 4707
2910 4040
2910 3718
2910 4010
2911 4829
2911 4450
2911 3448
2912 4735
2912 4140
2912 3722
2912 3196
2913 4612
2913 4471
2913 3268
2913 3526
2913 3870
2914 4397
2914 4540
2914 4323
2914 3324
2914 3917
2914 3480
2914 3178
2915 3640
2915 2998
2916 4121
2916 4232
2916 3169
2917 4777
2917 4612
2918 4096
2918 3394
2919 3668
2919 4150
2919 2988
2919 3598
2920 4251
2920 4856
2920 4878
2921 4380
2921 4756
2922 3674
2922 4612
2922 4944
2922 4882
2923 4134
2923 4031
2923 4752
2923 4686
2923 3267
2924 3531
2924 3797
2925 3077
2925 4544
2925 3038
2925 4901
2925 4449
2925 4879
2925 4159
2925 4943
2925 4505
2925 3001
2926 4447
2926 4150
2926 4396
2926 3668
2926 2988
2926 4027
2926 4501
2927 4102
2927 3407
2927 4790
2927 4008
2928 4558
2929 4833
2930 3990
2930 4819
2931 4703
2931 2978
2931 3490
2932 4161
2933 4105
2933 3120
2933 3551
2933 3430
2934 3901
2934 2968
2935 4384
2935 3695
2935 3802
2936 4628
2936 3857
2936 4894
2936 4881
2936 4638
2936 3747
2936 3753
2937 3040
2937 3387
2938 4929
2938 4443
2939 4107
2939 3769
2939 4238
2940 3716
2941 3620
2941 2972
2941 4123
2941 3267
2941 3311
2942 4737
2942 4903
2943 4248
2943 4283
2943 3747
2944 4790
2944 4906
2944 3721
2944 3497
2945 3826
2945 4074
2945 3344
2945 3739
2945 4756
2945 4856
2945 3326
2946 4617
2946 4439
2947 4177
2948 4449
2949 4679
2949 3534
2949 4272
2949 3111
2950 4217
2950 3435
2950 3242
2950 3835
2951 3462
2951 4131
2952 4612
2952 4643
2952 3490
2953 3823
2953 4863
2954 4614
2954 4656
2954 3208
2955 4726
2956 3917
2956 3818
2957 3543
2958 3262
2958 3091
2958 4236
2958 3668
2959 3419
2959 3273
2959 3398
2959 3111
2959 3116
2959 3148
2960 4775
2960 3944
2960 4261
2961 3485
2961 3430
2961 4098
2962 4251
2962 3142
2962 3315
2962 4006
2962 4023
2962 3178
2962 3524
2962 3463
2962 3340
2962 3093
2962 3687
2962 4087
2963 4731
2963 4824
2964 3135
2964 4698
2964 4806
2965 3295
2965 3505
2965 4064
2965 3413
2965 3687
2966 4721
2967 4711
2967 3809
2968 4612
2968 3605
2969 4953
2969 3561
2969 4863
2969 4437
2969 4637
2970 3668
2971 4249
2971 3818
2971 3203
2971 4331
2971 3218
2971 3159
2971 3355
2971 3896
2971 4064
2972 4380
2972 4339
2973 4653
2973 3573
2974 4615
2974 3747
2975 3684
2975 3087
2975 4230
2975 4604
2975 4854
2975 3237
2976 4628
2977 4139
2977 4868
2977 3034
2978 4678
2978 3490
2979 3619
2979 3908
2979 4770
2979 4466
2979 4707
2979 3674
2979 3699
2979 3716
2980 4018
2980 4530
2980 3322
2980 3553
2981 3695
2981 3789
2982 4112
2982 4628
2982 3104
2983 4387
2983 3497
2983 3898
2983 3817
2984 3575
2984 3171
2984 3760
2985 3153
2986 3043
2986 3455
2986 4587
2986 3022
2987 4099
2987 3090
2988 4771
2988 3615
2988 3668
2988 4027
2988 4158
2988 4311
2988 3601
2988 4322
2988 3595
2988 3665
2988 4236
2988 4462
2988 3009
2988 3410
2988 4699
2988 4718
2988 3935
2988 3068
2988 4249
2988 3411
2988 4592
2988 2993
2988 4306
2988 3250
2988 4310
2988 3567
2988 3008
2988 4818
2988 4697
2988 3925
2988 4138
2988 3116
2989 3497
2990 4074
2990 3080
2990 3200
2990 4018
2991 4340
2991 3468
2991 3892
2991 3735
2992 4112
2993 4897
2993 3668
2994 4259
2994 4544
2994 4312
2994 3860
2994 3413
2994 3943
2994 4759
2995 4174
2995 4187
2995 4180
2995 4815
2995 4086
2995 4437
2995 3460
2995 4243
2996 3969
2996 3473
2996 3850
2997 3159
2997 3204
2998 3477
2998 3387
2998 4212
2998 3230
2999 4447
2999 4388
3000 4162
3000 4251
3000 3286
3000 3297
3000 3734
3000 3655
3000 3604
3000 3218
3000 3341
3000 3708
3000 3119
3000 4270
3001 3693
3001 4623
3001 4892
3001 4957
3001 3461
3001 4122
3001 3182
3001 4716
3001 4394
3001 3459
3001 3353
3001 3044
3001 3439
3001 4368
3001 4389
3001 4400
3001 3482
3001 3412
3001 3217
3001 3876
3001 4646
3001 4092
3002 4322
3003 3365
3003 4135
3004 4639
3004 3387
3004 3511
3005 3093
3006 4943
3006 3391
3006 3762
3006 3071
3006 3270
3007 4943
3007 3702
3008 3969
3008 3418
3008 3266
3009 4259
3009 4398
3009 4035
3009 4189
3010 4629
3010 4854
3010 4472
3010 4244
3010 4017
3010 4801
3010 3887
3010 4169
3010 4081
3010 3475
3011 4497
3011 3224
3012 4612
3012 4067
3012 3417
3012 4308
3013 4235
3013 3935
3014 3096
3014 4594
3014 3225
3014 4251
3015 3059
3015 3348
3016 4660
3016 4505
3017 3668
3017 4687
3017 3220
3017 3326
3017 3718
3017 3735
3018 4435
3018 3699
3018 3223
3019 4613
3019 3607
3020 4357
3020 3966
3020 3464
3020 3032
3020 4702
3020 3458
3020 4161
3020 4704
3020 4600
3020 4646
3021 4392
3021 3641
3021 4498
3021 3605
3022 3668
3022 4718
3022 3649
3022 3635
3022 3665
3022 3601
3022 4731
3022 3939
3022 3639
3022 4123
3022 3305
3022 4561
3023 4698
3023 3966
3023 4180
3023 4670
3023 4833
3023 4850
3023 3866
3023 4958
3023 3987
3024 4433
3024 4212
3025 3399
3025 4928
3025 3406
3025 3739
3025 3720
3025 3778
3025 3486
3025 3903
3025 4493
3025 3607
3026 3151
3026 3708
3026 4426
3026 3326
3027 3984
3027 4164
3027 3510
3027 3419
3027 4079
3028 4706
3028 4882
3028 3888
3028 3241
3028 3392
3028 3198
3028 3267
3029 4553
3029 4204
3029 3061
3029 4206
3029 3186
3030 3727
3031 4900
3031 3674
3031 3718
3032 4357
3032 3464
3033 3062
3034 3512
3034 4183
3035 3270
3036 3407
3036 4580
3036 4102
3036 3842
3036 3711
3037 3112
3037 4447
3037 3564
3038 3267
3039 4283
3039 4628
3039 3755
3040 4283
3040 3435
3040 4628
3040 3838
3040 3577
3040 3857
3040 3768
3040 3603
3040 4730
3040 4652
3040 3532
3041 4169
3041 4868
3041 3945
3041 4433
3041 3102
3041 4021
3042 4652
3042 3209
3042 4827
3042 3476
3042 4869
3042 3996
3043 4434
3044 4885
3044 4892
3045 4254
3045 3490
3045 3605
3046 4186
3046 3995
3046 3401
3047 4447
3047 4406
3047 3110
3048 3690
3048 3887
3049 4820
3049 4709
3049 3119
3049 3092
3049 4089
3050 3262
3050 4726
3050 3892
3050 3991
3051 4470
3051 3320
3051 3162
3051 3511
3051 4937
3052 3104
3052 4487
3052 4163
3053 3558
3053 4113
3053 4706
3053 3191
3053 4860
3053 3193
3053 3234
3054 4416
3054 4070
3054 3149
3055 3674
3055 3744
3056 4453
3056 4164
3056 3293
3057 4556
3057 3342
3058 4882
3058 3179
3059 3641
3059 3414
3060 4235
3060 3629
3061 4874
3061 4068
3062 3859
3063 4241
3063 4943
3063 3861
3063 4690
3063 3497
3063 3498
3063 3721
3064 3964
3064 3747
3065 4273
3066 3941
3066 3267
3066 3745
3067 3118
3067 3865
3068 3935
3068 4718
3068 3976
3068 4075
3069 4649
3069 3394
3069 3117
3069 4709
3069 3363
3069 4893
3069 3479
3070 4521
3071 3831
3071 3995
3071 3694
3071 3192
3072 4187
3073 3373
3073 4172
3073 4447
3073 4890
3074 4939
3074 4591
3074 3090
3074 3946
3074 3119
3075 4128
3075 3776
3075 3087
3075 4447
3076 3387
3076 4099
3076 4115
3076 3104
3076 3778
3076 3421
3077 4149
3077 4700
3077 4231
3077 3950
3078 4201
3078 4833
3079 3262
3079 3588
3080 4404
3080 3262
3080 3606
3080 3873
3080 4583
3080 4399
3081 4553
3081 3513
3081 3097
3081 4392
3081 4500
3081 4512
3081 3685
3082 4163
3082 4382
3082 3697
3082 3717
3082 4745
3082 3110
3082 4581
3083 4655
3083 3981
3083 4324
3083 3707
3083 3929
3084 4433
3084 3620
3084 3490
3085 4484
3085 4630
3085 3157
3085 3560
3085 3768
3085 3517
3086 3674
3086 4735
3086 3207
3087 4361
3087 3184
3087 4406
3087 4630
3087 4447
3088 4726
3088 4804
3088 3394
3089 3544
3089 3376
3089 3550
3090 4282
3090 3517
3090 3663
3090 4518
3090 4837
3090 4053
3090 4448
3090 3604
3090 3856
3091 4126
3091 4322
3091 3668
3091 3976
3092 3466
3092 4318
3093 4508
3093 3757
3093 3372
3094 3768
3094 4166
3094 4225
3094 4937
3094 4128
3094 4446
3094 4757
3094 4285
3094 4447
3095 4644
3095 3590
3095 3528
3095 4648
3096 4594
3096 4078
3096 3329
3097 4500
3097 3390
3097 4072
3097 3372
3097 4553
3098 4757
3098 3635
3098 3976
3098 3268
3098 4251
3098 4324
3099 3174
3099 3519
3099 4447
3100 4879
3100 3860
3100 3869
3100 3826
3100 4177
3100 4139
3100 4169
3100 4868
3100 4703
3101 4176
3101 4617
3102 3821
3102 4947
3102 3830
3102 3778
3103 3148
3103 3678
3104 4573
3104 4370
3104 4024
3104 3329
3105 3631
3105 3782
3105 3668
3105 3962
3106 4252
3106 4129
3106 4331
3106 4023
3106 4133
3106 3355
3106 3839
3106 4010
3107 4663
3107 3976
3108 4602
3108 3733
3108 3566
3109 4857
3109 3438
3109 4916
3109 4813
3109 4198
3110 4175
3110 3746
3110 3774
3110 3697
3110 3302
3110 4148
3110 4624
3110 3745
3110 4289
3110 3571
3111 4255
3111 3267
3111 3496
3112 3714
3112 3197
3112 3247
3112 4325
3112 4447
3112 3685
3113 4657
3114 3247
3114 4207
3114 4325
3114 3304
3114 4447
3115 4265
3115 3191
3116 4839
3117 4726
3117 3394
3117 3677
3118 4335
3119 4861
3120 3445
3120 3447
3121 4497
3121 4902
3121 4220
3121 3490
3122 3479
3122 4447
3122 4712
3122 4347
3123 4200
3123 4294
3123 4628
3123 4193
3124 4567
3124 3560
3124 4554
3125 3638
3126 4663
3126 4150
3126 4871
3126 3639
3126 4130
3126 4171
3126 4592
3126 3668
3126 4701
3127 3497
3128 4113
3128 3391
3128 3267
3128 3592
3129 4170
3129 4014
3130 3205
3130 4251
3130 4314
3130 4087
3131 4565
3131 4612
3131 4703
3132 4116
3132 4324
3132 4555
3133 4177
3133 3996
3133 3407
3134 4856
3134 4087
3135 3296
3135 4256
3135 3542
3135 4698
3135 4357
3135 4220
3136 4685
3136 4721
3136 4740
3136 4536
3136 3267
3137 3643
3137 4928
3137 4264
3137 3905
3137 3899
3137 3900
3137 3442
3137 3779
3138 3272
3139 4228
3140 3180
3141 3292
3141 3564
3142 3576
3142 4525
3142 3326
3142 3438
3142 3355
3142 3677
3143 3586
3143 4422
3143 4218
3143 4294
3143 4542
3144 3643
3144 3377
3145 3748
3145 4857
3145 3886
3146 3681
3146 4283
3146 4344
3146 4057
3147 4689
3147 3411
3147 4018
3148 3307
3148 3578
3148 4683
3148 3235
3149 3450
3149 3700
3151 4892
3151 4251
3151 3355
3152 3651
3152 4333
3152 4341
3152 3716
3153 3171
3153 4027
3154 4321
3155 4827
3155 3843
3156 4159
3156 3754
3156 3971
3157 4548
3157 3738
3158 3200
3158 4925
3158 3497
3159 4748
3160 4651
3160 4228
3160 3490
3160 4426
3160 3481
3162 3620
3162 3512
3162 4339
3163 3445
3163 4585
3163 3928
3163 4661
3163 3605
3164 3264
3164 3493
3165 4745
3165 4241
3165 4051
3166 4943
3166 4758
3166 3689
3167 3891
3167 4936
3168 4376
3168 3251
3168 4760
3169 3348
3169 3915
3169 3546
3169 3916
3169 4051
3169 3511
3169 3776
3169 3196
3170 4138
3170 3772
3170 3369
3170 4538
3170 4261
3170 4431
3170 4234
3170 4152
3170 4532
3170 3897
3170 4438
3170 4277
3170 4284
3170 4011
3170 4039
3170 3743
3170 4949
3170 3605
3170 3607
3170 3967
3170 4696
3171 4145
3171 3267
3171 3556
3172 4142
3172 3723
3172 3966
3172 3646
3172 4166
3172 3865
3173 4357
3173 3429
3173 4554
3173 4251
3174 4242
3174 4447
3175 3827
3175 3241
3176 3223
3176 3515
3176 3575
3177 4171
3177 4251
3177 3666
3177 3687
3177 3919
3178 4251
3180 4769
3180 4531
3180 4788
3180 3999
3180 4056
3181 3533
3182 3202
3182 3459
3183 3358
3183 3389
3183 3393
3183 4507
3183 3511
3184 4190
3184 4100
3184 4424
3184 4325
3184 4447
3185 4628
3185 4491
3185 3233
3185 4861
3185 3333
3185 3910
3186 4130
3186 3873
3186 4052
3186 3316
3186 3668
3187 4872
3188 4481
3188 4782
3188 3329
3188 4024
3189 4356
3189 4851
3189 4196
3189 3630
3189 3943
3189 4431
3189 3480
3190 4219
3190 4744
3190 4323
3190 3348
3190 3947
3190 4587
3191 4211
3191 3637
3192 3860
3192 4251
3192 3858
3192 3730
3194 4121
3194 3201
3194 3490
3194 4669
3194 4140
3195 4828
3195 3682
3195 3234
3195 3564
3196 4749
3196 3847
3196 3422
3196 4140
3196 3556
3196 3611
3196 4001
3196 3659
3196 4734
3196 3708
3196 4060
3196 3329
3196 3267
3196 3970
3197 4798
3197 3268
3197 3358
3197 3605
3198 4738
3198 4415
3198 4321
3199 4447
3199 4828
3200 3790
3200 4061
3201 3231
3201 3224
3201 3788
3201 3202
3202 4129
3202 3692
3202 3490
3203 4778
3203 3791
3204 4452
3204 4471
3205 4449
3205 4287
3205 3566
3205 4024
3206 3659
3206 4665
3207 3771
3207 3284
3208 4602
3208 4078
3208 3674
3209 4447
3209 3497
3209 3583
3210 4833
3210 3449
3210 4749
3210 4829
3210 4706
3210 3338
3210 3456
3210 3983
3210 3564
3211 4355
3211 4015
3212 4421
3212 4044
3213 4781
3213 4577
3213 4905
3213 4283
3213 4628
3213 3885
3213 3355
3214 4668
3214 3480
3215 3796
3215 4798
3215 3582
3215 3358
3215 3490
3215 4726
3216 3262
3216 4392
3216 4500
3216 4553
3217 4790
3217 4864
3217 3361
3217 3497
3217 3583
3219 4270
3219 3523
3220 4439
3222 4612
3222 4916
3222 3358
3223 3377
3223 4832
3224 4756
3224 3820
3224 4824
3224 4910
3224 4655
3224 3799
3224 3594
3224 4132
3224 3736
3225 3497
3225 4854
3225 4067
3225 4120
3225 4703
3225 4157
3225 3331
3225 3490
3226 4121
3226 3442
3226 3249
3227 4617
3227 4282
3227 4673
3227 3430
3228 3644
3228 4628
3228 3768
3229 4894
3229 3490
3229 3870
3230 3961
3230 3850
3230 4075
3231 4824
3231 3442
3231 3490
3232 4746
3232 3668
3233 4903
3233 3268
3234 3652
3234 3496
3234 4786
3234 3626
3234 4461
3234 3857
3234 3962
3235 3633
3235 3280
3235 3362
3235 4847
3235 4543
3235 4188
3236 3976
3236 4311
3236 4285
3237 3297
3237 4056
3237 3239
3237 4767
3237 4476
3237 3263
3237 3355
3238 3598
3239 4707
3239 4687
3239 4095
3240 4860
3241 4113
3241 3251
3241 3419
3241 4829
3241 4860
3241 3401
3241 3470
3241 4791
3241 3785
3241 4498
3241 4303
3241 4929
3242 4541
3242 4096
3242 3719
3242 4316
3242 4243
3243 4948
3244 3603
3244 4886
3244 4628
3244 4908
3245 4672
3245 4669
3246 4268
3246 4447
3246 3683
3247 4463
3247 4903
3247 3619
3247 4447
3248 4943
3248 3332
3248 4280
3248 3275
3249 4878
3249 3355
3249 3566
3249 3506
3250 3631
3250 3615
3250 4273
3250 4320
3250 4922
3250 4526
3250 4587
3250 3668
3251 4860
3251 3970
3252 4943
3253 4703
3253 3487
3253 4800
3254 4385
3254 4826
3256 4128
3256 4125
3256 4447
3256 3777
3256 4937
3257 4313
3257 3497
3258 4483
3258 4243
3258 3740
3259 3826
3259 3772
3259 4628
3259 3777
3260 3922
3260 4709
3260 3389
3261 4703
3261 3507
3261 3580
3261 3997
3261 3268
3261 3490
3261 3605
3262 4434
3262 3681
3262 3674
3262 3438
3262 3364
3262 3657
3263 3734
3264 4740
3264 3625
3264 4590
3265 4175
3265 4696
3265 4094
3266 3400
3266 4621
3267 4760
3267 3872
3267 3782
3267 3421
3267 3460
3267 3652
3267 3493
3267 4300
3267 4079
3267 3556
3267 3715
3267 3909
3267 4255
3267 3514
3267 4031
3267 4767
3267 4007
3267 3483
3267 4211
3267 3584
3267 3910
3267 3683
3267 3891
3267 4217
3268 3608
3268 3692
3268 4798
3268 3956
3268 4312
3268 3596
3269 4485
3270 4858
3270 4094
3270 3993
3270 3497
3270 3778
3270 3845
3271 4485
3271 3970
3272 3958
3272 3823
3274 4204
3274 4900
3275 4628
3275 4538
3275 4251
3276 3356
3276 3737
3276 3490
3276 3518
3277 3302
3278 3304
3278 3378
3280 4083
3280 3462
3280 3514
3281 4270
3281 4013
3281 3472
3281 3789
3282 4698
3282 3322
3282 3912
3283 4202
3283 4283
3283 4577
3283 3829
3283 4935
3283 4905
3283 3770
3283 3759
3283 4646
3283 4080
3283 4422
3283 3905
3283 3325
3283 3858
3283 3979
3283 4213
3283 4873
3283 3358
3283 4719
3284 3481
3285 4341
3285 3804
3285 4325
3285 4447
3285 4937
3286 3604
3286 3316
3287 4488
3288 3446
3288 4833
3289 4270
3289 3666
3289 3911
3290 4918
3290 3596
3290 3419
3291 3989
3291 3420
3291 3328
3291 4299
3293 4726
3293 4804
3293 3664
3294 4447
3294 4371
3295 3973
3295 3545
3295 4877
3296 4803
3296 4757
3296 4242
3299 4415
3299 4435
3299 3738
3301 3386
3301 4072
3302 4722
3304 4060
3304 4355
3304 4937
3304 4447
3304 3776
3304 3742
3304 4581
3306 3754
3307 4749
3307 3559
3308 4612
3308 3490
3309 4645
3309 4770
3309 3996
3309 3714
3309 4911
3309 4018
3310 4939
3310 4215
3310 4389
3311 4820
3311 4903
3311 3972
3311 3408
3311 4408
3312 4310
3312 3970
3312 3552
3313 3546
3314 3930
3314 4341
3315 4818
3317 4492
3317 4570
3318 4689
3319 4324
3319 3678
3320 4105
3321 4539
3321 4734
3321 3379
3321 4036
3322 4108
3322 4746
3322 3836
3322 3324
3322 3576
3322 3605
3323 4619
3323 4579
3324 4176
3325 3904
3325 4345
3325 4313
3325 4628
3326 3392
3326 4251
3326 3397
3326 4933
3326 4729
3326 3683
3326 4035
3326 4499
3326 3355
3326 3718
3327 3506
3327 4804
3327 3800
3327 3728
3328 4631
3328 3358
3328 3403
3328 3605
3329 4594
3329 4014
3329 4521
3329 4078
3329 4959
3329 4874
3330 4080
3330 4449
3331 4708
3331 4214
3331 3566
3333 3707
3334 3674
3334 3929
3335 4954
3335 3377
3335 3757
3336 4505
3337 4732
3337 3497
3337 3900
3338 3421
3338 4889
3338 3865
3340 4582
3340 3377
3341 4251
3341 3566
3342 4483
3342 4632
3342 4423
3342 4243
3343 4658
3343 4626
3343 4568
3345 4128
3345 4882
3346 4251
3347 4169
3347 4562
3347 4884
3347 4868
3347 3613
3348 4073
3349 4628
3349 4774
3349 4698
3350 4304
3350 4338
3350 4890
3351 3511
3352 3625
3353 4122
3354 3375
3354 4698
3354 4227
3354 4757
3355 4251
3355 4328
3355 3579
3355 3396
3355 3655
3355 4045
3355 3711
3355 3858
3355 3383
3355 3533
3355 4941
3355 4211
3355 3649
3355 3826
3355 4659
3355 3757
3355 4645
3355 4137
3356 3608
3356 4618
3356 4641
3356 3490
3356 3885
3356 3569
3357 3668
3357 4612
3357 3605
3357 3974
3358 3692
3358 4888
3359 4300
3359 3564
3359 4934
3360 3848
3360 3573
3360 3420
3360 3470
3360 3698
3361 4251
3361 4420
3361 3467
3361 3718
3362 3872
3362 3625
3364 4480
3364 3770
3364 3490
3365 4528
3366 4901
3369 4303
3369 4529
3369 4693
3370 4250
3370 4533
3370 4553
3371 4447
3371 3583
3371 4631
3371 4049
3371 4440
3372 4666
3372 4477
3372 4405
3372 4519
3372 4756
3372 4631
3373 4350
3373 4739
3373 4447
3373 4712
3374 4398
3374 4592
3374 4701
3374 4331
3375 4903
3376 4467
3377 4404
3377 4647
3377 4801
3377 3674
3377 4910
3378 4859
3378 4160
3379 4067
3379 3483
3380 3490
3380 4160
3381 4715
3381 3544
3382 4817
3382 3903
3382 3498
3383 4251
3383 3687
3383 3841
3384 4903
3384 3618
3385 4790
3385 3892
3386 4455
3386 3490
3386 3596
3386 3598
3386 4008
3387 4208
3388 4453
3388 3680
3388 4106
3389 4917
3389 3703
3389 4945
3389 4018
3389 4859
3389 4770
3389 4659
3389 4812
3389 4703
3389 3610
3389 3674
3392 4567
3393 4661
3393 4095
3393 4440
3393 3983
3393 3619
3394 3660
3394 3486
3394 4706
3394 3949
3394 4075
3395 4723
3395 4722
3395 4156
3395 4251
3395 4856
3396 3648
3396 3919
3396 4442
3396 4656
3397 4856
3399 4698
3399 4201
3399 4943
3400 4223
3400 4160
3402 4128
3402 4937
3402 4447
3403 4095
3403 4365
3403 3570
3403 3602
3404 4960
3405 4876
3405 4359
3405 4879
3405 4228
3406 3608
3406 3498
3407 4517
3407 4262
3407 4455
3407 3842
3407 4580
3407 4565
3407 4102
3407 3437
3408 3800
3409 3956
3409 4253
3410 4731
3410 4322
3410 4613
3410 3668
3411 4306
3411 4322
3411 3668
3412 4490
3412 4685
3413 3534
3413 4251
3414 4105
3414 3429
3414 3551
3414 4724
3414 4499
3415 4943
3415 4892
3416 3742
3417 4625
3418 3865
3419 3564
3420 3573
3420 4605
3420 3611
3421 4164
3421 4255
3421 3715
3422 4146
3422 4799
3423 4119
3423 4412
3423 3994
3424 4138
3425 3583
3425 3807
3426 3727
3427 4264
3427 3517
3428 4265
3428 4397
3428 4203
3429 4585
3429 4554
3429 3477
3429 3445
3429 4499
3429 3495
3429 4020
3430 4554
3430 4469
3430 4447
3431 4823
3431 4151
3431 4694
3432 4378
3432 4405
3432 4286
3432 4084
3432 3462
3433 4602
3433 3922
3433 4195
3434 3512
3434 3605
3436 3461
3437 4628
3437 4565
3437 4122
3438 3810
3439 4029
3439 3660
3440 3842
3440 4517
3441 4251
3441 3712
3442 4943
3442 4618
3442 3605
3442 4731
3442 3700
3443 4418
3443 4770
3443 4325
3443 3730
3444 3674
3445 4499
3445 4105
3445 3469
3445 4400
3445 3939
3446 4104
3446 4815
3447 3928
3447 4466
3447 3476
3447 4856
3448 4887
3448 3864
3449 3490
3449 4140
3449 3470
3449 4821
3449 4183
3449 3611
3450 4467
3450 4943
3450 4080
3450 3668
3451 4658
3451 3594
3451 4251
3452 4266
3452 4170
3452 4335
3452 4361
3452 3836
3452 4856
3453 4205
3454 4854
3454 3497
3455 3936
3457 4251
3458 3966
3458 3775
3458 3464
3458 3629
3458 4198
3459 3975
3459 4251
3460 4860
3461 4122
3462 3671
3463 3926
3463 3718
3464 4357
3464 3729
3464 4717
3464 3691
3464 4161
3464 4603
3464 3966
3464 4704
3464 4821
3464 3775
3464 4633
3464 3933
3464 4650
3464 4376
3465 4338
3465 4731
3466 3871
3467 3829
3467 3599
3468 4482
3468 4481
3468 4192
3468 4846
3468 3528
3468 4037
3468 4787
3468 3825
3469 4176
3469 4515
3469 4920
3470 3788
3470 4079
3471 4666
3471 4315
3472 4251
3472 4856
3472 3730
3472 3839
3473 4665
3473 4447
3473 3958
3473 3913
3475 3999
3476 4943
3476 3498
3476 3762
3477 3674
3478 4387
3479 4415
3479 4285
3479 3604
3479 4571
3479 4322
3481 3629
3481 4856
3482 3716
3482 3756
3484 3888
3484 4668
3485 4179
3485 4321
3486 4790
3486 4342
3486 3498
3488 3936
3488 4748
3488 4296
3488 4866
3489 3534
3490 3510
3490 4612
3490 4725
3490 4141
3490 4129
3490 3731
3490 3580
3490 4026
3490 3799
3490 4677
3490 3879
3490 4106
3490 4910
3490 3584
3490 4734
3490 3999
3490 4038
3490 4146
3490 4772
3490 3692
3490 3543
3490 4678
3490 3982
3490 4618
3490 3907
3490 3780
3490 4633
3490 3957
3490 3737
3490 4809
3490 4834
3490 4691
3490 3981
3490 4558
3490 3579
3490 4574
3490 4483
3490 3827
3490 3892
3490 4191
3490 4875
3490 3616
3491 4480
3491 4063
3491 3958
3493 3558
3493 4755
3493 4617
3493 3923
3494 3555
3495 4585
3495 4159
3496 4376
3497 4874
3497 4928
3497 3899
3497 3778
3497 4858
3497 4745
3497 3756
3497 4864
3497 4816
3497 4467
3497 3903
3497 4652
3497 3979
3497 3656
3497 3607
3497 3522
3497 4204
3497 4280
3497 4046
3497 4865
3497 4768
3497 3881
3497 4601
3497 3741
3497 3951
3497 3555
3497 3553
3498 4773
3498 4955
3498 4817
3498 4864
3498 4241
3498 3762
3498 4598
3500 4196
3500 4515
3500 4762
3500 4925
3500 3511
3500 4222
3500 4559
3500 4909
3500 3680
3501 4163
3501 3774
3502 4108
3502 4419
3503 4885
3503 4892
3503 4828
3504 4108
3506 3571
3506 3921
3507 3817
3508 4616
3510 4070
3511 3992
3511 4639
3511 4837
3511 3576
3511 4251
3512 4427
3513 4698
3513 4482
3514 4749
3514 3564
3515 4192
3515 3775
3518 4942
3518 3570
3518 4583
3519 4116
3519 3667
3520 4063
3520 4128
3521 4214
3522 4943
3522 3583
3523 4384
3523 3873
3524 4612
3524 4856
3524 4064
3525 3674
3525 4919
3526 4756
3526 3956
3527 3848
3527 3573
3527 4665
3527 3588
3527 3739
3528 3809
3528 4592
3529 4702
3529 3966
3529 3943
3531 4075
3532 3682
3533 3826
3533 4509
3534 3556
3535 4190
3536 3919
3537 4590
3537 4664
3537 4028
3538 4474
3538 4486
3539 4832
3539 4121
3540 3586
3540 4589
3542 3874
3542 3764
3543 4612
3544 4295
3545 4698
3545 4201
3545 4612
3546 4232
3546 3594
3546 4925
3546 4426
3546 4891
3546 3973
3547 3990
3547 4296
3547 4302
3548 4251
3548 3718
3549 4202
3549 4628
3550 4930
3550 4570
3551 4469
3551 4068
3553 4814
3554 4235
3554 4486
3554 4337
3555 4280
3555 3899
3555 4485
3556 4113
3556 4799
3556 3730
3557 4133
3557 4890
3558 3970
3559 4150
3559 4735
3559 4916
3560 4204
3560 4146
3561 4912
3561 4833
3561 4842
3561 4863
3562 4434
3562 3674
3562 4447
3563 3754
3564 4882
3564 3727
3564 3705
3564 4791
3564 4813
3564 4760
3564 3962
3564 4001
3564 4692
3564 3722
3564 3625
3564 3855
3564 3877
3565 4165
3566 4625
3566 4192
3567 4117
3567 4688
3567 4189
3567 4530
3568 4827
3568 4371
3568 4317
3570 4642
3570 4902
3570 3780
3571 4163
3571 4269
3571 4382
3571 4085
3571 4383
3571 3697
3571 3883
3572 4436
3572 4264
3572 4097
3573 3848
3573 4671
3573 4823
3573 4841
3573 4596
3573 4597
3573 4552
3573 4598
3573 4300
3573 3623
3573 3659
3573 4210
3574 3800
3575 3970
3575 4461
3576 4591
3576 4264
3576 4176
3576 4208
3576 3819
3577 3867
3577 4628
3577 3768
3578 4195
3580 4120
3580 3704
3581 4610
3581 4829
3582 4150
3582 3935
3582 3960
3583 4338
3583 4204
3583 4295
3583 3739
3583 3607
3583 4928
3583 3702
3583 4623
3583 4860
3584 4612
3584 4902
3585 4175
3586 4675
3586 4159
3586 4774
3586 3940
3586 4367
3586 4423
3587 4628
3587 4382
3587 4148
3587 4163
3587 4085
3588 3642
3588 4480
3588 4661
3588 3978
3588 4034
3588 3620
3588 3839
3589 4769
3590 4481
3590 4260
3590 3618
3590 4601
3590 4535
3590 4398
3591 4175
3591 4624
3591 4321
3591 4697
3591 4383
3592 4007
3592 4685
3592 4828
3592 4475
3592 4332
3594 4938
3594 4223
3594 4746
3594 4623
3595 4592
3595 3668
3595 4735
3596 4146
3596 4612
3596 4907
3596 3879
3596 3773
3596 4188
3597 3716
3597 4251
3599 4494
3599 4727
3599 3764
3599 4580
3601 3668
3602 4655
3602 4880
3602 4910
3603 4429
3603 4883
3605 4642
3605 4916
3605 3974
3605 4655
3605 4756
3605 3989
3605 4826
3605 3704
3605 3913
3605 4936
3605 3981
3605 4907
3605 3799
3605 3956
3605 3608
3605 4615
3605 4235
3605 4891
3605 4498
3605 3996
3605 4169
3605 3885
3607 4147
3607 4535
3607 4943
3607 3687
3607 4893
3607 4084
3608 4829
3608 3896
3609 4443
3610 4018
3610 4104
3611 3867
3611 4205
3611 3931
3611 3962
3612 4817
3612 3938
3612 4332
3613 4746
3615 4592
3615 4236
3615 4557
3615 4092
3616 3970
3617 4833
3617 3866
3618 3619
3618 4147
3618 4192
3618 4237
3618 4321
3619 3893
3619 4201
3619 3666
3620 4947
3620 4380
3620 4919
3620 4053
3620 4881
3620 4914
3621 4612
3621 4642
3621 4655
3621 4503
3622 4714
3623 4251
3623 4246
3625 4111
3626 4032
3627 4415
3627 3846
3628 4096
3628 4733
3629 4049
3629 4913
3629 4667
3629 4630
3629 4245
3629 4005
3629 4929
3630 4265
3631 4572
3631 3900
3631 4592
3631 4731
3632 4204
3632 3754
3632 3704
3633 4018
3634 4646
3634 4232
3634 4264
3635 4701
3635 4718
3636 3962
3637 3897
3637 3772
3637 4431
3637 4529
3638 3823
3638 4341
3639 4311
3639 3764
3639 3668
3640 4734
3641 4477
3641 4570
3641 3716
3642 3794
3642 4360
3642 4018
3642 3895
3645 4065
3646 4904
3646 4336
3647 3676
3647 3717
3647 4267
3648 3996
3648 4777
3648 3790
3648 4176
3649 4928
3649 3668
3650 4158
3650 3668
3651 4225
3651 3908
3651 3716
3652 4001
3653 4275
3654 4379
3656 4698
3656 4530
3657 3950
3658 4750
3658 4921
3658 4480
3659 4745
3660 4251
3660 4726
3662 4314
3662 3718
3662 3911
3663 4121
3663 4453
3664 4950
3664 3949
3665 4929
3665 4592
3666 3791
3667 4119
3667 4511
3667 4304
3668 4674
3668 4171
3668 4718
3668 4027
3668 4701
3668 3941
3668 3935
3668 4059
3668 4092
3668 4150
3668 3939
3668 4073
3668 4582
3668 4025
3668 4613
3668 4041
3668 4731
3668 4125
3668 3953
3668 4158
3668 4052
3668 4587
3668 4130
3668 3873
3668 3763
3668 3995
3668 4412
3668 4382
3668 4711
3668 3821
3668 4166
3668 4513
3668 3786
3668 4814
3668 4665
3668 4788
3668 4335
3668 3739
3668 3728
3668 4735
3669 3731
3669 4284
3669 4603
3669 4101
3671 4330
3671 3760
3671 3970
3672 4467
3672 4018
3672 4592
3674 4480
3674 4954
3674 3757
3674 3703
3674 4404
3674 3794
3674 4619
3674 4435
3674 3795
3674 4777
3674 4582
3674 4054
3674 4354
3674 3979
3675 4752
3675 4009
3676 4121
3676 4566
3677 4162
3677 3926
3677 3738
3677 3856
3679 4574
3679 4566
3681 4274
3684 4614
3684 4179
3684 4268
3685 4447
3685 4030
3686 4855
3686 4255
3686 4156
3686 4251
3686 4687
3686 3919
3687 3730
3687 4032
3688 4511
3688 4119
3688 4730
3691 4359
3691 4821
3691 4612
3691 3760
3692 4612
3693 4817
3693 4050
3693 4827
3693 4864
3693 4960
3693 4759
3693 3803
3694 4612
3694 4691
3694 3921
3695 4903
3696 4885
3697 4722
3698 4850
3698 4271
3698 4934
3699 4443
3699 3793
3700 3746
3700 4520
3701 4856
3701 4878
3704 4809
3704 4880
3704 3981
3704 3913
3705 4191
3706 4816
3706 4943
3707 4612
3707 4809
3707 3885
3708 4778
3708 4374
3708 4331
3709 4561
3710 4274
3711 4251
3711 4199
3711 3896
3711 4087
3712 4606
3712 3839
3713 4173
3713 4209
3714 4447
3715 4758
3716 3815
3716 4267
3716 3812
3716 4784
3716 4333
3716 4342
3716 3733
3716 4501
3716 4593
3716 4560
3716 4586
3716 4595
3716 4440
3716 4717
3716 4385
3716 4092
3716 4663
3716 4258
3717 4384
3717 4264
3717 4742
3718 4890
3718 4251
3718 3841
3718 4199
3718 4885
3718 4173
3718 4650
3719 4219
3719 4736
3719 4385
3719 4232
3719 3937
3719 4859
3720 4928
3720 3880
3720 4933
3720 3912
3721 3728
3722 3948
3722 3757
3723 4726
3724 4619
3724 3965
3724 4378
3725 4223
3725 4419
3726 4069
3726 3915
3726 3950
3727 4370
3728 4962
3729 4357
3729 3966
3729 4161
3729 3820
3729 4406
3731 4931
3731 4612
3732 4803
3732 4929
3733 4708
3733 4002
3733 4458
3735 4867
3736 4749
3737 4612
3737 4772
3737 4683
3739 4745
3740 4418
3740 3948
3740 3992
3741 4283
3742 3747
3743 4101
3743 4856
3745 4163
3745 3750
3745 4148
3747 4628
3748 4539
3749 4647
3749 4490
3750 4107
3750 4163
3751 4654
3751 4018
3751 3845
3752 4453
3752 4943
3753 4088
3753 4787
3753 3770
3754 4868
3754 3778
3754 4817
3754 4468
3754 4652
3754 4223
3754 4605
3755 4800
3756 4304
3756 4805
3757 4297
3757 3793
3758 4264
3758 3943
3759 4283
3759 4628
3760 4799
3760 4721
3761 4219
3761 4282
3762 4956
3762 3861
3763 4686
3764 3824
3765 4845
3766 4121
3766 4604
3766 3987
3767 4396
3768 4599
3768 4628
3768 4899
3768 4202
3768 4800
3768 3798
3768 4865
3768 4431
3770 4628
3770 4853
3771 4628
3771 4720
3771 4847
3772 3967
3774 4579
3775 4357
3775 4821
3776 4447
3776 4937
3777 4100
3777 4166
3777 4447
3777 4128
3777 4388
3777 4350
3777 4206
3777 4684
3777 4786
3778 4436
3778 4819
3778 4928
3779 4609
3780 4703
3780 4609
3780 4549
3781 4612
3783 4604
3783 3898
3783 4726
3784 4698
3784 4251
3785 4828
3786 4251
3786 4439
3787 4590
3787 3898
3787 4640
3789 4434
3790 4929
3790 3955
3791 4251
3791 4819
3792 4778
3792 4726
3794 4777
3797 4209
3797 4297
3797 4737
3797 3921
3797 3972
3797 4590
3798 4628
3798 4092
3799 3956
3800 4726
3800 4246
3800 4852
3800 4465
3800 3985
3801 4159
3802 4211
3803 4773
3804 4447
3804 4712
3806 4158
3806 4146
3806 4609
3806 4612
3806 4916
3807 4773
3807 4830
3807 4592
3808 4449
3808 4825
3809 4242
3809 4833
3810 4582
3810 4878
3811 4149
3812 4865
3813 3964
3813 4671
3814 4024
3815 4410
3816 4529
3816 4944
3816 4356
3817 3957
3817 4609
3817 4961
3818 4856
3819 4108
3819 4746
3820 4129
3820 4612
3821 4312
3822 4061
3823 4522
3825 4628
3826 3860
3827 4544
3827 4838
3827 4658
3828 4185
3828 4251
3828 4035
3831 4238
3832 4852
3833 4923
3833 4900
3834 4628
3834 4833
3834 4811
3834 4735
3834 4163
3835 4193
3837 4568
3840 4230
3840 4862
3841 4251
3841 4065
3841 3896
3842 4565
3842 4262
3843 4906
3843 4769
3844 4468
3844 4790
3846 4155
3846 4291
3848 4800
3849 4628
3849 4873
3851 4360
3851 3871
3852 4499
3853 4612
3854 4628
3855 4562
3856 4759
3857 4628
3857 4200
3857 4853
3858 4698
3859 4143
3859 4024
3860 4183
3861 4686
3862 4032
3863 4711
3863 4704
3865 4465
3865 4726
3865 3949
3865 4594
3866 4600
3866 4086
3867 4578
3867 4628
3868 4331
3870 4628
3870 3882
3871 4128
3873 4735
3874 4412
3875 4628
3876 4834
3876 4690
3877 4500
3877 4134
3877 4344
3877 3904
3878 4756
3879 4612
3881 4825
3881 4756
3882 4138
3882 4532
3883 4628
3883 4873
3883 4251
3884 4251
3884 3896
3885 4612
3885 4940
3886 4193
3886 3931
3887 4604
3889 4869
3890 4579
3890 4162
3890 4621
3891 4118
3891 3898
3892 4186
3892 4561
3893 4447
3895 4143
3896 4515
3896 4251
3896 4331
3896 4878
3896 3926
3896 4180
3897 4125
3898 4315
3898 4920
3898 4271
3898 4723
3898 4604
3898 4629
3898 4688
3899 4094
3900 4295
3900 4773
3900 4510
3901 4414
3901 3930
3902 4804
3903 4553
3905 4628
3905 4873
3909 4960
3909 4843
3910 4505
3911 4203
3913 4854
3913 4549
3914 4602
3914 4628
3914 4155
3916 4515
3917 4108
3917 4693
3918 4163
3918 4722
3918 4440
3919 4097
3919 4684
3920 4742
3920 4743
3920 4326
3921 4727
3922 4450
3922 4431
3923 4555
3923 4486
3925 4734
3925 4467
3926 4612
3926 4856
3926 4064
3928 4499
3929 4734
3929 4902
3930 4711
3930 3954
3930 4693
3931 4862
3932 4496
3932 4130
3932 4473
3933 4832
3934 4808
3934 4674
3935 4735
3936 4569
3936 4732
3936 4313
3937 4323
3938 4114
3938 3949
3939 4116
3940 4078
3940 4165
3940 4081
3940 3976
3942 4033
3942 3972
3942 4371
3943 4121
3944 4351
3944 4011
3944 4538
3946 4617
3946 4804
3947 4527
3947 4939
3948 4367
3948 4336
3948 4159
3949 4055
3949 4033
3949 3999
3950 3991
3951 4399
3951 4091
3952 4833
3952 4862
3952 4004
3953 4731
3953 4073
3954 4789
3954 4628
3955 3996
3955 4597
3955 4833
3955 4904
3956 4824
3956 4741
3956 4922
3957 4834
3957 4405
3959 4628
3959 4444
3960 4132
3961 4185
3961 4186
3962 4051
3963 4347
3963 4306
3964 4838
3965 4124
3965 4925
3966 4357
3966 4161
3966 4702
3966 4865
3966 4115
3966 4271
3967 4612
3967 4795
3968 4628
3969 4433
3969 4704
3970 4750
3970 4765
3970 4839
3970 4009
3970 4083
3970 4031
3970 4685
3970 4007
3970 4825
3972 4726
3973 4150
3973 3976
3973 4258
3974 4490
3975 4270
3975 4208
3975 4856
3976 4427
3976 4171
3976 4126
3976 4398
3976 4735
3976 4567
3977 4612
3977 4690
3978 4243
3978 4358
3979 4124
3980 4571
3980 4182
3981 4612
3981 4734
3983 4522
3983 4726
3984 4685
3985 4355
3985 4447
3986 4628
3986 4854
3986 4128
3987 4288
3987 4310
3988 4451
3990 4099
3990 4732
3990 4296
3990 4188
3990 4548
3990 4180
3990 4477
3990 4302
3991 4903
3991 4918
3993 4370
3993 4024
3994 4132
3994 4194
3995 4544
3995 4212
3997 4612
3997 4907
3998 4612
3998 4181
3999 4910
3999 4839
4000 4628
4001 4330
4002 4708
4003 4543
4003 4006
4004 4165
4005 4536
4005 4605
4006 4199
4006 4251
4008 4612
4008 4907
4008 4940
4008 4725
4008 4497
4008 4147
4011 4351
4012 4789
4012 4063
4014 4293
4014 4436
4014 4543
4015 4435
4016 4690
4017 4472
4017 4801
4017 4166
4018 4434
4018 4480
4018 4929
4019 4443
4022 4628
4022 4873
4022 4908
4022 4121
4024 4213
4024 4028
4024 4594
4025 4735
4025 4092
4025 4748
4026 4188
4026 4612
4027 4273
4030 4128
4030 4447
4030 4937
4031 4182
4032 4778
4034 4946
4036 4612
4036 4609
4036 4356
4039 4283
4039 4628
4039 4698
4039 4240
4040 4844
4041 4396
4042 4334
4043 4141
4043 4612
4043 4798
4044 4447
4044 4369
4044 4814
4045 4251
4046 4139
4047 4447
4047 4677
4048 4088
4050 4930
4050 4347
4051 4790
4052 4415
4052 4092
4054 4251
4054 4856
4055 4746
4057 4628
4057 4578
4059 4712
4060 4192
4060 4447
4060 4218
4061 4620
4062 4251
4063 4647
4064 4923
4064 4350
4065 4614
4065 4321
4066 4438
4066 4420
4068 4369
4070 4270
4070 4801
4071 4638
4071 4447
4072 4500
4072 4382
4073 4092
4076 4842
4076 4656
4077 4165
4077 4224
4078 4370
4078 4618
4078 4490
4079 4236
4079 4111
4079 4924
4079 4603
4081 4157
4081 4086
4082 4321
4082 4943
4083 4870
4084 4901
4085 4662
4086 4592
4087 4251
4087 4156
4087 4545
4087 4183
4088 4628
4089 4436
4090 4890
4090 4612
4090 4110
4091 4118
4091 4850
4091 4953
4091 4637
4092 4489
4093 4611
4093 4490
4095 4606
4095 4158
4096 4470
4096 4460
4096 4121
4096 4925
4097 4251
4098 4270
4098 4121
4098 4605
4099 4471
4099 4313
4100 4447
4100 4172
4100 4239
4101 4163
4103 4628
4103 4695
4103 4183
4104 4224
4104 4890
4106 4734
4106 4602
4107 4366
4108 4762
4109 4766
4109 4223
4110 4719
4110 4299
4111 4544
4111 4692
4112 4628
4114 4635
4114 4287
4114 4410
4115 4161
4117 4332
4117 4563
4118 4180
4118 4193
4118 4637
4118 4833
4119 4555
4121 4566
4121 4416
4121 4327
4121 4489
4121 4218
4121 4390
4121 4397
4121 4539
4121 4466
4121 4453
4121 4650
4121 4859
4123 4592
4124 4591
4124 4200
4125 4744
4125 4951
4126 4150
4126 4731
4127 4389
4128 4221
4128 4447
4129 4327
4129 4741
4129 4612
4129 4795
4130 4462
4130 4735
4131 4856
4132 4177
4132 4544
4132 4207
4133 4421
4133 4496
4133 4190
4133 4590
4133 4703
4134 4895
4135 4649
4136 4473
4136 4698
4137 4192
4138 4211
4139 4259
4140 4546
4140 4263
4141 4146
4141 4612
4141 4691
4141 4942
4144 4833
4145 4427
4146 4600
4146 4779
4147 4648
4147 4656
4147 4738
4147 4268
4147 4334
4149 4576
4149 4218
4149 4902
4150 4249
4150 4877
4150 4731
4151 4547
4151 4244
4151 4741
4152 4764
4152 4428
4152 4756
4152 4277
4153 4364
4153 4540
4154 4287
4154 4293
4154 4709
4155 4482
4156 4309
4158 4592
4161 4357
4161 4702
4161 4603
4162 4687
4162 4693
4162 4251
4163 4722
4163 4697
4163 4385
4164 4370
4164 4845
4165 4242
4165 4850
4166 4485
4166 4239
4166 4325
4166 4447
4167 4291
4168 4268
4168 4592
4169 4946
4171 4674
4171 4592
4171 4701
4172 4355
4172 4447
4172 4593
4173 4857
4174 4610
4176 4507
4176 4530
4178 4542
4179 4583
4180 4863
4182 4431
4182 4749
4182 4902
4182 4921
4183 4363
4183 4354
4183 4360
4183 4433
4186 4825
4186 4667
4187 4553
4187 4854
4188 4340
4190 4281
4191 4359
4191 4914
4191 4299
4192 4768
4192 4470
4194 4783
4195 4698
4196 4851
4198 4683
4198 4668
4198 4228
4200 4283
4201 4698
4201 4571
4201 4227
4201 4757
4202 4768
4203 4490
4204 4502
4204 4224
4204 4241
4206 4281
4206 4432
4206 4447
4207 4447
4207 4712
4210 4943
4211 4843
4211 4768
4211 4760
4212 4900
4214 4319
4217 4366
4217 4401
4217 4332
4218 4294
4218 4605
4219 4507
4220 4754
4221 4447
4223 4591
4224 4600
4224 4723
4224 4604
4224 4850
4225 4447
4225 4315
4225 4522
4226 4554
4226 4575
4226 4710
4226 4726
4227 4698
4228 4371
4228 4876
4228 4346
4228 4822
4228 4683
4228 4956
4228 4277
4231 4516
4232 4607
4232 4937
4233 4336
4234 4628
4234 4393
4234 4431
4234 4270
4234 4534
4235 4801
4235 4595
4235 4840
4236 4306
4236 4674
4236 4398
4237 4852
4238 4402
4238 4502
4239 4344
4239 4447
4240 4514
4240 4524
4241 4858
4243 4556
4243 4875
4243 4747
4243 4290
4245 4627
4246 4918
4246 4477
4246 4379
4246 4726
4247 4518
4247 4452
4248 4956
4248 4628
4249 4592
4250 4500
4250 4509
4250 4553
4250 4556
4251 4933
4251 4729
4251 4707
4251 4872
4251 4487
4251 4439
4251 4443
4251 4646
4251 4774
4251 4316
4251 4327
4252 4836
4252 4265
4252 4932
4253 4685
4254 4764
4254 4303
4254 4351
4254 4643
4255 4799
4256 4322
4258 4501
4260 4738
4261 4339
4264 4513
4269 4785
4269 4731
4269 4383
4270 4821
4270 4584
4270 4639
4270 4454
4270 4307
4271 4920
4271 4850
4272 4689
4272 4309
4273 4948
4273 4592
4273 4306
4274 4660
4274 4415
4274 4427
4274 4939
4275 4441
4275 4285
4275 4575
4275 4485
4275 4710
4276 4321
4276 4347
4276 4854
4278 4553
4279 4500
4279 4512
4279 4553
4280 4616
4281 4626
4281 4712
4281 4447
4281 4592
4283 4899
4283 4774
4283 4881
4283 4776
4283 4289
4283 4908
4283 4577
4283 4646
4283 4853
4283 4391
4283 4702
4283 4593
4283 4628
4283 4915
4286 4666
4286 4505
4287 4571
4288 4578
4289 4628
4291 4662
4291 4698
4291 4482
4293 4565
4294 4673
4295 4652
4297 4955
4301 4628
4302 4732
4303 4864
4303 4701
4304 4819
4305 4862
4306 4587
4307 4785
4307 4885
4309 4331
4310 4669
4311 4592
4313 4732
4313 4855
4313 4569
4314 4876
4315 4830
4315 4953
4315 4551
4315 4833
4317 4822
4317 4914
4317 4329
4318 4376
4319 4433
4320 4519
4321 4738
4321 4846
4321 4614
4321 4523
4321 4675
4323 4962
4323 4515
4323 4453
4323 4703
4324 4411
4324 4730
4325 4395
4325 4432
4325 4705
4325 4466
4325 4447
4326 4559
4326 4889
4327 4476
4327 4733
4328 4600
4329 4683
4330 4744
4331 4447
4331 4876
4332 4669
4332 4563
4332 4649
4332 4528
4332 4688
4332 4641
4332 4355
4332 4497
4333 4824
4334 4913
4335 4573
4335 4516
4337 4615
4338 4943
4338 4816
4341 4406
4341 4447
4341 4937
4342 4817
4343 4912
4344 4628
4346 4359
4349 4698
4350 4447
4353 4553
4353 4392
4353 4797
4355 4447
4356 4785
4356 4559
4357 4704
4357 4717
4357 4702
4357 4821
4358 4451
4358 4611
4359 4806
4359 4873
4359 4755
4359 4371
4359 4719
4362 4552
4362 4445
4362 4371
4365 4902
4366 4704
4367 4447
4368 4716
4369 4825
4369 4649
4370 4773
4371 4588
4371 4383
4372 4628
4372 4453
4373 4764
4373 4502
4374 4856
4375 4681
4377 4587
4377 4592
4377 4612
4378 4666
4378 4502
4379 4726
4379 4861
4380 4595
4381 4947
4382 4520
4384 4659
4386 4626
4386 4479
4386 4568
4386 4658
4388 4447
4389 4892
4392 4447
4393 4554
4395 4447
4395 4708
4396 4731
4397 4460
4399 4524
4400 4892
4401 4631
4401 4463
4401 4792
4401 4478
4401 4868
4402 4755
4404 4514
4404 4927
4405 4627
4406 4447
4407 4935
4407 4628
4408 4644
4409 4603
4412 4555
4415 4460
4416 4868
4416 4567
4416 4617
4417 4908
4418 4659
4419 4450
4419 4476
4420 4909
4421 4496
4421 4474
4421 4504
4422 4628
4423 4662
4427 4623
4428 4621
4428 4493
4428 4532
4428 4529
4428 4538
4429 4897
4429 4628
4430 4570
4430 4702
4431 4775
4432 4814
4432 4447
4432 4712
4433 4838
4433 4868
4435 4809
4437 4670
4437 4854
4438 4764
4439 4893
4441 4756
4441 4892
4442 4504
4447 4937
4447 4712
4447 4707
4447 4565
4448 4626
4448 4705
4448 4757
4449 4544
4451 4706
4451 4645
4452 4569
4453 4785
4456 4792
4456 4503
4462 4589
4462 4526
4464 4512
4464 4607
4465 4494
4465 4485
4467 4943
4468 4819
4469 4724
4470 4746
4471 4855
4471 4738
4472 4953
4472 4833
4474 4937
4475 4627
4475 4505
4479 4626
4479 4537
4482 4698
4482 4662
4482 4936
4486 4862
4486 4887
4486 4557
4487 4856
4490 4611
4492 4505
4492 4943
4492 4663
4492 4570
4493 4830
4494 4726
4495 4546
4497 4826
4497 4907
4497 4896
4498 4790
4500 4796
4500 4512
4503 4739
4505 4653
4507 4513
4507 4559
4507 4937
4509 4941
4511 4933
4512 4796
4513 4617
4513 4860
4515 4693
4515 4588
4515 4721
4516 4590
4520 4579
4523 4682
4525 4856
4526 4731
4530 4607
4530 4612
4533 4796
4533 4553
4533 4735
4535 4652
4537 4626
4540 4700
4541 4628
4541 4932
4544 4891
4544 4572
4549 4612
4552 4854
4553 4796
4553 4741
4553 4619
4554 4835
4556 4612
4558 4777
4559 4612
4561 4564
4562 4879
4562 4825
4562 4579
4563 4688
4564 4679
4564 4813
4565 4761
4568 4873
4571 4936
4577 4628
4581 4624
4585 4724
4586 4840
4587 4695
4587 4592
4588 4636
4588 4822
4592 4735
4596 4665
4596 4823
4596 4671
4596 4937
4597 4665
4603 4702
4604 4866
4605 4762
4608 4908
4609 4612
4610 4758
4612 4896
4612 4633
4612 4940
4612 4651
4612 4643
4612 4741
4612 4655
4612 4756
4612 4779
4612 4795
4612 4618
4612 4834
4612 4902
4612 4961
4612 4911
4612 4754
4612 4884
4612 4713
4612 4952
4612 4814
4612 4798
4612 4942
4615 4628
4617 4811
4618 4919
4619 4780
4619 4805
4620 4911
4622 4921
4624 4632
4625 4689
4626 4658
4626 4866
4627 4711
4628 4807
4628 4831
4628 4894
4628 4853
4628 4638
4628 4867
4628 4881
4628 4672
4628 4899
4628 4905
4628 4886
4628 4781
4628 4848
4628 4956
4628 4632
4628 4720
4628 4756
4629 4850
4629 4643
4633 4961
4634 4656
4634 4839
4638 4956
4639 4764
4642 4733
4642 4655
4643 4772
4643 4703
4645 4917
4645 4837
4648 4656
4649 4926
4651 4943
4651 4722
4660 4926
4662 4728
4662 4698
4663 4692
4669 4688
4670 4833
4671 4823
4674 4699
4676 4768
4676 4786
4677 4889
4678 4910
4678 4902
4681 4815
4682 4803
4684 4698
4684 4757
4685 4846
4685 4721
4685 4845
4685 4767
4685 4847
4686 4924
4686 4829
4687 4856
4688 4926
4691 4824
4696 4794
4698 4757
4698 4728
4698 4763
4698 4816
4701 4821
4702 4946
4702 4704
4704 4821
4706 4755
4706 4860
4715 4728
4716 4885
4726 4804
4728 4757
4730 4889
4732 4855
4732 4800
4733 4876
4735 4867
4735 4871
4737 4919
4740 4834
4753 4783
4755 4903
4756 4902
4759 4865
4759 4805
4759 4943
4762 4898
4763 4888
4767 4786
4771 4862
4772 4942
4776 4873
4779 4824
4779 4812
4786 4860
4788 4908
4789 4950
4790 4864
4795 4905
4795 4810
4798 4834
4798 4824
4803 4954
4807 4921
4810 4859
4817 4865
4817 4943
4820 4833
4825 4879
4826 4833
4830 4863
4833 4863
4833 4949
4833 4953
4833 4887
4833 4890
4843 4882
4850 4854
4854 4862
4854 4890
4859 4917
4860 4870
4861 4902
4861 4903
4862 4920
4873 4899
4873 4915
4874 4943
4882 4924
4885 4892
4890 4958
4935 4950
