1	0.01461701
2	0.00909721
3	0.00515935
4	0.02068027
5	0.01508592
6	0.02944654
7	0.00362194
8	0.02532135
9	0.00654159
10	0.04922266
11	0.01023251
12	0.00608402
13	0.00569574
14	0.00372834
15	0.01099220
16	0.00921253
17	0.02186072
18	0.00683419
19	0.00378374
20	0.01452479
21	0.04020534
22	0.00468763
23	0.00473688
24	0.01674139
25	0.00484458
26	0.00882792
27	0.01226043
28	0.01384016
29	0.00789245
30	0.00614558
31	0.01569095
32	0.00626522
33	0.00399902
34	0.01396616
35	0.00719091
36	0.01088728
37	0.01043297
38	0.01331913
39	0.00601496
40	0.00461213
41	0.01156195
42	0.00801628
43	0.00456711
44	0.04371468
45	0.00487218
46	0.02266182
47	0.00827126
48	0.00687677
49	0.00891768
50	0.00467051
51	0.00902480
52	0.01056475
53	0.00827888
54	0.01584660
55	0.01365206
56	0.00501080
57	0.00482099
58	0.03249690
59	0.00398351
60	0.00899766
61	0.01243026
62	0.02638871
63	0.01508748
64	0.00462466
65	0.00472822
66	0.00660127
67	0.00987204
68	0.00453449
69	0.03894800
70	0.01295813
71	0.02789360
72	0.00870357
73	0.00846072
74	0.01630042
75	0.01004276
76	0.01246005
77	0.00654327
78	0.04319215
79	0.00700615
80	0.03460465
81	0.00693446
82	0.02101868
83	0.00392721
84	0.00704868
85	0.00652228
86	0.03239267
87	0.01152438
88	0.00708399
89	0.00656327
90	0.00901259
91	0.01346361
92	0.00781666
93	0.00449782
94	0.00481435
95	0.00900179
96	0.01201449
97	0.02078530
98	0.00840427
99	0.01758071
100	0.00595770
101	0.00479264
102	0.00523312
103	0.00525621
104	0.00800543
105	0.01502547
106	0.02130937
107	0.01983834
108	0.00835444
109	0.00781016
110	0.00490992
111	0.00419275
112	0.01069603
113	0.00409947
114	0.01991171
115	0.00674982
116	0.00593114
117	0.00645593
118	0.01131734
119	0.00733215
120	0.01075935
121	0.00649531
122	0.02782910
123	0.00413336
124	0.00623485
125	0.01600384
126	0.01082593
127	0.03963508
128	0.00763199
129	0.00398735
130	0.00491520
131	0.00946944
132	0.00488154
133	0.02929895
134	0.00680208
135	0.01384926
136	0.01037041
137	0.00388948
138	0.02051252
139	0.03954722
140	0.00537956
141	0.01466404
142	0.00813550
143	0.00536319
144	0.01299229
145	0.00387888
146	0.00855845
147	0.04422388
148	0.00411841
149	0.00675328
150	0.00690449
151	0.01598946
152	0.00715392
153	0.00633648
154	0.00474933
155	0.01700947
156	0.00422128
157	0.03429358
158	0.01799962
159	0.01176642
160	0.00387247
161	0.00505757
162	0.01183860
163	0.03372955
164	0.04754078
165	0.00935790
166	0.01720211
167	0.00550680
168	0.00544383
169	0.00425809
170	0.00940346
171	0.00472424
172	0.01870697
173	0.00574485
174	0.00667218
175	0.02211344
176	0.03970166
177	0.02643797
178	0.01221213
179	0.03495750
180	0.00689427
181	0.01100820
182	0.01694939
183	0.00390573
184	0.01460858
185	0.01010455
186	0.04598328
187	0.01034410
188	0.00455239
189	0.00769799
190	0.00555040
191	0.00666049
192	0.00385385
193	0.00696541
194	0.01709929
195	0.00485930
196	0.02685789
197	0.01080866
198	0.00964334
199	0.00493460
200	0.03268558
201	0.01371589
202	0.02846932
203	0.00505647
204	0.00492028
205	0.00755470
206	0.00727273
207	0.00444140
208	0.01140843
209	0.01415759
210	0.01542541
211	0.02152845
212	0.01338842
213	0.01795684
214	0.02023909
215	0.02109537
216	0.00497511
217	0.00383352
218	0.01545936
219	0.00469672
220	0.00487827
221	0.00590411
222	0.00420453
223	0.00934257
224	0.00379570
225	0.00477205
226	0.03615943
227	0.01323136
228	0.02026574
229	0.00393293
230	0.00986392
231	0.00469603
232	0.00944325
233	0.00445379
234	0.00780950
235	0.01010845
236	0.00600185
237	0.00726366
238	0.00383381
239	0.00651965
240	0.00465899
241	0.00572242
242	0.00939099
243	0.00494664
244	0.00409669
245	0.02069158
246	0.00967934
247	0.01237988
248	0.02141221
249	0.04350694
250	0.01532046
251	0.00420551
252	0.00477517
253	0.02401735
254	0.00505252
255	0.00686242
256	0.02060450
257	0.03299642
258	0.00517344
259	0.00604357
260	0.03559137
261	0.00729462
262	0.00671864
263	0.01612046
264	0.01870108
265	0.00540938
266	0.02353538
267	0.02621065
268	0.00757364
269	0.00838721
270	0.00964282
271	0.01361371
272	0.01641501
273	0.02250276
274	0.03305636
275	0.00422189
276	0.00384227
277	0.01068024
278	0.00439477
279	0.00744368
280	0.01507293
281	0.02090140
282	0.03071179
283	0.01278912
284	0.01647204
285	0.00614667
286	0.04297425
287	0.00581952
288	0.03257754
289	0.00483147
290	0.01135756
291	0.00736174
292	0.00982604
293	0.01317283
294	0.00731613
295	0.01041504
296	0.00504227
297	0.00412944
298	0.01150492
299	0.00634685
300	0.00772617
301	0.00428483
302	0.00625800
303	0.01611142
304	0.01123970
305	0.02864426
306	0.01935669
307	0.00492952
308	0.00836960
309	0.00408936
310	0.02527726
311	0.00735213
312	0.00481371
313	0.01116553
314	0.01491639
315	0.01920528
316	0.01635531
317	0.00745598
318	0.01088829
319	0.02269251
320	0.00589713
321	0.00485217
322	0.01452710
323	0.03920491
324	0.00526947
325	0.00483580
326	0.01200710
327	0.00462356
328	0.01178259
329	0.00563251
330	0.00479218
331	0.00613662
332	0.00376530
333	0.03715915
334	0.03334760
335	0.00389199
336	0.01902399
337	0.00474609
338	0.04077006
339	0.01786797
340	0.01203990
341	0.01613697
342	0.00420886
343	0.01248076
344	0.00984155
345	0.00553460
346	0.02366785
347	0.00693310
348	0.01814994
349	0.00597332
350	0.02049046
351	0.00816096
352	0.02685910
353	0.00634119
354	0.00389372
355	0.00962010
356	0.00822189
357	0.01385754
358	0.01300153
359	0.02647054
360	0.01090498
361	0.00797889
362	0.01060569
363	0.00780271
364	0.00632490
365	0.01065518
366	0.01222474
367	0.00936249
368	0.01452802
369	0.00546124
370	0.02035034
371	0.00360621
372	0.00455952
373	0.02078981
374	0.04643136
375	0.01087279
376	0.02312687
377	0.00415554
378	0.01435984
379	0.02794930
380	0.02722085
381	0.01744117
382	0.00505391
383	0.00689329
384	0.01882841
385	0.02927573
386	0.00470842
387	0.01125275
388	0.00683831
389	0.00395048
390	0.03590564
391	0.00469173
392	0.00837058
393	0.00651234
394	0.00641034
395	0.02510469
396	0.01041135
397	0.02802965
398	0.01126791
399	0.03802977
400	0.00517780
401	0.01585538
402	0.00574506
403	0.00732565
404	0.01404415
405	0.01989104
406	0.01831942
407	0.02674526
408	0.00384874
409	0.00578923
410	0.01530547
411	0.00856506
412	0.02469840
413	0.01331971
414	0.00585725
415	0.00742168
416	0.01233212
417	0.02380508
418	0.00507233
419	0.00823502
420	0.00838224
421	0.00914751
422	0.01535025
423	0.00619166
424	0.00473700
425	0.01722223
426	0.03499916
427	0.01684201
428	0.01980627
429	0.00424536
430	0.00438525
431	0.00547822
432	0.00424940
433	0.00556437
434	0.03637725
435	0.00430435
436	0.04417240
437	0.00683121
438	0.01564923
439	0.00417907
440	0.00496836
441	0.00999654
442	0.02155265
443	0.00618103
444	0.00847510
445	0.03014465
446	0.01150674
447	0.00843199
448	0.00846623
449	0.00887801
450	0.02618975
451	0.00810865
452	0.00839353
453	0.02612814
454	0.00608887
455	0.02819720
456	0.00626863
457	0.01889236
458	0.04278805
459	0.00710833
460	0.00509684
461	0.00627738
462	0.01240944
463	0.00723075
464	0.01426932
465	0.02511058
466	0.03146118
467	0.01168188
468	0.00550377
469	0.00791991
470	0.01078227
471	0.03827744
472	0.01237225
473	0.00416325
474	0.01175990
475	0.04368633
476	0.01159703
477	0.00610943
478	0.00735655
479	0.01646609
480	0.00469669
481	0.02021296
482	0.00623294
483	0.01033665
484	0.00413359
485	0.00697589
486	0.00921120
487	0.00605474
488	0.00880271
489	0.00452037
490	0.01042567
491	0.01256206
492	0.01379769
493	0.00524986
494	0.03826384
495	0.00560618
496	0.02340453
497	0.01274944
498	0.03376036
499	0.00538245
500	0.03429906
501	0.01463898
502	0.00437032
503	0.00869332
504	0.00930570
505	0.00736752
506	0.00400632
507	0.00425581
508	0.00108751
509	0.00076189
510	0.00160352
511	0.00315992
512	0.00094745
513	0.00356486
514	0.00197647
515	0.00399960
516	0.00141140
517	0.00170137
518	0.00077350
519	0.00260482
520	0.00053224
521	0.00392458
522	0.00104877
523	0.00093463
524	0.00315528
525	0.00075479
526	0.00370365
527	0.00058839
528	0.00069092
529	0.00082951
530	0.00131021
531	0.00060468
532	0.00037344
533	0.00516368
534	0.00223494
535	0.00122492
536	0.00055158
537	0.00157988
538	0.00057546
539	0.00478478
540	0.00070134
541	0.00482477
542	0.00057658
543	0.00264646
544	0.00083909
545	0.00890284
546	0.00118600
547	0.00252031
548	0.00909000
549	0.00293616
550	0.00165815
551	0.00121201
552	0.00077162
553	0.00163505
554	0.00080433
555	0.00078473
556	0.00096729
557	0.00124992
558	0.01019867
559	0.00053377
560	0.00128639
561	0.00107157
562	0.00324143
563	0.00376989
564	0.00054000
565	0.00073729
566	0.00099212
567	0.00123895
568	0.00054861
569	0.00064917
570	0.00090466
571	0.01475724
572	0.00134644
573	0.00118805
574	0.00085275
575	0.00264033
576	0.00042809
577	0.00326066
578	0.00049005
579	0.00055669
580	0.00050137
581	0.00053460
582	0.00236804
583	0.00089470
584	0.00760964
585	0.00050336
586	0.00078998
587	0.00078239
588	0.00549005
589	0.00894650
590	0.00127013
591	0.00094283
592	0.00324972
593	0.00136374
594	0.00145362
595	0.00098906
596	0.00249254
597	0.00318187
598	0.00335528
599	0.00121617
600	0.00224550
601	0.00094292
602	0.00065699
603	0.00128217
604	0.00087019
605	0.00047348
606	0.00122861
607	0.00307723
608	0.00064129
609	0.00142457
610	0.00134384
611	0.00415611
612	0.00332606
613	0.00359838
614	0.00171815
615	0.00154246
616	0.00051370
617	0.00105076
618	0.00082212
619	0.00883479
620	0.00075808
621	0.00077211
622	0.00235741
623	0.00048890
624	0.00167435
625	0.00051003
626	0.00041369
627	0.00051968
628	0.00156426
629	0.00083935
630	0.00243011
631	0.00188237
632	0.00083173
633	0.00103736
634	0.00314959
635	0.00035744
636	0.00072848
637	0.00074101
638	0.00057052
639	0.00081011
640	0.00128884
641	0.00454760
642	0.00168041
643	0.00315239
644	0.00106854
645	0.00098245
646	0.00243834
647	0.00058247
648	0.00343312
649	0.00094318
650	0.00134667
651	0.00572909
652	0.00770813
653	0.00062613
654	0.00049309
655	0.00058328
656	0.00053302
657	0.00429444
658	0.00450908
659	0.00155276
660	0.00066834
661	0.00266095
662	0.00286892
663	0.00176206
664	0.00177208
665	0.00047261
666	0.00060499
667	0.00399518
668	0.00074254
669	0.00176726
670	0.00080603
671	0.00146314
672	0.00050495
673	0.00081123
674	0.00215941
675	0.00339662
676	0.00108208
677	0.00158683
678	0.00255969
679	0.00292860
680	0.00268021
681	0.00366736
682	0.00068460
683	0.00171151
684	0.00165480
685	0.00154428
686	0.00807654
687	0.00062275
688	0.00355577
689	0.00310154
690	0.00276148
691	0.00128538
692	0.00044071
693	0.00112222
694	0.00075894
695	0.00062365
696	0.00488468
697	0.00333215
698	0.00075684
699	0.00096174
700	0.00163338
701	0.00090131
702	0.00049392
703	0.00329742
704	0.00124083
705	0.00268942
706	0.00183009
707	0.00066569
708	0.00079486
709	0.00050741
710	0.00366381
711	0.00141464
712	0.00386257
713	0.00286294
714	0.00319838
715	0.00283751
716	0.00363098
717	0.00150400
718	0.00138987
719	0.00365621
720	0.00101276
721	0.00058054
722	0.00150619
723	0.00163017
724	0.00164579
725	0.00143029
726	0.00151301
727	0.00080990
728	0.00123707
729	0.00158709
730	0.00189814
731	0.00059296
732	0.00076766
733	0.00123156
734	0.00091757
735	0.00351272
736	0.00114985
737	0.00145468
738	0.00109060
739	0.00148289
740	0.00039047
741	0.00204879
742	0.00037341
743	0.00105096
744	0.00068901
745	0.00119070
746	0.00700745
747	0.00599402
748	0.00071650
749	0.00101088
750	0.00532242
751	0.00064490
752	0.00104839
753	0.00136786
754	0.00063444
755	0.00101654
756	0.00045662
757	0.00173157
758	0.00089144
759	0.00043999
760	0.00081686
761	0.00046493
762	0.01113359
763	0.00148474
764	0.00081859
765	0.00052098
766	0.00067114
767	0.00047654
768	0.00191633
769	0.00188821
770	0.00099117
771	0.00169124
772	0.00041637
773	0.00039192
774	0.00101441
775	0.00239423
776	0.00065379
777	0.00134003
778	0.00110250
779	0.00108131
780	0.00076033
781	0.00195323
782	0.00157754
783	0.00303393
784	0.00054719
785	0.00460381
786	0.00538969
787	0.00501311
788	0.00103468
789	0.00469921
790	0.00090888
791	0.00175606
792	0.00628307
793	0.00270567
794	0.00207466
795	0.00261371
796	0.00347233
797	0.00148722
798	0.00242200
799	0.00058666
800	0.00351410
801	0.00234754
802	0.00254220
803	0.00701467
804	0.00091757
805	0.00035447
806	0.00040130
807	0.00280551
808	0.00305593
809	0.00250510
810	0.00443904
811	0.00166008
812	0.00345555
813	0.00575427
814	0.00337448
815	0.00203049
816	0.00200514
817	0.00549173
818	0.00200832
819	0.00162284
820	0.02125884
821	0.00049860
822	0.00089190
823	0.00040938
824	0.00059991
825	0.00146828
826	0.00073905
827	0.01232701
828	0.00054835
829	0.00354439
830	0.00166415
831	0.00070911
832	0.00132147
833	0.00038712
834	0.00156584
835	0.00318406
836	0.00302454
837	0.00208725
838	0.00120765
839	0.00094032
840	0.00067019
841	0.00144057
842	0.00071514
843	0.00058909
844	0.00056391
845	0.00048558
846	0.00160092
847	0.00040162
848	0.00070648
849	0.00185809
850	0.00094275
851	0.00141643
852	0.00174430
853	0.00109424
854	0.00049872
855	0.00040196
856	0.00349462
857	0.00076639
858	0.00172915
859	0.00074370
860	0.00168821
861	0.00167114
862	0.00089129
863	0.00101692
864	0.00054641
865	0.00323404
866	0.00286517
867	0.00354910
868	0.00592314
869	0.00106846
870	0.00170082
871	0.00212049
872	0.00075317
873	0.00070790
874	0.00333406
875	0.00103450
876	0.00449410
877	0.00244903
878	0.00424966
879	0.00048387
880	0.00074661
881	0.00064827
882	0.00191956
883	0.00243598
884	0.00093440
885	0.00262850
886	0.00131439
887	0.00898886
888	0.00106398
889	0.00056957
890	0.00143156
891	0.00069485
892	0.00133943
893	0.00193775
894	0.00178724
895	0.00092606
896	0.00091110
897	0.00256299
898	0.00161319
899	0.00479027
900	0.00344120
901	0.00060788
902	0.00055158
903	0.00142760
904	0.00375972
905	0.00170879
906	0.02107256
907	0.00048018
908	0.00531003
909	0.00263335
910	0.00070729
911	0.00082700
912	0.00077052
913	0.00325711
914	0.00068566
915	0.00071153
916	0.00114399
917	0.00406771
918	0.00071021
919	0.00126886
920	0.00316486
921	0.00100837
922	0.00697318
923	0.00219700
924	0.00103857
925	0.00067051
926	0.00654361
927	0.00271361
928	0.00069320
929	0.01355274
930	0.00201380
931	0.00128451
932	0.00490481
933	0.00072199
934	0.00066762
935	0.00175461
936	0.00068489
937	0.00066349
938	0.00541201
939	0.00093105
940	0.00057465
941	0.00082454
942	0.00091405
943	0.00072868
944	0.00054953
945	0.00146909
946	0.00143225
947	0.00053772
948	0.00061637
949	0.00129271
950	0.00224874
951	0.00079371
952	0.00055395
953	0.00804576
954	0.00302489
955	0.00174101
956	0.00079238
957	0.00115865
958	0.00197041
959	0.00609973
960	0.00351982
961	0.00464192
962	0.00146687
963	0.00038233
964	0.00076925
965	0.00158193
966	0.00064680
967	0.00134994
968	0.00762515
969	0.00081527
970	0.00229834
971	0.00098756
972	0.00691451
973	0.00263095
974	0.00059746
975	0.01355118
976	0.00718109
977	0.00054685
978	0.00095505
979	0.00214185
980	0.00088916
981	0.00053509
982	0.00063782
983	0.00100176
984	0.00061937
985	0.00079772
986	0.00106147
987	0.00043433
988	0.00179033
989	0.00484660
990	0.00056607
991	0.00219053
992	0.00062015
993	0.00145030
994	0.00095747
995	0.00445258
996	0.00037503
997	0.00309291
998	0.00117248
999	0.00150487
1000	0.00216937
1001	0.00323826
1002	0.00218891
1003	0.00132049
1004	0.00163771
1005	0.00484995
1006	0.00113766
1007	0.00100499
1008	0.00100182
1009	0.00272126
1010	0.00088509
1011	0.00338868
1012	0.00457246
1013	0.00054026
1014	0.00086560
1015	0.00135095
1016	0.00050241
1017	0.00081164
1018	0.00111774
1019	0.00498435
1020	0.00644868
1021	0.00217202
1022	0.00090521
1023	0.00069000
1024	0.00162434
1025	0.00304686
1026	0.00131312
1027	0.00071725
1028	0.00122772
1029	0.00081319
1030	0.00175250
1031	0.00293033
1032	0.00298836
1033	0.00050209
1034	0.00195063
1035	0.00050097
1036	0.00074890
1037	0.00148027
1038	0.00195141
1039	0.00323309
1040	0.00051076
1041	0.00072562
1042	0.00407068
1043	0.00074829
1044	0.00059674
1045	0.00258216
1046	0.00059166
1047	0.00051869
1048	0.00597788
1049	0.00046612
1050	0.00044172
1051	0.00079425
1052	0.00071246
1053	0.00137093
1054	0.00175842
1055	0.00310671
1056	0.00148312
1057	0.00198903
1058	0.00053862
1059	0.00117904
1060	0.00148419
1061	0.00206057
1062	0.00147879
1063	0.00109880
1064	0.00043886
1065	0.00082047
1066	0.00321784
1067	0.00100739
1068	0.00114327
1069	0.01004882
1070	0.00082587
1071	0.00706459
1072	0.00762500
1073	0.00358473
1074	0.00094286
1075	0.00181386
1076	0.00176605
1077	0.00077537
1078	0.00066277
1079	0.00179656
1080	0.00055017
1081	0.00118320
1082	0.00346052
1083	0.00046387
1084	0.00160113
1085	0.00531367
1086	0.00084599
1087	0.00159838
1088	0.00334104
1089	0.00263678
1090	0.00852944
1091	0.00113749
1092	0.00073030
1093	0.00043540
1094	0.00541337
1095	0.00514670
1096	0.00057967
1097	0.00196642
1098	0.00057451
1099	0.00107189
1100	0.00282096
1101	0.00133125
1102	0.00125480
1103	0.00061184
1104	0.00356001
1105	0.00098068
1106	0.00243153
1107	0.00534615
1108	0.00650544
1109	0.00179587
1110	0.00076706
1111	0.00099680
1112	0.00150937
1113	0.00147215
1114	0.00399908
1115	0.00683652
1116	0.00033792
1117	0.00070478
1118	0.00100800
1119	0.00083649
1120	0.00783678
1121	0.00091448
1122	0.00093556
1123	0.00589274
1124	0.00511280
1125	0.00665367
1126	0.00055386
1127	0.00563600
1128	0.00067302
1129	0.00187807
1130	0.00339498
1131	0.00063719
1132	0.00078810
1133	0.00127481
1134	0.00225015
1135	0.00202769
1136	0.00102226
1137	0.00051930
1138	0.00047149
1139	0.00056789
1140	0.00146210
1141	0.00349944
1142	0.00422056
1143	0.00324189
1144	0.00135366
1145	0.00100476
1146	0.00116821
1147	0.00110261
1148	0.00152430
1149	0.00301022
1150	0.00073460
1151	0.00072213
1152	0.00310642
1153	0.00116411
1154	0.00053639
1155	0.00072623
1156	0.00343219
1157	0.00086338
1158	0.00048390
1159	0.00186762
1160	0.00169840
1161	0.00114049
1162	0.00347129
1163	0.00072435
1164	0.00059220
1165	0.00126447
1166	0.00158452
1167	0.00057133
1168	0.00169092
1169	0.00241839
1170	0.00045128
1171	0.00044640
1172	0.00136197
1173	0.01072946
1174	0.00287464
1175	0.00200419
1176	0.00318227
1177	0.00199988
1178	0.00155854
1179	0.00172213
1180	0.00256680
1181	0.00064273
1182	0.00210417
1183	0.00077601
1184	0.00376163
1185	0.00047305
1186	0.00083043
1187	0.00104210
1188	0.00280638
1189	0.00110948
1190	0.00172074
1191	0.00066978
1192	0.00236388
1193	0.00094174
1194	0.00056888
1195	0.00240892
1196	0.00129086
1197	0.00794956
1198	0.00576177
1199	0.00127911
1200	0.00145500
1201	0.00105379
1202	0.00469470
1203	0.01986248
1204	0.00194820
1205	0.00045558
1206	0.00138669
1207	0.00240881
1208	0.00149762
1209	0.00138834
1210	0.00055435
1211	0.00604345
1212	0.00102290
1213	0.00831913
1214	0.00633700
1215	0.00057448
1216	0.00291549
1217	0.00150264
1218	0.00122047
1219	0.00131503
1220	0.01187383
1221	0.00063970
1222	0.00124516
1223	0.00067565
1224	0.00072199
1225	0.00116166
1226	0.00097136
1227	0.00043791
1228	0.00080658
1229	0.00690775
1230	0.00106557
1231	0.00090409
1232	0.00275828
1233	0.00057930
1234	0.00064458
1235	0.00448852
1236	0.00348180
1237	0.00060205
1238	0.00068408
1239	0.01431044
1240	0.00815848
1241	0.00094381
1242	0.00187282
1243	0.00113328
1244	0.00297959
1245	0.00323765
1246	0.00068324
1247	0.00565497
1248	0.00071532
1249	0.00183531
1250	0.00046245
1251	0.00049505
1252	0.00116472
1253	0.00159656
1254	0.00053013
1255	0.00114517
1256	0.00045668
1257	0.00046655
1258	0.00699379
1259	0.00069066
1260	0.00131751
1261	0.00036382
1262	0.00192369
1263	0.00177863
1264	0.00229340
1265	0.00158660
1266	0.00730605
1267	0.00120289
1268	0.00237921
1269	0.00069268
1270	0.00106684
1271	0.00078392
1272	0.00043733
1273	0.00068676
1274	0.00168815
1275	0.00258744
1276	0.00318894
1277	0.00085142
1278	0.00078089
1279	0.00050394
1280	0.00061051
1281	0.00111578
1282	0.00264149
1283	0.00085928
1284	0.00051162
1285	0.00334956
1286	0.00040346
1287	0.00059772
1288	0.00234124
1289	0.00076036
1290	0.00376538
1291	0.00230489
1292	0.00795626
1293	0.00559021
1294	0.00584562
1295	0.00112352
1296	0.00104646
1297	0.00308725
1298	0.00099472
1299	0.00121828
1300	0.00134474
1301	0.00459633
1302	0.00091789
1303	0.00163624
1304	0.00067331
1305	0.00123886
1306	0.00194708
1307	0.00312857
1308	0.00189179
1309	0.00064106
1310	0.00452707
1311	0.00133059
1312	0.00245982
1313	0.00154055
1314	0.00071898
1315	0.00054884
1316	0.01775380
1317	0.00053276
1318	0.00410417
1319	0.00482229
1320	0.00062024
1321	0.00306439
1322	0.00278377
1323	0.00442142
1324	0.00226690
1325	0.00153019
1326	0.00045699
1327	0.00118692
1328	0.00042864
1329	0.00044247
1330	0.00162163
1331	0.00199968
1332	0.00083092
1333	0.00443265
1334	0.00413022
1335	0.00118874
1336	0.01015637
1337	0.00089147
1338	0.00304207
1339	0.00455787
1340	0.00286410
1341	0.00169277
1342	0.00132291
1343	0.00101885
1344	0.00681631
1345	0.00080935
1346	0.00074765
1347	0.00142711
1348	0.00086554
1349	0.01434829
1350	0.00145812
1351	0.00056893
1352	0.00236558
1353	0.00044189
1354	0.00325584
1355	0.00105662
1356	0.00169825
1357	0.00516264
1358	0.00458028
1359	0.00516818
1360	0.00048405
1361	0.00346649
1362	0.00060603
1363	0.00218678
1364	0.00295756
1365	0.00067198
1366	0.00104241
1367	0.00161845
1368	0.00064804
1369	0.00142128
1370	0.00173108
1371	0.00065812
1372	0.00244250
1373	0.00095227
1374	0.00082841
1375	0.00056374
1376	0.00040808
1377	0.00171520
1378	0.00177800
1379	0.00170645
1380	0.00340075
1381	0.00069776
1382	0.00390094
1383	0.00064085
1384	0.00138652
1385	0.00581597
1386	0.00208301
1387	0.00131737
1388	0.00117387
1389	0.00047082
1390	0.00122625
1391	0.00139477
1392	0.00143297
1393	0.00061360
1394	0.00070611
1395	0.00064033
1396	0.00105688
1397	0.00144758
1398	0.00176027
1399	0.00082827
1400	0.00041216
1401	0.00067905
1402	0.00086626
1403	0.00074023
1404	0.00329565
1405	0.00054188
1406	0.00061793
1407	0.00782318
1408	0.00155380
1409	0.00160730
1410	0.00051815
1411	0.00099596
1412	0.00516405
1413	0.00055877
1414	0.00101178
1415	0.00156449
1416	0.00105457
1417	0.00049358
1418	0.00230443
1419	0.00067628
1420	0.00244117
1421	0.00085402
1422	0.00096420
1423	0.00176584
1424	0.00052303
1425	0.00060716
1426	0.00801654
1427	0.00508896
1428	0.00047250
1429	0.00235175
1430	0.00369057
1431	0.00130313
1432	0.00162405
1433	0.00088379
1434	0.00097673
1435	0.00087316
1436	0.00115522
1437	0.00172187
1438	0.00317739
1439	0.00128194
1440	0.00052733
1441	0.00171774
1442	0.00067207
1443	0.00061649
1444	0.00058828
1445	0.00114540
1446	0.00075005
1447	0.00106860
1448	0.00117543
1449	0.00223055
1450	0.00067949
1451	0.00179856
1452	0.00074358
1453	0.00095580
1454	0.00060450
1455	0.00213882
1456	0.00102737
1457	0.00093143
1458	0.00057598
1459	0.00065673
1460	0.00133766
1461	0.00061767
1462	0.00101859
1463	0.00298764
1464	0.00120690
1465	0.00216957
1466	0.00321770
1467	0.00197947
1468	0.00315473
1469	0.00081513
1470	0.00382997
1471	0.00061519
1472	0.00240064
1473	0.00061813
1474	0.00056561
1475	0.00227937
1476	0.00067749
1477	0.00247920
1478	0.00061129
1479	0.00054338
1480	0.00062850
1481	0.00116752
1482	0.00231587
1483	0.00109340
1484	0.00106589
1485	0.00069779
1486	0.00110824
1487	0.00054324
1488	0.00146395
1489	0.00122018
1490	0.00070501
1491	0.00409340
1492	0.00141045
1493	0.00131396
1494	0.00093186
1495	0.00112095
1496	0.00063803
1497	0.00301470
1498	0.00103554
1499	0.00068477
1500	0.00068835
1501	0.00072470
1502	0.00045904
1503	0.00040759
1504	0.00058860
1505	0.00062740
1506	0.00426225
1507	0.00304773
1508	0.00130850
1509	0.00071601
1510	0.00273287
1511	0.00114402
1512	0.00039475
1513	0.00091197
1514	0.00207227
1515	0.00160245
1516	0.00350319
1517	0.00281354
1518	0.00328220
1519	0.00056186
1520	0.00064842
1521	0.00143260
1522	0.00149874
1523	0.00322264
1524	0.00332277
1525	0.00267640
1526	0.00166395
1527	0.01488122
1528	0.00050697
1529	0.01108780
1530	0.00051690
1531	0.00181574
1532	0.00327478
1533	0.00120935
1534	0.00511997
1535	0.00041799
1536	0.00236356
1537	0.00056235
1538	0.01090729
1539	0.00078802
1540	0.00174991
1541	0.00259694
1542	0.00062691
1543	0.00062772
1544	0.00221926
1545	0.00987914
1546	0.00456252
1547	0.00251945
1548	0.00064215
1549	0.00313252
1550	0.00181270
1551	0.00050761
1552	0.00104550
1553	0.00075502
1554	0.00113937
1555	0.00134725
1556	0.00045806
1557	0.00531165
1558	0.00590562
1559	0.00174182
1560	0.00150019
1561	0.00080834
1562	0.00261045
1563	0.00052320
1564	0.00069938
1565	0.00130435
1566	0.00069981
1567	0.00062249
1568	0.00088159
1569	0.00568564
1570	0.00073787
1571	0.00294615
1572	0.00242841
1573	0.00693587
1574	0.00463817
1575	0.00112998
1576	0.00340953
1577	0.02170261
1578	0.00080852
1579	0.00132063
1580	0.00094387
1581	0.00448540
1582	0.00072727
1583	0.00291393
1584	0.00038106
1585	0.00048399
1586	0.00098657
1587	0.00358219
1588	0.00227054
1589	0.00273406
1590	0.00086866
1591	0.00073198
1592	0.00180742
1593	0.00187596
1594	0.00125974
1595	0.00538346
1596	0.00112349
1597	0.00121810
1598	0.00078571
1599	0.00065272
1600	0.00126245
1601	0.00113743
1602	0.00331416
1603	0.00219827
1604	0.00049794
1605	0.00052629
1606	0.00389343
1607	0.00182431
1608	0.00334673
1609	0.00084640
1610	0.00056876
1611	0.00043398
1612	0.00197263
1613	0.00068405
1614	0.00045359
1615	0.00262330
1616	0.00076553
1617	0.00155917
1618	0.00044599
1619	0.01023494
1620	0.00242266
1621	0.00166092
1622	0.00081825
1623	0.00613157
1624	0.00383869
1625	0.00223782
1626	0.00322717
1627	0.00385012
1628	0.00255476
1629	0.00135369
1630	0.00061285
1631	0.00254251
1632	0.00318014
1633	0.00272458
1634	0.00123225
1635	0.00091581
1636	0.00285382
1637	0.00247126
1638	0.00500058
1639	0.00183843
1640	0.00784810
1641	0.00225607
1642	0.00255623
1643	0.00131220
1644	0.00347897
1645	0.00083638
1646	0.00069190
1647	0.00059376
1648	0.00347007
1649	0.00167082
1650	0.00101120
1651	0.00064452
1652	0.00160130
1653	0.00124308
1654	0.00062059
1655	0.00137762
1656	0.00126932
1657	0.00298776
1658	0.00190241
1659	0.00203280
1660	0.00044839
1661	0.00112926
1662	0.00196657
1663	0.00059775
1664	0.00138836
1665	0.00952854
1666	0.00033368
1667	0.00159278
1668	0.00084943
1669	0.00205162
1670	0.00060173
1671	0.00369482
1672	0.00345058
1673	0.00242316
1674	0.00217557
1675	0.00140320
1676	0.00301513
1677	0.00098542
1678	0.00180684
1679	0.00296997
1680	0.00047241
1681	0.00051997
1682	0.00042131
1683	0.00119171
1684	0.00129993
1685	0.00044836
1686	0.00218805
1687	0.00071997
1688	0.00083433
1689	0.00059616
1690	0.00059272
1691	0.00165113
1692	0.00173977
1693	0.00109092
1694	0.00108491
1695	0.00080413
1696	0.00658386
1697	0.00055585
1698	0.00190016
1699	0.00048601
1700	0.00105544
1701	0.00100188
1702	0.00282907
1703	0.00064931
1704	0.00202134
1705	0.00761250
1706	0.00048922
1707	0.00261097
1708	0.00386545
1709	0.00155935
1710	0.00041611
1711	0.00161013
1712	0.00336252
1713	0.00160806
1714	0.00058761
1715	0.00515034
1716	0.00147902
1717	0.00279304
1718	0.00424966
1719	0.00130140
1720	0.00250634
1721	0.00225971
1722	0.00306505
1723	0.00083606
1724	0.00606135
1725	0.00160000
1726	0.00154251
1727	0.00242697
1728	0.00057962
1729	0.00622841
1730	0.00045214
1731	0.00147657
1732	0.00908708
1733	0.00060303
1734	0.00056215
1735	0.00244443
1736	0.00106190
1737	0.00037759
1738	0.00049886
1739	0.00584871
1740	0.00402018
1741	0.00178412
1742	0.00077482
1743	0.00058418
1744	0.00100427
1745	0.00143069
1746	0.00204654
1747	0.00192672
1748	0.00308356
1749	0.00173559
1750	0.00130001
1751	0.00283173
1752	0.00530868
1753	0.00435383
1754	0.01014396
1755	0.00162757
1756	0.00253662
1757	0.00201172
1758	0.00112998
1759	0.00239010
1760	0.00074976
1761	0.00092825
1762	0.00212695
1763	0.00058473
1764	0.00616688
1765	0.00392331
1766	0.00532158
1767	0.00094543
1768	0.00060803
1769	0.00239425
1770	0.00081776
1771	0.00158138
1772	0.00267677
1773	0.00342318
1774	0.00059449
1775	0.00639913
1776	0.00304467
1777	0.00456671
1778	0.00195528
1779	0.00133099
1780	0.00811321
1781	0.00430432
1782	0.00253587
1783	0.00266646
1784	0.00099573
1785	0.00089617
1786	0.00121747
1787	0.00785555
1788	0.00057090
1789	0.00050056
1790	0.00081949
1791	0.00068053
1792	0.00047767
1793	0.00177067
1794	0.00579010
1795	0.00375588
1796	0.00110969
1797	0.00115580
1798	0.00341831
1799	0.00217413
1800	0.00040072
1801	0.00080251
1802	0.00238657
1803	0.00052040
1804	0.01225835
1805	0.00210677
1806	0.00116293
1807	0.00043546
1808	0.00098294
1809	0.00124371
1810	0.00117113
1811	0.00081218
1812	0.00155863
1813	0.00096353
1814	0.00054217
1815	0.00033746
1816	0.00114849
1817	0.00075317
1818	0.00133059
1819	0.00215164
1820	0.00256755
1821	0.00126225
1822	0.00048393
1823	0.00365044
1824	0.00137104
1825	0.00107189
1826	0.00774122
1827	0.00063193
1828	0.00110741
1829	0.00049926
1830	0.00170954
1831	0.00051945
1832	0.00355776
1833	0.00060985
1834	0.00072808
1835	0.00338314
1836	0.00180263
1837	0.00130409
1838	0.00336275
1839	0.00081340
1840	0.00125090
1841	0.00359050
1842	0.00052297
1843	0.00033585
1844	0.00131330
1845	0.00344218
1846	0.00063315
1847	0.00049415
1848	0.00470244
1849	0.00252661
1850	0.00052938
1851	0.00402547
1852	0.00080930
1853	0.00079824
1854	0.00432383
1855	0.00271682
1856	0.00346929
1857	0.00300393
1858	0.00061787
1859	0.00152109
1860	0.00098525
1861	0.00242252
1862	0.00148107
1863	0.00318750
1864	0.00229987
1865	0.00232978
1866	0.00167354
1867	0.00061322
1868	0.00111895
1869	0.00208361
1870	0.00381533
1871	0.00137367
1872	0.00107972
1873	0.00045006
1874	0.01100904
1875	0.00120214
1876	0.00350160
1877	0.00783511
1878	0.00275816
1879	0.00167824
1880	0.00203390
1881	0.00096628
1882	0.02341865
1883	0.00106638
1884	0.00054624
1885	0.00048569
1886	0.00174338
1887	0.00299241
1888	0.00166508
1889	0.00115337
1890	0.00308428
1891	0.00837915
1892	0.00266791
1893	0.00186609
1894	0.00076870
1895	0.00100208
1896	0.00471295
1897	0.00044802
1898	0.00108226
1899	0.00095230
1900	0.00186782
1901	0.00108924
1902	0.00063231
1903	0.00441600
1904	0.00171803
1905	0.00088035
1906	0.00207305
1907	0.00043664
1908	0.00074318
1909	0.00099056
1910	0.00400892
1911	0.00053039
1912	0.00066866
1913	0.00247365
1914	0.00624573
1915	0.00213273
1916	0.00584972
1917	0.00155155
1918	0.00067767
1919	0.00103548
1920	0.00242873
1921	0.00065281
1922	0.00149127
1923	0.00279304
1924	0.00047192
1925	0.00672886
1926	0.00456400
1927	0.01024230
1928	0.00039059
1929	0.00066889
1930	0.00108364
1931	0.00378288
1932	0.00436402
1933	0.00348714
1934	0.00238721
1935	0.00115380
1936	0.00169265
1937	0.01516047
1938	0.00181882
1939	0.00447998
1940	0.00110455
1941	0.00137560
1942	0.00160416
1943	0.00476677
1944	0.00205581
1945	0.00302463
1946	0.00075915
1947	0.00212083
1948	0.00095912
1949	0.00052935
1950	0.00045096
1951	0.00193585
1952	0.00050004
1953	0.00326424
1954	0.00045330
1955	0.00220315
1956	0.00154586
1957	0.00152926
1958	0.00369658
1959	0.00061380
1960	0.00350758
1961	0.00171413
1962	0.00107923
1963	0.00077679
1964	0.00135505
1965	0.00263621
1966	0.00340554
1967	0.00202073
1968	0.00227715
1969	0.00294690
1970	0.00042590
1971	0.00066592
1972	0.00177338
1973	0.00179506
1974	0.00284311
1975	0.00055505
1976	0.00078926
1977	0.00749242
1978	0.00139261
1979	0.00054869
1980	0.00332614
1981	0.00207438
1982	0.00164438
1983	0.00039541
1984	0.00294774
1985	0.00353175
1986	0.00791226
1987	0.00413636
1988	0.00267591
1989	0.00052718
1990	0.00390668
1991	0.00693535
1992	0.00196593
1993	0.01795311
1994	0.00183185
1995	0.00043260
1996	0.00346465
1997	0.01002411
1998	0.00072984
1999	0.00663367
2000	0.00062067
2001	0.00235961
2002	0.00054202
2003	0.00283600
2004	0.00155401
2005	0.00216882
2006	0.00336235
2007	0.00082145
2008	0.00230105
2009	0.00158799
2010	0.00241888
2011	0.00155938
2012	0.00064363
2013	0.00317554
2014	0.00157407
2015	0.00198421
2016	0.00147004
2017	0.00425639
2018	0.00138351
2019	0.00091852
2020	0.00125792
2021	0.00060271
2022	0.00337855
2023	0.00116763
2024	0.00071185
2025	0.00076888
2026	0.00249372
2027	0.00106502
2028	0.00078715
2029	0.00642801
2030	0.00089392
2031	0.00184542
2032	0.00381389
2033	0.00645731
2034	0.00852407
2035	0.00190100
2036	0.00093576
2037	0.00186043
2038	0.00071878
2039	0.00065229
2040	0.00286277
2041	0.00668668
2042	0.00415961
2043	0.00066000
2044	0.00346834
2045	0.00121441
2046	0.00182636
2047	0.00093195
2048	0.00306678
2049	0.00050134
2050	0.00534621
2051	0.00381692
2052	0.00226095
2053	0.00200673
2054	0.00077904
2055	0.00366612
2056	0.00044487
2057	0.00112857
2058	0.00189441
2059	0.00063300
2060	0.00093215
2061	0.00230230
2062	0.00662523
2063	0.00116957
2064	0.00936579
2065	0.00064608
2066	0.00274690
2067	0.00250660
2068	0.00135040
2069	0.00079962
2070	0.00079905
2071	0.00107850
2072	0.00170045
2073	0.00834055
2074	0.00048437
2075	0.00068361
2076	0.00100436
2077	0.00053010
2078	0.00110845
2079	0.00106505
2080	0.00090902
2081	0.00059720
2082	0.00070325
2083	0.00149701
2084	0.00049459
2085	0.00038770
2086	0.00138198
2087	0.00050284
2088	0.01580012
2089	0.00463606
2090	0.00102064
2091	0.00106300
2092	0.00085235
2093	0.00331893
2094	0.00073619
2095	0.00300413
2096	0.00226921
2097	0.00233339
2098	0.00070946
2099	0.00654901
2100	0.00183889
2101	0.00196599
2102	0.00076706
2103	0.00646773
2104	0.00087030
2105	0.00127495
2106	0.00046854
2107	0.00078767
2108	0.00549369
2109	0.00190504
2110	0.00088081
2111	0.00099117
2112	0.00085454
2113	0.00101825
2114	0.00059752
2115	0.00349649
2116	0.00693590
2117	0.00097846
2118	0.00083880
2119	0.00681045
2120	0.00106537
2121	0.00156030
2122	0.00078060
2123	0.00394407
2124	0.00673862
2125	0.00043984
2126	0.00682879
2127	0.00198900
2128	0.00047233
2129	0.00163421
2130	0.00097251
2131	0.00345855
2132	0.00048913
2133	0.00064120
2134	0.00131052
2135	0.00116700
2136	0.00112536
2137	0.00073691
2138	0.00081002
2139	0.00072525
2140	0.00394794
2141	0.00072401
2142	0.00989857
2143	0.00477757
2144	0.00219954
2145	0.00124519
2146	0.00375681
2147	0.01100257
2148	0.00230804
2149	0.00188875
2150	0.00043479
2151	0.00043632
2152	0.00082137
2153	0.00044117
2154	0.00366239
2155	0.00341934
2156	0.00368578
2157	0.00075378
2158	0.00119033
2159	0.00277150
2160	0.00075559
2161	0.00217055
2162	0.00057168
2163	0.00077884
2164	0.00223814
2165	0.00084923
2166	0.00348408
2167	0.00082830
2168	0.00048402
2169	0.00141724
2170	0.00060670
2171	0.00251509
2172	0.00261114
2173	0.00132938
2174	0.00079867
2175	0.00056824
2176	0.00822477
2177	0.00154260
2178	0.00041299
2179	0.00086748
2180	0.00039590
2181	0.00489522
2182	0.00305209
2183	0.00328159
2184	0.00079919
2185	0.00069277
2186	0.00149516
2187	0.00515455
2188	0.00050605
2189	0.00045792
2190	0.00196824
2191	0.00215095
2192	0.00118259
2193	0.00658421
2194	0.00072014
2195	0.00499183
2196	0.00094306
2197	0.00656740
2198	0.00402030
2199	0.00058539
2200	0.00124036
2201	0.00356114
2202	0.00102261
2203	0.00683289
2204	0.00279625
2205	0.00134823
2206	0.01464851
2207	0.00704181
2208	0.00036694
2209	0.00222521
2210	0.00114601
2211	0.00050409
2212	0.00206268
2213	0.00058989
2214	0.00496772
2215	0.01356986
2216	0.00090954
2217	0.00167068
2218	0.00788390
2219	0.00276856
2220	0.00514113
2221	0.00035002
2222	0.00610443
2223	0.00111670
2224	0.00384366
2225	0.00040577
2226	0.00185269
2227	0.00558031
2228	0.00245893
2229	0.00168255
2230	0.00063404
2231	0.01786323
2232	0.00057358
2233	0.00154289
2234	0.00043450
2235	0.00338103
2236	0.00125310
2237	0.00515747
2238	0.00286251
2239	0.00045284
2240	0.00206205
2241	0.00432935
2242	0.00129820
2243	0.00041712
2244	0.00074575
2245	0.00188835
2246	0.00088598
2247	0.00276960
2248	0.00170131
2249	0.00142033
2250	0.00267114
2251	0.00151956
2252	0.00274918
2253	0.00059729
2254	0.00089306
2255	0.00070651
2256	0.00189944
2257	0.00086672
2258	0.00126121
2259	0.00047582
2260	0.00394373
2261	0.00327651
2262	0.00208312
2263	0.00148206
2264	0.00036472
2265	0.00192060
2266	0.00541623
2267	0.00159861
2268	0.00128956
2269	0.00160243
2270	0.00330065
2271	0.00111260
2272	0.00047879
2273	0.00043147
2274	0.00481845
2275	0.00046768
2276	0.00074029
2277	0.00301366
2278	0.00043973
2279	0.00155129
2280	0.00754153
2281	0.00086109
2282	0.00224158
2283	0.00261097
2284	0.00847490
2285	0.00056336
2286	0.00115268
2287	0.00120127
2288	0.00278758
2289	0.00199807
2290	0.00096293
2291	0.00194725
2292	0.00275037
2293	0.00147082
2294	0.00087374
2295	0.00060012
2296	0.00312176
2297	0.00057578
2298	0.00635326
2299	0.00097647
2300	0.00165038
2301	0.00858271
2302	0.00049199
2303	0.00157162
2304	0.00259708
2305	0.00093495
2306	0.00274751
2307	0.00096322
2308	0.00342160
2309	0.01050634
2310	0.00067028
2311	0.00106880
2312	0.01219480
2313	0.00081574
2314	0.00266978
2315	0.00070894
2316	0.00184674
2317	0.00458657
2318	0.00131153
2319	0.00181914
2320	0.00092294
2321	0.00196327
2322	0.00108289
2323	0.00208682
2324	0.00046514
2325	0.00065951
2326	0.00462327
2327	0.00083606
2328	0.00066086
2329	0.00048076
2330	0.00136659
2331	0.00193726
2332	0.00066421
2333	0.00797956
2334	0.00117300
2335	0.00052918
2336	0.00052190
2337	0.00098074
2338	0.00077930
2339	0.00067126
2340	0.00080523
2341	0.00475551
2342	0.00186355
2343	0.00791015
2344	0.00186268
2345	0.00198816
2346	0.00168731
2347	0.00087758
2348	0.00114023
2349	0.00116044
2350	0.00058233
2351	0.00128616
2352	0.00333954
2353	0.00066872
2354	0.00280436
2355	0.00109222
2356	0.00245876
2357	0.00091936
2358	0.00168090
2359	0.00075839
2360	0.00180511
2361	0.00081340
2362	0.00125186
2363	0.00170749
2364	0.00265073
2365	0.00055074
2366	0.00047504
2367	0.00085494
2368	0.00049511
2369	0.00098626
2370	0.00088105
2371	0.00215265
2372	0.00044917
2373	0.00194661
2374	0.00132271
2375	0.00069649
2376	0.00074275
2377	0.00551174
2378	0.00531728
2379	0.00118883
2380	0.00217017
2381	0.00131852
2382	0.00048399
2383	0.00068743
2384	0.00067391
2385	0.00761631
2386	0.00278949
2387	0.00229669
2388	0.00118216
2389	0.00114139
2390	0.00179356
2391	0.00061276
2392	0.00078383
2393	0.00174991
2394	0.00037188
2395	0.00140713
2396	0.00054612
2397	0.00353928
2398	0.00141444
2399	0.00096498
2400	0.00326961
2401	0.00099076
2402	0.00603875
2403	0.00162440
2404	0.00184571
2405	0.00185959
2406	0.00091148
2407	0.00080722
2408	0.00204207
2409	0.00249846
2410	0.00070873
2411	0.00236697
2412	0.00208413
2413	0.00067605
2414	0.00120433
2415	0.00044969
2416	0.00333024
2417	0.00324204
2418	0.00062047
2419	0.00077373
2420	0.00144955
2421	0.00284521
2422	0.00172597
2423	0.00082890
2424	0.00348896
2425	0.00060075
2426	0.00197482
2427	0.00059010
2428	0.00252447
2429	0.00257029
2430	0.00049557
2431	0.00163996
2432	0.00253094
2433	0.00170611
2434	0.00066935
2435	0.00314809
2436	0.00613304
2437	0.00150816
2438	0.00208636
2439	0.00066413
2440	0.00165743
2441	0.00123600
2442	0.00194292
2443	0.00049629
2444	0.00056807
2445	0.00179039
2446	0.00046312
2447	0.00128777
2448	0.00102093
2449	0.00279743
2450	0.00220023
2451	0.00203612
2452	0.00147172
2453	0.00136685
2454	0.00326228
2455	0.00184106
2456	0.00211408
2457	0.00321395
2458	0.00812392
2459	0.00156186
2460	0.00977621
2461	0.00069869
2462	0.00355461
2463	0.00113977
2464	0.00176766
2465	0.00052360
2466	0.00144591
2467	0.00346557
2468	0.00696423
2469	0.00257006
2470	0.00083710
2471	0.00606773
2472	0.00173229
2473	0.00218591
2474	0.00369690
2475	0.00161862
2476	0.00067426
2477	0.00084051
2478	0.00174526
2479	0.00061955
2480	0.00065382
2481	0.00112539
2482	0.00867270
2483	0.00095074
2484	0.00057785
2485	0.00588338
2486	0.00076991
2487	0.00095421
2488	0.00043436
2489	0.00206710
2490	0.00089822
2491	0.00070755
2492	0.00152970
2493	0.00073764
2494	0.00454858
2495	0.00449155
2496	0.00361932
2497	0.00114301
2498	0.00246771
2499	0.00072285
2500	0.00090117
2501	0.00098865
2502	0.00973149
2503	0.00161862
2504	0.00195297
2505	0.00060811
2506	0.00504741
2507	0.00066476
2508	0.00150411
2509	0.00125855
2510	0.00218666
2511	0.00154999
2512	0.00073426
2513	0.00486883
2514	0.00079466
2515	0.00263958
2516	0.00056068
2517	0.00062050
2518	0.00058213
2519	0.00355790
2520	0.00693033
2521	0.00068003
2522	0.00138383
2523	0.00041063
2524	0.00127836
2525	0.00550798
2526	0.00093120
2527	0.00407752
2528	0.00320494
2529	0.00464204
2530	0.00147247
2531	0.00091208
2532	0.00066984
2533	0.00247212
2534	0.00367345
2535	0.00054797
2536	0.00475447
2537	0.00114846
2538	0.00676070
2539	0.00113576
2540	0.00046493
2541	0.00061533
2542	0.00136827
2543	0.00395372
2544	0.00291402
2545	0.00167464
2546	0.00138539
2547	0.00049121
2548	0.00097300
2549	0.00069822
2550	0.01714999
2551	0.00536908
2552	0.00149181
2553	0.00518265
2554	0.00317673
2555	0.00129782
2556	0.00507039
2557	0.00070712
2558	0.00337817
2559	0.00247357
2560	0.00518320
2561	0.00199186
2562	0.00076463
2563	0.00168298
2564	0.00077606
2565	0.00744080
2566	0.00098426
2567	0.00088601
2568	0.00445630
2569	0.00186358
2570	0.00095210
2571	0.00198978
2572	0.01083736
2573	0.00108107
2574	0.00240332
2575	0.00057667
2576	0.01064446
2577	0.00061386
2578	0.00050998
2579	0.00044189
2580	0.00069069
2581	0.00230059
2582	0.00119887
2583	0.00266352
2584	0.00064562
2585	0.00283551
2586	0.00151942
2587	0.00186976
2588	0.00131101
2589	0.01200930
2590	0.00397959
2591	0.00101981
2592	0.00149069
2593	0.00325211
2594	0.00140661
2595	0.00089288
2596	0.00067700
2597	0.00281677
2598	0.00358346
2599	0.00048795
2600	0.00079971
2601	0.00060583
2602	0.00055354
2603	0.00047129
2604	0.00430472
2605	0.00175969
2606	0.00601322
2607	0.00350637
2608	0.00080320
2609	0.00142656
2610	0.00591699
2611	0.00070801
2612	0.00847989
2613	0.00505061
2614	0.00052349
2615	0.00171910
2616	0.00565697
2617	0.00060009
2618	0.00101357
2619	0.00060826
2620	0.00251754
2621	0.00206407
2622	0.00084467
2623	0.00056376
2624	0.00755060
2625	0.00146173
2626	0.00151205
2627	0.00052473
2628	0.00078528
2629	0.00385090
2630	0.00357220
2631	0.00048090
2632	0.00050452
2633	0.00165509
2634	0.01477832
2635	0.00243733
2636	0.00063797
2637	0.01201068
2638	0.00067617
2639	0.00173567
2640	0.00373325
2641	0.00092138
2642	0.00359602
2643	0.00133336
2644	0.00066011
2645	0.01933209
2646	0.00106395
2647	0.00229892
2648	0.00173853
2649	0.00115190
2650	0.00132874
2651	0.00353400
2652	0.00190296
2653	0.00217283
2654	0.00169915
2655	0.00462806
2656	0.00083797
2657	0.00249721
2658	0.00081008
2659	0.00195421
2660	0.00564028
2661	0.00307466
2662	0.00088948
2663	0.00220193
2664	0.00072932
2665	0.00063762
2666	0.00102353
2667	0.00111485
2668	0.00197485
2669	0.00341259
2670	0.00082480
2671	0.00054771
2672	0.00329355
2673	0.00134601
2674	0.00065162
2675	0.00148431
2676	0.00054942
2677	0.00097491
2678	0.00313778
2679	0.00188979
2680	0.00390775
2681	0.00936847
2682	0.00113287
2683	0.00093688
2684	0.00067573
2685	0.00042226
2686	0.00128950
2687	0.00054419
2688	0.00111740
2689	0.00199781
2690	0.00459804
2691	0.00306086
2692	0.00059278
2693	0.00071145
2694	0.00063260
2695	0.00061060
2696	0.00267732
2697	0.00068613
2698	0.00182108
2699	0.00087758
2700	0.00110510
2701	0.00184646
2702	0.00259630
2703	0.00045881
2704	0.01005769
2705	0.00149898
2706	0.00098447
2707	0.00040520
2708	0.00060956
2709	0.00540494
2710	0.00460577
2711	0.00046092
2712	0.00131451
2713	0.00032857
2714	0.00226612
2715	0.00404048
2716	0.00103678
2717	0.00057837
2718	0.01029889
2719	0.00320878
2720	0.00386543
2721	0.00336729
2722	0.00247501
2723	0.00124059
2724	0.00050957
2725	0.00089612
2726	0.00111009
2727	0.00189262
2728	0.00073726
2729	0.00081894
2730	0.00057338
2731	0.00103052
2732	0.01011442
2733	0.00496587
2734	0.00101510
2735	0.00298715
2736	0.00315086
2737	0.00106759
2738	0.00100043
2739	0.00072190
2740	0.00051699
2741	0.00480881
2742	0.00068387
2743	0.00211107
2744	0.00181325
2745	0.00597759
2746	0.00134237
2747	0.00085783
2748	0.00077124
2749	0.00085041
2750	0.00051148
2751	0.00369892
2752	0.00288893
2753	0.00404389
2754	0.00337032
2755	0.00068480
2756	0.00056359
2757	0.00102861
2758	0.00950157
2759	0.00061412
2760	0.00095756
2761	0.00085004
2762	0.00345079
2763	0.00062648
2764	0.00309190
2765	0.00437855
2766	0.00944415
2767	0.00172106
2768	0.00427715
2769	0.00057427
2770	0.00055964
2771	0.00049669
2772	0.00069577
2773	0.00081709
2774	0.00076847
2775	0.00985105
2776	0.00253284
2777	0.00357708
2778	0.00323840
2779	0.00097566
2780	0.01058265
2781	0.00104184
2782	0.00181802
2783	0.00073250
2784	0.00055502
2785	0.00144955
2786	0.00082714
2787	0.00236423
2788	0.00074373
2789	0.00168489
2790	0.00069765
2791	0.00118608
2792	0.00068590
2793	0.00451203
2794	0.00058730
2795	0.00134217
2796	0.00111104
2797	0.00051598
2798	0.00063701
2799	0.00139518
2800	0.00223130
2801	0.00277670
2802	0.00135955
2803	0.00322223
2804	0.00050954
2805	0.00271540
2806	0.00044230
2807	0.00161262
2808	0.00166872
2809	0.00324698
2810	0.00073671
2811	0.00081793
2812	0.00066055
2813	0.00085639
2814	0.00162287
2815	0.00431113
2816	0.00212496
2817	0.00105339
2818	0.00069412
2819	0.00130163
2820	0.00462096
2821	0.01361799
2822	0.00061741
2823	0.00092689
2824	0.00267391
2825	0.00124726
2826	0.00062388
2827	0.00076994
2828	0.00220240
2829	0.00051003
2830	0.00280381
2831	0.00493478
2832	0.00051410
2833	0.00081421
2834	0.00053235
2835	0.00185477
2836	0.00214433
2837	0.00104721
2838	0.01013743
2839	0.00146511
2840	0.00737843
2841	0.00143840
2842	0.00365639
2843	0.00061490
2844	0.00086929
2845	0.00242535
2846	0.00420292
2847	0.00146222
2848	0.00101135
2849	0.00153717
2850	0.00213533
2851	0.00050729
2852	0.00085339
2853	0.00868763
2854	0.00285650
2855	0.00286944
2856	0.00050284
2857	0.00342033
2858	0.00261897
2859	0.00076365
2860	0.00379936
2861	0.00048226
2862	0.00379864
2863	0.00392430
2864	0.00155773
2865	0.00318513
2866	0.00059737
2867	0.00408489
2868	0.01424354
2869	0.00163950
2870	0.00055545
2871	0.00067671
2872	0.00361579
2873	0.00234783
2874	0.00046825
2875	0.00038432
2876	0.00039339
2877	0.00154895
2878	0.00192274
2879	0.00157855
2880	0.00116414
2881	0.00689398
2882	0.00147149
2883	0.00066652
2884	0.00181701
2885	0.00478403
2886	0.00101013
2887	0.00153943
2888	0.00484856
2889	0.00189560
2890	0.00150934
2891	0.00089802
2892	0.00298247
2893	0.00138493
2894	0.00331766
2895	0.00052730
2896	0.00043355
2897	0.00054405
2898	0.00319694
2899	0.00092230
2900	0.00228800
2901	0.00165647
2902	0.00362414
2903	0.00038447
2904	0.00257757
2905	0.00557927
2906	0.00148535
2907	0.00097759
2908	0.00081100
2909	0.00068338
2910	0.00451119
2911	0.00058730
2912	0.00074742
2913	0.00182339
2914	0.00248546
2915	0.00135857
2916	0.00831748
2917	0.00692277
2918	0.00274511
2919	0.00103225
2920	0.00166892
2921	0.00204830
2922	0.00123800
2923	0.00087088
2924	0.00097306
2925	0.00056278
2926	0.00336885
2927	0.00055744
2928	0.00163447
2929	0.00117780
2930	0.00062855
2931	0.00186107
2932	0.00053431
2933	0.00123768
2934	0.00338034
2935	0.00325515
2936	0.00173059
2937	0.00068024
2938	0.00168771
2939	0.00380560
2940	0.00145824
2941	0.00052689
2942	0.00084778
2943	0.00057742
2944	0.00161932
2945	0.00076789
2946	0.00208027
2947	0.00471838
2948	0.00106889
2949	0.00201542
2950	0.00068107
2951	0.00066525
2952	0.00077627
2953	0.00054405
2954	0.00275112
2955	0.00400390
2956	0.00150316
2957	0.00057260
2958	0.00498155
2959	0.00168367
2960	0.00290567
2961	0.00088575
2962	0.00295672
2963	0.00138014
2964	0.00113134
2965	0.00096030
2966	0.00124345
2967	0.00067492
2968	0.00210845
2969	0.00056836
2970	0.00308948
2971	0.00064790
2972	0.00097436
2973	0.00186479
2974	0.00043869
2975	0.00205287
2976	0.00272505
2977	0.00053749
2978	0.00265881
2979	0.00093417
2980	0.00127654
2981	0.00122596
2982	0.00081822
2983	0.00378553
2984	0.00528627
2985	0.00197404
2986	0.01417754
2987	0.00132551
2988	0.00085246
2989	0.00232545
2990	0.00163834
2991	0.00122316
2992	0.00342160
2993	0.00208711
2994	0.00167204
2995	0.00081787
2996	0.00089935
2997	0.00128214
2998	0.00059091
2999	0.00197546
3000	0.00064617
3001	0.00286753
3002	0.01286609
3003	0.00065030
3004	0.00154523
3005	0.00181074
3006	0.00163586
3007	0.00049617
3008	0.00203297
3009	0.00091846
3010	0.00347417
3011	0.00109216
3012	0.00267882
3013	0.00057006
3014	0.00043788
3015	0.00050284
3016	0.00715600
3017	0.00151162
3018	0.00131194
3019	0.00083797
3020	0.00168154
3021	0.00125333
3022	0.00753530
3023	0.00313954
3024	0.00048139
3025	0.00239264
3026	0.00164080
3027	0.00075770
3028	0.00056864
3029	0.00294491
3030	0.00090735
3031	0.01010016
3032	0.00059526
3033	0.00127923
3034	0.00064839
3035	0.00539720
3036	0.00128610
3037	0.00440765
3038	0.00521045
3039	0.00045177
3040	0.00109109
3041	0.00155969
3042	0.00608555
3043	0.00168904
3044	0.00066260
3045	0.00314119
3046	0.00144351
3047	0.00330102
3048	0.00053576
3049	0.00076870
3050	0.00073192
3051	0.00047207
3052	0.00159873
3053	0.00095600
3054	0.00356339
3055	0.00039968
3056	0.00119463
3057	0.00357049
3058	0.00045570
3059	0.00064264
3060	0.00167276
3061	0.00228341
3062	0.00326846
3063	0.00173302
3064	0.00075608
3065	0.00100716
3066	0.00156870
3067	0.00301805
3068	0.00445373
3069	0.00138741
3070	0.00191760
3071	0.00160243
3072	0.00177549
3073	0.00259633
3074	0.00440485
3075	0.00165659
3076	0.00359134
3077	0.00075147
3078	0.00051667
3079	0.00513729
3080	0.00232329
3081	0.00440240
3082	0.00058738
3083	0.00043341
3084	0.00321683
3085	0.00255733
3086	0.00317361
3087	0.00062861
3088	0.00251861
3089	0.00209404
3090	0.00081842
3091	0.00221348
3092	0.00034419
3093	0.00129450
3094	0.00639246
3095	0.00048546
3096	0.00371021
3097	0.00230590
3098	0.00094130
3099	0.00140872
3100	0.00119166
3101	0.00311916
3102	0.00096411
3103	0.00052597
3104	0.00061952
3105	0.00192655
3106	0.00077416
3107	0.00233524
3108	0.00102489
3109	0.00083794
3110	0.00313587
3111	0.00246355
3112	0.00126213
3113	0.00085861
3114	0.00172892
3115	0.00386156
3116	0.00549155
3117	0.00089430
3118	0.00162607
3119	0.00164755
3120	0.00093983
3121	0.00597918
3122	0.00471716
3123	0.00063875
3124	0.00103159
3125	0.00229993
3126	0.01789730
3127	0.00056088
3128	0.00256197
3129	0.00090859
3130	0.00090948
3131	0.00129467
3132	0.00508893
3133	0.00116376
3134	0.00185676
3135	0.00654249
3136	0.00091708
3137	0.00081614
3138	0.00066190
3139	0.00565157
3140	0.00104036
3141	0.00079267
3142	0.00087822
3143	0.00099957
3144	0.00071610
3145	0.00036120
3146	0.00207487
3147	0.00445422
3148	0.00147954
3149	0.00269421
3150	0.00068907
3151	0.00167417
3152	0.00202907
3153	0.00293740
3154	0.00132770
3155	0.00289669
3156	0.00061530
3157	0.00078343
3158	0.00361065
3159	0.00348269
3160	0.00066210
3161	0.00174887
3162	0.00313674
3163	0.00640433
3164	0.00562749
3165	0.00289857
3166	0.00044155
3167	0.00117029
3168	0.00612848
3169	0.00053683
3170	0.00057731
3171	0.00288428
3172	0.00189196
3173	0.00240653
3174	0.00080118
3175	0.00566280
3176	0.00344628
3177	0.00086213
3178	0.00043289
3179	0.00042177
3180	0.00806970
3181	0.00229672
3182	0.00157023
3183	0.00274162
3184	0.02082362
3185	0.00213238
3186	0.00274286
3187	0.00108896
3188	0.01448743
3189	0.00166245
3190	0.00229583
3191	0.00141239
3192	0.00079385
3193	0.00065780
3194	0.00401605
3195	0.00149207
3196	0.00048699
3197	0.00173937
3198	0.00265145
3199	0.00140439
3200	0.00056789
3201	0.00077153
3202	0.00063453
3203	0.00178770
3204	0.00054861
3205	0.00533723
3206	0.00245997
3207	0.00099007
3208	0.00211731
3209	0.00321865
3210	0.00169467
3211	0.00220459
3212	0.00098195
3213	0.01233267
3214	0.00366817
3215	0.00336755
3216	0.00063442
3217	0.00139423
3218	0.01243035
3219	0.00047628
3220	0.00072658
3221	0.00674835
3222	0.01220040
3223	0.00340167
3224	0.00738629
3225	0.00040947
3226	0.00839033
3227	0.00081285
3228	0.00052404
3229	0.00508136
3230	0.00134693
3231	0.00472181
3232	0.00563355
3233	0.00531855
3234	0.00717895
3235	0.00073417
3236	0.01717124
3237	0.00575415
3238	0.00163257
3239	0.00051223
3240	0.00043456
3241	0.00071705
3242	0.00047643
3243	0.00371182
3244	0.00043525
3245	0.00139809
3246	0.00079391
3247	0.00156391
3248	0.00325627
3249	0.00198045
3250	0.01600586
3251	0.00181051
3252	0.00238646
3253	0.01984709
3254	0.00274485
3255	0.00081914
3256	0.00126600
3257	0.00054191
3258	0.00109632
3259	0.00069597
3260	0.00232877
3261	0.00115173
3262	0.00383289
3263	0.00347911
3264	0.00052675
3265	0.00045884
3266	0.00075594
3267	0.00264631
3268	0.00476830
3269	0.00207394
3270	0.00285044
3271	0.00117488
3272	0.00075660
3273	0.00156434
3274	0.00236778
3275	0.00063485
3276	0.00474439
3277	0.00183110
3278	0.00462370
3279	0.00206323
3280	0.00169993
3281	0.00337130
3282	0.00093824
3283	0.00088367
3284	0.00310339
3285	0.00063072
3286	0.00045723
3287	0.00847498
3288	0.00223592
3289	0.00383032
3290	0.00307426
3291	0.00436980
3292	0.00387469
3293	0.00120243
3294	0.00099096
3295	0.00045980
3296	0.00061631
3297	0.00186075
3298	0.00078946
3299	0.00147853
3300	0.00045359
3301	0.00359076
3302	0.00072444
3303	0.00301703
3304	0.00087051
3305	0.00436723
3306	0.00175034
3307	0.00060219
3308	0.00250423
3309	0.00105197
3310	0.00059622
3311	0.00099200
3312	0.00156746
3313	0.00652002
3314	0.00051893
3315	0.00056452
3316	0.00115034
3317	0.01228460
3318	0.00184585
3319	0.00080771
3320	0.00068364
3321	0.00220199
3322	0.00242968
3323	0.00118883
3324	0.00074474
3325	0.00057436
3326	0.00078054
3327	0.00114402
3328	0.00340320
3329	0.00060014
3330	0.00122564
3331	0.00103286
3332	0.00090830
3333	0.00120118
3334	0.00222180
3335	0.00070160
3336	0.00094910
3337	0.00075906
3338	0.00427654
3339	0.00076027
3340	0.01690614
3341	0.00156746
3342	0.00105714
3343	0.00069456
3344	0.00067134
3345	0.00063121
3346	0.00127475
3347	0.00213013
3348	0.00338730
3349	0.00141421
3350	0.00215074
3351	0.00305217
3352	0.00082983
3353	0.01173406
3354	0.00070088
3355	0.00332935
3356	0.00125775
3357	0.00129063
3358	0.00409430
3359	0.00071887
3360	0.00531485
3361	0.00127126
3362	0.00272305
3363	0.00402370
3364	0.00082512
3365	0.00138854
3366	0.00057716
3367	0.00239151
3368	0.00201894
3369	0.00093694
3370	0.00080707
3371	0.00601868
3372	0.00103950
3373	0.00060269
3374	0.00365327
3375	0.00100101
3376	0.00121727
3377	0.00073088
3378	0.00090264
3379	0.00941637
3380	0.00063684
3381	0.00100598
3382	0.00746052
3383	0.00054413
3384	0.00380566
3385	0.00111058
3386	0.00163788
3387	0.00429773
3388	0.00094765
3389	0.00073758
3390	0.00093114
3391	0.00094200
3392	0.00114566
3393	0.00286436
3394	0.00097638
3395	0.00419740
3396	0.00096232
3397	0.00074768
3398	0.00204504
3399	0.00066802
3400	0.00116027
3401	0.00033688
3402	0.00223537
3403	0.00325691
3404	0.00557517
3405	0.00127879
3406	0.00265194
3407	0.00824530
3408	0.00054520
3409	0.00063216
3410	0.00167761
3411	0.00143753
3412	0.00107293
3413	0.00100540
3414	0.00871517
3415	0.00319070
3416	0.00085492
3417	0.00029363
3418	0.00513241
3419	0.00038031
3420	0.00231266
3421	0.00240488
3422	0.00164348
3423	0.00071555
3424	0.00336293
3425	0.00057153
3426	0.00058663
3427	0.00327204
3428	0.00057433
3429	0.00097540
3430	0.00441548
3431	0.00082036
3432	0.00059030
3433	0.00102477
3434	0.00181435
3435	0.00051705
3436	0.00095842
3437	0.00209031
3438	0.00147155
3439	0.00216541
3440	0.00358175
3441	0.00169337
3442	0.00297641
3443	0.00607839
3444	0.00169181
3445	0.00046433
3446	0.00162402
3447	0.00324856
3448	0.00097710
3449	0.00047542
3450	0.00344767
3451	0.00066493
3452	0.00093408
3453	0.00080479
3454	0.00230585
3455	0.00041187
3456	0.00681770
3457	0.00041334
3458	0.00152046
3459	0.00102125
3460	0.00201576
3461	0.00077168
3462	0.00084952
3463	0.00184776
3464	0.00166667
3465	0.00069014
3466	0.00105512
3467	0.00198366
3468	0.00191234
3469	0.00254058
3470	0.00334713
3471	0.00068200
3472	0.00261132
3473	0.00158640
3474	0.00328003
3475	0.00088613
3476	0.01129046
3477	0.00045991
3478	0.00096180
3479	0.00321822
3480	0.00061969
3481	0.00038695
3482	0.00295672
3483	0.00351442
3484	0.00173313
3485	0.00047059
3486	0.00045226
3487	0.00039604
3488	0.00328676
3489	0.00076437
3490	0.00070977
3491	0.00042295
3492	0.00096434
3493	0.00290377
3494	0.00329713
3495	0.00047926
3496	0.01034413
3497	0.00072808
3498	0.00724611
3499	0.00055403
3500	0.00756197
3501	0.00460297
3502	0.00136218
3503	0.00222977
3504	0.00342278
3505	0.00148714
3506	0.00068561
3507	0.00099480
3508	0.00182295
3509	0.00357563
3510	0.00229765
3511	0.00350235
3512	0.00323921
3513	0.00339783
3514	0.00064478
3515	0.00831304
3516	0.00105281
3517	0.00522128
3518	0.00613951
3519	0.01213403
3520	0.00183063
3521	0.00415490
3522	0.00085053
3523	0.00084319
3524	0.00046768
3525	0.00843898
3526	0.00487345
3527	0.00080638
3528	0.00195294
3529	0.00196238
3530	0.00596605
3531	0.00051058
3532	0.00095984
3533	0.00073743
3534	0.00689285
3535	0.00057973
3536	0.00522697
3537	0.00261293
3538	0.00164640
3539	0.00067591
3540	0.00108835
3541	0.00168867
3542	0.01271321
3543	0.00065613
3544	0.00195580
3545	0.00043234
3546	0.00057485
3547	0.00105948
3548	0.00204276
3549	0.00189337
3550	0.00178297
3551	0.00088757
3552	0.00134289
3553	0.00203918
3554	0.00067022
3555	0.00341216
3556	0.00087894
3557	0.00035802
3558	0.00057719
3559	0.00213648
3560	0.00218822
3561	0.00774670
3562	0.00067183
3563	0.00051451
3564	0.00325546
3565	0.00105659
3566	0.00218305
3567	0.00077543
3568	0.00045636
3569	0.00134075
3570	0.00088009
3571	0.00069176
3572	0.00174823
3573	0.00289609
3574	0.00125315
3575	0.00507501
3576	0.00050715
3577	0.00592574
3578	0.00185336
3579	0.00051771
3580	0.00330885
3581	0.00053836
3582	0.00051690
3583	0.00065188
3584	0.00152326
3585	0.00440309
3586	0.00045662
3587	0.00080349
3588	0.00132427
3589	0.00208847
3590	0.00107865
3591	0.00410397
3592	0.00054003
3593	0.00065440
3594	0.00268174
3595	0.01168694
3596	0.00083522
3597	0.00106759
3598	0.00145217
3599	0.00102463
3600	0.00069054
3601	0.00271269
3602	0.00176674
3603	0.00057159
3604	0.00104504
3605	0.00052092
3606	0.00245893
3607	0.00320286
3608	0.00138219
3609	0.00112646
3610	0.00152606
3611	0.00122746
3612	0.00121683
3613	0.00277410
3614	0.00158553
3615	0.00190183
3616	0.00723918
3617	0.00045108
3618	0.00042795
3619	0.00064178
3620	0.00141432
3621	0.00282258
3622	0.00342070
3623	0.00129386
3624	0.00173449
3625	0.00463098
3626	0.00144201
3627	0.00197176
3628	0.00039711
3629	0.00044729
3630	0.00096137
3631	0.00100961
3632	0.00372447
3633	0.00077387
3634	0.00726649
3635	0.00122899
3636	0.00067718
3637	0.00067542
3638	0.00286531
3639	0.00293492
3640	0.00216772
3641	0.00358143
3642	0.00046964
3643	0.00307100
3644	0.00054373
3645	0.00321513
3646	0.00183060
3647	0.00194722
3648	0.00198932
3649	0.00358115
3650	0.00050908
3651	0.00110943
3652	0.00099342
3653	0.00075288
3654	0.00155326
3655	0.00076235
3656	0.00248659
3657	0.00328673
3658	0.00050036
3659	0.00209453
3660	0.00517196
3661	0.00156270
3662	0.00173351
3663	0.00162096
3664	0.00308887
3665	0.00176893
3666	0.00068797
3667	0.00046947
3668	0.00594771
3669	0.00357153
3670	0.00179870
3671	0.00047140
3672	0.00104524
3673	0.00363950
3674	0.00114537
3675	0.00041475
3676	0.00108064
3677	0.00522012
3678	0.00076281
3679	0.00139140
3680	0.00051584
3681	0.00081773
3682	0.00069978
3683	0.00064062
3684	0.00282486
3685	0.00053902
3686	0.01117015
3687	0.00105861
3688	0.00344022
3689	0.00040459
3690	0.00068229
3691	0.00308223
3692	0.00201426
3693	0.00169802
3694	0.00075057
3695	0.00038490
3696	0.00078380
3697	0.00208873
3698	0.00071153
3699	0.00185474
3700	0.00063759
3701	0.00114422
3702	0.00076024
3703	0.00106664
3704	0.00101695
3705	0.00085030
3706	0.00115438
3707	0.00082688
3708	0.00074471
3709	0.00520921
3710	0.00096504
3711	0.00086831
3712	0.00104351
3713	0.00344856
3714	0.00078120
3715	0.00103927
3716	0.00252834
3717	0.00752438
3718	0.00212750
3719	0.00113255
3720	0.00386586
3721	0.00060953
3722	0.00097199
3723	0.01290813
3724	0.00216096
3725	0.00131849
3726	0.00080396
3727	0.00063014
3728	0.00326135
3729	0.00086719
3730	0.00322604
3731	0.00103242
3732	0.00137430
3733	0.00307885
3734	0.00285053
3735	0.00409496
3736	0.00049011
3737	0.00058588
3738	0.00585486
3739	0.00609909
3740	0.00330596
3741	0.00081880
3742	0.00190764
3743	0.00107054
3744	0.00055224
3745	0.00364025
3746	0.00040832
3747	0.00183413
3748	0.00094944
3749	0.00090469
3750	0.00059936
3751	0.00074846
3752	0.02617072
3753	0.00072147
3754	0.00044724
3755	0.00119988
3756	0.00332005
3757	0.00115259
3758	0.00312329
3759	0.00183649
3760	0.00048815
3761	0.00170983
3762	0.00071240
3763	0.00066537
3764	0.00264963
3765	0.00101175
3766	0.00182968
3767	0.00055585
3768	0.00214884
3769	0.00286629
3770	0.00499524
3771	0.00059757
3772	0.00046078
3773	0.00043606
3774	0.00261253
3775	0.00286973
3776	0.00149646
3777	0.00098400
3778	0.00089762
3779	0.00162217
3780	0.00225870
3781	0.00325261
3782	0.00353720
3783	0.00046560
3784	0.00595464
3785	0.00057433
3786	0.00065162
3787	0.00210437
3788	0.00108471
3789	0.00131462
3790	0.00126583
3791	0.00195204
3792	0.00267146
3793	0.00062001
3794	0.00052655
3795	0.00074520
3796	0.00115253
3797	0.00571890
3798	0.00093047
3799	0.00103756
3800	0.00059287
3801	0.00124464
3802	0.00281776
3803	0.00153371
3804	0.00769181
3805	0.00066372
3806	0.00100398
3807	0.00067100
3808	0.00081689
3809	0.00060676
3810	0.00065668
3811	0.00097881
3812	0.00219550
3813	0.00109574
3814	0.00110663
3815	0.00209453
3816	0.00054635
3817	0.00215649
3818	0.00056391
3819	0.00057358
3820	0.00058438
3821	0.00114049
3822	0.00727163
3823	0.00340499
3824	0.00200754
3825	0.00044400
3826	0.00327628
3827	0.00397618
3828	0.00086444
3829	0.00082936
3830	0.00183696
3831	0.00048760
3832	0.00091047
3833	0.00230772
3834	0.00052025
3835	0.00106153
3836	0.00072147
3837	0.00133406
3838	0.00343751
3839	0.00043999
3840	0.00139772
3841	0.00066820
3842	0.00295949
3843	0.00060118
3844	0.00328171
3845	0.00058810
3846	0.00100780
3847	0.00192990
3848	0.00138865
3849	0.00119685
3850	0.00344224
3851	0.00051127
3852	0.00066828
3853	0.00050873
3854	0.00217739
3855	0.00930896
3856	0.01309921
3857	0.00361091
3858	0.00060450
3859	0.00234739
3860	0.00058314
3861	0.00767267
3862	0.00152814
3863	0.00047989
3864	0.00117947
3865	0.00139729
3866	0.00167897
3867	0.00057038
3868	0.00131546
3869	0.01247311
3870	0.00150943
3871	0.00329895
3872	0.00062899
3873	0.00334324
3874	0.01225405
3875	0.00141409
3876	0.00062131
3877	0.00259223
3878	0.00048159
3879	0.00079873
3880	0.00044510
3881	0.00477170
3882	0.00109606
3883	0.00493273
3884	0.00060147
3885	0.00248076
3886	0.00749395
3887	0.00470974
3888	0.00336480
3889	0.00261256
3890	0.00034231
3891	0.00091026
3892	0.00099428
3893	0.00191009
3894	0.00103670
3895	0.00206176
3896	0.00263098
3897	0.00209078
3898	0.00066156
3899	0.00381143
3900	0.00383872
3901	0.00394676
3902	0.00318380
3903	0.00096683
3904	0.00079717
3905	0.00089158
3906	0.00108867
3907	0.00090172
3908	0.00145315
3909	0.00354890
3910	0.00074835
3911	0.00257684
3912	0.00360121
3913	0.00164403
3914	0.00047019
3915	0.00073677
3916	0.00095496
3917	0.00271243
3918	0.00065131
3919	0.00080817
3920	0.00038019
3921	0.00316735
3922	0.00155686
3923	0.00116293
3924	0.00228708
3925	0.00108208
3926	0.00154370
3927	0.00086234
3928	0.00233001
3929	0.00115089
3930	0.00100736
3931	0.00093380
3932	0.00075926
3933	0.00288968
3934	0.00426519
3935	0.00100084
3936	0.00137742
3937	0.00218831
3938	0.00196137
3939	0.00069975
3940	0.00144651
3941	0.00179316
3942	0.00050986
3943	0.00051630
3944	0.00069294
3945	0.00667140
3946	0.00148286
3947	0.00096079
3948	0.00076815
3949	0.00342587
3950	0.00305835
3951	0.00349710
3952	0.00201588
3953	0.00205110
3954	0.00097800
3955	0.00095906
3956	0.00284862
3957	0.00112196
3958	0.00459939
3959	0.00174280
3960	0.00066456
3961	0.00607094
3962	0.00132880
3963	0.00303502
3964	0.00049496
3965	0.00193097
3966	0.00107833
3967	0.00463612
3968	0.00625679
3969	0.01037976
3970	0.00278271
3971	0.00157566
3972	0.00315920
3973	0.00073316
3974	0.00044905
3975	0.00149834
3976	0.00824776
3977	0.00082469
3978	0.00163104
3979	0.00097419
3980	0.00106312
3981	0.00569921
3982	0.00480774
3983	0.00587365
3984	0.00034101
3985	0.00055453
3986	0.00059824
3987	0.00070602
3988	0.00054107
3989	0.00089949
3990	0.00077364
3991	0.00108281
3992	0.00340176
3993	0.00137179
3994	0.00056781
3995	0.00793720
3996	0.00051641
3997	0.01048110
3998	0.00038363
3999	0.00114425
4000	0.00046817
4001	0.00229464
4002	0.00093530
4003	0.00050865
4004	0.00206851
4005	0.00296864
4006	0.00090137
4007	0.00299835
4008	0.00075421
4009	0.00171615
4010	0.00037505
4011	0.00208411
4012	0.00093781
4013	0.00210524
4014	0.00096680
4015	0.00190833
4016	0.00156192
4017	0.00087377
4018	0.00053218
4019	0.00552461
4020	0.00745610
4021	0.00157979
4022	0.00325645
4023	0.00407166
4024	0.00350074
4025	0.00283811
4026	0.00063297
4027	0.00803257
4028	0.00594396
4029	0.00099394
4030	0.00476812
4031	0.00067645
4032	0.00393911
4033	0.00327992
4034	0.00119157
4035	0.00407957
4036	0.00353579
4037	0.00466748
4038	0.00096671
4039	0.00345367
4040	0.00122486
4041	0.00657093
4042	0.00057283
4043	0.00053019
4044	0.00071052
4045	0.00301112
4046	0.00654664
4047	0.00308653
4048	0.00103378
4049	0.00063118
4050	0.00135773
4051	0.00208136
4052	0.00081216
4053	0.00069646
4054	0.00290891
4055	0.00112819
4056	0.00065102
4057	0.00059697
4058	0.00039977
4059	0.00549389
4060	0.00168668
4061	0.00079171
4062	0.00501784
4063	0.00349430
4064	0.00179711
4065	0.00517757
4066	0.00045899
4067	0.00897266
4068	0.00049167
4069	0.00076053
4070	0.00338935
4071	0.00043459
4072	0.00110169
4073	0.00171543
4074	0.00547859
4075	0.00102763
4076	0.00069846
4077	0.00054592
4078	0.00088988
4079	0.00146531
4080	0.00478467
4081	0.00359232
4082	0.00104420
4083	0.00332560
4084	0.00141885
4085	0.00935424
4086	0.00247189
4087	0.00765209
4088	0.00093163
4089	0.00439769
4090	0.01166947
4091	0.00119385
4092	0.00123684
4093	0.00166245
4094	0.00120055
4095	0.00070536
4096	0.00075935
4097	0.00155268
4098	0.00229987
4099	0.00220075
4100	0.00054615
4101	0.00081308
4102	0.00058285
4103	0.00089343
4104	0.00344920
4105	0.00039622
4106	0.00094679
4107	0.00105685
4108	0.00156882
4109	0.00049828
4110	0.00199096
4111	0.00286184
4112	0.00269912
4113	0.00154020
4114	0.00355851
4115	0.00048711
4116	0.00978005
4117	0.00231763
4118	0.00079091
4119	0.00053712
4120	0.00346326
4121	0.00155392
4122	0.00046014
4123	0.00071332
4124	0.00121565
4125	0.00554965
4126	0.00147082
4127	0.00159096
4128	0.00263098
4129	0.00154728
4130	0.00273899
4131	0.00495915
4132	0.00041718
4133	0.00128015
4134	0.00109101
4135	0.00041311
4136	0.00050487
4137	0.00101608
4138	0.00213518
4139	0.00066109
4140	0.00400237
4141	0.00048815
4142	0.00090429
4143	0.00061816
4144	0.00289947
4145	0.00219241
4146	0.00087022
4147	0.00138966
4148	0.00107521
4149	0.00068188
4150	0.00229464
4151	0.00085162
4152	0.00194197
4153	0.00231052
4154	0.00114442
4155	0.00172124
4156	0.00162015
4157	0.00259893
4158	0.00151569
4159	0.00048668
4160	0.00767845
4161	0.00097511
4162	0.00718161
4163	0.00194829
4164	0.01559264
4165	0.00080254
4166	0.00085766
4167	0.00624065
4168	0.00283479
4169	0.00051252
4170	0.00043956
4171	0.00133585
4172	0.00079772
4173	0.00055941
4174	0.00293605
4175	0.00293683
4176	0.00067625
4177	0.00078747
4178	0.00038574
4179	0.00302391
4180	0.00056561
4181	0.00541161
4182	0.00069135
4183	0.00294976
4184	0.00115785
4185	0.00058695
4186	0.00078230
4187	0.00255121
4188	0.00200035
4189	0.00163644
4190	0.00159272
4191	0.00241880
4192	0.00034786
4193	0.00116807
4194	0.00164770
4195	0.00486548
4196	0.00075378
4197	0.00168376
4198	0.00035675
4199	0.00275297
4200	0.00175155
4201	0.00133434
4202	0.00117797
4203	0.00076824
4204	0.00212395
4205	0.01094916
4206	0.00049912
4207	0.00110027
4208	0.00070388
4209	0.00206418
4210	0.00058372
4211	0.00089594
4212	0.00154988
4213	0.00243130
4214	0.00160439
4215	0.00089213
4216	0.00102417
4217	0.00072230
4218	0.00127244
4219	0.00039027
4220	0.01559463
4221	0.00570108
4222	0.01025570
4223	0.00064738
4224	0.00085001
4225	0.00051347
4226	0.00051910
4227	0.00067215
4228	0.00104868
4229	0.01283906
4230	0.00101631
4231	0.00084230
4232	0.00825991
4233	0.00092077
4234	0.01083774
4235	0.00060973
4236	0.00215080
4237	0.00156434
4238	0.00105431
4239	0.00042255
4240	0.00125099
4241	0.00321732
4242	0.00061236
4243	0.00175782
4244	0.00245509
4245	0.00314280
4246	0.00573521
4247	0.00209978
4248	0.00078568
4249	0.00119703
4250	0.00142977
4251	0.00066739
4252	0.00107074
4253	0.00078920
4254	0.00348535
4255	0.00159013
4256	0.00182443
4257	0.00137413
4258	0.00070472
4259	0.00272874
4260	0.00345483
4261	0.00041143
4262	0.00058097
4263	0.01043049
4264	0.00149381
4265	0.00092897
4266	0.00268803
4267	0.00825855
4268	0.00167033
4269	0.00054534
4270	0.00099030
4271	0.00133007
4272	0.00055987
4273	0.00114139
4274	0.01381718
4275	0.00170634
4276	0.00161940
4277	0.00099056
4278	0.00319529
4279	0.00054514
4280	0.00081643
4281	0.00315782
4282	0.00704441
4283	0.00120162
4284	0.00212326
4285	0.00068910
4286	0.00049441
4287	0.00316397
4288	0.00126906
4289	0.00110131
4290	0.00316353
4291	0.00143159
4292	0.00103208
4293	0.00106222
4294	0.00101094
4295	0.00358793
4296	0.00264877
4297	0.00331569
4298	0.00805971
4299	0.00079168
4300	0.00599013
4301	0.00094549
4302	0.00263257
4303	0.00305708
4304	0.00296085
4305	0.00092031
4306	0.00668087
4307	0.00350541
4308	0.00334970
4309	0.01009857
4310	0.00393013
4311	0.00117647
4312	0.00111930
4313	0.00062861
4314	0.00185639
4315	0.00085777
4316	0.00104920
4317	0.00504031
4318	0.00301963
4319	0.00103837
4320	0.00317142
4321	0.00140987
4322	0.00643058
4323	0.00063696
4324	0.00099362
4325	0.00914976
4326	0.00480271
4327	0.00117814
4328	0.00356801
4329	0.00050371
4330	0.00375686
4331	0.00045887
4332	0.00064438
4333	0.00075562
4334	0.00057505
4335	0.00279128
4336	0.00122151
4337	0.00136457
4338	0.00139671
4339	0.00194018
4340	0.00784446
4341	0.00082939
4342	0.00048133
4343	0.00106681
4344	0.00039936
4345	0.00057497
4346	0.00075721
4347	0.00090305
4348	0.00093192
4349	0.00091667
4350	0.00039275
4351	0.00112805
4352	0.00256610
4353	0.00069378
4354	0.00217329
4355	0.00398424
4356	0.00078712
4357	0.00105237
4358	0.00771041
4359	0.00056766
4360	0.00134301
4361	0.00302385
4362	0.00069473
4363	0.00130775
4364	0.00092126
4365	0.00133616
4366	0.00758525
4367	0.00057777
4368	0.00083138
4369	0.00127221
4370	0.00083017
4371	0.00136527
4372	0.00232580
4373	0.00052998
4374	0.00832756
4375	0.00409949
4376	0.00182408
4377	0.00065434
4378	0.00366773
4379	0.00057067
4380	0.00126496
4381	0.00303014
4382	0.00125047
4383	0.00048792
4384	0.00115490
4385	0.00130723
4386	0.00144897
4387	0.00209799
4388	0.00350157
4389	0.00364822
4390	0.00392580
4391	0.00091021
4392	0.00084879
4393	0.00113755
4394	0.00205064
4395	0.00318940
4396	0.00346182
4397	0.00047198
4398	0.00140895
4399	0.00066372
4400	0.00137835
4401	0.00154488
4402	0.00138337
4403	0.00093108
4404	0.00842919
4405	0.00091203
4406	0.00075502
4407	0.00071636
4408	0.00082697
4409	0.00048018
4410	0.00751901
4411	0.00066750
4412	0.00073781
4413	0.00073339
4414	0.00047085
4415	0.00086967
4416	0.00084507
4417	0.00725806
4418	0.00806187
4419	0.00317988
4420	0.00082191
4421	0.00055915
4422	0.00475969
4423	0.00064986
4424	0.00049023
4425	0.01536596
4426	0.00059616
4427	0.00298966
4428	0.00228838
4429	0.00126860
4430	0.00047819
4431	0.00049219
4432	0.00057757
4433	0.00057448
4434	0.00249378
4435	0.00156893
4436	0.00078634
4437	0.00105321
4438	0.00088208
4439	0.00620855
4440	0.00111517
4441	0.00593267
4442	0.00300442
4443	0.00053232
4444	0.00177866
4445	0.00300427
4446	0.00214301
4447	0.00116619
4448	0.00084051
4449	0.00134292
4450	0.00053319
4451	0.00119714
4452	0.00097338
4453	0.00101129
4454	0.00047972
4455	0.00103349
4456	0.00060072
4457	0.00281975
4458	0.00041337
4459	0.00062616
4460	0.00196749
4461	0.00111295
4462	0.00048731
4463	0.00153813
4464	0.00051792
4465	0.00106843
4466	0.00550091
4467	0.00047426
4468	0.01490527
4469	0.00417119
4470	0.00129918
4471	0.00081735
4472	0.00205015
4473	0.00081184
4474	0.00043895
4475	0.00349421
4476	0.00448249
4477	0.00202376
4478	0.00466782
4479	0.00121143
4480	0.00347723
4481	0.00065526
4482	0.00068636
4483	0.00203485
4484	0.00323011
4485	0.00149667
4486	0.00396587
4487	0.01413123
4488	0.00428154
4489	0.00096215
4490	0.00097407
4491	0.00069334
4492	0.00099336
4493	0.00067669
4494	0.00549288
4495	0.00076200
4496	0.00330305
4497	0.00109213
4498	0.00102232
4499	0.00987443
4500	0.00062174
4501	0.00049075
4502	0.00067663
4503	0.00126005
4504	0.00143681
4505	0.00048102
4506	0.00107253
4507	0.00175458
4508	0.00285936
4509	0.00126638
4510	0.00110406
4511	0.00109923
4512	0.00043381
4513	0.00223237
4514	0.00254309
4515	0.00189799
4516	0.00206392
4517	0.00188867
4518	0.00064262
4519	0.00382203
4520	0.00474702
4521	0.00087466
4522	0.00077583
4523	0.00251639
4524	0.00070891
4525	0.00039457
4526	0.00080381
4527	0.00071116
4528	0.00213743
4529	0.00241256
4530	0.00382446
4531	0.00105399
4532	0.00076789
4533	0.00308344
4534	0.00088483
4535	0.00299382
4536	0.00387123
4537	0.00051783
4538	0.00090492
4539	0.00821660
4540	0.00229695
4541	0.01362064
4542	0.00467440
4543	0.00232946
4544	0.00550654
4545	0.00173264
4546	0.00074962
4547	0.00253717
4548	0.00188722
4549	0.00090602
4550	0.00074667
4551	0.00343326
4552	0.00080638
4553	0.00101591
4554	0.00076645
4555	0.00241259
4556	0.00089511
4557	0.00058753
4558	0.00037009
4559	0.00194428
4560	0.00285191
4561	0.00053957
4562	0.00340982
4563	0.00146439
4564	0.00257780
4565	0.00082509
4566	0.00323727
4567	0.00136428
4568	0.01181620
4569	0.00111468
4570	0.00041400
4571	0.00067775
4572	0.00052254
4573	0.00119749
4574	0.00064478
4575	0.00061634
4576	0.00039223
4577	0.00295126
4578	0.00239449
4579	0.00564891
4580	0.00085656
4581	0.00326415
4582	0.00145177
4583	0.00089476
4584	0.00380225
4585	0.00145933
4586	0.00457823
4587	0.00890570
4588	0.00139786
4589	0.00161539
4590	0.00059861
4591	0.00042746
4592	0.00057953
4593	0.00332404
4594	0.00321421
4595	0.00163421
4596	0.00162076
4597	0.00115487
4598	0.00350585
4599	0.00301034
4600	0.00109840
4601	0.00091393
4602	0.00055776
4603	0.00061204
4604	0.00479613
4605	0.00073351
4606	0.00236775
4607	0.00183297
4608	0.00041498
4609	0.00296018
4610	0.00058565
4611	0.00356137
4612	0.00059307
4613	0.00054869
4614	0.00218992
4615	0.00358193
4616	0.00065408
4617	0.00064914
4618	0.00055106
4619	0.00097904
4620	0.00164085
4621	0.00108451
4622	0.00133951
4623	0.00084166
4624	0.00080525
4625	0.00127631
4626	0.00338617
4627	0.00131947
4628	0.00128341
4629	0.00058969
4630	0.00053758
4631	0.00620979
4632	0.00340254
4633	0.00325310
4634	0.00164149
4635	0.00490157
4636	0.00257393
4637	0.00224845
4638	0.00106257
4639	0.00043112
4640	0.00342301
4641	0.00422264
4642	0.00175019
4643	0.00050146
4644	0.00063306
4645	0.00175025
4646	0.00399726
4647	0.00064288
4648	0.00177231
4649	0.00330625
4650	0.00597009
4651	0.00078995
4652	0.00554713
4653	0.00570512
4654	0.00129802
4655	0.00088298
4656	0.00053071
4657	0.00045341
4658	0.00101779
4659	0.00085645
4660	0.00072072
4661	0.00493371
4662	0.00097179
4663	0.00161513
4664	0.00045930
4665	0.00235429
4666	0.00323563
4667	0.00058756
4668	0.00105275
4669	0.00066349
4670	0.00072568
4671	0.00050192
4672	0.00637390
4673	0.00073154
4674	0.00163505
4675	0.00208873
4676	0.00049277
4677	0.00388890
4678	0.00071162
4679	0.00070102
4680	0.00050004
4681	0.00080621
4682	0.00112727
4683	0.00062076
4684	0.00149638
4685	0.00297145
4686	0.00079535
4687	0.00059264
4688	0.00532868
4689	0.00046846
4690	0.00160370
4691	0.00523944
4692	0.00051107
4693	0.00350319
4694	0.00325610
4695	0.00059059
4696	0.00621383
4697	0.00083265
4698	0.00066609
4699	0.00104155
4700	0.00117015
4701	0.00140612
4702	0.00090114
4703	0.00220199
4704	0.00074624
4705	0.00093460
4706	0.00662679
4707	0.00053859
4708	0.00049112
4709	0.00110417
4710	0.00060886
4711	0.00066101
4712	0.00121265
4713	0.00322067
4714	0.00192848
4715	0.00070108
4716	0.00158528
4717	0.00096890
4718	0.00059619
4719	0.00307469
4720	0.00066352
4721	0.00064726
4722	0.00724519
4723	0.00069158
4724	0.00516111
4725	0.00110983
4726	0.00052687
4727	0.00050810
4728	0.00197413
4729	0.00261972
4730	0.00735314
4731	0.00052978
4732	0.00436200
4733	0.00967088
4734	0.00091104
4735	0.00060996
4736	0.00043540
4737	0.00227120
4738	0.00219991
4739	0.00250894
4740	0.00115839
4741	0.00238886
4742	0.00074786
4743	0.00162720
4744	0.00327856
4745	0.00095594
4746	0.00692178
4747	0.00104409
4748	0.00053252
4749	0.00139501
4750	0.00116440
4751	0.00048823
4752	0.00150648
4753	0.00048217
4754	0.00042512
4755	0.00148003
4756	0.00121016
4757	0.00110250
4758	0.00118637
4759	0.00658888
4760	0.00094275
4761	0.00445878
4762	0.01110385
4763	0.00092199
4764	0.00662131
4765	0.00122469
4766	0.00163049
4767	0.00130348
4768	0.00101250
4769	0.00143583
4770	0.00055816
4771	0.00184542
4772	0.00090775
4773	0.00156469
4774	0.00100329
4775	0.00105561
4776	0.00323641
4777	0.00389008
4778	0.00412366
4779	0.00360185
4780	0.00160208
4781	0.00428540
4782	0.00248838
4783	0.00263641
4784	0.00516411
4785	0.00060523
4786	0.00042705
4787	0.00047596
4788	0.00073665
4789	0.00056870
4790	0.00573414
4791	0.00585604
4792	0.00103488
4793	0.00571947
4794	0.00248159
4795	0.00656307
4796	0.00038346
4797	0.00089075
4798	0.00085821
4799	0.00056965
4800	0.00103647
4801	0.00365411
4802	0.00291511
4803	0.00101291
4804	0.00113238
4805	0.00116125
4806	0.00383771
4807	0.00048468
4808	0.00116740
4809	0.00223502
4810	0.00037084
4811	0.00636004
4812	0.00091800
4813	0.00325408
4814	0.00084244
4815	0.00039134
4816	0.00070749
4817	0.00081793
4818	0.00148948
4819	0.00119986
4820	0.00153899
4821	0.00087256
4822	0.00241233
4823	0.00043837
4824	0.00134459
4825	0.00097274
4826	0.00177401
4827	0.00047290
4828	0.00310608
4829	0.00089089
4830	0.00318363
4831	0.00054200
4832	0.00170668
4833	0.00308006
4834	0.00069828
4835	0.00162668
4836	0.00182636
4837	0.00088203
4838	0.00106493
4839	0.00193622
4840	0.00115606
4841	0.00654872
4842	0.00056088
4843	0.00060240
4844	0.00081680
4845	0.00074211
4846	0.01426814
4847	0.00344247
4848	0.01477075
4849	0.00352389
4850	0.00204597
4851	0.00112040
4852	0.00363569
4853	0.00058005
4854	0.00114994
4855	0.00071947
4856	0.01284054
4857	0.00063531
4858	0.00106055
4859	0.00051959
4860	0.00070504
4861	0.00356463
4862	0.00123228
4863	0.00429568
4864	0.00067807
4865	0.00107902
4866	0.00154171
4867	0.00274384
4868	0.00344969
4869	0.00263675
4870	0.00324960
4871	0.01788948
4872	0.00197246
4873	0.00247108
4874	0.00377889
4875	0.00277936
4876	0.00337762
4877	0.00741712
4878	0.01514341
4879	0.00677168
4880	0.00088093
4881	0.00043843
4882	0.00126199
4883	0.00205139
4884	0.00191439
4885	0.00699815
4886	0.00102757
4887	0.00185030
4888	0.00225720
4889	0.00188691
4890	0.00108953
4891	0.00174182
4892	0.00352594
4893	0.00153348
4894	0.00389606
4895	0.00050440
4896	0.00235481
4897	0.00793501
4898	0.00170663
4899	0.00216322
4900	0.00142492
4901	0.00183930
4902	0.00223635
4903	0.00189158
4904	0.00117713
4905	0.00147085
4906	0.00422746
4907	0.00050420
4908	0.00655591
4909	0.00256844
4910	0.00064885
4911	0.00102988
4912	0.00121504
4913	0.00062139
4914	0.01090336
4915	0.00133258
4916	0.00158698
4917	0.00053247
4918	0.00134965
4919	0.00047183
4920	0.00056994
4921	0.00108006
4922	0.00199168
4923	0.00271945
4924	0.00172736
4925	0.00353227
4926	0.00202662
4927	0.00042861
4928	0.00124822
4929	0.00060245
4930	0.00047331
4931	0.00052216
4932	0.00670654
4933	0.00090475
4934	0.00728185
4935	0.00091061
4936	0.00131693
4937	0.00048665
4938	0.00265697
4939	0.00159373
4940	0.01849768
4941	0.00551410
4942	0.00124877
4943	0.00222625
4944	0.00070879
4945	0.00059529
4946	0.00065284
4947	0.02301960
4948	0.00218184
4949	0.00088659
4950	0.01076417
4951	0.01196833
4952	0.00149245
4953	0.00114705
4954	0.00140985
4955	0.00060904
4956	0.00101828
4957	0.00066964
4958	0.00070553
4959	0.00054858
4960	0.00123912
4961	0.00108595
4962	0.00065749
4963	0.00128442
4964	0.00048318
4965	0.00427484
4966	0.00103058
4967	0.00056994
4968	0.00055144
4969	0.00111413
4970	0.00053668
4971	0.00105442
4972	0.00318178
4973	0.00194797
4974	0.00691838
4975	0.00494670
4976	0.00151783
4977	0.00594627
4978	0.00958709
4979	0.00242388
4980	0.00210616
4981	0.00254944
4982	0.00303011
4983	0.00063098
4984	0.00194332
4985	0.00317823
4986	0.00099004
4987	0.00386722
4988	0.00089843
4989	0.00121322
4990	0.00081172
4991	0.00305269
4992	0.00339763
4993	0.00047536
4994	0.00309701
4995	0.00338553
4996	0.00047596
4997	0.00150481
4998	0.00291665
4999	0.00389615
5000	0.00051344
5001	0.00450963
5002	0.00348927
5003	0.00080133
5004	0.00072268
5005	0.00130767
5006	0.00490882
5007	0.00049028
5008	0.00053553
5009	0.00048379
5010	0.00113154
5011	0.00128003
5012	0.00062443
5013	0.00572126
5014	0.00081172
5015	0.00055606
5016	0.00074272
5017	0.00057393
5018	0.00084215
5019	0.00142460
5020	0.00229687
5021	0.00341265
5022	0.00048636
5023	0.00119729
5024	0.00126779
5025	0.00051162
5026	0.00443306
5027	0.00092848
5028	0.00079755
5029	0.00041242
5030	0.00344793
5031	0.00126909
5032	0.00366799
5033	0.00094791
5034	0.00053385
5035	0.00140829
5036	0.00045330
5037	0.00058698
5038	0.00084527
5039	0.00117829
5040	0.00055539
5041	0.00123664
5042	0.00054269
5043	0.00053325
5044	0.00136553
5045	0.00125561
5046	0.00124966
5047	0.00084039
5048	0.00273062
5049	0.00523136
5050	0.00287270
5051	0.00341380
5052	0.00783234
5053	0.00083456
5054	0.00177777
5055	0.00071491
5056	0.00044816
5057	0.00224885
5058	0.00369600
5059	0.00097728
5060	0.00200661
5061	0.00705463
5062	0.00049687
5063	0.00092759
5064	0.00145798
5065	0.00049681
5066	0.00322018
5067	0.00206008
5068	0.01096483
5069	0.00294534
5070	0.00195161
5071	0.00242070
5072	0.00161441
5073	0.00058646
5074	0.01259475
5075	0.00068396
5076	0.00235692
5077	0.00849837
5078	0.00060774
5079	0.00106932
5080	0.00134962
5081	0.00101152
5082	0.00144493
5083	0.00090443
5084	0.00050374
5085	0.00121955
5086	0.00638626
5087	0.00053587
5088	0.00339876
5089	0.00072782
5090	0.00491711
5091	0.00164839
5092	0.00101423
5093	0.00149952
5094	0.00059604
5095	0.00326837
5096	0.00368252
5097	0.00070108
5098	0.00268171
5099	0.00374563
5100	0.00062053
5101	0.00180927
5102	0.00180811
5103	0.00167472
5104	0.00306719
5105	0.00328217
5106	0.00264981
5107	0.00283312
5108	0.00070120
5109	0.00091000
5110	0.00218588
5111	0.00065512
5112	0.00101169
5113	0.00065639
5114	0.00398299
5115	0.00274910
5116	0.00085136
5117	0.00074832
5118	0.00081605
5119	0.00213908
5120	0.00197292
5121	0.00536172
5122	0.00218415
5123	0.00354416
5124	0.00468870
5125	0.00077918
5126	0.00061969
5127	0.00156859
5128	0.00077309
5129	0.00374996
5130	0.00270411
5131	0.00102974
5132	0.00054840
5133	0.00084677
5134	0.00045899
5135	0.00069996
5136	0.00195990
5137	0.00138793
5138	0.00059691
5139	0.00063202
5140	0.00087680
5141	0.00075051
5142	0.00049375
5143	0.00059642
5144	0.00071578
5145	0.00156607
5146	0.00080009
5147	0.00055808
5148	0.00360938
5149	0.00256197
5150	0.00707793
5151	0.00901253
5152	0.00075031
5153	0.00450821
5154	0.00065032
5155	0.01248910
5156	0.00298224
5157	0.00079694
5158	0.00299290
5159	0.00165492
5160	0.00900499
5161	0.00311153
5162	0.00357456
5163	0.00110033
5164	0.00092225
5165	0.00134529
5166	0.01308832
5167	0.00054517
5168	0.00732314
5169	0.00100468
5170	0.00349499
5171	0.00094791
5172	0.00097217
5173	0.00053429
5174	0.00048771
5175	0.00097015
5176	0.00111676
5177	0.00053833
5178	0.00324718
5179	0.00151208
5180	0.00056775
5181	0.00205339
5182	0.00039983
5183	0.00302278
5184	0.00390383
5185	0.00060107
5186	0.00331032
5187	0.00287700
5188	0.00154119
5189	0.00193475
5190	0.00531636
5191	0.00056683
5192	0.00637477
5193	0.00049430
5194	0.00133354
5195	0.00117205
5196	0.00290466
5197	0.00093807
5198	0.00050221
5199	0.00193128
5200	0.00208699
5201	0.00044865
5202	0.00091659
5203	0.00371962
5204	0.00060115
5205	0.00140199
5206	0.00230310
5207	0.00040855
5208	0.00067279
5209	0.00056619
5210	0.00338363
5211	0.00082365
5212	0.00723892
5213	0.00101649
5214	0.00075473
5215	0.00175360
5216	0.00270030
5217	0.00112626
5218	0.00166127
5219	0.00143265
5220	0.00121637
5221	0.00337904
5222	0.00607674
5223	0.00032476
5224	0.00244253
5225	0.00090666
5226	0.00116218
5227	0.00316994
5228	0.00070391
5229	0.00974425
5230	0.00042059
5231	0.00104787
5232	0.00135352
5233	0.00151927
5234	0.00064677
5235	0.00103092
5236	0.00193013
5237	0.00126753
5238	0.00172303
5239	0.00062538
5240	0.00334361
5241	0.00398701
5242	0.00085520
5243	0.00358681
5244	0.00067106
5245	0.00270417
5246	0.00508356
5247	0.00220979
5248	0.00283032
5249	0.00459472
5250	0.00322241
5251	0.00248463
5252	0.00129799
5253	0.00075762
5254	0.00286387
5255	0.00105610
5256	0.00275669
5257	0.00135617
5258	0.00053888
5259	0.00207536
5260	0.00138597
5261	0.00070440
5262	0.00310348
5263	0.00322731
5264	0.00179532
5265	0.00090027
5266	0.00755542
5267	0.00053862
5268	0.00231058
5269	0.00108728
5270	0.00273440
5271	0.00059160
5272	0.00051731
5273	0.00308027
5274	0.00206355
5275	0.00300647
5276	0.00048350
5277	0.00258874
5278	0.00272756
5279	0.00045168
5280	0.02038175
5281	0.00361579
5282	0.00186101
5283	0.00055331
5284	0.00124568
5285	0.00256437
5286	0.00079047
5287	0.00130475
5288	0.01095557
5289	0.00078299
5290	0.00196761
5291	0.00097771
5292	0.00361253
5293	0.00137139
5294	0.00046944
5295	0.00103040
5296	0.00068122
5297	0.00040419
5298	0.00149360
5299	0.00252098
5300	0.00353810
5301	0.00101519
5302	0.00091229
5303	0.00052184
5304	0.00351844
5305	0.00117494
5306	0.00129831
5307	0.00977300
5308	0.00165492
5309	0.00239954
5310	0.00047285
5311	0.00085673
5312	0.00236654
5313	0.00069796
5314	0.00129228
5315	0.02238655
5316	0.01040577
5317	0.00159131
5318	0.00200375
5319	0.00054650
5320	0.00045720
5321	0.00095210
5322	0.00352427
5323	0.00706190
5324	0.00354716
5325	0.00144311
5326	0.00586274
5327	0.00046791
5328	0.00200297
5329	0.00262492
5330	0.00030501
5331	0.00056544
5332	0.00300401
5333	0.00196359
5334	0.01170593
5335	0.00319402
5336	0.00068662
5337	0.00058764
5338	0.00239186
5339	0.00079206
5340	0.00050501
5341	0.00281478
5342	0.00324071
5343	0.00118629
5344	0.00076925
5345	0.00068451
5346	0.00059867
5347	0.00086309
5348	0.00164978
5349	0.00079986
5350	0.00045082
5351	0.00297153
5352	0.00135369
5353	0.00292277
5354	0.00232458
5355	0.00105382
5356	0.00135357
5357	0.00096980
5358	0.00343488
5359	0.00050700
5360	0.01028001
5361	0.00371869
5362	0.00070466
5363	0.00279142
5364	0.00339682
5365	0.00068275
5366	0.00072017
5367	0.00300696
5368	0.00120118
5369	0.00115906
5370	0.00151483
5371	0.00224773
5372	0.00620352
5373	0.00062847
5374	0.00252245
5375	0.00080583
5376	0.00067103
5377	0.00070593
5378	0.00173154
5379	0.00136925
5380	0.00091390
5381	0.00039371
5382	0.00075629
5383	0.00221897
5384	0.00107224
5385	0.00059861
5386	0.00304963
5387	0.00381652
5388	0.00262215
5389	0.00059440
5390	0.00563762
5391	0.00253888
5392	0.00268676
5393	0.00098268
5394	0.00803257
5395	0.00068318
5396	0.00128595
5397	0.00151275
5398	0.00444955
5399	0.00099908
5400	0.00190691
5401	0.00077433
5402	0.00248520
5403	0.00051234
5404	0.00312996
5405	0.00110507
5406	0.00083846
5407	0.00338476
5408	0.00163771
5409	0.00104706
5410	0.00317693
5411	0.00205821
5412	0.00093088
5413	0.00091208
5414	0.00119853
5415	0.00081634
5416	0.00110969
5417	0.01550241
5418	0.00682913
5419	0.00052034
5420	0.00062936
5421	0.00159027
5422	0.00466441
5423	0.00069522
5424	0.00850804
5425	0.00099518
5426	0.00061545
5427	0.00079859
5428	0.00169193
5429	0.00175051
5430	0.00225209
5431	0.00080127
5432	0.00066594
5433	0.00091884
5434	0.00063572
5435	0.00120673
5436	0.00116830
5437	0.00520961
5438	0.00101802
5439	0.00695487
5440	0.00041750
5441	0.00048255
5442	0.00125870
5443	0.00090593
5444	0.00324706
5445	0.00318034
5446	0.00154413
5447	0.00262769
5448	0.00055915
5449	0.00223684
5450	0.00053850
5451	0.00069799
5452	0.00334866
5453	0.00236021
5454	0.00038961
5455	0.00632366
5456	0.00319394
5457	0.00060514
5458	0.00101940
5459	0.00066967
5460	0.00049854
5461	0.00212245
5462	0.00249877
5463	0.00064100
5464	0.00049245
5465	0.00335129
5466	0.00309225
5467	0.00094731
5468	0.00091353
5469	0.00043583
5470	0.00955360
5471	0.00306759
5472	0.00460635
5473	0.00058810
5474	0.00778424
5475	0.01070720
5476	0.00264010
5477	0.00120679
5478	0.00084213
5479	0.00083216
5480	0.00057768
5481	0.00105818
5482	0.00327550
5483	0.00055071
5484	0.00109384
5485	0.00210882
5486	0.00186641
5487	0.00440251
5488	0.00031402
5489	0.00247542
5490	0.00117537
5491	0.00062238
5492	0.00048907
5493	0.00061718
5494	0.00287980
5495	0.00038077
5496	0.00520632
5497	0.00510128
5498	0.00073391
5499	0.00163395
5500	0.00147969
5501	0.00107957
5502	0.00080046
5503	0.00181343
5504	0.00405720
5505	0.00185749
5506	0.00080396
5507	0.00134176
5508	0.00115733
5509	0.00190963
5510	0.00337682
5511	0.00141917
5512	0.00066733
5513	0.00761210
5514	0.00660110
5515	0.00073645
5516	0.00255173
5517	0.00154962
5518	0.00215178
5519	0.00101522
5520	0.00194494
5521	0.00496654
5522	0.00044625
5523	0.00153310
5524	0.00085255
5525	0.00297300
5526	0.00072880
5527	0.00068659
5528	0.00241594
5529	0.00050287
5530	0.00107764
5531	0.00365191
5532	0.00291050
5533	0.00051667
5534	0.00058374
5535	0.00146415
5536	0.00074370
5537	0.00070027
5538	0.00094078
5539	0.00123439
5540	0.00378481
5541	0.00174425
5542	0.00165734
5543	0.00296223
5544	0.02191122
5545	0.00343199
5546	0.00312868
5547	0.00405191
5548	0.00168315
5549	0.00044810
5550	0.00086037
5551	0.00063355
5552	0.00058478
5553	0.00840101
5554	0.00069438
5555	0.00066750
5556	0.00446023
5557	0.00634661
5558	0.00310446
5559	0.00183866
5560	0.00111422
5561	0.00689560
5562	0.00708344
5563	0.00183424
5564	0.00243927
5565	0.00239004
5566	0.00057809
5567	0.00098389
5568	0.00078816
5569	0.00108081
5570	0.00352522
5571	0.00132207
5572	0.00082492
5573	0.00259604
5574	0.00888815
5575	0.00252831
5576	0.00271029
5577	0.00051916
5578	0.00589309
5579	0.00066228
5580	0.00063563
5581	0.00240901
5582	0.00133654
5583	0.02035224
5584	0.01417182
5585	0.00149770
5586	0.00050186
5587	0.00162304
5588	0.00129306
5589	0.00215839
5590	0.00050608
5591	0.00123086
5592	0.00223924
5593	0.01372505
5594	0.00136472
5595	0.00083543
5596	0.00330022
5597	0.00292909
5598	0.00449470
5599	0.00166566
5600	0.00135314
5601	0.00378415
5602	0.00293749
5603	0.00060531
5604	0.00124501
5605	0.00061724
5606	0.00134901
5607	0.00104888
5608	0.00139223
5609	0.00078068
5610	0.00070922
5611	0.00044357
5612	0.00048099
5613	0.00056792
5614	0.00088361
5615	0.00052467
5616	0.00250717
5617	0.00067466
5618	0.00180404
5619	0.00079327
5620	0.00158756
5621	0.00073605
5622	0.00163606
5623	0.00316270
5624	0.00050943
5625	0.00568367
5626	0.00059391
5627	0.01667100
5628	0.00048968
5629	0.00242682
5630	0.00124230
5631	0.00065676
5632	0.00483436
5633	0.00258302
5634	0.00122910
5635	0.00198992
5636	0.00160156
5637	0.00330111
5638	0.00125925
5639	0.00254090
5640	0.00052730
5641	0.00058787
5642	0.00253175
5643	0.00087132
5644	0.00923496
5645	0.00270845
5646	0.01107960
5647	0.00108595
5648	0.00075961
5649	0.00042853
5650	0.00165899
5651	0.00428569
5652	0.00070071
5653	0.00104345
5654	0.00111125
5655	0.00070146
5656	0.00268659
5657	0.00324345
5658	0.00333706
5659	0.00039752
5660	0.00283765
5661	0.00187680
5662	0.00324885
5663	0.00762881
5664	0.00364813
5665	0.00059729
5666	0.00510328
5667	0.00080061
5668	0.00061392
5669	0.00089375
5670	0.00065197
5671	0.00149866
5672	0.01294228
5673	0.00319538
5674	0.00441978
5675	0.00120318
5676	0.00148783
5677	0.00328858
5678	0.00228070
5679	0.00123987
5680	0.00054012
5681	0.00108523
5682	0.00058155
5683	0.00047466
5684	0.00133943
5685	0.00104822
5686	0.00179160
5687	0.00072646
5688	0.00084443
5689	0.00090749
5690	0.00083811
5691	0.00156047
5692	0.00095274
5693	0.00105154
5694	0.00304074
5695	0.00088240
5696	0.00214075
5697	0.00110680
5698	0.00100751
5699	0.00073001
5700	0.00088587
5701	0.00275704
5702	0.00085662
5703	0.00511887
5704	0.00106771
5705	0.00171116
5706	0.00143566
5707	0.00114335
5708	0.00205601
5709	0.00184793
5710	0.00068387
5711	0.00154263
5712	0.00165913
5713	0.00103953
5714	0.01951803
5715	0.00064478
5716	0.00071070
5717	0.01288203
5718	0.00087487
5719	0.00077015
5720	0.00084726
5721	0.00148852
5722	0.00133099
5723	0.00702746
5724	0.00071084
5725	0.00102197
5726	0.00046851
5727	0.00050403
5728	0.00030729
5729	0.00082521
5730	0.00293250
5731	0.00261802
5732	0.00204995
5733	0.00363632
5734	0.00243826
5735	0.00044605
5736	0.00291869
5737	0.00062200
5738	0.00075366
5739	0.00062804
5740	0.00102564
5741	0.00525717
5742	0.00273140
5743	0.00042561
5744	0.00186153
5745	0.00056550
5746	0.00493547
5747	0.00106055
5748	0.00256200
5749	0.00080560
5750	0.00719628
5751	0.00195190
5752	0.00145561
5753	0.00563014
5754	0.00037889
5755	0.00220502
5756	0.00379731
5757	0.00147233
5758	0.00095421
5759	0.00146912
5760	0.00404337
5761	0.00080052
5762	0.00219501
5763	0.00244989
5764	0.00184446
5765	0.00108650
5766	0.00117090
5767	0.00751217
5768	0.00992851
5769	0.00070515
5770	0.00141247
5771	0.00113541
5772	0.00059359
5773	0.00044406
5774	0.00073131
5775	0.00060251
5776	0.00078288
5777	0.00100188
5778	0.00065266
5779	0.01032580
5780	0.00270056
5781	0.00286557
5782	0.00039463
5783	0.00319521
5784	0.00342881
5785	0.00123289
5786	0.00408226
5787	0.00520445
5788	0.00123753
5789	0.00168795
5790	0.00133683
5791	0.00087351
5792	0.00189822
5793	0.00051514
5794	0.00258120
5795	0.00337318
5796	0.00105362
5797	0.00201135
5798	0.00316925
5799	0.00099882
5800	0.00048350
5801	0.00319541
5802	0.00598138
5803	0.00628310
5804	0.00328445
5805	0.00141969
5806	0.00053827
5807	0.00120577
5808	0.00190336
5809	0.00390345
5810	0.00076203
5811	0.00065405
5812	0.00101239
5813	0.00338637
5814	0.00297237
5815	0.00142792
5816	0.00074797
5817	0.00205425
5818	0.00062936
5819	0.00812476
5820	0.00083635
5821	0.00230510
5822	0.00040800
5823	0.00105142
5824	0.00068653
5825	0.00059293
5826	0.00274991
5827	0.00313085
5828	0.00130001
5829	0.00317693
5830	0.00155969
5831	0.00168041
5832	0.00136446
5833	0.00170469
5834	0.00159731
5835	0.00073281
5836	0.00275170
5837	0.00051864
5838	0.00144513
5839	0.00065344
5840	0.00126049
5841	0.00047775
5842	0.00165876
5843	0.00628682
5844	0.00123589
5845	0.00639189
5846	0.00059792
5847	0.00117964
5848	0.00059847
5849	0.00766355
5850	0.00136737
5851	0.00093385
5852	0.00040208
5853	0.00585396
5854	0.00303895
5855	0.00063271
5856	0.00160924
5857	0.00828685
5858	0.00050972
5859	0.00138701
5860	0.00137497
5861	0.00552522
5862	0.00132433
5863	0.00126918
5864	0.00098100
5865	0.00051321
5866	0.00565041
5867	0.00120202
5868	0.00048067
5869	0.00398842
5870	0.00212926
5871	0.01025171
5872	0.00364299
5873	0.00062287
5874	0.00088930
5875	0.00159359
5876	0.00116544
5877	0.00082668
5878	0.00055831
5879	0.00110466
5880	0.00158735
5881	0.00173873
5882	0.00078230
5883	0.00106543
5884	0.00092438
5885	0.00061412
5886	0.00192516
5887	0.00271627
5888	0.00098623
5889	0.00263846
5890	0.00651439
5891	0.00091229
5892	0.00525775
5893	0.00316856
5894	0.00344085
5895	0.00059270
5896	0.00074581
5897	0.00075762
5898	0.00040918
5899	0.00167007
5900	0.00486776
5901	0.00432095
5902	0.00093198
5903	0.00170995
5904	0.00570948
5905	0.00345621
5906	0.00046017
5907	0.00658092
5908	0.00632822
5909	0.00041854
5910	0.00071107
5911	0.00115392
5912	0.00503355
5913	0.00107051
5914	0.00048653
5915	0.00388122
5916	0.00088454
5917	0.00354607
5918	0.00065047
5919	0.00351823
5920	0.00065925
5921	0.00218839
5922	0.00039345
5923	0.00038808
5924	0.00102746
5925	0.00405350
5926	0.00100165
5927	0.00201819
5928	0.00047120
5929	0.00144253
5930	0.00254737
5931	0.00045419
5932	0.00325451
5933	0.00351688
5934	0.00144417
5935	0.00092684
5936	0.00097540
5937	0.00073902
5938	0.00218016
5939	0.00058603
5940	0.00107365
5941	0.00136994
5942	0.00146961
5943	0.00500315
5944	0.01020959
5945	0.00065494
5946	0.00045930
5947	0.00418764
5948	0.00056515
5949	0.00061620
5950	0.00092346
5951	0.00133394
5952	0.00072918
5953	0.00377286
5954	0.00698865
5955	0.00198802
5956	0.00093434
5957	0.00053761
5958	0.00283638
5959	0.00596940
5960	0.00052525
5961	0.00086886
5962	0.00082304
5963	0.00088347
5964	0.00523589
5965	0.00601839
5966	0.00177049
5967	0.00161380
5968	0.00267492
5969	0.00188483
5970	0.00095695
5971	0.00251084
5972	0.00134139
5973	0.00120046
5974	0.00075724
5975	0.00235149
5976	0.00148125
5977	0.00322137
5978	0.01072539
5979	0.00376524
5980	0.00295969
5981	0.00122679
5982	0.00205948
5983	0.00640465
5984	0.00356890
5985	0.00045786
5986	0.00081054
5987	0.00164989
5988	0.00085518
5989	0.00101037
5990	0.00073466
5991	0.00321591
5992	0.00059760
5993	0.00049086
5994	0.00195767
5995	0.00124299
5996	0.00203794
5997	0.00240014
5998	0.00691145
5999	0.00059532
6000	0.00302714
6001	0.00063647
6002	0.00212412
6003	0.00122740
6004	0.00645082
6005	0.00063655
6006	0.00757168
6007	0.00070033
6008	0.00487567
6009	0.00101475
6010	0.00045852
6011	0.00047862
6012	0.00568217
6013	0.00206245
6014	0.00102633
6015	0.00104100
6016	0.00342171
6017	0.00128988
6018	0.00186877
6019	0.00123268
6020	0.00063791
6021	0.00341859
6022	0.00269155
6023	0.00113504
6024	0.00084663
6025	0.00046626
6026	0.00766707
6027	0.00397554
6028	0.00121597
6029	0.00095611
6030	0.00123150
6031	0.00239772
6032	0.00065145
6033	0.00172057
6034	0.00152329
6035	0.00309880
6036	0.00148959
6037	0.00073651
6038	0.00150957
6039	0.00045928
6040	0.00081689
6041	0.00307547
6042	0.00133244
6043	0.00275669
6044	0.00062333
6045	0.00074791
6046	0.00605035
6047	0.00307573
6048	0.00036746
6049	0.00063485
6050	0.00102304
6051	0.00062388
6052	0.00101992
6053	0.00132297
6054	0.00045826
6055	0.00183834
6056	0.00216697
6057	0.00348168
6058	0.00052355
6059	0.00103101
6060	0.00077234
6061	0.00094783
6062	0.00080531
6063	0.00040967
6064	0.00053486
6065	0.00040987
6066	0.00066629
6067	0.00329089
6068	0.00312190
6069	0.00686953
6070	0.01137367
6071	0.00614442
6072	0.00108382
6073	0.00610917
6074	0.00082177
6075	0.00234292
6076	0.00165136
6077	0.00058282
6078	0.00118995
6079	0.00387033
6080	0.00106109
6081	0.00211734
6082	0.00061741
6083	0.00217139
6084	0.00149011
6085	0.00043930
6086	0.00081848
6087	0.00080595
6088	0.00147920
6089	0.00075204
6090	0.00653281
6091	0.00189516
6092	0.00573553
6093	0.00072329
6094	0.00120950
6095	0.00047579
6096	0.00156844
6097	0.00368688
6098	0.00069589
6099	0.00250244
6100	0.00135643
6101	0.00083895
6102	0.00453576
6103	0.00158421
6104	0.00088959
6105	0.00067533
6106	0.00195331
6107	0.00338221
6108	0.00113434
6109	0.00091757
6110	0.00100993
6111	0.00092643
6112	0.00110305
6113	0.00157768
6114	0.00143736
6115	0.00070605
6116	0.00043976
6117	0.00049109
6118	0.00331809
6119	0.00269516
6120	0.00291939
6121	0.00417861
6122	0.00121270
6123	0.00943727
6124	0.00154124
6125	0.00295785
6126	0.00271895
6127	0.01037849
6128	0.00428896
6129	0.00642414
6130	0.00287111
6131	0.00054081
6132	0.00065347
6133	0.00073099
6134	0.00070339
6135	0.00096030
6136	0.00126413
6137	0.00055837
6138	0.00136056
6139	0.00160993
6140	0.00049210
6141	0.01319472
6142	0.00049251
6143	0.00207261
6144	0.00056316
6145	0.00317569
6146	0.00074289
6147	0.00150013
6148	0.00051465
6149	0.00115017
6150	0.00360147
6151	0.00070720
6152	0.00057996
6153	0.00370307
6154	0.00320222
6155	0.00041178
6156	0.00103326
6157	0.00553273
6158	0.00693824
6159	0.00481897
6160	0.00167504
6161	0.00217837
6162	0.00200064
6163	0.00072941
6164	0.00056108
6165	0.00358926
6166	0.00041216
6167	0.00129028
6168	0.00141787
6169	0.00560881
6170	0.00104504
6171	0.00389193
6172	0.00075245
6173	0.00121054
6174	0.00053596
6175	0.00082454
6176	0.00067036
6177	0.00093645
6178	0.00211797
6179	0.00285930
6180	0.00073567
6181	0.00089280
6182	0.00080676
6183	0.00098250
6184	0.01201250
6185	0.00248561
6186	0.00184091
6187	0.00049031
6188	0.00158643
6189	0.00101981
6190	0.00196195
6191	0.00054702
6192	0.00356342
6193	0.00046851
6194	0.00081634
6195	0.00061172
6196	0.00306026
6197	0.00155071
6198	0.00204299
6199	0.00053579
6200	0.00092661
6201	0.00147371
6202	0.00419706
6203	0.00214719
6204	0.00176356
6205	0.00115785
6206	0.00076495
6207	0.00072482
6208	0.00269248
6209	0.00045148
6210	0.00044322
6211	0.00195271
6212	0.00665053
6213	0.00342457
6214	0.00106609
6215	0.00190642
6216	0.00130316
6217	0.00095401
6218	0.00360312
6219	0.00176709
6220	0.00102443
6221	0.00036945
6222	0.00332718
6223	0.00147394
6224	0.00298455
6225	0.00124195
6226	0.00110443
6227	0.00266837
6228	0.00208191
6229	0.00099397
6230	0.00147091
6231	0.00349352
6232	0.01921556
6233	0.00051503
6234	0.00264914
6235	0.00167905
6236	0.00214875
6237	0.00128081
6238	0.00230775
6239	0.00617145
6240	0.00056524
6241	0.01175952
6242	0.00185411
6243	0.00219879
6244	0.00103167
6245	0.00322157
6246	0.00106681
6247	0.00088295
6248	0.00385757
6249	0.00119581
6250	0.00073836
6251	0.00469545
6252	0.00325867
6253	0.00060664
6254	0.00057774
6255	0.00202529
6256	0.00246335
6257	0.00362754
6258	0.00056024
6259	0.00069083
6260	0.00165598
6261	0.00155510
6262	0.00109698
6263	0.00118981
6264	0.00070449
6265	0.00236278
6266	0.00078221
6267	0.00043063
6268	0.00481268
6269	0.00444137
6270	0.00170091
6271	0.00139446
6272	0.00067273
6273	0.00049418
6274	0.00061077
6275	0.00058161
6276	0.00041190
6277	0.00193934
6278	0.00368079
6279	0.00235785
6280	0.00153645
6281	0.00078204
6282	0.00156351
6283	0.00109918
6284	0.00335736
6285	0.00222916
6286	0.00064158
6287	0.00102919
6288	0.00109485
6289	0.00134012
6290	0.00309632
6291	0.00161998
6292	0.00101207
6293	0.00156001
6294	0.00330169
6295	0.00073914
6296	0.00203644
6297	0.00578014
6298	0.00192785
6299	0.00309080
6300	0.00205015
6301	0.00066846
6302	0.00064054
6303	0.00154895
6304	0.00157736
6305	0.00176371
6306	0.00079879
6307	0.00143078
6308	0.00062030
6309	0.00249600
6310	0.00173013
6311	0.00396437
6312	0.00057272
6313	0.00645376
6314	0.00122278
6315	0.00095574
6316	0.00573449
6317	0.00086698
6318	0.00234168
6319	0.00681146
6320	0.00109626
6321	0.00144149
6322	0.01294439
6323	0.00173166
6324	0.00062529
6325	0.00072793
6326	0.00366482
6327	0.00070328
6328	0.00734110
6329	0.00103777
6330	0.00087573
6331	0.00094020
6332	0.00077572
6333	0.00281380
6334	0.00052037
6335	0.00044877
6336	0.00077023
6337	0.00049984
6338	0.00179535
6339	0.00381851
6340	0.00150908
6341	0.00036674
6342	0.00192254
6343	0.00271777
6344	0.00075464
6345	0.00174618
6346	0.00527045
6347	0.00193559
6348	0.00479235
6349	0.00132282
6350	0.00055201
6351	0.00107931
6352	0.00135854
6353	0.00087308
6354	0.00075210
6355	0.00047940
6356	0.00085711
6357	0.00066482
6358	0.00050134
6359	0.00060933
6360	0.00125004
6361	0.00242544
6362	0.00834529
6363	0.00382881
6364	0.00394910
6365	0.00053316
6366	0.00108214
6367	0.00291171
6368	0.00209872
6369	0.00151145
6370	0.00261201
6371	0.00225428
6372	0.00100603
6373	0.00412005
6374	0.00195839
6375	0.00936648
6376	0.00078040
6377	0.00047400
6378	0.00162555
6379	0.00058502
6380	0.00088073
6381	0.00133801
6382	0.00421683
6383	0.00061351
6384	0.00176717
6385	0.00066658
6386	0.00056356
6387	0.00086404
6388	0.00163823
6389	0.00077832
6390	0.00319630
6391	0.00041819
6392	0.01934607
6393	0.00687848
6394	0.00168564
6395	0.00181117
6396	0.00073893
6397	0.00063254
6398	0.00506072
6399	0.00064672
6400	0.00065991
6401	0.00145757
6402	0.00139388
6403	0.00179183
6404	0.00094656
6405	0.00154067
6406	0.00089617
6407	0.00084354
6408	0.00071858
6409	0.00416278
6410	0.00199180
6411	0.01093989
6412	0.00200707
6413	0.00044807
6414	0.00319934
6415	0.00164845
6416	0.00057826
6417	0.00085038
6418	0.00362446
6419	0.00093429
6420	0.00047542
6421	0.00338724
6422	0.00086823
6423	0.00041158
6424	0.00112219
6425	0.00153186
6426	0.00075649
6427	0.00051168
6428	0.00250357
6429	0.00229944
6430	0.00237979
6431	0.00112011
6432	0.00329791
6433	0.00056590
6434	0.00263260
6435	0.00093608
6436	0.00190515
6437	0.00364729
6438	0.00173836
6439	0.00131434
6440	0.00281692
6441	0.00066121
6442	0.01589427
6443	0.00174748
6444	0.00064299
6445	0.00090250
6446	0.00062368
6447	0.00095571
6448	0.00639983
6449	0.01442910
6450	0.00171699
6451	0.00184213
6452	0.00065876
6453	0.00198213
6454	0.00147403
6455	0.00555776
6456	0.00073703
6457	0.00053131
6458	0.00094965
6459	0.00564051
6460	0.00071792
6461	0.00114517
6462	0.01201992
6463	0.00318955
6464	0.00174373
6465	0.00104155
6466	0.00071078
6467	0.00887429
6468	0.00159902
6469	0.00049883
6470	0.00128315
6471	0.00092863
6472	0.00090025
6473	0.00122047
6474	0.00078490
6475	0.00053449
6476	0.00184181
6477	0.00091673
6478	0.00046580
6479	0.00104911
6480	0.00108431
6481	0.00120361
6482	0.00113004
6483	0.00242466
6484	0.00105812
6485	0.00064819
6486	0.00135461
6487	0.00098559
6488	0.00447807
6489	0.00264614
6490	0.00072228
6491	0.00071402
6492	0.00057829
6493	0.00055224
6494	0.00137491
6495	0.00188041
6496	0.00108725
6497	0.00045590
6498	0.00037835
6499	0.00044588
6500	0.00179212
6501	0.00286880
6502	0.00289551
6503	0.00311994
6504	0.01047721
6505	0.00084334
6506	0.00063837
6507	0.00132470
6508	0.00062821
6509	0.00056836
6510	0.00270634
6511	0.00083880
6512	0.00262356
6513	0.00048659
6514	0.00210570
6515	0.00098730
6516	0.00088081
6517	0.00064640
6518	0.00314676
6519	0.00072453
6520	0.00148058
6521	0.00162783
6522	0.00613628
6523	0.00425024
6524	0.00169589
6525	0.00295816
6526	0.00053209
6527	0.00098657
6528	0.00061585
6529	0.00041992
6530	0.00173391
6531	0.00347579
6532	0.00318354
6533	0.00106701
6534	0.00182466
6535	0.00325171
6536	0.00166488
6537	0.00233131
6538	0.00168875
6539	0.00347247
6540	0.00055022
6541	0.00092536
6542	0.00146693
6543	0.00207010
6544	0.00086063
6545	0.00075522
6546	0.00515505
6547	0.00099267
6548	0.00163814
6549	0.00175161
6550	0.00201392
6551	0.00061527
6552	0.00218600
6553	0.00243546
6554	0.00112274
6555	0.00078779
6556	0.01460964
6557	0.01000084
6558	0.00058894
6559	0.00052438
6560	0.00334621
6561	0.00125266
6562	0.00285775
6563	0.00673639
6564	0.00045367
6565	0.00451018
6566	0.00050865
6567	0.00357849
6568	0.00059908
6569	0.00056397
6570	0.00141146
6571	0.00438028
6572	0.00610131
6573	0.00191509
6574	0.00101224
6575	0.00248483
6576	0.00495164
6577	0.00129098
6578	0.00913668
6579	0.00791936
6580	0.00100066
6581	0.00055071
6582	0.00089646
6583	0.00081640
6584	0.00140078
6585	0.00141360
6586	0.00045084
6587	0.00146993
6588	0.00074916
6589	0.00296856
6590	0.00102347
6591	0.00159925
6592	0.00118643
6593	0.00152360
6594	0.00159873
6595	0.00348151
6596	0.00049127
6597	0.00643242
6598	0.01851099
6599	0.00153619
6600	0.00307484
6601	0.00185053
6602	0.00053056
6603	0.00340306
6604	0.00078525
6605	0.00098666
6606	0.00916166
6607	0.00422290
6608	0.00049017
6609	0.00076553
6610	0.00101871
6611	0.00294425
6612	0.00141646
6613	0.00143704
6614	0.00077150
6615	0.00157768
6616	0.00050230
6617	0.00094405
6618	0.00172663
6619	0.00324213
6620	0.00096382
6621	0.00167025
6622	0.00337728
6623	0.00046031
6624	0.00169476
6625	0.00058487
6626	0.00064207
6627	0.00104698
6628	0.00208555
6629	0.00338129
6630	0.00246517
6631	0.00056397
6632	0.00097982
6633	0.00332990
6634	0.00120110
6635	0.00087172
6636	0.00096812
6637	0.00098019
6638	0.00045806
6639	0.00048916
6640	0.00054543
6641	0.00087409
6642	0.00047516
6643	0.00116200
6644	0.00063188
6645	0.00338403
6646	0.00057962
6647	0.00145356
6648	0.00130120
6649	0.00607152
6650	0.00752981
6651	0.00413911
6652	0.00591875
6653	0.00391988
6654	0.00069121
6655	0.00106314
6656	0.00281403
6657	0.00132877
6658	0.00106366
6659	0.00608771
6660	0.00070183
6661	0.00116151
6662	0.00056091
6663	0.01120061
6664	0.00041839
6665	0.00532594
6666	0.00097843
6667	0.00197003
6668	0.00121781
6669	0.00248743
6670	0.00480592
6671	0.00232233
6672	0.00358519
6673	0.00310758
6674	0.00225076
6675	0.00093922
6676	0.00156968
6677	0.00160525
6678	0.00171705
6679	0.00278461
6680	0.00131543
6681	0.00068387
6682	0.00168079
6683	0.00276784
6684	0.00180494
6685	0.00304816
6686	0.00203618
6687	0.00054032
6688	0.00170596
6689	0.00054315
6690	0.00185263
6691	0.01045954
6692	0.00247573
6693	0.01092279
6694	0.00111558
6695	0.00039021
6696	0.00074578
6697	0.00390137
6698	0.00047556
6699	0.00087238
6700	0.00337840
6701	0.00055837
6702	0.00064955
6703	0.00339734
6704	0.00096454
6705	0.00336642
6706	0.00053928
6707	0.00211965
6708	0.00588070
6709	0.00123372
6710	0.00070149
6711	0.00046026
6712	0.00079526
6713	0.00304290
6714	0.00075606
6715	0.00110221
6716	0.00055147
6717	0.00158259
6718	0.00074927
6719	0.00072129
6720	0.00075981
6721	0.00051812
6722	0.00180653
6723	0.00133585
6724	0.00223112
6725	0.00264345
6726	0.00083595
6727	0.00319405
6728	0.00467969
6729	0.00066479
6730	0.00181781
6731	0.00167426
6732	0.00121588
6733	0.00096636
6734	0.00221158
6735	0.00329531
6736	0.00114211
6737	0.00089629
6738	0.00130466
6739	0.00122284
6740	0.00061654
6741	0.00273426
6742	0.00229926
6743	0.00261981
6744	0.00365209
6745	0.00137910
6746	0.00118937
6747	0.00155941
6748	0.00226629
6749	0.00112277
6750	0.00067671
6751	0.00323202
6752	0.00184903
6753	0.00344094
6754	0.00223505
6755	0.00332444
6756	0.00090062
6757	0.00117734
6758	0.00490709
6759	0.00082633
6760	0.00168621
6761	0.00336662
6762	0.00168532
6763	0.00953688
6764	0.00452441
6765	0.00459934
6766	0.00097479
6767	0.00234448
6768	0.00162962
6769	0.00368139
6770	0.00633561
6771	0.00083395
6772	0.00076622
6773	0.00337656
6774	0.00273030
6775	0.00173885
6776	0.00064521
6777	0.00041579
6778	0.00076662
6779	0.00041686
6780	0.00122815
6781	0.00200208
6782	0.00644654
6783	0.00113686
6784	0.00050123
6785	0.00113001
6786	0.00044135
6787	0.00060785
6788	0.00049652
6789	0.00092860
6790	0.00060286
6791	0.00095294
6792	0.00097023
6793	0.00501548
6794	0.00115259
6795	0.00061755
6796	0.00088774
6797	0.00279235
6798	0.00241011
6799	0.00059680
6800	0.00693703
6801	0.00113325
6802	0.00068465
6803	0.00123138
6804	0.00166825
6805	0.00210567
6806	0.00037667
6807	0.00604833
6808	0.00164415
6809	0.00355285
6810	0.01426889
6811	0.00068200
6812	0.00067178
6813	0.00388584
6814	0.00071953
6815	0.00256140
6816	0.00125740
6817	0.00093380
6818	0.00374991
6819	0.00174430
6820	0.00046479
6821	0.00066147
6822	0.00344761
6823	0.00302128
6824	0.00489245
6825	0.00254292
6826	0.00214630
6827	0.00118435
6828	0.00183086
6829	0.00091217
6830	0.00112629
6831	0.00594202
6832	0.00072672
6833	0.00075300
6834	0.00098617
6835	0.00113284
6836	0.00309846
6837	0.00074558
6838	0.00171930
6839	0.00101669
6840	0.00096174
6841	0.00114956
6842	0.00106392
6843	0.00241178
6844	0.00080274
6845	0.00068503
6846	0.00088359
6847	0.00104256
6848	0.00316558
6849	0.00051006
6850	0.00167169
6851	0.00118629
6852	0.00226941
6853	0.00112363
6854	0.00062754
6855	0.00113752
6856	0.01015294
6857	0.00175115
6858	0.01194390
6859	0.00110409
6860	0.00068621
6861	0.00115689
6862	0.00225099
6863	0.00294846
6864	0.00182763
6865	0.00473417
6866	0.00045734
6867	0.00250686
6868	0.00064357
6869	0.00054000
6870	0.00237150
6871	0.00074046
6872	0.00065653
6873	0.00816327
6874	0.00064305
6875	0.00414332
6876	0.00057300
6877	0.00101750
6878	0.00204700
6879	0.00249669
6880	0.00089935
6881	0.00220225
6882	0.00521334
6883	0.00250163
6884	0.00111771
6885	0.00668200
6886	0.00369190
6887	0.01614635
6888	0.00106837
6889	0.00141646
6890	0.00103032
6891	0.00583029
6892	0.00176414
6893	0.00145457
6894	0.00044729
6895	0.00097803
6896	0.00093495
6897	0.00057055
6898	0.00075565
6899	0.00084068
6900	0.00121129
6901	0.00067261
6902	0.00058178
6903	0.00127697
6904	0.00244325
6905	0.00056798
6906	0.00162931
6907	0.00393550
6908	0.00371555
6909	0.00097032
6910	0.00772871
6911	0.00046349
6912	0.00092762
6913	0.00965391
6914	0.00151688
6915	0.00045096
6916	0.00318790
6917	0.00069164
6918	0.01103918
6919	0.00151740
6920	0.00083843
6921	0.00174543
6922	0.00041825
6923	0.00363384
6924	0.00057404
6925	0.00115308
6926	0.00274104
6927	0.05249889
