0 3
0 4
0 6
0 9
0 20
0 27
0 34
0 36
0 52
0 59
0 84
0 99
0 104
0 113
0 119
0 122
0 154
0 158
0 162
0 163
0 172
0 184
0 187
0 192
0 194
0 196
0 216
0 233
0 238
0 239
0 241
0 259
0 281
0 290
0 307
0 308
0 329
0 344
0 349
0 360
0 388
0 408
0 431
0 458
0 465
0 514
0 534
0 538
0 571
0 574
0 596
0 607
0 649
0 664
0 667
0 722
0 724
0 740
0 741
0 747
0 769
0 771
0 772
0 824
0 857
0 868
0 883
0 905
0 930
0 1002
0 1007
0 1026
0 1042
0 1105
0 1107
0 1130
0 1133
0 1142
0 1153
0 1154
0 1185
0 1202
0 1212
0 1254
0 1262
0 1277
0 1279
0 1313
0 1322
0 1341
0 1355
0 1358
0 1360
0 1366
0 1375
0 1406
0 1429
0 1467
0 1516
0 1555
0 1582
0 1638
0 1648
0 1657
0 1680
0 1729
0 1740
0 1789
0 1862
0 1876
0 1963
0 1972
0 1974
0 1997
0 1998
0 2007
0 2044
0 2072
0 2099
0 2113
0 2120
0 2150
0 2231
0 2266
0 2291
0 2326
0 2375
0 2384
0 2389
0 2448
0 2475
0 2483
0 2529
0 2554
0 2571
0 2577
0 2584
0 2612
0 2631
0 2657
0 2661
0 2678
0 2696
0 2697
0 2711
0 2741
0 2760
0 2778
0 2822
0 2851
0 2871
0 2898
0 2907
0 2937
0 2945
0 2966
0 2992
0 3006
0 3017
0 3067
0 3081
0 3085
0 3120
0 3230
0 3255
0 3268
0 3297
0 3391
0 3420
0 3457
0 3510
0 3554
0 3567
0 3577
0 3618
0 3621
0 3680
0 3748
0 3816
0 3842
0 3895
0 3918
0 3920
0 3941
0 3970
0 4024
0 4070
0 4122
0 4125
0 4249
0 4252
0 4311
0 4332
0 4357
0 4392
0 4393
0 4422
0 4482
0 4580
0 4595
0 4644
0 4747
0 4780
0 4870
0 4925
0 4930
1 3
1 4
1 5
1 8
1 9
1 11
1 14
1 15
1 16
1 18
1 19
1 23
1 26
1 31
1 32
1 34
1 35
1 41
1 43
1 44
1 46
1 47
1 51
1 53
1 58
1 62
1 65
1 71
1 73
1 83
1 93
1 95
1 101
1 102
1 105
1 116
1 117
1 127
1 133
1 155
1 156
1 157
1 167
1 176
1 181
1 185
1 200
1 205
1 210
1 212
1 214
1 224
1 231
1 239
1 242
1 256
1 275
1 279
1 294
1 295
1 303
1 306
1 311
1 314
1 317
1 325
1 353
1 375
1 376
1 407
1 422
1 451
1 474
1 478
1 483
1 496
1 510
1 516
1 521
1 525
1 550
1 564
1 567
1 577
1 592
1 595
1 621
1 641
1 648
1 656
1 676
1 694
1 713
1 715
1 717
1 725
1 729
1 730
1 733
1 735
1 776
1 789
1 803
1 841
1 856
1 861
1 869
1 913
1 929
1 950
1 953
1 958
1 963
1 981
1 983
1 1005
1 1015
1 1043
1 1051
1 1057
1 1091
1 1119
1 1136
1 1139
1 1192
1 1193
1 1214
1 1216
1 1217
1 1248
1 1282
1 1304
1 1315
1 1356
1 1383
1 1384
1 1396
1 1420
1 1421
1 1422
1 1424
1 1446
1 1447
1 1481
1 1550
1 1564
1 1568
1 1697
1 1722
1 1761
1 1768
1 1771
1 1785
1 1794
1 1801
1 1820
1 1837
1 1847
1 1856
1 1928
1 1932
1 1956
1 1958
1 1975
1 1983
1 2012
1 2028
1 2034
1 2041
1 2061
1 2092
1 2100
1 2150
1 2173
1 2175
1 2187
1 2191
1 2204
1 2209
1 2210
1 2307
1 2323
1 2336
1 2399
1 2442
1 2487
1 2491
1 2497
1 2499
1 2510
1 2553
1 2560
1 2592
1 2597
1 2598
1 2662
1 2663
1 2669
1 2672
1 2677
1 2690
1 2693
1 2749
1 2752
1 2753
1 2781
1 2800
1 2817
1 2835
1 2850
1 2882
1 2905
1 2962
1 3015
1 3057
1 3082
1 3126
1 3130
1 3138
1 3141
1 3199
1 3208
1 3261
1 3262
1 3284
1 3295
1 3309
1 3319
1 3331
1 3359
1 3385
1 3409
1 3414
1 3451
1 3461
1 3466
1 3484
1 3497
1 3511
1 3515
1 3647
1 3666
1 3681
1 3688
1 3758
1 3772
1 3797
1 3804
1 3861
1 3921
1 3929
1 3969
1 3980
1 4012
1 4024
1 4034
1 4045
1 4064
1 4100
1 4122
1 4157
1 4199
1 4294
1 4325
1 4350
1 4360
1 4380
1 4400
1 4406
1 4408
1 4410
1 4450
1 4492
1 4528
1 4573
1 4583
1 4584
1 4601
1 4671
1 4680
1 4728
1 4794
1 4804
1 4810
1 4831
1 4853
1 4871
1 4891
1 4922
1 4952
1 4979
2 3
2 5
2 7
2 8
2 10
2 11
2 12
2 25
2 29
2 30
2 33
2 39
2 42
2 49
2 77
2 79
2 92
2 100
2 106
2 125
2 129
2 130
2 138
2 173
2 202
2 209
2 216
2 230
2 252
2 272
2 277
2 289
2 300
2 315
2 324
2 329
2 339
2 340
2 348
2 372
2 373
2 387
2 391
2 404
2 419
2 428
2 436
2 437
2 450
2 459
2 497
2 511
2 521
2 525
2 542
2 556
2 586
2 604
2 614
2 625
2 659
2 660
2 684
2 716
2 719
2 724
2 735
2 745
2 765
2 832
2 838
2 986
2 1007
2 1025
2 1102
2 1106
2 1153
2 1225
2 1229
2 1293
2 1334
2 1413
2 1433
2 1437
2 1451
2 1462
2 1492
2 1496
2 1547
2 1573
2 1609
2 1639
2 1648
2 1706
2 1708
2 1709
2 1713
2 1788
2 1812
2 1825
2 1846
2 1892
2 1988
2 1989
2 2003
2 2019
2 2025
2 2075
2 2115
2 2151
2 2177
2 2204
2 2247
2 2347
2 2444
2 2466
2 2516
2 2563
2 2584
2 2595
2 2674
2 2776
2 2825
2 2976
2 3004
2 3024
2 3047
2 3086
2 3187
2 3449
2 3450
2 3456
2 3462
2 3508
2 3548
2 3582
2 3654
2 3667
2 3690
2 3715
2 3729
2 3732
2 3737
2 3833
2 3848
2 3853
2 3883
2 3924
2 4064
2 4098
2 4108
2 4212
2 4243
2 4263
2 4302
2 4330
2 4391
2 4399
2 4513
2 4552
2 4592
2 4612
2 4613
2 4624
2 4668
2 4713
2 4819
2 4864
2 4902
3 4
3 5
3 6
3 7
3 8
3 9
3 10
3 11
3 13
3 14
3 16
3 19
3 22
3 23
3 24
3 25
3 27
3 36
3 51
3 57
3 62
3 63
3 72
3 86
3 96
3 110
3 119
3 126
3 135
3 145
3 148
3 160
3 177
3 180
3 190
3 198
3 206
3 214
3 222
3 224
3 228
3 251
3 258
3 262
3 273
3 278
3 285
3 292
3 296
3 297
3 305
3 319
3 320
3 345
3 358
3 377
3 383
3 385
3 390
3 392
3 396
3 401
3 436
3 437
3 440
3 453
3 546
3 574
3 609
3 625
3 632
3 652
3 658
3 660
3 663
3 666
3 669
3 673
3 682
3 684
3 688
3 689
3 719
3 757
3 765
3 774
3 793
3 815
3 828
3 843
3 850
3 852
3 865
3 866
3 870
3 875
3 885
3 897
3 900
3 901
3 902
3 934
3 945
3 947
3 971
3 996
3 1028
3 1035
3 1040
3 1052
3 1055
3 1108
3 1145
3 1150
3 1166
3 1175
3 1179
3 1190
3 1202
3 1210
3 1229
3 1242
3 1269
3 1288
3 1295
3 1322
3 1324
3 1351
3 1373
3 1374
3 1380
3 1397
3 1417
3 1449
3 1481
3 1525
3 1546
3 1553
3 1558
3 1592
3 1629
3 1661
3 1675
3 1691
3 1701
3 1740
3 1741
3 1793
3 1801
3 1836
3 1840
3 1856
3 1873
3 1882
3 1887
3 1889
3 1911
3 1927
3 1930
3 1965
3 2038
3 2065
3 2115
3 2189
3 2251
3 2263
3 2272
3 2308
3 2362
3 2429
3 2441
3 2473
3 2478
3 2611
3 2612
3 2767
3 2776
3 2786
3 2803
3 2824
3 2877
3 2920
3 2925
3 2936
3 2940
3 2951
3 2967
3 2990
3 3046
3 3056
3 3066
3 3076
3 3083
3 3102
3 3125
3 3155
3 3197
3 3218
3 3308
3 3357
3 3368
3 3384
3 3404
3 3413
3 3422
3 3433
3 3440
3 3476
3 3544
3 3583
3 3609
3 3660
3 3680
3 3686
3 3723
3 3745
3 3785
3 3835
3 3849
3 3881
3 3945
3 3950
3 3991
3 4028
3 4072
3 4153
3 4181
3 4182
3 4261
3 4321
3 4401
3 4408
3 4426
3 4545
3 4610
3 4615
3 4686
3 4695
3 4696
3 4698
3 4829
3 4837
3 4858
3 4863
3 4893
3 4908
3 4914
3 4949
3 4975
3 4990
3 4994
4 6
4 21
4 46
4 113
4 169
4 190
4 317
4 364
4 516
4 729
4 784
4 826
4 1405
4 1411
4 1532
4 1695
4 1763
4 2097
4 2099
4 2230
4 2289
4 2476
4 2680
4 2712
4 2775
4 2804
4 4336
4 4717
4 4860
4 4957
4 4999
5 7
5 32
5 230
5 659
5 874
5 1166
5 1899
5 2493
5 4471
5 4702
5 4789
6 27
6 36
6 40
6 57
6 121
6 153
6 161
6 173
6 291
6 414
6 462
6 514
6 516
6 587
6 625
6 794
6 849
6 917
6 1105
6 1368
6 1560
6 1635
6 1663
6 1756
6 1962
6 2054
6 2664
6 2879
6 4368
6 4585
6 4688
7 12
7 17
7 39
7 44
7 45
7 48
7 71
7 73
7 91
7 92
7 131
7 187
7 234
7 241
7 253
7 264
7 680
7 748
7 777
7 804
7 833
7 852
7 898
7 899
7 1088
7 1327
7 1484
7 1678
7 2149
7 2288
7 2444
7 2603
7 2999
7 3140
7 3185
7 3300
7 3757
7 3803
7 3851
7 3868
7 4014
7 4071
7 4201
7 4246
7 4384
7 4460
8 10
8 13
8 15
8 31
8 32
8 37
8 41
8 53
8 54
8 56
8 62
8 63
8 70
8 73
8 77
8 78
8 81
8 86
8 91
8 101
8 131
8 134
8 140
8 150
8 155
8 182
8 190
8 209
8 274
8 280
8 318
8 344
8 368
8 390
8 391
8 400
8 403
8 409
8 416
8 426
8 463
8 471
8 472
8 497
8 508
8 511
8 544
8 557
8 564
8 583
8 594
8 598
8 606
8 610
8 614
8 630
8 631
8 640
8 642
8 650
8 670
8 692
8 708
8 710
8 714
8 753
8 796
8 817
8 830
8 861
8 888
8 893
8 937
8 952
8 961
8 962
8 996
8 1008
8 1009
8 1074
8 1079
8 1096
8 1101
8 1109
8 1132
8 1148
8 1180
8 1220
8 1237
8 1297
8 1299
8 1346
8 1350
8 1354
8 1361
8 1414
8 1473
8 1496
8 1548
8 1588
8 1623
8 1649
8 1662
8 1668
8 1726
8 1733
8 1748
8 1770
8 1787
8 1805
8 1885
8 1941
8 1967
8 1993
8 2010
8 2031
8 2033
8 2043
8 2050
8 2079
8 2098
8 2141
8 2147
8 2156
8 2161
8 2176
8 2198
8 2217
8 2244
8 2252
8 2287
8 2354
8 2369
8 2394
8 2422
8 2427
8 2437
8 2509
8 2518
8 2526
8 2619
8 2754
8 2757
8 2788
8 2797
8 2801
8 2828
8 2833
8 2858
8 2919
8 2956
8 2985
8 3037
8 3061
8 3062
8 3068
8 3091
8 3096
8 3108
8 3117
8 3145
8 3250
8 3252
8 3277
8 3278
8 3307
8 3308
8 3405
8 3417
8 3431
8 3432
8 3443
8 3500
8 3509
8 3541
8 3547
8 3559
8 3656
8 3684
8 3715
8 3745
8 3752
8 3806
8 3827
8 3859
8 3885
8 3888
8 3932
8 3960
8 3964
8 3983
8 4062
8 4343
8 4385
8 4394
8 4493
8 4558
8 4599
8 4682
8 4718
8 4784
8 4816
8 4894
8 4908
8 4910
8 4931
9 18
9 37
9 52
9 65
9 68
9 76
9 118
9 122
9 129
9 134
9 138
9 145
9 182
9 209
9 216
9 225
9 249
9 280
9 287
9 296
9 310
9 312
9 320
9 339
9 350
9 679
9 696
9 768
9 808
9 809
9 818
9 915
9 992
9 1020
9 1107
9 1184
9 1353
9 1495
9 1512
9 1687
9 1727
9 1803
9 1923
9 1980
9 2051
9 2069
9 2071
9 2113
9 2316
9 2726
9 2759
9 2916
9 2926
9 3001
9 3039
9 3069
9 3084
9 3244
9 3262
9 3322
9 3594
9 3676
9 3728
9 3824
9 3934
9 3938
9 3976
9 3987
9 4081
9 4215
9 4371
9 4539
9 4573
9 4614
9 4655
9 4687
9 4757
9 4973
10 12
10 26
10 28
10 30
10 50
10 56
10 67
10 69
10 75
10 96
10 104
10 135
10 139
10 155
10 156
10 178
10 181
10 186
10 194
10 198
10 217
10 218
10 240
10 246
10 264
10 284
10 291
10 293
10 299
10 352
10 359
10 367
10 386
10 417
10 492
10 527
10 532
10 559
10 618
10 692
10 706
10 754
10 758
10 802
10 827
10 851
10 874
10 879
10 921
10 976
10 989
10 998
10 1016
10 1026
10 1070
10 1077
10 1135
10 1144
10 1151
10 1161
10 1186
10 1188
10 1218
10 1243
10 1323
10 1370
10 1426
10 1475
10 1512
10 1524
10 1533
10 1558
10 1599
10 1687
10 1801
10 1852
10 1860
10 1883
10 1901
10 1990
10 2021
10 2037
10 2086
10 2087
10 2111
10 2172
10 2183
10 2188
10 2191
10 2241
10 2288
10 2294
10 2365
10 2389
10 2429
10 2574
10 2620
10 2638
10 2653
10 2694
10 2757
10 2827
10 2915
10 2919
10 2932
10 2941
10 2986
10 3162
10 3181
10 3217
10 3437
10 3463
10 3464
10 3495
10 3572
10 3644
10 3727
10 3747
10 4062
10 4120
10 4155
10 4167
10 4179
10 4228
10 4303
10 4351
10 4438
10 4554
10 4643
10 4710
10 4786
10 4809
11 13
11 16
11 18
11 20
11 24
11 26
11 43
11 50
11 64
11 66
11 72
11 74
11 111
11 132
11 142
11 228
11 328
11 374
11 375
11 432
11 443
11 476
11 483
11 530
11 561
11 597
11 608
11 663
11 887
11 889
11 893
11 942
11 1021
11 1033
11 1064
11 1156
11 1200
11 1326
11 1335
11 1391
11 1403
11 1407
11 1425
11 1474
11 1506
11 1523
11 1581
11 1747
11 1809
11 2028
11 2069
11 2164
11 2168
11 2225
11 2229
11 2306
11 2319
11 2442
11 2486
11 2524
11 2610
11 2618
11 2622
11 2662
11 2833
11 2964
11 2997
11 3046
11 3048
11 3134
11 3186
11 3440
11 3882
11 4275
11 4389
11 4411
11 4439
11 4506
11 4577
11 4623
11 4632
11 4673
11 4863
11 4945
11 4987
12 19
12 21
12 25
12 28
12 33
12 39
12 41
12 42
12 49
12 54
12 55
12 69
12 85
12 100
12 112
12 124
12 140
12 144
12 207
12 210
12 211
12 282
12 326
12 336
12 359
12 370
12 373
12 399
12 406
12 412
12 423
12 449
12 470
12 479
12 501
12 539
12 582
12 645
12 700
12 704
12 766
12 787
12 799
12 845
12 867
12 931
12 960
12 994
12 1132
12 1170
12 1196
12 1270
12 1282
12 1337
12 1365
12 1392
12 1536
12 1572
12 1595
12 1613
12 1655
12 1669
12 1689
12 1748
12 1845
12 1968
12 2024
12 2104
12 2152
12 2289
12 2323
12 2324
12 2329
12 2392
12 2504
12 2581
12 2605
12 2716
12 2803
12 3046
12 3226
12 3363
12 3403
12 3448
12 3535
12 3606
12 3767
12 3890
12 3912
12 4174
12 4177
12 4231
12 4330
12 4384
12 4701
13 14
13 20
13 28
13 44
13 45
13 60
13 78
13 81
13 105
13 118
13 152
13 164
13 193
13 204
13 213
13 221
13 414
13 444
13 453
13 461
13 472
13 737
13 918
13 997
13 1275
13 1293
13 1400
13 1507
13 1546
13 1678
13 1970
13 2174
13 2180
13 2409
13 2509
13 2587
13 2644
13 2970
13 3235
13 3392
13 3774
13 4015
13 4245
13 4285
13 4726
13 4760
13 4793
14 173
14 204
14 4825
15 17
15 48
15 146
15 150
15 157
15 165
15 233
15 307
15 467
15 497
15 873
15 1047
15 1226
15 1292
15 1422
15 1427
15 1773
15 1978
15 2485
15 3001
15 3799
15 4109
15 4320
16 17
16 21
16 22
16 23
16 24
16 29
16 35
16 40
16 43
16 46
16 48
16 50
16 58
16 59
16 66
16 74
16 76
16 95
16 105
16 107
16 108
16 114
16 115
16 128
16 147
16 160
16 162
16 169
16 185
16 195
16 220
16 238
16 239
16 245
16 255
16 261
16 269
16 278
16 293
16 295
16 303
16 305
16 328
16 333
16 369
16 371
16 374
16 400
16 446
16 494
16 495
16 552
16 599
16 684
16 690
16 691
16 727
16 736
16 749
16 751
16 756
16 773
16 789
16 816
16 819
16 825
16 846
16 847
16 853
16 892
16 894
16 903
16 926
16 935
16 939
16 969
16 987
16 997
16 1010
16 1016
16 1027
16 1056
16 1066
16 1072
16 1074
16 1125
16 1127
16 1164
16 1191
16 1213
16 1235
16 1259
16 1279
16 1300
16 1303
16 1326
16 1335
16 1370
16 1375
16 1382
16 1384
16 1425
16 1438
16 1439
16 1452
16 1487
16 1493
16 1506
16 1586
16 1596
16 1600
16 1605
16 1653
16 1655
16 1700
16 1710
16 1717
16 1768
16 1800
16 1805
16 1817
16 1843
16 1848
16 1857
16 1871
16 1874
16 1885
16 1898
16 1911
16 1955
16 1966
16 2017
16 2044
16 2045
16 2092
16 2094
16 2138
16 2151
16 2193
16 2237
16 2244
16 2258
16 2349
16 2370
16 2374
16 2395
16 2419
16 2433
16 2448
16 2462
16 2511
16 2535
16 2540
16 2549
16 2697
16 2762
16 2763
16 2812
16 2830
16 2832
16 2866
16 2872
16 2986
16 3003
16 3062
16 3074
16 3088
16 3137
16 3199
16 3247
16 3266
16 3290
16 3335
16 3339
16 3401
16 3476
16 3486
16 3498
16 3529
16 3542
16 3571
16 3585
16 3632
16 3813
16 3932
16 3980
16 3984
16 3998
16 4031
16 4039
16 4049
16 4076
16 4115
16 4131
16 4141
16 4145
16 4164
16 4191
16 4210
16 4262
16 4277
16 4435
16 4463
16 4465
16 4521
16 4668
16 4740
16 4780
16 4842
16 4883
16 4901
16 4912
16 4970
16 4974
16 4978
17 35
17 53
17 55
17 89
17 120
17 129
17 149
17 231
17 291
17 331
17 385
17 482
17 488
17 606
17 629
17 652
17 699
17 906
17 1115
17 1287
17 1528
17 1671
17 1746
17 1860
17 1880
17 1912
17 2035
17 2060
17 2072
17 2405
17 2412
17 2502
17 2643
17 2667
17 2821
17 2975
17 3171
17 3579
17 3959
17 4091
17 4164
17 4299
17 4591
17 4764
18 37
18 67
18 68
18 142
18 205
18 282
18 302
18 350
18 367
18 455
18 487
18 494
18 526
18 724
18 818
18 864
18 919
18 1022
18 1363
18 1744
18 1747
18 1784
18 1959
18 2379
18 2395
18 2468
18 2616
18 3026
18 3573
18 3646
18 4106
18 4228
18 4539
18 4742
19 22
19 54
19 59
19 63
19 72
19 84
19 99
19 126
19 127
19 137
19 191
19 198
19 208
19 227
19 251
19 323
19 357
19 436
19 473
19 650
19 742
19 863
19 901
19 965
19 1090
19 1208
19 1260
19 1315
19 1345
19 1394
19 1461
19 1517
19 1593
19 1607
19 1627
19 1791
19 1974
19 1976
19 2007
19 2032
19 2126
19 2216
19 2376
19 2647
19 2891
19 3060
19 3970
19 4058
19 4124
19 4288
19 4480
19 4597
19 4788
19 4866
20 30
20 34
20 192
20 439
20 556
20 855
20 889
20 1112
20 1610
20 2459
20 2809
20 3377
20 4084
20 4411
20 4873
21 55
21 80
21 90
21 100
21 201
21 272
21 322
21 543
21 1463
21 1779
21 2211
21 2494
21 3735
21 4066
21 4210
21 4235
21 4242
22 99
22 149
22 4128
22 4952
22 4984
23 70
23 86
23 98
23 110
23 112
23 116
23 189
23 191
23 212
23 326
23 656
23 913
23 1118
23 1211
23 1806
23 1921
23 3060
23 3306
23 3550
23 4864
23 4990
24 29
24 145
24 168
24 286
24 388
24 420
24 430
24 597
24 601
24 751
24 881
24 940
24 1069
24 1315
24 1449
24 1539
24 1552
24 1900
24 1932
24 2399
24 3048
24 3512
24 3579
24 3805
24 3891
24 4138
24 4208
24 4406
24 4824
24 4977
24 4978
25 33
25 38
25 40
25 56
25 71
25 75
25 103
25 106
25 110
25 123
25 136
25 141
25 143
25 148
25 159
25 189
25 207
25 215
25 218
25 219
25 223
25 247
25 311
25 325
25 362
25 393
25 471
25 499
25 509
25 519
25 616
25 624
25 632
25 690
25 795
25 802
25 823
25 849
25 886
25 999
25 1421
25 1497
25 1680
25 1724
25 1746
25 1893
25 2016
25 2051
25 2296
25 2298
25 2390
25 2409
25 2494
25 2580
25 2625
25 2720
25 2726
25 2793
25 2841
25 2859
25 2862
25 2994
25 3113
25 3540
25 3561
25 3603
25 3793
25 3820
25 3881
25 4019
25 4060
25 4090
25 4353
25 4363
25 4496
25 4519
25 4591
25 4647
25 4820
26 31
26 65
26 174
26 181
26 240
26 353
26 536
26 730
26 798
26 942
26 1194
26 2855
26 2867
26 2987
26 3033
27 162
27 222
27 273
27 541
27 562
27 580
27 667
27 857
27 926
27 944
27 1146
27 1155
27 1179
27 1354
27 1989
27 2188
27 2944
27 2967
27 3685
27 3825
27 3960
27 4070
28 45
28 69
28 103
28 111
28 114
28 139
28 180
28 299
28 343
28 402
28 477
28 527
28 675
28 706
28 739
28 880
28 1018
28 1125
28 1461
28 1501
28 1530
28 1575
28 1672
28 1689
28 1909
28 2032
28 2107
28 2126
28 2177
28 2310
28 2329
28 3155
28 3342
28 3532
28 3787
28 4204
28 4240
28 4250
28 4556
28 4626
28 4806
29 158
29 195
29 256
29 469
29 491
29 515
29 750
29 1145
29 1779
29 2345
29 2511
29 3024
29 4222
29 4356
30 128
30 255
30 1113
30 1377
30 2378
30 2402
30 3715
30 4697
30 4873
31 1426
31 1504
31 2373
31 3901
32 38
32 67
32 77
32 83
32 143
32 151
32 159
32 243
32 246
32 271
32 297
32 309
32 312
32 316
32 335
32 347
32 384
32 396
32 461
32 464
32 490
32 503
32 506
32 572
32 611
32 658
32 664
32 668
32 681
32 733
32 737
32 743
32 762
32 777
32 792
32 831
32 978
32 982
32 1015
32 1032
32 1042
32 1085
32 1109
32 1110
32 1224
32 1239
32 1274
32 1353
32 1369
32 1441
32 1530
32 1585
32 1645
32 1647
32 1657
32 1672
32 1735
32 1769
32 1810
32 1814
32 1833
32 1853
32 1908
32 1937
32 1973
32 2011
32 2063
32 2131
32 2148
32 2588
32 2690
32 2710
32 2734
32 2754
32 2811
32 2828
32 2863
32 2902
32 2988
32 3080
32 3209
32 3278
32 3314
32 3345
32 3359
32 3504
32 3568
32 3683
32 3803
32 3861
32 3954
32 4036
32 4116
32 4162
32 4165
32 4253
32 4307
32 4395
32 4477
32 4566
32 4667
32 4714
32 4719
32 4751
32 4789
32 4895
32 4963
32 4984
33 38
33 79
33 106
33 113
33 143
33 146
33 183
33 219
33 223
33 235
33 248
33 277
33 314
33 415
33 441
33 519
33 560
33 637
33 662
33 698
33 732
33 734
33 871
33 895
33 1029
33 1031
33 1168
33 1169
33 1317
33 1320
33 1363
33 1409
33 1467
33 1550
33 1561
33 1583
33 1598
33 1665
33 1752
33 1793
33 1905
33 1947
33 1949
33 1957
33 1971
33 2117
33 2150
33 2171
33 2214
33 2386
33 2645
33 2737
33 2740
33 2773
33 2788
33 2805
33 2965
33 2977
33 2984
33 2993
33 3097
33 3200
33 3283
33 3299
33 3364
33 3421
33 3538
33 3599
33 3640
33 3664
33 3845
33 4135
33 4137
33 4436
33 4569
33 4683
33 4871
34 47
34 51
34 61
34 64
34 76
34 78
34 84
34 117
34 119
34 152
34 153
34 158
34 199
34 230
34 256
34 341
34 387
34 439
34 443
34 605
34 654
34 916
34 1143
34 1160
34 1192
34 1286
34 1340
34 1468
34 1581
34 1676
34 1883
34 1932
34 1998
34 2256
34 2259
34 2294
34 2343
34 2366
34 2367
34 2393
34 2584
34 2643
34 2809
34 3168
34 3191
34 3244
34 3869
34 3938
34 3941
34 3967
34 4011
34 4312
34 4726
35 120
35 298
35 303
35 478
35 905
35 1136
35 1172
35 1189
35 1713
35 1778
35 1784
35 1912
35 1948
35 1991
35 2512
35 2779
35 4091
35 4370
35 4915
36 52
36 60
36 154
36 174
36 270
36 285
36 515
36 537
36 556
36 761
36 851
36 1571
36 1620
36 2162
36 2704
36 3499
36 3680
36 4111
36 4293
36 4344
36 4675
37 280
37 312
37 710
37 777
37 889
37 895
37 1141
37 1302
37 1357
37 1416
37 1572
37 1707
37 3340
37 4150
37 4207
37 4302
38 79
38 219
38 223
38 271
38 314
38 734
38 894
38 1085
38 1339
38 1441
39 49
39 738
39 1456
39 1482
39 1851
39 2039
39 2461
39 2865
39 3281
39 4832
40 57
40 58
40 74
40 82
40 87
40 97
40 133
40 134
40 147
40 151
40 170
40 188
40 215
40 225
40 236
40 240
40 245
40 254
40 261
40 263
40 311
40 324
40 327
40 331
40 411
40 442
40 450
40 453
40 489
40 531
40 542
40 607
40 626
40 637
40 643
40 650
40 658
40 726
40 746
40 759
40 792
40 800
40 820
40 859
40 878
40 887
40 954
40 1066
40 1082
40 1162
40 1233
40 1263
40 1318
40 1335
40 1379
40 1502
40 1509
40 1540
40 1757
40 1807
40 1827
40 1887
40 1916
40 2046
40 2129
40 2153
40 2193
40 2268
40 2304
40 2414
40 2433
40 2991
40 3166
40 3169
40 3256
40 3348
40 3699
40 3741
40 3753
40 3863
40 3880
40 3890
40 3913
40 3998
40 4021
40 4134
40 4362
40 4372
40 4397
40 4458
40 4467
40 4505
40 4509
40 4645
41 42
41 47
41 87
41 117
41 176
41 265
41 282
41 289
41 418
41 588
41 642
41 760
41 778
41 812
41 932
41 960
41 967
41 1025
41 1144
41 1147
41 1411
41 1618
41 1772
41 2044
41 2147
41 2497
41 2624
41 2823
41 2961
41 2981
41 3079
41 3460
41 3487
41 3596
41 3802
41 3871
41 4184
41 4648
41 4976
42 338
42 418
42 1019
42 1073
42 1238
42 1267
42 1597
42 1618
42 1851
42 1939
42 1968
42 2835
42 3638
42 3838
42 3841
42 3975
42 4894
43 165
43 261
43 349
43 1256
43 1364
43 1760
43 2126
43 2815
43 2822
43 4142
43 4801
43 4804
43 4825
44 94
44 115
44 287
44 334
44 366
44 451
44 496
44 545
44 748
44 828
44 880
44 1076
44 1272
44 1517
44 1697
44 1824
44 1860
44 2178
44 2219
44 2358
44 2432
44 2503
44 3400
44 3471
44 4603
44 4748
45 213
45 3069
45 3202
45 3498
45 3565
45 4023
46 98
46 107
46 244
46 422
46 425
46 763
46 856
46 1388
46 1666
46 1815
46 2146
46 2216
46 2483
46 3553
46 4717
47 61
47 90
47 93
47 193
47 233
47 255
47 355
47 356
47 445
47 484
47 1022
47 1166
47 1246
47 1827
47 2076
47 2574
47 2777
47 3411
47 3485
47 4564
48 61
48 264
48 467
48 535
48 577
48 705
48 1014
48 1226
48 1258
48 1610
48 1654
48 1719
48 1868
48 2293
48 2503
48 2603
48 3154
48 3315
48 3780
48 3927
48 4427
48 4634
49 89
49 109
49 130
49 140
49 217
49 329
49 418
49 439
49 447
49 451
49 573
49 593
49 611
49 700
49 707
49 736
49 786
49 931
49 959
49 1044
49 1282
49 1482
49 1500
49 1601
49 1939
49 1945
49 2123
49 2227
49 2257
49 2304
49 2641
49 2721
49 2907
49 3240
49 3277
49 3317
49 3467
49 3489
49 3557
49 3958
49 4308
49 4313
49 4383
49 4761
50 66
50 88
50 90
50 104
50 167
50 183
50 215
50 232
50 253
50 398
50 401
50 561
50 767
50 835
50 846
50 949
50 1027
50 1113
50 1180
50 1245
50 1325
50 1523
50 1549
50 1556
50 2184
50 2470
50 2615
50 2670
50 2915
50 3107
50 3389
50 4101
50 4126
50 4187
50 4296
50 4965
51 93
51 171
51 179
51 212
51 214
51 248
51 251
51 294
51 319
51 355
51 377
51 383
51 395
51 413
51 445
51 655
51 839
51 896
51 917
51 1321
51 1387
51 1652
51 1661
51 1715
51 1904
51 1905
51 1990
51 2215
51 2250
51 2302
51 2397
51 2406
51 2761
51 2972
51 3089
51 3112
51 3146
51 3269
51 3781
51 3850
51 3914
51 4020
51 4214
51 4595
51 4596
51 4739
51 4929
52 161
52 334
52 474
52 560
52 662
52 683
52 712
52 715
52 842
52 1174
52 1466
52 1842
52 2108
52 2808
52 3243
52 3323
52 3452
52 3724
52 3963
52 3979
53 89
53 148
53 159
53 168
53 187
53 560
53 870
53 969
53 2233
53 2334
53 2419
53 2672
53 3649
53 3670
54 583
54 2788
54 2955
54 3526
54 3974
55 94
55 128
55 420
55 1199
55 1652
55 2763
55 3222
55 3267
55 4701
56 60
56 75
56 88
56 95
56 102
56 125
56 136
56 171
56 174
56 175
56 178
56 203
56 220
56 232
56 283
56 305
56 335
56 349
56 368
56 378
56 424
56 468
56 518
56 576
56 708
56 709
56 774
56 801
56 840
56 925
56 946
56 990
56 1065
56 1070
56 1278
56 1352
56 1363
56 1423
56 1543
56 1662
56 1674
56 1688
56 1753
56 1772
56 1775
56 1826
56 1869
56 1941
56 1984
56 2002
56 2030
56 2079
56 2095
56 2128
56 2154
56 2209
56 2327
56 2391
56 2407
56 2447
56 2451
56 2513
56 2530
56 2553
56 2591
56 2707
56 2735
56 3036
56 3193
56 3204
56 3294
56 3401
56 3499
56 3566
56 3568
56 3618
56 3740
56 3906
56 4160
56 4175
56 4346
56 4361
56 4376
56 4385
56 4410
56 4499
56 4503
56 4672
56 4768
56 4815
56 4899
56 4948
56 4958
57 80
57 170
57 203
57 206
57 284
57 290
57 327
57 341
57 358
57 566
57 572
57 578
57 675
57 910
57 945
57 950
57 1003
57 1016
57 1159
57 1791
57 2108
57 2472
57 2501
57 2949
57 3063
57 3893
57 4038
57 4297
57 4865
57 4870
58 133
58 139
58 411
58 700
58 720
58 826
58 923
58 1200
58 1251
58 1324
58 1407
58 1488
58 1592
58 1736
58 1837
58 1954
58 2168
58 2193
58 2222
58 2348
58 2352
58 2403
58 2546
58 2755
58 2979
58 3016
58 3031
58 3213
58 3215
58 3394
58 3769
58 4270
58 4369
58 4411
58 4517
58 4609
59 92
59 157
59 194
59 275
59 347
59 419
59 437
59 622
59 636
59 715
59 920
59 1097
59 1163
59 1390
59 1440
59 1448
59 1579
59 1591
59 1663
59 1700
59 1918
59 2280
59 3162
59 3397
59 3744
59 3821
59 3889
59 3984
59 4037
59 4051
59 4480
59 4775
59 4856
59 4920
60 175
60 226
60 1351
60 1546
60 1994
60 2464
60 2762
60 3131
60 3298
60 3744
60 3746
60 4088
60 4218
60 4454
60 4642
60 4814
61 64
61 172
61 186
61 265
61 508
61 628
61 1286
61 1336
61 1473
61 1674
61 3105
61 3154
61 3541
61 3629
61 4607
62 146
62 283
62 370
62 569
62 623
62 3983
63 82
63 85
63 97
63 98
63 109
63 211
63 241
63 346
63 433
63 473
63 544
63 599
63 646
63 648
63 679
63 758
63 922
63 999
63 1061
63 1100
63 1195
63 1285
63 1290
63 1504
63 1799
63 2098
63 2213
63 2353
63 2557
63 3196
63 3774
63 3922
63 3962
63 4238
63 4258
63 4915
64 153
64 265
64 380
64 385
64 539
64 730
64 797
64 832
64 1041
64 1131
64 1336
64 1345
64 1519
64 1842
64 2060
64 2242
64 2346
64 2380
64 3105
64 3418
64 3709
64 4632
64 4847
65 196
65 257
65 499
65 669
65 696
65 897
65 1043
65 1138
65 1184
65 1284
65 1458
65 1714
65 2132
65 2268
65 2806
65 3617
65 3722
65 4140
65 4460
65 4731
66 343
66 346
66 473
66 1325
66 1382
66 3495
66 3781
66 4187
67 68
67 96
67 141
67 316
67 461
67 506
67 695
67 1560
67 1629
67 1692
67 2745
67 3026
67 3177
67 3480
67 4106
67 4407
67 4738
67 4792
68 455
68 570
68 1034
68 2737
68 3322
68 3717
68 3785
69 70
69 108
69 417
69 862
69 1053
69 1228
69 1246
69 1410
69 1632
69 2064
69 2813
69 4231
69 4691
69 4708
70 103
70 182
70 606
70 656
70 865
70 968
70 1120
70 1933
70 2082
70 2356
70 4205
70 4598
71 114
71 276
71 523
71 584
71 1138
71 1156
71 2715
71 3492
71 4422
71 4699
72 80
72 127
72 130
72 142
72 189
72 197
72 237
72 360
72 364
72 403
72 422
72 429
72 476
72 519
72 535
72 569
72 592
72 633
72 671
72 763
72 863
72 924
72 966
72 1067
72 1082
72 1094
72 1121
72 1137
72 1205
72 1211
72 1235
72 1263
72 1459
72 1617
72 1677
72 1699
72 1751
72 1755
72 1774
72 1855
72 2174
72 2201
72 2223
72 2247
72 2472
72 2474
72 2560
72 2660
72 2794
72 2816
72 2829
72 2832
72 2872
72 2891
72 2974
72 3008
72 3058
72 3059
72 3214
72 3261
72 3320
72 3347
72 3374
72 3383
72 4381
72 4508
72 4518
72 4611
72 4944
73 91
73 101
73 108
73 124
73 131
73 228
73 234
73 253
73 266
73 315
73 337
73 353
73 354
73 390
73 399
73 409
73 410
73 432
73 468
73 479
73 498
73 528
73 579
73 633
73 642
73 647
73 668
73 775
73 810
73 823
73 839
73 985
73 1038
73 1051
73 1169
73 1217
73 1264
73 1312
73 1328
73 1378
73 1509
73 1602
73 1620
73 1656
73 1800
73 1819
73 1849
73 1884
73 2074
73 2149
73 2410
73 2524
73 2578
73 2838
73 2840
73 2847
73 2918
73 2954
73 3005
73 3013
73 3088
73 3172
73 3228
73 3317
73 3809
73 3947
73 3973
73 4093
73 4141
73 4219
73 4286
73 4317
73 4396
73 4501
73 4525
73 4567
73 4571
73 4650
73 4883
74 87
74 141
74 170
74 327
74 337
74 347
74 386
74 421
74 443
74 573
74 759
74 1033
74 1108
74 1464
74 1577
74 1619
74 1628
74 2174
74 2511
74 2520
74 2552
74 2782
74 3130
74 3370
74 3502
74 3830
74 3955
74 4467
74 4711
74 4857
74 4941
75 283
75 626
75 988
75 1227
75 1352
75 2254
75 2768
75 2914
75 3228
75 3678
75 3840
75 3906
75 4375
75 4809
76 94
76 115
76 152
76 249
76 357
76 788
76 828
76 846
76 991
76 1569
76 1792
76 1854
76 2724
76 2885
76 2954
76 4059
76 4251
77 82
77 83
77 88
77 121
77 138
77 229
77 236
77 252
77 257
77 274
77 309
77 313
77 315
77 428
77 452
77 504
77 507
77 522
77 537
77 635
77 653
77 711
77 838
77 1128
77 1239
77 1297
77 1365
77 1583
77 1600
77 1618
77 1626
77 1717
77 2099
77 2398
77 2408
77 2528
77 2645
77 2675
77 2746
77 2927
77 3194
77 3352
77 3656
77 3720
77 4183
77 4305
77 4778
77 4867
78 81
78 180
78 431
78 508
78 576
78 698
78 755
78 1124
78 3071
78 4127
79 1007
80 206
80 252
80 288
80 459
80 635
80 911
80 1201
80 1531
80 1605
80 1608
80 2006
80 2160
80 3188
80 3320
80 3577
80 3891
80 4428
80 4618
80 4619
81 122
81 160
81 201
81 258
81 260
81 366
81 414
81 444
81 460
81 503
81 594
81 639
81 705
81 755
81 909
81 1017
81 1021
81 1331
81 1371
81 1498
81 1598
81 1711
81 1795
81 1855
81 1880
81 1957
81 2082
81 2141
81 2274
81 2284
81 2340
81 2565
81 2685
81 2736
81 2775
81 2845
81 2867
81 3056
81 3162
81 3223
81 3380
81 3537
81 3615
81 3877
81 3942
81 4100
81 4230
81 4236
81 4344
81 4375
81 4473
81 4614
81 4875
82 97
82 109
82 112
82 121
82 150
82 196
82 236
82 237
82 330
82 486
82 531
82 589
82 631
82 759
82 764
82 1045
82 1465
82 1469
82 1772
82 2045
82 2509
82 2513
82 2652
82 2877
82 2934
82 2991
82 3201
82 3299
82 3340
82 3371
82 3787
82 3854
82 3999
82 4056
82 4543
82 4635
82 4770
83 204
83 243
83 275
83 302
83 611
83 859
83 1369
83 1490
83 2633
83 2708
83 2733
83 3178
83 3218
83 4330
83 4645
83 4986
84 85
84 178
84 270
84 672
84 1000
84 1068
84 1460
84 4196
84 4547
85 166
85 200
85 279
85 547
85 586
85 647
85 1077
85 1285
85 1613
85 1682
85 1704
85 1718
85 1936
85 2105
85 2457
85 3873
85 4047
85 4196
85 4425
86 137
86 605
86 876
86 1113
86 1118
86 1580
86 1977
86 2271
86 3359
86 3461
86 4320
87 188
87 361
87 421
87 573
87 590
87 1484
87 1861
87 2129
87 2463
87 2637
87 2921
87 4397
88 102
88 123
88 136
88 335
88 362
88 649
88 1092
88 1119
88 1123
88 1688
88 1703
88 1753
88 2095
88 2161
88 2217
88 2516
88 2675
88 2864
88 3097
88 3098
88 3242
88 3801
88 4276
88 4410
88 4498
89 120
89 164
89 168
89 298
89 336
89 387
89 438
89 505
89 685
89 686
89 709
89 711
89 718
89 808
89 913
89 956
89 971
89 991
89 1085
89 1193
89 1253
89 1399
89 1551
89 1630
89 1701
89 2123
89 2233
89 2235
89 2348
89 2492
89 2684
89 2800
89 2807
89 3142
89 3385
89 3411
89 3501
89 3969
89 4112
89 4295
89 4354
89 4440
89 4563
90 330
90 609
90 661
90 787
90 1090
90 1173
90 1197
90 1224
90 1346
90 1512
90 1913
90 1969
90 2478
90 2813
90 2881
90 2895
90 3934
90 3963
90 4435
91 463
91 679
91 804
91 1548
91 2056
91 2190
91 3827
91 4617
92 300
92 4889
93 370
93 484
93 703
93 855
93 1862
93 3819
93 4312
93 4334
94 323
94 610
94 2747
94 3402
95 269
95 306
95 340
95 444
95 587
95 709
95 829
95 1024
95 1438
95 1650
95 1731
95 1958
95 3237
95 3283
95 3987
95 4923
96 184
96 259
96 608
96 721
96 975
96 1084
96 1603
96 1629
96 1657
96 1943
96 2358
96 2856
96 3177
96 3288
96 3634
96 4357
96 4407
96 4505
97 147
97 171
97 208
97 254
97 342
97 575
97 584
97 993
97 1379
97 1521
97 1894
97 2002
97 2136
97 3253
97 3280
97 3397
97 4000
97 4917
98 177
98 268
98 693
98 847
98 873
98 912
98 1520
98 2093
98 2703
98 3093
98 3564
98 3751
98 3868
98 4915
99 137
99 165
99 425
99 944
99 968
99 1121
99 1208
99 1459
99 1714
99 1916
99 2006
99 2335
99 2371
99 2386
99 2660
99 2902
99 3225
99 3376
99 4104
99 4128
99 4643
100 107
100 118
100 285
100 322
100 332
100 406
100 615
100 752
100 928
100 1225
100 1542
100 1599
100 1925
100 2208
100 2750
100 3159
100 3700
100 3746
100 3760
100 4022
100 4066
100 4094
100 4251
100 4753
100 4956
101 449
101 474
101 985
101 1095
101 1328
101 2034
101 2262
101 2569
101 4490
102 125
102 135
102 163
102 243
102 580
102 856
102 1738
102 1951
102 2296
102 2544
102 2691
102 3100
102 3654
102 3854
103 480
103 675
103 1044
104 293
104 907
104 1026
104 1122
104 1133
104 1142
104 1578
104 1898
104 2157
104 2214
104 2227
104 2266
104 2537
104 3022
104 4065
104 4369
104 4546
104 4818
105 123
105 167
105 169
105 222
105 328
105 365
105 549
105 743
105 836
105 980
105 1051
105 1084
105 1204
105 1420
105 1421
105 1463
105 1554
105 1724
105 1863
105 1890
105 1919
105 2166
105 2258
105 2742
105 2761
105 3193
105 3264
105 3410
105 3536
105 3653
105 4143
105 4620
105 4646
105 4796
106 235
106 372
106 393
106 441
106 616
106 636
106 1752
106 1985
106 2516
106 2679
106 3195
106 3631
106 4205
107 1235
107 1275
107 1310
107 1666
107 1857
107 2473
107 2983
107 4494
107 4594
108 111
108 563
108 682
108 1203
108 1370
108 1378
108 1497
108 1632
108 2117
108 2463
108 3126
108 3172
108 3954
108 4092
108 4523
108 4856
109 237
109 267
109 433
109 578
109 641
109 773
109 1356
109 1901
109 2336
109 4040
109 4523
109 4664
110 132
110 151
110 262
110 466
110 481
110 505
110 565
110 761
110 800
110 880
110 1400
110 1495
110 2190
110 2311
110 2452
110 2635
110 2648
110 2798
110 3205
110 3707
110 3910
110 4753
110 4770
111 191
111 407
112 124
112 144
112 266
112 270
112 423
112 427
112 531
112 534
112 750
112 845
112 848
112 867
112 941
112 1034
112 1353
112 1399
112 1418
112 1545
112 1627
112 1899
112 1908
112 1942
112 2024
112 2197
112 2439
112 2629
112 2851
112 2958
112 3075
112 3216
112 3650
112 3661
112 3890
112 4129
112 4331
112 4357
112 4545
112 4581
112 4602
112 4988
113 126
113 175
113 248
113 279
113 415
113 502
113 799
113 1404
113 1622
113 1641
113 1661
113 1840
113 1858
113 2476
113 2657
113 2885
113 2922
113 3073
113 3434
113 3519
113 3571
113 3697
113 3708
113 4190
113 4985
114 262
114 269
114 540
114 585
114 600
114 627
114 1036
114 1159
114 1201
114 1303
114 1367
114 1501
114 1909
114 2283
114 2715
114 3169
114 3671
114 4621
115 116
115 132
115 164
115 195
115 371
115 466
115 477
115 487
115 509
115 563
115 686
115 731
115 1093
115 1172
115 1199
115 1362
115 1824
115 2008
115 2022
115 2179
115 2324
115 2406
115 2843
115 2912
115 3257
115 3309
115 3453
115 3491
115 4434
116 226
116 246
116 595
116 624
116 691
116 794
116 805
116 816
116 842
116 1048
116 1424
116 1574
116 2008
116 2143
116 2642
116 2971
116 3290
116 4228
117 2624
117 4312
118 332
118 1508
118 4965
119 317
119 571
119 613
119 876
119 1114
119 2798
119 3328
119 3357
119 3533
119 4068
119 4684
120 149
120 298
120 395
120 438
120 495
120 822
120 1158
120 1538
120 1630
120 1903
120 2942
120 3522
120 3575
120 4256
121 210
121 522
121 695
121 886
121 950
121 1096
121 1128
121 1241
121 1323
121 1472
121 1742
121 1870
121 1878
121 2199
121 2702
121 2746
121 2900
121 3119
121 3352
121 3862
121 3867
121 4405
121 4652
122 154
122 184
122 197
122 292
122 324
122 389
122 548
122 597
122 705
122 770
122 775
122 809
122 844
122 877
122 891
122 1091
122 1128
122 1140
122 1212
122 1308
122 1598
122 1694
122 1711
122 1796
122 1811
122 2291
122 2496
122 2640
122 2961
122 3082
122 3287
122 4193
122 4687
122 4800
122 4855
123 247
123 355
123 365
123 581
123 836
123 941
123 1084
123 1236
123 1342
123 1487
123 1703
123 1777
123 1863
123 1943
123 2077
123 2114
123 2539
123 2594
123 3274
123 3410
123 4049
123 4206
123 4679
123 4724
124 144
124 234
124 266
124 286
124 427
124 532
124 645
124 694
124 727
124 746
124 807
124 888
124 1649
124 1652
124 1850
124 1914
124 2284
124 2385
124 2485
124 2876
124 3953
124 4394
124 4526
124 4836
125 161
125 289
125 854
125 1388
125 4442
126 172
126 208
126 272
126 273
126 306
126 415
126 435
126 725
126 1013
126 1117
126 1811
126 2119
126 2246
126 2818
126 2820
126 2973
126 4545
127 462
127 1067
127 1121
127 2337
127 2633
127 2651
128 295
128 420
128 683
128 736
128 1274
128 1689
128 2763
128 3282
128 3791
128 4155
128 4721
129 232
129 546
129 591
129 1013
129 2270
129 2736
129 2837
129 2886
129 2968
129 3731
130 202
130 520
130 645
130 707
130 890
130 1989
130 3347
130 4217
131 354
131 544
131 771
131 898
131 936
131 1023
131 1195
131 1544
131 1570
131 2290
131 3255
131 3516
131 3767
131 4126
131 4218
132 394
132 466
132 478
132 530
132 536
132 565
132 602
132 810
132 900
132 935
132 1232
132 1257
132 1324
132 1428
132 1485
132 1590
132 1673
132 2309
132 2411
132 2502
132 3423
132 3813
132 4428
132 4988
133 188
133 244
133 407
133 1927
133 2125
133 2254
133 2469
133 2979
133 3503
133 4377
134 225
134 3391
134 3870
134 3976
136 203
136 362
136 410
136 1123
136 1148
136 1705
136 2095
136 2097
136 2550
136 2737
136 3097
136 3098
136 3149
136 3801
136 4023
136 4447
136 4839
136 4917
137 192
137 213
137 227
137 330
137 363
137 429
137 520
137 778
137 1065
137 1111
137 2206
137 2462
137 2547
137 2637
137 3092
137 3310
137 3366
137 3465
137 3698
137 3710
137 3809
137 4055
137 4255
137 4323
137 4462
138 296
138 456
138 677
138 726
138 1086
138 1415
138 1475
138 1486
138 1788
138 1790
138 1846
138 1970
138 4633
138 4788
139 156
139 207
139 218
139 288
139 408
139 411
139 742
139 779
139 824
139 892
139 928
139 1222
139 1241
139 1278
139 1395
139 1443
139 1461
139 1580
139 1634
139 2000
139 2357
139 2403
139 2589
139 2691
139 3214
139 3372
139 3605
139 3829
139 4118
139 4146
139 4204
139 4705
139 4790
139 4989
140 177
140 821
140 1361
140 2118
140 3029
140 3038
140 3398
141 163
141 276
141 1810
141 2384
141 2455
141 3920
141 4382
141 4916
142 166
142 201
142 205
142 274
142 321
142 481
142 666
142 1238
142 1521
142 1571
142 1659
142 1763
142 2607
142 2845
142 3552
142 3621
142 4259
143 271
143 2171
143 2309
143 2474
143 3030
143 3540
143 3640
143 4593
144 202
144 221
144 342
144 382
144 648
144 687
144 890
144 904
144 938
144 1343
144 1953
144 2024
144 2398
144 2439
144 2627
144 2756
144 3170
144 3180
144 3325
144 3792
144 3951
144 4223
145 388
145 538
145 713
145 1906
145 2924
145 3378
145 3594
145 4048
145 4905
146 229
146 398
146 592
146 917
146 1047
146 1401
146 2369
146 2469
146 2590
146 3395
146 3588
147 245
147 442
147 903
147 2376
147 3780
148 179
148 321
148 728
148 875
148 1522
148 3566
148 3623
149 1271
149 1508
149 1630
149 1736
149 1760
149 2116
149 2696
149 2942
149 3510
150 217
150 229
150 589
150 701
150 728
150 873
150 2170
150 2311
150 3865
150 4854
151 186
151 193
151 562
151 579
151 800
151 1045
151 1808
151 2330
151 3657
151 3774
151 4165
152 221
152 379
152 505
152 549
152 605
152 618
152 670
152 853
152 858
152 1694
152 1704
152 1712
152 2140
152 2180
152 2868
152 3235
152 3433
152 3461
152 3772
152 4314
152 4767
152 4840
153 226
153 882
153 2143
153 2353
153 3042
153 3246
153 4897
154 197
154 304
154 431
154 596
154 659
154 741
154 1046
154 1246
154 1414
154 1832
154 1961
154 2465
154 2550
154 2571
154 2706
154 3067
154 3085
154 3836
154 4755
154 4756
155 276
155 325
155 510
155 995
155 1838
156 176
156 288
156 310
156 346
156 565
156 667
156 878
156 1102
156 1188
156 1608
156 2367
156 2691
156 2759
156 3041
156 3466
156 3861
156 3897
156 4424
156 4834
156 4888
157 166
157 263
157 309
157 687
157 1123
157 1738
157 1875
157 2351
157 2712
157 2909
157 3150
157 3245
157 3330
157 3687
157 4398
157 4947
158 486
159 972
159 1334
159 2550
159 3977
160 247
160 250
160 323
160 338
160 356
160 358
160 416
160 639
160 806
160 854
160 957
160 1054
160 1333
160 1366
160 1380
160 1574
160 1880
160 2029
160 2259
160 2275
160 2655
160 3036
160 3057
160 3060
160 3321
160 3490
160 3706
160 4270
160 4493
160 4731
161 1117
161 2018
161 2808
161 2975
161 3020
161 3674
161 4128
162 238
162 281
162 344
162 727
162 1036
162 1078
162 1261
162 1316
162 1360
162 1555
162 1770
162 1831
162 1926
162 2071
162 2719
162 2819
162 2930
162 3224
162 3437
162 3521
162 3569
162 3711
162 3825
162 4492
162 4553
162 4693
162 4790
163 2384
165 434
165 781
165 2006
165 2957
165 3904
165 4225
165 4801
166 263
166 1738
166 2723
166 4950
167 183
167 376
167 384
167 401
167 568
167 598
167 713
167 1219
167 1474
167 2430
168 199
168 286
168 485
168 512
168 601
168 1218
168 1253
168 1371
168 1393
168 1749
168 2247
168 3002
168 3054
168 3129
168 3142
168 4009
168 4454
168 4824
169 743
169 998
169 1673
169 3438
169 4465
170 179
170 284
170 304
170 489
170 630
170 710
170 887
170 1058
170 1159
170 1604
170 2457
170 2825
170 3115
170 3118
170 3168
170 3675
170 3712
170 4189
170 4673
170 4878
170 4921
171 1006
171 3189
171 3598
172 249
172 435
172 550
172 558
172 628
172 1088
172 1664
172 1696
172 1945
172 1993
172 2195
172 2545
172 2774
172 2850
172 2875
172 3012
172 3123
172 3524
172 3842
172 3964
172 4030
172 4707
173 277
173 430
173 448
173 517
173 781
173 837
173 967
173 1960
173 2184
173 3135
173 3508
174 359
174 368
174 378
174 520
174 683
174 959
174 1455
174 1494
174 1564
174 1752
174 2116
175 220
175 313
175 348
175 529
175 1035
175 1203
175 1273
175 1318
175 2067
175 2310
175 3052
175 3487
175 3946
176 1102
176 2981
176 3021
177 268
177 406
177 446
177 512
177 814
177 847
177 925
177 987
177 1062
177 1327
177 1336
177 1784
177 2118
177 2160
177 2230
177 2380
177 3066
177 3192
177 3271
177 3311
177 4002
177 4451
177 4579
177 4654
177 4768
178 200
178 334
178 618
178 827
178 1000
178 1030
178 1068
178 1727
178 2792
178 2987
178 3109
178 4096
178 4156
178 4385
179 211
179 258
179 485
179 590
179 985
179 1187
179 1231
179 1719
179 2101
179 2566
179 2923
179 3197
179 3237
179 3699
179 4241
179 4596
179 4673
181 185
181 352
181 536
181 555
181 637
181 754
181 1255
181 1562
181 1566
181 1693
181 3506
181 4475
181 4725
182 888
182 918
182 1540
182 1725
182 2385
182 3271
182 3451
182 4205
182 4313
183 732
183 1436
184 259
184 300
184 369
184 389
184 427
184 465
184 533
184 596
184 608
184 701
184 716
184 747
184 780
184 844
184 891
184 899
184 911
184 951
184 955
184 1075
184 1316
184 1428
184 1641
184 1796
184 2155
184 2220
184 2321
184 2397
184 2423
184 2688
184 2906
184 3120
184 3361
184 3601
184 3694
184 3952
184 4470
184 4486
184 4911
185 510
185 939
185 1010
185 1059
185 1201
185 2684
185 3649
185 4838
186 3117
186 3817
187 392
187 772
187 1185
187 1317
187 1638
187 1729
187 1776
187 1805
187 2138
187 2231
187 3535
187 3783
187 4190
187 4849
188 322
188 405
188 543
188 712
188 820
188 823
188 927
188 1238
188 1551
188 1757
188 4515
189 326
189 336
189 488
189 740
189 994
189 2152
189 2300
189 2720
189 2903
189 3184
189 3428
189 3561
189 3692
189 3905
189 3930
189 4046
189 4349
190 901
190 1129
190 1361
190 1588
190 3062
190 4135
190 4995
191 1260
192 227
192 308
192 363
192 1112
192 1139
192 1199
192 1213
192 1268
192 1450
192 1493
192 1537
192 1838
192 2009
192 2547
192 2592
192 2637
192 3101
192 3381
192 3457
192 3902
192 4462
192 4783
192 4823
193 268
193 352
193 541
193 638
193 1203
193 1507
193 2475
193 2758
193 4445
194 360
194 621
194 1130
194 1177
194 1248
194 1532
194 1556
194 2565
194 3611
194 4712
195 555
195 1419
195 1450
195 1779
195 1972
195 4222
195 4277
196 199
196 378
196 413
196 499
196 1284
196 4278
196 4653
197 403
197 524
197 562
197 651
197 1423
197 2630
197 4139
197 4854
198 357
198 374
198 448
198 511
198 524
198 527
198 537
198 831
198 855
198 866
198 962
198 1280
198 1348
198 1607
198 1675
198 2007
198 3559
198 3661
198 3673
198 4508
199 512
199 657
199 2363
199 2831
199 3787
199 5001
200 242
200 250
200 260
200 375
200 680
200 1734
200 2105
200 2196
200 2344
200 2386
200 2700
200 2987
200 3029
200 3607
200 3627
200 3733
200 3789
200 3807
200 4403
200 4464
200 4951
201 366
201 754
201 1052
201 1385
201 2278
201 2718
201 3049
202 382
202 589
202 890
202 951
202 1890
202 1953
202 2144
202 2897
202 2989
202 4195
203 424
203 665
203 1115
203 1307
203 1376
203 1869
203 2258
203 3344
203 3893
203 4512
204 302
204 507
204 849
204 1864
204 1882
204 2085
204 2898
204 3851
205 393
205 521
205 564
205 1018
205 3082
205 3157
205 3522
205 4272
206 320
206 2065
206 2480
206 2583
206 2830
206 2925
206 3617
206 3822
207 373
207 911
207 984
207 3910
208 575
208 1368
208 1517
208 2119
208 2136
208 2190
208 2847
208 4316
208 4452
209 287
209 394
209 583
209 688
209 1616
209 1709
209 2071
209 2089
209 2142
209 2316
209 2557
209 3165
209 3207
209 3608
209 3755
209 4016
209 4105
209 4352
209 4554
210 231
210 1070
210 1870
210 3867
210 3924
211 244
211 1176
211 2127
211 2299
211 2416
211 2716
211 3766
211 3976
212 2649
212 3585
212 4350
213 2317
213 3147
214 224
214 319
214 513
214 1089
214 1193
214 1490
214 1522
214 3887
214 4214
215 619
215 1247
215 1878
215 3243
215 3610
216 391
216 587
216 619
216 638
216 735
216 1186
216 1372
216 1609
216 1636
216 1924
216 2015
216 2326
216 2640
216 2821
216 3014
216 3099
216 3108
216 3580
216 4757
216 4980
217 646
217 657
217 701
217 825
217 1039
217 1083
217 1111
217 1188
217 1266
217 1445
217 1663
217 1684
217 1934
217 1982
217 2203
217 2876
217 3070
217 3797
217 4290
217 4761
217 4774
217 4910
218 299
218 369
218 398
218 471
218 598
218 634
218 702
218 858
218 860
218 892
218 1075
218 1301
218 1319
218 1359
218 1377
218 1712
218 2000
218 2020
218 2086
218 2318
218 2589
218 2713
218 2826
218 2919
218 2994
218 3106
218 3322
218 3581
218 3648
218 3716
218 3844
218 3881
218 4167
218 4487
218 4850
219 412
219 695
220 458
220 525
220 2008
220 2579
220 3892
220 3946
220 3973
220 4499
221 4528
222 693
222 2466
222 2508
222 3653
222 4413
223 235
223 548
223 640
223 2056
223 3091
223 4569
224 433
224 1019
224 1597
224 1849
224 2688
224 3127
224 3641
224 3951
224 4804
225 455
225 582
225 654
225 692
225 840
225 1050
225 1107
225 1176
225 2390
225 2787
225 3021
225 3179
225 3203
225 3393
225 3870
225 3919
225 4266
225 4760
225 4891
226 882
226 2029
226 2143
226 3246
226 3285
226 3823
227 308
227 363
227 365
227 896
227 1111
227 1161
227 1400
227 1408
227 1513
227 1850
227 2027
227 2133
227 2634
227 2848
227 3388
227 3467
228 318
228 893
228 1640
228 1678
228 1754
228 1859
228 2213
228 2374
228 3088
228 3756
228 4065
228 4961
229 301
229 1047
229 1270
229 2073
229 2609
229 3173
229 3605
229 4620
230 1581
230 1841
230 4348
231 1150
231 4012
231 4034
232 380
232 835
232 946
232 1489
232 1886
232 2533
232 2735
232 3038
232 3389
232 3804
232 3928
232 4185
232 4388
232 4829
232 4876
233 307
233 356
233 379
233 408
233 419
233 426
233 500
233 968
233 1092
233 1124
233 1133
233 1221
233 1427
233 1582
233 1808
233 2005
233 2132
233 2218
233 2332
233 2383
233 2533
233 2614
233 2632
233 2801
233 3067
233 3528
233 3624
233 3691
233 3703
233 3743
233 3777
233 3783
233 3823
233 3846
233 3997
233 4321
233 4446
233 4602
233 4888
234 321
234 399
234 649
234 772
234 848
234 1234
234 1412
234 1849
234 1915
234 2074
234 2444
234 3092
234 3182
234 3808
234 4108
234 4614
235 1614
235 2052
235 2216
236 4305
236 4425
237 267
237 397
237 486
237 578
237 782
237 1206
237 2494
237 2794
237 3496
237 3642
237 4147
237 4399
238 371
238 697
238 3794
238 4787
239 242
239 257
239 278
239 483
239 1063
239 1425
239 2471
239 2814
240 421
240 954
240 2916
240 3348
241 267
241 351
241 367
241 423
241 590
241 680
241 741
241 797
241 1204
241 2357
241 3251
241 3578
241 4409
242 250
242 301
242 350
242 934
242 1511
242 1879
242 2053
242 2413
242 4653
242 4914
243 464
243 1276
243 1735
243 2544
243 3221
243 3504
244 1365
244 1737
244 2320
244 2744
244 2917
244 3800
244 4958
245 254
245 788
245 804
245 2292
245 2900
245 3639
245 4248
246 1243
246 1669
246 4671
247 623
247 3410
248 383
248 799
248 871
248 1135
248 1976
248 2922
248 4168
249 623
249 678
249 992
249 1105
249 1302
249 2195
249 2202
249 2705
249 3123
249 3219
249 3301
249 3590
249 3644
249 3789
249 4928
250 338
250 361
250 381
250 416
250 440
250 540
250 765
250 776
250 812
250 821
250 868
250 1023
250 1054
250 1131
250 1260
250 1326
250 2344
250 2421
250 3116
250 3398
250 3750
250 4158
250 4533
250 4565
250 4785
250 4859
251 377
251 717
251 748
251 2228
251 4214
252 635
252 755
252 1025
252 3462
252 3533
252 3638
252 3904
253 337
253 953
253 2576
254 342
254 482
254 2129
254 2292
254 3639
254 3997
255 749
255 1072
255 1841
255 2237
255 3032
255 3614
256 469
256 615
256 843
256 942
256 1386
256 1617
256 2134
256 2259
256 2662
256 2980
257 897
257 977
257 1043
257 1458
257 1600
257 2146
257 2510
257 2520
257 2727
257 2881
257 3167
257 3562
257 4027
257 4266
258 260
258 530
258 1081
258 1795
258 1821
258 2169
258 3948
258 4932
259 389
259 1417
259 1876
259 2026
259 2089
259 2321
259 3045
259 3207
260 549
260 1081
260 1140
260 2003
260 2014
260 2169
260 4394
260 4994
261 333
261 404
261 626
261 641
261 2001
261 2822
261 4037
261 4040
261 4749
262 313
262 585
262 1100
262 2425
262 3535
262 3707
262 3724
262 4793
263 1882
263 2643
263 3493
264 318
264 447
264 627
264 833
264 882
264 988
264 1264
264 2293
264 3176
264 3180
264 3478
264 3482
264 3503
264 3726
264 4439
265 380
265 458
265 559
265 906
265 1131
265 1345
265 1668
265 2318
265 3281
265 3818
265 4648
266 528
266 532
266 534
266 579
266 633
266 720
266 725
266 753
266 770
266 1154
266 1798
266 1848
266 2106
266 2314
266 2346
266 2410
266 2427
266 2432
266 2544
266 2766
266 2892
266 3084
266 3124
266 3350
266 3418
266 3600
266 3610
266 3713
266 3714
266 4121
266 4264
266 4803
266 4913
266 4942
267 292
267 470
267 798
267 862
267 1056
267 1439
267 3043
267 3045
267 3381
267 3689
267 3864
267 4922
268 281
268 351
268 457
268 541
268 644
268 1063
268 1171
268 1696
268 1867
268 2377
268 2582
268 2748
268 3031
268 3427
268 4018
268 4053
268 4136
268 4541
269 3671
270 1650
271 294
271 4566
272 465
272 1117
272 1830
272 2312
272 2563
272 2922
272 3136
272 4000
272 4893
273 522
273 2810
273 3019
273 3293
273 3728
273 4600
273 4704
274 400
274 434
274 552
274 553
274 1071
274 1194
274 2084
274 2110
274 3390
274 3490
275 595
275 983
275 993
275 1182
275 2319
275 2708
275 3208
275 4012
276 501
276 523
276 1141
276 1313
276 2641
276 3657
277 361
277 459
277 498
277 835
277 1001
277 1216
277 1278
277 1923
277 1975
277 3305
277 3341
277 4688
277 4813
278 301
278 2674
279 376
279 490
279 547
279 646
279 794
279 936
279 1077
279 1667
279 1722
279 1840
279 1861
279 2020
279 2212
279 2572
279 3194
279 3219
279 3929
279 4625
280 629
280 992
280 1446
280 2033
280 3885
280 3994
280 4798
281 339
281 351
281 354
281 397
281 463
281 491
281 657
281 779
281 977
281 1168
281 1294
281 1340
281 1526
281 1557
281 1602
281 1730
281 1781
281 1959
281 2202
281 2375
281 2586
281 3078
281 3161
281 3230
281 3479
281 3543
281 3612
281 3927
281 4134
281 4553
281 4612
281 4689
281 4992
282 539
282 850
282 960
282 3631
283 594
283 934
283 988
283 1099
283 1681
283 1732
283 3921
283 3943
283 4111
283 4382
283 4571
283 4848
284 290
284 304
284 489
284 492
284 970
284 1168
284 1232
284 1526
284 1606
284 1773
284 1817
284 1829
284 1951
284 2710
284 3115
284 3312
284 3429
284 4366
284 4414
285 333
285 688
285 2036
285 2460
285 2704
285 2874
285 3013
285 3303
285 4707
285 4798
286 4578
286 4824
287 394
288 310
288 493
288 779
288 1004
288 1608
288 1940
288 2124
288 2239
288 3039
288 3302
288 3606
288 3637
288 3850
288 4148
288 4866
289 480
289 504
289 756
289 1288
289 1750
289 1920
289 1985
289 2695
289 2823
289 3662
289 3841
289 4163
289 4442
290 2949
291 331
291 1287
291 1533
291 2542
291 3059
291 3641
291 4307
292 297
292 345
292 381
292 588
292 708
292 1056
292 1413
292 2308
292 3316
292 3616
292 3652
292 3810
293 653
293 907
293 1122
293 1578
293 4347
293 4999
294 498
294 1021
294 1381
294 1904
294 2170
294 2938
295 995
295 1596
296 382
296 440
296 566
296 619
296 677
296 1035
296 1289
296 1398
296 1667
296 1698
296 1837
296 1872
296 2359
296 3333
296 3912
296 4655
296 4816
297 396
297 588
297 609
297 813
297 981
297 982
297 1028
297 1197
297 1276
297 1331
297 1398
297 1563
297 1647
297 1995
297 2588
297 2656
297 2669
297 2854
297 3025
297 3454
297 4290
297 4417
297 4706
298 395
298 617
298 1713
298 1903
298 2106
298 2382
298 2531
298 2718
298 2942
298 4538
298 4763
299 402
299 503
299 632
299 634
299 921
299 990
299 1104
299 2915
299 3083
299 3784
299 4340
299 4495
300 951
300 1464
301 916
301 1273
301 1593
301 1679
301 1938
301 2322
301 2340
301 2372
301 2498
301 3119
301 3274
301 3331
301 3503
302 1797
302 1832
302 2733
302 3450
303 384
303 495
303 568
303 661
303 723
303 752
303 1914
303 2381
303 2481
303 2548
303 2943
303 4365
304 316
304 681
304 745
304 1046
304 1252
304 1480
304 1764
304 1833
304 1893
304 2772
304 2947
304 3118
304 3313
304 3494
304 3533
304 3840
304 4187
304 4466
304 4811
304 4838
305 731
305 1662
305 2018
305 2725
305 2940
305 2959
305 3728
305 4515
306 340
306 603
306 1097
306 1366
306 1799
306 2249
306 2796
306 3167
306 3272
307 426
307 500
307 514
307 678
307 711
307 956
307 1181
307 1215
307 1765
307 1803
307 1809
307 1944
307 2316
307 2411
307 2717
307 3006
307 4232
307 4409
307 4450
308 958
308 1965
309 1239
309 1325
309 1793
309 1976
309 2279
309 3150
309 3330
309 4107
309 4827
310 929
310 1643
310 1940
310 2206
310 2239
310 2264
310 4293
311 480
311 1094
311 1162
311 1524
311 3161
312 464
312 490
312 567
312 685
312 895
312 1147
312 1486
312 1539
312 1707
312 2570
312 2652
312 3333
312 3479
312 3659
312 4662
313 428
313 529
313 1038
313 1080
313 1646
313 2269
313 3052
313 4879
314 392
314 734
314 1397
314 2117
314 2677
314 3138
314 4101
314 4179
314 4258
314 4814
316 768
316 817
316 883
316 1206
316 1389
316 1977
316 2177
316 2393
316 2806
316 3399
316 4440
316 4537
317 343
317 381
317 591
317 1049
317 1198
317 1280
317 1642
317 1866
317 3910
317 4325
318 627
318 833
318 952
318 1822
318 1823
318 1923
318 2176
318 2482
318 3077
319 1683
319 3089
320 669
320 785
320 793
320 808
320 815
320 1210
320 1229
320 1412
320 1627
320 1690
320 1707
320 1804
320 1906
320 2068
320 2069
320 2322
320 2480
320 2522
320 2583
320 2654
320 2679
320 2849
320 3450
320 3836
320 4300
320 4887
321 476
321 628
321 689
321 803
321 872
321 875
321 1318
321 1915
321 2205
321 3182
321 3569
321 4582
321 4665
322 543
322 4066
322 4094
323 345
323 348
323 405
323 449
323 509
323 1149
323 1465
323 1724
323 2093
323 2221
323 2242
323 3264
324 2651
324 4130
325 528
325 767
325 841
325 1089
325 1356
325 1528
325 1575
325 1893
325 2714
325 3086
325 3350
325 3655
325 4424
325 4514
326 1020
326 1079
326 2152
326 2200
326 3735
327 341
327 386
327 612
327 672
327 1011
327 1209
327 1376
327 1633
327 2087
327 2440
327 3619
327 3704
327 3972
327 4297
327 4301
327 4373
327 4511
327 4828
328 417
328 526
328 640
328 643
328 687
328 751
328 757
328 980
328 1126
328 1432
328 1710
328 1743
328 2658
328 2899
328 3275
328 3276
328 3386
328 4192
328 4208
329 372
329 450
329 904
329 1554
329 1660
329 1835
329 2019
329 2338
329 2419
329 2474
329 2621
329 2791
330 452
330 454
330 1962
330 3752
330 4779
331 364
331 456
331 553
331 629
331 699
331 738
331 820
331 927
331 938
331 1008
331 1060
331 1116
331 1147
331 1480
331 1690
331 2272
331 2453
331 2692
331 3090
331 3492
331 3926
331 3957
331 4568
333 1816
333 2460
333 2853
334 558
334 607
334 3356
334 3622
334 3797
334 4383
335 558
335 2863
335 4376
336 468
336 685
336 783
336 994
336 2422
336 2585
336 3175
337 570
337 972
337 1033
337 1364
337 2191
337 2617
337 2668
337 3258
337 3432
337 3563
337 4476
337 4883
337 4913
338 517
338 666
338 1267
338 1290
338 1994
338 2046
338 2135
338 2434
338 3684
338 4211
339 838
339 1250
339 1286
339 1294
339 1454
339 1730
339 1987
339 2355
339 3458
339 3668
339 3676
339 4243
339 4565
339 4734
340 482
340 603
340 829
340 1265
340 1650
340 1666
340 1814
340 1938
340 3297
340 3367
340 4669
341 1003
341 1012
341 1108
341 1255
341 4198
342 591
342 612
342 620
342 1041
342 1054
342 1065
342 1211
342 1283
342 1768
342 1792
342 2305
342 2439
342 3620
342 4319
343 1283
343 2587
343 2755
343 3332
344 430
344 783
344 910
344 1078
344 1251
344 1386
344 1457
344 1770
344 2303
344 2387
344 2619
344 3279
344 3569
344 3805
344 3874
344 4342
344 4851
344 4928
345 405
345 689
345 766
345 1445
345 2221
345 2604
345 2797
345 4221
346 472
347 1032
347 1686
347 1780
347 2281
347 3158
347 3839
347 3986
347 4202
348 1273
348 2067
348 4946
349 424
349 493
350 434
350 494
350 791
350 1511
350 1529
350 2028
350 2552
351 797
351 2101
351 2876
351 3479
351 4310
351 4402
352 551
352 554
352 762
352 859
352 865
352 1323
352 1398
352 1476
352 1587
352 2061
352 2079
352 2484
352 2538
352 2758
352 3463
352 3609
352 3832
352 4445
352 4811
352 4930
353 409
353 410
353 475
353 496
353 1230
353 1460
353 1588
353 1884
353 2887
353 3004
353 3132
353 4046
353 4990
354 397
354 771
354 914
354 1643
354 1782
354 3975
354 4117
355 445
355 581
355 1703
355 2077
355 2134
355 2540
355 2574
355 3687
356 379
356 488
356 554
356 806
356 1024
356 2279
356 4142
356 4446
356 4785
357 524
357 651
357 673
357 674
357 964
357 965
357 1227
357 1455
357 1675
357 2090
357 2404
357 2405
357 2885
357 3018
357 3112
357 3771
357 4727
358 957
358 1020
358 2050
358 2536
358 3441
359 2401
360 538
360 750
360 850
360 915
360 966
360 1090
360 1153
360 1556
360 1789
360 2161
360 2554
360 2601
360 2616
360 3447
360 3793
360 4073
360 4239
360 4585
361 462
361 540
361 571
361 1001
361 1112
361 1710
361 2010
361 2235
361 2421
361 2629
361 2709
361 2977
361 3148
361 3382
361 3750
361 4126
361 4335
361 4766
362 802
362 1152
362 1705
362 1708
362 2042
362 2298
362 3239
362 4037
362 4498
362 4690
362 4758
363 1587
363 2120
363 2428
363 2855
363 3387
363 3949
364 429
364 456
364 570
364 599
364 681
364 760
364 1060
364 1205
364 1258
364 1262
364 1586
364 1653
364 1902
364 1926
364 2172
364 2341
364 2534
364 2597
364 2606
364 4381
365 545
365 612
365 2607
365 3193
365 3555
365 4069
365 4315
366 639
366 702
366 1272
366 2178
366 2261
366 2650
366 3357
366 3494
366 3939
366 4176
368 402
368 457
368 925
368 1171
368 1307
368 1515
368 1628
368 2030
368 2337
368 2926
368 2939
368 3661
368 3705
369 533
369 674
369 717
369 979
369 984
369 1301
369 1712
369 2397
369 2791
369 2994
369 3300
369 4062
369 4087
370 484
370 703
370 978
370 1183
370 1684
370 2424
370 2731
370 4201
370 4282
371 477
371 535
371 545
371 697
371 722
371 1259
371 1300
371 2655
371 3326
371 3335
371 3978
371 4127
371 4268
371 4358
371 4483
371 4787
372 441
372 517
372 1482
372 1660
372 2454
372 2774
372 2963
373 404
373 672
373 809
373 811
373 920
373 944
373 961
373 1011
373 1174
373 1308
373 1314
373 1321
373 1839
373 2325
373 2676
373 2941
373 2950
373 3764
373 4006
374 432
374 1954
374 2306
374 3074
374 3762
375 412
375 1734
375 2229
377 413
377 574
377 896
377 1682
377 1735
377 1786
377 2167
377 2365
377 2889
377 3847
377 3935
377 4283
377 4354
378 764
378 824
378 2116
378 3408
379 1352
379 2914
379 3574
380 467
380 513
380 551
380 704
380 811
380 821
380 832
380 1332
380 1778
380 1856
380 1886
380 2037
380 2078
380 2255
380 2338
380 2431
380 2490
380 2529
380 2593
380 2896
380 3966
380 4641
381 1039
381 1642
381 4234
382 770
382 970
382 1532
382 2232
382 4314
382 4750
383 1055
383 1387
383 2849
384 568
384 1224
384 1914
384 2185
384 2245
384 2824
384 3009
384 3080
384 3165
384 4365
384 4366
385 652
385 801
385 2035
385 2060
386 1063
386 1327
386 1477
386 1802
386 3009
386 3234
386 3301
386 3704
386 3707
387 438
387 686
387 872
387 933
387 969
387 1192
387 1624
387 1847
387 2057
387 2256
387 2684
387 2888
387 3122
387 3773
387 3869
388 881
388 1202
388 1552
388 1917
388 2182
388 2253
388 2254
388 2388
388 2407
388 2669
388 2722
388 3055
388 3457
388 3741
388 3825
388 3834
388 3968
388 4414
388 4484
388 4953
389 2155
389 3616
389 3652
390 452
390 602
390 1169
390 1474
390 1819
390 1889
390 2218
390 2546
390 2676
390 3016
390 3492
390 3691
390 3736
391 604
391 1806
391 2510
391 3580
392 1547
392 2138
392 2786
392 3156
392 3788
392 3946
392 4488
393 795
393 4129
393 4600
393 4605
395 793
395 961
395 1240
395 1321
395 1409
395 1508
395 1903
395 1953
395 2368
395 2531
395 2846
395 2971
395 2982
395 3608
395 3781
396 774
396 813
396 1179
396 2048
397 914
398 617
399 2847
400 552
400 553
400 557
400 819
400 935
400 1071
400 1194
400 1305
400 1314
400 1420
400 2078
400 2081
400 2110
400 2111
400 2137
400 3106
400 3140
400 3882
400 4267
400 4623
400 4786
401 555
401 955
401 1786
401 3058
401 3588
401 3640
402 457
402 492
402 547
402 644
402 780
402 1244
402 4292
403 435
403 861
403 2415
403 4044
403 4139
404 1451
404 2103
404 2196
404 2325
404 2437
404 2562
405 843
405 1149
405 1538
405 1669
405 1753
405 3094
405 3446
405 4830
406 470
406 761
406 1037
406 1062
406 2338
406 3403
406 3436
406 4919
407 4259
407 5001
408 822
408 1228
408 1634
408 3452
408 4075
409 448
409 518
409 696
409 839
409 1027
409 1173
409 1291
409 1443
409 1616
409 1651
409 1715
409 2112
409 2181
409 2261
409 2278
409 2865
409 3316
409 3426
409 3514
409 4095
409 4137
409 4209
409 4220
409 4588
409 4690
410 469
410 671
410 877
410 924
410 1038
410 1150
410 1301
410 1612
410 1687
410 2159
410 2887
410 3132
410 3404
410 4284
410 4839
411 425
411 1004
411 2065
411 2236
411 2357
411 2951
411 3327
412 4151
413 2167
413 2406
414 460
414 491
414 1541
414 2125
414 2442
414 2492
414 3103
414 3745
415 622
415 788
415 1317
415 1971
415 2265
415 3029
416 812
416 918
416 977
416 1293
416 1483
416 1726
416 1767
416 1956
416 2109
416 2414
416 2796
416 2840
416 3015
416 3224
416 3277
416 3321
416 3384
416 3679
416 4434
416 4491
416 4777
417 919
417 1103
417 1268
417 1766
417 2207
417 2990
417 3113
417 3174
417 3261
417 3565
417 3820
417 4280
417 4534
417 4535
417 4716
418 593
418 786
418 1019
418 1053
418 1854
418 2031
418 2227
418 2907
418 4472
418 4872
419 500
419 1124
419 1367
419 1390
419 2416
419 2566
419 2796
419 3273
419 3690
420 1059
420 2500
421 954
421 4007
422 481
422 1073
422 1388
423 815
423 3355
424 485
424 493
424 518
424 586
424 932
424 1416
424 1567
424 1664
424 2888
424 3204
424 3401
424 3603
424 3894
424 3900
424 4338
424 4520
424 4815
425 1916
425 2335
425 3129
425 3327
425 3500
425 4433
425 4739
426 1342
426 1499
426 1506
426 2798
426 3229
426 3592
426 4324
427 844
427 1002
427 1207
427 1265
427 1316
427 2197
427 2906
427 4743
428 529
428 671
428 790
428 1626
428 1832
428 2408
428 2417
428 2528
428 2581
428 3220
428 3242
428 3249
428 3368
428 4572
429 760
429 863
429 1641
429 1691
429 3265
429 3414
429 4754
430 442
430 501
430 593
430 601
430 1100
430 1364
430 3732
430 3874
430 4289
431 576
431 722
431 837
431 1698
431 1740
431 2512
431 2645
432 610
432 1406
432 2306
432 3017
432 4323
433 2015
433 4041
434 953
434 1306
434 1511
434 1529
434 2084
434 2802
434 3151
434 3734
434 3908
434 4274
434 4724
435 550
435 4149
436 454
436 502
436 575
436 622
436 742
437 920
437 1405
437 1830
437 2315
437 4250
438 718
438 1624
438 1761
438 2578
438 3318
438 3373
438 4006
438 4256
439 447
439 707
439 1209
439 2460
439 3236
439 4184
439 4441
439 4886
440 566
440 664
440 738
440 947
440 1110
440 1134
440 1152
440 1222
440 1448
440 1671
440 2037
440 2139
440 2230
440 2232
440 2628
440 3714
440 4413
440 4510
441 693
441 1029
441 2207
441 2276
441 2626
441 4137
441 4683
442 1502
442 1538
442 1739
442 2331
442 2765
442 2816
442 3011
442 3079
442 3247
442 3739
442 4712
442 4868
442 4999
443 446
443 814
443 912
443 1520
443 2252
443 3130
443 3191
443 3259
443 3806
443 4216
443 4352
444 460
444 791
444 1006
444 1115
444 1619
444 1946
444 2182
444 2564
444 4904
444 4993
445 655
445 728
446 723
446 756
446 814
446 1062
446 1259
446 1955
446 1992
446 2252
446 2780
446 3574
447 786
447 1310
447 2011
447 2293
447 3439
448 795
448 796
448 1348
448 3206
448 3526
448 3754
448 4516
449 479
449 1494
449 2262
449 2360
449 2430
450 475
450 581
450 829
450 1005
450 1708
450 1835
450 2342
450 2621
450 3456
450 3635
450 4082
450 4458
450 4902
451 620
451 703
451 869
451 1447
451 1453
451 1527
451 2062
451 3489
451 3502
451 4863
452 454
452 507
452 2528
452 2751
452 2753
452 3443
452 3752
452 3821
452 3991
452 4782
453 643
453 1507
453 2730
453 2936
453 3365
453 4284
453 4309
453 4374
453 4531
454 502
454 4882
455 526
455 818
455 1034
455 2594
456 1060
456 1486
456 1541
456 2187
456 2341
456 2597
456 4589
456 4633
457 644
457 1030
457 1171
457 1455
457 1515
457 1751
457 2360
457 2486
457 2917
457 3190
457 3231
457 3361
457 3429
457 3706
458 559
458 567
458 1731
458 2003
458 2799
458 2953
458 3601
458 3625
458 3689
458 4118
458 4311
458 4363
459 604
459 1099
459 1258
459 1637
459 4127
460 475
460 909
460 1481
460 1541
460 2055
460 2342
460 3800
460 3913
460 4344
460 4473
460 4666
461 4182
462 1001
462 1548
462 3645
462 4555
462 4688
463 1096
463 1294
463 1568
463 1859
463 3496
463 4339
463 4689
464 2988
465 506
465 617
465 2312
465 2426
465 2852
465 2871
465 3120
465 3544
465 3549
465 3831
466 487
466 533
466 731
466 1611
466 1771
466 2165
466 2452
466 2570
466 2631
466 2983
466 3278
466 4546
467 551
467 737
467 811
467 1014
467 1332
467 1428
467 2194
467 2244
467 2572
467 2603
467 2918
467 3315
468 584
468 739
468 1142
468 1215
468 2033
468 2077
468 2372
468 2391
468 2838
468 3757
468 3852
468 3856
468 4043
468 4639
468 4948
469 513
469 515
469 615
469 764
469 976
469 2405
469 2623
469 2784
469 2943
469 3111
469 3379
469 3626
469 3632
469 4225
469 4559
470 840
470 860
470 1177
470 2646
470 3010
470 4559
470 4885
471 602
471 653
471 769
471 2859
471 3514
471 3682
472 1839
472 2327
472 3859
472 4144
473 1402
473 1505
473 2686
473 3337
474 712
474 729
474 1031
474 1057
474 1095
474 1196
474 1466
474 1566
474 1623
474 2158
474 2505
474 2614
474 3621
474 3653
474 4884
475 909
475 1230
475 2342
475 2873
475 4368
476 561
476 613
476 872
476 1067
476 2618
478 1991
478 2345
478 2706
479 4174
480 504
480 616
480 879
480 1058
480 1287
480 1392
480 1415
480 1750
480 1881
480 1920
480 2048
480 2128
480 2367
480 2368
480 2414
480 3306
482 699
482 2906
482 3424
482 3636
482 3794
482 4031
482 4338
483 1064
483 1927
483 2140
483 2228
483 2450
483 2471
483 4120
483 4201
484 1022
484 1183
484 2027
484 2047
484 2587
484 3576
484 4064
484 4090
485 3894
485 4241
486 1103
486 4916
487 563
487 4601
488 580
488 665
488 740
488 2344
488 4349
489 577
489 647
489 792
489 807
489 970
489 1114
489 1233
489 1817
489 2185
489 2899
489 2964
489 3432
489 4775
489 4782
489 4846
489 4878
489 4966
490 1408
490 2959
490 4901
491 603
491 785
491 1015
491 1245
491 1395
491 2451
491 2746
491 3281
491 3549
491 4732
492 1244
492 2990
492 3253
493 1343
493 3637
494 569
494 819
494 1178
494 1305
494 1744
494 2094
494 3546
494 4186
495 674
495 723
495 884
495 1079
495 1337
495 1596
495 2536
495 2963
495 4028
495 4162
496 1928
496 3295
496 3513
496 4676
497 614
497 631
497 719
497 1292
497 1322
497 1758
497 1818
497 1861
497 2226
497 2313
497 2734
497 2837
497 3080
497 3415
497 3809
497 4432
497 4512
497 4560
497 4589
497 4812
498 1391
498 1640
498 1656
498 2524
498 3143
498 3291
498 3364
498 4987
499 585
499 600
499 1435
499 1785
499 2960
499 3089
499 3989
499 4054
500 1765
501 763
501 3215
501 3643
501 4701
503 572
504 548
504 1058
504 1120
504 1309
504 2889
505 1881
505 2730
505 2868
505 3235
505 4663
506 2588
506 3093
506 3480
506 3761
506 4566
507 2551
507 3720
507 3865
508 952
508 1383
508 1516
508 1822
508 2725
508 2810
509 690
509 926
509 2091
509 2179
509 2580
509 3169
510 773
510 1405
510 1844
510 1897
510 2039
510 2882
510 2955
510 4235
511 1101
511 3525
511 4246
512 937
512 987
512 1371
512 1514
512 1644
512 1749
512 2210
512 2245
512 2354
512 2831
512 3612
512 3855
512 4079
512 4346
512 4584
512 4802
512 4959
513 523
513 704
513 864
513 975
513 1210
513 2023
513 2078
513 2090
513 3488
513 4692
514 678
514 2249
514 2747
514 2879
514 3268
514 3444
514 3943
514 4223
514 4719
515 851
515 910
515 1547
515 1559
515 2038
515 2052
515 2346
515 2784
515 3527
515 3713
515 4335
516 1145
516 1879
516 3838
516 4728
517 967
517 4945
518 1061
518 1118
518 1120
518 1908
518 1984
519 1116
519 1757
519 1907
519 2016
519 2223
519 2993
519 3254
519 3907
519 3917
520 3092
520 4217
521 1834
521 2487
521 2625
521 3071
521 4108
522 1277
522 1756
522 2463
522 2935
522 3293
522 4776
522 4780
522 4933
523 747
523 1404
523 2277
523 2596
523 3555
523 4773
524 964
524 965
524 1080
524 1157
524 1248
524 1280
524 2946
524 4054
524 4275
525 542
525 869
525 958
525 1225
525 1334
525 1450
525 2009
525 2103
525 2858
525 3202
525 3901
525 4026
525 4082
525 4110
525 4519
526 1002
526 1811
526 2301
526 2379
526 3275
527 3155
527 3517
527 4273
527 4819
528 767
528 805
528 898
528 1012
528 1075
528 1343
528 1762
528 1767
528 2290
528 2771
528 3350
528 3695
528 3988
528 4121
528 4514
528 4547
529 721
529 790
529 1226
529 1436
529 1646
529 1846
529 2471
529 2532
529 3150
529 3520
529 3730
529 4968
530 1979
530 4681
531 1418
531 2652
531 2851
531 3857
531 4920
532 746
532 2410
532 2561
532 3332
532 3552
532 3567
533 979
533 1254
533 2365
533 4085
533 4123
533 4171
533 4715
534 831
534 894
534 941
534 1099
534 1173
534 1646
534 1759
534 1783
534 3325
534 3421
534 4530
534 4957
535 4427
536 810
536 1257
536 1454
536 1693
536 2122
536 2275
536 2371
536 2449
536 2680
536 2886
536 2981
536 3213
536 3396
536 4063
536 4444
536 4555
537 866
537 1802
537 2585
537 3245
538 883
538 1429
538 2541
538 3552
539 1041
539 1272
539 1969
539 2770
539 3939
539 4259
539 4672
540 554
540 776
540 784
540 2010
540 2729
541 1088
541 1155
541 2453
541 4018
541 4053
541 4711
542 716
542 2729
542 3604
544 670
544 922
544 974
544 1382
544 2031
544 2098
544 2446
544 2731
544 2985
544 3145
544 3325
544 4339
544 4774
544 4975
545 546
545 661
545 1010
545 1162
545 1330
545 1357
545 1374
545 1513
545 2073
545 2234
545 2531
545 2609
545 2960
545 3248
545 3313
545 3864
545 3898
545 3911
545 4461
545 4986
546 720
546 1013
547 655
547 768
547 1087
547 1244
547 1349
547 1813
547 2818
547 4292
547 4957
549 787
549 1528
549 2232
549 3695
549 4540
550 1563
550 4935
551 1039
551 1250
551 1487
551 1954
552 1071
553 557
553 997
553 1375
553 1690
553 1842
553 2111
553 2137
554 943
554 1218
554 1615
554 1826
554 2286
554 2591
554 3127
554 4191
554 4833
555 955
555 1061
555 3058
555 4341
556 1191
558 4383
559 822
559 2501
559 2953
559 3521
559 3711
559 4363
560 662
560 1949
560 2304
560 2334
560 2470
560 4604
561 613
561 1523
561 1549
561 2055
561 2417
561 2833
561 4481
561 4807
562 651
562 1146
562 3685
563 682
563 1093
563 1745
563 3530
564 714
564 2437
564 2608
564 3382
564 3491
565 665
565 900
565 1014
565 2739
565 2884
565 3139
566 677
566 1003
566 2195
566 2673
566 3251
567 1928
567 2615
567 3147
568 706
568 870
568 1050
568 2381
568 2554
568 2785
568 3165
568 3505
568 3808
568 4045
568 4365
568 4529
568 4710
568 4723
569 2064
569 3593
569 3956
570 878
570 959
570 1181
570 3513
570 3556
570 3795
571 621
571 1137
571 1299
571 1503
571 1638
571 3177
572 1214
572 1477
572 1719
572 3304
572 3782
572 4069
573 1148
574 698
574 1151
574 1300
574 2013
574 3279
575 1586
575 1611
575 1686
575 2014
575 2136
575 2875
575 4488
576 871
576 986
576 1543
576 1698
576 1786
576 4552
576 4768
577 582
577 1094
577 2899
577 3158
577 3315
577 3780
577 4119
578 782
578 848
578 1195
578 1206
578 1234
578 1444
578 1808
578 1901
578 2467
579 753
579 1631
579 1647
579 1725
579 2856
580 906
580 1311
580 1396
580 1510
580 2620
581 908
581 1835
581 2682
581 3458
581 4194
581 4679
582 654
582 834
582 1834
583 830
583 2820
583 4291
584 4422
584 4917
585 600
585 1253
585 1319
585 1358
585 1435
585 1501
585 1785
585 1794
585 2425
585 2997
585 3511
585 3651
585 3693
585 3989
586 745
586 932
586 1285
586 1573
586 2253
587 638
587 2431
588 1197
588 2792
588 2834
588 3341
588 4417
588 4737
589 1469
589 1655
589 1816
589 3843
589 4491
590 2921
590 3197
590 4000
591 624
591 1283
591 1800
591 1858
591 2270
591 2886
591 3828
591 4680
592 778
592 1389
592 1401
592 1483
592 1737
592 1888
592 2309
592 2538
592 2573
592 2586
592 2590
592 2817
592 2931
592 3481
592 3548
592 3683
592 3896
592 4083
593 744
593 1011
593 1373
593 1468
594 749
594 841
594 884
594 1076
594 2058
594 2219
594 2421
594 2770
594 3665
594 3942
594 4306
594 4387
595 860
595 877
595 983
595 993
595 1182
595 1433
595 1560
595 3280
595 3635
595 3852
596 1733
596 2661
597 1091
598 1540
598 4556
598 4835
600 1036
600 1310
600 1358
600 1592
600 1606
600 1676
600 2277
600 2769
600 3468
600 3944
601 1240
601 1525
601 1896
601 1900
601 1913
601 2302
601 3129
601 3892
601 4582
602 769
602 791
602 945
602 1158
602 1514
602 1590
602 2502
602 2576
602 2694
602 2728
602 4605
602 4636
602 4646
602 4929
603 785
603 2675
603 4007
604 1081
604 1402
604 2359
604 2829
604 3679
605 853
605 1097
605 1694
605 1728
605 1891
605 2091
605 2764
605 3236
605 3858
605 4042
605 4390
605 4696
605 4700
606 1101
606 1338
606 1999
606 4164
607 620
607 3510
607 3957
607 4657
608 782
608 1491
608 2705
608 4305
609 1230
609 1289
609 1331
609 1741
609 2391
609 2767
609 3859
609 4516
609 4706
609 4756
610 630
610 676
610 1406
610 2747
610 3888
611 668
611 881
611 1349
611 1723
611 3675
611 3792
611 4454
612 780
612 1106
612 1219
612 1249
612 1902
612 4765
613 1165
614 714
614 879
614 1764
614 1874
614 2246
614 2354
614 3807
614 3812
614 3860
614 4351
614 4379
614 4681
615 673
615 1271
615 1410
615 1810
615 2523
615 2784
616 636
616 1920
616 3070
616 3351
617 744
617 2426
617 3392
618 827
618 2901
619 1247
619 2015
619 2341
619 2920
619 3061
619 3660
619 4105
620 1155
620 1431
620 1644
620 2270
620 2305
620 3265
620 3556
620 4314
620 4561
620 4604
620 4657
620 4974
621 1396
621 1659
621 3263
621 3409
621 3628
623 2025
623 3449
624 691
624 998
624 1048
624 1865
624 2068
624 2678
624 2699
624 3209
624 3290
624 4771
625 798
625 1368
625 1393
625 1621
625 2115
625 4285
625 4348
625 4843
626 1055
626 1233
626 2001
626 3880
627 923
627 1303
627 3705
627 3970
627 3986
627 4635
627 4737
628 943
628 1178
628 1664
628 3182
628 3233
628 4527
629 938
629 940
629 1446
629 1672
629 2622
629 3507
629 3702
629 3978
630 1476
630 2825
630 3328
630 3647
630 3776
631 660
631 830
631 1680
631 1818
631 1956
631 2198
631 2555
631 2837
631 3201
631 3999
631 4288
631 4505
631 4872
631 4926
632 3076
632 3083
632 3784
632 4203
632 4227
632 4519
633 634
633 899
633 976
633 1049
633 1149
633 1296
633 1460
633 1848
633 1929
633 2045
633 2698
633 2779
633 3884
633 4916
634 842
634 921
634 995
634 1104
634 1533
634 2224
634 2257
634 2475
634 2555
634 4495
635 4560
635 4619
636 3192
636 4051
637 732
637 1029
637 1562
637 2519
637 2627
637 2646
637 4509
638 1125
638 1867
638 3518
639 1187
639 1795
640 862
640 1126
640 1378
640 1432
640 1706
640 3903
641 676
641 1377
641 1873
641 1950
641 3151
641 3417
641 3576
641 4040
641 4043
641 4103
641 4738
641 4795
642 721
642 1227
642 1237
642 1242
642 1603
642 1825
642 2083
642 2264
642 2313
642 2667
643 1509
643 4920
644 825
644 1696
644 2893
644 3646
644 3737
644 4114
644 4217
645 3430
645 3914
646 1419
647 775
647 1613
647 1718
647 2447
647 3428
648 1290
648 1479
648 1621
648 2036
648 2131
648 2192
648 2479
648 2905
648 3670
648 4097
648 4289
649 702
649 996
649 1092
649 1261
649 1412
649 1536
649 1887
649 2654
649 4386
649 4389
650 1299
650 2526
650 2797
650 3480
650 3761
650 4248
650 4549
651 4175
651 4653
651 4727
652 801
652 1052
652 2072
652 3141
652 3416
653 2395
653 2458
654 1012
654 1748
654 3041
654 3203
654 3822
654 4834
656 733
656 1208
656 1223
656 1390
656 1549
656 1636
656 1732
656 1921
656 1933
656 3669
656 4001
656 4492
657 1083
657 1104
657 1730
657 2224
657 4131
658 1057
658 1355
658 1701
658 1936
658 2836
658 2920
658 3614
659 663
659 762
659 789
659 874
659 1231
659 1584
659 1899
659 4636
659 4708
662 2496
662 2740
662 4808
663 2927
664 1042
664 1110
664 1222
664 1298
664 1385
664 2139
664 2499
664 3125
664 4110
664 4510
664 4665
665 3696
665 3990
665 4019
665 4349
666 1799
666 3633
667 2283
667 2448
667 4676
668 1349
668 1530
668 2066
668 2149
668 2507
668 2864
668 2976
669 1175
669 1815
669 2068
669 2142
669 3363
669 4459
670 858
670 974
670 2427
670 2551
670 3673
671 790
671 1348
671 1518
671 1699
671 3008
671 3063
671 4279
671 4423
671 5001
672 930
673 3368
674 979
674 2096
674 3171
674 3738
674 3967
674 4799
675 1044
675 1648
675 2175
675 2271
675 2542
675 2568
675 3115
675 4608
676 694
676 908
676 2057
676 2682
676 2732
676 3151
676 3194
676 3698
676 3786
676 4180
676 4936
676 4971
677 726
677 1086
677 1330
677 1389
677 2445
677 2506
677 2673
677 2678
677 3054
677 4026
677 4457
678 2249
679 758
679 1212
679 1569
679 4617
680 4244
681 1262
681 1764
681 2000
681 2772
681 2902
683 757
683 1584
683 2203
683 2286
683 2860
683 3291
683 3791
683 4532
683 4744
684 1359
684 1895
684 2237
684 2866
684 2995
684 4182
684 4637
685 2807
685 3142
686 1050
686 1172
686 1593
686 1716
686 2409
686 4112
686 4741
687 908
687 990
687 1154
687 1165
687 1565
687 2301
687 2364
687 2504
687 2683
687 2909
687 3218
687 3742
687 4267
687 4649
687 4943
688 807
688 834
688 885
688 1040
688 1873
688 1884
688 1896
688 2866
688 3025
688 4459
688 4722
688 4757
689 1723
689 2186
690 1442
690 2724
691 816
691 1574
691 1865
691 1881
691 2017
691 3460
691 4334
692 2787
692 4451
693 2207
694 806
694 963
694 2061
694 2496
694 3768
694 4265
695 2096
695 2745
695 2917
696 697
696 837
696 1137
696 2112
696 2181
696 2861
696 3258
696 3424
696 4482
696 4496
696 4909
697 766
697 949
697 1702
697 2548
697 3511
697 4158
697 4268
697 4938
698 902
698 2013
698 2595
698 2773
700 2311
700 3557
700 3878
701 1934
701 2908
701 3189
702 1261
702 1536
702 1935
702 4386
703 916
703 1554
703 2269
703 2377
703 3917
704 864
704 1236
704 1484
704 3136
704 3662
705 1017
705 2399
705 3056
706 1024
706 1422
706 1491
706 2769
706 3334
706 3808
706 4626
707 1177
707 3227
708 834
708 1134
708 2738
708 3616
708 4881
709 718
709 982
709 1386
709 1399
709 1551
709 1910
709 2443
709 2663
709 2795
709 2799
709 3139
710 2336
710 4741
711 884
711 956
711 972
711 2233
711 2893
711 3501
711 3866
711 4272
712 927
712 1095
712 1566
712 1700
712 1902
712 2075
712 3473
712 3947
712 4884
712 4939
713 963
713 1219
713 2455
713 3565
713 4560
713 4630
713 4766
714 739
714 752
714 1981
714 2147
714 2608
714 2950
714 3259
714 3446
714 4077
714 4234
715 1163
715 1695
715 2887
715 3289
716 2204
716 2321
716 3206
716 3981
717 3027
718 1910
718 3036
719 1292
719 1309
719 2226
719 3101
719 4404
720 1821
720 3600
720 3928
721 1603
721 2770
722 3576
724 1089
724 1974
724 3255
724 4255
725 803
725 4138
725 4913
726 744
726 3312
727 1106
729 1623
729 4336
730 813
730 1119
730 1190
730 2771
730 4168
731 2570
731 2631
731 2725
731 2959
731 3077
731 4515
732 1031
732 1658
732 2048
732 2350
732 2729
732 3866
732 3982
733 3669
735 1186
735 1372
735 1633
735 2693
735 4281
735 4302
736 931
736 2549
736 3722
737 919
737 939
737 1098
737 2062
738 1741
738 1776
738 3736
740 857
740 1030
740 1116
740 4860
741 1204
742 4578
743 836
743 3682
743 3935
743 4751
744 1468
744 3926
745 845
745 1086
745 1447
745 1480
745 1553
745 1677
745 4826
746 2324
746 2561
746 3567
747 980
747 1404
747 1527
747 1876
747 2022
747 2166
747 2277
747 2839
747 2880
747 2890
747 4606
747 4972
748 936
748 2472
748 3185
749 1072
749 1344
749 2058
749 2665
749 3889
749 4387
750 3793
751 914
751 1161
751 1252
751 2545
751 2626
752 933
752 1497
752 1599
752 1980
752 2184
752 2298
752 4308
752 4985
753 876
753 1018
753 1384
753 2314
754 1135
754 1385
754 1791
754 3049
754 4197
755 943
755 3223
755 3904
755 4017
756 1167
756 2695
756 3139
756 3790
756 4163
756 4661
757 981
757 1380
757 1432
757 1743
757 4578
757 4964
758 1872
758 3617
758 4050
760 1205
760 3416
760 4660
761 1037
761 3205
761 3916
762 2388
762 2484
762 2933
763 2228
764 1103
764 3181
765 1146
765 3267
766 781
766 949
766 1445
766 1702
766 2768
766 2844
767 1351
767 4500
768 817
768 1087
768 1612
769 1467
769 1475
769 2267
769 3285
770 1798
770 2640
770 2722
770 2766
770 2893
770 4855
771 1782
771 2080
772 1465
772 1621
772 2121
772 2260
772 4983
773 2601
773 2762
773 3199
773 4262
773 4531
774 902
775 4476
776 784
776 868
776 1008
776 2100
776 2497
776 4158
777 1109
777 1141
777 4113
778 2185
778 2206
778 2894
778 2957
778 4966
779 3302
779 3850
780 2220
780 2376
781 1313
781 1362
781 1516
781 1763
781 1917
781 1948
781 1950
781 2163
781 2659
781 3897
781 3971
782 783
783 1098
783 2585
783 2619
783 3575
783 4224
783 4288
784 826
784 989
785 2911
786 796
786 1441
786 2170
786 3293
786 3589
786 3768
786 4704
787 1132
787 3328
787 3912
788 1534
788 1635
789 1605
789 1820
789 2952
790 3246
790 4694
791 2728
791 4723
791 4929
792 2268
792 4782
793 1009
793 1240
793 1769
793 1992
793 2368
793 2567
793 2704
793 3152
793 3296
793 3421
793 4092
793 4742
794 805
794 948
794 1489
794 2710
794 3779
796 1649
796 3276
796 3830
799 1392
800 1615
800 1875
800 2148
800 2154
800 2330
800 3341
801 937
801 1158
801 2280
801 2910
801 3065
801 4433
802 1463
802 1503
802 2173
803 1312
803 2307
803 2465
803 3367
803 3438
803 4170
803 4215
803 4672
803 4739
804 1756
804 2900
804 3220
804 3782
804 3803
805 948
805 964
805 1489
805 1557
805 1594
805 1824
805 2139
805 2211
805 3678
805 4244
806 854
806 903
806 905
806 2049
806 2200
806 2689
806 3057
806 3545
807 885
807 1376
807 2188
807 2964
808 915
808 2289
808 2522
808 3087
808 4452
808 4926
808 4955
809 891
809 933
809 1308
809 1550
809 1634
809 1963
809 2202
809 2225
809 2446
809 2719
809 3005
809 3023
809 3853
809 4638
809 4927
810 1004
810 1232
810 1257
810 1381
810 1479
810 1601
810 1693
810 1957
810 1967
810 1986
810 2371
810 2394
810 2456
810 2877
810 3051
810 3270
810 3434
810 3515
811 999
811 1332
811 1518
811 2235
811 2431
811 2941
811 3481
812 3030
812 3592
812 4208
813 1028
813 1190
813 1995
814 912
814 1571
814 2742
814 3157
814 3564
814 4113
815 2982
816 929
816 1966
816 3851
817 907
817 1087
817 1575
817 1612
817 1653
817 2040
817 2043
817 2356
817 3471
817 4021
817 4622
818 1485
818 2113
818 3098
819 1164
819 1305
819 1859
819 1955
819 2811
819 3346
819 4233
820 1490
820 3345
820 3544
822 1165
822 1276
822 3575
822 4926
823 1130
823 1999
823 3786
823 4468
824 928
824 1341
824 2158
824 2498
824 2929
824 2966
824 3408
824 4457
824 4982
825 2534
825 3010
825 3253
825 4114
825 4275
826 989
826 2222
826 2352
827 3663
828 3090
828 3471
828 4793
829 1005
829 3367
829 3683
829 3743
830 1220
830 1243
830 1720
830 1998
830 2857
830 4005
831 1320
832 1267
832 1437
832 3179
833 852
833 1307
833 1311
833 2418
833 2755
833 2953
833 3133
833 3257
833 3390
833 4239
833 4460
833 4951
834 1046
834 1134
834 1426
834 1531
834 1745
834 1834
834 2373
834 2738
834 3854
834 4260
835 946
835 973
835 1513
835 1553
835 1975
835 2165
836 1342
836 1436
836 1863
836 2513
838 984
838 1456
838 1987
838 3468
838 4280
840 1688
840 2741
840 3007
840 3181
840 3393
840 4159
841 1076
841 2058
841 3086
841 3974
841 4786
841 4900
842 1198
842 2459
842 3775
842 4104
842 4310
843 1176
843 2134
843 3455
843 3554
843 3773
843 4393
843 4427
843 4694
844 1143
844 1919
844 2145
844 2636
844 3703
844 4682
845 867
845 923
845 1535
845 1942
845 3326
846 1152
846 1256
846 1841
847 2238
847 2903
847 4451
848 1234
848 1247
848 1444
848 1879
848 2467
848 3028
848 3167
848 3173
848 3412
848 4266
848 4605
849 1045
849 1167
849 1251
849 1864
849 2700
849 3931
849 4347
849 4431
849 4581
850 966
850 1288
850 2163
850 2539
850 3686
851 948
851 1495
851 1499
851 1946
851 3344
851 3380
851 3517
851 3519
851 4497
851 4549
851 4800
852 971
852 3390
852 4136
854 957
854 2287
854 3933
854 4835
855 1610
856 1983
856 2043
856 2296
856 2558
857 930
857 1049
857 1189
857 1296
857 1312
857 1434
857 1929
857 2615
857 2698
857 2843
857 2968
857 3472
857 3577
857 4281
859 1408
859 3124
859 3296
859 4021
859 4441
859 4458
859 4919
860 1607
860 2025
860 3251
860 3370
860 4061
861 1268
861 1559
861 2415
861 3050
861 3210
861 3307
861 4044
861 4443
862 1228
862 1720
862 2857
862 3903
864 975
864 1381
864 2468
864 3662
864 4692
865 1587
865 1933
865 3875
865 3944
865 4072
865 4329
865 4557
865 4841
866 3559
866 4107
867 886
867 922
867 1170
867 1535
867 1545
867 1706
867 2076
867 2248
869 1456
869 1527
869 1961
869 2804
869 4590
869 4796
870 1269
870 2162
870 2255
870 2532
870 2559
870 2860
870 2945
871 986
871 1178
871 1579
871 2267
871 2388
872 978
872 1127
872 1624
872 2328
872 2420
872 2687
872 3018
872 3203
872 3248
872 3923
872 3936
872 3996
873 2938
873 3625
873 3799
874 1241
874 1947
874 2183
874 3776
875 1477
875 2091
875 2180
875 2205
875 3358
875 4640
875 4734
875 4973
876 962
876 4368
877 924
877 1160
877 1796
877 2159
877 4247
877 4298
878 1000
878 1082
878 1580
878 3110
879 1539
879 2606
880 1083
880 2522
880 2635
880 2878
880 4096
880 4575
881 1552
881 1821
881 3487
881 3537
881 4343
881 4391
881 4907
881 4953
882 1502
882 1868
882 2276
882 3482
882 4897
882 4954
883 1284
883 2541
883 2806
883 2913
884 1221
884 1347
884 1604
884 1769
884 1897
884 2396
884 3219
884 3501
884 3843
884 4028
884 4306
884 4513
884 4526
885 1274
885 3025
886 1170
886 1183
886 1431
888 2385
888 3509
888 3632
888 4558
888 4799
889 1454
890 904
890 1074
890 1658
890 1774
890 2124
890 2418
890 2874
890 4067
890 4698
891 1685
891 3287
892 1319
892 1683
892 2086
893 3250
893 3266
894 3604
895 1187
896 1291
896 3935
896 4152
897 1184
897 1524
897 1711
897 2236
898 1570
898 2290
898 2480
898 2720
898 2880
898 2946
898 3667
898 4218
899 3360
899 4278
899 4911
900 2267
901 2441
901 2639
901 4135
901 4875
902 1721
902 2918
902 4001
902 4010
902 4161
903 2046
904 1658
904 2350
905 1136
906 1006
906 1510
906 1912
906 2672
906 3239
906 4299
906 4521
907 1122
907 1167
907 1544
907 1798
907 2127
907 2928
907 3462
907 4099
907 4496
907 4651
908 1281
908 2682
908 2683
908 2732
908 2870
908 3147
908 3962
908 4649
908 4936
909 991
909 1223
909 1453
909 1651
909 2423
909 2562
909 4166
909 4339
910 1457
910 3073
910 3521
911 4618
912 1520
912 2742
912 3564
912 4216
913 1245
913 2307
913 2320
914 2085
914 2626
915 3087
915 4452
915 4634
916 1143
916 1857
916 2243
916 2372
916 3050
916 3927
917 1311
917 2250
917 2780
917 4956
918 1725
918 2315
918 3435
918 4015
919 1744
920 2315
921 2257
921 3573
921 4340
921 4495
922 974
922 2088
922 2653
922 3993
922 4041
923 2925
924 2659
925 1472
925 1660
925 2707
927 1862
927 3473
927 4884
928 2176
928 2424
928 2789
928 2966
928 3354
928 3842
928 4269
928 4792
929 1139
929 1492
929 1966
929 2012
929 2282
929 2454
929 4522
931 1040
931 1476
931 1782
931 2549
931 3387
931 3551
931 3865
931 4223
932 1236
932 1416
932 1567
932 4263
933 3023
934 4178
936 1544
936 2931
936 4962
937 1048
937 1220
937 1333
937 1514
937 2381
937 2739
937 3236
937 3508
937 4233
938 940
938 2703
939 1438
939 1960
939 1979
939 3135
939 3362
940 3332
941 1777
941 4160
941 4679
944 1174
944 1266
944 1488
944 4070
945 4540
945 4870
946 973
946 1068
946 1129
946 1338
946 1886
946 2533
946 3206
946 3595
946 4388
947 1160
947 1271
947 2213
947 4510
947 4772
948 1526
948 3269
948 3372
948 3626
949 1702
949 2265
951 2897
951 3217
951 4629
952 1822
952 3200
952 3790
953 1306
953 3734
954 1023
954 1066
954 1940
954 2443
954 2916
954 3159
954 3348
955 973
955 1806
955 2118
956 4006
957 1866
957 3933
958 4082
959 1181
959 1440
959 1591
959 2508
959 3161
960 1845
960 2080
960 2952
960 2969
960 3898
960 3909
961 3035
962 1633
962 1715
962 1949
962 3378
963 2100
963 2199
963 3729
964 3739
965 1080
965 1493
965 2404
965 2647
965 3052
966 3320
966 4944
967 1144
967 2288
967 2674
967 4945
968 1427
968 1747
968 3549
968 3955
968 4010
968 4132
969 1339
969 1449
969 2708
969 3122
969 3555
969 4644
969 4783
969 4808
970 1606
970 1951
970 2201
970 2426
970 2514
970 3131
970 3319
971 1417
971 1537
971 2492
971 2568
971 2575
971 2611
971 2792
971 2834
971 2968
971 3121
971 3546
971 3643
971 4882
972 2260
973 1129
973 4544
973 4967
973 4995
974 1691
974 4133
975 1216
975 1256
976 1281
976 3111
976 4681
977 1483
977 2881
977 2895
977 3384
978 1032
978 1127
978 1191
978 1636
978 2059
978 2217
978 2343
978 2731
978 3568
978 3623
978 3923
978 4570
978 4844
979 1254
979 4799
980 1126
980 3875
980 4666
981 1462
981 1604
981 2507
981 2656
981 3391
981 4529
981 4891
982 1568
982 2292
982 2443
982 2795
982 3455
982 4735
984 1673
984 2535
985 1196
985 1231
985 1328
985 3075
985 3860
985 4489
985 4822
986 4552
987 1037
987 1749
987 2245
987 2613
987 2701
987 3271
987 3311
988 1681
988 2005
988 3478
988 4084
989 1098
989 2049
989 2440
989 4449
989 4511
991 1813
991 2807
991 4251
992 2726
992 3590
992 3885
992 4678
993 1182
993 1433
993 1904
993 1977
993 3225
993 3280
993 4746
993 4845
994 3175
995 1767
995 2723
995 4455
996 1009
996 1295
996 1354
996 1374
996 1946
996 2853
996 2865
996 3094
996 3847
997 1435
997 2192
997 3966
999 2014
999 2087
1000 2251
1001 1138
1001 4213
1001 4430
1002 1207
1002 1451
1002 1469
1002 1504
1002 1622
1002 1654
1002 1807
1002 1963
1002 2752
1002 2778
1002 4367
1003 3175
1003 4753
1004 1891
1004 1910
1004 2599
1004 3971
1004 4359
1005 3292
1005 4048
1006 1510
1006 2192
1006 2714
1006 3189
1006 3539
1006 3598
1006 4471
1007 1185
1007 1639
1007 1742
1007 1774
1007 3263
1008 1802
1008 2596
1008 3543
1008 3570
1008 3845
1008 4279
1008 4941
1009 2803
1009 4642
1009 4991
1010 1059
1010 1064
1010 1357
1010 1419
1010 2500
1010 2589
1010 3323
1010 4038
1010 4589
1010 4641
1011 4937
1013 2070
1013 3144
1013 4316
1014 1069
1014 2739
1014 2894
1015 1114
1015 1350
1015 1722
1015 1877
1015 4418
1016 1017
1016 1151
1016 1242
1016 2042
1016 3270
1016 3590
1017 1069
1017 1498
1017 1961
1017 2320
1018 3109
1018 3157
1019 1597
1019 2835
1020 3519
1021 2650
1021 2821
1023 2274
1024 1491
1025 2519
1025 3871
1025 4592
1025 4693
1026 2157
1026 2214
1026 3937
1026 4007
1026 4546
1027 1291
1027 1344
1027 3330
1027 4924
1028 1395
1028 1995
1028 2158
1028 3226
1028 3696
1028 3779
1029 1073
1029 1157
1029 1561
1029 1583
1029 2718
1029 3071
1029 3378
1029 3386
1029 3415
1029 4640
1029 4775
1031 1561
1031 3879
1032 1828
1032 2063
1032 2488
1032 2730
1032 3158
1032 3623
1033 3563
1033 4148
1034 1387
1034 3528
1035 1728
1036 1078
1036 1505
1037 3403
1038 1836
1038 1964
1038 2055
1038 4219
1039 1053
1039 1266
1039 1684
1039 1788
1041 2013
1042 1298
1042 1369
1042 1585
1042 1935
1043 2638
1043 2808
1043 3327
1043 3477
1044 2542
1044 3467
1045 4576
1045 4587
1045 4996
1047 1397
1047 2590
1048 1865
1048 2642
1048 3586
1049 1198
1049 1296
1049 1434
1049 2333
1050 1237
1050 1265
1050 2390
1050 2579
1050 3420
1050 4760
1051 1255
1051 1430
1051 1892
1051 3221
1051 4660
1051 4764
1052 2398
1053 1209
1053 1854
1053 2923
1053 3972
1053 4708
1054 3709
1056 1164
1056 1250
1056 1413
1056 1439
1056 1897
1056 3689
1056 4441
1057 1535
1057 2836
1057 3075
1057 3137
1057 3945
1057 4020
1058 2785
1058 2884
1059 2500
1059 4641
1061 3248
1061 4968
1062 4656
1063 2238
1064 1391
1064 3160
1065 1682
1065 1685
1065 2962
1065 2995
1065 3388
1065 4497
1066 2600
1066 2636
1066 2794
1066 2986
1066 3642
1066 3814
1066 4124
1066 4415
1066 4912
1067 1440
1067 2223
1067 2461
1067 3583
1067 3647
1067 4476
1068 1411
1068 3205
1068 3379
1068 4627
1070 1891
1070 2599
1070 3356
1070 3464
1071 1874
1072 1344
1072 4924
1073 1555
1073 2026
1073 2379
1073 2382
1073 2748
1073 4167
1074 2801
1074 3117
1074 3241
1074 3339
1074 3417
1074 3977
1074 4254
1075 1762
1075 2713
1075 4487
1076 2219
1076 2358
1077 1704
1078 2144
1079 2680
1079 3303
1080 1905
1080 2107
1080 2335
1080 3459
1080 3831
1080 3965
1080 4948
1081 1140
1081 1402
1081 1585
1081 1872
1081 2163
1081 2169
1081 3756
1082 1093
1082 1337
1082 1983
1082 3353
1082 3900
1082 4153
1083 1783
1083 2081
1083 2576
1083 2878
1083 3050
1083 3152
1083 3304
1083 4541
1084 1943
1084 2114
1084 2491
1085 1500
1086 1330
1086 1867
1086 3234
1086 3770
1087 1401
1087 1759
1087 1797
1087 2005
1088 2064
1088 2489
1088 3153
1088 3305
1088 4991
1089 2768
1089 4273
1090 1429
1090 1671
1090 2198
1091 1214
1091 1479
1091 1632
1091 1637
1091 1852
1091 3650
1091 4193
1091 4224
1092 2004
1093 1329
1093 2452
1093 2477
1093 2872
1093 3663
1095 2075
1095 3263
1095 4033
1096 1780
1096 1870
1097 1163
1097 1410
1097 3227
1097 4548
1097 4700
1098 1765
1098 3372
1099 1681
1101 2062
1101 3547
1101 4508
1101 4795
1102 3021
1103 2506
1103 2521
1103 3770
1104 2224
1105 1249
1105 1279
1105 2664
1105 3096
1105 3102
1105 3737
1105 3918
1105 4927
1105 4976
1107 2029
1107 3287
1107 3393
1107 3584
1107 4482
1108 4198
1109 1617
1109 1787
1109 2828
1109 3196
1111 3041
1111 3310
1112 2464
1112 2709
1113 4710
1114 1350
1114 1877
1114 2440
1114 4068
1114 4418
1114 4483
1115 1888
1115 2182
1115 4512
1116 1762
1117 2119
1117 4023
1121 1175
1121 1459
1121 2543
1121 4051
1122 1339
1122 1496
1122 2489
1122 2944
1122 4209
1124 2566
1125 1207
1125 1269
1125 3735
1125 4695
1126 1383
1126 1562
1127 1157
1127 1471
1127 2059
1127 3091
1127 3936
1128 1917
1128 3656
1128 3999
1128 4815
1129 1338
1129 2757
1129 2963
1129 4995
1130 3786
1131 1668
1133 1578
1133 2093
1133 2537
1133 2752
1133 3035
1133 3528
1134 1341
1134 1448
1134 4994
1135 4168
1136 1814
1136 1997
1136 2194
1136 2903
1136 3284
1137 1503
1137 1783
1137 1843
1137 2112
1137 2157
1137 2861
1137 3837
1137 3977
1137 4171
1137 4674
1137 4909
1138 1156
1138 1830
1138 1952
1138 2132
1138 2527
1139 1492
1141 3498
1142 2815
1144 1558
1144 1643
1144 2790
1144 4643
1145 1217
1145 1889
1145 4304
1146 3267
1146 3685
1147 2451
1147 3216
1147 4326
1148 1180
1148 2553
1148 2605
1148 2632
1148 3014
1148 3110
1148 3547
1148 4748
1149 3094
1150 3835
1151 1844
1151 2508
1152 2628
1152 2667
1152 3145
1152 4998
1153 2493
1156 1200
1156 1362
1156 2527
1156 3440
1158 2728
1158 4433
1159 1452
1159 4621
1160 4011
1161 1252
1163 1695
1163 2685
1163 2879
1163 3227
1163 3375
1164 4551
1165 1565
1165 2301
1166 1969
1166 2272
1166 2515
1166 3411
1166 3485
1167 1302
1167 2695
1168 1320
1168 1543
1168 1557
1168 1804
1168 2434
1168 2490
1168 2586
1168 2842
1168 2921
1168 2972
1168 4188
1169 2913
1169 4067
1170 1360
1170 1831
1170 2329
1170 2819
1170 3295
1170 3981
1170 4484
1171 1515
1171 1628
1171 2348
1171 3407
1171 3868
1171 4287
1171 4409
1171 4562
1172 1189
1173 1616
1173 1759
1173 3798
1175 1423
1175 4507
1176 1394
1176 1582
1176 2416
1176 3554
1176 3671
1176 3766
1176 4746
1176 4940
1177 1734
1178 1306
1178 1579
1178 1670
1178 1775
1178 2208
1178 2297
1178 4282
1178 4807
1179 1295
1179 2189
1179 2944
1179 3441
1179 4890
1179 4988
1180 2019
1180 2605
1181 1215
1181 1809
1181 1944
1181 1978
1181 2493
1181 2812
1181 3513
1181 4771
1183 2299
1185 2650
1185 3725
1185 3783
1185 3888
1185 4190
1186 1372
1186 1971
1186 2241
1186 2829
1186 3377
1188 1329
1188 1778
1188 2477
1188 4424
1190 1373
1190 1464
1190 1577
1192 1221
1192 1347
1192 1470
1192 1847
1192 1970
1192 4781
1193 1522
1193 2800
1193 2955
1193 3749
1194 2084
1194 2314
1195 2789
1196 1466
1196 1836
1196 2438
1196 3475
1196 3929
1196 4272
1197 1314
1197 1569
1197 1894
1197 3468
1197 3863
1198 1270
1198 1304
1198 1922
1198 1988
1198 3140
1198 3838
1198 3925
1199 1213
1199 1534
1199 2841
1199 3222
1199 3376
1199 4184
1200 1407
1200 1452
1200 2168
1200 2666
1200 2716
1200 3886
1201 1531
1201 1576
1201 2160
1201 2413
1201 3212
1201 3891
1201 4114
1201 4618
1202 1355
1202 1494
1202 1789
1202 2407
1202 2661
1202 2690
1202 4903
1203 4229
1203 4594
1204 1890
1204 2971
1204 3196
1204 4979
1205 2090
1205 3829
1206 1619
1206 2103
1206 4147
1207 1622
1207 3303
1207 4032
1208 1223
1208 1519
1208 1898
1208 2250
1209 2236
1209 2923
1209 3972
1210 2023
1210 2208
1210 2364
1211 1263
1211 2488
1212 1727
1213 1275
1213 1277
1213 1478
1213 2980
1214 1625
1214 2401
1214 3790
1214 4857
1216 1573
1216 1875
1216 2088
1216 2282
1216 2351
1216 2435
1216 3688
1216 3759
1216 3826
1216 4345
1216 4485
1216 4559
1216 4904
1217 1264
1217 1424
1217 1996
1217 2083
1217 2403
1218 4099
1219 1249
1219 1609
1219 1924
1219 2649
1220 1473
1220 1941
1220 4996
1221 1347
1221 1470
1222 1298
1222 1721
1223 1651
1223 1921
1223 1996
1224 2131
1224 4240
1225 1418
1225 1442
1225 1631
1225 1670
1225 2858
1225 3272
1225 3760
1227 1614
1227 1825
1227 2883
1227 3334
1228 3428
1229 1828
1229 4530
1229 4848
1230 1472
1230 2827
1230 4756
1231 1625
1231 2430
1232 1601
1232 2295
1232 2908
1232 3477
1232 3834
1232 3968
1232 4428
1232 4622
1233 2001
1233 4608
1234 2265
1234 2467
1234 2904
1234 3028
1234 3090
1234 3405
1234 3469
1234 3778
1234 4776
1234 4874
1235 4606
1236 1458
1236 1833
1236 3136
1236 4453
1236 4867
1237 1754
1237 1894
1237 2340
1237 2935
1239 1721
1239 4024
1240 1525
1240 1992
1240 2053
1240 2082
1240 3296
1240 3981
1240 4047
1241 3352
1241 3862
1241 4146
1242 1471
1242 1518
1242 1589
1242 2313
1242 2681
1243 1697
1243 1720
1243 3907
1243 4005
1243 4286
1243 4961
1244 1281
1244 1297
1244 1985
1244 2156
1244 4390
1245 2183
1245 2339
1245 2996
1245 3758
1246 3345
1247 3412
1248 2934
1249 1563
1249 1667
1249 1944
1249 3373
1249 3721
1250 2355
1251 1457
1251 2387
1251 2956
1251 3474
1251 3769
1251 4369
1251 4745
1252 1635
1252 2205
1253 1393
1253 1794
1253 3002
1255 1960
1255 3221
1255 3326
1255 4764
1256 4373
1257 1590
1259 1979
1259 2145
1259 2349
1259 2591
1259 3034
1261 2515
1261 2607
1261 3677
1261 4386
1261 4465
1261 4568
1262 2537
1262 2696
1263 2488
1263 3133
1264 2074
1264 2295
1264 3239
1264 4204
1265 2579
1265 3828
1265 4669
1266 4774
1267 1437
1267 1470
1267 1819
1267 1939
1267 2862
1267 3531
1267 4826
1268 4038
1268 4462
1269 2945
1270 1304
1270 2749
1270 2924
1272 2178
1272 2261
1272 3073
1272 3811
1272 3939
1272 4176
1272 4478
1272 4836
1273 1679
1273 1938
1273 2322
1273 3053
1275 1478
1275 1845
1275 2789
1277 1625
1277 4933
1278 1443
1278 1869
1279 1289
1279 1403
1279 2317
1279 2462
1279 2873
1279 3240
1279 4387
1279 4435
1279 4778
1280 1379
1280 2286
1280 4500
1281 1790
1281 2683
1281 2870
1281 3111
1281 4960
1282 2323
1282 4011
1282 4210
1282 4794
1283 1858
1285 2744
1286 1340
1286 2911
1287 1750
1287 3190
1287 4307
1288 1866
1288 3686
1288 4453
1288 4797
1288 4837
1288 4862
1289 1471
1289 3033
1289 3114
1289 3709
1289 4603
1289 4816
1289 4847
1290 2285
1290 2434
1290 3562
1290 4097
1290 4997
1291 1864
1291 4276
1292 1309
1292 1952
1292 2226
1292 2869
1292 3283
1292 3353
1292 4186
1292 4200
1292 4556
1292 4812
1293 1333
1293 1726
1293 3924
1296 1434
1296 1929
1296 2852
1296 4326
1297 1367
1297 1542
1297 2156
1297 2251
1297 2517
1297 2668
1297 2781
1297 3329
1297 4327
1297 4412
1297 4479
1298 2499
1298 3125
1299 1346
1299 2526
1299 3068
1299 3166
1299 3183
1299 3593
1300 1444
1300 2012
1300 2094
1300 3476
1300 3681
1300 3886
1300 4483
1300 4580
1300 4709
1300 4842
1301 1359
1301 4285
1301 4532
1302 2764
1302 4327
1303 3211
1304 3666
1306 1529
1306 2297
1306 2450
1306 2802
1306 3620
1306 3734
1306 4282
1306 4616
1306 4759
1307 2018
1307 2030
1307 4030
1308 3005
1308 4684
1309 4404
1310 2038
1310 4188
1312 1394
1312 4219
1313 2611
1314 3863
1314 4268
1315 2209
1315 3512
1315 4100
1315 4977
1317 3704
1317 4849
1318 4179
1319 3693
1319 4355
1319 4714
1320 1804
1321 1665
1321 2021
1321 2485
1321 2635
1321 2846
1323 1430
1323 1986
1323 2263
1323 2600
1323 3121
1323 3338
1323 3796
1323 3814
1323 3832
1324 2786
1324 3118
1324 3215
1324 3404
1324 4893
1324 4895
1325 1329
1326 1565
1326 1790
1326 2164
1326 4671
1328 3243
1328 3697
1328 4130
1329 2477
1329 2518
1329 2826
1329 3032
1329 3663
1330 4986
1331 1564
1331 2670
1333 2130
1334 1892
1335 2812
1336 2380
1336 4579
1337 1595
1338 1942
1338 2215
1338 3065
1339 3122
1340 1674
1340 1766
1340 1823
1340 2375
1340 2445
1340 4378
1340 4705
1341 2760
1342 2108
1342 2114
1344 4924
1345 1519
1345 2318
1347 4781
1348 3754
1349 3675
1350 1771
1350 2050
1351 2630
1351 3714
1351 4319
1352 1478
1352 1676
1352 1820
1352 1991
1352 2377
1352 2914
1352 3812
1352 4536
1353 2284
1353 2303
1353 2624
1353 3113
1354 1414
1354 1614
1354 2220
1354 2331
1354 2518
1354 3847
1354 4341
1355 3406
1356 3192
1356 4384
1357 1537
1357 2543
1357 3338
1357 4982
1360 1831
1360 1926
1360 1972
1360 2819
1360 3596
1360 3834
1360 4125
1360 4595
1361 1485
1362 2843
1362 3491
1362 3971
1363 1403
1363 2383
1364 1760
1364 2960
1364 4117
1364 4716
1365 2017
1365 2302
1365 3694
1365 4897
1366 2144
1367 4029
1368 1997
1368 2562
1369 1645
1369 4477
1369 4542
1370 2663
1371 2210
1371 2741
1371 3446
1371 3942
1371 4309
1371 4669
1372 3108
1372 3488
1372 4281
1372 4840
1373 1602
1373 1781
1373 2387
1373 3945
1373 4119
1374 2776
1374 3338
1374 4575
1375 2956
1376 1545
1376 2638
1376 4606
1377 1827
1377 2155
1377 2378
1377 2577
1377 2790
1377 2929
1377 3915
1378 2262
1378 2924
1378 3478
1379 2002
1379 2123
1379 2561
1379 2781
1380 3490
1380 4601
1380 4964
1381 1570
1381 3351
1381 4520
1382 2027
1383 2054
1384 4115
1385 2264
1385 3176
1385 4197
1386 1816
1386 2400
1387 2484
1388 3708
1389 2506
1389 2648
1389 3051
1389 3747
1389 3992
1389 4524
1390 3397
1391 1640
1391 2164
1391 3160
1392 1415
1392 3163
1392 3960
1392 4585
1394 1430
1395 1431
1395 3961
1398 2854
1398 3333
1398 4109
1398 4655
1399 2162
1401 1888
1401 2530
1401 2538
1401 2573
1401 3284
1401 3514
1401 4083
1401 4087
1401 4733
1402 1505
1402 1534
1402 1895
1402 1937
1402 2359
1402 3648
1402 3940
1403 1409
1403 1755
1403 1907
1403 2970
1403 4880
1404 2166
1404 2418
1404 2594
1404 3697
1404 4769
1408 2523
1408 3124
1408 3597
1408 3637
1408 4901
1409 4396
1410 1826
1410 2109
1410 2285
1410 3613
1410 4662
1411 2536
1411 3572
1411 3649
1411 3802
1411 4627
1412 2654
1413 2527
1414 1993
1415 4003
1416 1567
1416 1776
1416 2400
1416 2888
1416 4207
1417 1739
1417 3643
1417 3876
1418 1442
1418 2665
1418 3650
1418 3701
1418 4129
1419 1453
1419 1743
1419 2023
1419 2717
1419 2779
1420 1777
1420 1871
1420 2823
1420 3074
1420 3522
1420 3628
1420 3978
1420 4059
1421 2034
1421 2501
1421 2655
1421 3138
1421 3186
1421 4143
1422 3666
1422 4805
1423 1878
1423 3128
1425 1498
1425 2433
1425 2985
1425 4537
1426 2373
1426 3220
1427 2107
1427 2980
1427 3324
1427 3507
1428 2423
1428 2572
1428 2793
1428 3422
1428 3601
1429 2541
1430 4660
1431 1644
1431 1742
1432 3386
1432 3769
1432 4982
1433 1907
1433 2066
1433 2121
1433 2130
1433 2556
1433 3225
1433 3435
1433 4261
1434 1595
1434 3472
1435 1626
1435 2101
1435 2102
1435 2481
1435 2997
1435 3211
1435 3319
1435 3674
1435 4185
1436 3520
1437 3179
1440 1591
1440 1729
1440 2280
1440 4946
1441 1462
1441 2133
1442 1631
1443 4277
1445 2777
1445 3070
1446 3702
1447 3425
1447 4014
1448 1488
1448 1584
1448 2173
1448 2281
1448 3844
1449 2478
1449 3294
1449 4808
1450 2009
1450 2453
1451 4367
1452 4825
1453 4136
1454 1987
1454 3676
1455 1751
1457 2651
1457 2783
1457 3874
1458 4453
1459 2660
1460 2540
1460 3764
1462 2534
1463 1620
1463 3584
1463 4138
1464 1577
1464 2109
1464 3795
1464 4041
1464 4173
1464 4270
1465 3371
1466 3453
1467 4419
1468 1521
1468 1754
1468 3926
1468 4166
1468 4839
1469 2036
1469 3619
1470 4119
1470 4736
1471 1589
1471 1692
1471 3004
1471 3033
1471 4076
1472 2827
1473 2070
1473 2445
1473 4607
1474 2218
1474 2546
1475 1934
1476 1915
1476 2026
1476 2047
1476 3107
1476 4869
1476 4921
1477 1594
1477 2432
1477 3406
1478 1500
1478 1812
1478 1964
1478 2689
1478 2814
1478 3078
1478 3530
1478 3959
1478 4211
1479 2479
1479 2905
1480 2947
1480 4466
1481 1642
1481 1709
1481 2070
1481 3308
1481 3442
1481 3726
1481 4175
1481 4473
1482 2039
1482 4304
1483 1737
1483 3015
1483 4526
1484 2580
1485 3915
1487 3044
1487 3486
1487 3502
1487 4724
1487 4805
1488 1594
1488 1714
1488 1736
1488 1931
1488 2076
1489 3038
1489 3260
1489 3262
1490 2734
1490 2958
1492 2454
1492 3562
1493 4237
1493 4317
1495 1499
1495 3276
1495 3426
1495 4588
1497 1576
1497 1930
1497 2104
1497 2998
1497 4918
1499 3592
1500 1812
1501 1909
1501 3040
1502 1739
1502 2816
1502 3079
1502 3482
1503 1843
1503 4273
1504 2701
1505 1895
1505 2299
1505 2686
1505 2853
1505 2901
1505 4444
1506 3493
1508 4455
1510 1780
1511 2447
1512 3934
1513 3313
1515 2457
1515 3407
1515 3706
1516 1950
1516 2689
1516 2811
1516 3164
1516 3355
1516 4052
1516 4481
1517 3602
1517 4493
1517 4597
1518 1589
1518 3923
1518 4402
1518 4423
1519 3914
1521 2122
1521 2525
1522 2212
1523 2240
1523 2459
1524 2932
1524 4212
1524 4260
1525 1896
1525 2891
1525 4005
1526 2750
1526 2954
1526 4289
1528 2412
1529 1542
1529 1855
1529 2297
1529 2333
1529 2618
1529 2904
1529 3104
1529 3346
1529 3469
1529 3753
1529 3911
1529 4027
1529 4583
1529 4851
1530 2066
1530 2234
1531 1576
1531 1745
1531 2413
1531 2571
1531 3163
1531 4813
1533 3024
1536 1572
1536 2600
1536 4390
1537 2543
1537 2547
1538 2331
1539 1900
1539 2606
1540 4835
1541 3105
1541 4889
1542 4851
1543 3266
1543 3336
1544 2928
1544 2931
1544 4099
1544 4200
1544 4675
1544 4962
1545 2863
1545 3903
1546 2328
1546 2420
1546 2957
1546 2970
1546 4817
1546 4867
1547 1559
1547 1611
1547 4340
1547 4377
1549 2417
1549 4213
1550 2740
1550 4852
1551 1639
1551 2238
1551 2617
1551 3995
1552 1659
1552 1883
1553 1677
1554 3297
1555 2608
1556 2104
1556 2435
1557 4206
1558 2362
1558 3259
1558 3423
1559 2934
1560 2745
1560 4222
1561 1925
1561 3879
1562 4949
1563 2854
1563 3454
1563 4572
1563 4962
1564 2670
1564 3043
1565 2291
1567 2967
1567 4118
1568 2849
1568 3314
1568 4053
1568 4798
1569 3658
1570 1615
1570 2702
1570 2880
1570 3351
1571 2519
1571 4111
1571 4125
1572 2345
1572 4088
1572 4989
1573 2088
1574 1792
1574 2255
1574 2456
1574 2820
1574 3634
1574 4009
1574 4170
1575 4425
1576 1815
1576 1930
1576 2998
1576 3212
1576 3718
1576 3820
1576 3887
1577 2073
1577 2159
1577 3096
1577 3830
1578 1773
1578 4036
1578 4048
1579 1670
1580 2271
1580 3110
1580 4892
1581 1885
1581 2366
1581 4133
1581 4148
1581 4429
1582 2353
1582 3766
1584 2628
1584 3396
1584 3844
1584 4744
1585 1746
1586 1686
1586 2172
1586 2647
1586 4534
1587 1952
1587 2153
1587 3609
1587 3875
1589 1679
1589 3485
1591 2337
1592 2222
1592 2273
1592 3763
1593 1716
1593 1758
1593 2658
1593 3343
1594 3406
1594 4438
1595 3355
1595 4872
1596 3337
1597 1851
1597 2041
1597 3638
1597 3723
1597 3725
1598 1947
1598 2984
1598 4573
1599 1980
1599 2004
1599 4022
1600 1717
1600 2520
1600 3084
1601 1935
1601 1986
1601 2054
1602 1781
1602 1959
1602 2947
1602 4489
1603 4407
1604 2656
1604 2750
1604 3168
1604 3210
1605 3188
1606 2201
1606 2514
1606 2641
1606 3901
1606 4656
1607 2685
1607 4032
1609 1924
1609 3582
1610 2503
1611 1665
1611 2602
1611 2873
1611 3419
1611 4271
1612 3475
1612 3751
1612 3815
1613 1683
1613 2122
1613 2525
1613 4484
1614 1692
1614 2052
1614 3948
1616 1723
1616 2404
1616 2814
1616 3778
1616 3798
1616 4016
1616 4220
1617 1755
1617 4554
1618 1967
1619 1637
1619 3184
1619 3692
1619 4096
1619 4879
1620 2810
1620 3019
1620 4908
1621 2479
1621 3342
1622 1654
1622 3571
1623 3899
1624 1761
1624 1839
1624 1868
1624 2578
1624 2649
1624 2687
1624 2743
1624 3622
1624 3633
1624 4008
1624 4318
1624 4567
1624 4706
1625 1994
1625 2361
1625 2482
1625 3597
1625 4089
1626 2512
1627 2189
1628 3750
1629 2856
1630 2438
1630 3116
1630 3365
1630 3664
1632 1852
1632 3611
1633 1813
1633 2041
1633 3930
1633 4373
1634 3536
1634 4075
1636 1829
1637 3289
1638 2231
1640 1656
1640 2186
1640 3749
1640 4918
1641 1645
1641 2476
1641 3265
1642 1922
1643 1716
1643 3486
1644 2263
1644 2305
1644 3556
1644 3855
1644 4657
1645 2548
1645 2883
1645 3314
1645 4202
1645 4477
1646 1733
1646 3730
1648 2175
1649 1850
1649 3037
1649 4090
1650 1718
1650 2733
1650 3579
1650 3748
1652 3146
1653 2040
1653 2602
1655 1918
1655 4177
1656 3148
1657 1973
1657 2988
1658 2350
1659 2495
1659 4121
1659 4663
1662 2623
1662 3474
1662 4735
1664 2347
1664 2766
1664 2939
1664 3603
1664 4165
1665 2021
1665 2067
1665 2171
1665 2846
1666 2473
1666 2901
1666 2911
1666 3349
1666 3553
1666 4116
1666 4456
1666 4524
1667 2212
1667 2646
1668 3370
1668 4522
1668 4822
1669 4224
1670 1775
1671 4178
1671 4474
1672 1705
1672 1982
1672 2310
1672 2805
1672 4732
1674 1766
1674 2530
1674 2639
1674 2707
1674 3329
1674 4705
1675 2110
1675 2758
1675 3673
1676 1838
1676 2769
1676 3288
1676 3586
1677 1699
1677 2659
1677 3134
1677 3374
1677 4183
1678 1937
1679 2243
1679 3053
1679 3712
1679 3876
1680 3636
1681 1732
1681 4016
1682 1685
1682 3388
1684 2089
1684 2424
1685 2995
1686 2555
1686 4631
1687 1919
1687 2504
1688 2721
1688 3007
1688 3551
1688 3985
1688 3994
1690 2137
1691 3414
1691 4754
1693 1728
1693 2081
1693 2199
1693 2283
1693 3047
1693 4042
1693 4303
1694 1787
1694 2753
1695 3107
1695 3291
1695 3595
1696 2748
1697 4286
1698 2035
1698 2428
1698 2984
1699 4262
1700 1973
1701 2644
1701 4426
1703 3985
1703 4416
1704 2140
1704 2773
1705 2097
1705 2735
1706 1981
1706 2248
1706 2681
1706 3222
1706 4052
1706 4593
1706 4880
1707 1906
1707 4490
1709 4253
1710 3532
1712 1807
1712 1965
1712 2352
1712 2791
1712 4925
1713 2106
1713 3154
1713 3950
1713 4981
1716 1758
1716 1911
1716 3628
1718 1936
1719 1731
1719 2051
1719 4596
1720 2125
1720 2857
1720 3773
1720 4415
1721 4001
1721 4983
1722 1797
1722 1931
1722 2764
1722 2859
1724 2242
1724 3264
1724 3529
1725 3116
1728 4042
1729 2211
1730 3146
1730 3751
1730 4656
1730 4992
1731 1828
1731 3023
1731 3237
1732 2167
1733 3011
1734 2105
1734 2243
1734 3018
1734 4283
1735 1853
1735 2889
1735 3385
1735 3504
1736 2363
1737 2032
1737 2468
1737 2804
1738 2831
1739 2186
1739 2765
1740 2744
1740 3034
1740 3354
1741 2780
1743 2658
1743 3343
1744 2904
1744 3573
1744 4576
1744 4587
1745 3163
1747 3955
1748 2392
1748 3452
1748 3509
1748 3996
1749 2613
1749 2929
1749 3002
1749 3612
1749 4079
1749 4437
1750 2275
1750 3760
1751 3361
1753 2020
1753 3204
1753 3249
1753 4035
1754 4677
1754 4750
1755 3525
1757 3998
1758 1818
1761 2593
1761 2743
1761 2844
1761 2939
1761 4149
1762 2771
1762 4514
1762 4993
1763 1988
1764 2653
1764 2772
1765 1803
1765 2187
1766 2639
1766 3109
1766 3443
1766 4192
1767 2840
1767 3599
1768 2848
1768 4145
1769 2567
1769 2765
1769 3230
1769 3517
1770 1996
1770 2303
1770 2677
1770 4342
1771 2983
1771 4450
1772 2521
1772 2961
1773 1829
1773 2287
1773 3852
1774 2486
1774 2874
1775 2246
1777 1871
1777 4059
1777 4570
1778 1948
1778 3304
1779 2059
1779 3064
1779 3160
1779 4194
1781 1925
1781 1958
1781 3078
1782 1844
1782 2269
1783 4171
1784 2124
1784 4370
1784 4944
1786 2412
1786 4102
1786 4703
1788 4325
1790 2870
1792 2456
1792 3620
1793 3364
1793 3660
1794 2783
1794 4258
1794 4722
1796 3022
1800 2317
1800 2563
1800 2751
1801 3772
1801 4810
1802 2559
1802 2627
1802 3170
1802 3570
1802 4140
1803 4232
1804 3995
1804 4887
1805 2056
1805 3250
1807 3360
1808 1962
1808 2339
1808 2614
1808 3448
1808 4658
1809 1978
1809 2319
1809 3300
1809 4318
1809 4439
1809 4933
1810 1853
1810 1945
1810 2838
1810 2937
1810 3298
1810 3524
1810 3872
1810 4257
1810 4310
1810 4737
1811 3063
1813 2818
1813 3365
1813 3930
1815 2998
1816 2400
1817 2165
1817 4193
1819 3531
1821 1999
1821 3928
1822 1823
1823 4378
1824 3682
1824 4603
1825 2083
1826 1922
1826 2285
1826 3613
1826 4191
1826 4371
1829 2738
1829 3144
1829 3799
1831 3744
1832 2396
1833 4466
1834 2673
1835 3456
1836 1877
1837 2979
1837 4698
1839 4008
1840 2760
1840 4715
1844 3712
1844 4516
1844 4613
1845 2080
1846 2096
1846 3848
1847 4234
1847 4781
1848 4983
1850 2848
1851 1931
1851 1968
1851 3725
1851 3841
1855 3877
1856 4408
1857 2724
1857 3202
1857 4071
1858 2312
1858 2657
1859 2326
1860 2700
1860 3953
1860 4726
1862 3819
1863 3274
1863 3518
1863 4055
1864 1981
1864 2898
1864 3931
1864 4004
1864 4068
1864 4139
1865 2642
1866 1984
1866 3104
1866 3589
1866 4322
1867 3483
1868 2276
1869 2892
1869 3312
1869 4670
1870 2049
1870 4449
1870 4599
1871 2092
1871 3558
1873 3991
1873 4245
1875 2351
1875 2435
1875 3047
1875 3245
1875 3688
1876 2429
1876 4328
1877 2120
1877 2992
1877 4418
1881 4663
1882 3172
1882 4087
1883 1990
1883 2256
1883 3244
1883 3439
1884 3099
1885 4343
1885 4744
1886 2229
1888 4083
1888 4812
1889 2266
1889 2714
1889 2841
1889 3153
1889 4702
1889 4912
1890 2040
1890 3238
1891 2599
1891 4359
1891 4696
1892 2347
1892 2666
1892 3899
1892 4077
1892 4216
1894 2978
1894 4611
1895 3254
1896 1918
1897 2396
1897 2558
1898 2151
1898 3174
1898 4039
1898 4772
1899 2749
1899 4346
1900 1913
1900 2706
1900 2713
1900 3336
1900 4506
1901 4664
1901 4969
1904 2215
1904 2604
1904 3112
1904 3286
1904 4426
1905 3459
1905 3965
1906 4324
1907 2130
1907 4261
1908 2507
1908 4329
1909 3040
1909 4271
1911 2333
1911 4624
1912 2057
1915 2047
1915 4582
1917 2253
1917 2464
1917 3445
1918 2135
1919 2145
1920 2777
1921 3669
1922 4378
1923 2926
1923 3630
1924 3538
1924 3582
1924 4980
1925 3879
1926 2723
1927 2558
1928 1964
1928 2332
1928 3481
1928 4123
1928 4693
1928 4931
1929 2698
1929 2852
1929 3472
1929 4326
1932 2374
1932 2567
1933 4841
1934 2908
1936 3546
1937 2063
1937 3940
1938 4469
1940 2239
1940 3159
1940 3992
1942 2629
1943 2946
1944 4771
1945 3524
1945 4257
1946 3344
1949 2610
1949 2965
1950 1982
1950 2042
1952 2153
1953 2989
1953 3180
1953 3209
1953 3792
1954 2053
1954 3392
1955 2360
1955 2465
1955 3131
1955 4074
1956 4777
1957 2565
1957 2867
1958 4025
1960 3135
1961 2612
1962 2128
1962 2436
1962 4530
1962 4779
1963 2778
1963 4638
1964 2332
1964 2743
1964 3044
1966 2282
1966 3214
1967 2240
1967 2394
1967 3430
1967 3500
1967 4543
1968 2016
1969 2362
1969 3756
1969 4089
1969 4584
1970 2441
1970 3028
1970 4528
1971 4448
1972 3596
1974 2328
1974 3833
1977 3985
1977 4845
1979 2011
1979 4934
1981 2248
1981 3931
1981 4998
1982 2203
1982 2393
1982 2948
1982 4440
1982 4848
1984 3631
1984 4568
1984 4934
1985 2392
1985 2671
1985 3043
1985 3641
1985 4494
1986 2815
1989 3347
1989 4309
1991 4271
1991 4536
1992 3574
1993 2141
1994 2361
1994 2482
1994 3298
1994 3607
1994 4961
1995 3779
1995 4844
1996 3000
1997 2004
1997 2194
1997 3006
1999 2422
1999 4590
2000 3605
2001 4608
2002 2836
2003 3726
2004 3497
2004 4033
2008 2022
2008 2634
2008 2912
2008 3425
2009 2281
2009 4110
2010 2709
2011 3240
2012 3336
2012 3419
2012 3681
2013 3279
2014 2273
2014 3763
2014 4715
2015 4421
2016 3065
2017 3694
2017 3858
2017 4141
2017 4785
2018 3674
2020 3581
2020 3717
2021 4738
2022 2912
2022 3011
2022 3453
2023 2364
2023 2717
2023 4826
2024 2197
2024 3188
2025 3449
2026 4869
2027 2133
2027 3415
2027 3672
2028 4107
2028 4827
2029 3285
2029 3584
2030 3736
2030 3899
2031 2712
2034 2850
2034 3072
2034 3186
2035 3223
2037 2601
2037 2620
2037 2732
2037 3238
2037 3335
2037 3849
2039 3602
2039 4304
2040 3017
2040 3101
2043 2356
2044 2370
2045 2148
2046 2240
2046 3134
2047 2517
2047 4470
2047 4586
2048 3540
2048 4719
2049 4449
2050 4674
2051 3448
2052 2705
2052 3527
2053 3055
2054 4615
2055 2910
2055 3541
2055 4479
2055 4807
2056 2505
2056 3009
2056 3488
2056 3512
2056 3765
2056 4447
2058 2665
2058 3701
2058 3889
2058 4900
2059 2295
2059 2702
2059 3064
2059 3128
2060 2146
2061 2487
2061 2692
2062 2135
2062 3993
2062 4022
2064 2489
2064 3593
2064 3956
2065 2951
2066 2121
2066 2234
2066 2556
2066 2864
2066 2976
2066 3356
2066 3719
2067 4946
2068 2142
2068 2583
2068 2699
2068 2869
2068 3216
2068 3497
2068 4989
2070 4316
2071 2085
2071 3224
2072 3141
2072 3416
2073 2609
2073 3103
2073 3839
2073 4328
2073 4398
2074 2127
2074 3987
2075 3394
2075 4902
2075 4939
2076 2102
2077 3405
2077 3412
2077 4762
2078 2308
2079 4361
2080 2969
2081 3581
2081 4303
2082 4236
2082 4485
2082 4598
2082 4650
2084 2595
2084 2598
2085 2408
2085 3558
2086 2241
2086 2593
2086 3053
2087 2389
2087 3464
2089 3207
2090 2274
2091 2458
2092 2349
2093 2402
2093 3813
2094 2535
2094 4186
2094 4561
2096 3171
2098 2446
2098 3507
2098 4172
2098 4899
2098 4975
2100 3684
2100 3729
2101 2102
2101 2466
2101 2481
2101 4071
2101 4858
2104 2782
2104 3153
2104 3463
2104 4662
2105 3607
2106 3026
2106 4133
2106 4803
2107 2179
2107 4294
2108 3857
2109 3658
2109 3738
2110 2539
2110 4623
2112 2181
2112 2221
2112 3837
2112 4909
2114 2491
2114 2711
2114 3012
2114 3982
2114 4049
2115 4018
2116 2616
2116 2687
2116 2894
2116 3104
2118 3398
2120 2428
2120 2992
2120 3387
2120 3755
2120 3949
2120 4098
2121 2556
2122 2525
2122 3198
2122 3400
2122 3470
2122 3534
2122 4063
2122 4092
2123 4295
2125 2469
2125 2569
2125 4415
2128 2196
2128 2436
2129 4203
2129 4397
2131 3896
2131 4097
2132 3624
2132 4898
2133 3672
2135 2598
2135 3187
2135 3777
2135 4574
2135 4720
2135 4755
2137 4536
2138 3156
2138 4661
2139 2855
2139 4169
2139 4468
2139 4691
2139 4861
2141 2845
2141 4850
2142 3363
2143 3770
2143 4379
2144 4079
2145 2438
2145 2617
2145 2636
2145 3829
2148 2154
2150 2260
2150 3027
2150 3164
2150 3200
2150 3657
2152 2200
2152 2300
2153 2551
2153 3256
2153 3362
2154 2327
2154 2330
2154 2973
2155 2378
2155 2577
2155 2688
2155 3383
2155 3816
2155 3915
2155 4246
2155 4747
2155 4762
2156 2754
2158 2552
2161 4073
2163 2686
2163 3095
2167 2805
2168 2225
2168 2666
2168 3048
2168 3400
2168 3534
2168 3886
2170 2938
2170 3589
2170 4704
2171 2671
2171 3422
2171 4569
2174 4857
2174 4976
2175 2736
2175 4419
2176 4792
2177 2564
2178 4478
2180 2602
2180 3358
2180 4610
2182 3055
2182 3968
2182 4575
2183 2339
2183 2461
2183 2996
2183 3758
2183 4265
2183 4518
2185 2383
2185 2824
2185 3587
2185 3655
2185 4152
2185 4366
2185 4796
2185 4966
2186 2862
2188 3174
2189 4550
2192 3273
2192 3626
2193 3625
2193 4509
2193 4564
2195 4030
2196 2325
2196 2436
2196 2495
2196 3069
2197 2279
2197 4581
2200 2300
2201 2514
2202 3716
2203 2948
2204 2668
2205 2505
2205 3211
2205 3270
2205 3358
2205 3523
2205 4020
2209 4361
2209 4376
2209 4938
2210 3855
2210 4905
2210 4927
2211 2692
2211 4300
2212 4918
2213 3952
2213 4729
2214 4818
2216 2727
2216 3459
2217 2343
2217 3526
2218 2676
2218 3691
2218 3743
2218 3815
2219 3003
2219 3651
2219 3909
2221 2604
2221 3072
2221 4448
2224 2366
2225 2719
2225 3000
2225 3198
2225 4245
2225 4640
2226 4200
2226 4432
2226 4778
2227 3796
2227 4054
2227 4073
2227 4818
2228 3451
2232 2334
2232 4540
2232 4750
2234 3898
2235 2977
2237 3032
2237 3614
2237 4619
2238 2273
2238 4795
2239 3039
2240 3442
2242 2294
2242 2355
2242 3872
2242 4069
2243 2568
2243 2575
2244 3585
2244 3639
2244 3983
2245 4959
2246 4752
2247 2560
2248 2681
2248 3031
2251 2382
2251 3037
2251 3102
2251 3318
2252 3827
2252 4651
2253 4806
2253 4836
2254 2701
2255 2532
2255 2896
2255 3012
2255 4391
2256 2952
2256 3869
2257 3260
2258 2761
2260 4504
2261 2278
2261 4095
2261 4176
2261 4238
2262 2369
2263 4291
2266 3022
2266 3645
2266 4392
2266 4789
2269 2415
2269 3342
2269 3974
2271 4050
2272 2515
2272 4624
2273 3763
2274 3003
2274 3306
2274 3907
2274 4997
2275 2449
2275 2949
2275 3076
2275 4185
2276 4954
2277 2596
2277 2839
2277 4956
2280 2774
2280 3072
2280 4802
2280 4849
2282 3529
2282 4345
2283 2715
2283 4444
2285 2892
2285 4243
2286 2860
2286 3791
2286 4280
2288 4502
2289 3433
2289 4955
2290 3988
2291 4667
2292 2664
2292 3654
2292 4364
2293 3545
2293 3853
2294 3727
2294 4244
2295 3064
2295 3349
2296 2625
2296 3100
2296 3812
2297 2450
2297 2569
2297 2613
2297 2802
2297 3396
2297 3702
2297 4162
2297 4188
2297 4550
2297 4616
2298 2933
2299 4503
2301 2909
2301 3382
2301 4296
2302 2972
2304 2721
2304 4791
2304 4931
2307 3705
2307 4015
2307 4463
2308 3272
2308 3810
2309 2411
2312 2871
2314 2361
2314 3095
2314 3213
2315 4421
2315 4674
2316 2999
2316 3425
2317 3940
2318 3699
2318 4648
2322 2498
2322 3331
2322 4887
2322 4898
2323 2648
2323 3668
2323 4685
2325 2495
2325 2582
2325 3849
2327 2973
2328 2420
2328 3936
2330 3034
2330 3275
2330 4057
2330 4592
2331 4712
2335 2622
2337 2425
2337 4337
2339 2767
2339 2996
2339 3764
2340 3119
2340 3887
2341 3233
2341 4333
2342 3800
2342 4206
2343 3740
2343 4735
2344 2623
2344 2644
2344 3948
2344 4533
2345 3257
2346 2883
2346 3418
2347 2401
2347 2978
2347 4480
2347 4542
2348 2363
2348 3407
2348 4865
2349 2370
2349 2913
2349 3630
2352 4105
2354 4351
2356 2989
2360 4074
2362 3423
2362 4470
2363 4865
2365 3454
2369 2948
2369 3307
2369 3588
2369 3700
2369 4533
2369 4562
2370 2517
2371 2449
2374 4229
2375 2483
2375 4332
2377 2582
2377 3484
2378 2402
2378 2790
2384 2455
2384 2785
2384 3505
2384 3545
2384 3920
2387 3474
2387 4830
2389 3427
2389 4372
2390 3395
2391 3499
2391 3906
2391 4221
2392 2671
2392 2727
2392 3958
2392 3996
2392 4013
2392 4265
2392 4636
2392 4654
2393 3217
2394 3252
2394 4247
2394 4436
2395 2458
2395 4742
2396 2693
2396 2933
2396 3232
2396 4784
2396 4871
2397 3952
2397 4486
2399 4122
2400 3442
2401 4542
2402 4743
2407 2633
2407 2722
2407 3178
2407 3431
2407 4970
2410 2529
2410 3228
2410 4501
2410 5000
2413 4914
2414 2545
2414 3321
2414 4134
2415 4631
2417 3591
2417 4213
2418 4239
2420 3035
2422 4464
2423 2793
2423 3045
2423 3470
2424 2557
2424 2940
2424 3542
2428 3954
2434 2470
2434 2523
2434 4547
2435 2610
2435 3759
2435 3826
2435 4932
2436 4003
2436 4249
2437 4226
2437 4963
2438 3475
2438 4714
2439 4109
2439 4331
2440 4301
2440 4511
2443 2795
2443 2799
2443 3455
2443 3635
2443 3807
2446 3997
2446 4628
2447 2927
2447 4718
2448 2875
2448 3695
2448 3993
2448 4874
2450 2521
2450 4550
2450 4820
2452 4572
2454 2490
2455 3229
2456 4009
2457 2703
2458 4189
2458 4730
2458 4736
2459 2559
2459 3523
2459 3775
2459 4104
2459 4150
2462 3465
2462 3710
2462 3732
2462 4725
2462 4821
2464 3693
2464 3867
2465 4074
2466 3659
2466 4858
2467 2809
2467 3619
2467 3648
2467 3765
2467 4828
2468 2842
2471 3269
2471 3473
2472 3008
2472 3231
2472 3292
2472 4971
2473 4061
2473 4610
2474 2621
2474 2999
2474 3114
2474 3226
2474 3286
2476 2775
2477 2826
2478 2813
2480 2830
2480 2932
2480 3634
2482 3597
2482 4345
2484 3362
2486 3030
2486 3190
2487 2930
2488 3133
2489 4209
2490 3531
2490 3966
2492 3103
2492 3810
2494 2756
2494 3496
2494 3629
2494 4147
2496 4029
2497 3460
2498 3408
2499 3953
2499 4571
2499 4599
2501 3040
2502 3776
2504 4943
2506 3051
2507 4529
2509 3371
2509 3587
2510 4763
2511 4520
2516 2634
2520 3426
2521 2969
2522 2679
2522 2878
2522 3087
2522 3149
2522 3409
2522 4287
2523 4298
2524 2897
2524 3143
2524 3566
2525 3198
2526 3183
2529 3905
2529 4327
2529 4501
2531 3099
2531 3677
2531 4749
2532 3444
2533 3288
2535 2694
2535 4237
2536 3441
2536 3572
2536 3884
2536 4890
2536 4959
2538 2573
2544 3100
2544 4313
2545 3964
2546 3016
2546 3658
2546 4078
2547 2592
2547 3310
2547 3465
2547 4180
2547 4586
2548 2630
2548 2943
2548 3506
2548 3670
2549 2581
2549 3044
2549 3627
2549 3722
2550 3836
2551 3256
2553 2632
2555 3493
2559 3775
2560 2564
2561 3399
2563 2751
2563 4178
2564 2711
2567 3152
2568 2575
2569 4616
2571 3334
2573 4685
2573 4733
2576 3247
2576 4375
2577 3816
2578 3622
2578 4374
2583 4570
2584 3618
2584 4659
2586 2817
2586 3520
2586 3548
2586 3811
2588 3093
2588 3629
2588 4036
2590 3305
2592 3381
2593 2844
2596 2839
2596 3260
2596 3543
2596 3845
2596 4773
2597 3042
2600 3796
2601 4531
2601 4625
2602 2890
2605 4725
2606 4730
2608 4043
2608 4077
2609 4328
2609 4817
2609 4843
2610 3759
2611 3185
2611 4419
2611 4882
2612 3081
2612 3950
2613 4485
2614 4658
2616 3289
2616 3395
2616 3447
2617 3210
2617 3823
2619 3419
2619 3805
2620 3494
2621 2697
2621 4116
2621 4360
2627 2756
2627 3170
2629 2782
2629 4335
2629 4904
2630 3633
2632 3014
2632 3489
2633 3178
2634 3208
2634 4831
2635 3234
2635 3884
2635 4401
2637 3366
2639 3329
2639 4337
2640 4687
2640 4855
2642 3173
2648 3668
2651 2783
2651 4130
2652 3299
2655 4787
2656 2896
2657 3516
2657 4086
2658 3343
2658 4192
2658 4677
2659 3947
2659 4035
2660 3782
2662 3506
2665 3701
2665 4900
2667 3187
2667 4998
2668 3258
2671 3958
2671 4537
2671 4762
2672 4521
2672 4880
2674 3696
2674 3833
2677 3532
2678 2699
2678 4332
2679 3010
2679 3149
2679 3195
2679 4885
2680 3445
2680 4336
2680 4372
2680 4557
2681 4052
2682 3962
2683 4474
2683 4649
2684 3969
2684 4667
2685 3583
2685 3984
2685 4032
2685 4423
2685 4727
2686 3337
2686 3525
2686 4949
2688 3127
2689 3659
2690 2882
2690 3587
2690 4395
2690 4903
2691 2759
2691 3316
2691 4142
2691 4833
2692 4300
2693 4380
2693 4784
2695 4659
2696 4293
2697 3523
2699 2869
2705 3123
2705 3527
2705 4928
2706 4506
2707 3817
2707 3824
2709 4970
2710 4965
2711 3184
2711 4580
2716 3718
2716 4806
2717 4664
2719 3000
2719 4434
2720 3561
2720 3667
2720 4820
2721 3007
2721 3551
2721 3994
2721 4154
2722 3232
2722 3254
2722 3908
2723 4950
2726 2958
2728 4723
2729 3604
2730 2868
2730 3550
2730 4374
2730 4442
2730 4504
2731 4683
2733 3748
2733 4151
2735 3324
2736 3762
2737 2965
2737 3717
2737 3837
2738 4233
2739 2884
2739 2910
2740 2993
2743 4149
2743 4567
2743 4634
2746 3599
2746 3877
2747 3128
2747 3402
2747 3444
2748 3427
2749 4922
2751 4697
2752 2787
2752 3913
2753 2928
2753 4400
2754 3042
2756 4628
2756 4709
2758 4445
2759 3892
2761 3536
2763 4155
2763 4763
2764 3858
2768 2861
2768 3678
2768 4364
2769 3586
2770 2982
2773 4829
2773 4935
2777 4564
2778 3538
2778 3819
2781 2842
2782 4507
2785 4943
2786 4895
2787 3880
2789 2832
2789 2974
2789 3354
2789 4269
2789 4877
2790 3558
2791 4925
2792 2834
2793 3470
2794 3020
2794 3642
2797 3081
2798 3229
2799 4790
2801 3241
2801 4254
2802 4563
2803 3399
2803 4991
2806 3624
2808 3020
2808 3724
2810 3019
2811 4481
2812 3195
2812 4668
2813 3232
2813 3377
2814 3959
2816 3059
2817 3811
2817 4467
2817 4728
2818 3095
2818 4195
2821 2975
2821 3917
2821 4117
2821 5000
2823 3871
2824 3144
2824 3655
2824 4060
2824 4199
2824 4593
2824 4906
2826 2978
2826 3376
2826 3716
2827 3727
2827 4388
2829 2935
2829 3085
2829 3340
2829 3679
2829 4078
2829 4658
2832 2974
2832 4877
2834 4676
2835 3975
2836 4145
2836 4854
2838 2936
2838 2937
2838 3872
2838 4472
2839 3054
2843 3049
2845 4236
2846 4364
2847 3795
2847 4474
2848 3068
2848 3730
2848 4892
2854 4003
2855 4169
2857 3420
2861 3458
2864 3242
2864 3719
2864 3846
2867 3380
2870 4960
2872 4229
2872 4527
2874 3013
2874 4707
2875 3231
2877 3515
2877 4770
2879 3375
2880 2890
2880 4242
2880 4255
2881 2895
2882 2962
2882 4680
2882 4842
2882 4972
2883 3919
2883 4154
2883 4500
2885 3718
2886 3731
2887 3132
2889 4283
2891 4177
2892 4264
2892 4321
2892 4651
2892 4670
2897 3143
2898 3273
2898 3598
2899 3001
2904 2991
2904 3469
2904 3778
2904 3911
2904 4241
2904 4437
2905 4143
2906 3424
2906 4031
2909 3742
2911 3553
2912 2930
2913 3843
2914 3840
2916 3824
2918 4010
2919 3106
2919 3294
2920 3061
2921 2950
2926 3389
2930 3437
2930 4788
2931 4499
2934 3201
2934 4056
2935 4903
2936 4025
2936 4472
2937 3268
2937 4231
2938 3027
2938 4055
2938 4215
2940 4202
2942 4256
2943 3537
2948 4635
2949 4297
2954 4078
2957 3602
2957 3630
2959 3077
2959 3137
2959 3282
2959 3369
2959 4548
2960 4061
2961 4740
2962 4972
2963 3550
2963 4353
2967 3066
2970 4817
2971 3539
2974 4877
2977 3148
2978 3505
2978 3560
2978 4086
2979 4161
2979 4247
2979 4860
2980 3578
2986 3435
2986 3495
2987 4403
2987 4951
2988 3933
2991 3741
2993 3466
2994 3895
2995 4791
2996 4404
2997 4298
2998 3212
3001 4639
3002 4437
3004 4076
3006 3895
3008 3346
3008 4279
3008 4438
3008 4971
3010 4591
3010 4885
3011 4169
3017 4172
3018 3771
3022 3762
3022 4392
3024 3883
3024 4941
3025 3436
3026 4106
3027 3164
3027 4638
3029 4464
3029 4665
3031 3394
3033 3114
3033 4292
3034 4057
3037 3318
3040 4156
3041 3353
3041 4834
3043 3989
3044 3126
3044 3627
3045 3176
3045 3383
3046 4700
3048 3252
3048 3484
3049 4628
3051 3434
3051 3747
3051 3757
3052 4879
3054 3822
3058 3402
3058 3990
3058 4381
3059 3366
3059 4226
3059 4868
3060 3651
3060 4058
3061 4183
3064 3349
3064 3646
3064 4144
3064 4538
3066 3723
3066 4686
3068 3166
3069 3563
3069 4088
3070 3121
3070 3447
3070 4420
3072 3445
3072 4448
3077 3369
3077 4518
3077 4721
3078 3611
3078 4161
3079 3739
3080 3919
3083 3784
3083 4227
3084 3594
3084 4973
3085 3740
3085 3788
3085 3941
3092 3301
3092 3698
3095 4195
3097 3801
3097 4642
3101 4783
3102 3733
3103 3839
3104 4027
3104 4713
3105 4889
3107 4101
3107 4296
3108 3580
3108 3719
3108 4067
3109 4156
3112 4609
3114 3286
3115 3613
3115 3818
3116 3665
3117 3241
3117 3339
3117 3518
3120 3831
3120 4911
3121 4013
3121 4420
3121 4590
3121 4630
3122 4699
3126 4767
3127 4324
3128 3937
3128 4358
3129 4207
3130 3191
3130 4199
3130 4294
3130 4952
3132 4868
3133 3483
3134 4248
3136 4670
3137 3282
3137 4412
3137 4734
3138 4794
3143 4029
3145 3156
3145 3413
3146 4301
3146 4992
3147 3557
3147 4766
3150 3687
3151 3746
3151 4103
3151 4274
3151 4341
3152 3483
3153 3916
3153 4050
3153 4607
3154 3438
3155 3413
3155 4819
3158 3986
3160 4194
3160 4625
3160 4733
3163 4170
3163 4278
3164 3323
3164 4124
3164 4938
3164 4939
3165 4081
3166 3183
3167 3956
3168 3302
3168 4937
3169 4873
3170 3309
3170 4004
3172 3317
3172 3615
3172 4093
3172 4290
3172 4525
3174 3608
3174 3665
3174 4772
3178 3431
3178 3645
3178 3961
3178 4522
3178 4645
3181 3864
3181 4159
3182 3233
3182 4523
3184 3692
3184 4633
3185 4238
3186 4323
3189 3539
3189 4881
3193 4315
3194 4080
3194 4535
3196 3238
3199 4026
3199 4039
3201 3893
3204 4503
3204 4755
3205 3379
3205 3916
3208 3610
3208 4461
3208 4831
3209 4295
3210 4044
3210 4443
3216 4488
3217 4565
3218 3742
3219 4490
3220 3249
3225 4845
3226 4174
3227 3375
3231 3292
3231 4721
3231 4741
3231 4862
3232 3908
3232 4543
3233 3733
3233 4333
3233 4853
3234 3578
3234 3700
3234 3876
3235 3664
3235 3798
3236 4291
3237 3932
3238 3902
3241 4254
3241 4403
3242 4276
3247 3921
3248 3373
3248 3896
3248 4284
3249 3439
3250 3802
3250 4180
3250 4639
3252 3374
3252 3806
3255 3516
3257 3360
3257 3595
3258 3591
3261 3677
3261 4380
3262 3324
3264 3369
3266 4115
3268 4412
3271 3311
3271 4479
3272 4337
3272 4367
3272 4405
3275 4057
3277 4421
3277 4491
3278 3873
3280 3429
3281 4577
3283 3777
3283 4574
3283 4881
3286 4221
3291 4014
3291 4987
3293 3768
3293 4776
3298 3856
3302 3591
3304 4436
3304 4984
3305 4859
3307 3967
3307 4555
3307 4743
3308 4047
3308 4189
3309 4004
3309 4629
3312 4157
3312 4319
3312 4414
3312 4431
3317 3615
3317 4308
3320 3560
3323 4144
3323 4732
3324 3570
3327 3477
3333 4242
3335 3755
3338 3771
3344 4838
3348 4504
3349 4456
3351 4748
3351 4852
3352 3430
3352 3862
3353 3900
3353 4153
3359 3606
3360 4463
3360 4659
3367 3937
3368 3835
3368 4017
3368 4678
3371 3883
3372 4647
3373 3721
3375 3828
3377 3542
3377 3951
3378 4577
3379 3995
3381 4084
3383 4494
3387 3949
3389 3804
3389 4085
3390 4947
3392 4524
3393 3857
3393 4159
3393 4269
3395 3731
3396 4063
3398 4859
3399 4033
3400 3534
3401 3894
3402 3990
3403 3436
3407 4562
3407 4752
3409 4287
3412 3982
3415 4853
3420 3918
3424 3636
3424 3703
3424 4338
3424 4551
3425 3818
3426 4588
3429 3530
3431 3961
3431 4661
3434 3708
3434 4163
3439 4198
3441 4890
3443 3821
3444 3860
3451 4306
3455 4393
3455 4694
3461 3738
3461 4813
3465 3710
3466 4002
3466 4475
3468 3938
3468 4080
3471 3882
3471 4622
3476 3905
3479 4631
3480 3761
3483 4745
3487 4907
3490 4964
3494 4767
3495 4120
3496 4370
3496 4846
3499 4675
3499 4718
3500 3902
3500 3992
3501 4811
3504 4620
3504 4754
3505 3560
3505 4045
3505 4469
3507 4056
3507 4899
3510 3957
3511 3925
3514 3785
3514 4600
3519 3672
3520 4095
3521 3711
3523 4936
3525 4475
3526 3754
3529 3980
3535 4399
3536 4075
3537 4230
3537 4907
3542 4151
3544 3866
3544 4765
3548 3720
3550 4864
3550 4919
3557 3878
3559 4150
3560 4086
3560 4469
3564 4113
3564 4736
3573 4576
3575 4821
3576 4978
3579 4091
3582 3979
3583 4235
3584 3749
3585 3600
3585 3922
3585 4350
3587 4226
3589 3922
3590 3644
3591 3873
3600 3713
3605 4459
3611 4896
3612 4612
3613 4334
3616 3652
3617 4140
3618 4958
3619 3765
3619 4828
3619 4886
3621 4355
3622 4008
3624 4898
3625 4716
3627 4320
3629 4652
3632 3690
3634 3979
3634 4594
3636 3794
3639 3817
3641 4468
3644 3789
3646 3721
3646 4538
3647 4406
3651 3909
3651 3965
3651 4058
3653 4413
3655 4152
3656 4377
3656 4502
3656 4682
3658 4833
3665 4263
3668 4685
3669 4779
3671 4940
3676 4371
3676 4379
3676 4684
3676 4769
3678 4809
3682 4093
3691 3815
3691 4354
3694 4131
3701 3767
3704 4353
3706 4731
3710 4541
3713 4102
3718 4267
3719 4627
3723 4686
3723 4729
3724 3963
3726 5000
3732 3848
3732 4977
3733 4333
3735 4348
3735 4502
3739 4025
3740 3788
3741 3753
3741 4489
3745 4709
3747 4197
3748 4230
3748 4311
3749 4896
3753 4609
3757 4299
3759 3826
3768 4430
3772 4810
3777 3846
3777 4574
3777 4720
3778 4598
3778 4713
3779 4561
3779 4844
3782 4821
3784 4227
3788 4329
3792 4455
3792 4539
3793 4060
3793 4416
3793 4906
3794 4160
3796 3814
3796 3832
3796 3925
3796 4355
3804 4085
3809 4196
3815 4347
3816 4747
3820 4507
3820 4534
3823 4013
3831 4157
3835 4017
3838 4894
3840 4237
3841 4002
3845 4080
3846 4405
3848 3943
3849 4181
3850 4866
3852 3856
3853 3878
3857 4212
3861 3897
3862 4146
3864 4461
3864 4548
3866 3870
3872 4257
3875 3944
3875 4666
3878 4154
3878 4497
3881 4181
3883 4072
3888 4563
3890 4362
3890 4773
3891 4232
3891 4517
3898 4517
3898 4940
3899 4065
3902 4823
3904 4447
3908 4274
3915 4089
3924 4102
3926 4166
3927 4689
3930 4046
3936 4429
3938 4081
3942 4225
3944 3988
3944 4841
3945 4401
3946 3973
3947 4035
3947 4803
3949 4098
3950 4981
3951 4211
3952 4486
3952 4729
3954 4832
3955 4132
3955 4250
3955 4711
3955 4852
3958 4699
3960 4579
3961 4558
3965 4745
3969 4112
3970 4791
3975 4252
3975 4471
3981 4240
3981 4611
3982 4830
3984 4856
3985 4416
3987 4103
3990 4019
3990 4629
3992 4498
3993 4950
3997 4446
4003 4249
4008 4318
4008 4703
4010 4132
4010 4362
4012 4034
4012 4551
4013 4420
4013 4630
4016 4220
4016 4456
4017 4678
4026 4457
4026 4621
4029 4888
4031 4947
4037 4749
4037 4758
4041 4173
4041 4613
4044 4443
4052 4359
4053 4253
4060 4647
4060 4906
4062 4923
4066 4094
4069 4315
4070 4172
4070 4532
4072 4695
4074 4535
4081 4769
4085 4123
4088 4252
4093 4525
4100 4264
4101 4814
4102 4703
4107 4827
4109 4203
4114 4173
4116 4360
4122 4777
4123 4617
4127 4358
4129 4331
4133 4429
4133 4934
4137 4690
4142 4874
4153 4260
4154 4549
4154 4637
4165 4395
4169 4602
4169 4691
4169 4861
4184 4886
4185 4765
4185 4876
4189 4654
4189 4878
4192 4544
4193 4981
4194 4487
4195 4800
4198 4356
4199 4402
4205 4632
4213 4430
4216 4352
4223 4322
4225 4417
4226 4432
4226 4963
4229 4527
4231 4797
4237 4317
4237 4586
4242 4626
4245 4923
4266 4652
4276 4356
4280 4843
4281 4840
4282 4342
4290 4910
4291 4832
4298 4730
4305 4322
4305 4478
4305 4553
4305 4692
4305 4752
4305 4937
4306 4513
4306 4544
4307 4758
4308 4985
4317 4396
4317 4875
4319 4431
4321 4837
4324 4697
4328 4398
4328 4960
4328 4968
4336 4557
4336 4997
4343 4953
4346 4802
4352 4644
4370 4597
4370 4846
4370 4850
4375 4382
4377 4717
4383 4761
4384 4869
4386 4389
4386 4400
4433 4759
4459 4722
4464 4677
4471 4967
4485 4650
4489 4822
4514 4993
4515 4740
4518 4996
4544 4583
4549 4637
4561 4604
4566 4751
4574 4720
4576 4587
4585 4615
4601 4702
4602 4861
4604 4974
4606 4746
4616 4759
4620 4942
4625 4932
4636 4646
4658 4969
4660 4801
4671 4979
4693 4935
4699 4805
4702 4892
4713 4823
4721 4862
4729 4896
4740 4942
4745 4969
4757 4980
4765 4876
4778 4967
4795 4797
4801 4954
4807 4847
4848 4930
4878 4921
4879 4905
4926 4955
