0 4
0 5
0 9
0 16
0 22
0 23
0 29
0 30
0 44
0 45
0 46
0 52
0 65
0 69
0 79
0 81
0 82
0 83
0 84
0 98
0 110
0 111
0 142
0 144
0 155
0 156
0 159
0 173
0 184
0 201
0 233
0 240
0 257
0 271
0 277
0 294
0 301
0 304
0 308
0 313
0 315
0 324
0 331
0 334
0 336
0 359
0 370
0 373
0 375
0 381
0 431
0 443
0 450
0 485
0 498
0 515
0 549
0 557
0 577
0 589
0 602
0 613
0 633
0 653
0 658
0 660
0 681
0 688
0 689
0 734
0 745
0 769
0 791
0 833
0 863
0 865
0 866
0 872
0 909
0 943
0 945
0 1028
0 1057
0 1083
0 1088
0 1089
0 1190
0 1191
0 1223
0 1234
0 1239
0 1243
0 1270
0 1292
0 1350
0 1359
0 1375
0 1379
0 1384
0 1549
0 1558
0 1565
0 1592
0 1593
0 1608
0 1629
0 1710
0 1715
0 1737
0 1775
0 1836
0 1893
0 1910
0 1929
0 1960
0 1980
0 2008
0 2024
0 2037
0 2101
0 2184
0 2210
0 2222
0 2280
0 2292
0 2341
0 2393
0 2412
0 2436
0 2447
0 2486
0 2516
0 2527
0 2568
0 2571
0 2588
0 2600
0 2623
0 2688
0 2689
0 2873
0 2911
0 2926
0 2947
0 2948
0 2951
0 2969
0 3000
0 3022
0 3060
0 3283
0 3292
0 3315
0 3445
0 3457
0 3479
0 3491
0 3525
0 3537
0 3549
0 3573
0 3596
0 3713
0 3714
0 3749
0 3768
0 3839
0 3857
0 3864
0 3906
0 3935
0 4038
0 4073
0 4119
0 4123
0 4151
0 4192
0 4334
0 4387
0 4416
0 4425
0 4436
0 4480
0 4521
0 4550
0 4638
0 4641
0 4725
0 4749
0 4751
0 4849
0 4871
0 4921
0 4948
0 4961
1 4
1 5
1 7
1 8
1 10
1 12
1 15
1 21
1 24
1 28
1 35
1 42
1 46
1 47
1 57
1 68
1 69
1 75
1 85
1 88
1 89
1 94
1 100
1 106
1 129
1 139
1 144
1 146
1 147
1 155
1 178
1 206
1 226
1 238
1 242
1 256
1 264
1 269
1 272
1 280
1 292
1 302
1 310
1 350
1 404
1 407
1 476
1 480
1 494
1 506
1 519
1 522
1 527
1 560
1 592
1 609
1 622
1 630
1 653
1 664
1 699
1 737
1 742
1 808
1 829
1 831
1 888
1 895
1 898
1 919
1 942
1 971
1 982
1 1009
1 1051
1 1054
1 1067
1 1083
1 1128
1 1132
1 1160
1 1268
1 1299
1 1584
1 1616
1 1633
1 1708
1 1709
1 1794
1 1876
1 2049
1 2118
1 2176
1 2240
1 2241
1 2306
1 2325
1 2341
1 2442
1 2473
1 2594
1 2612
1 2626
1 2669
1 2700
1 2704
1 2785
1 2806
1 2827
1 2844
1 2896
1 2918
1 3034
1 3092
1 3184
1 3321
1 3403
1 3476
1 3512
1 3550
1 3580
1 3664
1 3676
1 3708
1 3853
1 3898
1 3901
1 3908
1 4003
1 4016
1 4141
1 4165
1 4174
1 4359
1 4401
1 4428
1 4467
1 4517
1 4541
1 4551
1 4618
1 4690
1 4822
1 4915
1 4918
1 4942
1 4947
1 4952
1 4954
1 4965
2 4
2 5
2 6
2 8
2 9
2 11
2 12
2 14
2 18
2 19
2 22
2 23
2 27
2 31
2 32
2 39
2 42
2 48
2 73
2 76
2 79
2 80
2 82
2 87
2 99
2 100
2 134
2 146
2 151
2 165
2 176
2 189
2 193
2 198
2 214
2 215
2 227
2 229
2 246
2 248
2 249
2 250
2 270
2 271
2 310
2 317
2 329
2 331
2 337
2 353
2 374
2 406
2 414
2 435
2 443
2 445
2 465
2 473
2 496
2 510
2 527
2 557
2 571
2 583
2 653
2 673
2 689
2 701
2 707
2 709
2 722
2 723
2 740
2 741
2 759
2 771
2 783
2 787
2 788
2 789
2 859
2 872
2 914
2 917
2 935
2 940
2 951
2 958
2 963
2 970
2 978
2 1019
2 1022
2 1027
2 1039
2 1054
2 1069
2 1081
2 1136
2 1152
2 1171
2 1219
2 1276
2 1283
2 1293
2 1294
2 1331
2 1333
2 1348
2 1364
2 1388
2 1401
2 1427
2 1465
2 1476
2 1494
2 1495
2 1547
2 1574
2 1693
2 1712
2 1725
2 1790
2 1811
2 1826
2 1864
2 1895
2 1924
2 1929
2 1958
2 1970
2 2004
2 2012
2 2031
2 2083
2 2119
2 2154
2 2166
2 2170
2 2180
2 2185
2 2224
2 2254
2 2264
2 2265
2 2271
2 2355
2 2365
2 2419
2 2542
2 2726
2 2754
2 2765
2 2791
2 2904
2 2913
2 2916
2 2920
2 2931
2 2978
2 3018
2 3023
2 3140
2 3173
2 3179
2 3264
2 3316
2 3342
2 3357
2 3400
2 3402
2 3455
2 3481
2 3507
2 3509
2 3596
2 3598
2 3602
2 3628
2 3641
2 3681
2 3686
2 3728
2 3817
2 3821
2 3896
2 4121
2 4229
2 4233
2 4260
2 4381
2 4402
2 4419
2 4476
2 4489
2 4605
2 4684
2 4778
2 4836
2 4838
2 4883
2 4891
2 4896
2 4944
3 4
3 6
3 7
3 9
3 12
3 13
3 15
3 16
3 20
3 25
3 26
3 31
3 33
3 39
3 41
3 43
3 46
3 62
3 89
3 104
3 106
3 108
3 116
3 131
3 145
3 150
3 153
3 176
3 214
3 216
3 231
3 242
3 255
3 268
3 330
3 343
3 346
3 424
3 516
3 558
3 607
3 613
3 655
3 656
3 695
3 707
3 757
3 767
3 774
3 866
3 885
3 920
3 926
3 937
3 964
3 966
3 1007
3 1055
3 1062
3 1064
3 1080
3 1141
3 1161
3 1314
3 1326
3 1356
3 1431
3 1471
3 1642
3 1665
3 1760
3 1951
3 1960
3 2080
3 2165
3 2192
3 2203
3 2228
3 2526
3 2621
3 2641
3 2666
3 2693
3 2718
3 2736
3 2763
3 2797
3 2836
3 2865
3 2886
3 2926
3 3062
3 3082
3 3136
3 3174
3 3186
3 3218
3 3237
3 3263
3 3282
3 3354
3 3355
3 3393
3 3525
3 3527
3 3628
3 3688
3 3977
3 4054
3 4085
3 4101
3 4214
3 4272
3 4371
3 4385
3 4524
3 4649
3 4725
3 4747
3 4777
3 4812
3 4838
3 4852
3 4886
3 4899
4 5
4 6
4 7
4 8
4 10
4 26
4 30
4 40
4 42
4 66
4 77
4 79
4 89
4 95
4 104
4 117
4 139
4 147
4 150
4 212
4 216
4 246
4 255
4 263
4 299
4 313
4 334
4 336
4 395
4 419
4 432
4 461
4 481
4 484
4 488
4 489
4 568
4 625
4 643
4 680
4 684
4 690
4 826
4 843
4 904
4 964
4 976
4 987
4 997
4 1008
4 1021
4 1039
4 1125
4 1136
4 1193
4 1218
4 1249
4 1279
4 1317
4 1383
4 1414
4 1443
4 1595
4 1626
4 1653
4 1663
4 1688
4 1709
4 1729
4 1730
4 1828
4 1837
4 1903
4 2246
4 2250
4 2260
4 2318
4 2328
4 2348
4 2358
4 2440
4 2577
4 2694
4 2714
4 2751
4 2766
4 2999
4 3045
4 3156
4 3202
4 3299
4 3308
4 3318
4 3356
4 3457
4 3468
4 3518
4 3556
4 3568
4 3579
4 3588
4 3652
4 3657
4 3677
4 3680
4 3695
4 3775
4 3903
4 4020
4 4068
4 4090
4 4198
4 4233
4 4292
4 4294
4 4438
4 4466
4 4578
4 4583
4 4792
4 4805
4 4850
5 6
5 7
5 10
5 11
5 17
5 18
5 29
5 30
5 42
5 45
5 64
5 67
5 68
5 74
5 81
5 87
5 102
5 103
5 104
5 105
5 107
5 120
5 121
5 127
5 130
5 136
5 145
5 158
5 172
5 212
5 213
5 233
5 239
5 241
5 245
5 256
5 283
5 301
5 323
5 355
5 405
5 448
5 456
5 465
5 478
5 493
5 521
5 543
5 548
5 566
5 571
5 578
5 581
5 598
5 624
5 682
5 686
5 689
5 721
5 744
5 748
5 775
5 798
5 828
5 839
5 844
5 851
5 883
5 898
5 901
5 907
5 931
5 978
5 1003
5 1094
5 1097
5 1148
5 1152
5 1165
5 1189
5 1227
5 1232
5 1277
5 1282
5 1287
5 1302
5 1304
5 1373
5 1381
5 1383
5 1399
5 1413
5 1429
5 1437
5 1461
5 1468
5 1485
5 1533
5 1606
5 1663
5 1682
5 1686
5 1747
5 1765
5 1777
5 1903
5 2035
5 2099
5 2171
5 2306
5 2357
5 2411
5 2424
5 2466
5 2523
5 2539
5 2576
5 2707
5 2748
5 2846
5 2848
5 2862
5 2899
5 3040
5 3116
5 3233
5 3234
5 3236
5 3347
5 3474
5 3494
5 3495
5 3613
5 3632
5 3754
5 3784
5 3833
5 3861
5 3917
5 3964
5 3978
5 4097
5 4152
5 4170
5 4176
5 4185
5 4271
5 4438
5 4517
5 4549
5 4598
5 4637
5 4830
5 4909
6 8
6 10
6 12
6 15
6 26
6 37
6 38
6 52
6 57
6 70
6 127
6 149
6 209
6 248
6 348
6 355
6 576
6 577
6 696
6 714
6 983
6 987
6 1013
6 1025
6 1072
6 1101
6 1154
6 1212
6 1416
6 1439
6 1622
6 1738
6 1747
6 1787
6 1825
6 2022
6 2149
6 2161
6 2284
6 2370
6 2397
6 2763
6 2835
6 2877
6 3030
6 3354
6 3497
6 4357
6 4554
6 4583
6 4732
7 11
7 17
7 121
7 192
7 486
7 612
7 628
7 1012
7 1539
7 1596
7 2043
7 2552
7 2804
7 3670
7 4326
8 9
8 13
8 15
8 16
8 24
8 26
8 28
8 33
8 34
8 35
8 36
8 38
8 40
8 47
8 54
8 58
8 68
8 71
8 78
8 86
8 88
8 100
8 101
8 102
8 113
8 119
8 132
8 139
8 153
8 161
8 162
8 185
8 199
8 203
8 213
8 215
8 237
8 247
8 251
8 282
8 298
8 304
8 321
8 323
8 333
8 351
8 352
8 360
8 363
8 372
8 373
8 380
8 385
8 386
8 395
8 411
8 417
8 479
8 482
8 504
8 518
8 531
8 565
8 578
8 583
8 627
8 632
8 682
8 709
8 724
8 730
8 785
8 799
8 810
8 903
8 910
8 922
8 926
8 953
8 962
8 1002
8 1016
8 1068
8 1102
8 1131
8 1141
8 1148
8 1167
8 1188
8 1307
8 1312
8 1315
8 1323
8 1361
8 1363
8 1394
8 1407
8 1423
8 1501
8 1528
8 1561
8 1568
8 1652
8 1696
8 1759
8 1830
8 1835
8 1842
8 1869
8 1943
8 2000
8 2057
8 2072
8 2091
8 2096
8 2177
8 2193
8 2230
8 2244
8 2254
8 2259
8 2303
8 2345
8 2386
8 2446
8 2480
8 2483
8 2555
8 2557
8 2572
8 2593
8 2606
8 2627
8 2637
8 2685
8 2735
8 2771
8 2807
8 2817
8 2833
8 2863
8 2867
8 2896
8 2923
8 2953
8 3012
8 3068
8 3070
8 3098
8 3124
8 3136
8 3140
8 3148
8 3207
8 3316
8 3384
8 3443
8 3463
8 3474
8 3481
8 3579
8 3623
8 3659
8 3741
8 3752
8 3782
8 3785
8 3803
8 3832
8 3929
8 3955
8 3985
8 4012
8 4024
8 4064
8 4082
8 4254
8 4267
8 4307
8 4360
8 4403
8 4419
8 4437
8 4468
8 4544
8 4602
8 4689
8 4724
8 4736
8 4761
8 4765
8 4773
8 4824
8 4847
8 4912
9 13
9 17
9 19
9 20
9 22
9 23
9 36
9 49
9 59
9 73
9 83
9 105
9 108
9 123
9 159
9 179
9 180
9 234
9 236
9 247
9 248
9 255
9 261
9 262
9 273
9 331
9 333
9 338
9 347
9 353
9 386
9 406
9 409
9 413
9 436
9 443
9 458
9 463
9 508
9 551
9 568
9 575
9 594
9 618
9 704
9 752
9 777
9 782
9 825
9 835
9 848
9 850
9 854
9 883
9 907
9 927
9 933
9 958
9 996
9 1013
9 1039
9 1082
9 1087
9 1117
9 1129
9 1214
9 1250
9 1281
9 1294
9 1306
9 1310
9 1316
9 1330
9 1359
9 1403
9 1405
9 1430
9 1527
9 1628
9 1641
9 1645
9 1649
9 1657
9 1684
9 1746
9 1756
9 1764
9 1783
9 1792
9 1796
9 1902
9 1919
9 1951
9 2037
9 2071
9 2074
9 2224
9 2228
9 2245
9 2293
9 2316
9 2320
9 2354
9 2376
9 2385
9 2408
9 2409
9 2426
9 2471
9 2546
9 2640
9 2652
9 2655
9 2667
9 2694
9 2714
9 2791
9 2793
9 2794
9 2806
9 2824
9 2833
9 2846
9 2847
9 2860
9 2861
9 2878
9 2934
9 2989
9 3037
9 3086
9 3130
9 3135
9 3158
9 3235
9 3287
9 3291
9 3344
9 3394
9 3398
9 3413
9 3443
9 3453
9 3472
9 3525
9 3536
9 3565
9 3625
9 3630
9 3644
9 3667
9 3717
9 3748
9 3750
9 3765
9 3856
9 3905
9 3939
9 3948
9 3960
9 3982
9 3992
9 4006
9 4017
9 4160
9 4177
9 4236
9 4287
9 4304
9 4328
9 4353
9 4367
9 4405
9 4547
9 4697
9 4710
9 4722
9 4752
9 4831
9 4908
10 11
10 14
10 21
10 38
10 51
10 58
10 67
10 94
10 95
10 97
10 137
10 161
10 172
10 185
10 211
10 213
10 217
10 222
10 275
10 297
10 308
10 309
10 322
10 323
10 361
10 375
10 388
10 395
10 402
10 439
10 441
10 482
10 581
10 589
10 591
10 643
10 658
10 689
10 732
10 819
10 827
10 851
10 873
10 876
10 905
10 908
10 911
10 1015
10 1030
10 1039
10 1055
10 1175
10 1199
10 1209
10 1236
10 1248
10 1264
10 1268
10 1270
10 1286
10 1332
10 1381
10 1405
10 1419
10 1573
10 1686
10 1952
10 1969
10 1992
10 2065
10 2080
10 2109
10 2294
10 2325
10 2376
10 2398
10 2554
10 2654
10 2663
10 2686
10 2790
10 2796
10 2799
10 3085
10 3238
10 3569
10 3612
10 3706
10 3766
10 3935
10 3972
10 4074
10 4111
10 4118
10 4433
10 4516
10 4586
10 4646
10 4660
10 4754
10 4765
11 14
11 17
11 18
11 25
11 27
11 51
11 72
11 78
11 109
11 143
11 148
11 157
11 164
11 206
11 217
11 222
11 291
11 314
11 371
11 374
11 443
11 446
11 452
11 462
11 609
11 738
11 788
11 792
11 815
11 820
11 853
11 965
11 1024
11 1147
11 1151
11 1161
11 1189
11 1203
11 1241
11 1314
11 1346
11 1347
11 1377
11 1645
11 1702
11 1750
11 1800
11 1827
11 1858
11 1892
11 1964
11 1968
11 1997
11 2076
11 2104
11 2171
11 2196
11 2268
11 2297
11 2351
11 2356
11 2665
11 2762
11 2830
11 2843
11 2887
11 3047
11 3075
11 3114
11 3151
11 3181
11 3285
11 3296
11 3367
11 3417
11 3451
11 3518
11 3724
11 3899
11 4091
11 4179
11 4230
11 4420
11 4423
11 4673
11 4757
11 4892
11 4946
12 13
12 16
12 20
12 27
12 40
12 65
12 85
12 92
12 107
12 149
12 159
12 225
12 230
12 311
12 340
12 408
12 473
12 533
12 560
12 570
12 601
12 676
12 717
12 802
12 812
12 1062
12 1065
12 1077
12 1160
12 1256
12 1442
12 1489
12 1531
12 1609
12 1727
12 1776
12 1990
12 2085
12 2358
12 2379
12 2451
12 2460
12 2538
12 2744
12 2756
12 2797
12 3043
12 3107
12 3136
12 3203
12 3209
12 3225
12 3628
12 3697
12 4065
12 4129
12 4187
12 4282
12 4401
12 4519
12 4599
12 4822
13 14
13 31
13 36
13 47
13 51
13 83
13 90
13 92
13 240
13 341
13 386
13 387
13 435
13 468
13 598
13 606
13 611
13 647
13 675
13 714
13 826
13 880
13 978
13 1006
13 1140
13 1180
13 1298
13 1502
13 1967
13 1975
13 2334
13 2522
13 2906
13 2922
13 3145
13 3346
13 3512
13 3810
13 4055
13 4299
13 4416
13 4520
13 4655
13 4706
13 4930
14 23
14 36
14 39
14 48
14 59
14 62
14 77
14 86
14 102
14 142
14 157
14 206
14 238
14 257
14 268
14 435
14 455
14 456
14 732
14 745
14 877
14 878
14 911
14 916
14 1151
14 1196
14 1207
14 1354
14 1648
14 1718
14 2092
14 2251
14 2403
14 2468
14 2835
14 3143
14 3152
14 3170
14 3684
14 4162
14 4386
14 4658
15 41
15 52
15 56
15 86
15 132
15 138
15 153
15 175
15 183
15 357
15 391
15 420
15 438
15 450
15 451
15 593
15 678
15 871
15 876
15 1140
15 1261
15 1268
15 1333
15 2022
15 2052
15 2436
15 2689
15 2709
15 3118
15 3193
15 3757
15 4312
15 4351
16 19
16 24
16 28
16 30
16 32
16 33
16 34
16 44
16 59
16 76
16 78
16 86
16 96
16 103
16 114
16 122
16 125
16 137
16 138
16 158
16 159
16 164
16 167
16 171
16 190
16 192
16 217
16 218
16 220
16 224
16 232
16 234
16 253
16 258
16 275
16 289
16 290
16 295
16 328
16 334
16 360
16 378
16 381
16 412
16 441
16 445
16 449
16 493
16 503
16 508
16 519
16 530
16 595
16 614
16 616
16 631
16 691
16 696
16 712
16 753
16 771
16 774
16 803
16 815
16 816
16 856
16 885
16 886
16 890
16 903
16 933
16 1004
16 1005
16 1043
16 1066
16 1090
16 1136
16 1153
16 1194
16 1200
16 1202
16 1210
16 1245
16 1275
16 1291
16 1338
16 1356
16 1369
16 1372
16 1389
16 1408
16 1415
16 1419
16 1420
16 1462
16 1488
16 1615
16 1624
16 1627
16 1660
16 1770
16 1805
16 1824
16 1893
16 1896
16 1900
16 1927
16 1962
16 1963
16 2023
16 2031
16 2098
16 2106
16 2123
16 2178
16 2186
16 2237
16 2262
16 2295
16 2302
16 2333
16 2343
16 2353
16 2354
16 2375
16 2430
16 2459
16 2464
16 2557
16 2567
16 2590
16 2615
16 2634
16 2653
16 2718
16 2742
16 2748
16 2769
16 2822
16 2849
16 2897
16 2928
16 2952
16 2954
16 2965
16 3012
16 3096
16 3117
16 3229
16 3247
16 3263
16 3344
16 3345
16 3353
16 3357
16 3397
16 3436
16 3505
16 3521
16 3536
16 3554
16 3582
16 3640
16 3646
16 3667
16 3844
16 3865
16 3946
16 3948
16 3963
16 3979
16 4021
16 4085
16 4175
16 4210
16 4232
16 4271
16 4272
16 4276
16 4307
16 4311
16 4347
16 4357
16 4419
16 4521
16 4530
16 4539
16 4551
16 4577
16 4595
16 4614
16 4708
16 4716
16 4779
16 4796
16 4825
16 4836
16 4842
16 4853
16 4866
16 4896
16 4900
16 4952
16 4957
16 4971
17 18
17 19
17 22
17 29
17 37
17 55
17 71
17 105
17 227
17 267
17 365
17 371
17 372
17 379
17 404
17 440
17 483
17 514
17 539
17 599
17 628
17 676
17 748
17 822
17 836
17 893
17 927
17 1027
17 1138
17 1215
17 1364
17 1501
17 1543
17 1546
17 1560
17 1772
17 1797
17 1818
17 1996
17 2116
17 2126
17 2206
17 2211
17 2321
17 2369
17 2372
17 2410
17 2599
17 2832
17 3084
17 3087
17 3132
17 3141
17 3190
17 3205
17 3257
17 3385
17 3405
17 3503
17 3531
17 3535
17 3543
17 3611
17 3734
17 3834
17 3913
17 3923
17 4341
17 4742
17 4789
17 4801
17 4967
18 29
18 37
18 40
18 44
18 48
18 76
18 90
18 109
18 111
18 189
18 199
18 244
18 288
18 292
18 293
18 320
18 372
18 447
18 574
18 646
18 650
18 738
18 780
18 795
18 814
18 819
18 832
18 861
18 901
18 914
18 917
18 947
18 949
18 966
18 1051
18 1165
18 1177
18 1223
18 1283
18 1321
18 1423
18 1434
18 1463
18 1532
18 1573
18 1612
18 1663
18 1711
18 1800
18 1832
18 1846
18 1944
18 2104
18 2166
18 2222
18 2412
18 2556
18 2573
18 2579
18 2774
18 2905
18 2924
18 2985
18 3036
18 3164
18 3257
18 3302
18 3339
18 3356
18 3403
18 3642
18 3645
18 3650
18 3744
18 3836
18 3892
18 3996
18 4003
18 4143
18 4202
18 4214
18 4318
18 4436
18 4545
18 4633
18 4652
18 4700
18 4717
18 4835
18 4836
18 4840
19 20
19 21
19 25
19 33
19 35
19 97
19 109
19 122
19 129
19 171
19 177
19 190
19 200
19 250
19 322
19 357
19 367
19 412
19 632
19 827
19 867
19 1327
19 1394
19 1395
19 1402
19 1568
19 1574
19 1615
19 1693
19 1723
19 1734
19 1792
19 1829
19 1852
19 1877
19 1996
19 2140
19 2169
19 2173
19 2217
19 2224
19 2300
19 2384
19 2464
19 2487
19 2574
19 2629
19 2702
19 2792
19 3194
19 3500
19 3799
19 3870
19 3917
19 4073
19 4119
19 4255
19 4282
19 4417
19 4492
19 4561
19 4680
19 4943
20 21
20 53
20 55
20 60
20 61
20 63
20 101
20 105
20 119
20 139
20 169
20 178
20 179
20 187
20 218
20 243
20 249
20 253
20 280
20 301
20 339
20 364
20 425
20 428
20 464
20 498
20 549
20 577
20 640
20 651
20 670
20 685
20 720
20 751
20 756
20 797
20 833
20 838
20 887
20 974
20 999
20 1045
20 1095
20 1155
20 1156
20 1167
20 1195
20 1430
20 1449
20 1487
20 1540
20 1657
20 1752
20 1804
20 1910
20 1912
20 1953
20 1973
20 2028
20 2107
20 2173
20 2198
20 2221
20 2621
20 2650
20 2665
20 2690
20 2817
20 2859
20 2903
20 2963
20 2969
20 3095
20 3216
20 3252
20 3522
20 3542
20 3696
20 3756
20 3825
20 3886
20 4244
20 4247
20 4315
20 4328
20 4339
20 4493
20 4494
20 4520
20 4745
20 4825
21 24
21 25
21 32
21 112
21 154
21 187
21 189
21 250
21 274
21 289
21 298
21 405
21 451
21 622
21 623
21 625
21 642
21 678
21 758
21 801
21 852
21 902
21 1003
21 1226
21 1264
21 1371
21 1703
21 1741
21 1755
21 1931
21 1940
21 2107
21 2398
21 2456
21 2493
21 2543
21 2696
21 2750
21 2786
21 2798
21 2902
21 3241
21 3256
21 3267
21 3763
21 3917
21 4217
22 48
22 66
22 71
22 110
22 120
22 169
22 586
22 1344
22 1591
22 1668
22 1890
22 2269
22 2443
22 2873
22 2890
22 3002
22 3051
22 4136
22 4448
23 27
23 93
23 102
23 111
23 133
23 1201
23 1391
23 1629
23 2062
23 2074
23 2307
23 3152
23 3557
24 28
24 32
24 44
24 50
24 54
24 75
24 78
24 112
24 114
24 138
24 156
24 295
24 298
24 309
24 335
24 369
24 401
24 427
24 448
24 457
24 460
24 509
24 596
24 620
24 664
24 665
24 711
24 764
24 842
24 896
24 984
24 1044
24 1058
24 1114
24 1198
24 1216
24 1321
24 1335
24 1386
24 1391
24 1398
24 1404
24 1472
24 1524
24 1770
24 1860
24 2014
24 2059
24 2219
24 2255
24 2352
24 2411
24 2549
24 2590
24 2734
24 2783
24 2860
24 2947
24 3060
24 3182
24 3246
24 3330
24 3532
24 3560
24 3880
24 3882
24 3975
24 3982
24 3985
24 4037
24 4049
24 4092
24 4157
24 4171
24 4222
24 4317
24 4550
24 4632
24 4634
24 4656
24 4694
24 4700
24 4734
25 39
25 51
25 205
25 285
25 296
25 302
25 367
25 467
25 513
25 669
25 746
25 758
25 978
25 985
25 986
25 1022
25 1077
25 1083
25 1326
25 1485
25 1760
25 1767
25 1815
25 1816
25 2102
25 2187
25 2439
25 2461
25 2528
25 2620
25 2635
25 3320
25 3937
25 3971
25 4015
25 4234
25 4582
25 4757
25 4793
25 4858
25 4889
26 38
26 47
26 49
26 57
26 173
26 182
26 251
26 307
26 389
26 411
26 472
26 474
26 561
26 566
26 613
26 621
26 622
26 666
26 783
26 867
26 920
26 969
26 1159
26 1492
26 1514
26 2326
26 2353
26 2474
26 2509
26 2800
26 3217
26 3251
26 3308
26 3417
26 3738
26 4001
26 4098
26 4300
26 4319
26 4631
26 4766
27 31
27 34
27 41
27 43
27 79
27 82
27 107
27 174
27 202
27 220
27 246
27 357
27 462
27 536
27 651
27 708
27 716
27 794
27 816
27 858
27 884
27 952
27 963
27 991
27 1359
27 1491
27 1752
27 1861
27 1887
27 1925
27 1995
27 2050
27 2126
27 2205
27 2289
27 2395
27 2432
27 2551
27 2557
27 2558
27 2848
27 2999
27 3225
27 3509
27 3524
27 3552
27 3669
27 3785
27 3975
27 3988
27 4321
27 4464
27 4554
27 4591
27 4630
27 4815
27 4825
27 4842
28 35
28 53
28 54
28 103
28 126
28 162
28 259
28 270
28 280
28 306
28 317
28 553
28 700
28 786
28 810
28 844
28 1017
28 1105
28 1268
28 1385
28 1468
28 1472
28 1483
28 1505
28 1672
28 1708
28 1737
28 1937
28 2027
28 2075
28 2213
28 2456
28 2537
28 2751
28 2771
28 2802
28 2813
28 2862
28 3103
28 3229
28 3400
28 3688
28 3842
28 4422
28 4514
28 4565
28 4649
29 37
29 55
29 74
29 82
29 87
29 194
29 272
29 438
29 586
29 658
29 686
29 688
29 824
29 993
29 1029
29 1565
29 1927
29 2369
29 2466
29 2475
29 2553
29 2622
29 3060
29 3601
29 3850
29 4018
29 4355
30 69
30 84
30 355
30 477
30 643
30 734
30 1879
30 2262
30 3713
30 3775
30 4850
31 46
31 58
31 81
31 115
31 166
31 240
31 248
31 480
31 550
31 645
31 722
31 1011
31 1348
31 1502
31 1728
31 3591
31 3640
31 4618
32 34
32 41
32 43
32 50
32 54
32 67
32 73
32 88
32 112
32 116
32 117
32 118
32 122
32 140
32 155
32 166
32 167
32 197
32 212
32 246
32 259
32 290
32 325
32 341
32 403
32 405
32 424
32 449
32 472
32 499
32 500
32 509
32 521
32 522
32 551
32 631
32 670
32 680
32 749
32 800
32 803
32 809
32 828
32 906
32 922
32 955
32 972
32 1000
32 1005
32 1007
32 1048
32 1078
32 1126
32 1233
32 1256
32 1272
32 1329
32 1369
32 1422
32 1433
32 1453
32 1535
32 1582
32 1617
32 1630
32 1643
32 1644
32 1676
32 1744
32 1755
32 1781
32 1806
32 1816
32 1852
32 1880
32 1912
32 1915
32 1946
32 1951
32 1956
32 2019
32 2044
32 2045
32 2086
32 2117
32 2185
32 2363
32 2388
32 2508
32 2520
32 2569
32 2660
32 2671
32 2673
32 2716
32 2720
32 2732
32 2879
32 2900
32 2906
32 2946
32 3020
32 3032
32 3087
32 3097
32 3105
32 3170
32 3258
32 3267
32 3302
32 3363
32 3514
32 3556
32 3580
32 3584
32 3668
32 3795
32 3851
32 3872
32 3974
32 4047
32 4080
32 4167
32 4187
32 4472
32 4502
32 4571
32 4634
32 4656
32 4718
32 4760
32 4880
32 4961
33 64
33 113
33 120
33 161
33 165
33 175
33 215
33 233
33 281
33 312
33 332
33 352
33 360
33 378
33 390
33 431
33 442
33 453
33 461
33 531
33 568
33 582
33 586
33 683
33 699
33 742
33 766
33 774
33 806
33 813
33 892
33 909
33 923
33 941
33 942
33 1010
33 1102
33 1108
33 1351
33 1423
33 1444
33 1465
33 1467
33 1597
33 1726
33 1848
33 1943
33 2016
33 2052
33 2068
33 2172
33 2202
33 2249
33 2264
33 2297
33 2439
33 2462
33 2470
33 2554
33 2621
33 2629
33 2638
33 2693
33 2773
33 2916
33 2958
33 3062
33 3067
33 3230
33 3303
33 3576
33 3619
33 3797
33 3834
33 4118
33 4119
33 4142
33 4192
33 4310
33 4486
33 4576
34 50
34 52
34 53
34 60
34 70
34 75
34 80
34 91
34 93
34 96
34 148
34 176
34 180
34 251
34 253
34 260
34 300
34 345
34 379
34 426
34 437
34 450
34 468
34 505
34 551
34 569
34 599
34 603
34 607
34 665
34 672
34 706
34 719
34 762
34 857
34 913
34 976
34 1001
34 1078
34 1110
34 1130
34 1143
34 1196
34 1255
34 1276
34 1355
34 1424
34 1454
34 1457
34 1521
34 1524
34 1576
34 1614
34 1643
34 1757
34 1788
34 1955
34 1993
34 2049
34 2114
34 2230
34 2234
34 2328
34 2378
34 2406
34 2478
34 2538
34 2597
34 2898
34 3036
34 3161
34 3210
34 3332
34 3561
34 3565
34 3676
34 3678
34 3802
34 3828
34 3838
34 3853
34 3869
34 3903
34 3966
34 3983
34 3991
34 4010
34 4088
34 4117
34 4467
34 4566
34 4617
34 4663
34 4849
34 4949
35 85
35 113
35 198
35 208
35 218
35 273
35 279
35 349
35 368
35 375
35 392
35 496
35 504
35 526
35 529
35 610
35 705
35 1020
35 1111
35 1197
35 1254
35 1266
35 1284
35 1454
35 1478
35 1677
35 1690
35 1694
35 1696
35 1710
35 1831
35 1884
35 1915
35 2099
35 2168
35 2414
35 2544
35 2863
35 2884
35 2918
35 3049
35 3221
35 3299
35 3349
35 3412
35 3669
35 3870
35 3926
35 3980
35 3985
35 4050
35 4184
35 4267
35 4344
36 106
36 117
36 140
36 163
36 168
36 181
36 196
36 354
36 356
36 470
36 531
36 644
36 878
36 996
36 1548
36 1597
36 1696
36 1753
36 1977
36 2189
36 2348
36 2431
36 2493
36 3314
36 3458
36 3470
36 3686
36 4719
36 4822
36 4866
37 57
37 66
37 75
37 76
37 245
37 269
37 318
37 321
37 339
37 341
37 416
37 756
37 776
37 826
37 961
37 1164
37 1174
37 1175
37 1184
37 1215
37 1676
37 1755
37 2282
37 2342
37 2361
37 2431
37 3405
37 3482
37 3788
37 4224
37 4247
37 4402
37 4451
37 4538
37 4709
37 4791
38 49
38 56
38 148
38 167
38 209
38 389
38 621
38 1030
38 1141
38 1291
38 1386
38 1412
38 2572
38 2872
38 3365
38 3670
38 4678
39 176
39 309
39 374
39 401
39 452
39 513
39 1133
39 1806
39 2006
39 2433
39 4519
40 55
40 72
40 84
40 130
40 132
40 148
40 261
40 270
40 283
40 288
40 392
40 529
40 537
40 549
40 600
40 680
40 686
40 710
40 780
40 812
40 947
40 1320
40 1384
40 1645
40 1689
40 1702
40 1868
40 1882
40 1936
40 2068
40 2108
40 2185
40 2223
40 2389
40 2573
40 2739
40 2912
40 3058
40 3307
40 3334
40 3464
40 3529
40 3561
40 3934
40 4182
40 4231
40 4314
40 4436
40 4523
40 4973
41 43
41 45
41 56
41 94
41 98
41 112
41 116
41 118
41 121
41 135
41 151
41 196
41 197
41 211
41 384
41 388
41 391
41 413
41 453
41 477
41 479
41 497
41 517
41 554
41 570
41 573
41 598
41 609
41 611
41 629
41 652
41 673
41 690
41 745
41 795
41 803
41 858
41 860
41 871
41 913
41 955
41 975
41 1010
41 1047
41 1147
41 1150
41 1164
41 1208
41 1303
41 1328
41 1715
41 1756
41 1758
41 1860
41 1908
41 2022
41 2098
41 2178
41 2188
41 2337
41 2592
41 2670
41 2717
41 2757
41 2809
41 2982
41 3031
41 3035
41 3054
41 3185
41 3222
41 3300
41 3609
41 3636
41 3910
41 3969
41 3988
41 4066
41 4107
41 4128
41 4205
41 4217
41 4362
41 4365
41 4380
41 4457
41 4566
41 4573
41 4581
41 4842
42 61
42 65
42 67
42 72
42 73
42 103
42 107
42 117
42 122
42 134
42 158
42 160
42 163
42 174
42 175
42 182
42 207
42 208
42 219
42 303
42 313
42 384
42 393
42 441
42 473
42 475
42 556
42 557
42 560
42 588
42 719
42 728
42 760
42 797
42 818
42 822
42 826
42 827
42 840
42 855
42 870
42 877
42 973
42 1031
42 1099
42 1124
42 1177
42 1206
42 1221
42 1239
42 1255
42 1281
42 1301
42 1325
42 1331
42 1374
42 1588
42 1608
42 1655
42 1681
42 1913
42 1981
42 2011
42 2053
42 2101
42 2136
42 2198
42 2251
42 2258
42 2307
42 2477
42 2485
42 2747
42 2755
42 2853
42 2857
42 3046
42 3191
42 3200
42 3207
42 3324
42 3463
42 3511
42 3530
42 3588
42 3613
42 3870
42 3961
42 4124
42 4134
42 4144
42 4206
42 4323
42 4382
42 4442
42 4510
42 4523
42 4557
42 4779
42 4803
43 45
43 50
43 62
43 93
43 97
43 118
43 200
43 205
43 209
43 231
43 264
43 265
43 292
43 326
43 337
43 367
43 503
43 518
43 525
43 540
43 569
43 627
43 672
43 808
43 893
43 1062
43 1064
43 1109
43 1110
43 1125
43 1195
43 1293
43 1462
43 1534
43 1571
43 1586
43 1613
43 1727
43 1832
43 1883
43 1898
43 2027
43 2104
43 2125
43 2126
43 2130
43 2295
43 2623
43 2820
43 3151
43 3250
43 3487
43 3593
43 3740
43 3771
43 3824
43 3835
43 3867
43 3894
43 4013
43 4374
43 4544
43 4698
44 96
44 191
44 226
44 234
44 249
44 312
44 371
44 385
44 466
44 545
44 607
44 622
44 723
44 731
44 782
44 817
44 836
44 862
44 936
44 1002
44 1051
44 1071
44 1080
44 1287
44 1361
44 1367
44 1369
44 1392
44 1743
44 1762
44 1794
44 1850
44 1935
44 1944
44 1986
44 2021
44 2167
44 2291
44 2392
44 2465
44 2583
44 2625
44 2686
44 2742
44 2819
44 3352
44 3543
44 3597
44 3762
44 4102
44 4306
44 4443
44 4847
45 116
45 186
45 195
45 211
45 286
45 627
45 1031
45 1076
45 1293
45 2221
45 2337
45 2360
45 3007
45 3128
45 3176
45 4033
45 4592
45 4924
46 59
46 63
46 141
46 142
46 168
46 179
46 201
46 333
46 336
46 396
46 440
46 476
46 510
46 564
46 630
46 687
46 724
46 763
46 863
46 929
46 1066
46 1146
46 1450
46 1564
46 1824
46 2192
46 2304
46 2372
46 2561
46 2616
46 2706
46 2747
46 2855
46 2866
46 3017
46 3098
46 3204
46 3418
46 3773
46 3826
46 3959
46 4801
47 56
47 90
47 131
47 347
47 351
47 893
47 1052
47 1434
47 1678
47 1940
47 2338
47 2516
47 3251
48 49
48 135
48 137
48 193
48 199
48 244
48 282
48 307
48 338
48 381
48 390
48 416
48 520
48 545
48 650
48 654
48 707
48 989
48 1059
48 1082
48 1196
48 1394
48 1465
48 1493
48 1561
48 1575
48 1607
48 1624
48 1731
48 1810
48 1857
48 2143
48 2256
48 2437
48 2470
48 2632
48 2662
48 2682
48 2752
48 2776
48 2859
48 2890
48 3025
48 3038
48 3173
48 3189
48 3544
48 3748
48 3751
48 3758
48 3802
48 3882
48 4121
48 4266
48 4287
48 4413
48 4684
48 4687
48 4968
49 62
49 87
49 149
49 220
49 284
49 328
49 423
49 543
49 545
49 584
49 654
49 766
49 784
49 857
49 1100
49 1132
49 1155
49 1320
49 1400
49 1460
49 1671
49 1791
49 1823
49 1833
49 1881
49 1892
49 1928
49 2135
49 2278
49 2406
49 2414
49 2482
49 2890
49 3025
49 3076
49 3210
49 3312
49 3911
49 3919
49 3987
49 4008
49 4559
49 4643
49 4754
49 4928
50 53
50 58
50 98
50 156
50 298
50 345
50 382
50 391
50 413
50 422
50 449
50 472
50 676
50 926
50 995
50 1038
50 1118
50 1121
50 1288
50 1346
50 1376
50 1425
50 1446
50 1560
50 1602
50 2001
50 2003
50 2017
50 2041
50 2117
50 2278
50 2561
50 2599
50 2876
50 3007
50 3174
50 3221
50 3265
50 3453
50 3531
50 3572
50 4240
50 4699
50 4725
51 64
51 65
51 70
51 81
51 106
51 110
51 124
51 131
51 143
51 146
51 177
51 204
51 214
51 234
51 267
51 278
51 314
51 340
51 415
51 421
51 433
51 444
51 516
51 526
51 533
51 548
51 572
51 575
51 641
51 661
51 731
51 746
51 747
51 752
51 766
51 768
51 772
51 777
51 869
51 902
51 937
51 984
51 1024
51 1053
51 1121
51 1139
51 1143
51 1158
51 1199
51 1208
51 1279
51 1341
51 1360
51 1378
51 1406
51 1417
51 1454
51 1458
51 1483
51 1509
51 1510
51 1523
51 1529
51 1704
51 1766
51 1850
51 1914
51 1961
51 1995
51 2060
51 2095
51 2223
51 2361
51 2362
51 2367
51 2408
51 2487
51 2503
51 2513
51 2535
51 2538
51 2552
51 2609
51 2613
51 2669
51 2686
51 2704
51 2740
51 2786
51 2831
51 2939
51 2953
51 3038
51 3052
51 3180
51 3395
51 3439
51 3517
51 3546
51 3685
51 3725
51 3823
51 3858
51 3891
51 3967
51 4060
51 4111
51 4249
51 4264
51 4427
51 4480
51 4496
51 4531
51 4543
51 4628
51 4667
51 4839
51 4841
51 4933
51 4961
52 245
52 455
52 604
52 672
52 769
52 990
52 1425
52 1503
52 1555
52 1662
52 3192
52 3407
52 3537
52 4356
53 60
53 61
53 70
53 114
53 126
53 138
53 165
53 169
53 279
53 364
53 379
53 382
53 467
53 487
53 537
53 603
53 701
53 725
53 891
53 1089
53 1105
53 1263
53 1357
53 1698
53 2112
53 2534
53 2562
53 2565
53 2759
53 2762
53 3053
53 3086
53 3102
53 3196
53 3603
53 3614
53 3866
53 3875
53 3876
53 3970
53 4336
53 4579
53 4640
53 4879
53 4929
54 170
54 193
54 203
54 309
54 427
54 541
54 764
54 1263
54 1700
54 1845
54 2171
54 2269
54 2339
54 2356
54 2440
54 3062
54 3207
54 3265
54 3279
54 3364
54 3484
54 3595
54 3824
54 4370
54 4649
55 74
55 97
55 109
55 147
55 169
55 177
55 237
55 261
55 278
55 343
55 349
55 363
55 423
55 668
55 847
55 1014
55 1149
55 2399
55 2558
55 3060
55 3091
55 3279
55 3466
55 3597
55 3889
56 593
56 871
56 1048
56 1513
56 1808
56 1978
56 2034
56 2542
56 3130
56 3168
56 3218
56 3430
56 3637
56 3743
56 3846
56 4007
56 4066
56 4205
57 71
57 80
57 88
57 91
57 163
57 182
57 188
57 223
57 227
57 269
57 272
57 281
57 293
57 306
57 339
57 341
57 345
57 373
57 380
57 400
57 404
57 431
57 465
57 475
57 484
57 486
57 512
57 534
57 593
57 637
57 639
57 657
57 690
57 714
57 789
57 882
57 907
57 926
57 958
57 1002
57 1018
57 1033
57 1044
57 1168
57 1294
57 1296
57 1351
57 1378
57 1428
57 1617
57 1658
57 1671
57 1735
57 1768
57 1787
57 1838
57 1840
57 2000
57 2004
57 2010
57 2023
57 2066
57 2122
57 2361
57 2377
57 2382
57 2406
57 2417
57 2550
57 2617
57 2834
57 2933
57 2953
57 2979
57 3001
57 3066
57 3109
57 3150
57 3333
57 3350
57 3390
57 3414
57 3416
57 3425
57 3444
57 3600
57 3661
57 3752
57 3760
57 3769
57 3940
57 3942
57 3945
57 3953
57 4026
57 4106
57 4138
57 4165
57 4427
57 4466
57 4507
57 4626
57 4667
57 4715
57 4726
58 74
58 92
58 141
58 228
58 250
58 267
58 383
58 425
58 508
58 544
58 572
58 662
58 713
58 918
58 920
58 927
58 929
58 957
58 971
58 1060
58 1095
58 1100
58 1138
58 1288
58 1299
58 1343
58 1415
58 1429
58 1438
58 1457
58 1553
58 1582
58 1779
58 1873
58 1904
58 2088
58 2105
58 2625
58 2677
58 2828
58 3072
58 3605
58 3882
58 3905
58 4064
58 4109
58 4190
58 4511
58 4638
58 4659
58 4676
58 4794
58 4813
58 4874
58 4901
59 60
59 141
59 150
59 244
59 321
59 450
59 478
59 564
59 636
59 850
59 881
59 981
59 1431
59 1450
59 1474
59 1553
59 1559
59 1591
59 1855
59 2315
59 2432
59 2737
59 2870
59 3304
59 3399
59 3767
59 3783
59 3871
59 4067
59 4136
59 4154
59 4459
60 61
60 63
60 93
60 98
60 114
60 128
60 136
60 141
60 191
60 201
60 219
60 263
60 274
60 320
60 350
60 358
60 401
60 471
60 474
60 496
60 505
60 535
60 559
60 568
60 596
60 621
60 716
60 848
60 894
60 948
60 1019
60 1357
60 1717
60 1751
60 1765
60 1855
60 1865
60 1927
60 2015
60 2116
60 2160
60 2733
60 2844
60 3091
60 3282
60 3314
60 3719
60 3753
60 3815
60 3875
60 4067
60 4083
60 4479
60 4485
60 4666
60 4744
60 4765
60 4826
61 63
61 167
61 168
61 173
61 239
61 272
61 327
61 344
61 420
61 553
61 563
61 821
61 845
61 939
61 1009
61 1049
61 1127
61 1774
61 2496
61 2700
61 2759
61 2844
61 3041
61 3405
61 3456
61 4004
61 4089
61 4161
61 4198
61 4225
61 4733
61 4814
62 231
62 328
62 461
62 790
62 1081
62 1117
62 1172
62 1612
62 1685
62 1844
62 2066
62 2159
62 2561
62 2965
62 2976
62 3553
62 3903
62 4065
62 4116
62 4474
62 4667
63 64
63 66
63 85
63 150
63 152
63 157
63 232
63 257
63 369
63 697
63 848
63 946
63 1011
63 1037
63 1049
63 1139
63 1431
63 1550
63 1801
63 1865
63 1866
63 2069
63 2214
63 2816
63 3227
63 3372
63 4293
63 4711
63 4838
64 152
64 390
64 406
64 434
64 587
64 686
64 714
64 778
64 922
64 983
64 1052
64 1139
64 1169
64 1245
64 1251
64 1378
64 1381
64 1427
64 1523
64 1818
64 1872
64 1905
64 2030
64 2391
64 2415
64 2565
64 2764
64 3033
64 3112
64 3198
64 3685
64 3709
64 4125
64 4305
64 4835
65 68
65 69
65 72
65 124
65 152
65 174
65 311
65 565
65 573
65 925
65 1001
65 1053
65 1124
65 1214
65 1327
65 1562
65 1629
65 1705
65 1722
65 1773
65 1987
65 1990
65 2077
65 2238
65 2329
65 2352
65 2702
65 2825
65 2887
65 2945
65 3126
65 3262
65 3388
65 3517
65 3530
65 3540
65 3824
65 4098
65 4162
65 4423
66 77
66 89
66 110
66 154
66 160
66 183
66 187
66 195
66 217
66 268
66 299
66 369
66 405
66 489
66 524
66 694
66 806
66 944
66 961
66 1193
66 1258
66 1335
66 1424
66 1510
66 1692
66 1752
66 1998
66 2596
66 2717
66 2957
66 2984
66 3071
66 3228
66 3874
66 3994
66 4032
66 4076
66 4368
66 4451
66 4651
67 90
67 128
67 133
67 229
67 397
67 542
67 595
67 909
67 948
67 956
67 1233
67 1756
67 1928
67 2375
67 2498
67 2554
67 2586
67 2943
67 2955
67 3432
67 3446
67 3565
67 3704
67 3863
67 3940
67 4327
67 4361
67 4522
67 4669
68 311
68 729
68 829
68 1006
68 1187
68 1676
68 1926
68 3116
68 3985
68 4468
68 4545
69 84
69 174
69 211
69 247
69 311
69 326
69 429
69 600
69 701
69 783
69 1057
69 1309
69 1799
69 2253
69 2486
69 2800
69 2973
69 4465
70 348
70 444
70 569
70 752
70 756
70 1292
70 1469
70 1505
70 1664
70 1743
70 2064
70 2227
70 2314
70 2366
70 2676
70 2714
70 3297
70 3750
70 4117
70 4249
70 4267
70 4348
70 4783
71 127
71 156
71 297
71 314
71 318
71 400
71 454
71 712
71 726
71 1207
71 3187
71 3642
71 3814
71 4099
72 134
72 157
72 423
72 462
72 466
72 502
72 537
72 728
72 820
72 830
72 870
72 879
72 910
72 979
72 1179
72 1551
72 1631
72 1773
72 1811
72 1990
72 2196
72 2243
72 2271
72 2327
72 2487
72 2606
72 2687
72 2692
72 2774
72 2930
72 3125
72 3435
72 3529
72 3546
72 3666
72 3981
72 4011
72 4214
72 4257
72 4520
72 4673
72 4702
72 4733
73 99
73 158
73 165
73 340
73 542
73 670
73 758
73 1177
73 1186
73 1206
73 1419
73 1432
73 1557
73 1702
73 1751
73 1973
73 1981
73 2050
73 2355
73 2435
73 2473
73 2517
73 2553
73 2660
73 2719
73 2792
73 3153
73 3268
73 3551
73 3766
73 3947
73 4157
73 4189
73 4191
73 4406
73 4478
73 4712
73 4794
73 4863
73 4943
74 113
74 135
74 142
74 188
74 260
74 262
74 438
74 525
74 544
74 744
74 770
74 979
74 1021
74 1036
74 1068
74 1342
74 1365
74 1932
74 2036
74 2052
74 2372
74 2823
74 3161
74 3224
74 3373
74 3739
74 3804
74 3845
74 3850
74 3906
74 4303
74 4330
74 4376
74 4809
74 4861
75 100
75 155
75 305
75 589
75 652
75 753
75 825
75 1028
75 1085
75 1271
75 1276
75 1701
75 1792
75 1891
75 2048
75 2100
75 2128
75 2294
75 2668
75 2853
75 2971
75 3476
75 3482
75 3794
75 4287
75 4732
76 414
76 864
76 1245
76 1283
76 1461
76 1463
76 2822
76 2876
76 3521
76 3629
76 3996
76 4537
77 125
77 140
77 145
77 456
77 580
77 590
77 876
77 988
77 1237
77 1395
77 1692
77 2194
77 2959
77 3059
77 3175
77 3371
77 3561
77 3579
77 3655
77 4017
77 4264
77 4499
78 83
78 92
78 94
78 123
78 143
78 164
78 200
78 205
78 282
78 290
78 328
78 376
78 399
78 505
78 519
78 522
78 542
78 644
78 773
78 796
78 799
78 823
78 935
78 1026
78 1067
78 1072
78 1115
78 1144
78 1179
78 1197
78 1279
78 1440
78 1466
78 1490
78 1537
78 2084
78 2175
78 2195
78 2302
78 2370
78 2457
78 2500
78 2648
78 2911
78 2925
78 3151
78 3528
78 3937
78 4431
78 4488
78 4742
79 80
79 91
79 95
79 394
79 488
79 817
79 1149
79 1726
79 2472
79 2661
80 91
80 160
80 171
80 188
80 227
80 329
80 394
80 400
80 492
80 536
80 546
80 563
80 717
80 754
80 828
80 874
80 878
80 961
80 1224
80 1301
80 1803
80 1891
80 1938
80 1979
80 2004
80 2127
80 2128
80 2225
80 2230
80 2472
80 2571
80 2711
80 2949
80 3068
80 3504
80 3641
80 3934
80 3958
80 3964
80 3969
80 4005
80 4222
80 4455
80 4462
80 4810
81 111
81 115
81 173
81 194
81 198
81 235
81 303
81 330
81 338
81 383
81 432
81 436
81 471
81 525
81 529
81 576
81 698
81 798
81 844
81 923
81 941
81 1003
81 1054
81 1233
81 1455
81 1630
81 1668
81 2347
81 2407
81 2413
81 2415
81 2632
81 2688
81 2939
81 3184
81 3348
81 3639
81 3640
81 3775
81 3867
81 4142
81 4366
81 4681
81 4702
81 4843
82 96
82 104
82 203
82 331
82 399
82 469
82 477
82 485
82 506
82 507
82 512
82 574
82 724
82 804
82 934
82 1069
82 1106
82 1135
82 1183
82 1187
82 1278
82 1362
82 1366
82 1536
82 1617
82 1791
82 1819
82 2380
82 2429
82 2459
82 3423
82 3580
82 3627
82 3751
82 4604
82 4607
82 4887
82 4958
83 108
83 123
83 129
83 254
83 342
83 354
83 434
83 460
83 499
83 595
83 618
83 655
83 718
83 747
83 796
83 830
83 980
83 1020
83 1186
83 1285
83 1314
83 1498
83 1659
83 1742
83 1967
83 1975
83 2019
83 2113
83 2245
83 2381
83 2765
83 2789
83 3036
83 3076
83 3135
83 3162
83 3248
83 3734
83 3991
83 4056
83 4316
83 4423
83 4604
83 4723
83 4758
83 4880
84 95
84 99
84 208
84 221
84 329
84 592
84 709
84 1014
84 1240
84 1326
84 1391
84 1438
84 1482
84 1649
84 1727
84 2322
84 2701
84 2726
84 2841
84 2902
84 2928
84 3162
84 3245
84 3310
84 3366
84 3473
84 3931
84 4081
84 4277
84 4358
84 4496
84 4888
85 101
85 196
85 228
85 464
85 489
85 500
85 526
85 540
85 1155
85 1178
85 1281
85 1418
85 1505
85 1635
85 1653
85 1778
85 1801
85 1888
85 2227
85 2604
85 2719
85 2801
85 2805
85 2931
85 3427
85 3702
85 3826
85 4087
85 4184
85 4217
85 4349
85 4671
85 4723
85 4846
85 4964
86 162
86 324
86 627
86 2000
86 2289
86 2333
86 2716
86 3143
86 3216
86 3299
86 4316
86 4375
86 4499
86 4856
87 445
87 659
87 1736
87 2602
87 3762
88 118
88 172
88 197
88 239
88 263
88 266
88 293
88 366
88 403
88 411
88 415
88 492
88 531
88 559
88 607
88 672
88 812
88 883
88 925
88 983
88 1045
88 1072
88 1085
88 1112
88 1187
88 1226
88 1234
88 1299
88 1484
88 1603
88 1607
88 1705
88 1911
88 2129
88 2155
88 2233
88 2514
88 2836
88 2872
88 2993
88 3147
88 3195
88 3363
88 3433
88 3443
88 3448
88 3704
88 3831
88 3879
88 4112
88 4201
88 4545
88 4566
88 4682
88 4861
88 4936
89 214
89 242
89 299
89 452
89 524
89 541
89 757
89 948
89 1421
89 1471
89 1736
89 1786
89 1831
89 2030
89 2054
89 2619
89 3066
89 3472
89 4089
89 4310
90 99
90 120
90 126
90 187
90 225
90 254
90 293
90 324
90 333
90 336
90 562
90 580
90 584
90 587
90 915
90 1004
90 1176
90 1247
90 1534
90 1544
90 1572
90 1680
90 1706
90 1766
90 1808
90 2079
90 2109
90 2535
90 2797
90 2943
90 3419
90 3433
90 3564
90 3579
90 3658
90 3707
90 3832
90 3835
90 4141
90 4170
90 4445
90 4569
90 4694
90 4875
90 4959
91 844
91 872
91 1035
91 1044
91 1579
91 2441
91 2529
91 3110
91 3280
91 3893
91 4009
91 4567
92 133
92 143
92 222
92 228
92 315
92 494
92 912
92 1095
92 1180
92 1182
92 1320
92 1464
92 1554
92 1607
92 1634
92 2073
92 2094
92 2103
92 2259
92 2974
92 3248
92 3512
92 3585
92 4010
92 4218
92 4931
93 136
93 1215
93 1517
93 1656
93 1740
93 1754
93 2611
93 3223
93 3429
93 3445
93 3554
93 3847
93 4025
93 4076
94 505
94 544
94 670
94 823
94 860
94 867
94 950
94 991
94 1097
94 1099
94 1933
94 2453
94 2518
94 3624
94 3699
94 4023
94 4359
94 4444
94 4587
95 195
95 265
95 556
95 671
95 1116
95 1992
95 3445
95 3446
95 3603
95 4532
96 154
96 335
96 385
96 399
96 449
96 501
96 517
96 797
96 1019
96 1088
96 1200
96 1207
96 1319
96 1353
96 1365
96 1651
96 1743
96 1985
96 2155
96 2378
96 2531
96 2583
96 2666
96 2889
96 2891
96 3075
96 3159
96 3190
96 3232
96 3347
96 4031
96 4105
96 4544
96 4695
96 4936
96 4962
97 137
97 163
97 259
97 267
97 440
97 599
97 663
97 854
97 1230
97 1303
97 1441
97 1459
97 1462
97 1495
97 1599
97 1759
97 1849
97 1850
97 2416
97 2771
97 3009
97 3208
97 3539
97 3695
97 3805
97 3973
97 4073
97 4430
97 4591
97 4950
98 115
98 233
98 264
98 295
98 318
98 332
98 446
98 516
98 528
98 532
98 576
98 903
98 929
98 977
98 987
98 999
98 1008
98 1043
98 1101
98 1122
98 1198
98 1285
98 1387
98 1398
98 1401
98 1555
98 1592
98 1632
98 1691
98 1856
98 1995
98 2021
98 2118
98 2140
98 2147
98 2267
98 2270
98 2422
98 2582
98 2854
98 2860
98 3111
98 3137
98 3231
98 3340
98 3352
98 3433
98 3491
98 3594
98 3604
98 3648
98 3715
98 4155
98 4624
99 134
99 215
99 387
99 459
99 542
99 821
99 866
99 944
99 1086
99 1380
99 1476
99 1640
99 1789
99 2079
99 2402
99 2435
99 2933
99 3245
99 3253
99 3419
99 3444
99 3651
99 3694
99 4478
99 4755
100 101
100 124
100 144
100 151
100 219
100 223
100 235
100 237
100 243
100 305
100 456
100 494
100 540
100 618
100 652
100 801
100 921
100 924
100 930
100 988
100 990
100 1034
100 1128
100 1137
100 1217
100 1278
100 1515
100 1543
100 1708
100 1887
100 2057
100 2498
100 2524
100 2598
100 2636
100 2912
100 3024
100 3199
100 3343
100 3545
100 3754
100 3996
100 4116
100 4208
100 4395
100 4535
100 4555
100 4635
100 4891
101 119
101 285
101 429
101 453
101 464
101 657
101 701
101 804
101 904
101 1012
101 1018
101 1031
101 1060
101 1094
101 1343
101 1372
101 1414
101 1484
101 1601
101 1956
101 2000
101 2026
101 2056
101 2359
101 2434
101 2539
101 3459
101 3752
101 4213
101 4259
101 4335
101 4795
101 4965
102 133
102 151
102 236
102 347
102 397
102 417
102 523
102 606
102 1202
102 1571
102 1754
102 1843
102 2177
102 2215
102 2854
102 3234
102 3281
102 4230
103 126
103 359
103 818
103 2648
104 115
104 145
104 198
104 365
104 506
104 642
104 727
104 792
104 804
104 862
104 1177
104 1349
104 1458
104 1522
104 1601
104 1721
104 1875
104 1962
104 2006
104 2046
104 2246
104 2260
104 2363
104 2481
104 2486
104 2580
104 2821
104 3030
104 3064
104 3122
104 3166
104 3218
104 3298
104 3572
104 3892
104 4351
105 108
105 128
105 179
105 184
105 369
105 411
105 436
105 861
105 995
105 1017
105 1035
105 1063
105 1261
105 1503
105 1504
105 1534
105 1860
105 1889
105 2029
105 2242
105 2640
105 2894
105 2914
105 3014
105 3042
105 3360
105 3370
105 3733
105 4048
105 4076
105 4362
105 4402
105 4437
105 4784
105 4826
105 4932
106 131
106 192
106 286
106 535
106 810
106 908
106 1056
106 1126
106 1204
106 1326
106 1339
106 1660
106 1701
106 1785
106 2525
106 2532
106 3101
106 3180
106 3550
107 125
107 168
107 208
107 415
107 437
107 560
107 785
107 817
107 991
107 1122
107 1130
107 1135
107 1442
107 1478
107 1525
107 1637
107 1789
107 2078
107 2144
107 2451
107 2467
107 2468
107 2544
107 2663
107 2672
107 3022
107 3388
107 3499
107 3635
107 4147
107 4556
107 4730
107 4910
107 4922
108 123
108 135
108 184
108 230
108 236
108 418
108 543
108 546
108 619
108 702
108 861
108 960
108 1002
108 1148
108 1223
108 1236
108 1569
108 1862
108 2156
108 2383
108 2391
108 2497
108 2925
108 3192
108 3309
108 3319
108 3727
108 4212
108 4301
108 4526
109 177
109 204
109 287
109 296
109 939
109 1019
109 1414
109 1677
109 1700
109 1813
109 2579
109 2637
109 2697
109 2737
109 3236
109 3361
109 3783
109 3862
109 4669
109 4740
110 324
110 697
110 1009
110 1476
110 1810
110 3178
110 3749
110 4642
111 238
111 316
111 901
111 1211
111 2579
111 2617
111 4811
112 213
112 1015
112 1175
113 136
113 161
113 162
113 188
113 210
113 260
113 306
113 458
113 497
113 540
113 571
113 737
113 837
113 862
113 915
113 1074
113 1103
113 1162
113 1397
113 1478
113 1496
113 1503
113 1548
113 1848
113 1901
113 1986
113 2088
113 2214
113 2216
113 2273
113 2275
113 2364
113 2383
113 2546
113 2657
113 2751
113 2753
113 2820
113 2828
113 3105
113 3218
113 3231
113 3375
113 3492
113 3571
113 3643
113 3813
113 3894
113 4259
113 4817
114 119
114 128
114 455
114 1017
114 1356
114 1384
114 1408
114 1624
114 1651
114 1775
114 1807
114 1829
114 2160
114 2228
114 2358
114 2764
114 3078
114 3167
114 3569
114 4288
115 149
115 194
115 210
115 698
115 789
115 1073
115 1551
115 2063
115 2268
115 2336
115 2649
115 2674
115 3593
115 4064
115 4500
115 4588
115 4768
116 130
116 170
116 178
116 186
116 193
116 296
116 304
116 312
116 387
116 485
116 552
116 667
116 729
116 740
116 792
116 801
116 884
116 915
116 974
116 1042
116 1073
116 1129
116 1267
116 1290
116 1328
116 1542
116 1733
116 1761
116 2279
116 2300
116 2440
116 2659
116 2729
116 2877
116 3029
116 3047
116 3150
116 3183
116 3277
116 3323
116 3375
116 3381
116 3723
116 3735
116 3836
116 3878
116 3897
116 4250
116 4255
116 4472
116 4898
117 228
117 276
117 409
117 475
117 495
117 507
117 1041
117 1170
117 1308
117 1707
117 1977
117 2274
117 2448
117 3407
117 4120
117 4155
117 4323
117 4610
117 4705
118 125
118 194
118 357
118 551
118 620
118 694
118 803
118 941
118 1289
118 1324
118 1441
118 1758
118 2941
118 3380
118 4346
119 127
119 203
119 243
119 429
119 492
119 838
119 858
119 890
119 1018
119 1063
119 1550
119 1718
119 3800
120 121
120 130
120 256
120 289
120 308
120 407
120 447
120 454
120 975
120 996
120 1165
120 1171
120 1250
120 2741
120 2869
120 3288
120 3296
120 3323
120 4555
121 241
121 329
121 715
121 1474
121 1539
121 1596
121 1924
121 2424
121 2931
121 3222
121 4326
121 4371
121 4764
121 4891
122 129
122 140
122 171
122 209
122 219
122 259
122 273
122 287
122 291
122 315
122 356
122 432
122 439
122 502
122 523
122 554
122 597
122 692
122 700
122 744
122 754
122 761
122 769
122 841
122 868
122 889
122 906
122 909
122 962
122 998
122 1000
122 1064
122 1076
122 1116
122 1118
122 1120
122 1132
122 1141
122 1150
122 1327
122 1368
122 1500
122 1545
122 1556
122 1559
122 1605
122 1620
122 1634
122 1679
122 1736
122 1786
122 1791
122 1793
122 1808
122 1845
122 1899
122 1946
122 2013
122 2017
122 2034
122 2085
122 2237
122 2393
122 2470
122 2538
122 2541
122 2673
122 2758
122 2778
122 2803
122 2854
122 3087
122 3194
122 3262
122 3293
122 3463
122 3637
122 3669
122 3767
122 3858
122 3876
122 3999
122 4017
122 4112
122 4209
122 4503
122 4539
122 4561
122 4719
122 4746
122 4848
122 4927
123 124
123 216
123 254
123 487
123 579
123 770
123 796
123 805
123 854
123 892
123 980
123 981
123 1290
123 1618
123 1814
123 1882
123 2053
123 2300
123 2540
123 3121
123 3625
123 3772
123 3807
123 4173
123 4223
123 4352
123 4666
123 4876
124 254
124 437
124 561
124 629
124 980
124 1150
124 1339
124 1402
124 1746
124 2562
124 3426
124 3488
124 3795
124 4860
124 4945
125 190
125 530
125 539
125 605
125 694
125 816
125 849
125 1153
125 1207
125 2379
125 2814
125 4318
126 325
126 344
126 367
126 624
126 685
126 739
126 811
126 814
126 936
126 1048
126 1093
126 1145
126 1174
126 1304
126 1442
126 1529
126 1674
126 2788
126 3200
126 3233
127 226
127 244
127 1092
128 132
128 181
128 655
128 825
128 900
128 995
128 999
128 1109
128 1129
128 1221
128 1810
128 1850
128 1854
128 2239
128 2453
128 2724
128 3014
128 3376
128 3645
128 3902
128 4300
128 4595
129 186
129 412
129 414
129 567
129 585
129 756
129 831
129 919
129 946
129 971
129 992
129 1070
129 1219
129 1242
129 1659
129 1854
129 1941
129 2255
129 2323
129 2479
129 2618
129 2892
129 3818
129 3953
129 3995
129 4335
129 4345
129 4396
129 4607
129 4736
129 4805
129 4927
129 4937
129 4969
130 170
130 172
130 192
130 202
130 252
130 275
130 297
130 304
130 364
130 515
130 721
130 768
130 868
130 953
130 972
130 996
130 1046
130 1112
130 1305
130 1477
130 1542
130 1712
130 2096
130 2445
130 2832
130 2858
130 2877
130 2913
130 2921
130 3001
130 3506
130 3634
130 3757
130 4196
130 4215
130 4216
130 4281
130 4729
131 152
131 232
131 277
131 314
131 359
131 377
131 416
131 418
131 482
131 552
131 597
131 730
131 811
131 818
131 834
131 872
131 985
131 1071
131 1073
131 1111
131 1319
131 1351
131 1508
131 1516
131 1535
131 1691
131 1728
131 1744
131 1811
131 2152
131 2159
131 2281
131 2345
131 2362
131 2795
131 2931
131 3015
131 3211
131 3411
131 3511
131 3666
131 3717
131 3773
131 3936
131 4175
131 4519
131 4531
132 207
132 282
132 420
132 772
132 785
132 1022
132 1055
132 1240
132 1312
132 1470
132 1604
132 1641
132 1689
132 1803
132 2359
132 2380
132 2684
132 2994
132 3142
132 3194
132 3411
132 3440
132 3535
132 3902
132 4159
132 4351
132 4599
132 4715
133 154
133 222
133 358
133 389
133 424
133 457
133 494
133 552
133 629
133 674
133 1090
133 1507
133 1989
133 2116
133 2615
133 3389
133 3635
133 4376
133 4457
134 146
134 297
134 384
134 396
134 402
134 428
134 513
134 719
134 728
134 735
134 798
134 940
134 1127
134 1344
134 1383
134 1518
134 1646
134 1735
134 1923
134 2103
134 2251
134 2259
134 2512
134 2525
134 2784
134 3046
134 3490
134 4011
134 4269
134 4423
134 4769
135 144
135 184
135 346
135 436
135 478
135 565
135 589
135 610
135 626
135 774
135 1286
135 2029
135 2041
135 2252
135 2303
135 3038
135 3185
135 4042
135 4126
136 201
136 274
136 474
136 532
136 586
136 605
136 761
136 846
136 943
136 1941
136 2457
136 2610
136 2841
136 3011
136 3041
136 3197
136 3492
136 3604
136 3613
136 3932
136 4283
136 4631
136 4973
137 153
137 160
137 180
137 202
137 290
137 316
137 322
137 346
137 349
137 386
137 433
137 440
137 447
137 487
137 535
137 562
137 646
137 662
137 666
137 750
137 767
137 794
137 801
137 928
137 1003
137 1025
137 1030
137 1038
137 1186
137 1213
137 1269
137 1640
137 1672
137 1689
137 1840
137 1985
137 2023
137 2086
137 2143
137 2220
137 2250
137 2530
137 2536
137 2541
137 2658
137 2838
137 2889
137 3564
137 3774
137 4104
137 4181
137 4261
137 4278
137 4363
137 4568
137 4575
137 4657
137 4782
137 4820
137 4908
138 481
138 881
138 924
138 1137
138 1263
138 1410
138 2189
138 2276
138 2679
138 3310
138 3793
138 4193
138 4598
139 197
139 912
139 1354
139 2157
139 2656
139 3124
139 3592
139 3809
139 4146
139 4542
140 181
140 221
140 253
140 348
140 388
140 432
140 741
140 967
140 1545
140 1580
140 1581
140 1744
140 1906
140 2347
140 2753
141 510
141 647
141 673
141 713
141 817
141 897
141 1080
141 1244
141 1939
141 1972
141 2277
141 2344
141 2482
141 2850
141 3326
141 3456
141 3629
141 4112
141 4184
141 4225
141 4934
142 294
142 602
142 678
142 715
142 993
142 1029
142 1324
142 1342
142 2123
142 2207
142 2510
142 3104
142 3503
142 3722
142 3920
143 195
143 373
143 626
143 4628
144 223
144 235
144 359
144 546
144 564
144 778
144 807
144 1028
144 1214
144 1510
144 1837
144 1984
144 2033
144 2042
144 2898
144 3253
144 3301
144 3475
144 3534
144 3833
144 3915
144 4126
144 4601
144 4713
145 166
145 185
145 218
145 224
145 258
145 356
145 358
145 410
145 468
145 469
145 593
145 639
145 642
145 727
145 779
145 785
145 848
145 887
145 945
145 973
145 1021
145 1120
145 1139
145 1370
145 1425
145 1523
145 1588
145 1594
145 1598
145 1760
145 1790
145 1865
145 1909
145 1974
145 2105
145 2158
145 2363
145 2375
145 2382
145 2569
145 2756
145 2818
145 2864
145 2952
145 2964
145 3008
145 3165
145 3361
145 3369
145 3379
145 3469
145 3546
145 3655
145 3745
145 3812
145 3860
145 3885
145 3974
145 3997
145 4111
145 4172
145 4597
145 4640
145 4692
145 4920
145 4929
146 210
146 212
146 421
146 435
146 651
146 798
146 895
146 940
146 1171
146 1228
146 1276
146 1798
146 1875
146 2216
146 2593
146 2658
146 2664
146 2715
146 2728
146 2875
146 3432
146 3488
146 3721
146 4028
146 4921
147 481
147 584
147 687
147 1070
147 1774
147 1945
147 2457
147 3376
148 206
148 425
148 430
148 514
148 575
148 684
148 720
148 967
148 1024
148 1181
148 2169
148 2176
148 2713
148 3385
148 3956
148 4450
148 4510
148 4771
148 4773
148 4892
149 220
149 230
149 415
149 584
149 656
149 743
149 954
149 1376
149 1473
149 1682
149 1932
149 2207
149 2649
149 3792
149 4427
150 216
150 239
150 554
150 1265
150 1431
150 1846
150 1867
150 1998
150 2054
150 2067
150 2135
150 2700
150 2764
150 2957
150 3339
150 3469
150 3582
150 3830
151 236
151 347
151 1047
152 320
152 406
152 410
152 418
152 421
152 501
152 608
152 753
152 765
152 779
152 891
152 977
152 1012
152 1295
152 1428
152 1452
152 1541
152 1621
152 1722
152 1922
152 2001
152 2126
152 2142
152 2150
152 2152
152 2465
152 2499
152 2649
152 3074
152 3369
152 3418
152 3918
152 4132
152 4439
152 4641
152 4911
153 175
153 247
153 258
153 301
153 327
153 397
153 419
153 464
153 625
153 778
153 833
153 946
153 1183
153 1249
153 1370
153 1392
153 1441
153 1509
153 1655
153 1670
153 1713
153 1960
153 2150
153 2782
153 3269
153 3279
153 3404
153 3414
153 3599
153 3883
153 3887
153 3918
153 4403
153 4507
153 4614
153 4790
154 183
154 490
154 1340
154 1506
154 2895
154 3762
154 4361
154 4651
154 4791
154 4815
155 196
155 299
155 835
155 1422
155 1757
155 1822
155 2110
155 2373
155 2408
155 2794
155 2948
155 3021
155 3260
155 3532
155 4072
156 279
156 280
156 308
156 345
156 723
156 1203
156 1225
156 1389
156 1680
156 2067
156 2441
156 2461
156 2644
156 2877
156 3187
156 3776
156 4091
156 4219
156 4569
156 4661
157 164
157 457
157 565
157 647
157 845
157 1006
157 1347
157 1480
157 1595
157 1851
157 1913
157 2065
157 3547
157 4954
158 954
158 1793
158 2517
158 2873
158 3059
158 4410
158 4682
159 285
159 595
159 802
159 992
159 1820
159 1836
159 3182
159 3209
159 3451
159 4082
160 180
160 191
160 283
160 300
160 313
160 346
160 368
160 393
160 471
160 473
160 539
160 550
160 590
160 634
160 638
160 718
160 793
160 1110
160 1160
160 1409
160 1580
160 1582
160 1592
160 1683
160 1742
160 1772
160 1917
160 1970
160 2127
160 2165
160 2374
160 2520
160 2732
160 2961
160 3005
160 3177
160 3224
160 3410
160 3450
160 4035
160 4158
160 4163
160 4529
160 4533
160 4836
160 4909
161 251
161 332
161 352
161 360
161 384
161 387
161 616
161 726
161 865
161 1190
161 1224
161 1344
161 1598
161 1848
161 1976
161 2091
161 2106
161 2109
161 2156
161 2202
161 2414
161 2449
161 2683
161 2768
161 3167
161 3231
161 3402
161 3483
161 3487
161 4369
161 4390
161 4501
161 4834
161 4938
162 181
162 225
162 281
162 317
162 366
162 395
162 841
162 889
162 1062
162 1074
162 1218
162 1389
162 1501
162 2059
162 2121
162 2420
162 2458
162 3759
162 3864
162 4357
162 4473
163 276
163 339
163 534
163 693
163 732
163 973
163 1176
163 1374
163 1514
163 1798
163 2113
163 2145
163 3373
163 3502
163 3973
163 4145
163 4430
163 4794
164 374
164 457
164 665
164 847
164 1347
164 2297
164 3421
164 4220
164 4551
165 166
165 463
165 465
165 673
165 1120
165 1137
165 1324
165 1393
165 1636
165 2958
165 4172
165 4594
166 899
166 1575
166 2716
166 3363
166 4372
166 4895
167 232
167 2026
167 2186
168 170
168 178
168 437
168 612
168 853
168 1099
168 1188
168 1193
168 1481
168 1482
168 1686
168 1726
168 1809
168 2186
168 2217
168 2629
168 2672
168 2842
168 2936
168 2940
168 3467
168 4843
169 237
169 467
169 547
169 865
169 960
169 1026
169 1030
169 1041
169 1796
169 2633
169 2639
169 2749
169 2963
169 3863
169 3866
169 4288
169 4340
169 4859
169 4913
170 252
170 265
170 286
170 312
170 527
170 541
170 556
170 752
170 821
170 1058
170 1267
170 1316
170 1482
170 1845
170 1888
170 1940
170 2141
170 2317
170 2602
170 2618
170 2711
170 3026
170 3121
170 3163
170 3197
170 3255
170 3276
170 3314
170 3383
170 3455
170 3495
170 3895
170 3951
170 4190
171 221
171 536
171 1227
171 1331
171 1375
171 1698
171 2129
171 2233
171 2769
171 2809
171 3161
171 4093
171 4501
172 185
172 223
172 548
172 566
172 581
172 1061
172 1259
172 1313
172 1341
172 1632
172 1682
172 2143
172 2164
172 2591
172 2631
172 2633
172 2675
172 2744
172 2791
172 3077
172 3547
172 3555
173 226
173 1445
173 1455
173 1630
173 1714
173 1949
173 2800
173 4738
173 4871
173 4948
174 200
174 207
174 438
174 479
174 536
174 758
174 1033
174 1260
174 1820
174 2762
174 2915
174 3111
174 3208
174 3312
174 3341
174 3571
174 4279
174 4421
175 182
175 183
175 257
175 318
175 352
175 877
175 1370
175 1670
175 1832
175 1926
175 2548
175 3000
175 3137
175 3427
175 3599
175 4762
176 839
176 956
176 1253
176 1282
176 1563
176 2545
176 3599
176 4745
177 186
177 190
177 204
177 263
177 524
177 759
177 770
177 968
177 1321
177 1974
177 2102
177 2637
177 2829
177 3352
177 3452
177 3668
177 4074
177 4189
177 4194
177 4265
177 4754
177 4917
177 4924
178 310
178 402
178 430
178 497
178 644
178 705
178 728
178 1195
178 1387
178 1693
178 1777
178 1809
178 2343
178 2424
178 2564
178 2790
178 2903
178 3351
178 3355
178 3724
178 4462
178 4855
179 466
179 684
179 791
179 990
179 1337
179 1388
179 1552
179 2149
179 2174
179 2712
179 2735
179 3145
179 3478
179 3634
179 4295
179 4328
179 4550
180 202
180 241
180 273
180 300
180 305
180 327
180 355
180 382
180 433
180 434
180 448
180 454
180 576
180 835
180 1058
180 1214
180 1325
180 1332
180 1368
180 1639
180 1652
180 1681
180 1841
180 1985
180 2047
180 2181
180 2214
180 2218
180 2322
180 2343
180 2405
180 2718
180 2748
180 2830
180 2924
180 2956
180 3881
180 4053
180 4609
180 4657
181 189
181 225
181 294
181 650
181 897
181 1263
181 2671
181 4536
181 4680
181 4863
182 307
182 499
182 1440
182 2531
182 2975
182 3054
182 4149
182 4760
183 354
183 362
183 490
183 638
183 1439
183 2157
183 3280
183 4800
184 242
184 619
184 626
184 669
184 866
184 1023
184 1260
184 1366
184 1471
184 1547
184 1681
184 1894
184 2029
184 2157
184 2213
184 2368
184 2865
184 2982
184 3687
184 3720
184 3819
184 4427
184 4656
184 4746
184 4899
185 191
185 375
185 1249
185 2284
185 2442
185 2603
185 2675
185 2818
185 3379
186 354
186 1328
186 1357
186 2249
186 2693
186 3619
186 3645
186 4250
186 4924
187 229
187 243
187 252
187 277
187 294
187 296
187 343
187 408
187 559
187 729
187 790
187 896
187 905
187 943
187 963
187 1091
187 1103
187 1156
187 1297
187 1430
187 1460
187 1548
187 1635
187 1656
187 1670
187 1752
187 1915
187 2004
187 2241
187 2394
187 2863
187 2992
187 2998
187 3328
187 3457
187 3711
187 3977
187 4376
187 4800
188 210
188 284
188 1011
188 1235
188 1342
188 1393
188 1549
188 1834
188 1901
188 1920
188 1984
188 2158
188 2274
188 2364
188 2415
188 2448
188 2534
188 2805
188 2842
188 2882
188 3201
188 3717
188 3906
188 4084
188 4223
188 4495
188 4696
189 270
189 284
189 325
189 966
189 1069
189 1133
189 1161
189 1540
189 1871
189 2154
189 2299
189 2573
189 2677
189 3261
189 3764
189 3840
190 204
190 566
190 733
190 885
190 1993
190 3094
190 3152
190 3238
190 3472
190 3524
190 4595
190 4674
191 718
191 1282
191 3081
191 4562
192 224
192 238
192 315
192 319
192 377
192 379
192 486
192 555
192 592
192 637
192 1056
192 1070
192 1338
192 1342
192 1539
192 1576
192 1579
192 2038
192 2292
192 2425
192 2759
192 2868
192 2936
192 2976
192 3101
192 3255
192 3267
192 3412
192 3803
192 4137
192 4497
192 4525
193 199
193 322
193 459
193 662
193 695
193 792
193 1042
193 1433
193 1964
193 2124
193 2440
193 2936
193 4334
194 207
194 235
194 343
194 394
194 487
194 679
194 2336
194 2407
194 2588
194 2643
194 2838
194 3107
194 3142
194 3233
194 3258
194 4101
194 4752
194 4768
195 932
195 1227
195 1473
195 2600
195 2664
195 4049
195 4668
196 278
196 442
196 603
196 609
196 1035
196 1063
196 1486
196 1497
196 1975
196 2040
196 3000
196 4098
196 4135
197 332
197 403
197 813
197 1991
197 2065
197 2076
197 2656
197 3032
198 2519
199 380
199 1705
199 2027
199 2627
199 4665
200 205
200 428
200 561
200 1990
200 2079
200 2895
200 2915
200 3134
200 3571
200 3970
200 4211
200 4375
201 230
201 358
201 442
201 532
201 818
201 863
201 994
201 1020
201 1290
201 1733
201 1989
201 2710
201 2760
201 3317
201 3492
201 3496
201 3567
201 4028
202 327
202 382
202 657
202 991
202 1163
202 1247
202 1488
202 1964
202 2132
202 2149
202 2205
202 2642
202 2681
202 2716
202 3374
202 3669
202 4288
202 4482
202 4845
203 363
203 451
203 676
203 1318
203 1352
203 1356
203 1392
203 1532
203 1618
203 2234
203 2331
203 2714
203 3016
203 3335
203 3924
203 4099
204 241
204 319
204 430
204 725
204 777
204 931
204 1124
204 1247
204 2068
204 2409
204 2422
204 2587
204 2656
204 3186
204 3387
204 3477
204 3912
204 4252
205 419
205 422
205 513
205 518
205 534
205 655
205 1101
205 1130
205 1168
205 1249
205 1273
205 1310
205 1313
205 1333
205 1723
205 2460
205 2512
205 2805
205 3787
205 4461
205 4616
205 4737
206 249
206 831
206 1151
206 1739
206 2425
206 2665
206 3869
207 229
207 303
207 1094
207 1260
207 2643
208 221
208 863
208 884
208 1142
208 1343
208 1367
208 1637
208 1699
208 1851
208 1914
208 2544
208 2883
208 2973
208 4392
208 4401
208 4859
209 231
209 264
209 377
209 581
209 606
209 915
209 1024
209 1291
209 1697
209 1938
209 1975
209 2203
209 2331
210 260
210 342
210 362
210 403
210 640
210 767
210 880
210 1104
210 1298
210 1451
210 1901
210 2053
210 2055
210 2301
210 2443
210 3112
210 3392
210 3403
210 3692
210 3725
210 3834
210 3954
210 4204
210 4440
211 477
211 643
211 735
211 847
211 1031
211 1847
211 1919
211 2324
211 2565
212 288
212 493
212 1053
212 1947
212 2715
212 4271
213 271
213 578
213 883
213 1092
213 1284
213 1340
213 2432
213 2601
213 2829
213 3114
213 4417
213 4590
214 337
214 970
214 1014
214 1421
214 4476
215 1068
215 1528
215 2462
215 3253
215 4062
215 4468
215 4776
216 284
216 579
216 640
216 805
216 832
216 1119
216 1191
216 1511
216 1611
216 1687
216 1846
216 1906
216 1998
216 2009
216 2263
216 2506
216 2584
216 2851
216 2970
216 3976
217 295
217 303
217 460
217 1133
217 1426
217 2106
217 3184
217 4237
218 224
218 269
218 279
218 361
218 370
218 410
218 463
218 476
218 517
218 558
218 748
218 873
218 886
218 959
218 1074
218 1100
218 1144
218 1331
218 1402
218 1578
218 1781
218 1972
218 2056
218 2060
218 2703
218 2766
218 2901
218 3085
218 3095
218 3107
218 3269
218 3378
218 3431
218 3690
218 4034
218 4283
218 4525
218 4842
219 287
219 401
219 483
219 535
219 545
219 654
219 754
219 894
219 989
219 1718
219 1841
219 2076
219 2733
219 3029
219 3616
219 3674
219 3719
219 4097
219 4166
220 262
220 266
220 278
220 426
220 491
220 543
220 614
220 950
220 1169
220 1222
220 1320
220 1478
220 1650
220 1739
220 1853
220 2035
220 2166
220 2630
220 2681
220 3398
220 3682
220 3780
220 4844
221 245
221 1050
221 1172
221 4663
222 365
222 1182
222 1661
223 266
223 548
223 637
223 807
223 836
223 1479
223 1871
223 1945
223 2239
223 2366
223 3332
223 3519
223 3952
223 4442
223 4577
224 319
224 398
224 468
224 555
224 886
224 895
224 1056
224 1738
224 2038
224 2042
224 2229
224 2749
224 2756
224 2770
224 2875
224 3462
224 3701
224 4315
224 4324
224 4518
225 342
225 541
225 587
225 650
225 787
225 841
225 928
225 1065
225 1519
225 1665
225 1880
225 2059
225 3111
225 3759
225 4045
225 4629
225 4678
226 471
226 731
226 1413
226 1569
226 2625
226 2645
226 3512
226 3570
226 4166
226 4244
226 4637
226 4871
227 828
227 846
227 2010
227 2087
227 2455
227 2682
227 3625
227 4747
228 371
228 383
228 414
228 507
228 1016
228 1413
228 1505
228 1680
228 2279
228 2562
228 2805
228 3577
228 3702
228 4180
228 4218
228 4426
228 4569
228 4691
229 252
229 1234
229 1635
229 1778
229 1857
229 1915
229 2040
229 2253
229 2545
229 2575
229 2610
229 2708
229 3086
229 3366
229 3437
229 3650
229 3938
230 1120
230 1667
230 2645
230 2760
231 2030
232 334
232 351
232 416
232 426
232 936
232 968
232 1090
232 1093
232 1164
232 1173
232 1421
232 1590
232 1771
232 1903
232 1949
232 2186
232 2226
232 3155
232 3606
232 3791
232 4041
232 4046
232 4625
233 409
233 478
233 1379
233 1393
233 1467
233 1468
233 1544
233 1597
233 1699
233 2110
233 2279
233 2519
233 2554
233 2575
233 2699
233 2741
233 2979
233 3540
233 3749
233 4388
233 4588
233 4807
234 547
234 573
234 575
234 580
234 679
234 719
234 746
234 782
234 849
234 937
234 982
234 1081
234 1181
234 1385
234 1447
234 1700
234 1830
234 1973
234 2039
234 2090
234 2110
234 2288
234 2489
234 2515
234 2587
234 2650
234 2675
234 2779
234 2810
234 3018
234 3525
234 3576
234 3673
234 3888
234 4001
234 4038
234 4108
234 4290
234 4413
234 4533
234 4611
234 4613
235 330
235 489
235 668
235 1353
235 2488
235 3380
235 4446
236 546
236 671
236 743
236 1432
236 1516
236 1814
236 2698
236 3178
236 3567
236 4252
237 467
237 620
237 739
237 865
237 1439
237 2639
237 2912
237 3188
238 399
238 977
238 3959
238 4298
239 240
239 538
239 604
239 1843
239 2922
239 3447
239 3556
239 3965
240 1502
240 2458
240 2666
240 2922
240 3346
241 306
241 319
241 344
241 458
241 583
241 755
241 846
241 931
241 1064
241 1453
241 1504
241 1563
241 1600
241 2076
241 2162
241 2422
241 2808
241 3254
241 3272
241 3355
241 3473
241 3496
241 3526
241 3728
241 4787
242 276
242 310
242 829
242 888
242 1114
242 1553
242 1822
242 2069
242 2472
242 2560
242 2661
242 4089
243 277
243 637
243 838
243 1457
243 4652
244 255
244 636
244 959
244 1072
244 1079
244 1321
244 1553
244 1661
244 1690
244 1731
244 1944
244 2024
244 2816
244 3031
244 3063
244 3118
244 3304
244 3502
244 4055
245 610
245 1050
245 1503
245 1642
245 1666
245 1712
245 2188
245 2918
245 3913
246 439
246 1887
246 2401
246 4878
247 256
247 258
247 275
247 361
247 363
247 404
247 618
247 706
247 1212
247 1267
247 1728
247 1747
247 1993
247 2177
247 2816
247 2861
247 3941
247 4127
247 4285
248 262
248 550
248 1173
248 1403
248 1434
248 1825
248 2252
248 2756
248 2761
248 2777
248 3020
248 3591
248 3671
248 4558
248 4620
248 4685
249 266
249 337
249 353
249 366
249 396
249 831
249 920
249 1084
249 1117
249 1244
249 1363
249 1436
249 1448
249 1449
249 1533
249 1613
249 1816
249 1826
249 2246
249 2254
249 2284
249 2392
249 2468
249 2708
249 2951
249 2977
249 3027
249 3359
249 3393
249 3507
249 3516
249 3626
249 3646
249 3711
249 3712
249 3854
249 3914
249 4156
249 4248
249 4643
249 4743
249 4883
249 4906
250 261
250 447
250 527
250 563
250 600
250 681
250 684
250 820
250 904
250 1023
250 1269
250 1280
250 1362
250 1725
250 1734
250 1888
250 2033
250 2166
250 2285
250 2628
250 2657
250 2772
250 2845
250 2937
250 3483
250 3683
250 4337
250 4632
250 4823
251 268
251 445
251 721
251 1084
251 1394
251 3214
251 3408
251 3446
252 265
252 408
252 412
252 496
252 567
252 639
252 738
252 1234
252 1361
252 1501
252 1819
252 2492
252 2581
252 2706
252 3255
252 3304
252 3646
253 364
253 425
253 781
253 787
253 816
253 894
253 1041
253 1490
253 1740
253 2049
253 2521
253 3065
253 4412
254 561
254 1402
254 1746
254 3248
254 4066
254 4352
255 281
255 775
255 916
255 1061
255 1457
255 1819
255 1907
255 4006
256 274
256 289
256 350
256 1032
256 1519
256 1521
256 3945
257 509
257 708
257 1724
257 1960
257 3345
258 765
258 1194
258 1494
258 1909
258 2158
258 2371
258 2430
258 3751
258 3781
258 4578
258 4688
259 291
259 316
259 330
259 451
259 502
259 631
259 636
259 934
259 938
259 1016
259 1071
259 1107
259 2061
259 2190
259 2337
259 2345
259 2723
259 2946
259 3698
259 4198
260 342
260 417
260 693
260 837
260 855
260 862
260 947
260 1103
260 1131
260 1199
260 1229
260 1966
260 2157
260 2301
260 2563
260 3281
260 3778
260 3804
260 4602
260 4828
260 4868
261 321
261 362
261 666
261 735
261 847
261 1269
261 1785
261 1936
261 1983
261 2037
261 3683
262 1149
262 1825
262 1863
262 2878
262 3187
262 3235
262 3822
263 286
263 291
263 693
263 1107
263 3085
263 3831
264 377
264 528
264 624
264 875
264 1059
264 1163
264 1493
264 1802
264 2231
264 2350
264 2434
264 2475
264 2607
264 2993
264 3278
264 3520
264 3622
264 3860
264 4118
264 4213
265 292
265 556
265 591
265 1298
265 1451
265 1571
265 1621
265 1675
265 1761
265 1824
265 1848
265 2115
265 2124
265 2334
265 2494
265 2668
265 2703
265 2866
265 3121
265 3311
265 3601
265 3639
265 3786
265 3996
265 4109
265 4340
265 4479
265 4894
266 287
266 362
266 700
266 1049
266 2137
266 2681
266 2807
266 3426
266 4253
266 4408
266 4442
266 4735
267 283
267 316
267 525
267 661
267 834
267 934
267 1460
267 1605
267 1647
267 1655
267 2063
267 2092
267 2238
267 3485
267 3550
267 4841
268 1257
268 1796
268 2596
268 2797
268 3644
268 3890
268 3939
268 4718
269 276
269 469
269 495
269 1413
269 1578
269 1711
269 3374
269 3552
269 3583
269 4177
269 4460
270 271
270 444
270 547
270 629
270 856
270 1930
270 2657
270 2957
270 3089
270 3366
271 480
271 578
271 645
271 750
271 1930
271 2072
271 2111
271 2904
271 3112
271 3224
271 3347
271 3445
271 4970
272 285
272 302
272 497
272 614
272 773
272 824
272 932
272 1040
272 1634
272 1787
272 1797
272 2325
272 2572
272 2892
272 2968
272 3055
272 3106
272 3189
272 3452
272 3799
272 3999
272 4028
272 4050
272 4305
272 4441
273 305
273 353
273 392
273 419
273 460
273 659
273 711
273 747
273 874
273 988
273 1184
273 1272
273 1793
273 2047
273 2384
273 2803
273 2871
273 3337
273 3478
273 3701
273 3949
273 4146
273 4324
273 4398
273 4505
273 4611
274 350
274 378
274 483
274 493
274 604
274 651
274 708
274 740
274 952
274 1296
274 1448
274 1550
274 1589
274 1780
274 2116
274 2122
274 2133
274 2841
274 2984
274 3219
274 3401
274 3455
274 3490
274 3626
274 3912
274 4030
274 4164
275 1912
275 2790
276 617
276 853
276 899
276 973
276 1277
276 1662
276 1903
276 2012
276 2712
277 380
277 729
277 800
277 1094
277 1301
277 1319
277 1575
277 1583
277 1662
277 1678
277 1754
277 2151
277 3198
277 3212
277 4652
277 4762
278 466
278 511
278 526
278 754
278 891
278 984
278 1486
278 1538
278 1625
278 2804
278 2845
278 3780
278 4886
279 361
279 1111
280 498
280 553
280 737
280 1101
280 1354
280 1437
280 1813
280 1937
280 2172
280 2208
280 2283
280 2469
280 3083
280 3149
280 3776
280 3821
280 3838
280 3968
280 4095
280 4138
280 4661
281 317
281 366
281 378
281 431
281 762
281 1074
281 1194
281 1205
281 1225
281 1602
281 1706
281 1707
281 1823
281 1861
281 1965
281 1976
281 2215
281 2301
281 2332
281 2491
281 2804
281 2935
281 3067
281 3219
281 3329
281 3647
281 3759
281 3883
281 4395
281 4461
281 4696
281 4879
282 492
282 1059
282 1115
282 1312
282 2483
282 2674
282 2802
282 3127
282 3878
282 4137
282 4716
283 288
283 300
283 368
283 1777
283 2477
283 3271
283 3892
283 4340
283 4368
284 763
284 1267
284 1443
284 1551
284 1671
284 1687
284 1872
284 2009
284 3015
284 3230
284 3381
285 302
285 349
285 544
285 869
285 3540
285 4294
286 307
286 397
286 1231
286 1771
287 3223
288 646
288 910
288 984
288 1480
288 1494
288 1672
288 1777
288 1868
288 2320
288 2528
288 2712
288 3155
288 3226
288 3266
288 3271
288 3808
288 3841
288 4005
288 4231
288 4368
288 4654
288 4664
289 320
289 407
289 1250
289 1569
289 1779
289 1809
289 1957
289 2317
289 2457
289 3842
289 3946
289 4307
290 522
290 784
290 1767
290 1776
290 1994
290 2092
290 2262
290 2668
290 3668
290 3937
290 4173
290 4678
291 693
291 807
291 1107
291 1150
291 1582
291 2455
291 2830
292 326
292 356
292 428
292 470
292 523
292 1134
292 1311
292 1675
292 1769
292 1812
292 1953
292 2089
292 2374
292 3274
292 3403
293 370
293 423
293 700
293 990
293 1572
293 2104
293 3634
294 370
294 559
294 897
294 1133
294 1350
294 2016
294 3239
294 3687
294 3967
294 3995
295 335
295 596
295 791
295 2515
295 2590
295 2713
295 3316
295 4367
296 667
296 710
296 896
296 1040
296 1041
296 1068
296 1102
296 1114
296 1290
296 1430
296 1548
296 1677
296 1869
296 2314
296 2540
296 2675
296 2864
296 3117
296 3488
296 3836
296 4072
296 4211
296 4450
296 4802
297 396
297 469
297 619
297 633
297 712
297 1174
297 1196
297 1386
297 1426
297 1531
297 1661
297 1775
297 2481
297 2663
297 3642
297 3896
297 4331
297 4729
298 323
298 472
298 995
298 1198
298 1931
298 1987
298 2197
298 2563
298 3560
298 4317
298 4440
298 4626
299 326
299 338
299 413
299 528
299 749
299 1098
299 1162
299 1311
299 1421
299 1654
299 1969
299 1998
299 2020
299 2134
299 2258
299 2564
299 2597
299 2900
299 3034
299 3417
299 3465
299 3572
299 3833
299 4485
299 4702
300 325
300 484
300 516
300 569
300 1936
300 2534
300 3460
300 3467
300 4158
300 4533
300 4818
301 533
301 594
301 2145
302 669
303 1609
303 4464
303 4496
304 348
304 390
304 515
304 953
304 962
304 1025
304 1033
304 1165
304 1237
304 1245
304 1305
304 1330
304 1386
304 1455
304 1542
304 1704
304 2068
304 2267
304 2352
304 2832
304 2947
304 3272
304 3906
304 4341
304 4720
305 392
305 433
305 434
305 462
305 500
305 555
305 946
305 1085
305 1142
305 1169
305 1259
305 1265
305 1916
305 1918
305 1963
305 1989
305 2123
305 2218
305 2254
305 2272
305 2312
305 2339
305 2346
305 2510
305 2683
305 3500
305 3696
305 3701
305 3794
306 400
306 458
306 486
306 571
306 601
306 656
306 704
306 751
306 895
306 931
306 1089
306 1106
306 1302
306 1557
306 1714
306 1953
306 2082
306 2097
306 2137
306 2139
306 2202
306 3363
306 3503
306 3606
306 3852
306 3865
306 4197
306 4430
306 4548
306 4571
307 1440
307 2531
307 3189
307 3345
308 372
308 734
308 874
308 1203
308 2091
308 3211
308 3502
308 4735
309 427
309 601
309 668
309 669
309 811
309 1122
309 2082
309 2647
309 4078
309 4221
310 402
310 602
310 783
310 888
310 1490
310 1537
310 1669
311 829
311 1327
311 1344
311 1562
311 1636
311 2235
312 344
312 453
312 1128
312 1506
312 1762
312 3163
312 3383
312 4270
313 557
313 780
313 843
313 855
313 957
313 1239
313 1845
313 2339
313 3056
313 4955
314 481
314 614
314 1284
314 2548
315 340
315 1004
315 1300
315 2201
315 3494
315 3521
315 4114
315 4131
315 4290
315 4469
316 751
317 520
317 583
317 716
317 1602
317 1884
317 1900
318 726
318 776
318 899
318 954
318 1176
318 1469
318 2168
318 2201
318 2209
318 2623
318 3079
318 3663
318 4092
319 1338
319 2042
319 4291
320 368
320 407
320 422
320 459
320 490
320 511
320 597
320 677
320 932
320 1037
320 1345
320 1506
320 1722
320 1991
320 2214
320 2412
320 2476
320 3111
320 3465
320 4036
320 4741
321 491
321 552
321 636
321 930
321 987
321 1266
321 2077
321 3283
321 3474
321 4185
321 4700
321 4883
322 439
322 662
322 675
322 777
322 908
322 911
322 1209
322 1252
322 1556
322 1632
322 1716
322 1829
322 1879
322 2087
322 2530
322 2766
322 3027
322 3160
322 4417
322 4563
322 4568
322 4669
322 4857
323 1823
323 3131
324 394
324 610
324 653
324 788
324 965
324 1714
324 3178
324 4628
324 4670
324 4798
325 1175
325 1492
325 1579
325 1877
325 2207
326 875
326 1309
326 2374
326 2513
326 2689
327 335
327 388
327 1009
327 1183
327 1479
327 3103
327 3883
327 3887
327 4056
327 4192
328 376
328 398
328 1098
328 1144
328 1528
328 1673
328 2611
328 2646
328 2678
328 2965
328 4062
328 4348
329 484
329 709
329 717
329 1219
329 1311
329 1452
329 1579
329 1769
329 1842
329 1855
329 1891
329 1924
329 2179
329 2365
329 2447
329 2745
329 2856
329 3178
329 3259
329 3680
329 3845
329 3910
329 4012
329 4165
329 4388
329 4472
329 4548
330 938
330 1233
330 1502
330 1538
330 1570
330 1919
330 1925
330 2299
330 3069
330 3092
330 3102
330 3230
330 4894
331 376
331 381
331 604
331 840
331 958
331 967
331 1170
331 2309
331 2313
331 2459
331 2986
331 2989
331 3117
331 3161
331 3290
331 3292
331 3706
332 446
332 702
332 813
332 1190
332 1517
332 1564
332 2065
332 2725
332 3057
332 3294
332 4311
333 537
333 617
333 687
333 1719
333 2477
333 3404
333 4262
333 4409
333 4736
334 376
334 1309
334 1970
334 2444
334 2827
334 2887
334 3551
334 4241
334 4728
334 4742
334 4905
335 385
335 504
335 509
335 612
335 635
335 1398
335 1479
335 1618
336 498
336 1088
336 2024
336 2428
336 2727
336 3409
336 3704
337 649
337 1109
337 1286
337 1613
337 2009
337 2279
337 2622
337 2708
337 3085
337 3459
337 3602
337 3622
338 475
338 635
338 749
338 781
338 905
338 927
338 1317
338 1345
338 1593
338 1654
338 1812
338 2057
338 2541
338 2580
338 2724
338 2743
338 2928
338 3711
338 3914
338 4968
339 1158
339 1174
339 1786
339 1954
339 2193
339 2868
339 3338
339 3538
340 746
340 919
340 951
340 2349
340 2582
341 553
342 587
342 830
342 1280
342 1367
342 2687
342 4519
342 4900
343 1184
343 2336
343 3143
344 649
344 1190
344 1436
344 1453
344 1721
344 1762
344 1851
344 2095
344 2175
344 2388
344 3013
344 3044
344 3077
344 3306
344 3313
344 3383
344 3635
344 3726
344 3965
344 4197
344 4313
344 4789
345 452
345 959
345 960
345 1513
345 1611
345 1979
345 1981
345 2232
345 2283
345 2913
345 3061
345 3174
345 3816
345 3828
345 4099
345 4219
345 4672
346 383
346 663
346 2303
346 2425
346 3912
346 4414
347 391
347 393
347 850
347 1061
347 1575
347 1647
347 2595
347 3700
347 3908
348 515
348 1292
348 1416
348 1469
348 2138
348 2798
348 2884
348 3016
348 3653
348 4182
349 351
349 713
349 986
349 1146
349 1904
349 2103
349 4846
350 398
350 1164
350 2240
350 2785
350 3908
351 365
351 426
351 491
351 538
351 3753
351 3994
351 4731
352 1188
352 2072
352 4268
353 398
353 488
353 660
353 711
353 962
353 1213
353 1306
353 1322
353 1905
353 2550
353 3539
353 3596
353 3646
353 3949
353 4139
353 4247
353 4360
353 4458
353 4808
354 1186
354 3162
354 4250
354 4604
355 1152
355 1314
355 2119
355 2322
355 2523
355 3995
356 444
356 470
356 523
356 588
356 683
356 750
356 1036
356 1251
356 1637
356 1706
356 1952
356 2025
356 2131
356 2183
356 2365
356 3249
356 3382
356 3392
356 3400
356 3982
356 4322
356 4864
358 389
358 864
358 1989
358 2132
358 2187
358 2263
358 2360
358 2979
358 3942
359 810
359 4508
360 616
360 765
360 1007
360 1108
360 1562
360 1805
360 2570
360 2779
360 3375
360 3994
360 4347
360 4724
360 4919
361 463
361 761
361 873
361 1644
361 2631
361 2861
361 3690
361 4002
361 4792
362 638
362 1029
362 2134
362 3225
362 4637
363 582
363 682
363 1392
363 1782
363 1951
363 4322
364 532
364 721
364 797
364 814
364 972
364 1235
364 1382
364 1406
364 1881
364 1882
364 2508
364 2620
364 3461
364 3605
364 3662
364 4675
365 628
365 768
365 793
365 893
365 1211
365 1288
365 1661
365 1772
365 1945
365 2389
365 2750
365 2791
365 3064
365 3153
365 3202
365 3247
365 3386
365 3747
365 4674
366 779
366 925
366 1112
366 1405
366 1499
366 3054
366 3336
366 3831
366 4300
367 482
367 1129
367 1641
367 2635
367 3295
367 3791
368 490
368 520
368 1182
368 1666
368 2476
368 2536
368 2778
368 2961
368 3811
369 753
369 1037
369 1119
369 1335
369 1623
369 2474
369 2740
369 2837
369 4035
370 495
370 519
370 648
370 1078
370 2168
370 2901
370 3079
370 3203
370 4204
370 4359
370 4869
371 427
371 723
371 834
371 1543
371 1920
371 2819
371 2922
371 3177
371 3566
371 3722
371 4286
371 4433
371 4505
371 4860
372 483
372 512
372 574
372 748
372 1027
372 1680
372 1965
372 3257
372 4840
373 520
373 2057
373 2098
373 2778
374 510
374 1259
374 2232
375 1273
375 1284
375 2475
376 418
376 611
376 634
376 677
376 1098
376 1134
376 1197
376 1205
376 1942
376 2168
376 2248
376 2397
376 3079
376 3424
376 4134
376 4337
376 4382
376 4626
376 4742
376 4827
377 528
377 772
377 875
377 1181
377 1650
377 1766
377 1956
377 2607
377 2630
377 3048
377 3195
377 4815
378 442
378 762
378 992
378 1217
378 1639
378 1852
378 2986
378 3219
378 3587
378 4030
378 4147
378 4411
378 4455
379 592
379 836
379 1788
379 1838
379 1894
379 2125
379 2311
379 2781
379 2831
379 2868
379 2935
379 3029
379 3088
379 3755
379 4405
379 4866
380 562
380 1015
380 1257
380 2191
380 2377
380 3328
380 4726
381 441
381 530
381 840
381 1476
381 1684
381 2288
381 2775
381 2903
381 3122
381 3603
381 3758
381 4917
381 4970
382 429
382 538
382 690
382 775
382 790
382 1118
382 1322
382 2080
382 2205
382 2851
382 3188
382 3849
383 448
383 507
383 585
383 1956
383 2413
383 2811
384 514
384 799
384 882
384 1010
384 1075
384 1111
384 1127
384 1157
384 1173
384 2670
384 2753
384 2789
384 2845
384 3827
384 3952
384 4196
384 4374
385 501
385 570
385 1158
385 1867
385 2140
385 2781
386 965
386 1145
386 1151
386 1511
386 2433
386 2772
386 4630
386 4644
387 623
387 1086
387 1291
387 1604
387 2210
387 2220
387 2414
387 2450
387 2772
387 4184
387 4482
387 4660
388 2045
388 2994
388 3749
388 3766
389 706
389 1047
389 2615
390 417
390 3803
391 393
391 455
391 739
391 1075
391 2679
391 3221
391 4624
391 4960
392 500
392 529
392 634
392 711
392 730
392 869
392 1527
392 1916
392 2015
392 2501
392 2520
392 3415
392 4201
393 567
393 822
393 1075
393 1499
393 1994
393 2296
393 3104
393 3486
393 3807
393 4027
393 4063
393 4122
393 4493
393 4802
393 4833
394 641
394 805
394 874
394 1979
394 2643
394 3513
395 580
395 964
395 1236
395 1288
395 1538
395 2327
395 2401
395 3142
395 3569
396 446
396 488
396 619
396 640
396 725
396 764
396 1104
396 1152
396 1373
396 1403
396 1509
396 1538
396 2005
396 2119
396 2212
396 2423
396 2634
396 2674
396 2911
396 2945
396 3287
396 3545
396 3655
396 3819
396 3838
396 4243
397 1405
397 2634
397 4384
397 4914
398 504
398 555
398 579
398 755
398 839
398 1082
398 1144
398 1341
398 1487
398 2390
398 2821
398 2998
398 3030
398 3189
398 3854
398 4518
398 4541
398 4649
398 4738
398 4868
400 409
400 502
400 634
400 639
400 938
400 2151
400 2509
400 2966
401 1113
401 1447
401 2130
401 2520
401 2614
401 2617
401 2733
401 4319
401 4387
402 3548
403 1585
403 2019
403 3879
403 3954
403 4589
403 4630
404 420
404 476
404 599
404 628
404 837
404 1067
404 1212
404 1449
404 1477
404 2046
404 2226
404 2664
404 2898
404 4125
404 4285
404 4937
405 424
405 499
405 582
405 954
405 1000
405 4410
406 410
406 533
406 703
406 778
406 879
406 1547
406 2101
406 2180
406 2799
407 408
407 1347
407 1849
407 2584
407 2806
407 3508
408 738
408 1189
408 3215
408 3343
409 598
409 704
409 776
409 1311
409 1393
409 1799
409 2824
409 2966
409 3028
409 3289
409 4006
409 4309
409 4354
409 4798
410 517
410 608
410 830
410 1722
410 2273
410 2888
411 474
411 1261
411 2181
411 3430
411 3730
411 3781
411 3804
411 4198
411 4414
411 4567
412 508
412 567
412 632
412 743
412 815
412 1018
412 1170
412 1192
412 1308
412 1411
412 1486
412 1729
412 2031
412 2101
412 2247
412 2269
412 2393
412 2403
412 2433
412 2496
412 2862
412 3145
412 3317
412 3364
412 3448
412 3513
412 3590
412 3626
412 3848
412 3936
412 3966
412 3984
412 4605
413 4785
414 722
414 864
414 906
414 1283
414 1461
414 1926
414 2562
414 3254
414 3908
414 4750
414 4805
414 4868
415 1376
415 1380
415 4556
416 1465
416 1491
416 2011
416 2342
416 2862
416 3773
416 4515
416 4791
416 4817
417 630
417 632
417 1131
417 1134
417 1387
417 1574
417 2608
417 3281
417 3587
417 3803
417 4424
418 421
418 677
418 683
418 891
418 1541
418 1627
418 1812
418 1844
418 1885
418 1942
418 1983
418 2342
418 2387
418 3146
418 3528
418 3564
418 3885
418 4257
418 4869
419 422
419 625
419 641
419 824
419 2329
419 2586
419 3055
419 3532
419 4435
419 4505
419 4616
420 649
420 981
420 1686
420 2993
420 3118
420 3195
420 3611
420 4333
421 680
421 779
421 1355
421 1555
421 1935
421 2199
421 2491
421 2768
421 2852
421 3038
421 3076
421 3146
421 3564
422 727
422 763
422 1077
422 1091
422 1206
422 1262
422 1345
422 1802
422 2153
422 2274
422 2885
422 2968
422 3020
422 3044
422 3327
422 4095
422 4734
422 4890
424 843
424 892
424 1334
424 1403
424 1435
424 1978
424 2052
424 2428
424 2727
424 3221
424 3390
424 4449
425 430
425 596
425 703
425 720
425 887
425 1323
425 1692
425 3129
425 3166
425 3286
425 3713
425 4077
425 4422
425 4795
425 4901
425 4914
425 4947
426 491
426 518
426 534
426 613
426 691
426 1614
426 1713
426 1874
426 1884
426 2485
426 2773
426 3720
426 4191
427 664
427 811
427 1044
427 3429
427 4286
427 4568
427 4731
427 4887
428 601
428 781
428 1587
428 1923
428 3252
428 3461
429 657
429 661
429 956
429 2150
429 2356
429 3829
430 514
430 1609
430 2169
430 2319
430 3356
430 4308
431 674
431 699
431 742
431 749
431 771
431 939
431 997
431 1010
431 1052
431 1374
431 1467
431 1767
431 2115
431 2236
431 2328
431 2680
431 2917
431 3090
431 3617
431 4711
432 741
432 856
432 1076
432 1317
432 1545
432 1703
432 1746
432 2347
432 2643
432 3202
432 3654
433 1985
433 4264
433 4347
434 1285
434 1628
434 2123
435 454
435 688
435 760
435 1096
435 1135
435 2247
435 2664
435 2929
435 4655
435 4774
436 459
436 663
436 757
436 1567
436 2901
436 4409
436 4702
436 4932
437 603
437 853
437 969
437 1354
437 1497
437 1530
437 1577
437 1741
437 2128
437 2219
437 2893
437 4115
437 4162
437 4639
438 658
438 832
438 2907
438 3018
438 4194
438 4410
439 1172
439 1243
439 1507
439 1530
439 2077
439 2499
439 2858
439 3169
440 710
440 1564
440 2494
440 2888
440 3695
440 3712
441 822
441 903
441 952
441 1016
441 1052
441 1143
441 1563
441 1660
441 1925
441 1969
441 1981
441 2204
441 2549
441 2802
441 2853
441 3324
441 3382
441 3511
441 4295
441 4438
441 4971
442 461
442 511
442 994
442 1217
442 1231
442 1497
442 1635
442 1834
442 1992
442 2061
442 2202
442 2638
442 2815
442 2893
442 2927
442 2986
442 2995
442 3394
442 3772
442 4056
442 4147
442 4701
442 4880
443 485
443 620
443 1642
443 3116
443 3470
444 646
444 994
444 1087
444 1509
444 1977
444 2893
444 3123
444 4878
445 1004
445 1329
445 1864
445 2106
445 2302
445 2674
446 660
446 2147
446 2817
446 3927
446 4039
447 600
447 767
447 819
447 827
447 993
447 2080
447 2852
447 3296
447 3334
447 4471
448 1058
448 1492
448 1616
448 1841
448 2120
448 2479
448 2652
448 2699
448 2721
448 2744
448 3223
448 3228
448 3261
448 3325
448 3434
448 3469
448 3636
448 3873
449 809
449 858
449 2045
449 2237
449 3007
450 913
450 2597
450 3140
450 3944
451 678
451 763
451 2190
451 2942
451 3420
451 4132
451 4310
451 4530
452 524
452 787
452 1246
452 2023
452 2234
452 2452
452 2938
452 3417
452 3699
452 3732
452 3746
452 4431
453 573
453 904
453 1600
453 2178
453 2183
453 2351
453 3383
454 1204
454 2779
454 4394
455 999
455 1829
456 594
456 1145
456 1693
456 2252
456 2276
456 3631
456 3837
457 665
457 945
457 1455
457 1585
457 1763
457 2986
457 3770
457 4694
458 854
459 597
459 677
459 702
459 703
459 1230
459 1567
459 2281
460 470
460 667
460 747
460 1096
460 1828
460 2305
460 3135
460 3365
460 3447
460 4222
460 4487
460 4509
461 479
461 480
461 521
461 564
461 588
461 645
461 716
461 923
461 1669
461 1844
461 2090
461 2266
461 3205
461 3498
461 3518
461 3519
461 4116
461 4679
462 1085
462 1390
462 1773
462 1800
462 2312
462 2456
462 3050
462 4925
463 624
463 720
463 735
463 2071
463 3855
464 1275
464 1456
464 1695
464 2173
464 2196
464 2367
464 2834
464 4646
465 3284
466 511
466 839
466 950
466 964
466 1226
466 1573
466 1867
466 1994
466 2174
466 2291
466 2667
466 2908
466 3215
466 3505
466 3901
466 4523
467 572
467 2003
467 2308
467 2749
467 2793
467 2963
468 611
468 757
468 1140
468 4401
468 4934
469 588
469 633
469 726
469 2864
469 2952
469 3642
469 3660
469 4413
469 4661
470 1078
470 3010
471 698
471 1751
471 1767
472 495
472 621
472 688
472 834
472 899
472 1617
472 1831
472 2007
472 2286
472 2332
472 3233
472 3318
472 3905
472 4512
472 4769
473 539
473 550
473 570
473 590
473 617
473 642
473 1221
473 1264
473 1302
473 1325
473 1337
473 1409
473 1558
473 1610
473 3165
473 3213
473 3261
473 3425
473 3493
473 3707
473 4046
473 4163
473 4260
473 4552
474 585
474 838
474 861
474 1238
474 1424
474 1531
474 1788
474 1814
474 2882
474 3382
474 3604
474 3857
474 4090
475 733
475 880
475 1428
475 1654
475 3539
476 837
476 1132
476 1227
476 1241
476 1880
476 1895
476 2366
476 2564
476 2676
476 2766
476 2991
476 4399
476 4937
477 503
477 623
477 635
477 860
477 1131
477 1272
477 1366
477 1459
477 1723
477 2114
477 3104
477 3156
477 3209
477 3423
477 3815
477 4510
478 626
478 974
478 3421
478 4588
479 795
479 1830
479 2402
480 572
480 605
480 645
480 694
480 737
480 809
480 885
480 921
480 961
480 1000
480 1307
480 1396
480 1404
480 1599
480 2072
480 2559
480 2995
480 3192
480 3408
480 3520
480 3656
480 3664
480 4614
480 4618
480 4633
480 4970
481 924
481 1008
481 1070
481 1368
481 1418
481 1709
481 1972
481 2032
481 2161
481 2526
481 2567
481 2828
481 3082
481 3332
481 3677
481 3730
481 4193
482 2222
482 2462
483 1470
483 1479
483 1648
483 1965
483 2379
483 3010
483 3913
484 2066
484 2361
484 3259
485 671
485 1262
485 1315
485 2729
485 3179
486 501
486 512
486 612
486 671
486 864
486 1769
486 3829
486 3953
486 4612
486 4750
487 562
488 521
488 1213
488 1619
488 1841
488 1859
488 1905
488 2138
488 2162
488 2493
488 2624
488 2839
488 2926
488 2950
488 3441
488 4939
489 530
489 1653
489 1801
489 2260
489 4014
489 4090
490 1506
490 1764
490 2034
490 2112
490 2200
490 2265
490 2386
490 2476
490 3748
490 3854
490 4058
490 4540
490 4782
490 4851
490 4916
491 691
491 4784
492 1946
492 2855
492 3734
492 3741
493 503
493 1399
493 1556
493 1638
493 1870
493 2709
493 3466
493 3597
494 506
494 773
494 775
494 912
494 3082
495 623
495 1461
495 3374
495 4829
495 4915
496 616
496 1454
496 2011
496 2303
496 2730
496 2755
497 1040
497 2427
498 549
498 558
498 608
498 833
498 951
498 1034
498 1253
498 1782
498 1838
498 1853
498 1858
498 1891
498 1898
498 1937
498 2281
498 2305
498 2400
498 2505
498 2818
498 3149
498 3172
498 3409
498 3487
498 3709
498 3821
498 3983
498 4018
498 4041
498 4494
498 4549
498 4697
499 972
499 1967
499 3105
499 4605
499 4736
500 902
500 1124
500 2007
500 2812
500 3500
500 4939
501 912
501 1795
501 2333
501 4439
502 2061
502 4448
504 547
504 591
504 697
504 722
504 802
504 898
504 900
504 1087
504 1289
504 1897
504 2244
504 2740
504 2827
504 2840
504 2962
504 3311
504 3737
504 3817
504 3868
504 3978
504 4196
504 4460
504 4478
504 4722
504 4963
505 796
505 823
505 4059
505 4666
506 1684
506 1895
506 3395
506 4130
506 4865
507 1117
507 2155
507 2882
508 968
508 1210
508 1408
508 1415
508 1873
508 2723
509 708
509 1329
509 1683
509 3028
510 647
510 989
510 994
510 1839
511 2081
511 2187
511 3401
511 3920
511 4393
512 574
512 870
512 1671
512 1768
512 1857
512 1971
512 2929
512 2941
512 3148
512 3760
512 4803
513 558
513 1083
513 1691
513 1806
513 3339
513 3787
513 4854
514 918
514 1097
514 1185
514 1456
514 1563
514 1609
514 2200
514 2483
514 2618
514 2705
514 3119
514 3126
514 3127
514 3905
514 4601
515 1025
515 1883
516 638
516 929
516 1616
516 1737
516 1753
516 1911
516 3468
516 3939
516 4113
516 4350
516 4556
517 2282
517 4573
518 590
518 730
518 745
518 2275
518 4768
519 648
519 736
519 1720
519 4552
520 585
520 1254
520 2778
521 554
521 1433
521 2044
521 2673
521 3302
521 3623
521 3980
521 4356
521 4745
522 911
522 925
522 1026
522 1323
522 2496
523 602
523 780
523 1118
523 1253
523 1493
523 1730
523 3632
523 3853
523 4084
523 4201
523 4230
523 4487
524 799
524 944
524 1378
524 1388
524 2968
524 3071
524 4265
525 979
525 1110
525 1125
525 1210
525 1415
525 3593
525 3639
525 3640
525 4013
525 4056
526 674
526 1648
526 1667
526 2701
526 3702
526 4560
527 1092
527 1316
527 1914
527 1918
527 2765
527 4829
528 772
528 1087
528 1297
528 1521
528 2231
528 3201
528 3901
529 1721
530 1404
530 1594
530 4090
530 4576
531 724
531 901
531 1957
531 1966
531 2133
531 2627
531 2769
531 3186
531 3250
531 3516
531 3977
532 761
533 615
533 2503
534 538
534 615
534 648
534 691
534 1735
535 868
535 952
536 675
536 703
536 1620
536 2209
536 2402
536 2482
536 2885
536 3768
536 4222
536 4291
537 577
537 791
537 849
537 1719
537 2035
537 2084
537 2576
537 2774
537 2787
537 4215
537 4262
537 4318
537 4409
537 4849
538 661
538 808
538 1901
538 4837
539 849
539 1264
539 1882
539 1936
539 2187
539 2206
539 2378
539 3391
540 656
540 1986
540 3267
540 3852
540 4917
541 2058
541 2141
541 2152
541 3242
541 3318
541 3587
541 3830
541 4534
541 4790
542 875
542 948
542 2020
543 1400
543 1766
543 2685
544 770
544 979
544 998
544 1324
544 1551
544 1784
544 1913
544 2289
544 2372
544 2695
544 2940
544 2974
544 3093
544 3203
544 4093
544 4145
544 4394
545 654
545 760
545 786
545 1220
545 1934
545 2075
545 2167
545 2226
545 2420
545 2752
545 3141
545 3544
545 3638
545 3667
545 3834
545 4166
545 4174
545 4422
545 4464
545 4641
545 4707
545 4806
546 563
546 1432
546 1434
546 1719
546 1837
546 1864
546 2032
546 2127
546 2324
546 2391
546 2466
546 2752
546 2869
546 3119
546 3434
546 3756
546 3909
546 4227
546 4897
547 1066
547 1897
547 2633
547 2963
548 1289
548 2344
548 4596
549 591
549 608
549 659
549 733
549 1163
549 1211
549 1566
549 1783
549 2323
549 2912
549 3541
549 3561
550 617
550 718
550 1825
550 2252
550 3020
550 3990
551 649
551 2732
551 3130
551 3932
552 1266
552 1308
553 1127
553 1248
553 2352
553 3019
554 860
554 975
554 1265
554 2605
554 4128
554 4322
554 4850
555 579
555 1576
555 2257
556 768
557 644
557 697
557 879
557 1167
557 1425
557 1517
557 1588
557 1629
557 1954
557 2118
557 2427
557 2532
557 3203
557 3631
557 3888
557 4887
558 916
558 1844
559 1365
559 1603
559 1707
559 2282
559 3254
559 3495
560 630
560 760
560 1246
560 1690
560 1999
560 2097
560 2451
560 2663
560 3107
560 3109
560 3399
560 3444
560 3481
560 3499
560 3880
560 3887
560 4013
560 4527
560 4653
560 4691
560 4941
561 648
561 696
561 736
561 1257
561 1720
561 2045
561 2915
561 3026
561 3290
561 3538
561 3801
561 4066
561 4211
561 4552
561 4585
562 675
562 732
562 835
562 2191
562 3872
563 594
563 1043
563 1086
563 1500
563 2194
563 2717
563 2869
563 3365
563 3743
563 3934
563 3970
563 4660
564 2282
564 2501
565 635
565 845
565 1001
565 1562
565 1583
565 1615
565 1623
565 1947
565 2329
565 2555
565 2967
565 3012
565 3115
565 4837
566 733
566 1159
566 1514
566 1807
566 1993
566 2073
566 2280
566 3077
566 3960
567 743
567 815
567 1242
567 1377
567 2255
567 2593
567 2983
567 4027
567 4122
567 4396
568 582
568 667
568 1527
568 1642
568 2010
568 2641
568 2694
568 2916
568 3536
568 3885
569 641
569 692
569 944
569 1625
569 1664
569 1743
569 1859
569 2676
569 2905
569 3422
569 3460
569 4117
570 1023
570 1157
570 1158
570 1262
570 1688
570 1780
570 2085
570 2856
570 3043
570 3213
570 3300
570 3932
571 707
571 842
571 968
571 1103
571 1254
571 1866
571 2090
571 3208
571 3311
571 3595
572 605
572 794
572 918
572 1307
572 2003
572 2182
572 2724
572 2995
572 3664
572 4061
572 4813
573 2183
573 2499
573 2587
573 3881
573 4208
573 4559
574 1026
574 1185
574 2113
575 679
575 731
575 3576
575 3624
575 4108
575 4178
575 4689
576 698
576 914
576 928
576 1632
576 1681
576 1787
576 2182
576 2678
576 2787
576 3268
576 3594
576 3849
576 3867
576 4903
577 633
577 1375
577 1396
577 1449
577 1973
578 682
578 696
578 806
578 881
578 930
578 1045
578 1154
578 1295
578 1410
578 1574
578 1984
579 1753
579 3206
579 3234
579 4355
580 1228
580 3292
580 3432
580 3493
580 4369
581 606
581 856
581 1061
581 1830
581 2058
581 2063
581 2143
581 3547
581 3600
581 3889
581 4097
581 4112
582 699
582 940
582 2033
582 3536
583 755
583 1547
583 1636
583 3911
583 3916
584 857
584 1467
584 1484
584 1750
584 1774
584 2070
584 2138
584 2500
584 2980
584 3016
584 3249
584 3943
584 3946
584 4034
584 4203
584 4341
585 1157
585 2830
585 3840
585 4093
586 843
586 1351
586 1512
586 1715
586 1778
586 1878
586 1907
586 2146
586 2239
586 2444
586 3796
586 4144
586 4677
587 841
587 889
587 928
587 1639
587 1643
587 1813
587 2147
587 2256
587 2533
587 2608
587 2680
587 2707
587 3035
587 3406
587 3563
588 652
588 736
589 1286
589 1798
589 2128
589 3081
589 3437
590 1221
590 1325
590 1580
590 2374
590 2992
590 3069
590 3183
590 3671
590 4537
591 685
591 2265
591 4013
591 4493
592 615
592 832
592 1123
592 1238
592 1269
592 1349
592 1438
592 1862
592 1923
592 2223
592 2831
592 4955
593 1464
593 2114
593 2542
593 3354
593 3585
593 3617
594 852
594 1086
594 1167
594 1464
594 2286
594 2316
594 2662
594 2873
594 3837
594 3984
595 1092
595 1122
595 1836
595 2302
595 3293
595 4017
595 4721
596 1185
596 2860
596 3632
596 4079
597 897
597 1073
597 1371
597 1556
597 1567
597 2281
598 4365
599 1066
599 1339
599 1983
599 3678
600 681
600 1032
600 3173
600 3321
600 3372
600 3404
600 3989
600 4698
600 4840
601 704
601 802
601 813
601 1067
601 1489
601 1897
601 2082
601 2589
602 615
602 715
602 1256
602 1523
602 1603
602 2054
602 2062
602 2832
602 2938
602 3058
602 3112
602 3428
602 3450
602 3486
602 3700
602 4238
602 4714
604 840
604 1645
604 2576
604 2775
604 3537
604 3638
604 3811
604 4445
604 4685
605 1049
605 1307
605 1412
605 2182
605 2477
605 2927
605 3013
605 3396
605 3527
605 4266
606 2203
606 4336
606 4849
607 1466
607 1954
607 2018
607 2326
608 659
608 750
608 951
608 977
608 1084
608 1163
608 1232
608 1248
608 1253
608 1295
608 1770
608 2142
608 2338
608 2400
608 2465
608 2608
608 2894
608 2932
608 3349
608 3415
608 4008
608 4474
609 664
609 1273
609 1317
609 1513
609 1560
609 1955
609 2182
609 2826
609 3181
609 3493
609 3531
609 3533
609 3873
609 4035
609 4150
609 4439
609 4659
609 4830
609 4941
611 2235
611 2942
611 3303
611 4226
611 4263
611 4626
612 740
612 1230
612 1442
612 1443
612 1595
612 2084
612 4872
613 924
613 1159
613 1160
613 1614
613 1902
613 3120
613 3410
613 4563
613 4965
614 773
614 1853
614 2437
615 755
615 896
615 1728
615 3172
615 3284
615 3402
615 4792
616 765
616 1043
616 1114
616 1508
616 1531
616 1961
616 3454
616 3769
617 1299
617 2368
617 3471
617 3479
617 3948
617 4613
618 1035
618 1162
618 2734
618 2974
618 3560
618 3734
619 712
619 2591
620 784
620 4344
620 4522
621 663
621 668
621 1194
621 1244
621 1274
621 1353
621 1470
621 1565
621 1959
621 2730
621 4473
621 4780
622 1262
622 2902
623 790
623 1336
623 1459
623 1526
623 2473
624 1126
624 2607
624 3379
625 1473
625 2204
625 2211
625 2563
626 631
626 969
626 1863
626 4052
626 4105
626 4746
627 918
627 1293
627 2130
627 2708
627 3070
627 3128
627 3193
627 3239
627 3619
627 4247
627 4854
628 660
628 705
628 727
628 764
628 2899
628 3153
628 4587
629 1032
629 1225
629 2344
629 3705
629 4823
630 1246
630 4149
631 2666
631 3346
632 1192
632 1433
632 1520
632 2039
632 2792
632 3018
632 3260
633 945
633 1380
633 1390
633 1731
633 2876
633 3553
633 3660
633 3741
633 4223
634 695
634 793
634 2013
634 2533
634 3103
634 3415
634 4202
634 4818
635 3666
635 4254
635 4268
635 4635
635 4687
636 959
636 1156
636 1435
636 1450
636 1745
636 2096
636 4261
637 683
637 1893
637 3255
637 4473
638 1439
638 1580
638 2502
638 4529
638 4637
638 4833
639 1274
639 1296
639 1334
639 2382
639 4332
640 725
640 1119
640 1191
640 1280
640 1611
640 1665
640 2611
640 2782
640 2909
640 3001
640 3545
640 4957
641 692
641 710
641 824
641 868
641 1046
641 1166
641 1224
641 1287
641 1346
641 1417
641 1890
641 2266
641 2396
641 2418
641 2479
641 2783
641 2904
641 3273
641 3829
641 3967
641 4000
641 4021
641 4133
641 4163
641 4188
641 4411
641 4574
641 4837
641 4904
642 1243
642 1401
642 3892
642 4188
643 666
643 1466
643 4578
644 1809
644 2427
644 4127
644 4753
645 809
645 1546
645 2559
645 2829
645 4382
646 2530
646 2955
646 3003
646 3998
646 4143
646 4623
647 814
647 1484
647 1928
647 2041
647 2266
647 3072
647 3574
647 4969
648 736
648 852
648 921
648 1885
648 1999
648 2038
648 2253
648 2376
648 2616
648 3063
648 3422
648 3798
649 1576
649 1613
649 3611
649 3830
649 4564
650 1733
650 1920
650 2177
650 2231
650 2313
650 2347
650 2445
650 2671
650 2776
650 4327
651 759
651 2122
651 2213
651 2558
652 1108
652 1278
652 1578
652 1598
652 3315
652 3827
652 4116
652 4535
653 941
653 1069
653 2107
653 2170
653 2277
653 2395
653 2516
653 2788
653 2799
653 3095
653 3563
653 4331
653 4652
654 786
654 805
654 934
654 1934
654 2016
654 2135
654 2260
654 2485
654 2647
654 3877
654 4100
654 4121
655 900
655 1168
655 2192
655 3076
655 3506
655 3628
655 4129
656 988
656 3246
656 3852
656 4096
657 766
657 956
657 1566
657 1572
657 1710
657 1724
657 1791
657 1876
657 2026
657 2062
657 2321
657 2430
657 2743
657 2767
657 2814
657 2932
657 2953
657 3227
657 3275
657 3744
657 3841
657 3849
657 4057
657 4230
657 4555
657 4734
658 681
658 1399
658 2592
658 3438
659 1667
659 2500
660 705
660 1608
660 1737
660 1826
660 3042
660 3153
660 3915
660 3944
660 4598
660 4771
660 4772
661 692
661 1817
661 1896
662 695
662 1213
662 1304
662 1310
662 1529
662 2441
662 3034
662 3046
662 4279
662 4763
662 4832
662 4857
662 4935
663 1959
664 1339
664 1955
664 2063
664 2978
664 4568
664 4570
665 1472
665 1763
665 2275
665 2867
665 3330
665 3562
665 3711
666 1006
666 1038
666 1282
666 1340
666 1463
666 1971
666 2295
666 2434
666 2826
666 3146
666 3175
666 3805
666 4015
666 4370
666 4575
667 674
667 715
667 851
667 1056
667 1420
667 1621
667 1795
667 1863
667 1905
667 2117
667 2353
667 2379
667 2694
667 2796
667 2956
667 3668
667 3723
667 4033
667 4313
667 4888
667 4962
668 1353
668 1445
668 1565
668 2488
668 2558
668 2680
668 2812
668 4809
669 685
669 1815
669 2925
669 4295
670 950
670 1784
671 1666
671 1821
671 2529
671 4491
672 679
672 1038
673 2344
673 2454
673 3585
673 4618
673 4727
674 997
674 1910
675 2191
675 3057
675 3690
675 3884
675 4209
676 1861
676 2206
676 2599
676 2697
676 3449
676 4488
677 1173
677 1211
677 1685
677 4276
678 852
678 867
678 4018
678 4650
679 1231
679 1315
679 2588
679 4103
680 702
680 1689
680 3223
681 1013
681 2148
681 2592
682 1091
682 1295
682 1765
682 1782
682 3024
682 4621
682 4781
682 4927
683 933
683 1075
683 1102
683 1277
683 1541
683 1857
683 1991
683 2706
683 2826
683 3015
683 3392
683 3482
683 3486
683 4893
684 820
684 957
684 982
684 1008
684 1053
684 1352
684 1552
684 2136
684 2141
684 2169
684 2737
684 3026
684 3043
684 3439
684 3484
684 3504
684 3677
684 4039
685 739
685 788
685 1399
685 1856
685 2997
685 3438
685 4780
686 890
686 1739
687 4061
688 795
688 1096
688 1521
688 2109
688 2200
688 2469
688 2622
688 3705
688 3795
688 4400
689 706
689 734
689 741
689 876
689 2939
689 4340
689 4870
690 1112
690 1259
690 2592
690 2731
690 2851
690 3205
690 4336
690 4380
690 4416
690 4901
691 2043
691 2061
691 2644
691 3327
691 3538
691 3792
692 1090
692 1166
692 1646
692 1817
692 2458
692 2910
692 2918
692 3139
692 4110
693 2485
693 4828
694 1692
694 2547
694 3408
695 4818
696 1898
696 2859
696 2881
696 3963
696 4021
696 4224
696 4378
697 713
697 900
697 1050
697 1619
697 1810
697 3059
697 3683
697 4019
698 789
698 1274
698 1817
698 1926
698 1929
698 1976
698 3276
699 771
699 806
699 888
699 985
699 1011
699 1034
699 1188
699 1549
699 1757
699 2944
699 2989
699 3359
699 3434
699 3625
699 4470
699 4706
699 4792
700 742
700 1017
700 1933
700 2416
700 2802
700 2859
700 4574
702 1456
702 2036
702 2229
704 2320
704 2471
704 2654
704 2949
704 4342
704 4354
704 4748
705 1900
705 2099
705 2600
706 1001
706 1178
706 2719
706 2726
706 2939
706 4088
707 1300
707 1665
707 1740
707 2110
707 2310
707 2709
707 3168
707 3344
707 3357
707 3370
707 4170
707 4454
707 4547
707 4559
707 4893
708 1115
708 1208
708 1235
708 3878
709 1212
709 1219
709 1741
709 1822
709 2213
709 2856
710 907
710 2020
710 3695
711 4379
712 808
712 842
712 986
712 1202
712 1674
712 1751
712 2073
712 2405
712 2626
712 3037
712 3589
712 3590
712 3965
712 4099
713 717
713 744
713 976
713 2189
713 2210
713 2509
713 2850
713 2919
713 3715
713 3716
713 3839
713 4263
713 4434
714 983
714 1137
714 1258
714 1512
714 1658
714 3145
714 3246
714 3825
714 4169
714 4458
714 4867
715 1596
715 2161
715 4326
716 759
716 794
716 2733
716 3408
716 3868
716 3950
717 812
717 2179
717 2850
717 3077
717 4394
718 1522
718 3351
719 762
719 890
719 2489
719 3454
720 751
720 887
720 1540
720 1986
720 2370
720 2871
720 3133
720 3245
720 3337
720 4283
720 4432
721 1084
721 1232
721 1348
721 1382
721 1414
721 2315
721 2810
721 3260
721 3395
721 4693
722 871
722 906
722 917
722 1607
722 1959
722 2197
722 2244
722 2840
722 3134
722 3173
722 3226
723 1524
723 2264
723 2368
723 2648
723 2872
723 3308
723 3566
723 4286
723 4381
724 1032
724 1337
724 1674
724 1957
724 3186
724 3250
725 1241
725 3005
725 3672
725 3791
725 4320
726 776
726 2156
726 3323
726 3458
726 3616
727 1790
727 3860
727 4890
728 800
728 1371
728 1458
728 1554
728 2151
728 3078
729 905
729 1187
729 1397
729 1583
729 2954
729 3198
729 3757
729 3864
729 3977
729 4065
729 4141
729 4315
729 4902
730 1555
730 1586
730 1916
730 3927
730 4737
730 4795
731 882
731 4166
733 1063
733 2491
734 1748
734 3441
735 1847
735 2263
735 3270
736 1033
736 1720
736 4380
736 4566
737 1437
737 1937
737 2049
737 2998
737 3762
737 4100
737 4306
737 4787
738 786
738 1051
738 1179
738 1996
738 2091
738 2399
738 2505
738 2981
738 3555
738 4933
739 823
739 859
739 1216
739 1640
739 1856
739 1864
739 1922
739 2368
739 2548
739 2867
739 3295
739 3339
739 3843
739 3949
739 4964
740 1180
740 1657
740 1839
740 2198
741 1545
741 3019
741 3411
742 1336
742 1894
742 4303
743 942
743 1192
743 1220
743 1411
743 2983
744 851
744 882
744 1047
744 1473
744 1895
744 2629
744 3293
744 3474
744 4395
744 4645
745 1208
745 1715
745 2384
745 3965
745 4145
745 4296
746 2620
746 2836
746 4961
748 1027
748 1125
748 1142
748 1215
748 1697
748 2601
748 3094
748 4029
749 781
749 916
749 1135
749 1260
749 1593
749 1650
749 2026
749 2255
749 2473
749 2928
749 3105
749 3270
749 4492
749 4952
750 902
750 1204
750 1659
750 1758
750 2506
750 2892
750 2894
750 3562
750 3731
750 3982
750 4174
750 4958
751 1605
751 2359
751 3133
751 3692
751 4508
752 825
752 1411
752 1820
752 2064
752 3013
752 3418
752 4249
752 4547
752 4881
752 4934
753 937
753 1028
753 1037
753 1138
753 1271
753 1452
753 3159
753 3168
753 3679
753 3969
753 4524
753 4670
753 4694
753 4878
754 769
754 998
754 2964
754 2983
754 3330
754 3956
754 4005
754 4069
755 969
755 970
755 1529
755 1593
755 3213
755 3582
755 3911
756 845
756 919
756 1046
756 1107
756 1205
756 1427
756 1618
756 2044
756 2227
756 2314
756 2330
756 2526
757 1229
757 2030
757 2596
757 4228
757 4876
758 859
758 2798
758 3176
758 3767
758 4889
759 1048
759 2637
760 1096
760 1374
760 1428
760 2167
760 3141
760 3508
760 3958
760 4325
760 4527
760 4774
761 846
761 873
761 1366
761 1470
761 1644
761 2027
761 2553
761 2774
761 2775
761 3150
761 4113
761 4531
761 4903
762 1088
762 1558
763 821
763 1195
763 2942
763 3061
763 3816
763 4323
763 4327
764 2099
764 2634
765 807
765 1007
765 1805
765 3994
765 4345
766 1198
766 1785
766 2710
767 1534
767 1640
768 793
768 1143
768 1481
768 1600
768 1675
768 3052
768 3476
768 4164
768 4301
768 4302
769 2983
769 3132
770 2175
770 4344
771 869
771 2013
771 2628
771 3040
771 3509
771 3731
771 4131
772 1240
772 1266
772 3395
773 4227
774 1943
776 804
776 949
776 1469
776 1755
776 1948
776 2454
776 2824
776 3315
776 3602
776 3899
776 4447
777 782
777 850
777 933
777 1146
777 1209
777 1275
777 1709
777 1800
777 2241
777 2404
777 2408
777 2535
777 2865
777 3342
777 3387
777 3755
777 3807
777 4564
777 4831
778 922
778 2349
778 3033
778 3599
778 3673
778 3694
778 4070
778 4454
779 1355
779 1499
779 3551
780 3056
780 3058
780 3700
780 4147
781 1191
781 1345
781 1587
781 3633
782 1079
782 3574
783 784
783 2256
783 2658
783 4476
784 857
784 1023
784 1202
784 2092
784 3598
784 3779
784 3911
784 3919
784 4177
784 4420
784 4709
784 4770
785 1704
785 2078
785 2601
785 2684
785 3997
785 4281
786 1705
786 3667
787 914
787 1065
787 1241
787 1310
787 1495
787 1875
787 2357
787 2795
787 3548
787 3649
788 800
788 965
788 1115
788 1203
788 1471
788 1765
788 3380
788 3759
788 4670
789 2413
789 3390
790 1081
790 1091
790 1599
790 2950
790 3368
791 1046
791 1796
792 1042
792 2246
792 3047
792 3924
792 4148
792 4714
792 4930
793 1742
793 2533
794 884
794 1172
794 4084
795 819
795 1005
795 1578
795 1652
795 1749
795 1889
795 2484
795 2731
795 2870
795 3031
795 4420
795 4966
796 985
796 1036
796 1201
796 1285
796 1525
796 1533
796 1827
796 1927
796 1967
796 2300
796 4316
796 4876
797 1382
798 2103
798 2503
798 3922
799 1550
800 1350
800 1803
800 2151
800 2170
800 3894
801 921
801 1328
801 1514
801 1552
801 1673
801 1908
801 2086
801 2238
801 2498
801 2536
801 2543
801 2707
801 3028
801 3275
801 3865
801 3991
801 4054
801 4219
802 1482
802 1897
802 2087
803 1965
803 3610
803 3979
804 1948
804 2738
804 4447
805 3663
805 4253
806 881
806 1045
806 1104
806 1410
806 1679
806 2425
806 3800
806 4596
806 4777
807 4577
808 842
808 855
808 1098
808 2051
808 2125
808 2626
808 3037
808 3157
808 3326
808 3362
808 3721
808 3735
808 3824
808 3826
808 4076
808 4178
808 4585
809 1126
809 1216
809 1362
809 2095
809 2237
809 2690
809 2715
809 3078
809 4650
810 908
810 1079
810 1105
810 1417
810 1647
810 1932
810 2945
810 3552
810 3814
810 3923
810 4624
811 936
811 1274
811 2566
811 2595
811 4221
811 4270
812 1040
812 2164
812 4183
812 4201
812 4269
812 4584
813 910
813 1489
814 1235
814 1748
814 3581
815 2319
815 2665
815 3899
816 1184
816 2647
817 1080
817 1130
817 1149
817 1703
817 1964
817 2144
817 2650
817 2659
817 2837
817 2874
817 3044
817 3129
817 3549
817 3989
817 4235
817 4281
817 4317
817 4526
817 4774
818 1020
818 2399
818 2962
818 4547
818 4578
819 2731
820 3483
820 4257
821 894
821 1526
822 1798
822 2011
822 2291
822 3157
822 3204
822 4063
822 4882
823 859
824 932
824 1089
824 1568
824 1604
824 2078
824 2396
824 2553
824 2586
824 2721
824 2764
824 3055
824 4609
824 4835
824 4904
825 1734
825 1783
825 1862
825 1887
825 2002
825 2236
825 3468
825 3494
825 3893
825 4760
826 877
826 953
826 1401
826 1485
826 2164
826 2478
826 2594
826 3687
826 4232
827 1181
827 1209
827 1395
827 1445
827 1872
827 2398
827 2416
827 2662
827 3890
828 1197
829 2321
829 2518
829 3214
829 3461
829 4558
830 1878
830 2331
830 4751
831 1436
831 1525
831 1530
831 4248
832 1242
832 1906
832 2920
832 3575
832 3656
832 3990
832 4177
833 1858
833 3236
833 3825
833 3886
833 3930
834 1426
834 1507
834 1544
834 1592
834 1679
834 1988
834 2298
834 2897
834 3816
834 3846
834 3972
835 2191
835 3260
835 3881
836 1688
836 1838
836 2239
836 3199
836 4102
836 4353
837 947
837 1229
837 1397
837 1477
837 1738
837 2120
837 3636
837 3895
837 4379
838 1589
838 2250
838 2630
838 4244
839 3215
839 3505
840 935
840 1113
840 1412
840 1483
840 1655
840 1761
840 2525
840 2775
840 3117
840 3290
840 3712
840 4504
840 4818
841 889
841 1077
841 1306
841 1519
841 1590
841 1620
841 2055
841 2121
841 2136
841 2148
841 2458
841 2507
841 2508
841 2514
841 2808
841 2823
841 3089
841 3125
841 3983
841 4348
841 4434
841 4960
842 886
842 986
842 993
842 1486
842 1572
842 1866
842 2614
842 3102
842 3358
842 4034
843 942
843 1113
843 1512
843 1878
843 3007
843 3793
843 3841
843 4058
844 1104
844 1725
844 2738
844 3040
844 3183
844 4009
844 4366
845 1481
845 2242
845 2700
846 1015
846 1297
846 1453
846 2195
846 3604
846 3769
846 4051
846 4234
848 1406
848 1865
848 2934
848 3372
848 3707
848 4373
848 4640
849 966
849 1719
849 3004
849 4318
850 1153
850 1756
850 2311
850 2315
850 3386
850 3501
851 879
851 2603
851 3577
851 3976
851 4302
851 4477
851 4758
851 4807
852 898
852 1005
852 1123
852 1237
852 1416
852 1622
852 2401
852 3904
852 4277
852 4358
852 4389
852 4650
852 4729
852 4974
853 1147
853 1713
853 2907
853 3100
853 4129
854 980
854 981
854 3009
854 4007
854 4493
854 4506
855 1199
855 2051
855 2055
855 3214
855 3362
856 1369
856 1703
856 1879
856 2058
856 2314
856 2330
856 2657
856 2848
856 3089
856 3264
856 3274
856 3654
856 3938
856 4153
856 4926
856 4958
857 1355
857 1843
857 1868
857 2184
857 2406
857 2495
857 3086
857 3217
857 3598
857 3866
857 4421
857 4467
857 4884
858 1042
858 1952
858 2948
858 4573
859 1216
859 1349
859 2105
859 2589
859 3651
859 4391
859 4678
860 949
860 1231
860 2098
861 1612
862 1162
862 1496
862 1713
862 2250
862 2419
862 3166
863 2544
863 2883
863 3573
864 4750
864 4972
865 1159
865 2153
865 2184
865 2449
865 2776
865 4834
865 4848
865 4884
866 1057
866 1437
866 3258
866 3393
866 3627
866 4812
866 4899
867 870
867 2816
867 2993
867 4023
868 975
868 998
868 1156
868 1477
868 1625
868 2308
868 2317
868 2903
868 2904
868 2930
868 3397
868 3471
868 3893
868 3980
868 4741
868 4932
869 880
869 1251
869 1557
869 1564
869 2628
869 3056
869 3540
869 4592
869 4596
870 1239
870 1340
870 1490
870 1537
870 3220
870 4183
871 3478
872 878
872 1071
872 1390
872 1535
872 1836
872 2147
872 2251
872 2490
872 2529
872 2985
872 3175
872 3714
872 3858
872 4242
872 4296
873 1929
873 2429
873 3409
875 2492
875 3048
875 3593
875 4180
876 1230
876 1333
876 2134
876 2436
876 2573
876 2818
876 4397
876 4509
876 4710
877 892
877 2745
877 3137
877 4737
878 1224
878 3612
878 3928
878 4029
878 4751
879 935
879 1222
879 2603
879 3003
879 4156
880 1298
880 1451
880 3678
880 3956
881 930
881 943
881 1289
881 1410
881 2180
881 2236
881 2641
881 2655
881 3605
881 4598
881 4775
881 4905
882 1157
882 1488
882 2093
882 2193
882 2423
882 2487
882 2550
882 2730
882 4245
883 1987
883 2432
883 3964
883 4378
883 4545
884 1475
884 1851
885 1396
885 2736
885 3656
885 3753
885 4080
886 1060
887 1628
887 2975
887 4593
888 1218
888 1626
888 1968
888 2025
888 2636
888 2977
888 4292
888 4306
888 4464
889 1153
889 1169
889 1360
889 1590
889 1631
889 1714
889 1718
889 2017
889 2028
889 2084
889 2121
889 2316
889 2400
889 2478
889 2581
889 2780
889 2849
889 3089
889 3172
889 3397
889 3897
889 3983
889 3986
889 4390
889 4532
889 4773
889 4871
890 1379
890 1485
890 2292
891 913
891 2804
891 4015
892 1585
892 2153
892 2602
892 2685
892 2715
892 3390
893 1827
894 1862
894 2679
895 1228
895 2810
895 3797
896 982
896 1119
896 1166
896 1584
896 2205
896 3139
896 3284
896 3402
896 3515
896 3703
896 4248
896 4336
896 4954
897 3995
897 4536
897 4680
898 1446
898 3523
898 4478
899 2444
899 4072
899 4372
900 1619
900 1771
900 1835
900 2159
900 2528
900 2722
900 3288
900 3358
900 3944
900 4196
901 949
901 1055
901 2222
901 2256
901 2391
901 2899
901 3376
901 3650
901 4764
902 967
902 2007
902 2304
902 4858
903 1802
903 2199
903 4129
904 1279
904 1372
904 1481
904 1600
904 2056
904 3484
904 4234
904 4407
904 4864
905 1332
905 1585
905 2599
905 2767
905 3588
905 3721
905 4518
905 4902
905 4923
906 955
906 1116
906 3226
906 3271
906 3777
906 4127
907 1257
908 1417
908 1491
908 1674
908 1716
908 1950
908 3671
908 4506
909 923
909 2527
909 3303
909 4104
910 1272
910 1350
910 2346
910 4231
911 1247
911 3569
911 3938
911 4044
912 917
912 1013
912 1309
912 3114
913 4015
914 1532
914 2648
914 3093
914 3661
914 4814
914 4856
915 974
915 1496
915 3533
916 2822
916 2835
916 3201
916 4096
917 1493
917 1508
917 2320
917 4940
919 971
919 1205
919 4370
920 957
920 1237
920 1429
920 1826
920 1874
921 1277
921 1396
921 1541
921 1999
921 3470
921 4054
922 955
922 1644
922 1916
922 2095
922 3088
922 3673
922 3694
922 4070
922 4338
923 1917
923 2297
923 3220
923 4956
924 2526
924 2612
924 4159
925 960
925 1921
925 2825
925 3459
925 3802
925 4744
925 4888
926 3081
927 1138
927 1273
927 1364
927 3235
928 1065
928 4356
928 4384
928 4399
929 1616
929 1683
929 1717
929 2721
929 3645
929 3648
929 4920
930 1217
930 1708
930 3024
930 4848
931 1148
931 1302
931 2422
931 3406
931 3496
931 4282
931 4349
932 2078
932 3135
932 3273
932 3447
932 3584
932 4000
933 1014
933 1281
933 1318
933 1649
933 2131
933 2329
933 2366
933 2972
933 3472
933 3652
933 3764
933 3814
934 1021
934 1121
934 2016
934 2570
934 3340
934 4107
934 4256
934 4604
934 4821
935 1113
935 1761
935 2501
935 3177
936 938
936 1093
936 1918
936 1959
936 1968
936 2564
936 3498
936 3538
936 4176
936 4363
936 4546
936 4688
937 1222
937 1385
937 3637
937 4785
938 939
938 1093
938 1855
938 2136
938 2452
938 3510
938 4086
938 4333
938 4603
938 4828
939 2697
939 4063
939 4083
939 4086
940 1099
940 1526
940 2728
940 4338
940 4452
940 4587
941 1082
941 2112
941 2439
941 3331
941 4609
941 4821
942 3541
944 1420
944 1664
944 1970
944 3071
944 4032
945 1171
945 1255
945 1731
945 2495
945 3726
945 3764
945 4377
945 4759
946 1536
946 1980
946 2831
946 3682
946 3990
946 4335
946 4607
947 3778
948 2955
948 3131
948 3458
949 1948
949 4447
950 2364
951 2932
951 3761
951 4474
952 963
952 989
952 1296
952 1833
952 1925
952 2218
952 2449
952 2651
952 2755
952 3220
952 4246
952 4440
952 4853
953 1804
953 2131
953 2319
953 2735
953 2737
953 4228
953 4232
953 4499
954 1577
955 1422
955 2498
955 3414
955 3981
955 4070
955 4386
955 4580
955 4920
955 4948
956 1278
956 1566
956 1710
956 4616
956 4734
957 2141
957 3056
957 4182
958 997
958 2114
958 2313
958 2419
958 3682
958 4483
959 1255
959 2397
960 2060
960 2383
960 3900
960 4744
960 4807
961 1258
961 1335
961 1819
961 2578
961 3300
961 3874
961 3938
961 4023
961 4030
961 4424
961 4462
961 4647
961 4926
962 1322
962 1330
962 1847
962 1904
962 2446
962 4360
963 2218
964 976
964 1532
964 1573
964 1583
964 2028
964 2872
964 3005
964 3142
964 4537
967 1251
967 2111
967 2519
967 3522
967 3921
967 3962
967 3980
968 1210
968 1254
968 1978
969 970
969 1459
969 4052
970 2447
970 4265
970 4877
971 2479
972 2183
972 2270
972 3634
972 4483
973 1452
973 1974
973 3003
974 2659
974 3533
975 1265
975 1300
975 1444
975 1666
975 1707
975 2309
975 2317
976 1701
976 2211
976 2478
976 2521
976 2547
976 3897
976 4233
976 4434
976 4918
977 1201
977 1232
977 1966
978 1022
978 1054
978 1246
978 1271
978 1581
978 2025
978 2306
978 2431
978 2505
978 2522
978 2966
978 3133
978 3320
978 3848
978 4916
978 4962
979 992
979 2687
979 3941
979 4257
979 4628
980 3467
980 4963
981 1370
982 1060
982 1447
982 1781
982 1890
982 2160
982 2333
982 2923
982 3284
982 4622
983 1381
983 1658
983 2248
983 2800
983 3338
983 3718
983 4169
983 4867
984 1480
985 1036
985 1050
985 1528
985 1744
985 1817
985 2596
985 3709
985 3779
985 4062
985 4913
986 1076
986 1182
986 2212
986 2785
986 2879
986 3048
986 3358
986 3384
986 3607
986 4053
987 1154
987 1352
987 1398
987 1595
988 1432
989 1059
989 3674
990 2712
990 3420
990 4785
991 4730
992 2407
992 2496
992 3228
992 3941
992 4143
992 4330
993 1029
993 1303
993 1675
993 1921
993 2747
993 3523
993 3750
993 3927
995 1860
995 2188
995 3738
995 3992
996 1012
996 2410
996 3755
996 4644
997 1749
997 2511
997 2857
997 3073
997 3933
997 4748
998 1147
998 1306
998 1358
998 1784
998 1867
998 1958
998 2067
998 2287
998 2511
998 2679
998 2695
998 2717
998 3893
998 3956
999 1628
999 2977
999 4720
999 4908
1000 2486
1000 2502
1000 3087
1001 1178
1001 1189
1001 2967
1001 3554
1001 4233
1002 1536
1003 1252
1003 1621
1003 1724
1003 1920
1003 1948
1003 2838
1003 3470
1004 1106
1004 2262
1004 3182
1004 3377
1004 3489
1005 1123
1005 1360
1005 1362
1005 1630
1005 1804
1005 3286
1006 1140
1006 2310
1007 1108
1007 1816
1008 1552
1008 1730
1008 1953
1008 2504
1008 2944
1008 3393
1008 3511
1008 3677
1009 2870
1009 3830
1009 4814
1009 4947
1010 2288
1010 3259
1010 4486
1011 1034
1011 1411
1011 1549
1011 1849
1011 1982
1011 2420
1011 2924
1011 3325
1011 3736
1011 3947
1011 4122
1011 4284
1012 1128
1012 1669
1012 2150
1012 2311
1012 2436
1012 3960
1013 2133
1013 2148
1013 3196
1013 3369
1013 4154
1014 1318
1014 3945
1014 4016
1014 4210
1015 2351
1015 2377
1015 3581
1016 1057
1016 1376
1016 1543
1016 1732
1016 2229
1016 2466
1016 2497
1016 3756
1016 4209
1017 1300
1017 2813
1017 3066
1017 3674
1018 2385
1018 3115
1019 1677
1019 2274
1019 2448
1021 1121
1021 1319
1021 1406
1021 1418
1021 2264
1021 2360
1021 2609
1021 2871
1021 3037
1021 3298
1021 4020
1021 4246
1022 1427
1022 1546
1022 2359
1023 2865
1023 3670
1023 4770
1023 4810
1024 1079
1024 1220
1024 1596
1024 1702
1024 3097
1025 1154
1025 1200
1025 1305
1025 1682
1025 2753
1025 3722
1025 4511
1025 4647
1026 1179
1026 2335
1026 2481
1026 3092
1026 4733
1026 4859
1027 1142
1028 3686
1029 4889
1030 3003
1030 3389
1030 4516
1031 4466
1032 2788
1033 2847
1033 3272
1033 4380
1034 1136
1034 1982
1034 2944
1034 3736
1034 4553
1035 1566
1036 2142
1036 3382
1036 4014
1036 4913
1037 1500
1037 2474
1037 2476
1037 2646
1037 2757
1037 2794
1037 3969
1037 4442
1038 1444
1038 2321
1038 4687
1040 1226
1040 1228
1040 1515
1040 1883
1040 2164
1040 2404
1040 2864
1040 2908
1040 3310
1040 3442
1040 4027
1040 4619
1041 3802
1041 4120
1042 1170
1042 1673
1042 1952
1042 1983
1042 2450
1042 2559
1042 3047
1042 3148
1042 3250
1042 4273
1043 1444
1043 2194
1043 3769
1043 3786
1043 4620
1044 1360
1045 1318
1045 2309
1047 1358
1047 2757
1047 3710
1048 1422
1048 1516
1048 1597
1048 1643
1048 1764
1048 2020
1048 3430
1048 4010
1049 1116
1049 2447
1049 2823
1049 3263
1049 3426
1049 4169
1049 4867
1050 2188
1050 3084
1050 3128
1050 3709
1050 4019
1050 4079
1050 4663
1051 1223
1051 1400
1051 1996
1051 2148
1051 2704
1051 3976
1051 4933
1052 1095
1052 3090
1052 3614
1053 1097
1054 1201
1054 1271
1054 2089
1054 2499
1054 2505
1054 3320
1054 4681
1055 1240
1055 4039
1056 1338
1056 2038
1056 2532
1056 2619
1056 2623
1056 2770
1056 4851
1057 1178
1057 1931
1057 2093
1057 2318
1057 3799
1057 4058
1057 4426
1057 4465
1058 1368
1058 1524
1058 2285
1058 3662
1059 1100
1059 2350
1059 4109
1060 1343
1060 1684
1061 1225
1061 1313
1061 2591
1061 3684
1061 4898
1062 1146
1062 2945
1064 3355
1065 1504
1065 1933
1065 3128
1065 4319
1066 1200
1066 3526
1067 1365
1067 1544
1067 1633
1067 1997
1067 2046
1067 2759
1067 3419
1067 4285
1067 4560
1067 4857
1068 1652
1068 1835
1068 1869
1068 2381
1068 3140
1068 4538
1068 4786
1069 1180
1069 3627
1070 1418
1070 1695
1070 1941
1070 2576
1070 3084
1070 3122
1070 3998
1070 4080
1071 1323
1071 1348
1071 1888
1071 2345
1071 2490
1071 2519
1072 1654
1072 2249
1072 3171
1072 3774
1072 4610
1073 1371
1073 2739
1074 1218
1074 1382
1074 2619
1074 2703
1074 2935
1074 4629
1075 1105
1075 1507
1075 1615
1075 2826
1075 3729
1075 3735
1075 4788
1075 4929
1076 1294
1077 1443
1077 1446
1077 1546
1077 1716
1077 1950
1077 2357
1077 2460
1077 2884
1077 3266
1078 1474
1078 1695
1078 2290
1078 2569
1078 3144
1078 3872
1078 4359
1078 4469
1079 1498
1079 2680
1079 3183
1079 4362
1079 4949
1080 1475
1080 2144
1080 2524
1080 2901
1080 3164
1080 3490
1080 4199
1080 4747
1080 4870
1081 1385
1081 1438
1081 1526
1081 1896
1081 2288
1081 2770
1081 2910
1081 3740
1081 4106
1081 4172
1081 4413
1081 4515
1082 1261
1082 1561
1082 1808
1082 1978
1082 2039
1082 2071
1082 2633
1082 2878
1083 1361
1083 1691
1083 3378
1083 3768
1083 3777
1083 3929
1084 1436
1084 1651
1084 1770
1084 1794
1084 2315
1084 3193
1084 3742
1084 4481
1085 1390
1085 2310
1085 2782
1085 2806
1085 3831
1086 2316
1086 4660
1087 1297
1087 1598
1087 2244
1087 2827
1087 3264
1087 3350
1087 4905
1088 1450
1088 1558
1088 1651
1088 2105
1088 2299
1088 2399
1088 2672
1088 4636
1089 1106
1089 1270
1089 1412
1089 1942
1089 2396
1089 2497
1089 2586
1089 3179
1089 3217
1089 3309
1089 3499
1089 4088
1089 4186
1090 1495
1091 1242
1091 1313
1091 3368
1091 4221
1091 4524
1092 4392
1093 1109
1093 1145
1093 1968
1093 2690
1094 1627
1094 1885
1095 2940
1095 3248
1095 3610
1095 4206
1096 2247
1096 2480
1096 2685
1096 4180
1096 4325
1098 1193
1098 2051
1098 2626
1098 2900
1098 3446
1098 3678
1098 3930
1098 4332
1099 4092
1099 4452
1099 4587
1099 4653
1099 4796
1100 1155
1100 2247
1100 2847
1101 1168
1101 3053
1101 3187
1101 3410
1102 3514
1102 4244
1102 4486
1103 1176
1103 2364
1103 3489
1104 1407
1104 1725
1104 2145
1104 3062
1104 3950
1105 1123
1105 1648
1105 2154
1105 3102
1105 3274
1105 3501
1105 4215
1105 4237
1105 4408
1105 4435
1105 4624
1105 4695
1105 4759
1105 4929
1106 1183
1106 2137
1106 3101
1106 3482
1106 4197
1107 2537
1108 1586
1108 1733
1108 3212
1108 4500
1108 4904
1109 2402
1109 3487
1109 3738
1109 3774
1110 1220
1110 1610
1111 1516
1111 1735
1111 4183
1111 4619
1111 4724
1112 1748
1112 4727
1113 4195
1114 1508
1114 1606
1114 2371
1114 2472
1114 3423
1114 3745
1115 1387
1115 1589
1115 3306
1115 3878
1115 4539
1117 1329
1117 1533
1117 1638
1117 1685
1117 2008
1117 2108
1117 2212
1117 2919
1117 4187
1117 4906
1118 3129
1119 1166
1119 1498
1119 1511
1119 1584
1119 1611
1119 4839
1120 1892
1120 1909
1120 2454
1120 3209
1120 4172
1120 4209
1120 4342
1120 4695
1121 2127
1121 2609
1121 2811
1121 4020
1122 2788
1122 4199
1122 4783
1123 1229
1123 1315
1123 1379
1123 1704
1123 2275
1123 4389
1123 4753
1123 4759
1124 1426
1124 1588
1124 1678
1124 1842
1124 2040
1124 2272
1124 2413
1124 3575
1124 4239
1125 3094
1125 3307
1126 1383
1126 4623
1127 1248
1127 1769
1127 2162
1127 2670
1128 1492
1128 1623
1128 1762
1128 2176
1128 4863
1129 1854
1129 2008
1129 2108
1129 3496
1129 4080
1130 1788
1130 2122
1130 2874
1130 4235
1130 4898
1131 1134
1131 1979
1131 2287
1132 1695
1132 2083
1133 2006
1133 2426
1133 2645
1133 4684
1135 2380
1135 2929
1135 3150
1137 1258
1137 1512
1137 3787
1138 1252
1138 2299
1138 2736
1139 1876
1139 2332
1139 2417
1139 3017
1139 3138
1139 3685
1139 4043
1140 1375
1140 1475
1140 1605
1141 1161
1141 2155
1141 2172
1141 2208
1141 2287
1141 2334
1141 3739
1141 3746
1141 3907
1141 4503
1141 4893
1141 4897
1143 1567
1143 3192
1144 1487
1144 1646
1144 2014
1144 2527
1144 2821
1144 3176
1145 1511
1145 3684
1146 1275
1146 1483
1146 2146
1146 2464
1146 4246
1147 1346
1147 1634
1147 1886
1147 2284
1147 2296
1147 3100
1147 3618
1148 1287
1148 1322
1148 1352
1148 1815
1148 1822
1148 2446
1148 2534
1148 3059
1148 3319
1148 3809
1148 4024
1148 4138
1148 4258
1149 2625
1149 3662
1149 3889
1149 4026
1149 4087
1152 1373
1152 2119
1152 2523
1152 3301
1152 3545
1152 3925
1153 1669
1153 1939
1153 2814
1153 3386
1154 1586
1154 1812
1154 2086
1154 3025
1154 3057
1154 4388
1154 4646
1154 4703
1154 4732
1155 1716
1155 2193
1155 2847
1155 3666
1155 4415
1156 1222
1156 1238
1156 1301
1156 1395
1156 1435
1156 1460
1156 1518
1156 1717
1156 1984
1156 2516
1156 3083
1156 3689
1156 3696
1156 3835
1156 4800
1157 1488
1157 1732
1157 1780
1157 3213
1157 3840
1158 2338
1158 2387
1159 1185
1159 2449
1160 1409
1160 2075
1160 2799
1160 4019
1161 1373
1161 1676
1161 1747
1161 2154
1161 2208
1161 2394
1161 2895
1161 4657
1161 4799
1162 2088
1162 2677
1163 2923
1163 3349
1164 1250
1164 1861
1164 2180
1164 2431
1164 2655
1164 2973
1164 3957
1165 1876
1165 2988
1165 4245
1166 1584
1166 2525
1166 2910
1166 3703
1166 4180
1167 1407
1167 3208
1167 3616
1168 3410
1169 2232
1169 3897
1170 1192
1170 1256
1170 1308
1170 1416
1170 1445
1170 1520
1170 1622
1170 1627
1170 1918
1170 2450
1170 2754
1170 3407
1170 3460
1170 3732
1170 4063
1170 4964
1171 2427
1171 2794
1171 2888
1171 4377
1171 4819
1172 1292
1173 3591
1173 4825
1174 3147
1174 4250
1175 4276
1176 4621
1177 1206
1177 1875
1177 1962
1177 1980
1177 3239
1177 3282
1177 3629
1177 3837
1177 4134
1177 4677
1178 1540
1178 1778
1178 1931
1178 2719
1178 2967
1178 4846
1178 4895
1179 1773
1179 3216
1179 4733
1179 4906
1180 1657
1180 3032
1180 4718
1180 4931
1181 1872
1182 4082
1183 1670
1184 2958
1184 3961
1185 2793
1185 3170
1185 4611
1186 1419
1186 2517
1186 2897
1186 3274
1186 3685
1186 4070
1187 3768
1188 1712
1188 2007
1191 1910
1191 2008
1191 2234
1191 2919
1191 3857
1191 4539
1191 4542
1192 1358
1192 1520
1192 2144
1192 3006
1192 3936
1192 3968
1194 1204
1194 1236
1194 1238
1194 1244
1194 1363
1194 2002
1194 2354
1194 2430
1194 3424
1194 4289
1194 4764
1194 4941
1195 2942
1195 3816
1196 1377
1196 1400
1197 1380
1197 1797
1197 2767
1197 3322
1197 4606
1198 1456
1200 1243
1200 1305
1200 2070
1200 3240
1200 3524
1200 4309
1200 4731
1201 1606
1201 1827
1201 4431
1201 4525
1202 1466
1202 2215
1202 3033
1202 3508
1202 3520
1202 3943
1202 4709
1203 2115
1203 3367
1203 3721
1204 1389
1204 4372
1204 4394
1205 4727
1205 4827
1206 2158
1206 2517
1206 3837
1207 2537
1208 2163
1208 2409
1208 3437
1208 4451
1208 4951
1209 1252
1209 1270
1209 1332
1209 1620
1209 1641
1209 2139
1209 2815
1209 3065
1209 3325
1209 4061
1210 2046
1210 2480
1210 2927
1210 3914
1210 4113
1210 4608
1211 2323
1211 4692
1212 2161
1212 2261
1212 2898
1213 2120
1213 2290
1213 2493
1213 4261
1214 2111
1214 3303
1214 3885
1215 1448
1215 1468
1215 1772
1215 3574
1216 1349
1216 2041
1216 2082
1216 2914
1216 2988
1216 3090
1216 4049
1216 4866
1217 3144
1217 3338
1217 4289
1218 1626
1218 1720
1218 2619
1219 1893
1219 2221
1219 2489
1219 3884
1219 4030
1219 4140
1220 1522
1220 1610
1220 1934
1220 2075
1220 2115
1220 2420
1221 2042
1221 3399
1222 1440
1222 1656
1222 3398
1223 4933
1224 2418
1224 4188
1224 4834
1225 1303
1225 1589
1225 1706
1225 1806
1225 1839
1225 1917
1225 2758
1225 3347
1225 3684
1225 4778
1225 4898
1226 1464
1226 1515
1226 2005
1226 2908
1226 3505
1226 3582
1226 3947
1226 4186
1226 4400
1227 1880
1227 2575
1227 2760
1227 2809
1227 2988
1227 3163
1228 1515
1228 1883
1228 3432
1228 3921
1228 4761
1228 4824
1229 2614
1229 3647
1229 4668
1230 1590
1230 2285
1230 4460
1231 1834
1231 3630
1232 1341
1233 2043
1233 2322
1233 3008
1233 3900
1234 1668
1234 2545
1234 2556
1234 3371
1234 3630
1234 4239
1234 4349
1235 1834
1235 2318
1235 4816
1236 2552
1236 2654
1236 3389
1236 3727
1236 4051
1236 4513
1236 4623
1237 1429
1238 4941
1239 1358
1239 1587
1239 2410
1240 1633
1240 1694
1240 4843
1241 1475
1241 1833
1241 2334
1241 2653
1241 2667
1241 3714
1241 4071
1241 4597
1242 1377
1242 1837
1242 2867
1242 3292
1242 3368
1242 4122
1243 1304
1243 1518
1243 2077
1243 2346
1243 4154
1243 4297
1244 1363
1244 2002
1244 2173
1244 4238
1244 4270
1245 3299
1245 3488
1245 3675
1245 4960
1246 1999
1246 2304
1247 2943
1247 3224
1248 2894
1248 3855
1249 1663
1249 2051
1249 2613
1249 2615
1249 3861
1249 4392
1250 1811
1250 3820
1250 4050
1251 3522
1252 1474
1252 2981
1253 2455
1254 1678
1255 2145
1255 3115
1255 3176
1255 3847
1255 4150
1255 4850
1256 1687
1256 1776
1256 1889
1256 3654
1256 4599
1256 4714
1257 1881
1257 2341
1257 3225
1258 1658
1258 3557
1258 3577
1258 3825
1258 3874
1258 4081
1259 1581
1260 2010
1261 2594
1261 4405
1262 2755
1262 2968
1263 1700
1263 3084
1263 4383
1264 2560
1264 2754
1264 3733
1264 4516
1265 2054
1265 3658
1265 4847
1266 2557
1267 1316
1267 2996
1267 3381
1267 4047
1267 4799
1268 1312
1268 1672
1268 1795
1268 2438
1268 2456
1268 3341
1268 3710
1268 3955
1268 4690
1269 1280
1269 1660
1269 2033
1269 2909
1269 4114
1269 4553
1270 1359
1270 2595
1270 3863
1271 2602
1272 1723
1273 1364
1273 2066
1273 2293
1273 2583
1273 4126
1273 4477
1274 1976
1274 2506
1274 2566
1274 3705
1274 3855
1274 3957
1274 4207
1275 4826
1276 2100
1277 1729
1277 1771
1277 1871
1277 2012
1277 2248
1277 2296
1277 2844
1277 3041
1277 3920
1278 3264
1279 2056
1279 4407
1280 1336
1280 1496
1280 2325
1280 2687
1280 2909
1280 3108
1280 3719
1280 4935
1281 1330
1281 1554
1281 3336
1281 4312
1281 4571
1281 4601
1282 1518
1282 2434
1282 3081
1282 3942
1282 4385
1282 4960
1283 3185
1283 4634
1284 1334
1284 1849
1284 1884
1284 2475
1284 2584
1285 2238
1285 2423
1285 2507
1285 2796
1285 3715
1285 4852
1287 2524
1287 3236
1287 3361
1287 4258
1288 2017
1288 2644
1288 3357
1289 1750
1289 1991
1289 2962
1289 3478
1290 2243
1290 2540
1290 2710
1290 4802
1291 1408
1291 2295
1291 2772
1291 3351
1291 3498
1291 4453
1292 1631
1292 2311
1292 2884
1292 3961
1293 2125
1293 2130
1293 2542
1293 3070
1293 3239
1293 3278
1294 1801
1295 1504
1295 2216
1295 2338
1295 3051
1295 3273
1295 3294
1295 4621
1296 4164
1297 1603
1297 4002
1297 4234
1298 1451
1298 2053
1298 2668
1298 2981
1298 3392
1298 4440
1298 4491
1299 1911
1299 3433
1299 4190
1300 4290
1301 1938
1301 3006
1301 3835
1302 2137
1302 2585
1302 4170
1303 1599
1303 4386
1304 1463
1304 2441
1304 3110
1304 3568
1304 4322
1304 4584
1304 4763
1306 1519
1306 2287
1306 2387
1306 2549
1306 2803
1306 3138
1306 3746
1306 4031
1306 4457
1307 1404
1307 1759
1307 2356
1307 2927
1307 3328
1307 3396
1307 3527
1307 3553
1307 3622
1307 3780
1307 4245
1307 4614
1307 4726
1308 1561
1308 2403
1308 2728
1308 4610
1309 1890
1309 2887
1309 3175
1310 1577
1310 3154
1310 3909
1312 1803
1312 2305
1312 3955
1312 4367
1313 1696
1313 1853
1313 4221
1314 3518
1314 4324
1315 2393
1315 2692
1316 2293
1316 3455
1317 4676
1318 1334
1318 1649
1318 2209
1318 4016
1319 3052
1319 3232
1320 1384
1320 1397
1320 1738
1320 2003
1320 2388
1320 2543
1320 2758
1320 2840
1320 3649
1320 4156
1320 4314
1320 4523
1321 1336
1321 1992
1321 2024
1321 2097
1321 3063
1321 4055
1321 4303
1322 3188
1322 4271
1323 3679
1324 1407
1324 1500
1324 1623
1324 2064
1325 1337
1325 2992
1325 4134
1325 4557
1326 1760
1326 1839
1326 2102
1326 2439
1326 2926
1326 3429
1326 4052
1328 1462
1328 1908
1328 3619
1328 3671
1328 4538
1328 4728
1329 1560
1329 1683
1329 2724
1329 2975
1329 3400
1329 3588
1329 4329
1329 4855
1330 1527
1330 1781
1330 1847
1330 2120
1330 2285
1330 2348
1330 3590
1330 4530
1330 4586
1330 4622
1331 2355
1331 3481
1331 3779
1331 4778
1332 1653
1332 1687
1332 1776
1332 2304
1332 3019
1332 3416
1334 4016
1334 4332
1335 2647
1336 1522
1336 2682
1336 4303
1336 4935
1337 2503
1338 1391
1338 2371
1338 3120
1338 3147
1339 1525
1339 2934
1339 2978
1339 3436
1339 3643
1339 3657
1340 4815
1341 3739
1342 3841
1342 4274
1344 1498
1344 1591
1344 1667
1344 1668
1344 1821
1344 2018
1344 2235
1344 2257
1344 2735
1344 3989
1344 4570
1346 1530
1346 4238
1347 1871
1347 2261
1347 2743
1347 3411
1347 4277
1347 4358
1347 4761
1347 4824
1347 4827
1348 2090
1349 1357
1349 1424
1349 3249
1350 1372
1350 1441
1350 1870
1350 2117
1350 2639
1350 3510
1350 4397
1351 1907
1351 2834
1352 3335
1352 3543
1353 2640
1353 4031
1354 1497
1354 2504
1354 2745
1354 3353
1354 3821
1354 4162
1354 4330
1354 4542
1354 4639
1355 1499
1355 1843
1355 1935
1355 2495
1355 3737
1355 4817
1356 1833
1356 2736
1356 3206
1356 4275
1356 4288
1357 3875
1357 4973
1358 1520
1358 1745
1358 2577
1358 4525
1359 1832
1359 2551
1359 2589
1359 3647
1359 4006
1359 4263
1360 1367
1360 1804
1360 3286
1361 3378
1362 1446
1362 1536
1362 1577
1362 3078
1362 3580
1362 3693
1362 4947
1363 2002
1363 2340
1364 1494
1364 2409
1365 1831
1365 1928
1365 2294
1365 4181
1366 2129
1366 2582
1366 2595
1366 3751
1366 3791
1366 4113
1366 4608
1368 1409
1368 2181
1368 2548
1368 2631
1369 1879
1369 1935
1369 1974
1369 2511
1369 2946
1369 4471
1369 4497
1369 4655
1369 4726
1370 3860
1370 4507
1371 1458
1371 2039
1371 2111
1371 2437
1371 2607
1371 4441
1372 1601
1372 2124
1372 2555
1372 2575
1372 3846
1372 3957
1372 4210
1373 1420
1373 1606
1373 2394
1373 2523
1373 2833
1374 1939
1374 3958
1374 4774
1375 1698
1375 2081
1375 2463
1375 2698
1375 2706
1375 3164
1376 1554
1376 2207
1376 2796
1376 3712
1376 3782
1376 3936
1377 1513
1378 1388
1378 1818
1378 2064
1378 2722
1378 4125
1380 1730
1380 2876
1382 4181
1383 1646
1383 2307
1383 3082
1383 4194
1384 1807
1384 1980
1384 2228
1384 2324
1384 2650
1384 2746
1384 2748
1384 3004
1384 3010
1384 3251
1384 3698
1384 3729
1384 4490
1384 4674
1385 1896
1385 2489
1385 4411
1385 4565
1385 4858
1386 1748
1386 2245
1386 2783
1386 2947
1386 3681
1386 4068
1386 4484
1387 1542
1387 1906
1387 2270
1387 2581
1387 3340
1387 3375
1387 3993
1388 1818
1390 1569
1390 1610
1390 1840
1390 2789
1390 3210
1390 3674
1390 4914
1390 4925
1391 3931
1392 1782
1392 3009
1393 1699
1393 2416
1393 2992
1393 3068
1393 4453
1393 4527
1393 4860
1395 1480
1395 4352
1396 2243
1396 3119
1396 4285
1397 2636
1397 3864
1397 4141
1398 1472
1398 1517
1398 1739
1398 1793
1398 2163
1398 2417
1398 2763
1398 3131
1398 3672
1398 4936
1398 4957
1399 3137
1399 3438
1400 1571
1400 2307
1400 2555
1400 2604
1400 3578
1400 4064
1400 4352
1400 4679
1400 4907
1401 1921
1401 2594
1401 3573
1401 4704
1401 4869
1402 1852
1402 2937
1402 3249
1402 3424
1402 4051
1402 4820
1403 1435
1403 3287
1403 4583
1404 1491
1404 1594
1404 1745
1404 1749
1404 2283
1404 2559
1404 2695
1404 2853
1404 3011
1404 3520
1404 4067
1404 4069
1404 4135
1404 4171
1404 4706
1404 4949
1405 3054
1406 1947
1407 3950
1407 4403
1408 2426
1408 2556
1409 1539
1409 4163
1410 2189
1410 3310
1410 4707
1410 4713
1411 1487
1411 2882
1411 3013
1411 3180
1411 4934
1412 2978
1412 3789
1412 4200
1413 4631
1413 4767
1414 1626
1414 1873
1414 1886
1414 4669
1415 1604
1415 2760
1415 3091
1415 3237
1415 3440
1415 4071
1416 1622
1416 2438
1416 2514
1416 2550
1416 2823
1416 4241
1416 4974
1417 1647
1418 2567
1419 2178
1419 2982
1420 4176
1421 1612
1421 1625
1421 2134
1421 2358
1421 4903
1422 2371
1422 2585
1422 2885
1423 2905
1424 1447
1424 3429
1425 1594
1425 1732
1425 1795
1425 1919
1425 2012
1425 2179
1425 2201
1425 2273
1425 2278
1425 2938
1425 2987
1425 3997
1425 4224
1426 2946
1427 1894
1427 3594
1428 1828
1428 2001
1428 2146
1428 2886
1428 3879
1428 4527
1429 1874
1430 3839
1430 4862
1431 1559
1431 1701
1431 4067
1432 1742
1432 2032
1432 3790
1432 4068
1433 2044
1433 4356
1433 4590
1435 2096
1435 2337
1435 2906
1435 3083
1435 3607
1436 2162
1436 3073
1436 3164
1436 3254
1436 3516
1436 3578
1436 4313
1437 1813
1438 2271
1438 3245
1438 3726
1439 2308
1439 3555
1439 3999
1440 2883
1440 4760
1441 1559
1441 2170
1441 3973
1442 1907
1442 3601
1442 3697
1442 4594
1443 1448
1443 3080
1443 4251
1443 4946
1444 2194
1444 3206
1444 4481
1445 2062
1445 2784
1445 3449
1445 4152
1446 3022
1446 3523
1447 4387
1448 1802
1448 2133
1448 2283
1448 2997
1448 3080
1448 3322
1448 4091
1448 4251
1449 1489
1449 1940
1449 2335
1450 4261
1451 1799
1451 4204
1453 1814
1453 2891
1453 3158
1453 3313
1455 1608
1456 2036
1456 2702
1456 2842
1457 1614
1457 1904
1457 2518
1457 3608
1458 2948
1458 4168
1458 4263
1458 4639
1459 3045
1460 1587
1460 1763
1460 3485
1461 3521
1461 3581
1462 1908
1462 2373
1462 2613
1462 3307
1462 4353
1462 4648
1464 1535
1464 1602
1464 2073
1464 2780
1464 3354
1464 3585
1464 4400
1465 3728
1466 2100
1467 1750
1467 2513
1467 4104
1467 4361
1467 4456
1467 4590
1468 1690
1468 1758
1469 1949
1469 2683
1469 3477
1469 4956
1470 1729
1470 4780
1471 1697
1471 2686
1471 3050
1471 4716
1472 2014
1472 2605
1472 2763
1472 2783
1472 3926
1472 4773
1473 1954
1473 2326
1473 2464
1473 2504
1473 3515
1473 4110
1474 1591
1474 2870
1474 3360
1475 2653
1476 1789
1476 1966
1476 2411
1476 2570
1476 2617
1476 2933
1476 3049
1476 4489
1477 1711
1477 2500
1477 2532
1478 2217
1479 2112
1479 3279
1479 4192
1479 4426
1480 2528
1480 4316
1481 2242
1481 2959
1482 3810
1482 3992
1483 3290
1484 1774
1484 2780
1484 4213
1485 1570
1485 2278
1485 2435
1485 2881
1485 3317
1486 2618
1486 3075
1486 4159
1487 2560
1487 4422
1488 1780
1488 1856
1488 1963
1488 2093
1488 2813
1488 2839
1488 3123
1488 3281
1488 4311
1488 4551
1489 2094
1490 1537
1490 1734
1490 2521
1490 2961
1490 3011
1490 4200
1490 4429
1490 4873
1491 2276
1491 2695
1491 3689
1491 3943
1492 1745
1492 1997
1492 2991
1492 3945
1492 4252
1493 1784
1493 2350
1494 4429
1495 1688
1495 3615
1495 4152
1496 2258
1496 2453
1496 3108
1497 1828
1497 2504
1497 3353
1497 3901
1497 3931
1497 4135
1497 4212
1497 4655
1497 4963
1498 1639
1498 1821
1498 2567
1498 2852
1498 3004
1499 1994
1499 3336
1499 4027
1500 2869
1500 4776
1501 2197
1501 3190
1502 1570
1503 1662
1503 1697
1503 2914
1504 1933
1504 2009
1504 2216
1504 3021
1504 4071
1504 4319
1505 2227
1505 3820
1505 4635
1505 4723
1506 1863
1506 2895
1506 3067
1506 4034
1506 4418
1506 4600
1506 4691
1507 2781
1507 4457
1508 1510
1508 2362
1508 3378
1508 4215
1508 4940
1509 2060
1509 3123
1509 3617
1510 4045
1512 2824
1512 4638
1513 1955
1513 1971
1513 4672
1514 1785
1514 2362
1514 3978
1514 4430
1514 4770
1514 4855
1515 1570
1515 2005
1515 2908
1515 3200
1515 3343
1515 3921
1515 4195
1515 4226
1516 3584
1516 4252
1517 1754
1517 2163
1517 3057
1517 4065
1517 4500
1518 1740
1518 2203
1518 3053
1519 2059
1519 2121
1519 3514
1520 2319
1520 2725
1520 3659
1520 4762
1521 2200
1521 2328
1521 2622
1521 3991
1521 4571
1522 1601
1522 1721
1522 1949
1522 3298
1522 4158
1522 4264
1523 2886
1523 3546
1523 3823
1523 4597
1524 1757
1524 2014
1524 3045
1525 2909
1525 3241
1525 3442
1525 4730
1526 1741
1526 3373
1527 1638
1527 2641
1527 3590
1528 2462
1528 3708
1528 4062
1528 4468
1528 4910
1529 2765
1529 2896
1529 2923
1529 3740
1529 4592
1530 1638
1530 2219
1530 2578
1530 3202
1531 1775
1531 2021
1531 2635
1531 4053
1531 4879
1532 1711
1532 2767
1532 3302
1533 1685
1533 2199
1533 2846
1534 2310
1535 2490
1536 2280
1536 2390
1536 2588
1536 3243
1536 3689
1536 3868
1537 2261
1537 3329
1538 2373
1538 3788
1538 4482
1538 4755
1538 4894
1539 2552
1539 4059
1540 1694
1540 2083
1540 2471
1540 4581
1541 2001
1542 2442
1542 2990
1543 2747
1543 4581
1544 1726
1544 2693
1544 3421
1544 3658
1544 3763
1545 1944
1546 2206
1547 1943
1547 2029
1547 2568
1547 3916
1548 3133
1548 3450
1548 3670
1548 4004
1548 4723
1549 1698
1549 2217
1549 2924
1549 3325
1549 3889
1549 4495
1549 4572
1550 2741
1551 1631
1552 1557
1552 2132
1552 2240
1552 2543
1552 2722
1552 2750
1552 2944
1552 3160
1552 3510
1552 3904
1552 4204
1553 2421
1553 3850
1553 3940
1554 3998
1555 2069
1555 2780
1556 1786
1556 3238
1557 2240
1557 2722
1557 2812
1558 3165
1558 3522
1558 3877
1558 4114
1558 4339
1560 2863
1560 3165
1560 3205
1560 3531
1560 4329
1561 1568
1561 2460
1561 2833
1561 3535
1561 3649
1561 3819
1561 4710
1561 4749
1562 2955
1563 3473
1563 4745
1563 4772
1564 2192
1564 2628
1564 2725
1564 2857
1564 3049
1564 3506
1564 3933
1564 4048
1564 4139
1564 4398
1564 4784
1565 2392
1567 3144
1567 4136
1568 2521
1568 2807
1568 3649
1569 1779
1569 1957
1569 2394
1569 2789
1570 2435
1570 2881
1570 3092
1570 3921
1572 2743
1572 4026
1574 4876
1575 2888
1575 3758
1575 4207
1575 4483
1576 3222
1576 4497
1576 4617
1577 1982
1577 2502
1577 3693
1577 4152
1578 1873
1578 1886
1578 2015
1578 2242
1578 2370
1578 2614
1578 2670
1578 3315
1578 3827
1578 4379
1578 4535
1579 1877
1579 1922
1579 2225
1579 3116
1579 3910
1579 4298
1579 4375
1579 4591
1580 1581
1580 1637
1580 3069
1580 3697
1580 3922
1580 4379
1581 3558
1581 3932
1582 2455
1582 3268
1584 4052
1584 4839
1584 4845
1585 2019
1585 2153
1585 2757
1585 3277
1586 2163
1586 3927
1586 4795
1587 2964
1587 4069
1588 2159
1588 3379
1588 4124
1588 4186
1588 4350
1588 4806
1588 4811
1590 1659
1592 1679
1592 1917
1592 1988
1592 2021
1592 2118
1592 2412
1592 3044
1592 3972
1592 4236
1593 1650
1593 1930
1593 1942
1593 2139
1593 2149
1593 2175
1593 2624
1593 3364
1593 4782
1594 1619
1594 4135
1595 1913
1595 2382
1596 3097
1596 3149
1596 3449
1596 4371
1596 4865
1597 1753
1597 2638
1597 2958
1597 4650
1597 4816
1598 2997
1599 1759
1599 2950
1600 2808
1600 3270
1600 3806
1600 4161
1601 1790
1601 1840
1601 2074
1601 2580
1601 2590
1601 2612
1601 3243
1601 3312
1601 4408
1601 4643
1602 2920
1602 3473
1602 3612
1603 1636
1603 2880
1603 3617
1603 4953
1604 2220
1604 2396
1604 3055
1604 3440
1604 4022
1605 1624
1605 2734
1605 3256
1607 2124
1608 2291
1608 2705
1608 3042
1608 4445
1609 3356
1609 4603
1611 1824
1611 2418
1612 2463
1612 2561
1612 3039
1612 3065
1614 1805
1614 1972
1615 3247
1615 4788
1615 4837
1616 1633
1616 2089
1616 2721
1616 3154
1616 3939
1616 4085
1617 1656
1617 2834
1617 3627
1618 2971
1618 3252
1618 3295
1618 3413
1618 3435
1618 3621
1618 4404
1619 2591
1621 1717
1621 1724
1621 1902
1621 2195
1622 2463
1623 1820
1624 1900
1624 1995
1624 2739
1624 4956
1625 1664
1625 1859
1625 2138
1625 2540
1625 2624
1625 3692
1625 4903
1625 4907
1627 1854
1627 1885
1627 1899
1627 1963
1627 1988
1627 3144
1627 4632
1628 2069
1628 2426
1628 2815
1628 3960
1628 4304
1628 4593
1629 4390
1629 4887
1630 2820
1632 1768
1632 1930
1632 2598
1632 2744
1632 3594
1632 3744
1632 4245
1632 4697
1633 1694
1633 1997
1633 4560
1634 2259
1634 2964
1634 3799
1634 3947
1635 4485
1636 3489
1637 1699
1637 1789
1637 2174
1637 2563
1637 2973
1637 3119
1638 3199
1639 2608
1640 1941
1640 3843
1640 3931
1640 4081
1640 4964
1641 1792
1641 2156
1641 2934
1641 3765
1641 3806
1641 4449
1642 2385
1642 2492
1642 3070
1642 3394
1643 1764
1643 2533
1643 3406
1643 4949
1644 2720
1644 3388
1644 4242
1644 4506
1644 4654
1644 4681
1645 1921
1645 3179
1645 4704
1646 3562
1646 4852
1648 2701
1648 4157
1648 4237
1649 1947
1649 2094
1649 2351
1649 2367
1649 2438
1649 2642
1649 3652
1649 4301
1650 2560
1650 3099
1650 3335
1650 4492
1651 1673
1651 1794
1651 2537
1651 3212
1651 3699
1652 1823
1652 1835
1652 1889
1652 2330
1652 2381
1653 3680
1654 2249
1654 2541
1655 2811
1656 2241
1656 3457
1656 3644
1657 2198
1658 2248
1658 3246
1659 1763
1659 2506
1659 2640
1659 3196
1659 4779
1660 1969
1660 2684
1660 3353
1660 3502
1660 4477
1660 4498
1661 4104
1662 1946
1662 3840
1663 2467
1663 2579
1663 2917
1663 3614
1664 1859
1664 3131
1664 3822
1666 1821
1666 1923
1666 2437
1666 2529
1666 2907
1666 2996
1666 3295
1667 1727
1667 2645
1667 4346
1668 1869
1668 2235
1668 2404
1669 1939
1670 2651
1671 3025
1671 3369
1671 3919
1672 4514
1673 2688
1673 4369
1674 3283
1674 3589
1674 4615
1675 2172
1675 3624
1675 4292
1676 3030
1676 3405
1677 2132
1677 2428
1677 2727
1677 2984
1677 4607
1678 1842
1680 4419
1680 4569
1681 2165
1681 2678
1681 2819
1681 2879
1681 3570
1681 4213
1683 3340
1683 4920
1684 2883
1684 4155
1685 1732
1685 3952
1685 4864
1686 1932
1686 2936
1686 3171
1687 3698
1687 4599
1687 4809
1688 3615
1689 2731
1690 3783
1691 3094
1692 3129
1692 3166
1694 2312
1694 2471
1694 4220
1694 4858
1695 3739
1696 1909
1696 2651
1696 3115
1697 2890
1697 2917
1698 1799
1698 2129
1698 2233
1698 2732
1698 3113
1698 3796
1698 4640
1698 4690
1698 4853
1699 2174
1699 3652
1699 4588
1699 4816
1700 4365
1701 2211
1702 2323
1702 2349
1702 3494
1702 3811
1702 4149
1702 4531
1702 4780
1704 3490
1705 4243
1706 2025
1706 2131
1706 3329
1706 3683
1706 4916
1707 2055
1707 2309
1707 3300
1707 4966
1708 4555
1709 2551
1709 4193
1710 2932
1711 2081
1712 2018
1712 2445
1712 2913
1713 3017
1713 3507
1713 3586
1713 3648
1714 1768
1714 1815
1714 1870
1714 1961
1714 3152
1714 3760
1714 4212
1714 4458
1714 4668
1714 4738
1715 2444
1715 3923
1715 4145
1715 4217
1715 4334
1715 4517
1716 1950
1717 4719
1718 4532
1719 2035
1719 4262
1720 3075
1720 4317
1720 4552
1721 2518
1721 3605
1723 2454
1723 2989
1723 3156
1723 3876
1724 1902
1728 2515
1728 3050
1728 3387
1729 1783
1729 2269
1729 2739
1729 3364
1729 4904
1732 2179
1732 2273
1732 2578
1732 2987
1733 1736
1733 3633
1733 4443
1733 4500
1735 3428
1736 2085
1736 2972
1736 3155
1736 3266
1736 3973
1736 4110
1736 4378
1736 4875
1737 2991
1737 4350
1737 4496
1737 4513
1737 4874
1738 2229
1738 3184
1739 4459
1740 4454
1741 2398
1741 2798
1742 2165
1742 3444
1742 3454
1743 2209
1743 2531
1743 2583
1743 2676
1743 3297
1745 1749
1745 2577
1746 1870
1746 2810
1746 4161
1746 4831
1747 2424
1747 3620
1747 3675
1747 3941
1747 4632
1749 2979
1749 3002
1749 4584
1750 2070
1750 4279
1751 3589
1753 1911
1753 1912
1753 2160
1753 3167
1753 3954
1753 4355
1754 4025
1755 4447
1758 2390
1759 2851
1759 2907
1759 3917
1760 2102
1761 1874
1761 3639
1762 3242
1762 3726
1762 4450
1762 4616
1763 3610
1763 4443
1764 3398
1764 3555
1765 3024
1765 3696
1765 3843
1765 4495
1766 2079
1766 2181
1767 3928
1767 4168
1768 3760
1768 4579
1768 4813
1769 1779
1769 2696
1769 2837
1769 2856
1769 3026
1770 3436
1771 2381
1772 1797
1772 2734
1772 3335
1772 4915
1773 2423
1773 2606
1773 3216
1774 2070
1775 1807
1775 4739
1776 3019
1776 3416
1777 4368
1778 1878
1778 2495
1778 3764
1778 4746
1778 4846
1779 1958
1779 2142
1779 2152
1779 2546
1779 2616
1779 2696
1779 3256
1779 4383
1779 4832
1779 4874
1780 3952
1782 2268
1782 3609
1782 3842
1784 1958
1784 2048
1784 2742
1784 3093
1784 3101
1784 3157
1784 4093
1785 3812
1786 3096
1786 3238
1786 3293
1787 2267
1787 3974
1787 4243
1787 4682
1788 2874
1788 3088
1788 3412
1788 3988
1788 4235
1790 2058
1790 2580
1791 3744
1791 4181
1792 2113
1792 2294
1792 3130
1792 3765
1794 2047
1794 2644
1794 2742
1794 3578
1794 4280
1794 4443
1794 4597
1795 1846
1795 2421
1795 2987
1795 3464
1795 3688
1796 3644
1796 3729
1796 4463
1797 2204
1797 2892
1797 3132
1797 4564
1797 4801
1798 4273
1799 2253
1799 2327
1799 2949
1799 4203
1800 2373
1800 2535
1800 4120
1800 4274
1800 4331
1800 4416
1801 1866
1802 2231
1802 3080
1802 4756
1803 2857
1803 3519
1803 3933
1804 3480
1804 4228
1805 2769
1805 3199
1806 4854
1807 2022
1807 3220
1807 4712
1808 3168
1808 3370
1808 4418
1808 4518
1809 1858
1809 2286
1809 3333
1809 3946
1810 3376
1811 1938
1811 2243
1811 3211
1811 4512
1812 1914
1812 2036
1812 3421
1812 4388
1814 2290
1814 2820
1814 3623
1814 3854
1814 4435
1814 4517
1815 3786
1815 4258
1816 2392
1816 2720
1816 4298
1817 3043
1817 3779
1818 2418
1818 3731
1818 3887
1819 2277
1819 2433
1819 2652
1819 3657
1819 4240
1820 3182
1820 4293
1820 4633
1822 3365
1824 1934
1824 2463
1824 2488
1824 2866
1824 4573
1824 4752
1825 2232
1825 4829
1826 2005
1826 3661
1826 4397
1827 3899
1828 2146
1828 4044
1828 4715
1829 2224
1829 2921
1829 3027
1829 3160
1830 2081
1830 4206
1830 4373
1832 1898
1832 2312
1832 3000
1832 3902
1832 3955
1832 4086
1832 4381
1832 4841
1835 3358
1836 4082
1837 1924
1837 2032
1837 3252
1837 3988
1837 4735
1840 3210
1840 3425
1840 3761
1840 4325
1840 4913
1841 2652
1841 4280
1841 4756
1842 3910
1843 1868
1843 2605
1843 3332
1844 1950
1845 4955
1846 3091
1847 3558
1848 2703
1848 4765
1849 2584
1849 2771
1849 2970
1849 3508
1849 3549
1849 3687
1849 4473
1850 2401
1851 2230
1851 2817
1851 3313
1852 1877
1852 2976
1852 3660
1852 4820
1854 1899
1854 2195
1854 3027
1854 3147
1854 3943
1855 3513
1855 4026
1855 4603
1856 1922
1856 2306
1856 3608
1856 4424
1856 4670
1857 2530
1857 2954
1857 3148
1857 3486
1857 3650
1857 3844
1857 3904
1857 4118
1858 1881
1858 2018
1858 2257
1858 2268
1858 2335
1858 2421
1858 2975
1858 3296
1858 3485
1858 3724
1858 4031
1858 4148
1858 4179
1859 2624
1860 3014
1860 3360
1861 2215
1861 2547
1861 3449
1861 3647
1863 4418
1864 3784
1865 3707
1866 3595
1866 4253
1867 2067
1867 4684
1867 4968
1868 2184
1868 2185
1868 3217
1868 3808
1868 4952
1869 2267
1869 2405
1869 2483
1869 2682
1869 2951
1869 4239
1869 4376
1870 1961
1870 2360
1870 4042
1871 2481
1872 2635
1872 2990
1873 1886
1873 2015
1873 2089
1873 3771
1874 3661
1874 4431
1875 1962
1875 3100
1875 3428
1875 3548
1875 4627
1875 4757
1876 3415
1877 2225
1878 4665
1880 2389
1881 1892
1881 2620
1881 3123
1881 3798
1881 3949
1882 3461
1882 4844
1883 3143
1883 4150
1883 4554
1885 1899
1885 3528
1886 2296
1886 3100
1886 4321
1886 4673
1888 4384
1889 2270
1889 2298
1889 2484
1889 2956
1889 3747
1890 2443
1890 3573
1891 2043
1891 2400
1891 2571
1891 4290
1891 4404
1891 4553
1891 4688
1892 4068
1892 4374
1893 2849
1893 3514
1893 4900
1894 2074
1895 4645
1896 2653
1896 2910
1897 3737
1897 3902
1897 4633
1898 2305
1898 3475
1898 3499
1898 3718
1899 2746
1900 1977
1900 2897
1900 3322
1900 4441
1901 2378
1901 2443
1901 4381
1902 3034
1903 2976
1904 2308
1905 2415
1905 3169
1905 4953
1906 2920
1906 3656
1907 3309
1908 2048
1910 2276
1910 2689
1910 2690
1910 2781
1910 3232
1910 3822
1910 3924
1910 4216
1911 2292
1911 3212
1912 2388
1912 2570
1912 2790
1915 3476
1915 3606
1915 4472
1916 4777
1917 3337
1917 3770
1917 4642
1919 2048
1919 3214
1920 2313
1920 2692
1920 2838
1920 4223
1920 4239
1920 4811
1920 4872
1921 3459
1921 4704
1922 2225
1922 2450
1922 2768
1922 3328
1922 3529
1922 3608
1923 2223
1923 2384
1923 2386
1923 2397
1923 2494
1923 2610
1923 3312
1923 3815
1924 4891
1925 2651
1925 3053
1925 3797
1926 2377
1926 2752
1927 2369
1927 4567
1928 2705
1928 2943
1928 3431
1928 3612
1929 2429
1929 3409
1929 4958
1930 2040
1930 2272
1930 2784
1930 3867
1930 4061
1931 1987
1931 2318
1931 3066
1932 1945
1932 2013
1932 2107
1932 2465
1932 2786
1932 3385
1933 2718
1933 4574
1934 2866
1935 3737
1936 3010
1937 3149
1937 4130
1937 4787
1940 2298
1940 2340
1940 3241
1941 2612
1941 3843
1943 3916
1944 4042
1945 2100
1945 2380
1945 3247
1945 4577
1946 3170
1946 3194
1946 3563
1946 3740
1946 4901
1947 2094
1947 4627
1948 4171
1948 4613
1949 2683
1949 3305
1949 4794
1951 2720
1952 3742
1952 4754
1953 4275
1954 2326
1954 3515
1954 3631
1954 4308
1954 4738
1955 1971
1955 3676
1956 3268
1956 3812
1957 2713
1958 2031
1958 2199
1958 2616
1958 4830
1959 2197
1959 3134
1960 2037
1960 2565
1960 3414
1960 3706
1960 4951
1961 2354
1961 2597
1961 4156
1962 2006
1962 2383
1962 2821
1962 3122
1962 3550
1962 3690
1962 3891
1963 1988
1963 2093
1963 2343
1963 2746
1963 2839
1963 3014
1963 3291
1963 3297
1963 4735
1964 2289
1964 2642
1964 3002
1964 4528
1965 3922
1965 4461
1966 1982
1966 2405
1966 2997
1966 3778
1967 2891
1967 2893
1967 4606
1971 2929
1971 4672
1972 4124
1972 4283
1972 4417
1972 4739
1973 2577
1973 2999
1973 3542
1974 3979
1976 4366
1976 4390
1978 4253
1979 2050
1979 2088
1979 3710
1979 4699
1979 4777
1980 2324
1981 2190
1981 3766
1981 4259
1982 3240
1982 3637
1984 2047
1984 4696
1985 2839
1985 4536
1987 2902
1987 4939
1989 3691
1990 3981
1991 2176
1991 3928
1992 2638
1992 3063
1992 4585
1994 3336
1994 4612
1995 2050
1995 2395
1995 4338
1996 2574
1996 3190
1996 4028
1997 2991
1998 2258
1998 2779
1998 3534
1998 3623
1998 3913
1998 4490
1998 4803
1999 2451
2000 2034
2000 2071
2000 2220
2000 3439
2000 3752
2000 4115
2001 2691
2001 4138
2002 2795
2002 3317
2003 2749
2003 2758
2003 3099
2004 2995
2004 3333
2004 3641
2005 4195
2006 3064
2008 2108
2008 2919
2008 4043
2008 4077
2009 4190
2009 4229
2009 4481
2010 2087
2010 2916
2010 4296
2011 4096
2012 2083
2012 2987
2014 2139
2014 4769
2016 4256
2017 2028
2017 2604
2017 2861
2017 3397
2018 2257
2018 4320
2019 2660
2019 3277
2019 3539
2021 2140
2021 2469
2021 3352
2022 2468
2022 3181
2022 3185
2023 2266
2023 4363
2024 2740
2024 4436
2024 4608
2025 4916
2026 2889
2026 4902
2027 3688
2027 3894
2027 4869
2028 2849
2029 3916
2030 4662
2031 4276
2033 2937
2033 3090
2033 3896
2033 4337
2034 3748
2035 3535
2035 3618
2037 2245
2037 3371
2037 3866
2038 3495
2039 2582
2039 4441
2040 2272
2040 2600
2040 2784
2041 2671
2041 2988
2041 3828
2041 4484
2041 4596
2041 4703
2041 4747
2042 3159
2042 4291
2043 2221
2043 2342
2043 4125
2043 4404
2044 3124
2044 4501
2046 2171
2046 4445
2049 3853
2049 4412
2052 2376
2053 3391
2053 3807
2054 3338
2054 3428
2055 2226
2055 3368
2055 3848
2056 2204
2056 2438
2057 2696
2058 4227
2058 4350
2058 4790
2059 2549
2059 3344
2059 3345
2059 3713
2060 2709
2060 3269
2060 3388
2061 4448
2061 4835
2064 2713
2064 2843
2064 4399
2065 3972
2065 4586
2066 2293
2066 3581
2067 2135
2067 2545
2068 2389
2068 3697
2068 3934
2068 4377
2068 4873
2069 4758
2070 4279
2072 2522
2072 3342
2072 4268
2073 2911
2073 4107
2073 4400
2073 4605
2077 2265
2077 2825
2077 4529
2078 3592
2078 4797
2079 3419
2079 4959
2080 2488
2080 3282
2080 4025
2080 4471
2081 2984
2081 3401
2081 3485
2081 3789
2081 3790
2081 4373
2081 4393
2082 2097
2082 3061
2084 2636
2084 3745
2084 3855
2084 4136
2085 3171
2085 4041
2086 2385
2086 2845
2086 3110
2086 3377
2086 4654
2088 2546
2088 2828
2088 2980
2088 3710
2088 4437
2088 4817
2090 4713
2091 4289
2091 4501
2091 4912
2092 2728
2094 2642
2094 4946
2096 2459
2096 2835
2096 3069
2096 3607
2096 3618
2096 3954
2097 3061
2099 3049
2099 4249
2100 2536
2100 2971
2101 3448
2101 3626
2101 4779
2102 2501
2102 2585
2103 2977
2104 2604
2104 2639
2104 3285
2104 3341
2104 3348
2104 4432
2106 3305
2106 3904
2106 3929
2106 4009
2107 2786
2108 2212
2108 2280
2108 3035
2109 2654
2110 2699
2110 3888
2112 2386
2114 2277
2114 3423
2114 3682
2115 3716
2116 4826
2117 3534
2117 4167
2117 4273
2119 2754
2119 3942
2119 4680
2120 3272
2120 3636
2120 3895
2121 2508
2121 2514
2121 2658
2121 4721
2122 2874
2122 3073
2122 4476
2122 4514
2123 2167
2123 2339
2123 3500
2123 3703
2125 3029
2126 2357
2126 2551
2126 2801
2126 3045
2126 3257
2126 3556
2126 4040
2126 4454
2127 2609
2127 2959
2127 2961
2127 4343
2127 4897
2128 2711
2129 2233
2129 2263
2129 2467
2129 4329
2130 4387
2130 4651
2131 4693
2132 2428
2132 2750
2133 3080
2133 4251
2134 2290
2134 2662
2134 2811
2134 3273
2136 3191
2136 3577
2137 3222
2137 4572
2138 3016
2139 2201
2139 2785
2139 4398
2140 2491
2140 3331
2142 3349
2143 2632
2144 2512
2144 3795
2144 4870
2146 3879
2146 4246
2146 4911
2147 2490
2147 3113
2147 3162
2149 3466
2150 3918
2152 3015
2153 2480
2154 3716
2154 4103
2154 4208
2154 4320
2155 4345
2156 2219
2156 3797
2157 2331
2159 3553
2159 4124
2159 4210
2160 3167
2160 4508
2160 4582
2160 4622
2160 4771
2161 2261
2162 3441
2162 3728
2162 4648
2163 2691
2163 2741
2163 4132
2165 2678
2165 2691
2165 4838
2166 3206
2166 4575
2167 2511
2167 2954
2167 4330
2168 3079
2169 3504
2169 4040
2169 4119
2169 4256
2170 2395
2170 3095
2170 3121
2171 2411
2172 2208
2172 3067
2172 3286
2172 3907
2172 3968
2173 2196
2173 2210
2173 2367
2173 4005
2173 4918
2174 2996
2176 3451
2177 2190
2177 2446
2177 2723
2177 2896
2177 4127
2177 4428
2178 2667
2179 2698
2179 3489
2179 3567
2179 3757
2179 4875
2180 2332
2180 2655
2180 3491
2181 3600
2181 3781
2182 2336
2182 3181
2183 2969
2183 3814
2184 2571
2184 3071
2184 3733
2184 4467
2184 4884
2185 2355
2185 2502
2185 2729
2185 4260
2186 3155
2187 3391
2187 3401
2188 3738
2189 2509
2189 2850
2189 3314
2189 4200
2189 4707
2190 2723
2190 3886
2191 2403
2191 3672
2191 4536
2192 3506
2193 2868
2193 4900
2195 2829
2196 4936
2197 2603
2197 2914
2198 2949
2198 3039
2198 4206
2198 4683
2198 4877
2199 3227
2199 4168
2200 2469
2200 3127
2200 4540
2201 3559
2201 4398
2202 2369
2202 2569
2202 3243
2204 2677
2204 3324
2205 2938
2206 2697
2206 3141
2207 2353
2207 2510
2207 3367
2207 4909
2208 3699
2208 3776
2208 3907
2209 2985
2209 3663
2210 3452
2211 3651
2212 3384
2212 3463
2212 3819
2212 4086
2212 4187
2213 2452
2213 4927
2214 4043
2215 2301
2216 3883
2216 4269
2218 2990
2219 2271
2220 3439
2220 4363
2221 4404
2222 2598
2222 3523
2224 2921
2224 3643
2224 4143
2224 4943
2225 4298
2226 2470
2226 4718
2226 4729
2227 3820
2227 4348
2227 4360
2227 4671
2228 2746
2228 3953
2228 4881
2231 2350
2231 2776
2231 4173
2232 3204
2232 3329
2233 2467
2233 2809
2233 3113
2233 3372
2233 3886
2233 4344
2234 2236
2234 4542
2238 2507
2238 4094
2239 2930
2239 3096
2239 3800
2240 3848
2240 4768
2242 2933
2242 2959
2242 4965
2244 2840
2244 3350
2244 4024
2244 4057
2245 2980
2245 4226
2245 4294
2246 2348
2246 3359
2246 3468
2246 4167
2247 3448
2248 2286
2248 2702
2248 2725
2248 3424
2248 3592
2248 3718
2248 4479
2248 4567
2248 4797
2248 4885
2249 2773
2249 3171
2249 4107
2249 4610
2250 3575
2251 2566
2251 2985
2251 3442
2252 3591
2253 2327
2253 4513
2254 2510
2254 2627
2255 2630
2255 2886
2255 3560
2256 2632
2256 3023
2256 4218
2256 4229
2257 2421
2257 2952
2257 4782
2258 2453
2258 3465
2258 4490
2258 4803
2260 3215
2260 3331
2261 2410
2261 2587
2262 3937
2264 2417
2264 2419
2264 3962
2265 2613
2265 2761
2265 2777
2265 4333
2265 4529
2266 3324
2266 3817
2266 4969
2267 2474
2267 4243
2268 2335
2268 2442
2268 4470
2268 4851
2270 2298
2270 2340
2270 2484
2270 2581
2271 4214
2272 3701
2272 4258
2273 2578
2273 4224
2274 2448
2274 2885
2275 3915
2276 3256
2276 3289
2276 3653
2277 3909
2278 3755
2278 4415
2279 3277
2279 3291
2280 2527
2280 2621
2280 2698
2280 3035
2280 3099
2280 3857
2281 4862
2282 3050
2282 3083
2283 3103
2283 3513
2283 3672
2284 3926
2285 3011
2285 4925
2286 3689
2287 3746
2288 4703
2289 3002
2289 3262
2290 2341
2290 2745
2290 3659
2290 3845
2290 4435
2291 2705
2291 4057
2291 4364
2291 4767
2293 3157
2293 4601
2295 3503
2295 3862
2296 2363
2296 4321
2296 4770
2296 4945
2298 2340
2298 2484
2298 3747
2298 3846
2298 3964
2299 3230
2299 3261
2299 3278
2299 3562
2299 3793
2299 4014
2299 4585
2299 4894
2302 2585
2302 3729
2302 4036
2303 2375
2304 2349
2304 3017
2305 3475
2305 3718
2305 4101
2305 4508
2307 3959
2307 4641
2308 2452
2308 2691
2308 2793
2308 4372
2311 2390
2312 2346
2312 2461
2312 3792
2312 4128
2312 4220
2313 2365
2313 2692
2313 4872
2314 2330
2314 2507
2314 2917
2314 3362
2314 3920
2314 4153
2314 4645
2316 3023
2317 4307
2318 3912
2318 4033
2318 4878
2320 3875
2320 4576
2321 2688
2322 2773
2322 3386
2322 4406
2322 4541
2323 2404
2323 3785
2325 2669
2325 3106
2325 3818
2326 4010
2326 4406
2327 2606
2328 3957
2329 2875
2329 2972
2329 3262
2329 3497
2329 4075
2330 4299
2331 2673
2332 2935
2332 3318
2332 3418
2332 4029
2335 4470
2338 2387
2338 3051
2338 3884
2338 3986
2338 4513
2339 3794
2341 3280
2342 4515
2342 4848
2343 3263
2343 3614
2345 3773
2345 4254
2346 2461
2346 2539
2346 2568
2346 3051
2346 3126
2346 4083
2346 4662
2347 2445
2347 3348
2347 4149
2348 2646
2348 4831
2349 3778
2349 4766
2349 4882
2352 4157
2354 4328
2357 2547
2357 2801
2358 4292
2360 3033
2360 3287
2360 3918
2361 4832
2363 2906
2363 3064
2363 4321
2363 4385
2363 4945
2364 3098
2367 3138
2368 2524
2368 2982
2368 3948
2368 4242
2369 3243
2369 4959
2370 2407
2370 3497
2370 3935
2370 4075
2371 3120
2372 3321
2372 3898
2372 4370
2373 2841
2375 3922
2376 3422
2379 4546
2380 2429
2380 4266
2380 4756
2381 4074
2382 3719
2384 2494
2384 2574
2385 2492
2385 3394
2385 4475
2386 3280
2386 4012
2387 2803
2389 3464
2389 4194
2395 2669
2395 3586
2396 4574
2397 2762
2397 3109
2399 3480
2399 4045
2400 4008
2400 4928
2404 3785
2405 3188
2405 3399
2405 3881
2406 3237
2407 3756
2407 3935
2407 4559
2408 3725
2408 3829
2408 4057
2408 4364
2408 4446
2411 4176
2412 3465
2414 2482
2414 3380
2415 2880
2415 3169
2415 4114
2415 4305
2416 3009
2416 3022
2416 3319
2416 3805
2416 4665
2418 2515
2418 3021
2418 3036
2418 3519
2418 4188
2418 4484
2422 4917
2423 4679
2424 3234
2424 3620
2424 3786
2424 4834
2424 4855
2425 3981
2426 2815
2426 3801
2426 4741
2427 4753
2428 2727
2428 4019
2428 4320
2428 4449
2428 4480
2429 4557
2429 4756
2430 4289
2430 4950
2431 2522
2432 2512
2432 2601
2432 3088
2432 4311
2433 4240
2434 2782
2434 4667
2435 2881
2436 3065
2436 4798
2438 4829
2440 3367
2440 4974
2441 4463
2441 4584
2442 2990
2442 4470
2443 2871
2443 3450
2445 3001
2445 4953
2446 3809
2448 4323
2448 4921
2453 3093
2453 3242
2453 3307
2454 3156
2454 3876
2454 4919
2456 3528
2459 3420
2460 2967
2461 2730
2461 3475
2461 4582
2461 4889
2462 3708
2463 4226
2464 3676
2464 4003
2464 4966
2465 2649
2466 2497
2466 2661
2466 3930
2467 3971
2467 4664
2470 2880
2470 4272
2471 2795
2471 4051
2472 3068
2472 4140
2474 2646
2474 3809
2474 4193
2474 4675
2474 4906
2475 3559
2475 4707
2477 3270
2477 4971
2478 2994
2478 4557
2478 4737
2479 3801
2479 4396
2480 3012
2481 3046
2481 3896
2482 3326
2483 2951
2485 3720
2485 4799
2487 2593
2487 4543
2489 2738
2489 3197
2489 3454
2489 4266
2490 3858
2490 4140
2490 4331
2491 2513
2491 3139
2491 3686
2492 3048
2494 2610
2494 4727
2495 2539
2495 2589
2496 3006
2496 3241
2496 3984
2497 2661
2498 4948
2500 3151
2501 3341
2501 3464
2502 2729
2502 4345
2504 2996
2504 4228
2505 2966
2505 3258
2506 2566
2506 3438
2510 4788
2512 4870
2513 4361
2513 4590
2514 4434
2516 2568
2516 2969
2517 2660
2518 3118
2518 3305
2518 3608
2521 3515
2521 4429
2521 4945
2522 2574
2522 3971
2522 4299
2522 4793
2523 2761
2523 2899
2523 2994
2523 3861
2524 4635
2525 4504
2528 3226
2528 3517
2529 3714
2531 3297
2531 3705
2533 3406
2533 3570
2533 3681
2533 4053
2534 4724
2535 3172
2535 4274
2536 2971
2536 3471
2539 3126
2539 3865
2539 3880
2539 3998
2541 3334
2543 2858
2543 3480
2545 2556
2545 3621
2545 4349
2546 3643
2547 2572
2547 3158
2547 3542
2547 4922
2549 3106
2549 3818
2551 2974
2552 3114
2552 4421
2552 4717
2553 3601
2553 4594
2556 3331
2556 3371
2556 3621
2557 3844
2558 2854
2558 3552
2559 3334
2560 4130
2561 2855
2561 3098
2561 3244
2561 3453
2561 4160
2561 4259
2561 4474
2562 3323
2562 4458
2563 4155
2563 4967
2565 3169
2568 3914
2568 4662
2568 4865
2569 3974
2570 2813
2570 2980
2570 4347
2571 4625
2574 4161
2575 2699
2576 2787
2577 2751
2577 2825
2577 2999
2577 3163
2577 3180
2578 4023
2580 3909
2580 4083
2582 4108
2582 4852
2583 3389
2584 2950
2584 2970
2584 3437
2584 4740
2586 2598
2586 3565
2586 4304
2587 3477
2587 4382
2587 4459
2588 3572
2589 2605
2590 2611
2591 2631
2591 3767
2594 4428
2595 2710
2595 2960
2595 4785
2596 3613
2597 2900
2597 4612
2600 3023
2600 3283
2601 3534
2601 3869
2604 2801
2604 3136
2605 4128
2605 4384
2606 3125
2606 3863
2606 4200
2608 2707
2609 3298
2609 4343
2611 2672
2611 2965
2611 3106
2611 3306
2612 4408
2612 4915
2614 4392
2616 3422
2616 3543
2616 3574
2616 3798
2616 4383
2617 2858
2617 4796
2619 4487
2619 4629
2619 4851
2620 2656
2620 2787
2620 2836
2620 4456
2621 4486
2625 3662
2625 3951
2626 2701
2626 3193
2629 2842
2632 3758
2632 4364
2632 4366
2633 2738
2633 2878
2633 4465
2635 4879
2637 3609
2637 4046
2637 4241
2637 4369
2638 3716
2638 4310
2639 3285
2639 4432
2639 4564
2640 3196
2640 3869
2640 4570
2640 4600
2641 2981
2641 4524
2641 4775
2641 4862
2642 2681
2642 2808
2642 3806
2642 4327
2642 4686
2644 3578
2644 3792
2645 3570
2646 3132
2646 4675
2647 2891
2647 4657
2647 4909
2647 4910
2648 2925
2649 3177
2649 3501
2649 4236
2649 4843
2649 4911
2650 2659
2650 2875
2650 3301
2650 4315
2650 4580
2652 3657
2654 3727
2654 4623
2656 3032
2656 4197
2657 2848
2657 4022
2659 3301
2659 3533
2659 3730
2660 2792
2661 4037
2663 3109
2664 2704
2664 3006
2664 4040
2664 4095
2666 2889
2666 3346
2667 3820
2667 4615
2668 3207
2669 3586
2669 4972
2670 3827
2674 3127
2674 4494
2676 2905
2681 2807
2681 4750
2682 2684
2683 3483
2684 4477
2686 4111
2686 4332
2687 3108
2687 4300
2689 4293
2690 4591
2690 4912
2693 2711
2694 2937
2694 2956
2697 4740
2698 3567
2700 3681
2700 4844
2703 3104
2704 2819
2704 4095
2704 4619
2705 3431
2705 3923
2706 3008
2706 3566
2706 3900
2707 4219
2708 3602
2708 4375
2710 3259
2710 3596
2710 4073
2712 3808
2713 2768
2713 2843
2713 2960
2713 3810
2713 4950
2714 3750
2717 3970
2717 4796
2718 3229
2719 2726
2719 4895
2720 4281
2720 4502
2721 2843
2721 3374
2722 2812
2722 2972
2724 4925
2731 4968
2734 2940
2734 4425
2735 4550
2736 4275
2736 4277
2736 4856
2737 3783
2737 3871
2738 3197
2742 3600
2743 2814
2743 3275
2744 3228
2744 3611
2745 3845
2745 4801
2746 3004
2746 3480
2746 4488
2747 4351
2748 3072
2748 3251
2748 3784
2748 4490
2749 2770
2749 3099
2749 3204
2752 3110
2752 3544
2753 3722
2754 3211
2754 3733
2756 2761
2756 2777
2756 4354
2757 3872
2757 3882
2758 3039
2758 4503
2759 4857
2760 3237
2760 4131
2760 4412
2760 4463
2761 2777
2761 3772
2761 4333
2761 4620
2763 3124
2763 3244
2763 3727
2763 3732
2763 3928
2764 4609
2764 4615
2768 2960
2768 3891
2769 3269
2769 4812
2771 3583
2771 3782
2771 4950
2772 4823
2775 3021
2775 3537
2777 3925
2777 4354
2778 3620
2781 3232
2781 3460
2781 3658
2781 4589
2785 3384
2785 3723
2785 4047
2785 4893
2786 4353
2787 4087
2788 2941
2789 3028
2789 4914
2792 3244
2794 2846
2794 4377
2795 2822
2795 3385
2801 3557
2802 2855
2802 3139
2803 3138
2803 3624
2804 4395
2804 4433
2804 4886
2805 3427
2805 3558
2805 4944
2808 3806
2808 4686
2809 3113
2809 3609
2809 4480
2810 3576
2810 4038
2810 4178
2810 4693
2810 4822
2814 2837
2814 3275
2814 4460
2815 2930
2815 3633
2815 3772
2815 3822
2815 4326
2815 4701
2816 3031
2816 3510
2816 4191
2816 4788
2818 3850
2819 2879
2820 4938
2821 2998
2821 3558
2821 4541
2827 3551
2827 4232
2827 4905
2828 3453
2828 4160
2829 3452
2830 2852
2830 3072
2832 4341
2832 4919
2833 3509
2833 3736
2833 3888
2833 4284
2835 3201
2835 3618
2836 3359
2837 4002
2837 4205
2838 4908
2840 2962
2840 3191
2840 3350
2840 3926
2841 4142
2842 4357
2842 4365
2842 4613
2844 3041
2844 3479
2851 3849
2851 3976
2851 4205
2851 4302
2856 4455
2857 2880
2857 3933
2857 4338
2859 3427
2860 3632
2860 3975
2861 4055
2862 4444
2864 3008
2864 3442
2864 4661
2865 3342
2865 4103
2865 4656
2867 3330
2867 4102
2868 4405
2871 3337
2873 4469
2873 4580
2874 3073
2874 3174
2874 4179
2874 4235
2875 3462
2875 3497
2875 4075
2875 4397
2876 3321
2877 4532
2882 3530
2885 4534
2886 4110
2886 4957
2888 3833
2888 4207
2888 4512
2889 3673
2889 3951
2889 4105
2890 4121
2891 3158
2891 4886
2892 3919
2894 4008
2894 4928
2895 2915
2895 4418
2896 4165
2896 4942
2897 3322
2898 3285
2898 3915
2899 3861
2899 4972
2900 3125
2904 3615
2904 3967
2904 4133
2905 4117
2908 3377
2909 2957
2909 3108
2913 2921
2913 3288
2913 3456
2914 3042
2914 3074
2915 3005
2915 3571
2915 4154
2915 4297
2917 3665
2917 3859
2917 4151
2919 3154
2922 3309
2922 4433
2922 4930
2924 4572
2924 4751
2925 3198
2926 4687
2927 3396
2927 3527
2929 2941
2929 2960
2929 4634
2929 4730
2930 3096
2930 3289
2930 3526
2930 3559
2930 3800
2930 4074
2931 3702
2931 4185
2931 4371
2931 4455
2935 3305
2936 4391
2938 3058
2939 4088
2940 3231
2940 3890
2942 3420
2943 3862
2943 4708
2943 4783
2944 3736
2945 3603
2947 4804
2949 3039
2950 2970
2950 4189
2953 3052
2953 4602
2954 4175
2954 4516
2955 3040
2955 4037
2958 3961
2961 3074
2961 4491
2962 3191
2962 3978
2964 4069
2964 4383
2965 4273
2966 3120
2968 3327
2969 3542
2969 4284
2971 3471
2972 4123
2972 4875
2975 3724
2975 4148
2976 3660
2976 3903
2976 4078
2976 4342
2977 4462
2978 3436
2978 3877
2979 3426
2981 3159
2981 4094
2981 4816
2982 3616
2984 3870
2985 3723
2985 4202
2985 4240
2986 3219
2986 3587
2986 3770
2986 4411
2986 4701
2987 4389
2988 3343
2988 4294
2990 4312
2992 3832
2992 4453
2993 3195
2993 3622
2994 4973
2995 3333
2995 3440
2995 3467
2995 3516
2995 3641
2995 3975
2995 3997
2995 4374
2995 4970
2999 4456
3001 4218
3001 4953
3002 4743
3003 4469
3007 3265
3008 3900
3011 3278
3011 4748
3013 3313
3013 4944
3014 3598
3017 3648
3017 4810
3018 4504
3022 3291
3022 3665
3024 3754
3025 3693
3025 3775
3025 3851
3025 3979
3025 3987
3025 4286
3027 3160
3028 4146
3029 4346
3031 4191
3032 3788
3032 4060
3032 4502
3032 4931
3033 3294
3034 4832
3036 3134
3036 3583
3036 4054
3036 4202
3036 4658
3037 3589
3037 4236
3038 3842
3038 4137
3039 4877
3040 4438
3041 3492
3042 3074
3042 3326
3042 3944
3045 4534
3047 4148
3051 3884
3051 4142
3051 4783
3052 3692
3052 4272
3052 4698
3053 4810
3054 4451
3054 4951
3055 4346
3056 4955
3057 4732
3058 3700
3058 4314
3059 4546
3061 3789
3062 4085
3064 4895
3065 3765
3065 4216
3066 3930
3068 3504
3071 3771
3072 3784
3075 4159
3077 3306
3079 4728
3080 4251
3081 3097
3081 3373
3081 4385
3082 3730
3083 4079
3087 4503
3087 4932
3089 3146
3089 3154
3091 3808
3093 3242
3093 3856
3096 3289
3096 4042
3096 4819
3097 3851
3098 3244
3099 4781
3102 4717
3104 3725
3104 3804
3105 4106
3105 4220
3106 3818
3106 4456
3107 4752
3107 4888
3110 3544
3111 3491
3111 3813
3111 4036
3112 3566
3112 4238
3113 3366
3113 3796
3113 4022
3113 4299
3113 4690
3117 3568
3117 4151
3118 3659
3118 4444
3120 3276
3120 3362
3120 4048
3121 4969
3123 3547
3123 3798
3125 3435
3125 4059
3127 4494
3128 3823
3128 4510
3129 3989
3129 4526
3130 3532
3130 3568
3130 3743
3130 4304
3135 4000
3135 4487
3138 3308
3138 4651
3138 4766
3141 3240
3141 3638
3141 3787
3141 3958
3144 3227
3146 3805
3147 3703
3147 3873
3147 4297
3147 4421
3147 4691
3149 4787
3152 4668
3153 3327
3153 4169
3154 4558
3155 3266
3156 3815
3157 3541
3157 4038
3161 3693
3162 3635
3162 4775
3163 3443
3163 3776
3164 4199
3167 4622
3168 3370
3170 3229
3170 4186
3171 3774
3171 4041
3171 4098
3171 4153
3172 3890
3172 4199
3177 3501
3177 3548
3177 4260
3177 4280
3178 3507
3182 4131
3182 4715
3183 4537
3184 4769
3184 4919
3186 4393
3187 3235
3190 3387
3191 3311
3191 3530
3191 4144
3192 3407
3192 3664
3193 4481
3194 4140
3195 3200
3195 3704
3195 4048
3195 4498
3197 3813
3200 3316
3200 3447
3200 4077
3200 4540
3200 4686
3201 4096
3202 4593
3203 3377
3203 3462
3204 4115
3205 3498
3207 3741
3207 4072
3207 4512
3207 4625
3208 3529
3208 4280
3209 3451
3209 3966
3210 3425
3211 4560
3213 4046
3213 4342
3215 3458
3218 3396
3218 3813
3218 4007
3218 4579
3219 4696
3220 3586
3221 3265
3222 4572
3223 3434
3223 3554
3223 3812
3223 4025
3225 3477
3225 3761
3225 3777
3225 4275
3226 3271
3226 3360
3226 3517
3226 4120
3226 4705
3229 3240
3229 4106
3233 3253
3234 3288
3234 3320
3234 4582
3234 4658
3236 3361
3236 4497
3241 3984
3242 3304
3242 3856
3243 3986
3243 4002
3245 4807
3246 3852
3246 4504
3247 3575
3248 3348
3248 3610
3252 3435
3252 3466
3252 3742
3252 4151
3252 4511
3253 3694
3254 4940
3255 3276
3256 3653
3257 3381
3257 3828
3260 3754
3260 4255
3261 3793
3261 4014
3263 3963
3263 4309
3267 4528
3267 4749
3267 4873
3269 3431
3269 4907
3272 3895
3273 3294
3274 4514
3275 3416
3276 4040
3277 4255
3278 4804
3280 4685
3283 3583
3284 4705
3286 3907
3288 3456
3288 3630
3288 3826
3288 4225
3288 4721
3289 3559
3289 4819
3290 3862
3290 4211
3291 3665
3291 4032
3292 3479
3293 3810
3295 3413
3295 3621
3296 4179
3296 4708
3297 3638
3298 3484
3298 3763
3298 4020
3298 4681
3299 3675
3300 4499
3302 4502
3305 3929
3305 4011
3306 4391
3308 4446
3308 4766
3309 3319
3311 3771
3311 3817
3311 4109
3312 4475
3312 4643
3313 4944
3314 3615
3315 4899
3316 4540
3321 3898
3322 3592
3322 4606
3322 4776
3327 4521
3329 4097
3329 4658
3331 3549
3331 4164
3332 4725
3335 3924
3336 4534
3337 3770
3337 3993
3339 3469
3339 4024
3340 3993
3341 4036
3341 4432
3341 4602
3342 3966
3344 3717
3346 4877
3347 3351
3348 4029
3350 3391
3352 4446
3352 4847
3353 3990
3353 4639
3354 3413
3355 3706
3356 4603
3357 3680
3358 3654
3360 4644
3362 3441
3362 4844
3363 3606
3363 3607
3363 3986
3363 4105
3363 4548
3363 4806
3364 4103
3368 3761
3372 3404
3375 3811
3376 4562
3377 3462
3379 3745
3381 4720
3383 4132
3384 4047
3385 4833
3386 4645
3388 4242
3389 3430
3389 4035
3389 4269
3392 4077
3394 4094
3394 4389
3394 4880
3395 4130
3396 3595
3398 3412
3399 4043
3400 3847
3400 4329
3401 3790
3401 4393
3401 4410
3402 4248
3402 4396
3405 3788
3405 4060
3405 4402
3406 4203
3406 4216
3406 4282
3406 4740
3407 4699
3408 3868
3409 4642
3411 3557
3411 4308
3417 4711
3418 4439
3419 4611
3419 4771
3420 4938
3422 4475
3424 4885
3425 3493
3426 4677
3428 3563
3428 4021
3428 4627
3430 3584
3430 3663
3430 3743
3430 3781
3432 4761
3433 3541
3433 3832
3433 3925
3433 4600
3435 4059
3438 4811
3446 3925
3448 4291
3449 3873
3449 4565
3450 4004
3453 4160
3454 4448
3455 3940
3455 4528
3455 4946
3456 4225
3456 4721
3457 3789
3458 3665
3458 3859
3458 3871
3458 4308
3459 4704
3460 3732
3461 4558
3461 4840
3462 3735
3464 4183
3465 4543
3465 4741
3466 3597
3466 3742
3467 3971
3467 4793
3468 4167
3472 3524
3473 4772
3475 4101
3476 3747
3476 4287
3477 4459
3477 4896
3478 3715
3479 4638
3480 4039
3481 3782
3481 4270
3481 4778
3481 4940
3484 3763
3485 3962
3486 4802
3488 3836
3491 3898
3491 4821
3496 3526
3496 3847
3497 4001
3497 4075
3498 4453
3498 4688
3498 4942
3499 3880
3500 3620
3500 3794
3512 4032
3512 4305
3513 3698
3514 4575
3515 3731
3518 3796
3521 3629
3521 3679
3522 3691
3522 4339
3524 4714
3528 4498
3529 4011
3529 4314
3531 4461
3531 4781
3535 4749
3537 4706
3537 4921
3539 4488
3539 4561
3546 3823
3548 4753
3549 3959
3553 3780
3554 3963
3555 3999
3555 4883
3556 3951
3556 4581
3557 4762
3559 3651
3559 4923
3565 3631
3566 4505
3568 4763
3570 4227
3571 3962
3571 4278
3576 4178
3576 4533
3576 4683
3576 4689
3583 3708
3584 4000
3590 4312
3592 4479
3592 4797
3598 4938
3601 4594
3602 4229
3602 4939
3605 4923
3609 4241
3609 4362
3610 3653
3610 4237
3615 4133
3616 3655
3616 4278
3618 4126
3619 3633
3619 4092
3619 4538
3619 4653
3619 4786
3620 3675
3621 4491
3624 3859
3626 3691
3627 4485
3629 4309
3630 4168
3632 4563
3635 4313
3636 4528
3640 4174
3641 3874
3642 4158
3643 4719
3645 4924
3646 3679
3646 4530
3649 4565
3649 4728
3651 4755
3652 4301
3653 4890
3654 4033
3656 4619
3657 3877
3657 4089
3657 4625
3659 4828
3660 4078
3662 3691
3663 4863
3665 3859
3665 4452
3665 4791
3666 4254
3666 4415
3672 4636
3676 4003
3681 4484
3682 4483
3682 4648
3683 4631
3689 4664
3690 4429
3691 4339
3691 4912
3692 4698
3694 4755
3695 3891
3695 4956
3698 4809
3699 3753
3699 4892
3701 4324
3702 4185
3705 4823
3707 3720
3707 4091
3707 4373
3707 4720
3708 4391
3709 4079
3709 4139
3710 4716
3711 4743
3712 3993
3714 4071
3715 4045
3716 3839
3716 4267
3716 4673
3718 3856
3720 4744
3728 4648
3736 4284
3738 3992
3743 4685
3744 4697
3745 4337
3752 3801
3752 3987
3753 4731
3755 4108
3755 4415
3755 4612
3755 4644
3755 4662
3757 4675
3760 4813
3761 4621
3762 4306
3763 4189
3764 4037
3766 4861
3768 3777
3775 3851
3778 4882
3779 4420
3779 4452
3780 4094
3783 3871
3785 4554
3786 4620
3788 4060
3788 4123
3788 4482
3788 4708
3789 3790
3793 4078
3796 4022
3796 4144
3796 4562
3796 4677
3797 4841
3799 4058
3799 4465
3801 4414
3802 4617
3802 4743
3806 4710
3808 4664
3809 4146
3809 4335
3809 4475
3810 4399
3817 4489
3818 4671
3819 3838
3819 4386
3819 4428
3820 4050
3820 4615
3821 3844
3823 4444
3824 4549
3825 4018
3827 4535
3827 4861
3830 4910
3832 4647
3835 4544
3835 4775
3835 4930
3836 4412
3836 4492
3841 4274
3841 4343
3842 4137
3843 4495
3845 4012
3846 4007
3851 3987
3851 4845
3854 4781
3855 4207
3860 4507
3861 4972
3864 4409
3866 4859
3867 4115
3867 4967
3869 4004
3869 4570
3870 4100
3873 4150
3873 4659
3875 4576
3880 4044
3888 3950
3888 4509
3889 4839
3890 4044
3895 4784
3896 4001
3900 4804
3906 4084
3906 4683
3907 3968
3912 4414
3912 4862
3913 4546
3920 4268
3920 4830
3923 4334
3925 4600
3929 4009
3929 4049
3931 4081
3931 4966
3936 4175
3938 4424
3938 4926
3940 4549
3940 4674
3943 4896
3950 4509
3954 4355
3954 4589
3955 4293
3956 4123
3956 4450
3956 4717
3958 4325
3962 4278
3967 4133
3971 4793
3972 4586
3976 4100
3976 4302
3976 4926
3981 4553
3984 4407
3987 4845
3988 4630
3988 4683
3989 4526
3989 4789
3990 4562
3992 4561
4000 4935
4005 4231
4005 4918
4008 4928
4012 4543
4020 4295
4021 4563
4026 4087
4030 4182
4037 4171
4045 4629
4048 4139
4050 4606
4052 4937
4057 4364
4057 4712
4057 4767
4059 4666
4061 4195
4071 4579
4075 4173
4076 4812
4088 4663
4092 4653
4093 4748
4097 4102
4098 4153
4103 4208
4105 4425
4105 4699
4105 4806
4108 4971
4112 4498
4113 4608
4119 4256
4120 4705
4121 4489
4133 4520
4135 4212
4135 4963
4136 4627
4138 4692
4139 4808
4145 4296
4154 4297
4166 4592
4168 4922
4169 4867
4172 4515
4174 4954
4175 4636
4178 4689
4178 4693
4179 4820
4182 4463
4189 4712
4193 4722
4200 4203
4200 4808
4203 4808
4215 4262
4217 4406
4220 4343
4224 4378
4227 4790
4234 4407
4236 4647
4236 4911
4237 4695
4237 4759
4241 4974
4242 4506
4242 4654
4243 4682
4246 4853
4248 4265
4277 4358
4283 4739
4284 4856
4289 4922
4298 4403
4305 4819
4307 4642
4317 4466
4321 4367
4325 4854
4327 4686
4337 4426
4339 4449
4344 4522
4345 4805
4355 4589
4357 4595
4360 4437
4360 4671
4360 4772
4374 4511
4377 4522
4380 4556
4386 4580
4398 4425
4407 4471
4407 4864
4417 4882
4424 4814
4426 4739
4449 4548
4451 4951
4453 4860
4456 4798
4465 4701
4467 4884
4468 4776
4472 4679
4475 4593
4476 4967
4479 4797
4500 4617
4506 4881
4508 4659
4509 4521
4518 4902
4526 4789
4532 4764
4538 4786
4546 4665
4555 4646
4567 4885
4571 4800
4578 4583
4584 4711
4584 4763
4587 4821
4591 4636
4592 4672
4593 4804
4594 4767
4604 4892
4606 4874
4621 4676
4627 4757
4629 4709
4634 4700
4637 4833
4640 4692
4642 4676
4646 4703
4648 4786
4655 4722
4659 4890
4662 4865
4686 4799
4688 4942
4695 4962
4709 4713
4712 4943
4727 4827
4729 4758
4738 4868
4749 4873
4761 4824
4764 4881
4782 4872
4797 4885
4801 4897
4847 4923
4875 4959
4903 4907
4929 4931
