0 5
0 6
0 7
0 8
0 9
0 10
0 11
0 14
0 15
0 18
0 21
0 22
0 23
0 24
0 25
0 26
0 28
0 29
0 31
0 36
0 41
0 42
0 43
0 46
0 53
0 61
0 63
0 70
0 73
0 74
0 76
0 77
0 81
0 82
0 87
0 92
0 100
0 109
0 112
0 114
0 123
0 124
0 128
0 129
0 139
0 140
0 141
0 149
0 151
0 158
0 172
0 177
0 178
0 187
0 188
0 201
0 207
0 210
0 217
0 223
0 225
0 228
0 233
0 238
0 239
0 243
0 258
0 260
0 266
0 274
0 275
0 284
0 286
0 293
0 296
0 299
0 320
0 325
0 352
0 354
0 358
0 370
0 371
0 377
0 381
0 385
0 393
0 395
0 398
0 407
0 412
0 415
0 428
0 430
0 431
0 438
0 465
0 473
0 476
0 482
0 483
0 496
0 516
0 536
0 537
0 539
0 540
0 546
0 547
0 552
0 560
0 567
0 570
0 577
0 583
0 591
0 592
0 639
0 650
0 664
0 708
0 719
0 730
0 746
0 762
0 766
0 799
0 802
0 807
0 813
0 822
0 824
0 825
0 839
0 847
0 849
0 857
0 862
0 871
0 884
0 904
0 923
0 930
0 934
0 940
0 947
0 960
0 966
0 970
0 971
0 976
0 987
0 989
0 992
0 993
0 1014
0 1019
0 1029
0 1035
0 1042
0 1048
0 1080
0 1086
0 1100
0 1101
0 1108
0 1119
0 1148
0 1154
0 1164
0 1175
0 1177
0 1180
0 1201
0 1205
0 1212
0 1217
0 1218
0 1219
0 1245
0 1246
0 1255
0 1265
0 1267
0 1287
0 1295
0 1296
0 1300
0 1317
0 1355
0 1361
0 1370
0 1388
0 1393
0 1396
0 1405
0 1424
0 1432
0 1445
0 1450
0 1455
0 1461
0 1467
0 1479
0 1497
0 1499
0 1514
0 1528
0 1535
0 1548
0 1552
0 1573
0 1588
0 1590
0 1593
0 1605
0 1637
0 1650
0 1676
0 1708
0 1710
0 1735
0 1747
0 1752
0 1780
0 1806
0 1817
0 1824
0 1842
0 1878
0 1886
0 1889
0 1899
0 1903
0 1908
0 1909
0 1911
0 1914
0 1916
0 1919
0 1926
0 1941
0 1958
0 1995
0 2022
0 2034
0 2048
0 2054
0 2056
0 2070
0 2080
0 2103
0 2111
0 2134
0 2140
0 2183
0 2205
0 2207
0 2225
0 2230
0 2242
0 2243
0 2253
0 2256
0 2289
0 2291
0 2303
0 2358
0 2398
0 2413
0 2423
0 2428
0 2431
0 2442
0 2444
0 2445
0 2453
0 2471
0 2478
0 2480
0 2507
0 2526
0 2535
0 2546
0 2547
0 2549
0 2552
0 2560
0 2595
0 2601
0 2614
0 2622
0 2635
0 2644
0 2664
0 2676
0 2698
0 2700
0 2706
0 2770
0 2819
0 2823
0 2836
0 2837
0 2841
0 2863
0 2870
0 2897
0 2905
0 2907
0 2908
0 2926
0 2948
0 2953
0 2961
0 2968
0 2990
0 3027
0 3031
0 3047
0 3050
0 3123
0 3158
0 3201
0 3214
0 3222
0 3238
0 3255
0 3273
0 3291
0 3298
0 3300
0 3319
0 3325
0 3337
0 3376
0 3384
0 3389
0 3409
0 3422
0 3428
0 3434
0 3435
0 3436
0 3452
0 3455
0 3461
0 3467
0 3471
0 3506
0 3537
0 3560
0 3591
0 3605
0 3645
0 3685
0 3702
0 3725
0 3729
0 3745
0 3771
0 3781
0 3787
0 3816
0 3840
0 3846
0 3854
0 3876
0 3897
0 3929
0 3936
0 3948
0 3956
0 3978
0 3979
0 3988
0 4006
0 4032
0 4039
0 4041
0 4062
0 4070
0 4076
0 4117
0 4139
0 4235
0 4240
0 4254
0 4271
0 4284
0 4322
0 4335
0 4355
0 4360
0 4364
0 4376
0 4384
0 4389
0 4400
0 4435
0 4438
0 4443
0 4444
0 4449
0 4483
0 4490
0 4503
0 4536
0 4540
0 4541
0 4544
0 4566
0 4570
0 4575
0 4614
0 4620
0 4645
0 4656
0 4683
0 4688
0 4697
0 4703
0 4729
0 4732
0 4784
0 4788
0 4813
0 4819
0 4828
0 4843
0 4858
0 4875
0 4884
0 4898
0 4904
0 4924
0 4933
0 4944
0 4966
0 4976
0 4979
0 4987
0 4992
0 5002
0 5013
0 5073
0 5091
0 5094
1 5
1 7
1 8
1 9
1 11
1 12
1 17
1 19
1 23
1 24
1 27
1 32
1 35
1 45
1 50
1 51
1 56
1 58
1 68
1 69
1 71
1 74
1 79
1 84
1 89
1 97
1 105
1 110
1 118
1 137
1 139
1 143
1 154
1 157
1 168
1 172
1 179
1 190
1 192
1 195
1 207
1 208
1 219
1 231
1 251
1 252
1 264
1 280
1 289
1 295
1 307
1 319
1 322
1 349
1 353
1 367
1 378
1 380
1 407
1 418
1 437
1 443
1 444
1 447
1 456
1 476
1 478
1 557
1 586
1 598
1 610
1 631
1 642
1 691
1 725
1 735
1 761
1 792
1 795
1 810
1 821
1 829
1 830
1 858
1 866
1 886
1 898
1 910
1 913
1 918
1 934
1 942
1 949
1 955
1 975
1 987
1 1003
1 1012
1 1015
1 1026
1 1035
1 1068
1 1191
1 1228
1 1230
1 1231
1 1263
1 1270
1 1353
1 1365
1 1408
1 1416
1 1467
1 1471
1 1472
1 1475
1 1538
1 1579
1 1683
1 1694
1 1719
1 1725
1 1728
1 1735
1 1751
1 1755
1 1797
1 1817
1 1828
1 1829
1 1834
1 1853
1 1867
1 1899
1 1915
1 1948
1 1951
1 1957
1 2011
1 2055
1 2065
1 2175
1 2184
1 2200
1 2211
1 2233
1 2304
1 2313
1 2333
1 2375
1 2383
1 2385
1 2477
1 2521
1 2532
1 2537
1 2552
1 2563
1 2565
1 2612
1 2637
1 2655
1 2673
1 2690
1 2727
1 2772
1 2787
1 2826
1 2852
1 2936
1 2988
1 3056
1 3077
1 3080
1 3107
1 3114
1 3138
1 3158
1 3178
1 3212
1 3217
1 3218
1 3228
1 3233
1 3245
1 3327
1 3343
1 3345
1 3350
1 3354
1 3356
1 3415
1 3438
1 3469
1 3509
1 3537
1 3540
1 3605
1 3627
1 3636
1 3640
1 3653
1 3708
1 3730
1 3752
1 3800
1 3802
1 3810
1 3972
1 3993
1 4010
1 4017
1 4067
1 4072
1 4125
1 4133
1 4142
1 4147
1 4173
1 4204
1 4207
1 4247
1 4292
1 4348
1 4389
1 4464
1 4476
1 4541
1 4555
1 4599
1 4633
1 4651
1 4671
1 4685
1 4715
1 4723
1 4795
1 4847
1 4863
1 4864
1 4969
1 5011
1 5083
2 5
2 6
2 7
2 16
2 21
2 26
2 29
2 31
2 40
2 54
2 67
2 69
2 79
2 85
2 88
2 94
2 113
2 121
2 129
2 143
2 146
2 149
2 151
2 185
2 191
2 193
2 213
2 245
2 247
2 256
2 286
2 287
2 323
2 339
2 448
2 452
2 453
2 470
2 496
2 531
2 557
2 573
2 605
2 669
2 690
2 691
2 739
2 745
2 758
2 796
2 821
2 829
2 860
2 882
2 901
2 1024
2 1026
2 1055
2 1070
2 1087
2 1157
2 1313
2 1334
2 1342
2 1390
2 1435
2 1479
2 1498
2 1590
2 1598
2 1613
2 1658
2 1660
2 1840
2 1852
2 2021
2 2041
2 2061
2 2103
2 2104
2 2289
2 2328
2 2416
2 2598
2 2601
2 2616
2 2654
2 2660
2 2808
2 2840
2 2843
2 2925
2 2945
2 2999
2 3178
2 3188
2 3195
2 3259
2 3286
2 3296
2 3341
2 3475
2 3521
2 3624
2 3908
2 3945
2 4014
2 4044
2 4168
2 4205
2 4250
2 4266
2 4309
2 4402
2 4430
2 4432
2 4455
2 4472
2 4593
2 4601
2 4702
2 4720
2 4745
2 4864
2 5030
2 5080
3 5
3 6
3 8
3 9
3 10
3 12
3 13
3 18
3 19
3 22
3 24
3 28
3 30
3 32
3 34
3 42
3 43
3 57
3 58
3 59
3 63
3 84
3 97
3 103
3 107
3 114
3 130
3 156
3 165
3 181
3 192
3 193
3 199
3 202
3 203
3 205
3 214
3 220
3 235
3 260
3 263
3 272
3 293
3 328
3 347
3 352
3 366
3 385
3 393
3 408
3 422
3 446
3 449
3 451
3 471
3 474
3 479
3 484
3 507
3 509
3 511
3 521
3 522
3 545
3 589
3 602
3 613
3 619
3 623
3 651
3 710
3 731
3 732
3 764
3 775
3 778
3 795
3 803
3 823
3 837
3 845
3 854
3 889
3 941
3 943
3 950
3 958
3 980
3 986
3 995
3 997
3 1010
3 1033
3 1055
3 1090
3 1098
3 1121
3 1124
3 1129
3 1145
3 1155
3 1160
3 1169
3 1177
3 1193
3 1202
3 1208
3 1210
3 1244
3 1252
3 1286
3 1332
3 1333
3 1360
3 1369
3 1388
3 1402
3 1456
3 1465
3 1476
3 1507
3 1524
3 1526
3 1555
3 1571
3 1634
3 1657
3 1683
3 1693
3 1703
3 1752
3 1765
3 1766
3 1773
3 1784
3 1792
3 1798
3 1818
3 1860
3 1954
3 1955
3 1973
3 1997
3 2016
3 2023
3 2028
3 2030
3 2042
3 2087
3 2099
3 2138
3 2148
3 2166
3 2176
3 2181
3 2183
3 2193
3 2201
3 2254
3 2310
3 2349
3 2474
3 2482
3 2518
3 2523
3 2557
3 2565
3 2587
3 2593
3 2625
3 2656
3 2729
3 2785
3 2806
3 2827
3 2830
3 2856
3 2868
3 2979
3 2981
3 2985
3 3014
3 3019
3 3029
3 3101
3 3107
3 3120
3 3143
3 3145
3 3190
3 3196
3 3206
3 3217
3 3220
3 3292
3 3353
3 3374
3 3381
3 3387
3 3397
3 3419
3 3424
3 3452
3 3465
3 3467
3 3496
3 3529
3 3548
3 3612
3 3614
3 3641
3 3699
3 3707
3 3736
3 3761
3 3776
3 3786
3 3819
3 3854
3 3901
3 3907
3 3942
3 4005
3 4010
3 4022
3 4023
3 4043
3 4091
3 4092
3 4099
3 4109
3 4135
3 4151
3 4159
3 4198
3 4200
3 4251
3 4283
3 4291
3 4313
3 4346
3 4355
3 4360
3 4401
3 4405
3 4493
3 4688
3 4702
3 4719
3 4728
3 4746
3 4757
3 4841
3 4870
3 4981
3 5056
3 5090
4 5
4 6
4 10
4 14
4 44
4 67
4 84
4 86
4 103
4 113
4 130
4 140
4 151
4 161
4 171
4 176
4 194
4 222
4 243
4 254
4 262
4 266
4 295
4 314
4 316
4 338
4 344
4 346
4 356
4 362
4 376
4 390
4 393
4 409
4 411
4 413
4 414
4 436
4 439
4 440
4 444
4 452
4 469
4 472
4 482
4 532
4 566
4 575
4 586
4 620
4 649
4 676
4 690
4 697
4 757
4 779
4 894
4 897
4 900
4 902
4 934
4 942
4 983
4 1000
4 1013
4 1029
4 1033
4 1091
4 1094
4 1123
4 1141
4 1182
4 1226
4 1251
4 1315
4 1322
4 1326
4 1396
4 1503
4 1505
4 1539
4 1620
4 1653
4 1738
4 1765
4 1782
4 1805
4 1815
4 1831
4 1862
4 1895
4 1900
4 1903
4 1945
4 1946
4 2030
4 2036
4 2046
4 2051
4 2248
4 2260
4 2283
4 2301
4 2336
4 2345
4 2411
4 2467
4 2522
4 2577
4 2692
4 2716
4 2766
4 2848
4 2962
4 2973
4 2983
4 2987
4 3007
4 3023
4 3040
4 3072
4 3100
4 3106
4 3109
4 3137
4 3199
4 3248
4 3257
4 3265
4 3326
4 3396
4 3447
4 3508
4 3541
4 3542
4 3730
4 3748
4 3760
4 3767
4 3832
4 3884
4 3951
4 3981
4 3985
4 4003
4 4062
4 4098
4 4215
4 4218
4 4224
4 4290
4 4347
4 4393
4 4408
4 4410
4 4414
4 4429
4 4451
4 4469
4 4471
4 4477
4 4496
4 4506
4 4518
4 4519
4 4524
4 4569
4 4634
4 4654
4 4668
4 4695
4 4849
4 4858
4 4929
4 5033
4 5053
5 6
5 7
5 8
5 9
5 10
5 11
5 12
5 15
5 16
5 17
5 18
5 19
5 20
5 24
5 28
5 30
5 36
5 40
5 42
5 44
5 49
5 51
5 52
5 54
5 59
5 60
5 64
5 67
5 81
5 86
5 88
5 99
5 103
5 107
5 115
5 119
5 123
5 127
5 150
5 159
5 164
5 167
5 170
5 174
5 184
5 185
5 194
5 198
5 209
5 210
5 212
5 233
5 237
5 239
5 245
5 247
5 249
5 266
5 267
5 270
5 282
5 283
5 284
5 288
5 335
5 345
5 347
5 352
5 354
5 368
5 372
5 387
5 397
5 399
5 402
5 403
5 406
5 407
5 428
5 439
5 441
5 450
5 454
5 462
5 470
5 473
5 478
5 481
5 487
5 501
5 509
5 511
5 512
5 515
5 534
5 538
5 549
5 555
5 556
5 567
5 571
5 573
5 579
5 581
5 582
5 583
5 588
5 599
5 600
5 605
5 614
5 619
5 628
5 651
5 653
5 657
5 659
5 674
5 680
5 705
5 719
5 720
5 728
5 730
5 746
5 750
5 756
5 761
5 771
5 780
5 781
5 788
5 799
5 815
5 861
5 881
5 890
5 897
5 898
5 910
5 921
5 927
5 946
5 952
5 956
5 959
5 971
5 978
5 985
5 990
5 994
5 997
5 1002
5 1012
5 1015
5 1024
5 1045
5 1050
5 1058
5 1059
5 1077
5 1080
5 1125
5 1138
5 1159
5 1163
5 1172
5 1179
5 1205
5 1224
5 1241
5 1243
5 1246
5 1261
5 1269
5 1286
5 1289
5 1310
5 1316
5 1387
5 1398
5 1427
5 1429
5 1436
5 1441
5 1443
5 1460
5 1473
5 1480
5 1481
5 1498
5 1507
5 1516
5 1519
5 1543
5 1551
5 1568
5 1569
5 1578
5 1581
5 1589
5 1609
5 1610
5 1611
5 1615
5 1640
5 1642
5 1647
5 1652
5 1674
5 1681
5 1709
5 1742
5 1765
5 1766
5 1789
5 1797
5 1801
5 1815
5 1823
5 1824
5 1849
5 1857
5 1869
5 1880
5 1888
5 1890
5 1893
5 1895
5 1907
5 1936
5 1953
5 1954
5 1974
5 1991
5 2002
5 2026
5 2044
5 2063
5 2066
5 2068
5 2073
5 2075
5 2080
5 2145
5 2150
5 2169
5 2192
5 2199
5 2209
5 2217
5 2224
5 2237
5 2250
5 2255
5 2260
5 2262
5 2273
5 2275
5 2286
5 2297
5 2303
5 2311
5 2337
5 2356
5 2358
5 2366
5 2369
5 2385
5 2389
5 2403
5 2406
5 2416
5 2438
5 2448
5 2453
5 2463
5 2476
5 2482
5 2495
5 2496
5 2497
5 2509
5 2512
5 2531
5 2546
5 2550
5 2554
5 2556
5 2564
5 2565
5 2587
5 2626
5 2692
5 2705
5 2743
5 2749
5 2758
5 2766
5 2767
5 2780
5 2807
5 2868
5 2904
5 2908
5 2914
5 2922
5 2938
5 2950
5 2964
5 2997
5 3001
5 3007
5 3016
5 3040
5 3041
5 3054
5 3085
5 3092
5 3117
5 3118
5 3124
5 3125
5 3137
5 3141
5 3149
5 3157
5 3180
5 3183
5 3203
5 3206
5 3229
5 3236
5 3252
5 3260
5 3282
5 3298
5 3301
5 3314
5 3334
5 3335
5 3355
5 3359
5 3388
5 3418
5 3420
5 3430
5 3445
5 3486
5 3491
5 3507
5 3516
5 3538
5 3543
5 3556
5 3565
5 3576
5 3577
5 3579
5 3584
5 3585
5 3596
5 3625
5 3633
5 3649
5 3706
5 3728
5 3738
5 3760
5 3773
5 3777
5 3781
5 3793
5 3798
5 3808
5 3816
5 3834
5 3835
5 3856
5 3868
5 3887
5 3903
5 3924
5 3930
5 3963
5 3973
5 3975
5 3990
5 3998
5 4013
5 4045
5 4088
5 4144
5 4149
5 4184
5 4212
5 4215
5 4219
5 4256
5 4263
5 4309
5 4314
5 4317
5 4320
5 4324
5 4406
5 4410
5 4423
5 4431
5 4435
5 4443
5 4447
5 4471
5 4488
5 4556
5 4560
5 4565
5 4612
5 4615
5 4630
5 4644
5 4651
5 4701
5 4711
5 4722
5 4724
5 4748
5 4758
5 4797
5 4844
5 4846
5 4849
5 4853
5 4855
5 4873
5 4892
5 4893
5 4905
5 4908
5 4917
5 4920
5 4923
5 4932
5 4962
5 4965
5 4978
5 5008
5 5023
5 5055
5 5069
5 5071
5 5073
6 7
6 10
6 11
6 13
6 14
6 15
6 16
6 17
6 21
6 29
6 31
6 36
6 43
6 44
6 46
6 48
6 49
6 50
6 64
6 65
6 78
6 80
6 81
6 88
6 89
6 91
6 93
6 98
6 103
6 104
6 105
6 106
6 108
6 112
6 117
6 127
6 129
6 133
6 143
6 152
6 160
6 162
6 178
6 183
6 184
6 188
6 208
6 213
6 222
6 224
6 226
6 228
6 240
6 250
6 261
6 265
6 276
6 280
6 287
6 290
6 292
6 294
6 303
6 369
6 384
6 398
6 436
6 451
6 458
6 460
6 466
6 467
6 471
6 480
6 495
6 504
6 510
6 520
6 527
6 545
6 547
6 551
6 584
6 604
6 607
6 629
6 633
6 639
6 647
6 666
6 678
6 693
6 694
6 701
6 714
6 717
6 723
6 724
6 738
6 741
6 767
6 769
6 770
6 772
6 801
6 804
6 811
6 824
6 845
6 850
6 880
6 893
6 916
6 931
6 932
6 946
6 950
6 960
6 963
6 964
6 973
6 977
6 984
6 988
6 991
6 992
6 999
6 1000
6 1015
6 1031
6 1036
6 1038
6 1084
6 1089
6 1095
6 1096
6 1125
6 1144
6 1201
6 1207
6 1223
6 1226
6 1230
6 1266
6 1279
6 1300
6 1335
6 1349
6 1360
6 1361
6 1380
6 1474
6 1476
6 1496
6 1584
6 1589
6 1590
6 1624
6 1641
6 1662
6 1670
6 1677
6 1689
6 1709
6 1733
6 1751
6 1772
6 1782
6 1791
6 1810
6 1811
6 1845
6 1848
6 1857
6 1865
6 1905
6 1919
6 1925
6 1945
6 1950
6 1988
6 1996
6 2006
6 2049
6 2070
6 2076
6 2136
6 2149
6 2157
6 2165
6 2180
6 2188
6 2201
6 2203
6 2221
6 2229
6 2234
6 2258
6 2272
6 2299
6 2305
6 2317
6 2324
6 2338
6 2350
6 2351
6 2379
6 2396
6 2402
6 2458
6 2473
6 2484
6 2487
6 2534
6 2559
6 2564
6 2655
6 2656
6 2676
6 2684
6 2693
6 2705
6 2734
6 2735
6 2775
6 2779
6 2788
6 2803
6 2804
6 2842
6 2864
6 2875
6 2882
6 2899
6 2903
6 2911
6 2921
6 2934
6 2994
6 3020
6 3021
6 3040
6 3137
6 3141
6 3161
6 3169
6 3181
6 3194
6 3234
6 3244
6 3275
6 3285
6 3297
6 3322
6 3380
6 3515
6 3528
6 3561
6 3577
6 3647
6 3694
6 3731
6 3744
6 3748
6 3754
6 3773
6 3817
6 3841
6 3848
6 3923
6 3928
6 3945
6 3956
6 4131
6 4143
6 4162
6 4173
6 4225
6 4252
6 4258
6 4259
6 4329
6 4330
6 4334
6 4356
6 4402
6 4418
6 4431
6 4450
6 4463
6 4497
6 4529
6 4572
6 4625
6 4628
6 4645
6 4760
6 4761
6 4829
6 4884
6 4921
6 4995
6 5001
6 5027
6 5028
6 5047
6 5063
6 5085
7 8
7 12
7 13
7 16
7 18
7 20
7 26
7 28
7 29
7 30
7 33
7 35
7 37
7 40
7 41
7 42
7 44
7 45
7 47
7 51
7 54
7 57
7 59
7 69
7 70
7 72
7 80
7 92
7 94
7 96
7 98
7 102
7 104
7 105
7 111
7 112
7 121
7 132
7 136
7 138
7 148
7 157
7 192
7 197
7 202
7 214
7 216
7 228
7 239
7 242
7 255
7 262
7 271
7 277
7 289
7 291
7 299
7 301
7 302
7 327
7 330
7 349
7 356
7 359
7 362
7 366
7 377
7 386
7 396
7 398
7 421
7 441
7 444
7 455
7 459
7 464
7 472
7 498
7 499
7 505
7 512
7 521
7 527
7 531
7 535
7 541
7 545
7 549
7 557
7 590
7 594
7 602
7 606
7 608
7 656
7 661
7 698
7 699
7 711
7 739
7 744
7 755
7 778
7 783
7 808
7 814
7 818
7 860
7 872
7 896
7 916
7 951
7 953
7 954
7 969
7 971
7 986
7 1047
7 1050
7 1056
7 1071
7 1078
7 1087
7 1091
7 1102
7 1127
7 1133
7 1149
7 1226
7 1237
7 1244
7 1253
7 1263
7 1291
7 1341
7 1365
7 1386
7 1399
7 1415
7 1446
7 1473
7 1482
7 1488
7 1525
7 1539
7 1575
7 1627
7 1660
7 1668
7 1719
7 1720
7 1727
7 1736
7 1754
7 1760
7 1767
7 1783
7 1788
7 1820
7 1848
7 1864
7 1886
7 1951
7 1976
7 2009
7 2123
7 2175
7 2190
7 2197
7 2229
7 2286
7 2316
7 2327
7 2333
7 2340
7 2344
7 2423
7 2469
7 2499
7 2603
7 2609
7 2616
7 2619
7 2621
7 2630
7 2709
7 2756
7 2796
7 2858
7 2944
7 2955
7 2962
7 2965
7 3013
7 3021
7 3028
7 3034
7 3073
7 3075
7 3085
7 3101
7 3209
7 3248
7 3262
7 3275
7 3279
7 3284
7 3291
7 3293
7 3302
7 3318
7 3355
7 3412
7 3423
7 3470
7 3519
7 3529
7 3543
7 3549
7 3562
7 3573
7 3587
7 3677
7 3753
7 3791
7 3796
7 3800
7 3814
7 3856
7 3877
7 3899
7 3927
7 3930
7 3983
7 4026
7 4032
7 4039
7 4127
7 4150
7 4160
7 4213
7 4230
7 4233
7 4247
7 4258
7 4299
7 4320
7 4456
7 4459
7 4475
7 4484
7 4485
7 4552
7 4608
7 4638
7 4673
7 4696
7 4720
7 4723
7 4758
7 4856
7 4875
7 4901
7 4903
7 4952
7 5058
7 5069
7 5091
8 9
8 14
8 18
8 21
8 23
8 26
8 27
8 33
8 35
8 37
8 41
8 46
8 55
8 56
8 57
8 60
8 88
8 102
8 104
8 130
8 132
8 140
8 142
8 146
8 158
8 169
8 177
8 205
8 221
8 227
8 238
8 248
8 277
8 282
8 283
8 297
8 303
8 304
8 305
8 310
8 319
8 328
8 331
8 336
8 341
8 345
8 374
8 382
8 388
8 398
8 399
8 401
8 405
8 422
8 427
8 447
8 460
8 467
8 477
8 501
8 502
8 503
8 521
8 524
8 526
8 530
8 541
8 601
8 609
8 616
8 618
8 620
8 631
8 644
8 651
8 667
8 669
8 727
8 737
8 759
8 842
8 843
8 874
8 885
8 892
8 895
8 896
8 898
8 905
8 924
8 928
8 933
8 941
8 967
8 1035
8 1040
8 1079
8 1088
8 1130
8 1185
8 1211
8 1214
8 1233
8 1304
8 1305
8 1316
8 1323
8 1333
8 1344
8 1348
8 1407
8 1453
8 1455
8 1483
8 1492
8 1520
8 1524
8 1546
8 1557
8 1570
8 1572
8 1589
8 1607
8 1625
8 1654
8 1713
8 1732
8 1763
8 1767
8 1781
8 1808
8 1828
8 1844
8 1847
8 1858
8 1861
8 1879
8 1885
8 1905
8 1924
8 1941
8 1956
8 1975
8 1977
8 1983
8 1987
8 1992
8 2058
8 2069
8 2076
8 2079
8 2082
8 2089
8 2123
8 2172
8 2198
8 2218
8 2257
8 2281
8 2302
8 2307
8 2314
8 2330
8 2360
8 2379
8 2399
8 2405
8 2462
8 2465
8 2523
8 2537
8 2573
8 2612
8 2668
8 2695
8 2717
8 2740
8 2763
8 2823
8 2883
8 2909
8 2986
8 3012
8 3108
8 3209
8 3219
8 3220
8 3222
8 3260
8 3274
8 3333
8 3343
8 3377
8 3390
8 3391
8 3394
8 3429
8 3440
8 3447
8 3453
8 3486
8 3497
8 3498
8 3514
8 3539
8 3569
8 3621
8 3678
8 3715
8 3800
8 3806
8 3867
8 3892
8 3912
8 3931
8 4003
8 4004
8 4013
8 4051
8 4061
8 4063
8 4106
8 4206
8 4210
8 4219
8 4245
8 4262
8 4285
8 4287
8 4294
8 4313
8 4414
8 4432
8 4450
8 4466
8 4520
8 4592
8 4686
8 4789
8 4837
8 4851
8 5004
8 5033
8 5050
8 5069
8 5090
9 15
9 21
9 27
9 29
9 99
9 103
9 106
9 128
9 139
9 240
9 279
9 361
9 374
9 392
9 408
9 491
9 528
9 548
9 580
9 611
9 612
9 715
9 750
9 756
9 781
9 823
9 866
9 869
9 896
9 1029
9 1035
9 1092
9 1118
9 1196
9 1352
9 1372
9 1436
9 1439
9 1459
9 1473
9 1492
9 1511
9 1532
9 1591
9 1677
9 1684
9 1770
9 1805
9 1841
9 1891
9 1992
9 2100
9 2152
9 2224
9 2433
9 2531
9 2574
9 2580
9 2611
9 2675
9 2718
9 2738
9 2771
9 2805
9 2829
9 2864
9 2894
9 3066
9 3073
9 3085
9 3210
9 3381
9 3801
9 3880
9 4052
9 4077
9 4100
9 4139
9 4241
9 4353
9 4400
9 4479
9 4627
9 4780
9 4820
9 4886
9 5071
10 11
10 12
10 13
10 14
10 16
10 17
10 20
10 27
10 28
10 31
10 36
10 38
10 39
10 43
10 46
10 48
10 51
10 55
10 59
10 62
10 75
10 85
10 91
10 93
10 113
10 116
10 118
10 122
10 123
10 134
10 147
10 167
10 174
10 182
10 196
10 211
10 230
10 241
10 248
10 268
10 286
10 295
10 302
10 306
10 333
10 340
10 409
10 465
10 474
10 479
10 493
10 515
10 516
10 535
10 540
10 544
10 552
10 560
10 563
10 580
10 589
10 599
10 603
10 620
10 633
10 646
10 666
10 670
10 709
10 713
10 715
10 731
10 733
10 745
10 776
10 784
10 786
10 818
10 828
10 836
10 848
10 851
10 854
10 855
10 901
10 906
10 908
10 917
10 938
10 944
10 970
10 977
10 1027
10 1032
10 1052
10 1061
10 1143
10 1157
10 1195
10 1198
10 1245
10 1254
10 1275
10 1481
10 1486
10 1508
10 1532
10 1551
10 1562
10 1626
10 1686
10 1704
10 1838
10 1842
10 1916
10 1940
10 2009
10 2065
10 2071
10 2127
10 2282
10 2287
10 2316
10 2329
10 2390
10 2406
10 2417
10 2441
10 2491
10 2502
10 2539
10 2541
10 2558
10 2585
10 2627
10 2671
10 2718
10 2732
10 2754
10 2758
10 2815
10 2853
10 2897
10 2964
10 3054
10 3079
10 3114
10 3180
10 3250
10 3271
10 3288
10 3297
10 3411
10 3434
10 3524
10 3634
10 3660
10 3690
10 3695
10 3725
10 3739
10 3820
10 3839
10 3867
10 3895
10 3921
10 3943
10 3989
10 3992
10 4018
10 4326
10 4337
10 4419
10 4538
10 4557
10 4568
10 4651
10 4716
10 4798
10 4818
10 4827
10 4838
10 4873
10 5097
11 30
11 154
11 157
11 164
11 187
11 195
11 230
11 241
11 251
11 254
11 283
11 312
11 343
11 392
11 438
11 500
11 542
11 673
11 840
11 979
11 1151
11 1190
11 1292
11 1494
11 1544
11 1951
11 2122
11 2147
11 2225
11 2234
11 2558
11 2633
11 2680
11 2974
11 3003
11 3288
11 3709
11 3795
11 3817
11 3837
11 4142
11 4170
11 4230
11 4296
11 4314
11 4431
11 4584
11 4628
11 4847
11 4852
11 5028
12 13
12 15
12 17
12 32
12 41
12 67
12 90
12 93
12 97
12 110
12 125
12 127
12 145
12 169
12 179
12 180
12 190
12 210
12 215
12 216
12 219
12 334
12 363
12 364
12 380
12 391
12 438
12 474
12 478
12 484
12 492
12 550
12 561
12 572
12 643
12 688
12 726
12 748
12 773
12 786
12 798
12 841
12 861
12 877
12 879
12 892
12 953
12 961
12 963
12 964
12 976
12 1151
12 1231
12 1258
12 1269
12 1280
12 1320
12 1380
12 1410
12 1431
12 1466
12 1487
12 1508
12 1534
12 1590
12 1649
12 1679
12 1758
12 1854
12 1892
12 1927
12 1962
12 1967
12 2039
12 2051
12 2081
12 2142
12 2272
12 2287
12 2312
12 2322
12 2371
12 2408
12 2448
12 2590
12 2713
12 2719
12 2801
12 2824
12 2901
12 2907
12 3034
12 3035
12 3110
12 3266
12 3416
12 3430
12 3445
12 3481
12 3642
12 3797
12 3806
12 3963
12 3976
12 4017
12 4035
12 4209
12 4368
12 4386
12 4448
12 4474
12 4684
12 4698
12 4704
12 4729
12 4924
12 5042
12 5088
13 30
13 34
13 63
13 88
13 147
13 173
13 199
13 220
13 258
13 317
13 328
13 429
13 499
13 564
13 577
13 584
13 748
13 751
13 764
13 833
13 836
13 849
13 881
13 884
13 1195
13 1197
13 1199
13 1221
13 1252
13 1403
13 1481
13 1691
13 1741
13 1851
13 1874
13 2053
13 2222
13 2239
13 2627
13 2671
13 2790
13 2801
13 2918
13 2959
13 3516
13 3573
13 3844
13 3880
13 3996
13 4329
13 4428
13 4559
13 4646
13 4669
13 4681
14 20
14 50
14 53
14 65
14 72
14 82
14 87
14 106
14 136
14 144
14 218
14 222
14 278
14 283
14 297
14 343
14 383
14 461
14 483
14 526
14 559
14 650
14 696
14 710
14 770
14 781
14 785
14 829
14 835
14 931
14 999
14 1074
14 1106
14 1157
14 1357
14 1373
14 1472
14 1864
14 2095
14 2114
14 2249
14 2338
14 2377
14 2436
14 2564
14 2604
14 2630
14 2753
14 2799
14 2951
14 3143
14 3250
14 3429
14 3516
14 3555
14 3742
14 3750
14 4261
14 4302
14 4321
14 4748
14 4749
14 4779
15 19
15 20
15 22
15 25
15 32
15 45
15 47
15 64
15 66
15 69
15 72
15 77
15 78
15 91
15 94
15 95
15 96
15 99
15 119
15 124
15 125
15 156
15 160
15 162
15 171
15 176
15 182
15 184
15 185
15 189
15 202
15 207
15 219
15 229
15 242
15 246
15 251
15 273
15 285
15 291
15 312
15 313
15 330
15 334
15 365
15 379
15 383
15 390
15 401
15 403
15 430
15 432
15 450
15 455
15 473
15 490
15 493
15 602
15 628
15 630
15 687
15 693
15 721
15 733
15 804
15 830
15 835
15 856
15 861
15 905
15 914
15 918
15 975
15 1020
15 1038
15 1045
15 1116
15 1118
15 1144
15 1156
15 1168
15 1196
15 1207
15 1216
15 1278
15 1287
15 1327
15 1358
15 1371
15 1379
15 1386
15 1412
15 1443
15 1447
15 1494
15 1517
15 1534
15 1551
15 1565
15 1574
15 1691
15 1718
15 1781
15 1800
15 1875
15 1927
15 1942
15 2064
15 2123
15 2135
15 2146
15 2388
15 2485
15 2542
15 2573
15 2589
15 2650
15 2696
15 2707
15 2799
15 2800
15 2861
15 2870
15 2910
15 2939
15 3010
15 3015
15 3023
15 3142
15 3225
15 3282
15 3357
15 3386
15 3452
15 3473
15 3500
15 3615
15 3616
15 3655
15 3675
15 3689
15 3745
15 4058
15 4141
15 4219
15 4344
15 4361
15 4362
15 4365
15 4409
15 4420
15 4453
15 4558
15 4571
15 4622
15 4664
15 4693
15 4858
15 4909
15 4959
16 26
16 38
16 50
16 85
16 95
16 106
16 108
16 115
16 131
16 142
16 169
16 206
16 312
16 321
16 370
16 400
16 406
16 454
16 465
16 490
16 500
16 621
16 656
16 699
16 725
16 861
16 974
16 1012
16 1026
16 1044
16 1076
16 1170
16 1184
16 1190
16 1352
16 1378
16 1379
16 1519
16 1529
16 1666
16 1751
16 1852
16 1911
16 2029
16 2031
16 2099
16 2536
16 2822
16 2927
16 2988
16 3030
16 3080
16 3668
16 3690
16 3848
16 3877
16 4009
16 4040
16 4157
16 4394
16 4569
16 4856
16 5059
17 22
17 32
17 35
17 40
17 54
17 58
17 66
17 98
17 120
17 122
17 126
17 138
17 159
17 169
17 178
17 195
17 221
17 227
17 235
17 247
17 248
17 303
17 353
17 433
17 434
17 448
17 454
17 462
17 475
17 492
17 506
17 523
17 565
17 764
17 780
17 795
17 1067
17 1095
17 1109
17 1183
17 1310
17 1458
17 1531
17 1594
17 1777
17 1870
17 1904
17 2073
17 2116
17 2129
17 2259
17 2265
17 2271
17 2284
17 2306
17 2322
17 2480
17 2540
17 2597
17 2610
17 2716
17 2905
17 3044
17 3094
17 3103
17 3288
17 3340
17 3367
17 3385
17 3480
17 3578
17 3713
17 3720
17 3774
17 3891
17 3924
17 3987
17 4131
17 4143
17 4283
17 4447
17 4569
17 4599
17 4708
17 4738
17 4974
18 19
18 22
18 27
18 38
18 48
18 64
18 65
18 83
18 90
18 96
18 118
18 124
18 131
18 159
18 200
18 208
18 210
18 213
18 218
18 246
18 250
18 271
18 281
18 289
18 296
18 335
18 340
18 351
18 363
18 387
18 424
18 455
18 470
18 471
18 479
18 516
18 517
18 525
18 552
18 583
18 604
18 644
18 659
18 797
18 842
18 929
18 974
18 995
18 1131
18 1179
18 1217
18 1309
18 1330
18 1331
18 1345
18 1442
18 1528
18 1570
18 1632
18 1663
18 1836
18 2001
18 2064
18 2180
18 2361
18 2401
18 2466
18 2500
18 2601
18 2735
18 2867
18 2903
18 2978
18 3081
18 3247
18 3345
18 3347
18 3473
18 3485
18 3495
18 3502
18 3676
18 3898
18 3904
18 3978
18 3984
18 3995
18 4048
18 4084
18 4110
18 4120
18 4365
18 4488
18 5031
19 25
19 53
19 61
19 79
19 89
19 90
19 174
19 179
19 185
19 192
19 223
19 237
19 255
19 313
19 426
19 480
19 491
19 500
19 508
19 603
19 621
19 685
19 740
19 780
19 831
19 844
19 939
19 941
19 1044
19 1079
19 1096
19 1154
19 1192
19 1245
19 1298
19 1314
19 1322
19 1350
19 1489
19 1493
19 1495
19 1506
19 1823
19 1841
19 1939
19 1970
19 1983
19 2023
19 2136
19 2185
19 2318
19 2459
19 2481
19 2489
19 2504
19 2509
19 2583
19 2632
19 2667
19 2881
19 3118
19 3156
19 3182
19 3321
19 3371
19 3460
19 3497
19 3670
19 3689
19 3785
19 3789
19 3807
19 3823
19 3955
19 3996
19 4101
19 4273
19 4311
19 4316
19 4388
19 4587
19 4648
19 4719
19 4767
19 4830
20 23
20 25
20 36
20 40
20 42
20 47
20 70
20 71
20 86
20 116
20 137
20 148
20 163
20 172
20 184
20 190
20 191
20 217
20 225
20 235
20 255
20 306
20 307
20 335
20 360
20 387
20 547
20 556
20 625
20 646
20 667
20 670
20 747
20 755
20 840
20 875
20 991
20 1027
20 1043
20 1074
20 1116
20 1279
20 1380
20 1406
20 1418
20 1449
20 1471
20 1491
20 1500
20 1513
20 1907
20 1921
20 1977
20 2064
20 2274
20 2290
20 2511
20 2567
20 2591
20 2751
20 2854
20 3026
20 3061
20 3128
20 3172
20 3365
20 3686
20 3861
20 3897
20 3946
20 3966
20 4287
20 4354
20 4458
20 4632
20 4709
20 4936
20 4972
20 5090
21 38
21 53
21 61
21 68
21 73
21 75
21 77
21 78
21 95
21 102
21 136
21 166
21 177
21 181
21 196
21 259
21 325
21 335
21 365
21 427
21 431
21 442
21 447
21 465
21 467
21 489
21 505
21 531
21 807
21 902
21 903
21 1007
21 1073
21 1170
21 1249
21 1265
21 1287
21 1340
21 1359
21 1490
21 1653
21 1840
21 2475
21 2772
21 2841
21 2959
21 2961
21 3312
21 3419
21 3555
21 3733
21 3811
21 3971
21 4354
21 4465
21 4631
22 24
22 25
22 39
22 52
22 73
22 112
22 122
22 170
22 191
22 225
22 226
22 259
22 283
22 285
22 326
22 347
22 410
22 480
22 692
22 740
22 750
22 760
22 772
22 774
22 908
22 914
22 1019
22 1069
22 1354
22 1385
22 1490
22 1698
22 1771
22 2069
22 2264
22 2404
22 2435
22 2445
22 2775
22 3046
22 3331
22 3557
22 3617
22 4004
22 4190
22 4248
22 4331
23 33
23 71
23 87
23 127
23 148
23 152
23 171
23 244
23 361
23 399
23 433
23 646
23 761
23 832
23 1054
23 1057
23 1302
23 1312
23 1468
23 1515
23 1524
23 1779
23 1808
23 1971
23 2210
23 2218
23 2279
23 2317
23 2586
23 2736
23 2844
23 2872
23 3046
23 3062
23 3217
23 3244
23 3551
23 3859
23 4185
23 4219
23 4820
23 5078
24 34
24 39
24 63
24 78
24 81
24 84
24 129
24 171
24 307
24 365
24 417
24 477
24 520
24 576
24 600
24 654
24 663
24 780
24 815
24 832
24 846
24 1426
24 1588
24 1835
24 1986
24 2172
24 2764
24 3002
24 3162
24 3303
24 4660
25 170
25 189
25 191
25 212
25 236
25 281
25 341
25 430
25 431
25 485
25 487
25 1250
25 1401
25 1637
25 1915
25 2459
25 3825
25 3894
25 3900
25 4858
26 31
26 172
26 321
26 339
26 356
26 549
26 561
26 605
26 626
26 1081
26 1289
26 1978
26 2081
26 2619
26 2763
26 2793
26 3573
26 3893
26 4308
26 4316
26 4385
27 33
27 34
27 35
27 68
27 74
27 109
27 131
27 199
27 279
27 516
27 570
27 732
27 735
27 868
27 1090
27 1436
27 1447
27 1545
27 2100
27 2795
27 2992
27 3444
28 241
28 371
28 421
28 450
28 539
28 574
28 743
28 904
28 1514
28 4475
28 4487
29 137
29 685
29 856
29 970
29 2299
29 3066
29 4720
30 195
30 198
30 228
30 425
30 1494
30 1544
30 1674
30 2556
30 3844
30 4406
31 38
31 80
31 100
31 118
31 147
31 278
31 607
31 845
31 1307
31 1313
31 2018
31 2188
31 2617
31 2790
31 2999
31 3409
31 4402
32 33
32 45
32 49
32 58
32 63
32 87
32 115
32 120
32 121
32 135
32 151
32 160
32 215
32 233
32 253
32 256
32 265
32 330
32 432
32 436
32 446
32 478
32 492
32 507
32 514
32 533
32 542
32 544
32 545
32 551
32 559
32 563
32 585
32 594
32 630
32 636
32 723
32 730
32 767
32 851
32 860
32 876
32 920
32 926
32 933
32 974
32 981
32 1030
32 1034
32 1063
32 1108
32 1110
32 1124
32 1198
32 1208
32 1232
32 1254
32 1285
32 1291
32 1333
32 1386
32 1407
32 1467
32 1614
32 1652
32 1690
32 1720
32 1748
32 1775
32 1785
32 1867
32 1869
32 1898
32 1973
32 2130
32 2251
32 2255
32 2293
32 2337
32 2346
32 2449
32 2476
32 2522
32 2669
32 2672
32 2720
32 2762
32 2879
32 2925
32 2973
32 3135
32 3151
32 3173
32 3278
32 3280
32 3321
32 3402
32 3406
32 3456
32 3465
32 3497
32 3589
32 3630
32 3638
32 3647
32 3649
32 3715
32 3767
32 3903
32 4071
32 4103
32 4178
32 4390
32 4509
32 4560
32 4702
32 4824
32 4995
33 34
33 37
33 39
33 51
33 60
33 66
33 77
33 93
33 111
33 112
33 114
33 132
33 141
33 156
33 159
33 182
33 187
33 188
33 204
33 250
33 285
33 308
33 325
33 326
33 332
33 336
33 337
33 350
33 357
33 360
33 361
33 371
33 386
33 416
33 436
33 443
33 463
33 464
33 524
33 533
33 538
33 541
33 553
33 579
33 585
33 601
33 628
33 647
33 688
33 718
33 742
33 757
33 783
33 791
33 797
33 800
33 804
33 814
33 847
33 863
33 892
33 917
33 961
33 1005
33 1020
33 1030
33 1037
33 1082
33 1115
33 1150
33 1172
33 1262
33 1275
33 1286
33 1301
33 1305
33 1312
33 1338
33 1385
33 1456
33 1458
33 1547
33 1601
33 1634
33 1650
33 1653
33 1657
33 1678
33 1708
33 1723
33 1754
33 1775
33 1799
33 1881
33 1906
33 1953
33 1964
33 1990
33 2008
33 2020
33 2058
33 2062
33 2091
33 2117
33 2134
33 2144
33 2160
33 2180
33 2196
33 2197
33 2204
33 2205
33 2227
33 2234
33 2252
33 2350
33 2420
33 2437
33 2449
33 2478
33 2479
33 2570
33 2605
33 2608
33 2649
33 2686
33 2687
33 2747
33 2759
33 2761
33 2829
33 2847
33 2863
33 2881
33 2968
33 2974
33 3058
33 3111
33 3122
33 3352
33 3361
33 3415
33 3417
33 3439
33 3462
33 3482
33 3490
33 3532
33 3687
33 3770
33 3817
33 3886
33 3894
33 3902
33 3985
33 3999
33 4210
33 4246
33 4251
33 4293
33 4317
33 4345
33 4472
33 4477
33 4535
33 4548
33 4565
33 4576
33 4698
33 4745
33 4804
33 4823
33 4852
33 4868
33 4942
33 4992
33 5085
33 5086
33 5092
33 5097
34 50
34 68
34 94
34 101
34 107
34 109
34 114
34 132
34 138
34 140
34 159
34 193
34 203
34 217
34 264
34 314
34 315
34 318
34 332
34 393
34 395
34 404
34 424
34 428
34 433
34 445
34 458
34 475
34 503
34 536
34 546
34 596
34 616
34 632
34 648
34 710
34 732
34 775
34 777
34 819
34 868
34 903
34 950
34 972
34 984
34 1006
34 1009
34 1040
34 1053
34 1081
34 1085
34 1115
34 1187
34 1199
34 1284
34 1315
34 1345
34 1348
34 1362
34 1397
34 1442
34 1452
34 1455
34 1507
34 1527
34 1658
34 1707
34 1710
34 1776
34 1818
34 1820
34 1849
34 1867
34 1968
34 1980
34 1995
34 1996
34 2077
34 2112
34 2123
34 2217
34 2295
34 2298
34 2321
34 2323
34 2396
34 2454
34 2534
34 2578
34 2596
34 2636
34 2786
34 2789
34 2829
34 2939
34 2960
34 3011
34 3051
34 3111
34 3133
34 3150
34 3273
34 3360
34 3386
34 3562
34 3574
34 3597
34 3661
34 3800
34 3853
34 3909
34 4018
34 4076
34 4105
34 4121
34 4157
34 4174
34 4225
34 4359
34 4370
34 4393
34 4442
34 4533
34 4587
34 4652
34 4871
34 4987
35 37
35 39
35 52
35 55
35 61
35 74
35 98
35 110
35 120
35 128
35 131
35 142
35 164
35 175
35 183
35 198
35 206
35 224
35 227
35 229
35 237
35 240
35 294
35 349
35 408
35 414
35 442
35 479
35 485
35 496
35 505
35 511
35 515
35 519
35 522
35 542
35 569
35 570
35 575
35 586
35 617
35 618
35 678
35 689
35 724
35 766
35 883
35 930
35 935
35 990
35 1003
35 1026
35 1070
35 1080
35 1164
35 1238
35 1284
35 1319
35 1391
35 1407
35 1440
35 1454
35 1476
35 1489
35 1556
35 1580
35 1612
35 1636
35 1663
35 1694
35 1715
35 1728
35 1731
35 1739
35 1759
35 1788
35 1903
35 2019
35 2150
35 2232
35 2236
35 2246
35 2330
35 2331
35 2368
35 2445
35 2452
35 2479
35 2499
35 2515
35 2565
35 2600
35 2641
35 2642
35 2702
35 2760
35 2774
35 2806
35 2862
35 2884
35 2890
35 2896
35 2937
35 2970
35 2987
35 3051
35 3070
35 3088
35 3152
35 3211
35 3238
35 3240
35 3253
35 3279
35 3290
35 3458
35 3522
35 3538
35 3549
35 3718
35 3740
35 3762
35 3862
35 3893
35 3920
35 3953
35 4074
35 4179
35 4188
35 4216
35 4239
35 4248
35 4262
35 4314
35 4330
35 4333
35 4337
35 4339
35 4340
35 4370
35 4446
35 4462
35 4526
35 4536
35 4601
35 4706
35 4755
35 5010
36 37
36 46
36 48
36 52
36 55
36 62
36 76
36 91
36 123
36 134
36 143
36 153
36 183
36 225
36 269
36 312
36 321
36 349
36 352
36 355
36 358
36 381
36 474
36 572
36 611
36 643
36 645
36 688
36 701
36 743
36 756
36 770
36 805
36 816
36 857
36 867
36 956
36 994
36 1042
36 1053
36 1069
36 1072
36 1098
36 1110
36 1137
36 1226
36 1254
36 1266
36 1300
36 1303
36 1336
36 1339
36 1515
36 1522
36 1612
36 1637
36 1716
36 1753
36 1821
36 1855
36 1876
36 1944
36 2004
36 2040
36 2067
36 2108
36 2164
36 2247
36 2378
36 2414
36 2443
36 2458
36 2508
36 2527
36 2559
36 2562
36 2598
36 2636
36 2749
36 2767
36 2791
36 2892
36 2921
36 3100
36 3226
36 3239
36 3338
36 3341
36 3380
36 3412
36 3477
36 3845
36 4033
36 4052
36 4089
36 4111
36 4136
36 4524
36 4559
36 4653
36 4674
36 4742
36 4842
36 4868
36 4953
36 5040
36 5067
37 44
37 45
37 60
37 70
37 82
37 89
37 95
37 126
37 128
37 144
37 145
37 180
37 189
37 226
37 262
37 336
37 338
37 397
37 419
37 495
37 589
37 663
37 677
37 765
37 867
37 918
37 935
37 980
37 1049
37 1117
37 1166
37 1272
37 1316
37 1393
37 1454
37 1470
37 1477
37 1603
37 1628
37 1753
37 1759
37 1786
37 2040
37 2065
37 2093
37 2100
37 2176
37 2211
37 2332
37 2341
37 2420
37 2430
37 2599
37 2935
37 2980
37 3044
37 3107
37 3142
37 3184
37 3272
37 3290
37 3415
37 3502
37 3807
37 3852
37 3871
37 3902
37 3920
37 4146
37 4167
37 4202
37 4228
37 4332
37 4335
37 4342
37 4681
37 4723
37 4770
37 4792
37 4823
38 53
38 64
38 65
38 100
38 118
38 134
38 145
38 164
38 181
38 198
38 214
38 297
38 311
38 324
38 340
38 355
38 363
38 377
38 384
38 533
38 534
38 675
38 700
38 833
38 843
38 853
38 878
38 910
38 956
38 961
38 1009
38 1065
38 1105
38 1113
38 1139
38 1198
38 1200
38 1237
38 1256
38 1271
38 1340
38 1564
38 1711
38 1839
38 1869
38 1918
38 1933
38 2142
38 2292
38 2339
38 2400
38 2510
38 2532
38 2598
38 2659
38 2855
38 2857
38 2883
38 2885
38 2952
38 3012
38 3045
38 3081
38 3097
38 3184
38 3232
38 3308
38 3379
38 3419
38 3442
38 3493
38 3501
38 3572
38 3608
38 3761
38 3790
38 3795
38 3822
38 3952
38 3974
38 4122
38 4173
38 4192
38 4204
38 4268
38 4295
38 4480
38 4510
38 4581
38 4673
38 4725
38 4789
38 4923
38 4955
38 5005
39 52
39 61
39 108
39 120
39 175
39 230
39 236
39 408
39 419
39 420
39 434
39 459
39 488
39 517
39 647
39 654
39 797
39 800
39 815
39 818
39 819
39 846
39 989
39 1002
39 1051
39 1073
39 1122
39 1138
39 1162
39 1234
39 1237
39 1425
39 1477
39 1486
39 1493
39 1620
39 1692
39 1722
39 1727
39 1749
39 1819
39 1822
39 1831
39 1897
39 1910
39 1934
39 1976
39 2127
39 2194
39 2231
39 2372
39 2413
39 2679
39 2763
39 2765
39 3176
39 3185
39 3205
39 3225
39 3289
39 3300
39 3342
39 3479
39 3554
39 3571
39 3621
39 3945
39 4032
39 4078
39 4145
39 4579
39 4609
39 4707
39 4874
39 4879
40 41
40 54
40 70
40 102
40 135
40 138
40 149
40 172
40 205
40 221
40 258
40 277
40 303
40 367
40 373
40 415
40 534
40 536
40 581
40 606
40 614
40 667
40 694
40 765
40 863
40 921
40 926
40 1001
40 1033
40 1135
40 1230
40 1250
40 1336
40 1359
40 1374
40 1427
40 1438
40 1465
40 1526
40 1659
40 1703
40 1879
40 1888
40 1994
40 2025
40 2043
40 2092
40 2248
40 2277
40 2315
40 2459
40 2502
40 2546
40 2615
40 3179
40 3360
40 3461
40 3554
40 3609
40 3667
40 3759
40 3791
40 3811
40 3897
40 3991
40 4055
40 4090
40 4105
40 4153
40 4317
40 4471
40 4501
40 4732
40 4764
40 4835
40 4908
40 4970
40 4992
40 5035
40 5049
41 43
41 47
41 57
41 96
41 99
41 137
41 145
41 173
41 192
41 205
41 224
41 227
41 240
41 243
41 251
41 272
41 284
41 372
41 382
41 401
41 411
41 422
41 435
41 437
41 526
41 534
41 540
41 548
41 587
41 597
41 606
41 649
41 674
41 731
41 782
41 805
41 811
41 996
41 1004
41 1052
41 1066
41 1241
41 1356
41 1535
41 1557
41 1595
41 1642
41 1702
41 1714
41 1833
41 1923
41 1950
41 1962
41 1982
41 2009
41 2021
41 2084
41 2244
41 2249
41 2332
41 2460
41 2481
41 2863
41 2943
41 3060
41 3191
41 3213
41 3214
41 3215
41 3234
41 3245
41 3248
41 3268
41 3310
41 3368
41 3450
41 3577
41 3627
41 3637
41 3729
41 3941
41 4001
41 4034
41 4118
41 4135
41 4250
41 4270
41 4433
41 4647
41 4697
41 4753
41 4792
41 4918
42 49
42 57
42 85
42 107
42 110
42 116
42 119
42 163
42 201
42 307
42 308
42 323
42 353
42 416
42 426
42 502
42 594
42 613
42 676
42 683
42 766
42 779
42 806
42 845
42 875
42 883
42 934
42 936
42 939
42 989
42 1016
42 1081
42 1082
42 1086
42 1093
42 1119
42 1294
42 1363
42 1397
42 1450
42 1569
42 1640
42 1681
42 1762
42 1899
42 2034
42 2044
42 2072
42 2114
42 2125
42 2154
42 2207
42 2339
42 2374
42 2449
42 2464
42 2585
42 2688
42 2760
42 2819
42 2852
42 2854
42 3105
42 3182
42 3293
42 3315
42 3395
42 3565
42 3594
42 3608
42 3649
42 3662
42 3802
42 3814
42 4122
42 4171
42 4202
42 4315
42 4380
42 4468
42 4494
42 4497
42 4509
42 4803
42 4977
42 5048
43 49
43 101
43 113
43 188
43 233
43 234
43 296
43 298
43 320
43 437
43 492
43 501
43 504
43 532
43 597
43 699
43 733
43 735
43 739
43 779
43 788
43 865
43 894
43 900
43 1013
43 1038
43 1208
43 1313
43 1347
43 1375
43 1413
43 1446
43 1495
43 1546
43 1635
43 1647
43 1697
43 1708
43 1744
43 1787
43 1796
43 1964
43 2257
43 2308
43 2409
43 2756
43 2837
43 2900
43 2964
43 2999
43 3234
43 3397
43 3658
43 3884
43 4059
43 4121
43 4199
43 4793
44 80
44 92
44 314
44 410
44 439
44 940
44 1250
44 1287
44 1295
44 1351
44 1695
44 1969
44 2109
44 2731
44 3036
44 3245
44 3686
44 4408
45 69
45 72
45 150
45 155
45 162
45 185
45 425
45 472
45 551
45 563
45 593
45 630
45 683
45 714
45 751
45 1032
45 1189
45 1255
45 1348
45 1377
45 1583
45 1674
45 1744
45 1800
45 1814
45 1839
45 1849
45 1864
45 1873
45 1929
45 2043
45 2135
45 2178
45 2200
45 2240
45 2248
45 2314
45 2563
45 2580
45 2637
45 2777
45 2894
45 2919
45 2926
45 3339
45 3737
45 4014
45 4028
45 4212
45 4490
45 4574
45 4782
45 4833
45 4856
46 48
46 55
46 56
46 62
46 71
46 81
46 141
46 158
46 167
46 180
46 194
46 275
46 284
46 287
46 290
46 331
46 332
46 361
46 364
46 451
46 494
46 544
46 611
46 615
46 653
46 658
46 759
46 763
46 784
46 905
46 1208
46 1264
46 1279
46 1321
46 1346
46 1371
46 1453
46 1495
46 1496
46 1510
46 1601
46 1716
46 1926
46 2194
46 2239
46 2451
46 2488
46 2726
46 2771
46 2817
46 2838
46 2916
46 3220
46 3255
46 3265
46 3322
46 3643
46 3673
46 3857
46 4126
46 4206
46 4273
46 4281
46 4520
46 4666
46 4722
47 56
47 66
47 182
47 269
47 337
47 367
47 386
47 441
47 529
47 868
47 889
47 904
47 914
47 954
47 991
47 1036
47 1052
47 1071
47 1111
47 1147
47 1387
47 1409
47 1633
47 1699
47 1850
47 1970
47 2419
47 2451
47 2596
47 2665
47 3358
47 3468
47 3473
47 3503
47 3894
47 4152
47 4243
47 4687
48 56
48 80
48 83
48 93
48 143
48 153
48 211
48 225
48 359
48 375
48 455
48 584
48 589
48 595
48 608
48 617
48 645
48 666
48 668
48 688
48 705
48 827
48 859
48 1022
48 1205
48 1443
48 1468
48 1497
48 1518
48 1697
48 1731
48 1894
48 1960
48 1965
48 2107
48 2362
48 2465
48 2628
48 2632
48 2635
48 2722
48 2736
48 2771
48 2894
48 2957
48 3049
48 3252
48 3366
48 3402
48 3512
48 3523
48 3551
48 3754
48 3796
48 3918
48 3979
48 3982
48 4034
48 4349
48 4647
48 4707
48 4966
48 5026
49 67
49 87
49 117
49 134
49 161
49 194
49 196
49 223
49 229
49 234
49 306
49 329
49 337
49 396
49 471
49 530
49 618
49 638
49 643
49 691
49 754
49 832
49 895
49 901
49 979
49 1034
49 1051
49 1146
49 1203
49 1239
49 1302
49 1404
49 1478
49 1495
49 1665
49 1689
49 1898
49 2022
49 2121
49 2160
49 2268
49 2374
49 2470
49 2473
49 2476
49 3066
49 3117
49 3375
49 3440
49 3566
49 3603
49 3606
49 3647
49 3738
49 3864
49 4413
49 4636
49 4834
49 4999
50 82
50 105
50 135
50 250
50 264
50 275
50 368
50 579
50 629
50 769
50 770
50 801
50 864
50 1011
50 1025
50 1270
50 1434
50 1527
50 1544
50 1675
50 1713
50 1766
50 1768
50 2138
50 2386
50 2617
50 3173
50 3262
50 3555
50 4116
50 4274
50 4595
50 4600
50 4738
50 4835
51 65
51 157
51 224
51 260
51 308
51 460
51 691
51 969
51 1047
51 1099
51 1102
51 1128
51 1212
51 1224
51 1283
51 1364
51 1528
51 1569
51 1806
51 2085
51 2147
51 2407
51 2694
51 2726
51 3003
51 3472
51 3517
51 4037
51 4676
52 68
52 101
52 122
52 419
52 517
52 645
52 990
52 1121
52 1190
52 1232
52 1529
52 2027
52 2174
52 2368
52 3289
52 3422
52 3899
52 4089
52 4337
52 4837
53 75
53 82
53 89
53 90
53 92
53 152
53 165
53 213
53 373
53 394
53 520
53 571
53 637
53 708
53 789
53 807
53 844
53 1154
53 1232
53 1421
53 1463
53 1629
53 1740
53 1900
53 2056
53 2468
53 2853
53 3037
53 3043
53 3232
53 3332
53 3667
53 3731
53 4226
53 4268
53 4602
53 4863
53 5013
54 96
54 149
54 170
54 483
54 591
54 824
54 909
54 992
54 1081
54 1478
54 1612
54 2922
54 3446
54 4423
54 4792
55 62
55 76
55 116
55 126
55 221
55 319
55 332
55 435
55 462
55 707
55 761
55 857
55 1128
55 1653
55 1959
55 2003
55 2287
55 2475
55 2544
55 2653
55 3792
55 3881
55 4556
55 4885
56 60
56 66
56 83
56 97
56 173
56 255
56 258
56 290
56 305
56 370
56 494
56 510
56 575
56 794
56 1100
56 1120
56 1136
56 1238
56 2465
56 3512
56 3743
56 4539
56 4699
56 4772
57 59
57 91
57 110
57 503
57 617
57 683
57 768
57 889
57 1133
57 1304
57 1483
57 1714
57 1896
57 3262
57 3626
57 3716
57 4242
57 4846
58 71
58 83
58 105
58 216
58 231
58 253
58 257
58 330
58 945
58 1008
58 1068
58 1353
58 1467
58 2955
58 3231
58 3418
58 3715
58 4265
58 4691
58 5025
59 73
59 178
59 267
59 274
59 2417
59 2550
59 3556
59 3905
59 4526
60 136
60 239
60 258
60 262
60 292
60 507
60 577
60 836
60 1448
60 1781
60 1967
60 2115
60 3260
60 3902
60 4860
60 4923
61 62
61 74
61 79
61 200
61 230
61 235
61 236
61 247
61 713
61 810
61 933
61 1040
61 1519
61 1567
61 1604
61 1631
61 2218
61 3185
61 3714
61 3804
61 3971
61 4050
61 4489
61 4629
61 4830
61 4843
62 300
62 645
62 911
62 1011
62 2758
62 2950
62 2968
63 220
63 2806
64 86
64 100
64 111
64 312
64 359
64 379
64 404
64 429
64 453
64 506
64 533
64 569
64 659
64 660
64 695
64 717
64 751
64 996
64 1074
64 1176
64 1206
64 1256
64 1306
64 1406
64 1488
64 1541
64 1550
64 1769
64 1830
64 1868
64 2117
64 2164
64 2191
64 2215
64 2324
64 2366
64 2382
64 2444
64 2485
64 2494
64 2736
64 2926
64 3067
64 3495
64 3521
64 3550
64 3573
64 3598
64 3604
64 3620
64 3779
64 3842
64 3875
64 3900
64 3930
64 4113
64 4135
64 4348
64 4378
64 4407
64 4438
64 4448
64 4451
64 4470
64 4540
64 4624
64 4665
64 4825
64 4851
64 4894
65 90
65 181
65 238
65 268
65 318
65 460
65 744
65 832
65 852
65 853
65 929
65 969
65 1099
65 1430
65 1462
65 1566
65 1678
65 1696
65 1730
65 1778
65 1806
65 1808
65 1918
65 2115
65 2177
65 2316
65 2334
65 2839
65 2867
65 2914
65 2957
65 3076
65 3082
65 3197
65 3536
65 3698
65 3797
65 3841
65 3852
65 3936
65 3952
65 3968
65 4047
65 4225
65 4327
65 4398
65 4463
65 4597
65 4773
65 4821
65 4845
65 4887
65 5027
65 5054
66 75
66 77
66 111
66 117
66 137
66 156
66 166
66 167
66 168
66 176
66 180
66 200
66 243
66 273
66 298
66 333
66 343
66 351
66 376
66 423
66 440
66 446
66 451
66 524
66 528
66 566
66 588
66 626
66 628
66 672
66 684
66 686
66 709
66 718
66 720
66 752
66 786
66 787
66 808
66 826
66 838
66 891
66 917
66 965
66 1046
66 1063
66 1123
66 1133
66 1165
66 1181
66 1194
66 1210
66 1241
66 1248
66 1291
66 1318
66 1353
66 1369
66 1503
66 1618
66 1633
66 1651
66 1676
66 1759
66 1781
66 1811
66 1836
66 1877
66 1956
66 2006
66 2021
66 2026
66 2061
66 2076
66 2087
66 2143
66 2168
66 2251
66 2267
66 2304
66 2321
66 2432
66 2463
66 2488
66 2526
66 2536
66 2625
66 2629
66 2666
66 2690
66 2705
66 2778
66 2861
66 2892
66 2987
66 3000
66 3062
66 3071
66 3083
66 3098
66 3118
66 3124
66 3147
66 3199
66 3246
66 3270
66 3292
66 3302
66 3368
66 3458
66 3463
66 3467
66 3525
66 3590
66 3724
66 3795
66 3808
66 3937
66 4008
66 4047
66 4057
66 4166
66 4265
66 4329
66 4333
66 4395
66 4554
66 4613
66 4664
66 4678
66 4752
66 4795
66 4860
66 4906
66 4930
66 4993
66 4999
66 5040
66 5052
67 75
67 84
67 99
67 146
67 154
67 161
67 169
67 174
67 175
67 176
67 184
67 203
67 204
67 215
67 244
67 257
67 265
67 276
67 285
67 300
67 305
67 315
67 320
67 342
67 411
67 421
67 439
67 477
67 483
67 497
67 502
67 508
67 530
67 583
67 623
67 698
67 702
67 713
67 729
67 841
67 866
67 877
67 882
67 888
67 901
67 902
67 947
67 979
67 992
67 1007
67 1047
67 1077
67 1079
67 1085
67 1141
67 1152
67 1159
67 1170
67 1184
67 1271
67 1307
67 1338
67 1383
67 1399
67 1401
67 1426
67 1444
67 1445
67 1478
67 1480
67 1524
67 1533
67 1540
67 1541
67 1561
67 1571
67 1584
67 1635
67 1639
67 1659
67 1755
67 1761
67 1773
67 1782
67 1786
67 1815
67 1834
67 1902
67 1907
67 1972
67 1991
67 2082
67 2121
67 2148
67 2187
67 2231
67 2285
67 2290
67 2302
67 2334
67 2375
67 2417
67 2466
67 2563
67 2568
67 2584
67 2586
67 2599
67 2600
67 2629
67 2635
67 2645
67 2649
67 2651
67 2663
67 2804
67 2836
67 2931
67 2944
67 2947
67 2970
67 3082
67 3123
67 3126
67 3174
67 3189
67 3210
67 3323
67 3425
67 3441
67 3458
67 3465
67 3523
67 3546
67 3568
67 3598
67 3672
67 3700
67 3764
67 3813
67 3821
67 3872
67 3879
67 3898
67 3902
67 3904
67 3954
67 3959
67 4089
67 4098
67 4112
67 4163
67 4183
67 4223
67 4275
67 4283
67 4305
67 4355
67 4418
67 4440
67 4589
67 4639
67 4726
67 4728
67 4772
67 4773
67 4819
67 4879
67 4972
67 5002
67 5016
67 5046
67 5092
68 101
68 155
68 197
68 232
68 249
68 370
68 395
68 418
68 431
68 519
68 554
68 569
68 608
68 648
68 732
68 779
68 819
68 828
68 879
68 949
68 984
68 1009
68 1033
68 1092
68 1123
68 1132
68 1366
68 1440
68 1504
68 1555
68 1586
68 1652
68 1923
68 2094
68 2170
68 2196
68 2209
68 2365
68 2436
68 2486
68 2547
68 2594
68 2659
68 2693
68 2794
68 2904
68 2933
68 3022
68 3025
68 3084
68 3120
68 3133
68 3138
68 3173
68 3256
68 3294
68 3314
68 3374
68 3552
68 3568
68 3726
68 3976
68 4010
68 4107
68 4155
68 4221
68 4442
68 4459
68 4466
68 4554
68 4557
68 4606
68 4710
68 4802
68 4805
68 4831
68 5015
68 5081
69 72
69 78
69 104
69 120
69 271
69 310
69 338
69 406
69 454
69 512
69 593
69 603
69 662
69 679
69 759
69 838
69 1113
69 1215
69 1251
69 1317
69 1332
69 1395
69 1540
69 1785
69 1813
69 1829
69 1845
69 1872
69 1986
69 2053
69 2058
69 2373
69 2541
69 2699
69 2712
69 2995
69 3102
69 3433
69 3637
69 3639
69 3691
69 4069
69 4194
69 4250
69 4519
69 4675
69 4680
69 4790
69 4919
69 5050
70 73
70 76
70 85
70 125
70 190
70 351
70 367
70 419
70 457
70 461
70 547
70 573
70 594
70 716
70 751
70 789
70 859
70 880
70 1023
70 1024
70 1168
70 1173
70 1250
70 1257
70 1271
70 1299
70 1397
70 1410
70 1679
70 1875
70 1900
70 2043
70 2052
70 2110
70 2261
70 2319
70 2566
70 2585
70 2602
70 3006
70 3023
70 3037
70 3061
70 3118
70 3126
70 3283
70 3445
70 3545
70 3575
70 3593
70 3635
70 3878
70 4110
70 4172
70 4244
70 4716
70 4861
70 5065
71 101
71 126
71 171
71 234
71 254
71 261
71 396
71 437
71 494
71 529
71 548
71 704
71 812
71 830
71 856
71 1017
71 1030
71 1419
71 1700
71 1987
71 2239
71 2274
71 2317
71 2723
71 2746
71 2911
71 3243
71 3365
71 3373
71 3431
71 3517
71 3567
71 3580
71 3588
71 3623
71 3661
71 3734
71 3915
71 3994
71 4000
71 4257
71 4297
71 4357
71 4458
71 4855
71 4890
72 104
72 140
72 219
72 321
72 373
72 378
72 413
72 441
72 512
72 559
72 624
72 662
72 704
72 759
72 920
72 1045
72 1104
72 1339
72 1546
72 1672
72 1692
72 1929
72 1942
72 2039
72 2126
72 2246
72 2311
72 2484
72 2634
72 2647
72 2868
72 2946
72 2963
72 2971
72 3229
72 3378
72 3602
72 3630
72 3737
72 3774
72 4318
72 4583
72 4614
73 76
73 256
73 259
73 268
73 360
73 433
73 445
73 716
73 724
73 819
73 870
73 1336
73 1506
73 1581
73 1688
73 1706
73 1738
73 1764
73 1932
73 2005
73 2128
73 2429
73 2619
73 2730
73 2740
73 3070
73 3086
73 3642
73 3654
73 3660
73 3809
73 3825
73 4181
73 4207
73 4270
73 4514
73 4769
73 5036
74 79
74 136
74 163
74 183
74 233
74 267
74 420
74 724
74 816
74 916
74 1021
74 1243
74 1485
74 1622
74 1878
74 2013
74 2794
74 3093
74 3611
74 3924
74 3931
74 5095
75 108
75 115
75 134
75 186
75 489
75 578
75 612
75 630
75 789
75 885
75 1014
75 1091
75 1194
75 1501
75 1548
75 1803
75 2047
75 2190
75 2251
75 2290
75 2317
75 2336
75 2390
75 2461
75 3028
75 3189
75 3220
75 3559
75 3605
75 3714
75 3753
75 3769
75 3834
75 3863
75 4029
75 4154
75 4342
75 4371
75 4477
75 4586
75 4809
75 5070
76 126
76 259
76 290
76 514
76 547
76 615
76 834
76 936
76 1320
76 1359
76 1427
76 1475
76 1675
76 1937
76 1943
76 2074
76 2718
76 2737
76 3094
76 3125
76 3405
76 3558
76 3953
76 4090
76 4270
76 4337
77 100
77 298
77 308
77 463
77 493
77 553
77 747
77 1156
77 1787
77 1942
77 2271
77 2886
77 3788
77 4114
77 4486
77 4823
78 152
78 175
78 186
78 307
78 350
78 365
78 422
78 1020
78 1215
78 1325
78 2125
78 2437
78 3076
78 3254
79 95
79 150
79 245
79 370
79 447
79 457
79 677
79 1102
79 1131
79 1472
79 1866
79 1917
79 2255
79 2519
79 2616
79 2660
79 2674
79 2808
79 2816
79 2827
79 3723
79 3950
79 4154
79 4229
79 4542
79 4896
80 108
80 119
80 135
80 308
80 459
80 498
80 509
80 561
80 592
80 1205
80 1209
80 1240
80 1343
80 1466
80 1536
80 1879
80 2472
80 2626
80 2759
80 2773
80 2779
80 3072
80 3100
80 3141
80 3251
80 3887
80 3984
80 4474
80 4814
80 5009
80 5055
81 83
81 92
81 125
81 131
81 133
81 167
81 186
81 273
81 279
81 287
81 309
81 427
81 458
81 495
81 497
81 518
81 575
81 656
81 774
81 854
81 954
81 967
81 1094
81 1127
81 1206
81 1242
81 1441
81 1487
81 1595
81 1745
81 1835
81 2088
81 2152
81 2217
81 2247
81 2320
81 2572
81 2700
81 3025
81 3055
81 3305
81 3393
81 3692
81 4534
81 4789
82 217
82 324
82 494
82 600
82 682
82 856
82 1152
82 1220
82 1228
82 1413
82 2253
82 2404
82 3239
82 3276
82 3411
82 3593
82 4572
83 339
83 574
83 1262
83 1433
83 2748
83 3323
83 4661
83 4761
84 122
84 232
84 242
84 291
84 754
84 888
84 1068
84 1084
84 1132
84 1140
84 1690
84 1738
84 1771
84 2263
84 2637
84 3958
84 5095
85 94
85 138
85 245
85 272
85 275
85 306
85 416
85 565
85 622
85 962
85 1526
85 2043
85 2293
85 2346
85 2496
85 2685
85 2781
85 2924
85 2981
85 3520
85 4398
85 4413
85 4804
86 113
86 402
86 1263
86 1417
86 1662
86 2984
86 3569
86 3713
86 4181
87 135
87 324
87 425
87 682
87 1011
87 1434
87 1674
87 2105
87 2487
87 2860
87 3005
87 3099
87 3987
87 4835
88 121
88 294
88 387
88 843
88 1425
88 2781
88 4646
88 4681
88 4740
88 4972
89 128
89 144
89 163
89 223
89 257
89 726
89 782
89 848
89 1173
89 1772
89 1928
89 2072
89 2372
89 2420
89 2498
89 2609
89 2843
89 2977
89 3295
89 3471
89 3901
89 4038
89 4921
90 224
90 238
90 278
90 707
90 826
90 1112
90 1161
90 1425
90 1430
90 1441
90 1618
90 1649
90 1811
90 2052
90 2112
90 2118
90 2139
90 2159
90 3110
90 3936
90 3998
90 4053
90 4119
90 4289
90 4327
90 4821
91 428
91 721
91 1198
91 2319
92 266
92 360
92 473
92 491
92 576
92 1351
92 1696
92 2032
92 2533
92 2587
92 3291
93 111
93 117
93 3979
94 109
94 228
94 395
94 404
94 491
94 505
94 622
94 777
94 913
94 1024
94 1202
94 1361
94 1498
94 1668
94 2543
94 2829
94 2870
94 4770
95 687
95 3000
96 98
96 102
96 160
96 181
96 296
96 298
96 328
96 373
96 532
96 536
96 632
96 703
96 712
96 763
96 803
96 806
96 813
96 817
96 822
96 849
96 1064
96 1067
96 1103
96 1138
96 1167
96 1232
96 1277
96 1367
96 1591
96 1771
96 1841
96 1843
96 1872
96 2000
96 2002
96 2014
96 2029
96 2159
96 2282
96 2391
96 2497
96 2551
96 2681
96 2906
96 3169
96 3267
96 3321
96 3591
96 3629
96 3744
96 3745
96 4003
96 4084
96 4153
96 4445
96 4700
97 142
97 145
97 146
97 197
97 316
97 333
97 379
97 391
97 412
97 665
97 701
97 1112
97 1145
97 1231
97 1264
97 1275
97 1308
97 1420
97 1534
97 1579
97 1711
97 1746
97 2009
97 2153
97 2218
97 2304
97 2366
97 2533
97 2574
97 2621
97 2639
97 2700
97 2832
97 3092
97 3113
97 3151
97 3352
97 3552
97 4115
97 4441
97 4675
97 4695
97 4780
97 4827
97 4885
98 261
98 280
98 554
98 669
98 673
98 704
98 839
98 1575
98 1594
98 1597
98 1623
98 1654
98 1694
98 2093
98 2322
98 2393
98 2551
98 2576
98 2914
98 3052
98 3838
98 4951
99 146
99 154
99 157
99 161
99 246
99 261
99 299
99 302
99 324
99 340
99 397
99 431
99 454
99 472
99 538
99 543
99 598
99 623
99 672
99 733
99 741
99 766
99 855
99 880
99 888
99 890
99 932
99 955
99 1001
99 1102
99 1104
99 1138
99 1180
99 1181
99 1225
99 1263
99 1281
99 1330
99 1451
99 1481
99 1491
99 1532
99 1544
99 1572
99 1586
99 1649
99 1802
99 1896
99 1913
99 1961
99 1982
99 2014
99 2060
99 2216
99 2220
99 2226
99 2279
99 2356
99 2392
99 2481
99 2562
99 2582
99 2634
99 2697
99 2782
99 2792
99 2807
99 2820
99 2861
99 2923
99 2967
99 2978
99 3011
99 3036
99 3077
99 3094
99 3159
99 3169
99 3199
99 3230
99 3258
99 3274
99 3309
99 3349
99 3353
99 3439
99 3481
99 3540
99 3543
99 3584
99 3715
99 3723
99 3796
99 3801
99 3863
99 3875
99 4128
99 4142
99 4250
99 4314
99 4336
99 4443
99 4470
99 4479
99 4503
99 4511
99 4775
99 4841
99 4882
99 4893
99 5014
99 5042
99 5044
99 5066
99 5096
100 124
100 127
100 162
100 242
100 246
100 269
100 286
100 311
100 317
100 348
100 379
100 400
100 442
100 505
100 553
100 625
100 658
100 699
100 742
100 828
100 841
100 862
100 1063
100 1171
100 1262
100 1307
100 1373
100 1384
100 1549
100 1625
100 1665
100 1687
100 1826
100 1828
100 1921
100 1937
100 1989
100 1991
100 2055
100 2242
100 2360
100 2508
100 2527
100 2551
100 2614
100 2681
100 2698
100 2704
100 2838
100 2935
100 2977
100 3343
100 3404
100 3505
100 3563
100 3770
100 3836
100 3857
100 3884
100 4087
100 4144
100 4257
100 4425
100 4434
100 4589
100 4653
100 4680
100 4819
100 4848
101 109
101 114
101 155
101 249
101 315
101 337
101 418
101 437
101 458
101 554
101 637
101 646
101 744
101 782
101 959
101 1264
101 1268
101 1415
101 1428
101 1501
101 1569
101 1647
101 1756
101 1774
101 1776
101 1846
101 1948
101 2001
101 2027
101 2556
101 2691
101 2757
101 2843
101 2869
101 2982
101 3146
101 3307
101 3365
101 3516
101 3623
101 3628
101 3899
101 4001
101 4458
101 4661
101 4987
102 503
102 556
102 587
102 717
102 765
102 778
102 860
102 896
102 1144
102 1312
102 1329
102 1352
102 1657
102 1698
102 1702
102 1754
102 2591
102 2844
102 2942
102 3062
102 3292
102 3718
102 4087
102 4191
102 4525
102 4684
102 4888
102 5059
103 106
103 130
103 133
103 141
103 155
103 158
103 164
103 187
103 293
103 297
103 405
103 422
103 432
103 552
103 660
103 675
103 678
103 734
103 770
103 825
103 857
103 865
103 896
103 919
103 949
103 1041
103 1042
103 1105
103 1148
103 1160
103 1178
103 1183
103 1213
103 1311
103 1343
103 1349
103 1426
103 1550
103 1615
103 1623
103 1963
103 1966
103 1978
103 2012
103 2148
103 2191
103 2527
103 2549
103 2716
103 2727
103 2839
103 2872
103 3108
103 3437
103 3466
103 3619
103 3661
103 3933
103 3974
103 4028
103 4234
103 4252
103 4484
103 4490
103 4689
103 4703
103 4718
103 4721
103 4920
103 4930
104 173
104 203
104 220
104 252
104 345
104 354
104 388
104 508
104 627
104 672
104 691
104 749
104 865
104 878
104 951
104 1005
104 1087
104 1094
104 1181
104 1251
104 1367
104 1439
104 1653
104 1694
104 1724
104 1816
104 1854
104 1964
104 2081
104 2320
104 2434
104 2546
104 2559
104 2645
104 2882
104 3012
104 3240
104 3260
104 3316
104 3330
104 3488
104 3505
104 3527
104 3602
104 4008
104 4029
104 4108
104 4194
104 4247
104 4490
104 4517
104 4766
105 124
105 144
105 168
105 206
105 212
105 326
105 351
105 416
105 421
105 591
105 592
105 657
105 706
105 738
105 801
105 938
105 1008
105 1068
105 1272
105 1353
105 1438
105 1480
105 1518
105 1599
105 1639
105 1683
105 1777
105 1779
105 1808
105 2068
105 2089
105 2121
105 2126
105 2195
105 2372
105 2409
105 2516
105 2638
105 2703
105 2833
105 2841
105 2861
105 3096
105 3185
105 3315
105 3617
105 3693
105 3710
105 3799
105 3960
105 3964
105 3984
105 4272
105 4361
105 4483
105 4881
105 5018
106 133
106 139
106 202
106 383
106 443
106 475
106 528
106 570
106 609
106 635
106 885
106 1118
106 1144
106 1436
106 1514
106 1592
106 1595
106 1904
106 2036
106 2063
106 2151
106 2238
106 2789
106 3190
106 3354
106 3493
106 3827
106 3956
106 4053
106 4063
106 4087
106 4176
106 4179
106 4190
106 4746
106 4764
106 4771
106 4855
107 116
107 119
107 132
107 188
107 385
107 628
107 653
107 705
107 729
107 837
107 948
107 1032
107 1177
107 1194
107 1469
107 1537
107 1650
107 1684
107 2339
107 2438
107 2545
107 2583
107 2829
107 3091
107 3608
107 4081
107 4165
107 4214
107 4358
107 4525
107 4649
108 115
108 133
108 400
108 456
108 468
108 622
108 629
108 646
108 670
108 800
108 903
108 906
108 989
108 1118
108 1149
108 1187
108 1209
108 1267
108 1421
108 1453
108 1480
108 1533
108 1732
108 1822
108 2060
108 2557
108 2626
108 2782
108 2874
108 3071
108 4364
109 153
109 166
109 199
109 304
109 367
109 369
109 395
109 458
109 537
109 568
109 648
109 665
109 667
109 702
109 794
109 907
109 944
109 1139
109 1335
109 1686
109 1781
109 1843
109 1880
109 1962
109 2157
109 2210
109 2265
109 2301
109 2372
109 2390
109 2543
109 2551
109 2578
109 3120
109 3308
109 3788
109 4040
109 4383
109 4938
109 4987
110 201
110 252
110 683
110 877
110 1081
110 1088
110 1304
110 1399
110 1612
110 1631
110 1928
110 2719
111 117
111 130
111 218
111 379
111 480
111 659
111 722
111 740
111 743
111 1050
111 1253
111 1454
111 1794
111 1820
111 2168
111 2359
111 2941
111 3102
111 3197
111 3302
111 3462
111 3482
111 4082
112 211
112 310
112 463
112 541
112 606
112 634
112 772
112 908
112 931
112 991
112 1027
112 1049
112 1116
112 1733
112 2240
112 2544
112 2870
112 2886
112 3167
112 3371
112 3425
112 3727
112 3752
112 3834
113 266
113 595
113 629
113 900
113 1153
113 1188
113 1253
113 1428
113 2186
113 2984
113 3035
113 3146
113 3951
113 5080
114 201
114 357
114 371
114 424
114 484
114 634
114 752
114 847
114 1013
114 1268
114 1283
114 1329
114 1338
114 1452
114 1578
114 1632
114 2112
114 2159
114 2887
114 3339
114 3797
114 3812
114 3836
114 3909
114 3916
114 4387
115 121
115 806
115 876
115 968
115 1182
115 1296
115 1813
115 2672
115 3449
115 3590
115 4281
115 4856
116 142
116 147
116 289
116 345
116 391
116 465
116 537
116 858
116 877
116 1127
116 1469
116 1547
116 1989
116 2263
116 2387
116 2685
116 2688
116 2846
116 3145
116 3146
116 3892
116 4266
116 4556
116 4693
116 4877
117 125
117 156
117 412
117 1790
117 2128
117 2463
117 2638
117 2975
117 3014
117 3076
117 3124
117 4005
117 5015
117 5041
118 152
118 153
118 213
118 354
118 355
118 711
118 745
118 760
118 1340
118 1424
118 1482
118 1624
118 1671
118 1825
118 2202
118 2930
118 3171
118 3215
118 3775
118 4007
118 4559
119 335
119 525
119 538
119 871
119 927
119 1082
119 2394
119 2886
119 3543
119 3565
119 4081
119 4571
120 166
120 318
120 1251
120 1395
120 2241
120 2986
120 3913
120 4449
120 4850
121 323
121 378
121 731
121 968
121 1354
121 1479
121 1864
121 1930
121 2363
121 2624
121 2951
121 3086
121 3336
121 4283
121 4350
121 4707
122 149
122 232
122 434
122 2039
122 2592
122 4008
122 5095
123 150
123 292
123 316
123 490
123 1072
123 1185
123 1681
123 2209
123 2653
123 5087
124 229
124 317
124 426
124 1045
124 1093
124 1337
124 2004
124 3329
125 215
125 244
125 712
125 1397
125 2088
126 186
126 208
126 262
126 548
126 589
126 677
126 758
126 2065
126 2176
126 2633
126 2917
126 3030
126 3173
126 3190
126 3413
126 4982
127 263
127 270
127 561
127 582
127 699
127 1137
127 1167
127 2441
127 3132
127 4252
127 4585
127 4836
128 129
128 139
128 144
128 151
128 186
128 193
128 252
128 388
128 408
128 459
128 468
128 655
128 853
128 1108
128 1139
128 1182
128 1215
128 1230
128 1319
128 1325
128 1336
128 1355
128 1378
128 1435
128 1445
128 1534
128 1608
128 1684
128 1855
128 1862
128 2008
128 2033
128 2231
128 2252
128 2259
128 2309
128 2452
128 2453
128 2498
128 2641
128 2691
128 2948
128 3000
128 3061
128 3078
128 3109
128 3346
128 3458
128 3738
128 4065
128 4069
128 4146
128 4217
128 4596
128 4640
128 4705
128 4847
128 4980
128 5016
128 5025
128 5048
129 141
129 161
129 179
129 209
129 255
129 276
129 339
129 357
129 384
129 403
129 452
129 468
129 519
129 571
129 685
129 738
129 784
129 855
129 880
129 911
129 931
129 971
129 1057
129 1095
129 1355
129 1852
129 1861
129 1883
129 1950
129 2015
129 2131
129 2137
129 2256
129 2379
129 2588
129 2738
129 2792
129 2954
129 3287
129 3311
129 3564
129 3591
129 3669
129 4033
129 4080
129 4415
129 4445
129 4652
129 4910
129 4926
129 4937
130 165
130 196
130 316
130 325
130 327
130 394
130 522
130 722
130 795
130 937
130 1048
130 1105
130 1183
130 1210
130 1213
130 1387
130 1617
130 1638
130 1670
130 1689
130 1692
130 1700
130 1701
130 1742
130 1762
130 1826
130 1837
130 1938
130 1955
130 2199
130 2212
130 2391
130 2553
130 2704
130 2856
130 2872
130 3168
130 3211
130 3257
130 3522
130 3792
130 3818
130 3914
130 3969
130 4020
130 4042
130 4125
130 4301
130 4478
130 4512
130 4632
130 4650
130 4901
130 5026
131 147
131 158
131 206
131 282
131 323
131 357
131 375
131 497
131 600
131 977
131 984
131 1041
131 1340
131 1460
131 1687
131 1745
131 2343
131 2660
131 2913
131 3172
131 3238
131 3511
131 3523
131 3606
131 3690
131 3879
131 3925
131 4939
131 5052
132 148
132 268
132 282
132 556
132 723
132 1236
132 1370
132 1996
132 2162
132 2213
132 2250
132 2305
132 2414
132 2460
132 2798
132 2889
132 3033
132 3115
132 3303
132 3800
132 4180
132 4392
132 4649
133 155
133 277
133 309
133 386
133 510
133 562
133 930
133 1160
133 1228
133 1416
133 1660
133 1943
133 2335
133 2483
133 2502
133 2867
133 3443
133 3827
133 3851
133 3863
133 4053
133 4689
133 4975
134 311
134 342
134 649
134 675
134 901
134 1108
134 2230
134 2582
134 2586
134 2602
134 2778
134 3376
134 3605
134 3616
134 3961
134 4036
134 4616
134 4622
134 4707
135 211
135 310
135 423
135 650
135 752
135 1161
135 1198
135 1240
135 1398
135 1434
135 1720
135 2266
135 2544
135 2727
135 2991
135 3001
135 3278
135 3468
135 3941
135 3991
135 3996
135 4615
135 4835
136 202
136 234
136 267
136 327
136 455
136 489
136 507
136 776
136 803
136 938
136 1025
136 1411
136 1485
136 1606
136 1647
136 1820
136 1889
136 1921
136 2113
136 2130
136 2237
136 3020
136 3680
136 3927
136 4081
136 4854
137 163
137 166
137 177
137 190
137 209
137 237
137 243
137 253
137 304
137 342
137 360
137 374
137 486
137 529
137 580
137 590
137 679
137 793
137 808
137 1017
137 1060
137 1194
137 1428
137 1529
137 1557
137 1631
137 1645
137 1786
137 1803
137 1904
137 1943
137 1981
137 1995
137 2096
137 2105
137 2110
137 2132
137 2280
137 2455
137 2969
137 3013
137 3054
137 3246
137 3382
137 3577
137 3696
137 3746
137 3965
137 4108
137 4261
137 4507
137 4516
138 373
138 720
138 965
138 1797
138 1896
138 2178
138 2816
138 4974
139 280
139 309
139 407
139 570
139 809
139 1319
139 1375
139 1685
139 1769
139 1770
139 2412
139 2706
139 3042
139 3310
139 3313
139 4508
139 4542
139 4807
139 4843
139 5057
140 148
140 154
140 165
140 201
140 291
140 334
140 405
140 540
140 614
140 619
140 644
140 662
140 697
140 700
140 741
140 925
140 1233
140 1267
140 1288
140 1390
140 1393
140 1450
140 1799
140 2007
140 2017
140 2032
140 2503
140 3203
140 3221
140 3228
140 3436
140 3997
140 4385
140 4413
141 180
141 288
141 372
141 784
141 830
141 1176
141 1268
141 1274
141 1363
141 1878
141 1910
141 2133
141 2256
141 2765
141 2854
141 3634
141 4094
141 4242
141 4409
142 153
142 168
142 199
142 206
142 263
142 309
142 333
142 391
142 425
142 481
142 642
142 660
142 796
142 959
142 1090
142 1362
142 1398
142 1482
142 1607
142 1640
142 1716
142 1814
142 2018
142 2236
142 2246
142 2429
142 2437
142 2485
142 2542
142 2786
142 2800
142 2954
142 2972
142 2998
142 3070
142 3162
142 3642
142 4044
142 4214
142 4977
142 5027
142 5040
143 168
143 173
143 178
143 183
143 189
143 404
143 527
143 642
143 736
143 907
143 1206
143 1558
143 1632
143 1663
143 1897
143 2268
143 4531
144 193
144 218
144 249
144 279
144 650
144 655
144 893
144 922
144 1008
144 1063
144 2288
144 2912
144 3432
144 3947
144 4488
145 189
145 309
145 368
145 777
145 956
145 1001
145 1083
145 1874
145 2099
145 2376
145 2430
145 3030
145 3314
145 3352
145 3844
145 4097
145 4214
145 4885
146 227
146 663
146 887
146 1038
146 1085
146 1313
146 1693
146 1860
146 1997
146 2523
146 2603
146 4879
147 250
147 375
147 1727
147 1876
147 1922
147 2077
147 3486
147 3864
147 4912
148 165
148 216
148 238
148 363
148 385
148 511
148 521
148 558
148 1054
148 1078
148 1253
148 1257
148 1288
148 1301
148 1370
148 1468
148 1758
148 2326
148 2405
148 2555
148 3017
148 3115
148 3193
148 4069
149 150
149 203
149 204
149 269
149 415
149 581
149 584
149 657
149 909
149 968
149 1129
149 1135
149 1435
149 1470
149 1573
149 1737
149 1745
149 1796
149 1960
149 2548
149 2677
149 2735
149 2877
149 2898
149 3197
149 3329
149 3407
149 3737
149 3945
149 4153
149 4165
149 4312
149 4401
149 4617
149 4669
149 4672
149 4792
150 160
150 1056
150 1797
150 2120
151 293
151 436
151 459
151 567
151 851
151 884
151 925
151 1442
151 1564
151 1998
151 2259
151 2388
151 2948
151 3204
151 3617
151 3725
151 4054
151 4055
151 4459
151 4745
152 217
152 280
152 334
152 593
152 1530
152 1641
152 1935
152 2503
152 3252
152 3730
152 3911
152 4095
153 354
153 369
153 391
153 1482
153 1686
153 2190
153 2606
153 5003
154 257
154 346
154 406
154 513
154 648
154 821
154 831
154 1163
154 1457
154 1530
154 1863
154 2456
154 2508
154 3644
154 3855
154 4723
155 197
155 237
155 374
155 825
155 834
155 966
155 1186
155 1335
155 1586
155 1807
155 2027
155 2685
155 2723
155 3833
155 4557
156 216
156 235
156 273
156 285
156 566
156 592
156 788
156 980
156 1286
156 1454
156 1596
156 2990
156 3784
156 4158
157 170
157 179
157 226
157 263
157 270
157 953
157 966
157 1194
157 1583
157 1623
157 1834
157 2228
157 2939
157 3120
157 3208
157 3256
157 3448
157 4503
158 428
158 1014
158 2431
158 2845
158 3961
158 4273
159 212
159 336
159 443
159 449
159 516
159 632
159 850
159 3724
160 313
160 424
160 667
160 735
160 1056
160 1126
160 1133
160 1578
160 2203
160 2205
160 2677
160 2738
160 2757
160 2803
160 2807
160 3025
160 3479
160 3527
160 4893
161 162
161 175
161 215
161 219
161 222
161 232
161 252
161 276
161 282
161 295
161 299
161 302
161 344
161 384
161 416
161 486
161 542
161 565
161 672
161 737
161 838
161 855
161 899
161 988
161 1120
161 1184
161 1256
161 1261
161 1340
161 1507
161 1553
161 1596
161 1627
161 1705
161 1732
161 1734
161 1747
161 1757
161 2161
161 2335
161 2342
161 2347
161 2368
161 2504
161 2551
161 2562
161 2570
161 2660
161 2757
161 3069
161 3400
161 3506
161 3837
161 3919
161 3935
161 3941
161 4036
161 4086
161 4107
161 4275
161 4279
161 4388
161 4509
161 4880
161 4938
161 4956
161 4990
161 5046
162 273
162 317
162 553
162 714
162 717
162 973
162 1405
162 1518
162 2055
162 2135
162 2648
162 4095
162 4434
162 4546
163 207
163 209
163 300
163 331
163 481
163 841
163 1559
163 1568
163 1577
163 1634
163 1670
163 1731
163 1786
163 2072
163 2189
163 2290
163 2295
163 2347
163 2732
163 2942
163 2976
163 3022
163 3189
163 3531
163 3839
163 3906
163 3937
163 4231
163 4323
163 4386
164 187
164 221
164 678
164 798
164 840
164 943
164 1041
164 1359
164 1382
164 1396
164 1565
164 1568
164 1615
164 1630
164 1750
164 1965
164 2002
164 2106
164 2145
164 2154
164 2335
164 2515
164 2642
164 2929
164 3101
164 3379
164 3460
164 3555
164 3722
164 3842
164 3962
164 3990
164 4122
164 4128
164 4397
164 4431
164 4469
164 4658
164 4929
165 394
165 526
165 540
165 564
165 613
165 856
165 904
165 993
165 1216
165 1257
165 1741
165 1755
165 2205
165 2711
165 2900
165 4935
165 4991
165 5057
166 177
166 209
166 239
166 278
166 298
166 318
166 320
166 665
166 708
166 810
166 1134
166 2030
166 2294
166 2732
166 2842
166 3152
166 3694
166 4333
167 174
167 212
167 232
167 253
167 389
167 609
167 613
167 614
167 709
167 875
167 958
167 1130
167 1270
167 1276
167 1334
167 1351
167 1412
167 1414
167 1437
167 1458
167 1462
167 1509
167 1659
167 1763
167 1777
167 1795
167 1941
167 2095
167 2118
167 2344
167 2417
167 2488
167 2497
167 2514
167 2525
167 2592
167 2635
167 2752
167 2772
167 2850
167 2958
167 3065
167 3143
167 3161
167 3175
167 3201
167 3297
167 3301
167 3442
167 4261
167 4731
167 5041
168 182
168 453
168 626
168 642
168 681
168 726
168 792
168 1086
168 1244
168 1262
168 1464
168 1620
168 1721
168 2111
168 2233
168 2261
168 2369
168 2384
168 2437
168 2507
168 3017
168 3191
168 3291
168 4021
168 4066
168 4182
168 4224
168 4382
168 4571
168 4616
168 5049
169 492
169 636
169 873
169 1078
169 1152
169 1582
169 1718
169 1740
169 2132
169 2307
169 2572
169 2821
169 2852
169 3736
169 3778
169 3803
169 4390
169 4422
169 4983
170 226
170 236
170 480
170 484
170 582
170 737
170 740
170 990
170 1011
170 1125
170 1246
170 1803
170 2124
170 2754
170 3835
170 3895
170 4952
171 176
171 194
171 222
171 432
171 440
171 615
171 630
171 705
171 813
171 832
171 905
171 1251
171 1286
171 1463
171 1648
171 1667
171 1990
171 2471
171 2751
171 2774
171 2842
171 3225
171 3575
171 3661
171 3857
171 4213
171 4334
171 4395
171 4782
171 4918
171 4979
172 207
172 231
172 328
172 403
172 506
172 578
172 616
172 828
172 844
172 918
172 1029
172 1278
172 1289
172 1344
172 1471
172 1703
172 1756
172 2419
172 2927
172 3079
172 3597
172 3612
172 3679
172 3978
172 4189
172 4318
172 4561
172 4634
172 4777
172 4867
173 200
173 218
173 736
173 749
173 789
173 793
173 1100
173 1512
173 1897
173 2209
173 2986
173 3504
173 3883
173 4055
173 4394
173 4462
173 5063
173 5071
174 462
174 531
174 609
174 666
174 671
174 728
174 945
174 1036
174 1060
174 1431
174 1464
174 1481
174 1998
174 2095
174 2105
174 2797
174 2825
174 2855
174 4544
174 4651
174 5014
174 5072
175 420
175 604
175 787
175 1018
175 1031
175 1309
175 1325
175 1412
175 1602
175 1897
175 1960
175 2018
175 2340
175 2470
175 2575
175 2942
175 3176
175 3592
175 3935
175 4984
176 208
176 410
176 524
176 562
176 572
176 658
176 848
176 1156
176 1186
176 1278
176 1593
176 1782
176 1848
176 1989
176 2695
176 2802
176 2842
176 3362
176 3959
176 4058
176 4325
177 296
177 326
177 358
177 519
177 529
177 556
177 671
177 690
177 1324
177 1522
177 1675
177 1736
177 1786
177 1911
177 1949
177 2427
177 3121
177 3207
177 3414
177 3471
177 3481
177 3639
177 3815
177 3912
177 4285
177 4523
177 4543
177 4603
177 5034
177 5090
178 210
178 274
178 442
178 528
178 1431
178 2284
178 2385
178 2789
178 3273
178 3723
178 4269
179 191
179 319
179 473
179 484
179 485
179 513
179 604
179 638
179 829
179 961
179 1183
179 1748
179 2035
179 2124
179 2165
179 2484
179 2493
179 2733
179 3674
179 4166
179 4193
179 4368
179 4545
179 4561
179 4716
179 4767
179 4845
180 545
180 658
180 914
180 1121
180 1146
180 1393
180 1431
180 1531
180 1753
180 2341
180 3503
180 3553
180 4915
181 434
181 457
181 664
181 795
181 822
181 1707
181 1771
181 1876
181 1949
181 1973
181 2129
181 2149
181 2728
181 2805
181 3184
181 3377
181 4279
181 4899
182 248
182 326
182 337
182 350
182 375
182 411
182 443
182 493
182 863
182 904
182 1192
182 1262
182 1301
182 1508
182 1553
182 2304
182 2734
182 2873
182 2880
182 3503
182 3849
182 3961
182 4152
182 4175
182 4441
182 4621
183 621
183 637
183 724
183 923
183 1391
183 1740
183 2090
183 2699
183 3890
184 204
184 487
184 488
184 975
184 1075
184 2133
185 198
185 223
185 313
185 353
185 581
185 970
185 1377
185 2745
185 4891
185 5079
186 350
186 388
186 603
186 1084
186 1984
186 4154
187 297
187 378
187 893
187 1020
187 1022
187 1290
187 1349
187 1442
187 1978
187 2273
187 2481
187 3042
187 3092
187 4366
188 248
188 278
188 601
188 1817
188 2686
188 2958
188 3123
188 3754
188 4604
189 477
189 1525
189 1530
189 1968
189 3314
190 334
190 750
190 1995
190 3966
190 4849
191 3966
192 195
192 214
192 241
192 249
192 261
192 322
192 1104
192 1117
192 1234
192 1235
192 1314
192 1335
192 1572
192 1625
192 1719
192 1819
192 1909
192 2087
192 2263
192 2545
192 2821
192 2980
192 3772
192 3904
192 4197
192 4204
192 4283
192 4359
192 4416
192 4475
192 4496
192 4621
192 4830
192 4974
193 197
193 229
193 231
193 574
193 620
193 662
193 715
193 721
193 922
193 966
193 1006
193 1114
193 1157
193 1266
193 1377
193 1438
193 1502
193 1759
193 1906
193 2261
193 2510
193 2597
193 2677
193 2707
193 3181
193 3259
193 3370
193 4217
193 4365
193 4596
194 196
194 204
194 244
194 329
194 336
194 364
194 390
194 440
194 461
194 757
194 779
194 897
194 932
194 1044
194 1072
194 1132
194 1174
194 1326
194 1462
194 1500
194 1503
194 1510
194 1648
194 1890
194 1931
194 1947
194 2499
194 2508
194 2520
194 2678
194 2880
194 3244
194 3281
194 3298
194 3522
194 3574
194 3575
194 3988
194 4074
194 4236
194 4602
194 4682
194 4799
194 4901
194 4939
195 214
195 241
195 242
195 244
195 254
195 322
195 344
195 467
195 468
195 499
195 504
195 586
195 706
195 712
195 716
195 743
195 762
195 769
195 955
195 1007
195 1039
195 1151
195 1199
195 1235
195 1322
195 1360
195 1420
195 1621
195 1769
195 1863
195 1954
195 2203
195 2296
195 2410
195 2520
195 2590
195 2601
195 3034
195 3038
195 3095
195 3251
195 3372
195 3474
195 3491
195 3583
195 3631
195 3824
195 3903
195 3944
195 4320
195 4323
195 4738
196 211
196 306
196 310
196 329
196 353
196 489
196 560
196 587
196 622
196 919
196 959
196 1008
196 1016
196 1039
196 1076
196 1239
196 1337
196 1383
196 1562
196 1842
196 1895
196 2113
196 2150
196 2195
196 2395
196 2916
196 2969
196 3177
196 3217
196 3492
196 3502
196 3793
196 4125
196 4220
196 4486
196 4611
197 205
197 220
197 302
197 339
197 423
197 517
197 595
197 732
197 753
197 817
197 872
197 976
197 1122
197 1165
197 1247
197 1303
197 1325
197 1420
197 1454
197 1459
197 2036
197 2048
197 2380
197 2444
197 2597
197 2674
197 2678
197 2744
197 3149
197 3367
197 3791
197 4190
197 4560
197 4646
197 4650
197 4878
197 4902
198 288
198 348
198 383
198 389
198 414
198 739
198 1002
198 1006
198 1556
198 1563
198 1730
198 1801
198 1832
198 1882
198 1968
198 2254
198 2272
198 2286
198 2287
198 2506
198 2608
198 2917
198 3146
198 3717
198 3783
198 3786
198 4162
198 4266
198 4696
198 5078
199 200
199 271
199 301
199 333
199 389
199 438
199 452
199 568
199 722
199 826
199 868
199 997
199 1090
199 1146
199 1433
199 1610
199 1818
199 1873
199 1999
199 2077
199 2439
199 2627
199 2979
199 3281
199 3480
199 4208
199 4227
199 4728
199 4854
199 4899
199 4970
199 5084
200 271
200 331
200 555
200 789
200 962
200 1019
200 1228
200 1512
200 1599
200 1667
200 1677
200 1735
200 1791
200 2141
200 2230
200 2439
200 2550
200 2662
200 2669
200 2680
200 2776
200 3361
200 3408
200 3476
200 3487
200 3603
200 4024
200 4114
200 4234
200 4829
200 4935
201 246
201 413
201 444
201 476
201 613
201 703
201 870
201 999
201 1268
201 1321
201 1406
201 1975
201 2813
201 2934
201 2959
201 3334
201 3594
201 3640
201 3978
202 434
202 602
202 938
202 958
202 1144
202 1699
202 2328
202 2378
202 2702
202 2910
202 3410
202 3545
202 4424
202 4895
203 388
203 442
203 475
203 488
203 508
203 623
203 963
203 1011
203 1055
203 1309
203 1571
203 1680
203 1763
203 1863
203 1877
203 1930
203 2069
203 2155
203 2418
203 2636
203 2818
203 3228
203 3240
203 3272
203 3275
203 3934
203 3947
203 4066
203 4224
203 4265
203 4366
203 4493
203 4757
203 4880
204 276
204 329
204 332
204 386
204 581
204 598
204 738
204 827
204 888
204 909
204 972
204 1010
204 1075
204 1115
204 1266
204 1292
204 1587
204 1768
204 1827
204 1861
204 1897
204 2412
204 2479
204 2677
204 2898
204 2901
204 3286
204 3938
204 4369
204 4461
204 4598
204 4647
204 4777
204 4951
204 5095
205 501
205 863
205 1252
205 1258
205 1459
205 1703
205 2069
205 2162
205 2198
205 2885
205 4344
205 4404
205 4414
206 327
206 389
206 433
206 767
206 810
206 1554
206 1645
206 2194
206 2343
206 2774
206 4437
207 272
207 380
207 401
207 418
207 477
207 506
207 703
207 1222
207 1382
207 1440
207 1626
207 1670
207 1809
207 2146
207 2188
207 2263
207 2277
207 2637
207 2873
207 3043
207 3161
207 3581
207 4033
207 4528
207 4875
208 341
208 351
208 400
208 410
208 520
208 550
208 650
208 743
208 758
208 826
208 836
208 983
208 1004
208 1201
208 1204
208 1288
208 1339
208 1357
208 1389
208 1474
208 2124
208 2790
208 4230
208 5045
209 320
209 342
209 343
209 382
209 481
209 558
209 579
209 760
209 920
209 965
209 1064
209 1338
209 1487
209 1520
209 1651
209 1652
209 1662
209 1692
209 1739
209 1804
209 1859
209 1870
209 2030
209 2261
209 3180
209 3369
209 4095
209 4658
209 4783
209 4826
209 4988
210 319
210 341
210 479
210 636
210 643
210 755
210 782
210 852
210 1139
210 1142
210 1295
210 1315
210 1400
210 1461
210 1723
210 1726
210 1812
210 2084
210 2089
210 2223
210 2341
210 2450
210 2464
210 2623
210 2712
210 2878
210 2920
210 3150
210 4498
211 289
211 324
211 374
211 409
211 608
211 617
211 680
211 945
211 1022
211 1150
211 1162
211 1407
211 1489
211 1680
211 1697
211 2064
211 2178
211 2288
211 2404
211 2421
211 2610
211 2770
211 2923
211 2969
211 3766
211 3908
211 4253
211 4583
211 4960
212 230
212 358
212 985
212 1097
212 1274
212 1441
212 1545
212 1576
212 1705
212 3011
212 3578
212 3901
212 4023
212 4280
212 4415
212 4873
212 4927
213 355
213 466
213 605
213 680
213 751
213 1598
213 1947
213 2192
213 2268
213 2744
213 3171
213 3176
213 3887
213 4691
213 4863
214 498
214 741
214 763
214 833
214 835
214 1154
214 1221
214 1438
214 1483
214 1837
214 2517
214 3524
214 3779
214 3877
214 4510
214 4972
215 265
215 824
215 1202
215 1320
215 3084
215 4807
215 4924
215 5046
216 300
216 558
216 663
216 711
216 1212
216 1814
216 3115
216 4619
217 347
217 475
217 670
217 1265
217 1485
217 2097
217 2398
217 2500
217 2580
217 2746
217 4035
217 5012
218 311
218 674
218 793
218 915
218 922
218 1059
218 1252
218 1757
218 1836
218 2067
218 2361
218 2963
218 3450
218 3497
218 3971
218 4184
219 234
219 798
219 821
219 886
219 953
219 2007
219 2595
219 3830
220 619
220 892
220 1195
220 1716
220 4902
221 968
221 1127
222 344
222 2348
222 2674
223 274
223 447
223 491
223 2143
223 2624
223 2745
223 2892
224 240
224 260
224 301
224 387
224 402
224 448
224 522
224 668
224 876
224 996
224 1022
224 1140
224 1210
224 1306
224 1392
224 1423
224 1441
224 1512
224 1990
224 2044
224 2102
224 2357
224 2457
224 2490
224 2843
224 2869
224 2936
224 3198
224 3354
224 3558
224 3998
224 4438
224 4685
224 4760
225 288
225 358
225 440
225 456
225 494
225 518
225 610
225 653
225 681
225 684
225 693
225 848
225 1169
225 1197
225 1259
225 1393
225 1404
225 1474
225 1566
225 1746
225 1770
225 2149
225 2152
225 2166
225 2238
225 2524
225 2533
225 2553
225 2632
225 2748
225 3237
225 3622
225 4022
225 4151
225 4497
225 4637
225 4934
225 4953
225 5040
226 236
226 365
226 366
226 382
226 397
226 504
226 571
226 590
226 605
226 640
226 725
226 737
226 863
226 1000
226 1019
226 1062
226 1069
226 1089
226 1143
226 1201
226 1641
226 1802
226 1854
226 2053
226 2211
226 2226
226 2228
226 2760
226 2983
226 3396
226 3500
226 3534
226 3986
226 4048
226 4625
227 231
227 349
227 372
227 415
227 485
227 535
227 578
227 754
227 764
227 817
227 842
227 883
227 958
227 1071
227 1085
227 1095
227 1203
227 1409
227 1452
227 1460
227 1563
227 1624
227 1656
227 1693
227 1753
227 1839
227 1877
227 1940
227 2046
227 2097
227 2101
227 2106
227 2140
227 2322
227 2335
227 2383
227 3031
227 3094
227 3110
227 3155
227 3236
227 3315
227 3422
227 3463
227 3513
227 3550
227 3582
227 3621
227 3632
227 4001
227 4002
227 4046
227 4061
227 4358
227 4620
227 4657
227 4725
227 4970
227 4985
227 5029
228 291
228 347
228 362
228 483
228 541
228 648
228 769
228 811
228 922
228 1373
228 1528
228 1552
228 1592
228 1593
228 1607
228 1717
228 1993
228 2059
228 2229
228 2281
228 2370
228 2454
228 2529
228 2691
228 2737
228 2818
228 2878
228 2887
228 2919
228 3026
228 3027
228 3195
228 3284
228 3360
228 3373
228 3407
228 3420
228 3665
228 3679
228 3829
228 3962
228 4032
228 4645
228 4791
228 4912
228 4919
228 5005
228 5015
229 254
229 269
229 412
229 486
229 513
229 714
229 808
229 883
229 948
229 973
229 994
229 1064
229 1174
229 1207
229 1311
229 1431
229 1558
229 1580
229 1765
229 1886
229 1952
229 2160
229 2177
229 2212
229 2400
229 2911
229 2947
229 3063
229 3329
229 3383
229 3440
229 3518
229 3746
229 3810
229 3909
229 3988
229 4041
229 4065
229 4507
229 4558
229 4576
229 4946
230 247
230 253
230 488
230 518
230 641
230 673
230 675
230 680
230 713
230 752
230 982
230 985
230 1097
230 1247
230 1318
230 2033
230 2117
230 2218
230 2258
230 2687
230 2718
230 2724
230 3011
230 3105
230 3454
230 3470
230 3681
230 3903
230 3981
230 4641
230 4993
230 5007
230 5066
231 325
231 346
231 348
231 366
231 415
231 574
231 578
231 631
231 938
231 1243
231 1344
231 1517
231 1974
231 2047
231 2070
231 2137
231 2583
231 2946
231 3015
231 3079
231 3259
231 3597
231 3876
231 3878
231 4339
231 4454
232 268
232 899
232 1276
232 1303
232 1726
232 2137
232 2310
232 2564
232 2592
232 2877
232 2887
232 4687
232 4990
232 5073
233 270
233 380
233 394
233 461
233 773
233 816
233 822
233 1004
233 1188
233 1329
233 1635
233 1709
233 1841
233 2219
233 2303
233 2310
233 2762
233 3321
233 3358
233 3456
233 3872
233 3913
233 4079
234 267
234 396
234 427
234 523
234 626
234 1324
234 2121
234 2185
234 2217
234 2357
234 2467
234 2474
234 3130
234 3309
234 3457
234 3479
234 3580
234 3879
234 4333
234 4433
234 4584
234 4967
235 762
235 780
235 1062
235 1900
235 2622
235 2853
235 2933
235 3232
235 3925
235 4023
235 4629
235 4869
236 245
236 264
236 294
236 341
236 725
236 783
236 801
236 1348
236 1497
236 1626
236 1796
236 2071
236 2211
236 2816
236 3165
236 3632
236 3666
236 3679
236 3900
236 4739
236 4866
237 251
237 275
237 486
237 793
237 922
237 1103
237 1390
237 1482
237 1490
237 1577
237 1681
237 1729
237 1744
237 1975
237 2452
237 2725
237 3164
237 3455
237 4265
238 460
238 601
238 940
238 1048
238 1671
238 1771
238 1933
238 2050
238 2244
238 2285
238 2399
238 3332
238 3461
238 3551
238 3563
238 3632
238 3650
238 3665
238 4186
238 4536
239 441
239 708
239 746
239 1282
239 3203
239 4387
240 260
240 274
240 281
240 284
240 417
240 485
240 548
240 644
240 1523
240 1626
240 2106
240 2147
240 2788
240 3000
240 3210
240 3821
240 4829
241 264
241 497
241 1023
241 3849
242 299
242 301
242 1059
242 1284
242 1345
242 1679
242 1700
242 2369
242 2426
242 2472
242 3019
242 3542
242 4843
243 256
243 498
243 599
243 640
243 912
243 998
243 1093
243 1165
243 2123
243 2353
243 2643
243 2756
243 2814
243 3214
243 3849
243 4243
243 4403
243 4493
243 4547
243 4853
243 4867
244 329
244 726
244 1281
244 1418
244 1605
244 1908
244 2289
245 256
245 821
245 1001
245 1070
245 1314
245 1797
245 2139
245 2144
245 2726
245 2816
245 3188
245 4098
245 4302
245 4601
245 4650
245 4660
245 4916
246 286
246 467
246 525
246 909
246 929
246 1134
246 1828
246 1863
246 2993
246 3309
246 3802
247 787
247 1224
247 1821
247 4681
248 375
248 727
248 1126
248 1604
248 2175
248 3041
248 3714
249 292
249 322
249 681
249 852
249 1021
249 2436
249 2631
249 2685
249 3843
250 279
250 281
250 864
250 1072
250 1369
250 1376
250 1617
250 1751
250 1922
250 2401
250 2446
250 3144
250 3401
250 3601
250 4505
251 257
251 295
251 866
251 1356
251 1386
251 1490
251 2435
251 2633
251 2701
251 3028
251 3901
251 4023
251 4918
251 4960
251 5028
252 263
252 543
252 1187
252 1249
252 1399
252 1595
252 1767
252 1807
252 1876
252 2241
252 2469
252 3148
252 3662
252 3697
252 3913
252 4517
252 4723
253 265
253 294
253 342
253 713
253 730
253 820
253 1017
253 1112
253 1985
253 2293
253 2850
253 3823
253 4200
253 4500
253 4595
253 4874
254 392
254 664
254 830
254 1987
254 2122
254 4017
254 5070
255 313
255 831
255 893
255 1057
255 3564
255 3791
256 259
256 362
256 414
256 445
256 599
256 640
256 842
256 861
256 944
256 998
256 1002
256 1034
256 1232
256 1272
256 1276
256 1439
256 1718
256 1742
256 2232
256 2244
256 2762
256 3033
256 3567
256 3574
256 3671
256 3681
256 3820
256 3849
256 3862
256 3897
256 4000
256 4077
256 4129
256 4193
256 4426
256 4493
256 4718
257 469
257 623
257 947
257 1153
257 1190
257 1457
257 1512
257 1585
257 1792
257 1799
257 1907
257 2057
257 3145
257 3231
257 3386
257 3489
257 3715
257 4155
257 4170
257 4304
257 4328
257 4766
258 288
258 292
258 305
258 314
258 348
258 426
258 456
258 499
258 539
258 565
258 568
258 577
258 639
258 734
258 760
258 814
258 822
258 884
258 1099
258 1315
258 1364
258 1384
258 1385
258 1504
258 1583
258 1635
258 1638
258 1687
258 1704
258 1757
258 1944
258 1985
258 2068
258 2093
258 2096
258 2428
258 2442
258 2472
258 2498
258 2527
258 2722
258 2780
258 2789
258 2885
258 2953
258 2988
258 3080
258 3150
258 3306
258 3435
258 3437
258 3716
258 3980
258 4111
258 4117
258 4195
258 4321
258 4437
258 4503
258 4679
258 4699
258 4788
258 4810
258 4826
259 293
259 381
259 562
259 615
259 887
259 1090
259 1395
259 1692
259 1932
259 1976
259 2256
259 2303
259 2439
259 4396
259 4850
259 4969
260 352
260 399
260 470
260 509
260 668
260 1196
260 1233
260 1248
260 1300
260 1392
260 1421
260 1423
260 1752
260 1842
260 1980
260 2052
260 2605
260 3727
260 4041
260 4487
260 4930
261 316
261 598
261 669
261 673
261 704
261 839
261 936
261 1015
261 1104
261 1164
261 1165
261 1180
261 1181
261 1298
261 1357
261 1476
261 1579
261 1607
261 1654
261 2038
261 2162
261 2173
261 2514
261 2542
261 2607
261 2795
261 2843
261 2866
261 2978
261 3348
261 3359
261 3503
261 3530
261 3745
261 3767
261 3834
261 3888
261 4015
261 4298
261 4475
261 4618
261 4637
261 4865
261 4945
262 338
262 380
262 406
262 413
262 419
262 430
262 453
262 514
262 637
262 692
262 736
262 975
262 980
262 1062
262 1106
262 1155
262 1290
262 1448
262 1628
262 1789
262 1893
262 1946
262 2028
262 2134
262 2364
262 2393
262 2456
262 2515
262 2549
262 2585
262 2698
262 2874
262 2891
262 2931
262 3062
262 3346
262 3407
262 3508
262 3599
262 4036
262 4341
262 4451
262 4638
262 5006
263 270
263 272
263 466
263 543
263 546
263 942
263 1010
263 1137
263 1686
263 2017
263 2364
263 2485
263 2679
263 3148
263 3346
263 3401
263 3961
263 4092
264 315
264 596
264 635
264 1321
264 1348
264 1633
264 1853
264 1966
264 2179
264 2267
264 2615
264 3163
264 4105
264 4147
264 4275
264 4751
264 4838
265 346
265 432
265 542
265 550
265 647
265 864
265 1010
265 2199
265 2443
265 3489
265 4216
265 4631
266 567
266 595
266 720
266 900
266 918
266 1369
266 1766
266 1865
266 2534
266 2678
266 3267
266 3384
266 3533
266 3547
266 4049
266 4361
267 368
267 396
267 420
267 523
267 768
267 803
267 814
267 815
267 911
267 1067
267 1239
267 1243
267 1247
267 1485
267 2003
267 2130
267 2475
267 3202
267 4007
267 4787
267 4957
268 929
268 941
269 304
269 356
269 469
269 689
269 868
269 993
269 1664
269 1992
269 2000
269 2060
269 2177
269 2559
269 4425
269 4622
269 5024
270 287
270 359
270 369
270 392
270 394
270 429
270 495
270 543
270 1058
270 1089
270 1224
270 1280
270 2663
270 2695
270 3057
270 3148
270 4328
270 4385
270 4911
270 4986
271 301
271 362
271 417
271 512
271 655
271 750
271 1005
271 1317
271 2221
271 3037
271 3089
271 3095
271 3257
271 3355
271 4133
271 4849
271 4903
272 331
272 546
272 564
272 655
272 710
272 736
272 775
272 792
272 870
272 1018
272 1241
272 1382
272 1977
272 2200
272 2863
272 2958
272 3029
272 3240
272 4039
272 4140
272 4773
273 304
273 372
273 489
273 585
273 788
273 1193
273 1244
273 1548
273 1904
273 1949
273 2082
273 2812
273 2822
273 3105
273 3139
273 3853
273 3890
273 4678
274 281
274 763
274 794
274 853
274 971
274 1022
274 2406
274 3166
274 4349
274 4828
275 277
275 327
275 364
275 1125
275 1648
275 3393
275 3771
275 3818
275 4341
276 300
276 1031
276 1073
276 1553
276 1644
276 1734
276 1747
276 2255
276 2356
276 3210
277 449
277 930
277 1264
277 2300
277 2938
277 2945
277 3667
277 5033
277 5049
278 3409
279 345
279 361
279 426
279 656
279 1460
280 407
280 774
280 1056
280 1084
280 1190
280 2182
280 2221
280 2308
280 2834
280 3100
280 3164
280 3170
280 3313
280 4498
281 305
281 355
281 466
281 1046
281 1424
281 1447
281 3081
281 4231
281 4311
281 4603
282 1209
282 3579
282 3860
282 4013
283 502
283 728
283 3429
283 3496
283 4311
284 290
284 311
284 534
284 567
284 1166
284 1981
284 4617
285 679
285 1007
285 1378
285 2643
285 4205
286 323
286 348
286 641
286 660
286 745
286 818
286 862
286 1606
286 1687
286 2071
286 3367
286 4024
286 4373
286 4694
287 557
287 568
287 1024
287 2945
287 4986
288 314
288 368
288 376
288 417
288 450
288 610
288 634
288 682
288 684
288 727
288 1100
288 1119
288 1236
288 1268
288 1411
288 1709
288 1872
288 2169
288 2240
288 2406
288 3018
288 3241
288 3319
288 3511
288 3798
288 3922
288 4160
288 4535
288 4679
288 4958
288 5077
289 608
289 698
289 858
289 1298
289 1523
289 1695
289 1725
289 1847
289 2104
289 2226
289 2655
289 2978
289 3047
289 3427
289 4099
289 4355
289 4582
289 5075
290 451
290 510
290 527
290 649
290 693
290 1066
290 1166
290 1305
290 1527
290 1573
290 1729
290 2041
290 2086
290 2099
290 2195
290 2490
290 2554
290 2684
290 2994
290 3208
290 3212
290 3484
290 3773
290 4237
290 4316
290 4805
291 457
291 515
291 700
291 790
291 911
291 1690
291 1887
291 1916
291 2013
291 2208
291 2255
291 2364
291 2450
291 2818
291 3052
291 3158
291 3261
291 3513
291 3534
291 4373
291 4377
292 317
292 397
292 474
292 490
292 943
292 1185
292 1384
292 1392
292 1550
292 2276
292 2295
292 2424
292 2428
292 2523
292 3010
292 3088
292 3414
292 3521
292 3694
292 3970
292 4532
292 4942
292 4991
293 381
293 393
293 681
293 823
293 1263
293 1655
293 1673
293 1885
293 2518
293 2668
293 2983
293 2996
293 3038
293 3793
293 3947
293 4298
293 4693
294 462
294 624
294 887
294 1211
294 1761
294 1969
294 1988
294 2781
294 3093
294 3865
294 4252
294 4888
294 4994
295 330
295 482
295 778
295 818
295 1176
295 1260
295 3167
295 3665
295 4519
295 4646
295 4834
295 5064
296 532
296 671
296 712
296 1025
296 1142
296 1337
296 1376
296 1477
296 2102
296 2224
296 2427
296 2788
296 2809
296 3165
296 3594
296 3772
297 303
297 359
297 377
297 710
297 775
297 873
297 975
297 1290
297 1440
297 2098
297 2273
297 2604
297 2644
297 2710
297 2936
297 3434
297 3915
297 4239
297 5077
298 318
298 448
298 493
298 632
298 681
298 809
298 811
298 894
298 943
298 1200
298 1273
298 1367
298 1451
298 1540
298 1723
298 1859
298 1964
298 2085
298 2131
298 2133
298 2261
298 2322
298 2407
298 2581
298 2658
298 2684
298 2797
298 2896
298 2939
298 3500
298 3615
298 3784
298 4065
298 4274
298 4294
298 4390
298 4777
299 543
299 696
299 733
299 916
299 1470
299 2227
299 2504
299 2560
299 2965
299 3126
299 4336
299 4454
300 385
300 404
300 420
300 421
300 509
300 689
300 889
300 1156
300 1417
300 1496
300 1813
300 1814
300 1923
300 2151
300 2189
300 2709
300 2811
300 2950
300 3237
300 3424
300 3766
300 3770
300 3840
300 3902
300 4313
300 4440
300 4718
300 4885
300 5019
301 338
301 389
301 676
301 1140
301 1258
301 1594
301 1610
301 1812
301 2490
301 4854
302 384
302 569
302 753
302 872
302 1001
302 1225
302 1265
302 1451
302 1601
302 2024
302 2263
302 2504
302 2846
302 3350
302 3394
302 4422
302 4513
302 4534
303 1409
303 1802
303 1805
303 2590
303 3179
303 3215
303 3814
303 4156
303 4932
304 350
304 356
304 486
304 689
304 794
304 908
304 928
304 1043
304 1154
304 1445
304 2090
304 2105
304 2443
304 2468
304 2506
304 2535
304 2980
304 2994
304 4006
304 4199
304 4573
304 4593
304 4627
304 4668
305 321
305 343
305 791
305 1494
305 1583
305 2389
306 587
306 919
306 1111
306 1120
306 2216
306 2746
306 3096
306 3603
307 418
307 595
307 625
307 1397
307 1418
307 1957
307 2181
307 2313
307 2548
307 2820
307 3706
307 4293
307 4468
307 4784
308 371
308 435
308 482
308 568
308 593
308 655
308 702
308 754
308 1365
308 2248
308 2918
308 3153
308 3165
308 3895
308 4195
309 427
309 497
309 685
309 774
309 930
309 1032
309 1242
309 1292
309 1414
309 1920
309 1943
309 2335
309 3075
309 3170
309 3494
309 3880
309 3891
309 4868
310 399
310 580
310 616
310 911
310 2096
310 2560
310 2561
310 3216
310 3229
310 3599
311 340
311 674
311 771
311 1061
311 1350
311 1379
311 1497
311 1618
311 1798
311 1878
311 2042
311 2357
311 2361
311 3224
311 3435
311 3478
311 3517
311 3683
311 3750
311 3790
311 4192
311 4783
312 625
312 1170
312 1222
312 1370
312 4009
312 4367
312 4525
313 390
313 518
313 873
313 890
313 2489
313 4096
313 4774
314 376
314 410
314 450
314 536
314 1006
314 1379
314 1979
314 2084
314 2573
314 2708
314 3263
314 4518
314 4590
315 364
315 621
315 635
315 702
315 707
315 794
315 1167
315 1554
315 1969
315 2078
315 2172
315 2588
315 2731
316 390
316 1607
316 2074
316 3387
317 881
317 1185
317 1422
317 1549
317 2090
317 3404
317 4740
317 5087
318 448
318 2116
319 1400
319 2003
319 3874
320 478
320 696
320 735
320 759
320 805
320 850
320 1152
320 1711
320 1739
320 2030
320 2089
320 2134
320 2179
320 2189
320 2384
320 2539
320 2599
320 2640
320 2741
320 2825
320 2828
320 2857
320 3104
320 3123
320 3328
320 4624
320 4628
320 4715
321 344
321 1410
321 1831
321 2600
321 2820
321 2971
321 3562
321 3712
321 4418
321 4625
321 4689
322 499
322 535
322 586
322 610
322 652
322 665
322 802
322 927
322 1101
322 1141
322 1146
322 1322
322 1347
322 1422
322 1449
322 1472
322 1621
322 2063
322 2168
322 2172
322 2302
322 2689
322 3051
322 3733
322 3999
322 4050
322 4280
322 4286
323 641
323 796
323 872
323 1479
323 1733
323 2071
323 2114
323 2347
323 2666
323 2670
323 3055
323 3086
323 3226
323 3692
323 4460
323 4773
324 476
324 523
324 682
324 1140
324 1162
324 1175
324 1215
324 1358
324 1473
324 1591
324 1717
324 2181
324 2530
324 2753
324 3091
324 3652
324 4090
324 4192
324 4623
325 346
325 585
325 947
325 1213
325 1638
325 1689
325 1938
325 1981
325 2507
325 2841
325 2876
325 3301
325 3359
325 3527
325 3533
325 3792
325 3811
325 3965
325 4175
325 4233
325 4373
325 4538
325 4838
325 5094
326 411
326 804
326 1179
326 1402
326 1600
326 2079
326 2285
326 2394
326 2580
326 2627
326 2734
326 2937
326 3122
326 3288
326 3327
326 3482
326 3490
326 3815
326 4548
327 3425
327 3818
327 4341
328 523
328 619
328 651
328 688
328 874
328 957
328 1646
328 1776
328 1879
328 2184
328 2495
328 3150
328 3556
328 4381
328 4634
328 4777
328 4840
328 4915
329 638
329 651
329 755
329 820
329 1076
329 1281
329 1326
329 1365
329 1436
329 1605
329 1927
329 2027
329 2346
329 2424
329 2517
329 2787
329 3508
329 3701
329 4523
329 4999
330 544
330 722
330 820
330 1021
330 1277
330 1560
330 1858
330 3248
330 4533
330 4829
330 4944
330 4977
331 457
331 502
331 721
331 864
331 1018
331 1180
331 1246
331 1279
331 1461
331 2050
331 2350
331 2355
331 2432
331 2446
331 2455
331 2916
331 3334
331 3520
331 3757
331 3839
331 4546
331 4552
331 4610
331 4751
331 4881
332 757
332 928
332 1114
332 1115
332 1128
332 1242
332 1362
332 1368
332 1589
332 1777
332 1818
332 1933
332 2119
332 2230
332 2464
332 3650
332 3762
332 3879
332 3928
332 3938
332 4112
332 4369
332 4430
332 4547
333 403
333 412
333 686
333 878
333 892
333 1145
333 1165
333 1608
333 1661
333 1855
333 2153
333 2329
333 3239
333 3752
333 4640
333 4970
334 405
334 1079
334 1233
334 1258
334 1472
334 1908
334 2202
334 2422
334 2910
334 3269
334 3328
334 3535
334 3617
334 3997
334 4011
335 747
335 891
335 1005
335 1570
335 1776
335 1930
335 2214
335 2464
335 2879
335 4347
335 4522
335 4589
335 4914
336 401
336 641
336 718
336 1013
336 2144
336 4164
336 4733
337 554
337 669
337 915
337 954
337 1356
337 1643
337 2016
337 3482
337 4066
337 4224
338 453
338 530
338 537
338 615
338 676
338 882
338 980
338 1120
338 1277
338 1295
338 1513
338 1836
338 1853
338 2120
338 2940
338 3209
338 3526
338 3873
338 4130
338 4891
339 357
339 423
339 1600
339 1870
339 2292
339 3009
339 3688
339 3978
339 4316
340 501
340 772
340 1256
340 1330
340 1350
340 1525
340 1543
340 1798
340 1873
340 1913
340 2015
340 2141
340 2288
340 2292
340 2465
340 2495
340 2748
340 3303
340 3311
340 3379
340 3961
340 3995
340 4434
340 4491
341 487
341 2348
341 2823
341 4202
342 965
342 1108
342 1557
342 1981
342 2096
342 2161
342 2171
342 2210
342 2721
342 2826
342 3477
342 4658
342 4753
343 382
343 580
343 686
343 802
343 913
343 1157
343 1292
343 1661
343 1770
343 2171
343 2188
343 2220
343 2269
343 2488
343 2965
343 3136
343 3819
343 4674
344 1410
344 1437
344 2831
345 402
345 429
345 921
345 951
345 1088
345 1489
345 1858
345 2546
345 3049
346 864
346 1101
346 1394
346 1530
346 3359
346 4011
346 4417
347 576
347 627
347 1958
347 2038
347 3161
348 414
348 1070
348 3270
348 4996
349 363
349 578
349 1164
349 1413
349 1663
349 2603
349 2657
349 2702
349 2866
349 3089
349 3886
350 487
350 603
350 729
350 1567
350 2906
350 3613
350 3894
350 3932
350 4555
351 400
351 2112
351 4365
352 381
352 409
352 470
352 496
352 602
352 767
352 1248
352 1388
352 1648
352 1749
352 1813
352 1944
352 2032
352 2073
352 2434
352 2895
352 3768
352 3854
352 3998
352 4184
352 4296
352 4487
352 4737
352 4903
353 506
353 694
353 820
353 1003
353 1016
353 1109
353 1218
353 1383
353 2031
353 2264
353 2643
353 2682
353 2739
353 4020
353 4085
354 456
354 749
354 1424
354 1515
354 2160
354 2337
354 2883
354 2914
354 2930
354 4632
354 4776
355 466
355 555
355 684
355 711
355 748
355 1107
355 1204
355 1374
355 1424
355 1844
355 1858
355 2008
355 2083
355 2148
355 2851
355 2862
355 3106
355 3507
355 3702
355 3934
355 3954
355 4067
355 4174
355 4318
355 4967
356 469
356 521
356 840
356 928
356 969
356 1293
356 1621
356 1662
356 1695
356 1846
356 2157
356 2333
356 2950
356 3285
356 3748
356 3762
356 4292
357 762
357 925
357 1013
357 1544
357 1810
357 1845
357 2095
357 3231
357 4227
357 4720
357 4926
358 636
358 834
358 1097
358 1522
358 1889
358 2163
358 2805
358 4137
358 4285
358 4780
359 369
359 377
359 739
359 785
359 827
359 878
359 1054
359 1074
359 1290
359 1331
359 1429
359 1558
359 1658
359 2569
359 2670
359 2720
359 2932
359 3202
359 3518
359 4323
359 4445
359 4931
360 463
360 783
360 1017
360 1312
360 1395
360 1581
360 1688
360 1787
360 1816
360 1881
360 1921
360 2312
360 2429
360 2620
360 2621
360 2730
360 2881
360 3156
360 3385
360 3711
360 3926
360 4237
360 4265
360 4677
360 4818
360 4950
361 392
361 424
361 463
361 704
361 1057
361 1419
361 2752
361 2891
361 3638
361 3673
361 3790
361 4143
361 4308
361 4532
361 4550
361 4834
361 5031
362 417
362 697
362 771
362 879
362 1539
362 1775
362 1816
362 1988
362 2193
362 2208
362 2647
362 3008
362 3568
362 3679
362 3703
362 4368
363 445
363 1256
363 1280
363 2719
363 3886
364 469
364 514
364 961
364 1003
364 1118
364 1128
364 1272
364 1280
364 1381
364 1580
364 1861
364 2262
364 2312
364 2552
364 2628
364 2703
364 2974
364 3247
364 3283
364 3406
364 3417
364 3719
364 4025
364 4093
364 4168
364 4296
364 4698
365 366
365 383
365 590
365 1119
365 1206
365 1327
365 1854
365 2173
365 2187
365 2228
365 2273
365 2300
365 2801
365 2964
365 3076
365 3848
365 4372
366 439
366 1188
366 1398
366 2098
366 2688
366 2760
366 2873
366 3230
366 3500
366 4489
366 4641
366 5023
367 551
367 633
367 728
367 831
367 940
367 1699
367 2006
367 2110
367 2223
367 2301
367 2566
367 3759
367 4147
368 376
368 430
368 1083
368 1765
368 1874
368 2351
368 3018
369 952
369 1466
369 2141
369 4094
370 402
370 519
370 1440
370 1574
370 2000
370 2329
370 2549
370 2926
370 2989
370 3304
370 4411
370 4896
371 559
371 907
371 2015
371 2412
371 2880
371 4404
372 535
372 587
372 960
372 1324
372 1666
372 2142
372 3001
372 3743
372 3853
372 4094
372 4276
372 4447
373 413
373 425
373 632
373 817
373 849
373 1314
373 1698
373 2277
373 2386
373 2596
373 3002
373 3264
373 4082
373 4703
373 4963
374 816
374 823
374 1061
374 1966
374 2100
374 2657
374 4584
374 4860
375 378
375 435
375 584
375 644
375 727
375 772
375 1332
375 4003
375 4019
376 575
376 697
376 796
376 809
376 906
376 1083
376 1273
376 3758
376 3967
377 1515
377 1518
377 1606
377 2670
377 3514
377 3771
377 4683
378 944
379 476
379 488
379 679
379 729
379 809
379 857
379 996
379 1390
379 1401
379 1596
379 2055
379 2941
379 3085
379 3886
380 709
380 773
380 829
380 894
380 1129
380 1130
380 1269
380 1523
380 1561
380 1726
380 2166
380 2415
380 2776
381 409
381 539
381 576
381 612
381 624
381 627
381 756
381 934
381 2608
381 3566
381 4089
381 4359
381 4958
382 640
382 913
382 1000
382 2259
382 2387
382 2891
382 3678
382 4670
384 423
384 565
384 569
384 596
384 737
384 785
384 1097
384 1100
384 1143
384 1214
384 1308
384 1415
384 1548
384 1932
384 2314
384 2354
384 2430
384 2445
384 2545
384 2548
384 2650
384 2834
384 2956
384 3499
384 3658
384 3769
384 3781
384 4068
385 511
385 525
385 635
385 689
385 747
385 748
385 912
385 948
385 1177
385 1204
385 1297
385 2097
385 3061
385 4011
385 4040
385 4124
385 4426
385 4645
385 4927
385 5018
386 529
386 738
386 1069
386 1403
386 1546
386 1655
386 1812
386 1962
386 2119
386 2315
386 2431
386 2457
386 2850
386 2872
386 3191
386 3468
386 3912
386 3950
386 4072
386 4117
386 4700
387 668
387 1028
387 1120
387 1505
387 1630
387 3481
388 446
388 518
388 749
388 764
388 790
388 1152
388 1191
388 1217
388 1220
388 1825
388 1902
388 1956
388 2491
388 2577
388 2996
388 3157
388 3313
388 3505
388 3560
388 3579
388 3808
388 3967
388 4124
388 4149
388 4201
388 5007
389 723
389 767
389 866
389 1006
389 1171
389 1334
389 1517
389 1554
389 1610
389 1617
389 1918
389 2439
389 2566
389 2979
389 3163
389 3411
389 3755
389 3805
389 3932
389 4227
389 4381
389 5072
390 449
390 566
390 1903
390 2713
390 2769
390 3236
390 4803
391 537
391 572
391 612
391 765
391 798
391 1145
391 1227
391 1374
391 1475
391 1741
391 1963
391 2254
391 2367
391 2387
391 2516
391 2579
391 2846
391 3065
391 3297
391 3642
391 3669
391 4127
391 4134
391 4310
391 4372
391 4704
391 5003
391 5042
392 495
392 1196
392 3720
392 4077
393 503
393 510
393 546
393 636
393 719
393 981
393 1135
393 1171
393 1678
393 2352
393 2995
393 3451
393 4510
393 5085
394 449
394 464
394 633
394 687
394 788
394 987
394 1211
394 1338
394 1944
394 2298
394 2422
394 2651
394 2998
394 3160
394 3209
394 3318
394 3528
394 3969
394 4360
395 445
395 550
395 777
395 1037
395 1115
395 1360
395 2281
395 2946
395 3027
395 4483
395 4533
396 572
396 1911
396 1954
396 3008
396 3490
396 3832
396 4181
397 538
397 557
397 571
397 661
397 834
397 873
397 955
397 1178
397 1209
397 1382
397 1457
397 1609
397 1638
397 1682
397 1908
397 1998
397 2654
397 3011
397 3169
397 3254
397 3564
397 3637
397 3798
397 3803
397 4374
397 4948
398 776
398 987
398 1242
398 1574
398 1641
398 1784
398 2165
398 2234
398 2532
398 3183
398 3220
398 3307
398 3591
398 3840
398 3861
398 4334
398 4336
399 405
399 549
399 910
399 978
399 1089
399 1111
399 1732
399 2583
399 2605
399 2686
399 3112
399 3466
399 3550
399 3727
399 4598
399 4804
399 4844
400 1046
400 1819
400 2060
400 2243
400 4614
401 654
401 1222
401 1349
402 550
402 596
402 729
402 1059
402 2114
402 2155
402 2326
402 2541
402 3269
402 3713
402 4181
402 4344
403 622
403 703
403 859
403 1199
403 1450
403 3708
404 429
404 513
404 923
405 661
405 680
405 978
405 1151
405 1265
405 1497
405 1908
405 1998
405 2909
405 3372
405 3659
405 4011
406 941
406 1113
406 1136
406 1307
406 1448
406 1895
406 2150
406 2391
406 2435
406 2985
407 952
407 1506
407 3307
408 588
408 846
408 1124
408 2001
408 2008
408 2057
408 2794
408 2948
408 3171
408 3405
408 4505
408 4707
408 4962
409 452
409 707
409 914
409 1112
409 3012
409 3139
410 588
410 654
410 1156
410 1216
410 1942
410 2057
410 2783
410 3616
410 3933
410 4440
411 435
411 621
411 812
411 846
411 923
411 967
411 1052
411 2158
411 2334
411 2715
411 3325
411 3327
411 3383
411 3821
411 3960
411 4223
411 4367
411 4489
411 4761
412 665
412 908
412 1790
412 3113
413 894
413 1061
413 1975
413 1988
414 496
414 1801
414 2023
414 2675
414 3040
414 3137
414 3717
414 3957
414 4074
414 4156
415 847
415 1344
415 1640
415 3031
415 3546
415 3931
416 591
416 2270
416 3185
416 3799
417 671
417 682
417 1235
417 1427
417 1500
417 1532
417 1563
417 1772
417 2221
417 2397
417 2438
417 3049
417 4079
417 4251
417 4816
417 5026
417 5074
417 5077
418 444
418 554
418 725
418 962
418 1026
418 1428
418 1644
418 1669
418 1683
418 1793
418 1810
418 1957
418 2079
418 2181
418 2277
418 2385
418 2835
418 2924
418 3050
418 3576
418 3704
418 3705
418 4006
418 4051
418 4187
418 4245
418 4284
418 4588
418 4679
418 4695
418 4839
419 637
419 1122
419 1346
419 1865
419 1934
419 3174
419 3205
419 3398
419 3618
419 4716
419 4749
419 4876
420 797
420 1053
420 1412
420 1493
420 1496
420 1558
420 2577
420 3472
420 3929
420 4324
420 4907
420 4984
421 1294
421 1487
421 3617
421 4462
421 4762
422 561
422 943
422 1381
422 1465
422 1973
422 3219
422 3910
422 4468
422 4920
422 4976
423 686
423 752
423 814
423 837
423 1015
423 1273
423 1661
423 1983
423 2349
423 2536
423 3424
423 3494
423 4446
424 641
424 957
424 1578
424 1632
424 2047
424 3128
424 4417
424 4532
424 4809
425 563
425 809
425 1432
425 1674
425 2365
425 3453
425 3628
425 3769
426 698
426 991
426 1093
426 1298
426 1423
426 1704
426 1757
426 2399
426 2428
426 2650
426 2862
426 3233
426 3317
426 3728
426 4065
427 747
427 777
427 806
427 837
427 874
427 903
427 1007
427 1276
427 1630
427 1701
427 1912
427 2185
427 2779
427 2781
427 2972
427 3187
427 3264
427 3675
427 3814
427 4281
427 4425
427 4485
427 4633
427 4961
427 5097
428 438
428 677
428 792
428 1014
428 1061
428 1351
428 2215
428 2222
428 2275
428 2318
428 3093
429 748
429 1059
429 1134
429 1155
429 1235
429 1560
429 1642
429 1936
429 2332
429 2573
429 2661
429 3116
429 3216
429 3378
429 3701
429 4441
430 2608
430 3936
430 4036
430 4289
431 640
431 672
431 708
431 1052
431 1168
431 1293
431 1535
431 1573
431 1790
431 1915
431 2408
431 2800
431 2825
431 2933
431 3005
431 3199
431 3499
431 4522
431 5033
432 666
432 919
432 920
432 974
432 1523
432 2283
432 2331
432 3135
432 4019
432 4631
432 4755
433 562
433 1250
433 1531
433 2528
434 839
434 1045
434 1162
434 1374
435 520
435 526
435 617
435 812
435 852
435 1423
435 2278
435 2513
435 2918
435 4069
436 972
436 1058
436 1678
436 2381
436 2425
436 2449
436 4605
437 482
437 805
437 925
437 1053
437 1178
437 2444
437 2637
437 2727
437 4156
438 539
438 600
438 782
438 4352
438 4376
438 4872
439 1000
439 2146
439 4900
439 4929
440 446
440 588
440 592
440 620
440 838
440 1044
440 1066
440 1123
440 1522
440 1603
440 1803
440 2146
440 2149
440 2190
440 3344
440 3923
440 4059
440 4236
441 790
441 2714
441 2902
441 4387
441 4938
442 607
442 695
442 734
442 956
442 982
442 1901
442 2278
442 2371
442 3404
442 3421
443 703
443 742
443 885
443 926
443 1411
443 1858
443 1881
443 1983
444 1471
444 1862
444 1957
444 2186
444 3566
444 4093
445 842
446 514
446 684
446 1063
446 3393
446 4405
447 642
447 854
447 1596
447 3190
448 805
448 876
448 1660
448 1731
448 2116
448 2306
448 2521
448 2741
448 4412
448 4469
448 4886
449 549
449 1261
449 1429
449 1611
449 2144
449 2552
449 2848
449 2928
449 3021
449 3636
449 3724
449 4327
450 472
450 573
450 657
450 662
450 711
450 981
450 1017
450 1159
450 1221
450 1531
450 1937
450 1971
450 1978
450 2156
450 2164
450 2274
450 2390
450 2475
450 2513
450 2578
450 2742
450 2859
450 3099
450 3521
450 3616
450 3785
450 3892
450 4002
450 4176
450 4214
450 4310
450 4429
450 4480
450 4487
450 4512
450 4581
450 4722
450 4906
451 555
451 597
451 845
451 1371
451 1474
451 1954
451 2039
451 2528
451 2671
451 2690
451 3255
451 3271
451 3856
451 4047
451 4137
451 4346
451 4678
451 4752
452 530
452 931
452 1055
452 1503
452 1552
452 1873
452 1945
452 2029
452 2199
452 2323
452 2937
452 3287
452 3392
452 4709
453 1201
453 1295
453 1334
453 1628
453 2044
453 3598
454 515
454 1094
454 1107
454 1913
454 2366
454 3633
454 4842
454 5062
455 471
455 500
455 507
455 590
455 776
455 785
455 874
455 1066
455 1509
455 1891
455 2107
455 2165
455 2270
455 2982
455 3102
455 3186
455 3624
455 3727
455 3764
455 5001
456 1062
456 2416
456 2425
456 2490
456 2704
456 2883
456 3015
456 3925
456 4016
457 461
457 573
457 597
457 611
457 618
457 664
457 677
457 773
457 1131
457 1414
457 1535
457 1636
457 1707
457 1887
457 1916
457 2129
457 2488
457 2566
457 2714
457 2793
457 2966
457 3048
457 3246
457 3523
457 3545
457 3785
457 3899
457 4724
458 1521
458 1756
458 1820
458 2265
458 2995
458 3134
458 3391
458 3913
458 4017
458 4753
459 468
459 517
459 744
459 969
459 1047
459 1182
459 1486
459 1919
459 2008
459 2163
459 2425
459 3032
459 3164
459 3267
459 3399
459 4459
460 564
460 631
460 652
460 744
460 939
460 1048
460 1087
460 1099
460 1261
460 1293
460 1778
460 2059
460 2110
460 2449
460 2576
460 2854
460 2856
460 3452
460 3551
460 3688
460 4218
461 664
461 771
461 804
461 897
461 932
461 1171
461 1229
461 1636
461 1679
461 2088
461 2370
461 2477
461 3269
461 3519
461 3768
461 4270
461 4784
461 4900
462 498
462 609
462 1060
462 1243
462 1764
462 2010
462 2271
462 2750
462 3280
462 3587
462 3774
462 4713
463 464
463 783
463 917
463 1564
463 1787
463 1917
463 2164
463 2538
463 2539
463 3056
463 3623
463 3638
463 3682
464 917
464 1076
464 1538
464 2477
464 2538
464 3318
464 4512
465 593
465 596
465 612
465 1012
465 1192
465 1203
465 1469
465 2910
465 3264
465 3436
465 3645
465 4266
465 4319
465 4803
466 481
466 916
466 1536
466 1733
466 1844
466 2107
466 2235
466 2988
466 3323
467 504
467 2716
469 734
469 942
469 1096
469 1153
469 1622
469 2809
469 3809
469 4516
470 1310
470 1749
470 2434
470 2448
471 522
471 875
471 1302
471 1411
471 1494
471 1891
471 2179
471 2280
471 2830
471 3292
471 3529
471 4238
471 4985
472 508
472 598
472 692
472 981
472 1149
472 1377
472 1782
472 3584
472 3636
472 3697
472 4785
472 4988
473 490
473 719
473 1696
473 2044
473 2111
474 645
474 1185
474 1526
474 2272
474 3475
474 4538
475 734
475 1571
475 2636
475 3288
475 4660
476 902
476 981
476 1381
476 1505
476 1651
476 2111
476 2239
476 3586
476 3944
476 4449
476 4940
477 1030
477 1163
477 1285
478 551
478 1064
478 1516
478 1712
478 1743
479 1508
479 1703
480 740
480 769
480 781
480 1039
480 1097
480 1238
480 1444
480 1619
480 1681
480 2049
480 2373
480 2444
480 2641
480 2747
480 3331
480 3462
480 3600
480 3811
480 3968
480 4350
480 4767
480 5075
481 500
481 773
481 953
481 1362
481 1480
481 3069
481 3117
481 3626
481 4593
481 4813
481 4917
482 559
482 697
482 907
482 925
482 1254
482 1388
482 1406
482 1432
482 1660
482 1722
482 2003
482 2145
482 2312
482 2521
482 2912
482 3167
482 3271
482 3389
482 3749
482 4024
482 4312
482 4380
482 4759
482 4787
483 992
483 1032
483 1294
483 1373
483 1524
483 1755
483 2242
483 4025
483 4123
484 513
484 582
484 964
484 1200
484 1225
484 2351
484 2593
484 4368
484 4501
484 4880
485 678
485 883
485 990
485 1600
485 1996
485 2106
485 2642
485 2652
485 2796
485 2949
485 3213
485 3290
485 3426
485 3499
485 3572
485 3825
485 3832
485 4177
486 808
486 873
486 970
486 1296
486 1597
486 1629
486 1975
486 2501
486 2798
486 3518
486 3679
486 3803
486 3905
486 4015
486 4206
486 4847
486 4946
487 1213
487 1622
487 3894
488 531
488 564
488 627
488 820
488 859
488 1068
488 1531
488 2014
488 2101
488 2618
488 2971
488 3382
488 3581
488 3782
488 3789
488 4078
488 4859
489 791
489 803
489 1169
489 1193
489 1548
489 1999
489 2290
489 2381
489 3134
489 3559
489 4778
489 4793
490 638
490 1950
490 2062
490 2659
490 3010
490 3021
490 3351
490 3357
490 3627
490 4199
490 4565
491 674
491 753
491 1054
491 1236
491 1510
491 1576
491 2845
491 3450
491 3955
492 869
492 882
492 964
492 1814
492 1904
492 2040
492 2597
492 4504
493 731
493 2146
493 2171
493 3114
494 579
494 1179
494 1354
494 1387
494 1543
494 1874
494 4194
495 1636
495 1910
495 2392
495 3948
496 654
496 679
496 1406
496 1449
496 1648
496 2601
496 3128
496 4805
497 827
497 984
497 1092
497 1725
497 2778
497 4227
497 5083
498 706
498 741
498 778
498 835
498 1060
498 1240
498 1882
498 2078
498 2648
498 2669
498 3204
498 3677
498 3804
498 4402
498 4416
498 4866
499 753
499 1926
499 3017
499 4551
500 3069
501 694
501 719
501 885
501 1593
501 2669
501 2748
501 3536
501 3821
501 4031
501 4261
501 4623
501 4846
501 4904
501 4971
502 967
503 1304
503 1510
503 1570
503 2615
503 2727
503 4099
504 716
504 1322
504 2378
504 2540
504 2997
504 4098
504 4572
504 4620
505 553
505 555
505 828
505 1384
505 1504
505 1793
505 2206
505 3303
505 3647
506 533
506 659
506 694
506 1809
506 2231
506 2297
506 3544
507 706
507 787
507 1223
507 1724
507 2113
507 2762
507 3550
507 3641
507 4012
507 4677
507 4762
508 692
508 1079
508 4760
508 5007
509 958
509 995
509 1240
509 1417
509 1783
509 2717
509 3007
509 4207
509 4549
510 527
510 695
510 860
510 1345
510 1859
510 1869
511 525
511 1101
511 1758
511 1934
512 1435
512 2311
512 2533
512 3562
512 4196
513 582
513 585
513 790
513 791
513 844
513 928
513 2562
513 2565
513 2782
513 3810
513 4193
514 723
514 834
514 913
514 2028
514 3119
514 4178
514 5019
515 544
515 700
515 898
515 933
515 936
515 1040
515 1363
515 1368
515 1462
515 1511
515 1542
515 1789
515 2052
515 2231
515 2297
515 2340
515 2876
515 2976
515 3173
515 3374
515 3527
515 3801
515 4467
515 4697
516 1547
516 1582
516 2025
516 2836
516 2943
517 599
517 800
517 899
517 1047
517 1062
517 1200
517 1249
517 1581
517 1609
517 2020
517 2041
517 2109
517 2679
517 2707
517 3032
517 3098
517 3654
517 3777
517 3919
517 3944
517 4048
517 4486
517 4774
518 675
518 957
518 1043
518 1368
518 1539
518 1746
518 2283
518 2525
518 2694
518 3014
518 3031
518 4073
518 4199
518 4765
518 4963
519 2015
519 2445
519 3235
519 3304
519 4814
520 879
520 1031
520 1193
520 1357
520 2402
520 2547
520 3140
520 3689
520 3747
520 4351
520 4961
521 1291
521 1316
521 1456
521 1556
521 1643
521 2500
521 2693
521 2744
521 2858
521 3065
521 3285
521 3554
521 4421
521 4444
521 4800
522 524
522 819
522 1210
522 1293
522 2179
522 2492
522 2569
522 2770
522 3078
522 3290
522 3732
522 4027
522 4862
523 563
523 1067
523 1109
523 1672
523 1715
523 1776
523 1959
523 2019
523 2036
523 2275
523 4007
523 4448
523 4786
523 4964
523 5093
524 528
524 562
524 720
524 757
524 1027
524 1566
524 1627
524 1676
524 2101
524 2492
524 2953
524 3001
524 3036
524 3630
525 929
525 1240
525 4124
526 618
526 1106
526 1323
526 1455
526 1715
526 1755
526 2513
527 695
527 985
527 1030
527 1109
527 1166
527 1285
527 1709
527 1952
527 2469
527 3371
527 4203
527 4237
527 4921
528 625
528 1207
528 1566
528 1773
528 2705
528 2789
528 4353
529 1116
529 1428
529 1655
529 2451
529 2911
529 3768
529 4507
530 616
530 812
530 947
530 1122
530 2325
530 2652
530 3213
530 3253
530 3268
530 3408
530 3549
530 4063
530 4527
530 4768
530 4770
531 728
531 1364
531 2589
531 2848
531 4032
531 4294
531 4371
531 4776
532 649
532 671
532 1025
532 1192
532 1376
532 1872
532 2192
532 2391
532 2972
532 4211
533 1488
533 1502
533 2339
533 2382
533 3454
533 4627
534 663
534 1825
534 2467
534 2617
534 2743
534 3125
534 3934
534 4105
535 560
535 652
535 712
535 1929
535 3224
535 4276
535 4513
535 4779
536 824
536 983
536 1077
536 1121
536 1138
536 1180
536 1320
536 4492
536 4908
537 1219
537 1547
537 3526
538 552
538 802
538 1103
538 1106
538 1178
538 2045
538 2097
538 2245
538 2505
538 2784
538 2955
538 3565
538 3613
538 3743
538 3983
539 574
539 577
539 1514
539 4537
540 1214
540 2051
540 2943
541 656
541 986
541 1275
541 3262
542 983
542 1269
542 1624
542 2208
542 2329
542 3673
542 3795
542 3958
542 4582
543 639
543 1280
543 1470
543 2364
543 4534
544 722
544 1023
544 1065
544 1208
544 1363
544 1462
544 1794
544 1833
544 1916
544 2296
544 2411
544 2639
544 2940
544 2973
544 3189
544 3211
544 3343
544 3583
544 3711
544 4363
544 4928
544 5031
545 939
545 946
545 1425
545 1726
545 2984
545 3364
546 2017
546 2518
546 2679
546 3451
546 3807
547 594
547 718
547 988
547 2074
547 2083
547 2473
547 3090
547 4335
547 4578
547 4697
548 558
548 909
548 1028
548 1381
548 1547
548 1969
548 2538
548 2646
548 2943
548 3215
548 3528
548 3746
548 3974
548 4300
548 4482
549 610
549 1112
549 1253
549 1871
549 2193
549 2545
549 2651
549 2796
549 2807
549 2928
549 2970
549 3127
549 3312
549 3336
549 3595
549 3644
549 3671
549 3944
549 4778
549 4908
550 758
550 838
550 1301
550 1743
550 1750
550 1880
550 2219
550 3422
550 3712
550 3859
550 4771
550 5043
551 633
551 658
551 701
551 852
551 880
551 1110
551 1189
551 1584
551 1643
551 1712
551 1730
551 1880
551 1905
551 2076
551 2088
551 2126
551 2294
551 2529
551 2680
551 2683
551 2724
551 3134
551 3214
551 3846
551 3993
551 4288
551 4463
551 4595
551 4709
551 5017
552 815
552 889
552 1025
552 1160
552 1415
552 2676
552 2941
552 3071
552 3515
552 3825
552 4424
553 611
553 687
553 1405
553 1452
553 1669
553 2271
553 2886
553 3378
553 3402
553 3638
553 3776
553 4087
553 4427
554 560
554 1270
554 1652
554 1847
554 1890
554 1919
554 2005
554 2295
554 2526
554 2610
554 3050
554 3426
554 3830
554 3847
554 4028
554 4457
554 4747
555 597
555 643
555 1677
555 1844
555 2550
555 2567
555 2888
555 2932
555 3937
555 4160
556 558
556 1304
556 1471
556 1588
556 1991
556 2037
556 2250
556 2446
556 3469
556 3805
556 4263
557 858
557 1209
557 2886
557 3931
557 3972
557 4253
557 4277
557 4608
558 1028
558 1102
558 1370
558 1592
558 1750
558 2037
558 2331
558 3115
558 4263
558 4407
558 4717
559 624
559 1291
559 1720
559 1785
559 2095
559 2799
559 3111
559 5000
560 566
560 576
560 591
560 696
560 1027
560 1123
560 2130
560 2395
560 2823
560 3265
560 3739
560 3784
560 3910
560 4446
560 4453
560 4580
560 4600
561 604
561 2081
561 2090
561 2639
561 4259
561 4881
562 887
562 1932
562 1989
562 2066
562 2152
562 3360
562 4267
563 1791
563 1953
563 2004
563 2365
563 2476
563 2558
563 2876
563 3188
563 3372
563 3421
563 4384
563 5045
564 3153
564 3844
565 606
565 869
565 877
565 1308
565 1437
565 1680
565 1827
565 2834
565 2926
565 4603
566 869
566 1857
566 3366
567 583
567 1560
567 3633
567 4049
568 1223
568 1870
568 2346
568 3170
568 3474
568 3838
568 4601
569 614
569 717
569 1245
569 1932
569 2289
569 2327
569 4470
569 4648
569 4941
571 955
572 1989
572 2408
572 3008
572 4219
573 1433
573 1840
573 2203
573 2433
573 3039
573 3195
574 1134
575 601
575 967
575 1739
575 1862
575 2330
576 624
576 627
576 696
576 974
576 1175
576 1631
576 1673
576 2024
576 2081
576 2516
576 3068
576 3109
576 3478
576 3734
576 3882
576 3910
576 4083
576 4114
576 4170
576 4191
576 5060
577 884
577 902
577 965
577 1685
577 1767
577 1890
577 3672
577 4537
578 631
578 647
578 1203
578 1225
578 1289
578 1565
578 1610
578 1737
578 1925
578 2511
578 2603
578 2723
578 3155
578 3326
578 3994
578 4189
578 4362
578 4833
579 668
579 1542
579 1578
579 1837
579 2020
579 2177
579 2242
579 2395
579 2543
579 2547
579 2630
579 2640
579 2801
579 3058
579 3183
579 3212
579 3374
579 4295
579 4763
580 676
580 715
580 781
580 1075
580 1389
580 1529
580 1673
580 2269
580 2708
580 3054
580 3073
580 3138
580 3218
580 3680
580 3686
580 3989
580 4230
580 4299
580 4514
581 634
581 754
581 924
581 1142
581 1851
581 2767
581 3179
581 4840
581 5079
582 607
582 791
582 881
582 1164
582 1400
582 1420
582 1559
582 1637
582 1646
582 1774
582 2141
582 2795
582 2810
582 2811
582 2871
582 3132
582 3279
582 3495
582 3604
582 3775
582 4238
582 4975
582 5084
583 932
583 1309
583 1825
583 1941
583 2662
583 3088
583 3463
583 4644
584 886
584 952
584 1137
584 1384
584 1504
584 1745
584 2423
584 2462
584 2483
584 2736
584 2957
584 3407
584 4108
584 4545
585 1400
585 1638
585 2507
585 2609
585 5094
586 1422
586 1951
586 3158
586 4414
586 4783
587 607
587 960
587 1066
587 1137
587 1324
587 1562
587 2421
587 3072
587 3106
587 3941
587 4255
587 4973
587 4979
587 4989
588 683
588 686
588 792
588 1364
588 1499
588 1580
588 1705
588 1872
588 2057
588 2151
588 2666
588 2709
588 3405
588 4948
588 4962
588 5035
589 1099
589 1288
589 1355
589 1743
589 1753
589 1792
589 1887
589 2065
589 2227
589 2362
589 2375
589 2461
589 2609
589 3166
589 3184
589 3193
589 3698
589 4140
589 4342
589 4792
589 5051
590 1305
590 1468
590 1557
590 2173
590 2327
590 2337
590 2377
590 2618
590 2897
590 3018
590 4113
591 802
591 1082
591 1086
591 1779
591 3446
591 3799
591 4136
591 4483
591 4855
592 776
592 1029
592 1343
592 1444
592 1793
592 1800
592 1835
592 4656
592 4938
593 661
593 2764
593 3324
593 4803
594 718
594 859
594 950
594 988
594 2083
594 2397
594 2619
594 2822
594 3064
594 3119
594 3306
594 3358
594 3359
594 3589
594 3976
594 3995
594 4638
594 4701
595 2646
595 2678
595 4019
595 4049
595 4273
595 4927
596 635
596 871
596 1197
596 2785
596 2997
596 4527
597 1131
597 1269
597 1535
597 1598
597 1707
597 2714
597 3331
597 3368
598 833
598 891
598 1961
598 2461
598 2732
598 2769
598 3045
598 3194
598 4637
599 670
599 912
599 1002
599 1276
599 1612
599 1955
599 2587
599 3932
600 1394
600 1888
601 843
601 1227
601 1671
601 2983
601 3766
601 3781
602 1124
602 1433
602 1640
602 1749
604 848
604 1772
604 2032
604 2649
605 626
605 2006
605 3850
605 4722
607 881
607 1335
607 4255
608 1354
608 1847
608 2265
608 2655
608 3004
608 4034
608 4253
608 4522
608 5026
609 1046
609 4176
609 4544
610 634
610 927
610 1404
610 1579
610 2168
610 2970
610 3127
610 3541
610 4160
611 660
611 687
611 700
611 867
611 1453
611 1492
611 1622
611 1654
611 2468
611 2721
611 3268
611 3378
611 3388
611 4130
611 4692
611 4749
612 756
612 937
612 1398
612 1475
612 1500
612 1679
612 2005
612 2176
612 2353
612 3294
612 4367
612 4685
612 4811
612 4968
613 995
613 2217
613 2819
613 3083
613 3884
613 4022
613 4733
613 4977
613 5002
614 652
614 799
614 891
614 935
614 1288
614 1799
614 1868
614 1884
614 2046
614 2470
614 2944
614 3063
614 3183
614 3301
614 3426
614 3609
614 4422
614 4630
615 639
615 753
615 837
615 905
615 915
615 1142
615 1173
615 1840
615 1883
615 2118
615 2359
615 2440
615 3305
615 3533
615 3580
615 3644
615 3877
615 4046
615 4319
615 4587
615 4694
616 765
616 968
616 1404
616 1493
616 1507
616 1980
616 2462
616 2561
616 2896
616 3780
616 4294
616 4450
617 638
617 730
617 768
617 784
617 786
617 882
617 1484
617 1491
617 1790
617 2496
617 2674
617 2966
617 2975
617 3476
617 3926
617 4045
617 4048
617 4517
618 1235
618 1323
618 1543
618 1936
618 3048
618 3246
618 4370
618 4837
618 4944
619 716
619 742
619 1195
619 2587
619 2824
619 3089
620 690
620 715
620 721
620 1266
620 2093
620 3130
620 3181
620 4158
620 4596
621 827
621 923
621 1117
621 1391
621 1559
621 1746
621 3263
621 3785
621 4304
621 4404
622 629
622 690
622 709
622 742
622 886
622 1488
622 1729
622 1946
622 2086
622 2094
622 2500
622 5066
623 698
623 1056
623 1585
623 3058
623 3221
623 3672
623 4128
623 4769
624 1274
624 1929
624 1963
624 4454
624 4994
625 862
625 954
625 1074
625 2206
625 3048
625 4653
626 1086
626 1464
626 1783
626 3703
626 3967
626 4945
627 761
627 849
627 939
627 1459
627 1761
627 1958
627 2292
627 3240
627 3277
627 3993
627 4428
628 653
628 1777
628 2051
628 2438
628 3118
628 4525
629 1533
629 2309
629 4017
630 705
630 1604
630 3339
630 4154
630 4406
631 1034
631 2603
631 3079
631 3433
631 3440
631 3637
632 811
632 1227
632 1314
632 1591
633 1584
633 1700
633 1748
633 2072
633 2298
633 3328
633 3922
634 760
634 927
634 1639
634 2480
634 3786
634 4042
635 1046
635 1249
635 2482
635 4589
636 1582
636 2879
636 4956
637 692
637 736
637 940
637 1089
637 1155
637 2131
637 2219
637 2378
637 2691
637 3618
637 4907
637 4931
638 755
638 812
638 2097
638 2098
638 4045
639 915
639 1142
639 1840
639 2091
639 2721
639 4046
639 4167
640 693
640 862
640 933
640 998
640 1143
640 1158
640 1294
640 1325
640 1363
640 1425
640 1502
640 1742
640 1835
640 2108
640 2155
640 2232
640 2492
640 2814
640 3282
640 3317
640 4359
640 4385
640 4750
640 4789
641 673
641 872
641 876
641 957
641 1087
641 1149
641 1229
641 1257
641 1259
641 1479
641 1614
641 1717
641 2386
641 3692
641 3870
641 3975
641 4132
641 4335
641 5022
642 1158
642 1372
642 1395
642 2420
642 3537
642 3691
642 3807
642 4182
642 4241
642 4437
642 4531
642 4925
643 701
643 726
643 895
643 1186
643 1282
643 1723
643 1780
643 1958
643 2450
643 3223
643 3740
643 4282
643 4895
644 2794
644 3128
644 3192
644 4003
644 4852
644 4889
645 1205
645 1449
645 3710
645 4674
646 906
646 1977
646 2757
646 3384
646 3707
646 4082
646 4105
646 4583
647 685
647 800
647 1474
647 2404
647 2554
647 2741
647 3282
647 3366
647 3400
647 4631
647 4739
647 4775
647 5076
648 997
648 1343
648 1526
648 1528
648 1843
648 1939
648 2508
648 2578
648 3022
648 3131
648 5015
649 807
649 825
649 836
649 2129
649 2156
649 2767
649 2972
649 3889
649 4246
649 4616
649 4726
650 652
650 768
650 847
650 888
650 1214
650 1245
650 1371
650 1495
650 2083
650 3197
650 4432
651 823
651 825
651 826
651 937
651 1130
651 1270
651 1323
651 1984
651 2085
651 2341
651 2346
651 2410
651 2673
651 2694
651 2808
651 2826
651 3078
651 3320
651 3623
651 3851
651 3951
651 3987
651 4207
651 4277
651 4391
651 4658
651 4672
651 4853
651 4869
651 4950
651 5032
652 657
652 768
652 891
652 1020
652 1884
652 2170
652 2382
652 2486
652 3063
652 3716
652 4286
652 4711
652 4844
652 5039
653 1147
653 3333
653 4195
654 793
654 2542
654 2765
654 4949
655 661
655 1608
655 1855
655 2054
655 2243
655 2376
655 2388
655 2774
655 3056
655 3858
655 3895
655 4042
655 4222
655 4281
655 4488
655 4610
655 4617
655 4640
655 4788
655 5072
656 706
656 869
656 986
656 1206
656 2174
656 2402
656 2732
656 3263
656 3511
656 3763
656 3854
656 4303
657 898
657 935
657 1091
657 1150
657 1196
657 1486
657 1745
657 1760
657 1789
657 2019
657 2060
657 2336
657 2724
657 3157
657 3403
657 3710
658 1004
658 1121
658 1146
658 1521
658 3362
658 3404
659 797
659 1633
659 2714
659 3039
659 3831
660 695
660 959
660 978
660 1199
660 1402
660 1484
660 1492
660 1537
660 1564
660 1622
660 1627
660 1719
660 1857
660 2054
660 2178
660 2236
660 3271
660 3485
660 4290
660 4540
660 4981
661 1998
661 2019
661 2315
661 3056
662 920
662 1502
662 2373
662 2555
662 3997
662 4614
663 1073
663 1429
663 1821
663 2332
664 3377
665 2832
667 921
668 996
668 1174
668 1308
668 1392
668 1421
668 1980
668 2165
668 2736
668 2936
668 3212
668 4397
669 1356
669 1435
669 1597
669 1665
669 1847
669 2061
669 2403
669 2418
669 3625
669 4473
670 3932
671 2788
671 5074
672 749
672 799
672 1161
672 1181
672 1760
672 1809
672 1915
672 1920
672 1961
672 2018
672 2452
672 2660
672 2713
672 2825
672 2831
672 2857
672 3012
672 3038
672 3222
672 3261
672 3538
672 3650
672 3676
672 3721
672 3818
672 3918
672 4242
672 4244
672 4599
672 4702
672 4917
672 5094
673 839
673 979
673 1229
673 1603
673 2033
673 2062
673 2198
673 2393
673 3827
673 3885
673 4298
673 4362
673 4502
673 5011
674 702
674 758
674 915
674 1016
674 1236
674 1342
674 1396
674 1702
674 1757
674 1780
674 1864
674 2031
674 2284
674 2300
674 2860
674 2951
674 2971
674 3193
674 3381
674 3400
674 3409
674 3450
674 3648
674 3919
674 4132
674 4562
674 4863
675 1690
675 1853
675 1971
675 2229
675 2258
675 2579
675 2582
675 2657
675 2952
675 3306
675 3820
675 4159
675 4770
675 4990
676 979
676 1172
676 1324
676 1562
676 2328
676 2940
676 3007
676 3072
676 3209
676 3395
676 3442
676 4083
676 4188
676 4797
677 1727
677 2222
678 1219
678 1695
678 2441
678 2724
678 2949
678 3428
678 3434
678 3622
678 3942
678 4202
678 4463
678 4641
678 4840
678 5080
679 787
679 963
679 998
679 1341
679 1378
679 1903
679 1925
679 1928
679 1931
679 1971
679 1974
679 2159
679 2770
679 3042
679 3064
679 3639
679 3746
679 4112
679 4974
680 900
680 1407
680 1947
680 3016
680 3266
680 4812
680 5084
681 1021
681 1168
681 1464
681 1540
681 1616
681 2233
681 2661
681 3122
681 3469
681 3561
681 3796
682 727
682 831
682 1049
682 1119
682 2420
682 3099
682 5074
683 1399
683 2034
683 2091
683 3272
683 3457
683 4514
684 972
684 1461
684 1971
684 2166
684 2779
684 3241
684 3454
684 3629
684 4084
684 4395
684 4535
684 4632
684 4796
685 982
685 1057
685 1795
685 1901
685 2915
685 4548
686 746
686 982
686 1499
686 1661
686 1691
686 2153
686 3178
686 3202
686 4026
686 4195
687 867
687 1003
687 2770
687 4120
687 4130
687 4736
687 5037
687 5095
688 796
688 1036
688 1389
688 2244
688 2360
688 2783
688 3523
688 4152
689 1385
689 1788
690 707
690 886
690 1033
690 1084
690 1488
690 1575
690 1735
690 1947
690 2424
690 2755
690 3087
690 4158
690 4569
691 865
691 1005
691 1037
691 1579
691 1728
691 2121
692 1377
692 1563
692 1696
692 2573
692 3116
692 4385
692 4794
693 962
693 1166
693 1294
693 1305
693 1527
693 1851
693 2486
693 4192
694 1811
694 2324
694 2901
694 4848
695 816
695 912
695 1567
695 1952
695 2113
695 2185
695 4135
695 4583
695 4824
696 1711
696 3068
696 3076
696 3398
696 4307
696 4336
696 4742
696 4768
697 890
697 3221
698 2104
698 2970
698 3058
699 936
699 978
699 1516
699 2857
700 790
700 1037
700 1690
700 1933
700 2922
700 4377
700 4423
701 895
701 1368
701 1712
701 1780
701 2049
701 2583
701 3486
702 1342
702 1773
702 3450
702 4132
703 1367
703 2869
703 2888
703 2938
704 1419
704 3755
704 4000
704 4834
705 714
705 895
705 1218
705 1222
705 1427
705 1443
705 1866
705 2037
705 2080
705 2305
705 2432
705 2791
705 3049
705 3227
705 3413
705 3490
705 3510
705 3525
705 3576
705 3655
705 4037
705 4038
705 4777
706 1621
706 1882
706 2174
706 2638
706 3022
706 3506
706 3550
706 4831
707 2118
707 2478
707 3283
707 3655
707 3878
707 4692
707 4996
708 746
708 1783
708 2242
708 2572
708 3332
708 3499
708 4379
709 1130
709 1334
709 1945
709 2094
709 2182
709 2185
709 2274
709 2296
709 2491
709 2596
709 2712
709 3004
709 3103
709 3385
709 3585
709 4172
709 4660
709 4692
709 4808
709 4814
710 775
710 870
710 1018
710 1071
710 1092
710 1930
710 2604
710 3384
710 3429
710 3612
710 3699
710 3738
710 4177
710 4317
710 4451
711 1374
711 1898
711 2158
711 2472
711 2997
711 3513
711 4352
711 4386
711 4809
712 813
712 1014
712 1042
712 2142
712 4169
712 4575
713 977
713 1141
713 1247
713 1586
713 2127
713 2836
713 3924
713 4200
713 4500
713 4530
713 4699
713 4794
713 4921
714 973
714 1343
714 1594
714 1675
714 1772
714 1856
714 2037
714 2649
714 4226
714 5097
715 1021
715 2074
715 2708
715 3921
715 4379
716 774
716 870
716 1173
716 1231
716 1236
716 1420
716 1511
716 2042
716 2102
716 2122
716 2206
716 3035
716 3631
717 1518
717 1541
717 2258
717 3986
717 4015
718 988
718 4528
718 4994
719 762
719 1129
719 1161
719 1171
719 1378
719 1673
719 1713
719 2599
719 3464
719 3705
719 4594
720 854
720 1783
720 1893
720 2026
720 2338
720 2459
720 2463
720 2625
720 3060
720 3547
720 3675
720 3708
720 3794
720 4360
720 4613
720 5001
721 1279
721 1327
721 1533
721 1606
721 1856
721 2050
721 3130
721 4037
721 4536
722 1065
722 1183
722 1297
722 1794
722 1833
722 2435
722 2665
722 2752
722 3515
722 4750
723 1070
723 1412
723 3009
723 3647
724 1331
724 1347
724 1391
724 1581
724 1589
724 2699
724 2837
724 4101
724 4274
724 4920
725 766
725 801
725 1349
725 1394
725 1644
725 1774
725 1830
725 2053
725 2313
725 2331
725 2333
725 2511
725 2927
725 3020
725 3165
725 3653
725 3696
725 3910
725 4004
725 4106
725 4348
725 4396
725 4826
728 1938
728 2031
728 3286
728 3684
728 4532
729 2649
729 3782
729 4247
729 4525
730 771
730 910
730 1812
730 1827
730 2509
730 2915
730 4071
730 4093
731 3144
731 4343
731 4346
731 4619
731 4836
732 817
732 1923
732 2036
732 4091
732 4448
733 2965
734 982
734 4209
736 1110
736 1260
736 1448
736 2252
736 2571
736 2624
736 3127
736 3682
737 1403
737 1416
737 1561
737 1941
737 2053
737 2314
737 2354
737 2671
737 3769
737 5054
738 1095
738 1434
738 1585
738 4201
739 745
739 1293
739 1390
739 1525
739 1914
739 2598
739 2750
739 3149
739 3160
739 3490
739 3783
739 3829
739 4319
740 1039
740 1246
740 1369
740 1451
740 1556
740 1560
740 1620
740 1747
740 2381
740 2454
740 2667
740 3027
740 3368
740 3460
740 4109
741 763
741 2078
741 2927
741 3036
741 4604
741 4994
742 813
742 841
742 1044
742 1634
742 1881
742 1921
742 2022
742 2344
742 3441
742 3718
742 4307
742 4717
742 5005
743 840
743 1088
743 1204
743 1823
743 2568
743 2648
743 2711
743 2737
743 2767
743 3546
743 3751
743 4411
743 4956
744 890
744 1048
744 1264
744 1551
744 1575
744 1778
744 1819
744 2329
744 2448
744 3225
744 3677
744 3704
744 3958
745 1055
745 1541
745 1795
745 2328
745 2502
745 2868
745 3646
745 3883
745 4027
745 4374
745 5004
746 976
746 987
746 1634
746 2961
746 3203
746 3300
746 3981
746 4071
747 2418
747 3002
747 3656
747 3828
747 4941
748 798
748 833
748 871
748 948
748 1136
748 1221
748 1499
748 1619
748 1871
748 1936
748 2223
748 2661
748 3003
748 3063
748 3394
748 3663
748 4067
748 4103
748 4729
748 4967
749 799
749 846
749 865
749 935
749 1357
749 1816
749 1912
749 3340
750 4849
751 887
751 1009
751 4212
751 4826
752 855
752 1161
752 1438
752 1597
752 3278
752 3339
752 3695
752 3704
752 3763
752 4286
753 976
753 1358
753 1926
753 2013
753 2244
753 3176
753 3533
753 3702
753 4026
753 4557
754 1563
755 1012
755 1260
755 1283
755 1605
755 2638
755 2672
755 2728
755 2811
755 2813
755 3683
755 3940
755 4320
755 4377
755 4597
756 937
756 1588
756 1633
756 2964
756 3830
756 4598
757 2180
757 4060
758 786
758 1339
758 1780
758 2170
758 3712
758 4309
758 4504
759 806
759 835
759 2898
759 4717
760 1051
760 1460
760 1639
760 1791
760 1984
760 2067
760 3898
760 3930
760 4998
761 810
761 858
761 1023
761 1202
761 2004
761 2386
761 2461
761 2623
761 4209
761 5069
762 4041
762 4869
763 2406
764 1010
764 1150
764 1618
764 2216
764 2310
764 2371
764 2622
764 2729
765 921
765 926
765 1260
765 1701
765 2367
765 2430
766 1895
766 2702
767 1561
768 2264
768 3716
768 4286
769 1058
769 1091
769 1234
769 1350
769 2336
769 2437
769 2539
769 2593
769 2812
769 2822
769 2911
769 2921
769 3057
769 4521
769 4582
769 4978
770 785
770 867
770 919
770 924
770 1098
770 1237
770 1339
770 1514
770 2139
770 2379
770 2902
770 3382
770 3641
770 4033
770 4469
770 4876
770 4898
771 879
771 1241
771 1736
771 1811
771 1827
771 2199
771 2476
771 2814
771 2980
771 3147
771 3198
771 3249
771 3684
771 4146
771 4900
771 5092
772 2620
772 3430
772 4248
773 963
773 1049
773 1109
773 1875
773 2310
773 2776
773 2782
773 2784
773 3391
773 4196
773 4561
773 4813
774 977
774 1285
774 1408
774 1414
774 1920
774 2342
774 3075
774 3164
774 3170
774 3845
775 1071
775 1310
775 2392
775 2656
775 2710
775 2784
775 2895
775 3780
775 3970
775 4712
775 4871
775 4948
775 5071
776 1411
776 2038
776 2300
776 2316
776 3105
776 3890
776 3942
777 1353
777 1848
777 2515
778 964
778 1672
778 1702
778 1963
778 3262
778 3791
778 4031
778 4114
778 4465
778 4721
778 4746
779 897
779 993
779 1072
779 1229
779 1450
779 1469
779 1651
779 2467
779 2594
779 2768
779 3869
779 4802
780 1043
780 1096
780 2063
780 2073
780 2410
780 2490
780 3720
780 4524
780 4708
781 997
781 3462
781 3680
781 4230
782 985
782 1178
782 1501
782 2920
783 1337
783 1449
783 1736
783 1760
783 1796
783 2071
783 3178
783 3188
783 3835
784 966
784 1018
784 1328
784 1453
784 2200
784 3034
784 3113
784 3634
784 3652
784 3824
784 3963
785 945
785 1331
785 1600
785 2354
785 2544
785 3112
785 3151
785 3554
785 3741
785 3899
785 3975
786 1927
786 2168
786 2496
786 3596
786 3643
786 3924
787 1925
787 2766
787 3889
788 1887
788 2467
788 3459
790 844
790 1023
790 1577
790 1664
790 1870
791 3770
792 3397
792 4489
792 4674
792 4754
793 3696
794 1167
794 1187
794 1328
794 1764
794 2171
794 2443
794 2458
795 807
795 1191
795 1818
795 2414
795 2580
795 2775
795 3107
795 3641
795 3683
795 3726
795 4502
795 4715
796 1346
796 1389
796 2035
796 3764
796 4811
797 962
797 1491
797 3289
797 3342
797 4324
798 1227
798 1499
798 2145
798 2254
798 2279
798 3342
799 1912
800 893
800 899
800 989
800 1051
800 1430
800 1702
800 2020
800 2109
800 2167
800 2536
800 2679
800 3777
800 3959
800 4166
800 4241
800 4461
800 4471
800 4511
800 4556
801 1226
801 1830
801 2282
801 2697
801 3042
801 3566
801 3979
801 4148
801 4882
801 5093
802 1082
802 1917
802 1931
802 2171
802 2555
802 3136
803 1332
803 2747
803 4604
804 1570
804 2143
804 2477
804 3473
804 3680
804 4072
804 4347
805 1053
805 1714
805 2189
805 4345
806 843
806 1182
806 1778
806 2902
806 3749
807 1255
807 1590
807 1641
807 2308
807 2830
807 2862
807 4502
808 1078
808 1237
808 2046
808 2367
808 2803
808 3131
808 3248
808 3329
808 3809
808 4171
808 4536
808 5078
809 906
809 1041
809 1080
809 1107
809 1273
809 1375
809 1401
809 2127
809 2528
809 2739
809 2897
809 3300
809 3603
809 3628
810 1327
810 1574
810 2132
810 2851
810 4290
810 5041
811 2433
812 874
812 1129
812 2098
812 2251
812 3223
812 3243
812 3837
812 3915
812 4080
812 4223
813 3432
814 1050
814 1354
814 1463
814 1960
814 3279
814 3588
814 4466
815 1477
815 1588
815 1922
815 3176
815 3515
815 4120
815 4468
816 1567
816 4842
817 2048
817 4985
819 972
819 1188
819 1733
819 2194
819 2260
819 2396
819 2761
819 3403
819 3552
819 3977
819 4264
819 4752
820 1016
820 1365
820 1927
820 2129
820 2929
820 3082
820 4377
821 3186
821 4250
822 1163
822 1176
822 1188
822 1333
822 1614
822 2224
822 2535
822 3055
822 3501
822 3946
822 4452
822 4577
823 937
824 1281
824 1561
824 2103
824 4688
824 4848
826 1153
826 2673
826 2708
826 4295
826 4796
827 878
827 1092
827 1559
827 1725
827 2233
827 2479
827 2722
827 2828
827 4555
828 850
828 2659
829 3674
829 3750
829 4233
830 1230
831 1699
831 2631
831 2899
832 1766
832 1808
832 2704
832 3062
832 3759
832 3767
832 3897
832 4132
832 4146
832 4225
833 1136
833 1141
833 1221
833 1837
833 1851
833 2076
833 2086
833 2400
833 2621
833 2930
833 3721
833 4819
834 1113
834 1359
834 1475
834 1587
834 2085
834 2296
834 2407
834 2860
834 3544
834 4567
834 4661
835 1009
835 1054
835 1342
835 1386
835 1924
835 2204
835 2505
835 2793
835 4134
835 4433
836 1195
836 1213
836 1741
836 2841
836 2870
836 3285
836 3331
836 3620
836 4462
837 851
837 853
837 903
837 1155
837 1211
837 1330
837 1478
837 1584
837 1684
837 1762
837 1892
837 2034
837 2349
837 3281
837 4013
837 4460
837 4693
837 4715
837 4870
837 4907
837 4955
838 1389
838 1522
838 1642
838 2755
838 3868
838 4771
838 4808
839 851
839 2291
839 2514
839 2534
839 2574
839 2900
839 3530
839 4529
839 4618
839 4704
839 5038
840 1244
840 1615
840 2568
840 2950
840 3159
841 1139
841 1410
841 1516
841 1740
841 1831
841 2225
841 3194
841 4340
841 4410
841 4624
842 944
842 1284
842 2047
842 2133
842 2140
842 2257
842 2844
842 3247
842 3995
843 1212
843 1252
843 1303
843 3055
843 3419
843 4313
843 4681
843 4876
844 949
844 973
844 1069
844 1366
844 1403
844 1506
844 1629
844 1664
844 1909
844 2080
844 2143
844 2429
844 2645
844 2692
844 3037
844 3649
844 3812
844 4315
844 4558
845 850
845 1662
845 2690
845 3315
846 1822
846 2426
846 3205
846 4038
846 4993
847 1172
847 1452
847 1587
847 1602
847 1752
847 2045
847 2057
847 2352
847 2875
847 2887
847 3494
847 3570
847 3797
847 3817
847 4499
848 1169
848 1174
848 1355
848 1536
848 2419
848 2558
848 2743
848 2849
848 3249
848 3668
848 3669
848 3820
848 4828
848 4919
848 5009
849 1031
849 1064
849 1599
849 1741
849 1935
849 2422
849 4082
849 4958
849 5068
850 1077
850 1520
850 1924
850 2291
850 2695
850 3134
850 3928
850 5035
851 1254
851 1883
851 2237
851 2671
851 4055
851 4145
851 4419
852 1383
852 1400
852 2012
853 2309
853 2611
853 3379
853 3536
854 2028
854 2136
854 2162
854 2347
854 2783
854 3858
854 4092
855 899
855 1135
855 1147
855 1486
855 3608
855 3695
855 4315
856 1019
856 1223
856 1258
856 3593
856 4243
857 3881
857 4355
858 1695
858 2386
858 2623
859 926
859 950
859 1721
859 2133
859 2516
859 3940
860 871
860 1657
860 1867
860 3039
860 3456
860 4684
860 4952
861 3845
861 4058
862 875
862 1143
862 1937
862 2614
862 2814
862 4257
862 4544
863 1465
863 1555
864 1170
864 1212
864 1376
864 1394
864 1707
864 1713
864 1725
864 2216
864 2446
864 2487
864 3236
864 3320
864 3531
864 3535
864 3558
864 3591
864 3896
864 3959
864 4216
864 4414
864 4654
864 5083
865 951
865 1796
865 2257
865 3805
865 4436
866 2311
866 2324
866 2334
866 2730
867 1098
867 1272
867 1572
867 1625
867 1628
867 2139
867 4068
867 4094
867 4375
868 1067
868 1328
868 1346
868 1659
868 1706
868 2366
868 2889
868 4526
869 1841
869 2169
869 2280
869 2688
869 2864
869 2894
869 4576
869 4595
869 4836
870 2005
870 3086
870 3196
871 1065
871 1105
871 1136
871 1197
871 1442
871 1871
871 1886
871 2355
871 2419
871 2812
871 3571
871 3663
871 3842
872 907
872 2265
872 2664
872 2744
872 2849
872 3350
872 3357
872 3772
872 4806
873 1582
873 2654
873 3803
874 1299
874 1509
874 1738
874 1763
874 1894
874 1935
874 2040
874 2251
874 3112
874 3764
875 1186
875 1457
875 1477
875 1891
875 1999
875 2280
875 2341
875 2699
875 3946
875 4015
875 4034
876 1259
876 2645
876 2864
876 3087
876 3456
876 3949
877 1088
877 1163
877 1175
877 1680
877 1729
877 1773
877 1945
877 2326
877 2396
877 2646
877 2725
877 2743
877 3197
877 3316
877 3492
877 3573
877 4155
877 5046
878 1094
878 1484
878 3761
878 4598
879 1775
879 1951
879 2241
879 2547
879 3147
879 4181
879 4351
879 4394
879 4933
880 1028
880 1110
880 1117
880 1168
880 1592
880 1712
880 1982
880 2382
880 3387
880 3454
880 4872
880 5039
881 1179
881 1311
881 1984
881 3625
882 1283
882 4014
882 4237
882 4825
883 912
883 994
883 1409
883 1423
883 1577
883 1619
883 1656
883 1743
883 1850
883 1965
883 2151
883 2238
883 2441
883 2867
883 3031
883 3362
883 3786
883 3863
883 4515
883 4643
884 1106
884 2327
884 2914
884 3672
885 924
885 1537
885 2748
885 3084
885 4031
886 952
886 1297
886 1735
886 1800
886 4352
886 4621
886 5032
887 2913
888 1383
888 1484
888 3322
888 3349
888 3369
889 995
889 1107
889 1360
889 4687
889 4885
889 4956
890 2608
890 2780
891 3083
891 3609
892 1678
892 2275
892 3439
894 1513
894 1802
894 2820
894 4218
894 5096
895 3510
896 1042
896 1103
896 1352
896 1470
896 1598
896 1734
896 1740
896 1754
896 1779
896 1917
896 2214
896 2313
896 3548
896 3661
896 4191
896 4249
896 4548
896 4801
896 4943
897 1036
897 1043
897 1229
897 1326
897 2276
897 2288
897 2809
897 2816
897 2973
897 3449
897 3519
897 3544
897 3816
897 4014
897 4075
897 4141
897 4228
897 4298
897 4421
897 4506
897 4546
897 4613
897 5065
898 1789
898 1828
898 3125
898 3838
898 4211
898 4566
899 1051
899 1075
899 1135
899 1303
899 1319
899 1933
899 4279
899 4467
899 4563
899 5003
900 1375
900 3342
900 3855
900 3951
900 4334
900 4695
901 1189
901 1552
901 2328
901 2416
901 2729
901 3466
901 4266
901 4466
901 5038
902 1151
902 1228
902 1328
902 1368
902 1505
902 1752
902 1852
902 2321
902 2694
902 3586
902 3626
903 957
903 1211
903 1416
903 1646
903 4983
904 993
904 1409
904 1671
904 1761
904 1850
904 1905
904 1961
904 2992
904 3320
904 3504
904 4249
904 4331
905 1327
905 1883
905 1974
905 1990
905 2156
905 2299
905 2376
905 3024
905 3580
905 4073
905 4229
905 4436
905 4502
905 4765
905 4878
906 951
906 1041
906 1214
906 1218
906 1273
906 1405
906 1543
906 3071
906 3526
906 3660
906 3730
906 4241
906 4674
906 4916
907 1388
907 1576
907 1860
907 2664
907 2912
907 3402
907 3776
907 3940
908 1049
908 1367
908 4244
909 1004
909 1028
909 1521
909 1910
909 2300
909 2677
909 3162
909 3644
910 1140
910 3967
910 4937
911 924
911 2954
911 3448
911 3735
911 4625
912 948
912 1177
912 1643
912 1952
912 1970
912 2314
912 2353
912 2355
912 3595
912 4927
913 949
913 2532
914 1534
914 1718
914 3358
914 4269
915 1191
915 1275
915 1816
915 1948
915 2056
915 2440
916 1856
916 1919
916 2201
916 2370
916 2632
916 2833
916 3356
916 4278
916 4394
917 2134
917 4138
917 4768
918 942
918 1289
918 1316
918 2935
918 3028
918 3492
918 3561
918 4012
918 4696
919 1111
919 1609
919 1715
919 2696
919 4703
920 1618
920 2130
921 1701
922 3259
923 1148
923 3082
924 1546
924 4625
925 2017
925 2377
925 3000
925 4016
925 4663
928 1114
928 2035
928 2197
928 2797
928 3762
928 3798
928 3864
928 4369
928 4954
929 1274
929 1430
929 1669
929 2993
929 3869
929 4638
929 4986
930 1075
930 1158
930 1381
930 1489
930 1559
930 1688
930 4188
931 946
931 999
931 1116
931 1552
931 1721
931 1770
931 2238
931 2666
931 3235
931 3464
931 3559
931 3943
931 4150
931 4321
931 4460
932 960
932 1111
932 1309
932 1649
932 1742
932 1842
932 2075
932 2114
932 2604
932 2923
932 2996
932 3148
932 3424
932 3557
932 3867
932 3943
932 4236
933 1034
933 1040
933 1096
933 1186
933 1345
933 1545
933 1822
933 1826
933 1868
933 2167
933 2399
933 2408
933 2457
933 2795
933 2872
933 3333
933 3938
933 4050
933 4053
934 1117
934 1148
934 2207
934 2760
935 1631
935 2058
935 2430
935 3426
935 5017
936 1162
936 1654
936 1673
936 1704
936 2161
936 2380
936 2421
936 2524
936 2876
936 2893
936 3069
936 3133
936 3471
936 3599
936 3888
936 4035
937 1224
937 1762
937 1955
937 2319
937 3965
937 4735
938 1517
938 1658
938 1889
938 3390
938 3883
938 4185
939 1147
939 1192
939 1261
939 1459
939 1639
939 1699
939 1807
939 3277
939 3364
939 3452
939 3685
939 3949
939 3957
939 4426
939 4542
939 4928
940 1287
940 1996
940 2022
940 2109
940 2281
940 2355
940 2904
940 3112
940 3224
940 3635
940 3942
940 4164
940 5051
941 1986
941 2409
941 2985
941 3574
942 983
942 1060
942 1682
942 2248
942 2362
942 2809
942 3809
942 3875
942 4495
942 4522
942 4902
943 945
943 1247
943 2523
943 2537
943 3910
943 4896
944 998
944 1283
944 3748
946 999
946 1667
946 2471
946 3294
946 3324
946 4297
946 4305
947 1408
947 1768
947 2451
947 3686
948 1307
948 1952
948 2613
948 3088
948 3293
949 1132
949 2175
949 3581
949 3619
949 4619
952 1037
952 1172
952 1297
952 1650
952 4101
952 4650
952 4870
953 1371
954 1759
954 2575
955 1542
955 2055
955 2319
955 2475
955 2984
955 4213
956 1688
956 2026
956 2859
956 3249
956 3701
956 4655
956 4982
956 5089
957 1784
957 3674
958 4261
960 1439
960 1929
960 2473
960 2908
960 3114
960 3276
960 4255
960 4276
960 4304
961 1065
961 1077
961 1105
961 1234
961 1271
961 1362
961 1408
961 1613
961 1645
961 1706
961 1792
961 2011
961 2245
961 2455
961 2644
961 2715
961 2802
961 3247
961 3283
961 3308
961 3536
961 3610
961 4027
961 4444
961 5011
961 5012
962 1669
962 2141
962 2298
962 2457
962 2669
962 2924
962 3090
962 3368
962 4398
963 1555
963 1875
963 2169
963 2229
963 2776
963 3294
963 3488
963 4278
963 4474
963 4561
963 4997
964 1200
964 4450
965 986
965 1520
965 1981
965 1994
965 2790
965 4334
965 4537
965 4783
965 4961
966 1114
966 1131
966 1446
966 2510
966 4594
967 1987
967 2079
967 2158
967 2247
967 2268
967 3158
967 3253
967 4599
968 1126
968 1127
968 1683
968 2888
968 3449
968 3569
968 4115
968 4547
968 4726
968 5019
969 1906
969 2085
969 2877
969 4375
969 4758
970 1134
970 1249
970 1801
970 2411
970 2440
970 2798
970 3319
971 2256
971 3166
971 3287
971 3729
972 1058
972 2842
972 3057
972 3279
972 3460
972 3629
972 3657
972 4395
972 4841
973 994
973 1083
973 1158
973 1219
973 1530
973 1537
973 1565
973 1576
973 2120
973 2135
973 2969
973 3226
973 3351
973 4802
973 5091
974 1175
974 2210
974 2516
974 2893
974 2989
974 3338
974 3982
975 1035
975 1538
975 3142
975 3475
975 3685
975 3819
975 5053
976 2014
976 2225
978 1126
978 1627
978 1698
978 3112
978 4110
978 4690
979 1445
979 1993
979 2414
979 2620
979 3154
979 3436
980 3466
980 3756
981 3835
981 4981
982 1691
982 1795
982 1901
982 2138
982 2915
982 3646
983 1624
983 3322
984 3020
984 3286
984 4227
984 4533
984 4539
984 4710
985 4203
987 1078
987 2733
988 3575
989 1122
989 1189
989 1234
989 1267
989 3509
989 4554
990 1978
990 4799
991 1298
991 1595
991 2249
991 2650
991 4865
992 1426
992 1538
992 1912
992 2417
992 2584
992 2663
992 3744
992 4162
992 4244
992 4984
993 1216
993 1315
993 2981
993 3869
993 5057
994 1083
994 1153
994 1158
994 1321
994 1604
994 1888
994 1979
994 2753
994 3046
994 3362
994 3714
994 3914
994 4550
994 4892
995 1107
995 1331
995 2389
995 3196
995 4198
995 4272
996 1242
996 1308
996 1830
996 1868
996 2058
996 2132
996 4452
996 4642
997 1193
997 1292
997 1456
997 1587
997 2522
997 2602
997 3108
997 3227
997 3370
997 3728
997 4009
997 4104
997 4208
997 5064
997 5065
998 1093
998 1341
998 3003
998 3053
998 3055
998 3525
998 5006
999 1114
999 1133
999 1419
999 1685
999 2934
999 2967
999 3334
999 3461
999 4256
999 4476
999 4659
999 4925
999 5006
1000 1008
1000 1290
1000 2147
1000 2387
1000 2983
1000 3202
1000 3231
1000 3396
1001 3045
1001 3538
1002 2232
1002 2286
1002 2522
1002 2851
1002 2921
1002 3033
1002 4020
1002 4161
1003 1197
1003 1739
1003 1875
1003 3444
1003 3494
1003 3540
1003 4020
1003 5038
1004 1521
1005 1832
1005 2108
1005 2745
1005 3488
1005 4508
1005 4895
1006 1918
1006 2934
1006 3102
1007 2686
1007 3009
1007 3037
1007 4216
1007 4485
1007 4824
1008 1223
1008 1417
1008 1724
1008 2409
1008 2717
1008 3147
1008 3191
1008 3432
1008 3556
1008 3570
1008 4549
1008 4763
1009 1342
1009 1366
1009 1565
1009 1710
1009 1748
1009 1902
1009 2007
1009 2204
1009 2400
1009 2797
1009 2802
1009 3327
1009 3559
1009 3588
1009 4535
1009 4743
1010 1456
1010 1953
1010 2433
1010 2484
1011 2138
1011 3228
1011 4522
1012 1191
1012 2010
1012 2403
1012 2665
1013 3916
1013 4889
1014 1203
1014 1567
1014 2016
1014 2222
1014 2557
1014 3618
1014 3708
1014 4169
1014 4453
1014 4575
1015 1104
1015 1664
1015 3430
1015 3775
1015 4064
1015 4622
1015 4832
1015 4883
1015 4924
1016 1076
1016 1396
1016 2739
1016 3261
1016 4330
1017 1159
1017 2317
1017 3335
1017 3734
1017 4111
1017 4677
1018 2340
1018 2589
1019 1519
1019 2264
1019 2563
1019 3476
1019 4234
1020 1278
1020 1302
1020 1491
1020 1606
1020 2368
1020 2395
1020 4025
1020 4949
1021 1540
1021 2794
1021 3122
1021 4772
1022 2102
1022 3851
1023 1038
1023 1856
1023 3846
1023 4378
1024 1484
1024 1498
1024 3218
1024 3662
1024 4844
1025 1970
1025 2100
1025 2676
1025 2815
1025 3456
1025 3572
1025 4073
1025 4424
1025 4600
1025 5035
1026 1050
1026 1184
1026 1385
1026 1661
1026 2343
1026 2401
1026 2423
1026 2477
1026 2835
1026 3366
1026 4081
1026 4277
1026 4920
1027 1670
1027 3341
1028 1592
1028 1798
1028 3866
1029 1805
1029 1835
1029 2157
1029 2451
1029 3243
1029 3819
1029 4241
1029 4820
1030 1285
1030 1626
1030 2890
1030 2925
1030 3013
1030 3092
1030 4668
1031 1039
1031 1125
1031 1444
1031 1602
1031 1684
1031 2402
1031 2791
1031 2817
1031 3275
1031 3643
1031 4411
1031 4898
1031 4957
1032 1255
1032 1373
1032 2754
1032 2913
1032 3507
1032 4187
1032 4899
1033 1216
1033 2345
1033 2755
1033 3135
1033 3399
1033 3511
1033 4668
1033 4731
1033 4767
1034 1871
1034 2184
1034 4198
1035 1483
1035 1829
1035 1961
1035 4332
1035 4348
1036 2239
1036 2462
1036 2684
1036 2768
1036 2909
1036 3032
1036 4075
1036 4463
1036 4765
1036 5028
1037 1312
1037 1458
1037 2570
1037 2612
1037 2759
1037 3421
1037 3968
1037 3992
1037 4827
1038 1413
1038 2070
1038 3131
1038 3187
1038 3554
1038 3957
1038 4040
1038 4623
1038 4801
1039 1444
1039 1478
1039 1869
1039 1884
1039 2817
1039 5024
1040 1846
1040 1987
1040 2167
1040 2324
1040 2425
1040 2594
1040 3333
1040 3659
1040 4148
1040 5004
1041 1080
1041 1148
1041 1149
1041 1218
1041 1382
1041 2154
1041 2267
1041 2415
1041 3741
1041 3747
1042 1126
1042 3553
1042 4249
1042 4322
1043 2063
1043 2511
1043 2567
1043 4075
1043 4668
1044 1503
1044 4059
1045 1672
1045 3509
1046 1608
1046 2173
1046 2447
1047 1173
1047 1184
1047 2224
1047 2836
1047 3009
1047 3243
1048 2607
1048 2654
1048 2783
1048 2893
1048 3614
1049 2246
1049 3099
1049 4196
1049 4244
1050 1736
1050 1960
1050 2457
1050 3588
1051 1073
1051 1311
1051 2412
1051 2723
1051 3833
1051 3994
1051 4078
1052 2009
1052 2249
1053 2189
1053 2223
1053 3472
1053 4156
1053 4186
1053 4501
1054 1468
1054 2204
1054 2720
1054 3853
1055 1313
1055 2783
1056 1239
1056 1826
1056 2308
1057 1593
1057 3126
1057 3323
1058 1098
1058 1623
1058 1980
1058 2972
1058 3057
1058 3629
1058 4030
1058 4088
1058 4582
1058 4978
1058 5076
1059 1284
1059 1372
1059 1972
1059 2426
1059 2963
1059 3129
1059 4184
1060 2105
1060 4402
1060 4580
1061 1255
1061 1527
1061 1722
1061 1966
1061 2718
1061 4183
1062 1085
1062 1101
1062 1448
1062 1519
1062 1532
1062 1685
1062 1851
1062 2450
1062 2493
1062 3431
1062 3654
1062 3925
1062 4116
1062 4254
1062 4326
1063 1575
1063 2840
1063 4613
1064 1103
1064 1271
1064 1323
1064 1599
1064 1812
1064 1823
1064 1920
1064 1935
1064 2266
1064 2312
1064 2388
1064 2906
1064 3788
1064 4245
1064 5024
1065 1408
1065 1493
1065 1635
1065 2011
1065 2136
1065 2163
1065 2435
1065 2540
1065 2773
1065 3200
1065 3326
1065 3330
1065 3493
1065 3711
1065 4750
1065 4839
1067 1443
1067 2183
1067 2343
1067 3044
1067 4222
1067 4303
1067 5008
1068 2068
1068 4371
1069 1204
1069 1366
1069 1403
1069 1629
1069 2050
1069 2431
1069 2540
1069 2720
1070 2144
1070 2283
1070 2541
1070 2590
1070 2726
1070 3270
1070 4185
1070 4229
1071 1147
1071 1922
1071 2092
1071 2405
1071 2895
1071 4169
1071 4282
1071 4521
1071 4963
1072 1132
1072 2456
1072 3169
1072 4300
1072 4764
1073 1311
1073 1536
1073 1644
1073 1848
1073 3106
1073 3571
1074 1128
1074 1429
1074 1576
1074 2768
1074 3516
1075 2059
1075 2269
1075 2479
1075 3720
1076 1379
1076 1979
1076 3052
1077 1277
1077 3382
1078 1508
1078 2214
1078 2443
1078 2458
1078 2499
1078 5084
1079 1150
1079 1233
1079 1801
1079 2947
1079 3441
1079 5011
1081 1222
1081 2801
1081 3529
1081 4530
1082 1675
1082 4576
1082 4671
1083 4465
1085 1685
1085 1693
1085 2785
1085 4131
1085 4652
1086 1464
1086 1718
1086 3649
1086 3703
1086 4734
1087 1259
1087 3488
1087 3496
1087 4608
1088 1202
1088 2326
1088 3049
1089 1734
1089 1874
1089 2131
1089 2824
1089 2832
1089 3013
1089 3528
1089 3653
1089 4844
1090 2303
1090 2320
1090 3444
1090 3869
1090 4405
1090 4911
1091 2208
1091 2246
1091 2336
1091 3015
1091 3684
1091 4029
1091 4060
1091 4165
1091 4580
1091 5087
1092 1426
1092 1616
1092 1646
1092 1833
1092 2233
1092 2531
1092 2538
1092 2752
1092 2753
1092 2954
1092 3613
1092 3841
1092 4337
1092 4683
1092 5097
1093 1238
1093 2154
1093 3525
1093 4493
1093 4673
1093 4714
1094 2002
1094 2343
1094 3593
1094 4654
1094 5062
1095 1940
1095 2383
1096 1310
1096 2410
1096 3325
1096 4311
1097 1318
1097 1705
1097 4137
1098 1972
1098 2802
1098 4301
1099 2068
1099 2375
1099 4754
1100 1267
1100 1372
1100 1510
1100 1804
1100 1938
1100 2140
1100 3032
1100 3318
1100 3656
1100 3828
1100 3838
1100 3922
1100 3991
1100 4044
1100 4079
1100 5048
1101 1207
1101 1380
1101 1758
1101 1934
1101 2633
1101 3201
1101 3666
1101 3787
1101 4326
1102 1463
1102 1586
1102 2468
1102 3866
1102 4608
1103 1787
1103 1823
1103 2266
1103 2505
1103 2784
1103 3071
1103 3089
1103 3487
1103 4426
1104 1572
1104 1807
1104 1819
1104 2392
1104 2971
1104 3893
1105 1113
1105 1278
1105 1387
1105 1433
1105 1871
1105 2183
1105 2383
1105 2852
1105 3750
1105 3761
1105 4095
1105 4476
1105 4553
1105 4657
1106 2456
1106 2723
1106 3044
1106 3249
1106 3833
1107 1401
1107 2528
1108 3376
1108 3605
1108 4060
1108 4936
1109 2745
1109 3916
1110 1300
1110 1539
1110 1550
1110 1721
1110 2247
1110 3651
1110 3806
1110 4136
1110 4857
1110 4872
1111 1174
1111 1281
1111 2442
1111 2613
1111 2996
1111 3148
1112 1169
1112 1231
1112 2361
1112 2952
1112 4350
1114 1282
1114 1419
1114 2197
1114 3223
1114 4925
1115 1587
1115 1665
1115 2230
1115 2418
1115 4916
1116 4507
1117 2062
1117 2777
1117 3779
1117 4404
1118 2511
1119 2169
1119 2700
1119 3241
1119 3692
1120 1630
1120 2120
1120 3096
1120 3505
1120 4494
1121 1124
1121 1701
1121 2311
1121 2754
1121 3154
1121 3344
1121 3541
1121 3923
1121 4168
1121 4492
1121 4891
1121 4951
1122 1189
1122 1934
1122 1976
1122 2032
1122 2241
1122 2325
1122 3349
1122 3866
1122 4260
1122 5010
1123 1299
1123 1914
1123 2021
1123 3592
1123 4971
1124 2101
1124 2754
1124 3154
1124 3885
1124 4097
1124 4178
1124 4626
1124 4951
1124 4962
1124 5053
1125 1602
1125 2402
1125 3108
1125 3754
1126 2010
1126 2627
1126 3041
1126 3479
1126 3506
1126 4115
1126 4531
1127 2143
1127 3146
1127 4467
1127 4534
1128 1521
1128 1580
1128 2653
1128 3640
1128 4345
1128 4383
1128 4636
1128 4936
1129 2149
1129 2166
1129 2415
1129 2503
1129 2689
1129 3029
1129 3131
1129 3206
1129 3582
1129 3837
1130 1523
1130 2697
1130 2850
1130 3004
1131 1414
1131 2184
1131 2526
1131 3846
1132 1366
1132 2177
1133 1717
1133 1727
1133 1993
1133 2264
1133 3355
1133 3369
1133 3373
1133 3898
1133 4427
1133 4476
1134 1863
1134 2269
1134 2393
1134 2617
1135 1219
1135 1615
1135 1994
1135 2084
1135 2352
1135 2894
1135 4272
1135 4315
1136 3242
1136 3743
1136 4103
1136 4364
1137 4140
1138 1516
1138 2074
1138 4096
1138 4579
1138 4966
1139 1611
1139 1711
1139 1722
1139 1815
1139 3194
1139 4340
1139 4789
1140 1473
1140 2447
1140 2936
1140 3489
1140 3911
1140 4127
1141 1837
1141 2584
1141 3233
1141 3526
1141 3721
1141 3765
1141 3999
1141 4741
1142 1167
1142 2440
1142 2464
1142 4167
1143 3250
1143 3547
1143 3586
1144 4424
1145 1337
1145 2186
1145 2832
1145 2925
1145 3583
1146 2119
1146 2348
1146 2979
1147 3364
1148 1160
1150 1301
1150 3999
1151 1758
1152 1159
1152 1217
1152 1220
1152 1750
1152 2253
1152 2267
1152 2345
1152 2494
1152 2799
1152 3276
1152 3386
1152 3547
1152 4078
1152 4116
1153 1509
1153 1585
1153 1629
1153 1696
1153 2556
1153 3933
1153 4203
1154 1513
1154 1963
1154 2252
1154 4006
1154 4322
1154 4573
1154 4790
1155 1215
1155 1238
1155 1642
1155 1794
1155 2213
1155 2219
1155 3251
1155 4180
1155 4537
1155 4639
1155 4907
1156 1942
1156 3748
1156 4440
1157 2104
1157 2194
1157 2965
1157 4054
1157 4430
1158 1321
1158 1886
1158 2934
1158 4591
1158 5068
1159 1220
1159 1569
1159 2170
1159 2266
1159 2578
1159 3335
1159 4967
1160 1415
1160 2606
1160 2787
1160 2839
1160 3803
1160 4705
1160 4964
1161 2647
1161 2991
1161 3339
1161 3704
1161 4615
1162 1722
1162 1931
1162 1943
1162 2178
1162 2325
1162 2367
1162 2380
1162 2404
1162 2413
1162 2421
1162 2530
1162 2874
1162 3619
1162 3646
1162 3917
1162 4235
1162 4428
1162 4455
1163 1176
1163 1332
1163 1333
1163 1492
1163 1614
1163 2176
1163 2519
1163 3316
1163 3717
1163 4577
1163 4710
1164 1318
1164 1356
1164 1413
1164 1430
1164 1525
1164 1637
1164 2866
1164 3411
1164 3604
1165 1350
1165 1651
1165 2153
1165 2542
1165 3413
1165 3467
1165 3524
1165 3752
1165 3765
1165 3867
1165 3896
1165 4632
1165 4721
1165 4805
1166 2994
1167 1451
1167 1896
1167 2473
1167 2960
1167 3267
1167 3759
1167 3946
1167 3985
1167 4220
1168 2227
1169 1217
1169 1306
1169 2419
1169 2585
1169 2618
1169 2768
1169 3005
1169 3659
1170 1437
1171 1517
1171 2124
1171 3464
1171 3689
1171 3823
1171 3954
1172 1391
1172 1402
1172 3747
1172 4870
1173 1299
1174 1326
1174 4397
1175 1358
1175 2210
1175 3387
1176 2025
1176 2382
1177 1708
1177 2007
1177 2549
1177 2570
1177 2674
1177 2929
1177 3325
1177 3776
1177 4214
1177 4947
1178 2527
1179 1260
1180 2187
1180 2356
1180 3043
1180 3356
1180 4298
1181 1187
1181 1225
1181 1297
1181 1318
1182 2902
1182 3164
1182 3420
1182 3832
1183 1826
1183 2188
1183 2733
1184 2038
1184 2629
1184 3400
1185 1392
1185 1422
1185 1432
1185 1520
1185 1549
1185 3653
1185 4538
1185 4939
1185 5087
1186 1302
1186 1457
1186 1999
1186 2642
1186 2962
1186 3913
1186 4922
1186 4943
1187 2012
1187 2668
1187 3051
1187 3296
1187 3363
1188 1603
1188 1609
1188 1657
1188 2260
1188 2294
1188 2307
1188 2855
1188 3365
1188 3501
1188 3613
1188 5045
1188 5063
1189 1712
1189 4288
1190 1512
1190 1529
1190 3147
1190 3827
1190 4170
1190 4191
1190 4228
1190 4328
1191 1948
1191 2000
1191 2414
1191 2665
1191 3431
1192 2486
1192 3364
1192 3789
1193 1320
1193 2128
1193 2284
1193 2952
1193 3227
1193 4351
1193 4371
1193 4778
1193 4840
1193 5050
1194 1650
1194 1803
1194 2906
1194 3594
1194 3607
1194 4371
1195 1364
1195 1616
1195 1716
1195 1824
1195 1859
1195 2358
1195 2661
1195 3237
1195 3363
1195 3620
1195 3843
1195 4592
1196 1248
1196 1434
1196 1924
1196 4139
1197 1746
1197 2222
1197 3444
1197 4300
1199 1957
1199 2054
1199 2196
1199 2250
1199 2713
1199 4162
1200 1545
1200 2407
1200 4391
1201 1802
1201 5045
1201 5096
1203 1490
1203 2016
1203 3532
1203 4574
1204 2323
1204 2909
1204 3532
1204 3757
1204 4442
1205 2722
1205 2828
1206 1645
1206 2214
1206 2774
1206 3067
1206 4019
1207 2007
1208 1446
1208 1810
1208 2900
1208 4022
1208 4176
1208 4667
1209 2160
1210 2203
1211 4799
1212 1376
1212 1713
1212 2103
1214 1455
1214 1804
1214 4779
1215 1317
1215 2213
1215 2285
1215 4180
1216 1257
1216 2900
1216 3135
1216 3616
1216 4325
1216 4977
1217 1220
1217 1306
1217 1708
1217 1902
1217 2429
1217 2491
1217 2683
1217 3534
1218 1296
1218 1917
1218 2350
1218 2415
1218 3539
1219 1768
1219 2827
1219 3428
1220 1306
1220 1902
1220 2494
1220 2510
1220 2577
1220 3276
1220 3505
1220 4106
1220 4954
1220 5037
1221 1483
1221 3709
1221 4498
1221 4906
1222 1239
1222 1347
1222 2791
1222 2837
1222 2917
1222 3733
1222 3758
1222 3824
1222 4530
1222 4692
1222 4949
1223 1227
1223 1417
1223 1476
1223 1724
1223 1849
1223 1965
1223 2351
1223 2498
1223 2518
1223 3474
1223 3548
1223 4515
1224 1666
1224 1877
1224 2221
1224 2228
1224 2380
1224 2602
1224 2697
1224 3448
1224 3822
1224 4626
1225 1737
1225 1970
1225 4553
1226 1556
1226 1566
1226 1655
1226 2167
1226 2681
1226 4092
1226 4123
1227 2579
1227 4116
1227 4956
1227 5000
1227 5003
1228 1328
1228 1416
1228 1505
1228 1571
1228 1599
1228 1667
1228 1852
1228 2471
1228 3138
1228 3266
1228 3993
1228 4353
1228 4935
1229 1608
1229 1867
1229 2033
1229 3858
1230 1319
1230 1336
1230 1465
1230 1659
1230 1672
1230 1862
1230 3570
1230 3645
1230 4642
1230 5049
1231 3035
1232 1277
1232 1463
1232 2681
1232 3033
1233 1248
1233 1330
1233 1515
1233 1885
1233 2377
1233 2503
1233 2618
1233 2648
1233 2685
1233 2905
1233 3514
1233 3535
1233 4413
1233 4605
1233 4710
1233 4715
1233 4908
1234 1918
1234 2215
1234 3338
1234 3533
1235 2529
1235 3061
1235 5074
1236 1511
1236 2078
1236 2460
1236 2815
1236 4649
1237 4247
1237 4710
1238 2066
1238 3014
1238 3462
1239 1296
1239 2262
1240 2266
1240 2689
1241 1274
1241 1977
1241 3014
1241 3418
1241 4918
1243 1344
1243 2397
1244 1969
1244 2293
1244 2568
1244 3104
1246 2733
1247 2127
1247 4699
1248 1885
1248 1924
1248 1994
1248 2584
1248 2630
1248 3356
1248 3474
1248 3705
1248 3926
1248 4077
1248 4596
1248 4605
1248 4746
1248 4903
1249 1352
1249 2278
1249 2482
1249 2657
1249 3098
1249 3369
1249 4411
1249 5029
1250 2566
1251 1694
1251 1724
1251 2276
1251 2411
1251 2526
1251 2616
1251 2668
1251 2728
1251 2947
1251 3377
1251 3445
1251 3569
1251 3917
1251 4714
1251 4751
1251 5056
1252 1792
1252 2462
1252 2482
1252 2567
1252 2625
1252 2705
1252 3168
1252 3545
1252 3872
1252 3964
1252 4088
1252 4603
1252 4891
1252 4950
1253 2359
1253 3242
1254 2237
1254 2378
1254 4074
1255 1966
1256 1282
1256 1830
1256 2174
1256 3097
1256 4990
1257 1259
1257 1282
1257 1501
1257 2108
1257 3006
1257 3667
1257 4232
1258 3962
1258 4198
1259 1404
1259 3338
1261 1347
1261 1611
1261 1732
1261 2553
1261 2949
1261 3721
1261 4174
1261 4683
1261 4755
1262 2117
1262 2681
1262 2818
1262 2847
1262 2967
1262 2977
1262 2986
1262 4573
1262 4947
1263 1341
1263 1655
1263 1664
1263 2075
1263 3138
1263 4774
1264 1346
1264 1551
1264 1865
1264 2118
1264 2212
1264 2945
1264 3388
1264 5061
1265 1317
1265 1676
1265 1821
1265 2387
1265 2398
1265 3429
1265 3635
1265 3665
1265 4302
1265 4539
1266 2818
1266 4366
1266 4567
1266 4629
1267 1361
1267 1372
1267 1467
1267 1647
1267 1668
1267 3079
1267 3270
1267 3997
1267 4465
1267 4691
1268 1329
1268 1774
1268 3166
1269 1487
1269 1598
1269 2447
1269 3142
1269 4986
1270 1458
1270 2521
1270 2597
1271 1613
1271 2398
1271 2804
1271 3568
1271 4183
1271 4204
1272 3719
1272 4068
1273 1405
1273 1843
1274 1906
1275 1564
1275 2287
1275 3403
1275 3441
1276 3033
1277 1513
1277 2391
1277 3267
1278 1756
1278 2992
1278 3597
1279 1545
1279 1550
1279 3839
1279 4845
1280 3458
1280 4038
1280 4534
1281 1418
1281 1774
1281 2892
1281 4664
1281 4705
1281 4848
1282 1601
1282 2024
1282 2094
1282 3223
1282 3501
1282 4282
1283 2606
1283 2853
1283 3005
1283 3611
1284 1688
1284 1728
1284 4248
1285 2271
1285 4002
1286 1553
1286 2021
1286 2518
1286 2912
1286 3307
1286 3678
1286 3756
1286 4634
1287 1432
1287 1737
1287 2109
1287 2696
1287 3327
1287 3513
1287 5054
1288 1299
1288 1446
1288 1884
1288 3193
1288 3602
1288 4263
1288 4588
1289 1925
1289 2605
1289 2715
1289 3330
1289 3492
1290 1893
1290 1991
1290 2098
1290 2710
1290 3042
1290 3202
1290 3518
1290 4354
1290 4717
1290 5089
1291 1720
1291 2501
1291 2693
1292 2234
1292 2370
1292 3362
1292 4808
1293 3732
1293 4284
1294 1731
1294 2492
1295 1351
1295 1422
1295 1628
1295 1779
1295 1836
1295 1959
1295 2537
1295 2576
1295 2638
1295 2672
1295 3664
1295 3893
1295 4373
1295 4736
1296 1341
1296 2990
1296 3053
1296 4277
1297 2126
1297 3609
1297 4621
1298 2278
1298 3233
1298 3888
1298 4865
1300 4136
1301 2413
1301 2873
1302 1621
1302 2962
1302 4025
1303 1380
1303 1511
1303 2001
1303 2173
1303 3433
1304 2307
1304 3219
1304 3590
1305 2079
1305 2622
1305 2701
1305 2994
1305 4317
1305 4556
1306 1643
1306 5037
1307 2931
1308 4691
1309 2996
1309 2998
1312 1329
1312 2586
1312 2881
1312 3002
1312 3156
1312 3968
1312 4461
1313 1439
1313 2999
1313 3273
1314 2125
1314 4073
1314 4302
1315 3150
1315 3309
1315 3615
1315 3869
1316 1913
1316 2883
1316 3561
1316 3808
1316 4592
1317 2155
1317 3729
1318 2630
1318 2639
1318 3481
1318 3681
1318 4993
1319 3273
1319 3310
1319 4014
1319 4847
1319 4913
1320 1582
1320 2500
1320 4786
1320 4807
1320 4909
1320 4964
1321 1496
1321 1710
1321 1893
1321 2092
1321 2651
1322 4098
1323 2633
1324 1562
1325 1502
1325 1509
1325 1583
1325 3470
1325 4220
1325 4496
1326 1619
1326 1649
1326 2276
1326 2509
1326 2517
1326 3239
1326 4075
1326 4506
1326 4634
1326 4854
1327 1574
1328 1912
1328 3187
1328 3324
1328 3634
1328 3652
1328 3706
1329 2219
1329 3163
1329 4799
1330 1597
1330 1700
1330 1873
1330 2191
1330 2495
1330 2735
1330 3144
1330 3504
1330 3871
1330 4527
1330 4830
1331 1358
1331 1600
1331 2374
1331 2389
1331 3151
1331 3668
1331 4564
1332 1604
1332 2003
1332 4405
1333 1402
1333 1614
1333 2186
1333 2706
1333 3546
1333 4864
1334 1418
1334 1795
1334 1832
1334 2094
1334 2296
1334 2792
1334 4531
1334 4763
1335 1616
1335 1743
1335 2099
1335 2572
1336 2620
1338 1972
1338 2750
1338 3812
1338 4728
1339 2505
1340 2282
1341 3053
1341 3639
1341 3736
1342 1710
1342 2204
1342 3341
1342 3409
1342 4138
1343 1656
1343 1866
1343 1939
1344 1666
1344 2397
1344 4339
1345 1658
1345 1859
1345 2304
1345 2472
1345 2942
1345 3360
1345 4212
1345 4682
1345 4890
1345 5067
1346 1469
1346 1865
1346 2615
1346 3764
1346 4899
1346 5061
1347 2837
1347 3597
1347 3733
1347 3892
1348 2043
1348 2319
1348 2466
1348 2612
1348 2785
1348 4209
1348 4527
1349 1394
1349 1850
1349 2045
1349 2833
1349 3192
1349 3418
1349 3561
1349 3611
1349 3722
1349 4028
1349 4057
1349 4145
1349 4232
1349 4396
1350 1798
1350 2357
1350 3478
1350 4521
1351 2634
1351 4680
1352 3916
1353 1361
1353 1668
1353 1894
1353 1899
1353 2717
1353 2720
1353 3121
1353 3155
1353 3292
1353 4056
1353 4519
1353 4547
1353 4700
1353 4761
1353 5025
1354 1375
1354 1671
1354 3336
1354 4303
1355 1829
1355 2015
1355 2362
1355 2664
1355 3298
1355 4065
1355 4292
1355 5051
1355 5076
1356 1784
1356 4433
1357 4306
1358 1536
1358 1691
1358 2270
1358 2389
1358 3081
1358 3144
1358 3353
1358 4058
1358 4218
1359 1568
1359 1892
1359 2025
1359 2569
1359 3413
1359 3555
1360 3080
1360 4124
1361 1668
1361 1894
1361 2740
1361 2804
1362 1997
1362 2038
1362 2922
1363 1948
1363 3206
1364 4168
1365 1698
1365 2607
1366 1506
1366 1537
1366 3588
1367 1485
1367 1644
1367 2761
1367 2771
1367 2869
1367 3851
1367 4068
1367 4198
1367 4514
1368 5058
1369 2236
1369 2470
1369 4981
1370 1768
1370 2056
1370 2405
1370 2480
1370 2889
1370 3238
1370 5094
1371 3408
1371 4116
1372 1591
1372 3066
1372 3656
1373 2338
1373 2370
1373 2714
1373 3507
1373 5020
1374 1764
1374 4382
1375 3855
1376 1617
1376 1920
1377 2368
1377 3416
1378 2286
1378 4205
1379 1878
1379 1979
1379 2042
1379 2442
1380 1751
1380 3275
1380 4494
1381 1838
1381 1986
1381 2427
1381 2628
1381 2742
1381 3731
1381 3810
1381 4126
1381 4682
1381 4997
1382 1721
1382 2154
1382 2213
1382 3116
1382 3741
1382 4875
1382 5008
1383 1533
1383 2012
1383 2492
1383 2865
1383 2916
1383 3117
1383 3177
1383 3383
1383 3666
1383 3757
1383 4859
1384 1504
1384 1979
1384 2206
1384 3252
1384 3306
1384 3770
1384 4835
1385 2205
1385 2252
1385 2401
1385 2428
1385 2687
1385 2835
1385 3024
1385 3059
1385 3117
1385 3651
1385 4004
1385 4145
1385 4730
1386 2499
1386 3680
1387 1843
1387 1861
1387 2284
1387 2852
1387 2875
1387 2904
1387 3508
1387 3778
1387 3929
1387 4125
1387 4464
1388 1813
1388 1824
1388 1928
1388 2048
1388 2073
1388 2302
1388 2912
1388 2919
1388 3047
1388 3560
1388 3664
1388 3955
1388 4340
1388 4545
1388 4569
1389 1623
1389 1800
1389 2269
1389 2755
1389 2899
1389 3218
1389 4118
1389 4639
1390 3783
1390 4665
1391 2103
1391 2987
1392 1421
1392 1854
1393 2051
1393 2524
1393 4565
1394 1461
1394 3531
1394 4057
1395 1827
1395 1984
1395 3691
1395 4182
1395 4675
1395 4850
1396 1541
1396 1738
1396 2469
1396 2716
1397 3006
1397 3280
1397 4050
1398 2318
1398 4560
1398 4685
1398 4726
1399 1466
1399 1761
1399 3514
1400 5055
1401 1573
1402 2734
1403 1962
1403 2045
1403 2348
1403 2431
1403 3393
1403 5012
1404 3013
1404 3375
1405 1909
1405 4729
1406 3167
1406 4787
1407 3266
1407 4583
1408 1613
1408 1817
1408 2011
1408 2646
1408 2993
1408 3174
1408 3711
1409 1850
1409 2596
1409 3468
1410 1831
1410 2305
1410 2831
1410 3016
1410 3684
1410 3698
1410 4655
1411 2819
1411 3907
1411 4679
1411 4867
1411 4899
1411 5010
1412 1447
1412 1501
1412 2064
1412 2344
1412 2470
1412 4183
1412 4735
1413 1636
1413 1838
1413 2019
1413 2257
1413 2530
1413 2657
1413 2817
1413 3130
1413 3593
1413 3882
1413 4094
1413 5062
1414 1437
1414 1882
1414 1972
1414 2831
1414 3634
1414 3688
1414 4238
1414 4606
1414 4911
1415 2028
1415 2299
1415 2316
1415 2884
1415 3006
1415 3663
1415 3691
1415 3936
1415 4289
1416 2530
1416 2593
1416 3917
1416 3918
1417 2717
1417 4549
1418 1500
1418 1764
1418 2753
1418 2986
1418 3026
1418 4097
1418 4320
1418 4562
1418 4951
1419 1596
1419 3387
1419 4236
1419 4256
1419 4925
1419 5006
1420 3028
1421 1605
1421 1822
1421 3469
1421 4810
1422 1466
1422 1549
1422 1793
1422 2045
1422 2132
1422 2161
1422 4538
1423 1947
1423 2309
1423 2765
1423 3579
1423 4177
1423 4564
1423 4900
1424 3586
1424 4231
1425 2139
1426 1538
1426 2764
1426 4243
1426 4252
1426 4694
1426 4718
1427 4785
1427 5074
1428 3009
1428 3050
1428 3388
1429 1611
1429 3622
1430 1669
1430 2683
1431 1809
1432 1549
1432 4380
1433 2433
1433 3332
1433 3408
1435 2061
1435 3074
1436 1447
1436 1665
1436 1784
1436 2192
1436 4139
1436 4400
1437 1680
1437 3019
1438 3763
1439 2613
1439 3954
1440 1728
1440 2078
1440 2641
1440 2884
1440 3035
1440 3208
1440 4481
1441 2116
1441 3473
1442 2786
1442 2935
1443 1697
1443 1775
1443 1785
1443 2305
1443 3625
1443 3674
1443 4905
1443 4966
1443 5013
1444 2049
1444 3370
1444 4303
1444 4482
1444 5064
1445 3154
1445 3929
1445 3956
1446 1810
1446 2031
1446 2220
1446 2289
1446 2308
1446 2530
1446 3658
1446 4551
1448 1568
1448 1788
1448 2515
1448 2525
1448 2571
1448 2981
1448 2985
1448 3241
1448 4254
1448 4772
1449 3128
1449 3710
1450 3257
1451 1896
1451 2359
1451 2846
1451 3317
1452 1839
1452 3645
1452 3693
1452 3909
1453 4126
1454 2040
1454 2658
1454 2686
1454 3070
1455 1616
1455 1715
1455 1905
1455 2323
1455 4325
1455 4392
1455 4816
1455 4824
1456 1601
1456 1603
1456 2117
1456 2306
1456 2522
1456 3710
1456 3728
1457 2642
1457 3249
1457 3657
1458 1594
1458 2306
1458 2610
1458 2751
1458 4412
1459 2777
1459 3631
1461 3839
1462 2237
1463 3311
1463 3948
1463 4155
1464 3017
1464 3274
1464 3349
1464 3995
1464 4734
1465 1555
1465 3083
1465 3700
1465 4976
1466 1714
1466 2607
1467 2313
1467 3030
1468 3311
1469 4081
1471 2631
1471 2899
1472 1915
1472 2202
1472 2302
1472 2494
1472 2519
1472 3758
1472 4862
1473 1613
1473 1682
1473 2616
1473 4127
1473 4623
1474 3086
1474 3210
1474 4678
1474 4912
1475 2579
1475 3541
1475 3731
1475 4085
1476 1689
1476 2692
1476 2890
1476 3059
1476 3548
1476 3722
1476 4109
1477 1693
1477 1985
1477 2332
1477 2810
1477 3437
1477 4338
1477 4604
1477 4989
1478 1884
1478 1892
1478 2082
1478 2268
1479 3810
1479 4368
1479 4570
1479 4620
1480 1967
1480 2558
1480 2586
1480 4163
1481 2634
1481 2825
1481 3094
1481 3282
1481 3812
1482 2182
1482 2274
1482 3046
1482 4581
1482 4744
1483 4906
1484 1498
1484 4118
1485 2469
1485 2746
1485 4054
1486 2119
1486 4476
1487 1832
1487 2039
1487 3565
1487 4922
1488 3378
1488 3783
1488 4021
1488 4515
1489 1939
1489 2115
1489 2468
1489 2501
1489 2602
1489 2698
1489 3419
1489 3841
1489 4179
1489 4303
1489 4686
1490 2318
1490 2887
1490 3771
1490 4372
1490 4528
1490 4574
1491 1790
1491 2128
1491 3242
1491 4511
1492 1542
1492 2054
1492 2137
1492 3265
1492 3478
1492 3870
1492 4093
1492 4598
1492 4794
1493 1620
1493 2888
1493 3182
1493 3780
1493 4078
1493 4574
1493 4606
1494 2342
1495 4643
1496 1558
1496 2577
1496 4495
1496 4747
1497 2628
1497 4826
1498 4861
1499 1602
1499 4117
1500 2089
1500 3575
1500 3751
1501 2001
1501 2344
1501 2701
1501 2920
1501 3347
1501 4053
1501 5088
1502 4614
1503 1577
1504 1756
1504 1992
1504 2206
1504 2365
1504 3155
1504 3312
1504 3610
1504 3905
1504 4240
1504 4850
1505 2111
1505 2334
1505 3862
1506 1542
1506 1553
1507 3029
1507 3780
1507 4018
1507 4036
1507 4739
1507 5082
1508 2052
1508 2710
1508 3068
1508 4557
1509 1891
1509 1944
1509 2048
1509 2384
1509 2982
1509 3103
1509 3296
1509 4111
1509 4888
1509 4897
1510 1804
1510 1926
1510 2436
1510 2916
1511 1677
1511 1805
1511 2122
1511 2432
1511 2453
1511 2579
1511 2667
1511 2938
1511 3815
1511 4737
1511 4741
1511 4943
1512 1585
1512 1737
1512 1799
1512 2680
1512 3361
1512 3487
1512 4462
1512 4815
1512 4886
1513 2107
1513 2162
1513 4491
1514 1901
1514 2751
1516 3160
1516 3694
1516 4208
1517 1686
1517 2124
1517 2888
1517 3163
1517 3883
1517 4949
1518 2223
1518 3754
1518 3861
1518 4189
1519 2617
1519 2678
1519 3025
1520 3950
1521 1794
1521 2575
1521 3204
1522 3224
1522 4808
1523 2069
1523 2591
1523 5036
1524 1844
1524 2976
1525 1554
1525 1834
1525 2598
1525 2866
1525 3609
1525 3610
1526 2484
1526 2977
1526 3399
1526 3464
1526 4611
1527 1706
1528 1821
1528 1939
1528 2147
1528 2454
1528 3880
1528 4185
1529 1860
1529 2363
1529 4040
1529 4403
1530 2122
1530 2533
1530 3855
1531 3092
1531 3726
1532 2763
1533 1997
1533 2012
1534 2948
1534 3416
1534 4175
1535 1554
1536 1956
1536 2179
1536 2270
1536 2460
1536 2626
1536 3412
1536 3987
1536 4828
1536 5009
1537 1719
1537 2800
1538 2413
1538 2764
1538 2833
1538 3131
1538 4373
1538 4942
1539 2187
1539 2283
1539 2364
1539 2447
1539 2525
1539 3132
1539 3145
1539 3371
1539 3568
1539 4350
1539 4662
1539 4676
1540 1723
1540 2102
1540 2131
1540 2345
1540 2673
1540 4274
1541 4954
1542 1898
1542 4213
1542 4945
1543 1632
1543 1936
1543 2593
1543 3048
1543 3149
1543 4352
1544 2875
1544 3219
1545 1914
1545 2220
1545 2719
1545 3753
1545 4845
1546 1697
1546 2503
1546 2624
1546 3774
1547 3562
1547 3596
1547 3768
1547 4300
1548 3134
1548 3658
1550 4883
1551 1560
1551 2022
1551 3059
1551 3225
1551 3826
1551 3960
1552 2029
1552 2059
1552 4504
1553 2195
1553 2356
1553 2672
1553 3307
1554 1617
1554 1656
1554 1717
1554 1938
1554 2235
1554 2517
1554 2848
1554 3111
1554 3939
1554 3989
1554 4709
1554 4725
1554 4832
1554 4937
1554 5048
1555 2904
1555 2933
1555 3294
1555 4052
1555 4290
1556 2016
1556 2330
1556 3431
1556 3549
1556 3618
1556 4339
1556 5037
1559 2023
1559 4012
1559 4307
1560 1807
1562 2662
1563 4816
1565 3675
1566 1676
1567 3237
1567 3708
1567 4005
1568 2569
1568 3301
1568 3860
1568 3873
1569 1888
1569 3105
1569 3628
1569 3777
1569 3890
1569 4001
1570 2615
1570 3199
1570 3485
1570 4347
1571 3385
1571 3699
1571 3934
1571 4396
1572 1625
1572 1923
1572 2197
1572 3017
1572 3309
1572 4077
1572 4332
1572 4509
1572 4812
1573 2004
1573 2140
1573 2243
1573 2554
1573 2759
1573 3067
1573 3336
1573 3407
1573 3595
1573 4118
1573 4624
1574 2489
1574 2692
1575 1778
1575 2342
1575 2576
1575 3052
1575 4452
1575 5092
1576 2769
1576 2839
1576 5091
1577 1630
1577 3029
1577 3446
1577 3531
1578 2047
1578 4809
1579 3851
1579 3888
1579 4115
1579 4441
1580 1705
1580 1967
1580 2115
1580 2483
1580 3988
1580 4016
1580 4168
1580 4383
1580 4420
1581 2220
1582 1769
1582 1955
1582 2943
1582 4807
1583 1687
1583 1744
1583 1791
1583 2240
1583 2501
1583 2869
1583 2925
1583 3742
1584 1880
1584 2072
1584 2148
1584 2555
1584 2581
1584 3395
1584 4409
1585 2119
1585 2680
1585 4338
1585 4580
1586 3553
1586 3709
1586 5018
1587 1645
1587 2352
1587 2422
1587 4242
1587 4513
1588 1767
1588 3328
1588 4279
1588 4988
1590 1666
1590 1824
1590 2358
1590 2700
1590 2795
1590 3213
1590 4068
1590 4968
1592 3284
1593 1995
1593 3284
1593 4544
1593 4971
1594 2544
1595 2394
1595 3788
1596 3088
1596 3845
1596 4586
1597 2798
1597 3625
1597 4822
1599 1667
1599 4234
1600 1906
1600 2374
1600 4271
1601 1845
1601 1866
1601 2024
1601 2605
1601 3223
1601 3532
1601 4585
1602 2875
1602 3394
1602 3598
1602 3758
1603 2033
1603 2798
1603 3885
1604 2254
1604 2396
1604 2709
1604 3714
1604 4406
1604 4758
1604 4781
1604 4880
1604 5079
1604 5090
1605 2183
1605 3949
1606 1769
1606 2857
1606 3255
1606 4012
1606 4268
1606 4367
1606 4698
1606 4807
1607 1619
1607 3195
1608 1855
1608 2353
1608 3054
1608 3880
1608 4640
1609 1682
1609 2215
1609 2696
1609 2707
1609 2891
1609 3172
1609 3875
1609 4088
1609 4484
1609 4800
1609 4915
1609 4923
1610 1883
1610 1999
1610 2077
1610 2285
1610 3186
1610 4910
1611 1704
1611 2235
1611 2277
1611 2315
1611 2403
1611 2552
1611 3021
1611 3380
1611 3622
1611 4076
1611 4149
1611 4150
1611 4467
1612 2719
1612 2749
1612 3572
1613 1682
1613 1706
1613 2037
1613 2611
1613 2646
1613 4178
1614 1785
1614 3737
1615 2827
1615 3466
1615 3801
1615 3842
1615 4062
1615 4210
1616 1646
1616 1985
1616 2661
1616 2845
1616 3250
1616 4816
1617 1656
1617 1935
1617 3601
1617 4193
1618 3161
1618 3302
1618 3435
1619 2006
1619 2373
1619 2509
1619 2721
1619 3619
1620 1856
1620 2682
1620 3170
1620 4066
1620 4267
1620 4774
1621 1846
1621 2557
1621 3022
1621 3352
1622 1913
1622 3129
1622 3388
1622 4234
1623 2093
1623 2360
1623 3057
1623 3064
1623 3536
1623 4520
1624 1839
1624 1940
1624 2049
1624 2208
1624 2325
1624 2821
1624 3159
1624 3322
1625 1730
1625 1931
1625 1937
1626 4528
1627 1747
1629 4015
1630 3096
1630 4357
1631 2493
1631 3478
1632 1663
1633 3831
1633 3977
1633 4358
1634 1881
1634 2193
1634 2871
1635 2923
1635 3200
1635 3848
1636 1838
1636 3953
1637 1809
1637 3604
1637 4842
1638 2201
1638 2644
1638 3047
1638 3168
1638 3564
1639 3221
1639 3512
1639 3678
1639 3782
1639 4542
1640 2023
1640 2485
1640 2550
1640 2745
1640 3251
1640 3438
1640 3633
1640 3664
1640 4043
1640 4256
1642 2683
1642 3157
1642 3884
1643 4553
1643 4776
1644 2771
1644 2895
1644 3063
1644 3705
1646 2538
1646 2611
1646 2954
1646 3351
1646 4056
1647 1788
1647 2520
1647 2571
1647 2865
1647 3971
1647 4419
1648 1749
1648 2751
1648 2792
1648 3281
1648 3448
1648 4805
1649 2075
1649 2104
1649 3125
1649 5044
1650 3122
1650 3607
1650 4909
1651 2706
1651 3483
1652 1885
1652 4028
1652 4431
1654 2893
1655 2318
1657 2294
1657 3718
1657 4804
1657 4888
1658 2029
1658 4140
1658 5067
1659 4495
1661 2423
1663 2041
1663 2773
1663 3556
1663 4370
1664 2075
1664 3984
1664 4622
1664 4832
1665 1726
1665 2061
1665 2077
1665 2216
1665 2418
1666 2291
1666 4968
1667 2471
1667 4246
1667 4353
1667 4935
1668 3439
1669 1793
1669 1976
1669 2427
1669 2456
1669 2595
1669 2683
1669 3050
1669 3101
1669 4245
1669 4590
1669 4757
1670 1762
1670 1845
1670 2510
1670 2992
1670 3175
1670 3189
1670 3914
1670 3969
1670 4109
1670 4276
1670 4651
1670 4884
1671 2561
1671 4635
1672 1959
1672 2756
1672 3459
1672 3602
1672 3752
1672 4786
1673 2207
1673 2524
1673 2612
1673 4096
1673 5060
1674 2196
1674 3376
1674 3835
1675 4285
1676 1983
1676 3630
1676 4059
1676 4621
1677 5086
1678 1806
1678 4676
1679 1730
1679 2091
1679 2369
1679 2372
1679 3019
1679 3053
1679 3335
1679 3542
1680 1729
1680 1763
1680 1982
1680 3019
1680 4066
1681 1857
1681 2373
1681 2446
1681 3614
1681 3935
1681 3980
1682 2809
1682 4127
1683 2195
1683 2663
1683 2703
1684 2512
1684 3643
1684 4627
1684 4780
1684 4957
1685 2459
1686 2157
1686 2606
1686 3606
1686 4134
1687 1744
1687 1914
1688 2621
1688 3931
1688 4950
1688 5006
1689 2258
1689 4042
1689 5053
1690 2582
1691 1901
1691 2959
1691 4026
1691 4878
1693 1860
1694 2282
1694 2937
1694 4008
1694 5031
1695 1846
1695 3130
1695 4591
1697 1894
1697 2011
1697 2106
1697 3676
1697 3826
1697 4064
1697 4637
1697 5034
1698 2806
1698 3720
1698 4110
1698 4744
1699 2707
1699 3364
1699 4360
1700 2191
1700 2494
1700 2498
1700 2529
1700 2746
1700 2889
1700 2939
1700 2961
1700 3601
1700 3615
1700 4085
1700 4323
1700 4351
1700 4356
1700 4672
1700 4713
1700 4727
1700 4843
1701 2408
1702 2591
1702 3787
1702 4042
1702 4191
1702 5000
1702 5093
1703 2742
1703 3612
1703 4291
1705 2151
1705 2483
1705 2506
1705 2949
1705 2987
1705 3578
1705 3900
1705 4778
1706 2005
1706 3866
1706 3873
1706 4886
1706 5036
1707 2347
1707 3132
1707 3822
1708 1968
1708 2153
1708 2245
1708 2570
1708 2907
1708 3044
1709 1993
1709 2945
1709 4237
1709 4328
1709 4438
1709 5023
1710 2092
1710 2658
1710 2815
1710 3256
1710 4474
1711 1714
1711 1760
1711 2326
1711 3060
1711 4331
1712 1748
1712 2088
1712 3256
1712 3486
1712 4288
1714 4331
1715 3455
1716 2791
1716 4101
1717 1993
1717 2262
1717 2454
1717 5093
1719 1997
1719 2466
1719 2619
1719 3585
1719 4058
1720 3483
1720 3497
1721 2213
1721 3116
1721 3651
1722 2380
1722 3749
1724 4572
1725 1817
1728 3906
1729 1946
1729 2086
1729 2452
1729 2725
1729 3171
1729 3316
1729 3484
1729 3908
1729 4975
1730 2272
1730 2724
1731 1866
1731 2116
1731 2521
1731 2826
1731 2999
1731 3077
1731 3626
1731 4159
1732 1734
1732 2202
1732 2299
1732 2614
1732 3787
1732 4107
1732 4871
1732 5070
1733 2235
1734 2363
1734 2504
1734 2739
1734 2974
1734 4107
1734 4388
1734 4422
1735 2424
1735 2483
1735 2625
1735 2953
1735 3087
1735 3522
1735 3631
1735 3653
1735 3740
1735 3940
1735 4133
1735 4307
1735 4326
1735 4562
1735 4671
1735 5039
1736 1911
1736 3010
1736 5092
1737 1838
1737 2474
1737 4362
1738 2975
1739 3211
1739 3392
1739 4020
1740 1754
1740 2944
1740 3340
1740 3423
1740 4153
1740 4602
1740 4757
1741 3477
1741 4428
1742 1909
1742 2814
1742 3040
1742 3687
1743 1750
1743 1958
1743 2539
1743 2764
1743 3391
1743 3422
1743 3682
1743 3734
1744 1849
1744 2240
1744 2353
1744 2756
1744 2863
1744 2919
1744 3224
1744 4102
1744 4874
1744 5070
1745 5052
1746 2632
1746 4963
1747 2209
1747 2667
1747 4084
1747 4949
1747 4981
1748 1879
1749 2137
1749 2448
1749 5059
1750 1953
1750 4704
1752 3467
1752 4635
1752 4898
1753 1887
1753 3110
1753 3341
1753 3553
1753 3676
1753 3948
1754 2020
1754 4308
1755 4144
1756 2995
1756 3438
1757 4295
1758 1974
1758 2405
1759 2913
1759 3655
1760 3136
1760 4702
1761 2706
1761 2715
1761 2796
1761 2824
1761 3289
1761 4249
1761 4475
1761 4784
1762 2034
1762 2689
1762 4122
1762 4171
1762 4330
1762 4409
1762 4497
1762 4796
1763 1877
1763 2243
1763 2531
1763 3229
1763 4464
1764 2010
1764 2415
1764 3315
1764 3582
1764 4482
1765 3633
1766 2041
1766 2534
1766 4215
1767 2330
1767 2626
1767 3975
1767 4383
1768 2827
1769 2080
1769 3140
1769 4157
1770 2666
1770 2778
1770 3963
1771 1825
1771 2548
1771 2588
1771 2728
1771 2805
1771 3160
1771 3406
1771 3745
1771 3958
1771 4356
1771 4740
1771 4890
1772 1959
1772 3423
1773 1907
1773 2138
1773 2725
1773 2903
1773 3280
1773 3503
1773 3789
1773 4905
1774 3348
1774 3420
1774 5031
1775 2196
1775 2858
1775 2879
1775 4444
1775 4456
1775 4795
1775 4859
1775 4999
1776 2588
1776 3782
1776 4747
1777 2991
1777 3697
1777 4883
1778 1806
1778 2174
1778 2571
1778 2898
1781 3303
1781 4510
1782 1815
1782 2652
1782 3311
1784 2377
1784 3074
1784 4433
1785 1829
1786 2507
1786 4108
1787 3658
1788 3762
1788 4586
1789 3295
1789 3684
1790 2128
1790 2975
1790 3242
1790 3918
1790 4936
1791 2067
1791 2338
1792 1973
1792 3698
1792 4523
1793 2161
1793 2427
1793 2564
1793 2659
1793 3670
1793 4006
1793 4091
1793 4162
1794 2665
1794 3278
1794 4363
1795 1833
1795 3646
1795 4223
1796 2187
1796 2548
1796 2878
1796 3492
1796 4877
1797 3438
1797 4758
1797 4882
1797 5027
1798 2495
1799 1834
1799 2847
1799 3361
1799 4304
1801 1832
1801 1882
1801 1890
1801 1946
1801 2357
1801 2411
1801 2675
1801 2966
1801 3491
1801 3957
1802 1804
1802 2226
1802 5096
1803 3696
1803 4449
1804 2010
1804 2436
1804 3299
1805 4439
1806 2024
1806 3095
1806 3291
1806 3472
1806 4083
1806 4676
1806 4806
1806 4985
1806 5083
1807 2956
1808 1940
1808 2136
1809 3604
1809 4173
1809 4418
1809 4633
1810 2931
1811 2629
1811 2813
1811 3198
1811 3367
1811 3859
1811 3937
1811 4119
1814 2259
1814 4504
1815 2600
1817 1889
1817 2859
1817 2918
1817 4480
1818 1922
1818 2913
1818 3726
1818 4008
1820 3457
1820 4134
1820 4670
1820 4940
1821 2381
1821 2749
1821 3635
1821 4999
1822 4737
1823 1876
1823 4811
1824 2358
1824 2772
1824 3717
1825 1956
1825 2202
1825 2226
1825 2528
1825 3934
1826 2167
1826 2553
1826 2889
1826 3023
1826 3270
1826 3290
1826 3534
1826 3972
1826 4293
1826 4552
1826 4656
1826 4790
1826 4947
1827 2042
1828 2087
1828 2172
1828 2198
1828 2360
1828 2371
1828 2993
1828 3802
1828 4086
1828 4566
1829 1967
1829 2555
1829 3396
1829 4447
1829 4529
1830 1868
1830 2560
1830 2956
1830 2967
1830 4093
1830 4149
1830 4452
1831 2301
1831 2351
1831 2501
1831 3289
1831 3306
1831 3545
1831 4655
1831 5082
1832 2108
1832 2306
1832 4412
1833 1950
1833 2301
1833 2752
1833 3996
1834 2623
1834 3104
1834 3168
1835 2320
1835 2849
1835 3002
1836 2062
1836 2087
1836 2915
1836 5004
1837 2002
1837 2395
1837 2506
1837 2676
1838 1853
1838 1986
1838 2474
1838 5032
1839 1985
1839 2090
1839 2245
1839 4061
1840 1964
1840 3278
1841 2014
1842 2923
1842 3524
1842 4187
1843 2497
1843 2543
1843 2640
1843 4050
1843 4151
1843 4585
1845 3175
1845 4257
1846 2425
1846 3295
1846 4661
1847 4034
1848 2291
1848 2955
1848 4472
1849 1965
1849 2919
1849 4201
1850 3192
1850 4824
1852 2416
1852 4937
1852 4980
1856 3520
1856 3558
1856 4231
1856 4435
1857 3935
1857 4260
1857 4618
1857 4760
1858 2362
1858 2512
1858 2862
1858 3530
1858 3702
1858 3983
1859 3085
1859 3180
1859 3724
1859 4592
1859 4718
1860 2327
1860 2769
1860 4126
1861 2412
1861 2628
1861 3140
1861 3190
1861 3238
1861 3272
1861 3354
1861 3470
1861 4817
1861 5020
1862 2211
1862 2682
1862 3109
1862 4705
1862 5047
1863 2155
1863 2871
1863 3038
1863 3337
1864 2951
1864 4299
1864 4667
1865 3713
1866 2432
1866 3777
1867 1898
1867 2084
1867 2135
1867 2349
1867 2851
1867 2921
1867 4568
1867 4952
1868 2046
1868 2502
1868 2787
1868 2844
1868 3102
1868 3970
1868 4169
1868 4785
1869 2292
1869 3630
1869 4893
1870 2056
1870 2359
1870 2581
1870 3060
1870 4676
1871 2651
1871 3571
1871 4434
1871 4729
1872 4680
1873 1992
1873 2439
1873 2735
1873 2937
1873 3521
1873 3524
1873 4279
1874 4781
1875 2776
1875 3444
1875 4174
1876 2035
1876 3406
1877 2697
1877 3110
1877 3673
1877 4203
1878 1892
1878 1910
1878 2013
1878 2107
1878 3204
1878 3512
1879 4381
1880 3669
1880 5017
1881 1949
1881 2193
1881 2643
1881 3434
1881 3435
1882 2675
1882 3781
1883 2738
1884 3119
1884 3193
1885 1994
1886 1899
1886 3830
1887 2227
1887 3853
1888 2726
1888 2780
1888 2890
1888 3909
1888 3914
1888 4855
1889 2363
1890 2561
1890 2610
1890 3494
1890 4644
1891 2026
1891 2280
1891 2982
1891 3287
1891 3296
1891 3537
1891 3662
1891 4659
1891 4820
1891 4831
1892 2849
1892 3127
1892 3312
1892 3372
1892 3413
1892 3512
1892 3544
1892 4226
1892 4965
1893 2393
1893 2749
1893 3856
1893 4451
1893 4597
1894 2120
1894 2819
1894 2902
1894 3337
1894 3826
1894 3927
1894 4349
1894 4776
1894 4866
1895 1900
1895 2150
1895 3232
1895 3908
1895 4156
1896 1930
1896 3946
1896 4882
1897 2392
1897 3172
1897 3205
1897 3474
1897 3621
1897 4984
1898 2228
1898 4159
1898 4213
1899 2125
1899 2708
1899 3688
1899 4389
1900 2345
1900 2361
1900 2853
1900 3200
1900 3232
1900 4268
1901 5046
1902 2812
1904 2279
1904 3304
1904 3459
1904 4179
1905 3084
1905 4288
1905 4392
1906 2984
1907 2600
1907 3145
1908 3319
1910 3153
1910 4759
1911 3947
1913 2018
1913 2288
1913 2426
1913 3119
1914 2992
1914 3089
1914 3323
1914 3461
1914 3592
1914 3709
1914 4186
1916 2450
1916 2859
1916 3424
1916 4688
1917 2563
1917 3136
1918 2215
1918 3845
1918 4478
1918 4955
1920 3891
1920 4848
1920 4975
1921 2725
1921 3025
1922 2059
1922 2092
1922 2806
1922 3066
1922 3864
1922 4712
1922 4744
1923 3603
1923 3848
1923 4080
1923 4812
1924 1968
1924 2513
1924 2703
1924 2821
1924 3100
1924 3239
1924 3375
1924 3412
1924 4222
1924 4996
1925 1928
1925 2349
1925 4833
1926 2013
1926 3560
1926 3697
1926 3702
1927 2650
1927 3082
1927 3416
1928 2866
1929 2506
1929 2920
1929 4239
1929 4454
1930 2125
1930 2465
1932 3822
1932 3921
1932 4969
1933 2050
1933 2399
1933 2804
1933 2922
1933 3650
1933 4267
1934 2699
1934 3129
1934 3182
1934 3205
1934 3504
1934 3666
1934 4568
1934 4627
1934 4793
1934 4973
1934 5010
1935 1949
1935 3252
1935 3911
1936 2845
1936 3195
1936 3430
1936 4197
1936 4352
1936 4953
1937 2606
1937 2955
1938 2848
1938 4937
1939 2808
1939 3299
1940 2101
1940 2325
1940 4752
1941 4644
1942 2941
1942 2946
1942 3962
1942 4440
1942 4486
1942 4995
1943 3648
1943 4270
1944 2384
1944 2422
1944 2990
1945 2622
1945 4717
1946 2086
1946 2652
1946 2761
1946 3908
1947 2278
1947 2520
1948 2000
1948 2214
1948 4914
1949 5034
1950 4565
1950 4926
1951 3345
1951 4933
1953 4302
1954 2236
1954 2702
1954 3095
1954 3367
1955 2082
1955 2225
1956 2270
1956 3192
1956 3560
1956 4149
1956 5009
1957 2181
1957 2250
1957 4090
1957 4284
1957 4706
1958 2354
1958 5051
1959 2489
1959 4656
1960 2342
1960 3373
1960 4775
1961 2713
1962 2348
1962 2543
1962 3068
1962 3191
1962 3245
1962 3693
1962 4005
1962 4610
1963 2846
1963 4721
1964 1982
1964 2320
1964 2589
1964 3234
1964 3484
1965 4515
1966 2775
1966 2839
1966 3059
1966 3208
1966 3771
1966 4164
1966 4331
1966 4733
1967 4383
1968 2703
1969 2731
1969 3876
1969 4960
1970 4638
1971 3213
1971 3820
1971 4793
1973 2777
1973 3135
1973 3313
1973 4364
1974 1990
1974 2070
1974 4161
1974 5069
1975 1988
1975 3518
1975 3539
1976 2765
1976 3230
1978 2859
1978 2966
1978 3701
1980 4030
1981 2067
1981 3477
1981 3965
1982 2112
1982 2654
1984 2170
1984 2808
1985 2293
1985 2845
1985 3437
1985 3862
1985 4273
1985 4551
1986 3162
1987 2017
1987 2158
1987 2163
1987 2658
1987 3253
1987 3806
1987 4942
1988 2734
1988 3093
1988 4471
1989 2066
1989 2152
1989 2906
1989 3480
1989 3981
1989 4564
1989 4571
1989 4946
1990 2156
1990 3024
1990 3439
1990 4073
1990 4161
1990 4765
1991 2096
1991 2741
1991 3016
1991 3074
1991 3489
1992 2309
1993 2721
1993 3093
1993 4438
1993 4833
1993 4919
1994 2584
1994 2701
1994 2834
1994 3179
1994 4764
1995 2951
1996 2281
1996 3207
1996 3222
1996 4157
1996 4514
1996 4667
1996 5012
1997 2466
1997 2956
1997 3585
1997 3641
1997 3992
1997 4152
1998 2995
1999 3186
2000 4287
2000 4641
2001 2027
2001 4505
2001 4940
2003 3167
2003 3874
2004 4209
2004 4239
2004 4318
2004 5018
2005 2025
2005 3230
2005 3825
2005 3873
2005 4685
2006 2110
2006 3795
2007 2519
2007 2929
2007 4391
2008 2478
2008 4024
2008 4197
2010 3299
2010 4407
2011 2455
2011 2575
2012 3363
2013 3534
2013 4526
2014 2978
2014 5032
2015 3235
2015 4292
2016 2557
2016 3618
2016 4297
2016 4963
2017 2163
2017 4477
2018 2365
2018 3590
2018 4727
2019 2817
2019 3403
2019 3451
2019 3882
2020 2553
2020 3751
2022 4086
2023 3251
2023 3689
2023 4587
2023 4811
2024 2941
2024 4083
2024 4806
2025 2035
2027 2975
2027 4523
2028 2698
2028 2874
2028 3663
2029 2182
2029 2989
2029 3295
2029 4660
2029 4744
2030 4110
2030 4347
2031 2739
2031 2779
2031 3286
2031 3542
2031 4897
2032 4699
2033 4069
2033 4667
2034 3272
2035 2742
2035 2813
2035 3798
2035 4889
2036 2352
2036 4179
2036 4448
2038 3046
2039 2401
2039 2426
2039 4121
2039 4730
2042 2442
2042 2729
2042 3325
2043 2200
2044 2275
2045 3295
2045 4435
2046 3632
2046 4429
2048 2201
2048 2656
2048 2867
2048 2982
2048 3296
2048 3970
2048 4593
2050 2091
2050 2350
2050 2455
2050 2487
2050 3053
2050 3389
2050 4751
2051 2731
2051 3981
2051 4039
2051 4131
2052 2175
2052 3023
2052 3068
2052 3760
2052 4782
2053 3986
2054 2388
2054 2775
2054 4880
2055 2838
2055 2960
2055 3178
2055 3343
2056 2780
2056 3587
2056 3648
2057 2294
2057 2575
2057 4585
2058 2180
2058 2712
2058 3964
2058 4063
2058 4325
2059 4026
2060 2782
2060 3376
2060 4100
2061 2249
2061 3396
2061 3418
2061 4309
2062 2381
2062 2998
2062 3351
2062 3885
2062 4620
2063 4932
2064 2854
2064 2932
2065 2066
2065 2279
2065 2333
2065 3345
2065 3900
2065 4070
2065 4701
2065 4876
2066 3326
2066 3480
2066 3483
2066 3830
2067 2545
2068 2235
2068 3980
2068 4810
2069 3443
2069 5050
2070 2298
2070 3074
2071 2722
2071 2828
2072 2581
2073 2438
2073 2766
2073 3664
2073 3955
2073 4340
2073 4759
2074 2083
2074 3953
2074 4246
2074 4379
2074 4966
2075 2192
2075 3727
2075 4832
2076 2126
2076 3993
2077 2186
2077 4782
2078 2884
2078 4308
2079 3700
2079 4690
2080 2158
2080 2885
2081 2142
2081 2159
2081 2400
2081 3330
2081 3530
2081 3973
2081 4163
2081 4609
2082 2742
2082 3139
2082 3790
2082 3872
2082 4902
2083 2397
2083 3570
2083 5008
2084 2821
2084 2878
2085 2198
2085 2407
2085 2673
2085 2694
2085 3544
2085 3774
2085 4274
2085 4375
2085 4756
2085 4883
2086 2260
2086 2652
2086 2747
2087 2371
2087 4024
2088 2529
2088 2840
2088 3078
2088 3498
2088 3982
2088 4737
2088 4960
2089 3104
2090 2245
2090 2639
2090 2662
2090 4800
2091 4384
2092 2434
2092 2658
2092 3742
2092 4071
2092 4169
2092 4895
2092 5053
2093 4178
2093 4386
2094 3385
2094 4172
2095 2207
2095 3231
2095 3442
2095 3586
2095 4392
2096 2560
2096 3070
2096 3643
2096 4111
2096 4552
2096 4635
2096 4753
2097 3347
2097 4585
2097 5049
2098 3763
2099 3030
2099 4465
2100 3347
2102 2788
2102 2799
2102 3581
2103 2535
2103 2966
2103 3782
2104 2191
2104 2595
2105 2115
2105 2184
2105 3989
2106 3010
2106 3084
2107 4491
2109 4164
2110 4403
2112 2113
2112 3921
2112 4018
2112 4801
2113 2947
2113 4677
2114 2662
2114 2957
2114 3098
2114 3177
2114 3182
2114 3269
2114 3447
2114 3589
2114 3778
2114 4007
2114 4012
2114 4390
2114 4439
2115 2247
2115 3589
2115 3841
2116 2403
2116 3626
2117 2164
2117 2232
2117 2687
2117 2967
2117 3253
2117 3583
2117 4119
2117 4342
2117 4545
2118 2212
2118 2440
2118 2512
2118 2786
2118 3065
2118 3305
2118 3405
2118 3495
2118 4049
2118 4287
2118 4607
2118 4830
2118 4839
2119 2924
2120 2480
2120 3773
2120 4297
2121 4636
2122 2156
2122 4664
2123 2369
2123 4959
2125 2145
2125 2434
2125 3688
2125 3804
2126 2409
2127 3165
2127 3657
2127 4687
2128 2740
2128 2793
2128 3911
2128 3915
2128 4151
2129 2273
2129 2882
2129 4452
2129 5023
2129 5065
2130 3243
2130 3784
2130 4693
2131 2824
2131 2896
2131 4221
2132 4642
2133 2684
2133 2844
2134 2599
2134 3123
2137 2592
2138 4905
2140 3247
2140 4958
2140 4982
2141 2394
2141 4763
2142 3761
2142 4575
2143 3143
2144 2541
2144 2747
2144 3482
2144 4650
2145 2182
2145 3203
2145 3982
2145 4818
2146 2190
2146 3877
2146 4206
2147 2768
2147 3003
2147 3858
2147 4852
2148 2581
2148 3417
2148 3699
2148 4318
2149 3992
2150 2594
2150 3277
2150 4125
2150 4706
2151 2238
2151 2491
2151 2709
2151 3208
2152 2375
2152 2385
2152 2461
2152 2574
2152 3977
2152 4264
2152 4479
2153 2907
2154 2367
2154 4605
2155 2589
2155 2871
2155 3018
2156 2376
2156 2513
2156 2640
2156 4429
2156 4664
2157 3120
2157 4378
2158 2383
2158 3383
2159 4163
2159 4700
2159 4992
2160 2805
2160 4222
2161 4713
2163 2540
2163 3399
2164 3620
2164 3842
2164 5077
2165 2489
2165 3186
2165 3543
2165 3840
2165 4025
2166 3652
2167 2297
2167 2536
2167 2689
2169 3577
2169 4447
2169 4672
2169 4731
2170 2486
2170 3133
2170 5039
2171 3136
2171 3470
2172 4096
2173 2447
2173 2514
2173 2880
2173 3433
2173 3863
2173 3954
2173 4552
2174 4690
2176 3236
2177 2212
2177 3852
2177 4694
2178 2641
2178 2831
2179 2267
2179 2696
2179 3163
2179 3440
2179 4372
2179 5019
2180 3268
2180 3380
2180 3964
2181 3704
2181 4011
2181 4090
2182 2463
2182 3449
2182 3989
2182 4359
2182 4744
2182 4818
2183 3707
2183 4087
2183 4419
2184 3316
2184 3540
2184 4680
2184 5038
2185 3004
2185 3264
2185 3706
2186 3971
2186 4284
2186 4766
2187 2262
2187 3043
2187 5002
2189 2384
2189 2559
2190 2390
2190 4884
2191 2761
2191 3395
2191 3712
2191 4672
2193 4877
2194 2321
2194 4054
2194 4666
2194 4889
2195 2861
2196 2858
2196 4606
2197 2797
2198 3337
2198 4344
2198 4375
2199 4401
2201 2647
2202 2715
2202 4862
2203 2738
2203 3860
2204 2997
2206 4308
2206 4379
2208 2647
2208 2960
2208 3015
2208 4934
2209 2743
2209 2933
2209 4831
2209 5082
2210 2929
2210 3226
2210 3381
2211 3109
2211 5047
2212 2786
2212 3305
2212 4217
2212 4305
2213 4180
2213 4427
2213 4495
2214 2879
2214 3058
2214 4507
2214 4914
2215 3624
2215 3875
2215 4478
2215 4515
2216 3274
2216 3535
2216 4043
2216 4051
2216 4548
2216 4579
2217 2474
2218 3106
2218 3552
2219 3865
2219 4639
2220 2505
2220 4197
2221 2834
2221 3453
2221 4251
2222 4300
2222 4428
2223 3861
2223 4056
2224 2337
2224 4550
2224 4862
2226 2253
2226 3427
2226 4511
2226 5034
2227 4140
2227 4494
2228 3101
2228 3365
2229 2631
2229 3020
2229 3488
2229 3635
2229 4506
2230 3813
2231 2297
2231 2323
2231 3735
2232 2810
2233 2613
2233 3967
2233 4531
2234 2653
2234 4823
2234 5085
2235 2988
2235 4461
2235 4725
2236 4563
2237 4499
2239 2241
2239 3032
2239 4407
2240 2576
2240 3319
2240 4280
2241 3697
2241 3991
2241 4711
2242 4070
2242 4797
2242 4813
2243 2644
2244 2339
2244 2998
2244 3214
2244 3601
2244 3907
2244 4384
2244 4513
2244 5047
2245 2394
2246 3945
2247 2253
2247 3067
2247 3305
2247 3557
2247 3802
2247 3874
2247 3920
2248 4062
2249 2968
2249 3258
2249 3293
2249 4275
2250 3805
2250 4722
2250 4904
2251 2307
2251 2321
2251 3783
2251 3950
2251 4154
2251 4636
2252 4499
2252 4590
2252 4749
2252 5016
2253 3427
2253 3874
2254 3703
2255 3091
2255 4509
2256 2276
2257 3390
2257 5004
2258 2582
2258 3446
2258 4397
2259 2512
2259 2682
2259 3391
2259 3485
2259 4504
2260 2340
2260 2711
2260 3149
2260 3457
2261 3259
2261 3370
2261 4658
2262 2790
2262 3045
2263 4603
2264 3666
2264 3716
2264 4427
2264 4870
2265 2664
2265 2744
2265 4129
2269 3683
2269 4774
2270 2460
2270 3324
2271 4391
2273 4366
2274 3004
2274 3567
2274 4990
2275 3348
2275 3948
2275 4578
2275 4825
2276 2295
2276 2424
2276 3829
2276 4854
2276 5056
2277 2315
2278 3233
2278 3969
2278 4945
2279 3006
2279 4876
2279 4910
2280 2909
2280 4238
2280 4435
2281 2532
2281 3763
2281 4022
2281 4567
2281 4663
2282 2893
2282 3421
2282 3744
2282 4041
2283 2590
2283 3797
2283 5084
2284 3340
2284 3713
2284 4132
2284 4404
2284 4521
2284 4840
2285 2892
2285 2968
2286 2496
2286 2908
2286 4720
2288 2711
2288 3816
2288 4075
2288 4100
2288 4545
2289 3152
2289 3299
2290 2976
2290 3559
2290 4914
2291 2363
2291 2574
2291 2695
2291 3159
2291 3819
2291 4941
2292 4130
2294 2688
2294 3501
2295 2976
2295 5056
2296 2792
2296 2940
2296 3095
2296 4363
2298 2958
2298 3074
2298 3957
2299 2614
2300 3420
2303 3358
2303 4828
2305 3227
2305 3576
2306 2741
2306 2830
2306 4412
2307 2855
2307 3425
2307 3904
2307 4955
2308 2376
2308 2946
2308 3357
2308 4272
2308 4635
2309 2611
2309 3585
2309 4496
2310 2568
2310 2592
2310 3563
2310 4196
2310 4759
2311 2730
2311 3865
2311 4492
2311 4642
2313 2667
2313 4293
2314 2354
2314 2355
2314 2811
2314 2957
2314 3912
2314 4061
2314 4508
2315 3180
2315 3380
2315 3721
2315 3975
2316 2331
2316 2519
2316 2655
2316 3691
2316 3878
2316 3976
2316 4104
2316 4150
2316 4380
2316 4549
2317 3734
2317 4131
2317 4262
2318 2374
2318 3755
2318 3938
2318 3997
2319 3965
2319 4735
2320 4076
2321 2588
2321 2595
2321 2963
2321 3314
2322 2591
2322 2905
2322 3254
2322 4591
2323 2940
2323 4325
2324 3121
2325 2711
2325 3159
2325 3646
2327 2810
2327 2897
2327 3355
2327 4126
2328 4188
2329 3443
2329 3958
2329 4582
2330 3260
2330 3804
2331 4631
2333 4701
2335 3990
2335 4354
2336 2822
2336 3350
2336 3927
2337 2930
2337 5061
2339 3601
2339 3870
2339 4165
2339 4528
2339 4869
2340 3302
2341 2410
2341 2796
2341 3824
2342 2379
2342 3744
2342 4267
2342 4775
2343 2631
2343 4382
2344 2398
2344 4124
2345 3276
2345 4971
2346 3939
2347 2670
2347 2864
2347 3520
2347 5035
2348 2624
2349 2524
2349 2613
2350 2487
2354 2648
2354 3455
2355 2958
2356 2634
2356 2701
2356 3356
2356 4768
2356 4841
2357 4539
2357 4760
2358 2961
2358 3274
2359 3242
2361 2977
2361 3153
2361 4690
2362 2773
2362 3177
2362 4913
2363 3475
2363 4570
2365 4121
2366 3991
2367 2421
2367 2803
2367 4719
2368 4887
2369 3670
2370 2833
2370 2881
2370 3156
2370 3846
2370 4278
2370 5020
2371 4924
2372 3234
2372 3300
2372 3484
2372 3571
2372 3973
2372 4959
2373 3619
2373 5075
2376 4810
2377 2556
2377 2618
2377 4016
2378 2453
2378 4741
2379 2569
2379 3642
2379 4033
2379 4130
2380 4104
2381 4312
2382 2493
2382 3454
2383 4657
2383 4909
2384 4306
2384 4628
2386 3264
2387 3065
2389 4272
2390 4002
2390 4597
2391 2497
2395 2785
2395 3784
2396 4533
2396 4781
2398 4004
2399 3317
2399 3333
2399 3728
2399 4686
2400 2930
2400 4122
2401 2520
2401 2687
2401 2835
2401 3024
2401 4145
2401 4537
2401 4730
2401 4783
2402 2762
2402 3140
2402 4374
2403 2629
2403 3639
2403 3667
2403 3696
2404 2554
2404 2704
2404 3917
2404 4455
2406 2481
2406 3405
2409 2763
2409 2985
2409 3432
2414 3436
2414 3553
2414 4417
2415 2876
2415 3027
2415 3747
2417 2514
2417 3297
2418 3535
2418 4884
2419 2537
2420 3187
2421 4235
2422 3563
2424 2517
2424 2623
2424 3608
2424 4133
2424 4144
2426 3129
2426 4655
2427 4285
2428 2908
2429 2645
2429 2730
2431 3775
2431 4976
2432 2938
2432 3510
2432 3525
2432 3687
2432 3792
2432 3882
2432 4070
2433 2675
2433 3039
2433 3332
2433 4931
2434 4253
2435 2441
2435 3600
2435 4472
2436 2561
2437 2781
2437 2812
2437 3211
2437 4021
2438 2766
2438 4319
2439 3087
2439 3480
2440 3495
2440 4607
2441 2903
2441 3281
2441 3428
2441 4167
2441 4836
2441 5080
2443 2458
2443 2607
2443 4573
2444 3891
2444 4470
2444 4581
2444 4646
2444 4771
2445 3051
2445 3235
2445 4578
2446 3188
2446 3557
2446 3614
2446 3896
2446 4136
2447 2478
2447 3489
2447 4009
2448 5059
2449 2973
2449 4605
2450 4123
2450 4377
2451 3416
2452 2896
2453 4645
2453 4791
2456 2535
2456 4590
2457 4398
2460 4649
2461 2737
2461 4187
2462 2567
2462 3064
2463 4873
2464 4167
2464 4415
2464 4613
2465 3219
2465 4872
2466 2835
2466 3904
2466 3959
2466 3996
2466 4819
2468 3179
2468 3629
2468 4255
2468 4288
2468 4586
2470 2944
2470 3794
2470 3850
2471 4305
2471 4935
2471 4979
2472 2493
2472 2759
2472 2885
2472 2932
2472 3166
2472 3612
2472 3872
2473 4220
2474 3699
2474 4060
2474 4694
2474 4837
2474 4910
2476 2980
2476 4339
2476 4384
2476 4797
2477 4072
2477 4501
2477 4754
2478 2874
2478 3283
2478 3531
2478 3717
2478 4197
2478 4698
2478 4868
2481 3801
2482 4016
2482 4563
2483 2953
2483 3443
2484 2733
2484 3464
2484 3602
2485 3098
2485 4665
2486 2594
2486 4286
2487 4911
2488 2653
2489 3187
2490 2877
2492 4555
2494 2572
2494 4135
2496 2755
2496 2981
2496 3104
2496 3373
2496 3475
2496 3834
2496 3847
2496 3868
2497 3099
2499 4673
2500 3397
2500 3592
2500 4643
2501 2604
2502 2787
2502 3039
2502 3129
2502 3277
2502 3920
2503 2525
2503 2729
2503 2905
2503 3206
2503 4928
2504 2712
2504 3732
2504 4422
2505 2784
2505 4617
2506 3308
2506 3578
2507 3426
2508 2635
2508 3083
2508 3876
2508 4102
2508 4374
2510 4276
2510 4822
2511 3342
2512 2531
2512 2682
2514 2620
2515 3241
2515 4306
2515 4857
2517 3939
2517 4817
2518 2668
2518 2830
2519 3860
2520 4092
2520 4730
2522 2851
2522 3326
2522 4161
2523 2609
2524 3804
2525 2571
2526 3445
2526 4473
2526 4576
2527 4357
2528 4891
2529 2840
2529 3393
2529 4218
2529 4323
2529 4713
2529 5043
2530 2847
2530 2928
2531 3229
2531 3998
2532 4663
2533 2636
2533 3073
2534 2952
2534 3244
2534 4529
2534 4640
2534 5043
2535 5044
2536 2737
2536 3196
2536 4255
2537 3353
2537 3893
2538 2850
2538 3366
2538 3986
2538 4056
2539 3682
2539 4721
2539 4978
2539 4983
2540 3449
2540 3511
2541 2823
2541 2927
2541 3392
2541 3660
2541 3695
2541 4229
2542 4044
2543 2640
2543 3850
2545 3769
2546 3078
2546 4997
2547 2865
2547 3140
2547 4933
2548 3348
2548 3827
2549 2989
2549 3772
2549 4503
2550 3141
2550 3328
2550 3344
2550 4160
2550 4510
2550 4512
2551 3008
2552 4541
2554 3496
2555 3395
2557 2643
2557 2656
2557 2758
2557 4190
2559 2562
2559 3338
2559 4425
2560 2956
2560 3126
2560 3216
2560 3349
2560 3410
2560 4232
2560 4381
2560 4714
2560 4727
2561 2832
2562 3657
2563 2690
2563 4047
2564 3217
2564 3670
2564 4696
2565 3540
2565 4630
2566 4097
2567 2890
2567 3168
2568 3879
2568 4163
2569 2670
2569 3476
2569 3759
2569 3933
2569 4332
2570 2907
2570 3968
2570 4947
2572 4811
2573 3116
2574 2777
2574 4941
2577 3363
2577 3808
2577 3883
2577 3929
2577 4393
2578 2815
2578 3335
2579 5000
2581 3263
2581 3747
2582 4319
2583 4401
2584 4798
2585 2802
2586 2873
2592 4871
2592 4916
2593 3196
2593 4054
2595 3194
2596 3245
2596 3683
2596 4732
2596 4814
2597 3154
2597 3200
2598 2840
2598 3056
2598 3067
2598 3595
2598 3610
2598 3739
2598 3829
2598 3861
2599 3415
2599 4457
2599 4594
2599 4764
2600 2691
2600 2810
2600 2820
2600 3712
2600 4786
2600 4791
2600 4972
2601 3072
2601 4745
2602 4626
2603 2962
2604 3500
2604 3922
2605 2693
2605 2931
2605 4823
2606 3340
2606 3606
2606 5075
2607 3347
2610 3847
2611 2855
2611 3917
2611 3921
2612 4206
2613 2856
2613 3293
2614 4322
2615 3881
2615 4586
2616 3966
2618 2772
2618 2800
2618 4436
2619 3121
2619 3821
2620 4248
2620 4446
2622 4322
2622 4399
2623 4669
2625 3907
2626 3427
2626 4071
2628 3157
2628 3372
2628 3417
2628 3677
2629 2813
2629 3198
2629 4030
2629 4194
2630 2663
2631 2899
2631 3119
2631 3620
2631 3843
2632 4349
2632 4394
2633 2917
2633 3693
2634 2868
2634 4511
2635 3336
2635 5024
2637 3008
2637 4913
2638 3060
2639 3840
2639 3986
2639 4657
2639 4800
2640 3124
2640 3414
2640 4551
2641 4481
2641 5075
2643 3743
2644 3982
2646 3174
2647 2960
2648 2793
2648 4416
2649 3491
2649 4436
2649 5016
2650 3386
2651 2807
2651 2928
2652 3263
2654 3222
2654 4647
2655 3878
2656 2710
2656 2758
2656 2895
2656 3815
2656 3970
2656 4045
2656 4046
2656 4450
2656 4806
2656 4934
2657 3794
2657 4860
2658 3256
2658 3742
2658 4942
2659 3627
2660 3261
2660 4096
2660 4403
2660 4917
2660 4922
2660 5030
2661 2856
2661 3090
2661 3423
2662 3589
2662 3790
2662 3857
2662 4439
2663 4578
2664 2849
2664 2865
2664 3075
2664 3298
2664 3772
2664 4129
2664 4521
2664 4817
2664 4851
2664 4989
2665 4194
2665 4630
2665 5064
2666 2778
2666 2860
2666 3235
2666 3607
2666 4460
2667 4293
2668 2728
2668 3038
2668 5007
2669 2750
2669 2924
2670 4706
2670 4922
2671 3271
2671 3786
2671 5086
2672 2811
2673 3648
2673 4207
2673 4312
2673 4375
2674 4517
2675 3690
2675 4886
2675 5041
2677 2901
2677 3258
2678 4049
2678 4804
2679 3401
2679 3451
2679 3640
2680 4879
2681 3404
2682 3939
2683 3043
2683 3183
2683 4099
2683 4609
2684 3773
2686 4403
2687 3024
2687 4119
2688 4349
2688 4641
2689 3377
2689 3650
2689 4409
2689 4497
2689 4643
2689 4654
2689 4796
2689 5058
2690 4047
2690 4752
2691 2757
2691 3155
2691 4822
2691 4931
2691 5016
2692 2963
2692 3548
2692 3722
2692 3793
2693 2979
2693 3330
2693 5047
2694 2847
2694 3493
2694 4756
2696 3172
2696 3513
2696 4338
2696 4577
2696 4915
2697 4336
2698 4791
2700 3692
2701 2750
2701 2901
2701 3152
2701 3207
2701 3254
2701 5088
2702 2993
2702 3491
2702 4523
2703 2882
2703 3417
2703 3669
2703 3833
2703 4259
2704 2838
2704 3723
2704 4817
2705 4329
2706 2731
2706 3928
2706 4553
2707 2891
2707 3177
2707 3668
2707 4659
2707 4724
2708 3218
2712 3144
2712 3517
2712 4232
2712 4313
2717 3432
2717 4549
2719 4684
2720 5025
2721 2826
2721 3077
2722 2828
2722 3334
2722 3563
2722 4912
2723 3564
2723 3833
2723 3994
2723 4378
2723 4458
2724 3622
2724 3681
2724 4570
2725 4242
2725 4975
2726 2740
2726 3114
2726 4287
2727 2942
2727 3539
2727 4147
2727 4663
2727 4697
2728 3160
2728 4714
2728 4890
2729 4112
2729 4466
2730 3865
2731 3686
2731 3876
2731 4408
2731 4479
2732 2769
2732 2877
2732 3854
2732 4516
2732 5057
2733 3345
2735 3443
2735 4258
2736 3551
2736 4607
2737 3651
2737 3799
2737 3985
2737 4357
2739 2974
2739 3870
2739 4610
2739 4998
2740 4151
2741 4412
2742 3034
2742 3139
2742 4123
2743 3980
2743 4671
2744 2858
2744 4806
2744 4859
2745 3916
2746 4648
2747 3600
2747 3860
2747 4262
2747 5055
2749 4842
2754 3895
2754 4176
2754 4626
2754 4932
2755 2991
2755 3007
2755 3868
2756 2991
2756 3459
2756 3983
2757 2803
2757 3124
2758 2773
2758 3174
2758 4874
2759 3960
2759 4102
2760 3538
2760 5023
2761 3091
2761 5067
2764 3141
2765 3401
2765 3621
2766 4704
2767 3353
2767 4443
2768 3132
2768 3659
2768 3973
2769 4554
2769 4803
2769 4815
2772 4436
2773 3151
2773 3483
2773 3741
2774 3097
2774 3836
2774 4437
2775 3059
2775 4215
2775 5021
2776 3408
2776 3476
2776 3974
2776 4196
2777 4391
2778 2860
2778 3607
2779 4113
2781 4021
2782 3457
2783 4667
2783 4779
2784 3318
2784 3487
2784 4561
2785 2949
2785 4527
2786 2935
2786 3519
2786 3719
2786 3972
2786 4217
2786 4328
2788 4309
2789 4437
2789 4469
2790 3185
2791 2917
2791 2990
2791 3181
2791 3510
2791 3933
2791 4939
2791 4957
2792 3143
2792 3230
2793 3048
2793 3732
2795 2903
2796 2928
2796 3671
2796 4031
2798 3115
2798 3578
2799 3111
2799 4779
2801 3212
2801 3507
2801 3735
2801 4559
2802 3045
2802 4027
2802 4301
2802 4675
2803 2882
2804 4086
2804 4138
2805 4222
2806 3718
2806 4059
2806 4370
2807 3331
2808 3460
2808 4896
2809 3594
2809 3600
2810 2871
2811 3152
2811 3857
2814 4785
2817 2838
2817 2915
2817 3888
2817 3956
2817 4187
2817 4281
2817 4321
2817 4986
2818 2878
2818 4366
2819 3337
2819 3826
2820 3659
2820 4148
2820 4786
2820 4964
2821 3363
2821 3398
2821 4260
2821 4742
2821 4974
2822 3064
2822 3350
2823 3265
2823 3375
2823 3479
2823 4097
2824 3528
2824 3607
2824 5021
2825 2920
2826 3077
2826 3987
2826 4410
2827 3736
2827 4736
2827 4991
2828 2884
2828 3351
2828 4498
2829 4052
2829 4076
2831 4212
2832 2880
2833 4827
2834 3453
2835 3705
2835 3887
2835 4488
2836 3073
2836 4200
2836 4500
2836 4781
2836 5062
2839 3108
2839 3599
2840 3171
2841 3811
2843 3471
2845 3437
2846 3394
2846 4113
2848 3636
2848 4635
2848 4832
2849 2865
2849 3107
2849 3244
2849 4965
2850 3198
2850 3823
2852 2898
2852 3592
2852 3778
2852 4464
2852 4551
2852 4983
2853 3018
2853 3200
2853 4629
2855 4867
2856 3090
2856 4291
2856 4746
2857 3427
2857 4192
2858 4444
2858 4456
2858 4859
2859 2918
2859 3052
2859 3701
2859 3891
2859 4480
2861 3041
2861 4410
2861 4787
2862 3317
2862 4067
2864 3087
2865 3383
2865 4745
2866 4478
2868 4406
2869 3081
2869 3371
2870 3898
2870 4365
2870 4484
2870 4520
2871 3881
2874 3237
2874 3346
2875 3508
2875 3598
2876 3421
2876 3892
2876 3985
2878 4415
2880 4128
2880 4481
2880 4965
2880 5030
2881 3156
2881 3415
2882 4000
2883 4592
2883 4911
2883 5022
2884 5029
2885 3952
2886 3320
2886 3402
2887 3361
2887 3676
2888 2932
2888 3690
2888 4821
2889 4085
2889 4748
2890 3914
2891 4550
2893 3069
2893 3614
2893 5078
2895 4487
2896 3673
2896 4221
2896 4584
2897 3389
2899 3517
2901 3207
2901 3836
2912 3664
2912 3756
2912 4221
2912 4846
2912 4896
2913 3075
2913 3509
2913 3606
2913 4296
2914 4755
2914 4887
2916 3520
2916 3757
2916 4610
2916 4712
2917 3627
2917 3693
2917 4216
2918 4312
2919 3026
2919 3096
2919 3329
2919 3654
2919 3671
2919 4296
2919 4857
2921 3228
2921 3935
2921 4161
2921 4236
2921 4568
2921 5003
2921 5067
2922 4423
2923 2969
2924 3866
2924 3882
2925 3310
2925 4263
2925 4278
2925 5077
2927 3041
2927 3817
2927 4271
2928 3671
2928 4327
2928 4748
2928 4778
2929 4589
2932 3937
2932 4821
2933 4010
2934 2959
2934 3285
2934 4925
2935 3142
2937 3953
2937 4643
2937 4709
2938 4489
2939 4211
2939 4727
2939 4862
2941 4083
2943 3941
2943 4916
2944 3794
2946 3410
2946 4185
2948 3451
2948 3725
2949 3097
2949 3428
2949 3499
2949 4378
2949 4683
2949 4802
2950 5019
2951 3742
2951 4815
2951 5055
2952 3113
2952 3569
2952 4159
2952 4529
2952 5061
2953 3001
2953 3955
2954 3162
2954 3514
2955 5000
2956 3216
2956 4714
2957 2989
2957 3005
2958 3113
2958 3399
2959 4232
2959 4543
2959 4616
2960 3952
2960 5059
2961 3952
2961 4356
2962 4922
2964 4756
2966 3299
2967 3036
2967 3258
2967 3862
2967 5044
2968 3775
2968 4275
2968 4539
2969 3226
2969 3812
2970 3127
2970 3928
2971 3401
2971 4639
2972 4030
2973 4421
2973 4564
2975 3926
2977 4485
2981 4662
2982 3103
2982 3662
2982 4831
2983 3766
2983 4480
2984 3103
2985 4251
2986 3026
2986 5071
2987 3740
2987 5021
2988 3080
2988 3201
2988 4348
2988 4464
2988 4473
2988 4864
2989 4945
2990 4205
2990 4737
2991 4615
2991 4883
2992 3175
2992 3453
2996 4795
2997 4765
2999 3788
2999 4897
3002 4461
3003 4215
3004 3706
3004 4572
3005 3836
3007 3442
3008 4139
3008 4189
3008 4208
3008 4400
3009 4099
3009 4254
3009 4609
3011 3016
3011 3681
3011 4280
3011 5044
3012 3139
3012 3390
3012 3656
3012 3828
3012 4382
3013 4612
3014 3496
3015 3672
3015 4029
3016 3352
3016 3852
3016 4103
3016 4280
3016 4457
3016 4812
3016 4893
3019 3871
3019 4670
3023 3357
3024 3663
3024 4229
3025 3133
3025 3815
3026 3257
3026 3284
3026 4439
3027 3047
3028 4395
3029 3091
3029 3465
3031 3940
3031 4086
3032 4769
3035 3859
3036 3258
3037 3204
3037 4239
3038 3824
3038 3947
3040 3137
3041 4892
3041 5062
3042 3250
3042 3472
3042 4825
3042 5093
3045 4725
3046 4892
3047 3090
3048 3246
3048 4837
3049 3192
3050 4245
3053 3348
3053 3736
3054 3582
3054 4588
3057 4841
3058 3572
3058 4189
3061 3980
3061 5018
3062 3767
3062 4064
3062 4341
3063 3988
3063 4238
3063 4711
3064 3097
3064 4653
3067 3739
3073 3381
3073 4052
3073 4299
3074 3121
3074 3485
3074 4211
3076 3398
3076 3758
3076 4742
3076 4821
3076 4928
3078 3498
3079 3733
3080 3201
3080 3344
3080 3668
3081 4120
3082 3382
3082 4882
3083 3687
3083 4691
3087 3631
3087 3726
3087 5036
3088 4532
3090 3277
3090 3423
3090 4398
3093 3153
3093 3215
3097 3184
3098 3269
3098 3447
3098 4228
3099 4429
3100 3221
3105 3890
3106 3447
3106 3911
3106 5014
3107 3852
3108 3227
3108 4009
3108 4575
3108 4750
3109 3566
3110 3463
3110 4061
3110 4141
3110 4203
3110 4343
3110 4399
3110 4518
3111 5064
3112 3255
3112 3379
3112 4456
3112 4957
3115 3268
3120 3308
3121 3414
3121 5025
3122 4909
3123 3207
3123 4732
3125 3838
3126 3216
3126 3410
3127 3312
3127 4306
3129 3903
3129 4568
3130 3181
3130 4866
3132 4662
3137 3254
3137 3760
3137 4661
3137 4867
3138 3266
3138 3675
3138 3753
3138 4021
3139 3390
3139 3477
3139 3656
3139 3828
3139 4932
3140 3287
3140 3818
3140 3868
3141 3324
3141 3546
3141 4647
3141 4784
3142 4776
3143 3374
3143 3446
3144 4343
3145 4662
3145 4766
3146 3384
3146 4467
3146 4960
3147 3570
3148 3502
3149 3856
3149 4965
3150 4333
3151 3321
3152 5088
3153 3397
3154 3344
3154 3885
3154 3923
3155 4240
3157 3583
3157 3881
3157 3889
3157 4861
3159 3584
3159 3871
3160 4574
3163 3346
3163 3755
3163 4235
3163 4372
3164 3313
3165 3657
3167 3665
3167 3874
3169 3703
3169 4642
3170 4129
3171 4559
3172 3719
3172 4485
3172 4577
3174 3175
3174 3304
3175 3304
3175 4423
3176 3515
3177 4486
3177 4724
3177 4995
3178 3504
3178 4195
3178 4795
3179 5085
3181 4596
3181 4597
3184 5017
3185 3984
3187 3455
3189 4342
3189 4611
3190 3354
3191 4571
3192 3611
3193 3320
3194 4380
3196 3751
3200 3711
3201 3787
3202 3261
3202 3537
3203 3963
3203 4388
3203 4961
3204 3732
3206 3654
3206 3837
3206 3912
3206 4579
3209 4137
3211 3392
3211 4499
3211 4649
3211 5010
3213 3280
3213 3611
3213 3906
3213 4037
3213 4177
3213 4998
3214 4138
3215 4007
3215 4894
3215 5028
3217 4258
3218 4656
3219 4872
3220 4082
3222 3964
3222 4917
3223 3596
3223 3849
3224 4260
3224 4808
3225 3960
3225 4743
3226 5091
3227 3576
3229 4508
3232 4019
3232 4268
3233 3765
3233 3999
3233 4524
3233 5060
3234 3484
3234 3973
3234 4330
3234 4959
3235 4150
3235 4321
3235 4460
3236 3906
3237 3766
3238 4817
3238 5014
3239 3412
3239 3905
3239 3906
3242 4907
3243 4080
3243 4103
3243 4104
3243 4346
3244 3574
3247 4761
3248 3310
3248 4171
3250 3406
3250 3411
3250 3887
3250 3976
3250 4253
3251 3749
3251 4558
3251 4587
3252 3579
3252 4543
3254 3760
3254 4374
3258 3979
3259 3370
3259 4166
3259 4432
3260 3674
3260 3738
3260 4035
3263 3785
3265 3532
3265 4446
3265 4666
3265 4794
3267 3403
3270 4996
3274 4043
3274 4051
3276 4304
3277 3920
3277 4338
3277 4928
3278 3468
3278 3896
3283 4027
3283 4401
3283 4996
3284 3587
3286 4432
3288 3660
3291 4616
3291 5083
3292 4091
3294 4968
3295 4505
3296 3741
3296 4593
3297 3905
3298 3522
3298 4074
3299 4980
3300 3526
3300 4295
3300 4959
3301 3873
3302 3463
3303 4392
3303 4434
3305 4134
3305 4217
3305 4310
3307 3615
3308 4749
3309 4118
3310 3765
3314 3552
3314 4088
3314 5081
3315 3582
3316 4199
3317 3806
3320 3558
3320 3951
3321 4495
3326 4839
3327 4743
3328 3922
3329 3809
3333 3530
3333 3542
3333 4686
3334 4324
3335 4578
3336 3595
3337 3816
3337 3826
3337 3844
3337 4866
3341 3392
3341 3425
3342 3855
3344 3923
3346 3438
3349 3369
3349 3410
3349 4381
3351 3778
3351 3850
3352 4780
3354 3469
3355 3431
3355 5073
3356 4142
3358 4624
3360 4358
3360 4682
3361 3487
3363 3398
3363 3624
3363 3843
3363 4282
3363 4716
3365 3375
3365 3493
3365 3799
3365 4057
3366 3400
3366 3919
3367 3433
3367 3707
3369 5029
3370 3498
3370 4553
3370 4962
3371 4903
3374 3527
3374 4666
3374 4669
3374 4997
3375 3729
3375 4057
3376 3814
3376 3889
3376 4100
3379 3962
3380 3389
3381 4260
3381 4785
3384 3547
3384 3707
3384 4989
3385 4396
3385 4814
3388 5061
3391 3448
3392 4439
3393 3557
3393 4930
3394 3509
3394 3695
3395 3498
3395 4708
3395 4736
3397 3648
3398 4742
3399 3414
3400 3441
3400 3822
3400 3919
3400 4741
3401 4505
3401 4518
3402 3638
3402 3776
3403 3459
3403 3737
3403 3740
3403 4072
3404 4201
3404 4740
3406 3756
3407 3977
3407 4039
3407 4264
3407 4913
3408 3974
3409 3581
3411 5042
3411 5043
3412 3483
3412 3694
3412 4035
3412 5009
3414 4991
3415 3541
3415 4457
3415 4594
3418 3722
3418 4204
3422 4874
3423 4757
3424 3549
3425 4005
3426 3567
3426 3735
3426 3831
3426 4233
3426 4457
3428 3645
3429 4762
3431 4991
3432 3865
3435 4983
3435 5002
3440 3637
3440 3685
3441 4345
3442 3465
3443 3750
3443 4121
3443 4689
3445 3779
3447 4301
3449 3590
3450 4413
3452 3685
3452 3949
3453 3678
3453 3751
3453 4526
3458 4223
3460 3623
3460 3739
3461 4186
3461 4259
3461 4305
3461 4659
3462 3652
3463 4002
3463 4970
3464 3943
3465 3640
3465 3655
3466 4062
3466 4180
3466 4292
3466 4719
3467 3700
3467 3896
3467 4599
3467 4738
3467 4898
3470 3753
3470 4220
3470 4861
3471 3529
3471 3599
3471 5034
3472 4186
3473 4152
3476 4114
3477 3709
3477 4335
3477 4376
3477 4657
3477 4753
3478 3949
3478 5045
3479 3506
3481 4361
3482 5065
3483 3613
3484 3644
3486 4269
3488 4157
3488 4201
3488 4490
3488 4506
3489 4933
3490 3510
3490 3832
3490 4861
3491 3519
3491 4947
3492 3502
3495 4982
3497 3670
3497 3807
3497 3831
3498 3539
3498 4611
3498 4708
3500 4420
3501 3926
3502 3793
3502 3889
3504 3871
3504 3992
3504 4700
3505 4106
3505 4175
3505 4494
3507 3735
3507 4540
3508 4316
3509 3636
3510 3687
3512 4226
3514 5063
3515 3723
3515 4120
3515 4468
3517 3567
3519 4141
3522 3990
3522 4562
3522 4816
3523 4089
3524 3867
3525 3580
3525 3792
3525 4038
3526 4741
3526 4857
3527 4115
3527 4517
3527 4530
3527 4666
3528 4555
3529 3628
3529 4985
3531 4918
3532 3677
3532 3757
3532 4442
3532 4798
3533 3596
3535 4043
3536 4591
3536 4629
3536 4773
3537 3719
3537 4182
3539 4567
3540 5038
3541 3930
3541 4085
3542 3730
3543 3584
3544 4607
3546 4311
3547 3632
3548 5013
3552 3725
3552 4031
3552 4343
3552 5081
3554 4421
3554 4801
3558 4231
3558 4943
3559 4772
3559 4914
3560 5013
3562 3864
3562 4393
3562 4652
3563 3779
3564 3651
3564 4095
3564 4233
3565 3700
3565 3983
3565 4133
3565 4516
3566 4971
3571 4713
3572 4541
3573 3587
3573 3858
3573 4540
3577 4225
3577 4351
3579 4013
3583 4119
3584 3749
3584 4988
3585 3682
3586 3944
3586 4581
3588 3600
3589 4390
3591 4445
3591 4875
3592 4445
3593 4174
3593 4243
3593 4706
3594 4202
3595 3610
3595 3756
3595 4877
3596 3768
3596 4067
3600 4143
3601 3907
3601 3939
3601 4193
3601 4363
3602 4441
3602 4588
3603 4080
3603 4998
3604 4454
3607 4060
3612 4762
3613 3813
3616 4100
3618 3624
3618 3813
3618 4678
3619 3796
3619 4240
3619 4984
3622 3942
3624 3843
3624 4205
3624 4282
3626 4079
3628 3755
3628 4172
3629 4030
3631 5039
3635 4595
3636 3724
3637 4063
3637 4113
3637 4948
3638 4427
3640 4147
3647 3731
3649 4705
3649 4929
3650 4112
3650 4369
3650 4602
3652 4010
3652 4417
3653 5087
3654 3925
3654 4055
3655 4037
3656 3828
3656 4079
3658 4184
3659 4056
3659 4148
3661 4382
3661 4458
3664 4301
3669 4904
3670 4696
3672 4769
3673 5040
3676 4064
3677 3927
3679 3918
3681 4472
3681 4838
3683 4865
3683 4969
3684 3698
3684 4029
3684 4267
3687 4070
3687 4141
3687 4171
3687 4211
3689 3823
3690 5052
3691 4182
3691 4834
3692 3870
3695 3746
3695 3794
3696 5020
3697 4845
3698 4887
3700 4738
3702 3850
3703 4853
3707 4235
3707 4291
3709 4498
3713 4143
3713 4554
3715 4128
3715 4443
3716 4711
3716 5014
3717 4577
3717 4868
3720 4708
3721 4558
3724 3789
3725 4165
3732 3950
3732 4750
3732 4865
3732 4958
3734 4262
3734 4297
3740 5021
3744 4048
3744 4138
3749 4787
3751 4411
3752 3765
3752 4810
3752 5079
3753 3813
3753 4477
3754 3805
3755 3932
3755 4000
3755 4815
3755 5072
3756 4210
3756 4877
3757 4341
3757 4546
3758 4175
3758 4530
3759 4332
3765 5060
3767 4338
3768 5027
3772 4129
3774 4756
3779 4822
3779 4851
3783 3829
3783 3966
3783 4665
3783 4931
3784 3847
3784 4158
3787 4107
3788 4897
3790 4902
3791 4190
3791 4560
3793 3901
3797 4386
3797 4670
3799 4491
3802 4566
3803 4946
3806 4799
3808 3859
3813 4689
3813 4726
3815 5089
3817 4271
3817 4456
3817 4481
3817 4606
3818 3831
3824 4387
3824 4602
3827 4170
3830 4747
3833 3994
3834 3847
3834 5054
3835 4045
3838 4044
3839 4546
3840 4123
3842 4894
3842 4929
3843 5096
3845 4254
3845 5079
3846 4278
3846 4389
3846 4430
3846 4612
3846 4878
3847 4144
3848 4249
3848 4812
3850 4018
3852 4541
3854 4117
3854 5057
3855 4915
3856 4137
3858 4852
3867 3943
3873 4483
3874 4846
3875 4425
3875 4478
3876 4102
3876 4188
3878 4692
3879 4155
3879 4430
3879 4636
3880 4376
3880 4479
3880 4838
3881 4158
3881 4953
3883 5082
3885 3886
3885 4064
3885 4362
3885 4626
3886 4376
3886 5086
3887 4701
3891 4771
3897 4153
3897 4164
3897 4733
3901 4023
3902 4728
3904 3972
3904 4418
3904 4955
3907 4001
3907 4306
3911 3915
3912 4453
3913 4258
3913 4567
3914 3969
3915 4290
3917 4455
3918 4091
3918 4200
3918 4500
3919 4611
3921 4798
3923 4492
3926 5058
3928 3938
3934 4426
3935 4618
3936 4289
3936 4327
3937 4906
3939 4363
3944 5043
3945 3977
3945 4264
3946 4950
3948 4732
3949 4210
3949 4688
3949 4897
3950 4172
3950 4562
3951 4277
3953 4246
3955 4269
3957 4542
3960 4102
3961 4612
3962 3990
3963 4961
3965 4108
3965 4731
3968 4887
3969 4109
3969 4345
3970 4046
3970 4712
3970 4871
3970 5022
3975 4101
3975 4240
3976 4104
3977 4183
3977 4264
3978 4492
3981 4051
3981 4800
3982 4818
3987 5089
3988 4389
3989 4299
3992 4827
3995 4734
3996 4388
3999 5060
4001 4289
4002 4615
4002 4633
4003 4315
4003 4889
4004 4106
4004 4357
4005 5015
4007 4894
4010 4228
4012 4307
4013 4346
4013 4369
4013 4735
4013 4858
4014 4601
4015 4946
4017 4173
4018 4739
4018 5082
4019 4755
4019 4927
4020 4756
4021 4735
4023 4607
4026 4397
4026 4608
4031 5081
4032 4294
4033 4797
4033 4926
4034 4416
4034 4588
4034 4665
4034 5026
4035 5012
4037 4177
4037 5089
4038 4993
4039 4901
4039 4940
4039 5054
4040 4420
4042 4257
4042 5058
4043 4256
4045 5078
4047 4653
4051 4766
4056 4148
4056 4473
4056 4519
4056 4703
4061 4518
4064 4637
4065 5051
4065 5076
4066 4224
4068 4405
4069 4146
4070 4788
4070 4980
4072 4221
4073 4424
4074 4417
4075 4421
4075 4731
4076 4271
4076 4954
4079 4084
4080 4442
4087 4419
4090 5024
4096 4926
4096 5030
4099 4609
4101 4166
4103 4364
4106 4520
4109 4226
4111 4888
4112 4473
4114 4142
4114 4543
4116 4449
4116 4600
4129 4550
4130 4798
4130 5022
4133 4516
4133 4940
4134 4310
4137 4648
4138 4836
4139 4400
4139 4904
4141 4361
4141 4399
4142 4628
4144 4644
4145 4730
4146 4354
4147 4663
4160 4652
4160 5042
4163 4992
4164 4733
4165 4358
4166 4648
4166 4673
4166 5052
4169 4895
4170 4684
4171 4936
4173 4356
4174 4967
4176 4310
4181 4344
4183 4459
4186 4259
4186 4659
4189 4208
4190 4415
4192 5005
4194 4630
4194 4712
4194 4881
4195 4512
4196 4353
4196 5017
4197 4953
4198 4407
4200 4500
4200 4781
4203 4343
4204 4387
4207 4675
4207 4853
4209 4474
4212 4833
4214 4350
4217 4734
4220 4496
4222 4788
4225 5001
4226 4269
4227 4952
4229 4566
4230 4314
4234 4762
4235 4291
4237 4860
4239 4655
4239 4892
4246 4943
4246 5063
4251 5086
4257 4420
4258 4690
4260 4618
4262 4973
4265 4481
4268 4367
4272 4329
4273 4326
4276 4513
4284 4695
4288 4324
4289 4679
4294 4604
4296 4408
4300 4482
4300 4913
4302 4822
4303 4482
4303 4508
4308 4379
4311 4535
4314 4408
4315 4670
4322 4399
4327 4873
4330 4829
4336 4768
4340 4759
4340 4934
4340 4989
4343 4399
4343 5081
4344 4453
4344 4591
4347 4623
4350 4662
4351 4619
4358 4563
4358 4682
4358 4769
4361 4499
4362 4455
4362 4502
4362 4939
4365 4484
4369 4954
4370 4790
4370 4944
4380 4393
4385 4491
4385 4794
4387 4775
4389 4878
4401 4930
4402 4416
4409 4654
4410 4543
4417 5080
4420 4573
4420 4754
4421 4564
4421 5068
4425 4763
4426 5041
4430 4524
4430 4864
4437 4982
4438 4919
4444 5011
4448 4470
4448 4687
4449 4767
4453 4580
4457 4594
4458 4802
4459 4677
4463 4547
4466 4686
4468 4793
4471 4501
4471 4973
4480 4619
4482 4563
4482 4978
4483 5021
4486 4740
4486 4995
4495 4747
4506 4570
4514 4739
4518 4590
4519 4890
4521 4584
4521 4600
4526 4796
4527 4770
4528 4994
4536 4612
4539 4719
4540 5048
4548 4579
4548 4801
4551 4863
4552 4988
4554 4815
4555 4751
4555 4934
4560 4724
4568 4973
4576 4671
4578 4825
4582 4879
4588 4839
4591 5068
4593 4813
4598 4743
4610 4998
4615 4633
4615 4669
4615 4748
4615 5007
4616 4617
4617 4850
4630 4881
4633 5037
4636 4941
4643 4976
4645 4791
4654 5033
4666 4997
4672 4727
4672 4869
4673 4900
4674 4754
4675 4790
4678 4912
4683 4809
4686 5050
4694 4910
4695 4782
4708 4736
4711 5008
4713 4734
4717 5005
4724 4743
4731 5036
4734 4856
4739 5076
4748 4857
4761 4921
4772 4894
4786 4964
4788 4980
4788 5072
4811 4968
4814 5088
4822 4851
4827 5032
4829 4944
4850 4969
4854 5056
4870 5070
4871 4948
4871 5022
4886 5020
4893 4923
4896 4901
4906 4938
4917 5073
4922 5030
4935 4979
4942 5029
4944 4987
4944 5001
4967 5068
5007 5066
5042 5066
