0 4
0 5
0 6
0 11
0 12
0 25
0 39
0 41
0 46
0 49
0 55
0 56
0 58
0 61
0 71
0 73
0 80
0 86
0 94
0 97
0 102
0 103
0 116
0 123
0 126
0 129
0 142
0 164
0 165
0 171
0 182
0 197
0 198
0 199
0 201
0 206
0 216
0 222
0 225
0 230
0 232
0 247
0 250
0 259
0 294
0 305
0 311
0 320
0 339
0 347
0 354
0 362
0 363
0 382
0 387
0 403
0 411
0 413
0 419
0 444
0 464
0 465
0 471
0 474
0 502
0 510
0 525
0 526
0 587
0 600
0 604
0 606
0 614
0 625
0 627
0 640
0 653
0 657
0 670
0 677
0 682
0 692
0 699
0 710
0 713
0 720
0 727
0 728
0 734
0 751
0 758
0 766
0 782
0 785
0 793
0 798
0 805
0 818
0 823
0 856
0 857
0 871
0 898
0 930
0 981
0 1001
0 1007
0 1020
0 1050
0 1080
0 1094
0 1113
0 1117
0 1136
0 1142
0 1145
0 1171
0 1172
0 1184
0 1190
0 1232
0 1255
0 1258
0 1303
0 1305
0 1312
0 1332
0 1333
0 1387
0 1409
0 1433
0 1463
0 1465
0 1473
0 1480
0 1481
0 1527
0 1549
0 1559
0 1586
0 1643
0 1657
0 1688
0 1696
0 1712
0 1727
0 1760
0 1771
0 1801
0 1907
0 1913
0 1921
0 1956
0 1968
0 1975
0 1988
0 1999
0 2008
0 2043
0 2084
0 2090
0 2164
0 2179
0 2182
0 2216
0 2235
0 2243
0 2296
0 2299
0 2324
0 2333
0 2336
0 2342
0 2395
0 2401
0 2542
0 2569
0 2587
0 2742
0 2744
0 2751
0 2752
0 2754
0 2758
0 2877
0 2890
0 2935
0 2991
0 2998
0 3070
0 3098
0 3109
0 3119
0 3143
0 3150
0 3159
0 3185
0 3195
0 3201
0 3269
0 3295
0 3307
0 3312
0 3321
0 3322
0 3341
0 3436
0 3480
0 3483
0 3484
0 3535
0 3559
0 3560
0 3583
0 3591
0 3594
0 3595
0 3618
0 3631
0 3656
0 3740
0 3853
0 3857
0 3889
0 3986
0 4016
0 4038
0 4100
0 4131
0 4147
0 4157
0 4175
0 4183
0 4185
0 4200
0 4231
0 4236
0 4244
0 4288
0 4295
0 4297
0 4332
0 4339
0 4422
0 4438
0 4445
0 4554
0 4573
0 4583
0 4657
0 4709
0 4716
0 4724
0 4734
0 4807
0 4952
0 5010
0 5016
0 5027
1 4
1 5
1 7
1 8
1 9
1 10
1 11
1 12
1 13
1 15
1 16
1 17
1 20
1 23
1 28
1 29
1 30
1 32
1 33
1 35
1 36
1 37
1 40
1 42
1 43
1 44
1 45
1 47
1 51
1 62
1 65
1 72
1 75
1 79
1 85
1 90
1 91
1 99
1 102
1 106
1 109
1 112
1 117
1 119
1 122
1 123
1 128
1 139
1 144
1 153
1 161
1 162
1 168
1 175
1 178
1 204
1 208
1 236
1 246
1 248
1 255
1 261
1 263
1 272
1 273
1 289
1 302
1 319
1 326
1 328
1 330
1 332
1 347
1 349
1 355
1 364
1 366
1 367
1 369
1 372
1 377
1 384
1 387
1 423
1 434
1 441
1 442
1 473
1 475
1 505
1 511
1 535
1 540
1 547
1 559
1 564
1 570
1 591
1 614
1 623
1 624
1 638
1 659
1 666
1 674
1 680
1 703
1 714
1 717
1 722
1 725
1 735
1 745
1 751
1 760
1 771
1 785
1 820
1 841
1 879
1 886
1 905
1 917
1 925
1 929
1 933
1 942
1 975
1 1005
1 1009
1 1012
1 1016
1 1036
1 1040
1 1051
1 1066
1 1083
1 1126
1 1130
1 1131
1 1154
1 1195
1 1201
1 1208
1 1222
1 1242
1 1252
1 1255
1 1258
1 1263
1 1264
1 1266
1 1274
1 1281
1 1289
1 1311
1 1324
1 1325
1 1336
1 1365
1 1392
1 1398
1 1411
1 1412
1 1424
1 1434
1 1438
1 1439
1 1464
1 1466
1 1483
1 1513
1 1514
1 1545
1 1565
1 1646
1 1676
1 1680
1 1698
1 1707
1 1714
1 1734
1 1755
1 1773
1 1777
1 1795
1 1799
1 1816
1 1831
1 1881
1 1899
1 1900
1 1907
1 1917
1 1984
1 2023
1 2046
1 2068
1 2091
1 2092
1 2144
1 2183
1 2212
1 2237
1 2239
1 2273
1 2315
1 2341
1 2366
1 2388
1 2393
1 2411
1 2416
1 2426
1 2450
1 2459
1 2492
1 2495
1 2509
1 2519
1 2549
1 2577
1 2593
1 2622
1 2629
1 2632
1 2634
1 2671
1 2678
1 2686
1 2709
1 2725
1 2751
1 2757
1 2777
1 2782
1 2785
1 2789
1 2812
1 2866
1 2920
1 2978
1 3015
1 3045
1 3050
1 3077
1 3091
1 3103
1 3115
1 3126
1 3131
1 3132
1 3147
1 3172
1 3181
1 3305
1 3324
1 3337
1 3408
1 3421
1 3482
1 3525
1 3557
1 3562
1 3573
1 3577
1 3582
1 3588
1 3591
1 3613
1 3614
1 3615
1 3651
1 3671
1 3672
1 3693
1 3698
1 3707
1 3714
1 3754
1 3763
1 3771
1 3815
1 3848
1 3882
1 3886
1 3900
1 3902
1 3917
1 3920
1 3928
1 3929
1 4018
1 4025
1 4065
1 4085
1 4095
1 4117
1 4199
1 4227
1 4241
1 4251
1 4259
1 4279
1 4309
1 4321
1 4330
1 4347
1 4356
1 4402
1 4426
1 4434
1 4440
1 4492
1 4531
1 4569
1 4570
1 4574
1 4583
1 4590
1 4629
1 4647
1 4697
1 4699
1 4731
1 4737
1 4759
1 4789
1 4878
1 4908
1 4927
1 5018
2 4
2 5
2 6
2 7
2 8
2 9
2 12
2 14
2 16
2 18
2 19
2 20
2 21
2 26
2 28
2 31
2 33
2 37
2 38
2 45
2 48
2 50
2 61
2 66
2 67
2 76
2 84
2 95
2 96
2 124
2 135
2 140
2 144
2 154
2 164
2 170
2 172
2 174
2 185
2 190
2 195
2 207
2 215
2 221
2 226
2 264
2 266
2 267
2 284
2 289
2 297
2 304
2 305
2 325
2 339
2 340
2 343
2 357
2 380
2 383
2 398
2 402
2 419
2 420
2 423
2 432
2 437
2 446
2 452
2 458
2 485
2 495
2 496
2 509
2 521
2 536
2 539
2 550
2 552
2 553
2 589
2 599
2 628
2 660
2 665
2 694
2 699
2 704
2 731
2 740
2 748
2 752
2 756
2 791
2 816
2 825
2 861
2 878
2 891
2 931
2 942
2 998
2 1013
2 1018
2 1031
2 1054
2 1056
2 1057
2 1063
2 1065
2 1076
2 1127
2 1166
2 1185
2 1204
2 1208
2 1213
2 1241
2 1243
2 1280
2 1327
2 1332
2 1353
2 1436
2 1439
2 1541
2 1565
2 1610
2 1643
2 1659
2 1692
2 1695
2 1715
2 1766
2 1796
2 1833
2 1834
2 1856
2 1912
2 1944
2 2073
2 2110
2 2134
2 2153
2 2193
2 2228
2 2258
2 2275
2 2290
2 2348
2 2382
2 2440
2 2503
2 2511
2 2562
2 2572
2 2621
2 2677
2 2689
2 2698
2 2746
2 2763
2 2785
2 2819
2 2834
2 2894
2 2930
2 3005
2 3036
2 3058
2 3074
2 3212
2 3249
2 3252
2 3324
2 3345
2 3391
2 3397
2 3486
2 3599
2 3624
2 3627
2 3724
2 3727
2 3729
2 3780
2 3794
2 3811
2 3822
2 3871
2 3884
2 3903
2 3973
2 4067
2 4107
2 4138
2 4140
2 4296
2 4301
2 4319
2 4331
2 4332
2 4342
2 4385
2 4464
2 4477
2 4478
2 4567
2 4621
2 4728
2 4754
2 4777
2 4839
2 4876
2 4892
2 4922
2 4925
2 4968
2 4971
2 5020
2 5029
3 4
3 25
3 58
3 149
3 176
3 231
3 243
3 247
3 391
3 637
3 709
3 810
3 1225
3 1711
3 1750
3 2283
3 3055
3 3155
3 3443
3 3816
3 4335
3 4373
3 4701
3 4797
4 5
4 6
4 7
4 8
4 9
4 10
4 11
4 12
4 15
4 18
4 21
4 23
4 25
4 27
4 36
4 39
4 47
4 56
4 67
4 75
4 85
4 94
4 97
4 108
4 115
4 118
4 130
4 132
4 137
4 138
4 142
4 148
4 149
4 152
4 191
4 231
4 238
4 249
4 255
4 259
4 260
4 283
4 288
4 290
4 291
4 304
4 307
4 314
4 318
4 319
4 329
4 351
4 360
4 375
4 384
4 404
4 416
4 435
4 436
4 441
4 459
4 468
4 470
4 482
4 483
4 506
4 519
4 571
4 626
4 655
4 669
4 705
4 709
4 723
4 809
4 815
4 873
4 883
4 922
4 931
4 946
4 966
4 975
4 976
4 990
4 1049
4 1063
4 1078
4 1083
4 1098
4 1141
4 1314
4 1316
4 1319
4 1355
4 1424
4 1430
4 1437
4 1496
4 1573
4 1594
4 1666
4 1718
4 1768
4 1775
4 1827
4 1863
4 1920
4 1922
4 1958
4 2023
4 2051
4 2157
4 2180
4 2193
4 2298
4 2320
4 2344
4 2349
4 2374
4 2456
4 2490
4 2495
4 2588
4 2604
4 2641
4 2646
4 2723
4 2828
4 3011
4 3046
4 3112
4 3118
4 3136
4 3156
4 3162
4 3214
4 3216
4 3301
4 3371
4 3401
4 3456
4 3589
4 3620
4 3752
4 3803
4 3829
4 3925
4 3994
4 4014
4 4050
4 4064
4 4119
4 4277
4 4291
4 4408
4 4423
4 4466
4 4665
4 4688
4 5020
5 6
5 7
5 10
5 11
5 13
5 14
5 19
5 28
5 35
5 49
5 55
5 57
5 60
5 66
5 84
5 92
5 130
5 163
5 267
5 288
5 464
5 542
5 568
5 667
5 746
5 748
5 824
5 992
5 1054
5 1115
5 1150
5 1198
5 1229
5 1319
5 1394
5 1429
5 1629
5 1664
5 1667
5 1697
5 1725
5 2007
5 2030
5 2339
5 2577
5 2666
5 2678
5 2853
5 2976
5 3228
5 3411
5 4179
5 4187
5 4302
5 4647
5 4952
6 8
6 9
6 14
6 18
6 29
6 38
6 50
6 98
6 105
6 124
6 129
6 135
6 155
6 170
6 172
6 231
6 233
6 257
6 307
6 321
6 325
6 396
6 524
6 552
6 599
6 646
6 1005
6 1053
6 1167
6 1904
6 1993
6 2022
6 2065
6 2107
6 2173
6 2293
6 2453
6 2871
6 2892
6 3128
6 3263
6 3454
6 3638
6 3729
6 3920
6 4220
6 4395
6 4578
6 4893
6 4922
7 10
7 17
7 24
7 28
7 30
7 72
7 87
7 121
7 184
7 248
7 252
7 303
7 446
7 674
7 1088
7 1162
7 1230
7 1490
7 2068
7 3134
8 15
8 18
8 22
8 26
8 29
8 30
8 37
8 42
8 44
8 49
8 54
8 59
8 62
8 63
8 74
8 77
8 78
8 90
8 98
8 100
8 111
8 127
8 137
8 145
8 148
8 154
8 156
8 177
8 180
8 209
8 227
8 239
8 249
8 254
8 256
8 261
8 279
8 283
8 286
8 289
8 313
8 329
8 337
8 344
8 360
8 370
8 375
8 380
8 399
8 454
8 456
8 457
8 478
8 483
8 492
8 495
8 522
8 524
8 534
8 556
8 562
8 590
8 591
8 611
8 616
8 633
8 635
8 662
8 680
8 688
8 711
8 712
8 719
8 741
8 749
8 762
8 765
8 793
8 817
8 841
8 853
8 864
8 926
8 937
8 944
8 984
8 993
8 1005
8 1045
8 1064
8 1085
8 1105
8 1152
8 1157
8 1165
8 1175
8 1193
8 1240
8 1273
8 1290
8 1292
8 1338
8 1345
8 1357
8 1377
8 1379
8 1403
8 1456
8 1495
8 1516
8 1522
8 1525
8 1588
8 1618
8 1628
8 1642
8 1658
8 1758
8 1774
8 1784
8 1794
8 1814
8 1815
8 1818
8 1821
8 1844
8 1849
8 1902
8 1909
8 1910
8 1914
8 1922
8 2008
8 2033
8 2046
8 2047
8 2050
8 2055
8 2066
8 2092
8 2093
8 2128
8 2131
8 2163
8 2171
8 2173
8 2189
8 2198
8 2208
8 2216
8 2316
8 2364
8 2405
8 2420
8 2428
8 2434
8 2474
8 2487
8 2490
8 2496
8 2504
8 2507
8 2546
8 2585
8 2595
8 2597
8 2606
8 2661
8 2664
8 2698
8 2703
8 2711
8 2731
8 2746
8 2751
8 2760
8 2782
8 2798
8 2820
8 2827
8 2887
8 2917
8 2918
8 2919
8 2981
8 2992
8 2993
8 3008
8 3026
8 3030
8 3034
8 3050
8 3075
8 3132
8 3166
8 3170
8 3221
8 3233
8 3236
8 3249
8 3254
8 3348
8 3360
8 3363
8 3381
8 3415
8 3431
8 3437
8 3476
8 3481
8 3498
8 3526
8 3558
8 3573
8 3574
8 3604
8 3666
8 3684
8 3697
8 3708
8 3734
8 3736
8 3781
8 3795
8 3801
8 3811
8 3822
8 3843
8 3845
8 3858
8 3873
8 3883
8 3923
8 3927
8 3972
8 3988
8 3997
8 4005
8 4083
8 4113
8 4120
8 4169
8 4204
8 4207
8 4209
8 4217
8 4235
8 4263
8 4289
8 4302
8 4341
8 4381
8 4388
8 4402
8 4418
8 4470
8 4509
8 4529
8 4552
8 4606
8 4611
8 4623
8 4739
8 4747
8 4773
8 4781
8 4833
8 4834
8 4902
8 4955
8 5000
8 5005
9 16
9 35
9 43
9 60
9 102
9 118
9 122
9 124
9 155
9 173
9 176
9 193
9 243
9 244
9 334
9 404
9 515
9 626
9 637
9 658
9 731
9 733
9 739
9 750
9 837
9 906
9 958
9 962
9 973
9 1068
9 1124
9 1167
9 1176
9 1194
9 1263
9 1304
9 1405
9 1456
9 1483
9 1607
9 1626
9 1672
9 1788
9 1824
9 1833
9 1916
9 1976
9 2065
9 2137
9 2230
9 2264
9 2286
9 2493
9 2525
9 2570
9 2768
9 2811
9 2851
9 2977
9 3097
9 3142
9 3189
9 3191
9 3266
9 3267
9 3513
9 3601
9 3780
9 3809
9 3933
9 3943
9 3992
9 4089
9 4220
9 4281
9 4367
9 4368
9 4423
9 4544
9 4617
9 4769
9 4819
9 4962
9 4984
9 5022
10 13
10 14
10 24
10 36
10 40
10 50
10 59
10 63
10 66
10 69
10 75
10 87
10 88
10 99
10 100
10 134
10 135
10 140
10 163
10 195
10 207
10 235
10 251
10 269
10 276
10 282
10 306
10 310
10 335
10 389
10 390
10 407
10 412
10 476
10 487
10 507
10 509
10 525
10 537
10 540
10 545
10 546
10 555
10 558
10 594
10 626
10 639
10 714
10 725
10 730
10 805
10 845
10 858
10 938
10 946
10 1000
10 1029
10 1067
10 1144
10 1158
10 1241
10 1288
10 1318
10 1363
10 1374
10 1494
10 1528
10 1597
10 1645
10 1681
10 1731
10 1743
10 1809
10 1895
10 2029
10 2105
10 2113
10 2134
10 2137
10 2192
10 2386
10 2428
10 2452
10 2503
10 2547
10 2556
10 2608
10 2690
10 2803
10 2876
10 2901
10 2948
10 2957
10 2963
10 2970
10 3012
10 3050
10 3136
10 3138
10 3160
10 3190
10 3209
10 3247
10 3374
10 3417
10 3419
10 3638
10 3681
10 3703
10 3750
10 3773
10 3820
10 3895
10 3898
10 4030
10 4048
10 4051
10 4139
10 4222
10 4253
10 4280
10 4396
10 4430
10 4539
10 4678
10 4831
10 4866
10 4917
11 13
11 27
11 73
11 85
11 126
11 191
11 199
11 201
11 235
11 279
11 336
11 592
11 593
11 612
11 624
11 641
11 745
11 879
11 904
11 917
11 920
11 1210
11 1213
11 1367
11 1503
11 1534
11 1654
11 1836
11 1857
11 2088
11 2204
11 2275
11 2429
11 2447
11 2466
11 2491
11 2534
11 2608
11 2726
11 2868
11 2951
11 3308
11 3633
11 4152
11 4233
11 4304
11 5035
12 15
12 16
12 31
12 32
12 34
12 81
12 91
12 125
12 128
12 133
12 146
12 173
12 175
12 201
12 214
12 240
12 266
12 271
12 305
12 340
12 406
12 462
12 540
12 647
12 1136
12 1322
12 1631
12 1903
12 2049
12 2119
12 2270
12 2315
12 2527
12 2685
12 2843
12 2926
12 2983
12 3058
12 3110
12 3284
12 3327
12 3338
12 3484
12 3691
12 3764
12 3920
12 4827
12 4941
13 17
13 19
13 20
13 24
13 36
13 40
13 48
13 51
13 52
13 53
13 54
13 57
13 61
13 63
13 65
13 70
13 83
13 91
13 98
13 113
13 163
13 217
13 308
13 309
13 323
13 341
13 353
13 385
13 430
13 437
13 480
13 500
13 516
13 547
13 557
13 582
13 657
13 691
13 702
13 746
13 797
13 838
13 846
13 852
13 870
13 876
13 958
13 972
13 1028
13 1129
13 1150
13 1203
13 1218
13 1248
13 1296
13 1371
13 1398
13 1415
13 1418
13 1509
13 1564
13 1667
13 1722
13 1731
13 1746
13 1820
13 2164
13 2196
13 2423
13 2460
13 2534
13 2652
13 2666
13 2680
13 2734
13 2795
13 2920
13 3097
13 3371
13 3970
13 4063
13 4093
13 4133
13 4205
13 4247
13 4272
13 4337
13 4468
13 4521
13 4659
13 4696
13 5020
14 105
14 280
14 423
14 861
14 929
14 973
14 1022
14 1471
14 1477
14 1822
14 2315
14 4291
15 37
15 42
15 95
15 106
15 505
15 700
15 873
15 1064
15 1336
15 1345
15 1755
15 1775
15 2221
15 2239
15 3003
15 4566
15 4865
15 4987
16 17
16 20
16 21
16 25
16 32
16 33
16 34
16 43
16 46
16 50
16 53
16 69
16 73
16 77
16 78
16 79
16 81
16 93
16 109
16 143
16 158
16 160
16 176
16 193
16 208
16 269
16 271
16 292
16 293
16 295
16 312
16 322
16 379
16 395
16 432
16 451
16 461
16 470
16 488
16 519
16 559
16 576
16 623
16 631
16 636
16 681
16 701
16 764
16 825
16 865
16 903
16 904
16 912
16 919
16 930
16 951
16 954
16 984
16 1008
16 1058
16 1071
16 1084
16 1089
16 1099
16 1108
16 1219
16 1231
16 1237
16 1270
16 1277
16 1281
16 1294
16 1296
16 1323
16 1354
16 1370
16 1383
16 1393
16 1436
16 1466
16 1502
16 1564
16 1576
16 1693
16 1708
16 1723
16 1773
16 1779
16 1785
16 1811
16 1868
16 1896
16 1945
16 2020
16 2089
16 2095
16 2138
16 2142
16 2151
16 2156
16 2230
16 2269
16 2277
16 2305
16 2331
16 2389
16 2421
16 2480
16 2502
16 2508
16 2560
16 2640
16 2647
16 2682
16 2789
16 2876
16 2889
16 2929
16 2993
16 3027
16 3073
16 3076
16 3107
16 3127
16 3141
16 3215
16 3230
16 3330
16 3405
16 3431
16 3464
16 3479
16 3488
16 3501
16 3518
16 3550
16 3552
16 3554
16 3628
16 3646
16 3686
16 3740
16 3753
16 3763
16 3816
16 3823
16 3875
16 3910
16 3919
16 3933
16 3936
16 3998
16 4006
16 4033
16 4093
16 4250
16 4303
16 4336
16 4371
16 4404
16 4407
16 4595
16 4664
16 4676
16 4682
16 4721
16 4783
16 4797
16 4858
16 4875
16 4919
16 4988
17 19
17 21
17 22
17 24
17 32
17 35
17 41
17 45
17 54
17 68
17 76
17 87
17 107
17 110
17 125
17 133
17 134
17 139
17 147
17 148
17 168
17 178
17 192
17 197
17 203
17 214
17 221
17 228
17 242
17 303
17 312
17 327
17 372
17 377
17 378
17 394
17 395
17 402
17 405
17 421
17 473
17 488
17 497
17 585
17 596
17 764
17 772
17 838
17 843
17 870
17 907
17 916
17 987
17 1089
17 1114
17 1151
17 1162
17 1169
17 1213
17 1225
17 1265
17 1268
17 1283
17 1296
17 1386
17 1415
17 1465
17 1534
17 1535
17 1551
17 1582
17 1624
17 1655
17 1664
17 1792
17 1794
17 1829
17 1864
17 1929
17 1978
17 1991
17 1993
17 2045
17 2056
17 2057
17 2124
17 2220
17 2274
17 2285
17 2312
17 2388
17 2424
17 2480
17 2566
17 2605
17 2648
17 2660
17 2668
17 2681
17 2772
17 2827
17 2831
17 2832
17 2915
17 2957
17 2997
17 3126
17 3139
17 3155
17 3195
17 3209
17 3231
17 3255
17 3258
17 3368
17 3432
17 3442
17 3509
17 3510
17 3617
17 3628
17 3653
17 3681
17 3714
17 3776
17 3817
17 3917
17 3945
17 3954
17 3955
17 3968
17 4004
17 4237
17 4241
17 4324
17 4366
17 4399
17 4407
17 4446
17 4580
17 4584
17 4632
17 4835
17 4930
17 4938
17 4946
17 4978
17 4988
17 5044
18 23
18 67
18 69
18 88
18 107
18 124
18 152
18 166
18 173
18 238
18 240
18 257
18 264
18 301
18 332
18 361
18 404
18 439
18 484
18 485
18 512
18 533
18 578
18 621
18 695
18 697
18 744
18 768
18 773
18 781
18 807
18 897
18 950
18 1027
18 1053
18 1063
18 1113
18 1263
18 1290
18 1302
18 1368
18 1421
18 1535
18 1623
18 1695
18 1902
18 1935
18 1994
18 2023
18 2133
18 2159
18 2245
18 2263
18 2290
18 2350
18 2375
18 2430
18 2445
18 2481
18 2506
18 2523
18 2563
18 2619
18 2645
18 2672
18 2677
18 2773
18 2788
18 2848
18 2875
18 2948
18 3108
18 3167
18 3192
18 3428
18 3565
18 3643
18 3944
18 4058
18 4099
18 4138
18 4254
18 4308
18 4366
18 4391
18 4484
18 4507
18 4508
18 4820
18 4912
18 4948
19 22
19 26
19 27
19 29
19 33
19 41
19 64
19 68
19 71
19 104
19 117
19 129
19 144
19 158
19 169
19 170
19 179
19 200
19 205
19 211
19 212
19 222
19 246
19 316
19 352
19 369
19 381
19 397
19 422
19 425
19 472
19 493
19 543
19 544
19 583
19 612
19 650
19 657
19 833
19 935
19 989
19 999
19 1061
19 1073
19 1114
19 1160
19 1199
19 1315
19 1335
19 1458
19 1555
19 1603
19 1605
19 1830
19 1874
19 1898
19 1950
19 1983
19 1991
19 2162
19 2274
19 2419
19 2470
19 2517
19 2545
19 2616
19 2735
19 2754
19 2856
19 2928
19 2946
19 3052
19 3057
19 3109
19 3115
19 3118
19 3129
19 3135
19 3291
19 3325
19 3420
19 3489
19 3543
19 3553
19 3667
19 3786
19 3808
19 3920
19 4136
19 4194
19 4237
19 4382
19 4446
19 4586
19 4828
19 4911
19 5030
20 40
20 49
20 51
20 53
20 55
20 72
20 83
20 95
20 105
20 126
20 131
20 132
20 150
20 171
20 181
20 229
20 250
20 292
20 326
20 332
20 349
20 357
20 366
20 368
20 416
20 426
20 430
20 434
20 435
20 442
20 449
20 475
20 517
20 535
20 570
20 583
20 677
20 719
20 770
20 786
20 829
20 835
20 855
20 934
20 948
20 1035
20 1090
20 1127
20 1214
20 1234
20 1241
20 1323
20 1362
20 1526
20 1590
20 1595
20 1609
20 1623
20 1656
20 1734
20 1739
20 1776
20 1815
20 1845
20 1852
20 1934
20 2073
20 2111
20 2204
20 2255
20 2267
20 2400
20 2499
20 2509
20 2520
20 2718
20 2819
20 2910
20 2954
20 3021
20 3065
20 3170
20 3246
20 3256
20 3364
20 3488
20 3603
20 3822
20 3932
20 4181
20 4245
20 4266
20 4425
20 4659
20 4690
20 4695
20 4765
20 4766
20 4840
20 4890
20 5001
21 22
21 26
21 31
21 34
21 63
21 69
21 139
21 144
21 150
21 168
21 178
21 221
21 399
21 521
21 531
21 567
21 903
21 970
21 971
21 985
21 1086
21 1101
21 1186
21 1384
21 1450
21 1512
21 1812
21 2048
21 2059
21 2388
21 2461
21 2731
21 2752
21 2766
21 3055
21 3652
21 3706
21 3712
21 3848
21 3947
21 3968
21 3985
21 4044
21 4110
21 4407
21 4461
21 4900
22 44
22 316
22 341
22 1114
22 1388
22 2077
22 3617
22 3763
22 3823
22 4461
23 161
23 1376
23 1396
23 1662
23 1687
23 1888
23 2133
23 2743
23 3225
23 3435
24 30
24 38
24 48
24 52
24 56
24 65
24 68
24 76
24 86
24 101
24 112
24 116
24 119
24 131
24 141
24 160
24 184
24 188
24 210
24 212
24 215
24 218
24 293
24 324
24 335
24 385
24 389
24 393
24 402
24 405
24 414
24 504
24 537
24 567
24 572
24 574
24 575
24 604
24 610
24 621
24 635
24 642
24 687
24 692
24 702
24 777
24 801
24 806
24 834
24 846
24 860
24 876
24 916
24 924
24 940
24 974
24 980
24 987
24 1067
24 1079
24 1088
24 1112
24 1154
24 1254
24 1256
24 1259
24 1272
24 1273
24 1300
24 1312
24 1341
24 1363
24 1378
24 1396
24 1408
24 1423
24 1432
24 1458
24 1483
24 1485
24 1526
24 1549
24 1568
24 1599
24 1619
24 1640
24 1670
24 1679
24 1714
24 1733
24 1748
24 1764
24 1840
24 1873
24 1885
24 1902
24 1905
24 1954
24 2050
24 2061
24 2079
24 2099
24 2113
24 2136
24 2145
24 2177
24 2217
24 2253
24 2383
24 2422
24 2436
24 2495
24 2501
24 2526
24 2539
24 2556
24 2568
24 2573
24 2673
24 2738
24 2756
24 2767
24 2779
24 2810
24 2814
24 2903
24 2972
24 3010
24 3028
24 3051
24 3066
24 3120
24 3219
24 3292
24 3320
24 3390
24 3416
24 3440
24 3451
24 3479
24 3501
24 3507
24 3511
24 3531
24 3581
24 3587
24 3601
24 3716
24 3793
24 3907
24 3946
24 4037
24 4142
24 4150
24 4173
24 4264
24 4337
24 4456
24 4466
24 4474
24 4552
24 4595
24 4604
24 4757
24 4758
24 4793
24 4794
24 4799
24 4822
24 4974
24 5009
25 27
25 38
25 39
25 46
25 58
25 72
25 80
25 103
25 112
25 121
25 123
25 138
25 143
25 167
25 175
25 188
25 189
25 193
25 198
25 217
25 218
25 233
25 247
25 258
25 279
25 283
25 363
25 396
25 411
25 486
25 506
25 526
25 548
25 564
25 606
25 659
25 724
25 727
25 805
25 868
25 912
25 976
25 989
25 1001
25 1026
25 1059
25 1096
25 1166
25 1168
25 1223
25 1267
25 1325
25 1388
25 1446
25 1501
25 1576
25 1591
25 1618
25 1677
25 1688
25 1753
25 1765
25 1822
25 1845
25 1848
25 1882
25 1891
25 1937
25 1960
25 2001
25 2055
25 2095
25 2123
25 2147
25 2190
25 2215
25 2241
25 2244
25 2246
25 2259
25 2289
25 2293
25 2310
25 2311
25 2334
25 2415
25 2418
25 2463
25 2561
25 2626
25 2639
25 2649
25 2675
25 2846
25 2932
25 3157
25 3171
25 3250
25 3261
25 3263
25 3389
25 3494
25 3509
25 3528
25 3574
25 3680
25 4287
25 4362
25 4394
25 4439
25 4559
25 4575
25 4751
25 4760
25 5027
26 41
26 62
26 64
26 71
26 77
26 81
26 82
26 114
26 119
26 120
26 149
26 164
26 180
26 186
26 200
26 213
26 218
26 244
26 256
26 275
26 276
26 337
26 344
26 365
26 415
26 419
26 486
26 515
26 534
26 594
26 608
26 631
26 705
26 815
26 869
26 908
26 927
26 932
26 966
26 996
26 1104
26 1177
26 1280
26 1379
26 1407
26 1424
26 1444
26 1615
26 1685
26 1758
26 1847
26 2026
26 2059
26 2072
26 2221
26 2236
26 2261
26 2321
26 2378
26 2701
26 2732
26 2817
26 2826
26 2839
26 2943
26 3005
26 3124
26 3162
26 3199
26 3239
26 3293
26 3853
26 4088
26 4156
26 4310
26 4365
26 4560
26 4566
26 4586
26 4649
26 4736
26 4763
26 5004
27 31
27 85
27 97
27 128
27 136
27 191
27 198
27 200
27 251
27 255
27 299
27 319
27 477
27 568
27 726
27 775
27 850
27 859
27 912
27 1109
27 1139
27 1146
27 1259
27 1260
27 1314
27 1413
27 1451
27 1493
27 1913
27 1978
27 1986
27 1998
27 2146
27 2447
27 2449
27 2529
27 2628
27 2804
27 2987
27 3112
27 3129
27 3251
27 3541
27 3824
27 3867
27 4047
27 4137
27 4293
27 4562
27 4608
27 4838
28 45
28 70
28 304
28 542
28 696
28 1378
28 1681
28 1802
28 1816
28 3380
28 3411
28 3973
29 79
29 105
29 111
29 121
29 127
29 246
29 381
29 421
29 612
29 817
29 1084
29 1307
29 1504
29 2426
29 2494
29 2785
29 2854
29 3865
29 4581
29 4965
30 42
30 76
30 90
30 177
30 227
30 229
30 307
30 357
30 916
30 1045
30 1705
30 1996
30 2764
30 2786
30 3472
30 3506
30 3550
30 3736
30 4473
31 125
31 136
31 241
31 365
31 655
31 796
31 1086
31 1183
31 1781
31 1819
31 2435
31 2983
31 3036
31 4981
32 34
32 68
32 87
32 123
32 126
32 154
32 158
32 161
32 203
32 235
32 296
32 317
32 350
32 379
32 462
32 565
32 624
32 779
32 780
32 907
32 1119
32 1178
32 1219
32 1309
32 1386
32 1438
32 1476
32 1507
32 1525
32 1676
32 1752
32 1799
32 2003
32 2009
32 2059
32 2323
32 2381
32 2406
32 2535
32 2738
32 2789
32 2823
32 2835
32 2844
32 2875
32 2935
32 3010
32 3188
32 3539
32 3646
32 3797
32 3850
32 3885
32 3945
32 4032
32 4073
32 4108
32 4160
32 4402
32 4498
32 4535
32 4563
32 4798
32 4820
32 4846
32 4848
32 4978
33 52
33 61
33 78
33 79
33 92
33 141
33 158
33 174
33 207
33 208
33 210
33 273
33 293
33 322
33 352
33 373
33 394
33 454
33 493
33 520
33 550
33 592
33 701
33 890
33 894
33 920
33 1110
33 1170
33 1221
33 1302
33 1323
33 1333
33 1334
33 1354
33 1500
33 1531
33 1539
33 1541
33 1550
33 1684
33 1697
33 1790
33 1808
33 1855
33 1900
33 1914
33 1928
33 1962
33 1970
33 2003
33 2097
33 2200
33 2551
33 2575
33 2624
33 2694
33 2771
33 2871
33 2900
33 2944
33 3346
33 3449
33 3532
33 3660
33 3935
33 4495
33 4527
33 4566
33 4632
33 4680
33 4908
33 4955
33 4960
33 5030
34 46
34 47
34 143
34 202
34 386
34 531
34 644
34 664
34 701
34 849
34 853
34 878
34 889
34 907
34 1010
34 1037
34 1058
34 1322
34 1326
34 1538
34 1996
34 2000
34 2048
34 2135
34 2203
34 2357
34 2379
34 2381
34 2419
34 3095
34 3125
34 3230
34 3284
34 3338
34 3623
34 3759
34 4012
34 4057
34 4108
34 4206
34 4936
34 4972
35 48
35 60
35 83
35 139
35 155
35 250
35 367
35 417
35 452
35 483
35 595
35 677
35 707
35 750
35 940
35 1124
35 1132
35 1187
35 1229
35 1327
35 1412
35 1624
35 1637
35 1817
35 1838
35 1890
35 1979
35 2030
35 2174
35 2241
35 2281
35 2384
35 2537
35 2652
35 2875
35 3159
35 3267
35 3319
35 3435
35 3499
35 3506
35 4029
35 4062
35 4093
35 4097
35 4307
35 4497
35 4869
35 4951
35 4984
36 44
36 234
36 519
36 638
36 1153
36 1324
36 1371
36 2460
36 3022
36 3136
36 3289
36 4434
36 4464
36 4590
37 59
37 93
37 145
37 219
37 263
37 380
37 517
37 684
37 781
37 804
37 927
37 1018
37 1076
37 1221
37 1683
37 1774
37 1775
37 2328
37 2355
37 3211
37 4007
37 4619
38 39
38 52
38 59
38 64
38 65
38 70
38 92
38 96
38 108
38 172
38 182
38 189
38 196
38 267
38 302
38 327
38 346
38 463
38 527
38 529
38 713
38 725
38 752
38 792
38 836
38 875
38 956
38 1030
38 1352
38 1591
38 1622
38 1721
38 1880
38 2134
38 2268
38 2334
38 2393
38 2644
38 2777
38 2816
38 2858
38 3173
38 3684
38 4850
38 4909
39 47
39 74
39 96
39 142
39 165
39 363
39 1096
39 1446
39 1766
39 2223
40 43
40 51
40 53
40 99
40 101
40 113
40 162
40 220
40 241
40 311
40 332
40 338
40 342
40 501
40 535
40 566
40 578
40 582
40 654
40 668
40 696
40 798
40 899
40 1027
40 1138
40 1164
40 1177
40 1267
40 1289
40 1342
40 1354
40 1441
40 1460
40 1611
40 1636
40 1753
40 1981
40 2445
40 2477
40 2486
40 2669
40 2849
40 3036
40 3054
40 3071
40 3170
40 3216
40 3268
40 3384
40 3466
40 3682
40 3854
40 3895
40 3954
40 4024
40 4080
40 4081
40 4082
40 4123
40 4202
40 4252
40 4360
40 4397
40 4522
40 4568
40 4649
40 4666
40 4667
40 4693
40 4750
40 5012
41 71
41 142
41 180
41 192
41 197
41 224
41 376
41 513
41 573
41 650
41 668
41 749
41 782
41 950
41 1104
41 1337
41 1557
41 1573
41 1728
41 1760
41 1794
41 1797
41 1856
41 1874
41 1982
41 2143
41 2350
41 2417
41 2548
41 2808
41 2873
41 2939
41 2975
41 3202
41 3326
41 3552
41 3623
41 3961
41 3988
41 4763
42 93
42 106
42 156
42 229
42 242
42 490
42 603
42 623
42 700
42 712
42 783
42 814
42 1012
42 1154
42 1207
42 1308
42 1518
42 1632
42 1706
42 1780
42 1918
42 1932
42 2471
42 2572
42 2721
42 2960
42 3147
42 3149
42 3502
42 3558
42 3570
42 3575
42 3576
42 3610
42 3741
42 3991
42 4018
42 4034
42 4126
42 4225
42 4235
42 4269
42 4395
42 4643
42 4773
43 90
43 106
43 133
43 265
43 330
43 338
43 355
43 422
43 427
43 675
43 899
43 1208
43 1390
43 1394
43 1544
43 1685
43 1730
43 2094
43 2248
43 2549
43 2710
43 2714
43 2768
43 2951
43 3190
43 3537
43 3625
43 4250
43 4686
43 4818
43 4964
44 78
44 183
44 234
44 990
44 1153
44 2077
44 3408
44 4021
44 5000
45 54
45 95
45 286
45 524
45 733
45 1169
45 2285
45 2773
45 3333
45 3614
45 3945
46 56
46 114
46 115
46 150
46 177
46 210
46 280
46 301
46 350
46 574
46 587
46 669
46 683
46 898
46 1084
46 1277
46 1293
46 1457
46 1782
46 1789
46 1848
46 1892
46 1933
46 2018
46 2160
46 2209
46 2235
46 2463
46 2564
46 2680
46 2776
46 3076
46 3289
46 3310
46 3370
46 3445
46 3470
46 3840
46 3846
46 3861
46 3905
46 4039
46 4133
46 4471
46 4988
47 62
47 74
47 202
47 1199
47 2622
47 4956
48 58
48 60
48 89
48 104
48 110
48 127
48 147
48 153
48 155
48 157
48 245
48 269
48 282
48 341
48 364
48 383
48 405
48 417
48 543
48 551
48 598
48 628
48 687
48 733
48 833
48 851
48 896
48 902
48 923
48 979
48 980
48 994
48 1014
48 1052
48 1057
48 1095
48 1101
48 1158
48 1218
48 1247
48 1343
48 1368
48 1405
48 1440
48 1475
48 1514
48 1594
48 1655
48 1663
48 1716
48 1817
48 1885
48 1912
48 1975
48 1990
48 2021
48 2037
48 2054
48 2060
48 2220
48 2232
48 2307
48 2360
48 2564
48 2665
48 2765
48 2791
48 2928
48 2988
48 3027
48 3061
48 3134
48 3295
48 3351
48 3365
48 3414
48 3504
48 3514
48 3525
48 3559
48 3657
48 3700
48 3830
48 3901
48 4146
48 4155
48 4184
48 4229
48 4275
48 4562
48 4640
48 4656
48 4694
48 4711
48 4855
48 4903
48 4921
48 4951
48 4958
49 55
49 57
49 100
49 278
49 285
49 471
49 653
49 698
49 860
49 936
49 1035
49 1127
49 1290
49 1402
49 1547
49 1688
49 1982
49 2239
49 2367
49 2954
49 3342
49 3584
49 3768
49 3779
49 4015
49 4040
49 4086
49 4124
49 4181
49 4780
50 57
50 163
50 170
50 190
50 249
50 268
50 271
50 282
50 315
50 414
50 507
50 552
50 611
50 658
50 919
50 1368
50 1421
50 1560
50 1610
50 1635
50 1743
50 1995
50 2188
50 2438
50 2493
50 2899
50 2959
50 3128
50 3215
50 3616
50 3782
50 3868
50 4378
50 4543
50 4559
51 99
51 121
51 151
51 157
51 162
51 330
51 336
51 338
51 374
51 501
51 577
51 633
51 652
51 691
51 809
51 816
51 941
51 1002
51 1025
51 1147
51 1155
51 1168
51 1214
51 1230
51 1297
51 1425
51 1623
51 1674
51 1905
51 2144
51 2416
51 2465
51 2663
51 2729
51 2780
51 3072
51 3270
51 3343
51 3406
51 3435
51 3609
51 3757
51 3835
51 4063
51 4080
51 4359
51 4477
51 4561
51 4591
51 4705
51 4719
51 4722
51 4723
51 4776
52 112
52 119
52 141
52 184
52 252
52 313
52 428
52 457
52 463
52 533
52 550
52 574
52 692
52 774
52 777
52 812
52 870
52 900
52 954
52 1030
52 1145
52 1286
52 1679
52 1779
52 2005
52 2107
52 2132
52 2142
52 2358
52 2448
52 2653
52 2862
52 3393
52 3449
52 3730
52 3819
52 3989
52 4342
52 4660
52 4768
52 4829
52 4831
52 4888
53 162
53 181
53 264
53 328
53 338
53 668
53 695
53 960
53 1002
53 1099
53 1431
53 1484
53 1602
53 1821
53 1942
53 2154
53 3758
54 926
54 1535
54 1741
54 1849
54 2657
54 2660
54 3209
54 3510
54 3927
55 130
55 131
55 175
55 213
55 264
55 549
55 786
55 862
55 1021
55 1423
55 1645
55 4539
55 4547
56 64
56 80
56 115
56 127
56 177
56 187
56 188
56 194
56 221
56 228
56 260
56 262
56 280
56 281
56 294
56 296
56 299
56 303
56 318
56 331
56 339
56 346
56 361
56 403
56 479
56 518
56 529
56 558
56 580
56 590
56 652
56 669
56 671
56 698
56 806
56 829
56 922
56 1017
56 1043
56 1055
56 1087
56 1128
56 1153
56 1190
56 1262
56 1272
56 1293
56 1360
56 1361
56 1469
56 1472
56 1525
56 1694
56 1738
56 1747
56 1885
56 1887
56 1894
56 2031
56 2048
56 2084
56 2086
56 2129
56 2197
56 2224
56 2275
56 2280
56 2327
56 2339
56 2344
56 2402
56 2469
56 2478
56 2547
56 2583
56 2615
56 2642
56 2649
56 2656
56 2707
56 2805
56 2852
56 2866
56 2869
56 2895
56 2909
56 2922
56 3078
56 3180
56 3316
56 3382
56 3446
56 3578
56 3580
56 3609
56 3756
56 3805
56 3847
56 3861
56 3907
56 3924
56 3966
56 4017
56 4140
56 4171
56 4298
56 4306
56 4351
56 4397
56 4414
56 4538
56 4596
56 4602
56 4639
56 4698
56 4772
56 4786
56 4836
56 5014
57 98
57 135
57 260
57 278
57 315
57 333
57 353
57 414
57 634
57 657
57 877
57 889
57 1065
57 1547
57 1749
57 1783
57 2180
57 2380
57 2433
57 2666
57 2891
57 3189
57 3422
57 3631
57 5017
58 75
58 89
58 103
58 107
58 122
58 166
58 186
58 206
58 230
58 294
58 391
58 400
58 526
58 529
58 542
58 598
58 600
58 622
58 627
58 659
58 682
58 708
58 735
58 771
58 803
58 880
58 898
58 930
58 971
58 1085
58 1159
58 1239
58 1305
58 1366
58 1380
58 1410
58 1412
58 1475
58 1521
58 1711
58 1837
58 1862
58 1885
58 2017
58 2072
58 2236
58 2282
58 2461
58 2696
58 2728
58 2745
58 3064
58 3119
58 3242
58 3540
58 3545
58 3718
58 3746
58 3773
58 3816
58 3826
58 3831
58 3871
58 3884
58 4061
58 4092
58 4123
58 4370
58 4389
58 4462
59 100
59 111
59 118
59 152
59 238
59 269
59 497
59 561
59 588
59 627
59 758
59 943
59 997
59 1257
59 1338
59 1459
59 1524
59 1694
59 2192
59 2268
59 2820
59 3432
59 3664
59 3883
59 3934
59 4160
59 4213
59 4267
59 4276
59 4430
60 147
60 153
60 157
60 551
60 678
60 906
60 992
60 1062
60 1194
60 1251
60 1381
60 1429
60 1655
60 2422
60 2558
60 3067
60 3361
60 3386
60 3602
60 3880
60 3935
60 4278
61 66
61 70
61 84
61 94
61 113
61 140
61 151
61 174
61 216
61 259
61 343
61 852
61 1140
61 1203
61 1596
61 2431
61 2479
61 2621
61 3296
61 3823
61 3936
61 4599
62 73
62 74
62 82
62 149
62 186
62 204
62 236
62 337
62 359
62 661
62 711
62 761
62 864
62 1018
62 1192
62 1456
62 1516
62 1567
62 1844
62 2011
62 2074
62 2329
62 2440
62 2468
62 2859
62 3844
62 3910
62 4381
62 4467
62 4810
63 207
63 521
63 525
63 4222
64 82
64 114
64 187
64 196
64 223
64 237
64 239
64 245
64 254
64 281
64 370
64 381
64 445
64 447
64 453
64 486
64 511
64 538
64 558
64 586
64 618
64 620
64 661
64 701
64 763
64 765
64 773
64 774
64 778
64 792
64 795
64 801
64 813
64 1017
64 1048
64 1073
64 1120
64 1122
64 1132
64 1140
64 1159
64 1167
64 1173
64 1191
64 1198
64 1217
64 1232
64 1266
64 1287
64 1360
64 1361
64 1369
64 1506
64 1537
64 1587
64 1609
64 1622
64 1627
64 1629
64 1648
64 1671
64 1673
64 1762
64 1785
64 1787
64 1830
64 1915
64 1927
64 1931
64 1983
64 1985
64 2086
64 2116
64 2207
64 2215
64 2255
64 2289
64 2294
64 2306
64 2338
64 2370
64 2398
64 2442
64 2462
64 2509
64 2555
64 2623
64 2716
64 2756
64 2803
64 2816
64 2863
64 2911
64 2925
64 3032
64 3038
64 3068
64 3094
64 3173
64 3182
64 3187
64 3253
64 3263
64 3322
64 3367
64 3373
64 3519
64 3521
64 3544
64 3546
64 3568
64 3598
64 3600
64 3665
64 3686
64 3762
64 3767
64 3886
64 3957
64 3961
64 4026
64 4141
64 4240
64 4272
64 4289
64 4357
64 4375
64 4415
64 4423
64 4447
64 4530
64 4550
64 4632
64 4645
64 4648
64 4669
64 4701
64 4721
64 4781
64 4851
64 4853
64 4880
64 4893
64 4894
64 4915
64 4939
64 4963
64 5021
65 86
65 92
65 104
65 117
65 137
65 182
65 197
65 205
65 209
65 267
65 299
65 431
65 439
65 527
65 593
65 777
65 918
65 964
65 986
65 1031
65 1130
65 1247
65 1481
65 1527
65 1578
65 1615
65 1686
65 1703
65 1777
65 1787
65 1964
65 2118
65 2144
65 2147
65 2177
65 2185
65 2206
65 2373
65 2500
65 2610
65 2659
65 2777
65 2853
65 3002
65 3008
65 3270
65 3340
65 3624
65 3663
65 3691
65 3747
65 3757
65 3941
65 4060
65 4189
65 4191
65 4361
65 4652
65 4681
65 4850
65 4958
65 5039
66 84
66 86
66 101
66 329
66 688
66 863
66 1108
66 1307
66 1374
66 1528
66 2076
66 2255
66 2554
66 3009
66 3908
66 4526
66 4791
66 4968
66 5029
67 96
67 166
67 172
67 179
67 208
67 270
67 274
67 433
67 439
67 539
67 615
67 865
67 1331
67 1434
67 1674
67 2117
67 2415
67 3081
67 3464
67 3500
67 3648
67 4103
67 4359
68 82
68 324
68 422
68 440
68 548
68 1074
68 1991
68 2303
68 2518
68 2810
68 2835
68 2846
68 2902
68 3121
68 3143
68 3289
68 3934
68 4918
69 81
69 88
69 89
69 93
69 107
69 159
69 176
69 347
69 416
69 496
69 509
69 516
69 567
69 631
69 684
69 694
69 915
69 1172
69 1183
69 1454
69 1652
69 1708
69 1778
69 1798
69 1842
69 1845
69 1886
69 1906
69 1965
69 2004
69 2249
69 2311
69 2428
69 2472
69 2625
69 2645
69 2697
69 2901
69 2989
69 3040
69 3155
69 3228
69 3320
69 3374
69 3385
69 4048
69 4211
69 4217
69 4279
69 4406
69 4837
70 437
70 1455
70 1591
70 1768
70 1816
70 2523
70 3025
70 3296
70 3313
70 3369
70 3527
70 3806
70 4957
70 4966
71 782
71 1998
72 77
72 97
72 401
72 449
72 475
72 553
72 654
72 663
72 707
72 911
72 948
72 977
72 1009
72 1091
72 1195
72 1347
72 1447
72 1482
72 1590
72 1606
72 2026
72 2191
72 2205
72 2492
72 2615
72 2639
72 2695
72 3532
72 3648
72 3977
72 4078
72 4106
72 4451
72 4739
73 80
73 94
73 120
73 129
73 211
73 212
73 220
73 258
73 287
73 333
73 341
73 424
73 585
73 603
73 651
73 671
73 760
73 761
73 771
73 1000
73 1054
73 1067
73 1078
73 1108
73 1137
73 1182
73 1634
73 1654
73 1682
73 1698
73 1773
73 1800
73 1810
73 1818
73 1891
73 1983
73 1987
73 2036
73 2178
73 2200
73 2233
73 2303
73 2351
73 2484
73 2797
73 2812
73 2840
73 2850
73 2938
73 3135
73 3157
73 3269
73 3281
73 3433
73 3513
73 3596
73 3604
73 3651
73 3737
73 3768
73 3814
73 3867
73 3904
73 3910
73 4261
73 4338
73 4558
73 4665
73 4761
73 4969
73 4983
73 5040
74 83
74 209
74 511
74 573
74 675
74 864
74 1096
74 1292
74 1299
74 1358
74 1430
74 1675
74 1866
74 2223
74 2385
74 2609
74 2633
74 2753
74 2917
74 3024
74 3053
74 3272
74 3828
74 3969
74 4188
74 4277
74 4600
74 4748
74 4956
74 4989
75 103
75 109
75 237
75 263
75 288
75 342
75 467
75 480
75 521
75 543
75 632
75 1418
75 1537
75 1687
75 1827
75 2035
75 2261
75 2275
75 2498
75 2853
75 2888
75 2937
75 3035
75 3232
75 3378
75 3429
75 3515
75 3912
75 4053
75 4348
75 4585
75 4591
75 4649
75 4831
75 4930
75 4934
75 5022
76 134
76 188
76 385
76 390
76 392
76 620
76 840
76 1017
76 1022
76 2161
76 2170
76 2571
76 2643
76 2804
76 3133
76 3472
76 3522
76 4173
76 4224
76 4396
77 200
77 218
77 227
77 486
77 636
77 826
77 847
77 1009
77 1189
77 1195
77 1667
77 2063
77 2298
77 2516
77 2639
77 3876
77 4348
77 4497
78 141
78 143
78 227
78 359
78 409
78 437
78 579
78 586
78 824
78 1034
78 1772
78 1808
78 2186
78 2679
78 3933
79 91
79 2138
79 2431
80 115
80 140
80 192
80 224
80 228
80 258
80 278
80 284
80 345
80 429
80 479
80 545
80 606
80 638
80 983
80 1060
80 1163
80 1468
80 1555
80 1938
80 2119
80 2318
80 2404
80 2737
80 2947
80 3238
80 3513
80 3556
80 3658
80 3866
80 4023
80 4089
80 4210
80 4665
80 4725
80 4761
80 4825
81 88
81 133
81 160
81 185
81 323
81 340
81 373
81 398
81 601
81 617
81 629
81 631
81 744
81 788
81 816
81 854
81 893
81 914
81 941
81 951
81 1047
81 1077
81 1238
81 1271
81 1472
81 1652
81 1693
81 1708
81 1798
81 1878
81 2331
81 2367
81 2461
81 2469
81 2487
81 2529
81 2750
81 2807
81 2813
81 3015
81 3073
81 3201
81 3281
81 3497
81 3623
81 3661
81 4151
81 4426
81 4577
81 4637
81 4677
81 4682
81 4947
81 5025
81 5040
82 114
82 120
82 220
82 234
82 237
82 265
82 344
82 376
82 401
82 504
82 554
82 610
82 620
82 661
82 821
82 875
82 1349
82 1367
82 1393
82 1537
82 1873
82 1980
82 2158
82 2412
82 2476
82 2515
82 2662
82 2878
82 3182
82 3216
82 3298
82 3491
82 3690
82 3789
82 4107
82 4166
82 4203
82 4221
82 4645
83 316
83 672
83 1059
83 2169
83 2223
83 2422
83 3444
84 113
84 171
84 308
84 337
84 420
84 576
84 2329
84 2575
84 3561
84 4618
85 191
85 336
85 436
85 871
85 905
85 1532
85 2063
85 2681
85 2883
85 3676
85 3688
85 4098
85 4628
86 116
86 171
86 230
86 389
86 527
86 665
86 670
86 1901
86 2099
86 2254
86 2945
86 2972
86 3320
86 3655
86 3783
86 3994
86 4564
86 4635
87 110
87 730
87 2935
87 3255
88 89
88 229
88 309
88 315
88 323
88 326
88 373
88 431
88 440
88 450
88 487
88 519
88 544
88 629
88 645
88 740
88 763
88 770
88 800
88 835
88 854
88 893
88 914
88 991
88 999
88 1060
88 1092
88 1111
88 1311
88 1320
88 1335
88 1358
88 1375
88 1419
88 1442
88 1443
88 1721
88 1798
88 1803
88 1819
88 1850
88 1887
88 2058
88 2209
88 2241
88 2245
88 2276
88 2340
88 2423
88 2486
88 2699
88 2772
88 2788
88 2857
88 2957
88 2964
88 3262
88 3409
88 3449
88 3464
88 3608
88 3621
88 3637
88 3845
88 3911
88 4031
88 4048
88 4055
88 4122
88 4258
88 4271
88 4286
88 4373
88 4386
88 4484
88 4817
88 4871
89 104
89 153
89 164
89 169
89 302
89 450
89 518
89 795
89 833
89 902
89 1116
89 1380
89 1520
89 2236
89 2378
89 2439
89 2728
89 2781
89 2973
89 3320
89 3458
89 3746
89 3984
89 4217
89 4218
89 4801
89 4921
90 165
90 286
90 420
90 449
90 476
90 854
90 885
90 1118
90 1265
90 1656
90 1850
90 1910
90 2094
90 2105
90 2495
90 2715
90 2782
90 3310
90 3493
90 3650
90 3792
90 4500
91 130
91 146
91 178
91 242
91 262
91 265
91 277
91 323
91 456
91 478
91 510
91 572
91 583
91 662
91 784
91 876
91 883
91 1028
91 1075
91 1495
91 1558
91 1572
91 1736
91 1903
91 1989
91 2081
91 2163
91 2332
91 3063
91 3490
91 3544
91 3572
91 3658
91 4195
91 4347
91 4532
91 4537
91 4558
91 4802
91 4816
92 117
92 138
92 146
92 159
92 205
92 217
92 277
92 311
92 321
92 333
92 520
92 561
92 792
92 834
92 882
92 952
92 988
92 1010
92 1062
92 1116
92 1254
92 1447
92 1588
92 1600
92 1965
92 1970
92 2046
92 2309
92 2605
92 2942
92 3541
92 3862
92 4625
92 4879
93 145
93 364
93 514
93 517
93 636
93 684
93 700
93 783
93 888
93 1024
93 1391
93 1676
93 2133
93 2402
93 2721
93 3080
93 3367
93 3585
93 3754
93 3764
93 3994
94 283
94 382
94 723
94 961
94 1043
94 1631
94 1950
94 2012
94 2233
94 2714
94 3999
94 4317
94 4490
95 280
95 295
95 398
95 831
95 2160
95 4566
96 108
96 194
96 195
96 273
96 274
96 327
96 358
96 450
96 536
96 556
96 593
96 635
96 650
96 681
96 704
96 711
96 819
96 832
96 931
96 947
96 953
96 1125
96 1188
96 1216
96 1318
96 1371
96 1402
96 1420
96 1434
96 1766
96 1770
96 1846
96 1983
96 2234
96 2300
96 2316
96 2393
96 2446
96 2456
96 2461
96 2527
96 2614
96 2946
96 2985
96 3365
96 3473
96 3604
96 3981
96 4007
96 4096
96 4346
96 4527
96 4545
96 4580
96 4742
97 102
97 136
97 251
97 253
97 318
97 325
97 348
97 371
97 474
97 475
97 499
97 568
97 796
97 809
97 850
97 859
97 884
97 885
97 948
97 1119
97 1146
97 1170
97 1187
97 1235
97 1518
97 1556
97 1634
97 1641
97 1659
97 1662
97 1691
97 1762
97 1933
97 2139
97 2191
97 2225
97 2304
97 2332
97 2384
97 2409
97 2434
97 2489
97 2596
97 2685
97 2987
97 3056
97 3112
97 3113
97 3271
97 3314
97 3387
97 3424
97 3432
97 3434
97 3457
97 3540
97 3787
97 3829
97 3977
97 4000
97 4215
97 4256
97 4258
97 4295
97 4619
97 4631
97 4771
97 4901
97 4959
97 4993
98 111
98 353
98 418
98 434
98 737
98 895
98 1155
98 1314
98 1568
98 1740
98 1789
98 1897
98 2170
98 2300
98 2328
98 2380
98 2386
98 2644
98 2888
98 3043
98 3210
98 3224
98 3328
98 3400
98 4398
98 4465
98 4679
99 101
99 150
99 151
99 343
99 501
99 582
99 622
99 661
99 719
99 853
99 877
99 983
99 1339
99 1553
99 1745
99 1797
99 2033
99 2314
99 2544
99 2699
99 2764
99 2874
99 2883
99 2887
99 2918
99 3466
99 3612
99 3618
99 4094
99 4263
99 4276
99 4326
99 4635
99 4918
100 152
100 412
100 460
100 506
100 529
100 938
100 988
100 1327
100 1507
100 1639
100 1647
100 1694
100 2346
100 2550
100 2703
100 2792
100 4012
100 4445
100 4852
101 385
101 578
101 863
101 1875
101 1877
101 2214
101 2317
101 2730
101 3517
102 108
102 116
102 346
102 404
102 436
102 871
102 1170
102 1220
102 1313
102 1433
102 2182
102 2262
102 2336
102 2927
102 3126
102 4313
102 4522
102 5012
103 109
103 122
103 598
103 632
103 670
103 1026
103 1392
103 1643
103 1672
103 2001
103 2594
103 4348
103 4619
104 110
104 179
104 364
104 424
104 439
104 478
104 601
104 778
104 808
104 833
104 964
104 986
104 1014
104 1046
104 1047
104 1079
104 1123
104 1214
104 1268
104 1275
104 1413
104 1486
104 1633
104 1728
104 1843
104 2111
104 2137
104 2387
104 2878
104 3002
104 3176
104 3308
104 3340
104 3608
104 3859
104 4149
104 4159
104 4218
104 4612
104 4842
104 4958
105 181
105 393
105 423
105 873
105 977
105 1253
105 1610
105 1822
105 2107
105 2448
105 2610
105 2897
105 4022
105 4485
106 202
106 393
106 427
106 511
106 614
106 841
106 980
106 1033
106 1040
106 1227
106 1336
106 1373
106 1504
106 1505
106 1746
106 2051
106 2488
106 2511
106 2656
106 2682
106 2722
106 2730
106 2754
106 3180
106 3353
106 3373
106 3387
106 3970
106 4538
106 4553
107 147
107 159
107 166
107 173
107 201
107 241
107 469
107 697
107 718
107 776
107 873
107 979
107 1027
107 1069
107 1240
107 1259
107 1423
107 1597
107 1809
107 1824
107 1969
107 2249
107 2313
107 2552
107 2625
107 2971
107 3016
107 3020
107 3364
107 3462
107 3538
107 3578
107 3773
107 3841
107 4535
107 4661
107 4841
108 125
108 214
108 327
108 362
108 503
108 593
108 772
108 1019
108 1030
108 1175
108 1318
108 1471
108 1601
108 1957
108 2130
108 3349
108 3440
109 383
109 1099
109 1530
109 2949
109 3210
109 4075
109 4988
110 134
110 179
110 187
110 314
110 390
110 399
110 424
110 3155
110 3442
110 3703
110 4218
111 118
111 145
111 1155
111 3969
112 312
112 313
112 395
112 537
112 541
112 666
112 994
112 1138
112 1346
112 1403
112 1515
112 1736
112 1765
112 1882
112 2005
112 2120
112 2244
112 2310
112 2455
112 2581
112 2795
112 2862
112 2919
112 3411
112 3468
112 3588
112 3666
112 4374
112 4457
112 4533
112 4588
112 4816
112 5001
113 131
113 132
113 275
113 308
113 314
113 514
113 566
113 654
113 689
113 741
113 852
113 1074
113 1210
113 1214
113 1245
113 1301
113 1331
113 1441
113 1460
113 1480
113 1994
113 2068
113 2450
113 2451
113 2536
113 2597
113 2611
113 2830
113 3107
113 3123
113 3200
113 3447
113 3837
113 4001
113 4074
113 4115
113 4186
113 4247
113 4332
113 4726
113 4729
113 4802
113 4828
114 120
114 148
114 186
114 196
114 245
114 275
114 281
114 360
114 362
114 554
114 581
114 608
114 703
114 743
114 1191
114 1224
114 1383
114 1393
114 1630
114 1648
114 1843
114 1871
114 1938
114 1953
114 1972
114 2306
114 2497
114 2566
114 2999
114 3258
114 3406
114 4121
114 4230
114 4377
114 4564
114 4707
114 4810
114 4824
114 4982
115 210
115 219
115 243
115 296
115 350
115 361
115 418
115 494
115 508
115 638
115 715
115 800
115 1018
115 1040
115 1049
115 1103
115 1284
115 1401
115 1445
115 1468
115 1699
115 1726
115 1742
115 1768
115 1928
115 2432
115 2559
115 2590
115 2778
115 3000
115 3084
115 3172
115 3315
115 3341
115 3438
115 3471
115 4164
115 4210
115 4226
115 4376
115 4455
115 4725
115 4761
116 253
116 346
116 559
116 619
116 642
116 806
116 1075
116 1433
116 2182
116 2243
116 3392
116 3405
116 3416
116 3860
116 3991
116 4157
116 4353
116 4784
116 4970
117 180
117 316
117 374
117 925
117 1031
117 1769
117 2889
117 3260
117 3606
117 4319
117 4504
118 156
118 300
118 459
118 481
118 497
118 790
118 1626
118 2474
118 4282
119 261
119 537
119 5043
120 204
120 220
120 365
120 648
120 743
120 760
120 761
120 1006
120 1107
120 1280
120 1665
120 1724
120 1751
120 1757
120 2040
120 2178
120 2297
120 2437
120 3493
120 3629
120 3702
120 4422
120 4751
120 4826
120 4981
121 157
121 561
121 633
121 691
121 1084
121 1230
121 1297
121 1577
121 1945
121 1997
121 2104
121 2225
121 2455
121 2602
121 2683
121 3547
121 3924
121 4324
121 4350
121 4723
121 4937
122 128
122 236
122 291
122 837
122 1083
122 1085
122 1086
122 1392
122 1513
122 1672
122 1916
122 2512
122 2594
122 2639
122 3674
122 4129
122 4298
123 199
123 203
123 206
123 289
123 379
123 453
123 490
123 503
123 514
123 728
123 753
123 786
123 1015
123 1209
123 1212
123 1248
123 1266
123 1364
123 1559
123 1729
123 1985
123 2124
123 2153
123 2179
123 2203
123 2492
123 2618
123 3784
123 3938
123 4309
123 4480
123 4817
123 5027
123 5039
124 257
124 301
124 409
124 526
124 581
124 958
124 1265
124 1376
124 1802
124 1993
124 2065
124 2105
124 2175
124 2194
124 2512
124 2916
124 3327
124 3571
124 4144
124 4885
125 1019
125 1023
125 1236
125 1611
125 2843
125 3019
126 235
126 879
126 1641
126 1971
126 2255
126 2488
126 2667
126 2670
126 2835
126 3312
126 3351
127 132
127 562
127 628
127 1198
127 1504
127 1817
127 1894
127 1990
127 2126
127 2230
127 2402
127 2426
127 2656
127 2836
127 3573
128 136
128 190
128 223
128 259
128 275
128 300
128 334
128 426
128 477
128 485
128 489
128 498
128 605
128 797
128 803
128 996
128 1016
128 1039
128 1044
128 1139
128 1202
128 1225
128 1260
128 1261
128 1310
128 1317
128 1430
128 1467
128 1478
128 1592
128 1650
128 1777
128 1912
128 1925
128 1960
128 2015
128 2054
128 2206
128 2314
128 2348
128 2360
128 2376
128 2414
128 2510
128 2533
128 2659
128 2724
128 2829
128 2912
128 2934
128 2997
128 3245
128 3268
128 3810
128 3877
128 3942
128 4192
128 4212
128 4300
128 4495
128 4611
128 4804
128 4824
129 169
129 222
129 287
129 345
129 356
129 444
129 585
129 1039
129 1056
129 1078
129 1104
129 1270
129 1295
129 1387
129 2091
129 2439
129 2534
129 2755
129 3135
129 3140
129 3967
129 4147
129 4683
129 4763
130 160
130 225
130 360
130 426
130 477
130 549
130 655
130 783
130 820
130 955
130 1205
130 1257
130 1309
130 1319
130 1430
130 1496
130 1725
130 2019
130 2298
130 2669
130 2747
130 2840
130 3158
130 3465
130 4158
130 4406
131 138
131 167
131 211
131 213
131 219
131 233
131 240
131 296
131 356
131 401
131 435
131 481
131 689
131 720
131 974
131 980
131 992
131 1051
131 1112
131 1414
131 1429
131 1453
131 1480
131 1580
131 1815
131 1939
131 2013
131 2267
131 2458
131 2606
131 2615
131 2941
131 3019
131 3200
131 3265
131 3296
131 3622
131 3751
131 3761
131 3993
131 4001
131 4186
131 4499
131 4723
131 4809
131 4837
131 4860
133 533
133 2807
133 3190
133 3623
134 390
134 546
134 791
134 868
134 1296
134 1624
134 2277
134 2606
134 3347
135 137
135 183
135 278
135 491
135 762
135 847
135 1556
135 2280
135 2453
136 174
136 187
136 196
136 237
136 318
136 325
136 334
136 348
136 365
136 410
136 480
136 484
136 489
136 498
136 568
136 738
136 742
136 767
136 796
136 850
136 908
136 1140
136 1256
136 1467
136 1781
136 2064
136 2143
136 2149
136 2305
136 2498
136 2596
136 2833
136 2908
136 3107
136 3690
136 3942
136 4306
136 4388
136 4413
136 4685
136 4744
136 4767
136 4898
136 4962
136 5033
136 5041
137 154
137 183
137 239
137 290
137 342
137 455
137 508
137 528
137 708
137 727
137 817
137 818
137 909
137 918
137 981
137 1003
137 1161
137 1271
137 1316
137 1397
137 1403
137 1527
137 1556
137 1581
137 1783
137 1787
137 1829
137 1895
137 1899
137 1942
137 1945
137 2101
137 2291
137 2457
137 2520
137 2761
137 2847
137 2940
137 3103
137 3162
137 3184
137 3194
137 3382
137 3459
137 3637
137 3704
137 3858
137 3881
137 3924
137 3962
137 3996
137 4005
137 4120
137 4373
137 4398
137 4504
137 4915
138 146
138 167
138 211
138 277
138 468
138 503
138 1036
138 1435
138 1538
138 1884
138 2074
138 2083
138 2095
138 3156
138 3277
138 3361
138 3734
138 4513
138 4671
138 4809
138 4868
139 214
139 531
139 630
139 1169
139 1251
139 1600
139 2069
139 2285
139 3794
140 151
140 429
140 557
140 571
140 600
140 609
140 613
140 738
140 766
140 983
140 1068
140 1305
140 1500
140 1552
140 1619
140 1747
140 1776
140 2011
140 2240
140 2242
140 2273
140 2770
140 2820
140 2893
140 2894
140 3185
140 3721
140 4831
141 194
141 293
141 322
141 376
141 431
141 944
141 1246
141 1540
141 3145
141 3705
141 4622
141 4877
142 156
142 165
142 192
142 224
142 330
142 407
142 693
142 1007
142 1592
142 1657
142 1883
142 2333
142 2939
143 243
143 271
143 287
143 989
143 2379
143 3265
143 3524
144 185
144 205
144 597
144 1422
144 1450
144 1464
144 1512
144 1875
144 1935
144 2269
144 2503
144 2674
144 3222
144 3278
144 3368
144 3892
144 4227
144 4565
144 4946
145 202
145 272
145 460
145 749
145 1021
145 1045
145 1165
145 1282
145 1431
145 1676
145 1898
145 2319
145 3294
145 3772
145 3998
145 4322
146 167
146 277
146 286
146 359
146 446
146 533
146 561
146 672
146 792
146 988
146 1077
146 1180
146 1215
146 1538
146 1609
146 1684
146 1715
146 1825
146 1934
146 2000
146 2121
146 2125
146 2128
146 2309
146 2558
146 3075
146 3277
146 3393
146 3662
146 3783
146 4114
146 4249
146 4251
146 4573
146 4626
146 4636
146 4768
146 4854
146 4970
147 159
147 291
147 371
147 488
147 678
147 714
147 851
147 1057
147 1226
147 1408
147 2799
147 3139
147 3313
147 3527
148 168
148 223
148 249
148 372
148 375
148 827
148 1131
148 1207
148 2121
148 2193
148 2272
148 2991
148 4170
148 4959
149 204
149 291
149 403
149 809
149 944
149 1328
149 1692
149 2213
149 2221
149 3330
149 4469
150 447
150 717
150 1824
150 2097
150 2314
151 1131
151 1455
152 238
152 359
152 412
152 460
152 506
152 709
152 768
152 867
152 968
152 1098
152 1302
152 1417
152 1598
152 2016
152 2173
152 2224
152 2540
152 2640
152 2664
152 2672
152 2778
152 2847
152 2914
152 2948
152 3050
152 3940
152 4154
152 4234
152 4400
152 4415
152 4877
152 4975
153 245
153 355
153 368
153 417
153 535
153 551
153 615
153 628
153 660
153 706
153 722
153 726
153 810
153 1033
153 1069
153 1179
153 1271
153 1348
153 1364
153 1382
153 1468
153 1496
153 1544
153 1571
153 1724
153 1784
153 1795
153 1810
153 1831
153 2112
153 2258
153 2283
153 2288
153 2343
153 2475
153 2631
153 2637
153 2710
153 2726
153 2781
153 2850
153 2868
153 3254
153 3465
153 3589
153 3716
153 4492
153 4728
154 215
154 239
154 266
154 285
154 317
154 320
154 342
154 366
154 397
154 451
154 457
154 509
154 569
154 704
154 891
154 1228
154 1639
154 1945
154 2103
154 2437
154 2444
154 2499
154 2796
154 3124
154 3172
154 4401
154 4454
155 250
155 306
155 321
155 435
155 750
155 969
155 1038
155 1135
155 1218
155 1274
155 1571
155 1841
155 2377
155 2600
155 2791
155 2902
155 3017
155 3033
155 3192
155 3453
155 3503
155 3638
155 3701
155 3830
155 4962
155 5002
155 5012
156 181
156 562
156 881
156 931
156 1346
156 2357
156 2374
156 2690
156 2721
156 2750
156 3254
156 3786
156 4241
157 336
157 374
157 417
157 458
157 982
157 1297
157 1710
157 1712
157 2104
157 2133
157 2683
157 3028
157 3302
157 3982
157 4098
157 4206
158 314
158 352
158 369
158 425
158 432
158 455
158 550
158 881
158 894
158 907
158 1151
158 1160
158 1219
158 1407
158 1515
158 1520
158 1531
158 1807
158 2027
158 2470
158 2770
158 3012
158 3057
158 3235
158 3958
158 4735
158 4852
159 189
159 290
159 299
159 776
159 813
159 842
160 184
160 252
160 297
160 335
160 350
160 575
160 777
160 788
160 951
160 1174
160 1319
160 1408
160 1426
160 1528
160 1604
160 1701
160 1930
160 2266
160 2322
160 2331
160 2502
160 2573
160 2884
160 3104
160 3273
160 4008
160 4071
160 4072
160 4254
160 4623
160 4871
160 4963
161 215
161 418
161 685
161 755
161 1211
161 1416
161 1888
161 2102
161 2535
161 3131
161 3566
161 3754
161 5031
162 272
162 328
162 374
162 396
162 501
162 1002
162 1028
162 1484
162 1707
162 1973
162 2669
162 3077
162 3445
162 3611
162 4243
163 190
163 222
163 265
163 383
163 409
163 411
163 430
163 464
163 667
163 797
163 839
163 890
163 936
163 1197
163 1334
163 1373
163 1403
163 1442
163 1500
163 1837
163 1923
163 1992
163 2071
163 2126
163 2542
163 2620
163 2849
163 2981
163 3115
163 3129
163 3130
163 4372
163 4971
164 169
164 189
164 225
164 232
164 254
164 276
164 298
164 408
164 438
164 510
164 534
164 653
164 676
164 679
164 729
164 828
164 868
164 1074
164 1189
164 1321
164 1495
164 1546
164 1597
164 1699
164 1833
164 1939
164 2081
164 2090
164 2105
164 2309
164 2395
164 2434
164 2732
164 2744
164 2809
164 2870
164 3338
164 3486
164 3567
164 3746
164 3984
164 4225
164 4307
165 206
165 663
165 870
165 1094
165 1754
165 2333
165 4236
166 257
166 400
166 598
166 708
166 716
166 811
166 813
166 2082
166 3403
166 4389
166 4476
166 4678
167 2886
167 3277
167 4362
167 4868
168 261
168 372
168 473
168 843
168 1268
168 2832
168 3442
168 3652
168 3704
168 4399
168 4488
168 4814
168 4992
168 5003
169 193
169 300
169 302
169 345
169 358
169 370
169 408
169 518
169 538
169 723
169 729
169 745
169 928
169 970
169 1019
169 1056
169 1074
169 1178
169 1422
169 1475
169 1519
169 1536
169 1546
169 1554
169 1579
169 2027
169 2081
169 2172
169 2400
169 2403
169 2439
169 2623
169 2650
169 2741
169 2865
169 2947
169 2972
169 3018
169 3079
169 3257
169 3374
169 3431
169 3561
169 3612
169 3667
169 3769
169 3940
169 4174
169 4224
169 4253
169 4824
170 315
170 481
170 1472
170 2293
170 2641
170 2690
170 4028
170 4168
170 4555
170 4559
170 4923
170 4982
171 182
171 199
171 367
171 466
171 536
171 665
171 690
171 759
171 822
171 830
171 855
171 876
171 892
171 1245
171 2243
171 2322
171 2330
171 2410
171 2857
171 2952
171 4440
171 4618
172 185
172 270
172 274
172 469
172 532
172 584
172 832
172 878
172 1110
172 1249
172 2067
172 2075
172 2427
172 2494
172 2585
172 2664
172 2892
172 3065
172 3283
172 3968
172 4059
172 4116
172 4260
172 4629
172 4972
173 469
173 532
173 754
173 1452
173 1755
173 1969
173 2245
173 2313
173 4684
174 410
174 520
174 592
174 904
174 1264
174 2392
174 2638
174 2890
174 2933
174 3973
174 4375
175 328
175 505
175 1353
175 2100
176 391
176 441
176 532
176 637
176 672
176 722
176 810
176 969
176 1269
176 1277
176 1599
176 1612
176 1743
176 1963
176 1981
176 2195
176 2250
176 2619
176 2769
176 3018
176 3287
176 3385
176 3547
176 3964
176 3992
176 4159
176 4172
176 4193
176 4595
176 4644
176 4992
177 301
177 1175
177 2733
177 2786
177 3310
177 4328
177 4345
178 183
178 242
178 246
178 306
178 312
178 351
178 352
178 377
178 422
178 515
178 572
178 632
178 644
178 649
178 678
178 721
178 838
178 859
178 872
178 933
178 1038
178 1101
178 1215
178 1351
178 1434
178 1497
178 1551
178 1680
178 1909
178 1948
178 1979
178 2051
178 2084
178 2159
178 2281
178 2407
178 2557
178 2576
178 2673
178 2722
178 2825
178 2829
178 2879
178 2949
178 2984
178 3003
178 3032
178 3062
178 3114
178 3232
178 3292
178 3319
178 3601
178 3659
178 3742
178 4037
178 4308
178 4347
178 4349
178 4628
178 4700
179 226
179 415
179 586
179 656
179 1275
179 1344
179 1583
179 1662
179 1779
179 2254
179 2265
179 2415
179 2736
179 3177
179 3664
179 3836
179 4088
179 4208
179 4803
180 2354
180 3260
180 4319
181 213
181 256
181 366
181 555
181 616
181 668
181 705
181 745
181 848
181 887
181 1072
181 1473
181 1492
181 2066
181 2365
181 2483
181 2563
181 2995
181 3087
181 3987
181 4839
181 4898
182 665
182 1171
182 1203
182 1999
183 231
183 234
183 508
183 903
183 995
183 1883
183 2280
183 2429
183 2654
183 2774
183 3637
183 4472
184 252
184 297
184 405
184 463
184 575
184 821
184 1082
184 1490
184 1805
184 2266
184 2443
184 2933
184 3134
184 3165
184 3764
184 4712
185 340
185 343
185 601
185 617
185 1047
185 1669
185 2269
185 3627
186 391
186 581
186 594
186 740
186 747
186 795
186 932
186 1076
186 1132
186 1252
186 1383
186 1487
186 1961
186 2049
186 2072
186 2261
186 2412
186 2566
186 2969
186 3219
186 3536
186 4085
186 4139
187 194
187 331
187 443
187 489
187 492
187 698
187 1055
187 1135
187 1566
187 1604
187 1673
187 1992
187 2096
187 2113
187 2155
187 2398
187 2522
187 2583
187 2624
187 2658
187 2752
187 3272
187 3361
187 3370
187 3383
187 3576
187 3782
187 3818
187 4077
187 4197
187 4278
188 198
188 273
188 412
188 472
188 556
188 953
188 1022
188 1059
188 1733
188 1791
188 2070
188 2687
188 2707
188 2903
188 3078
188 3636
188 4076
189 225
189 226
189 232
189 248
189 270
189 298
189 324
189 354
189 400
189 466
189 472
189 716
189 728
189 734
189 776
189 784
189 789
189 842
189 935
189 1182
189 1245
189 1523
189 1552
189 1941
189 1998
189 2586
189 2616
189 2730
189 3013
189 3035
189 3178
189 3303
189 3462
189 3951
189 4431
189 4433
189 4849
190 756
190 919
190 1261
190 1608
190 1992
190 4165
190 4906
191 2449
192 209
192 224
192 378
192 388
192 407
192 429
192 471
192 639
192 644
192 685
192 686
192 778
192 843
192 910
192 934
192 945
192 1183
192 1206
192 1573
192 1677
192 1843
192 2247
192 2285
192 2700
192 2749
192 2842
192 2896
192 3407
192 3694
192 3711
192 3748
192 3760
192 4210
192 4642
192 4922
193 244
193 427
193 494
193 753
193 892
193 984
193 1617
193 1660
193 1695
193 1772
193 2740
193 2874
193 2878
193 2906
193 2929
193 3154
193 3158
193 3389
193 3545
193 3837
193 4880
194 195
194 406
194 883
194 1172
194 1566
194 1585
194 2895
194 3705
194 4177
194 4443
194 4850
194 4867
195 251
195 253
195 260
195 268
195 284
195 406
195 413
195 462
195 467
195 493
195 596
195 603
195 671
195 747
195 901
195 2316
195 2489
195 3787
195 4003
195 4022
195 4042
195 4222
195 4468
195 4516
195 4653
196 358
196 564
196 581
196 608
196 700
196 715
196 752
196 767
196 773
196 790
196 799
196 836
196 888
196 1066
196 1148
196 1243
196 1572
196 1706
196 1714
196 2442
196 2453
196 2462
196 2473
196 2647
196 3093
196 3509
196 3699
196 4467
196 4478
196 4550
196 4638
196 4644
196 4990
197 230
197 474
197 523
197 650
197 986
197 1079
197 1152
197 1206
197 1207
197 2080
197 2279
197 2974
197 4585
198 349
198 370
198 713
198 727
198 805
198 814
198 938
198 1761
198 2700
198 3828
198 4627
199 203
199 233
199 453
199 751
199 759
199 1356
199 1729
199 2003
199 2970
199 4131
199 4513
200 244
200 886
200 1009
200 1077
200 1093
200 1315
200 1435
200 1493
200 1978
200 2166
200 2695
200 3389
200 4973
200 5004
201 216
201 305
201 394
201 453
201 580
201 647
201 818
201 839
201 849
201 879
201 897
201 979
201 981
201 1120
201 1145
201 1193
201 1295
201 1329
201 1345
201 1409
201 1485
201 1574
201 1825
201 1963
201 1964
201 2002
201 2253
201 2270
201 2352
201 2464
201 2485
201 2565
201 2589
201 2701
201 2800
201 2983
201 2990
201 3034
201 3051
201 3152
201 3229
201 3297
201 3466
201 3777
201 3913
201 3975
201 4082
201 4323
201 4709
201 4782
201 4845
201 4847
201 5028
202 272
202 309
202 456
202 460
202 607
202 621
202 696
202 754
202 775
202 827
202 856
202 939
202 1099
202 1102
202 1166
202 1227
202 1533
202 1682
202 1715
202 2024
202 2165
202 2273
202 2357
202 2592
202 2711
202 2857
202 3284
202 3313
202 3339
202 3626
202 3766
202 3893
202 3973
202 4013
202 4033
202 4519
202 4700
203 292
203 307
203 317
203 397
203 491
203 523
203 753
203 802
203 1209
203 1998
203 2003
203 2087
203 2266
203 2276
203 2861
203 2915
203 3241
203 3433
203 3615
203 3700
203 3887
203 3938
203 4073
203 4137
203 4431
203 4686
203 4740
203 4883
204 236
204 255
204 263
204 648
204 743
204 780
204 844
204 988
204 1011
204 1098
204 1213
204 1328
204 1567
204 1665
204 1724
204 2026
204 2297
204 2709
204 2725
204 2970
204 3847
204 3891
204 4697
205 217
205 223
205 369
205 448
205 1029
205 1160
205 1422
205 1464
205 1749
205 2435
205 2679
205 4837
206 216
206 413
206 474
206 476
206 523
206 1015
206 2549
206 3568
206 4244
207 304
207 2694
207 3380
208 266
208 274
208 285
208 433
208 454
208 602
208 656
208 785
208 866
208 945
208 949
208 1008
208 1452
208 1593
208 1650
208 1759
208 1868
208 1975
208 2028
208 2176
208 2349
208 2570
208 2598
208 2619
208 3707
208 4383
209 268
209 344
209 378
209 388
209 457
209 590
209 639
209 644
209 762
209 847
209 910
209 957
209 993
209 997
209 1041
209 1091
209 1111
209 1156
209 1357
209 1458
209 1519
209 1523
209 1644
209 1653
209 1685
209 1717
209 1819
209 1851
209 1909
209 1958
209 1987
209 2171
209 2346
209 2406
209 2420
209 2539
209 2947
209 2996
209 3030
209 3145
209 3711
209 3826
209 3833
209 4062
209 4219
209 4755
209 4917
210 219
210 228
210 574
210 612
210 715
210 1165
210 1221
210 1228
210 1457
210 1541
210 2125
210 2559
210 2873
210 3393
210 3470
210 4947
211 212
211 470
211 883
211 939
211 1435
211 2078
211 2271
211 3156
211 3904
211 4261
211 4274
212 258
212 389
212 427
212 430
212 565
212 845
212 1044
212 1137
212 1178
212 1679
212 1777
212 1939
212 2882
212 3066
212 3645
212 4037
212 4972
213 241
213 588
213 787
213 1023
213 1051
213 1072
213 1168
213 1803
213 2295
213 3624
213 4438
213 4487
213 4613
213 4660
214 1175
214 1325
214 1957
215 451
215 528
215 553
215 928
215 972
215 1112
215 2444
215 2505
215 4927
216 419
216 614
216 998
216 1312
216 1503
216 1696
216 1971
216 2674
216 3418
216 3648
216 3687
216 3810
216 4295
216 4905
217 516
217 547
217 604
217 618
217 721
217 861
217 1446
217 1514
217 1521
217 1630
217 1690
217 1882
217 1886
217 2498
217 2613
217 2962
218 247
218 415
218 491
218 613
218 826
218 1347
218 1389
218 1501
218 1908
218 2200
218 2209
218 3675
218 3813
218 4417
218 4497
218 4912
219 508
219 604
219 781
219 3004
219 3438
219 4823
220 333
220 376
220 447
220 648
220 856
220 978
220 1006
220 1138
220 1349
220 1570
220 1708
220 1751
220 2246
220 2797
220 4489
220 4519
220 4911
221 339
221 495
221 531
221 571
221 699
221 1265
221 1375
221 2130
221 2967
221 3776
222 356
222 397
222 411
222 444
222 1298
222 1303
222 1687
222 2356
222 2849
222 4325
222 4615
222 4971
223 445
223 448
223 640
223 1173
223 1191
223 1592
223 2442
223 4238
224 284
224 483
224 513
224 545
224 757
224 1745
224 1786
224 2287
224 2543
224 3007
224 3102
224 3161
224 3673
224 3748
224 4171
224 4327
224 4922
225 226
225 232
225 254
225 292
225 298
225 324
225 354
225 386
225 625
225 913
225 915
225 923
225 985
225 1003
225 1037
225 1153
225 1163
225 1209
225 1279
225 1382
225 1431
225 1479
225 1480
225 1548
225 1804
225 1921
225 1943
225 2006
225 2187
225 2208
225 2224
225 2250
225 2310
225 2312
225 2544
225 2761
225 3152
225 3339
225 3475
225 3548
225 3641
225 3872
225 3921
225 3999
225 4115
225 4805
226 248
226 402
226 656
226 866
226 937
226 1278
226 1351
226 1744
226 1833
226 1858
226 1902
226 2841
226 2880
226 3231
226 3259
226 3486
226 3719
226 5008
226 5036
227 687
227 1772
227 1996
227 2047
227 2388
227 2661
228 308
228 1864
228 1938
228 2102
228 4230
229 467
229 973
229 1462
229 4766
230 270
230 1585
231 470
231 2588
231 2871
232 290
232 298
232 354
232 384
232 392
232 408
232 438
232 500
232 557
232 595
232 676
232 746
232 789
232 798
232 803
232 895
232 1037
232 1042
232 1044
232 1070
232 1181
232 1284
232 1374
232 1406
232 1479
232 1586
232 1643
232 1723
232 1737
232 1746
232 1861
232 1888
232 1941
232 1980
232 2008
232 2075
232 2082
232 2145
232 2229
232 2375
232 2395
232 2427
232 2506
232 2837
232 2904
232 2905
232 3036
232 3040
232 3083
232 3133
232 3163
232 3237
232 3256
232 3306
232 3310
232 3533
232 3566
232 3582
232 3585
232 3857
232 3919
232 3959
232 3970
232 4117
232 4126
232 4152
232 4323
232 4352
232 4403
232 4412
232 4418
232 4523
232 4530
232 4733
232 4842
233 240
233 356
233 733
233 787
233 1258
233 1573
233 1749
233 3003
233 3263
233 3803
233 4111
233 4149
234 400
234 413
234 440
234 645
234 821
234 844
234 855
234 903
234 911
234 974
234 1365
234 1371
234 1603
234 1612
234 1614
234 1835
234 2776
234 2794
234 3105
234 3408
234 3409
234 3538
234 3644
234 3749
234 4472
235 317
235 379
235 592
235 663
235 664
235 1706
235 1927
235 2274
235 2901
235 4629
235 4917
236 780
236 837
236 1920
236 1926
236 2098
236 2584
236 2648
236 2874
236 3911
236 4293
236 4409
236 4594
236 4989
237 281
237 348
237 952
237 1094
237 1360
237 1537
237 1827
237 2035
237 2370
237 2531
237 3376
237 3429
237 4300
237 4551
237 4795
238 409
238 560
238 643
238 768
238 769
238 943
238 1389
238 1924
238 2554
238 2822
238 4331
238 4733
239 741
239 1161
239 1849
239 3360
239 3517
239 4380
239 4654
240 428
240 730
240 807
240 1395
240 2049
240 2589
240 2970
240 3017
240 3019
240 4096
240 4111
240 5044
241 655
241 1082
241 1183
241 1342
241 1417
241 1460
241 2279
241 2335
241 2465
241 3566
241 4438
242 377
242 814
242 872
242 1149
242 1551
242 1842
242 1924
242 2713
242 3147
242 3538
242 4408
242 4790
243 626
243 770
243 1607
243 1781
243 2574
243 2793
243 4900
244 651
244 1093
244 1735
244 2658
244 4383
244 4880
245 703
245 1915
245 1953
245 2230
245 2631
245 3961
245 4965
246 2459
247 415
247 587
247 710
247 826
247 1020
247 1347
247 4417
247 4572
248 300
248 659
248 674
248 812
248 957
248 1304
248 1523
248 2165
248 3286
248 3742
248 4646
248 4893
249 262
249 507
249 658
249 827
249 918
249 1048
249 1122
249 1141
249 1330
249 1543
249 1995
249 2167
249 2184
249 3034
249 3046
249 3190
249 3207
249 3363
249 3597
249 4118
249 4621
249 4934
250 677
250 750
250 835
250 1080
250 1130
250 1471
250 1736
250 1803
250 2043
250 2115
250 2248
250 2485
250 3065
250 3181
250 3312
250 3452
250 3887
250 4062
251 253
251 306
251 310
251 406
251 468
251 634
251 747
251 1119
251 1262
251 1395
251 1420
251 1762
251 1800
251 1969
251 2006
251 2094
251 2127
251 2601
251 2760
251 2872
251 3209
251 3245
251 3395
251 3424
251 3506
251 3798
251 4039
251 4730
251 4744
251 4832
252 256
252 335
252 463
252 563
252 1585
252 1678
252 2502
252 3423
252 3962
252 4592
252 4809
253 268
253 619
253 1420
253 1565
253 1835
253 2127
253 3392
253 3542
254 408
254 625
254 799
254 867
254 877
254 1157
254 1870
254 2434
254 2986
254 3655
254 4670
255 472
255 1834
255 1907
255 3744
256 279
256 363
256 466
256 514
256 616
256 887
256 1462
256 1492
256 1636
256 1704
256 2653
256 3307
256 3414
256 3987
256 4736
257 540
257 1735
257 1994
257 3892
258 548
258 1163
258 1637
258 1654
258 2793
258 2832
259 320
259 329
259 334
259 351
259 382
259 426
259 443
259 528
259 546
259 570
259 688
259 693
259 717
259 721
259 767
259 880
259 1205
259 1220
259 1400
259 1437
259 1449
259 1871
259 1954
259 2006
259 2363
259 2416
259 2479
259 3086
259 3193
259 3245
259 3520
259 3681
259 3824
259 3873
259 3908
259 3964
259 4528
259 4650
260 262
260 287
260 889
260 2412
261 380
261 473
261 482
261 611
261 1100
261 1505
261 1649
261 2075
261 2339
261 2478
261 2513
261 2575
261 2861
261 3106
261 3936
262 331
262 469
262 479
262 565
262 580
262 591
262 775
262 2909
262 3864
263 367
263 1775
263 2429
263 4697
264 534
264 621
264 695
264 960
264 1021
264 1498
264 1602
264 2445
264 2848
264 2949
264 3147
264 3333
264 3352
264 3729
264 4369
264 5022
265 276
265 401
265 530
265 583
265 697
265 1097
265 1156
265 1490
265 1739
265 1837
265 2423
265 2529
265 3300
265 3359
265 3411
265 3544
265 3578
265 3842
265 4435
265 4861
266 285
266 320
266 454
266 704
266 732
266 963
266 998
266 1220
266 1452
266 1470
266 2050
266 3198
266 3404
267 288
267 746
267 1752
267 2177
267 3291
268 388
268 686
268 896
268 1357
268 1635
268 2363
268 2399
268 2595
268 2686
268 4935
269 546
269 1459
269 1502
269 1520
269 4265
270 2201
271 282
271 560
271 769
271 1876
271 2020
271 2529
272 309
272 347
272 387
272 420
272 892
272 1002
272 1051
272 1066
272 1106
272 1147
272 1401
272 1455
272 1740
272 2299
272 2491
272 2592
272 2948
272 3476
272 3477
272 3597
272 3656
272 3859
272 4105
272 4143
272 4180
272 4561
272 4862
273 556
273 953
273 1246
273 1451
273 1721
273 1791
273 3166
273 3743
273 4633
273 4643
273 4961
274 711
274 832
274 1402
274 1499
274 1744
274 1756
274 2446
274 3109
274 3462
274 3842
274 4046
274 4545
275 495
275 803
275 996
275 1310
275 1331
275 1451
275 1873
275 1925
275 2052
275 4056
275 4377
276 1242
276 1669
276 2732
276 2773
276 2971
277 311
277 456
277 462
277 662
277 710
277 1259
277 1644
277 2778
277 2828
277 3277
277 4976
278 491
278 1547
278 1555
278 3096
278 3189
278 3641
278 3654
278 3715
278 4498
278 4514
278 4710
279 399
279 616
279 799
279 887
279 1836
279 1859
279 2364
279 2507
279 3435
279 3526
279 4124
280 294
280 295
280 831
280 861
280 1022
280 1809
280 2018
280 2160
280 2451
280 2564
280 2831
280 2855
280 3186
280 3213
280 3732
280 3966
280 4145
280 4189
280 4198
280 4351
280 4927
281 447
281 586
281 952
281 1121
281 1360
281 1622
281 1648
281 1931
281 2400
281 2531
281 2716
281 2925
281 3609
282 716
282 1324
282 1390
282 2586
282 2963
282 3160
282 4984
283 441
283 961
283 1043
283 1618
283 1631
283 1950
283 2012
283 2198
283 2588
283 3522
283 3988
283 4317
283 4743
284 368
284 429
284 459
284 504
284 513
284 740
284 757
284 790
284 1097
284 3752
284 4933
285 297
285 451
285 579
285 1276
285 1304
285 1310
285 1324
285 1350
285 1603
285 2148
285 4899
286 449
286 921
286 1039
286 1495
286 2729
286 3221
286 3792
287 585
287 1095
288 467
288 880
288 901
288 1394
288 2853
288 3196
288 3839
288 3953
288 4020
288 4199
288 4302
288 4866
289 313
289 319
289 428
289 434
289 448
289 452
289 492
289 525
289 579
289 666
289 942
289 1276
289 1661
289 1839
289 2246
289 3091
289 3491
289 4226
289 4238
289 4778
290 842
290 946
290 966
290 1848
290 2538
290 2585
290 2625
290 2783
290 2870
290 3013
290 3225
290 3382
290 3846
290 4119
290 4784
291 837
291 1328
291 1529
291 2548
291 4291
291 4380
292 443
292 555
292 802
292 913
292 1089
292 1224
292 1232
292 1255
292 1482
292 2276
292 2610
292 2651
292 2833
292 3322
292 4285
292 4336
292 4686
292 4875
292 5034
292 5041
293 322
293 679
293 890
293 4041
293 4676
294 295
294 331
294 522
294 828
294 831
294 860
294 1087
294 2238
294 2696
294 3102
294 3730
294 4462
294 4803
295 398
295 1508
295 1868
295 2602
295 4876
296 303
296 403
296 465
296 494
296 669
296 780
296 1201
296 1401
296 1407
296 1427
296 1525
296 1823
296 2029
296 2086
296 2161
296 2425
296 2504
296 2615
296 3124
296 3204
296 3316
296 3329
296 3771
296 4886
296 5014
297 575
297 697
297 1082
297 1304
297 1310
297 1528
297 1805
297 1977
297 2148
297 2199
297 2561
297 2802
297 3165
297 3286
297 4318
298 386
298 466
298 576
298 595
298 676
298 762
298 789
298 1003
298 1037
298 1284
298 1317
298 1586
298 1624
298 1751
298 1986
298 2123
298 3518
298 3641
298 3799
298 3851
298 3872
298 4197
298 4341
298 4356
298 4861
299 652
299 829
299 2118
299 2373
299 2753
299 3088
299 3144
299 3541
299 3592
299 3770
299 4652
300 442
300 482
300 566
300 1139
300 1260
300 1478
300 2189
301 898
301 1933
301 2786
301 3986
302 358
302 387
302 518
302 1579
302 3018
302 3091
302 4224
302 4259
303 580
303 2922
304 424
304 499
304 699
304 808
304 1004
304 1100
304 1353
304 1358
304 1378
304 1593
304 1599
304 1861
304 2279
304 2704
304 3347
304 3380
304 3751
304 3937
304 4195
304 4340
304 4368
304 4411
304 4448
304 4777
304 5013
305 653
305 1549
305 3754
305 4154
305 4481
305 4583
305 4709
306 310
306 394
306 869
306 1029
306 1038
306 1135
306 1218
306 1439
306 2166
306 2222
306 2825
306 2879
306 3017
306 3041
306 3153
306 4039
306 4063
306 4731
307 2062
307 2815
308 2102
308 2611
308 4011
308 4891
309 326
309 345
309 373
309 448
309 500
309 800
309 1092
309 1419
309 1454
309 1754
309 2252
309 2302
309 2340
309 2362
309 2390
309 2505
309 3315
309 3354
309 3765
309 4143
310 3424
310 4556
311 578
311 710
311 1881
312 395
312 461
312 825
312 987
312 994
312 1095
312 1497
312 1802
312 2120
312 2375
312 2602
312 3523
312 4303
312 4570
312 4750
312 4881
313 428
313 431
313 541
313 765
313 1346
313 1620
313 1757
313 1765
313 1961
313 1968
313 2153
313 2631
313 3588
313 4400
313 4424
314 1289
314 1407
314 1515
314 1563
314 1666
314 1720
314 2581
314 2770
314 2829
314 3085
314 4074
314 4164
314 4317
314 4656
315 353
315 530
315 889
315 1356
315 1472
315 2140
315 2175
315 2180
315 2538
315 2541
315 2952
315 3528
315 3696
315 3705
315 4867
316 381
316 552
316 925
316 1739
316 2092
316 2467
316 3444
316 4105
316 4431
316 4998
317 1228
317 2009
317 4103
317 4883
318 348
318 371
318 410
318 433
318 481
318 539
318 742
318 955
318 1070
318 1180
318 1646
318 2197
318 2668
318 2707
318 4036
318 4176
318 4464
318 4496
318 4991
319 990
319 1839
320 874
320 1332
320 1930
320 2437
320 2744
320 3198
320 3873
320 3875
320 4287
320 4967
321 396
321 407
321 646
321 1062
321 1115
321 1236
321 1651
321 1841
321 2022
321 2487
321 2687
321 3361
321 3638
321 3646
321 3856
321 4277
321 4278
321 4625
321 4756
321 4844
321 4942
321 5031
322 375
322 520
322 890
322 958
322 965
322 1750
322 1948
322 4041
322 4479
323 510
323 542
323 601
323 755
323 766
323 1220
323 1391
323 1417
323 2486
323 3015
323 3544
323 4483
323 4484
323 4674
324 386
324 548
324 934
324 1842
324 3866
324 4953
325 796
325 1556
325 1787
325 1796
325 2149
325 2325
325 3807
325 4779
326 487
326 635
326 813
326 991
326 1193
326 2183
326 2830
326 3223
327 450
327 488
327 503
327 641
327 4733
328 349
328 388
328 563
328 649
328 967
328 1239
328 1353
328 1413
328 1816
328 2061
328 2100
328 2910
328 3668
328 3724
329 688
329 723
329 864
329 1023
329 1292
329 1316
329 1359
329 1498
329 1522
329 1844
329 2187
329 2202
329 2218
329 2568
329 2848
329 3168
329 3352
329 3381
329 3570
329 3847
329 4135
329 4284
329 4326
329 4648
329 4673
329 4775
329 4843
329 5034
330 577
330 899
330 1341
330 2262
330 2686
330 3647
330 4776
331 393
331 479
331 698
331 828
331 977
331 1253
331 1321
331 1339
331 1382
331 1792
331 2040
331 2071
331 2085
331 2129
331 2272
331 2347
331 2477
331 2583
331 2684
331 2779
331 2896
331 3033
331 3102
331 3196
331 3274
331 3336
331 3668
331 4296
332 748
332 855
332 1177
332 1190
332 1923
332 2078
332 2406
332 3854
332 4308
332 4870
333 761
333 1192
333 1204
333 1372
333 1719
333 2505
333 3070
333 4557
333 4651
334 351
334 532
334 605
334 921
334 1116
334 1167
334 1437
334 2569
334 2591
334 2942
334 3086
334 4015
334 4600
335 951
335 1174
335 1356
335 1678
336 421
336 445
336 597
336 642
336 652
336 673
336 905
336 1036
336 1170
336 1187
336 1373
336 1432
336 2114
336 2506
336 2689
336 3344
336 3777
336 4079
336 4887
337 908
337 1161
337 2033
337 2236
337 2329
337 2378
337 2552
337 3101
337 3443
337 4032
338 798
338 2768
338 2961
338 3384
338 4252
339 765
339 836
339 917
339 922
339 1034
339 1181
339 1299
339 1341
339 1375
339 1444
339 1767
339 1952
339 2306
339 2391
339 2396
339 2483
339 2503
339 2522
339 2537
339 2821
339 2965
339 3141
339 3286
339 4593
339 4882
340 446
340 1157
340 1238
340 1270
340 1306
340 1940
340 2546
340 3746
340 4168
340 4179
341 362
341 392
341 465
341 651
341 760
341 1101
341 1397
341 1564
341 1621
341 1701
341 1722
341 1880
341 2197
341 2417
341 2571
341 2822
341 2923
342 357
342 694
342 1397
342 3881
342 3996
342 4013
342 4287
343 617
343 1105
343 1185
343 2813
344 504
344 554
344 1685
344 2174
344 2515
344 3356
344 3799
344 4816
345 545
345 547
345 618
345 660
345 1056
345 1419
345 1519
345 1702
345 2119
345 2335
345 2482
345 2532
345 2633
345 2947
345 3205
345 3377
345 4419
345 4607
346 882
346 1229
346 1249
346 1270
346 1313
346 1694
346 1811
346 1896
346 2026
346 2530
346 2644
346 2733
346 3099
346 3966
346 4033
346 4123
347 355
347 416
347 496
347 1081
347 1109
347 1126
347 1291
347 1366
347 1466
347 1740
347 1863
347 2382
347 2837
347 2978
347 3061
347 3475
347 3593
347 4187
347 4597
348 371
348 410
348 433
348 489
348 569
348 656
348 718
348 1079
348 1119
348 1256
348 1278
348 1300
348 1691
348 1762
348 1806
348 2083
348 2392
348 2618
348 3062
348 3227
348 3877
348 4397
348 4995
349 368
349 484
349 1281
349 1634
349 1680
349 1839
349 4869
350 361
350 1699
350 2432
350 4125
350 4255
351 815
351 1116
351 2228
351 4587
352 471
352 478
352 609
352 647
352 682
352 894
352 1103
352 1506
352 2139
352 2184
352 2347
352 2694
352 2852
352 2998
352 3012
352 3441
352 3598
352 3642
352 3659
352 3955
352 4276
352 4297
352 4436
352 4555
352 4704
352 4884
352 4895
352 5037
354 382
354 384
354 500
354 566
354 734
354 811
354 929
354 936
354 1013
354 1182
354 1381
354 1548
354 2004
354 2302
354 2620
354 2621
354 3088
354 3133
354 3222
354 3404
354 3530
354 3592
354 3995
355 496
355 505
355 564
355 706
355 820
355 899
355 1020
355 1081
355 1291
355 1487
355 1544
355 1557
355 1646
355 1901
355 1946
355 2147
355 2438
355 2510
355 2710
355 2863
355 3453
355 3498
355 4783
355 4854
355 4889
356 444
356 720
356 1298
356 1540
356 2356
357 694
357 1404
357 3550
357 4473
358 1474
358 1554
358 1572
358 4174
359 2672
359 2679
360 458
360 608
360 634
360 707
360 955
360 962
360 1196
360 1377
360 1634
360 1718
360 1832
360 1871
360 1926
360 1972
360 2131
360 2298
360 2329
360 2413
360 2741
360 2864
360 3140
360 3811
360 4463
360 4630
360 4695
360 4773
360 4810
361 485
361 1139
361 1665
361 2922
361 3207
361 3349
361 3551
361 3555
361 3802
361 3864
361 4125
361 4126
361 4286
361 4376
361 4482
361 4931
362 443
362 646
362 1869
363 528
363 587
363 1121
363 1636
363 1638
363 2235
363 3801
363 4362
363 4451
363 4977
363 4986
364 1312
364 1368
364 1421
364 1508
364 1649
364 2021
364 2578
364 2725
364 3027
364 4379
365 527
365 648
365 1062
365 1107
365 1529
365 1542
365 1903
365 2596
365 3328
365 3629
365 4981
365 5033
366 555
366 1526
366 1899
366 1959
366 2000
366 2354
366 2424
366 2483
366 4161
367 595
367 830
367 1140
367 1940
367 2617
367 3015
368 1831
368 1839
368 2202
368 2408
368 2499
368 3640
368 4483
368 4752
368 4933
369 425
369 493
369 696
369 729
369 787
369 1020
369 1042
369 1113
369 1160
369 1199
369 1322
369 1580
369 1647
369 1705
369 1807
369 1865
369 2076
369 2212
369 2260
369 2405
369 2548
369 2549
369 2625
369 2705
369 2845
369 3123
369 3146
369 3894
369 4370
369 4477
369 4538
369 4714
370 522
370 538
370 970
370 1361
370 1531
370 2076
370 2256
370 2301
370 2623
370 2657
370 3561
370 4031
370 4175
370 4576
370 4627
371 589
371 1146
371 1300
371 1836
371 3062
371 3391
371 4121
371 4148
371 4959
372 425
372 764
372 900
372 2140
372 2528
373 748
373 1068
374 436
374 1026
374 3606
375 459
375 3166
376 497
376 573
376 875
376 1194
376 1349
376 1376
376 1760
376 1857
376 2194
376 2873
376 3145
376 3203
376 3216
376 3326
376 3583
376 4046
377 560
377 690
377 769
377 1283
377 1700
377 1924
377 2938
377 3815
377 4408
378 421
378 480
378 589
378 641
378 747
378 822
378 1114
378 1189
378 1418
378 1426
378 2072
378 2274
378 2345
378 2908
378 2955
378 2969
378 3025
378 3197
378 3536
378 3711
378 3954
378 3960
378 3979
378 4720
379 664
379 978
379 1015
379 1321
379 1680
379 1950
379 2071
379 2203
379 2229
379 2308
379 2347
379 2731
379 2739
379 3230
379 4250
379 4463
379 4492
379 4641
380 596
380 611
380 623
380 1031
380 1166
380 2110
380 2228
380 2341
380 2642
380 3221
380 3834
381 741
381 1307
381 4375
381 4835
382 620
382 862
382 3086
383 1442
383 1671
383 2307
383 2431
383 3761
384 414
384 438
384 477
384 640
384 734
384 823
384 975
384 2075
384 2141
384 2270
384 2427
384 2859
384 3055
384 3439
384 4117
384 4759
385 392
385 846
385 863
385 1046
385 2697
385 3284
385 3660
386 923
386 955
386 1003
386 1058
386 1087
386 1192
386 1322
386 1540
386 1693
386 1986
386 2112
386 2205
386 2250
386 2304
386 3092
386 3560
386 3635
386 4115
386 4565
386 4847
387 2801
387 3325
387 3395
387 3507
387 3614
387 4807
388 685
388 840
388 957
388 967
388 1239
388 1413
388 2120
388 2346
388 3818
388 4414
389 490
389 572
389 1445
389 1549
389 1574
389 1951
389 3001
389 3154
389 3268
389 3728
391 810
391 969
391 1961
391 3187
391 4159
391 4369
392 465
392 1042
392 1308
392 1569
392 1855
392 1994
392 2008
392 2216
392 2222
392 2417
392 2571
392 2923
392 3146
392 4385
393 977
393 1253
393 1941
393 2085
393 2488
393 2610
393 3520
393 4022
393 4079
393 4190
393 4641
393 4794
394 512
394 630
394 794
394 1038
394 1050
394 1301
394 1485
394 1541
394 1713
394 1758
394 1808
394 1819
394 1828
394 1979
394 2010
394 2083
394 2222
394 2545
394 2695
394 3093
394 4579
395 432
395 455
395 461
395 512
395 607
395 643
395 825
395 927
395 1004
395 1050
395 1071
395 1117
395 1176
395 1294
395 1370
395 1530
395 1582
395 1687
395 1979
395 2138
395 2174
395 2251
395 2263
395 2609
395 3488
395 3539
395 3749
395 3758
395 3916
395 4124
395 4196
395 4329
395 4472
395 4577
395 4750
395 4799
396 646
396 1235
396 1707
396 1993
396 2480
396 4578
397 3169
398 4876
399 1613
399 2198
400 716
400 779
400 844
400 911
400 2106
400 2579
400 3288
400 3403
400 3462
400 3607
400 3951
400 4068
400 4389
401 530
401 909
401 1010
401 1061
401 1156
401 1570
401 1879
401 2013
401 2063
401 2413
401 3066
401 3428
401 4006
401 4189
401 4489
401 4542
402 706
402 1208
402 1744
402 1782
402 1966
402 2134
402 2943
402 3179
402 3584
402 3716
402 3805
402 4906
403 494
403 563
403 799
403 2353
403 2881
403 5015
404 731
404 753
404 848
404 1190
405 418
405 906
405 1363
405 1559
405 2217
405 2902
405 4146
405 4794
405 4855
405 4908
406 1128
406 4730
407 522
407 685
407 1115
407 1144
407 2282
407 4077
407 4547
407 4591
408 438
408 729
408 784
408 867
408 874
408 895
408 1070
408 1181
408 1254
408 1870
408 2799
408 3649
408 3906
408 4304
408 4557
409 824
409 1376
409 1396
409 1493
409 1992
409 2186
409 3164
409 4043
409 4165
409 4239
410 484
410 569
410 1133
410 2089
410 2392
410 2668
410 2950
410 3557
411 464
411 651
411 667
411 912
411 1761
411 1838
411 2095
411 2126
411 2805
411 2837
411 3042
411 3243
411 3397
411 3660
411 3740
411 4268
411 4813
411 4929
412 968
412 1049
412 1639
412 2672
412 4234
413 1752
413 2342
413 2538
413 3889
414 507
414 687
414 693
414 975
414 1273
414 1288
414 1542
414 1783
414 1935
414 2261
414 2433
415 468
415 932
415 2265
415 4088
416 516
416 549
416 918
416 926
416 1297
416 1362
416 1366
416 1548
416 2104
416 3228
416 3299
416 3347
416 3816
416 5018
417 458
417 1179
417 2122
417 4062
417 4951
418 900
418 1789
418 1872
418 2842
418 3835
419 584
419 857
419 932
419 1185
419 1503
419 1574
419 2132
419 2464
419 2680
419 2924
419 3174
419 3562
419 4102
419 4133
419 4354
419 4494
420 756
420 1063
420 1106
420 1301
420 1564
420 1682
420 2775
420 3548
420 3654
420 3859
420 4216
420 4387
420 4589
420 4805
421 445
421 673
421 987
421 4009
422 675
422 838
422 937
422 2534
422 2951
423 717
423 929
423 4390
424 499
424 808
424 1125
424 1275
424 1563
424 1800
424 2930
424 3269
424 4218
424 4448
425 517
425 725
425 764
425 1017
425 1199
425 1282
425 1348
425 1425
425 1515
425 1659
425 1763
425 1932
425 2076
425 2801
425 3049
425 3958
426 570
426 820
426 902
426 1205
426 1225
426 1309
426 1355
426 1399
426 1478
426 1966
426 2019
426 2024
426 2414
426 2520
426 2669
426 2905
426 2997
426 3014
426 3448
426 4425
426 4534
426 4599
427 758
427 845
427 984
427 1033
427 1227
427 2602
427 2740
427 2836
427 2839
427 2906
427 4350
428 452
428 524
428 672
428 730
428 1042
428 1282
428 1511
428 1704
428 2039
428 2603
428 3193
428 3819
428 4639
429 600
429 738
429 821
429 843
429 885
429 983
429 3158
430 442
430 565
430 634
430 840
430 858
430 926
430 934
430 1250
430 1923
431 487
431 629
431 1615
431 1881
431 2500
431 2976
431 3608
431 4681
432 455
432 1024
432 1071
432 1237
432 1294
432 1354
432 2174
432 2468
432 2956
432 3412
432 4621
432 4858
432 4879
433 539
433 602
433 615
433 949
433 1070
433 1593
433 1701
433 1719
433 1949
433 2043
433 2399
433 2436
433 2598
433 3067
433 3227
433 3485
433 3524
433 3877
433 4019
433 4692
434 619
434 637
434 675
434 724
434 737
434 811
434 1411
434 1675
434 1897
434 2065
434 2067
434 2226
434 2396
434 2607
434 3122
434 3290
434 3377
434 3563
434 3631
434 3692
434 3908
434 3950
434 4441
434 4528
434 4699
434 4779
434 4806
435 1127
435 2826
436 440
436 502
436 645
436 871
436 893
436 1106
436 1661
436 1716
436 2152
436 3477
436 3688
437 599
437 1024
437 1279
437 3313
437 3359
437 3527
437 3922
438 679
438 1228
439 986
439 2159
439 3372
439 3747
439 4205
439 4308
440 645
440 713
440 893
440 982
440 1106
440 1474
440 1768
440 1928
440 1937
440 2125
440 2580
440 2899
440 3013
440 3082
440 3121
440 3409
440 3477
440 3585
440 4145
441 502
441 751
441 910
441 959
441 967
441 998
441 1134
441 1242
441 1579
441 1660
441 1711
441 1769
441 1912
441 2122
441 2185
441 2603
441 2647
441 2727
441 2904
441 2984
441 3024
441 3301
441 3505
441 3763
441 4491
441 4548
441 4802
442 482
442 829
442 950
442 1385
442 1684
442 3732
442 5021
443 913
443 1224
443 1524
443 1566
443 1929
443 2237
443 3067
444 1065
444 2356
444 2652
444 2692
444 2883
444 2991
444 3082
444 3189
444 4198
444 4657
445 538
445 739
445 763
445 1048
445 1122
445 1341
445 2116
445 4026
445 4607
447 577
447 1285
447 1674
447 2400
447 2716
447 3686
447 4359
448 772
448 1162
448 2362
448 2368
448 3709
449 476
449 606
449 911
449 1039
449 1347
449 1432
449 1561
449 1590
449 1656
449 1851
449 1910
449 2165
449 2327
449 2729
449 3224
449 3400
449 3669
449 3755
449 3851
449 3984
449 4176
449 4437
449 4991
450 854
450 914
450 1295
450 1375
450 1721
450 1887
450 2073
450 2578
450 2894
450 4217
450 4252
451 928
451 1008
451 1200
451 1957
451 2256
451 2700
451 3072
451 3722
451 4065
451 4242
451 4616
452 3399
452 3912
453 490
453 512
453 571
453 622
453 781
453 826
453 2033
453 2124
453 2520
453 3235
453 3492
453 3788
453 3915
453 4130
453 4239
453 4517
453 5039
454 569
454 712
454 949
454 1136
454 1470
454 1584
454 1638
454 1790
454 1799
454 1855
454 1964
454 2557
454 3863
454 4081
455 461
455 1161
455 1176
455 1237
455 1294
455 2411
455 2977
455 3106
455 3704
455 3817
455 4428
456 662
456 680
456 1818
456 2024
456 2175
456 2316
456 2686
456 2702
456 3766
456 3913
456 4614
456 4796
456 4901
456 4951
456 5028
457 639
457 793
457 1091
457 1273
457 2444
457 3730
458 1247
458 1710
458 1860
458 2122
458 2661
458 3811
459 790
459 1927
460 768
460 1958
460 2454
460 2550
460 2914
462 515
462 3955
462 4223
463 1095
463 3296
463 3819
464 667
464 1334
464 1664
464 1731
464 1838
464 1942
464 2542
464 2805
464 3300
464 3321
464 3743
464 4372
464 4405
464 4952
465 772
465 857
465 1295
465 1569
465 1675
465 1770
465 2025
465 2504
465 2923
465 3126
465 4003
465 4053
465 4132
465 4385
465 4808
465 5008
466 502
466 576
466 597
466 804
466 2514
466 2616
466 2913
466 3178
466 3346
466 3695
466 4207
466 4456
467 543
467 603
467 880
467 901
467 1572
467 1892
467 2012
467 2035
467 2888
467 3839
467 4139
467 4745
468 588
468 782
468 1484
468 2094
468 2343
468 3069
468 4473
469 584
469 591
469 839
469 2892
469 3194
469 4053
470 559
470 577
470 607
470 737
470 1742
470 2386
470 2476
470 2876
470 3875
470 4050
470 4774
471 894
471 1035
471 1449
472 736
472 935
472 1461
472 1491
472 2720
472 3422
472 3744
472 3860
472 4943
473 681
473 1342
474 523
474 541
474 560
474 830
474 1093
474 1691
474 2342
474 2409
474 3297
474 3869
474 4374
474 4578
474 4914
475 499
475 952
475 1641
475 2440
475 2818
475 3324
475 4185
475 4216
475 4901
477 1004
477 1978
477 2348
477 2414
477 4931
478 964
478 1046
478 1052
478 1180
478 1506
478 1554
478 2093
478 3852
478 3888
478 4102
478 4842
479 1163
479 1637
479 1792
479 3148
479 4294
479 4725
480 850
480 1418
480 1482
480 1600
480 1982
480 2164
480 2851
480 2908
480 3257
480 4287
480 4934
481 609
481 1453
481 1689
481 2127
481 2474
481 2691
481 3838
481 4496
481 4788
482 754
482 1100
482 1476
482 3732
482 4010
483 513
483 633
483 757
483 993
483 1334
483 1507
483 1817
483 1990
483 4044
484 498
484 1467
484 1535
484 2089
484 2392
484 2633
484 2833
484 3000
484 3643
484 4363
484 4869
484 4876
484 5030
485 536
485 544
485 599
485 605
485 744
485 865
485 1065
485 1150
485 1306
485 2619
485 3726
486 558
486 773
486 779
486 3068
487 763
487 1320
487 1494
487 2976
487 3262
487 3449
487 4573
488 641
488 693
488 1219
488 1534
488 3731
488 4363
489 492
489 498
489 767
489 884
489 1197
489 1291
489 1317
489 1566
489 1944
489 2936
489 3234
489 4197
489 4290
489 4413
490 622
490 1015
490 1262
490 2108
490 2314
490 2806
490 2844
490 3001
490 3268
490 3728
490 4094
491 802
491 2453
491 3241
491 3855
491 3868
492 579
492 1197
492 1944
492 2096
492 2155
492 2936
492 3883
493 1865
493 2676
494 563
494 800
494 1109
494 1877
494 3545
494 3718
495 562
495 996
495 1281
495 2703
495 3736
495 3915
495 4926
496 1081
496 1356
496 1778
496 1967
496 2382
496 2510
496 3475
496 3516
496 3525
496 3669
496 3683
496 4889
497 596
497 758
497 1857
497 3334
497 4282
497 4985
498 3810
499 557
499 808
499 1691
499 1800
499 2326
499 2930
499 2987
499 3021
499 3434
499 4085
500 1207
500 1941
500 2302
500 2476
500 3179
500 3237
500 3404
500 4624
501 582
501 1069
501 1143
501 1177
501 2677
501 3371
501 4924
502 597
502 804
502 959
502 2039
502 2243
502 2913
502 2994
502 3049
502 3178
502 3695
502 4548
502 4601
503 1019
503 1036
503 1435
504 554
504 610
504 649
504 692
504 814
504 1117
504 1198
504 1670
504 1748
504 1931
504 1980
504 2042
504 2307
504 2662
504 3114
504 3233
504 3399
504 3478
504 3639
504 4161
504 4174
505 1872
505 1901
505 2626
506 867
506 1098
506 1188
506 1355
506 1400
506 1862
506 1967
506 2338
506 3521
506 4439
506 4536
506 4575
506 4650
506 4870
507 658
507 827
507 1141
507 1384
507 1626
507 2438
507 2828
508 708
508 715
508 909
508 995
508 1352
508 2190
508 2567
508 2590
508 3004
508 3184
508 4915
509 590
509 1796
509 1842
509 1845
509 1879
509 2735
509 2905
509 2952
509 3037
509 3040
509 3100
509 3632
509 4042
509 4320
510 625
510 739
510 755
510 856
510 1143
510 1657
510 3150
510 3384
510 3702
510 4016
510 4024
510 4679
511 933
511 1173
511 1232
511 1299
512 573
512 794
512 1004
512 1582
512 1596
512 1713
512 1741
512 2010
512 2688
512 3131
512 3305
512 3858
512 3897
512 4577
513 605
513 757
513 819
513 1007
513 1025
513 1457
513 1678
513 1745
513 2287
513 2350
513 2863
513 3441
513 4164
513 4851
514 1968
514 2402
514 2582
514 4419
515 663
515 3021
515 3659
516 549
516 1509
516 1886
516 2559
516 2795
516 3378
516 3865
516 4041
516 4067
517 1221
517 1348
517 1459
517 1668
517 1984
517 3335
517 4130
518 3940
519 1443
519 2646
520 965
520 1197
520 1595
520 1970
520 2553
520 2638
520 2897
520 3294
520 3490
520 3723
520 3926
520 4829
521 553
521 731
521 774
521 970
521 1052
521 1583
521 1733
521 2562
521 2746
521 2903
521 4140
521 4535
521 4873
522 3344
523 995
523 1152
523 1206
523 1474
523 1703
523 2004
523 2641
523 4591
523 4827
524 1043
524 1200
524 1282
524 1449
524 1642
524 1813
524 2404
524 3193
525 530
525 1096
525 3491
525 3597
525 3722
526 785
526 886
526 989
526 1417
526 2959
526 3113
527 1529
527 2099
527 2177
527 4785
528 1121
528 1450
528 2101
528 2847
528 3086
528 3459
528 4068
529 806
529 1272
529 1837
529 1874
529 2327
529 2357
529 2440
529 3386
529 3806
530 909
530 1077
530 1156
530 1476
530 1658
530 2242
530 3585
530 4189
530 4592
530 4812
531 567
531 630
531 971
531 1186
531 1251
531 1357
531 1384
531 1725
531 2069
531 2593
531 2629
531 3217
531 3825
531 4012
531 4028
531 4069
531 4519
531 4720
531 4821
532 584
532 722
532 1110
532 1233
532 3423
532 4059
532 4091
532 4354
532 4910
532 5002
533 2062
533 3393
533 3989
533 4039
534 1021
535 551
535 706
535 1090
535 1126
535 1571
535 1595
535 2445
535 2459
535 3503
535 4277
535 4311
536 544
536 690
536 822
536 865
536 999
536 1237
536 1290
536 1332
536 1335
536 1610
536 1841
536 1856
536 1883
536 2069
536 2193
536 2219
536 2401
536 2644
536 2670
536 3048
536 3099
536 3142
536 3243
536 3426
536 4587
537 541
537 594
537 683
537 736
537 924
537 943
537 1093
537 1138
537 1144
537 1336
537 1491
537 1517
537 1722
537 1893
537 2181
537 2508
537 2658
537 2919
537 3130
537 3417
537 3494
537 3588
537 3640
537 3900
537 4004
537 4169
537 4696
537 4833
538 2471
538 3038
538 3094
538 4167
539 615
539 742
539 872
539 1149
539 1607
539 1738
539 1876
539 2470
539 3090
539 3470
539 3500
539 4017
540 666
540 812
540 815
540 1211
540 1365
540 1710
540 1724
540 1741
540 2882
540 3161
540 3324
540 3673
540 3753
540 4116
540 4787
541 4374
541 4588
541 4668
542 755
543 632
543 702
543 2060
543 4184
544 629
544 831
544 999
544 1060
544 1092
544 1335
544 1461
544 1830
544 1856
544 2176
544 2424
544 3202
544 3262
545 961
545 972
545 982
545 1158
545 1364
545 1519
545 1644
545 2257
545 3161
545 4054
545 4119
545 4222
545 4237
545 4327
545 4412
546 1400
546 2748
546 2875
546 4265
546 4650
547 618
547 660
547 797
547 1690
547 2962
547 2965
547 3641
547 3728
548 834
548 1222
548 2793
548 3289
548 3893
549 1309
549 1366
550 589
550 2850
550 4342
550 4735
551 784
551 1244
552 678
552 1081
552 1908
552 2374
552 2496
553 686
553 1097
553 1201
553 1473
553 1588
553 1742
553 2308
553 2309
553 2746
554 610
554 1383
554 2014
554 2662
554 3014
554 3879
554 4614
555 705
555 845
555 1105
555 1141
555 1164
555 2540
555 2557
555 2835
555 3247
555 4774
556 853
556 953
556 1246
556 1791
556 2946
556 3314
556 3348
556 3702
556 3981
556 4470
557 709
557 3097
557 3874
558 1822
558 2280
558 2813
558 3609
559 619
559 1723
559 2396
559 3376
559 4434
559 4727
560 602
560 643
560 690
560 754
560 769
560 939
560 1001
560 1567
560 1700
560 1890
560 2074
560 2124
560 2418
560 2448
560 2637
560 2693
560 3060
560 3301
560 3580
560 3635
560 4427
560 4576
560 4672
560 4811
560 4884
561 588
561 627
561 882
561 1215
561 3099
561 3887
561 4129
561 4343
561 4573
562 2126
562 2690
562 2750
562 3254
562 4926
563 649
563 954
563 1545
563 2042
563 2449
563 3114
563 3394
563 3770
563 4105
563 4491
563 4572
563 4592
563 4808
563 4859
563 4963
564 794
564 1404
564 2147
564 2709
564 2739
564 4884
565 613
565 728
565 732
565 1340
565 1656
565 2676
565 2738
565 3037
565 3645
565 3650
565 4433
565 4798
566 2045
566 2452
566 2493
566 3176
567 737
567 2593
567 2629
567 3120
567 4920
568 742
568 884
568 940
568 1115
568 2804
568 2978
568 4127
568 4299
568 4376
569 718
569 891
569 1133
569 1436
569 1790
569 1799
569 2103
570 902
570 1080
570 1722
570 2341
570 2734
570 3132
570 3452
570 4077
570 4659
570 4743
571 609
571 2374
571 2770
571 2821
571 2995
571 3052
571 3492
572 1445
572 3084
573 794
573 950
573 2688
574 2465
574 2680
574 3297
574 4512
576 991
576 3561
576 4356
576 4518
577 607
577 664
577 1285
577 1674
577 2476
577 2727
577 3431
577 3835
577 4123
578 851
578 858
578 1267
578 1510
578 2326
578 2430
578 2823
578 3144
578 3586
578 3901
578 4201
578 4202
578 4335
578 4742
579 942
579 1244
579 1276
579 2036
579 3183
580 602
580 943
580 1272
580 1400
580 1606
580 2748
580 3152
580 3167
580 3203
580 3757
580 4602
580 4741
580 5036
581 1393
581 1560
581 3569
581 4655
582 1339
582 1454
582 3371
583 1013
583 1874
584 1006
584 1186
584 1249
584 1469
584 2041
584 2359
584 2892
584 3194
584 3206
584 3553
584 3578
584 3725
584 3800
584 4116
584 4354
584 4503
584 4571
584 4737
584 4752
584 5029
585 1169
585 3104
585 3904
585 4072
585 4084
586 1137
586 1583
586 1709
586 1878
586 3041
586 3373
587 1782
587 3070
587 3751
587 3801
587 3967
588 1168
588 2343
588 3222
589 1129
589 1428
589 1585
589 1896
589 2844
589 3960
589 4332
589 4664
590 1456
590 3464
590 3826
591 1289
591 2405
591 3651
592 904
592 920
592 1231
592 2088
592 2146
592 2210
592 2733
592 2943
592 3089
592 3264
592 3455
592 4178
592 4993
593 617
593 624
593 735
593 1308
593 1527
593 1686
593 3095
593 4720
594 640
594 823
594 924
594 1088
594 1893
594 2218
594 2341
594 4048
594 4142
594 4242
594 4546
594 4598
595 676
595 683
595 736
595 841
595 1479
595 1737
595 1814
595 2132
595 3005
595 3211
595 3301
595 3713
595 3748
595 4007
595 4097
595 4129
596 1703
597 642
597 1450
597 3049
597 3278
597 3777
597 4207
598 985
598 1663
598 4311
599 834
599 1024
600 1305
600 1668
601 1047
601 1930
601 2487
601 3627
601 4211
601 5025
602 643
602 703
602 2043
602 2399
602 2436
602 2598
602 3060
602 3071
602 3606
602 3987
603 671
603 689
603 1054
603 1234
603 1728
603 2247
603 3558
603 5001
604 1521
604 2526
604 3004
604 3857
604 3868
604 4078
605 921
605 1216
605 1306
605 2058
605 2533
605 2693
605 3021
605 3112
605 3661
605 4168
605 4442
605 4513
606 1142
606 2318
606 2533
606 3025
607 1285
607 1584
607 3339
608 869
608 1196
608 2059
608 2506
608 3406
608 4243
608 4638
608 4705
609 613
609 1103
609 1801
609 2240
609 2691
609 2959
609 3642
609 4436
609 4753
609 4994
610 1670
610 1980
610 2662
610 2673
610 3292
610 3401
611 1658
611 2183
611 2242
611 3137
611 3616
612 1055
612 1473
612 2371
612 2494
612 4947
613 3037
613 3675
614 670
614 766
614 788
614 1552
614 1712
614 2084
614 3318
614 4236
615 726
616 887
616 1398
616 1492
616 1825
616 1859
616 2364
616 2712
616 3249
616 3362
616 4124
616 4481
616 4789
617 744
617 1917
617 2813
617 3095
617 4101
618 795
618 1007
618 2359
618 3255
619 2898
619 3392
620 774
620 862
620 1109
620 1120
620 1329
620 1627
620 1629
620 1630
620 1853
620 2158
620 3438
620 3499
620 3955
620 4206
620 4386
620 4648
621 695
621 960
621 1102
621 1154
621 1507
621 1602
621 1632
621 2061
621 2079
621 2330
621 2765
621 3531
621 3769
621 4013
621 4246
621 4456
622 1422
622 3728
622 4239
623 636
623 1008
623 1723
623 2721
623 3488
623 3651
623 3710
623 4036
623 4851
624 779
624 915
624 1026
624 1438
624 1686
624 2942
624 3318
624 3357
624 4731
625 739
625 778
625 1143
625 1279
625 1382
625 1601
625 1859
625 2266
625 3384
625 3548
625 4024
625 4231
626 946
626 1391
626 1562
626 2649
626 4029
627 630
627 882
627 1215
627 1359
627 1379
627 2632
627 2901
627 3437
627 3557
628 707
628 1135
628 3871
629 816
629 941
629 1174
629 2807
629 4440
631 683
631 1315
631 1388
631 2518
632 702
632 720
632 738
632 1350
632 3232
633 817
633 928
633 937
633 1134
633 1184
633 2117
633 2683
633 2833
633 2893
633 4608
633 4872
633 4902
634 858
634 1250
634 1832
634 2433
634 2601
634 2956
634 2985
634 3140
634 5017
635 1300
635 1533
635 3416
635 3873
636 681
636 684
636 783
636 1014
636 1785
636 2156
636 2323
636 2803
636 3367
636 3713
636 4455
637 969
637 3443
637 3563
637 3601
637 3674
637 4193
637 4369
637 4644
638 1514
638 1726
638 2450
638 2460
639 686
639 793
639 2029
639 2539
639 3983
640 823
640 1159
640 1342
640 1465
640 2867
640 3918
640 4438
641 802
641 1196
641 1211
641 1311
641 1534
641 2166
641 2342
641 3316
641 3327
641 3619
641 4346
642 673
642 846
642 916
642 2856
642 3959
642 4079
642 4136
643 1471
644 654
644 1909
644 1987
644 4755
645 839
645 844
645 1320
645 2152
646 1613
646 1841
646 2468
646 3879
647 682
647 897
647 1410
647 3152
647 3864
647 4297
647 4321
647 4878
647 5037
648 743
648 978
648 1107
648 3629
648 4751
649 719
649 954
649 1385
649 1545
649 2042
649 3114
649 3394
649 4349
649 4490
650 759
650 2538
650 2867
650 3197
650 3604
651 2632
651 4541
652 673
652 905
652 3481
653 819
653 2296
653 2441
653 2944
653 3595
653 4086
653 4925
656 866
656 995
656 1278
656 1977
656 2345
656 2618
656 2736
656 3177
656 3231
656 4844
656 4995
657 691
657 1648
657 4288
658 973
658 1330
658 1804
658 2438
658 2899
658 2937
658 2964
658 3026
658 3221
658 3487
658 4769
659 674
659 735
659 863
659 957
659 1016
659 1202
659 1412
659 1521
659 1677
659 1917
659 2189
659 2244
659 2260
659 2404
659 2457
659 2525
659 3259
659 3496
659 4706
659 4756
659 4960
660 726
660 1589
660 1613
660 1810
660 3293
661 1287
661 2074
661 2443
661 3373
661 3812
661 4642
661 4996
662 680
662 2090
662 2898
662 4235
662 4796
663 1010
663 1091
663 1124
663 1897
664 679
664 878
664 1285
664 1394
664 2009
664 3530
664 4401
665 756
665 759
665 1050
665 1688
665 2410
665 3175
665 3680
665 3778
666 812
666 881
666 1211
666 2246
666 2581
666 3890
666 4116
667 1838
667 3323
667 4187
667 4929
667 4952
668 1569
668 1826
668 2016
668 2676
668 2763
668 4101
668 4975
669 922
669 1055
669 1469
669 1894
669 2636
670 788
670 1597
670 1719
670 2179
670 3318
671 985
671 1108
671 1751
671 2129
671 2201
671 2435
672 851
672 896
672 1189
672 1732
672 2066
672 2128
672 2169
672 2262
672 2501
672 2962
672 3372
672 3547
672 3796
672 4060
672 4248
673 1263
673 2607
673 2856
673 2930
673 3657
673 3723
673 4009
673 4079
673 4109
673 4590
674 1016
674 1274
674 1390
674 1562
674 1620
674 1812
674 1916
674 2205
674 2457
674 2762
674 3266
674 3500
674 3875
674 3929
674 4313
674 4685
675 724
675 811
675 1411
675 1897
675 3692
676 724
676 804
676 868
676 1244
676 1579
676 2284
676 3420
676 3533
676 4185
676 4528
676 4806
677 1130
677 2979
678 714
678 775
678 776
678 862
678 1949
678 2227
678 2496
678 3008
678 3139
678 4021
679 1880
680 770
680 944
680 1264
680 2057
680 2175
680 2439
680 2898
680 3151
680 3218
680 3260
680 3850
680 4411
681 1014
681 1532
681 1604
681 2300
681 3713
682 1085
682 1171
682 1409
682 1410
682 1477
682 1589
682 2017
682 2345
682 2355
682 3454
682 3619
682 4631
682 4940
683 736
683 924
683 1315
683 1388
683 2079
683 2142
683 2320
683 2518
683 2708
683 2838
683 3063
683 3306
683 3912
683 4169
683 4310
683 4833
684 927
684 1391
684 1683
684 3278
685 2282
685 2535
685 3616
685 3965
686 4642
688 689
688 1030
688 1222
688 1286
688 1628
688 1922
688 2208
688 3381
688 3736
688 3908
688 4549
688 4762
688 4932
689 1859
689 2458
690 1700
690 2290
690 2330
690 4645
691 1623
691 2455
691 3270
691 4011
692 1117
692 1463
692 1748
692 2702
692 3416
692 3478
692 3704
692 4757
693 786
693 1136
693 1645
693 2630
693 3949
695 840
695 960
695 2430
695 3366
696 791
696 2265
696 2477
696 3626
696 4360
696 4779
697 718
697 866
697 1053
697 1240
697 1387
697 1956
697 1977
697 2070
697 2953
697 3199
697 3300
697 3733
697 3738
697 3784
697 4333
697 4584
697 4714
697 4928
698 828
698 1792
698 2684
698 3148
698 3217
698 3576
698 4444
699 1657
699 3724
699 4757
700 752
700 888
700 1066
700 1350
700 1369
700 1454
700 1462
700 1518
700 1876
700 2350
700 2471
700 3275
700 3695
700 3899
700 4209
701 1326
701 1502
701 3230
701 3633
701 3933
701 4012
701 4920
702 801
702 2014
702 2366
702 2696
702 3667
702 4061
703 1953
703 2566
703 2763
703 3613
704 732
704 888
704 963
704 1118
704 1226
704 1344
704 1778
704 2167
704 2286
704 3404
704 3617
704 4028
705 1352
705 1448
705 2432
705 3385
705 3832
705 3869
705 4500
706 1810
706 2637
706 2726
706 3247
707 962
707 1718
707 2254
707 2354
707 2846
707 3183
707 3889
707 3977
707 5015
708 771
708 1032
708 3382
708 3540
709 976
709 1869
709 2588
711 712
711 832
711 947
711 1223
711 1499
711 2234
711 2446
711 4176
711 4458
712 721
712 1012
712 1040
712 1223
712 1932
712 2123
712 2514
712 2636
712 3044
712 3502
712 3633
712 3741
712 3863
712 3945
712 4219
713 875
713 956
713 1236
713 2034
713 2041
713 2479
713 2699
713 3121
713 3140
713 3206
713 3321
713 3533
713 3692
713 3750
713 4035
714 1226
714 1608
714 2031
714 2167
714 2824
714 3011
714 3720
714 4096
714 4532
715 749
715 1742
716 2586
717 859
717 1854
717 2146
717 3672
717 3914
718 1790
718 2150
718 2780
719 1340
719 1658
719 2601
719 3364
719 3618
719 3666
719 5038
720 1061
720 1647
720 1662
720 2323
720 3232
720 3591
720 4630
720 4687
721 1223
721 1681
721 1731
721 2278
721 2363
721 2498
721 2839
721 3302
721 4036
721 4092
722 1545
722 3534
722 4002
722 4091
722 4141
723 2714
723 3110
724 2790
724 3563
724 4528
724 4806
725 956
725 1348
725 3049
725 3077
726 1613
727 938
727 1581
727 2296
727 3676
727 4439
728 732
728 787
728 1729
728 2062
728 2814
728 4384
728 4433
728 4709
729 1073
729 1217
729 1494
729 1546
729 1569
729 1596
729 1730
729 1805
729 1807
729 1997
729 2027
729 2516
729 2705
729 2799
729 2845
729 3076
729 3087
729 3619
729 3906
729 3930
729 3937
729 4174
729 4355
729 4788
729 4805
730 1399
730 1511
730 4402
731 2356
731 4240
731 4899
732 963
732 1226
732 3042
732 3734
732 4433
734 1110
734 1381
734 3039
734 4244
735 971
735 1308
736 935
736 1293
736 1461
736 1470
736 1491
736 1670
736 2191
736 2253
736 2508
736 2720
736 3063
736 3366
736 3417
736 3744
736 3748
736 3850
736 4913
737 963
737 1411
737 2386
737 2799
737 3120
737 3290
737 3565
737 3938
737 4398
737 4505
737 4774
737 4865
738 908
738 1157
738 1468
738 2106
738 2579
738 2737
738 3059
739 1483
740 1442
740 1443
740 1487
740 1565
740 1671
740 3632
740 4320
741 1005
741 1399
741 1447
741 2131
741 2891
741 3200
741 3390
741 3647
741 4186
741 4716
742 848
742 872
742 900
742 1149
742 2999
742 4413
743 848
743 978
743 2178
743 3629
744 1917
744 4613
744 4967
745 2995
745 3374
745 3902
746 884
746 1150
746 1406
746 1415
746 1416
746 1479
746 2082
746 2745
746 3186
746 3323
746 3996
746 4141
746 4412
746 4443
747 822
747 1076
747 1420
747 1788
747 1961
747 2872
747 3582
747 3735
747 4447
748 891
748 1105
748 1229
748 1726
748 2103
748 2210
748 2406
748 2756
748 3282
748 4185
748 4688
749 2078
749 3476
749 4322
750 835
750 913
750 2115
750 2490
750 4213
750 5002
751 910
751 921
751 959
751 1216
751 2393
751 2591
751 2758
751 3334
751 4548
752 836
752 1243
752 1714
752 1940
752 2352
752 3212
752 3214
752 3275
753 1276
754 919
754 939
754 1476
754 2742
754 3495
754 4261
756 925
756 4589
757 819
757 874
757 1025
757 1045
757 1745
757 1948
757 2052
757 2759
757 3244
757 5021
758 1257
758 1698
758 2565
758 4267
758 4985
759 2952
760 1067
760 1107
760 1542
760 1665
760 2040
760 2249
760 2836
760 3596
760 3965
760 4746
760 4818
760 5038
761 1192
761 1204
761 1330
761 1372
761 1981
761 2011
761 2179
761 2351
761 2425
761 2618
761 2775
761 3332
761 3596
761 3636
761 3653
761 3687
761 4018
761 4381
761 4452
762 789
762 847
762 997
762 1732
762 1851
762 3964
763 1201
763 1826
763 3457
764 930
764 1869
764 2056
765 2631
765 2925
765 5000
766 1171
766 1619
767 1467
767 3520
767 3647
767 3898
767 4823
768 849
768 968
768 1283
768 1389
768 1853
768 1924
768 2245
768 2263
768 2454
768 2563
768 2640
768 2651
768 3108
768 3123
768 3388
768 3483
768 3976
768 4112
768 4387
768 4486
768 4684
768 4948
769 2938
769 3580
770 2204
770 3218
770 3466
770 3533
770 3760
770 3791
770 4900
771 824
771 852
771 1032
771 1307
771 1818
771 1821
771 2001
771 2389
771 2484
771 2757
771 3091
771 3198
771 3269
771 3534
771 3836
771 4441
771 4449
771 4606
771 4916
771 5040
772 1151
772 1162
772 1343
772 1715
772 1889
772 2818
772 4584
773 807
773 1027
773 1048
773 1148
773 1155
773 1580
773 2645
773 3469
773 3654
773 4026
773 4058
774 1369
774 2576
774 2855
774 4873
776 933
776 1240
776 1351
776 1809
776 1949
776 2227
776 2988
776 4626
777 1286
777 1709
777 1774
777 1956
777 1982
777 2172
777 2500
777 2531
777 2760
777 3002
777 3191
777 4611
777 4623
777 4651
777 4832
778 801
778 964
778 1202
778 1513
778 1593
778 1601
778 1633
778 1652
778 1660
778 2676
778 3917
779 791
779 915
779 1073
779 1147
779 1210
779 1217
779 1303
779 1343
779 1705
779 2240
779 2371
779 2709
779 2730
779 2989
779 3059
779 3149
779 3184
779 3779
779 3856
779 3950
779 4203
779 4379
779 4844
779 4954
779 5007
780 1427
780 1920
780 3010
780 3888
780 4293
780 4405
782 992
782 1097
782 1405
782 1484
782 1728
782 2975
782 3833
782 4154
783 2019
783 3333
783 3610
784 1023
784 1164
784 1870
784 1884
784 2931
784 2934
784 3244
784 4153
784 4408
784 4712
785 886
785 945
785 1459
785 1463
785 1759
785 1988
785 2064
785 2117
785 2305
785 2955
785 3159
785 3185
785 3857
786 1133
786 1212
786 1359
786 1645
786 3899
786 4547
787 1072
787 1584
787 1807
787 2990
787 3123
787 5024
788 1719
788 4151
789 997
789 1374
789 1904
789 2295
790 1028
791 1241
792 1925
792 4981
793 857
793 1053
793 1516
793 1621
793 4553
794 1072
794 1863
794 2990
794 3461
795 1132
795 1165
795 1587
795 2294
795 2509
795 2982
795 3726
795 3886
795 3889
795 3894
795 4939
796 2489
796 3787
796 3943
796 4000
796 4689
796 4907
797 936
797 1373
797 1872
797 2063
797 2965
797 3129
798 906
798 1142
798 2998
799 1148
799 1508
800 991
800 1103
800 3042
800 3315
800 3398
801 807
801 974
801 1513
801 2014
802 982
802 1577
802 2087
802 2715
802 3241
802 3316
802 4994
803 1044
803 1261
803 2121
804 2355
804 3695
804 3976
804 4114
805 1761
806 1112
806 1788
806 1876
806 2086
806 2469
806 3386
807 3898
807 4096
808 1100
808 1123
808 1125
808 1486
808 1560
808 1563
808 1633
808 1689
808 1866
808 2391
808 2817
808 3004
808 3256
808 4196
808 4267
808 4448
810 1011
810 1179
810 1186
810 1743
810 2372
810 4159
810 4335
811 4476
812 881
812 1158
812 1269
812 1771
812 1780
812 1976
812 2100
812 2581
812 2635
812 2869
812 4099
813 1889
813 2130
814 1551
814 2959
814 3999
814 4655
814 4670
815 869
816 941
816 1013
816 1174
816 1702
816 1793
816 1911
816 2367
816 3279
816 4281
816 4426
817 818
817 1227
817 1325
817 1581
817 2238
817 2291
817 4099
817 4254
817 4902
818 849
818 981
818 1893
818 1963
818 2597
818 4118
818 4689
819 3244
819 4925
820 1557
820 2024
820 2426
820 2840
820 4233
821 1082
821 1367
821 1490
821 2158
821 2213
821 3165
822 830
822 1577
822 3025
822 3358
822 3506
822 3735
823 1148
823 2359
824 1032
824 1034
824 1489
824 2186
824 2333
824 2589
824 3534
824 4669
824 4673
825 1089
825 1497
825 2025
825 2609
825 2769
825 2889
825 3282
825 3287
825 4301
825 4875
826 1131
827 1533
828 2779
828 3033
828 3305
828 4335
830 4618
831 860
831 3213
832 842
832 947
832 1499
832 1744
832 1756
832 1926
832 2234
832 3043
832 3236
832 3346
832 3421
832 4263
832 4502
833 1046
833 1426
833 1867
833 1919
833 3329
833 3340
833 3489
833 3896
833 4508
833 4612
833 4911
834 1256
834 2526
834 2784
835 2054
835 2115
835 4213
836 917
836 956
836 1094
836 1243
836 1299
836 1608
836 1866
836 1996
836 2352
836 2612
836 2921
836 3275
836 4939
837 2648
837 3769
838 1268
839 1193
839 1233
839 2701
840 2140
840 3167
840 4058
840 4201
840 4945
841 1311
841 2403
841 2407
841 3390
841 4749
842 947
842 1245
842 2234
842 3013
842 3236
842 3421
842 4450
843 885
843 4780
844 1011
844 1614
844 2794
844 2967
844 3546
844 4034
844 4488
844 4920
845 2881
845 3332
845 4822
846 1733
846 1813
846 1905
846 2136
846 2441
846 2526
846 2663
846 3010
846 3890
846 3980
847 1041
847 1145
847 2516
848 1126
848 4771
849 897
849 1128
849 1893
849 3388
849 3759
849 4246
850 1235
850 2035
850 2164
850 2256
850 2451
850 2851
850 4008
850 4888
850 4986
851 896
851 1732
851 1936
851 2169
851 2220
851 2326
851 2372
851 2980
851 2988
851 3586
851 3679
851 3990
851 4358
852 1032
852 2389
853 961
853 1090
853 1326
853 2009
853 3007
854 914
854 2578
854 4221
855 877
855 1365
855 2776
855 4659
856 1682
856 4102
856 4519
857 1621
857 2691
857 2754
857 2979
857 4542
858 1075
858 1250
858 3160
858 3905
858 4201
859 1034
859 1489
859 2146
859 3032
859 3056
859 3214
859 3418
859 3914
859 4378
859 4517
860 1088
860 1873
860 2546
860 4232
861 1049
861 1511
861 2315
861 2564
861 2755
861 3884
862 1958
863 874
863 2017
863 2214
863 2466
863 3058
863 4940
864 979
864 1292
864 1612
864 1844
864 2530
864 2569
864 3542
864 3581
864 3941
864 4135
864 4172
864 4515
865 1006
865 1331
865 1974
865 2015
865 2219
865 3336
865 3916
865 4799
866 949
866 1234
866 1278
866 1506
866 1650
866 1690
866 1854
866 1946
866 1989
866 2259
866 2521
866 2551
866 2797
866 2880
866 2953
866 3117
866 3151
866 3177
866 3199
866 3280
866 3281
866 4383
866 4384
866 4983
867 968
868 1452
868 2626
868 3347
868 3420
868 3758
868 3911
869 1196
869 1440
869 2222
869 3683
869 4302
870 2057
871 1184
871 1616
871 1867
871 2493
872 1149
872 1738
872 2407
872 3334
872 4480
873 3020
873 4987
874 895
874 967
874 1254
874 2437
874 2484
874 2759
874 3031
874 3105
874 3134
874 3828
874 4214
874 4227
875 1012
875 1734
875 4305
876 892
876 1180
876 1959
876 2083
876 2556
876 3390
877 1553
877 1577
877 2282
878 1333
878 1448
878 1509
878 1544
878 1869
878 2921
878 3621
879 1836
880 901
880 1401
880 1437
880 1823
880 1862
880 4234
880 4745
881 1151
881 1250
881 1346
881 1771
881 1780
881 1976
881 2811
882 1123
882 2528
882 2632
882 3099
882 3437
883 1041
883 2271
883 3658
883 4230
884 1415
884 4215
885 2715
886 945
886 1759
887 1462
887 2364
887 2826
889 1501
889 1548
889 2541
889 2666
890 965
890 1025
890 1500
890 1914
890 2196
890 2321
890 2361
890 2606
890 2817
890 3951
891 2103
891 2834
892 1936
892 2786
892 3476
892 3837
893 1060
893 1238
893 1661
893 1942
893 2699
893 3688
893 4682
894 1333
894 1589
894 2523
894 3441
894 3598
894 3676
896 990
896 1075
896 1732
896 2535
896 2595
896 3529
896 3796
896 3931
896 4010
896 4792
896 4935
896 4950
897 1128
897 1847
897 2481
897 2650
897 3253
897 3864
897 4878
898 1481
898 1933
898 3708
899 1029
899 1474
899 2248
899 3412
899 3537
900 976
900 1789
900 2528
900 2719
900 3098
900 3724
901 3953
901 4199
901 4635
902 1057
902 1121
902 1205
902 3014
903 1576
903 1584
903 1594
903 2731
903 4407
904 920
904 1231
904 1539
904 2138
904 2151
904 2287
904 3264
905 1532
905 1575
905 4281
906 1194
906 2137
906 2301
906 3093
906 4782
907 1900
907 4846
908 1501
908 3745
908 3813
908 4032
909 1061
909 1947
909 2190
909 3059
909 4006
909 4373
910 959
910 993
910 1188
910 1906
910 2727
910 2989
911 2279
911 2394
912 1493
912 2334
912 3079
912 4692
913 1524
913 2651
913 3067
914 1320
914 1776
914 4947
915 923
915 1943
915 2208
915 2369
915 2371
915 2942
915 3041
915 4430
916 940
916 1362
916 1829
916 2324
916 2553
916 3956
916 4899
918 2257
918 2961
918 4361
920 1210
920 1539
920 3079
920 4419
921 1216
921 2263
921 2591
921 3616
921 4560
921 4615
921 4927
922 1530
922 2516
922 3630
922 4466
923 994
923 1231
923 1298
923 2187
923 2675
923 3300
923 3339
923 3804
923 4111
924 2079
924 4242
924 4598
925 1425
925 2014
926 972
926 1064
926 1129
926 1425
926 4235
927 1176
927 1683
927 2977
927 3031
927 4576
928 1505
928 1518
928 1536
928 2034
928 2117
928 3101
928 4872
929 1477
929 1793
929 2093
929 2866
929 3288
929 3356
930 1269
930 2336
930 3519
930 3998
930 4716
931 2290
931 2781
931 2973
931 3697
931 4580
932 4088
933 1351
934 1235
934 1423
934 3163
935 1461
935 1491
935 1552
935 1735
935 1820
935 2005
935 2986
935 3468
935 3878
936 1035
936 1182
936 2620
937 1033
937 1134
937 4492
938 1000
938 1102
938 1327
938 1517
938 2428
938 2792
938 3037
938 3366
938 3791
938 3852
938 3916
939 1001
939 1200
939 2023
939 2165
939 3060
939 4961
940 1705
940 2467
940 2767
940 3226
940 3317
940 4035
940 4674
941 1238
941 1512
941 1798
941 2780
941 3645
941 3712
943 2268
944 1064
944 1246
944 1625
944 1692
944 2284
944 4075
945 2842
945 3711
945 3820
946 966
946 1000
946 1562
946 3425
946 4344
946 4368
946 4400
946 4746
947 1125
947 3761
948 1195
948 1440
948 1931
948 2225
948 2771
948 3246
948 3304
948 3683
948 4739
949 1782
949 1804
949 1989
949 2430
949 2521
949 3111
949 4019
949 4384
949 4821
951 2108
951 3205
951 3398
952 3137
952 3661
952 4106
952 4216
953 1142
953 1318
953 1791
953 1846
953 2532
953 2745
953 3596
954 1868
954 2142
954 2358
954 2449
954 3080
954 3753
954 4349
955 962
955 1087
955 1395
955 1402
955 1488
955 1725
955 1764
955 1832
955 2197
955 2207
955 2238
955 2612
955 2724
955 3809
956 1971
956 2612
956 2921
956 3882
956 3982
956 4144
957 3137
957 4043
957 4414
958 965
958 1068
958 2525
958 3632
958 3809
960 4246
961 1118
961 1618
961 1631
961 2312
961 3522
962 1146
962 1173
962 1330
962 1488
962 1543
962 1832
962 1973
962 2091
962 2184
962 2251
962 2726
962 3630
962 4561
963 1118
963 1984
963 2867
963 2945
963 3017
963 3240
963 3314
963 3461
964 1052
964 1601
964 1660
964 2574
964 4521
965 1883
965 1948
965 1970
965 2321
965 2553
965 2787
965 3505
966 1069
966 1104
966 1562
966 2783
967 1134
967 1242
967 1696
967 1698
967 2120
967 2910
967 4904
968 1283
968 1598
968 2173
968 2403
968 2914
968 3483
968 4486
969 1571
969 4369
970 1111
970 4535
970 4964
971 1911
971 3105
971 3825
971 3947
971 4214
971 4792
972 1129
972 1264
972 1644
972 2423
972 2890
972 4540
973 2114
973 4367
973 4617
974 2972
975 1835
975 1935
975 2872
975 3698
975 4360
975 4904
975 4938
976 1083
976 1233
976 2481
976 2719
976 3119
976 4253
976 4257
976 4895
977 1253
977 4485
978 1321
978 1752
978 1761
978 2419
978 2825
978 2879
978 3125
978 4268
979 1120
979 1329
979 1861
979 2249
979 2317
979 3061
979 4515
979 4661
979 4804
980 2413
981 1271
981 1598
981 2253
981 2597
981 2940
982 1364
982 1710
982 2257
982 2784
982 4023
983 1555
983 2318
983 2404
984 1446
984 1642
984 2306
984 2740
984 2774
984 3379
984 3511
984 4403
985 1431
985 2312
985 2369
985 2544
985 2766
985 4311
986 3311
986 3747
986 4149
986 4205
987 1178
987 1553
987 1640
987 2053
987 2756
987 3473
987 4526
987 4669
988 1011
988 1328
988 1337
988 1587
988 1988
988 2044
988 2096
988 2155
989 1352
989 3113
989 3975
990 4935
991 1172
991 3315
992 1429
992 1758
992 2718
992 3790
993 1041
993 1523
993 1717
993 2163
993 2321
993 2344
993 2599
993 3236
993 4523
994 1298
994 1497
994 1765
994 2307
994 2325
994 2398
994 2571
994 2675
994 2717
994 3023
995 1152
995 1951
995 2004
995 2665
995 2736
995 2774
995 4995
995 5007
996 4212
997 1524
997 2295
997 4294
998 1503
998 3212
999 1247
999 1510
999 1898
999 2241
999 3304
999 3715
1000 1102
1000 2679
1000 2986
1000 3410
1000 3916
1000 4344
1000 4368
1000 4501
1000 4969
1001 1184
1001 1200
1001 1212
1001 1536
1001 1727
1001 1937
1001 2418
1001 4083
1001 4175
1001 4616
1001 4887
1001 4949
1002 1147
1002 1707
1002 2700
1003 1209
1003 1641
1003 1784
1003 1865
1003 1921
1003 1943
1003 2755
1003 2761
1003 4270
1003 4745
1004 1530
1004 1713
1004 2771
1005 1399
1005 2047
1005 3558
1005 4021
1006 3034
1006 3336
1006 3515
1006 4752
1006 5020
1007 1806
1007 2235
1007 2654
1008 1059
1008 2020
1008 2256
1008 4303
1008 4830
1009 1443
1009 1445
1009 1447
1009 1590
1009 1944
1009 2695
1009 2789
1009 2936
1009 3047
1009 3174
1009 3188
1009 3195
1009 3885
1009 3958
1009 4128
1010 1058
1010 1124
1010 1813
1010 2013
1010 2135
1010 2149
1010 2203
1010 2541
1010 4020
1010 4475
1011 2794
1011 4614
1012 1512
1012 1734
1012 1843
1012 3044
1012 3502
1012 3712
1012 3741
1012 4034
1012 4664
1013 1477
1013 1793
1013 1959
1013 2367
1013 3871
1014 1488
1014 1532
1014 1663
1014 3345
1014 3713
1014 4192
1014 4316
1015 1617
1015 3090
1015 3784
1016 1202
1016 1222
1016 1261
1016 1274
1016 1498
1016 1747
1016 2260
1016 2377
1016 2653
1016 2960
1016 3009
1016 3141
1016 3266
1016 3375
1016 3420
1016 3564
1016 3570
1016 3613
1016 3942
1016 4058
1016 4735
1016 4770
1016 4865
1016 4912
1016 4960
1016 5014
1017 1927
1017 2170
1017 2643
1017 2707
1017 2708
1017 2801
1017 2907
1017 2922
1017 3207
1017 3298
1017 3450
1017 3451
1017 3472
1017 3567
1017 3568
1017 3587
1017 3946
1017 4273
1017 4465
1017 4715
1018 1379
1018 2328
1018 2710
1019 1475
1019 1611
1019 1616
1019 1905
1019 2681
1019 2865
1019 3072
1020 1113
1020 1487
1020 1727
1020 1769
1020 2569
1020 3287
1021 4112
1022 1561
1023 2843
1024 1071
1024 1279
1024 1370
1024 1533
1024 1709
1024 2783
1024 2870
1024 3343
1024 3399
1024 4273
1024 4337
1024 4784
1025 1457
1025 3343
1025 3783
1025 4070
1026 3851
1026 3960
1026 4027
1026 4546
1026 4924
1027 1164
1027 1204
1027 1267
1027 1759
1027 2353
1027 2380
1027 2491
1027 3118
1027 3436
1027 3608
1027 4507
1029 3412
1031 1185
1031 1314
1031 4874
1032 1350
1032 2186
1032 3174
1032 4131
1032 4211
1032 4441
1033 1179
1033 1617
1033 2002
1033 2839
1033 3006
1033 3031
1033 4167
1034 1181
1034 1251
1034 1489
1034 1653
1034 2475
1034 3337
1034 3418
1034 5005
1035 1224
1035 1234
1035 1583
1035 1776
1035 2118
1035 2713
1036 2007
1036 2229
1036 4514
1036 4724
1037 1586
1037 2087
1037 3481
1037 4108
1038 1439
1038 2825
1038 2984
1038 4312
1039 1433
1040 1362
1040 1699
1040 1737
1040 1786
1040 2860
1040 4219
1040 4502
1041 1717
1042 1133
1042 1258
1042 1526
1042 1669
1042 1855
1042 2145
1042 2212
1042 2278
1042 2603
1042 3146
1042 3237
1042 3804
1042 4344
1042 4391
1042 4740
1044 1260
1044 2015
1044 4401
1044 4753
1045 1239
1045 2523
1046 1826
1046 3896
1046 4719
1047 1652
1048 1122
1048 1159
1048 4026
1048 4501
1048 4772
1048 4815
1048 4845
1049 1284
1049 1632
1049 1639
1049 1830
1049 2157
1049 2641
1049 2805
1049 4075
1049 4432
1050 2010
1050 3556
1050 3743
1050 4554
1051 1244
1051 1414
1051 1453
1051 1522
1051 1558
1051 1696
1051 1947
1051 2135
1051 2491
1051 2671
1051 3421
1051 3436
1051 3859
1051 4445
1053 2957
1053 4976
1054 1252
1054 4775
1056 1078
1056 2633
1058 4936
1060 1092
1060 1803
1061 1212
1061 1570
1061 1647
1061 2323
1061 2912
1061 3881
1062 1236
1062 3328
1062 3880
1062 3983
1062 5026
1063 1302
1064 1911
1065 1257
1065 1561
1065 2395
1065 2692
1065 2896
1065 3082
1065 3407
1065 4136
1065 4198
1065 4260
1066 1369
1066 2219
1067 1568
1067 1750
1067 2767
1067 4030
1068 3809
1069 1143
1069 3016
1069 3653
1069 3841
1071 1277
1071 1370
1071 4879
1072 2990
1072 3778
1072 5024
1073 1217
1073 1303
1073 1343
1073 1779
1073 2240
1073 2845
1073 3052
1073 4051
1074 1668
1074 3567
1074 4338
1074 4511
1075 3860
1075 4010
1076 1252
1076 1404
1076 1918
1076 2412
1076 4774
1077 1090
1077 1385
1077 1455
1077 1463
1077 1684
1077 1858
1077 2473
1077 3461
1077 3721
1078 1080
1078 1137
1078 1812
1078 2264
1079 1111
1079 2539
1079 3716
1080 1604
1080 3452
1081 4836
1082 1504
1082 2335
1083 1086
1084 1230
1084 1436
1084 1649
1084 1740
1084 1892
1084 1955
1084 2225
1084 2322
1084 2326
1084 2513
1084 2527
1084 2749
1084 2971
1084 3081
1084 3865
1085 1380
1085 1392
1085 1449
1085 1614
1085 2671
1085 3238
1085 3239
1085 4609
1085 4715
1086 2291
1087 2129
1087 2226
1087 2238
1087 2677
1088 1262
1088 1363
1088 1568
1088 3137
1088 3501
1088 3620
1088 4392
1088 4508
1089 1144
1089 1510
1089 1517
1089 2181
1089 2397
1089 3714
1089 4324
1089 4875
1090 1595
1090 1739
1090 3057
1091 1709
1091 3730
1091 4803
1093 3417
1093 5004
1094 1409
1094 2830
1094 3799
1096 1385
1096 1853
1096 2289
1096 2385
1096 2654
1096 2917
1096 3261
1096 3528
1096 3715
1096 3788
1096 3915
1096 4435
1096 4585
1096 4710
1097 1738
1097 1889
1097 2723
1097 2759
1097 3401
1097 4014
1097 4692
1098 1188
1098 1361
1098 1381
1098 2349
1098 3096
1098 3309
1099 1313
1099 1781
1099 1827
1099 4163
1099 4313
1099 5019
1100 1123
1100 1358
1100 1486
1100 1560
1100 1689
1100 2032
1100 2252
1100 2704
1100 3009
1100 3035
1100 3293
1100 3564
1100 3840
1100 3923
1101 3706
1102 4754
1103 1788
1103 4355
1103 4788
1104 3135
1104 4763
1105 1605
1105 1628
1105 1635
1105 1726
1105 2540
1105 2595
1105 2941
1105 3396
1105 3785
1106 3477
1106 3810
1106 4145
1107 1542
1107 2040
1107 3571
1107 4422
1108 1502
1108 2172
1108 2718
1108 4977
1109 4597
1110 2067
1110 2494
1110 3039
1110 3122
1111 1717
1111 3637
1112 1414
1112 1453
1112 2859
1112 3235
1113 3853
1113 4370
1113 4554
1114 1655
1114 1995
1114 2537
1114 2616
1115 2015
1115 3607
1115 4507
1116 1588
1116 2420
1116 2563
1116 2849
1116 4600
1116 5032
1117 2702
1117 3233
1118 2867
1118 4511
1120 1329
1120 1627
1120 1853
1120 1972
1120 2462
1120 2911
1120 3457
1120 4778
1120 4849
1121 3459
1121 4068
1122 1622
1122 1901
1122 1995
1122 2802
1122 2816
1122 3094
1122 4231
1122 4524
1123 1486
1123 1563
1123 2032
1123 2377
1123 2524
1123 2761
1123 4683
1123 4921
1125 1766
1125 2614
1125 3256
1126 1291
1126 1959
1126 3956
1126 4311
1127 1547
1127 2819
1127 3603
1128 1293
1128 1796
1128 1847
1128 2056
1128 2818
1128 3139
1128 3508
1128 3546
1128 4128
1128 4405
1129 1398
1129 1896
1129 2021
1130 1736
1130 2118
1130 2607
1130 3396
1130 3627
1131 1349
1131 3132
1132 2207
1133 1505
1133 2028
1133 2950
1134 2278
1134 2547
1135 3370
1136 1481
1136 1727
1136 2344
1136 3208
1136 3484
1136 3941
1136 3949
1136 3993
1136 4095
1136 4480
1137 1654
1138 1882
1138 1936
1138 2168
1138 2958
1138 2980
1138 3071
1138 3678
1138 3951
1139 2414
1139 3349
1140 1985
1140 2294
1140 3229
1141 2828
1141 4064
1142 1846
1142 2532
1142 2998
1143 1531
1144 1517
1144 1886
1144 1895
1144 2032
1144 2706
1144 3210
1144 4700
1145 1679
1145 4888
1146 1395
1146 1553
1146 1913
1146 2030
1146 2251
1146 2628
1146 3391
1146 3422
1146 3630
1146 4608
1146 4674
1147 4561
1148 1706
1148 3699
1149 1607
1149 2384
1149 4631
1150 4093
1151 1771
1152 1206
1152 1797
1152 2044
1152 2080
1152 2198
1152 2880
1152 2974
1152 4990
1152 5007
1153 2224
1153 2397
1153 2544
1154 1632
1154 3507
1154 4018
1154 4570
1155 1580
1155 1767
1155 2557
1155 2888
1155 3265
1155 3425
1155 4540
1155 4652
1156 1203
1156 1653
1156 2337
1156 3607
1156 4945
1157 1774
1157 2617
1157 3891
1157 4781
1158 2635
1158 4054
1158 4280
1159 1700
1159 2289
1159 2429
1160 4194
1160 4601
1161 1419
1161 1589
1161 1877
1161 1972
1161 2110
1161 2627
1161 3101
1161 3517
1161 4109
1162 1582
1162 2749
1163 1578
1163 1637
1163 1943
1163 3115
1163 3999
1163 4703
1163 4776
1163 4865
1164 1372
1164 1884
1164 2353
1164 2525
1164 3063
1164 3460
1164 3986
1164 4544
1164 4667
1165 1587
1165 2982
1166 2143
1166 2649
1167 1191
1167 1763
1167 3038
1167 3886
1169 2515
1169 2775
1169 4084
1170 1187
1170 1605
1170 1625
1170 2139
1170 2303
1170 2365
1170 2871
1171 1378
1171 3403
1174 1615
1174 2502
1175 4388
1176 1683
1176 2865
1176 2977
1176 3539
1176 4708
1177 4713
1177 4870
1178 1852
1178 4032
1178 4628
1178 4923
1178 5016
1179 2233
1179 2292
1179 2868
1179 4167
1179 4478
1180 1609
1180 1828
1180 1934
1180 2912
1180 3662
1180 4636
1180 4812
1181 1489
1181 1621
1181 1653
1181 2475
1181 4557
1182 2200
1182 2624
1182 3383
1182 3530
1183 1340
1183 2247
1184 1387
1184 1414
1184 1616
1184 1749
1184 1867
1184 1919
1184 2447
1184 2580
1184 2757
1184 3106
1184 3350
1184 3870
1184 4083
1184 4428
1184 4594
1184 4621
1184 5011
1185 1427
1185 2204
1185 2362
1185 2376
1185 2572
1185 2787
1185 2906
1185 3353
1185 3549
1185 4874
1186 1288
1186 1337
1186 1384
1186 1697
1186 1900
1186 2215
1186 2587
1186 2593
1186 3456
1186 3460
1186 3800
1186 4221
1186 4551
1187 2384
1187 2489
1187 3217
1187 4901
1189 1390
1189 2128
1189 4060
1190 3599
1191 1763
1191 4652
1191 4698
1192 1372
1192 1981
1192 2011
1192 2114
1192 2150
1192 2304
1192 2425
1192 2468
1192 2635
1192 2735
1192 3203
1192 3271
1192 3575
1192 3590
1192 3635
1192 3737
1192 4393
1192 4452
1193 1516
1193 2945
1193 3051
1194 1441
1194 1651
1194 1997
1194 2301
1194 2567
1194 2928
1194 3808
1194 4045
1195 1482
1195 1499
1195 2435
1195 2713
1197 2638
1197 3985
1198 1340
1198 1754
1198 2390
1198 2926
1198 4856
1199 2260
1200 2106
1200 2418
1200 3370
1200 3612
1200 4616
1202 1498
1202 1650
1202 2960
1202 3717
1202 3805
1202 4305
1202 4421
1203 2102
1204 1355
1204 4297
1205 3193
1205 3444
1205 3824
1205 3974
1206 2264
1206 2974
1206 3834
1206 4819
1207 1233
1207 2231
1207 4104
1208 2943
1208 3179
1208 3584
1209 1985
1209 3433
1209 3732
1209 4315
1210 1539
1210 3532
1210 4152
1211 3673
1211 4346
1211 4859
1212 3345
1212 4309
1212 4887
1213 1794
1213 2608
1213 3308
1213 3474
1214 1338
1214 2108
1214 2320
1214 2723
1214 3205
1214 3246
1214 3805
1216 2693
1216 2758
1216 2907
1216 2967
1216 3727
1216 4442
1216 4615
1217 2031
1218 1280
1218 1921
1218 2211
1218 2791
1218 3830
1218 4063
1219 2407
1220 1470
1220 2254
1221 1668
1221 2900
1221 3722
1221 4493
1222 1286
1222 3375
1223 1406
1223 1960
1223 2798
1223 3358
1223 3502
1223 3863
1223 4675
1224 1929
1224 1969
1224 2313
1225 1664
1225 1973
1225 2997
1225 3448
1225 3577
1226 2167
1226 3042
1226 3451
1226 3946
1226 3972
1226 4339
1227 1772
1227 4099
1228 1625
1228 4103
1229 1249
1229 2041
1229 2497
1229 3992
1230 1877
1230 4477
1231 2151
1231 2877
1231 3264
1232 1255
1232 1287
1232 1767
1232 2605
1232 3322
1232 4339
1232 4891
1233 3439
1233 3851
1233 4091
1233 5002
1234 1690
1234 1851
1234 2797
1234 3362
1234 3880
1234 4890
1234 5001
1235 1248
1235 1991
1235 2206
1235 2987
1236 2034
1236 2183
1236 2346
1236 3551
1236 5026
1237 1269
1237 2020
1237 2401
1237 2411
1237 2790
1237 4082
1237 4897
1237 5042
1238 1629
1238 1878
1238 2021
1238 2807
1238 3184
1239 2061
1240 1248
1240 1824
1240 2505
1240 3303
1240 3717
1240 3738
1240 4584
1240 4769
1240 4928
1241 1306
1241 2140
1241 4737
1242 1466
1242 2910
1242 3682
1242 3815
1242 4111
1243 2623
1243 3699
1244 1522
1244 1558
1245 1488
1245 1780
1245 2251
1245 4074
1245 4450
1246 2284
1246 4443
1246 4877
1247 3504
1247 4656
1247 4855
1248 2153
1248 2777
1248 2858
1248 3303
1249 1895
1249 2041
1249 2190
1249 2612
1249 2727
1249 3725
1249 4629
1250 2221
1251 1617
1251 2069
1252 1404
1252 1918
1252 2049
1252 4775
1253 2106
1253 2232
1253 2488
1253 2579
1253 4190
1254 1485
1254 1764
1254 1870
1254 1965
1254 2484
1254 2759
1254 3175
1255 1266
1255 1767
1255 2577
1255 3187
1256 1389
1256 1667
1256 1840
1256 2050
1256 3169
1256 3615
1256 3677
1256 3921
1256 4424
1256 4723
1257 2692
1257 4158
1259 2778
1260 1746
1260 3456
1260 3569
1260 3925
1260 4137
1260 4605
1260 4945
1261 1608
1261 2121
1261 2973
1261 3011
1261 4118
1263 1405
1263 4776
1264 2890
1264 2933
1264 3218
1264 4546
1265 3388
1265 3493
1265 4826
1266 1287
1266 2038
1266 2231
1266 2398
1266 3542
1266 4104
1266 4841
1267 1460
1267 1753
1267 2338
1267 3054
1267 3117
1267 4212
1267 4634
1268 1275
1268 1344
1268 1465
1268 1852
1268 2228
1268 2450
1268 3652
1268 3918
1268 4052
1268 4812
1268 4992
1268 5003
1269 2416
1269 2790
1269 3378
1270 1313
1270 1811
1270 2091
1270 5043
1271 2940
1271 3229
1272 1741
1272 1878
1272 2052
1272 3535
1272 4602
1273 1288
1273 1891
1273 1906
1273 1967
1274 2377
1274 2762
1274 2960
1274 4272
1275 1344
1275 1852
1275 2878
1275 3307
1276 3040
1276 3943
1277 1323
1277 1638
1277 2111
1277 2196
1277 2769
1277 4193
1277 4797
1277 5006
1278 2485
1278 3062
1279 1301
1279 2262
1279 2783
1279 4273
1279 4558
1280 1850
1280 1860
1280 2012
1280 2211
1280 2365
1280 2524
1280 2592
1280 2694
1280 3215
1280 3276
1280 4971
1281 1554
1281 1576
1281 2561
1281 3571
1282 1898
1282 1932
1282 2665
1282 3698
1282 4322
1282 4938
1283 2220
1283 2403
1283 2424
1283 3029
1283 4170
1284 3471
1285 1550
1285 2522
1286 4660
1288 1906
1288 2029
1288 2348
1288 2467
1288 4226
1288 4556
1288 4563
1289 1614
1289 1720
1289 3283
1289 4598
1290 1338
1290 1377
1290 1440
1290 2299
1290 2441
1290 3323
1291 1317
1291 1863
1291 3593
1292 1316
1292 1359
1292 2325
1292 2530
1292 2541
1292 2988
1292 2996
1292 4702
1293 1847
1293 2191
1293 2531
1293 2831
1293 4835
1294 1575
1294 2411
1294 3412
1294 3707
1295 1345
1295 1675
1295 1797
1295 1887
1295 2369
1295 2755
1295 2768
1295 3376
1295 4343
1295 4727
1296 1829
1296 1947
1296 2277
1296 2712
1296 4475
1296 4488
1296 5044
1297 2104
1297 2620
1297 4098
1298 2675
1299 1866
1299 4188
1299 4367
1299 4839
1299 4868
1300 2872
1301 1940
1301 4179
1302 2897
1303 3052
1303 4607
1303 4954
1304 2148
1304 3286
1304 3432
1304 4200
1304 4318
1304 4953
1305 1380
1305 1747
1305 1922
1305 2141
1305 3295
1305 4444
1305 4539
1305 4760
1306 2058
1306 2546
1306 4168
1307 2577
1307 2678
1307 3081
1307 3832
1307 4791
1308 1915
1309 1386
1309 1966
1309 2082
1309 4073
1310 1451
1310 1977
1311 1408
1311 2884
1312 1783
1312 2916
1312 3285
1312 4807
1313 1811
1313 4313
1313 4522
1313 5043
1314 3057
1314 3328
1314 3589
1314 3772
1315 1605
1315 2166
1315 2838
1315 3306
1315 4242
1315 4985
1316 1496
1316 2187
1318 1754
1318 2390
1319 1813
1320 1494
1321 1339
1321 1377
1321 1592
1321 2071
1321 2152
1321 2347
1321 3069
1321 4113
1321 4114
1321 4589
1322 1326
1322 1677
1322 2355
1322 3903
1323 2111
1324 1603
1324 2459
1324 2460
1324 2519
1324 3022
1324 3103
1326 1538
1326 2048
1326 2514
1327 2763
1327 4497
1328 1337
1328 1529
1328 2659
1328 3656
1328 4715
1328 4785
1328 5035
1329 1627
1329 1702
1329 2911
1329 3913
1329 4041
1329 4554
1329 4601
1329 4622
1329 4778
1329 4883
1330 1543
1330 2184
1330 2937
1330 3026
1330 3273
1330 4027
1331 1891
1331 2113
1331 2536
1331 2958
1331 3224
1331 3400
1331 3952
1331 4525
1331 4773
1331 4830
1332 2296
1332 2944
1333 1448
1333 2319
1333 2634
1333 3133
1333 3252
1333 4016
1333 4481
1333 4586
1334 2542
1336 2239
1336 3494
1336 4470
1337 1625
1337 2044
1337 2109
1337 2702
1337 2808
1337 3862
1338 4606
1340 4826
1341 1432
1341 1444
1341 1448
1341 1952
1341 2391
1341 2655
1341 3755
1341 4437
1341 4882
1342 2931
1342 3895
1342 4649
1343 3514
1343 4051
1343 4656
1343 4855
1344 2712
1345 2270
1345 3415
1346 1620
1346 1651
1346 3211
1346 4493
1347 3977
1347 4106
1347 4256
1347 4741
1348 3640
1349 1367
1349 3874
1350 1638
1352 1729
1352 3948
1352 4982
1354 1424
1354 4257
1354 4879
1355 1755
1355 4536
1357 1849
1358 2704
1358 2788
1358 3380
1358 4411
1358 4619
1358 4956
1358 5013
1360 1469
1360 1559
1360 1640
1360 1673
1360 1820
1360 2031
1360 2327
1360 2719
1360 2900
1360 3330
1360 4240
1361 4781
1362 1737
1362 1786
1362 1815
1362 2776
1362 2860
1362 4252
1363 1458
1363 2773
1363 2963
1363 3719
1364 1510
1364 2028
1364 2600
1364 4119
1366 2830
1366 4646
1367 3491
1367 4944
1368 1421
1368 1508
1368 1760
1368 2188
1368 2578
1368 3014
1368 3192
1368 4330
1368 4613
1368 4969
1369 2442
1369 3153
1369 3367
1370 3285
1370 4273
1372 1697
1372 2304
1372 2351
1372 3092
1372 3285
1372 3387
1372 4651
1374 1406
1374 2127
1374 2295
1374 2897
1374 4292
1375 1444
1375 2894
1376 1396
1376 1428
1376 2087
1376 2194
1376 2646
1376 3164
1376 3280
1376 3571
1376 3705
1376 4867
1377 3665
1377 3843
1378 1599
1378 2281
1378 3279
1378 3403
1378 3590
1378 4460
1378 5013
1379 2328
1379 2507
1379 3003
1380 1397
1380 2181
1380 2600
1380 2671
1380 3239
1380 3458
1380 3482
1380 3701
1381 4678
1381 4719
1381 4864
1382 1795
1382 2288
1383 2078
1384 1543
1384 1626
1384 2215
1384 3605
1384 4208
1385 1712
1385 2877
1385 3744
1385 4259
1386 2057
1386 4928
1387 1854
1387 1867
1387 1956
1387 2070
1387 2090
1387 2852
1387 3726
1387 3967
1387 4517
1388 2518
1388 3317
1389 1908
1389 3677
1389 3921
1390 2248
1390 3096
1390 3500
1391 4484
1392 1704
1392 2372
1392 2913
1392 3023
1392 3242
1392 3499
1392 4087
1392 5008
1393 2743
1393 3258
1393 4810
1393 4902
1394 2030
1394 2758
1394 3084
1394 3434
1394 3685
1394 4376
1395 2410
1395 2724
1395 3422
1396 1428
1396 2573
1397 4005
1398 1492
1398 2379
1398 3555
1398 3672
1398 4247
1399 2818
1399 3508
1400 1591
1400 1606
1400 2232
1400 2748
1400 3521
1400 3550
1400 4650
1401 1427
1401 1823
1401 2425
1401 2660
1401 2819
1401 3124
1401 3329
1401 3603
1401 3670
1401 4180
1401 4693
1402 1756
1402 1806
1402 3842
1402 4086
1402 4728
1403 1581
1403 1673
1403 1802
1403 2101
1403 2474
1403 2981
1403 4594
1404 4015
1404 4675
1405 1663
1405 2172
1405 2456
1405 3663
1405 3786
1405 3939
1405 4965
1406 1416
1406 1612
1406 1858
1406 2150
1406 3358
1406 4292
1406 4296
1406 4800
1407 4365
1407 4463
1407 4886
1408 1930
1408 2322
1408 2556
1408 2884
1408 2968
1408 3512
1408 4173
1408 4233
1408 4254
1408 4871
1409 1410
1409 1825
1409 2060
1409 2150
1409 2259
1409 3590
1409 3928
1409 4157
1409 4953
1410 2152
1410 3619
1410 4878
1411 1955
1411 4398
1412 1567
1412 1646
1412 1757
1412 2654
1412 2785
1412 3119
1412 3160
1412 4378
1412 4543
1413 3818
1414 1616
1414 3870
1414 4633
1415 1416
1415 2517
1415 3617
1416 1858
1416 5031
1417 2477
1417 3463
1417 4753
1417 4964
1418 1426
1418 1600
1418 2201
1418 4468
1419 1428
1419 2252
1419 2532
1419 2809
1419 3722
1419 3979
1419 4323
1419 4560
1419 4892
1420 2006
1420 3473
1420 4857
1421 3167
1422 2389
1422 3429
1422 4228
1423 2217
1423 4090
1424 2092
1424 2157
1424 4257
1424 4350
1424 4469
1424 4543
1425 2663
1425 2722
1425 3659
1425 4705
1426 4521
1427 1823
1427 1925
1427 2806
1427 3353
1427 3670
1427 3771
1428 3164
1428 4353
1428 4560
1429 3790
1430 1441
1430 4293
1431 2766
1432 2114
1432 2408
1432 3755
1433 2182
1433 2226
1433 3405
1433 4190
1433 4236
1433 5012
1434 1438
1434 1770
1434 3614
1436 1693
1436 1915
1436 1955
1436 2016
1436 2385
1436 2417
1436 3116
1436 3690
1436 3844
1436 4458
1436 4685
1437 1862
1437 4015
1437 4138
1438 1770
1438 2381
1438 2775
1438 4899
1439 4440
1440 2299
1440 2324
1440 2373
1440 2613
1440 2858
1440 3683
1440 3696
1440 4292
1441 1611
1441 1651
1441 3054
1441 4524
1441 4634
1442 1671
1442 1974
1442 3706
1444 1872
1444 1952
1444 2885
1444 3220
1444 3978
1444 4593
1445 2007
1445 2965
1445 3084
1445 4609
1448 1509
1448 1561
1448 1678
1448 2176
1448 2319
1448 2432
1448 2655
1448 2921
1448 3354
1448 3402
1448 3775
1448 4020
1448 4568
1448 4582
1449 2080
1450 1464
1450 2808
1450 3470
1451 3498
1453 3227
1455 3461
1455 3560
1455 4862
1456 3795
1457 2018
1457 2209
1457 2287
1457 2863
1459 1630
1459 2064
1459 4130
1459 4333
1459 4767
1460 1753
1460 2376
1460 2611
1460 3549
1460 4212
1460 4460
1460 4732
1461 1735
1461 2720
1462 3307
1462 4736
1463 2064
1463 2473
1463 3309
1465 2648
1465 3917
1465 3918
1465 4052
1465 4100
1465 4992
1466 1540
1466 2622
1466 2646
1466 3294
1466 3682
1466 3848
1466 3929
1466 3957
1466 3998
1466 4279
1467 1478
1467 1947
1467 2019
1467 2089
1467 2741
1467 4078
1468 2318
1468 2737
1468 3471
1469 1894
1469 3861
1470 4735
1472 3281
1472 3643
1472 4066
1474 1703
1474 2125
1474 2511
1474 4827
1475 1952
1475 3028
1475 3047
1475 3220
1475 4092
1476 4496
1476 4549
1477 1793
1477 2213
1477 3528
1477 4379
1477 4437
1478 1936
1478 1963
1478 2337
1478 2584
1478 2980
1478 3369
1478 4749
1479 3186
1480 2080
1480 2267
1480 2567
1480 2584
1480 3419
1480 3837
1480 4476
1480 4575
1480 4913
1481 1578
1481 2587
1481 3002
1481 3116
1481 3208
1481 3941
1481 3949
1481 3971
1481 4420
1481 4703
1481 4724
1482 2510
1482 2908
1482 2934
1482 3575
1484 2330
1485 2352
1485 2585
1486 1633
1486 1704
1486 2359
1486 3035
1486 4213
1486 4596
1487 1557
1487 2824
1487 3138
1487 3720
1488 1764
1488 1973
1488 3171
1488 3625
1488 4661
1489 1550
1489 2454
1489 2854
1489 3288
1489 3418
1489 3534
1489 3981
1490 2933
1490 3465
1490 4030
1490 4494
1491 2508
1491 2720
1491 3817
1493 1511
1493 2097
1493 3079
1493 4692
1494 1546
1494 2650
1494 2896
1494 3083
1494 3807
1494 4843
1495 4404
1496 1784
1496 1831
1496 2288
1496 2627
1496 2747
1496 3113
1496 3465
1496 4372
1497 2375
1497 2717
1497 2966
1497 4301
1498 1602
1498 1720
1498 2202
1498 2848
1498 4284
1498 4421
1499 1756
1499 3043
1499 4569
1500 1550
1500 1914
1500 3130
1501 1908
1501 3813
1502 1951
1503 1574
1503 1857
1503 2674
1503 3648
1503 5023
1504 2656
1504 3180
1504 3540
1504 4775
1505 3101
1506 2953
1506 3642
1506 3888
1507 2107
1507 2765
1508 2188
1508 3302
1508 3798
1509 3738
1509 4334
1510 2444
1510 4461
1510 4630
1511 3109
1511 4863
1512 1875
1512 3712
1512 4305
1513 1575
1513 1672
1513 1951
1513 2038
1513 2366
1513 2421
1513 2594
1513 3480
1513 4563
1513 4813
1514 1716
1514 1975
1514 2482
1514 2757
1514 3120
1514 3622
1514 4000
1514 4364
1514 4658
1514 4689
1514 4993
1515 1520
1515 1659
1515 1854
1516 3790
1517 1795
1517 2181
1517 2462
1517 4555
1518 1536
1518 3838
1519 3377
1520 1860
1520 3174
1520 3984
1520 4140
1520 4801
1522 1558
1522 1840
1522 3360
1523 2163
1524 2268
1524 5033
1525 1748
1525 4066
1526 1669
1526 1826
1526 2136
1526 2145
1526 2278
1526 3065
1526 3593
1526 3827
1526 4177
1526 4740
1526 4942
1527 1578
1527 1899
1527 2101
1527 2373
1527 4060
1528 1879
1528 2554
1528 3104
1528 3406
1529 3656
1529 4785
1530 2207
1530 2771
1530 2949
1532 1575
1532 3345
1532 4192
1532 4316
1532 4432
1532 4786
1534 2383
1535 1695
1535 3255
1535 3674
1536 1628
1536 2034
1536 2036
1536 2077
1536 4949
1537 2158
1538 2772
1538 4868
1539 2151
1539 3532
1539 4637
1540 1619
1540 3294
1540 3682
1540 4565
1541 1598
1541 1808
1541 2271
1541 4527
1542 2122
1543 3046
1543 4934
1544 3498
1545 3414
1545 4070
1545 4859
1546 1997
1546 2027
1546 2650
1546 2992
1546 3043
1546 3354
1546 4076
1546 4225
1546 4256
1546 4349
1546 4416
1546 4429
1547 4481
1548 1926
1548 3088
1548 3299
1548 3592
1548 3995
1549 2317
1549 2381
1549 3150
1549 3853
1549 4016
1549 4215
1551 3742
1551 4655
1552 2005
1552 2264
1552 2827
1552 3468
1552 3834
1552 4819
1553 1640
1553 1913
1553 1954
1553 1999
1553 2053
1553 2883
1553 3612
1553 3793
1554 2081
1554 2809
1554 4786
1555 2630
1555 2856
1555 3325
1555 3721
1556 1570
1556 4258
1556 4533
1557 4854
1558 1596
1558 1814
1558 1840
1558 1861
1559 1820
1559 2085
1560 1689
1560 1962
1560 2252
1560 2391
1560 2831
1560 2994
1560 4655
1561 2447
1561 2655
1561 4582
1561 4856
1562 1620
1562 1812
1562 1916
1562 2362
1562 2368
1562 2762
1562 4162
1563 1666
1563 2199
1564 1773
1566 2552
1566 3272
1567 1890
1568 1750
1568 2750
1568 3501
1569 1730
1569 1880
1569 2010
1569 2016
1569 2055
1569 2762
1569 2845
1569 3238
1569 3410
1569 3519
1569 3982
1569 4449
1569 4605
1570 1881
1570 4489
1571 2112
1571 2283
1571 3503
1571 4701
1572 2647
1573 3458
1573 3803
1574 1964
1574 2464
1574 2800
1574 3463
1576 1594
1576 2561
1577 2994
1578 2587
1578 4703
1578 4904
1578 5000
1579 1661
1579 2185
1580 3265
1581 2291
1581 2311
1582 1713
1582 1864
1582 1875
1582 2443
1582 2688
1582 3029
1582 3430
1583 2415
1585 1649
1585 1903
1585 2513
1585 2634
1585 2638
1585 4541
1586 1711
1586 2007
1586 2088
1586 2123
1586 3201
1586 3250
1586 4069
1586 4108
1586 4403
1586 4765
1587 2925
1587 3038
1587 3106
1587 4428
1589 2110
1589 2978
1589 3543
1590 3835
1590 4840
1591 1606
1591 1834
1592 2376
1592 3549
1593 1949
1593 2286
1593 2349
1593 4195
1593 4551
1593 5013
1594 1716
1594 2966
1594 3994
1594 4603
1594 4839
1595 3490
1595 3723
1596 1730
1596 3937
1597 3020
1597 3364
1599 2600
1599 3701
1599 3751
1599 4793
1600 1965
1601 4975
1602 2202
1602 2292
1603 2836
1603 3291
1604 2300
1604 2996
1604 3452
1604 3694
1605 1635
1605 2154
1605 2545
1605 2824
1605 3138
1605 3943
1605 4594
1605 4790
1606 1834
1606 2674
1607 1911
1608 1804
1608 1907
1608 3011
1608 4165
1608 4762
1608 4906
1609 1934
1609 3554
1609 4636
1610 3142
1610 3252
1610 3415
1610 4393
1611 1636
1611 1801
1611 2283
1611 2843
1611 2941
1611 4666
1612 4172
1612 4595
1614 3105
1614 3679
1615 4681
1616 2865
1616 3299
1616 3303
1616 3870
1616 4540
1616 4707
1616 4708
1617 2002
1617 3090
1617 3212
1617 3485
1617 4877
1618 2171
1618 2703
1618 2919
1618 3276
1618 3423
1618 3481
1618 3838
1618 4056
1619 4804
1621 3602
1622 2816
1622 3173
1622 3187
1622 3341
1623 1701
1623 2481
1624 1666
1624 1890
1624 2293
1624 2361
1624 2860
1624 3085
1624 3882
1624 4197
1624 4341
1624 4834
1625 1692
1625 2044
1625 2109
1625 2218
1625 2365
1625 2559
1625 3869
1625 4103
1625 4482
1626 2286
1627 1702
1627 3499
1628 1642
1628 3628
1629 2339
1629 2370
1631 3522
1632 2170
1633 1871
1633 2258
1633 2387
1633 4612
1634 1718
1634 2397
1634 3513
1634 3923
1634 4089
1635 2013
1635 2154
1635 2728
1635 3831
1635 4790
1635 4910
1636 3170
1636 3799
1637 2652
1637 2832
1637 2882
1637 4399
1638 4101
1639 2037
1640 1954
1640 2053
1640 2950
1640 3473
1640 4091
1640 4238
1640 4943
1641 1865
1641 1904
1641 1971
1641 3351
1641 4270
1642 3628
1642 4739
1643 3012
1643 3121
1643 3413
1643 4163
1643 4460
1645 2802
1645 4620
1646 1757
1648 3226
1649 2513
1649 2636
1649 3865
1651 2543
1651 2567
1651 3511
1651 4074
1652 2472
1653 1681
1653 2555
1653 2898
1653 4283
1653 4673
1655 3514
1655 4711
1656 1910
1656 3650
1656 3669
1657 2394
1657 2624
1657 3383
1658 2242
1658 2490
1659 1763
1659 1938
1659 2966
1660 2022
1660 3454
1660 4449
1660 4916
1660 4976
1662 2139
1664 1686
1664 4395
1664 4446
1665 3965
1665 4907
1666 1720
1666 1778
1666 2199
1666 2361
1666 2895
1666 3085
1666 3516
1666 4608
1666 4834
1667 2210
1667 3478
1668 1835
1668 1984
1668 2231
1668 2560
1668 3335
1668 3567
1668 3818
1668 4338
1668 4511
1668 4710
1669 2212
1669 2574
1669 2732
1669 4695
1670 3399
1671 1974
1671 3211
1671 3706
1672 2001
1672 2594
1672 2979
1673 2900
1673 3767
1674 2716
1674 3664
1674 4359
1675 2025
1675 2504
1675 2917
1675 3814
1675 4003
1676 3490
1676 4025
1677 1860
1677 1918
1678 2319
1678 3962
1679 3956
1680 2046
1681 2148
1681 2555
1681 2604
1681 4156
1681 4459
1682 2592
1682 2711
1682 3276
1682 4102
1682 4180
1682 4589
1683 2562
1684 1962
1684 2132
1684 2515
1684 2627
1684 3248
1684 3365
1684 4624
1688 2237
1688 2410
1688 2706
1688 3680
1688 3779
1688 3990
1688 4181
1688 4322
1688 4734
1689 3901
1690 2028
1690 3117
1690 4722
1690 4890
1691 3182
1691 4620
1692 2109
1692 2218
1692 2689
1692 4469
1693 2696
1693 4098
1694 4267
1694 4545
1695 2645
1695 3249
1695 3676
1696 3295
1697 1920
1697 2522
1697 4527
1698 2840
1698 3469
1699 4008
1702 4044
1702 4419
1704 3414
1705 2371
1705 3074
1705 3226
1705 4232
1705 4549
1706 2983
1706 3738
1706 4334
1707 1974
1707 3217
1707 4538
1708 2156
1708 2308
1708 2617
1708 3492
1708 4687
1708 4997
1709 1805
1709 3041
1709 4223
1709 4604
1710 3251
1711 1769
1711 2017
1711 3467
1711 4765
1711 4872
1711 4940
1712 2705
1712 2877
1712 3318
1712 4049
1713 1846
1713 1864
1713 2443
1713 3029
1713 3131
1713 4010
1713 4025
1713 4565
1713 4897
1713 5042
1714 4737
1715 1889
1715 4985
1716 2482
1716 3814
1716 3901
1716 4658
1718 2201
1720 2634
1721 3094
1722 2658
1722 2734
1722 4696
1722 4743
1723 3141
1723 3902
1723 3981
1724 2265
1724 4328
1726 2210
1726 2941
1727 1937
1727 3949
1727 3971
1727 4175
1728 2143
1728 2247
1728 3593
1729 2067
1730 3710
1732 1953
1732 2066
1732 2169
1732 3529
1732 3931
1732 4248
1732 4266
1732 4729
1733 2687
1733 2903
1733 3229
1734 3591
1735 2986
1735 3598
1736 2192
1736 2332
1736 3181
1736 4457
1736 4506
1736 4816
1737 1814
1737 1888
1737 1946
1737 2037
1737 2660
1737 2904
1737 3926
1740 2971
1741 3607
1741 3897
1742 2706
1744 1966
1744 2446
1744 2841
1744 3355
1744 3759
1745 1786
1745 3007
1745 3673
1745 5021
1746 3970
1746 4142
1746 4842
1747 2603
1748 3219
1748 4457
1749 2433
1749 3350
1749 4713
1749 5017
1750 4452
1753 4202
1754 2390
1754 2926
1754 3765
1754 4856
1755 1929
1755 3200
1756 1806
1759 1988
1759 3118
1759 3524
1760 1801
1760 2039
1760 2119
1760 2188
1760 2258
1760 2284
1760 2353
1760 3143
1760 3326
1760 3583
1760 3909
1760 4314
1761 1892
1761 4268
1761 4340
1762 1785
1762 2116
1762 2161
1762 2590
1764 2814
1764 3175
1764 4564
1765 2363
1765 2795
1766 2383
1766 4054
1767 2195
1767 3644
1767 4339
1768 1928
1768 2180
1768 2269
1768 3806
1769 1904
1769 1987
1769 2764
1769 2993
1769 3928
1769 4145
1770 2025
1772 3234
1773 2156
1773 3019
1773 4279
1774 2062
1774 2760
1774 4832
1776 2893
1776 3104
1776 3586
1776 4072
1776 4544
1777 1939
1777 1960
1777 2659
1777 2982
1777 3446
1778 2199
1778 2637
1778 3085
1778 3516
1779 3183
1779 3718
1779 4973
1780 2572
1780 2752
1781 5019
1782 1989
1782 3070
1782 4821
1783 4120
1783 4504
1783 4673
1784 2171
1784 2343
1784 2793
1784 4529
1785 2161
1785 2370
1785 2803
1785 2889
1786 3926
1787 2185
1787 3032
1787 4289
1787 4550
1787 4645
1787 4915
1788 1976
1788 2811
1788 4055
1789 2018
1790 1962
1791 4961
1792 2684
1792 2915
1792 3093
1792 3148
1793 2093
1793 2866
1793 3355
1794 2472
1794 2827
1794 3253
1794 4512
1795 2288
1795 3714
1796 3546
1797 4094
1797 4990
1798 2340
1798 2469
1798 3201
1798 4017
1799 2320
1799 2452
1801 2039
1801 4314
1801 4436
1801 4753
1802 3334
1802 3523
1803 1828
1803 1850
1803 2037
1803 2168
1803 3548
1803 4390
1804 4769
1805 2728
1805 2802
1805 3165
1805 3831
1805 4604
1807 2705
1807 4203
1808 1828
1809 2227
1809 2451
1809 3440
1809 4793
1810 2196
1810 2850
1810 4904
1811 2530
1811 4112
1811 4522
1812 2056
1812 3266
1813 2045
1813 2441
1813 3980
1814 1946
1814 2162
1814 2189
1814 4253
1814 4563
1816 2643
1816 4966
1817 1990
1818 1821
1818 2383
1818 2812
1818 2918
1818 3662
1818 3878
1818 5011
1819 2420
1819 4122
1820 1884
1820 2085
1820 2178
1820 3969
1821 2267
1821 2812
1821 4501
1821 4977
1825 2002
1825 2060
1825 2558
1825 4249
1825 4953
1826 3204
1828 1848
1828 1923
1828 2337
1828 2545
1829 2854
1829 3581
1829 4488
1829 4537
1829 4820
1830 2116
1830 2176
1830 2765
1830 4432
1831 2408
1831 3815
1831 4622
1834 2455
1834 3624
1835 2231
1835 3335
1835 4104
1835 4338
1839 3640
1840 2810
1841 2022
1841 2687
1841 3879
1841 4587
1841 4625
1842 1879
1842 2038
1842 2042
1842 4417
1843 2387
1844 3526
1844 3844
1844 4135
1844 4515
1845 2311
1845 2718
1845 4059
1845 4667
1845 4780
1846 2614
1846 2745
1846 2931
1846 3029
1846 3819
1846 4742
1848 2560
1848 2932
1848 3846
1849 1919
1849 2213
1849 2834
1849 3781
1850 2168
1850 2211
1850 3523
1850 4390
1851 2996
1852 5016
1853 2454
1853 3457
1853 4642
1853 5035
1854 4249
1855 3718
1855 4740
1856 2873
1856 3202
1857 4166
1858 2982
1858 4800
1859 2458
1859 3645
1859 3800
1859 4184
1860 2144
1860 2211
1860 2909
1860 4801
1862 2713
1862 3521
1863 3795
1864 2394
1864 2796
1865 3351
1865 4270
1866 2223
1866 2753
1866 4188
1867 1919
1867 3350
1867 4352
1868 2358
1869 2932
1870 2857
1870 2931
1870 2934
1870 3376
1870 3655
1870 4727
1872 1957
1872 2885
1872 4067
1873 2052
1873 2568
1873 3535
1873 3789
1873 3807
1873 3932
1873 4086
1873 4166
1873 4708
1875 2108
1875 2214
1875 3430
1875 3572
1875 3788
1876 3899
1876 4730
1879 2038
1879 2421
1879 2905
1879 4907
1880 2409
1880 2821
1880 3069
1880 3495
1880 4853
1880 4909
1880 5019
1881 4908
1882 2613
1882 3678
1883 2774
1884 3460
1885 2217
1885 2738
1885 3785
1886 2032
1886 2697
1886 2706
1886 3482
1886 3554
1887 2073
1887 4286
1888 3566
1888 3896
1888 4152
1888 4487
1888 4986
1889 2055
1890 2693
1890 3060
1890 4029
1890 4422
1891 2387
1891 3157
1892 1955
1892 4714
1893 2385
1893 2470
1893 3894
1894 2891
1894 2975
1895 2966
1895 3725
1895 3881
1896 2528
1896 4033
1896 4664
1897 2219
1897 3415
1897 3846
1899 2000
1899 2562
1899 2815
1899 3007
1899 3321
1900 2058
1901 2099
1901 2967
1901 4066
1901 4150
1902 2303
1904 2458
1904 3779
1905 2681
1905 3072
1905 3866
1905 4722
1906 1967
1908 2496
1908 3813
1909 3833
1910 3650
1910 3855
1910 4950
1911 2097
1912 2054
1912 2232
1912 2360
1912 2984
1912 3024
1912 3053
1912 3214
1912 3679
1912 4495
1912 4671
1912 4862
1913 4193
1914 2361
1914 3346
1914 3679
1915 2994
1916 2205
1916 4162
1916 4896
1917 3791
1919 2834
1919 3495
1919 3896
1920 2098
1920 2338
1920 3562
1920 3888
1922 2131
1922 2141
1922 2604
1922 3368
1922 4946
1923 2160
1923 4471
1924 2554
1924 2938
1924 4948
1925 2379
1925 3394
1926 2098
1926 2467
1926 3088
1926 3267
1926 3995
1927 3451
1927 4860
1928 3409
1928 3691
1928 3806
1928 4290
1929 2237
1930 2884
1930 2968
1930 3512
1932 3971
1933 3056
1934 2486
1936 2337
1936 2980
1936 3340
1937 3389
1937 4194
1937 4196
1938 3866
1938 4230
1938 4725
1938 4825
1939 2882
1939 3379
1940 4179
1940 4668
1944 2682
1944 2936
1945 3325
1945 3386
1945 4040
1945 4454
1945 4721
1945 4937
1947 4078
1947 4475
1948 2051
1948 2626
1949 2227
1949 3039
1949 3611
1950 2229
1950 2739
1950 3496
1950 4317
1951 2665
1952 2537
1952 2792
1952 3220
1952 3978
1952 4593
1953 1999
1953 2257
1953 2784
1953 3768
1954 2053
1954 3793
1954 4264
1955 2749
1955 3116
1955 3690
1955 3914
1956 2047
1956 2070
1956 3191
1956 3199
1956 3733
1956 4244
1956 4333
1957 2130
1957 2885
1958 2550
1958 3145
1958 3359
1959 2354
1959 4741
1960 2798
1960 3446
1960 3611
1960 4200
1960 4453
1960 4675
1960 4759
1961 1968
1961 1986
1961 2302
1961 2935
1961 2968
1961 2976
1961 4002
1961 4382
1961 4482
1961 4691
1962 2712
1963 2045
1963 2195
1963 3777
1964 2464
1964 2800
1964 4345
1965 3175
1966 2841
1966 4425
1967 2382
1967 3525
1967 4889
1968 2582
1968 3496
1968 4183
1968 4195
1969 2313
1970 2824
1970 3178
1970 4680
1971 2885
1971 4905
1972 2741
1972 3517
1972 4121
1972 4630
1973 4966
1975 2482
1975 2570
1975 2744
1975 4184
1975 4364
1975 4711
1976 2811
1976 3240
1976 4255
1977 2736
1978 3657
1978 4151
1978 4194
1978 4752
1978 4931
1978 5004
1979 2281
1979 2609
1979 3267
1979 3319
1979 3530
1979 3674
1980 3639
1980 4161
1981 3653
1981 4080
1982 2851
1982 3768
1983 2162
1983 3904
1984 2560
1985 2294
1986 2112
1986 2911
1986 3518
1986 4382
1986 4562
1987 3928
1988 3159
1988 4147
1988 4599
1989 2068
1989 2521
1989 2551
1989 3087
1989 4999
1991 2543
1991 5030
1992 2621
1992 4042
1993 2098
1993 2100
1993 2480
1993 3697
1993 3821
1993 4578
1994 2565
1994 3643
1994 4747
1995 2899
1996 2135
1996 3311
1997 2992
1997 3930
1998 2861
1998 3824
1999 2336
1999 4288
2000 2815
2000 3095
2002 3090
2002 3485
2002 4249
2002 4847
2003 4431
2004 2697
2004 3903
2004 4211
2005 2517
2005 3468
2006 4730
2007 2088
2008 2216
2008 3161
2008 3237
2008 4327
2009 3634
2009 3840
2010 2308
2010 2688
2010 3410
2010 4153
2010 4510
2012 2717
2012 3839
2012 4680
2013 2149
2013 2154
2013 4542
2016 3130
2016 3238
2016 4975
2016 4980
2017 2466
2017 4940
2018 3862
2018 4038
2019 2471
2020 3372
2020 4676
2021 4229
2022 3454
2024 2273
2024 3626
2024 3766
2024 3997
2024 4013
2024 4315
2024 4534
2026 2162
2027 2992
2027 4076
2028 4040
2029 3204
2032 2524
2032 3210
2032 3225
2032 3594
2032 4683
2032 4860
2032 4881
2033 2475
2033 2887
2033 4263
2033 4276
2033 4342
2033 4358
2033 4375
2034 2036
2034 3551
2034 3750
2034 4711
2035 3429
2036 2077
2036 2511
2036 3907
2036 4886
2037 4924
2038 2421
2039 3326
2039 3685
2039 3909
2040 2297
2041 2479
2041 2497
2041 3194
2041 3206
2041 4035
2041 4171
2041 4503
2042 2822
2042 4107
2043 2436
2043 2598
2043 3071
2043 3408
2043 3556
2043 4747
2044 2109
2044 2808
2044 3862
2045 3980
2045 4983
2046 3136
2046 3413
2046 4623
2047 3733
2048 2583
2048 3055
2048 3947
2048 4110
2048 4950
2049 2685
2049 3338
2050 4345
2052 3535
2052 4602
2053 3793
2053 4264
2054 2096
2054 2115
2054 4011
2055 3069
2055 3285
2055 4262
2057 3887
2057 4038
2058 2340
2058 3509
2058 3948
2059 4638
2059 4705
2060 2259
2060 2555
2060 4461
2061 3531
2061 4794
2062 4702
2064 2305
2064 2576
2064 2596
2064 2855
2064 2955
2064 3309
2064 4269
2064 4333
2064 4627
2064 4767
2064 4811
2065 3745
2066 3976
2066 4898
2067 2226
2067 2657
2067 3122
2067 3762
2067 4395
2067 4654
2068 2521
2068 3027
2068 3111
2069 3048
2069 3243
2069 3396
2072 2345
2072 2969
2072 3639
2073 4695
2074 3156
2074 3543
2074 3812
2074 4427
2074 4848
2075 2427
2075 2837
2075 3439
2075 3959
2075 4043
2075 4307
2075 4405
2076 3006
2076 3064
2076 3486
2076 3605
2080 4476
2080 4548
2081 2809
2082 4530
2083 4671
2084 2724
2085 4190
2085 4749
2086 3228
2087 2194
2087 3164
2087 3402
2087 3631
2088 2733
2088 2920
2088 4182
2089 2331
2089 2668
2089 3557
2089 4336
2090 2852
2090 3726
2092 2157
2092 2751
2092 2926
2092 4853
2092 4941
2093 3288
2094 2864
2094 3223
2096 2155
2096 2512
2096 4861
2098 2584
2099 4066
2099 4150
2100 2869
2100 3697
2100 3821
2101 3459
2102 4011
2103 2796
2103 4454
2104 2683
2105 4500
2105 4678
2106 2579
2106 2810
2106 2924
2106 3016
2106 3667
2106 4019
2106 4389
2106 4616
2107 2448
2107 3195
2107 3250
2107 4130
2108 3205
2108 4791
2111 3176
2111 4612
2112 3877
2112 4728
2113 2136
2113 2168
2113 2422
2113 2536
2113 2667
2113 2670
2113 2963
2113 3649
2113 3802
2113 3849
2113 4084
2113 4160
2113 4726
2113 5009
2114 2408
2114 3203
2114 3471
2114 4304
2119 2335
2120 2859
2121 4170
2122 2271
2122 2661
2123 2195
2123 2747
2123 3250
2125 4756
2126 3820
2126 4926
2128 3075
2130 3349
2130 3666
2131 2141
2131 3044
2131 3362
2131 3665
2131 4329
2132 2627
2132 2924
2132 3248
2132 3428
2132 3922
2132 4662
2133 2159
2134 4409
2136 2667
2136 3552
2136 3772
2136 3827
2136 5009
2136 5036
2139 3455
2140 4945
2141 2456
2141 2974
2141 3044
2141 3939
2142 2358
2142 2517
2142 2876
2142 4856
2144 3270
2145 2540
2145 2591
2145 2954
2145 3342
2145 4314
2145 4391
2146 2586
2146 2628
2146 3261
2146 4378
2147 2192
2147 2739
2147 3663
2147 4121
2147 4506
2147 4783
2148 2604
2148 4156
2149 3163
2149 4239
2150 3590
2153 3291
2154 4910
2155 3689
2155 4603
2156 2396
2156 3622
2156 4997
2158 4206
2159 3565
2160 2820
2160 3487
2160 4471
2160 4718
2162 4828
2163 2599
2163 4533
2163 4539
2163 4907
2164 2794
2164 4394
2165 4700
2166 4572
2168 2214
2168 2536
2168 2642
2168 2958
2168 4604
2168 4920
2169 2372
2169 2501
2169 2742
2169 2823
2170 2643
2170 4214
2171 3030
2172 3018
2172 3257
2172 3319
2172 3756
2172 4046
2172 4687
2173 2399
2173 3048
2174 2465
2175 3260
2176 3354
2176 3775
2177 2814
2177 4783
2178 2297
2178 3963
2178 4071
2178 4410
2178 4864
2179 2351
2179 4392
2181 2397
2182 3860
2183 3342
2184 3173
2185 2206
2185 4289
2186 4131
2187 2250
2187 2568
2187 3168
2187 3804
2187 4843
2189 2617
2190 3725
2191 3702
2192 2332
2192 2590
2192 2779
2192 3298
2192 3388
2192 3934
2192 4506
2193 2272
2193 2401
2193 2514
2194 3402
2194 5037
2196 3234
2197 2512
2197 3580
2200 2233
2200 2272
2200 2292
2200 3304
2200 3985
2201 3337
2202 4284
2202 4894
2202 4933
2203 2325
2203 4814
2204 2787
2204 2906
2204 3564
2204 4874
2205 2457
2205 2630
2205 4047
2205 4162
2206 2394
2206 3747
2207 4423
2208 3430
2208 4430
2209 3675
2209 3719
2210 3089
2210 4178
2211 2909
2211 3215
2212 2574
2212 2725
2212 2806
2212 3204
2212 3425
2212 4485
2213 3248
2213 3330
2213 4182
2213 4285
2213 4851
2214 2317
2214 3430
2214 3572
2215 2334
2215 3762
2215 4208
2216 3822
2216 4385
2217 2902
2217 3064
2217 3440
2217 4155
2218 3847
2218 4546
2219 3336
2219 3377
2219 3745
2219 4056
2220 3655
2222 2301
2222 4331
2224 2640
2224 2847
2224 3475
2224 3479
2224 4163
2225 3547
2226 2607
2226 2946
2226 4699
2226 4789
2228 3884
2228 4587
2228 4681
2230 2993
2230 3493
2231 4104
2232 2360
2232 2748
2232 3073
2232 3447
2232 4671
2233 2292
2234 3241
2234 3365
2234 4502
2236 2378
2236 3064
2237 2782
2237 3172
2237 4309
2237 4748
2238 4462
2239 3494
2239 3709
2239 4470
2240 2244
2240 2691
2240 3059
2241 2788
2241 2981
2241 4055
2241 4409
2243 3098
2244 2310
2244 2463
2246 2954
2246 3602
2246 4226
2248 3096
2248 3537
2249 2684
2249 3020
2250 3168
2250 3804
2250 3902
2250 4863
2252 4323
2252 4680
2252 4892
2256 2500
2257 2548
2257 2784
2257 2961
2257 3611
2257 4023
2257 4285
2257 4932
2258 2698
2258 4745
2259 3171
2260 2405
2260 4154
2261 2950
2261 3162
2261 3378
2261 4101
2263 4615
2263 4948
2264 2276
2264 3834
2264 4819
2265 4328
2266 3615
2266 4271
2267 4501
2269 3278
2269 3868
2269 3880
2270 2685
2270 3439
2272 3274
2273 3626
2273 3766
2274 2605
2274 2955
2274 4498
2275 4053
2276 4686
2277 4064
2277 4475
2278 3146
2279 2704
2279 4411
2281 2576
2281 2722
2281 3279
2281 3801
2282 2478
2283 4701
2285 3030
2285 3760
2285 4191
2285 5043
2287 3264
2288 4372
2289 2366
2290 2781
2290 2891
2292 2868
2292 3304
2292 3397
2292 3686
2293 2553
2293 3849
2293 4936
2294 3068
2296 2944
2296 3252
2296 3595
2296 3782
2296 4663
2296 4970
2298 2413
2298 2635
2298 4863
2299 2324
2299 2613
2299 3185
2299 4633
2299 4643
2300 3577
2301 2928
2301 4782
2303 2601
2303 2956
2304 2735
2304 3092
2304 3271
2304 4757
2305 4132
2305 4147
2306 2543
2306 2740
2307 3233
2307 3366
2307 3700
2307 4429
2308 4153
2308 4764
2309 4307
2312 2369
2313 3469
2313 4684
2314 2874
2314 3942
2314 4094
2317 2801
2318 2533
2318 2737
2318 3169
2319 2655
2319 3257
2319 4582
2319 4586
2320 2452
2320 2723
2320 2838
2320 3046
2321 2599
2321 2817
2321 3708
2321 4569
2322 3045
2322 4233
2322 4234
2322 4871
2323 2463
2323 3539
2324 3844
2325 4814
2326 2431
2326 2485
2327 3776
2328 3921
2329 2368
2329 3262
2331 2927
2331 4303
2333 2519
2333 2589
2333 3668
2334 2419
2334 3125
2334 3511
2334 4057
2337 2473
2337 2499
2337 3100
2337 3144
2337 4334
2337 4690
2338 4669
2339 2478
2339 3078
2340 2565
2340 3948
2340 4002
2342 2409
2343 4473
2344 3426
2345 2969
2345 3536
2345 3639
2345 4712
2345 4765
2347 4113
2349 2570
2350 3899
2350 4974
2351 5040
2353 2380
2353 2881
2353 4125
2353 4314
2353 4822
2354 2483
2354 3183
2355 3188
2360 3398
2360 3569
2360 4495
2360 4919
2361 2880
2361 2895
2361 3752
2362 2368
2362 3709
2362 4201
2362 4809
2363 3677
2363 4841
2364 2826
2364 4209
2364 4294
2364 4677
2365 2524
2366 3045
2367 4181
2368 3227
2368 3709
2368 4374
2368 4424
2369 2766
2370 4795
2371 2798
2371 3074
2371 4954
2372 2501
2372 2823
2372 2916
2372 3023
2372 4087
2373 2753
2373 3770
2373 4850
2375 2717
2376 3549
2376 3832
2376 4732
2377 2653
2377 2664
2377 2904
2377 3900
2377 4325
2378 2552
2378 3005
2379 3555
2380 2580
2381 3797
2383 2573
2383 2673
2383 5011
2386 3274
2386 3579
2387 2466
2387 3157
2388 2622
2388 2772
2388 4900
2389 4228
2391 3283
2391 3840
2393 2657
2393 2743
2393 3693
2393 4355
2393 4413
2394 2796
2394 2939
2395 2580
2395 2692
2396 3622
2396 3890
2396 4997
2398 4141
2398 4550
2399 4551
2399 4891
2401 4897
2401 5042
2402 2582
2402 2729
2402 3080
2402 3446
2402 3672
2402 4556
2403 2611
2403 2628
2403 3331
2403 3602
2403 3935
2403 4134
2403 4366
2403 4485
2403 4854
2407 3742
2407 3852
2408 3755
2409 3869
2410 3990
2411 3006
2411 3707
2411 4271
2412 4166
2413 4741
2413 4754
2414 3051
2416 2864
2416 3774
2416 4782
2417 3458
2418 4083
2419 3125
2419 4057
2419 4510
2420 5032
2422 3849
2423 3394
2423 3911
2424 4161
2425 3636
2425 3687
2425 5014
2426 3048
2426 3613
2426 4251
2427 4117
2428 2547
2428 2792
2428 3437
2428 4406
2429 3474
2429 4304
2429 5035
2431 3823
2431 4576
2432 3402
2433 4713
2433 5017
2434 4670
2434 5034
2435 2780
2436 2767
2437 4070
2438 2551
2439 3151
2439 3251
2440 3335
2440 4434
2441 3143
2441 3323
2441 3980
2441 4049
2441 4132
2445 3729
2445 4205
2446 2841
2446 3259
2446 3842
2447 2608
2449 3222
2450 2599
2450 2804
2451 3213
2452 3176
2452 4866
2454 2550
2454 2854
2454 3969
2454 4537
2454 4637
2455 4572
2455 4702
2456 2815
2456 2985
2456 3663
2456 3939
2456 3979
2456 4110
2456 4965
2457 2582
2457 2630
2457 3696
2457 4047
2457 4245
2457 4756
2458 2472
2458 2940
2458 3795
2458 3800
2458 3993
2458 4512
2459 2492
2459 3103
2459 3337
2460 2519
2460 3022
2460 4507
2461 3332
2462 4778
2464 2800
2464 4494
2464 4499
2465 2962
2465 3297
2465 3369
2466 3058
2466 3282
2467 3001
2467 3368
2467 3634
2468 4248
2469 4017
2469 4622
2471 3610
2472 3253
2472 4512
2473 3100
2474 2829
2474 3331
2474 3510
2474 4926
2475 2887
2475 5005
2477 4080
2478 2642
2479 2497
2480 2964
2480 3258
2482 4000
2482 4045
2482 4364
2482 4658
2482 4845
2484 3198
2484 3828
2484 3836
2484 4606
2485 2701
2485 2886
2486 3054
2486 3854
2486 4817
2487 2507
2488 2682
2489 3787
2489 4516
2490 3579
2491 3436
2492 3223
2494 4541
2496 4416
2497 2999
2497 3893
2498 4523
2499 2667
2499 3179
2499 3455
2499 3692
2499 4690
2500 3526
2500 4611
2500 4651
2500 5032
2501 2742
2501 2999
2501 4487
2502 3962
2504 2923
2504 3031
2504 3814
2504 4997
2505 3405
2506 4790
2507 3573
2509 2927
2509 3783
2512 3191
2513 2527
2513 2575
2513 2636
2513 2861
2513 3081
2513 3427
2513 3905
2513 4275
2513 4474
2513 4840
2515 4118
2515 4415
2516 3630
2516 4466
2518 2708
2518 2846
2519 4670
2521 2715
2521 3111
2521 3151
2521 4999
2524 4306
2525 4544
2527 2614
2528 2719
2528 3098
2528 3224
2528 3689
2529 4435
2530 3542
2530 4675
2532 2558
2536 3802
2536 3952
2536 4326
2536 4726
2537 3352
2538 2714
2538 3197
2538 4220
2541 3696
2549 4759
2550 3359
2551 3117
2551 3658
2553 4936
2554 2822
2555 4051
2555 4283
2555 4483
2556 4526
2556 4793
2557 3247
2561 3261
2561 3636
2561 4362
2562 4873
2563 2651
2563 3108
2563 3192
2563 4486
2563 4762
2563 4990
2564 3213
2564 4044
2565 3688
2565 4747
2567 3023
2568 2708
2568 2907
2568 3332
2569 4690
2570 3329
2570 3600
2570 4009
2571 4224
2572 2787
2572 3391
2573 2790
2574 3425
2574 4037
2575 3427
2575 4718
2576 2855
2577 2678
2577 4321
2577 4768
2578 4156
2578 4330
2578 4458
2578 4613
2580 3196
2583 4351
2584 3419
2584 4575
2584 4989
2585 3708
2585 4552
2587 3116
2587 4288
2588 3153
2588 3357
2588 3379
2588 4095
2588 5011
2589 2886
2590 3235
2592 2711
2592 3276
2592 3893
2592 4987
2592 5031
2593 2629
2593 2912
2593 3066
2593 3456
2593 4720
2594 2979
2594 3480
2594 4417
2595 3684
2597 4115
2599 3463
2599 4533
2600 3701
2601 2956
2601 3798
2601 3803
2602 4350
2602 4677
2603 4122
2605 3618
2607 3396
2607 4699
2608 3474
2608 3508
2609 2689
2609 4996
2610 4022
2610 4361
2610 4609
2610 5033
2611 3331
2613 3678
2615 2869
2615 3907
2615 3963
2615 4071
2615 4306
2616 2663
2616 2747
2617 3492
2617 4894
2618 3177
2619 2769
2619 5006
2620 3992
2620 4056
2620 4331
2621 3293
2622 3077
2622 4482
2624 3383
2625 2870
2626 4439
2627 2924
2627 3922
2627 4109
2627 4662
2631 3087
2632 4095
2633 4956
2636 4474
2638 3958
2639 2764
2640 2929
2640 3479
2640 3919
2640 4087
2641 4262
2642 2958
2642 3127
2642 3344
2642 4698
2643 3450
2643 3472
2643 4396
2643 4465
2644 2968
2645 4160
2647 4661
2648 3769
2648 4929
2649 4029
2649 4836
2650 3107
2650 4843
2651 3108
2652 3940
2653 4768
2654 4435
2655 4582
2656 3180
2656 4298
2656 4885
2657 3122
2657 3693
2658 2734
2658 4748
2660 3670
2661 3360
2661 3781
2663 3467
2664 2914
2664 3208
2664 4299
2665 2791
2665 2842
2665 3657
2665 3698
2665 3950
2665 4640
2665 4704
2665 4903
2667 2670
2667 3092
2667 3455
2667 3504
2667 3552
2668 4891
2669 4958
2670 3599
2670 3649
2670 4581
2670 4893
2671 3463
2672 2698
2673 3292
2673 3852
2673 4557
2674 3433
2674 4365
2674 5023
2677 3397
2678 3832
2678 4923
2680 3562
2680 4133
2683 3028
2683 4524
2689 3074
2689 3924
2690 3786
2692 3083
2692 4198
2693 3660
2693 4442
2695 3047
2696 3102
2696 4061
2697 3482
2697 3903
2697 4571
2698 3381
2698 4529
2699 3721
2702 3478
2702 4796
2703 3752
2704 3009
2704 3937
2704 5025
2706 3154
2706 3680
2706 3731
2706 3778
2706 4977
2708 2907
2708 3587
2709 2989
2709 4881
2710 3341
2710 4045
2712 3168
2713 4467
2713 4600
2714 3110
2714 3427
2714 4716
2715 3111
2715 3375
2718 2920
2721 3743
2721 4241
2722 3428
2722 3944
2723 3401
2723 3620
2723 3891
2723 4014
2723 4274
2725 2806
2725 3181
2726 4316
2728 3831
2729 3080
2729 4300
2729 4412
2729 4590
2730 3353
2730 3553
2730 4610
2732 3061
2732 4225
2733 3089
2733 4182
2734 4696
2736 2743
2737 3556
2738 3785
2738 4798
2741 3016
2741 3841
2741 4830
2742 3150
2742 3820
2743 3693
2744 3056
2744 3735
2744 4262
2745 3022
2746 4478
2748 2862
2748 2927
2748 3073
2748 3447
2748 4265
2750 2886
2750 2932
2750 4400
2750 4677
2751 3312
2751 4807
2753 4188
2754 3553
2757 3350
2758 3727
2758 4442
2759 3244
2760 3503
2760 4832
2762 3507
2762 3774
2765 3514
2765 4282
2768 2951
2768 3128
2768 3496
2768 3780
2768 4343
2769 3287
2769 3424
2769 4852
2769 5006
2770 2821
2770 2995
2770 3447
2772 3687
2772 4978
2776 2860
2777 2858
2777 3757
2777 4090
2778 4644
2779 3033
2780 3273
2781 2973
2782 4574
2783 3369
2784 2961
2784 4885
2784 4932
2785 3000
2785 3097
2785 3239
2785 3274
2785 3671
2785 4036
2785 4364
2786 3794
2787 4874
2789 3188
2792 3220
2793 2838
2793 4903
2793 4972
2794 3644
2794 3749
2795 2862
2795 4520
2797 2953
2797 3242
2797 4890
2798 4453
2799 2864
2799 3290
2799 3906
2799 3938
2799 4355
2799 4505
2799 4758
2800 4499
2801 3298
2801 3395
2801 3450
2801 3775
2801 3874
2802 4744
2802 4994
2803 4455
2804 4299
2805 4075
2806 3001
2806 3387
2806 3771
2806 4980
2809 2985
2809 3039
2809 3311
2809 3979
2809 4515
2809 4766
2810 3739
2811 4255
2812 3878
2815 3939
2816 3600
2816 3684
2816 4231
2818 3508
2819 3603
2819 3670
2819 4693
2821 4853
2821 4909
2822 4525
2823 2916
2823 3586
2824 3138
2824 3720
2825 2844
2825 2879
2825 3789
2825 4715
2826 3083
2827 3348
2828 4082
2828 4976
2829 3245
2829 3331
2829 3694
2832 3008
2832 4399
2833 2893
2833 5041
2834 3495
2837 3515
2838 3306
2840 3469
2840 4818
2841 2929
2841 3259
2841 3355
2841 3484
2841 4283
2842 2945
2842 3240
2842 4459
2842 4918
2843 3677
2844 3362
2845 3006
2845 3076
2845 3438
2845 3519
2845 3894
2845 4605
2847 4005
2848 3352
2848 4394
2851 4367
2852 2881
2852 3967
2853 3196
2853 4361
2854 3581
2854 4537
2854 4581
2855 3186
2856 3543
2856 3959
2856 4136
2856 4755
2857 4386
2858 3248
2859 3605
2860 3372
2860 4897
2861 4280
2864 3000
2864 3223
2864 3774
2865 3299
2865 4708
2866 3068
2866 3355
2866 3356
2866 3453
2866 3825
2867 3314
2868 3633
2868 4167
2869 3078
2870 4784
2872 3582
2872 3735
2872 4280
2872 4360
2872 4447
2873 2939
2873 3202
2875 4265
2876 3750
2876 4144
2877 4049
2879 3153
2879 4628
2880 3231
2880 4531
2880 4983
2881 2915
2881 4822
2882 3753
2882 4404
2883 2918
2885 3225
2887 3166
2888 2937
2891 2975
2892 3845
2892 4151
2892 4503
2892 4852
2892 4937
2893 5041
2895 4414
2896 3082
2896 3407
2896 3760
2897 3127
2897 3882
2898 3392
2899 2964
2899 3026
2899 3756
2900 3767
2900 4493
2902 3182
2902 4155
2904 3900
2904 4325
2905 3226
2905 4694
2906 3283
2906 3829
2906 4125
2908 3773
2908 4738
2910 3668
2911 3518
2912 2913
2913 4207
2914 3620
2914 3936
2915 3148
2915 3272
2915 4639
2916 3327
2916 3505
2916 3606
2916 3710
2916 4031
2916 4800
2916 4943
2917 3529
2917 3931
2919 3838
2922 3207
2922 3551
2922 3802
2923 4003
2924 3975
2926 3110
2926 3765
2926 4941
2928 3700
2928 3808
2928 4229
2928 4911
2929 3158
2929 4283
2929 4558
2929 4880
2929 4937
2929 5016
2930 3169
2930 3964
2930 4448
2931 3309
2931 3576
2931 4712
2931 4829
2933 4733
2934 4153
2935 2991
2935 4657
2936 3047
2936 3234
2936 3279
2936 4122
2937 3075
2937 3487
2937 3797
2937 3843
2937 4027
2938 4004
2939 3520
2939 5028
2942 3357
2943 3089
2943 3634
2943 4178
2943 4748
2944 3595
2944 4663
2945 3240
2945 4149
2945 4459
2947 4917
2948 3024
2948 3053
2948 3898
2948 4415
2948 4795
2949 3333
2951 3128
2951 4770
2953 4383
2954 3342
2954 4780
2955 3197
2955 4269
2957 4258
2958 3127
2958 4787
2960 3570
2960 3717
2963 4984
2965 3273
2966 4509
2967 3467
2967 3727
2967 4998
2968 3045
2968 3512
2969 3536
2969 3954
2969 4895
2970 3681
2972 3219
2972 4564
2972 4617
2976 4647
2977 3652
2978 4187
2978 4597
2981 4409
2984 3876
2984 4312
2985 3311
2985 4065
2985 4620
2986 3410
2987 3434
2988 3559
2990 5024
2991 4657
2992 3317
2992 4076
2992 4388
2992 4416
2996 4257
2997 3448
2997 4738
2998 3149
2998 3441
3000 3671
3000 4180
3001 3154
3001 4382
3002 3208
3004 4043
3008 3348
3008 3363
3008 3821
3008 3923
3008 4624
3009 3564
3009 4526
3010 3961
3010 3978
3010 4552
3011 4165
3012 3413
3012 3642
3012 4410
3012 4460
3014 4330
3014 4425
3015 3497
3016 3841
3018 4259
3018 4687
3019 5044
3020 4987
3021 3483
3023 4087
3024 3053
3024 3505
3024 4491
3025 4887
3026 3756
3028 3302
3028 4524
3031 4227
3032 3914
3032 4894
3034 4380
3035 3515
3036 4463
3040 3100
3040 3632
3040 4042
3040 4320
3040 4356
3040 4494
3040 4574
3040 4579
3041 3280
3042 3541
3043 3833
3043 4679
3045 3512
3046 3691
3047 3975
3048 3243
3048 3426
3051 3913
3051 4496
3052 3649
3052 4348
3052 4607
3053 4633
3054 4634
3055 4479
3056 4284
3058 3282
3059 3149
3059 5007
3061 4666
3062 4148
3062 4353
3063 3850
3063 5015
3064 3246
3064 3605
3064 4155
3064 4223
3064 4694
3066 3577
3066 3587
3066 4006
3066 4324
3069 4113
3069 4114
3070 5010
3072 4722
3073 3497
3073 3661
3074 3794
3074 4549
3075 3487
3076 3531
3076 4980
3080 4300
3081 3251
3081 4474
3082 3407
3082 3597
3084 3685
3085 3516
3088 3144
3088 3592
3088 3995
3089 3634
3089 4178
3090 3485
3091 3836
3092 3271
3092 4599
3096 3537
3096 3872
3096 4034
3096 4514
3097 3308
3097 3678
3097 3785
3097 3874
3097 4247
3097 4536
3097 4698
3099 3142
3101 4109
3102 4061
3104 4072
3104 4084
3105 3644
3105 4214
3106 3817
3106 4393
3106 4428
3108 4914
3110 3427
3111 4999
3114 4808
3117 3694
3119 3826
3120 3290
3120 3398
3120 3565
3120 4456
3120 4505
3120 4646
3122 3563
3122 3909
3122 4183
3123 4714
3125 4057
3127 3344
3127 4371
3128 3782
3128 4770
3129 3524
3129 3867
3129 4568
3130 4980
3131 3305
3133 3163
3133 4968
3134 3504
3136 3413
3136 4648
3137 4989
3138 3720
3139 4021
3140 4553
3141 4960
3143 3583
3144 4215
3144 5026
3145 4219
3145 4672
3145 4717
3145 5032
3147 3575
3147 4269
3150 3654
3151 3218
3151 3280
3153 3357
3153 3379
3153 4162
3153 4896
3154 3731
3155 3443
3155 3445
3155 3559
3155 3703
3155 4204
3155 4520
3155 4964
3156 3812
3156 4427
3157 3171
3159 3740
3161 4327
3162 3572
3164 4353
3168 4127
3168 4365
3168 4863
3170 4059
3170 4467
3171 3489
3171 4978
3172 3952
3172 4164
3172 4614
3174 3983
3175 3710
3177 3664
3177 4995
3179 3584
3179 4668
3180 4885
3182 4450
3182 4620
3184 3242
3187 4536
3188 3885
3188 4455
3189 4220
3189 4498
3191 3733
3193 3444
3194 3206
3194 3892
3194 4171
3194 4354
3194 4503
3199 3784
3199 4928
3200 4186
3200 4358
3200 4828
3201 3497
3202 3662
3202 3929
3203 3737
3203 4046
3204 4008
3204 4169
3205 3974
3208 3993
3208 4299
3208 4420
3208 4857
3209 3892
3210 3594
3211 4007
3212 3275
3212 4567
3215 3919
3216 3358
3216 3789
3216 3895
3216 4081
3219 4457
3224 3400
3224 3669
3224 3689
3224 3767
3225 3594
3225 4518
3226 3317
3226 4035
3228 5018
3230 4387
3236 3957
3236 3972
3236 4019
3236 4523
3238 4210
3238 4449
3238 4916
3239 3671
3241 3855
3242 3419
3242 5008
3244 3467
3245 3798
3249 4529
3253 3991
3254 4158
3260 4489
3261 3788
3268 3448
3268 3854
3269 3737
3269 4232
3270 3343
3271 4004
3273 4027
3274 3579
3276 3423
3277 3734
3277 4228
3278 3739
3280 3675
3281 4969
3282 4301
3283 3792
3283 4340
3285 4262
3286 3529
3287 3385
3288 3356
3290 4505
3290 4758
3290 4761
3293 4321
3293 4683
3296 4260
3296 4957
3298 3395
3298 3450
3298 4134
3299 4325
3301 4055
3301 4129
3302 4092
3303 3870
3304 3985
3304 4001
3304 4743
3305 3858
3306 4479
3308 3474
3308 4127
3309 4090
3309 4767
3309 4811
3312 3947
3312 4625
3313 3527
3314 3480
3314 4292
3314 4319
3316 4351
3316 4836
3318 4049
3318 4128
3318 4318
3319 4097
3319 4401
3321 3885
3322 3932
3323 4443
3324 4574
3327 3764
3327 4031
3328 3772
3328 3983
3329 3489
3329 3600
3331 3510
3331 3986
3331 4182
3334 3523
3334 4282
3334 4691
3336 4660
3336 4713
3337 3426
3337 4377
3337 4707
3339 3625
3340 4545
3345 3375
3345 4192
3345 4786
3346 4502
3348 3843
3351 4270
3352 4394
3352 4764
3353 4553
3354 3775
3354 4143
3354 5018
3355 3759
3356 3453
3356 3621
3356 3825
3356 4298
3356 4792
3357 4731
3358 4081
3360 3363
3360 4380
3360 4654
3360 4955
3361 3646
3361 4278
3362 3665
3364 4240
3364 5038
3365 4229
3366 4221
3366 4468
3366 4697
3368 3790
3368 4237
3368 4946
3374 4170
3376 4727
3377 3745
3377 4441
3377 4666
3379 4787
3381 4932
3382 4707
3384 4024
3387 4371
3389 3545
3389 4196
3392 3442
3393 3560
3393 3989
3393 4626
3393 4873
3394 3770
3394 4541
3395 4744
3396 3796
3400 4176
3400 4991
3401 3589
3401 3891
3401 4014
3401 4274
3402 4157
3403 4068
3404 4624
3406 4243
3408 3876
3409 3538
3410 4510
3410 4640
3411 3906
3411 4228
3411 4392
3414 3987
3414 4070
3414 4736
3416 4337
3418 3635
3419 3988
3424 4556
3425 4540
3426 4377
3427 4275
3427 4328
3427 4718
3428 3944
3429 4795
3431 4858
3432 4200
3436 4445
3437 3781
3440 4813
3442 5003
3443 3445
3443 3703
3443 4054
3444 3974
3444 4105
3450 4134
3450 4465
3451 3946
3451 4562
3451 4860
3452 4444
3452 4618
3456 3460
3456 3569
3456 3925
3457 4849
3460 3925
3463 3599
3463 4390
3464 3621
3464 3807
3464 3930
3464 3960
3467 4872
3467 4998
3468 3878
3469 4818
3472 4396
3473 4857
3474 3830
3474 4127
3479 3910
3480 5010
3481 4216
3482 3554
3487 3797
3487 4471
3488 3758
3489 4312
3490 3723
3490 3926
3490 4532
3491 3761
3491 4944
3492 3719
3493 4826
3494 3574
3494 4345
3496 3765
3496 3780
3496 4343
3496 4352
3496 4706
3497 3568
3498 3883
3498 3927
3499 3812
3502 3741
3502 3863
3503 4918
3504 4146
3504 4882
3507 3774
3509 3948
3509 5027
3512 4520
3513 4089
3513 4281
3520 3647
3520 4823
3520 5023
3523 4881
3525 4146
3526 4135
3528 3574
3529 3931
3529 4248
3529 4266
3529 4357
3529 4729
3535 4521
3536 4139
3536 4631
3537 3625
3540 3555
3540 3739
3543 4427
3544 4674
3546 4128
3546 4357
3547 3876
3548 4805
3552 3827
3552 4143
3553 4610
3554 4250
3554 4636
3555 4647
3557 4531
3558 3610
3560 3989
3568 3762
3569 4919
3570 4326
3572 4209
3573 4610
3574 4913
3575 4126
3576 3991
3576 4444
3577 4085
3577 4251
3578 3579
3581 4581
3582 3848
3582 4447
3583 3739
3588 4469
3591 4914
3593 4942
3594 3845
3594 4518
3594 4882
3595 4663
3597 4943
3600 4009
3601 4173
3601 4617
3601 4974
3602 3935
3603 4693
3606 4800
3607 3996
3609 3861
3611 4285
3611 4453
3616 3965
3617 4028
3618 3715
3618 3953
3619 3997
3619 4346
3620 3829
3620 4274
3620 4508
3620 4827
3622 3890
3623 4260
3628 3776
3628 3997
3628 4138
3628 4336
3629 3912
3632 4320
3634 3952
3640 4933
3641 4052
3642 4410
3642 4994
3643 4363
3643 4869
3644 3749
3644 4472
3645 3699
3646 3856
3646 5015
3647 4823
3648 3872
3648 4905
3650 3792
3650 3855
3651 3839
3652 4577
3652 4814
3657 4704
3657 4903
3659 4001
3660 4632
3664 3685
3665 4329
3666 3689
3666 4120
3669 3717
3669 4815
3673 4859
3679 4358
3680 3731
3680 3778
3681 4134
3683 4889
3684 3897
3689 4603
3690 3976
3690 4685
3691 4290
3696 4436
3697 3821
3698 4938
3699 3796
3700 3808
3700 4163
3700 4429
3703 4520
3705 4097
3705 4867
3706 4275
3707 4271
3708 4569
3709 4107
3709 4424
3712 4305
3712 4679
3714 3982
3714 4979
3715 4710
3717 4077
3717 4815
3718 4973
3723 4532
3725 4137
3725 4571
3726 4517
3730 4803
3732 4315
3736 4762
3737 4232
3737 4393
3737 4588
3738 4334
3746 3944
3746 4638
3747 3990
3750 4030
3750 4888
3752 3909
3753 4404
3754 4583
3755 4437
3755 4931
3756 4639
3758 4799
3760 3791
3760 3974
3760 4191
3764 4760
3765 4706
3765 4941
3766 4347
3767 3957
3767 4493
3768 3867
3768 4040
3769 4929
3770 4592
3772 3827
3772 4177
3773 3950
3773 4738
3775 4381
3776 4884
3777 4542
3778 5024
3779 3856
3780 4672
3780 4706
3780 4717
3780 5029
3782 4663
3785 4798
3786 4667
3788 3915
3789 4208
3790 3849
3791 4191
3792 4500
3793 4264
3795 4204
3800 4886
3801 4451
3806 4290
3807 3930
3808 4045
3808 5026
3812 4848
3816 4050
3816 4734
3819 4829
3822 4142
3822 4245
3822 4296
3823 4858
3825 4792
3826 4316
3827 3879
3827 4177
3827 4939
3829 4771
3832 4732
3832 4791
3835 4749
3837 4913
3839 4020
3839 4866
3840 4729
3845 3927
3850 4846
3851 4688
3854 4870
3855 4363
3856 3905
3856 4844
3856 4942
3858 3897
3858 4268
3858 4516
3862 4112
3862 4754
3864 3956
3865 4067
3865 5034
3866 4023
3866 4825
3867 4047
3867 4568
3867 4838
3868 4491
3871 4370
3872 4514
3872 4751
3873 3934
3873 4967
3876 4312
3882 3953
3886 4721
3887 4966
3899 4547
3905 4261
3905 4559
3905 4627
3905 4862
3906 4392
3907 3922
3907 3963
3907 4662
3909 4246
3912 4310
3913 4796
3913 5028
3914 4204
3917 3918
3917 4100
3917 4183
3918 3932
3918 4052
3922 3963
3922 4662
3923 4266
3928 4531
3928 4838
3934 4506
3934 4967
3937 5025
3943 4050
3945 3968
3945 4148
3945 4462
3946 4158
3946 4245
3947 4950
3948 4002
3948 4310
3948 4982
3949 3971
3950 4203
3952 4525
3953 4199
3955 4223
3955 4386
3957 3972
3959 4530
3959 4755
3960 4924
3961 3978
3961 4272
3963 4071
3965 4746
3969 4637
3973 4064
3973 4509
3976 4684
3977 4106
3977 4256
3979 4110
3979 4379
3980 4132
3980 4665
3982 4979
3984 4921
3989 4626
3993 4420
3997 4315
3998 4676
4000 4658
4000 4689
4000 4993
4002 4691
4004 4957
4005 4688
4007 4090
4008 4450
4008 4961
4008 5009
4010 4025
4010 4935
4012 4069
4012 4421
4012 4949
4013 4534
4016 4038
4018 4403
4018 4570
4019 4384
4019 4418
4020 4065
4022 4609
4024 4202
4026 4772
4027 4366
4028 4069
4028 4923
4032 4073
4035 4925
4037 4758
4041 4479
4041 4883
4044 4172
4045 4148
4050 4291
4050 4734
4052 4100
4053 4808
4054 4387
4054 4429
4054 4996
4055 4286
4058 4912
4066 4150
4069 4949
4076 4416
4079 4641
4079 4785
4081 4738
4095 4480
4101 4144
4104 4841
4105 4963
4105 4998
4108 4846
4112 4486
4116 4410
4118 4974
4123 4397
4126 4513
4128 4318
4140 4801
4143 4487
4145 4238
4148 4719
4152 4391
4152 4986
4153 4510
4153 4764
4156 4458
4156 4459
4160 4329
4161 4585
4162 4896
4163 5019
4169 4833
4176 4702
4176 4991
4183 5010
4186 4777
4187 4597
4192 4432
4193 4797
4193 5006
4197 4341
4199 4635
4200 4453
4201 4742
4203 4344
4203 4954
4204 4243
4209 4294
4213 4596
4215 4295
4223 4694
4230 4406
4235 5039
4236 4255
4240 5038
4242 4598
4243 4452
4247 4906
4250 4371
4250 4641
4252 4750
4256 4771
4257 4703
4258 4817
4258 4898
4263 4509
4265 4724
4266 4357
4268 4340
4268 4813
4278 4672
4278 4717
4279 4426
4281 5022
4282 4691
4283 4483
4285 4973
4290 4525
4295 4905
4296 4777
4297 4421
4297 4555
4299 4420
4303 4919
4306 4596
4310 4603
4315 4534
4323 4892
4324 4446
4336 4464
4338 4511
4341 4959
4342 4567
4343 4352
4352 4837
4355 4788
4356 4518
4356 4579
4362 4451
4364 4490
4368 4746
4371 4634
4374 4668
4378 4543
4378 4944
4380 4654
4384 4418
4393 4588
4393 4770
4400 4812
4401 4454
4402 4820
4409 4504
4414 4772
4419 4999
4420 4490
4420 4857
4435 4861
4445 4601
4449 4916
4450 5037
4456 4646
4465 4593
4466 4605
4468 4516
4468 4653
4489 4610
4494 4499
4504 4787
4510 4640
4510 4764
4515 4766
4516 4653
4527 4955
4528 4567
4528 4779
4528 4806
4530 4580
4535 4848
4537 4802
4543 4830
4543 4944
4554 4571
4559 4760
4564 4824
4568 4838
4574 4579
4589 4914
4597 4718
4608 4834
4611 4804
4625 4653
4625 4821
4626 4970
4629 4847
4633 4643
4640 4704
4656 4835
4672 4717
4672 4726
4674 4930
4677 4682
4678 4864
4690 4996
4699 4789
4709 4845
4712 4896
4719 4864
4720 4732
4723 4957
4725 4825
4744 4962
4747 4840
4748 4979
4767 4811
4772 4815
4790 4910
4801 4895
4814 5003
4823 5023
4827 4968
4827 4979
4831 4930
4844 4849
4853 4909
4878 5005
4897 5042
5009 5036
