0 4
0 28
0 30
0 32
0 35
0 42
0 48
0 67
0 70
0 83
0 88
0 103
0 108
0 113
0 117
0 118
0 128
0 133
0 142
0 147
0 148
0 154
0 174
0 189
0 204
0 214
0 221
0 222
0 228
0 236
0 806
0 988
0 1197
0 1525
1 9
1 23
1 32
1 34
1 46
1 63
1 90
1 92
1 96
1 101
1 109
1 117
1 119
1 122
1 124
1 154
1 168
1 192
1 194
1 201
1 235
1 239
1 248
1 385
1 764
1 1011
1 1603
2 37
2 44
2 56
2 59
2 61
2 90
2 100
2 110
2 116
2 120
2 127
2 137
2 172
2 179
2 195
2 205
2 212
2 218
2 223
2 225
2 228
2 411
2 680
2 1426
2 1494
2 1641
2 1697
2 1846
3 8
3 14
3 18
3 33
3 40
3 46
3 48
3 57
3 60
3 70
3 91
3 103
3 110
3 117
3 128
3 150
3 162
3 167
3 168
3 189
3 192
3 410
3 1186
3 1384
3 1638
3 1732
3 1798
3 1914
4 22
4 26
4 38
4 45
4 46
4 53
4 65
4 67
4 72
4 82
4 141
4 150
4 166
4 188
4 196
4 197
4 200
4 214
4 228
4 237
4 239
4 633
4 954
4 974
5 30
5 42
5 45
5 49
5 70
5 106
5 115
5 121
5 133
5 137
5 143
5 149
5 171
5 172
5 173
5 178
5 181
5 201
5 223
5 234
5 380
5 514
5 518
5 1064
5 1482
5 1582
5 1760
6 9
6 19
6 22
6 28
6 33
6 41
6 53
6 54
6 59
6 61
6 80
6 93
6 115
6 120
6 127
6 128
6 142
6 149
6 177
6 178
6 181
6 187
6 194
6 207
6 215
6 223
6 228
6 230
6 305
6 366
6 507
6 561
6 655
6 1112
6 1253
6 1395
6 1707
6 1772
7 17
7 25
7 26
7 60
7 76
7 93
7 94
7 116
7 131
7 133
7 143
7 150
7 153
7 185
7 189
7 207
7 209
7 224
7 226
7 230
7 733
7 821
7 869
7 1169
7 1338
7 1457
7 1491
7 1558
8 30
8 47
8 58
8 66
8 74
8 77
8 90
8 119
8 125
8 129
8 133
8 156
8 177
8 191
8 202
8 208
8 400
8 779
8 1207
8 1577
9 39
9 59
9 65
9 75
9 80
9 84
9 85
9 87
9 93
9 104
9 120
9 129
9 131
9 135
9 138
9 141
9 142
9 173
9 206
9 208
9 209
9 229
9 1077
9 1871
10 14
10 17
10 44
10 50
10 52
10 77
10 80
10 97
10 101
10 114
10 115
10 122
10 136
10 145
10 146
10 161
10 167
10 169
10 170
10 185
10 189
10 191
10 194
10 196
10 197
10 223
10 290
10 747
10 786
10 1010
10 1776
10 1903
11 21
11 23
11 43
11 56
11 78
11 85
11 89
11 90
11 110
11 116
11 136
11 197
11 209
11 211
11 218
11 225
11 227
11 434
11 500
11 884
11 1541
12 17
12 27
12 31
12 43
12 51
12 60
12 70
12 79
12 148
12 152
12 158
12 171
12 179
12 180
12 191
12 207
12 215
12 363
12 371
12 668
12 775
12 901
12 1541
13 20
13 28
13 38
13 62
13 63
13 69
13 76
13 81
13 95
13 106
13 114
13 164
13 214
13 219
13 221
13 228
13 233
13 234
13 239
13 480
13 576
13 897
13 1194
13 1332
13 1334
13 1411
13 1466
14 20
14 26
14 47
14 50
14 72
14 96
14 139
14 148
14 172
14 176
14 179
14 181
14 185
14 191
14 206
14 216
14 217
14 218
14 235
14 269
14 529
14 612
14 678
14 795
14 856
14 1897
15 25
15 29
15 51
15 68
15 92
15 129
15 172
15 186
15 201
15 202
15 234
15 238
15 836
15 1206
15 1229
15 1589
15 1673
16 41
16 63
16 66
16 67
16 109
16 116
16 123
16 127
16 128
16 145
16 146
16 152
16 156
16 167
16 168
16 172
16 177
16 208
16 230
16 234
16 432
16 549
16 675
16 748
16 1029
16 1199
16 1203
17 20
17 29
17 38
17 44
17 58
17 68
17 71
17 76
17 78
17 82
17 88
17 106
17 116
17 122
17 157
17 162
17 165
17 202
17 217
17 220
17 224
17 225
17 231
17 277
17 281
17 286
17 303
17 321
17 567
17 654
17 780
17 1636
18 56
18 57
18 60
18 71
18 73
18 80
18 110
18 115
18 125
18 142
18 159
18 163
18 176
18 182
18 207
18 216
18 219
18 220
18 224
18 303
18 665
18 889
18 1131
18 1337
19 36
19 38
19 54
19 56
19 72
19 79
19 88
19 93
19 108
19 118
19 124
19 127
19 134
19 136
19 151
19 162
19 165
19 174
19 176
19 180
19 182
19 183
19 191
19 193
19 197
19 198
19 201
19 238
19 342
19 505
19 735
19 1014
19 1055
19 1151
20 39
20 40
20 49
20 50
20 54
20 57
20 59
20 65
20 69
20 71
20 86
20 94
20 97
20 99
20 118
20 127
20 142
20 204
20 205
20 213
20 216
20 219
20 220
20 222
20 227
20 228
20 535
20 847
20 1076
20 1181
20 1643
20 1735
21 23
21 25
21 28
21 31
21 33
21 53
21 84
21 99
21 101
21 107
21 114
21 125
21 144
21 153
21 172
21 181
21 183
21 192
21 193
21 196
21 197
21 208
21 230
21 232
21 233
21 236
21 238
21 256
21 308
21 432
21 645
21 825
21 989
21 1473
22 37
22 40
22 47
22 51
22 53
22 56
22 78
22 80
22 89
22 109
22 130
22 173
22 185
22 194
22 224
22 229
22 230
22 1820
23 68
23 76
23 85
23 104
23 116
23 131
23 132
23 160
23 162
23 163
23 178
23 181
23 183
23 202
23 209
23 225
23 231
23 234
23 238
23 513
23 707
23 1601
23 1607
24 25
24 30
24 37
24 47
24 73
24 80
24 83
24 84
24 90
24 96
24 97
24 101
24 105
24 114
24 119
24 122
24 126
24 128
24 130
24 151
24 156
24 173
24 180
24 188
24 198
24 208
24 217
24 231
24 232
24 775
24 1473
25 49
25 66
25 80
25 86
25 89
25 95
25 103
25 106
25 113
25 118
25 156
25 169
25 175
25 185
25 186
25 199
25 202
25 207
25 208
25 221
25 546
25 1133
25 1166
25 1298
25 1443
25 1773
26 48
26 75
26 88
26 97
26 110
26 112
26 121
26 129
26 132
26 156
26 166
26 174
26 183
26 204
26 223
26 589
26 605
26 1042
26 1100
26 1633
26 1681
27 39
27 40
27 50
27 53
27 67
27 83
27 89
27 97
27 116
27 124
27 127
27 138
27 156
27 167
27 187
27 198
27 207
27 209
27 223
27 225
27 229
27 239
27 779
27 930
27 1253
27 1710
27 1849
27 1881
28 40
28 46
28 53
28 63
28 78
28 91
28 102
28 119
28 122
28 155
28 171
28 174
28 181
28 184
28 197
28 216
28 217
28 232
28 346
28 424
28 786
29 44
29 47
29 49
29 71
29 78
29 91
29 92
29 100
29 109
29 120
29 147
29 155
29 163
29 174
29 204
29 209
29 226
29 227
29 229
29 609
29 964
29 1499
29 1791
30 51
30 78
30 81
30 108
30 109
30 112
30 122
30 130
30 141
30 143
30 145
30 157
30 171
30 213
30 215
30 221
30 230
30 544
30 835
30 1487
30 1742
31 35
31 38
31 40
31 55
31 58
31 59
31 63
31 64
31 65
31 72
31 80
31 89
31 91
31 92
31 99
31 137
31 142
31 149
31 160
31 170
31 173
31 176
31 183
31 191
31 192
31 194
31 197
31 204
31 220
31 283
31 374
31 449
31 577
31 659
31 689
31 820
31 993
31 1079
31 1240
31 1601
31 1645
31 1744
31 1877
31 1911
32 46
32 60
32 72
32 74
32 80
32 84
32 92
32 93
32 99
32 109
32 129
32 139
32 142
32 154
32 158
32 161
32 203
32 218
32 341
32 816
32 1682
33 43
33 54
33 56
33 79
33 90
33 97
33 102
33 112
33 116
33 118
33 120
33 143
33 148
33 170
33 171
33 174
33 175
33 183
33 206
33 207
33 222
33 234
33 395
33 746
33 1532
33 1617
34 35
34 42
34 43
34 61
34 80
34 83
34 88
34 102
34 107
34 133
34 138
34 194
34 197
34 203
34 206
34 211
34 227
34 374
34 431
34 483
34 919
34 942
34 1009
34 1839
35 36
35 67
35 71
35 90
35 125
35 158
35 168
35 176
35 179
35 180
35 183
35 200
35 208
35 213
35 321
35 468
35 1517
35 1521
35 1638
36 43
36 62
36 64
36 67
36 70
36 112
36 135
36 147
36 148
36 169
36 173
36 174
36 180
36 184
36 186
36 196
36 203
36 216
36 236
36 471
36 952
36 1243
36 1290
36 1364
37 45
37 49
37 87
37 96
37 125
37 145
37 146
37 148
37 149
37 162
37 180
37 188
37 195
37 210
37 234
37 366
37 416
37 464
37 533
37 686
37 1115
37 1136
37 1287
37 1883
38 43
38 54
38 60
38 84
38 110
38 117
38 127
38 129
38 139
38 151
38 178
38 187
38 211
38 215
38 231
38 237
38 325
38 542
38 860
38 893
38 1059
38 1119
38 1457
38 1485
38 1838
39 44
39 58
39 78
39 85
39 90
39 135
39 138
39 150
39 159
39 168
39 169
39 197
39 205
39 214
39 216
39 228
39 230
39 512
39 516
39 795
39 850
39 1469
39 1555
40 44
40 57
40 73
40 103
40 104
40 120
40 122
40 126
40 136
40 137
40 139
40 166
40 168
40 180
40 195
40 199
40 200
40 212
40 223
40 229
40 252
40 456
40 564
40 665
40 1082
40 1189
40 1305
40 1578
40 1630
40 1808
40 1916
41 89
41 95
41 99
41 101
41 105
41 118
41 130
41 131
41 143
41 151
41 158
41 170
41 179
41 183
41 193
41 214
41 218
41 219
41 223
41 226
41 235
41 240
41 410
41 825
41 1449
42 75
42 78
42 85
42 91
42 100
42 109
42 113
42 129
42 131
42 139
42 149
42 166
42 176
42 203
42 209
42 215
42 220
42 229
42 239
42 505
42 675
42 790
42 1521
42 1621
42 1767
42 1792
42 1918
43 71
43 116
43 125
43 146
43 152
43 175
43 183
43 191
43 196
43 197
43 204
43 219
43 221
43 226
43 858
43 1620
44 91
44 92
44 98
44 127
44 138
44 139
44 156
44 175
44 179
44 180
44 190
44 195
44 208
44 251
44 1232
44 1758
45 47
45 51
45 54
45 65
45 68
45 80
45 123
45 129
45 159
45 166
45 204
45 368
45 378
45 499
45 518
45 754
45 1331
45 1593
45 1829
46 71
46 85
46 92
46 95
46 108
46 116
46 117
46 122
46 129
46 131
46 133
46 159
46 170
46 173
46 175
46 178
46 186
46 191
46 209
46 237
46 306
46 463
46 804
46 881
46 896
46 1220
46 1828
47 72
47 74
47 91
47 135
47 138
47 150
47 152
47 170
47 174
47 178
47 222
47 233
47 320
47 1348
47 1359
47 1497
47 1517
47 1805
48 51
48 58
48 60
48 72
48 75
48 84
48 126
48 139
48 151
48 172
48 198
48 201
48 203
48 220
48 231
48 307
48 408
48 489
48 851
48 1056
48 1222
48 1909
49 77
49 96
49 106
49 107
49 131
49 133
49 134
49 136
49 163
49 166
49 183
49 185
49 200
49 221
49 225
49 236
49 1134
49 1166
49 1825
50 51
50 61
50 84
50 86
50 88
50 92
50 103
50 105
50 117
50 123
50 126
50 127
50 131
50 134
50 152
50 162
50 172
50 173
50 180
50 200
50 219
50 220
50 229
50 243
50 283
50 625
50 688
50 775
50 1081
50 1473
50 1578
50 1600
51 64
51 89
51 130
51 141
51 171
51 189
51 202
51 216
51 223
51 226
51 227
51 293
51 612
51 888
51 971
51 1041
52 56
52 67
52 77
52 98
52 110
52 115
52 121
52 126
52 145
52 148
52 149
52 152
52 170
52 199
52 222
52 875
52 1198
52 1281
52 1417
52 1671
52 1688
53 56
53 71
53 92
53 100
53 101
53 118
53 134
53 142
53 166
53 167
53 190
53 196
53 203
53 218
53 236
53 257
53 629
53 921
53 1043
53 1620
54 61
54 67
54 82
54 83
54 112
54 118
54 122
54 123
54 148
54 152
54 166
54 193
54 209
54 212
54 214
54 228
54 352
54 415
54 719
54 1407
54 1859
55 58
55 103
55 109
55 112
55 117
55 118
55 123
55 138
55 160
55 170
55 181
55 190
55 220
55 765
55 1033
56 60
56 70
56 76
56 85
56 92
56 97
56 112
56 137
56 156
56 160
56 183
56 188
56 211
56 216
56 232
56 239
56 342
56 542
56 839
56 956
56 1015
56 1099
56 1129
56 1677
56 1833
57 63
57 74
57 83
57 98
57 99
57 101
57 112
57 114
57 116
57 156
57 170
57 184
57 191
57 197
57 200
57 232
57 238
57 538
57 716
57 767
57 1394
58 95
58 100
58 102
58 138
58 147
58 157
58 159
58 170
58 199
58 203
58 205
58 236
58 239
58 527
58 703
58 1077
58 1356
58 1412
58 1577
58 1670
58 1672
58 1682
58 1685
58 1844
58 1915
59 67
59 74
59 81
59 94
59 96
59 100
59 101
59 112
59 127
59 139
59 142
59 148
59 153
59 154
59 164
59 167
59 180
59 194
59 200
59 212
59 214
59 218
59 223
59 808
59 993
59 1076
59 1362
59 1388
59 1577
60 77
60 83
60 90
60 111
60 117
60 133
60 145
60 191
60 205
60 211
60 213
60 235
60 551
60 616
60 670
60 1435
60 1666
61 88
61 123
61 143
61 169
61 172
61 180
61 188
61 195
61 220
61 222
61 318
61 348
61 588
61 632
61 886
61 981
61 1177
61 1270
62 81
62 96
62 98
62 99
62 106
62 118
62 131
62 134
62 139
62 145
62 149
62 151
62 161
62 175
62 201
62 204
62 767
62 1413
62 1725
62 1862
63 64
63 66
63 72
63 73
63 76
63 83
63 84
63 85
63 103
63 106
63 113
63 117
63 118
63 120
63 132
63 147
63 148
63 158
63 174
63 183
63 185
63 187
63 204
63 227
63 548
63 805
63 899
64 66
64 81
64 101
64 103
64 112
64 124
64 137
64 141
64 142
64 177
64 194
64 199
64 205
64 222
64 239
64 240
64 474
64 876
64 947
64 1051
64 1112
64 1199
64 1257
64 1307
64 1483
65 130
65 141
65 144
65 158
65 176
65 179
65 211
65 213
65 225
65 527
65 709
65 1242
65 1546
65 1718
65 1877
66 68
66 83
66 110
66 122
66 125
66 129
66 136
66 142
66 145
66 165
66 168
66 207
66 212
66 215
66 225
66 476
66 518
66 1435
66 1730
66 1755
66 1880
67 76
67 82
67 95
67 97
67 124
67 145
67 154
67 181
67 185
67 189
67 203
67 204
67 239
67 729
67 812
67 1102
67 1304
67 1349
67 1535
68 71
68 73
68 74
68 87
68 88
68 95
68 106
68 130
68 137
68 140
68 165
68 173
68 183
68 191
68 198
68 200
68 206
68 222
68 544
68 664
68 697
68 947
68 1210
68 1675
69 72
69 79
69 97
69 99
69 100
69 129
69 136
69 157
69 158
69 161
69 164
69 167
69 170
69 171
69 176
69 178
69 181
69 185
69 192
69 204
69 214
69 224
69 462
69 809
69 1682
69 1733
69 1881
70 71
70 78
70 80
70 82
70 84
70 88
70 92
70 95
70 97
70 99
70 109
70 120
70 124
70 142
70 144
70 158
70 195
70 215
70 217
70 220
70 227
70 230
70 1106
70 1206
70 1587
71 87
71 91
71 95
71 110
71 125
71 137
71 138
71 140
71 161
71 168
71 182
71 187
71 194
71 201
71 213
71 224
71 228
71 360
71 672
71 780
71 990
71 1109
71 1501
71 1638
71 1654
72 76
72 80
72 83
72 102
72 108
72 113
72 116
72 138
72 141
72 157
72 160
72 167
72 172
72 173
72 176
72 180
72 190
72 201
72 202
72 205
72 210
72 218
72 230
72 237
72 855
72 933
72 1418
72 1585
73 93
73 99
73 101
73 107
73 109
73 121
73 162
73 164
73 169
73 176
73 179
73 197
73 208
73 227
73 230
73 1326
74 98
74 104
74 109
74 114
74 118
74 133
74 134
74 153
74 160
74 170
74 185
74 217
74 222
74 235
74 249
74 1033
74 1431
74 1828
75 95
75 97
75 106
75 112
75 137
75 142
75 173
75 203
75 223
75 224
75 227
75 931
75 1094
75 1485
75 1486
75 1612
75 1811
75 1813
76 78
76 83
76 86
76 91
76 92
76 130
76 178
76 179
76 185
76 195
76 199
76 220
76 225
76 624
76 679
76 782
76 902
76 995
76 1057
77 85
77 109
77 134
77 136
77 137
77 149
77 161
77 163
77 166
77 173
77 179
77 181
77 182
77 188
77 194
77 196
77 220
77 227
77 239
77 791
77 893
77 1858
78 90
78 97
78 107
78 125
78 133
78 141
78 158
78 175
78 208
78 227
78 236
78 237
78 289
78 562
78 1212
78 1284
78 1302
78 1908
79 80
79 92
79 93
79 95
79 104
79 120
79 130
79 165
79 167
79 178
79 188
79 205
79 212
79 218
79 225
79 232
79 588
79 1373
79 1435
79 1715
80 81
80 83
80 106
80 121
80 130
80 143
80 145
80 159
80 172
80 174
80 176
80 184
80 217
80 227
80 237
80 375
80 507
80 939
80 1262
80 1409
80 1887
81 86
81 99
81 107
81 112
81 124
81 152
81 153
81 160
81 178
81 194
81 210
81 219
81 220
81 317
81 784
81 1001
81 1071
81 1193
81 1902
82 85
82 100
82 103
82 122
82 136
82 151
82 162
82 164
82 174
82 187
82 194
82 201
82 204
82 209
82 210
82 226
82 230
82 237
82 1104
82 1441
82 1805
83 87
83 90
83 103
83 104
83 112
83 124
83 132
83 193
83 203
83 222
83 382
83 902
83 906
83 1243
83 1295
83 1397
83 1581
83 1730
84 86
84 92
84 101
84 121
84 126
84 153
84 154
84 162
84 165
84 173
84 180
84 183
84 237
84 301
84 1118
84 1169
84 1876
85 92
85 96
85 104
85 117
85 133
85 136
85 152
85 165
85 178
85 188
85 210
85 211
85 213
85 223
85 258
85 653
85 1013
85 1024
85 1251
85 1371
85 1898
86 105
86 114
86 157
86 159
86 205
86 210
86 230
86 240
86 353
86 590
86 997
86 1454
86 1720
87 91
87 98
87 99
87 109
87 118
87 132
87 141
87 160
87 161
87 168
87 175
87 188
87 189
87 191
87 205
87 210
87 219
87 223
87 225
87 464
87 1055
87 1422
87 1436
87 1829
88 93
88 97
88 109
88 115
88 129
88 133
88 139
88 145
88 160
88 169
88 174
88 183
88 192
88 210
88 222
88 231
88 236
88 241
88 497
88 516
88 944
88 1008
88 1159
88 1409
89 101
89 102
89 113
89 121
89 122
89 133
89 140
89 145
89 150
89 151
89 173
89 191
89 196
89 932
89 1219
89 1271
89 1603
90 96
90 108
90 117
90 125
90 133
90 150
90 162
90 172
90 175
90 184
90 188
90 198
90 200
90 208
90 234
90 261
90 309
90 765
90 1025
91 92
91 112
91 113
91 128
91 143
91 145
91 153
91 154
91 161
91 171
91 187
91 201
91 230
91 238
91 381
91 449
91 531
91 895
92 96
92 98
92 101
92 105
92 108
92 120
92 121
92 134
92 156
92 172
92 174
92 178
92 209
92 238
92 628
92 725
92 826
92 1274
92 1401
93 102
93 104
93 106
93 112
93 124
93 127
93 147
93 159
93 161
93 180
93 186
93 201
93 211
93 221
93 228
93 236
93 617
93 1010
93 1052
93 1417
93 1467
94 95
94 98
94 169
94 177
94 185
94 203
94 226
94 227
94 229
94 230
94 414
94 767
94 1252
94 1402
94 1428
94 1507
94 1761
95 118
95 123
95 126
95 143
95 146
95 160
95 173
95 178
95 188
95 194
95 209
95 211
95 216
95 222
95 544
95 711
95 1128
95 1145
95 1212
95 1438
95 1609
96 113
96 115
96 129
96 166
96 178
96 180
96 182
96 185
96 191
96 195
96 196
96 229
96 230
96 237
96 446
96 514
96 526
96 862
96 1113
96 1472
96 1618
97 104
97 109
97 123
97 125
97 141
97 155
97 163
97 176
97 188
97 190
97 198
97 211
97 217
97 231
97 271
97 286
97 446
97 899
97 1318
97 1751
97 1899
98 119
98 120
98 130
98 134
98 142
98 145
98 153
98 167
98 177
98 185
98 213
98 216
98 229
98 231
98 237
98 497
98 969
98 1274
98 1467
98 1560
99 156
99 184
99 185
99 191
99 204
99 238
99 1072
99 1097
99 1561
99 1586
99 1590
99 1845
100 102
100 125
100 126
100 129
100 150
100 167
100 171
100 188
100 205
100 214
100 216
100 218
100 227
100 234
100 1244
100 1854
100 1904
100 1918
101 122
101 128
101 133
101 145
101 173
101 176
101 177
101 179
101 181
101 193
101 200
101 201
101 216
101 228
101 236
101 343
101 573
101 584
101 765
101 1227
101 1307
101 1577
101 1759
101 1772
101 1884
102 119
102 120
102 125
102 130
102 134
102 149
102 165
102 168
102 176
102 199
102 205
102 217
102 1318
102 1834
103 119
103 123
103 130
103 131
103 136
103 149
103 152
103 162
103 169
103 202
103 205
103 209
103 220
103 224
103 232
103 235
103 360
103 566
103 588
103 741
103 850
103 1332
103 1529
103 1567
103 1640
104 129
104 142
104 145
104 147
104 151
104 153
104 155
104 162
104 176
104 189
104 224
104 235
104 238
104 258
104 847
104 1307
104 1666
104 1684
105 119
105 121
105 132
105 140
105 157
105 161
105 163
105 176
105 177
105 180
105 195
105 234
105 239
105 522
105 1253
105 1420
105 1579
106 112
106 117
106 119
106 127
106 163
106 165
106 173
106 188
106 189
106 201
106 214
106 226
106 232
106 363
106 368
106 1186
106 1304
106 1630
106 1670
106 1905
107 117
107 120
107 121
107 138
107 145
107 153
107 169
107 202
107 204
107 207
107 209
107 216
107 236
107 421
107 630
107 778
107 1005
107 1197
107 1439
107 1448
107 1588
107 1703
108 121
108 141
108 143
108 150
108 153
108 157
108 163
108 169
108 176
108 177
108 191
108 195
108 197
108 198
108 207
108 226
108 778
108 837
108 853
108 942
108 959
108 1050
108 1274
108 1772
109 121
109 152
109 159
109 161
109 187
109 202
109 217
109 237
109 565
109 633
109 940
109 1134
109 1187
110 123
110 124
110 145
110 159
110 161
110 165
110 167
110 171
110 174
110 177
110 179
110 182
110 193
110 200
110 202
110 217
110 844
110 1048
111 113
111 123
111 125
111 130
111 157
111 168
111 178
111 187
111 188
111 197
111 210
111 212
111 215
111 217
111 222
111 223
111 225
111 232
111 310
111 846
111 926
111 1366
112 135
112 136
112 138
112 146
112 147
112 149
112 155
112 160
112 173
112 186
112 188
112 192
112 204
112 232
112 881
112 1406
112 1597
113 120
113 141
113 153
113 163
113 168
113 183
113 209
113 212
113 215
113 221
113 224
113 236
113 237
113 292
113 376
113 773
113 1419
113 1424
114 123
114 147
114 174
114 191
114 201
114 209
114 221
114 236
114 237
114 238
114 992
114 1409
115 125
115 149
115 155
115 163
115 179
115 192
115 194
115 421
115 618
115 1107
115 1222
115 1280
115 1284
115 1391
115 1684
116 123
116 127
116 142
116 144
116 154
116 160
116 164
116 166
116 171
116 199
116 205
116 217
116 220
116 224
116 233
116 607
116 721
116 1200
116 1454
116 1806
117 119
117 128
117 136
117 137
117 150
117 152
117 155
117 169
117 181
117 195
117 199
117 210
117 222
117 228
117 231
117 236
117 565
117 654
117 818
117 1050
117 1103
117 1241
117 1633
117 1670
117 1746
118 123
118 130
118 136
118 139
118 154
118 161
118 163
118 179
118 200
118 218
118 231
118 954
118 1084
118 1171
118 1186
118 1376
118 1378
118 1384
119 126
119 128
119 147
119 153
119 154
119 166
119 172
119 182
119 186
119 195
119 200
119 219
119 220
119 225
119 498
119 500
119 586
119 1080
119 1545
119 1755
120 139
120 146
120 147
120 159
120 179
120 191
120 222
120 586
120 761
120 1249
120 1260
120 1471
120 1678
120 1690
121 124
121 128
121 145
121 146
121 155
121 171
121 187
121 213
121 220
121 222
121 231
121 386
121 813
121 873
121 913
121 973
121 1175
121 1245
121 1297
121 1320
121 1626
122 128
122 184
122 189
122 190
122 201
122 203
122 209
122 1191
122 1395
123 141
123 167
123 191
123 207
123 212
123 217
123 236
123 557
123 813
123 1119
123 1378
123 1647
124 134
124 135
124 149
124 152
124 165
124 167
124 175
124 186
124 188
124 190
124 194
124 195
124 200
124 201
124 210
124 222
124 400
124 709
124 772
124 1576
124 1793
125 147
125 150
125 152
125 153
125 159
125 160
125 169
125 181
125 185
125 192
125 197
125 226
125 876
125 1751
126 130
126 153
126 155
126 195
126 211
126 215
126 1830
127 132
127 145
127 154
127 156
127 164
127 217
127 225
127 229
127 760
127 1486
128 166
128 167
128 172
128 185
128 186
128 191
128 197
128 218
128 222
128 237
128 699
128 800
128 1408
128 1529
128 1715
129 146
129 147
129 153
129 165
129 168
129 169
129 184
129 206
129 208
129 213
129 230
129 235
129 1093
129 1368
129 1563
129 1628
130 148
130 152
130 158
130 166
130 173
130 183
130 187
130 191
130 195
130 203
130 204
130 212
130 220
130 236
130 1647
131 148
131 163
131 172
131 189
131 190
131 192
131 197
131 203
131 208
131 232
131 358
131 377
131 583
131 1535
131 1735
131 1751
132 140
132 149
132 171
132 172
132 193
132 201
132 225
132 227
132 321
132 460
132 590
132 743
132 1918
133 138
133 154
133 168
133 169
133 189
133 205
133 221
133 224
133 231
133 233
133 237
133 258
133 295
133 732
133 844
133 1616
134 144
134 170
134 192
134 197
134 209
134 234
134 1071
134 1191
134 1453
134 1532
135 148
135 185
135 187
135 194
135 200
135 201
135 213
135 217
135 559
135 928
135 943
135 1451
136 144
136 146
136 165
136 183
136 186
136 205
136 209
136 218
136 235
136 1077
136 1161
136 1423
136 1650
136 1791
136 1912
137 160
137 182
137 212
137 213
137 237
137 343
137 553
137 575
137 678
137 901
137 1190
137 1527
138 143
138 148
138 153
138 154
138 165
138 173
138 177
138 178
138 197
138 203
138 209
138 240
138 363
138 507
138 523
138 893
138 1475
138 1643
138 1860
138 1891
139 144
139 153
139 161
139 165
139 171
139 178
139 188
139 203
139 217
139 220
139 305
139 507
139 878
139 1062
139 1304
139 1684
139 1709
139 1718
139 1840
139 1916
140 143
140 153
140 179
140 197
140 201
140 226
140 428
140 444
140 613
140 1658
140 1905
141 151
141 155
141 162
141 166
141 192
141 194
141 201
141 209
141 215
141 218
141 235
141 461
141 621
141 1448
141 1622
142 150
142 162
142 170
142 174
142 177
142 198
142 211
142 232
142 486
142 580
142 1225
142 1387
142 1676
142 1679
143 172
143 176
143 199
143 204
143 225
143 226
143 507
143 801
143 1070
143 1490
143 1628
144 145
144 148
144 153
144 190
144 194
144 208
144 218
144 225
144 682
144 827
144 1241
144 1881
145 148
145 171
145 176
145 177
145 179
145 185
145 186
145 187
145 225
145 425
145 539
145 863
145 984
145 1170
145 1702
145 1721
146 149
146 159
146 196
146 203
146 208
146 225
146 234
146 235
146 361
146 452
146 1649
146 1694
147 152
147 155
147 157
147 201
147 203
147 233
147 237
147 302
147 341
147 797
147 1004
147 1195
147 1266
147 1268
147 1399
147 1400
147 1809
148 153
148 170
148 176
148 188
148 195
148 203
148 215
148 221
148 224
148 232
148 548
148 741
148 1497
149 150
149 164
149 173
149 175
149 184
149 197
149 212
149 237
149 297
149 395
149 450
149 624
149 877
149 947
149 1130
149 1568
150 164
150 171
150 174
150 175
150 183
150 190
150 200
150 202
150 211
150 213
150 227
150 485
150 847
150 860
150 1596
150 1708
151 155
151 159
151 183
151 196
151 204
151 205
151 210
151 224
151 250
151 266
151 375
151 460
151 579
151 828
151 931
151 945
151 1438
151 1745
152 168
152 171
152 184
152 200
152 223
152 452
152 709
152 890
152 1086
152 1169
152 1323
152 1706
153 154
153 158
153 163
153 186
153 209
153 368
153 434
153 872
153 1303
153 1455
153 1808
153 1897
154 157
154 175
154 179
154 185
154 189
154 201
154 202
154 217
154 221
154 232
154 246
154 393
154 472
154 545
154 574
154 1045
154 1671
154 1696
155 161
155 162
155 172
155 194
155 221
155 234
155 235
155 239
155 273
155 371
155 908
155 1419
155 1445
156 160
156 165
156 167
156 202
156 217
156 234
156 239
156 695
156 829
156 1300
156 1494
157 166
157 194
157 199
157 201
157 206
157 207
157 210
157 235
157 761
157 827
157 850
157 896
157 1013
157 1061
157 1124
158 167
158 169
158 174
158 201
158 233
158 265
158 352
158 955
158 1006
158 1086
158 1363
158 1504
159 162
159 169
159 174
159 178
159 182
159 185
159 189
159 198
159 201
159 202
159 230
159 820
159 899
159 1571
159 1755
160 162
160 175
160 179
160 182
160 198
160 199
160 207
160 229
160 235
160 240
160 451
160 763
160 1311
161 181
161 185
161 191
161 195
161 200
161 203
161 218
161 231
161 239
161 262
161 470
161 540
161 989
161 1251
161 1739
161 1790
161 1792
161 1798
162 168
162 172
162 194
162 203
162 223
162 679
162 761
162 800
162 970
163 174
163 193
163 199
163 209
163 238
163 721
163 1611
163 1680
164 169
164 172
164 180
164 182
164 188
164 202
164 216
164 648
164 702
164 941
164 1825
165 179
165 180
165 203
165 212
165 218
165 238
165 446
165 517
165 801
165 995
165 1157
165 1337
165 1633
166 177
166 178
166 180
166 183
166 196
166 206
166 211
166 213
166 214
166 225
166 231
166 414
166 598
166 736
167 168
167 173
167 174
167 176
167 187
167 202
167 224
167 225
167 229
167 238
167 891
167 1437
168 173
168 181
168 196
168 200
168 215
168 218
168 221
168 235
168 239
168 307
168 427
168 617
168 733
168 765
168 839
168 1187
168 1312
169 196
169 207
169 213
169 216
169 217
169 229
169 409
169 1281
169 1285
169 1326
170 172
170 186
170 188
170 198
170 296
170 397
170 477
170 672
170 1133
170 1752
170 1868
171 176
171 185
171 193
171 203
171 233
171 974
171 1398
172 174
172 178
172 208
172 217
172 220
172 226
172 254
172 696
172 761
172 834
172 897
172 1281
172 1672
172 1748
173 175
173 187
173 188
173 194
173 203
173 223
173 229
173 232
173 238
173 844
173 1207
173 1752
174 178
174 180
174 184
174 214
174 702
174 943
174 1371
174 1513
174 1705
174 1833
175 183
175 186
175 191
175 196
175 199
175 207
175 227
175 599
175 1157
175 1508
175 1586
176 186
176 208
176 215
176 231
176 238
176 424
176 596
176 1006
176 1568
176 1750
176 1830
177 180
177 183
177 201
177 210
177 221
177 231
177 234
177 236
177 238
177 261
177 801
177 919
177 1733
178 179
178 195
178 211
178 232
178 234
178 508
178 1497
179 184
179 186
179 189
179 197
179 221
179 227
179 518
179 1439
179 1676
180 186
180 202
180 203
180 213
180 220
180 438
180 542
180 641
180 738
180 794
180 1503
180 1735
181 213
181 229
181 230
181 266
181 1639
182 185
182 192
182 202
182 236
182 288
182 625
182 1067
182 1093
182 1701
182 1843
183 195
183 201
183 212
183 218
183 223
183 224
183 230
183 231
183 407
183 410
183 571
183 1449
183 1764
184 201
184 203
184 206
184 219
184 231
184 337
184 673
184 1666
185 228
185 257
185 346
185 772
185 835
185 938
185 968
185 1029
185 1101
185 1640
186 190
186 193
186 195
186 201
186 204
186 205
186 207
186 211
186 215
186 235
186 686
186 689
186 955
186 1009
186 1631
186 1892
187 188
187 189
187 200
187 223
187 236
187 262
187 767
187 909
187 1325
187 1772
188 193
188 198
188 222
188 223
188 226
188 228
188 229
188 361
188 1019
188 1094
188 1532
188 1701
189 190
189 192
189 210
189 234
189 746
189 1691
190 200
190 212
190 223
190 233
190 441
190 478
190 1192
190 1786
191 207
191 234
191 239
191 257
191 266
191 358
191 612
191 707
191 791
191 1240
191 1424
191 1496
191 1649
191 1654
191 1659
191 1760
192 212
192 215
192 226
192 237
192 238
192 869
192 1326
192 1482
192 1509
193 206
193 214
193 216
193 218
193 224
193 233
193 401
193 507
193 714
193 1099
193 1305
194 203
194 223
194 226
194 333
194 484
194 680
194 687
194 1017
194 1093
194 1411
195 201
195 227
195 230
195 268
195 506
195 513
195 1290
195 1539
195 1710
196 208
196 223
196 234
196 237
196 254
196 929
196 1240
196 1415
197 198
197 205
197 207
197 214
197 220
197 234
197 324
197 329
197 370
197 526
197 556
197 1610
197 1702
197 1763
198 215
198 222
198 238
198 447
198 1072
198 1207
198 1252
198 1477
198 1618
198 1674
198 1699
199 210
199 218
199 225
199 284
199 616
199 1448
199 1622
199 1742
200 209
200 214
200 218
200 228
200 295
200 691
200 1022
200 1271
200 1484
201 207
201 208
201 214
201 232
201 598
201 742
201 806
201 1559
202 210
202 216
202 222
202 438
202 464
202 551
202 780
203 210
203 214
203 220
203 230
203 235
203 299
203 684
203 1557
204 208
204 220
204 252
204 785
204 1888
205 212
205 215
205 217
205 218
205 750
205 1228
205 1521
206 219
206 222
206 223
206 225
206 234
206 833
206 843
206 1494
207 214
207 751
208 209
208 216
208 867
208 869
208 1105
208 1171
209 230
209 237
209 311
209 439
209 664
209 878
209 1285
210 211
210 212
210 214
210 217
210 233
210 237
210 239
210 787
210 1129
210 1334
211 224
211 366
211 1114
211 1362
211 1655
211 1662
211 1672
211 1765
212 224
212 231
212 238
212 361
212 422
212 874
212 1279
212 1373
212 1488
213 289
213 615
213 755
213 854
213 1153
213 1308
214 217
214 220
214 301
214 402
214 631
214 703
214 889
214 1020
214 1161
214 1851
215 225
215 228
215 236
215 238
215 933
215 1461
215 1521
216 221
216 406
216 685
216 848
216 1145
216 1341
216 1550
216 1563
217 227
217 345
217 569
217 948
217 1289
218 221
218 222
218 1256
218 1389
218 1482
219 225
219 237
219 665
219 1018
220 229
220 808
220 859
220 918
220 1079
220 1564
221 222
221 226
221 227
221 474
221 911
221 1010
221 1276
221 1394
221 1529
221 1861
221 1903
222 236
222 239
222 294
222 541
222 615
222 1039
222 1119
222 1603
222 1796
222 1916
223 227
223 237
223 733
223 766
223 1717
224 228
224 295
224 530
224 746
224 757
224 1211
225 229
225 231
225 237
225 706
225 932
225 1065
225 1318
225 1615
225 1624
225 1692
225 1769
225 1822
226 278
226 348
226 872
226 1143
226 1623
227 313
227 363
227 1265
227 1340
227 1619
228 230
228 266
229 316
229 402
229 770
229 821
229 1113
229 1652
229 1701
230 231
230 258
230 401
230 627
230 817
230 1058
230 1145
230 1783
231 232
231 237
231 696
231 929
231 1065
231 1098
231 1203
231 1399
231 1689
231 1826
232 238
232 732
232 981
232 1294
232 1479
233 826
233 1165
233 1336
233 1661
234 314
234 490
234 513
235 239
235 668
235 729
235 1517
236 263
236 485
236 752
236 1093
236 1193
236 1282
236 1492
236 1704
237 470
237 876
237 1901
238 239
238 259
238 632
238 640
238 935
238 1265
239 946
239 1133
239 1593
239 1718
240 242
240 255
240 269
240 293
240 298
240 302
240 311
240 324
240 344
240 353
240 364
240 367
240 377
240 385
240 389
240 390
240 400
240 410
240 415
240 419
240 422
240 435
240 443
240 447
240 458
240 461
240 469
240 476
240 605
240 733
240 797
240 1500
240 1700
240 1883
241 243
241 247
241 264
241 282
241 317
241 328
241 344
241 348
241 350
241 368
241 373
241 376
241 383
241 394
241 417
241 423
241 426
241 436
241 446
241 451
241 459
241 474
241 1131
242 246
242 254
242 256
242 257
242 274
242 304
242 307
242 312
242 316
242 318
242 325
242 326
242 377
242 386
242 396
242 400
242 432
242 434
242 445
242 458
242 460
242 467
242 698
242 945
242 1166
242 1617
242 1629
242 1653
243 245
243 252
243 256
243 270
243 276
243 281
243 287
243 289
243 292
243 297
243 305
243 307
243 319
243 331
243 337
243 345
243 367
243 371
243 376
243 377
243 378
243 408
243 409
243 429
243 445
243 448
243 450
243 460
243 478
243 817
243 1036
243 1130
243 1155
243 1170
244 256
244 257
244 258
244 270
244 278
244 285
244 287
244 288
244 289
244 291
244 321
244 348
244 353
244 375
244 378
244 391
244 400
244 411
244 424
244 426
244 435
244 446
244 452
244 473
244 477
244 653
244 792
244 1197
244 1288
244 1383
244 1443
244 1548
244 1676
244 1785
245 248
245 259
245 266
245 273
245 277
245 279
245 283
245 284
245 340
245 374
245 400
245 405
245 408
245 409
245 415
245 434
245 439
245 444
245 452
245 468
245 787
245 849
245 1146
245 1204
245 1688
246 279
246 285
246 293
246 304
246 308
246 328
246 358
246 394
246 400
246 406
246 414
246 420
246 422
246 426
246 456
246 463
246 470
246 478
246 597
246 676
246 687
246 882
246 913
246 1258
247 249
247 251
247 259
247 262
247 265
247 266
247 282
247 284
247 299
247 300
247 310
247 314
247 315
247 320
247 323
247 341
247 344
247 360
247 384
247 420
247 428
247 432
247 434
247 451
247 455
247 457
247 477
247 479
247 620
247 782
247 949
247 1130
247 1188
247 1196
248 250
248 290
248 292
248 295
248 298
248 307
248 309
248 321
248 338
248 359
248 387
248 389
248 404
248 429
248 450
248 458
248 468
248 477
248 960
249 250
249 252
249 258
249 273
249 277
249 288
249 291
249 302
249 315
249 322
249 338
249 343
249 345
249 351
249 353
249 365
249 371
249 377
249 381
249 385
249 386
249 393
249 404
249 405
249 410
249 419
249 428
249 429
249 434
249 456
249 461
249 476
249 934
249 1166
249 1189
249 1261
249 1425
250 267
250 275
250 298
250 303
250 304
250 318
250 324
250 339
250 345
250 359
250 363
250 382
250 414
250 420
250 422
250 439
250 448
250 453
250 456
250 458
250 460
250 642
250 868
250 906
250 1149
250 1790
251 259
251 276
251 278
251 303
251 306
251 310
251 360
251 361
251 363
251 364
251 370
251 374
251 379
251 398
251 400
251 402
251 414
251 431
251 433
251 441
251 448
251 457
251 461
251 1169
252 256
252 259
252 262
252 273
252 278
252 290
252 298
252 303
252 308
252 318
252 323
252 337
252 343
252 361
252 374
252 383
252 388
252 392
252 400
252 406
252 426
252 440
252 445
252 451
252 465
252 472
252 479
252 1119
252 1205
252 1274
252 1477
252 1647
252 1755
253 254
253 295
253 309
253 313
253 317
253 363
253 369
253 378
253 390
253 419
253 421
253 436
253 440
253 444
253 448
253 453
253 460
253 477
253 705
253 927
253 1186
253 1563
253 1568
254 268
254 275
254 282
254 294
254 295
254 312
254 317
254 327
254 334
254 337
254 345
254 346
254 357
254 360
254 362
254 363
254 364
254 376
254 387
254 406
254 423
254 435
254 441
254 818
254 852
254 886
254 986
254 1090
254 1193
255 257
255 261
255 263
255 266
255 267
255 268
255 277
255 291
255 292
255 311
255 316
255 325
255 330
255 332
255 336
255 353
255 361
255 366
255 369
255 376
255 390
255 413
255 419
255 437
255 442
255 455
255 457
255 473
255 475
255 543
255 599
255 1113
255 1907
256 260
256 268
256 276
256 295
256 324
256 334
256 337
256 350
256 359
256 368
256 369
256 373
256 377
256 388
256 403
256 405
256 410
256 421
256 436
256 445
256 449
256 455
256 457
256 476
256 615
256 746
256 1301
257 261
257 276
257 288
257 308
257 335
257 341
257 353
257 362
257 364
257 366
257 368
257 372
257 407
257 408
257 409
257 413
257 415
257 418
257 421
257 426
257 431
257 440
257 446
257 462
257 474
257 482
257 976
258 263
258 275
258 330
258 343
258 346
258 359
258 365
258 373
258 377
258 392
258 393
258 420
258 423
258 425
258 426
258 461
258 467
258 476
258 529
258 651
258 981
258 1065
258 1326
258 1479
258 1508
258 1509
258 1628
258 1900
259 271
259 303
259 337
259 342
259 348
259 360
259 376
259 393
259 401
259 418
259 462
259 465
259 692
259 1077
260 264
260 288
260 290
260 296
260 299
260 303
260 310
260 329
260 331
260 336
260 349
260 355
260 373
260 374
260 387
260 403
260 407
260 413
260 419
260 421
260 423
260 435
260 439
260 452
260 461
260 467
260 471
260 474
260 770
260 1712
261 266
261 286
261 287
261 316
261 324
261 326
261 330
261 331
261 336
261 343
261 349
261 376
261 404
261 406
261 411
261 414
261 432
261 439
261 467
261 469
261 477
261 938
262 263
262 266
262 281
262 282
262 308
262 312
262 332
262 334
262 358
262 359
262 362
262 365
262 370
262 372
262 376
262 386
262 410
262 415
262 416
262 430
262 435
262 463
262 469
262 470
262 874
262 990
262 1103
262 1131
262 1435
263 267
263 287
263 288
263 340
263 345
263 359
263 364
263 379
263 384
263 387
263 407
263 415
263 431
263 470
263 563
263 571
263 703
263 1456
264 265
264 273
264 284
264 298
264 301
264 311
264 312
264 323
264 326
264 398
264 410
264 418
264 437
264 438
264 448
264 464
264 465
264 473
264 907
265 284
265 293
265 294
265 295
265 314
265 319
265 334
265 340
265 346
265 348
265 357
265 370
265 378
265 382
265 383
265 400
265 408
265 422
265 427
265 446
265 452
265 457
265 475
265 479
265 826
265 872
265 898
265 973
265 1051
265 1079
265 1197
265 1272
265 1505
265 1591
266 284
266 288
266 299
266 306
266 317
266 322
266 327
266 328
266 337
266 345
266 357
266 384
266 392
266 404
266 411
266 432
266 437
266 441
266 448
266 466
266 476
266 625
266 710
266 995
266 1167
267 279
267 281
267 285
267 288
267 290
267 319
267 337
267 347
267 370
267 381
267 391
267 404
267 409
267 411
267 437
267 462
267 474
267 480
267 637
267 1258
267 1726
267 1881
268 291
268 302
268 306
268 320
268 322
268 324
268 335
268 352
268 355
268 392
268 398
268 419
268 438
268 441
268 443
268 445
268 469
268 766
268 966
268 1480
268 1502
268 1665
268 1862
269 281
269 282
269 295
269 331
269 332
269 370
269 390
269 391
269 392
269 414
269 452
269 461
269 462
269 464
269 471
269 764
269 790
269 849
269 1399
269 1619
270 288
270 297
270 298
270 299
270 302
270 315
270 332
270 389
270 390
270 398
270 420
270 424
270 444
270 447
270 467
270 887
270 943
270 1248
270 1360
270 1685
271 303
271 333
271 347
271 350
271 358
271 370
271 371
271 376
271 397
271 418
271 422
271 430
271 435
271 436
271 441
271 448
271 457
271 465
271 475
271 479
271 829
271 876
271 891
271 1133
271 1513
272 275
272 285
272 295
272 297
272 334
272 335
272 338
272 351
272 372
272 383
272 396
272 403
272 435
272 439
272 442
272 457
272 464
272 470
272 1017
272 1284
272 1422
273 292
273 297
273 306
273 312
273 322
273 344
273 360
273 363
273 367
273 387
273 399
273 401
273 430
273 431
273 453
273 457
273 460
273 464
273 478
273 892
273 1276
273 1813
273 1826
274 276
274 285
274 298
274 299
274 326
274 356
274 369
274 392
274 393
274 395
274 409
274 441
274 887
274 1104
274 1728
275 281
275 290
275 302
275 308
275 311
275 342
275 349
275 358
275 362
275 367
275 372
275 417
275 432
275 434
275 439
275 442
275 452
275 461
275 471
275 472
275 474
275 1105
275 1270
275 1914
276 284
276 334
276 339
276 345
276 349
276 359
276 368
276 373
276 374
276 379
276 383
276 391
276 397
276 402
276 410
276 423
276 426
276 445
276 447
276 454
276 566
276 613
276 737
276 897
276 1206
276 1410
276 1492
277 289
277 325
277 330
277 346
277 350
277 361
277 367
277 368
277 378
277 391
277 392
277 413
277 419
277 423
277 436
277 451
277 476
277 549
277 821
277 885
277 1142
278 281
278 284
278 305
278 333
278 341
278 345
278 361
278 363
278 370
278 392
278 406
278 414
278 437
278 439
278 441
278 447
278 459
278 473
278 553
278 679
278 881
278 1056
279 289
279 290
279 292
279 318
279 320
279 328
279 329
279 347
279 365
279 371
279 380
279 381
279 395
279 430
279 455
279 457
279 475
279 658
279 802
279 924
279 943
279 1055
279 1247
280 327
280 352
280 362
280 380
280 387
280 393
280 401
280 412
280 416
280 419
280 425
280 427
280 448
280 461
280 463
280 471
280 1033
280 1313
280 1912
281 292
281 295
281 296
281 306
281 308
281 338
281 353
281 359
281 376
281 383
281 407
281 411
281 423
281 426
281 432
281 442
281 443
281 445
281 448
281 450
281 461
281 478
281 1233
281 1701
282 285
282 288
282 296
282 299
282 307
282 335
282 339
282 347
282 365
282 372
282 375
282 383
282 385
282 395
282 413
282 445
282 452
282 460
282 464
282 473
282 1002
282 1098
283 324
283 328
283 335
283 340
283 369
283 380
283 421
283 441
283 463
283 472
283 921
283 1294
283 1458
283 1702
283 1846
283 1875
284 296
284 298
284 333
284 343
284 353
284 355
284 359
284 388
284 389
284 398
284 405
284 419
284 421
284 427
284 431
284 455
284 471
284 478
284 1069
284 1071
284 1414
284 1544
285 289
285 290
285 312
285 338
285 340
285 349
285 355
285 363
285 376
285 381
285 382
285 391
285 399
285 457
285 458
285 466
285 479
285 660
285 727
285 836
285 910
286 295
286 302
286 307
286 319
286 328
286 340
286 341
286 358
286 362
286 393
286 394
286 395
286 396
286 408
286 412
286 415
286 417
286 422
286 428
286 444
286 453
286 463
286 469
286 487
286 1256
286 1301
286 1359
286 1405
286 1416
286 1614
287 321
287 325
287 361
287 362
287 390
287 391
287 396
287 397
287 413
287 443
287 448
287 479
287 689
287 1159
287 1375
287 1694
288 300
288 307
288 308
288 311
288 312
288 314
288 324
288 334
288 339
288 358
288 359
288 365
288 370
288 372
288 383
288 410
288 412
288 429
288 443
288 451
288 464
288 476
288 478
288 480
288 683
288 804
288 811
288 903
288 986
288 1033
288 1067
288 1101
288 1341
288 1697
288 1841
289 297
289 320
289 351
289 358
289 375
289 382
289 387
289 392
289 399
289 411
289 422
289 425
289 432
289 439
289 449
289 463
289 468
289 477
289 478
289 479
289 588
289 914
289 1021
289 1447
289 1797
290 299
290 315
290 331
290 352
290 353
290 371
290 387
290 388
290 390
290 392
290 408
290 409
290 416
290 418
290 419
290 437
290 445
290 446
290 453
290 464
290 465
290 466
290 472
290 640
290 723
290 785
290 1063
290 1119
290 1490
290 1683
290 1715
291 312
291 320
291 324
291 328
291 338
291 349
291 374
291 391
291 400
291 412
291 426
291 430
291 432
291 437
291 447
291 453
291 454
291 462
291 463
291 464
291 475
291 1135
291 1385
291 1487
292 295
292 313
292 352
292 356
292 358
292 360
292 365
292 382
292 400
292 411
292 421
292 429
292 452
292 805
292 1148
292 1418
292 1882
293 299
293 303
293 311
293 336
293 345
293 350
293 356
293 373
293 384
293 387
293 405
293 416
293 447
293 467
293 472
293 662
293 675
293 697
293 753
293 835
293 838
293 861
293 1117
293 1434
293 1703
294 295
294 302
294 332
294 335
294 352
294 357
294 367
294 394
294 401
294 403
294 411
294 418
294 423
294 426
294 439
294 446
294 447
294 453
294 475
294 656
294 728
294 1416
295 310
295 314
295 315
295 319
295 336
295 362
295 366
295 368
295 378
295 380
295 413
295 435
295 443
295 447
295 454
295 475
295 477
295 532
295 790
295 1428
295 1544
296 302
296 305
296 330
296 340
296 377
296 390
296 393
296 398
296 401
296 406
296 413
296 415
296 416
296 426
296 431
296 440
296 443
296 452
296 462
296 469
296 472
296 475
296 616
296 1084
296 1566
297 309
297 324
297 326
297 360
297 365
297 371
297 374
297 383
297 388
297 394
297 397
297 402
297 405
297 413
297 419
297 444
297 458
297 460
297 461
297 472
297 475
297 500
297 787
297 1852
298 319
298 324
298 325
298 332
298 349
298 352
298 364
298 369
298 376
298 396
298 447
298 450
298 460
298 463
298 464
298 474
298 475
298 479
298 498
298 508
298 653
298 691
298 700
298 1275
298 1484
298 1523
298 1603
299 303
299 315
299 322
299 340
299 347
299 354
299 366
299 380
299 382
299 391
299 401
299 403
299 413
299 440
299 441
299 447
299 469
299 911
299 1090
300 323
300 334
300 358
300 371
300 375
300 377
300 379
300 394
300 400
300 404
300 408
300 419
300 428
300 430
300 444
300 451
300 455
300 456
300 866
300 947
300 1027
301 314
301 319
301 321
301 328
301 331
301 345
301 347
301 349
301 388
301 397
301 406
301 410
301 414
301 428
301 448
301 455
301 477
301 478
301 1280
301 1759
301 1772
302 310
302 317
302 328
302 338
302 342
302 343
302 351
302 360
302 375
302 388
302 393
302 401
302 405
302 409
302 421
302 434
302 437
302 446
302 451
302 452
302 465
302 476
302 552
302 554
302 647
302 1242
302 1263
302 1277
302 1488
302 1535
302 1694
303 307
303 314
303 319
303 321
303 350
303 355
303 364
303 373
303 374
303 375
303 378
303 386
303 389
303 393
303 399
303 411
303 415
303 422
303 433
303 441
303 447
303 449
303 453
303 475
303 512
303 766
303 1134
303 1396
304 306
304 311
304 315
304 317
304 320
304 325
304 341
304 342
304 402
304 409
304 410
304 417
304 419
304 424
304 431
304 459
304 478
304 496
304 501
304 958
304 1132
304 1160
304 1437
304 1624
305 313
305 319
305 346
305 347
305 354
305 367
305 392
305 393
305 408
305 417
305 442
305 451
305 455
305 458
305 476
305 478
305 1061
305 1139
305 1909
306 310
306 312
306 320
306 321
306 328
306 333
306 365
306 370
306 376
306 378
306 395
306 399
306 400
306 408
306 409
306 412
306 423
306 425
306 426
306 454
306 459
306 460
306 465
306 472
306 535
306 753
306 1627
307 315
307 317
307 318
307 323
307 329
307 352
307 353
307 355
307 371
307 376
307 392
307 395
307 405
307 410
307 427
307 434
307 440
307 445
307 457
307 459
307 730
307 731
307 995
307 1039
307 1176
307 1231
307 1338
308 319
308 327
308 335
308 338
308 344
308 367
308 371
308 375
308 386
308 390
308 395
308 400
308 425
308 430
308 460
308 468
308 479
308 711
308 786
308 938
308 1379
308 1488
308 1501
308 1796
308 1862
309 311
309 331
309 337
309 343
309 378
309 390
309 396
309 401
309 411
309 413
309 423
309 435
309 445
309 453
309 454
309 461
309 463
309 467
309 531
309 558
309 956
309 1338
309 1687
310 325
310 334
310 350
310 362
310 370
310 375
310 379
310 381
310 384
310 401
310 412
310 413
310 429
310 450
310 452
310 474
310 538
310 776
310 834
310 1421
310 1474
310 1495
310 1903
311 337
311 342
311 344
311 348
311 352
311 360
311 361
311 371
311 378
311 381
311 385
311 399
311 411
311 414
311 434
311 437
311 463
311 479
311 600
311 1358
311 1383
311 1389
312 321
312 338
312 349
312 351
312 360
312 369
312 382
312 384
312 390
312 396
312 401
312 402
312 423
312 434
312 438
312 442
312 456
312 464
312 506
312 673
312 1371
312 1610
312 1849
313 320
313 361
313 365
313 377
313 403
313 405
313 410
313 422
313 423
313 425
313 431
313 434
313 436
313 458
313 530
313 1039
313 1103
313 1348
313 1588
314 331
314 335
314 347
314 352
314 358
314 360
314 372
314 389
314 410
314 422
314 424
314 432
314 466
314 473
314 478
314 606
314 628
314 650
314 689
314 1528
315 317
315 322
315 329
315 356
315 358
315 363
315 402
315 410
315 413
315 418
315 425
315 427
315 430
315 431
315 432
315 436
315 438
315 443
315 455
315 456
315 682
315 738
315 832
315 1219
315 1826
315 1830
316 322
316 323
316 324
316 329
316 331
316 345
316 406
316 414
316 434
316 458
316 467
316 468
316 473
316 506
316 923
316 1074
316 1244
316 1518
317 323
317 326
317 331
317 345
317 356
317 363
317 365
317 375
317 377
317 378
317 387
317 396
317 404
317 442
317 449
317 452
317 455
317 457
317 472
317 654
317 1541
317 1612
318 349
318 383
318 384
318 388
318 399
318 401
318 405
318 413
318 434
318 437
318 577
318 1296
318 1875
319 329
319 333
319 337
319 338
319 345
319 346
319 348
319 362
319 399
319 402
319 407
319 415
319 421
319 425
319 427
319 433
319 440
319 454
319 456
319 462
319 478
319 479
319 845
319 900
319 912
319 1376
320 352
320 357
320 378
320 382
320 388
320 401
320 410
320 415
320 417
320 421
320 423
320 425
320 426
320 427
320 430
320 433
320 442
320 454
320 469
320 475
320 1596
320 1863
320 1909
321 323
321 335
321 340
321 342
321 349
321 365
321 386
321 410
321 422
321 428
321 442
321 452
321 476
321 664
321 801
321 1742
322 325
322 359
322 360
322 368
322 374
322 385
322 389
322 401
322 415
322 416
322 419
322 420
322 434
322 449
322 450
322 451
322 456
322 660
322 749
322 1529
323 326
323 327
323 328
323 331
323 334
323 348
323 352
323 365
323 375
323 378
323 382
323 385
323 389
323 392
323 402
323 406
323 424
323 427
323 440
323 466
323 471
323 506
323 1641
323 1780
323 1868
323 1887
324 339
324 362
324 401
324 406
324 433
324 434
324 443
324 446
324 456
324 590
324 698
324 715
324 766
324 1038
324 1081
324 1164
324 1427
324 1494
324 1672
325 351
325 359
325 364
325 373
325 379
325 397
325 411
325 412
325 417
325 418
325 426
325 433
325 436
325 447
325 451
325 453
325 462
325 466
325 470
325 789
325 836
325 854
325 1119
325 1208
325 1314
325 1330
325 1337
325 1467
325 1668
325 1872
326 330
326 332
326 337
326 354
326 367
326 370
326 372
326 392
326 396
326 404
326 421
326 425
326 435
326 438
326 446
326 449
326 475
326 477
326 511
326 807
326 1307
326 1357
326 1434
327 339
327 346
327 354
327 355
327 366
327 390
327 392
327 396
327 405
327 415
327 417
327 424
327 430
327 442
327 443
327 449
327 459
327 461
327 465
327 467
327 477
327 566
327 1308
327 1515
327 1577
327 1610
327 1628
327 1746
327 1782
328 329
328 357
328 360
328 361
328 364
328 370
328 371
328 373
328 375
328 378
328 386
328 416
328 421
328 423
328 433
328 448
328 665
328 878
328 1346
328 1518
329 331
329 363
329 379
329 384
329 388
329 391
329 396
329 404
329 422
329 428
329 448
329 449
329 455
329 459
329 474
329 780
329 1018
329 1316
329 1376
329 1531
329 1670
329 1708
329 1772
330 331
330 350
330 355
330 364
330 379
330 382
330 383
330 389
330 397
330 403
330 406
330 413
330 415
330 424
330 438
330 453
330 456
330 470
330 476
330 477
330 505
330 579
330 768
330 878
330 1271
330 1453
331 336
331 357
331 362
331 364
331 371
331 373
331 379
331 385
331 406
331 437
331 443
331 444
331 462
331 465
331 639
331 677
331 894
331 1030
331 1040
331 1101
331 1162
331 1256
331 1840
332 335
332 346
332 352
332 361
332 374
332 376
332 389
332 401
332 402
332 419
332 425
332 433
332 448
332 449
332 477
332 485
332 581
332 804
332 1020
332 1113
332 1555
333 350
333 360
333 377
333 381
333 393
333 402
333 404
333 405
333 413
333 415
333 470
333 504
333 790
333 1191
333 1563
333 1759
333 1803
334 335
334 346
334 356
334 365
334 393
334 394
334 397
334 405
334 413
334 421
334 437
334 459
334 464
334 468
334 470
334 471
334 561
334 1441
334 1458
334 1720
335 336
335 373
335 378
335 394
335 400
335 408
335 411
335 414
335 415
335 418
335 426
335 432
335 442
335 446
335 454
335 455
335 468
335 472
335 479
335 929
335 1231
335 1476
335 1800
335 1844
336 370
336 375
336 377
336 385
336 397
336 407
336 412
336 413
336 417
336 420
336 433
336 444
336 454
336 463
336 471
336 479
336 574
336 614
336 810
336 832
336 1111
337 343
337 356
337 364
337 372
337 376
337 380
337 399
337 411
337 417
337 426
337 432
337 442
337 448
337 462
337 468
337 469
337 631
337 824
337 1191
337 1396
338 343
338 349
338 357
338 363
338 374
338 375
338 410
338 413
338 414
338 425
338 428
338 432
338 440
338 459
338 479
338 493
338 775
338 884
338 1125
338 1423
339 342
339 352
339 363
339 365
339 372
339 376
339 378
339 444
339 445
339 450
339 452
339 460
339 491
339 784
339 1719
340 353
340 365
340 374
340 380
340 405
340 421
340 432
340 438
340 451
340 452
340 456
340 461
340 469
340 760
340 845
340 1239
341 363
341 385
341 387
341 405
341 412
341 417
341 419
341 420
341 445
341 447
341 453
341 455
341 464
341 844
341 1267
341 1346
341 1492
341 1529
341 1641
342 357
342 377
342 380
342 384
342 407
342 416
342 423
342 428
342 432
342 437
342 443
342 462
342 473
342 1081
343 346
343 350
343 352
343 365
343 373
343 374
343 402
343 407
343 418
343 422
343 426
343 427
343 433
343 436
343 437
343 446
343 449
343 458
343 460
343 462
343 466
343 471
343 477
343 512
343 739
343 814
343 828
343 1097
343 1330
343 1335
343 1362
343 1401
343 1425
344 357
344 358
344 366
344 379
344 381
344 383
344 384
344 387
344 392
344 397
344 400
344 405
344 416
344 431
344 447
344 460
344 466
344 478
344 891
344 1402
344 1802
345 351
345 361
345 371
345 373
345 379
345 425
345 430
345 432
345 433
345 436
345 439
345 440
345 441
345 446
345 447
345 451
345 452
345 466
345 469
345 474
345 793
345 985
345 1601
345 1853
345 1895
346 354
346 356
346 428
346 429
346 431
346 450
346 470
346 473
346 486
346 820
346 841
346 1007
346 1526
347 351
347 359
347 377
347 392
347 393
347 399
347 419
347 443
347 444
347 459
347 467
347 601
348 351
348 356
348 359
348 375
348 389
348 393
348 404
348 409
348 418
348 460
348 464
348 1196
348 1228
349 359
349 370
349 376
349 379
349 381
349 396
349 399
349 404
349 406
349 408
349 418
349 430
349 444
349 446
349 469
349 683
349 706
349 1140
349 1223
349 1535
350 352
350 364
350 376
350 381
350 396
350 397
350 403
350 414
350 418
350 423
350 454
350 455
350 477
350 478
350 579
350 611
350 740
350 851
350 908
350 1053
350 1079
350 1320
350 1481
351 358
351 359
351 360
351 363
351 366
351 367
351 374
351 377
351 384
351 386
351 387
351 401
351 413
351 416
351 423
351 434
351 439
351 458
351 470
351 471
351 476
351 797
351 841
351 875
351 1351
351 1582
351 1681
352 363
352 373
352 385
352 403
352 428
352 440
352 451
352 468
352 827
352 985
352 1341
352 1585
353 356
353 365
353 371
353 377
353 382
353 389
353 395
353 403
353 405
353 425
353 444
353 451
353 454
353 466
353 474
353 1101
353 1317
353 1377
354 356
354 365
354 368
354 378
354 379
354 381
354 418
354 421
354 441
354 445
354 455
354 462
354 716
354 1791
355 367
355 371
355 381
355 390
355 394
355 398
355 399
355 435
355 438
355 452
355 467
355 473
355 653
355 1024
355 1029
355 1242
355 1578
355 1696
355 1717
356 383
356 385
356 387
356 392
356 394
356 395
356 436
356 444
356 454
356 540
356 794
356 804
356 1375
357 374
357 389
357 398
357 405
357 410
357 415
357 441
357 457
357 459
357 465
357 467
357 474
357 487
357 619
357 777
357 783
357 1059
357 1572
357 1578
358 360
358 363
358 364
358 367
358 377
358 378
358 380
358 386
358 391
358 393
358 403
358 405
358 411
358 413
358 432
358 437
358 443
358 445
358 448
358 450
358 457
358 458
358 676
358 838
358 1066
358 1456
359 367
359 374
359 375
359 404
359 413
359 414
359 419
359 438
359 440
359 478
359 1005
359 1660
360 369
360 399
360 400
360 401
360 430
360 442
360 451
360 454
360 455
360 458
360 462
360 472
360 594
360 1156
360 1246
360 1512
360 1660
361 366
361 370
361 377
361 384
361 387
361 391
361 399
361 414
361 437
361 449
361 460
361 992
361 995
361 1227
362 372
362 373
362 375
362 380
362 384
362 401
362 405
362 410
362 415
362 424
362 435
362 451
362 460
362 464
362 473
362 476
362 523
362 743
362 1614
362 1815
363 365
363 370
363 396
363 401
363 403
363 405
363 424
363 425
363 448
363 457
363 460
363 467
363 766
363 1232
364 373
364 396
364 403
364 413
364 416
364 427
364 430
364 434
364 444
364 448
364 454
364 459
364 471
364 692
364 720
364 1023
364 1409
364 1649
364 1737
364 1827
365 366
365 383
365 402
365 405
365 409
365 433
365 460
365 468
365 469
365 470
365 474
365 478
365 571
365 663
365 737
365 860
365 1135
365 1337
366 375
366 378
366 386
366 391
366 392
366 401
366 403
366 412
366 413
366 424
366 427
366 440
366 442
366 452
366 454
366 459
366 479
366 695
366 744
366 834
366 1141
366 1317
366 1429
366 1739
367 383
367 406
367 416
367 470
367 501
367 577
367 1229
367 1579
367 1701
368 370
368 379
368 383
368 384
368 395
368 441
368 442
368 456
368 460
368 478
368 479
368 946
368 1517
368 1581
368 1826
368 1856
369 399
369 408
369 425
369 426
369 427
369 434
369 441
369 442
369 447
369 646
369 664
369 879
369 1128
369 1507
370 371
370 372
370 381
370 394
370 400
370 401
370 406
370 423
370 424
370 432
370 436
370 443
370 444
370 445
370 449
370 452
370 478
370 610
370 815
370 940
370 1169
370 1580
370 1598
370 1771
370 1849
371 378
371 381
371 391
371 404
371 414
371 446
371 448
371 467
371 607
371 1028
371 1085
371 1297
371 1374
371 1696
371 1776
372 382
372 397
372 403
372 440
372 456
372 463
372 476
372 480
372 817
372 967
372 1031
372 1381
372 1662
373 380
373 391
373 395
373 396
373 413
373 431
373 445
373 449
373 466
373 470
373 476
373 1252
373 1629
374 383
374 384
374 417
374 421
374 422
374 436
374 437
374 452
374 456
374 501
374 1731
374 1823
374 1869
374 1897
375 395
375 403
375 406
375 413
375 436
375 450
375 505
375 689
375 763
375 1036
375 1599
376 390
376 395
376 399
376 400
376 403
376 427
376 428
376 434
376 437
376 445
376 448
376 459
376 472
376 1224
376 1648
377 380
377 390
377 414
377 415
377 445
377 461
377 462
377 472
377 473
377 475
377 476
377 478
377 498
377 851
377 887
377 957
377 1269
377 1519
378 396
378 410
378 420
378 423
378 431
378 447
378 450
378 472
378 578
378 677
378 703
378 812
378 999
378 1197
378 1317
378 1322
378 1402
379 423
379 432
379 436
379 478
379 743
379 847
379 1464
379 1560
379 1679
380 388
380 392
380 401
380 404
380 410
380 412
380 421
380 423
380 438
380 445
380 457
380 466
380 473
380 720
380 732
380 810
380 1443
380 1535
380 1801
381 382
381 388
381 396
381 410
381 422
381 435
381 446
381 448
381 454
381 457
381 460
381 527
381 853
381 925
381 945
381 1293
381 1423
381 1462
382 397
382 432
382 449
382 452
382 469
382 874
382 1030
382 1650
383 400
383 404
383 409
383 411
383 415
383 422
383 429
383 450
383 478
383 775
383 777
383 805
383 814
383 845
383 1065
383 1207
383 1374
383 1415
384 391
384 419
384 449
384 453
384 465
384 468
384 1191
384 1206
384 1235
384 1475
385 391
385 395
385 425
385 435
385 566
385 676
385 1340
385 1828
386 394
386 424
386 470
386 1042
386 1067
386 1211
386 1338
386 1567
387 398
387 406
387 408
387 409
387 411
387 419
387 424
387 428
387 430
387 448
387 465
387 1212
387 1237
387 1602
387 1751
388 393
388 410
388 423
388 431
388 453
388 463
388 467
388 477
388 786
388 824
388 1208
388 1273
388 1877
389 404
389 405
389 422
389 430
389 438
389 469
389 474
389 476
389 521
389 528
389 924
389 1197
389 1220
389 1480
389 1848
390 411
390 425
390 439
390 443
390 444
390 453
390 454
390 470
390 475
390 497
390 766
390 1752
390 1824
391 392
391 400
391 419
391 425
391 433
391 628
391 975
391 1144
391 1796
392 396
392 405
392 408
392 410
392 432
392 441
392 464
392 465
392 469
392 551
392 1141
392 1267
392 1495
392 1837
393 413
393 414
393 418
393 425
393 433
393 455
393 464
393 754
393 917
393 1023
393 1043
393 1050
393 1133
393 1349
393 1517
393 1576
394 396
394 437
394 441
394 445
394 465
394 475
394 776
394 1030
395 396
395 400
395 407
395 414
395 440
395 441
395 445
395 462
395 641
395 768
395 905
395 943
395 1356
395 1467
395 1530
395 1546
396 407
396 425
396 426
396 443
396 456
396 458
396 474
396 674
396 805
396 822
396 853
396 1090
396 1299
396 1343
396 1492
396 1773
396 1789
397 406
397 411
397 444
397 446
397 450
397 454
397 455
397 456
397 463
397 466
397 472
397 475
397 676
397 678
397 963
397 1111
397 1164
397 1266
397 1743
398 410
398 412
398 414
398 430
398 436
398 454
398 464
398 476
398 965
398 1360
398 1399
398 1430
398 1576
398 1689
399 410
399 420
399 421
399 458
399 465
399 470
399 570
399 1077
399 1608
399 1880
400 401
400 416
400 454
400 460
400 468
400 476
400 622
400 1207
401 415
401 463
401 471
401 485
401 601
401 1149
401 1326
402 411
402 419
402 426
402 440
402 441
402 462
402 464
402 468
402 823
402 1690
403 419
403 422
403 429
403 435
403 443
403 462
403 469
403 473
403 489
404 406
404 410
404 419
404 421
404 432
404 434
404 844
405 408
405 414
405 473
405 1278
405 1303
405 1414
405 1481
406 411
406 426
406 437
406 439
406 444
406 460
406 587
406 895
406 1322
406 1440
406 1708
406 1735
407 420
407 424
407 428
407 435
407 436
407 454
407 466
407 470
407 472
407 473
407 475
407 491
407 687
407 985
407 1083
407 1091
407 1575
408 426
408 427
408 440
408 469
408 475
408 567
408 781
408 966
408 1664
409 410
409 411
409 416
409 421
409 432
409 434
409 461
409 462
409 469
409 527
409 1443
409 1679
409 1683
410 455
410 478
410 577
410 671
410 868
410 1259
410 1571
411 426
411 429
411 433
411 434
411 437
411 452
411 459
411 1416
411 1560
411 1714
411 1824
411 1828
411 1832
412 414
412 420
412 422
412 430
412 466
412 1542
412 1850
413 416
413 422
413 426
413 427
413 458
413 462
413 465
413 467
413 470
413 473
413 475
413 477
413 478
413 572
413 704
413 1158
413 1190
413 1207
413 1345
413 1603
413 1839
414 421
414 426
414 437
414 444
414 445
414 449
414 473
414 474
414 506
414 611
414 677
414 811
414 1183
414 1398
414 1692
414 1770
414 1908
415 419
415 422
415 437
415 460
415 785
415 1248
415 1783
416 429
416 431
416 456
416 471
416 595
416 1346
416 1695
417 420
417 427
417 438
417 439
417 478
417 518
417 533
417 625
418 439
418 447
418 454
418 462
418 467
418 487
418 609
418 725
418 854
418 1872
419 425
419 434
419 437
419 438
419 522
419 540
419 761
419 1091
419 1240
419 1730
419 1779
420 421
420 424
420 444
420 473
420 476
420 561
420 977
420 1040
420 1115
420 1764
421 446
421 609
421 944
421 1118
421 1153
421 1629
421 1753
421 1850
421 1915
422 424
422 439
422 443
422 445
422 460
422 461
422 474
422 478
422 680
422 887
422 1457
422 1873
423 430
423 441
423 444
423 446
423 464
423 476
423 478
423 1524
423 1734
424 428
424 432
424 439
424 450
424 456
424 643
424 811
424 1105
424 1388
424 1709
424 1799
425 442
425 450
425 452
425 457
425 651
425 1361
425 1379
425 1571
426 427
426 430
426 432
426 436
426 440
426 446
426 459
426 462
426 477
426 819
426 956
426 1002
426 1067
426 1546
426 1549
427 434
427 435
427 440
427 472
427 721
427 1432
427 1788
428 441
428 450
428 465
428 466
429 430
429 435
429 465
429 637
429 733
429 1217
430 441
430 456
430 458
430 474
430 1001
430 1309
430 1395
430 1435
430 1649
430 1858
431 457
431 473
431 475
431 479
431 676
431 897
431 1893
432 451
432 457
432 461
432 471
432 472
432 477
432 509
432 679
432 1490
432 1873
433 443
433 445
433 446
433 457
433 460
433 470
433 473
433 540
433 592
433 649
433 767
433 821
433 1121
433 1161
433 1228
433 1552
434 452
434 454
434 458
434 476
434 479
434 1624
434 1630
434 1716
434 1904
435 439
435 451
435 467
435 469
435 470
435 475
435 1534
435 1580
435 1594
435 1804
436 448
436 449
436 469
436 477
436 478
436 1271
436 1449
436 1874
437 455
437 470
437 473
437 517
437 531
437 707
437 795
437 1157
437 1456
437 1564
437 1783
437 1844
437 1869
438 445
438 453
438 709
438 994
438 1283
438 1545
439 448
439 450
439 457
439 461
439 463
439 648
439 739
439 1011
440 442
440 445
440 451
440 664
440 699
441 453
441 471
441 475
441 478
441 703
441 752
441 1347
441 1672
442 460
442 552
442 692
442 733
442 1077
442 1103
442 1617
442 1747
443 447
443 448
443 457
443 475
443 478
443 617
443 1391
443 1422
443 1458
443 1720
443 1917
444 445
444 456
444 458
444 460
444 509
444 550
444 1292
444 1587
445 449
445 458
445 459
445 462
445 777
445 840
445 1670
445 1717
446 453
446 463
446 472
446 551
446 626
446 741
446 1273
447 463
447 470
447 484
447 712
447 999
447 1497
447 1540
447 1772
448 449
448 450
448 456
448 459
448 1015
448 1251
449 459
449 464
449 469
449 472
449 868
449 1638
449 1906
450 456
450 466
450 470
450 472
450 474
450 506
450 648
450 1175
450 1634
451 471
451 473
451 601
451 1053
451 1324
451 1512
451 1762
452 479
452 612
452 810
452 896
452 1432
452 1474
453 458
453 463
453 470
453 476
453 648
453 1022
453 1216
454 845
454 910
454 1763
454 1814
455 456
455 458
455 459
455 464
455 467
455 475
455 1158
455 1290
455 1379
455 1519
455 1621
456 603
456 886
457 461
457 470
457 662
457 675
457 949
457 1198
457 1301
457 1880
458 462
458 1174
458 1576
458 1659
459 461
459 638
459 799
459 1209
459 1211
459 1252
459 1452
459 1585
459 1614
459 1827
460 539
460 823
460 1295
460 1483
460 1484
460 1589
460 1867
461 470
461 516
461 600
461 631
461 1012
461 1144
461 1158
462 819
462 1147
462 1285
462 1878
462 1905
463 465
463 473
463 474
463 515
463 810
463 862
463 1337
463 1736
464 609
464 681
464 845
464 1154
464 1686
465 470
465 472
465 531
465 891
465 929
465 1165
465 1679
465 1720
465 1726
465 1791
465 1847
466 468
466 474
466 478
466 500
466 809
466 860
466 990
466 1390
466 1419
466 1629
466 1757
467 476
467 1529
467 1604
468 473
468 479
468 616
468 668
468 669
468 677
468 678
468 1006
468 1300
469 477
469 741
469 795
469 996
469 1067
469 1619
470 1269
470 1278
470 1509
471 479
471 954
471 1546
471 1639
471 1671
472 518
472 562
472 606
472 840
472 938
472 1277
472 1653
472 1812
472 1877
473 479
473 551
473 868
473 871
473 1506
473 1574
473 1868
474 477
474 1055
474 1336
474 1419
474 1616
475 589
475 658
475 943
475 1227
475 1446
476 961
476 1111
476 1520
476 1633
476 1693
476 1852
477 1435
478 608
478 722
478 761
478 941
478 1117
478 1225
478 1288
478 1463
479 494
479 977
479 1362
479 1406
479 1799
480 495
480 504
480 520
480 528
480 531
480 533
480 536
480 543
480 551
480 555
480 558
480 560
480 581
480 585
480 609
480 615
480 616
480 638
480 642
480 657
480 658
480 660
480 670
480 675
480 678
480 697
480 716
480 1651
481 483
481 509
481 514
481 530
481 539
481 551
481 552
481 578
481 603
481 614
481 637
481 662
481 671
481 675
481 681
481 684
481 704
481 714
481 733
481 764
481 835
481 882
481 974
481 1220
482 486
482 491
482 498
482 499
482 506
482 515
482 520
482 527
482 530
482 540
482 541
482 552
482 564
482 568
482 573
482 574
482 580
482 588
482 616
482 618
482 620
482 621
482 623
482 628
482 630
482 669
482 670
482 678
482 690
482 766
482 779
482 927
482 1322
482 1562
482 1589
482 1808
483 490
483 514
483 516
483 520
483 526
483 530
483 533
483 544
483 552
483 563
483 577
483 580
483 588
483 590
483 595
483 597
483 599
483 601
483 622
483 629
483 640
483 657
483 674
483 677
483 693
483 826
483 1561
483 1624
484 498
484 535
484 560
484 564
484 566
484 569
484 575
484 598
484 605
484 607
484 610
484 621
484 624
484 637
484 652
484 656
484 668
484 673
484 679
484 681
484 695
484 697
484 906
484 927
484 1262
484 1440
484 1441
484 1899
485 490
485 504
485 512
485 527
485 529
485 548
485 561
485 585
485 595
485 597
485 603
485 606
485 610
485 616
485 621
485 627
485 647
485 648
485 654
485 658
485 673
485 688
485 699
485 711
485 718
485 747
485 811
485 1133
485 1317
486 489
486 497
486 533
486 545
486 548
486 554
486 561
486 563
486 571
486 575
486 581
486 590
486 604
486 609
486 611
486 619
486 620
486 635
486 640
486 663
486 670
486 686
486 701
486 707
486 708
486 855
486 1440
487 490
487 499
487 504
487 517
487 518
487 521
487 533
487 547
487 559
487 565
487 571
487 588
487 589
487 594
487 605
487 610
487 611
487 617
487 636
487 653
487 661
487 665
487 668
487 675
487 686
487 691
487 711
487 712
487 719
487 989
487 1214
487 1395
487 1741
488 497
488 508
488 529
488 532
488 551
488 558
488 561
488 564
488 580
488 590
488 601
488 624
488 627
488 635
488 640
488 674
488 677
488 679
488 682
488 693
488 715
488 1022
488 1078
488 1102
488 1399
488 1435
488 1808
488 1902
489 494
489 496
489 502
489 505
489 517
489 526
489 534
489 547
489 562
489 564
489 565
489 574
489 577
489 578
489 589
489 600
489 603
489 619
489 636
489 640
489 643
489 647
489 655
489 658
489 671
489 679
489 705
489 718
489 813
489 990
489 1320
489 1678
489 1739
490 498
490 505
490 521
490 523
490 531
490 547
490 558
490 565
490 568
490 575
490 577
490 583
490 587
490 605
490 636
490 655
490 669
490 670
490 678
490 684
490 705
490 713
490 718
490 847
490 1323
490 1857
490 1891
491 506
491 510
491 520
491 524
491 528
491 535
491 547
491 569
491 570
491 580
491 583
491 610
491 616
491 637
491 659
491 669
491 670
491 687
491 716
491 719
491 761
491 844
491 992
491 1147
492 497
492 506
492 522
492 523
492 555
492 558
492 562
492 608
492 617
492 624
492 630
492 637
492 639
492 647
492 672
492 675
492 681
492 683
492 686
492 707
492 713
492 714
492 716
492 926
492 983
492 1102
492 1206
492 1387
492 1775
492 1785
493 495
493 499
493 500
493 505
493 512
493 524
493 526
493 546
493 547
493 574
493 581
493 608
493 610
493 669
493 670
493 672
493 692
493 701
493 714
493 715
493 717
493 753
493 788
493 917
493 1001
493 1228
493 1352
493 1566
493 1855
493 1870
494 496
494 501
494 521
494 523
494 534
494 536
494 540
494 552
494 555
494 576
494 597
494 598
494 608
494 611
494 613
494 616
494 624
494 626
494 636
494 645
494 654
494 660
494 674
494 677
494 696
494 711
494 714
494 748
494 1108
495 512
495 548
495 564
495 573
495 585
495 601
495 616
495 632
495 651
495 671
495 677
495 688
495 982
495 1526
495 1638
496 499
496 506
496 510
496 521
496 531
496 535
496 537
496 544
496 577
496 580
496 590
496 602
496 605
496 625
496 633
496 640
496 650
496 673
496 676
496 690
496 702
496 708
496 1153
496 1373
496 1412
497 532
497 547
497 569
497 573
497 591
497 596
497 597
497 603
497 615
497 625
497 635
497 643
497 653
497 655
497 665
497 667
497 670
497 679
497 680
497 685
497 686
497 687
497 688
497 694
497 695
497 698
497 713
497 1346
498 507
498 508
498 511
498 513
498 515
498 530
498 561
498 573
498 578
498 603
498 604
498 619
498 622
498 624
498 626
498 643
498 644
498 670
498 683
498 699
498 703
498 704
498 970
498 983
498 1381
498 1746
498 1912
499 519
499 523
499 524
499 536
499 546
499 570
499 595
499 619
499 625
499 634
499 644
499 649
499 682
499 700
499 711
499 752
499 1144
499 1349
499 1715
499 1905
500 517
500 526
500 527
500 531
500 535
500 558
500 560
500 586
500 588
500 603
500 605
500 609
500 613
500 619
500 660
500 662
500 666
500 672
500 674
500 675
500 684
500 705
500 908
500 1014
500 1841
501 512
501 527
501 532
501 538
501 539
501 543
501 555
501 559
501 563
501 569
501 583
501 591
501 593
501 595
501 620
501 625
501 628
501 629
501 634
501 648
501 668
501 682
501 694
501 705
501 706
501 933
501 955
501 1173
501 1254
501 1282
501 1377
501 1689
501 1800
502 505
502 510
502 522
502 552
502 565
502 568
502 570
502 579
502 593
502 597
502 607
502 616
502 623
502 634
502 639
502 680
502 685
502 687
502 689
502 697
502 704
502 709
502 715
502 1139
502 1264
502 1277
502 1464
502 1528
503 517
503 520
503 527
503 546
503 554
503 556
503 563
503 567
503 598
503 600
503 620
503 626
503 630
503 632
503 636
503 637
503 640
503 641
503 647
503 652
503 670
503 694
503 697
503 702
503 713
503 1396
504 513
504 516
504 551
504 557
504 586
504 636
504 648
504 664
504 666
504 668
504 672
504 676
504 685
504 695
504 706
504 1111
504 1283
504 1660
504 1745
505 522
505 524
505 527
505 532
505 537
505 545
505 548
505 566
505 571
505 584
505 595
505 607
505 623
505 631
505 637
505 641
505 644
505 652
505 655
505 664
505 672
505 686
505 692
505 1326
505 1768
505 1884
506 515
506 524
506 525
506 540
506 556
506 570
506 573
506 577
506 586
506 590
506 597
506 600
506 602
506 623
506 630
506 637
506 646
506 647
506 650
506 654
506 670
506 671
506 696
506 699
506 701
506 866
506 1283
507 518
507 520
507 521
507 567
507 572
507 580
507 593
507 598
507 605
507 612
507 613
507 642
507 645
507 646
507 650
507 658
507 670
507 708
507 714
507 1210
507 1267
507 1339
507 1578
507 1660
507 1704
507 1809
508 512
508 514
508 516
508 519
508 522
508 545
508 551
508 554
508 555
508 574
508 575
508 577
508 581
508 584
508 587
508 606
508 609
508 614
508 623
508 666
509 514
509 522
509 533
509 550
509 567
509 568
509 571
509 572
509 573
509 587
509 591
509 594
509 598
509 606
509 612
509 620
509 627
509 633
509 634
509 644
509 646
509 648
509 654
509 674
509 676
509 678
509 692
509 696
509 703
509 717
509 854
509 864
509 1900
510 516
510 526
510 535
510 550
510 551
510 565
510 570
510 571
510 600
510 609
510 611
510 633
510 638
510 639
510 648
510 654
510 675
510 685
510 687
510 692
510 706
510 709
510 969
510 1047
510 1055
510 1118
510 1465
511 518
511 528
511 529
511 530
511 531
511 532
511 555
511 559
511 572
511 580
511 592
511 594
511 613
511 645
511 664
511 668
511 681
511 686
511 693
511 701
511 703
511 962
511 1221
511 1475
511 1853
512 536
512 539
512 540
512 542
512 551
512 564
512 565
512 574
512 587
512 607
512 640
512 645
512 651
512 668
512 685
512 687
512 688
512 698
512 700
512 704
512 718
512 1583
512 1738
513 528
513 531
513 545
513 547
513 549
513 554
513 564
513 568
513 583
513 598
513 603
513 608
513 609
513 619
513 621
513 622
513 629
513 646
513 662
513 672
513 680
513 688
513 694
513 700
513 713
513 716
513 922
513 1052
513 1056
513 1071
513 1202
513 1432
513 1499
514 521
514 528
514 537
514 544
514 545
514 550
514 560
514 583
514 599
514 600
514 608
514 630
514 649
514 654
514 657
514 664
514 670
514 675
514 687
514 702
514 714
514 1041
514 1160
514 1559
514 1731
515 522
515 525
515 538
515 628
515 657
515 659
515 661
515 666
515 671
515 673
515 715
515 1246
516 533
516 537
516 539
516 567
516 584
516 587
516 589
516 593
516 600
516 601
516 613
516 614
516 623
516 652
516 669
516 695
516 696
516 715
516 830
516 855
516 891
516 892
516 1163
516 1528
516 1606
517 520
517 531
517 543
517 578
517 582
517 591
517 596
517 606
517 626
517 627
517 628
517 629
517 635
517 673
517 675
517 683
517 685
517 694
517 696
517 701
517 706
517 788
517 1327
518 529
518 533
518 540
518 551
518 568
518 570
518 595
518 596
518 624
518 657
518 660
518 667
518 673
518 679
518 681
518 686
518 697
518 708
518 837
518 1536
518 1673
519 535
519 536
519 554
519 562
519 568
519 569
519 574
519 590
519 603
519 634
519 643
519 653
519 664
519 667
519 678
519 682
519 686
519 696
519 702
519 711
519 909
520 545
520 566
520 584
520 601
520 613
520 615
520 631
520 641
520 649
520 650
520 657
520 661
520 668
520 672
520 676
520 677
520 684
520 687
520 704
520 708
520 1006
520 1108
520 1118
520 1312
520 1603
520 1701
520 1848
521 527
521 530
521 532
521 558
521 562
521 573
521 581
521 582
521 597
521 619
521 642
521 657
521 663
521 700
521 702
521 706
521 1345
521 1694
522 529
522 538
522 551
522 552
522 562
522 569
522 572
522 580
522 581
522 598
522 600
522 621
522 640
522 655
522 662
522 670
522 672
522 677
522 679
522 686
522 691
522 694
522 695
522 699
522 706
522 1089
522 1130
522 1232
522 1371
523 525
523 542
523 545
523 550
523 553
523 559
523 565
523 566
523 572
523 584
523 589
523 598
523 603
523 618
523 630
523 646
523 648
523 656
523 662
523 665
523 666
523 679
523 687
523 711
523 713
523 719
523 1000
523 1362
524 534
524 536
524 547
524 554
524 558
524 564
524 570
524 590
524 608
524 615
524 626
524 642
524 647
524 666
524 678
524 683
524 691
524 693
524 698
524 719
524 759
524 776
524 1052
524 1524
525 539
525 554
525 555
525 599
525 600
525 604
525 640
525 641
525 654
525 657
525 661
525 668
525 687
525 692
525 713
525 839
525 1190
525 1218
525 1714
526 574
526 581
526 612
526 618
526 619
526 624
526 648
526 660
526 670
526 693
526 704
526 712
526 714
526 951
526 1428
527 529
527 533
527 535
527 540
527 549
527 553
527 592
527 605
527 628
527 634
527 636
527 644
527 648
527 672
527 682
527 686
527 701
527 704
527 710
527 913
527 1148
527 1287
528 539
528 545
528 560
528 594
528 595
528 597
528 601
528 606
528 607
528 623
528 634
528 639
528 650
528 654
528 663
528 681
528 701
528 704
528 707
528 716
528 795
528 1799
529 534
529 544
529 565
529 568
529 572
529 578
529 584
529 603
529 612
529 618
529 631
529 633
529 671
529 680
529 683
529 709
529 713
529 722
529 1071
529 1142
529 1171
529 1786
530 534
530 543
530 555
530 557
530 568
530 570
530 575
530 583
530 609
530 611
530 612
530 615
530 621
530 622
530 623
530 627
530 629
530 673
530 711
530 775
530 1314
530 1458
530 1757
531 561
531 562
531 585
531 589
531 608
531 627
531 637
531 640
531 646
531 655
531 692
531 701
531 716
531 951
531 1192
531 1437
531 1476
531 1596
531 1864
532 539
532 564
532 573
532 600
532 621
532 635
532 657
532 664
532 671
532 672
532 678
532 687
532 713
532 932
532 1566
533 541
533 566
533 567
533 577
533 578
533 579
533 592
533 608
533 611
533 615
533 623
533 626
533 644
533 653
533 667
533 672
533 709
533 957
533 1067
533 1079
533 1126
533 1168
533 1379
534 537
534 593
534 612
534 631
534 636
534 638
534 643
534 646
534 650
534 655
534 661
534 686
534 693
534 694
534 696
534 709
534 715
534 822
534 1109
534 1209
534 1343
534 1527
534 1583
534 1830
535 547
535 552
535 561
535 563
535 577
535 582
535 596
535 598
535 599
535 614
535 627
535 638
535 640
535 643
535 645
535 649
535 657
535 664
535 676
535 677
535 696
535 706
535 710
535 830
535 1804
535 1881
536 548
536 573
536 592
536 645
536 655
536 668
536 671
536 672
536 678
536 692
536 694
536 701
536 1141
537 546
537 550
537 554
537 560
537 563
537 585
537 610
537 630
537 640
537 652
537 656
537 665
537 705
537 885
537 1055
537 1307
537 1737
537 1791
537 1869
538 542
538 600
538 601
538 637
538 645
538 658
538 661
538 665
538 692
538 693
538 700
538 714
538 715
538 1570
538 1634
538 1817
539 540
539 549
539 551
539 552
539 560
539 568
539 573
539 577
539 588
539 593
539 595
539 611
539 620
539 624
539 629
539 635
539 650
539 671
539 674
539 675
539 707
539 712
539 715
539 1102
539 1248
540 555
540 578
540 581
540 584
540 589
540 590
540 607
540 609
540 613
540 618
540 623
540 624
540 633
540 635
540 674
540 675
540 684
540 704
540 709
540 896
540 1078
540 1388
540 1815
541 568
541 574
541 586
541 590
541 602
541 606
541 621
541 631
541 636
541 638
541 639
541 655
541 657
541 686
541 688
541 689
541 690
541 691
541 693
541 696
541 702
541 703
541 710
541 755
541 1510
541 1791
542 565
542 579
542 619
542 651
542 663
542 693
542 703
542 716
542 1161
542 1164
542 1293
542 1505
543 556
543 572
543 581
543 592
543 620
543 625
543 638
543 643
543 649
543 650
543 653
543 655
543 658
543 664
543 672
543 682
543 683
543 689
543 705
543 707
543 1147
543 1271
543 1788
544 571
544 585
544 598
544 610
544 614
544 620
544 626
544 637
544 685
544 689
544 703
544 705
544 706
544 710
544 713
544 717
544 889
544 1068
544 1072
545 555
545 579
545 581
545 598
545 619
545 626
545 664
545 666
545 674
545 691
545 702
545 718
545 736
546 550
546 562
546 580
546 582
546 585
546 598
546 636
546 658
546 665
546 666
546 675
546 678
546 680
546 707
546 881
546 1078
546 1100
546 1152
546 1170
546 1206
546 1370
546 1427
547 551
547 552
547 554
547 569
547 578
547 593
547 603
547 629
547 644
547 647
547 663
547 671
547 685
547 686
547 688
547 711
547 719
547 803
547 1104
547 1522
547 1566
548 549
548 554
548 556
548 574
548 583
548 592
548 594
548 599
548 637
548 644
548 657
548 658
548 660
548 662
548 671
548 673
548 700
548 710
548 718
548 990
548 1028
548 1361
548 1781
548 1833
549 554
549 562
549 587
549 595
549 599
549 616
549 618
549 620
549 634
549 638
549 641
549 657
549 662
549 677
549 730
549 947
549 1156
549 1608
549 1898
550 559
550 577
550 583
550 605
550 608
550 609
550 619
550 639
550 660
550 665
550 684
550 708
550 716
550 760
550 1159
550 1357
550 1358
550 1678
550 1681
550 1864
551 559
551 569
551 571
551 572
551 582
551 592
551 602
551 606
551 615
551 632
551 633
551 645
551 649
551 654
551 663
551 670
551 675
551 679
551 680
551 688
551 847
551 1023
551 1309
551 1504
551 1525
551 1757
552 559
552 577
552 594
552 602
552 612
552 621
552 623
552 654
552 658
552 662
552 667
552 688
552 689
552 691
552 695
552 696
552 699
552 704
552 1362
553 559
553 588
553 613
553 616
553 619
553 623
553 657
553 684
553 718
553 970
553 1487
553 1708
553 1837
554 559
554 564
554 570
554 572
554 592
554 609
554 613
554 618
554 633
554 634
554 636
554 651
554 652
554 664
554 677
554 682
554 700
554 708
554 901
554 1105
554 1611
555 570
555 586
555 592
555 595
555 596
555 598
555 624
555 627
555 636
555 653
555 657
555 662
555 681
555 688
555 699
555 705
555 713
555 717
555 1102
556 558
556 570
556 579
556 580
556 586
556 594
556 595
556 605
556 606
556 612
556 629
556 652
556 667
556 680
556 690
556 715
556 1128
556 1779
557 559
557 563
557 564
557 572
557 580
557 586
557 587
557 607
557 614
557 622
557 626
557 629
557 637
557 638
557 642
557 649
557 660
557 675
557 684
557 688
557 692
557 693
557 707
557 709
557 714
557 890
557 892
557 1378
557 1406
558 559
558 572
558 576
558 587
558 589
558 593
558 600
558 602
558 609
558 611
558 613
558 618
558 620
558 622
558 631
558 657
558 661
558 664
558 674
558 718
558 754
558 1091
558 1175
558 1195
559 564
559 581
559 593
559 599
559 603
559 608
559 620
559 630
559 652
559 689
559 715
559 726
559 824
559 995
559 1424
559 1518
559 1732
559 1879
560 566
560 569
560 576
560 577
560 578
560 587
560 609
560 630
560 633
560 635
560 639
560 648
560 709
560 714
560 717
560 794
560 1023
560 1798
561 563
561 587
561 603
561 605
561 606
561 635
561 644
561 649
561 661
561 665
561 677
561 678
561 680
561 707
561 709
561 713
561 897
561 1258
561 1418
561 1756
562 571
562 576
562 592
562 594
562 603
562 607
562 609
562 633
562 637
562 640
562 642
562 644
562 647
562 649
562 654
562 661
562 664
562 675
562 681
562 688
562 689
562 693
562 706
562 708
562 710
562 1357
562 1364
562 1650
562 1668
562 1813
563 582
563 592
563 623
563 625
563 636
563 647
563 668
563 700
563 712
563 986
563 1024
563 1799
564 577
564 580
564 589
564 597
564 616
564 639
564 657
564 658
564 660
564 670
564 688
564 706
564 719
564 800
564 1706
565 569
565 573
565 581
565 584
565 585
565 600
565 611
565 617
565 645
565 658
565 670
565 694
565 702
565 855
565 882
565 1614
565 1616
566 567
566 580
566 587
566 592
566 594
566 596
566 604
566 649
566 668
566 689
566 692
566 700
566 959
566 1031
566 1586
566 1587
567 587
567 591
567 592
567 608
567 633
567 635
567 651
567 677
567 684
567 706
567 788
567 1522
568 571
568 572
568 586
568 589
568 610
568 614
568 625
568 676
568 681
568 707
568 715
568 757
568 1280
568 1332
568 1447
569 577
569 578
569 583
569 590
569 618
569 626
569 631
569 642
569 654
569 664
569 677
569 681
569 686
569 687
569 712
569 1290
569 1312
569 1535
569 1752
569 1813
569 1839
570 574
570 576
570 590
570 594
570 601
570 605
570 612
570 622
570 632
570 648
570 658
570 664
570 669
570 677
570 678
570 679
570 691
570 693
570 704
570 719
570 1438
570 1866
570 1911
571 573
571 582
571 597
571 602
571 620
571 624
571 634
571 641
571 642
571 645
571 650
571 654
571 663
571 1281
571 1570
571 1709
572 581
572 597
572 610
572 625
572 646
572 659
572 668
572 675
572 684
572 704
572 706
572 708
572 713
572 1886
573 583
573 593
573 613
573 619
573 620
573 634
573 642
573 648
573 657
573 662
573 670
573 674
573 678
573 689
573 711
573 715
573 816
573 1538
573 1747
574 582
574 586
574 592
574 599
574 600
574 602
574 604
574 612
574 615
574 629
574 638
574 670
574 674
574 677
574 690
574 693
574 715
574 828
574 937
574 964
574 1170
574 1180
574 1404
575 589
575 591
575 615
575 644
575 647
575 657
575 666
575 668
575 699
575 706
575 711
575 715
575 717
575 842
575 913
575 1480
575 1885
576 580
576 601
576 622
576 624
576 626
576 642
576 663
576 667
576 670
576 671
576 672
576 678
576 683
576 689
576 695
576 1417
576 1502
576 1560
577 586
577 589
577 591
577 599
577 606
577 607
577 617
577 651
577 656
577 659
577 684
577 709
577 710
577 1318
577 1804
577 1908
578 625
578 627
578 645
578 649
578 677
578 680
578 681
578 696
578 703
578 704
578 1388
578 1602
579 585
579 610
579 621
579 623
579 628
579 629
579 630
579 631
579 660
579 661
579 666
579 671
579 680
579 691
579 1740
579 1768
579 1855
579 1881
580 599
580 608
580 622
580 647
580 656
580 657
580 674
580 678
580 689
580 696
580 706
580 856
580 1077
580 1120
580 1274
580 1277
580 1318
580 1455
580 1637
581 590
581 617
581 625
581 637
581 661
581 664
581 684
581 685
581 699
581 829
581 884
581 1272
581 1337
582 598
582 610
582 620
582 631
582 636
582 645
582 650
582 656
582 679
582 690
582 696
582 698
582 705
582 1671
582 1905
583 586
583 606
583 611
583 612
583 624
583 638
583 641
583 649
583 680
583 690
583 691
583 699
583 710
583 1197
583 1263
583 1639
583 1690
584 585
584 604
584 624
584 673
584 706
584 718
584 874
584 1286
584 1492
584 1678
584 1705
584 1815
584 1832
584 1907
585 588
585 593
585 598
585 601
585 612
585 619
585 627
585 630
585 635
585 666
585 683
585 692
585 947
585 1645
585 1710
585 1842
585 1888
586 587
586 590
586 596
586 603
586 628
586 669
586 670
586 673
586 674
586 696
586 717
586 725
586 1458
586 1853
586 1897
587 593
587 595
587 598
587 608
587 624
587 625
587 630
587 645
587 673
587 690
587 696
587 823
587 1257
588 589
588 615
588 622
588 626
588 631
588 642
588 645
588 670
588 676
588 683
588 687
588 692
588 701
588 711
588 719
588 1724
589 594
589 600
589 641
589 649
589 652
589 656
589 667
589 690
589 711
589 922
589 1165
589 1326
589 1612
589 1835
589 1847
590 598
590 616
590 617
590 623
590 637
590 641
590 647
590 666
590 671
590 687
590 689
590 700
590 786
590 1148
590 1635
590 1799
591 592
591 599
591 602
591 603
591 619
591 633
591 640
591 646
591 651
591 661
591 665
591 686
591 698
591 701
591 702
591 708
591 710
591 714
591 715
591 799
591 1001
591 1858
592 595
592 602
592 611
592 619
592 621
592 630
592 631
592 637
592 645
592 649
592 651
592 652
592 664
592 684
592 686
592 694
592 698
592 707
592 834
592 1169
592 1552
592 1666
592 1732
592 1800
592 1813
593 596
593 604
593 607
593 618
593 619
593 626
593 628
593 633
593 637
593 651
593 660
593 669
593 675
593 678
593 691
593 718
593 756
593 1370
593 1418
594 608
594 622
594 631
594 643
594 651
594 659
594 665
594 682
594 685
594 712
594 1032
594 1077
594 1211
594 1290
594 1358
594 1435
594 1530
594 1675
594 1701
594 1810
594 1906
595 625
595 654
595 656
595 657
595 659
595 691
595 697
595 698
595 704
595 711
595 714
595 716
595 735
595 806
595 1374
595 1513
596 615
596 650
596 674
596 677
596 688
596 713
596 1036
596 1174
596 1655
596 1774
596 1865
597 603
597 611
597 612
597 629
597 635
597 639
597 641
597 671
597 680
597 689
597 692
597 697
597 710
597 717
597 718
597 725
597 814
597 1391
597 1478
597 1517
597 1640
597 1774
598 610
598 614
598 615
598 617
598 620
598 626
598 629
598 643
598 653
598 657
598 660
598 680
598 686
598 697
598 698
598 706
598 713
598 1001
598 1131
598 1416
598 1677
599 610
599 625
599 630
599 650
599 661
599 673
599 680
599 689
599 690
599 702
599 710
599 711
599 1054
599 1731
600 614
600 627
600 642
600 650
600 655
600 664
600 675
600 692
600 708
600 719
600 1622
600 1635
600 1898
601 603
601 605
601 610
601 611
601 614
601 625
601 629
601 631
601 634
601 641
601 656
601 658
601 659
601 664
601 712
601 893
601 1275
602 609
602 612
602 621
602 645
602 647
602 653
602 659
602 696
602 707
602 714
602 756
602 864
602 1229
603 610
603 616
603 617
603 620
603 622
603 624
603 626
603 631
603 640
603 656
603 683
603 684
603 710
603 822
603 941
603 1000
603 1460
603 1562
603 1828
604 613
604 620
604 621
604 624
604 633
604 638
604 642
604 647
604 656
604 687
604 692
604 698
604 706
604 715
604 749
604 1257
605 609
605 613
605 627
605 628
605 630
605 638
605 656
605 674
605 680
605 687
605 692
605 703
605 711
605 1702
605 1754
606 608
606 617
606 635
606 637
606 638
606 667
606 679
606 690
606 711
606 941
606 961
606 995
607 636
607 644
607 658
607 663
607 688
607 689
607 694
607 950
607 1106
607 1604
607 1790
607 1874
608 617
608 622
608 629
608 633
608 637
608 696
608 703
608 737
608 742
608 757
608 1150
608 1682
609 619
609 622
609 628
609 630
609 646
609 654
609 655
609 656
609 661
609 675
609 692
609 702
609 850
610 617
610 627
610 630
610 641
610 652
610 676
610 679
610 688
610 698
610 701
610 702
610 790
610 978
610 1190
610 1583
611 612
611 613
611 616
611 623
611 625
611 629
611 635
611 645
611 646
611 678
611 682
611 690
611 697
611 698
611 1027
611 1220
611 1802
612 615
612 621
612 623
612 649
612 681
612 697
612 709
612 720
612 926
612 1498
612 1579
613 622
613 624
613 625
613 636
613 658
613 670
613 684
613 685
613 696
613 699
613 712
613 864
613 921
613 1011
613 1499
614 635
614 649
614 655
614 665
614 674
614 676
614 691
614 692
614 697
614 1141
614 1354
614 1374
615 625
615 635
615 637
615 680
615 699
615 718
615 724
615 1058
615 1124
615 1170
615 1460
615 1473
615 1508
615 1589
615 1662
615 1815
616 626
616 632
616 634
616 656
616 658
616 672
616 674
616 694
616 704
616 745
616 1128
616 1290
617 633
617 639
617 674
617 684
617 1029
617 1110
617 1332
617 1384
618 624
618 627
618 655
618 658
618 659
618 669
618 683
618 854
618 1226
618 1545
618 1653
618 1822
619 634
619 637
619 648
619 652
619 660
619 673
619 719
619 1367
619 1479
619 1507
620 621
620 623
620 625
620 680
620 681
620 696
620 724
620 962
620 1301
620 1401
620 1480
620 1889
621 622
621 636
621 653
621 657
621 662
621 696
621 1300
621 1394
621 1509
621 1891
622 645
622 650
622 665
622 673
622 678
622 698
622 701
622 711
622 754
622 1410
622 1427
623 628
623 632
623 645
623 670
623 683
623 686
623 690
623 695
623 697
623 698
623 706
623 713
623 715
623 976
624 646
624 649
624 655
624 661
624 669
624 674
624 685
624 708
624 710
624 715
624 936
624 1873
625 631
625 643
625 664
625 695
625 698
625 701
625 707
625 712
625 713
625 718
625 1179
625 1281
625 1475
625 1723
626 633
626 640
626 647
626 659
626 662
626 683
626 710
626 737
626 947
626 1099
626 1504
626 1589
626 1668
626 1890
627 638
627 652
627 657
627 666
627 672
627 676
627 687
627 699
627 704
627 706
627 708
627 710
627 711
627 715
627 957
627 1321
627 1501
628 637
628 639
628 653
628 688
628 708
628 862
628 1057
628 1366
628 1615
628 1914
629 643
629 651
629 677
629 681
629 683
629 694
629 697
629 698
629 699
629 705
629 709
629 1247
629 1466
629 1476
629 1720
629 1776
630 631
630 643
630 654
630 666
630 679
630 680
630 689
630 703
630 704
630 705
630 708
630 716
630 888
630 1446
630 1529
630 1907
631 637
631 649
631 650
631 691
631 696
631 713
631 997
631 1257
631 1498
632 648
632 649
632 656
632 661
632 667
632 672
632 675
632 682
632 700
632 702
632 703
632 705
632 708
632 1059
633 644
633 653
633 666
633 682
633 688
633 983
633 1491
633 1705
634 660
634 672
634 674
634 691
634 694
634 699
634 703
634 713
634 714
634 1233
634 1427
634 1775
635 638
635 672
635 691
635 692
635 696
635 719
635 915
635 932
635 1052
635 1160
635 1612
636 638
636 642
636 644
636 658
636 662
636 664
636 665
636 669
636 678
636 709
636 888
636 1402
636 1766
636 1875
637 638
637 639
637 652
637 655
637 664
637 673
637 687
637 692
637 695
637 697
637 705
637 1185
637 1653
637 1767
638 646
638 654
638 664
638 696
638 698
638 703
638 782
638 1206
638 1313
639 658
639 690
639 693
639 712
639 713
639 716
639 724
639 1373
639 1690
640 648
640 649
640 652
640 653
640 655
640 660
640 709
640 1147
640 1209
640 1435
640 1445
641 646
641 660
641 668
641 954
641 972
641 1188
642 649
642 657
642 658
642 661
642 683
642 688
642 690
642 707
642 839
642 1061
642 1629
642 1634
643 644
643 671
643 683
643 686
643 698
643 706
643 710
643 1171
643 1538
643 1632
644 650
644 652
644 654
644 655
644 671
644 672
644 837
644 1277
645 654
645 658
645 661
645 663
645 666
645 688
645 691
645 699
645 716
645 719
645 1553
645 1884
646 659
646 683
646 687
646 688
646 708
646 711
646 712
646 1195
646 1533
647 648
647 652
647 655
647 689
647 690
647 696
647 699
647 701
647 716
648 655
648 673
648 709
648 1890
649 658
649 663
649 696
649 706
649 717
649 951
649 1110
649 1608
649 1610
649 1712
649 1780
650 675
650 677
650 680
650 695
650 768
650 817
650 852
650 1066
650 1145
650 1778
651 675
651 701
651 705
651 709
651 718
651 744
651 824
651 1466
652 654
652 698
652 710
652 711
652 791
652 832
652 838
652 941
652 1395
652 1422
653 654
653 685
653 687
653 714
653 718
653 719
653 789
653 962
653 965
653 1167
653 1270
653 1435
653 1444
653 1768
654 658
654 664
654 671
654 685
654 689
654 690
654 718
654 740
654 939
654 979
654 1438
654 1535
655 658
655 687
655 702
655 703
655 708
655 1356
655 1432
655 1584
656 661
656 687
656 691
656 693
656 699
656 936
656 993
656 1120
657 666
657 672
657 678
657 681
657 683
657 686
657 692
657 694
657 714
657 1024
657 1642
657 1727
658 688
658 702
658 718
658 1084
658 1235
658 1833
659 677
659 679
659 709
659 1062
659 1306
659 1686
660 662
660 663
660 665
660 669
660 670
660 678
660 686
660 689
660 704
660 1094
660 1199
660 1219
660 1491
661 672
661 682
661 703
661 714
661 715
661 981
661 1136
661 1168
661 1314
661 1483
661 1492
661 1539
662 665
662 684
662 687
662 692
662 707
662 712
662 717
662 774
662 850
662 905
662 1621
663 669
663 702
663 706
663 1081
663 1100
663 1164
663 1356
663 1678
663 1703
663 1903
664 696
664 920
664 1497
664 1552
664 1817
665 672
665 673
665 696
665 821
665 891
665 989
665 1031
665 1109
665 1213
665 1311
665 1444
666 716
666 717
666 1147
667 688
667 692
667 1114
667 1250
667 1278
667 1413
667 1444
667 1865
667 1884
668 681
668 688
668 708
668 1212
668 1873
669 670
669 707
669 708
669 715
669 1200
669 1573
669 1656
670 674
670 686
670 687
670 709
670 718
671 675
671 691
671 700
671 725
671 849
671 1158
671 1446
671 1729
671 1825
672 676
672 679
672 686
672 701
672 806
672 1036
672 1234
673 684
673 685
673 688
673 707
673 718
673 1255
673 1600
674 675
674 700
674 729
674 1248
674 1286
674 1450
674 1494
674 1667
674 1857
675 677
675 698
675 704
675 727
675 1731
675 1811
675 1841
676 679
676 710
676 1359
676 1424
676 1638
677 701
677 708
677 718
677 719
677 1079
677 1211
677 1229
677 1609
677 1697
678 692
678 710
678 711
678 1620
678 1729
678 1869
679 681
679 698
679 901
679 1348
679 1890
680 682
680 699
680 704
680 705
680 1437
680 1495
680 1637
680 1853
681 695
681 706
681 1216
681 1761
682 687
682 691
682 701
682 704
682 793
682 797
682 818
682 856
682 1085
682 1528
683 693
683 702
683 706
683 710
683 711
683 716
683 1191
683 1389
683 1911
684 691
684 692
684 694
684 699
684 821
684 1654
685 692
685 697
685 704
685 1246
685 1549
686 707
686 709
686 713
686 714
686 925
686 1100
686 1373
686 1556
686 1903
687 700
687 706
687 707
687 713
687 968
687 1172
687 1360
687 1363
687 1534
688 768
688 1358
688 1539
688 1657
688 1803
688 1869
689 692
689 696
689 699
689 709
689 714
689 716
689 1010
689 1033
689 1489
689 1545
690 695
690 1458
690 1708
691 695
691 699
691 701
691 705
691 718
691 940
691 1675
692 703
692 732
692 1124
692 1501
692 1541
693 694
693 755
693 1559
693 1893
694 696
694 714
694 941
694 1266
694 1593
694 1745
694 1751
694 1777
695 696
695 703
695 707
695 717
695 763
695 1569
695 1914
696 796
696 983
696 1033
696 1643
696 1755
696 1896
697 705
697 708
697 747
697 1329
698 704
698 706
698 710
698 763
698 1098
698 1218
698 1342
698 1552
698 1559
698 1853
699 714
699 717
699 1761
700 717
700 1019
701 706
701 707
701 714
701 717
701 719
701 968
701 1369
701 1603
701 1790
701 1809
702 705
702 1006
702 1011
702 1022
702 1273
702 1651
702 1803
702 1861
703 707
703 710
703 719
703 782
704 737
704 831
704 1142
704 1630
705 841
705 1107
705 1119
705 1484
706 707
706 709
706 719
706 791
706 1068
706 1478
706 1495
707 709
707 768
707 1817
708 755
708 769
708 856
708 888
708 1609
709 711
709 714
709 716
709 718
709 1396
709 1502
710 712
710 1560
710 1758
710 1854
711 714
711 716
711 985
711 1574
712 1069
712 1148
712 1234
712 1367
712 1697
713 1041
713 1057
713 1577
714 731
714 1549
714 1790
714 1854
715 718
715 1141
715 1343
715 1791
716 1301
716 1356
717 1419
717 1608
718 780
718 967
718 1160
718 1231
718 1313
719 744
719 828
719 1148
719 1465
719 1521
719 1593
719 1796
719 1865
720 727
720 728
720 760
720 761
720 764
720 771
720 774
720 787
720 795
720 816
720 817
720 828
720 831
720 839
720 846
720 849
720 859
720 864
720 869
720 880
720 881
720 902
720 909
720 924
720 939
720 957
720 977
720 1170
721 722
721 723
721 737
721 742
721 744
721 751
721 767
721 783
721 836
721 841
721 848
721 852
721 873
721 930
721 948
721 955
721 1330
721 1444
721 1618
721 1656
722 733
722 736
722 737
722 738
722 740
722 752
722 753
722 760
722 774
722 780
722 808
722 810
722 827
722 835
722 857
722 865
722 873
722 891
722 895
722 903
722 910
722 916
722 919
722 929
722 959
722 1294
722 1527
722 1846
723 726
723 750
723 765
723 768
723 782
723 785
723 805
723 809
723 817
723 831
723 840
723 857
723 859
723 884
723 886
723 905
723 918
723 926
723 928
723 931
723 935
723 943
723 952
723 966
723 1067
723 1211
723 1213
724 749
724 752
724 769
724 772
724 777
724 782
724 784
724 798
724 800
724 806
724 813
724 842
724 861
724 866
724 890
724 915
724 922
724 926
724 931
724 933
724 934
724 935
724 952
724 1163
724 1233
724 1497
724 1810
725 728
725 734
725 739
725 740
725 742
725 768
725 774
725 784
725 786
725 802
725 809
725 822
725 826
725 843
725 857
725 860
725 873
725 921
725 1340
725 1544
725 1559
726 737
726 739
726 752
726 753
726 755
726 757
726 759
726 766
726 767
726 780
726 790
726 810
726 821
726 824
726 827
726 828
726 835
726 847
726 865
726 889
726 916
726 922
726 923
726 929
726 937
726 1191
726 1609
727 740
727 754
727 763
727 800
727 833
727 842
727 848
727 849
727 858
727 863
727 864
727 868
727 915
727 917
727 922
727 943
727 946
727 1108
727 1229
727 1523
727 1888
728 757
728 761
728 772
728 797
728 810
728 826
728 829
728 830
728 831
728 842
728 853
728 857
728 864
728 877
728 885
728 886
728 916
728 930
728 946
728 949
728 950
728 956
728 970
728 1044
728 1597
728 1616
729 734
729 736
729 739
729 746
729 749
729 750
729 760
729 782
729 785
729 789
729 793
729 798
729 802
729 811
729 822
729 829
729 831
729 835
729 839
729 852
729 855
729 858
729 866
729 869
729 870
729 871
729 876
729 877
729 903
729 904
729 950
729 952
729 957
729 958
729 1110
729 1349
729 1424
729 1829
730 731
730 733
730 734
730 744
730 748
730 762
730 767
730 798
730 821
730 822
730 836
730 845
730 850
730 866
730 880
730 883
730 907
730 914
730 925
730 937
730 1474
730 1601
730 1867
731 738
731 739
731 742
731 744
731 748
731 750
731 751
731 765
731 778
731 789
731 802
731 817
731 828
731 834
731 843
731 854
731 864
731 884
731 893
731 898
731 917
731 930
731 944
731 948
731 952
731 956
731 1146
731 1796
732 741
732 754
732 756
732 758
732 775
732 779
732 780
732 796
732 802
732 804
732 807
732 808
732 818
732 822
732 848
732 862
732 864
732 881
732 897
732 904
732 923
732 933
732 945
732 952
733 746
733 751
733 760
733 765
733 771
733 781
733 785
733 791
733 801
733 803
733 814
733 818
733 820
733 834
733 839
733 841
733 847
733 862
733 870
733 907
733 914
733 918
733 920
733 927
733 931
733 936
733 1471
733 1845
733 1899
734 755
734 756
734 769
734 789
734 790
734 802
734 817
734 831
734 834
734 839
734 844
734 864
734 879
734 885
734 908
734 909
734 924
734 934
734 938
734 946
734 949
734 952
734 956
734 1125
735 754
735 774
735 777
735 784
735 792
735 805
735 811
735 821
735 852
735 864
735 876
735 891
735 895
735 900
735 906
735 914
735 920
735 930
735 950
735 952
735 1776
736 738
736 749
736 750
736 755
736 758
736 762
736 763
736 769
736 793
736 796
736 814
736 835
736 836
736 848
736 849
736 856
736 865
736 873
736 884
736 944
736 948
736 956
736 966
736 1229
736 1432
737 747
737 757
737 758
737 779
737 784
737 785
737 789
737 802
737 819
737 827
737 828
737 835
737 846
737 851
737 855
737 861
737 865
737 885
737 886
737 888
737 893
737 916
737 917
737 920
737 941
737 1615
738 752
738 758
738 770
738 784
738 802
738 817
738 847
738 852
738 883
738 890
738 891
738 934
738 943
739 745
739 782
739 786
739 792
739 794
739 796
739 799
739 808
739 830
739 838
739 850
739 878
739 889
739 894
739 913
739 918
739 920
739 937
739 939
739 944
739 1276
739 1793
740 745
740 747
740 748
740 753
740 762
740 769
740 775
740 789
740 790
740 791
740 802
740 821
740 828
740 833
740 843
740 858
740 859
740 881
740 884
740 900
740 907
740 908
740 931
740 935
740 1629
740 1642
740 1725
740 1804
741 744
741 770
741 780
741 790
741 791
741 810
741 838
741 846
741 851
741 853
741 863
741 869
741 873
741 877
741 912
741 921
741 926
741 942
741 1035
741 1083
741 1284
741 1328
741 1707
742 754
742 762
742 775
742 778
742 797
742 799
742 837
742 838
742 847
742 868
742 872
742 878
742 881
742 890
742 891
742 909
742 920
742 932
742 934
742 947
742 951
742 958
742 1635
743 747
743 771
743 782
743 788
743 796
743 804
743 812
743 814
743 822
743 836
743 838
743 857
743 870
743 877
743 893
743 901
743 919
743 921
743 928
743 932
743 954
743 955
743 1142
744 747
744 749
744 751
744 765
744 769
744 776
744 784
744 799
744 801
744 806
744 810
744 817
744 821
744 827
744 831
744 842
744 869
744 873
744 881
744 883
744 886
744 912
744 922
744 948
744 957
744 1121
744 1760
744 1880
745 750
745 754
745 760
745 764
745 783
745 791
745 795
745 797
745 799
745 802
745 806
745 825
745 831
745 854
745 862
745 889
745 918
745 931
745 1447
745 1673
745 1698
746 749
746 765
746 767
746 768
746 805
746 818
746 821
746 833
746 847
746 862
746 865
746 868
746 876
746 882
746 883
746 885
746 919
746 935
746 939
746 946
746 958
746 1124
746 1418
746 1619
746 1838
747 754
747 757
747 769
747 773
747 782
747 790
747 791
747 792
747 796
747 802
747 824
747 830
747 861
747 894
747 915
747 916
747 917
747 922
747 932
747 946
747 949
747 951
747 957
747 959
747 1752
747 1788
748 753
748 757
748 763
748 780
748 785
748 790
748 817
748 818
748 835
748 872
748 876
748 880
748 884
748 885
748 886
748 900
748 902
748 910
748 927
748 928
748 941
748 946
748 1178
748 1740
748 1884
749 752
749 756
749 772
749 776
749 779
749 794
749 799
749 818
749 826
749 829
749 855
749 860
749 864
749 918
749 926
749 947
749 948
749 957
749 1213
749 1686
750 767
750 787
750 792
750 825
750 848
750 849
750 857
750 874
750 875
750 883
750 895
750 901
750 913
750 915
750 918
750 923
750 944
750 948
750 1287
750 1533
750 1808
750 1850
751 762
751 763
751 764
751 775
751 776
751 782
751 785
751 794
751 796
751 806
751 824
751 829
751 865
751 866
751 871
751 890
751 893
751 909
751 930
751 944
751 955
751 1052
751 1071
751 1656
751 1881
752 762
752 802
752 803
752 807
752 819
752 825
752 839
752 847
752 855
752 860
752 865
752 870
752 871
752 877
752 889
752 897
752 920
752 959
752 972
752 1411
752 1549
752 1642
753 773
753 781
753 811
753 814
753 819
753 821
753 828
753 829
753 840
753 842
753 848
753 852
753 853
753 859
753 884
753 890
753 907
753 926
753 943
753 1392
753 1589
754 768
754 776
754 785
754 807
754 808
754 851
754 855
754 871
754 873
754 874
754 875
754 877
754 878
754 880
754 884
754 891
754 906
754 1188
754 1865
755 764
755 795
755 802
755 803
755 851
755 853
755 876
755 879
755 899
755 906
755 907
755 919
755 935
755 936
755 941
755 1179
755 1225
755 1700
756 769
756 770
756 771
756 774
756 782
756 787
756 794
756 809
756 810
756 822
756 825
756 851
756 863
756 885
756 888
756 890
756 899
756 918
756 920
756 937
756 938
756 945
756 954
756 957
756 1276
756 1437
757 765
757 773
757 805
757 810
757 826
757 855
757 871
757 873
757 896
757 900
757 901
757 904
757 938
757 944
757 1133
757 1258
757 1471
758 760
758 769
758 772
758 824
758 831
758 852
758 856
758 886
758 913
758 917
758 926
758 927
758 928
758 930
758 931
758 933
758 936
758 938
758 943
758 1068
758 1446
758 1498
758 1515
758 1880
759 770
759 771
759 777
759 794
759 795
759 809
759 849
759 878
759 881
759 884
759 886
759 896
759 901
759 905
759 908
759 911
759 919
759 923
759 956
759 957
759 1459
759 1658
759 1759
759 1888
760 763
760 773
760 782
760 794
760 795
760 817
760 827
760 828
760 842
760 855
760 867
760 879
760 883
760 895
760 899
760 901
760 906
760 914
760 933
760 941
760 954
760 958
760 1067
760 1123
760 1196
761 780
761 786
761 788
761 790
761 791
761 806
761 815
761 817
761 839
761 847
761 850
761 860
761 863
761 874
761 897
761 920
761 943
761 946
761 956
761 1017
761 1114
761 1337
761 1682
762 766
762 775
762 784
762 797
762 800
762 815
762 828
762 861
762 866
762 869
762 873
762 876
762 917
762 940
762 944
762 1282
762 1509
762 1583
762 1758
763 775
763 788
763 796
763 803
763 813
763 832
763 835
763 838
763 843
763 845
763 867
763 868
763 879
763 898
763 914
763 923
763 931
763 940
763 948
763 956
763 1096
763 1598
763 1802
764 765
764 775
764 778
764 779
764 780
764 791
764 794
764 797
764 804
764 814
764 822
764 845
764 863
764 874
764 876
764 879
764 887
764 889
764 912
764 920
764 923
764 946
764 1108
764 1491
764 1510
764 1644
765 781
765 784
765 792
765 834
765 844
765 855
765 876
765 915
765 923
765 929
765 966
765 1310
765 1405
765 1439
765 1646
765 1826
766 769
766 776
766 790
766 792
766 795
766 817
766 818
766 827
766 832
766 835
766 847
766 861
766 890
766 898
766 902
766 917
766 928
766 931
766 938
766 1501
766 1553
766 1787
767 775
767 809
767 810
767 811
767 823
767 834
767 843
767 867
767 895
767 899
767 909
767 912
767 937
767 942
767 1371
767 1702
767 1787
768 782
768 783
768 786
768 806
768 821
768 824
768 837
768 844
768 875
768 877
768 902
768 925
768 926
768 929
768 953
768 1419
769 773
769 777
769 778
769 790
769 814
769 815
769 817
769 819
769 822
769 825
769 847
769 849
769 855
769 868
769 878
769 894
769 896
769 900
769 930
769 955
769 1138
769 1486
770 785
770 793
770 802
770 818
770 819
770 849
770 857
770 868
770 869
770 882
770 884
770 897
770 922
770 927
771 775
771 794
771 806
771 819
771 821
771 829
771 835
771 847
771 851
771 854
771 868
771 895
771 897
771 911
771 916
771 927
771 929
771 934
771 942
771 952
771 954
771 1108
771 1217
771 1335
771 1867
772 773
772 788
772 794
772 795
772 796
772 803
772 811
772 836
772 844
772 860
772 871
772 892
772 894
772 911
772 938
772 949
772 954
772 1016
772 1029
772 1545
772 1816
773 782
773 783
773 805
773 813
773 830
773 835
773 841
773 842
773 857
773 866
773 874
773 891
773 896
773 909
773 913
773 918
773 924
773 928
773 943
773 946
773 951
773 959
773 1114
773 1345
773 1425
773 1426
774 776
774 785
774 789
774 804
774 805
774 825
774 835
774 838
774 869
774 883
774 884
774 889
774 890
774 898
774 902
774 918
774 925
774 928
774 935
774 945
774 1127
774 1289
774 1531
775 787
775 801
775 803
775 809
775 810
775 813
775 821
775 829
775 855
775 860
775 869
775 870
775 884
775 897
775 925
775 926
775 928
775 938
775 1378
775 1420
776 778
776 784
776 792
776 800
776 822
776 825
776 835
776 848
776 866
776 932
776 1743
776 1873
777 793
777 794
777 798
777 801
777 812
777 813
777 857
777 861
777 863
777 887
777 896
777 912
777 913
777 925
777 959
777 1191
777 1374
778 787
778 788
778 790
778 797
778 798
778 800
778 807
778 817
778 818
778 827
778 835
778 846
778 851
778 852
778 883
778 891
778 914
778 928
778 932
778 942
778 943
778 951
778 1419
778 1445
778 1754
779 781
779 791
779 829
779 846
779 866
779 886
779 912
779 948
779 950
779 1168
779 1203
779 1748
779 1877
780 782
780 809
780 813
780 834
780 845
780 880
780 883
780 903
780 910
780 932
780 936
780 949
780 956
781 788
781 810
781 816
781 824
781 840
781 847
781 852
781 855
781 857
781 872
781 873
781 876
781 878
781 883
781 894
781 912
781 917
781 925
781 928
781 931
781 933
781 945
781 951
781 954
781 969
781 987
781 1068
781 1138
781 1534
781 1766
781 1773
782 784
782 789
782 815
782 838
782 842
782 856
782 868
782 878
782 880
782 882
782 888
782 890
782 914
782 915
782 944
782 948
782 951
782 1288
783 792
783 793
783 800
783 817
783 822
783 832
783 834
783 848
783 858
783 863
783 897
783 898
783 916
783 923
783 1498
783 1750
784 792
784 796
784 816
784 822
784 834
784 839
784 844
784 861
784 889
784 893
784 897
784 912
784 951
784 956
784 1226
784 1315
784 1359
784 1665
785 788
785 805
785 810
785 817
785 818
785 825
785 842
785 845
785 862
785 870
785 882
785 911
785 913
785 928
785 1235
785 1294
785 1668
785 1867
786 791
786 793
786 810
786 822
786 837
786 847
786 857
786 879
786 889
786 890
786 896
786 912
786 918
786 930
786 940
786 1424
786 1493
786 1615
786 1733
786 1745
787 788
787 791
787 792
787 823
787 827
787 832
787 839
787 858
787 873
787 881
787 883
787 891
787 931
787 950
787 959
787 1108
787 1356
787 1374
787 1588
788 800
788 819
788 854
788 855
788 858
788 879
788 885
788 899
788 903
788 913
788 924
788 927
788 928
788 931
788 941
788 945
788 948
788 953
788 959
788 1140
788 1435
788 1560
788 1617
788 1821
789 795
789 809
789 862
789 871
789 872
789 885
789 887
789 904
789 913
789 914
789 915
789 925
789 930
789 1470
790 796
790 822
790 824
790 832
790 839
790 849
790 865
790 866
790 879
790 900
790 923
790 929
790 931
790 942
790 947
790 956
790 972
790 1034
790 1435
790 1784
791 802
791 805
791 807
791 811
791 868
791 873
791 880
791 912
791 922
791 923
791 929
791 940
791 941
791 945
791 1315
791 1349
792 812
792 814
792 816
792 829
792 831
792 833
792 849
792 854
792 871
792 874
792 887
792 888
792 916
792 922
792 925
792 927
792 929
792 939
792 950
792 952
792 958
792 1018
792 1751
793 805
793 814
793 825
793 838
793 854
793 862
793 863
793 866
793 880
793 901
793 909
793 913
793 918
793 929
793 942
793 945
793 946
793 948
793 956
793 992
793 1304
793 1358
793 1815
794 808
794 812
794 813
794 827
794 841
794 850
794 853
794 855
794 885
794 894
794 895
794 897
794 900
794 921
794 928
794 959
794 1313
794 1439
794 1595
794 1609
794 1834
795 800
795 802
795 823
795 828
795 830
795 835
795 836
795 860
795 867
795 878
795 884
795 885
795 891
795 894
795 905
795 927
795 932
795 948
795 953
795 958
795 1365
795 1535
796 802
796 825
796 837
796 838
796 850
796 851
796 863
796 869
796 883
796 898
796 915
796 925
796 931
796 936
796 957
796 978
796 1220
796 1489
797 817
797 820
797 836
797 844
797 850
797 859
797 875
797 876
797 885
797 893
797 908
797 912
797 927
797 941
797 1749
797 1814
798 807
798 808
798 851
798 852
798 856
798 859
798 883
798 893
798 909
798 928
798 932
798 953
798 1628
798 1717
798 1899
799 809
799 844
799 848
799 850
799 855
799 862
799 874
799 885
799 889
799 898
799 913
799 914
799 932
799 946
799 949
799 956
799 957
799 1342
799 1489
799 1902
800 812
800 826
800 834
800 844
800 854
800 858
800 859
800 860
800 862
800 863
800 872
800 887
800 892
800 916
800 918
800 924
800 927
800 937
800 938
800 940
800 958
800 1293
800 1312
800 1330
800 1591
800 1597
800 1802
801 821
801 835
801 840
801 848
801 859
801 887
801 901
801 911
801 915
801 939
801 1008
801 1121
801 1214
801 1394
801 1413
802 807
802 811
802 820
802 826
802 827
802 838
802 844
802 847
802 864
802 866
802 876
802 880
802 893
802 894
802 895
802 901
802 907
802 913
802 925
802 935
802 937
802 938
802 944
802 945
802 1112
802 1226
802 1569
802 1608
802 1621
803 819
803 828
803 831
803 835
803 838
803 849
803 855
803 869
803 870
803 879
803 881
803 900
803 902
803 907
803 916
803 925
803 935
803 946
803 949
803 1047
803 1052
803 1144
803 1326
803 1540
803 1569
803 1905
804 814
804 825
804 836
804 848
804 865
804 884
804 907
804 908
804 921
804 922
804 937
804 947
804 1167
804 1236
804 1769
805 811
805 819
805 833
805 835
805 845
805 854
805 870
805 871
805 881
805 903
805 915
805 923
805 942
805 944
805 953
805 955
805 984
805 1361
805 1405
805 1418
805 1597
806 830
806 855
806 858
806 860
806 863
806 890
806 892
806 907
806 908
806 909
806 920
806 925
806 927
806 928
806 950
807 811
807 814
807 824
807 830
807 831
807 843
807 849
807 864
807 870
807 877
807 893
807 895
807 901
807 943
807 947
807 954
807 1016
807 1257
807 1396
807 1418
807 1540
807 1583
808 809
808 822
808 823
808 824
808 833
808 871
808 875
808 886
808 887
808 897
808 912
808 921
808 922
808 923
808 926
808 938
808 946
808 951
808 1196
808 1566
808 1762
809 834
809 836
809 851
809 856
809 857
809 862
809 866
809 871
809 873
809 888
809 889
809 895
809 896
809 908
809 909
809 910
809 915
809 917
809 935
809 956
809 1118
809 1884
810 813
810 814
810 818
810 847
810 856
810 867
810 879
810 883
810 889
810 890
810 906
810 932
810 934
810 936
810 949
810 1255
811 819
811 820
811 827
811 848
811 852
811 855
811 862
811 865
811 873
811 885
811 890
811 905
811 913
811 943
811 950
811 1611
811 1675
811 1851
812 821
812 834
812 854
812 863
812 865
812 894
812 905
812 915
812 918
812 919
812 947
812 1222
812 1695
812 1839
813 816
813 818
813 820
813 830
813 848
813 853
813 855
813 859
813 862
813 893
813 919
813 939
813 957
814 821
814 824
814 828
814 842
814 844
814 845
814 863
814 891
814 894
814 901
814 902
814 919
814 924
814 950
814 952
814 955
814 1041
814 1044
814 1152
814 1184
815 816
815 818
815 836
815 857
815 864
815 868
815 896
815 903
815 904
815 905
815 911
815 935
815 1066
815 1229
815 1562
815 1822
815 1871
815 1919
816 825
816 834
816 844
816 846
816 870
816 881
816 891
816 911
816 925
816 941
816 942
816 946
816 1256
816 1806
817 830
817 850
817 852
817 856
817 863
817 883
817 892
817 909
817 934
817 956
818 821
818 836
818 845
818 847
818 873
818 877
818 917
818 924
818 954
818 1330
818 1398
818 1790
819 826
819 833
819 838
819 851
819 857
819 863
819 869
819 870
819 894
819 906
819 914
819 923
819 948
819 950
819 959
819 1032
819 1036
819 1350
820 829
820 846
820 861
820 870
820 884
820 888
820 910
820 921
820 930
820 1363
821 836
821 845
821 848
821 853
821 859
821 874
821 883
821 904
821 907
821 909
821 917
821 938
821 956
821 1375
821 1424
822 828
822 830
822 835
822 836
822 840
822 843
822 847
822 849
822 858
822 861
822 871
822 881
822 883
822 900
822 907
822 913
822 924
822 925
822 933
822 949
822 956
822 1084
822 1145
822 1679
822 1702
822 1783
822 1819
823 853
823 875
823 876
823 886
823 888
823 893
823 898
823 910
823 933
823 1356
824 826
824 830
824 831
824 832
824 837
824 843
824 853
824 856
824 866
824 876
824 883
824 889
824 893
824 929
824 944
824 947
824 953
824 1017
824 1206
824 1670
824 1733
825 837
825 849
825 850
825 867
825 869
825 878
825 884
825 891
825 908
825 911
825 925
825 928
825 932
825 1003
825 1558
825 1684
825 1850
826 844
826 858
826 887
826 896
826 899
826 922
826 935
826 939
826 945
826 951
826 1023
826 1315
826 1757
826 1874
826 1900
827 829
827 836
827 844
827 861
827 874
827 881
827 888
827 898
827 919
827 929
827 933
827 937
827 956
827 1247
827 1261
827 1426
827 1779
828 856
828 865
828 867
828 873
828 874
828 894
828 907
828 916
828 931
828 954
828 959
828 1378
828 1384
828 1651
828 1759
828 1833
829 831
829 844
829 862
829 874
829 899
829 901
829 903
829 922
829 927
829 929
829 934
829 945
829 953
829 956
829 1592
829 1721
829 1838
830 841
830 847
830 852
830 863
830 864
830 867
830 869
830 880
830 909
830 922
830 940
831 845
831 872
831 873
831 877
831 887
831 891
831 902
831 909
831 939
831 1062
831 1201
831 1476
831 1519
831 1539
831 1898
832 835
832 844
832 852
832 863
832 864
832 872
832 884
832 890
832 891
832 894
832 933
832 1278
832 1388
832 1448
832 1510
832 1645
832 1746
833 873
833 896
833 901
833 902
833 907
833 925
833 951
833 955
833 956
833 957
833 1188
833 1278
833 1890
834 837
834 847
834 872
834 894
834 901
834 903
834 927
834 942
834 1690
834 1790
834 1802
835 857
835 865
835 871
835 890
835 915
835 931
835 932
835 945
835 950
835 1129
835 1566
836 837
836 845
836 854
836 870
836 874
836 886
836 891
836 913
836 939
836 944
836 975
836 1125
836 1210
836 1282
836 1620
836 1865
837 845
837 847
837 851
837 860
837 863
837 874
837 875
837 882
837 885
837 902
837 921
837 927
837 928
837 931
837 946
837 948
837 1439
837 1493
837 1510
837 1792
838 839
838 854
838 858
838 859
838 885
838 886
838 898
838 901
838 915
838 926
838 935
838 936
838 948
838 1117
838 1498
838 1501
838 1797
839 841
839 866
839 868
839 888
839 889
839 890
839 895
839 905
839 910
839 938
839 944
839 956
839 1661
839 1683
839 1689
840 844
840 854
840 872
840 884
840 903
840 1026
840 1164
841 846
841 847
841 855
841 893
841 900
841 906
841 907
841 908
841 921
841 929
841 939
841 1248
841 1345
841 1589
842 859
842 891
842 911
842 930
842 949
842 1519
842 1802
843 852
843 860
843 867
843 872
843 877
843 879
843 888
843 898
843 906
843 911
843 923
843 933
843 945
843 948
843 949
843 956
843 958
843 1210
843 1497
844 846
844 848
844 862
844 864
844 865
844 880
844 882
844 891
844 894
844 903
844 908
844 915
844 920
844 921
844 933
844 934
844 938
844 959
844 1449
845 846
845 848
845 885
845 900
845 904
845 913
845 914
845 947
845 948
845 952
845 953
845 1784
846 853
846 861
846 866
846 869
846 878
846 887
846 891
846 895
846 898
846 908
846 928
846 929
846 932
846 942
846 953
846 955
846 1056
846 1480
846 1653
846 1913
846 1914
847 849
847 855
847 874
847 890
847 941
847 946
847 950
847 955
848 849
848 852
848 864
848 883
848 892
848 913
848 933
848 953
848 955
848 1104
848 1117
848 1170
848 1318
849 851
849 852
849 868
849 871
849 888
849 898
849 903
849 909
849 914
849 925
849 927
849 930
849 931
849 933
849 939
849 948
849 1521
849 1571
849 1851
850 853
850 855
850 856
850 868
850 883
850 887
850 892
850 896
850 918
850 924
850 955
850 958
850 1279
850 1530
850 1590
850 1881
851 863
851 889
851 896
851 935
851 950
851 1173
851 1757
852 871
852 905
852 913
852 917
852 952
852 953
852 970
852 1108
852 1268
853 864
853 867
853 869
853 873
853 876
853 880
853 890
853 906
853 908
853 912
853 933
853 934
853 954
853 1566
854 871
854 876
854 883
854 884
854 896
854 897
854 900
854 901
854 904
854 913
854 926
854 936
854 940
854 946
854 1398
854 1419
854 1671
855 858
855 862
855 877
855 891
855 896
855 903
855 912
855 924
855 925
855 942
855 944
855 951
855 952
855 1101
855 1514
855 1593
855 1767
856 877
856 881
856 904
856 913
856 944
856 957
856 958
856 1237
856 1746
857 858
857 885
857 888
857 892
857 903
857 927
857 936
857 951
857 959
857 1574
857 1711
858 894
858 895
858 913
858 933
858 934
858 935
858 937
858 944
858 1693
859 910
859 924
859 930
859 945
859 957
859 1062
859 1243
859 1472
859 1479
860 874
860 876
860 877
860 913
860 935
860 943
860 990
860 1884
861 863
861 874
861 885
861 894
861 903
861 932
861 939
861 958
861 1474
861 1879
862 885
862 900
862 902
862 920
862 933
862 934
862 939
862 963
862 1480
862 1557
862 1570
862 1637
863 864
863 875
863 876
863 879
863 883
863 892
863 894
863 895
863 902
863 907
863 910
863 920
863 924
863 928
863 934
863 935
863 939
863 1114
864 868
864 899
864 918
864 927
864 935
864 942
864 952
864 956
864 958
864 1079
864 1235
864 1409
864 1488
864 1504
865 878
865 893
865 895
865 896
865 909
865 915
865 921
865 926
865 943
865 952
865 1218
865 1659
865 1731
866 895
866 903
866 907
866 913
866 930
866 932
866 934
866 942
866 943
866 951
866 1082
866 1388
867 885
867 893
867 897
867 903
867 919
867 920
867 927
867 928
867 948
867 950
867 951
867 954
867 959
867 1081
867 1178
867 1810
868 874
868 899
868 912
868 931
868 932
868 1519
868 1567
868 1646
868 1744
869 871
869 890
869 902
869 916
869 922
869 930
869 936
869 940
869 942
869 949
869 953
869 954
869 1139
869 1190
869 1399
869 1571
869 1836
870 898
870 901
870 904
870 910
870 919
870 938
870 945
870 951
870 958
870 1007
870 1564
870 1628
870 1852
871 908
871 924
871 939
871 940
871 950
871 957
871 1053
871 1371
871 1523
871 1671
871 1710
871 1870
872 882
872 883
872 886
872 904
872 915
872 918
872 934
872 956
872 1218
872 1742
873 878
873 911
873 921
873 922
873 927
873 942
873 1150
873 1737
874 879
874 897
874 898
874 919
874 923
874 931
874 932
874 943
874 1249
874 1294
875 892
875 895
875 899
875 903
875 907
875 912
875 916
875 930
875 932
875 936
875 937
875 944
875 951
875 952
875 953
875 1422
875 1600
875 1827
875 1851
875 1857
876 922
876 953
876 957
876 1015
877 878
877 883
877 888
877 889
877 896
877 904
877 908
877 921
877 924
877 931
877 949
877 1724
878 885
878 914
878 916
878 921
878 923
878 926
878 927
878 929
878 935
878 938
878 951
878 1363
878 1429
879 881
879 896
879 902
879 1030
879 1127
879 1822
880 885
880 888
880 889
880 895
880 902
880 934
880 939
880 948
880 1001
881 904
881 920
881 1163
881 1424
882 900
882 909
882 921
882 922
882 957
882 1013
882 1113
882 1310
882 1378
882 1456
883 887
883 902
883 903
883 905
883 907
883 910
883 911
883 912
883 915
883 949
883 1396
883 1892
884 885
884 889
884 915
884 928
884 929
884 933
884 949
884 958
884 1135
884 1145
884 1326
884 1374
884 1386
884 1467
884 1518
884 1721
884 1874
885 890
885 908
885 938
885 953
885 955
885 1084
885 1501
885 1630
885 1775
886 908
886 917
886 928
886 936
886 937
886 1352
886 1555
886 1669
887 902
887 905
887 907
887 915
887 916
887 920
887 939
887 943
887 1130
887 1338
887 1619
887 1737
888 889
888 898
888 905
888 908
888 912
888 927
888 938
888 1130
888 1256
888 1310
888 1387
888 1461
888 1502
889 894
889 898
889 907
889 937
889 952
889 954
889 959
890 907
890 911
890 922
890 943
890 947
890 950
890 995
890 1123
890 1556
890 1735
891 910
891 911
891 916
891 917
891 939
891 1417
891 1432
891 1502
891 1678
892 893
892 910
892 911
892 925
892 936
892 942
892 948
892 954
892 958
892 959
893 916
893 920
893 922
893 942
893 950
893 1364
893 1372
893 1561
894 903
894 934
894 938
894 954
894 1006
894 1037
894 1688
895 898
895 901
895 913
895 914
895 922
895 932
895 938
895 940
895 946
895 947
895 949
895 952
895 958
895 1178
895 1515
895 1654
896 906
896 927
896 938
896 975
896 1103
897 898
897 901
897 922
897 940
897 945
897 951
897 1710
898 903
898 922
898 942
898 955
898 1082
898 1342
898 1477
898 1496
899 902
899 908
899 924
899 940
899 953
899 954
899 1108
899 1820
900 908
900 913
900 920
900 925
900 945
900 947
900 953
900 955
900 1473
900 1478
900 1857
901 905
901 913
901 914
901 916
901 919
901 943
901 947
901 1341
901 1344
901 1431
902 905
902 947
902 951
903 906
903 907
903 910
903 920
903 927
903 936
903 1254
903 1443
904 917
904 933
904 937
904 945
904 953
904 959
904 1048
904 1213
904 1319
904 1507
905 940
905 953
905 959
906 908
906 910
906 927
906 971
906 1200
906 1416
906 1828
907 909
907 928
907 929
907 1497
907 1671
907 1796
907 1841
908 911
908 923
908 934
908 941
908 949
908 951
908 952
908 953
908 1131
908 1417
909 910
909 917
909 918
909 921
909 933
909 943
909 953
909 963
909 1297
909 1301
910 914
910 925
910 935
910 948
910 952
910 1035
910 1112
910 1831
910 1844
911 916
911 930
911 957
911 1161
911 1265
911 1465
911 1814
912 914
912 921
912 936
912 941
912 942
912 945
912 948
912 1179
912 1222
912 1499
912 1506
912 1814
912 1865
912 1877
912 1920
913 920
913 922
913 937
913 938
913 951
913 955
913 1061
913 1128
913 1229
913 1293
914 919
914 937
914 938
914 940
914 947
914 1064
914 1134
914 1217
914 1419
914 1673
914 1920
915 916
915 920
915 934
915 935
915 939
915 948
915 956
915 1092
915 1101
915 1787
916 942
916 1158
916 1713
917 957
917 1198
917 1581
918 922
918 925
918 936
918 937
918 942
918 949
918 957
918 1129
918 1172
918 1291
918 1397
918 1783
918 1855
919 927
919 933
919 938
919 945
919 949
919 1366
919 1517
919 1595
919 1751
920 924
920 931
920 938
920 943
920 956
920 1102
920 1374
920 1397
920 1898
921 930
921 938
921 940
921 956
921 1091
921 1168
921 1204
922 954
922 959
922 1045
922 1128
922 1294
922 1297
923 926
923 957
923 993
923 1401
923 1648
923 1837
924 928
924 951
924 958
924 1435
924 1509
924 1600
924 1722
924 1907
925 935
925 947
925 950
925 1638
925 1738
926 959
926 1256
926 1722
927 936
927 949
927 957
927 1243
927 1460
927 1488
927 1620
928 949
928 959
928 1736
928 1863
929 940
929 946
929 954
929 959
929 973
929 1508
929 1511
930 931
930 937
930 939
930 949
930 954
930 984
930 1283
930 1285
930 1311
930 1519
930 1749
931 937
931 954
931 1141
931 1433
931 1621
932 944
932 958
932 1322
932 1452
932 1652
932 1683
932 1774
933 935
933 946
933 949
933 952
933 954
933 1438
933 1600
934 939
934 946
934 947
934 951
934 953
934 959
934 1044
934 1071
934 1323
934 1776
935 948
935 951
935 1031
935 1036
935 1180
936 954
936 990
936 1215
936 1254
936 1338
936 1457
936 1505
936 1596
936 1793
937 945
937 946
937 947
937 951
937 956
937 957
937 1332
937 1626
937 1661
937 1824
937 1826
938 954
938 1289
938 1792
939 941
939 1378
939 1388
939 1632
939 1641
940 943
940 944
940 956
940 1529
940 1568
940 1854
941 957
941 959
941 1323
941 1464
941 1478
941 1523
942 945
942 1031
942 1364
942 1373
943 951
943 1584
943 1713
944 946
944 949
944 1018
944 1091
944 1148
944 1254
944 1917
945 947
945 949
945 961
945 1665
946 957
946 958
946 1196
946 1344
947 950
947 959
947 1371
947 1410
948 959
948 1047
948 1264
948 1496
950 1145
950 1373
950 1781
951 1104
951 1147
951 1466
952 956
952 1143
953 957
953 1866
953 1886
953 1917
954 959
954 1000
954 1348
954 1365
955 956
955 1228
955 1318
955 1741
956 1109
956 1181
956 1787
956 1920
957 965
957 1057
957 1153
957 1193
957 1444
958 1819
958 1844
959 1248
959 1817
959 1851
960 968
960 972
960 977
960 981
960 982
960 988
960 1005
960 1007
960 1013
960 1020
960 1023
960 1030
960 1037
960 1051
960 1054
960 1061
960 1086
960 1093
960 1094
960 1107
960 1110
960 1111
960 1121
960 1138
960 1150
960 1170
960 1187
960 1192
960 1196
960 1198
960 1258
960 1733
961 971
961 973
961 995
961 1011
961 1029
961 1049
961 1053
961 1054
961 1062
961 1064
961 1071
961 1073
961 1082
961 1084
961 1087
961 1093
961 1096
961 1102
961 1115
961 1132
961 1146
961 1148
961 1157
961 1167
961 1174
961 1195
961 1198
962 964
962 1000
962 1002
962 1003
962 1012
962 1020
962 1036
962 1039
962 1041
962 1044
962 1049
962 1053
962 1066
962 1070
962 1082
962 1091
962 1126
962 1128
962 1130
962 1158
962 1167
962 1168
962 1178
962 1179
962 1255
962 1632
962 1713
963 968
963 984
963 987
963 996
963 1002
963 1005
963 1013
963 1017
963 1036
963 1038
963 1047
963 1054
963 1064
963 1076
963 1084
963 1087
963 1090
963 1091
963 1111
963 1116
963 1132
963 1135
963 1136
963 1162
963 1164
963 1169
963 1173
964 972
964 974
964 986
964 990
964 1013
964 1016
964 1021
964 1049
964 1052
964 1064
964 1070
964 1075
964 1084
964 1086
964 1105
964 1106
964 1125
964 1135
964 1171
964 1197
964 1211
964 1350
964 1462
964 1667
964 1835
965 969
965 978
965 988
965 1035
965 1066
965 1074
965 1076
965 1080
965 1082
965 1085
965 1088
965 1089
965 1096
965 1104
965 1123
965 1152
965 1154
965 1156
965 1169
965 1176
965 1180
965 1260
965 1300
965 1600
965 1752
965 1811
965 1850
965 1869
966 968
966 985
966 1011
966 1020
966 1033
966 1041
966 1061
966 1087
966 1106
966 1116
966 1136
966 1141
966 1143
966 1186
966 1518
966 1686
966 1807
967 972
967 986
967 988
967 1010
967 1024
967 1027
967 1032
967 1034
967 1041
967 1048
967 1054
967 1056
967 1065
967 1100
967 1153
967 1155
967 1167
967 1193
967 1196
967 1284
967 1489
967 1515
967 1608
967 1780
968 971
968 990
968 1000
968 1003
968 1005
968 1022
968 1037
968 1050
968 1055
968 1065
968 1073
968 1083
968 1104
968 1118
968 1126
968 1129
968 1132
968 1150
968 1159
968 1169
968 1174
968 1191
968 1198
968 1228
968 1475
968 1640
968 1693
968 1846
969 971
969 1009
969 1018
969 1050
969 1075
969 1085
969 1099
969 1131
969 1136
969 1139
969 1151
969 1153
969 1168
969 1196
969 1634
969 1854
969 1910
970 977
970 979
970 989
970 996
970 1005
970 1024
970 1036
970 1044
970 1056
970 1061
970 1081
970 1084
970 1090
970 1133
970 1137
970 1147
970 1156
970 1160
970 1251
970 1281
970 1574
970 1779
971 974
971 978
971 980
971 1026
971 1046
971 1056
971 1065
971 1071
971 1078
971 1083
971 1090
971 1103
971 1112
971 1118
971 1133
971 1137
971 1156
971 1164
971 1170
971 1172
971 1174
971 1175
971 1181
971 1195
971 1197
971 1653
971 1826
971 1909
972 986
972 987
972 992
972 1008
972 1019
972 1023
972 1038
972 1047
972 1049
972 1069
972 1075
972 1086
972 1090
972 1111
972 1115
972 1119
972 1124
972 1135
972 1143
972 1156
972 1159
972 1175
972 1193
972 1662
972 1813
973 1005
973 1021
973 1025
973 1030
973 1049
973 1061
973 1070
973 1081
973 1082
973 1097
973 1106
973 1113
973 1121
973 1133
973 1150
973 1151
973 1165
973 1174
973 1184
973 1493
973 1745
974 983
974 984
974 987
974 995
974 1026
974 1029
974 1045
974 1050
974 1058
974 1059
974 1078
974 1085
974 1112
974 1118
974 1132
974 1139
974 1162
974 1171
974 1174
974 1175
974 1178
974 1188
974 1244
975 981
975 996
975 1028
975 1040
975 1056
975 1080
975 1089
975 1103
975 1115
975 1127
975 1148
975 1150
975 1158
975 1168
975 1191
975 1194
975 1197
975 1459
975 1687
975 1850
976 992
976 1006
976 1022
976 1023
976 1026
976 1036
976 1037
976 1039
976 1063
976 1087
976 1089
976 1091
976 1094
976 1097
976 1102
976 1113
976 1118
976 1125
976 1129
976 1138
976 1166
976 1177
976 1193
976 1222
977 981
977 1033
977 1041
977 1060
977 1061
977 1074
977 1088
977 1100
977 1110
977 1122
977 1138
977 1139
977 1143
977 1230
977 1541
977 1563
978 999
978 1008
978 1036
978 1046
978 1048
978 1049
978 1059
978 1096
978 1101
978 1103
978 1141
978 1161
978 1177
978 1184
978 1185
978 1197
978 1259
978 1390
979 980
979 981
979 988
979 995
979 1024
979 1046
979 1048
979 1051
979 1056
979 1060
979 1066
979 1073
979 1077
979 1092
979 1112
979 1120
979 1152
979 1351
979 1686
979 1762
979 1803
980 984
980 1017
980 1033
980 1038
980 1042
980 1088
980 1092
980 1101
980 1111
980 1113
980 1120
980 1140
980 1144
980 1145
980 1153
980 1166
980 1170
980 1181
980 1187
980 1630
981 982
981 990
981 993
981 994
981 1008
981 1009
981 1028
981 1052
981 1053
981 1059
981 1061
981 1071
981 1074
981 1083
981 1089
981 1092
981 1093
981 1102
981 1105
981 1110
981 1117
981 1118
981 1154
981 1160
981 1164
981 1166
981 1188
981 1193
981 1289
981 1306
982 984
982 1009
982 1040
982 1046
982 1050
982 1051
982 1053
982 1062
982 1070
982 1076
982 1080
982 1099
982 1105
982 1116
982 1129
982 1131
982 1147
982 1154
982 1174
982 1184
982 1190
982 1196
982 1397
982 1605
982 1896
983 1007
983 1017
983 1021
983 1025
983 1026
983 1027
983 1031
983 1034
983 1035
983 1053
983 1076
983 1100
983 1101
983 1109
983 1118
983 1129
983 1151
983 1158
983 1161
983 1170
983 1191
983 1606
983 1609
984 985
984 987
984 998
984 1001
984 1019
984 1021
984 1065
984 1076
984 1080
984 1097
984 1109
984 1123
984 1150
984 1154
984 1161
984 1174
984 1188
984 1199
984 1709
984 1773
984 1908
985 988
985 1004
985 1018
985 1027
985 1031
985 1039
985 1041
985 1046
985 1048
985 1049
985 1079
985 1084
985 1095
985 1111
985 1116
985 1118
985 1127
985 1146
985 1148
985 1184
985 1694
985 1708
986 987
986 997
986 998
986 1000
986 1006
986 1018
986 1032
986 1067
986 1079
986 1083
986 1087
986 1088
986 1126
986 1132
986 1139
986 1157
986 1168
986 1189
986 1192
986 1242
986 1320
987 989
987 991
987 994
987 1026
987 1033
987 1036
987 1045
987 1059
987 1062
987 1071
987 1078
987 1097
987 1113
987 1127
987 1147
987 1157
987 1160
987 1167
987 1194
987 1195
987 1512
987 1647
987 1776
988 1003
988 1010
988 1015
988 1031
988 1033
988 1034
988 1050
988 1059
988 1063
988 1076
988 1082
988 1090
988 1092
988 1093
988 1102
988 1108
988 1114
988 1118
988 1122
988 1134
988 1151
988 1175
988 1187
988 1196
988 1276
988 1491
989 1004
989 1006
989 1013
989 1018
989 1028
989 1039
989 1042
989 1051
989 1078
989 1086
989 1106
989 1119
989 1129
989 1163
989 1172
989 1195
989 1599
989 1723
989 1735
990 999
990 1006
990 1026
990 1030
990 1037
990 1041
990 1044
990 1061
990 1085
990 1099
990 1127
990 1132
990 1139
990 1149
990 1184
990 1188
990 1193
990 1194
991 994
991 1013
991 1016
991 1019
991 1028
991 1040
991 1083
991 1090
991 1110
991 1124
991 1127
991 1135
991 1156
991 1162
991 1168
991 1169
991 1174
991 1176
991 1180
991 1185
991 1187
991 1192
991 1196
991 1349
991 1490
991 1583
991 1900
992 1001
992 1002
992 1010
992 1011
992 1036
992 1055
992 1059
992 1064
992 1069
992 1089
992 1104
992 1116
992 1142
992 1148
992 1163
992 1164
992 1167
992 1180
992 1181
992 1185
992 1190
992 1335
992 1382
992 1437
992 1507
992 1541
993 1013
993 1014
993 1047
993 1054
993 1074
993 1087
993 1098
993 1101
993 1109
993 1123
993 1125
993 1143
993 1185
993 1361
993 1471
994 1011
994 1023
994 1024
994 1025
994 1038
994 1064
994 1067
994 1081
994 1105
994 1106
994 1121
994 1125
994 1130
994 1138
994 1153
994 1156
994 1160
994 1194
994 1196
994 1309
994 1313
994 1595
995 1009
995 1033
995 1042
995 1064
995 1068
995 1097
995 1099
995 1105
995 1118
995 1120
995 1122
995 1124
995 1132
995 1147
995 1166
995 1169
995 1175
995 1199
995 1396
995 1668
996 1007
996 1010
996 1017
996 1040
996 1046
996 1056
996 1057
996 1060
996 1063
996 1077
996 1085
996 1087
996 1105
996 1107
996 1108
996 1131
996 1135
996 1141
996 1145
996 1148
996 1150
996 1153
996 1156
996 1175
996 1285
996 1774
996 1829
997 1000
997 1020
997 1022
997 1023
997 1025
997 1032
997 1045
997 1055
997 1059
997 1069
997 1080
997 1091
997 1112
997 1113
997 1137
997 1140
997 1157
997 1163
997 1170
997 1185
997 1193
997 1198
997 1199
997 1417
997 1823
998 1017
998 1024
998 1026
998 1029
998 1043
998 1054
998 1068
998 1069
998 1070
998 1089
998 1109
998 1137
998 1146
998 1160
998 1175
998 1191
998 1194
998 1640
999 1001
999 1025
999 1026
999 1037
999 1044
999 1060
999 1066
999 1068
999 1086
999 1088
999 1096
999 1124
999 1131
999 1145
999 1149
999 1167
999 1175
999 1177
999 1321
1000 1023
1000 1025
1000 1039
1000 1041
1000 1051
1000 1056
1000 1064
1000 1068
1000 1071
1000 1076
1000 1089
1000 1111
1000 1125
1000 1126
1000 1129
1000 1137
1000 1151
1000 1163
1000 1180
1000 1191
1000 1192
1000 1323
1001 1002
1001 1005
1001 1015
1001 1017
1001 1018
1001 1020
1001 1029
1001 1040
1001 1074
1001 1081
1001 1099
1001 1104
1001 1117
1001 1121
1001 1122
1001 1130
1001 1137
1001 1140
1001 1150
1001 1160
1001 1161
1001 1164
1001 1198
1001 1331
1001 1625
1002 1017
1002 1019
1002 1021
1002 1047
1002 1051
1002 1060
1002 1077
1002 1078
1002 1092
1002 1093
1002 1122
1002 1134
1002 1135
1002 1138
1002 1150
1002 1153
1002 1156
1002 1159
1002 1176
1002 1469
1002 1768
1002 1794
1002 1830
1003 1008
1003 1024
1003 1029
1003 1057
1003 1058
1003 1066
1003 1072
1003 1074
1003 1083
1003 1092
1003 1125
1003 1134
1003 1136
1003 1153
1003 1165
1003 1167
1003 1172
1003 1199
1003 1220
1003 1828
1004 1007
1004 1009
1004 1019
1004 1020
1004 1026
1004 1028
1004 1041
1004 1057
1004 1058
1004 1070
1004 1074
1004 1077
1004 1086
1004 1102
1004 1105
1004 1116
1004 1119
1004 1133
1004 1145
1004 1146
1004 1149
1004 1151
1004 1159
1004 1160
1004 1176
1004 1179
1004 1199
1004 1458
1004 1871
1005 1022
1005 1023
1005 1024
1005 1030
1005 1032
1005 1036
1005 1052
1005 1060
1005 1062
1005 1072
1005 1077
1005 1080
1005 1082
1005 1083
1005 1089
1005 1097
1005 1103
1005 1134
1005 1152
1005 1169
1005 1176
1005 1177
1005 1179
1005 1183
1005 1188
1005 1192
1005 1198
1006 1019
1006 1029
1006 1032
1006 1034
1006 1048
1006 1070
1006 1072
1006 1079
1006 1091
1006 1095
1006 1100
1006 1106
1006 1107
1006 1110
1006 1119
1006 1121
1006 1129
1006 1133
1006 1144
1006 1153
1006 1155
1006 1158
1006 1166
1006 1171
1006 1172
1007 1014
1007 1017
1007 1027
1007 1048
1007 1063
1007 1079
1007 1085
1007 1090
1007 1092
1007 1104
1007 1107
1007 1115
1007 1129
1007 1135
1007 1138
1007 1139
1007 1158
1007 1171
1007 1176
1007 1178
1007 1182
1007 1195
1007 1429
1007 1693
1008 1025
1008 1026
1008 1028
1008 1030
1008 1031
1008 1036
1008 1038
1008 1061
1008 1096
1008 1097
1008 1112
1008 1122
1008 1123
1008 1130
1008 1136
1008 1142
1008 1149
1008 1160
1008 1163
1008 1165
1008 1186
1008 1187
1008 1860
1009 1019
1009 1027
1009 1032
1009 1033
1009 1047
1009 1050
1009 1055
1009 1062
1009 1074
1009 1081
1009 1087
1009 1096
1009 1100
1009 1105
1009 1114
1009 1115
1009 1116
1009 1119
1009 1131
1009 1155
1009 1160
1009 1168
1009 1189
1009 1714
1009 1917
1010 1025
1010 1035
1010 1046
1010 1049
1010 1061
1010 1068
1010 1074
1010 1076
1010 1080
1010 1086
1010 1090
1010 1099
1010 1116
1010 1125
1010 1129
1010 1130
1010 1139
1010 1157
1010 1160
1010 1165
1010 1362
1010 1443
1010 1794
1011 1024
1011 1049
1011 1072
1011 1076
1011 1078
1011 1082
1011 1086
1011 1089
1011 1098
1011 1120
1011 1131
1011 1141
1011 1142
1011 1144
1011 1149
1011 1151
1011 1177
1011 1183
1011 1195
1011 1430
1011 1575
1012 1015
1012 1021
1012 1028
1012 1053
1012 1054
1012 1059
1012 1065
1012 1076
1012 1077
1012 1091
1012 1098
1012 1103
1012 1115
1012 1118
1012 1125
1012 1128
1012 1154
1012 1169
1012 1174
1012 1175
1012 1178
1012 1180
1012 1185
1012 1381
1012 1588
1013 1019
1013 1028
1013 1030
1013 1031
1013 1033
1013 1034
1013 1042
1013 1054
1013 1067
1013 1077
1013 1085
1013 1097
1013 1105
1013 1114
1013 1122
1013 1135
1013 1140
1013 1152
1013 1159
1013 1164
1013 1190
1013 1389
1013 1391
1013 1625
1013 1743
1014 1040
1014 1045
1014 1046
1014 1050
1014 1065
1014 1068
1014 1069
1014 1089
1014 1090
1014 1105
1014 1155
1014 1165
1014 1180
1014 1183
1014 1187
1014 1191
1015 1016
1015 1027
1015 1053
1015 1067
1015 1073
1015 1078
1015 1089
1015 1094
1015 1098
1015 1110
1015 1148
1015 1158
1015 1172
1015 1174
1015 1182
1015 1187
1015 1188
1015 1189
1015 1377
1015 1493
1015 1624
1016 1021
1016 1034
1016 1048
1016 1054
1016 1068
1016 1079
1016 1085
1016 1086
1016 1087
1016 1089
1016 1103
1016 1104
1016 1105
1016 1116
1016 1132
1016 1133
1016 1134
1016 1139
1016 1152
1016 1157
1016 1191
1016 1194
1016 1760
1017 1036
1017 1047
1017 1059
1017 1076
1017 1087
1017 1097
1017 1099
1017 1112
1017 1116
1017 1129
1017 1146
1017 1147
1017 1150
1017 1159
1017 1193
1017 1767
1018 1047
1018 1064
1018 1069
1018 1072
1018 1087
1018 1126
1018 1129
1018 1131
1018 1139
1018 1141
1018 1165
1018 1166
1018 1171
1018 1180
1018 1181
1018 1188
1018 1198
1019 1029
1019 1050
1019 1061
1019 1093
1019 1095
1019 1096
1019 1134
1019 1146
1019 1157
1019 1164
1019 1170
1019 1189
1019 1193
1019 1214
1019 1444
1019 1652
1020 1022
1020 1030
1020 1051
1020 1059
1020 1072
1020 1088
1020 1113
1020 1115
1020 1148
1020 1152
1020 1161
1020 1192
1020 1198
1020 1292
1020 1670
1020 1876
1020 1917
1021 1030
1021 1033
1021 1068
1021 1094
1021 1114
1021 1145
1021 1158
1021 1174
1021 1453
1021 1838
1022 1030
1022 1048
1022 1072
1022 1089
1022 1121
1022 1161
1022 1164
1022 1185
1022 1193
1023 1028
1023 1034
1023 1042
1023 1081
1023 1086
1023 1090
1023 1098
1023 1109
1023 1120
1023 1128
1023 1134
1023 1137
1023 1149
1023 1159
1023 1163
1023 1166
1023 1174
1023 1198
1023 1260
1023 1471
1024 1034
1024 1040
1024 1041
1024 1042
1024 1044
1024 1057
1024 1080
1024 1098
1024 1107
1024 1115
1024 1136
1024 1184
1024 1227
1024 1819
1024 1830
1025 1030
1025 1035
1025 1037
1025 1041
1025 1047
1025 1075
1025 1078
1025 1080
1025 1108
1025 1111
1025 1112
1025 1133
1025 1157
1025 1158
1025 1163
1025 1177
1025 1190
1025 1191
1025 1283
1026 1035
1026 1054
1026 1058
1026 1090
1026 1095
1026 1133
1026 1138
1026 1160
1026 1170
1026 1177
1026 1182
1026 1185
1026 1196
1027 1059
1027 1062
1027 1069
1027 1076
1027 1081
1027 1092
1027 1094
1027 1112
1027 1124
1027 1129
1027 1143
1027 1152
1027 1154
1027 1155
1027 1165
1027 1179
1027 1190
1027 1899
1028 1031
1028 1057
1028 1067
1028 1071
1028 1074
1028 1109
1028 1122
1028 1126
1028 1160
1028 1165
1028 1196
1028 1280
1028 1337
1028 1357
1028 1878
1029 1046
1029 1047
1029 1062
1029 1064
1029 1068
1029 1075
1029 1078
1029 1112
1029 1125
1029 1129
1029 1133
1029 1138
1029 1144
1029 1162
1029 1166
1029 1175
1029 1176
1029 1181
1029 1309
1029 1389
1029 1460
1029 1582
1029 1686
1029 1713
1029 1770
1029 1888
1030 1037
1030 1039
1030 1041
1030 1053
1030 1054
1030 1079
1030 1089
1030 1090
1030 1118
1030 1126
1030 1138
1030 1149
1030 1182
1031 1053
1031 1058
1031 1064
1031 1068
1031 1074
1031 1075
1031 1098
1031 1107
1031 1113
1031 1132
1031 1145
1031 1152
1031 1157
1031 1175
1031 1176
1031 1191
1031 1197
1031 1545
1031 1726
1032 1033
1032 1048
1032 1061
1032 1071
1032 1073
1032 1078
1032 1079
1032 1082
1032 1090
1032 1098
1032 1107
1032 1122
1032 1154
1032 1163
1032 1175
1032 1252
1032 1633
1032 1712
1032 1742
1032 1894
1033 1047
1033 1060
1033 1091
1033 1097
1033 1101
1033 1102
1033 1103
1033 1146
1033 1147
1033 1167
1033 1181
1033 1198
1033 1482
1033 1620
1033 1673
1034 1081
1034 1087
1034 1091
1034 1093
1034 1095
1034 1112
1034 1119
1034 1126
1034 1146
1034 1154
1034 1157
1034 1165
1034 1168
1034 1174
1034 1181
1034 1192
1034 1193
1034 1275
1034 1418
1034 1790
1034 1890
1035 1042
1035 1050
1035 1086
1035 1091
1035 1094
1035 1098
1035 1104
1035 1118
1035 1124
1035 1134
1035 1145
1035 1148
1035 1153
1035 1157
1035 1162
1035 1163
1035 1171
1035 1193
1035 1194
1035 1295
1035 1446
1036 1042
1036 1063
1036 1072
1036 1082
1036 1091
1036 1098
1036 1100
1036 1101
1036 1107
1036 1112
1036 1130
1036 1142
1036 1143
1036 1165
1036 1170
1036 1175
1036 1178
1036 1179
1036 1183
1036 1196
1037 1058
1037 1064
1037 1078
1037 1087
1037 1095
1037 1096
1037 1101
1037 1105
1037 1128
1037 1133
1037 1139
1037 1149
1037 1154
1037 1193
1037 1194
1037 1309
1037 1562
1037 1754
1038 1041
1038 1047
1038 1050
1038 1052
1038 1055
1038 1057
1038 1063
1038 1077
1038 1102
1038 1106
1038 1114
1038 1115
1038 1120
1038 1126
1038 1130
1038 1148
1038 1149
1038 1157
1038 1162
1038 1163
1038 1166
1038 1172
1038 1174
1038 1181
1038 1189
1038 1226
1038 1455
1038 1497
1038 1718
1039 1052
1039 1053
1039 1056
1039 1062
1039 1066
1039 1123
1039 1151
1039 1159
1039 1176
1039 1177
1039 1179
1039 1181
1039 1182
1039 1192
1039 1197
1039 1199
1039 1589
1039 1713
1039 1752
1039 1825
1039 1918
1040 1059
1040 1075
1040 1086
1040 1096
1040 1100
1040 1119
1040 1161
1040 1162
1040 1181
1040 1189
1040 1194
1040 1465
1041 1042
1041 1045
1041 1058
1041 1070
1041 1082
1041 1087
1041 1088
1041 1090
1041 1114
1041 1118
1041 1125
1041 1135
1041 1139
1041 1144
1041 1149
1041 1150
1041 1161
1041 1176
1041 1198
1041 1485
1041 1507
1041 1635
1041 1636
1041 1684
1042 1062
1042 1072
1042 1085
1042 1087
1042 1089
1042 1107
1042 1110
1042 1114
1042 1116
1042 1122
1042 1131
1042 1133
1042 1135
1042 1147
1042 1152
1042 1165
1042 1172
1042 1175
1042 1181
1042 1189
1042 1196
1042 1199
1042 1381
1043 1062
1043 1063
1043 1079
1043 1088
1043 1117
1043 1129
1043 1134
1043 1136
1043 1147
1043 1152
1043 1156
1043 1161
1043 1170
1043 1178
1044 1062
1044 1070
1044 1072
1044 1078
1044 1081
1044 1086
1044 1098
1044 1099
1044 1106
1044 1107
1044 1131
1044 1141
1044 1149
1044 1153
1044 1162
1044 1164
1044 1177
1044 1188
1044 1190
1044 1198
1044 1344
1044 1559
1045 1049
1045 1056
1045 1058
1045 1061
1045 1064
1045 1067
1045 1069
1045 1076
1045 1085
1045 1087
1045 1088
1045 1100
1045 1110
1045 1111
1045 1112
1045 1119
1045 1144
1045 1147
1045 1152
1045 1154
1045 1172
1045 1190
1045 1516
1045 1568
1045 1661
1045 1889
1046 1061
1046 1093
1046 1096
1046 1105
1046 1120
1046 1161
1046 1166
1046 1169
1046 1171
1046 1173
1046 1177
1046 1183
1046 1184
1046 1208
1046 1321
1046 1353
1047 1054
1047 1059
1047 1069
1047 1079
1047 1091
1047 1098
1047 1105
1047 1111
1047 1115
1047 1117
1047 1124
1047 1127
1047 1132
1047 1135
1047 1156
1047 1162
1047 1171
1047 1392
1047 1396
1047 1466
1047 1550
1047 1581
1047 1599
1047 1640
1048 1051
1048 1060
1048 1063
1048 1081
1048 1094
1048 1097
1048 1112
1048 1117
1048 1149
1048 1157
1048 1159
1048 1164
1048 1198
1048 1199
1048 1886
1049 1050
1049 1053
1049 1059
1049 1070
1049 1090
1049 1110
1049 1122
1049 1123
1049 1132
1049 1134
1049 1141
1049 1142
1049 1144
1049 1145
1049 1158
1049 1159
1049 1160
1049 1164
1049 1422
1050 1059
1050 1065
1050 1067
1050 1069
1050 1089
1050 1100
1050 1103
1050 1107
1050 1108
1050 1109
1050 1134
1050 1141
1050 1169
1050 1180
1050 1197
1051 1055
1051 1057
1051 1070
1051 1073
1051 1080
1051 1097
1051 1106
1051 1107
1051 1112
1051 1119
1051 1133
1051 1140
1051 1160
1051 1171
1051 1192
1051 1334
1051 1639
1051 1738
1052 1062
1052 1100
1052 1101
1052 1104
1052 1135
1052 1149
1052 1164
1052 1168
1052 1179
1052 1187
1052 1195
1052 1301
1052 1785
1053 1057
1053 1071
1053 1076
1053 1081
1053 1086
1053 1122
1053 1128
1053 1129
1053 1137
1053 1147
1053 1165
1053 1173
1053 1184
1053 1507
1053 1753
1053 1830
1054 1072
1054 1081
1054 1084
1054 1093
1054 1109
1054 1111
1054 1122
1054 1140
1054 1147
1054 1159
1054 1169
1054 1170
1054 1172
1054 1191
1054 1426
1054 1574
1054 1629
1055 1074
1055 1077
1055 1089
1055 1095
1055 1106
1055 1112
1055 1122
1055 1125
1055 1127
1055 1129
1055 1132
1055 1135
1055 1140
1055 1146
1055 1147
1055 1149
1055 1152
1055 1162
1055 1177
1055 1181
1055 1182
1055 1338
1055 1860
1056 1068
1056 1101
1056 1121
1056 1135
1056 1137
1056 1139
1056 1148
1056 1150
1056 1164
1056 1171
1056 1174
1056 1177
1056 1183
1056 1196
1056 1670
1056 1782
1057 1063
1057 1067
1057 1072
1057 1088
1057 1111
1057 1114
1057 1121
1057 1142
1057 1143
1057 1155
1057 1176
1057 1189
1057 1602
1057 1707
1058 1064
1058 1070
1058 1074
1058 1119
1058 1123
1058 1143
1058 1170
1058 1173
1058 1178
1058 1184
1058 1199
1059 1060
1059 1069
1059 1084
1059 1098
1059 1124
1059 1133
1059 1160
1059 1185
1059 1197
1059 1249
1059 1296
1060 1062
1060 1079
1060 1098
1060 1109
1060 1110
1060 1119
1060 1138
1060 1149
1060 1154
1060 1162
1060 1165
1060 1171
1060 1198
1060 1199
1060 1507
1060 1906
1061 1073
1061 1076
1061 1079
1061 1081
1061 1093
1061 1099
1061 1102
1061 1122
1061 1123
1061 1158
1061 1163
1061 1168
1061 1179
1061 1351
1061 1668
1061 1704
1061 1761
1061 1868
1062 1063
1062 1064
1062 1078
1062 1086
1062 1113
1062 1137
1062 1144
1062 1146
1062 1150
1062 1170
1062 1195
1062 1272
1063 1068
1063 1074
1063 1090
1063 1100
1063 1102
1063 1109
1063 1114
1063 1118
1063 1138
1063 1140
1063 1163
1063 1173
1063 1174
1063 1183
1063 1337
1063 1770
1063 1838
1063 1883
1063 1888
1064 1067
1064 1096
1064 1106
1064 1120
1064 1122
1064 1134
1064 1158
1064 1169
1064 1179
1064 1189
1064 1193
1064 1529
1064 1704
1065 1093
1065 1099
1065 1116
1065 1123
1065 1129
1065 1130
1065 1144
1065 1159
1065 1171
1065 1340
1065 1392
1065 1915
1066 1068
1066 1083
1066 1115
1066 1157
1066 1185
1066 1193
1066 1199
1066 1213
1066 1906
1067 1069
1067 1076
1067 1079
1067 1082
1067 1092
1067 1095
1067 1102
1067 1106
1067 1109
1067 1120
1067 1127
1067 1158
1067 1167
1067 1171
1067 1181
1067 1188
1067 1199
1067 1420
1067 1672
1067 1721
1068 1073
1068 1099
1068 1107
1068 1110
1068 1116
1068 1122
1068 1141
1068 1150
1068 1152
1068 1154
1068 1175
1068 1178
1068 1182
1068 1184
1068 1189
1068 1193
1068 1195
1068 1197
1068 1403
1068 1520
1068 1540
1068 1624
1068 1910
1069 1097
1069 1098
1069 1100
1069 1113
1069 1129
1069 1131
1069 1150
1069 1151
1069 1159
1069 1161
1069 1170
1069 1912
1070 1100
1070 1111
1070 1122
1070 1140
1070 1191
1070 1628
1070 1740
1070 1836
1071 1082
1071 1141
1071 1164
1071 1167
1071 1172
1071 1177
1071 1196
1071 1404
1071 1457
1071 1554
1072 1082
1072 1083
1072 1096
1072 1102
1072 1104
1072 1112
1072 1132
1072 1141
1072 1165
1072 1172
1072 1558
1072 1833
1073 1075
1073 1077
1073 1088
1073 1090
1073 1098
1073 1106
1073 1111
1073 1115
1073 1117
1073 1133
1073 1154
1073 1167
1073 1173
1073 1184
1074 1088
1074 1093
1074 1097
1074 1109
1074 1117
1074 1123
1074 1129
1074 1135
1074 1143
1074 1149
1074 1173
1074 1176
1074 1179
1074 1181
1074 1738
1074 1751
1075 1089
1075 1098
1075 1130
1075 1140
1075 1142
1075 1149
1075 1172
1075 1214
1075 1503
1076 1095
1076 1109
1076 1111
1076 1112
1076 1120
1076 1138
1076 1159
1076 1160
1076 1177
1076 1410
1076 1698
1077 1079
1077 1112
1077 1123
1077 1126
1077 1134
1077 1153
1077 1164
1077 1171
1077 1173
1077 1176
1077 1196
1077 1770
1077 1910
1078 1090
1078 1116
1078 1133
1078 1138
1078 1143
1078 1148
1078 1151
1078 1175
1078 1280
1078 1727
1078 1768
1078 1793
1079 1091
1079 1094
1079 1103
1079 1104
1079 1109
1079 1122
1079 1160
1079 1167
1079 1199
1079 1274
1079 1307
1079 1364
1079 1642
1079 1681
1079 1724
1080 1081
1080 1085
1080 1101
1080 1102
1080 1104
1080 1124
1080 1138
1080 1143
1080 1146
1080 1167
1080 1178
1080 1184
1080 1185
1080 1192
1080 1194
1080 1198
1080 1382
1081 1095
1081 1158
1081 1175
1081 1177
1081 1181
1081 1183
1081 1184
1081 1185
1081 1196
1081 1702
1082 1095
1082 1112
1082 1117
1082 1120
1082 1127
1082 1128
1082 1148
1082 1172
1082 1357
1082 1400
1082 1435
1083 1093
1083 1113
1083 1126
1083 1132
1083 1140
1083 1141
1083 1153
1083 1162
1083 1178
1084 1089
1084 1095
1084 1096
1084 1097
1084 1099
1084 1121
1084 1133
1084 1137
1084 1141
1084 1168
1084 1179
1084 1824
1085 1087
1085 1091
1085 1092
1085 1109
1085 1129
1085 1131
1085 1134
1085 1141
1085 1143
1085 1153
1085 1158
1085 1164
1085 1178
1085 1182
1085 1185
1085 1186
1085 1191
1085 1700
1085 1751
1086 1103
1086 1141
1086 1151
1086 1169
1086 1171
1086 1173
1086 1192
1086 1197
1086 1250
1086 1483
1086 1533
1086 1577
1086 1606
1086 1738
1087 1088
1087 1089
1087 1094
1087 1100
1087 1108
1087 1115
1087 1132
1087 1142
1087 1147
1087 1154
1087 1158
1087 1159
1087 1187
1087 1189
1087 1196
1087 1657
1087 1767
1088 1109
1088 1121
1088 1124
1088 1129
1088 1130
1088 1142
1088 1145
1088 1152
1088 1153
1088 1190
1088 1194
1088 1197
1088 1199
1088 1344
1088 1915
1089 1090
1089 1091
1089 1100
1089 1112
1089 1118
1089 1127
1089 1134
1089 1150
1089 1156
1089 1167
1089 1171
1089 1183
1089 1247
1089 1569
1089 1855
1089 1880
1090 1100
1090 1104
1090 1113
1090 1147
1090 1170
1090 1177
1090 1178
1090 1185
1090 1186
1090 1197
1090 1491
1090 1571
1091 1116
1091 1123
1091 1127
1091 1131
1091 1133
1091 1145
1091 1151
1091 1156
1091 1183
1091 1184
1091 1194
1091 1308
1092 1120
1092 1122
1092 1132
1092 1134
1092 1138
1092 1142
1092 1175
1092 1178
1092 1183
1092 1190
1092 1546
1093 1099
1093 1122
1093 1141
1093 1157
1093 1164
1093 1167
1093 1174
1093 1180
1093 1184
1093 1196
1093 1412
1093 1687
1094 1096
1094 1101
1094 1104
1094 1129
1094 1141
1094 1150
1094 1151
1094 1174
1094 1176
1094 1188
1094 1403
1094 1673
1094 1869
1095 1109
1095 1113
1095 1121
1095 1130
1095 1133
1095 1138
1095 1141
1095 1144
1095 1149
1095 1162
1095 1173
1095 1176
1095 1177
1095 1185
1095 1192
1095 1193
1095 1199
1095 1361
1095 1472
1095 1626
1096 1109
1096 1117
1096 1135
1096 1136
1096 1138
1096 1151
1096 1159
1096 1169
1096 1171
1096 1176
1096 1183
1096 1192
1096 1237
1096 1595
1097 1105
1097 1109
1097 1117
1097 1119
1097 1122
1097 1124
1097 1135
1097 1146
1097 1159
1097 1162
1097 1181
1097 1192
1097 1193
1097 1197
1097 1651
1098 1101
1098 1106
1098 1109
1098 1114
1098 1115
1098 1120
1098 1125
1098 1134
1098 1137
1098 1150
1098 1158
1098 1168
1098 1195
1098 1356
1098 1514
1098 1603
1099 1100
1099 1155
1099 1157
1099 1162
1099 1165
1099 1167
1099 1169
1099 1171
1099 1178
1099 1179
1099 1183
1099 1190
1099 1191
1099 1195
1100 1117
1100 1132
1100 1190
1100 1836
1101 1105
1101 1116
1101 1118
1101 1120
1101 1136
1101 1146
1101 1148
1101 1165
1101 1166
1101 1174
1101 1177
1101 1189
1101 1192
1101 1193
1101 1352
1101 1434
1101 1912
1102 1110
1102 1116
1102 1119
1102 1120
1102 1124
1102 1137
1102 1156
1102 1169
1102 1174
1102 1297
1102 1600
1103 1116
1103 1122
1103 1132
1103 1137
1103 1180
1103 1187
1103 1192
1103 1199
1103 1327
1103 1625
1103 1871
1104 1106
1104 1125
1104 1158
1104 1163
1104 1180
1104 1216
1104 1605
1104 1834
1104 1842
1105 1120
1105 1127
1105 1130
1105 1137
1105 1177
1105 1189
1105 1219
1105 1270
1105 1481
1105 1575
1106 1111
1106 1113
1106 1121
1106 1136
1106 1141
1106 1156
1106 1166
1106 1189
1106 1351
1106 1643
1106 1662
1106 1711
1107 1131
1107 1155
1107 1166
1107 1167
1107 1192
1107 1347
1107 1581
1107 1795
1108 1116
1108 1126
1108 1132
1108 1159
1108 1173
1108 1184
1108 1199
1108 1453
1108 1904
1109 1115
1109 1135
1109 1158
1109 1161
1109 1175
1109 1180
1109 1184
1109 1188
1109 1373
1109 1794
1109 1822
1110 1116
1110 1126
1110 1127
1110 1129
1110 1158
1110 1173
1110 1178
1110 1180
1110 1183
1110 1192
1110 1193
1110 1563
1111 1119
1111 1128
1111 1137
1111 1146
1111 1166
1111 1168
1111 1178
1111 1191
1111 1475
1112 1124
1112 1130
1112 1135
1112 1165
1112 1175
1112 1183
1112 1195
1112 1198
1112 1249
1112 1652
1113 1119
1113 1125
1113 1129
1113 1138
1113 1144
1113 1157
1113 1158
1113 1170
1113 1179
1113 1196
1113 1198
1113 1343
1113 1356
1113 1482
1113 1890
1114 1135
1114 1148
1114 1168
1114 1182
1114 1186
1114 1194
1114 1801
1114 1808
1114 1894
1115 1116
1115 1121
1115 1142
1115 1155
1115 1159
1115 1172
1115 1173
1115 1187
1115 1188
1115 1190
1115 1191
1115 1287
1115 1455
1115 1629
1115 1791
1116 1119
1116 1144
1116 1161
1116 1162
1116 1179
1116 1182
1116 1184
1116 1212
1117 1120
1117 1143
1117 1147
1117 1149
1117 1174
1117 1464
1117 1712
1118 1123
1118 1140
1118 1153
1118 1159
1118 1179
1118 1196
1118 1555
1119 1122
1119 1124
1119 1128
1119 1131
1119 1147
1119 1160
1119 1186
1119 1190
1119 1296
1119 1911
1120 1130
1120 1147
1120 1155
1120 1157
1120 1168
1120 1172
1120 1183
1120 1196
1120 1198
1120 1397
1121 1128
1121 1134
1121 1143
1121 1149
1121 1154
1121 1169
1121 1175
1121 1182
1121 1185
1121 1194
1121 1198
1122 1123
1122 1131
1122 1155
1122 1159
1122 1172
1122 1183
1122 1184
1122 1187
1122 1188
1122 1192
1122 1886
1123 1126
1123 1129
1123 1134
1123 1144
1123 1145
1123 1170
1123 1171
1123 1174
1123 1181
1123 1191
1123 1252
1123 1657
1123 1801
1123 1813
1123 1829
1123 1905
1124 1125
1124 1128
1124 1130
1124 1140
1124 1156
1124 1157
1124 1159
1124 1160
1124 1166
1124 1169
1124 1187
1124 1340
1124 1595
1125 1127
1125 1131
1125 1144
1125 1159
1125 1175
1125 1182
1125 1197
1125 1221
1125 1303
1125 1464
1126 1128
1126 1138
1126 1147
1126 1153
1126 1167
1126 1171
1126 1178
1126 1181
1126 1183
1126 1190
1126 1197
1126 1362
1126 1468
1126 1473
1126 1643
1126 1893
1127 1148
1127 1179
1127 1182
1127 1190
1127 1194
1127 1327
1127 1710
1127 1918
1128 1129
1128 1132
1128 1135
1128 1151
1128 1160
1128 1173
1128 1181
1128 1184
1128 1195
1128 1197
1128 1461
1128 1678
1128 1781
1129 1152
1129 1155
1129 1157
1129 1160
1129 1163
1129 1184
1129 1197
1130 1155
1130 1167
1130 1181
1130 1185
1130 1187
1130 1195
1130 1326
1131 1135
1131 1150
1131 1151
1131 1158
1131 1166
1131 1168
1131 1169
1131 1173
1131 1178
1131 1183
1131 1189
1131 1227
1132 1135
1132 1140
1132 1146
1132 1159
1132 1181
1132 1188
1132 1192
1132 1489
1133 1147
1133 1171
1133 1173
1133 1178
1133 1189
1133 1349
1133 1644
1133 1686
1133 1752
1133 1889
1134 1144
1134 1176
1134 1195
1134 1289
1134 1381
1134 1489
1134 1840
1135 1148
1135 1152
1135 1166
1135 1168
1135 1233
1135 1266
1135 1268
1135 1333
1135 1381
1135 1472
1135 1512
1135 1881
1136 1141
1136 1150
1136 1154
1136 1194
1136 1195
1136 1199
1136 1218
1136 1231
1136 1685
1137 1138
1137 1154
1137 1157
1137 1175
1137 1196
1137 1197
1137 1252
1137 1331
1137 1498
1137 1841
1138 1142
1138 1172
1138 1173
1138 1192
1138 1197
1138 1203
1138 1455
1138 1619
1138 1768
1138 1833
1139 1154
1139 1159
1139 1195
1139 1431
1139 1831
1139 1870
1140 1141
1140 1145
1140 1148
1140 1149
1140 1157
1140 1158
1140 1160
1140 1164
1140 1185
1140 1198
1141 1145
1141 1147
1141 1155
1141 1165
1141 1169
1141 1171
1141 1181
1141 1453
1141 1781
1142 1174
1142 1183
1142 1198
1142 1805
1143 1160
1143 1169
1143 1171
1143 1192
1143 1257
1144 1158
1144 1175
1144 1195
1144 1398
1144 1423
1144 1516
1145 1166
1145 1176
1145 1185
1145 1188
1145 1190
1145 1192
1145 1739
1146 1152
1146 1169
1146 1175
1146 1183
1146 1194
1146 1837
1147 1154
1147 1162
1147 1167
1147 1174
1147 1178
1147 1188
1147 1518
1147 1578
1148 1155
1148 1191
1149 1161
1149 1162
1149 1171
1149 1184
1149 1185
1149 1191
1149 1192
1149 1196
1149 1223
1149 1546
1149 1549
1149 1754
1149 1807
1150 1164
1150 1186
1150 1191
1150 1386
1150 1593
1150 1668
1150 1814
1150 1836
1150 1866
1151 1160
1151 1172
1151 1193
1151 1225
1151 1892
1152 1157
1152 1163
1152 1176
1152 1188
1152 1198
1152 1236
1152 1738
1152 1884
1153 1164
1153 1186
1153 1519
1153 1644
1154 1172
1154 1174
1154 1181
1154 1187
1154 1189
1154 1191
1154 1488
1154 1656
1154 1784
1155 1163
1155 1171
1155 1236
1155 1446
1155 1553
1155 1606
1155 1828
1155 1863
1156 1160
1156 1171
1156 1174
1156 1179
1156 1183
1156 1204
1156 1241
1156 1692
1157 1165
1157 1169
1157 1183
1157 1185
1157 1190
1157 1196
1157 1843
1157 1874
1157 1905
1158 1159
1158 1165
1158 1602
1158 1616
1159 1182
1159 1184
1159 1188
1159 1197
1159 1579
1160 1176
1160 1178
1160 1187
1160 1197
1160 1308
1160 1385
1160 1555
1160 1762
1160 1799
1160 1900
1161 1173
1161 1175
1161 1193
1161 1373
1161 1413
1161 1680
1162 1164
1162 1165
1162 1167
1162 1169
1162 1189
1162 1196
1162 1463
1162 1640
1163 1184
1163 1198
1163 1249
1164 1175
1164 1188
1164 1193
1164 1196
1164 1197
1164 1896
1165 1169
1165 1172
1165 1173
1165 1183
1165 1186
1165 1197
1165 1199
1165 1476
1165 1559
1165 1818
1166 1168
1166 1171
1166 1180
1166 1186
1166 1192
1166 1195
1166 1295
1166 1690
1167 1170
1167 1190
1167 1191
1167 1198
1167 1347
1167 1354
1167 1697
1168 1170
1168 1173
1168 1182
1168 1250
1168 1400
1168 1454
1168 1592
1168 1744
1169 1173
1169 1191
1169 1198
1169 1781
1170 1172
1170 1181
1170 1188
1170 1192
1170 1198
1170 1375
1170 1445
1170 1532
1170 1771
1170 1807
1171 1190
1171 1197
1171 1198
1171 1472
1171 1519
1171 1732
1171 1792
1171 1828
1171 1893
1171 1908
1172 1175
1172 1180
1172 1189
1172 1487
1172 1845
1173 1183
1173 1193
1173 1195
1173 1572
1174 1179
1174 1180
1174 1193
1174 1573
1174 1590
1174 1718
1174 1743
1174 1802
1175 1176
1175 1178
1175 1193
1175 1194
1176 1179
1176 1195
1176 1197
1176 1546
1176 1882
1176 1898
1177 1196
1177 1197
1177 1198
1177 1199
1177 1428
1178 1182
1178 1193
1178 1197
1178 1266
1179 1194
1179 1196
1179 1197
1179 1372
1179 1644
1180 1197
1180 1490
1180 1691
1180 1721
1180 1862
1180 1873
1181 1182
1181 1196
1181 1525
1182 1721
1182 1728
1182 1881
1183 1185
1183 1193
1183 1337
1183 1627
1183 1825
1183 1883
1184 1191
1184 1271
1184 1354
1184 1387
1184 1413
1184 1866
1185 1190
1185 1698
1186 1336
1186 1463
1186 1895
1187 1197
1188 1191
1188 1239
1189 1195
1189 1799
1189 1869
1190 1222
1190 1376
1190 1391
1191 1227
1191 1337
1192 1476
1193 1194
1193 1199
1193 1695
1193 1724
1193 1738
1194 1462
1194 1564
1195 1226
1196 1197
1196 1199
1196 1472
1196 1525
1196 1688
1197 1220
1197 1588
1197 1782
1198 1744
1198 1799
1199 1264
1199 1273
1199 1399
1199 1642
1199 1880
1200 1211
1200 1230
1200 1253
1200 1255
1200 1273
1200 1285
1200 1296
1200 1307
1200 1310
1200 1319
1200 1325
1200 1337
1200 1359
1200 1375
1200 1387
1200 1390
1200 1403
1200 1426
1200 1427
1200 1438
1200 1578
1200 1587
1200 1769
1201 1223
1201 1224
1201 1225
1201 1233
1201 1237
1201 1244
1201 1248
1201 1255
1201 1275
1201 1276
1201 1302
1201 1312
1201 1321
1201 1327
1201 1338
1201 1342
1201 1347
1201 1351
1201 1353
1201 1369
1201 1370
1201 1373
1201 1397
1201 1407
1201 1408
1201 1413
1201 1422
1201 1426
1201 1433
1201 1434
1201 1439
1201 1822
1202 1235
1202 1245
1202 1253
1202 1259
1202 1276
1202 1282
1202 1287
1202 1302
1202 1318
1202 1328
1202 1332
1202 1340
1202 1344
1202 1350
1202 1355
1202 1375
1202 1379
1202 1416
1202 1614
1202 1833
1203 1228
1203 1258
1203 1267
1203 1268
1203 1286
1203 1313
1203 1314
1203 1332
1203 1341
1203 1344
1203 1368
1203 1377
1203 1387
1203 1428
1203 1432
1203 1433
1203 1434
1203 1723
1204 1216
1204 1223
1204 1233
1204 1234
1204 1246
1204 1259
1204 1277
1204 1285
1204 1297
1204 1331
1204 1342
1204 1348
1204 1354
1204 1367
1204 1377
1204 1383
1204 1390
1204 1399
1204 1406
1204 1421
1204 1422
1204 1427
1204 1831
1205 1217
1205 1229
1205 1241
1205 1247
1205 1252
1205 1265
1205 1267
1205 1272
1205 1276
1205 1285
1205 1287
1205 1293
1205 1308
1205 1315
1205 1324
1205 1331
1205 1343
1205 1347
1205 1359
1205 1378
1205 1416
1205 1430
1205 1438
1205 1620
1205 1788
1206 1220
1206 1226
1206 1229
1206 1237
1206 1255
1206 1263
1206 1265
1206 1286
1206 1312
1206 1313
1206 1314
1206 1319
1206 1320
1206 1336
1206 1340
1206 1362
1206 1363
1206 1365
1206 1379
1206 1384
1206 1390
1206 1396
1206 1406
1206 1426
1206 1435
1206 1438
1206 1646
1206 1889
1207 1222
1207 1237
1207 1281
1207 1292
1207 1298
1207 1303
1207 1305
1207 1314
1207 1327
1207 1333
1207 1344
1207 1349
1207 1355
1207 1363
1207 1370
1207 1384
1207 1386
1207 1396
1207 1405
1207 1409
1207 1422
1207 1425
1207 1426
1207 1430
1207 1431
1207 1680
1208 1218
1208 1224
1208 1234
1208 1235
1208 1241
1208 1257
1208 1259
1208 1266
1208 1272
1208 1284
1208 1291
1208 1297
1208 1302
1208 1307
1208 1316
1208 1330
1208 1346
1208 1354
1208 1361
1208 1370
1208 1377
1208 1385
1208 1388
1208 1393
1208 1412
1208 1416
1208 1418
1208 1431
1208 1616
1208 1666
1208 1710
1209 1224
1209 1238
1209 1239
1209 1253
1209 1286
1209 1296
1209 1343
1209 1361
1209 1380
1209 1385
1209 1406
1209 1425
1209 1901
1209 1919
1210 1235
1210 1245
1210 1250
1210 1257
1210 1264
1210 1265
1210 1270
1210 1273
1210 1277
1210 1279
1210 1283
1210 1291
1210 1305
1210 1308
1210 1310
1210 1316
1210 1321
1210 1328
1210 1331
1210 1332
1210 1348
1210 1362
1210 1384
1210 1392
1210 1400
1210 1409
1210 1411
1210 1414
1210 1419
1210 1424
1210 1436
1210 1438
1210 1475
1210 1613
1211 1214
1211 1224
1211 1238
1211 1264
1211 1277
1211 1279
1211 1281
1211 1289
1211 1295
1211 1340
1211 1341
1211 1351
1211 1356
1211 1360
1211 1389
1211 1412
1211 1420
1211 1427
1211 1428
1211 1430
1211 1437
1211 1510
1211 1734
1212 1222
1212 1235
1212 1262
1212 1269
1212 1279
1212 1281
1212 1291
1212 1307
1212 1316
1212 1318
1212 1327
1212 1330
1212 1342
1212 1344
1212 1353
1212 1365
1212 1374
1212 1390
1212 1394
1212 1400
1212 1436
1212 1470
1212 1685
1212 1703
1212 1755
1213 1244
1213 1248
1213 1258
1213 1263
1213 1272
1213 1276
1213 1282
1213 1301
1213 1315
1213 1317
1213 1318
1213 1325
1213 1327
1213 1333
1213 1334
1213 1337
1213 1355
1213 1372
1213 1375
1213 1409
1213 1884
1213 1888
1214 1215
1214 1227
1214 1249
1214 1254
1214 1255
1214 1265
1214 1318
1214 1328
1214 1330
1214 1349
1214 1358
1214 1362
1214 1368
1214 1370
1214 1399
1214 1405
1214 1482
1215 1220
1215 1236
1215 1245
1215 1247
1215 1262
1215 1284
1215 1327
1215 1328
1215 1366
1215 1371
1215 1386
1215 1388
1215 1411
1215 1417
1215 1418
1215 1434
1215 1439
1215 1482
1216 1224
1216 1244
1216 1251
1216 1260
1216 1268
1216 1282
1216 1289
1216 1295
1216 1298
1216 1303
1216 1323
1216 1333
1216 1355
1216 1357
1216 1361
1216 1385
1216 1389
1216 1397
1216 1403
1216 1406
1216 1415
1216 1430
1216 1502
1216 1814
1217 1237
1217 1239
1217 1247
1217 1250
1217 1251
1217 1272
1217 1286
1217 1290
1217 1308
1217 1317
1217 1320
1217 1332
1217 1335
1217 1343
1217 1348
1217 1350
1217 1360
1217 1363
1217 1371
1217 1378
1217 1382
1217 1414
1217 1415
1217 1423
1218 1225
1218 1238
1218 1252
1218 1266
1218 1269
1218 1270
1218 1287
1218 1290
1218 1292
1218 1300
1218 1308
1218 1316
1218 1326
1218 1348
1218 1372
1218 1375
1218 1403
1218 1420
1218 1426
1219 1235
1219 1244
1219 1252
1219 1257
1219 1265
1219 1272
1219 1284
1219 1296
1219 1343
1219 1353
1219 1355
1219 1369
1219 1380
1219 1388
1219 1396
1219 1400
1219 1421
1219 1437
1219 1826
1220 1239
1220 1249
1220 1255
1220 1257
1220 1259
1220 1265
1220 1270
1220 1273
1220 1274
1220 1298
1220 1307
1220 1311
1220 1319
1220 1320
1220 1337
1220 1359
1220 1360
1220 1366
1220 1368
1220 1372
1220 1373
1220 1382
1220 1383
1220 1388
1220 1409
1220 1416
1220 1417
1220 1436
1220 1439
1221 1226
1221 1236
1221 1242
1221 1243
1221 1254
1221 1274
1221 1276
1221 1301
1221 1322
1221 1334
1221 1343
1221 1356
1221 1361
1221 1393
1221 1407
1221 1411
1221 1415
1221 1428
1221 1533
1222 1227
1222 1229
1222 1230
1222 1266
1222 1271
1222 1284
1222 1293
1222 1294
1222 1305
1222 1306
1222 1314
1222 1319
1222 1346
1222 1351
1222 1358
1222 1359
1222 1388
1222 1390
1222 1395
1222 1400
1222 1435
1222 1560
1223 1228
1223 1230
1223 1243
1223 1278
1223 1285
1223 1289
1223 1299
1223 1310
1223 1312
1223 1313
1223 1327
1223 1330
1223 1350
1223 1366
1223 1379
1223 1384
1223 1390
1223 1391
1223 1413
1223 1416
1223 1422
1223 1437
1223 1795
1223 1844
1224 1232
1224 1293
1224 1297
1224 1304
1224 1311
1224 1323
1224 1327
1224 1328
1224 1330
1224 1344
1224 1353
1224 1366
1224 1367
1224 1369
1224 1392
1224 1394
1224 1397
1224 1408
1224 1423
1224 1439
1224 1652
1224 1824
1225 1233
1225 1246
1225 1253
1225 1266
1225 1285
1225 1301
1225 1308
1225 1326
1225 1346
1225 1362
1225 1367
1225 1369
1225 1377
1225 1393
1225 1404
1225 1411
1225 1413
1225 1420
1225 1422
1225 1424
1225 1433
1226 1232
1226 1235
1226 1247
1226 1262
1226 1265
1226 1288
1226 1291
1226 1304
1226 1312
1226 1323
1226 1324
1226 1326
1226 1338
1226 1339
1226 1353
1226 1360
1226 1364
1226 1368
1226 1373
1226 1379
1226 1391
1226 1393
1226 1399
1226 1407
1226 1416
1226 1430
1226 1437
1226 1562
1227 1234
1227 1237
1227 1252
1227 1255
1227 1263
1227 1264
1227 1265
1227 1278
1227 1279
1227 1287
1227 1300
1227 1332
1227 1334
1227 1337
1227 1352
1227 1357
1227 1361
1227 1371
1227 1373
1227 1376
1227 1383
1227 1386
1227 1388
1227 1400
1227 1410
1227 1464
1227 1806
1227 1843
1228 1233
1228 1266
1228 1279
1228 1291
1228 1309
1228 1326
1228 1327
1228 1338
1228 1342
1228 1354
1228 1364
1228 1390
1228 1394
1228 1400
1228 1403
1228 1408
1228 1415
1228 1428
1228 1451
1228 1664
1229 1239
1229 1252
1229 1253
1229 1266
1229 1279
1229 1281
1229 1297
1229 1299
1229 1308
1229 1311
1229 1334
1229 1364
1229 1369
1229 1370
1229 1377
1229 1378
1229 1384
1229 1404
1229 1428
1229 1433
1229 1831
1230 1233
1230 1234
1230 1235
1230 1246
1230 1254
1230 1258
1230 1269
1230 1273
1230 1293
1230 1317
1230 1320
1230 1332
1230 1349
1230 1353
1230 1358
1230 1365
1230 1367
1230 1371
1230 1373
1230 1390
1230 1411
1230 1419
1230 1542
1231 1240
1231 1241
1231 1242
1231 1247
1231 1274
1231 1280
1231 1284
1231 1286
1231 1288
1231 1299
1231 1313
1231 1317
1231 1328
1231 1331
1231 1353
1231 1361
1231 1362
1231 1365
1231 1380
1231 1393
1231 1401
1231 1403
1231 1418
1231 1420
1231 1423
1231 1434
1231 1702
1231 1788
1232 1239
1232 1246
1232 1262
1232 1265
1232 1269
1232 1271
1232 1273
1232 1274
1232 1283
1232 1340
1232 1342
1232 1364
1232 1376
1232 1377
1232 1385
1232 1391
1232 1394
1232 1397
1232 1415
1232 1416
1232 1419
1232 1428
1233 1240
1233 1248
1233 1259
1233 1262
1233 1278
1233 1300
1233 1304
1233 1311
1233 1329
1233 1334
1233 1338
1233 1355
1233 1360
1233 1380
1233 1405
1233 1408
1233 1417
1233 1422
1233 1428
1233 1866
1234 1235
1234 1245
1234 1253
1234 1255
1234 1269
1234 1298
1234 1299
1234 1302
1234 1307
1234 1308
1234 1319
1234 1327
1234 1342
1234 1346
1234 1351
1234 1354
1234 1359
1234 1361
1234 1374
1234 1379
1234 1381
1234 1385
1234 1390
1234 1406
1234 1417
1234 1422
1234 1431
1234 1433
1235 1238
1235 1247
1235 1252
1235 1259
1235 1271
1235 1274
1235 1276
1235 1283
1235 1307
1235 1319
1235 1322
1235 1325
1235 1330
1235 1336
1235 1376
1235 1379
1235 1384
1235 1390
1235 1408
1235 1410
1235 1414
1235 1419
1235 1430
1235 1431
1235 1435
1235 1778
1235 1870
1236 1237
1236 1253
1236 1272
1236 1277
1236 1279
1236 1291
1236 1295
1236 1297
1236 1302
1236 1316
1236 1325
1236 1328
1236 1329
1236 1332
1236 1342
1236 1344
1236 1352
1236 1354
1236 1371
1236 1381
1236 1382
1236 1396
1236 1398
1236 1400
1236 1417
1236 1427
1236 1432
1237 1244
1237 1245
1237 1251
1237 1255
1237 1257
1237 1259
1237 1262
1237 1267
1237 1277
1237 1285
1237 1286
1237 1296
1237 1301
1237 1306
1237 1321
1237 1331
1237 1337
1237 1341
1237 1354
1237 1355
1237 1362
1237 1363
1237 1366
1237 1374
1237 1403
1237 1422
1237 1425
1237 1433
1237 1537
1238 1262
1238 1268
1238 1281
1238 1287
1238 1288
1238 1292
1238 1303
1238 1305
1238 1311
1238 1315
1238 1320
1238 1345
1238 1349
1238 1350
1238 1352
1238 1362
1238 1364
1238 1376
1238 1395
1238 1413
1238 1430
1238 1438
1238 1439
1239 1247
1239 1261
1239 1282
1239 1284
1239 1300
1239 1302
1239 1303
1239 1329
1239 1335
1239 1338
1239 1341
1239 1359
1239 1362
1239 1384
1239 1385
1239 1386
1239 1401
1239 1402
1239 1424
1239 1741
1240 1253
1240 1255
1240 1276
1240 1281
1240 1287
1240 1297
1240 1302
1240 1308
1240 1309
1240 1312
1240 1314
1240 1321
1240 1330
1240 1336
1240 1352
1240 1370
1240 1389
1240 1391
1240 1401
1241 1242
1241 1243
1241 1244
1241 1256
1241 1261
1241 1267
1241 1279
1241 1294
1241 1311
1241 1352
1241 1359
1241 1360
1241 1367
1241 1371
1241 1386
1241 1388
1241 1401
1241 1403
1241 1407
1241 1411
1241 1423
1241 1433
1242 1253
1242 1261
1242 1269
1242 1272
1242 1282
1242 1283
1242 1300
1242 1313
1242 1321
1242 1327
1242 1346
1242 1358
1242 1373
1242 1375
1242 1391
1242 1395
1242 1400
1242 1403
1242 1411
1242 1415
1242 1417
1242 1488
1242 1600
1243 1249
1243 1266
1243 1271
1243 1277
1243 1281
1243 1292
1243 1302
1243 1309
1243 1313
1243 1315
1243 1321
1243 1338
1243 1345
1243 1355
1243 1361
1243 1364
1243 1386
1243 1395
1243 1412
1243 1420
1243 1422
1243 1426
1243 1429
1243 1565
1243 1725
1243 1735
1244 1250
1244 1259
1244 1264
1244 1266
1244 1280
1244 1287
1244 1297
1244 1306
1244 1308
1244 1315
1244 1330
1244 1338
1244 1359
1244 1387
1244 1398
1244 1401
1244 1404
1244 1422
1244 1425
1244 1430
1244 1432
1244 1435
1244 1452
1244 1625
1244 1784
1245 1247
1245 1250
1245 1297
1245 1308
1245 1309
1245 1317
1245 1360
1245 1372
1245 1387
1245 1395
1245 1419
1245 1426
1245 1431
1245 1432
1245 1496
1246 1247
1246 1271
1246 1273
1246 1282
1246 1283
1246 1288
1246 1289
1246 1312
1246 1329
1246 1351
1246 1389
1246 1404
1246 1410
1246 1423
1246 1627
1247 1257
1247 1258
1247 1264
1247 1277
1247 1284
1247 1291
1247 1295
1247 1310
1247 1313
1247 1314
1247 1319
1247 1342
1247 1361
1247 1379
1247 1380
1247 1382
1247 1390
1247 1391
1247 1399
1247 1408
1247 1409
1247 1422
1247 1528
1247 1827
1248 1264
1248 1271
1248 1303
1248 1314
1248 1321
1248 1336
1248 1376
1248 1399
1248 1403
1248 1423
1248 1431
1248 1434
1248 1822
1249 1251
1249 1257
1249 1259
1249 1270
1249 1273
1249 1302
1249 1303
1249 1309
1249 1322
1249 1324
1249 1373
1249 1380
1249 1386
1249 1402
1249 1404
1249 1425
1249 1580
1249 1703
1250 1304
1250 1306
1250 1312
1250 1313
1250 1335
1250 1336
1250 1347
1250 1348
1250 1353
1250 1369
1250 1376
1250 1388
1250 1390
1250 1395
1250 1419
1250 1431
1250 1755
1251 1254
1251 1260
1251 1267
1251 1277
1251 1278
1251 1282
1251 1286
1251 1305
1251 1307
1251 1313
1251 1316
1251 1324
1251 1351
1251 1383
1251 1385
1251 1396
1251 1397
1251 1410
1251 1425
1251 1540
1251 1666
1252 1254
1252 1256
1252 1263
1252 1288
1252 1294
1252 1303
1252 1307
1252 1328
1252 1352
1252 1368
1252 1376
1252 1383
1252 1392
1252 1396
1252 1408
1252 1412
1252 1419
1252 1432
1252 1787
1252 1845
1252 1910
1253 1268
1253 1277
1253 1294
1253 1296
1253 1299
1253 1312
1253 1321
1253 1365
1253 1373
1253 1381
1253 1385
1253 1392
1253 1404
1253 1411
1253 1412
1253 1432
1253 1622
1253 1683
1254 1264
1254 1290
1254 1295
1254 1308
1254 1313
1254 1318
1254 1335
1254 1342
1254 1358
1254 1369
1254 1376
1254 1402
1254 1418
1255 1265
1255 1274
1255 1281
1255 1282
1255 1287
1255 1304
1255 1307
1255 1308
1255 1330
1255 1340
1255 1367
1255 1378
1255 1379
1255 1394
1255 1397
1255 1403
1255 1409
1255 1418
1256 1257
1256 1268
1256 1288
1256 1289
1256 1294
1256 1308
1256 1333
1256 1358
1256 1360
1256 1374
1256 1384
1256 1391
1256 1394
1256 1430
1256 1743
1257 1266
1257 1268
1257 1283
1257 1299
1257 1310
1257 1311
1257 1320
1257 1321
1257 1323
1257 1336
1257 1356
1257 1374
1257 1375
1257 1384
1257 1391
1257 1398
1257 1429
1257 1437
1257 1439
1258 1296
1258 1302
1258 1304
1258 1312
1258 1314
1258 1325
1258 1338
1258 1347
1258 1350
1258 1358
1258 1361
1258 1377
1258 1378
1258 1382
1258 1384
1258 1395
1258 1406
1258 1410
1258 1412
1258 1818
1259 1267
1259 1280
1259 1285
1259 1305
1259 1322
1259 1327
1259 1334
1259 1349
1259 1352
1259 1356
1259 1358
1259 1378
1259 1386
1259 1387
1259 1388
1259 1396
1259 1398
1259 1427
1259 1436
1259 1455
1259 1651
1259 1681
1259 1840
1259 1869
1260 1264
1260 1278
1260 1282
1260 1285
1260 1326
1260 1343
1260 1345
1260 1369
1260 1384
1260 1385
1260 1398
1260 1399
1260 1413
1260 1430
1260 1844
1261 1275
1261 1285
1261 1294
1261 1300
1261 1308
1261 1319
1261 1320
1261 1321
1261 1329
1261 1330
1261 1337
1261 1340
1261 1347
1261 1368
1261 1379
1261 1382
1261 1401
1261 1415
1261 1417
1261 1420
1261 1465
1261 1852
1262 1279
1262 1297
1262 1327
1262 1329
1262 1353
1262 1354
1262 1365
1262 1378
1262 1380
1262 1388
1262 1393
1262 1397
1262 1405
1262 1412
1262 1434
1262 1572
1262 1693
1262 1878
1263 1283
1263 1287
1263 1310
1263 1325
1263 1342
1263 1345
1263 1348
1263 1361
1263 1371
1263 1399
1263 1407
1263 1409
1263 1435
1263 1813
1264 1277
1264 1282
1264 1286
1264 1294
1264 1296
1264 1301
1264 1331
1264 1355
1264 1389
1264 1396
1264 1402
1264 1409
1264 1415
1264 1426
1264 1429
1264 1480
1264 1579
1264 1721
1264 1729
1265 1276
1265 1284
1265 1287
1265 1288
1265 1295
1265 1304
1265 1309
1265 1330
1265 1337
1265 1349
1265 1360
1265 1370
1265 1374
1265 1388
1265 1391
1265 1403
1265 1419
1265 1432
1265 1767
1265 1870
1266 1278
1266 1291
1266 1314
1266 1337
1266 1342
1266 1352
1266 1353
1266 1354
1266 1359
1266 1361
1266 1362
1266 1382
1266 1386
1266 1395
1266 1397
1266 1417
1266 1423
1266 1429
1266 1466
1267 1269
1267 1275
1267 1283
1267 1284
1267 1293
1267 1307
1267 1315
1267 1339
1267 1340
1267 1343
1267 1352
1267 1390
1267 1392
1267 1393
1267 1403
1267 1425
1267 1430
1267 1437
1267 1539
1267 1660
1267 1775
1268 1271
1268 1292
1268 1335
1268 1363
1268 1366
1268 1367
1268 1377
1268 1383
1268 1391
1268 1394
1268 1399
1268 1403
1268 1414
1268 1415
1268 1424
1268 1431
1268 1734
1269 1274
1269 1282
1269 1284
1269 1285
1269 1297
1269 1305
1269 1306
1269 1310
1269 1326
1269 1343
1269 1378
1269 1380
1269 1391
1269 1396
1269 1401
1269 1415
1269 1418
1269 1429
1269 1431
1269 1435
1269 1647
1270 1275
1270 1279
1270 1282
1270 1287
1270 1290
1270 1298
1270 1303
1270 1331
1270 1333
1270 1356
1270 1357
1270 1363
1270 1376
1270 1383
1270 1391
1270 1392
1270 1410
1270 1420
1270 1428
1270 1435
1270 1438
1271 1277
1271 1283
1271 1293
1271 1313
1271 1322
1271 1325
1271 1327
1271 1333
1271 1334
1271 1342
1271 1345
1271 1346
1271 1365
1271 1388
1271 1398
1271 1403
1271 1411
1271 1415
1271 1418
1271 1422
1271 1426
1271 1712
1272 1273
1272 1299
1272 1300
1272 1311
1272 1317
1272 1336
1272 1383
1272 1391
1272 1399
1272 1410
1272 1414
1272 1419
1272 1424
1272 1438
1272 1694
1273 1277
1273 1286
1273 1289
1273 1296
1273 1301
1273 1303
1273 1313
1273 1320
1273 1322
1273 1326
1273 1330
1273 1332
1273 1341
1273 1350
1273 1352
1273 1353
1273 1359
1273 1389
1273 1399
1273 1409
1273 1411
1273 1414
1273 1421
1273 1431
1273 1434
1274 1281
1274 1294
1274 1317
1274 1323
1274 1326
1274 1336
1274 1337
1274 1338
1274 1362
1274 1367
1274 1368
1274 1393
1274 1395
1274 1418
1274 1428
1274 1429
1274 1431
1274 1437
1275 1281
1275 1283
1275 1292
1275 1295
1275 1309
1275 1316
1275 1333
1275 1335
1275 1349
1275 1352
1275 1368
1275 1370
1275 1374
1275 1378
1275 1385
1275 1388
1275 1406
1275 1419
1275 1429
1275 1448
1275 1894
1275 1910
1276 1288
1276 1293
1276 1298
1276 1310
1276 1314
1276 1317
1276 1325
1276 1334
1276 1336
1276 1347
1276 1357
1276 1362
1276 1377
1276 1387
1276 1402
1276 1410
1276 1415
1276 1497
1277 1282
1277 1285
1277 1286
1277 1293
1277 1337
1277 1344
1277 1358
1277 1363
1277 1376
1277 1387
1277 1419
1277 1431
1277 1433
1277 1434
1277 1436
1277 1763
1278 1308
1278 1321
1278 1326
1278 1331
1278 1333
1278 1344
1278 1353
1278 1386
1278 1411
1278 1414
1278 1418
1278 1428
1278 1548
1278 1591
1279 1280
1279 1337
1279 1338
1279 1339
1279 1341
1279 1347
1279 1352
1279 1354
1279 1359
1279 1369
1279 1370
1279 1373
1279 1378
1279 1383
1279 1396
1279 1397
1279 1410
1279 1615
1279 1767
1280 1299
1280 1304
1280 1312
1280 1325
1280 1351
1280 1373
1280 1378
1280 1382
1280 1392
1280 1405
1280 1413
1280 1416
1280 1417
1280 1433
1281 1293
1281 1298
1281 1304
1281 1305
1281 1314
1281 1324
1281 1327
1281 1333
1281 1344
1281 1349
1281 1360
1281 1372
1281 1390
1281 1392
1281 1430
1281 1435
1281 1437
1281 1498
1281 1864
1281 1912
1282 1285
1282 1291
1282 1293
1282 1310
1282 1339
1282 1341
1282 1342
1282 1356
1282 1361
1282 1374
1282 1388
1282 1413
1282 1423
1282 1638
1283 1327
1283 1332
1283 1338
1283 1352
1283 1381
1283 1390
1283 1393
1283 1395
1283 1396
1283 1397
1283 1398
1283 1401
1283 1413
1283 1427
1283 1438
1283 1756
1284 1293
1284 1312
1284 1339
1284 1344
1284 1355
1284 1358
1284 1360
1284 1371
1284 1385
1284 1397
1284 1403
1284 1411
1284 1415
1284 1420
1284 1431
1284 1638
1284 1879
1285 1292
1285 1319
1285 1320
1285 1340
1285 1359
1285 1382
1285 1399
1285 1408
1285 1411
1285 1414
1285 1435
1285 1739
1286 1287
1286 1297
1286 1304
1286 1309
1286 1310
1286 1313
1286 1329
1286 1339
1286 1356
1286 1367
1286 1369
1286 1370
1286 1374
1286 1396
1286 1401
1286 1404
1286 1436
1286 1731
1287 1290
1287 1293
1287 1295
1287 1300
1287 1302
1287 1315
1287 1318
1287 1339
1287 1348
1287 1357
1287 1359
1287 1362
1287 1368
1287 1382
1287 1388
1287 1425
1287 1690
1288 1316
1288 1348
1288 1359
1288 1369
1288 1409
1288 1415
1288 1421
1289 1326
1289 1341
1289 1344
1289 1365
1289 1373
1289 1384
1289 1399
1289 1420
1289 1432
1289 1433
1289 1528
1290 1297
1290 1310
1290 1312
1290 1326
1290 1330
1290 1333
1290 1353
1290 1368
1290 1371
1290 1373
1290 1388
1290 1390
1290 1402
1290 1404
1290 1410
1290 1411
1290 1597
1291 1295
1291 1296
1291 1318
1291 1323
1291 1326
1291 1329
1291 1336
1291 1341
1291 1386
1291 1390
1291 1396
1291 1414
1291 1422
1291 1426
1291 1438
1291 1439
1291 1586
1291 1629
1291 1835
1292 1295
1292 1296
1292 1312
1292 1313
1292 1317
1292 1337
1292 1351
1292 1356
1292 1363
1292 1367
1292 1371
1292 1372
1292 1394
1292 1417
1292 1421
1292 1431
1292 1432
1292 1434
1292 1712
1292 1760
1292 1847
1292 1895
1293 1353
1293 1358
1293 1375
1293 1379
1293 1387
1293 1391
1293 1398
1293 1403
1293 1415
1293 1422
1293 1425
1293 1430
1293 1572
1293 1633
1294 1298
1294 1305
1294 1310
1294 1313
1294 1331
1294 1335
1294 1364
1294 1366
1294 1379
1294 1399
1294 1423
1294 1435
1294 1718
1294 1763
1295 1326
1295 1343
1295 1345
1295 1346
1295 1351
1295 1364
1295 1366
1295 1368
1295 1397
1295 1404
1295 1413
1295 1437
1295 1439
1296 1306
1296 1314
1296 1315
1296 1320
1296 1350
1296 1358
1296 1376
1296 1392
1296 1415
1296 1418
1296 1437
1296 1845
1297 1300
1297 1310
1297 1312
1297 1321
1297 1324
1297 1336
1297 1361
1297 1364
1297 1394
1297 1404
1297 1416
1297 1419
1297 1430
1297 1435
1297 1439
1298 1311
1298 1313
1298 1345
1298 1368
1298 1374
1298 1384
1298 1389
1298 1394
1298 1404
1298 1406
1298 1417
1298 1431
1298 1434
1298 1643
1299 1318
1299 1320
1299 1327
1299 1330
1299 1375
1299 1401
1299 1419
1299 1424
1299 1426
1299 1427
1299 1439
1300 1302
1300 1333
1300 1335
1300 1348
1300 1373
1300 1386
1300 1388
1300 1407
1300 1414
1300 1432
1301 1314
1301 1320
1301 1321
1301 1324
1301 1338
1301 1340
1301 1344
1301 1363
1301 1382
1301 1383
1301 1387
1301 1390
1301 1392
1301 1405
1301 1412
1301 1416
1301 1434
1301 1444
1302 1317
1302 1331
1302 1334
1302 1341
1302 1367
1302 1394
1302 1397
1302 1408
1302 1411
1302 1427
1303 1316
1303 1319
1303 1335
1303 1396
1303 1429
1303 1562
1303 1627
1303 1761
1303 1907
1304 1307
1304 1311
1304 1316
1304 1317
1304 1318
1304 1340
1304 1346
1304 1361
1304 1368
1304 1373
1304 1394
1304 1415
1304 1438
1304 1717
1305 1311
1305 1326
1305 1337
1305 1345
1305 1356
1305 1363
1305 1365
1305 1378
1305 1383
1305 1395
1305 1431
1305 1691
1306 1307
1306 1312
1306 1315
1306 1342
1306 1343
1306 1358
1306 1368
1306 1393
1306 1411
1306 1415
1306 1432
1306 1438
1307 1310
1307 1333
1307 1335
1307 1362
1307 1363
1307 1398
1307 1427
1307 1436
1307 1439
1307 1817
1308 1309
1308 1318
1308 1320
1308 1321
1308 1348
1308 1351
1308 1361
1308 1365
1308 1372
1308 1374
1308 1391
1308 1394
1308 1410
1308 1415
1308 1419
1308 1427
1308 1436
1308 1439
1308 1773
1308 1778
1308 1862
1309 1310
1309 1323
1309 1332
1309 1344
1309 1345
1309 1359
1309 1376
1309 1379
1309 1386
1309 1399
1309 1409
1309 1412
1309 1427
1309 1640
1309 1731
1310 1316
1310 1323
1310 1343
1310 1349
1310 1384
1310 1400
1310 1413
1310 1428
1310 1438
1310 1648
1310 1782
1311 1326
1311 1329
1311 1336
1311 1337
1311 1352
1311 1353
1311 1360
1311 1368
1311 1372
1311 1403
1311 1405
1311 1406
1312 1323
1312 1337
1312 1362
1312 1364
1312 1414
1312 1418
1312 1422
1312 1451
1313 1320
1313 1326
1313 1333
1313 1345
1313 1360
1313 1375
1313 1377
1313 1382
1313 1411
1313 1413
1313 1426
1313 1427
1313 1774
1313 1864
1314 1343
1314 1378
1314 1390
1314 1393
1314 1395
1314 1409
1314 1430
1314 1437
1314 1508
1314 1607
1315 1318
1315 1328
1315 1331
1315 1353
1315 1359
1315 1365
1315 1367
1315 1387
1315 1395
1315 1396
1315 1427
1315 1428
1315 1433
1315 1437
1315 1472
1315 1687
1315 1867
1316 1324
1316 1330
1316 1337
1316 1347
1316 1349
1316 1360
1316 1367
1316 1370
1316 1372
1316 1374
1316 1379
1316 1388
1316 1727
1316 1809
1316 1819
1317 1334
1317 1337
1317 1338
1317 1357
1317 1360
1317 1371
1317 1374
1317 1375
1317 1379
1317 1388
1317 1392
1317 1400
1317 1409
1317 1420
1317 1439
1317 1551
1318 1321
1318 1327
1318 1329
1318 1342
1318 1343
1318 1352
1318 1356
1318 1371
1318 1426
1318 1427
1318 1430
1318 1438
1318 1638
1318 1688
1319 1324
1319 1329
1319 1338
1319 1340
1319 1342
1319 1370
1319 1384
1319 1389
1319 1397
1319 1422
1319 1426
1319 1446
1319 1532
1320 1321
1320 1344
1320 1351
1320 1367
1320 1370
1320 1376
1320 1381
1320 1382
1320 1383
1320 1388
1320 1395
1320 1401
1320 1418
1320 1419
1320 1421
1320 1430
1320 1433
1321 1327
1321 1338
1321 1339
1321 1364
1321 1367
1321 1370
1321 1388
1321 1409
1321 1515
1322 1335
1322 1339
1322 1350
1322 1357
1322 1381
1322 1383
1322 1389
1322 1393
1322 1408
1322 1415
1322 1423
1322 1437
1322 1804
1322 1887
1323 1335
1323 1343
1323 1344
1323 1345
1323 1351
1323 1381
1323 1386
1323 1398
1323 1405
1323 1413
1323 1414
1323 1421
1323 1428
1323 1434
1323 1435
1323 1438
1323 1620
1323 1746
1323 1775
1324 1338
1324 1382
1324 1390
1324 1393
1324 1398
1325 1332
1325 1333
1325 1337
1325 1346
1325 1358
1325 1365
1325 1374
1325 1375
1325 1376
1325 1381
1325 1401
1325 1406
1325 1408
1325 1409
1325 1412
1325 1418
1325 1431
1325 1433
1325 1446
1325 1477
1325 1532
1325 1591
1325 1834
1326 1327
1326 1328
1326 1376
1326 1398
1326 1401
1326 1404
1326 1412
1326 1419
1326 1621
1327 1337
1327 1351
1327 1363
1327 1374
1327 1383
1327 1422
1327 1428
1328 1332
1328 1352
1328 1382
1328 1395
1328 1647
1328 1803
1329 1332
1329 1341
1329 1401
1329 1405
1329 1408
1329 1415
1329 1432
1329 1433
1329 1434
1329 1847
1330 1356
1330 1365
1330 1380
1330 1397
1330 1403
1330 1404
1330 1432
1330 1438
1330 1485
1330 1624
1330 1837
1331 1342
1331 1343
1331 1364
1331 1374
1331 1375
1331 1383
1331 1401
1331 1408
1331 1417
1331 1436
1332 1333
1332 1358
1332 1360
1332 1374
1332 1383
1332 1391
1332 1406
1332 1407
1332 1422
1333 1350
1333 1354
1333 1363
1333 1364
1333 1372
1333 1382
1333 1399
1333 1401
1333 1409
1333 1412
1333 1413
1333 1421
1333 1425
1333 1431
1334 1339
1334 1340
1334 1351
1334 1365
1334 1376
1334 1414
1334 1537
1335 1346
1335 1349
1335 1363
1335 1369
1335 1383
1335 1826
1335 1900
1336 1362
1336 1364
1336 1374
1336 1401
1336 1405
1336 1408
1336 1438
1337 1344
1337 1345
1337 1364
1337 1396
1337 1410
1337 1412
1337 1421
1337 1431
1337 1518
1337 1853
1337 1867
1337 1868
1338 1346
1338 1363
1338 1372
1338 1374
1338 1376
1338 1382
1338 1386
1338 1394
1338 1395
1338 1401
1338 1404
1338 1407
1338 1408
1338 1412
1338 1414
1338 1426
1338 1768
1339 1344
1339 1355
1339 1373
1339 1378
1339 1396
1339 1399
1339 1406
1339 1414
1339 1419
1339 1423
1339 1429
1340 1350
1340 1351
1340 1367
1340 1380
1340 1385
1340 1395
1340 1398
1340 1407
1340 1420
1340 1422
1340 1429
1340 1438
1340 1608
1340 1611
1341 1351
1341 1368
1341 1409
1341 1420
1341 1423
1341 1433
1341 1882
1342 1355
1342 1358
1342 1359
1342 1362
1342 1363
1342 1374
1342 1379
1342 1392
1342 1397
1342 1419
1342 1437
1343 1348
1343 1360
1343 1427
1343 1429
1343 1702
1344 1371
1344 1373
1344 1378
1344 1399
1344 1436
1344 1438
1344 1439
1344 1889
1345 1346
1345 1350
1345 1385
1345 1390
1345 1427
1345 1873
1346 1353
1346 1373
1346 1375
1346 1380
1346 1388
1346 1389
1346 1395
1346 1402
1346 1406
1346 1408
1346 1411
1346 1414
1346 1439
1346 1653
1346 1712
1347 1356
1347 1357
1347 1379
1347 1382
1347 1386
1347 1416
1347 1425
1347 1534
1347 1618
1347 1634
1348 1349
1348 1351
1348 1364
1348 1373
1348 1402
1348 1411
1348 1432
1349 1357
1349 1359
1349 1360
1349 1365
1349 1377
1349 1378
1349 1386
1349 1406
1349 1416
1349 1420
1349 1438
1349 1501
1349 1805
1350 1355
1350 1364
1350 1369
1350 1376
1350 1382
1350 1391
1350 1417
1350 1418
1350 1436
1350 1456
1350 1655
1351 1363
1351 1375
1351 1389
1351 1394
1351 1397
1351 1399
1351 1405
1351 1408
1351 1452
1351 1585
1352 1373
1352 1376
1352 1377
1352 1378
1352 1385
1352 1409
1352 1415
1352 1437
1353 1387
1353 1389
1353 1391
1353 1392
1353 1412
1353 1413
1353 1418
1353 1419
1353 1426
1353 1863
1354 1364
1354 1369
1354 1372
1354 1374
1354 1378
1354 1390
1354 1396
1354 1397
1354 1401
1354 1403
1354 1411
1354 1414
1354 1417
1354 1424
1354 1660
1354 1689
1355 1369
1355 1404
1355 1405
1355 1420
1355 1538
1355 1705
1356 1357
1356 1358
1356 1369
1356 1373
1356 1385
1356 1399
1356 1409
1356 1416
1356 1437
1356 1442
1356 1498
1357 1367
1357 1376
1357 1379
1357 1398
1357 1428
1357 1435
1357 1654
1357 1855
1358 1366
1358 1397
1358 1412
1358 1414
1358 1725
1359 1392
1359 1402
1359 1421
1359 1424
1359 1427
1359 1435
1359 1438
1360 1362
1360 1364
1360 1367
1360 1371
1360 1391
1360 1393
1360 1399
1360 1403
1360 1408
1360 1410
1360 1424
1360 1425
1360 1797
1361 1381
1361 1386
1361 1389
1361 1401
1361 1405
1361 1406
1361 1415
1361 1436
1361 1805
1362 1376
1362 1387
1362 1400
1362 1432
1362 1438
1363 1419
1363 1421
1363 1423
1363 1436
1363 1438
1363 1439
1363 1614
1363 1645
1363 1671
1363 1792
1363 1887
1364 1370
1364 1380
1364 1385
1364 1390
1364 1394
1364 1398
1364 1406
1364 1416
1364 1426
1364 1427
1364 1428
1364 1551
1364 1584
1364 1618
1365 1366
1365 1374
1365 1382
1365 1405
1365 1411
1365 1413
1365 1433
1366 1371
1366 1385
1366 1388
1366 1395
1366 1411
1366 1427
1366 1435
1366 1579
1366 1742
1367 1375
1367 1387
1367 1398
1367 1404
1367 1428
1367 1568
1367 1733
1368 1373
1368 1381
1368 1382
1368 1385
1368 1389
1368 1392
1368 1393
1368 1400
1368 1407
1368 1420
1368 1421
1368 1422
1368 1543
1368 1731
1368 1836
1368 1875
1369 1378
1369 1394
1369 1395
1369 1403
1369 1407
1369 1417
1369 1421
1369 1436
1369 1661
1370 1392
1370 1406
1370 1427
1370 1439
1370 1600
1370 1726
1371 1377
1371 1383
1371 1395
1371 1398
1371 1401
1371 1404
1371 1413
1371 1419
1371 1435
1371 1633
1371 1654
1371 1898
1372 1373
1372 1379
1372 1380
1372 1391
1372 1415
1372 1424
1372 1430
1373 1383
1373 1392
1373 1412
1373 1423
1373 1428
1373 1433
1373 1434
1373 1474
1373 1757
1374 1382
1374 1383
1374 1395
1374 1399
1374 1413
1374 1415
1374 1420
1374 1426
1374 1429
1374 1810
1375 1391
1375 1412
1375 1417
1375 1426
1375 1432
1375 1436
1375 1550
1375 1812
1375 1829
1376 1391
1376 1395
1376 1407
1376 1411
1376 1432
1376 1765
1377 1384
1377 1385
1377 1387
1377 1394
1377 1412
1377 1417
1377 1426
1377 1433
1377 1917
1378 1382
1378 1383
1378 1415
1378 1420
1378 1755
1379 1389
1379 1394
1379 1397
1379 1403
1379 1532
1379 1713
1379 1762
1380 1401
1380 1413
1380 1423
1380 1610
1380 1724
1380 1806
1380 1872
1381 1383
1381 1396
1381 1399
1381 1406
1381 1427
1381 1523
1381 1793
1381 1883
1381 1904
1381 1909
1382 1389
1382 1406
1382 1411
1382 1414
1382 1424
1382 1539
1383 1397
1383 1402
1383 1420
1383 1422
1383 1423
1384 1387
1384 1404
1384 1409
1384 1410
1384 1418
1384 1429
1384 1491
1384 1501
1385 1386
1385 1407
1385 1411
1385 1421
1385 1430
1385 1431
1385 1840
1386 1390
1386 1396
1386 1398
1386 1401
1386 1423
1386 1438
1386 1524
1386 1547
1387 1390
1387 1398
1387 1403
1387 1472
1387 1753
1388 1397
1388 1401
1388 1403
1388 1415
1388 1419
1388 1421
1388 1426
1388 1429
1388 1437
1388 1505
1388 1565
1389 1408
1389 1432
1389 1435
1389 1634
1390 1392
1390 1395
1390 1396
1390 1399
1390 1401
1390 1403
1390 1421
1390 1694
1391 1409
1391 1412
1391 1418
1391 1433
1391 1633
1392 1394
1392 1401
1392 1407
1392 1418
1392 1422
1392 1797
1393 1416
1393 1583
1393 1644
1393 1676
1393 1711
1394 1417
1394 1419
1394 1432
1395 1399
1395 1403
1395 1419
1395 1421
1395 1423
1395 1428
1395 1435
1395 1577
1395 1735
1395 1822
1395 1823
1396 1402
1396 1403
1396 1412
1396 1419
1396 1431
1396 1433
1396 1434
1396 1647
1396 1826
1397 1401
1397 1714
1398 1399
1398 1412
1398 1426
1398 1429
1398 1558
1398 1847
1398 1880
1399 1410
1399 1413
1399 1424
1399 1431
1399 1502
1399 1864
1400 1405
1400 1413
1400 1421
1400 1424
1400 1489
1400 1869
1401 1406
1401 1411
1401 1414
1401 1415
1401 1720
1402 1412
1402 1413
1402 1418
1402 1424
1402 1425
1402 1630
1403 1405
1403 1410
1403 1419
1403 1428
1403 1708
1404 1429
1404 1431
1404 1633
1404 1729
1405 1411
1405 1415
1405 1421
1405 1437
1405 1604
1405 1624
1405 1716
1405 1831
1406 1410
1406 1426
1406 1431
1407 1411
1407 1415
1408 1411
1408 1413
1408 1415
1408 1421
1408 1425
1408 1427
1408 1461
1409 1410
1409 1411
1409 1418
1409 1423
1409 1546
1409 1616
1410 1418
1410 1425
1410 1499
1411 1420
1411 1428
1411 1433
1411 1439
1411 1501
1411 1524
1411 1548
1412 1434
1412 1435
1412 1439
1412 1528
1412 1663
1412 1750
1412 1868
1413 1419
1413 1431
1413 1703
1414 1420
1414 1421
1414 1423
1414 1786
1414 1814
1415 1420
1415 1423
1415 1673
1415 1696
1416 1450
1416 1671
1417 1419
1417 1420
1417 1423
1417 1429
1417 1478
1418 1428
1418 1584
1418 1593
1418 1633
1418 1684
1418 1914
1419 1423
1419 1432
1419 1437
1420 1421
1420 1423
1420 1433
1420 1559
1420 1653
1420 1898
1421 1901
1422 1423
1422 1432
1422 1584
1422 1796
1422 1803
1422 1900
1423 1432
1423 1434
1423 1437
1423 1671
1424 1426
1424 1839
1425 1436
1425 1437
1425 1439
1425 1455
1425 1853
1425 1877
1426 1436
1426 1566
1427 1431
1427 1697
1427 1710
1428 1449
1428 1902
1429 1434
1430 1760
1430 1872
1431 1434
1431 1920
1432 1434
1432 1439
1432 1542
1432 1609
1433 1735
1433 1800
1434 1699
1434 1861
1436 1884
1437 1651
1438 1503
1438 1586
1438 1689
1439 1521
1439 1914
1440 1468
1440 1482
1440 1484
1440 1493
1440 1499
1440 1512
1440 1516
1440 1518
1440 1560
1440 1565
1440 1577
1440 1578
1440 1584
1440 1586
1440 1644
1440 1645
1440 1673
1440 1679
1441 1465
1441 1476
1441 1477
1441 1488
1441 1520
1441 1545
1441 1546
1441 1547
1441 1597
1441 1607
1441 1621
1441 1623
1441 1626
1441 1651
1441 1652
1441 1658
1441 1676
1441 1677
1441 1907
1442 1451
1442 1455
1442 1466
1442 1476
1442 1485
1442 1489
1442 1506
1442 1507
1442 1512
1442 1527
1442 1539
1442 1574
1442 1597
1442 1600
1442 1622
1442 1625
1442 1627
1442 1633
1442 1635
1442 1644
1442 1650
1442 1657
1442 1662
1442 1670
1443 1446
1443 1457
1443 1461
1443 1462
1443 1464
1443 1480
1443 1483
1443 1484
1443 1490
1443 1500
1443 1529
1443 1530
1443 1547
1443 1551
1443 1563
1443 1566
1443 1571
1443 1573
1443 1579
1443 1597
1443 1602
1443 1621
1443 1623
1443 1630
1443 1635
1443 1641
1443 1651
1443 1653
1443 1655
1443 1660
1443 1664
1443 1679
1444 1469
1444 1471
1444 1487
1444 1496
1444 1505
1444 1524
1444 1536
1444 1548
1444 1549
1444 1572
1444 1579
1444 1589
1444 1591
1444 1648
1444 1649
1444 1666
1444 1672
1444 1675
1444 1697
1444 1799
1444 1854
1445 1449
1445 1456
1445 1465
1445 1473
1445 1521
1445 1532
1445 1538
1445 1539
1445 1580
1445 1596
1445 1601
1445 1608
1445 1618
1445 1627
1445 1630
1445 1637
1445 1652
1445 1653
1445 1666
1445 1674
1445 1791
1445 1843
1446 1447
1446 1449
1446 1451
1446 1454
1446 1483
1446 1487
1446 1488
1446 1491
1446 1497
1446 1503
1446 1514
1446 1521
1446 1536
1446 1580
1446 1598
1446 1621
1446 1636
1446 1639
1446 1647
1446 1652
1446 1655
1446 1665
1446 1840
1447 1467
1447 1475
1447 1485
1447 1491
1447 1503
1447 1504
1447 1507
1447 1526
1447 1527
1447 1541
1447 1542
1447 1546
1447 1547
1447 1566
1447 1572
1447 1586
1447 1592
1447 1608
1447 1618
1447 1625
1447 1629
1447 1630
1447 1632
1447 1642
1447 1649
1447 1659
1447 1671
1447 1674
1447 1848
1448 1452
1448 1471
1448 1513
1448 1529
1448 1534
1448 1538
1448 1555
1448 1563
1448 1572
1448 1576
1448 1586
1448 1612
1448 1623
1448 1631
1448 1635
1448 1651
1448 1652
1448 1670
1448 1674
1449 1452
1449 1473
1449 1482
1449 1491
1449 1523
1449 1529
1449 1532
1449 1536
1449 1548
1449 1569
1449 1588
1449 1593
1449 1598
1449 1604
1449 1631
1449 1634
1449 1643
1449 1676
1449 1678
1450 1459
1450 1466
1450 1468
1450 1511
1450 1513
1450 1534
1450 1551
1450 1552
1450 1572
1450 1581
1450 1603
1450 1618
1450 1623
1450 1626
1450 1648
1450 1650
1451 1455
1451 1457
1451 1465
1451 1471
1451 1489
1451 1512
1451 1531
1451 1533
1451 1536
1451 1544
1451 1553
1451 1565
1451 1573
1451 1585
1451 1601
1451 1603
1451 1617
1451 1632
1451 1640
1451 1651
1451 1659
1451 1672
1451 1673
1452 1459
1452 1467
1452 1491
1452 1513
1452 1519
1452 1524
1452 1527
1452 1535
1452 1539
1452 1545
1452 1556
1452 1559
1452 1562
1452 1574
1452 1581
1452 1582
1452 1598
1452 1602
1452 1608
1452 1612
1452 1631
1452 1635
1452 1643
1452 1653
1452 1656
1452 1879
1453 1470
1453 1475
1453 1487
1453 1504
1453 1512
1453 1514
1453 1528
1453 1564
1453 1586
1453 1591
1453 1598
1453 1605
1453 1607
1453 1619
1453 1656
1453 1676
1453 1806
1454 1466
1454 1484
1454 1505
1454 1517
1454 1524
1454 1533
1454 1540
1454 1542
1454 1553
1454 1584
1454 1586
1454 1588
1454 1593
1454 1594
1454 1603
1454 1604
1454 1621
1454 1624
1454 1631
1454 1633
1454 1639
1454 1650
1454 1664
1455 1464
1455 1474
1455 1481
1455 1503
1455 1519
1455 1536
1455 1546
1455 1551
1455 1556
1455 1559
1455 1587
1455 1606
1455 1609
1455 1615
1455 1616
1455 1621
1455 1628
1455 1638
1455 1647
1455 1657
1455 1661
1455 1663
1455 1669
1455 1671
1455 1674
1455 1677
1455 1894
1456 1472
1456 1474
1456 1480
1456 1482
1456 1488
1456 1489
1456 1497
1456 1507
1456 1520
1456 1549
1456 1554
1456 1555
1456 1563
1456 1564
1456 1572
1456 1575
1456 1578
1456 1589
1456 1591
1456 1592
1456 1593
1456 1600
1456 1613
1456 1621
1456 1645
1456 1646
1456 1651
1456 1652
1456 1658
1456 1668
1456 1676
1456 1711
1456 1857
1456 1901
1457 1483
1457 1485
1457 1489
1457 1493
1457 1499
1457 1501
1457 1505
1457 1510
1457 1511
1457 1512
1457 1514
1457 1519
1457 1530
1457 1550
1457 1552
1457 1570
1457 1586
1457 1592
1457 1593
1457 1597
1457 1606
1457 1609
1457 1610
1457 1613
1457 1614
1457 1618
1457 1633
1457 1651
1457 1659
1458 1461
1458 1484
1458 1488
1458 1503
1458 1511
1458 1518
1458 1564
1458 1576
1458 1587
1458 1592
1458 1595
1458 1610
1458 1615
1458 1620
1458 1625
1458 1632
1458 1634
1458 1637
1458 1643
1458 1648
1458 1654
1458 1666
1458 1676
1459 1469
1459 1472
1459 1473
1459 1486
1459 1502
1459 1509
1459 1512
1459 1517
1459 1541
1459 1542
1459 1546
1459 1559
1459 1564
1459 1583
1459 1584
1459 1592
1459 1601
1459 1660
1459 1720
1459 1864
1460 1471
1460 1485
1460 1530
1460 1537
1460 1546
1460 1548
1460 1564
1460 1571
1460 1572
1460 1575
1460 1584
1460 1585
1460 1586
1460 1596
1460 1613
1460 1618
1460 1632
1460 1633
1460 1638
1460 1644
1460 1660
1460 1663
1460 1703
1460 1724
1461 1472
1461 1481
1461 1486
1461 1488
1461 1506
1461 1508
1461 1516
1461 1528
1461 1531
1461 1536
1461 1547
1461 1554
1461 1593
1461 1596
1461 1609
1461 1610
1461 1632
1461 1633
1461 1645
1461 1648
1461 1657
1461 1664
1461 1673
1461 1684
1461 1836
1462 1464
1462 1468
1462 1470
1462 1473
1462 1474
1462 1479
1462 1481
1462 1483
1462 1487
1462 1493
1462 1498
1462 1501
1462 1513
1462 1516
1462 1550
1462 1555
1462 1558
1462 1610
1462 1626
1462 1627
1462 1636
1462 1643
1462 1669
1462 1677
1463 1495
1463 1501
1463 1506
1463 1543
1463 1549
1463 1557
1463 1562
1463 1567
1463 1591
1463 1628
1463 1629
1463 1645
1463 1657
1463 1660
1463 1665
1463 1785
1464 1467
1464 1468
1464 1469
1464 1488
1464 1491
1464 1519
1464 1524
1464 1531
1464 1535
1464 1536
1464 1539
1464 1545
1464 1547
1464 1555
1464 1566
1464 1583
1464 1592
1464 1597
1464 1598
1464 1604
1464 1609
1464 1613
1464 1619
1464 1621
1464 1623
1464 1625
1464 1647
1464 1650
1464 1651
1464 1653
1464 1658
1465 1478
1465 1481
1465 1508
1465 1510
1465 1541
1465 1544
1465 1549
1465 1558
1465 1568
1465 1593
1465 1594
1465 1601
1465 1615
1465 1619
1465 1668
1465 1669
1465 1735
1466 1480
1466 1483
1466 1508
1466 1511
1466 1527
1466 1531
1466 1534
1466 1536
1466 1537
1466 1561
1466 1582
1466 1585
1466 1586
1466 1589
1466 1596
1466 1609
1466 1620
1466 1627
1466 1642
1466 1646
1466 1652
1466 1661
1466 1665
1467 1483
1467 1488
1467 1510
1467 1531
1467 1532
1467 1554
1467 1576
1467 1583
1467 1612
1467 1620
1467 1627
1467 1628
1467 1629
1467 1630
1467 1640
1467 1650
1467 1656
1467 1660
1467 1661
1467 1662
1467 1663
1467 1673
1467 1675
1467 1847
1468 1479
1468 1480
1468 1484
1468 1488
1468 1504
1468 1507
1468 1532
1468 1543
1468 1548
1468 1552
1468 1558
1468 1567
1468 1582
1468 1623
1468 1625
1468 1639
1468 1644
1468 1650
1468 1652
1468 1653
1468 1663
1468 1667
1468 1672
1468 1676
1469 1473
1469 1483
1469 1487
1469 1493
1469 1513
1469 1526
1469 1529
1469 1551
1469 1563
1469 1575
1469 1605
1469 1621
1469 1632
1469 1634
1469 1644
1469 1649
1469 1666
1469 1673
1469 1676
1469 1679
1469 1801
1470 1472
1470 1487
1470 1497
1470 1508
1470 1509
1470 1520
1470 1524
1470 1528
1470 1532
1470 1546
1470 1553
1470 1560
1470 1573
1470 1576
1470 1580
1470 1600
1470 1602
1470 1619
1470 1644
1470 1645
1470 1655
1470 1663
1470 1710
1470 1865
1471 1474
1471 1521
1471 1524
1471 1533
1471 1535
1471 1536
1471 1540
1471 1545
1471 1571
1471 1582
1471 1584
1471 1588
1471 1589
1471 1604
1471 1613
1471 1620
1471 1626
1471 1633
1471 1640
1471 1643
1471 1644
1471 1648
1471 1656
1471 1890
1472 1473
1472 1479
1472 1481
1472 1492
1472 1513
1472 1526
1472 1561
1472 1564
1472 1576
1472 1611
1472 1631
1472 1648
1472 1651
1472 1658
1472 1679
1472 1737
1472 1891
1473 1477
1473 1490
1473 1497
1473 1502
1473 1516
1473 1547
1473 1565
1473 1573
1473 1587
1473 1588
1473 1594
1473 1595
1473 1597
1473 1602
1473 1643
1473 1646
1473 1650
1473 1656
1473 1661
1473 1692
1474 1476
1474 1502
1474 1505
1474 1508
1474 1534
1474 1547
1474 1551
1474 1557
1474 1573
1474 1581
1474 1589
1474 1592
1474 1614
1474 1619
1474 1632
1474 1659
1474 1676
1474 1679
1475 1480
1475 1498
1475 1499
1475 1500
1475 1531
1475 1542
1475 1549
1475 1565
1475 1581
1475 1587
1475 1590
1475 1600
1475 1606
1475 1622
1475 1627
1475 1634
1475 1648
1475 1653
1475 1660
1475 1667
1475 1671
1475 1679
1476 1479
1476 1488
1476 1501
1476 1527
1476 1529
1476 1534
1476 1541
1476 1544
1476 1547
1476 1582
1476 1585
1476 1587
1476 1595
1476 1617
1476 1679
1477 1485
1477 1487
1477 1490
1477 1497
1477 1502
1477 1512
1477 1515
1477 1529
1477 1533
1477 1589
1477 1602
1477 1618
1477 1619
1477 1620
1477 1622
1477 1624
1477 1637
1477 1642
1477 1648
1477 1650
1477 1654
1477 1676
1478 1503
1478 1523
1478 1539
1478 1558
1478 1577
1478 1581
1478 1591
1478 1594
1478 1610
1478 1644
1478 1648
1478 1651
1478 1677
1478 1826
1479 1482
1479 1505
1479 1514
1479 1521
1479 1532
1479 1552
1479 1559
1479 1569
1479 1572
1479 1573
1479 1577
1479 1580
1479 1587
1479 1600
1479 1603
1479 1656
1479 1672
1479 1674
1479 1679
1480 1487
1480 1502
1480 1505
1480 1508
1480 1521
1480 1524
1480 1554
1480 1559
1480 1576
1480 1577
1480 1582
1480 1590
1480 1593
1480 1594
1480 1597
1480 1630
1480 1647
1480 1651
1480 1666
1480 1893
1481 1487
1481 1491
1481 1501
1481 1507
1481 1524
1481 1526
1481 1533
1481 1587
1481 1627
1481 1639
1481 1646
1481 1661
1482 1487
1482 1490
1482 1517
1482 1521
1482 1527
1482 1529
1482 1534
1482 1540
1482 1541
1482 1570
1482 1578
1482 1584
1482 1605
1482 1637
1482 1651
1482 1652
1482 1658
1482 1661
1482 1667
1482 1678
1482 1719
1483 1509
1483 1511
1483 1513
1483 1517
1483 1532
1483 1549
1483 1588
1483 1595
1483 1607
1483 1609
1483 1615
1483 1622
1483 1627
1483 1640
1483 1648
1483 1661
1483 1678
1483 1679
1484 1505
1484 1517
1484 1520
1484 1524
1484 1527
1484 1532
1484 1559
1484 1563
1484 1565
1484 1633
1484 1645
1484 1655
1484 1667
1484 1742
1485 1524
1485 1544
1485 1552
1485 1572
1485 1583
1485 1584
1485 1585
1485 1595
1485 1616
1485 1651
1485 1658
1485 1678
1486 1487
1486 1494
1486 1506
1486 1520
1486 1522
1486 1528
1486 1532
1486 1539
1486 1546
1486 1547
1486 1564
1486 1568
1486 1590
1486 1595
1486 1600
1486 1612
1486 1642
1486 1645
1486 1649
1486 1656
1486 1679
1487 1494
1487 1529
1487 1533
1487 1534
1487 1564
1487 1582
1487 1587
1487 1599
1487 1612
1487 1616
1487 1618
1487 1621
1487 1641
1487 1664
1487 1671
1488 1495
1488 1510
1488 1527
1488 1531
1488 1533
1488 1535
1488 1536
1488 1567
1488 1572
1488 1577
1488 1580
1488 1585
1488 1586
1488 1598
1488 1601
1488 1602
1488 1603
1488 1612
1488 1620
1488 1625
1488 1627
1488 1646
1488 1648
1488 1653
1488 1660
1488 1669
1488 1671
1488 1673
1489 1492
1489 1500
1489 1505
1489 1507
1489 1510
1489 1511
1489 1512
1489 1520
1489 1528
1489 1554
1489 1557
1489 1558
1489 1566
1489 1569
1489 1589
1489 1595
1489 1596
1489 1597
1489 1608
1489 1613
1489 1614
1489 1617
1489 1644
1489 1669
1489 1678
1489 1679
1489 1717
1489 1785
1489 1800
1490 1492
1490 1517
1490 1528
1490 1545
1490 1555
1490 1562
1490 1563
1490 1572
1490 1575
1490 1579
1490 1587
1490 1595
1490 1608
1490 1614
1490 1615
1490 1622
1490 1625
1490 1626
1490 1631
1490 1666
1490 1674
1491 1494
1491 1516
1491 1517
1491 1518
1491 1520
1491 1543
1491 1565
1491 1573
1491 1575
1491 1582
1491 1590
1491 1597
1491 1622
1491 1645
1491 1647
1491 1651
1491 1664
1491 1665
1491 1889
1492 1499
1492 1500
1492 1530
1492 1533
1492 1549
1492 1559
1492 1588
1492 1597
1492 1607
1492 1616
1492 1623
1492 1650
1492 1660
1492 1673
1492 1676
1492 1865
1493 1495
1493 1501
1493 1517
1493 1520
1493 1551
1493 1558
1493 1561
1493 1565
1493 1573
1493 1583
1493 1584
1493 1592
1493 1603
1493 1604
1493 1606
1493 1615
1493 1617
1493 1639
1493 1648
1493 1673
1494 1499
1494 1504
1494 1508
1494 1513
1494 1525
1494 1539
1494 1540
1494 1551
1494 1555
1494 1579
1494 1585
1494 1609
1494 1610
1494 1628
1494 1640
1494 1641
1494 1648
1494 1652
1494 1664
1494 1666
1495 1498
1495 1500
1495 1504
1495 1508
1495 1520
1495 1524
1495 1537
1495 1551
1495 1580
1495 1586
1495 1589
1495 1595
1495 1599
1495 1610
1495 1615
1495 1619
1495 1638
1495 1656
1495 1693
1496 1514
1496 1525
1496 1529
1496 1536
1496 1541
1496 1543
1496 1555
1496 1583
1496 1585
1496 1596
1496 1603
1496 1619
1496 1622
1496 1634
1496 1671
1496 1673
1496 1752
1497 1498
1497 1506
1497 1537
1497 1546
1497 1559
1497 1561
1497 1568
1497 1570
1497 1590
1497 1592
1497 1593
1497 1638
1497 1641
1497 1656
1497 1659
1497 1674
1497 1678
1497 1763
1498 1500
1498 1503
1498 1505
1498 1508
1498 1512
1498 1521
1498 1524
1498 1532
1498 1534
1498 1535
1498 1540
1498 1549
1498 1561
1498 1570
1498 1574
1498 1579
1498 1587
1498 1591
1498 1612
1498 1621
1498 1631
1498 1635
1498 1638
1498 1639
1498 1640
1498 1644
1498 1652
1498 1672
1498 1675
1498 1804
1498 1853
1498 1912
1499 1516
1499 1522
1499 1531
1499 1537
1499 1548
1499 1549
1499 1550
1499 1554
1499 1566
1499 1576
1499 1577
1499 1594
1499 1608
1499 1609
1499 1616
1499 1618
1499 1619
1499 1623
1499 1628
1499 1642
1499 1648
1499 1678
1499 1754
1500 1503
1500 1516
1500 1519
1500 1530
1500 1541
1500 1570
1500 1581
1500 1610
1500 1612
1500 1617
1500 1623
1500 1648
1500 1664
1500 1673
1500 1678
1500 1837
1501 1511
1501 1512
1501 1515
1501 1520
1501 1527
1501 1544
1501 1554
1501 1555
1501 1561
1501 1571
1501 1583
1501 1592
1501 1600
1501 1604
1501 1607
1501 1634
1501 1641
1501 1656
1501 1663
1501 1667
1502 1505
1502 1510
1502 1518
1502 1524
1502 1541
1502 1543
1502 1601
1502 1609
1502 1611
1502 1614
1502 1627
1502 1636
1502 1645
1502 1653
1502 1654
1502 1656
1502 1664
1503 1517
1503 1526
1503 1529
1503 1536
1503 1547
1503 1552
1503 1554
1503 1567
1503 1568
1503 1576
1503 1581
1503 1585
1503 1590
1503 1596
1503 1602
1503 1627
1503 1629
1503 1660
1503 1669
1504 1522
1504 1523
1504 1563
1504 1565
1504 1566
1504 1580
1504 1597
1504 1613
1504 1624
1504 1630
1504 1646
1504 1650
1504 1667
1504 1679
1504 1834
1505 1511
1505 1529
1505 1539
1505 1540
1505 1543
1505 1552
1505 1554
1505 1559
1505 1561
1505 1564
1505 1572
1505 1588
1505 1594
1505 1595
1505 1597
1505 1611
1505 1621
1505 1628
1505 1632
1505 1649
1505 1652
1505 1666
1505 1868
1506 1515
1506 1524
1506 1561
1506 1566
1506 1575
1506 1579
1506 1581
1506 1589
1506 1638
1506 1649
1506 1658
1506 1679
1507 1513
1507 1514
1507 1515
1507 1523
1507 1533
1507 1549
1507 1554
1507 1584
1507 1589
1507 1601
1507 1609
1507 1616
1507 1624
1507 1630
1507 1634
1507 1639
1507 1662
1507 1669
1507 1677
1507 1678
1508 1520
1508 1526
1508 1541
1508 1542
1508 1563
1508 1571
1508 1578
1508 1596
1508 1598
1508 1606
1508 1623
1508 1628
1508 1636
1508 1638
1508 1639
1508 1647
1508 1649
1509 1544
1509 1567
1509 1581
1509 1620
1509 1625
1509 1646
1509 1657
1509 1658
1509 1677
1510 1547
1510 1551
1510 1554
1510 1561
1510 1565
1510 1567
1510 1642
1510 1649
1510 1652
1510 1655
1510 1679
1511 1530
1511 1534
1511 1539
1511 1548
1511 1549
1511 1557
1511 1558
1511 1560
1511 1567
1511 1604
1511 1613
1511 1641
1511 1674
1511 1679
1511 1882
1512 1540
1512 1550
1512 1561
1512 1569
1512 1572
1512 1580
1512 1582
1512 1608
1512 1614
1512 1616
1512 1618
1512 1637
1512 1642
1512 1650
1512 1652
1512 1665
1512 1669
1512 1670
1512 1679
1513 1527
1513 1540
1513 1547
1513 1548
1513 1551
1513 1590
1513 1591
1513 1612
1513 1616
1513 1631
1513 1657
1513 1662
1513 1665
1513 1738
1514 1515
1514 1516
1514 1517
1514 1525
1514 1532
1514 1537
1514 1554
1514 1580
1514 1582
1514 1585
1514 1590
1514 1598
1514 1604
1514 1626
1514 1673
1515 1536
1515 1538
1515 1564
1515 1590
1515 1592
1515 1593
1515 1611
1515 1617
1515 1624
1515 1629
1515 1636
1515 1640
1515 1641
1515 1647
1515 1656
1515 1657
1515 1663
1515 1665
1515 1668
1516 1527
1516 1532
1516 1534
1516 1554
1516 1566
1516 1569
1516 1575
1516 1577
1516 1581
1516 1609
1516 1613
1516 1615
1516 1629
1516 1640
1516 1641
1516 1643
1516 1649
1516 1668
1517 1523
1517 1528
1517 1532
1517 1549
1517 1552
1517 1566
1517 1568
1517 1569
1517 1576
1517 1592
1517 1621
1517 1627
1517 1647
1517 1663
1517 1670
1517 1672
1517 1674
1517 1679
1518 1520
1518 1529
1518 1542
1518 1547
1518 1551
1518 1569
1518 1586
1518 1593
1518 1621
1518 1631
1518 1635
1518 1637
1518 1652
1518 1665
1518 1671
1519 1523
1519 1554
1519 1576
1519 1579
1519 1593
1519 1599
1519 1615
1519 1618
1519 1630
1519 1635
1519 1642
1519 1645
1519 1655
1519 1656
1519 1666
1519 1667
1519 1672
1519 1675
1519 1889
1520 1545
1520 1556
1520 1562
1520 1589
1520 1604
1520 1606
1520 1613
1520 1620
1520 1632
1520 1641
1520 1644
1520 1673
1520 1674
1521 1524
1521 1546
1521 1572
1521 1579
1521 1589
1521 1596
1521 1609
1521 1653
1521 1656
1521 1678
1521 1898
1522 1538
1522 1551
1522 1555
1522 1562
1522 1588
1522 1596
1522 1604
1522 1608
1522 1611
1522 1613
1522 1621
1522 1629
1522 1642
1522 1655
1522 1662
1522 1666
1523 1542
1523 1551
1523 1559
1523 1560
1523 1564
1523 1590
1523 1594
1523 1597
1523 1603
1523 1610
1523 1637
1523 1647
1523 1656
1523 1663
1523 1664
1524 1537
1524 1539
1524 1545
1524 1546
1524 1555
1524 1584
1524 1603
1524 1615
1524 1617
1524 1642
1524 1644
1524 1645
1524 1650
1524 1653
1524 1656
1524 1658
1524 1659
1525 1537
1525 1542
1525 1549
1525 1551
1525 1563
1525 1568
1525 1576
1525 1578
1525 1602
1525 1632
1525 1633
1525 1641
1525 1665
1525 1679
1525 1812
1525 1918
1526 1528
1526 1569
1526 1592
1526 1630
1526 1638
1526 1658
1526 1667
1526 1676
1527 1540
1527 1550
1527 1571
1527 1578
1527 1580
1527 1582
1527 1599
1527 1603
1527 1611
1527 1618
1527 1642
1527 1643
1527 1647
1527 1651
1527 1659
1527 1665
1527 1678
1527 1889
1528 1537
1528 1539
1528 1544
1528 1548
1528 1561
1528 1566
1528 1569
1528 1585
1528 1605
1528 1614
1528 1626
1528 1632
1528 1637
1528 1648
1528 1649
1528 1657
1528 1658
1528 1662
1528 1669
1528 1674
1529 1548
1529 1556
1529 1568
1529 1578
1529 1596
1529 1604
1529 1607
1529 1635
1529 1647
1529 1657
1529 1665
1529 1672
1529 1675
1530 1537
1530 1542
1530 1555
1530 1560
1530 1571
1530 1572
1530 1580
1530 1591
1530 1604
1530 1637
1530 1649
1530 1672
1530 1888
1531 1536
1531 1552
1531 1555
1531 1564
1531 1573
1531 1576
1531 1579
1531 1593
1531 1597
1531 1603
1531 1606
1531 1621
1531 1623
1531 1626
1531 1657
1531 1668
1531 1669
1531 1735
1531 1779
1532 1543
1532 1546
1532 1559
1532 1560
1532 1561
1532 1566
1532 1567
1532 1570
1532 1580
1532 1586
1532 1589
1532 1594
1532 1596
1532 1599
1532 1619
1532 1621
1532 1631
1532 1667
1532 1775
1533 1550
1533 1564
1533 1570
1533 1580
1533 1582
1533 1602
1533 1604
1533 1609
1533 1618
1533 1626
1533 1629
1533 1643
1533 1649
1533 1668
1533 1669
1533 1674
1533 1677
1533 1769
1533 1790
1533 1809
1534 1555
1534 1567
1534 1578
1534 1583
1534 1586
1534 1596
1534 1607
1534 1634
1534 1643
1534 1646
1534 1655
1535 1537
1535 1554
1535 1593
1535 1594
1535 1620
1535 1627
1535 1645
1535 1660
1535 1662
1535 1673
1535 1677
1535 1807
1535 1878
1536 1544
1536 1564
1536 1571
1536 1576
1536 1593
1536 1594
1536 1598
1536 1605
1536 1619
1536 1624
1536 1655
1536 1672
1537 1552
1537 1553
1537 1556
1537 1564
1537 1567
1537 1568
1537 1579
1537 1581
1537 1584
1537 1595
1537 1611
1537 1620
1537 1631
1537 1636
1537 1647
1537 1656
1537 1660
1537 1669
1537 1673
1537 1677
1538 1542
1538 1557
1538 1559
1538 1567
1538 1573
1538 1575
1538 1599
1538 1619
1538 1622
1538 1632
1538 1633
1538 1634
1538 1638
1538 1639
1538 1644
1538 1660
1538 1663
1538 1666
1539 1551
1539 1559
1539 1570
1539 1576
1539 1598
1539 1614
1539 1629
1539 1637
1539 1667
1539 1674
1539 1676
1540 1542
1540 1558
1540 1566
1540 1587
1540 1591
1540 1598
1540 1607
1540 1616
1540 1623
1540 1642
1540 1660
1540 1676
1541 1548
1541 1562
1541 1569
1541 1574
1541 1583
1541 1588
1541 1601
1541 1603
1541 1610
1541 1618
1541 1635
1541 1645
1541 1649
1541 1650
1541 1652
1541 1657
1541 1670
1541 1677
1541 1895
1542 1552
1542 1553
1542 1556
1542 1559
1542 1589
1542 1624
1542 1626
1542 1632
1542 1634
1542 1643
1542 1653
1542 1660
1542 1666
1542 1740
1543 1571
1543 1572
1543 1575
1543 1583
1543 1587
1543 1591
1543 1603
1543 1605
1543 1615
1543 1630
1543 1643
1543 1644
1543 1655
1543 1663
1543 1678
1544 1545
1544 1547
1544 1558
1544 1573
1544 1575
1544 1587
1544 1594
1544 1620
1544 1621
1544 1779
1545 1550
1545 1575
1545 1579
1545 1586
1545 1596
1545 1602
1545 1617
1545 1628
1545 1642
1545 1653
1545 1677
1545 1819
1546 1555
1546 1557
1546 1573
1546 1580
1546 1583
1546 1587
1546 1610
1546 1633
1546 1634
1546 1640
1546 1644
1546 1653
1546 1657
1546 1658
1546 1659
1546 1663
1546 1665
1546 1666
1546 1669
1547 1548
1547 1564
1547 1570
1547 1577
1547 1590
1547 1604
1547 1616
1547 1626
1547 1635
1547 1644
1547 1657
1547 1661
1547 1666
1548 1554
1548 1556
1548 1601
1548 1605
1548 1609
1548 1626
1548 1659
1548 1836
1549 1567
1549 1581
1549 1594
1549 1596
1549 1597
1549 1598
1549 1604
1549 1607
1549 1609
1549 1632
1549 1634
1549 1659
1549 1662
1549 1676
1549 1871
1550 1560
1550 1586
1550 1599
1550 1603
1550 1623
1550 1629
1550 1642
1550 1643
1550 1645
1550 1647
1550 1661
1550 1674
1550 1677
1551 1553
1551 1554
1551 1563
1551 1564
1551 1568
1551 1577
1551 1598
1551 1601
1551 1627
1551 1636
1551 1639
1551 1640
1551 1669
1551 1678
1551 1770
1551 1909
1552 1574
1552 1575
1552 1591
1552 1617
1552 1619
1552 1640
1552 1644
1552 1655
1553 1563
1553 1573
1553 1598
1553 1610
1553 1620
1553 1624
1553 1632
1553 1636
1553 1648
1553 1657
1553 1668
1553 1672
1554 1560
1554 1570
1554 1572
1554 1581
1554 1588
1554 1591
1554 1596
1554 1603
1554 1605
1554 1608
1554 1611
1554 1633
1554 1634
1554 1654
1554 1672
1554 1916
1555 1578
1555 1646
1555 1667
1555 1674
1555 1675
1556 1574
1556 1578
1556 1585
1556 1595
1556 1616
1556 1623
1556 1628
1556 1643
1556 1672
1556 1673
1557 1563
1557 1570
1557 1581
1557 1589
1557 1592
1557 1595
1557 1618
1557 1647
1557 1665
1557 1678
1557 1679
1558 1611
1558 1627
1558 1629
1558 1632
1558 1651
1558 1653
1558 1699
1559 1573
1559 1593
1559 1604
1559 1608
1559 1610
1559 1621
1559 1625
1559 1629
1559 1634
1559 1653
1559 1667
1559 1676
1559 1679
1559 1686
1559 1915
1560 1563
1560 1568
1560 1583
1560 1606
1560 1618
1560 1620
1560 1621
1560 1623
1560 1632
1560 1644
1560 1647
1560 1650
1560 1654
1560 1673
1561 1564
1561 1586
1561 1588
1561 1602
1561 1613
1561 1615
1561 1620
1561 1627
1561 1628
1561 1637
1561 1654
1561 1657
1561 1658
1561 1659
1561 1661
1561 1670
1561 1676
1561 1780
1562 1563
1562 1571
1562 1572
1562 1576
1562 1580
1562 1599
1562 1615
1562 1618
1562 1624
1562 1628
1562 1639
1562 1844
1563 1565
1563 1566
1563 1579
1563 1583
1563 1587
1563 1613
1563 1616
1563 1626
1563 1639
1563 1643
1563 1658
1563 1662
1563 1664
1563 1792
1564 1577
1564 1582
1564 1589
1564 1604
1564 1615
1564 1631
1564 1637
1564 1640
1564 1644
1564 1648
1564 1651
1564 1657
1564 1663
1564 1670
1564 1724
1564 1757
1564 1805
1565 1569
1565 1581
1565 1582
1565 1590
1565 1592
1565 1605
1565 1606
1565 1609
1565 1630
1565 1634
1565 1648
1565 1650
1565 1655
1565 1656
1565 1661
1565 1664
1565 1665
1565 1671
1565 1898
1566 1580
1566 1608
1566 1609
1566 1617
1566 1618
1566 1625
1566 1628
1566 1636
1566 1647
1566 1651
1566 1657
1566 1671
1567 1592
1567 1607
1567 1641
1567 1679
1567 1710
1568 1581
1568 1583
1568 1615
1568 1618
1568 1626
1568 1642
1568 1654
1568 1670
1568 1672
1568 1674
1568 1676
1569 1577
1569 1598
1569 1599
1569 1603
1569 1607
1569 1611
1569 1624
1569 1644
1569 1655
1569 1662
1569 1665
1569 1679
1570 1577
1570 1579
1570 1592
1570 1597
1570 1614
1570 1655
1570 1663
1570 1676
1570 1682
1570 1780
1571 1582
1571 1584
1571 1593
1571 1599
1571 1603
1571 1604
1571 1608
1571 1610
1571 1617
1571 1631
1571 1632
1571 1650
1571 1660
1571 1663
1571 1664
1571 1670
1571 1674
1571 1807
1572 1591
1572 1594
1572 1613
1572 1630
1572 1638
1572 1660
1572 1661
1572 1663
1572 1672
1572 1675
1572 1826
1572 1885
1573 1577
1573 1580
1573 1618
1573 1630
1573 1646
1573 1651
1573 1667
1573 1864
1574 1579
1574 1601
1574 1608
1574 1633
1574 1644
1574 1675
1574 1735
1575 1578
1575 1580
1575 1598
1575 1604
1575 1606
1575 1620
1575 1627
1575 1648
1575 1653
1575 1660
1575 1661
1575 1673
1575 1674
1575 1677
1575 1678
1575 1853
1576 1593
1576 1598
1576 1606
1576 1609
1576 1616
1576 1621
1576 1623
1576 1627
1576 1631
1576 1643
1576 1647
1576 1652
1576 1654
1576 1676
1576 1699
1576 1897
1577 1589
1577 1593
1577 1597
1577 1619
1577 1624
1577 1651
1577 1659
1577 1675
1577 1867
1577 1912
1578 1599
1578 1614
1578 1618
1578 1621
1578 1622
1578 1632
1578 1648
1578 1651
1578 1661
1578 1664
1578 1665
1578 1667
1578 1676
1579 1585
1579 1593
1579 1630
1579 1654
1579 1661
1579 1667
1579 1675
1579 1679
1579 1751
1580 1585
1580 1589
1580 1592
1580 1619
1580 1626
1580 1640
1580 1641
1580 1646
1580 1654
1580 1657
1580 1666
1580 1670
1580 1772
1580 1847
1581 1587
1581 1589
1581 1599
1581 1609
1581 1615
1581 1621
1581 1623
1581 1634
1581 1636
1581 1649
1581 1675
1581 1785
1582 1601
1582 1624
1582 1625
1582 1630
1582 1653
1582 1676
1583 1600
1583 1607
1583 1622
1583 1630
1583 1641
1583 1646
1583 1663
1583 1673
1583 1700
1583 1856
1584 1597
1584 1599
1584 1625
1584 1627
1584 1638
1584 1640
1584 1643
1584 1674
1584 1679
1584 1745
1585 1608
1585 1617
1585 1659
1585 1663
1585 1667
1585 1673
1585 1679
1586 1587
1586 1594
1586 1606
1586 1608
1586 1610
1586 1619
1586 1628
1586 1634
1586 1639
1586 1644
1586 1647
1586 1657
1587 1642
1587 1654
1587 1660
1587 1696
1587 1825
1588 1599
1588 1606
1588 1610
1588 1620
1588 1640
1588 1648
1588 1661
1588 1679
1588 1782
1589 1608
1589 1613
1589 1623
1589 1625
1589 1804
1590 1591
1590 1592
1590 1595
1590 1603
1590 1634
1590 1637
1590 1642
1590 1646
1590 1650
1590 1659
1590 1671
1590 1674
1591 1611
1591 1639
1591 1644
1591 1647
1591 1663
1591 1669
1591 1677
1591 1789
1591 1835
1592 1603
1592 1609
1592 1614
1592 1636
1592 1655
1592 1664
1592 1710
1592 1914
1593 1604
1593 1632
1593 1649
1593 1650
1593 1651
1593 1653
1593 1664
1593 1667
1593 1673
1593 1675
1593 1860
1594 1596
1594 1599
1594 1608
1594 1616
1594 1622
1594 1624
1594 1636
1594 1648
1594 1651
1594 1661
1594 1666
1594 1671
1594 1676
1595 1607
1595 1625
1595 1632
1595 1634
1595 1635
1595 1652
1595 1660
1595 1661
1595 1668
1595 1674
1596 1629
1596 1632
1596 1633
1596 1655
1596 1758
1596 1825
1597 1608
1597 1640
1597 1641
1597 1658
1597 1789
1598 1604
1598 1606
1598 1609
1598 1622
1598 1630
1598 1638
1598 1650
1598 1668
1598 1669
1598 1735
1599 1600
1599 1621
1599 1631
1599 1638
1599 1657
1599 1664
1600 1607
1600 1611
1600 1631
1600 1642
1600 1644
1600 1662
1600 1663
1600 1673
1600 1712
1600 1811
1601 1610
1601 1611
1601 1620
1601 1621
1601 1631
1601 1636
1601 1657
1601 1658
1601 1676
1601 1721
1601 1858
1602 1603
1602 1624
1602 1627
1602 1632
1602 1636
1602 1643
1602 1665
1602 1672
1602 1709
1602 1771
1603 1615
1603 1616
1603 1618
1603 1627
1603 1631
1603 1637
1603 1640
1603 1650
1603 1654
1603 1657
1603 1658
1603 1660
1603 1665
1604 1607
1604 1613
1604 1623
1604 1649
1604 1655
1604 1656
1604 1663
1605 1612
1605 1622
1605 1630
1605 1631
1605 1638
1605 1661
1606 1635
1606 1640
1606 1641
1606 1653
1606 1655
1606 1714
1607 1626
1607 1645
1607 1654
1607 1667
1607 1740
1607 1754
1608 1611
1608 1765
1609 1614
1609 1622
1609 1629
1609 1630
1609 1637
1609 1641
1609 1651
1610 1617
1610 1628
1610 1636
1610 1637
1610 1641
1610 1644
1610 1656
1610 1661
1610 1667
1611 1615
1611 1624
1611 1632
1611 1640
1611 1667
1611 1672
1611 1678
1611 1799
1611 1859
1611 1880
1612 1623
1612 1634
1612 1666
1612 1668
1612 1670
1612 1674
1613 1619
1613 1628
1613 1642
1613 1647
1613 1661
1614 1615
1614 1617
1614 1628
1614 1629
1614 1648
1614 1660
1614 1662
1615 1623
1615 1663
1615 1687
1616 1645
1616 1663
1616 1668
1616 1677
1616 1699
1617 1618
1617 1640
1617 1660
1617 1671
1617 1678
1617 1726
1618 1621
1618 1622
1618 1625
1618 1627
1618 1637
1618 1643
1618 1665
1618 1679
1618 1850
1618 1908
1619 1622
1619 1664
1619 1665
1619 1668
1619 1765
1620 1622
1620 1624
1620 1636
1620 1638
1620 1660
1620 1666
1620 1674
1620 1678
1620 1877
1621 1624
1621 1657
1621 1658
1621 1662
1621 1669
1622 1625
1622 1634
1622 1647
1622 1652
1622 1657
1623 1633
1623 1643
1623 1646
1623 1654
1623 1656
1623 1664
1623 1668
1623 1678
1624 1625
1624 1636
1624 1638
1624 1641
1624 1668
1624 1676
1624 1678
1624 1855
1625 1633
1625 1638
1625 1643
1625 1669
1625 1674
1626 1646
1626 1654
1626 1662
1626 1668
1626 1669
1626 1873
1627 1632
1627 1641
1627 1651
1627 1664
1627 1666
1627 1670
1627 1671
1627 1673
1627 1904
1628 1634
1628 1635
1628 1645
1628 1647
1628 1660
1628 1663
1629 1633
1629 1636
1629 1646
1629 1657
1629 1732
1629 1787
1629 1801
1629 1913
1630 1643
1630 1647
1630 1655
1630 1673
1631 1640
1631 1653
1631 1656
1631 1660
1631 1667
1631 1676
1632 1638
1632 1643
1632 1657
1632 1659
1632 1661
1632 1673
1632 1742
1632 1857
1633 1641
1633 1649
1633 1653
1633 1744
1634 1645
1634 1654
1635 1636
1635 1638
1635 1640
1635 1642
1635 1677
1636 1641
1636 1648
1636 1655
1636 1656
1636 1668
1636 1674
1637 1650
1637 1670
1637 1673
1637 1679
1637 1747
1638 1661
1638 1668
1638 1669
1638 1673
1638 1675
1639 1651
1639 1666
1639 1670
1640 1641
1640 1665
1640 1675
1641 1661
1641 1671
1641 1677
1642 1658
1642 1873
1643 1645
1643 1658
1643 1675
1643 1679
1643 1740
1644 1647
1644 1648
1644 1650
1644 1663
1644 1679
1644 1807
1645 1648
1645 1663
1646 1651
1646 1674
1646 1680
1646 1755
1647 1653
1647 1671
1647 1711
1647 1713
1647 1742
1647 1808
1647 1820
1648 1666
1648 1673
1648 1675
1648 1862
1649 1667
1649 1716
1650 1673
1651 1670
1651 1733
1651 1790
1652 1653
1652 1656
1652 1663
1652 1851
1653 1660
1653 1662
1653 1674
1653 1677
1653 1678
1653 1721
1654 1657
1654 1663
1655 1674
1655 1781
1655 1847
1655 1864
1656 1667
1656 1728
1656 1813
1657 1674
1657 1675
1658 1668
1658 1807
1658 1905
1660 1669
1660 1674
1660 1675
1660 1754
1661 1664
1661 1678
1661 1707
1662 1668
1662 1670
1662 1675
1663 1664
1663 1692
1664 1677
1664 1679
1664 1757
1666 1679
1667 1669
1667 1918
1668 1677
1668 1679
1668 1836
1669 1672
1669 1682
1670 1840
1671 1837
1671 1859
1672 1846
1673 1902
1675 1847
1676 1678
1677 1679
1678 1727
1679 1720
1679 1907
1680 1686
1680 1687
1680 1694
1680 1706
1680 1739
1680 1741
1680 1801
1680 1812
1680 1818
1680 1820
1680 1848
1680 1853
1680 1864
1680 1867
1680 1888
1680 1896
1680 1901
1680 1906
1681 1706
1681 1710
1681 1713
1681 1714
1681 1728
1681 1738
1681 1754
1681 1761
1681 1776
1681 1777
1681 1785
1681 1788
1681 1803
1681 1805
1681 1815
1681 1823
1681 1862
1681 1866
1681 1870
1681 1877
1681 1884
1681 1900
1681 1910
1681 1915
1682 1700
1682 1710
1682 1723
1682 1726
1682 1728
1682 1785
1682 1786
1682 1807
1682 1819
1682 1846
1682 1847
1682 1853
1682 1859
1682 1866
1682 1877
1682 1888
1683 1693
1683 1704
1683 1716
1683 1718
1683 1724
1683 1726
1683 1733
1683 1740
1683 1756
1683 1758
1683 1776
1683 1783
1683 1791
1683 1812
1683 1832
1683 1837
1683 1881
1683 1913
1683 1915
1684 1690
1684 1709
1684 1712
1684 1732
1684 1742
1684 1745
1684 1746
1684 1747
1684 1766
1684 1787
1684 1790
1684 1793
1684 1805
1684 1815
1684 1832
1684 1841
1684 1857
1684 1874
1684 1887
1684 1910
1684 1918
1685 1688
1685 1691
1685 1693
1685 1700
1685 1708
1685 1712
1685 1716
1685 1717
1685 1727
1685 1731
1685 1734
1685 1763
1685 1774
1685 1778
1685 1794
1685 1802
1685 1812
1685 1830
1685 1831
1685 1838
1685 1845
1685 1846
1685 1902
1685 1911
1685 1914
1685 1917
1686 1694
1686 1701
1686 1702
1686 1705
1686 1707
1686 1711
1686 1715
1686 1751
1686 1755
1686 1781
1686 1785
1686 1786
1686 1795
1686 1807
1686 1820
1686 1837
1686 1864
1686 1870
1686 1871
1686 1894
1686 1895
1686 1898
1686 1913
1686 1918
1686 1919
1687 1719
1687 1727
1687 1728
1687 1746
1687 1752
1687 1755
1687 1761
1687 1769
1687 1770
1687 1778
1687 1791
1687 1795
1687 1801
1687 1802
1687 1805
1687 1814
1687 1835
1687 1842
1687 1873
1687 1884
1687 1901
1687 1918
1688 1698
1688 1700
1688 1703
1688 1721
1688 1723
1688 1727
1688 1741
1688 1752
1688 1767
1688 1786
1688 1821
1688 1829
1688 1833
1688 1850
1688 1869
1688 1880
1688 1907
1688 1914
1689 1694
1689 1708
1689 1726
1689 1730
1689 1757
1689 1758
1689 1764
1689 1770
1689 1776
1689 1789
1689 1790
1689 1792
1689 1797
1689 1807
1689 1816
1689 1829
1689 1844
1689 1848
1689 1858
1689 1891
1689 1899
1689 1900
1689 1901
1689 1912
1689 1916
1689 1918
1690 1702
1690 1703
1690 1706
1690 1710
1690 1718
1690 1754
1690 1766
1690 1776
1690 1782
1690 1797
1690 1802
1690 1806
1690 1818
1690 1826
1690 1829
1690 1830
1690 1833
1690 1839
1690 1850
1690 1918
1691 1694
1691 1706
1691 1717
1691 1719
1691 1722
1691 1744
1691 1754
1691 1763
1691 1777
1691 1791
1691 1792
1691 1793
1691 1815
1691 1820
1691 1825
1691 1829
1691 1870
1691 1872
1691 1883
1691 1889
1691 1900
1691 1906
1691 1907
1692 1695
1692 1702
1692 1711
1692 1715
1692 1733
1692 1738
1692 1743
1692 1760
1692 1765
1692 1787
1692 1796
1692 1799
1692 1804
1692 1809
1692 1811
1692 1817
1692 1841
1692 1867
1692 1873
1692 1885
1692 1893
1692 1907
1692 1908
1692 1914
1692 1920
1693 1706
1693 1725
1693 1726
1693 1737
1693 1745
1693 1761
1693 1763
1693 1774
1693 1785
1693 1810
1693 1816
1693 1818
1693 1851
1693 1857
1693 1863
1693 1873
1693 1875
1693 1886
1693 1888
1693 1900
1693 1920
1694 1695
1694 1697
1694 1721
1694 1728
1694 1737
1694 1742
1694 1747
1694 1748
1694 1751
1694 1753
1694 1761
1694 1786
1694 1807
1694 1808
1694 1815
1694 1818
1694 1830
1694 1847
1694 1849
1694 1874
1694 1891
1694 1905
1694 1915
1695 1720
1695 1739
1695 1742
1695 1757
1695 1759
1695 1768
1695 1775
1695 1784
1695 1791
1695 1793
1695 1797
1695 1808
1695 1824
1695 1836
1695 1843
1695 1858
1695 1883
1695 1886
1695 1891
1695 1894
1696 1698
1696 1710
1696 1716
1696 1719
1696 1729
1696 1730
1696 1759
1696 1764
1696 1776
1696 1778
1696 1781
1696 1792
1696 1799
1696 1815
1696 1821
1696 1831
1696 1889
1696 1891
1696 1893
1696 1900
1696 1902
1696 1919
1696 1920
1697 1699
1697 1706
1697 1707
1697 1711
1697 1715
1697 1745
1697 1756
1697 1767
1697 1774
1697 1782
1697 1797
1697 1815
1697 1823
1697 1839
1697 1847
1697 1851
1697 1866
1697 1890
1697 1892
1697 1893
1697 1897
1697 1902
1698 1713
1698 1734
1698 1741
1698 1743
1698 1759
1698 1763
1698 1769
1698 1788
1698 1798
1698 1803
1698 1812
1698 1826
1698 1832
1698 1837
1698 1839
1698 1854
1698 1855
1698 1869
1698 1872
1698 1875
1698 1886
1698 1900
1698 1910
1699 1708
1699 1729
1699 1741
1699 1743
1699 1763
1699 1764
1699 1772
1699 1777
1699 1782
1699 1799
1699 1801
1699 1810
1699 1811
1699 1821
1699 1827
1699 1839
1699 1842
1699 1860
1699 1867
1699 1869
1699 1893
1699 1894
1699 1896
1699 1900
1699 1901
1699 1909
1699 1911
1699 1920
1700 1709
1700 1729
1700 1733
1700 1752
1700 1756
1700 1758
1700 1774
1700 1777
1700 1782
1700 1788
1700 1792
1700 1795
1700 1799
1700 1801
1700 1808
1700 1810
1700 1815
1700 1841
1700 1850
1700 1867
1700 1876
1700 1877
1700 1878
1700 1897
1700 1902
1700 1904
1700 1911
1701 1711
1701 1718
1701 1722
1701 1784
1701 1789
1701 1800
1701 1814
1701 1816
1701 1841
1701 1843
1701 1868
1701 1878
1701 1883
1701 1896
1701 1905
1701 1910
1701 1918
1702 1706
1702 1711
1702 1714
1702 1715
1702 1725
1702 1733
1702 1755
1702 1778
1702 1795
1702 1799
1702 1808
1702 1809
1702 1851
1702 1855
1702 1891
1702 1901
1702 1904
1702 1906
1702 1907
1702 1915
1702 1916
1702 1920
1703 1707
1703 1716
1703 1717
1703 1727
1703 1735
1703 1736
1703 1759
1703 1765
1703 1770
1703 1775
1703 1799
1703 1801
1703 1833
1703 1834
1703 1843
1703 1863
1703 1873
1703 1900
1703 1910
1704 1723
1704 1730
1704 1736
1704 1745
1704 1759
1704 1769
1704 1770
1704 1777
1704 1794
1704 1800
1704 1804
1704 1814
1704 1827
1704 1847
1704 1861
1704 1871
1704 1883
1704 1904
1704 1908
1705 1715
1705 1738
1705 1748
1705 1758
1705 1770
1705 1775
1705 1778
1705 1780
1705 1792
1705 1826
1705 1831
1705 1853
1705 1861
1705 1881
1705 1909
1706 1709
1706 1711
1706 1720
1706 1726
1706 1741
1706 1745
1706 1766
1706 1770
1706 1776
1706 1803
1706 1805
1706 1815
1706 1832
1706 1857
1706 1859
1706 1860
1706 1873
1706 1878
1706 1883
1706 1897
1706 1909
1706 1916
1706 1918
1706 1920
1707 1710
1707 1743
1707 1747
1707 1772
1707 1787
1707 1812
1707 1814
1707 1825
1707 1828
1707 1830
1707 1835
1707 1846
1707 1874
1707 1887
1707 1893
1707 1920
1708 1741
1708 1768
1708 1787
1708 1796
1708 1797
1708 1799
1708 1811
1708 1825
1708 1850
1708 1871
1708 1872
1708 1873
1708 1877
1708 1890
1708 1895
1708 1918
1709 1724
1709 1734
1709 1739
1709 1741
1709 1757
1709 1759
1709 1762
1709 1768
1709 1782
1709 1805
1709 1822
1709 1823
1709 1827
1709 1831
1709 1836
1709 1842
1709 1850
1709 1854
1709 1888
1709 1895
1709 1902
1710 1742
1710 1746
1710 1750
1710 1779
1710 1785
1710 1792
1710 1794
1710 1814
1710 1824
1710 1836
1710 1837
1710 1840
1710 1846
1710 1851
1710 1854
1710 1877
1710 1879
1710 1884
1710 1887
1710 1889
1710 1903
1710 1914
1711 1718
1711 1721
1711 1728
1711 1729
1711 1734
1711 1742
1711 1748
1711 1751
1711 1757
1711 1764
1711 1789
1711 1790
1711 1802
1711 1805
1711 1806
1711 1811
1711 1812
1711 1827
1711 1851
1711 1863
1711 1879
1711 1902
1711 1913
1712 1719
1712 1729
1712 1733
1712 1744
1712 1747
1712 1757
1712 1760
1712 1784
1712 1786
1712 1793
1712 1853
1712 1859
1712 1872
1712 1873
1712 1886
1712 1899
1712 1906
1712 1909
1712 1914
1713 1718
1713 1724
1713 1729
1713 1733
1713 1737
1713 1761
1713 1766
1713 1783
1713 1790
1713 1792
1713 1809
1713 1816
1713 1824
1713 1828
1713 1853
1713 1874
1713 1889
1713 1892
1713 1893
1713 1902
1713 1909
1713 1916
1714 1742
1714 1753
1714 1766
1714 1782
1714 1808
1714 1812
1714 1815
1714 1845
1714 1848
1714 1866
1714 1875
1714 1886
1714 1890
1714 1907
1715 1719
1715 1721
1715 1723
1715 1728
1715 1730
1715 1744
1715 1758
1715 1772
1715 1811
1715 1817
1715 1822
1715 1849
1715 1858
1715 1861
1715 1901
1715 1903
1716 1729
1716 1740
1716 1742
1716 1755
1716 1766
1716 1777
1716 1785
1716 1790
1716 1800
1716 1808
1716 1814
1716 1840
1716 1851
1716 1862
1716 1870
1716 1881
1716 1885
1716 1886
1716 1889
1716 1892
1716 1901
1716 1908
1717 1727
1717 1734
1717 1739
1717 1742
1717 1769
1717 1800
1717 1811
1717 1815
1717 1840
1717 1883
1717 1884
1717 1890
1717 1893
1717 1896
1717 1906
1717 1916
1718 1723
1718 1726
1718 1728
1718 1739
1718 1758
1718 1766
1718 1771
1718 1779
1718 1781
1718 1795
1718 1822
1718 1833
1718 1839
1718 1871
1718 1879
1718 1894
1718 1895
1718 1900
1718 1907
1718 1910
1718 1912
1718 1913
1718 1915
1719 1723
1719 1730
1719 1736
1719 1737
1719 1755
1719 1770
1719 1779
1719 1781
1719 1788
1719 1790
1719 1813
1719 1817
1719 1821
1719 1823
1719 1846
1719 1848
1719 1850
1719 1851
1719 1865
1719 1868
1719 1883
1719 1888
1719 1891
1719 1894
1719 1897
1719 1905
1720 1722
1720 1724
1720 1725
1720 1747
1720 1750
1720 1762
1720 1775
1720 1777
1720 1782
1720 1820
1720 1842
1720 1843
1720 1860
1720 1861
1720 1884
1720 1888
1720 1889
1720 1894
1720 1897
1720 1901
1721 1728
1721 1731
1721 1746
1721 1764
1721 1775
1721 1781
1721 1808
1721 1827
1721 1844
1721 1846
1721 1848
1721 1868
1721 1869
1721 1881
1721 1883
1721 1885
1721 1899
1721 1900
1721 1906
1722 1723
1722 1730
1722 1771
1722 1791
1722 1792
1722 1805
1722 1807
1722 1821
1722 1847
1722 1859
1722 1864
1722 1865
1722 1873
1722 1885
1722 1891
1722 1903
1723 1736
1723 1758
1723 1786
1723 1791
1723 1836
1723 1844
1723 1852
1723 1861
1723 1867
1723 1869
1723 1872
1723 1903
1723 1910
1723 1911
1724 1741
1724 1750
1724 1762
1724 1765
1724 1784
1724 1797
1724 1803
1724 1808
1724 1811
1724 1813
1724 1822
1724 1832
1724 1860
1724 1876
1724 1882
1724 1894
1724 1916
1725 1744
1725 1748
1725 1784
1725 1794
1725 1801
1725 1807
1725 1818
1725 1824
1725 1838
1725 1876
1725 1880
1725 1887
1725 1891
1725 1920
1726 1732
1726 1734
1726 1747
1726 1751
1726 1752
1726 1761
1726 1764
1726 1769
1726 1785
1726 1790
1726 1816
1726 1833
1726 1846
1726 1855
1726 1863
1726 1879
1726 1905
1727 1732
1727 1738
1727 1750
1727 1754
1727 1799
1727 1807
1727 1816
1727 1824
1727 1834
1727 1840
1727 1843
1727 1849
1727 1850
1727 1861
1728 1730
1728 1738
1728 1741
1728 1765
1728 1774
1728 1775
1728 1782
1728 1785
1728 1805
1728 1807
1728 1811
1728 1824
1728 1825
1728 1833
1728 1840
1728 1856
1728 1857
1728 1861
1728 1862
1728 1891
1728 1901
1728 1906
1729 1733
1729 1734
1729 1735
1729 1740
1729 1743
1729 1787
1729 1794
1729 1804
1729 1808
1729 1816
1729 1817
1729 1842
1729 1855
1729 1865
1729 1872
1729 1880
1729 1891
1729 1908
1729 1914
1730 1731
1730 1741
1730 1751
1730 1761
1730 1769
1730 1772
1730 1777
1730 1806
1730 1807
1730 1822
1730 1823
1730 1841
1730 1843
1730 1847
1730 1849
1730 1864
1730 1873
1730 1881
1730 1891
1730 1893
1730 1901
1730 1913
1730 1919
1731 1738
1731 1749
1731 1761
1731 1766
1731 1778
1731 1785
1731 1806
1731 1824
1731 1831
1731 1871
1731 1872
1731 1873
1731 1897
1731 1901
1731 1904
1732 1733
1732 1751
1732 1770
1732 1772
1732 1775
1732 1816
1732 1827
1732 1836
1732 1841
1732 1843
1732 1846
1732 1847
1732 1859
1732 1870
1732 1882
1732 1915
1732 1918
1733 1738
1733 1742
1733 1752
1733 1753
1733 1758
1733 1768
1733 1774
1733 1776
1733 1783
1733 1785
1733 1788
1733 1795
1733 1809
1733 1814
1733 1830
1733 1833
1733 1866
1733 1868
1733 1869
1733 1886
1733 1915
1734 1741
1734 1752
1734 1763
1734 1776
1734 1782
1734 1793
1734 1797
1734 1836
1734 1851
1734 1861
1734 1864
1734 1866
1734 1912
1735 1741
1735 1754
1735 1755
1735 1758
1735 1768
1735 1779
1735 1780
1735 1812
1735 1831
1735 1844
1735 1854
1735 1887
1735 1903
1735 1904
1735 1911
1736 1752
1736 1772
1736 1777
1736 1778
1736 1781
1736 1783
1736 1791
1736 1792
1736 1804
1736 1805
1736 1806
1736 1820
1736 1833
1736 1845
1736 1858
1736 1885
1736 1889
1736 1896
1736 1916
1737 1751
1737 1760
1737 1763
1737 1780
1737 1783
1737 1822
1737 1846
1737 1859
1737 1865
1737 1866
1737 1874
1737 1887
1737 1897
1738 1780
1738 1789
1738 1800
1738 1828
1738 1860
1738 1870
1738 1882
1738 1883
1738 1886
1738 1891
1738 1910
1738 1913
1738 1914
1739 1754
1739 1757
1739 1768
1739 1781
1739 1782
1739 1783
1739 1785
1739 1789
1739 1795
1739 1796
1739 1797
1739 1806
1739 1814
1739 1842
1739 1871
1739 1873
1739 1877
1739 1888
1739 1912
1739 1914
1740 1761
1740 1774
1740 1786
1740 1787
1740 1791
1740 1800
1740 1801
1740 1808
1740 1822
1740 1834
1740 1838
1740 1853
1740 1861
1740 1865
1740 1867
1740 1875
1740 1877
1740 1878
1741 1744
1741 1745
1741 1751
1741 1760
1741 1766
1741 1773
1741 1780
1741 1795
1741 1805
1741 1806
1741 1809
1741 1816
1741 1828
1741 1834
1741 1842
1741 1846
1741 1868
1741 1879
1741 1889
1741 1901
1741 1909
1741 1910
1742 1748
1742 1749
1742 1751
1742 1761
1742 1775
1742 1783
1742 1787
1742 1799
1742 1811
1742 1820
1742 1825
1742 1870
1742 1899
1742 1905
1742 1906
1742 1907
1742 1913
1742 1918
1743 1744
1743 1758
1743 1764
1743 1767
1743 1783
1743 1784
1743 1789
1743 1800
1743 1808
1743 1809
1743 1822
1743 1823
1743 1830
1743 1834
1743 1837
1743 1838
1743 1873
1743 1874
1743 1893
1743 1894
1743 1898
1743 1900
1743 1904
1743 1908
1743 1910
1744 1745
1744 1748
1744 1749
1744 1758
1744 1769
1744 1788
1744 1795
1744 1810
1744 1817
1744 1834
1744 1855
1744 1862
1744 1865
1744 1872
1744 1884
1744 1886
1744 1903
1744 1910
1745 1763
1745 1777
1745 1790
1745 1807
1745 1808
1745 1819
1745 1859
1745 1885
1745 1905
1746 1750
1746 1786
1746 1788
1746 1816
1746 1818
1746 1833
1746 1849
1746 1853
1746 1861
1746 1866
1746 1867
1746 1876
1746 1878
1746 1889
1746 1896
1746 1901
1746 1909
1746 1916
1747 1760
1747 1779
1747 1790
1747 1802
1747 1805
1747 1840
1747 1841
1747 1857
1747 1866
1747 1867
1747 1872
1747 1908
1747 1909
1747 1914
1748 1754
1748 1759
1748 1766
1748 1771
1748 1776
1748 1780
1748 1783
1748 1787
1748 1791
1748 1793
1748 1798
1748 1802
1748 1812
1748 1824
1748 1825
1748 1827
1748 1841
1748 1843
1748 1876
1748 1882
1748 1883
1748 1897
1748 1908
1749 1773
1749 1788
1749 1795
1749 1824
1749 1847
1749 1881
1749 1889
1749 1892
1749 1895
1749 1898
1750 1752
1750 1753
1750 1778
1750 1798
1750 1800
1750 1803
1750 1806
1750 1807
1750 1820
1750 1833
1750 1846
1750 1868
1750 1880
1750 1884
1750 1897
1750 1899
1750 1902
1750 1912
1750 1920
1751 1768
1751 1770
1751 1775
1751 1776
1751 1791
1751 1801
1751 1802
1751 1811
1751 1812
1751 1814
1751 1826
1751 1856
1751 1874
1751 1885
1751 1905
1751 1911
1751 1914
1752 1790
1752 1791
1752 1803
1752 1813
1752 1827
1752 1828
1752 1846
1752 1860
1752 1865
1752 1874
1752 1876
1752 1877
1752 1888
1752 1902
1752 1905
1752 1907
1752 1920
1753 1759
1753 1775
1753 1782
1753 1788
1753 1790
1753 1794
1753 1796
1753 1810
1753 1832
1753 1837
1753 1860
1753 1877
1753 1884
1753 1891
1753 1898
1753 1913
1753 1919
1754 1755
1754 1771
1754 1772
1754 1773
1754 1779
1754 1785
1754 1795
1754 1801
1754 1803
1754 1817
1754 1818
1754 1819
1754 1843
1754 1866
1754 1868
1754 1882
1754 1894
1754 1907
1754 1912
1755 1765
1755 1808
1755 1816
1755 1827
1755 1832
1755 1836
1755 1841
1755 1848
1755 1853
1755 1875
1755 1876
1755 1920
1756 1769
1756 1775
1756 1782
1756 1796
1756 1802
1756 1803
1756 1818
1756 1821
1756 1834
1756 1843
1756 1844
1756 1851
1756 1855
1756 1862
1756 1867
1756 1869
1756 1890
1756 1901
1757 1765
1757 1785
1757 1797
1757 1802
1757 1816
1757 1819
1757 1832
1757 1833
1757 1835
1757 1840
1757 1855
1757 1857
1757 1869
1757 1890
1757 1891
1757 1907
1757 1914
1757 1916
1758 1774
1758 1776
1758 1785
1758 1796
1758 1807
1758 1816
1758 1826
1758 1834
1758 1836
1758 1847
1758 1852
1758 1853
1758 1861
1758 1871
1758 1880
1758 1889
1758 1907
1758 1914
1759 1760
1759 1763
1759 1786
1759 1792
1759 1802
1759 1809
1759 1811
1759 1812
1759 1820
1759 1833
1759 1844
1759 1848
1759 1858
1759 1868
1759 1873
1759 1874
1759 1890
1759 1907
1759 1911
1760 1769
1760 1771
1760 1785
1760 1789
1760 1791
1760 1801
1760 1802
1760 1851
1760 1862
1760 1880
1760 1888
1760 1914
1760 1917
1761 1794
1761 1821
1761 1826
1761 1833
1761 1839
1761 1842
1761 1854
1761 1859
1761 1860
1761 1890
1761 1901
1761 1907
1761 1917
1762 1765
1762 1783
1762 1785
1762 1795
1762 1808
1762 1809
1762 1814
1762 1818
1762 1819
1762 1838
1762 1864
1762 1872
1762 1874
1762 1879
1762 1887
1762 1894
1762 1901
1762 1913
1763 1773
1763 1786
1763 1787
1763 1795
1763 1800
1763 1809
1763 1849
1763 1853
1763 1871
1763 1887
1763 1896
1763 1898
1763 1900
1764 1775
1764 1776
1764 1778
1764 1793
1764 1808
1764 1812
1764 1840
1764 1841
1764 1854
1764 1865
1764 1877
1764 1886
1764 1917
1765 1787
1765 1789
1765 1790
1765 1799
1765 1801
1765 1809
1765 1854
1765 1920
1766 1791
1766 1816
1766 1827
1766 1828
1766 1835
1766 1851
1766 1870
1766 1874
1766 1890
1766 1906
1766 1916
1767 1773
1767 1792
1767 1825
1767 1835
1767 1843
1767 1856
1767 1864
1767 1867
1767 1870
1767 1879
1767 1884
1767 1904
1767 1908
1767 1911
1767 1915
1767 1920
1768 1771
1768 1781
1768 1794
1768 1801
1768 1806
1768 1856
1768 1871
1768 1893
1768 1902
1768 1910
1768 1914
1769 1770
1769 1788
1769 1790
1769 1796
1769 1807
1769 1819
1769 1828
1769 1857
1769 1862
1769 1866
1769 1867
1769 1878
1769 1888
1769 1914
1770 1774
1770 1798
1770 1813
1770 1862
1770 1870
1770 1881
1770 1884
1770 1892
1770 1898
1770 1899
1770 1900
1770 1912
1770 1915
1771 1776
1771 1796
1771 1819
1771 1826
1771 1831
1771 1848
1771 1851
1771 1870
1771 1872
1771 1875
1771 1879
1771 1887
1771 1901
1771 1903
1771 1904
1772 1780
1772 1788
1772 1791
1772 1798
1772 1845
1772 1846
1772 1849
1772 1859
1772 1860
1772 1873
1772 1894
1772 1903
1772 1904
1772 1912
1772 1920
1773 1778
1773 1783
1773 1788
1773 1793
1773 1796
1773 1809
1773 1814
1773 1819
1773 1826
1773 1830
1773 1836
1773 1861
1773 1864
1773 1873
1773 1886
1773 1889
1773 1891
1773 1898
1773 1903
1773 1920
1774 1777
1774 1783
1774 1791
1774 1797
1774 1804
1774 1811
1774 1827
1774 1843
1774 1848
1774 1853
1774 1856
1774 1863
1774 1870
1774 1875
1774 1884
1774 1919
1775 1782
1775 1798
1775 1836
1775 1854
1775 1873
1775 1878
1775 1892
1775 1893
1775 1902
1775 1911
1775 1912
1775 1914
1775 1919
1776 1777
1776 1779
1776 1783
1776 1784
1776 1790
1776 1797
1776 1806
1776 1807
1776 1819
1776 1829
1776 1836
1776 1838
1776 1860
1776 1862
1776 1867
1776 1876
1776 1891
1776 1903
1776 1907
1777 1785
1777 1789
1777 1799
1777 1800
1777 1825
1777 1836
1777 1837
1777 1844
1777 1852
1777 1853
1777 1881
1777 1893
1777 1906
1778 1784
1778 1791
1778 1798
1778 1822
1778 1830
1778 1836
1778 1852
1778 1854
1778 1868
1778 1883
1778 1891
1778 1894
1778 1905
1778 1914
1779 1823
1779 1826
1779 1847
1779 1848
1779 1897
1779 1903
1779 1905
1779 1907
1779 1918
1780 1798
1780 1800
1780 1821
1780 1828
1780 1845
1780 1846
1780 1872
1780 1880
1780 1886
1780 1892
1780 1899
1780 1905
1781 1799
1781 1809
1781 1811
1781 1833
1781 1843
1781 1850
1781 1852
1781 1900
1781 1902
1781 1906
1781 1912
1781 1918
1782 1791
1782 1792
1782 1806
1782 1832
1782 1833
1782 1835
1782 1836
1782 1839
1782 1868
1782 1881
1782 1883
1782 1909
1782 1910
1782 1919
1783 1820
1783 1823
1783 1826
1783 1844
1783 1846
1783 1871
1783 1872
1783 1888
1783 1899
1783 1907
1783 1912
1783 1918
1784 1805
1784 1821
1784 1824
1784 1832
1784 1836
1784 1837
1784 1843
1784 1857
1784 1865
1784 1874
1784 1875
1784 1878
1784 1894
1784 1901
1784 1916
1784 1918
1785 1805
1785 1811
1785 1822
1785 1846
1785 1852
1785 1860
1785 1865
1785 1872
1785 1905
1785 1909
1785 1916
1785 1917
1786 1789
1786 1804
1786 1825
1786 1843
1786 1852
1786 1880
1786 1890
1786 1893
1786 1912
1786 1918
1787 1816
1787 1819
1787 1823
1787 1826
1787 1872
1787 1879
1787 1891
1787 1895
1787 1915
1788 1795
1788 1796
1788 1825
1788 1865
1788 1893
1788 1900
1788 1904
1788 1920
1789 1802
1789 1814
1789 1818
1789 1830
1789 1849
1789 1850
1789 1852
1789 1868
1789 1900
1789 1913
1789 1919
1790 1792
1790 1799
1790 1809
1790 1816
1790 1851
1790 1872
1790 1886
1790 1894
1790 1896
1790 1904
1790 1907
1790 1919
1791 1795
1791 1817
1791 1818
1791 1819
1791 1821
1791 1825
1791 1826
1791 1830
1791 1843
1791 1862
1791 1869
1791 1870
1791 1871
1791 1877
1791 1879
1791 1904
1791 1908
1791 1914
1792 1797
1792 1802
1792 1805
1792 1818
1792 1821
1792 1822
1792 1834
1792 1845
1792 1852
1792 1866
1792 1876
1792 1877
1792 1891
1792 1903
1792 1905
1792 1906
1792 1908
1792 1910
1793 1811
1793 1824
1793 1844
1793 1851
1793 1853
1793 1863
1793 1868
1793 1876
1793 1882
1793 1893
1793 1904
1793 1911
1794 1797
1794 1798
1794 1815
1794 1857
1794 1870
1794 1874
1794 1879
1794 1909
1794 1911
1795 1802
1795 1805
1795 1821
1795 1850
1795 1878
1795 1880
1795 1881
1795 1894
1795 1896
1795 1902
1795 1913
1796 1809
1796 1812
1796 1826
1796 1835
1796 1872
1796 1888
1796 1899
1796 1912
1796 1919
1797 1824
1797 1834
1797 1839
1797 1847
1797 1851
1797 1867
1797 1871
1797 1881
1797 1884
1797 1913
1797 1919
1798 1822
1798 1838
1798 1853
1798 1862
1798 1863
1798 1865
1798 1868
1798 1878
1798 1901
1798 1906
1798 1912
1798 1918
1798 1919
1799 1803
1799 1808
1799 1810
1799 1814
1799 1833
1799 1869
1799 1870
1799 1879
1799 1883
1799 1884
1799 1910
1800 1814
1800 1839
1800 1842
1800 1849
1800 1866
1800 1870
1800 1871
1800 1890
1800 1898
1801 1852
1801 1854
1801 1875
1801 1881
1801 1908
1802 1818
1802 1835
1802 1840
1802 1868
1802 1871
1802 1872
1802 1876
1802 1898
1802 1909
1802 1917
1802 1920
1803 1806
1803 1816
1803 1831
1803 1833
1803 1843
1803 1858
1803 1860
1803 1865
1803 1872
1803 1873
1803 1898
1804 1815
1804 1818
1804 1820
1804 1826
1804 1839
1804 1840
1804 1871
1804 1883
1804 1884
1804 1891
1804 1894
1804 1900
1804 1902
1804 1906
1805 1806
1805 1807
1805 1811
1805 1815
1805 1821
1805 1831
1805 1836
1805 1845
1805 1862
1805 1867
1805 1872
1805 1873
1805 1879
1805 1895
1805 1910
1805 1913
1805 1916
1806 1807
1806 1808
1806 1830
1806 1833
1806 1834
1806 1842
1806 1873
1806 1885
1806 1888
1806 1904
1807 1809
1807 1817
1807 1835
1807 1837
1807 1840
1807 1842
1807 1853
1807 1863
1807 1868
1807 1879
1807 1890
1807 1893
1807 1902
1807 1908
1807 1912
1807 1913
1807 1914
1807 1916
1807 1918
1808 1812
1808 1816
1808 1819
1808 1827
1808 1829
1808 1858
1808 1868
1808 1882
1808 1888
1808 1891
1808 1902
1808 1904
1808 1917
1809 1813
1809 1840
1809 1888
1809 1895
1810 1821
1810 1830
1810 1833
1810 1835
1810 1837
1810 1841
1810 1848
1810 1851
1810 1861
1810 1882
1810 1891
1810 1892
1811 1816
1811 1821
1811 1824
1811 1830
1811 1838
1811 1842
1811 1857
1811 1874
1811 1881
1811 1887
1812 1820
1812 1828
1812 1836
1812 1848
1812 1853
1812 1885
1812 1887
1812 1892
1812 1897
1812 1901
1812 1904
1812 1912
1812 1915
1812 1917
1813 1819
1813 1820
1813 1827
1813 1830
1813 1832
1813 1853
1813 1860
1813 1884
1813 1889
1813 1899
1813 1908
1813 1909
1814 1835
1814 1842
1814 1843
1814 1854
1814 1856
1814 1858
1814 1863
1814 1866
1814 1867
1814 1879
1814 1882
1814 1890
1814 1908
1814 1910
1815 1834
1815 1856
1815 1868
1815 1872
1815 1873
1815 1874
1815 1875
1815 1895
1815 1897
1815 1902
1815 1912
1815 1920
1816 1822
1816 1833
1816 1853
1816 1883
1816 1898
1816 1900
1816 1901
1816 1902
1816 1915
1816 1918
1816 1920
1817 1832
1817 1833
1817 1845
1817 1870
1817 1876
1817 1883
1817 1890
1817 1895
1817 1915
1817 1916
1817 1918
1818 1823
1818 1826
1818 1868
1818 1910
1819 1848
1819 1854
1819 1855
1819 1856
1819 1862
1819 1874
1819 1879
1819 1884
1819 1898
1819 1902
1819 1911
1819 1920
1820 1824
1820 1829
1820 1852
1820 1855
1820 1861
1820 1865
1820 1893
1820 1898
1820 1899
1821 1829
1821 1831
1821 1839
1821 1840
1821 1848
1821 1854
1821 1861
1821 1873
1821 1878
1821 1879
1821 1883
1821 1889
1821 1903
1821 1912
1821 1920
1822 1838
1822 1839
1822 1859
1822 1868
1822 1870
1822 1877
1823 1834
1823 1845
1823 1873
1823 1894
1823 1897
1823 1908
1824 1826
1824 1834
1824 1842
1824 1844
1824 1848
1824 1853
1824 1858
1824 1864
1824 1867
1824 1872
1824 1882
1824 1886
1824 1888
1824 1896
1824 1908
1824 1910
1824 1920
1825 1826
1825 1829
1825 1833
1825 1836
1825 1841
1825 1842
1825 1848
1825 1851
1825 1859
1825 1872
1825 1874
1825 1876
1825 1880
1825 1887
1825 1888
1825 1890
1825 1904
1825 1916
1826 1832
1826 1833
1826 1836
1826 1837
1826 1839
1826 1844
1826 1873
1826 1877
1826 1905
1826 1909
1827 1829
1827 1830
1827 1848
1827 1857
1827 1878
1827 1881
1827 1889
1827 1897
1827 1914
1828 1841
1828 1845
1828 1848
1828 1850
1828 1851
1828 1853
1828 1875
1828 1882
1828 1884
1828 1894
1828 1902
1828 1908
1828 1910
1828 1918
1829 1838
1829 1847
1829 1850
1829 1859
1829 1860
1829 1872
1829 1882
1829 1906
1830 1851
1830 1876
1830 1893
1830 1897
1830 1898
1830 1906
1830 1913
1831 1864
1831 1868
1831 1874
1831 1886
1831 1892
1831 1898
1831 1911
1831 1919
1832 1838
1832 1841
1832 1846
1832 1847
1832 1872
1832 1874
1832 1878
1832 1886
1832 1894
1832 1914
1833 1834
1833 1836
1833 1846
1833 1872
1833 1875
1833 1903
1833 1908
1834 1837
1834 1854
1834 1859
1834 1861
1834 1865
1834 1871
1834 1885
1834 1886
1834 1894
1834 1895
1835 1838
1835 1848
1835 1865
1835 1874
1835 1877
1835 1889
1835 1899
1835 1905
1835 1907
1835 1911
1836 1859
1836 1872
1836 1884
1836 1886
1836 1905
1836 1916
1837 1856
1837 1876
1837 1887
1837 1890
1837 1891
1837 1903
1837 1904
1837 1910
1837 1917
1838 1859
1838 1884
1838 1888
1838 1906
1838 1913
1838 1917
1839 1842
1839 1852
1839 1864
1839 1893
1840 1845
1840 1849
1840 1852
1840 1856
1840 1900
1840 1909
1841 1843
1841 1852
1841 1854
1841 1855
1841 1861
1841 1864
1841 1868
1841 1881
1841 1882
1841 1888
1841 1892
1841 1911
1842 1846
1842 1864
1842 1874
1842 1881
1842 1886
1842 1901
1842 1902
1842 1907
1842 1910
1843 1847
1843 1853
1843 1854
1843 1874
1843 1877
1843 1892
1843 1899
1843 1904
1843 1908
1843 1914
1843 1917
1844 1849
1844 1865
1844 1873
1844 1886
1844 1892
1844 1900
1845 1852
1845 1857
1845 1860
1845 1863
1845 1875
1845 1876
1845 1887
1845 1905
1845 1915
1846 1848
1846 1851
1846 1852
1846 1869
1846 1886
1846 1890
1847 1858
1847 1868
1847 1886
1847 1910
1847 1912
1848 1854
1848 1859
1848 1860
1848 1866
1848 1869
1848 1880
1848 1886
1848 1896
1848 1902
1848 1907
1848 1915
1849 1862
1849 1868
1849 1890
1849 1908
1849 1911
1849 1915
1849 1916
1850 1863
1850 1868
1850 1891
1850 1901
1850 1902
1851 1869
1851 1887
1851 1893
1852 1865
1852 1879
1852 1884
1852 1888
1852 1896
1852 1912
1852 1918
1853 1861
1853 1895
1853 1896
1853 1912
1853 1915
1853 1916
1853 1919
1854 1857
1854 1875
1854 1879
1854 1884
1854 1890
1854 1893
1854 1898
1854 1904
1854 1906
1854 1911
1854 1916
1855 1861
1855 1876
1855 1891
1855 1892
1855 1900
1855 1903
1855 1904
1855 1917
1856 1860
1856 1873
1856 1882
1856 1883
1856 1886
1856 1889
1856 1892
1856 1902
1856 1912
1856 1916
1856 1917
1857 1864
1857 1868
1857 1875
1857 1876
1857 1880
1857 1909
1858 1866
1858 1882
1858 1895
1858 1903
1858 1911
1859 1867
1859 1879
1859 1889
1859 1891
1859 1893
1859 1896
1859 1918
1860 1897
1860 1902
1860 1905
1860 1908
1860 1912
1861 1873
1861 1876
1861 1880
1861 1883
1861 1890
1861 1892
1861 1898
1861 1913
1862 1865
1862 1866
1862 1873
1862 1883
1862 1886
1862 1896
1862 1904
1862 1915
1862 1916
1863 1872
1863 1877
1863 1882
1863 1883
1863 1887
1863 1908
1864 1866
1864 1869
1864 1876
1864 1884
1864 1905
1864 1910
1864 1917
1865 1872
1865 1874
1865 1901
1866 1874
1866 1877
1866 1887
1866 1892
1866 1895
1866 1907
1866 1912
1866 1919
1867 1885
1867 1909
1867 1916
1868 1876
1868 1879
1868 1883
1868 1913
1869 1875
1869 1881
1869 1905
1870 1876
1870 1885
1870 1888
1870 1911
1870 1920
1871 1884
1871 1916
1872 1877
1872 1889
1872 1895
1872 1903
1872 1904
1872 1920
1873 1885
1873 1890
1873 1910
1873 1912
1873 1916
1873 1917
1874 1885
1874 1887
1874 1913
1875 1878
1875 1884
1875 1902
1875 1918
1876 1900
1876 1907
1876 1920
1877 1878
1877 1885
1878 1884
1878 1890
1878 1920
1879 1880
1879 1902
1879 1906
1879 1908
1879 1910
1880 1886
1880 1913
1881 1897
1881 1903
1881 1911
1881 1919
1882 1884
1882 1899
1882 1903
1882 1908
1882 1915
1882 1916
1883 1903
1883 1908
1883 1911
1883 1915
1884 1887
1884 1907
1884 1918
1885 1906
1885 1916
1886 1900
1886 1903
1887 1888
1887 1897
1887 1902
1887 1905
1887 1913
1887 1916
1888 1891
1888 1895
1888 1910
1888 1918
1889 1896
1889 1897
1889 1901
1889 1911
1889 1916
1889 1920
1890 1900
1890 1905
1890 1909
1890 1911
1890 1912
1891 1900
1891 1914
1892 1901
1892 1903
1892 1919
1893 1895
1893 1899
1893 1900
1893 1909
1893 1911
1893 1916
1893 1917
1894 1920
1895 1896
1895 1919
1896 1900
1896 1911
1896 1914
1896 1915
1896 1917
1897 1903
1897 1907
1898 1900
1898 1904
1898 1909
1899 1912
1899 1913
1900 1914
1901 1903
1903 1914
1903 1915
1903 1918
1903 1920
1905 1914
1908 1913
1909 1918
1910 1916
1911 1917
1913 1918
1914 1919
