0 4
0 35
0 38
0 52
0 83
0 102
0 162
0 164
0 223
1 4
1 16
1 43
1 44
1 47
1 54
1 63
1 85
1 101
1 109
1 112
1 151
1 153
1 162
1 163
1 183
1 193
1 202
1 207
1 211
1 217
1 799
1 1251
1 1508
1 1907
2 41
2 47
2 54
2 57
2 65
2 69
2 90
2 99
2 127
2 145
2 149
2 153
2 167
2 173
2 190
2 195
2 255
2 946
2 1315
3 20
3 31
3 32
3 38
3 45
3 67
3 76
3 110
3 125
3 142
3 147
3 150
3 156
3 157
3 164
3 165
3 176
3 200
3 227
3 388
3 1646
4 26
4 49
4 69
4 100
4 130
4 154
4 155
4 172
4 190
4 191
4 201
4 202
4 216
4 225
4 236
4 283
4 1292
4 1727
4 1796
4 1948
5 11
5 42
5 48
5 53
5 78
5 83
5 100
5 116
5 136
5 144
5 148
5 164
5 186
5 202
5 208
5 210
6 14
6 27
6 36
6 70
6 72
6 80
6 84
6 90
6 103
6 112
6 127
6 142
6 173
6 213
6 699
6 720
7 11
7 14
7 15
7 18
7 35
7 43
7 47
7 66
7 70
7 73
7 88
7 99
7 120
7 136
7 151
7 154
7 159
7 187
7 192
7 198
7 204
7 412
7 562
7 609
7 1091
7 1251
7 1409
8 20
8 21
8 37
8 41
8 73
8 91
8 94
8 98
8 114
8 115
8 121
8 125
8 129
8 134
8 152
8 173
8 182
8 183
8 211
8 213
8 227
8 864
9 42
9 45
9 49
9 55
9 71
9 73
9 92
9 101
9 115
9 165
9 168
9 170
9 175
9 192
9 193
9 195
9 206
9 217
9 343
10 15
10 29
10 34
10 35
10 47
10 65
10 67
10 68
10 90
10 117
10 129
10 161
10 185
10 199
10 229
10 676
10 833
10 1367
11 24
11 25
11 58
11 75
11 101
11 105
11 119
11 135
11 145
11 153
11 190
11 213
11 318
11 427
11 553
11 800
11 1623
12 37
12 60
12 74
12 78
12 84
12 86
12 112
12 123
12 126
12 130
12 145
12 186
12 190
12 197
12 992
12 1069
12 1807
12 1828
13 17
13 20
13 34
13 58
13 65
13 67
13 69
13 76
13 96
13 112
13 133
13 171
13 198
13 216
13 226
13 378
13 512
13 672
14 24
14 50
14 85
14 91
14 102
14 109
14 111
14 114
14 117
14 135
14 138
14 139
14 169
14 170
14 191
14 195
14 202
14 206
14 211
14 225
14 726
14 1117
14 1596
15 47
15 53
15 54
15 64
15 73
15 79
15 86
15 93
15 113
15 116
15 125
15 128
15 132
15 154
15 159
15 162
15 167
15 169
15 180
15 188
15 191
15 192
15 194
15 214
15 224
15 414
15 516
15 521
15 595
15 941
15 1851
16 37
16 43
16 71
16 88
16 96
16 134
16 152
16 153
16 188
16 217
16 642
17 25
17 36
17 37
17 45
17 102
17 105
17 112
17 120
17 121
17 124
17 125
17 146
17 159
17 175
17 192
17 197
17 208
17 224
17 585
17 1172
17 1489
17 1495
17 1662
18 21
18 27
18 51
18 74
18 93
18 94
18 102
18 111
18 113
18 143
18 165
18 180
18 191
18 199
18 205
18 226
18 1186
18 1455
19 29
19 32
19 69
19 83
19 112
19 125
19 146
19 183
19 185
19 210
19 217
19 247
19 475
19 1122
20 41
20 57
20 58
20 70
20 108
20 122
20 134
20 141
20 151
20 157
21 32
21 45
21 53
21 76
21 83
21 87
21 88
21 95
21 100
21 131
21 138
21 178
21 201
21 212
21 221
21 222
21 224
22 35
22 56
22 60
22 70
22 105
22 111
22 165
22 180
22 194
22 210
22 211
22 213
22 395
22 726
22 824
22 833
22 1041
22 1399
22 1862
23 30
23 42
23 46
23 52
23 55
23 63
23 64
23 77
23 99
23 105
23 158
23 210
23 213
23 214
23 226
23 848
23 1092
23 1421
23 1545
24 46
24 71
24 73
24 106
24 107
24 108
24 124
24 136
24 140
24 154
24 168
24 171
24 190
24 192
24 215
24 220
24 832
24 1163
24 1368
24 1476
24 1581
25 41
25 44
25 53
25 60
25 68
25 77
25 81
25 90
25 101
25 105
25 106
25 107
25 156
25 176
25 189
25 190
25 204
25 206
25 1750
25 1812
26 30
26 51
26 83
26 87
26 97
26 101
26 106
26 114
26 115
26 156
26 158
26 179
26 202
26 203
26 223
26 792
26 1929
27 48
27 50
27 79
27 114
27 136
27 146
27 156
27 189
27 218
27 222
27 891
27 1213
27 1319
27 1807
27 1944
28 35
28 72
28 78
28 92
28 131
28 141
28 163
28 171
28 177
28 197
28 207
28 386
28 432
28 534
28 1072
28 1450
28 1713
29 36
29 41
29 60
29 110
29 122
29 145
29 167
29 172
29 204
29 211
29 1585
29 1767
30 42
30 44
30 56
30 60
30 61
30 70
30 74
30 84
30 85
30 92
30 125
30 145
30 156
30 168
30 170
30 180
30 182
30 183
30 191
30 225
30 630
30 1016
30 1330
30 1666
30 1717
30 2062
31 37
31 41
31 72
31 74
31 85
31 86
31 88
31 102
31 114
31 127
31 137
31 167
31 928
31 1009
31 1383
31 1445
31 1617
31 2017
32 37
32 38
32 44
32 56
32 59
32 68
32 72
32 75
32 87
32 89
32 112
32 125
32 141
32 145
32 148
32 167
32 172
32 176
32 183
32 190
32 200
32 206
32 210
32 974
32 986
32 1569
33 39
33 53
33 57
33 71
33 72
33 79
33 85
33 88
33 89
33 91
33 93
33 102
33 110
33 141
33 142
33 147
33 194
33 202
33 217
33 219
33 222
33 228
33 404
33 642
33 778
33 1140
33 1269
33 1320
34 45
34 46
34 72
34 79
34 90
34 117
34 121
34 128
34 140
34 142
34 151
34 158
34 163
34 166
34 167
34 176
34 191
34 207
34 219
34 1084
34 1087
34 1552
34 1689
35 43
35 50
35 63
35 71
35 95
35 103
35 110
35 114
35 153
35 176
35 185
35 186
35 188
35 189
35 207
35 211
35 214
35 217
35 255
35 1938
36 39
36 41
36 58
36 62
36 64
36 81
36 91
36 96
36 97
36 98
36 106
36 110
36 115
36 119
36 163
36 165
36 172
36 181
36 182
36 183
36 191
36 388
36 868
36 1028
36 1578
37 60
37 74
37 76
37 85
37 91
37 93
37 113
37 121
37 130
37 136
37 144
37 156
37 163
37 164
37 167
37 180
37 187
37 366
37 775
38 41
38 79
38 81
38 88
38 100
38 113
38 118
38 121
38 163
38 189
38 214
38 386
38 400
38 657
38 1024
38 1318
39 46
39 77
39 82
39 83
39 84
39 95
39 101
39 115
39 117
39 131
39 180
39 188
39 193
39 215
39 556
39 1062
39 1905
40 44
40 83
40 84
40 101
40 109
40 115
40 118
40 158
40 184
40 198
40 223
40 1057
40 1419
40 1857
41 49
41 56
41 90
41 104
41 128
41 153
41 161
41 179
41 195
42 53
42 57
42 73
42 93
42 169
42 175
42 191
42 201
42 250
42 336
42 932
43 45
43 49
43 68
43 72
43 93
43 96
43 97
43 109
43 115
43 137
43 156
43 177
43 178
43 184
43 1169
44 72
44 73
44 81
44 84
44 92
44 101
44 106
44 109
44 111
44 124
44 165
44 175
44 179
44 192
44 197
44 216
44 479
44 1035
44 1112
44 1524
44 1617
45 46
45 66
45 96
45 180
45 185
45 194
45 212
45 1258
46 71
46 108
46 112
46 120
46 139
46 143
46 163
46 188
46 214
46 818
46 1504
46 1597
47 64
47 67
47 71
47 73
47 80
47 85
47 130
47 139
47 143
47 153
47 160
47 169
47 191
48 55
48 58
48 71
48 75
48 78
48 83
48 117
48 126
48 157
48 178
48 184
48 221
48 887
48 1388
48 1738
49 58
49 76
49 91
49 94
49 97
49 100
49 134
49 149
49 180
49 189
49 202
49 274
49 299
49 904
49 1220
49 1986
50 126
50 137
50 165
50 167
50 169
50 194
50 195
50 294
50 794
50 862
50 1542
51 89
51 93
51 98
51 103
51 104
51 110
51 136
51 150
51 154
51 162
51 164
51 171
51 197
51 200
51 224
51 675
51 1534
52 76
52 86
52 104
52 112
52 115
52 138
52 149
52 175
52 183
52 193
52 203
52 225
52 886
52 892
52 1120
52 1415
53 54
53 57
53 81
53 82
53 112
53 147
53 151
53 154
53 157
53 193
53 210
53 834
53 1060
54 59
54 62
54 83
54 85
54 99
54 112
54 138
54 139
54 140
54 170
54 189
54 211
54 215
54 216
54 219
54 221
54 1726
54 1925
55 58
55 70
55 92
55 101
55 108
55 131
55 136
55 142
55 144
55 148
55 157
55 172
55 188
55 190
55 192
55 198
55 206
55 222
55 1307
56 96
56 97
56 104
56 124
56 145
56 148
56 159
56 162
56 171
56 173
56 176
56 182
56 212
56 214
56 215
56 227
56 933
56 1238
56 1473
57 58
57 67
57 70
57 80
57 84
57 88
57 96
57 103
57 122
57 125
57 136
57 152
57 154
57 181
57 202
57 221
57 405
57 945
58 60
58 65
58 85
58 88
58 102
58 103
58 139
58 170
58 181
58 183
58 191
58 228
58 257
58 575
58 1341
59 79
59 81
59 83
59 84
59 100
59 153
59 159
59 183
59 206
59 1518
60 73
60 75
60 112
60 116
60 132
60 140
60 142
60 159
60 169
60 177
60 179
60 184
60 203
60 205
60 865
60 1141
60 1278
60 1655
60 1722
61 92
61 102
61 119
61 153
61 175
61 179
61 198
61 213
61 225
61 713
61 973
61 1519
62 71
62 73
62 76
62 82
62 87
62 102
62 120
62 174
62 175
62 183
62 192
62 212
62 222
62 800
62 836
62 1661
62 1745
63 85
63 103
63 121
63 124
63 141
63 170
63 174
63 175
63 177
63 180
63 190
63 193
63 246
63 291
64 84
64 93
64 101
64 106
64 121
64 153
64 164
64 184
64 220
64 227
64 228
64 622
65 71
65 74
65 86
65 109
65 113
65 122
65 132
65 135
65 137
65 166
65 171
65 184
65 188
65 199
65 202
65 1101
65 1162
65 1828
65 1954
66 71
66 73
66 119
66 130
66 134
66 151
66 156
66 165
66 168
66 181
66 199
66 204
66 207
66 217
67 77
67 86
67 108
67 109
67 115
67 116
67 117
67 119
67 122
67 123
67 126
67 164
67 189
67 209
67 383
67 1296
67 1612
68 71
68 78
68 99
68 106
68 133
68 143
68 178
68 193
68 226
68 228
68 1317
68 1413
68 2050
69 76
69 78
69 111
69 131
69 140
69 155
69 165
69 169
69 193
69 201
69 203
69 205
69 213
69 1333
69 1472
69 1810
69 1849
70 80
70 81
70 87
70 148
70 155
70 185
70 187
70 196
70 200
70 206
70 332
70 641
70 911
70 1280
70 1594
71 85
71 107
71 111
71 129
71 147
71 154
71 159
71 162
71 164
71 186
71 198
71 202
71 1643
71 1669
71 1843
72 76
72 89
72 99
72 137
72 153
72 161
72 176
72 208
73 98
73 106
73 116
73 127
73 130
73 133
73 146
73 173
73 187
73 191
73 199
73 212
73 417
73 427
73 1463
74 76
74 91
74 108
74 131
74 176
74 203
74 206
74 226
74 1269
74 1593
75 86
75 90
75 97
75 164
75 173
75 178
75 194
75 198
75 253
75 877
75 1234
75 1355
75 1411
76 93
76 100
76 115
76 120
76 135
76 185
76 204
76 210
76 900
76 970
76 1278
76 1942
77 87
77 113
77 120
77 124
77 134
77 165
77 183
77 194
77 215
77 219
77 255
77 315
77 411
77 729
77 1873
78 116
78 118
78 119
78 127
78 138
78 140
78 141
78 145
78 149
78 161
78 170
78 173
78 191
78 194
78 199
78 209
78 212
78 215
78 216
78 228
78 1285
78 1542
79 87
79 105
79 110
79 118
79 130
79 137
79 140
79 156
79 163
79 171
79 173
79 188
79 194
79 215
79 221
79 226
79 677
79 816
79 2026
80 102
80 106
80 115
80 121
80 124
80 150
80 153
80 182
80 189
80 196
80 206
80 217
80 269
80 1386
81 97
81 98
81 111
81 113
81 114
81 145
81 160
81 173
81 178
81 187
82 89
82 90
82 117
82 120
82 161
82 177
82 192
82 216
82 224
82 226
82 299
82 646
82 706
82 1629
83 113
83 154
83 155
83 156
83 161
83 177
83 202
83 206
83 223
83 227
83 254
83 261
83 750
83 1723
84 101
84 104
84 122
84 126
84 134
84 179
84 180
84 215
84 216
84 222
84 1987
84 2005
85 93
85 105
85 111
85 114
85 138
85 139
85 142
85 172
85 173
85 174
85 185
85 186
85 199
85 205
85 207
85 212
85 217
85 665
85 1323
85 1334
85 1351
85 1453
86 112
86 113
86 115
86 117
86 118
86 128
86 133
86 138
86 147
86 152
86 192
86 193
86 194
86 203
86 218
86 228
86 560
86 766
86 1017
86 1057
87 106
87 830
87 1172
88 99
88 151
88 154
88 160
88 169
88 170
88 178
88 216
88 226
88 1293
88 1431
88 2061
89 96
89 107
89 145
89 159
89 170
89 181
89 207
89 828
89 1016
89 1212
89 1221
89 1714
90 104
90 105
90 117
90 140
90 141
90 150
90 158
90 164
90 169
90 188
90 228
90 642
90 1654
90 1825
91 96
91 106
91 113
91 133
91 144
91 152
91 170
91 184
91 212
91 217
91 555
91 587
92 101
92 115
92 133
92 163
92 186
92 192
92 224
92 867
92 1408
92 1646
92 1840
92 2044
93 101
93 102
93 133
93 165
93 183
93 201
93 219
93 224
93 2020
94 101
94 119
94 122
94 144
94 149
94 163
94 173
94 175
94 178
94 188
94 192
94 218
94 219
94 224
94 1147
95 111
95 112
95 120
95 159
95 165
95 170
95 172
95 204
95 209
95 221
95 225
95 476
95 1058
95 1712
96 114
96 143
96 146
96 147
96 153
96 165
96 174
96 215
96 222
96 288
96 488
96 504
96 1438
97 101
97 110
97 130
97 138
97 147
97 173
97 187
97 193
97 198
97 209
97 211
97 571
97 759
98 101
98 106
98 163
98 168
98 181
98 198
98 223
98 966
98 1949
99 109
99 117
99 119
99 128
99 136
99 140
99 151
99 184
99 217
99 1733
99 1795
100 109
100 123
100 140
100 150
100 169
100 175
100 200
100 207
100 218
100 492
100 640
100 715
100 739
100 914
100 947
100 1142
101 103
101 116
101 121
101 168
101 199
101 201
101 222
101 757
101 761
101 1229
102 146
102 161
102 164
102 165
102 180
102 181
102 200
102 204
102 208
102 213
102 220
102 226
102 378
102 511
103 114
103 116
103 135
103 180
103 182
103 203
103 209
103 223
103 1424
103 1694
104 105
104 126
104 141
104 155
104 191
104 293
104 397
104 778
104 1329
104 1492
105 106
105 116
105 125
105 129
105 146
105 151
105 158
105 175
105 193
105 209
105 955
106 130
106 142
106 143
106 147
106 158
106 160
106 171
106 204
106 207
106 219
106 242
106 363
106 1282
106 1872
107 126
107 128
107 164
107 169
107 175
107 182
107 186
107 190
107 206
107 208
107 423
107 428
107 498
107 574
107 729
107 734
107 1232
107 1601
107 1635
107 1640
108 131
108 150
108 157
108 162
108 218
108 325
108 374
108 1023
109 111
109 126
109 139
109 142
109 160
109 166
109 175
109 199
109 205
109 214
109 878
109 960
109 1078
109 1575
110 126
110 127
110 140
110 151
110 179
110 184
110 195
110 198
110 647
110 1477
110 1884
111 118
111 121
111 134
111 137
111 153
111 205
111 207
111 225
111 520
111 1574
112 115
112 133
112 193
112 197
112 201
112 1209
112 1816
113 123
113 139
113 156
113 192
113 522
113 1071
113 1138
113 1317
114 124
114 132
114 144
114 165
114 181
114 197
114 204
114 224
114 248
114 754
114 1259
115 127
115 128
115 176
115 198
115 426
115 753
115 1561
115 1842
116 137
116 151
116 160
116 166
116 169
116 190
116 202
116 213
116 218
116 280
116 1692
116 2043
117 118
117 125
117 129
117 130
117 137
117 148
117 150
117 173
117 178
117 183
117 197
117 220
117 222
117 1146
117 1406
117 1883
118 140
118 154
118 162
118 165
118 195
118 198
118 200
118 205
118 210
118 225
118 786
118 1200
118 1784
119 149
119 187
119 220
119 221
119 695
119 955
119 1270
119 1542
119 2046
120 130
120 133
120 154
120 173
120 179
120 219
120 707
120 757
120 1349
121 127
121 142
121 143
121 147
121 161
121 183
121 201
121 209
121 1574
121 1923
122 137
122 141
122 156
122 174
122 197
122 198
122 205
122 219
122 223
122 1012
122 1229
123 170
123 178
123 189
123 196
123 206
123 210
123 225
123 1979
124 127
124 146
124 151
124 181
124 214
124 216
124 272
124 407
124 1104
124 1184
125 128
125 146
125 151
125 153
125 180
125 186
125 194
125 204
125 205
125 211
125 665
125 1022
125 1152
125 1395
126 132
126 138
126 151
126 163
126 212
126 222
126 225
126 365
126 602
126 784
126 1553
126 1856
127 131
127 135
127 137
127 159
127 163
127 184
127 197
127 206
127 1904
128 133
128 139
128 147
128 155
128 166
128 208
128 209
128 215
128 671
128 1107
129 138
129 191
129 193
129 195
129 210
129 216
129 227
129 275
129 398
129 842
129 1054
130 134
130 149
130 150
130 174
130 189
130 221
130 225
130 549
130 1691
131 162
131 167
131 179
131 181
131 194
131 197
131 207
131 562
131 1037
131 1647
132 147
132 148
132 149
132 182
132 188
132 198
132 218
132 655
132 747
132 1201
132 1708
132 1826
133 135
133 159
133 199
133 201
133 220
133 1282
133 1344
134 142
134 180
134 188
134 200
134 202
134 554
134 633
134 677
134 1381
135 163
135 173
135 185
135 196
135 207
135 211
135 1671
135 1845
136 148
136 160
136 161
136 164
136 167
136 172
136 182
136 186
136 196
136 212
136 549
136 1225
136 1803
137 140
137 167
137 168
137 184
137 549
138 184
138 187
138 197
138 198
138 207
138 208
138 218
138 240
138 1837
139 140
139 162
139 171
139 189
139 193
139 197
139 201
139 989
139 1480
139 1967
139 2018
140 151
140 167
140 193
140 484
140 1716
141 148
141 157
141 158
141 166
141 172
141 178
141 196
141 1374
141 1894
142 159
142 165
142 172
142 191
142 194
142 216
142 1511
143 160
143 165
143 172
143 176
143 179
143 198
143 205
143 215
143 221
143 1501
143 1872
143 2026
144 146
144 160
144 224
144 225
144 351
144 588
144 651
144 1354
144 1803
145 192
145 202
145 207
145 224
145 1105
146 156
146 157
146 173
146 203
146 217
146 1273
146 2005
147 148
147 157
147 164
147 182
147 200
147 1349
147 1856
148 191
148 220
148 477
148 661
148 1335
149 159
149 180
149 181
149 194
149 199
149 212
149 222
149 260
149 711
149 1472
150 152
150 153
150 166
150 188
150 190
150 210
150 212
150 224
150 711
150 1479
150 1532
151 164
151 165
151 166
151 206
151 809
151 1377
151 1918
151 2039
151 2066
152 155
152 174
152 186
152 194
152 375
152 1567
152 1806
153 161
153 210
153 452
153 600
153 1025
153 1058
153 2036
154 157
154 162
154 186
154 199
154 202
154 208
154 213
154 220
154 767
154 1592
155 177
155 181
155 211
155 647
155 740
155 1413
155 1536
156 168
156 183
156 196
156 199
156 209
156 213
157 167
157 171
157 196
157 288
157 548
157 1731
158 161
158 163
158 166
158 177
158 190
158 204
158 207
158 214
158 222
158 1202
158 1318
158 1333
159 174
159 192
159 200
159 210
159 216
159 222
159 223
159 993
159 1696
159 1812
160 162
160 165
160 188
160 217
160 220
161 179
161 199
161 205
161 218
161 943
161 1413
161 1663
162 172
162 187
162 591
162 952
162 1257
162 1454
163 175
163 204
163 218
163 219
163 220
163 224
163 226
163 315
163 354
163 1643
164 168
164 179
164 208
164 220
164 221
164 228
164 1007
164 1732
164 1926
164 1967
165 169
165 178
165 187
165 195
165 201
165 211
165 213
165 222
165 225
165 449
165 1228
165 1351
166 177
166 195
166 353
166 463
166 1507
166 2059
167 188
167 196
167 206
167 218
167 222
167 228
167 279
167 1650
167 1940
167 2036
168 191
168 196
168 204
168 206
168 208
168 413
168 993
168 1098
168 1566
169 175
169 182
169 185
169 202
169 1480
170 181
170 189
170 1088
170 1373
170 1390
170 1401
170 1870
171 180
171 182
171 183
171 187
171 200
171 212
171 216
171 217
171 942
172 196
172 198
172 200
172 201
172 221
172 724
172 1486
172 1506
172 1970
173 184
173 186
173 187
173 188
173 192
173 196
173 202
173 203
173 221
173 352
173 593
174 179
174 190
174 215
174 216
174 771
175 182
175 183
175 184
175 186
175 201
175 212
175 213
175 223
175 227
175 806
175 1105
175 1848
176 195
176 198
176 219
176 1635
176 2028
177 183
177 202
177 207
177 216
177 221
177 419
177 466
177 505
177 923
177 1086
177 1345
177 2005
178 180
178 222
178 447
178 1430
178 1654
179 207
179 220
179 222
179 225
179 1184
179 1772
179 1842
179 1972
180 183
180 194
180 206
180 207
180 208
180 210
180 214
180 1799
180 2025
181 206
181 217
181 936
181 1820
182 196
182 199
182 214
182 224
182 228
182 587
182 617
182 1125
182 1179
182 1294
182 1358
182 1538
182 1884
183 191
183 214
183 289
183 533
183 784
184 190
184 222
184 231
185 202
185 1546
185 1756
186 196
186 205
186 215
186 223
186 228
186 424
186 814
186 1877
187 188
187 189
187 192
187 209
187 217
187 270
187 511
188 192
188 193
188 198
188 214
188 221
188 227
188 708
188 1409
188 1579
189 196
189 198
189 487
189 906
189 1086
189 1140
189 1566
189 1780
190 203
190 223
191 195
191 226
192 196
192 205
192 221
192 532
192 579
192 773
192 1222
192 1240
192 1260
193 206
193 207
193 209
193 273
193 524
193 690
193 1226
193 1389
194 203
194 208
194 218
194 690
195 204
195 217
195 515
196 217
196 775
196 936
196 1225
196 1495
196 1975
197 203
197 221
197 222
197 327
197 1235
198 204
198 223
198 467
198 920
198 1043
198 1140
199 206
199 215
199 216
199 706
199 1337
199 1726
199 1967
200 213
200 217
200 1490
200 1514
201 227
201 283
201 831
201 863
201 867
201 1982
202 208
202 216
202 218
202 228
202 510
202 1297
203 419
203 883
203 1006
203 1054
203 1278
204 207
204 209
204 213
204 813
204 1444
205 341
205 480
205 635
205 1310
205 1737
206 217
206 584
206 745
206 816
206 1203
206 1257
207 227
207 1025
207 1281
208 215
208 568
208 596
209 220
209 222
209 225
209 487
209 558
209 816
209 1486
209 1631
210 214
210 221
210 223
210 1532
210 1539
210 1647
211 214
211 544
211 1629
212 224
212 737
213 1938
214 216
214 225
214 552
214 992
214 1324
214 1921
215 225
215 270
215 1167
215 1922
215 1975
216 223
216 225
216 228
216 923
217 371
217 581
218 621
218 1643
218 1957
220 221
220 227
220 1070
220 1806
221 223
221 456
221 597
221 820
221 965
221 1356
221 1454
222 1179
222 1238
222 1273
222 1788
222 1997
223 228
223 601
223 808
223 899
223 1370
223 1733
223 1752
224 393
224 450
224 472
224 702
224 1195
224 1227
224 1704
225 226
225 472
225 505
225 858
225 1255
225 1536
225 1971
226 918
226 1020
226 1928
227 565
227 1763
227 2005
228 940
228 998
228 1815
229 237
229 261
229 266
229 273
229 289
229 298
229 299
229 313
229 314
229 327
229 333
229 358
229 370
229 374
229 393
229 401
229 413
229 415
229 457
229 1292
229 1515
229 1544
229 1886
230 254
230 268
230 269
230 280
230 287
230 290
230 337
230 346
230 352
230 380
230 391
230 393
230 395
230 399
230 403
230 426
230 452
230 759
230 1346
231 290
231 321
231 340
231 342
231 346
231 347
231 356
231 374
231 386
231 389
231 397
231 400
231 411
231 414
231 424
231 429
231 439
231 442
231 454
232 234
232 293
232 303
232 308
232 310
232 322
232 325
232 338
232 342
232 358
232 359
232 384
232 391
232 406
232 409
232 415
232 428
232 1525
232 1745
232 1761
232 1901
233 234
233 244
233 245
233 274
233 285
233 298
233 317
233 321
233 329
233 341
233 362
233 364
233 379
233 405
233 406
233 432
233 449
233 450
233 451
233 467
233 779
233 899
233 1209
233 1447
233 1608
234 236
234 245
234 255
234 261
234 273
234 287
234 297
234 317
234 330
234 357
234 363
234 375
234 398
234 407
234 422
234 427
234 431
234 445
234 455
234 456
234 1305
234 1464
234 1929
235 263
235 267
235 274
235 286
235 288
235 300
235 307
235 358
235 377
235 401
235 421
235 428
235 435
235 444
235 1017
235 1224
235 1967
236 309
236 319
236 339
236 383
236 392
236 409
236 410
236 1032
236 1269
236 1340
236 1932
237 247
237 266
237 283
237 296
237 298
237 304
237 341
237 375
237 393
237 412
237 418
237 420
237 426
237 432
237 713
237 1486
238 239
238 261
238 275
238 309
238 316
238 324
238 330
238 331
238 335
238 375
238 383
238 388
238 398
238 408
238 412
238 441
238 556
238 1032
239 271
239 291
239 301
239 350
239 356
239 371
239 377
239 406
239 407
239 440
239 445
239 448
239 1041
239 1276
239 1948
240 270
240 279
240 300
240 310
240 323
240 346
240 353
240 409
240 414
240 422
240 442
240 909
240 1198
240 1226
240 1233
240 1428
241 248
241 255
241 263
241 264
241 273
241 282
241 293
241 321
241 327
241 352
241 366
241 370
241 379
241 381
241 412
241 414
241 438
241 439
241 448
241 456
241 737
241 1317
241 1332
241 1628
242 245
242 249
242 259
242 271
242 296
242 321
242 330
242 334
242 354
242 358
242 360
242 388
242 423
242 433
242 437
242 442
242 448
242 635
243 250
243 258
243 263
243 264
243 273
243 279
243 289
243 292
243 312
243 320
243 325
243 333
243 338
243 346
243 347
243 356
243 358
243 388
243 406
243 427
243 441
243 446
243 450
243 453
243 493
243 589
243 1292
243 1685
244 292
244 345
244 366
244 397
244 407
244 416
244 419
244 422
244 432
244 441
244 444
244 457
244 494
244 1281
244 2003
245 276
245 279
245 299
245 323
245 328
245 332
245 333
245 350
245 386
245 392
245 395
245 431
245 445
245 454
245 969
245 1146
245 1256
245 1885
246 248
246 267
246 270
246 272
246 282
246 307
246 330
246 347
246 351
246 368
246 374
246 377
246 387
246 397
246 404
246 409
246 435
246 441
246 1855
247 261
247 271
247 286
247 291
247 302
247 314
247 328
247 360
247 367
247 374
247 382
247 414
247 417
247 436
247 445
247 1891
247 1932
248 252
248 258
248 260
248 261
248 264
248 301
248 332
248 341
248 345
248 351
248 377
248 385
248 388
248 391
248 400
248 418
248 1144
248 1395
249 263
249 271
249 277
249 307
249 315
249 327
249 333
249 345
249 358
249 376
249 386
249 403
249 419
249 432
249 445
249 450
249 711
249 1518
249 1924
250 262
250 266
250 284
250 312
250 319
250 327
250 328
250 335
250 349
250 353
250 357
250 359
250 366
250 368
250 378
250 387
250 388
250 401
250 413
250 430
250 438
250 440
250 451
251 255
251 273
251 275
251 277
251 292
251 301
251 320
251 327
251 343
251 344
251 372
251 407
251 420
251 425
251 428
251 441
251 450
251 456
251 810
251 1489
251 1808
251 1865
251 2019
252 259
252 312
252 320
252 321
252 323
252 331
252 356
252 363
252 367
252 375
252 386
252 417
252 419
252 454
252 1253
252 1430
252 1483
253 255
253 256
253 261
253 268
253 273
253 290
253 298
253 322
253 331
253 361
253 364
253 380
253 382
253 383
253 386
253 442
253 444
253 456
253 465
253 1296
253 1503
253 1612
254 306
254 314
254 322
254 342
254 355
254 362
254 364
254 388
254 398
254 402
254 405
254 406
254 418
254 433
254 434
254 451
254 455
254 536
254 996
254 1067
254 1725
254 2046
255 269
255 273
255 275
255 282
255 284
255 308
255 318
255 330
255 336
255 360
255 374
255 388
255 391
255 393
255 394
255 396
255 397
255 405
255 413
255 453
255 457
255 628
255 1004
255 1549
256 260
256 295
256 305
256 310
256 338
256 347
256 350
256 368
256 393
256 399
256 401
256 409
256 423
256 426
256 433
256 437
256 438
256 440
256 450
256 865
256 1298
256 1392
257 262
257 267
257 272
257 288
257 289
257 298
257 313
257 336
257 356
257 358
257 392
257 393
257 395
257 425
257 435
257 439
257 450
257 716
258 273
258 312
258 326
258 328
258 332
258 336
258 345
258 355
258 382
258 385
258 395
258 413
258 414
258 424
258 430
258 433
258 434
258 441
258 460
258 837
259 261
259 263
259 289
259 291
259 307
259 314
259 326
259 343
259 358
259 359
259 363
259 376
259 387
259 398
259 411
259 413
259 438
259 439
259 515
259 924
259 1274
260 264
260 287
260 303
260 306
260 316
260 345
260 346
260 406
260 420
260 424
260 432
260 434
260 435
260 436
260 451
260 1092
261 264
261 272
261 277
261 281
261 287
261 303
261 321
261 353
261 367
261 404
261 411
261 424
261 426
261 1006
261 1357
262 270
262 286
262 301
262 332
262 348
262 365
262 381
262 428
262 442
262 1165
262 1242
262 1413
262 2032
263 277
263 287
263 311
263 313
263 319
263 327
263 332
263 353
263 368
263 414
263 425
263 436
263 454
263 825
263 956
263 1389
263 1533
263 1734
264 268
264 279
264 299
264 306
264 308
264 310
264 322
264 332
264 348
264 359
264 367
264 389
264 426
264 430
264 452
264 455
264 1596
264 1637
264 1695
265 276
265 279
265 311
265 337
265 351
265 362
265 363
265 373
265 385
265 386
265 395
265 412
265 413
265 431
265 435
265 442
265 1383
265 1541
266 278
266 280
266 296
266 313
266 327
266 329
266 354
266 365
266 378
266 383
266 414
266 444
266 449
266 757
266 1165
266 1173
266 1458
266 1535
266 1773
267 282
267 302
267 303
267 304
267 330
267 336
267 340
267 391
267 417
267 448
267 1097
267 1235
267 1675
267 1863
268 285
268 316
268 340
268 355
268 371
268 399
268 418
268 419
268 429
268 441
268 446
268 491
268 675
268 946
268 1507
269 275
269 303
269 314
269 331
269 333
269 340
269 349
269 352
269 375
269 392
269 417
269 439
269 1253
269 1316
269 1490
269 1523
269 1669
270 274
270 279
270 314
270 397
270 432
270 446
270 497
270 1043
270 1549
270 1774
270 1844
271 291
271 304
271 363
271 366
271 378
271 451
271 452
271 1683
272 292
272 298
272 333
272 351
272 353
272 355
272 359
272 366
272 368
272 389
272 398
272 399
272 404
272 431
272 439
272 453
272 643
272 1068
272 1812
273 276
273 297
273 312
273 328
273 347
273 352
273 378
273 396
273 409
273 419
273 438
273 441
273 446
273 456
273 457
273 702
273 906
274 279
274 300
274 328
274 331
274 347
274 355
274 372
274 392
274 1522
274 1767
275 281
275 318
275 357
275 364
275 405
275 406
275 1274
275 1885
275 1931
276 279
276 313
276 316
276 317
276 322
276 328
276 339
276 356
276 374
276 392
276 406
276 416
276 445
276 1172
277 284
277 298
277 305
277 315
277 325
277 352
277 403
277 437
277 1647
278 282
278 292
278 298
278 307
278 329
278 346
278 350
278 362
278 380
278 387
278 402
278 407
278 410
278 416
278 419
278 440
278 442
278 452
278 1372
278 1557
278 1714
278 1878
279 287
279 290
279 294
279 297
279 305
279 306
279 327
279 343
279 357
279 359
279 381
279 393
279 403
279 405
279 409
279 949
279 1383
279 1490
279 1779
280 282
280 305
280 333
280 370
280 377
280 382
280 391
280 392
280 417
280 455
280 1025
280 1466
280 1493
280 1896
280 2013
281 286
281 291
281 295
281 315
281 323
281 334
281 350
281 363
281 378
281 388
281 394
281 419
281 433
281 447
281 451
281 772
281 1702
281 1877
281 1938
282 291
282 342
282 354
282 362
282 372
282 402
282 406
282 437
282 452
282 720
282 1524
282 2067
283 287
283 289
283 295
283 298
283 299
283 317
283 318
283 341
283 352
283 358
283 368
283 370
283 371
283 381
283 397
283 399
283 403
283 431
283 433
283 443
283 1275
283 1865
284 288
284 297
284 301
284 331
284 359
284 361
284 362
284 368
284 377
284 380
284 389
284 407
284 414
284 419
284 423
284 438
284 1366
285 307
285 318
285 328
285 332
285 342
285 380
285 384
285 422
285 445
285 457
285 1032
285 1990
285 1999
286 320
286 329
286 338
286 354
286 381
286 382
286 389
286 392
286 434
286 435
286 440
286 451
286 457
286 478
286 1926
287 302
287 312
287 325
287 326
287 351
287 356
287 359
287 368
287 369
287 386
287 401
287 412
287 433
287 438
287 457
287 1167
288 298
288 301
288 318
288 353
288 371
288 411
288 421
288 441
288 453
288 456
288 889
289 305
289 335
289 341
289 343
289 350
289 369
289 378
289 383
289 397
289 421
289 438
289 903
289 1613
290 291
290 329
290 355
290 365
290 385
290 391
290 407
290 422
290 968
291 301
291 305
291 333
291 337
291 341
291 353
291 369
291 380
291 382
291 394
291 424
291 437
291 438
291 443
291 454
291 466
291 1220
291 1839
291 1941
292 326
292 338
292 350
292 351
292 361
292 380
292 394
292 420
292 421
292 425
292 429
292 436
292 440
292 451
292 934
293 294
293 313
293 322
293 329
293 341
293 356
293 360
293 382
293 387
293 415
293 437
293 446
293 457
293 480
293 890
293 1266
294 303
294 314
294 315
294 344
294 345
294 369
294 379
294 380
294 383
294 454
294 455
294 1679
294 1841
295 300
295 339
295 344
295 345
295 369
295 372
295 382
295 385
295 393
295 396
295 403
295 415
295 1715
295 1997
296 303
296 318
296 332
296 344
296 352
296 363
296 369
296 372
296 389
296 396
296 403
296 404
296 421
296 432
296 920
296 1884
297 298
297 302
297 316
297 344
297 357
297 363
297 379
297 381
297 413
297 414
297 424
297 426
297 441
297 448
297 449
298 340
298 372
298 383
298 386
298 391
298 398
298 414
298 417
298 457
298 496
298 809
298 1506
299 305
299 347
299 372
299 382
299 405
299 411
299 413
299 415
299 429
299 435
299 445
299 447
299 449
299 450
300 313
300 332
300 334
300 342
300 359
300 365
300 378
300 425
300 446
300 998
300 1381
300 1908
301 317
301 318
301 362
301 367
301 369
301 374
301 393
301 404
301 418
301 421
301 422
301 433
301 441
301 448
301 457
301 947
301 1426
301 1935
302 306
302 311
302 314
302 321
302 326
302 357
302 358
302 359
302 361
302 364
302 374
302 375
302 395
302 402
302 427
302 438
302 446
302 450
302 457
302 1139
302 1323
302 1861
303 304
303 312
303 324
303 336
303 338
303 347
303 350
303 367
303 410
303 413
303 419
303 447
303 453
303 1238
303 1507
303 1604
303 1961
303 2062
304 337
304 351
304 369
304 381
304 393
304 398
304 431
304 445
304 647
304 829
304 1599
304 1985
305 315
305 327
305 341
305 357
305 373
305 377
305 391
305 392
305 414
305 436
305 962
305 1393
305 1622
305 1827
306 317
306 319
306 335
306 345
306 378
306 383
306 395
306 400
306 412
306 433
306 1080
307 308
307 309
307 314
307 319
307 321
307 335
307 338
307 342
307 351
307 352
307 355
307 358
307 390
307 391
307 433
307 453
307 871
307 1417
308 329
308 336
308 341
308 350
308 367
308 380
308 385
308 397
308 419
308 456
309 314
309 318
309 322
309 340
309 343
309 385
309 419
309 437
309 439
309 443
309 449
309 451
309 527
309 980
309 1148
309 1694
309 1915
310 335
310 341
310 353
310 364
310 386
310 388
310 398
310 412
310 420
310 429
310 445
310 450
310 457
310 647
310 1548
311 325
311 335
311 348
311 372
311 420
311 421
311 427
311 444
311 623
312 313
312 330
312 367
312 372
312 374
312 375
312 396
312 418
312 432
312 445
312 446
312 629
312 740
313 321
313 326
313 333
313 348
313 393
313 395
313 400
313 403
313 434
313 441
313 445
313 457
313 1084
313 1747
314 317
314 342
314 379
314 396
314 397
314 411
314 441
314 446
315 316
315 327
315 350
315 367
315 371
315 379
315 404
315 423
315 449
315 450
315 1143
315 1475
315 1843
315 1946
315 2056
316 317
316 338
316 352
316 367
316 374
316 380
316 386
316 391
316 394
316 405
316 427
316 437
316 448
316 1049
316 1161
317 323
317 330
317 392
317 403
317 405
317 408
317 433
317 438
317 778
317 1375
317 1421
318 330
318 355
318 360
318 377
318 383
318 404
318 428
318 870
318 1784
318 1811
319 321
319 332
319 341
319 377
319 407
319 417
319 423
319 1111
320 327
320 338
320 350
320 367
320 376
320 377
320 395
320 408
320 411
320 413
320 701
320 756
320 1331
320 1852
321 324
321 328
321 338
321 339
321 356
321 370
321 373
321 379
321 387
321 421
321 435
321 693
321 1488
321 1727
322 366
322 367
322 370
322 382
322 450
322 659
322 1212
322 1260
322 1864
323 327
323 353
323 381
323 406
323 419
323 424
323 448
323 449
323 1043
323 1215
323 1232
323 1315
323 1752
323 1848
323 1860
324 378
324 423
324 431
324 450
324 456
324 457
324 770
324 1272
324 1310
324 1336
324 1607
324 1849
324 2056
325 327
325 333
325 402
325 403
325 417
325 672
325 1316
326 363
326 384
326 395
326 422
326 424
326 437
326 772
326 856
326 886
326 1537
326 1897
326 1912
327 331
327 360
327 361
327 378
327 380
327 384
327 386
327 396
327 420
327 439
327 450
327 499
327 511
327 1087
327 1839
328 350
328 368
328 382
328 383
328 384
328 385
328 391
328 398
328 406
328 407
328 441
328 1170
328 1732
329 335
329 361
329 387
329 406
329 423
329 432
329 441
329 447
329 1230
329 1662
330 350
330 358
330 365
330 376
330 378
330 400
330 408
330 439
330 448
330 452
330 1232
330 2016
330 2024
331 342
331 376
331 405
331 438
331 446
331 646
331 1178
331 1476
331 1655
332 343
332 363
332 384
332 386
332 392
332 403
332 410
332 411
332 429
333 346
333 357
333 362
333 368
333 378
333 404
333 412
333 428
333 440
333 445
333 455
333 487
333 750
333 1628
333 1687
334 338
334 340
334 345
334 350
334 355
334 356
334 366
334 367
334 373
334 387
334 394
334 425
334 430
334 433
334 452
334 886
334 896
334 1848
335 341
335 343
335 351
335 374
335 414
335 443
335 954
335 1374
335 1423
335 1636
336 338
336 340
336 352
336 397
336 416
336 425
336 428
336 429
336 436
336 451
336 478
337 351
337 352
337 375
337 379
337 382
337 390
337 393
337 396
337 399
337 405
337 418
337 421
337 447
337 606
337 838
338 344
338 394
338 400
338 409
338 422
338 423
338 428
338 429
338 432
338 444
338 445
338 987
338 1535
339 340
339 352
339 364
339 368
339 377
339 425
339 428
339 749
339 874
339 955
339 1450
339 1825
340 343
340 347
340 352
340 379
340 423
340 432
340 441
340 453
340 1454
340 1477
341 362
341 378
341 404
341 408
341 427
341 431
341 432
341 440
341 453
341 454
341 456
341 474
341 1414
342 360
342 362
342 363
342 380
342 383
342 404
342 406
342 433
342 724
342 964
343 345
343 351
343 370
343 372
343 382
343 401
343 403
343 404
343 456
343 804
343 1330
343 1391
343 1686
344 347
344 376
344 377
344 388
344 395
344 416
344 439
344 456
344 493
344 1930
345 457
345 1154
346 357
346 358
346 363
346 364
346 371
346 373
346 394
346 407
346 419
346 442
346 448
346 561
346 1250
346 1395
346 1727
347 350
347 351
347 354
347 363
347 367
347 378
347 379
347 406
347 413
347 695
347 795
347 824
347 1476
347 1544
347 1589
347 1833
348 378
348 388
348 398
348 427
348 431
348 432
348 440
348 698
348 1058
348 1689
348 1731
349 350
349 355
349 358
349 366
349 373
349 401
349 424
349 438
349 445
349 1014
349 1200
349 1243
349 1455
349 1934
350 373
350 402
350 433
350 445
350 448
350 452
350 454
350 456
350 887
350 1907
350 1928
350 2048
351 361
351 364
351 416
351 440
351 456
351 828
351 1716
351 1728
351 1843
352 368
352 419
352 421
352 423
352 425
352 440
352 450
352 1134
352 1810
353 370
353 384
353 390
353 418
353 424
353 452
353 1669
353 1932
353 2000
354 355
354 380
354 410
354 418
354 434
354 453
354 1116
354 1537
354 1630
355 358
355 370
355 378
355 395
355 406
355 413
355 433
355 457
355 829
355 1633
355 1781
356 359
356 378
356 391
356 392
356 411
356 414
356 421
356 433
356 441
356 852
356 1746
357 396
357 402
357 425
357 436
357 438
357 451
357 456
357 614
357 713
357 1507
357 1636
357 1793
358 365
358 384
358 399
358 409
358 430
358 456
358 621
359 379
359 392
359 541
360 388
360 396
360 402
360 433
360 455
360 880
360 1088
360 1644
361 389
361 391
361 430
361 437
361 449
361 689
361 1032
361 1812
362 364
362 366
362 421
362 424
362 429
362 431
362 435
362 439
362 716
362 779
362 942
363 387
363 409
363 412
363 414
363 419
363 423
363 432
363 434
363 438
363 439
363 445
363 447
363 452
363 576
363 790
363 1158
364 394
364 412
364 424
364 436
364 438
364 456
364 991
364 1588
364 1884
365 382
365 402
365 409
365 411
365 419
365 454
365 566
365 1214
366 391
366 410
366 415
366 421
366 444
366 448
366 1473
366 1570
366 1791
366 1934
367 374
367 392
367 417
367 428
367 438
367 439
367 655
367 1052
367 1615
367 1743
367 1745
367 1863
368 394
368 412
368 1791
369 371
369 377
369 378
369 386
369 430
369 1928
370 382
370 390
370 401
370 407
370 423
370 437
370 452
370 1604
370 1999
371 378
371 384
371 752
371 798
371 955
371 1568
372 382
372 392
372 399
372 411
372 422
372 440
372 881
372 1020
372 1657
373 400
373 403
373 426
373 452
373 458
373 951
373 1223
373 1229
373 1522
373 1888
374 417
374 419
374 446
374 452
374 453
374 454
374 1004
374 1222
374 1927
375 394
375 399
375 405
375 412
375 417
375 423
375 451
375 541
375 1225
375 1333
376 453
376 1470
376 1824
377 389
377 395
377 396
377 420
377 426
377 428
377 432
377 433
377 441
377 1231
378 387
378 403
378 424
378 675
378 771
378 1215
378 1643
379 410
379 420
379 435
379 440
379 1094
379 1130
379 1171
379 1394
379 1598
379 1763
380 382
380 402
380 409
380 412
380 419
380 461
380 556
380 695
381 394
381 418
381 422
381 428
381 434
381 490
381 542
381 911
381 1728
381 1885
382 416
382 418
382 424
382 438
382 456
382 641
382 1342
382 1368
382 1784
383 397
383 417
383 418
383 435
383 439
383 451
383 454
383 622
383 1388
383 1576
384 387
384 404
384 424
384 433
384 534
385 409
385 413
385 417
385 423
385 432
385 433
385 448
385 955
386 396
386 433
386 446
386 564
386 934
386 1880
386 1935
387 401
387 423
387 455
387 481
387 488
388 394
388 418
388 423
388 439
388 717
388 938
388 1569
389 402
389 418
389 433
389 447
389 455
390 400
390 420
390 430
390 441
390 853
390 942
390 973
390 1794
390 2017
391 393
391 395
391 396
391 404
391 431
391 433
391 1338
391 1340
391 1611
391 1977
392 399
392 427
392 705
392 963
393 394
393 410
393 417
393 428
393 448
393 450
393 833
394 399
394 408
394 418
394 429
394 437
394 1476
395 401
395 431
395 435
395 848
395 1107
395 1691
395 1976
395 2007
396 424
396 440
396 716
396 964
396 999
397 406
397 425
397 442
397 1062
397 1853
398 402
398 435
398 455
398 600
398 868
398 1084
398 1361
398 1390
398 1989
398 1997
399 428
399 442
399 453
399 856
400 407
400 432
400 507
400 879
400 1829
401 431
401 1312
401 1439
401 1983
402 405
402 413
402 416
402 443
402 451
402 824
402 892
402 1108
402 1480
402 1915
402 1957
402 2024
403 411
403 421
403 423
403 428
403 438
403 443
403 447
403 450
403 780
403 1965
404 405
404 453
404 1112
404 1517
404 1777
404 1864
405 408
405 424
405 426
405 454
405 1486
406 449
407 415
407 424
407 425
407 436
407 440
407 442
407 1082
407 1648
408 430
408 432
408 435
408 439
408 454
408 1201
409 420
409 441
409 451
409 727
409 1456
410 1432
410 1649
411 421
411 877
411 898
411 924
411 1553
411 2000
412 421
412 430
412 450
412 768
412 1883
413 444
413 527
414 430
414 435
414 443
414 451
414 659
414 950
414 1117
414 1259
414 1793
415 426
415 428
415 431
415 441
415 649
415 794
415 1533
416 418
416 673
416 1186
416 1418
416 1946
417 420
417 434
417 440
417 1787
418 431
418 660
418 680
418 1434
418 1475
419 427
419 444
419 448
419 451
419 671
419 1498
419 1650
420 430
420 688
420 985
420 1532
420 1843
421 427
421 434
421 436
421 438
421 450
421 455
421 457
421 1232
421 1246
421 1715
422 428
422 430
422 440
422 447
422 448
422 450
422 456
422 784
422 1375
422 1659
423 427
423 429
423 437
423 438
423 451
423 508
423 2026
424 1922
424 1968
425 437
425 443
425 445
425 448
425 585
425 1288
426 428
426 433
426 729
426 1320
427 449
427 758
427 875
427 1138
427 1297
427 1303
428 454
429 434
429 440
429 442
429 457
429 474
429 922
429 1029
429 1690
429 1756
429 2064
430 436
430 440
430 457
430 498
431 440
431 449
431 780
431 923
431 1595
432 437
432 661
432 735
432 1793
432 1851
432 2016
433 443
433 665
433 1312
433 1401
433 1506
433 2055
434 443
434 449
434 1893
435 436
435 439
435 444
435 454
435 552
436 457
436 659
436 755
436 1041
436 1161
437 443
437 1222
438 453
438 456
438 1276
438 1326
438 1406
438 1509
438 1517
440 449
440 1310
440 1311
440 1382
440 1509
440 1597
441 636
441 1736
442 454
442 1239
442 1716
443 512
444 445
444 452
444 763
444 858
444 1566
444 1617
445 448
446 452
446 547
446 785
446 1081
446 1437
446 1498
446 1637
446 1800
447 457
447 1381
447 1713
448 456
448 1735
449 949
449 1639
449 2039
450 749
450 1216
450 1594
450 1657
451 553
451 694
451 856
452 1041
452 1142
452 1447
454 1166
454 1445
454 1680
455 544
455 590
455 663
455 2067
456 1153
456 1495
457 539
457 593
457 1306
457 1455
457 1485
457 2030
458 470
458 485
458 503
458 509
458 531
458 582
458 596
458 602
458 625
458 628
458 661
458 663
458 670
458 718
458 1051
458 1763
458 1877
459 473
459 479
459 485
459 496
459 497
459 505
459 533
459 544
459 552
459 623
459 661
459 667
459 681
459 713
459 816
459 1296
459 1782
460 481
460 495
460 523
460 528
460 531
460 533
460 546
460 570
460 598
460 628
460 631
460 632
460 635
460 658
460 1007
460 1076
460 1159
460 1569
460 1797
461 462
461 485
461 513
461 527
461 573
461 576
461 578
461 590
461 595
461 612
461 613
461 614
461 631
461 635
461 647
461 660
461 661
461 671
461 673
461 683
461 832
461 971
461 1016
461 1826
462 466
462 474
462 475
462 490
462 503
462 508
462 510
462 512
462 526
462 527
462 531
462 536
462 545
462 557
462 576
462 596
462 627
462 653
462 1307
462 1410
462 1873
462 1960
463 480
463 484
463 511
463 516
463 518
463 521
463 532
463 534
463 544
463 557
463 571
463 583
463 614
463 615
463 623
463 641
463 660
463 744
463 1545
463 1781
464 479
464 482
464 539
464 568
464 579
464 583
464 586
464 613
464 622
464 626
464 635
464 640
464 652
464 665
464 673
464 676
464 686
464 985
465 513
465 535
465 558
465 569
465 573
465 591
465 595
465 601
465 612
465 637
465 641
465 646
465 1244
465 1303
465 1885
466 467
466 477
466 523
466 536
466 559
466 586
466 590
466 638
466 642
466 651
466 667
466 680
466 1231
466 1399
466 1973
467 473
467 486
467 491
467 498
467 499
467 506
467 512
467 523
467 527
467 549
467 557
467 599
467 609
467 627
467 629
467 672
467 676
467 1127
468 470
468 516
468 533
468 534
468 549
468 561
468 564
468 566
468 567
468 591
468 604
468 611
468 616
468 637
468 660
468 895
468 1753
468 1915
468 1970
469 478
469 511
469 520
469 535
469 541
469 544
469 550
469 569
469 575
469 580
469 586
469 601
469 624
469 630
469 632
469 635
469 646
469 654
469 679
469 996
469 1020
469 1160
469 1298
469 2047
470 480
470 485
470 487
470 494
470 496
470 497
470 499
470 527
470 528
470 546
470 549
470 553
470 587
470 588
470 603
470 620
470 626
470 646
470 664
470 669
470 671
470 673
470 860
470 1087
470 1643
470 1789
471 483
471 518
471 521
471 553
471 556
471 574
471 587
471 612
471 623
471 630
471 648
471 670
471 675
471 1810
472 484
472 491
472 506
472 513
472 514
472 533
472 562
472 565
472 584
472 595
472 601
472 603
472 627
472 646
472 656
472 676
472 685
472 759
472 1060
472 1342
472 1826
473 482
473 484
473 497
473 540
473 572
473 580
473 612
473 630
473 643
473 654
473 662
473 1233
473 1494
473 2063
474 532
474 552
474 574
474 580
474 594
474 611
474 615
474 621
474 637
474 655
474 661
474 670
474 790
474 1371
474 1428
474 1789
475 488
475 505
475 515
475 540
475 561
475 583
475 591
475 611
475 673
475 683
475 1492
476 487
476 504
476 508
476 512
476 515
476 537
476 538
476 546
476 562
476 601
476 618
476 636
476 642
476 643
476 653
476 663
476 668
476 683
476 1562
476 1647
476 1787
477 504
477 531
477 577
477 597
477 608
477 612
477 626
477 649
477 663
477 666
477 674
478 479
478 483
478 523
478 550
478 552
478 565
478 568
478 570
478 573
478 605
478 608
478 642
478 659
478 666
478 667
478 993
478 1076
478 1608
479 486
479 493
479 509
479 516
479 524
479 531
479 571
479 613
479 640
479 661
479 667
479 672
479 947
479 1425
479 1623
479 1715
480 486
480 531
480 540
480 556
480 557
480 559
480 571
480 583
480 585
480 588
480 599
480 620
480 622
480 630
480 636
480 654
480 656
480 672
480 1017
480 1051
481 489
481 492
481 505
481 542
481 561
481 579
481 599
481 617
481 628
481 633
481 668
481 675
481 677
481 1432
481 1893
482 511
482 516
482 527
482 529
482 544
482 546
482 551
482 556
482 559
482 568
482 581
482 590
482 618
482 622
482 670
482 837
482 1648
482 1987
483 485
483 499
483 517
483 520
483 522
483 529
483 532
483 537
483 551
483 568
483 573
483 576
483 585
483 586
483 610
483 615
483 617
483 633
483 648
483 653
483 657
483 666
483 677
483 686
483 1334
483 1927
483 1945
483 1985
484 488
484 522
484 535
484 545
484 576
484 594
484 602
484 613
484 617
484 626
484 630
484 637
484 641
484 657
484 660
484 666
484 678
484 686
484 988
484 1978
485 513
485 514
485 560
485 565
485 566
485 567
485 579
485 582
485 605
485 611
485 612
485 615
485 624
485 636
485 638
485 644
485 669
485 1022
485 1574
485 1620
486 525
486 541
486 542
486 586
486 608
486 614
486 628
486 644
486 656
486 667
486 672
486 685
486 686
486 853
486 1051
486 1515
487 491
487 492
487 505
487 521
487 529
487 538
487 542
487 559
487 566
487 575
487 614
487 617
487 622
487 636
487 640
487 643
487 651
487 659
487 664
487 665
487 680
487 1368
487 1472
487 1707
488 489
488 492
488 504
488 505
488 506
488 512
488 519
488 562
488 570
488 573
488 588
488 599
488 608
488 627
488 669
488 1356
488 1811
488 1878
489 537
489 542
489 546
489 571
489 577
489 582
489 605
489 619
489 638
489 642
489 650
489 653
489 668
489 785
490 494
490 508
490 511
490 522
490 548
490 573
490 578
490 582
490 618
490 623
490 644
490 647
490 652
490 658
490 660
490 668
490 679
491 501
491 591
491 596
491 612
491 622
491 624
491 631
491 635
491 637
491 668
491 673
491 826
491 942
491 1061
491 2050
492 496
492 515
492 518
492 520
492 529
492 531
492 538
492 565
492 573
492 588
492 592
492 593
492 645
492 668
492 797
492 864
493 502
493 506
493 520
493 522
493 527
493 548
493 555
493 565
493 585
493 606
493 621
493 628
493 702
493 963
494 549
494 591
494 597
494 611
494 628
494 656
494 670
494 806
495 496
495 506
495 513
495 528
495 543
495 578
495 581
495 605
495 629
495 651
495 654
495 672
495 674
495 677
495 691
495 885
495 1259
495 1406
495 1544
495 1646
495 1867
495 1888
496 511
496 512
496 523
496 539
496 558
496 572
496 573
496 616
496 627
496 630
496 640
496 651
496 652
496 654
496 664
496 668
496 671
496 881
496 1790
496 1816
497 512
497 521
497 552
497 564
497 607
497 609
497 616
497 619
497 636
497 640
497 647
497 659
497 680
497 1022
497 1430
497 1526
497 2015
498 500
498 536
498 543
498 559
498 562
498 576
498 605
498 627
498 629
498 1014
499 501
499 511
499 516
499 520
499 522
499 528
499 542
499 551
499 553
499 558
499 560
499 587
499 603
499 605
499 621
499 626
499 649
499 657
499 666
499 684
499 1922
500 503
500 506
500 511
500 526
500 532
500 550
500 553
500 558
500 559
500 573
500 578
500 585
500 604
500 629
500 658
500 1107
500 1263
500 1788
500 1843
501 515
501 520
501 537
501 550
501 552
501 554
501 571
501 575
501 577
501 596
501 615
501 648
501 652
501 660
501 662
501 663
501 671
501 679
501 1165
501 2050
502 539
502 584
502 592
502 608
502 622
502 641
502 669
502 1118
503 513
503 519
503 527
503 540
503 549
503 551
503 565
503 567
503 574
503 575
503 591
503 593
503 610
503 639
503 645
503 663
503 993
503 1422
503 1612
504 505
504 513
504 517
504 524
504 531
504 537
504 554
504 564
504 588
504 613
504 650
504 662
504 703
504 1267
504 1491
505 507
505 514
505 527
505 538
505 552
505 553
505 566
505 586
505 588
505 612
505 632
505 665
505 666
505 671
505 675
505 682
505 686
506 521
506 587
506 588
506 589
506 596
506 606
506 615
506 618
506 621
506 643
506 660
506 662
506 673
506 752
506 808
506 1917
507 520
507 523
507 526
507 532
507 542
507 562
507 563
507 574
507 582
507 614
507 636
507 643
507 648
507 649
507 654
507 656
507 675
507 789
507 791
507 814
507 900
507 1612
507 1678
507 1861
508 511
508 537
508 575
508 580
508 587
508 590
508 617
508 634
508 644
508 668
508 681
508 899
509 543
509 544
509 552
509 560
509 563
509 567
509 590
509 612
509 621
509 640
509 642
509 660
509 662
509 686
509 760
509 1561
509 1836
509 2037
510 583
510 611
510 612
510 624
510 640
510 648
510 665
510 670
510 675
510 1070
510 1473
511 525
511 536
511 546
511 552
511 591
511 602
511 611
511 627
511 653
511 675
511 679
511 1244
511 1310
511 1853
512 528
512 535
512 555
512 557
512 569
512 578
512 599
512 609
512 622
512 630
512 672
512 676
512 682
512 1192
512 1366
512 1661
512 1765
512 1826
513 559
513 564
513 569
513 578
513 635
513 661
513 678
514 523
514 537
514 551
514 573
514 623
514 629
514 671
514 681
514 683
514 1357
515 536
515 549
515 556
515 564
515 567
515 606
515 631
515 636
515 639
515 684
515 993
515 1077
515 1239
516 517
516 533
516 534
516 540
516 545
516 601
516 630
516 678
516 681
516 1385
516 1387
517 561
517 573
517 599
517 622
517 624
517 630
517 637
517 640
517 659
517 663
517 665
517 683
517 873
517 1020
517 1353
517 1875
518 529
518 559
518 560
518 571
518 576
518 620
518 622
518 624
518 646
518 652
518 1522
518 1524
518 1602
518 2026
519 524
519 544
519 577
519 581
519 604
519 629
519 632
519 636
519 637
519 641
519 656
519 660
519 666
519 722
519 816
519 1748
519 1998
519 2066
520 524
520 566
520 574
520 583
520 596
520 606
520 611
520 635
520 641
520 649
520 650
520 658
520 662
520 678
520 679
520 680
520 681
521 530
521 531
521 532
521 555
521 565
521 566
521 595
521 610
521 615
521 638
521 645
521 659
521 823
521 1140
521 1311
521 1658
522 528
522 549
522 567
522 583
522 585
522 587
522 588
522 600
522 635
522 650
522 652
522 663
522 683
522 787
522 1231
523 586
523 593
523 602
523 1016
524 556
524 572
524 578
524 585
524 589
524 632
524 637
524 644
524 662
524 686
524 743
524 1308
524 1333
525 533
525 540
525 551
525 627
525 628
525 637
525 641
525 659
525 681
525 1164
525 1669
526 529
526 548
526 554
526 565
526 566
526 567
526 586
526 593
526 628
526 650
526 661
526 669
526 976
526 992
526 1314
526 1361
526 1625
527 544
527 560
527 566
527 596
527 636
527 651
527 657
527 679
527 2067
528 578
528 584
528 592
528 601
528 624
528 631
528 679
528 682
528 886
528 1151
528 1257
529 556
529 567
529 580
529 586
529 612
529 629
529 641
529 648
529 662
529 670
529 681
529 685
529 1160
529 1223
529 1329
529 1838
530 540
530 542
530 554
530 557
530 559
530 569
530 578
530 582
530 588
530 590
530 605
530 609
530 623
530 640
530 652
530 663
530 665
530 666
530 668
530 679
530 681
530 983
530 1684
530 2011
531 534
531 541
531 547
531 552
531 553
531 558
531 571
531 598
531 608
531 612
531 656
531 659
531 874
531 1045
531 1780
532 549
532 577
532 595
532 632
532 635
532 644
532 648
532 656
532 681
532 684
532 1747
533 552
533 564
533 604
533 616
533 625
533 651
533 659
533 677
533 678
533 1861
533 1868
534 548
534 558
534 561
534 585
534 588
534 608
534 616
534 627
534 631
534 637
534 639
534 651
534 666
534 1808
534 2014
535 538
535 546
535 550
535 560
535 568
535 583
535 633
535 643
535 650
535 654
535 656
535 945
535 1074
535 1086
536 547
536 571
536 580
536 586
536 593
536 604
536 612
536 636
536 656
536 666
536 667
536 685
536 1114
536 1813
537 540
537 543
537 552
537 554
537 563
537 611
537 619
537 629
537 652
537 679
537 694
537 1540
538 547
538 556
538 569
538 573
538 591
538 594
538 595
538 603
538 635
538 648
538 671
538 680
538 681
538 1845
539 543
539 576
539 651
539 666
539 667
539 668
539 673
539 679
539 1394
540 556
540 573
540 587
540 589
540 592
540 593
540 618
540 634
540 637
540 650
540 655
540 667
540 682
540 942
540 1786
541 544
541 555
541 566
541 587
541 591
541 598
541 612
541 618
541 650
541 662
541 665
541 674
541 683
542 560
542 562
542 570
542 573
542 577
542 584
542 596
542 606
542 612
542 613
542 619
542 632
542 640
542 643
542 652
542 681
542 685
542 774
542 1867
542 2046
543 559
543 568
543 583
543 594
543 599
543 601
543 605
543 607
543 622
543 643
543 646
543 647
543 652
543 657
543 664
543 668
543 675
543 1272
543 1713
543 1859
544 548
544 586
544 612
544 614
544 621
544 627
544 630
544 640
544 641
544 656
544 667
544 675
544 676
544 677
544 679
544 1030
544 1036
544 1355
544 1931
545 559
545 561
545 590
545 614
545 627
545 631
545 634
545 639
545 679
545 706
545 824
545 1154
545 1363
545 2049
546 548
546 570
546 574
546 579
546 591
546 597
546 600
546 601
546 613
546 640
546 642
546 648
546 671
546 954
546 1164
546 1679
546 2005
547 580
547 604
547 618
547 619
547 649
547 676
547 829
547 1805
547 2060
548 552
548 554
548 606
548 630
548 658
548 1463
549 565
549 571
549 587
549 589
549 606
549 607
549 609
549 614
549 636
549 639
549 650
549 652
549 662
549 677
549 2019
550 579
550 588
550 638
550 649
550 651
550 678
550 1254
550 1655
551 559
551 562
551 573
551 590
551 615
551 622
551 645
551 646
551 654
551 662
551 665
551 1430
551 1558
551 2001
552 570
552 579
552 582
552 585
552 590
552 594
552 602
552 609
552 647
552 656
552 827
552 1263
552 1803
553 562
553 565
553 575
553 586
553 589
553 635
553 651
553 654
553 665
553 685
553 1634
553 1813
554 574
554 586
554 600
554 623
554 636
554 646
554 653
554 663
554 669
554 1170
554 1173
554 1189
554 1439
554 1533
555 566
555 582
555 587
555 602
555 611
555 622
555 1710
556 567
556 604
556 615
556 616
556 634
556 664
556 674
556 675
556 947
557 563
557 607
557 617
557 621
557 658
557 663
557 675
557 679
557 844
557 1243
558 564
558 566
558 567
558 571
558 572
558 573
558 602
558 609
558 611
558 625
558 631
558 638
558 647
558 648
558 674
558 807
558 901
558 1648
559 566
559 575
559 588
559 638
559 642
559 658
559 671
559 674
560 567
560 584
560 619
560 683
560 685
561 565
561 569
561 575
561 600
561 603
561 607
561 612
561 639
561 964
561 1235
562 566
562 587
562 610
562 618
562 631
562 637
562 649
562 682
562 1102
563 581
563 588
563 591
563 602
563 623
563 645
563 646
563 650
563 665
563 871
563 1553
563 1620
563 1707
563 1969
564 565
564 574
564 588
564 598
564 603
564 609
564 614
564 621
564 629
564 633
564 647
564 675
564 1107
564 1469
565 584
565 587
565 614
565 621
565 630
565 649
565 652
565 654
565 657
565 1665
566 578
566 587
566 592
566 602
566 613
566 621
566 631
566 635
566 682
566 1151
566 1249
567 568
567 592
567 607
567 608
567 619
567 627
567 654
567 880
567 1530
567 1587
567 1946
568 590
568 633
568 643
569 588
569 592
569 607
569 615
569 634
569 640
569 647
569 673
569 1554
570 611
570 623
570 639
570 651
570 652
570 677
570 1146
570 1754
570 1825
571 588
571 618
571 620
571 649
571 671
571 728
571 1001
571 1114
571 1343
571 1924
572 599
572 601
572 609
572 619
572 624
572 634
572 642
572 665
572 675
572 682
572 871
572 932
572 1884
573 584
573 585
573 603
573 609
573 610
573 611
573 616
573 622
573 624
573 630
573 645
573 677
573 681
573 682
573 685
573 883
573 1325
573 1727
573 1751
573 1772
573 2022
574 578
574 586
574 600
574 611
574 649
574 820
574 921
574 1336
574 1590
575 579
575 596
575 600
575 607
575 623
575 651
575 1951
575 1965
576 589
576 635
576 682
576 686
576 1218
577 584
577 600
577 602
577 614
577 626
577 630
577 654
577 666
577 681
577 768
577 1375
578 594
578 622
578 629
578 679
578 1714
579 582
579 588
579 597
579 599
579 628
579 631
579 642
579 645
579 646
579 651
579 667
579 669
579 686
579 1503
579 1900
580 598
580 633
580 656
580 660
580 675
580 681
580 682
580 685
580 720
580 830
580 875
580 1049
580 1379
581 582
581 592
581 602
581 614
581 625
581 639
581 650
581 670
581 676
581 934
581 991
581 1745
581 1807
582 584
582 602
582 604
582 616
582 646
582 648
582 678
582 1156
583 615
583 633
583 679
584 593
584 600
584 615
584 616
584 617
584 620
584 627
584 636
584 645
584 647
584 671
584 672
584 677
584 915
584 1076
584 1413
584 1495
584 1933
585 588
585 627
585 632
585 634
585 643
585 645
585 647
585 659
586 591
586 624
586 625
586 632
586 645
586 664
586 665
586 673
586 2064
587 625
587 640
587 642
587 650
587 660
587 684
587 1498
588 595
588 609
588 633
588 655
588 671
589 591
589 596
589 607
589 612
589 613
589 619
589 620
589 622
589 623
589 645
589 646
589 652
589 1212
589 1277
589 1303
589 1464
589 1861
590 602
590 613
590 620
590 656
590 672
590 681
590 769
590 930
590 998
590 1179
590 1599
590 2000
591 602
591 616
591 623
591 640
591 665
591 939
591 971
591 1390
591 1548
591 1864
592 605
592 611
592 626
592 678
592 1085
592 1875
593 610
593 614
593 618
593 619
593 624
593 633
593 656
593 659
593 669
593 673
593 684
593 685
593 968
593 1092
593 1242
593 1250
594 596
594 648
594 654
594 662
594 673
594 686
595 597
595 599
595 611
595 651
595 660
595 666
595 669
595 798
595 1931
596 612
596 623
596 657
596 672
596 681
596 686
596 973
596 1255
596 1732
596 1880
597 621
597 622
597 634
597 640
597 642
597 648
597 663
597 670
597 789
597 1394
598 647
598 648
598 667
599 609
599 653
599 673
599 680
599 684
599 1112
600 627
600 636
600 657
600 662
600 669
600 679
600 680
600 1575
600 1838
600 1889
601 633
601 662
601 1885
602 618
602 635
602 648
602 656
602 659
602 1068
602 1577
602 1783
603 639
603 644
603 647
603 677
603 685
603 830
603 1034
603 1229
603 1534
603 1614
603 1729
603 1793
604 621
604 622
604 631
604 643
604 654
604 683
604 1249
605 606
605 608
605 615
605 622
605 624
605 651
605 904
605 990
605 1660
606 635
606 699
606 813
607 617
607 653
607 658
607 677
607 684
607 733
607 997
607 1189
608 642
608 680
608 1897
609 638
609 644
609 651
609 656
609 1825
609 1935
610 636
610 641
610 649
610 662
610 967
610 1031
610 1322
610 1523
611 619
611 621
611 666
611 667
611 671
611 679
611 695
611 1194
611 1302
611 1393
611 1871
612 620
612 624
612 641
612 648
612 670
612 674
613 622
613 631
613 652
613 659
613 683
613 893
613 1264
613 1554
613 1788
614 629
614 643
614 656
614 665
614 669
614 677
614 686
614 930
614 948
614 1057
614 1062
614 1125
614 1855
615 616
615 624
615 646
615 659
615 660
615 680
615 684
615 769
615 1245
615 1589
616 619
616 633
616 650
616 659
616 664
616 670
616 1107
616 1591
616 1790
617 618
617 627
617 646
617 1015
618 620
618 636
618 642
618 652
618 664
618 678
618 1262
618 1890
619 622
619 623
619 652
619 656
619 661
619 666
619 885
619 987
620 633
620 660
620 664
620 670
620 672
620 1733
620 2058
621 624
621 628
621 651
621 654
621 680
621 682
621 1651
622 633
622 634
622 642
622 645
622 666
622 677
622 1177
622 1645
623 631
623 642
623 651
623 682
623 685
623 1106
623 1438
623 1508
623 1706
623 1735
623 2059
624 631
624 634
624 638
624 659
624 661
624 1519
625 637
625 639
625 647
625 685
625 1330
626 629
626 630
626 632
626 638
626 639
626 640
626 645
626 674
626 1440
627 648
627 655
627 672
627 763
628 679
628 682
628 1327
628 1443
629 643
629 644
629 654
629 671
629 675
629 819
629 881
629 1719
629 1794
630 667
630 682
630 1588
631 634
631 639
631 653
631 654
631 663
631 669
631 676
631 677
631 685
631 884
631 1429
632 634
632 636
632 651
632 652
632 682
632 1031
632 1369
632 1796
633 671
633 686
633 1343
633 1475
633 1927
633 1983
633 2001
634 637
634 653
634 661
634 711
634 1473
634 1578
634 1842
635 664
635 666
635 682
635 683
635 784
635 1584
636 661
636 673
636 681
636 821
636 853
636 857
636 1913
637 639
637 658
637 669
637 702
637 754
637 1015
637 1127
638 649
638 903
638 927
638 932
639 644
639 658
639 661
639 1169
639 1288
639 1304
639 1424
639 1455
639 1617
640 643
640 658
640 661
640 676
640 683
640 806
640 965
640 1176
640 1279
640 1501
641 671
641 672
641 674
641 683
641 685
641 960
641 1147
641 1192
642 643
642 646
642 650
642 659
642 989
643 654
643 660
643 664
643 1134
643 1253
643 1409
643 1629
644 646
644 653
644 684
644 1128
644 1364
645 682
645 1463
646 661
646 683
646 698
646 811
647 666
647 780
647 981
647 1853
648 660
648 669
648 681
648 779
648 850
648 1067
648 1702
649 657
649 674
649 675
649 682
649 860
649 2019
650 669
650 1307
650 1568
651 678
651 683
651 794
651 1506
651 1522
651 1718
651 1961
651 2001
652 672
652 673
652 676
652 679
652 1030
652 1488
652 1703
652 1802
653 655
653 660
653 1107
653 1745
653 1868
653 1914
654 829
654 1297
654 1481
654 1508
655 677
655 1028
655 1035
655 1765
655 1948
656 659
656 673
657 671
657 678
658 662
658 667
658 674
658 841
658 974
658 1138
658 1232
658 1373
658 1984
659 661
659 663
659 677
659 678
659 1061
659 1304
660 662
660 667
660 681
660 684
660 1321
661 675
661 678
661 681
661 1002
661 1397
661 1861
662 666
662 679
662 809
662 1442
662 1534
663 669
663 680
663 1189
663 1743
663 1863
664 667
664 676
664 677
664 1397
664 1504
665 669
665 674
665 676
665 678
665 683
665 686
665 1808
666 669
666 672
666 1235
666 1442
667 669
667 682
667 686
667 1235
667 1914
668 1289
669 676
669 740
669 1049
669 1254
669 2022
671 675
671 676
671 680
671 683
671 1041
671 1356
671 1525
671 1742
671 1979
671 2011
672 676
672 686
672 865
672 1588
672 2046
673 757
673 979
673 1415
673 1480
673 1753
674 1945
675 678
675 680
675 681
675 686
675 1043
675 1217
675 1676
676 682
676 724
676 1758
677 681
677 682
677 1014
677 1085
678 821
678 1022
678 1188
678 1922
679 685
679 1657
680 846
681 1040
681 1476
681 1814
682 685
682 1348
682 1705
682 1931
683 685
683 775
683 1102
683 1328
683 1749
684 772
684 1668
685 999
685 1155
686 1290
686 1490
687 694
687 723
687 728
687 737
687 742
687 744
687 757
687 766
687 767
687 770
687 780
687 790
687 798
687 808
687 822
687 834
687 847
687 868
687 907
687 1572
687 1904
688 716
688 745
688 747
688 774
688 780
688 785
688 833
688 848
688 852
688 877
688 888
688 915
688 941
688 955
689 729
689 735
689 742
689 789
689 797
689 804
689 815
689 818
689 833
689 845
689 857
689 864
689 900
689 952
689 1165
689 1839
690 696
690 721
690 755
690 757
690 763
690 791
690 819
690 851
690 856
690 876
690 1000
690 1456
690 1574
690 1708
690 2054
691 726
691 731
691 745
691 804
691 806
691 812
691 867
691 869
691 902
691 990
691 1203
691 1230
691 1388
692 704
692 723
692 741
692 755
692 759
692 776
692 782
692 803
692 806
692 809
692 817
692 863
692 865
692 870
692 898
692 900
692 909
693 702
693 724
693 732
693 744
693 761
693 769
693 783
693 802
693 803
693 832
693 836
693 856
693 857
693 859
693 860
693 886
693 1563
694 709
694 721
694 741
694 781
694 790
694 821
694 830
694 837
694 851
694 875
694 914
694 915
694 1463
694 1975
695 696
695 698
695 742
695 746
695 754
695 765
695 788
695 790
695 802
695 858
695 874
695 894
695 897
695 901
695 907
695 911
695 1617
695 1868
696 703
696 721
696 723
696 745
696 757
696 762
696 771
696 774
696 780
696 790
696 796
696 805
696 809
696 813
696 846
696 860
696 863
696 885
696 886
696 887
696 904
697 703
697 718
697 730
697 733
697 754
697 767
697 784
697 786
697 808
697 812
697 819
697 833
697 837
697 842
697 843
697 846
697 882
697 893
697 1192
697 1854
697 2033
698 724
698 728
698 754
698 779
698 783
698 800
698 814
698 861
698 890
698 899
699 704
699 707
699 717
699 722
699 732
699 755
699 767
699 795
699 829
699 832
699 866
699 869
699 886
699 907
699 1223
699 1956
700 708
700 729
700 737
700 755
700 774
700 778
700 785
700 793
700 796
700 809
700 810
700 812
700 827
700 839
700 845
700 850
700 857
700 877
700 878
700 879
700 896
700 903
700 1967
700 2005
701 709
701 710
701 766
701 776
701 798
701 838
701 841
701 858
701 1602
702 711
702 725
702 732
702 773
702 776
702 796
702 798
702 810
702 854
702 881
702 896
702 909
702 1092
702 1135
702 1456
703 713
703 718
703 729
703 747
703 748
703 755
703 759
703 767
703 782
703 809
703 810
703 820
703 827
703 838
703 841
703 849
703 851
703 865
703 867
703 872
703 873
703 884
703 910
703 1243
703 1351
703 1926
703 2063
704 716
704 726
704 734
704 738
704 741
704 756
704 757
704 758
704 765
704 768
704 797
704 832
704 833
704 835
704 836
704 872
704 873
704 874
704 893
704 897
704 904
704 1069
705 716
705 737
705 750
705 751
705 761
705 767
705 773
705 784
705 803
705 819
705 824
705 825
705 838
705 843
705 858
705 874
705 888
705 902
705 1338
705 1422
705 1967
706 720
706 726
706 734
706 778
706 788
706 790
706 817
706 842
706 849
706 879
706 891
706 902
706 908
706 1070
707 710
707 712
707 724
707 737
707 738
707 743
707 772
707 774
707 781
707 793
707 807
707 830
707 840
707 848
707 855
707 860
707 870
707 875
707 889
707 900
707 903
707 914
707 1855
708 709
708 724
708 727
708 752
708 760
708 793
708 821
708 834
708 844
708 850
708 867
708 883
708 884
708 892
708 894
709 716
709 732
709 742
709 759
709 768
709 783
709 809
709 816
709 824
709 843
709 845
709 859
709 880
709 893
709 895
709 899
709 1435
709 2042
710 730
710 733
710 734
710 741
710 748
710 749
710 777
710 784
710 791
710 822
710 843
710 849
710 851
710 868
710 897
710 899
710 909
710 1483
710 1950
710 1981
711 716
711 719
711 739
711 751
711 752
711 764
711 768
711 779
711 780
711 786
711 790
711 831
711 855
711 857
711 866
711 876
711 886
711 888
711 897
711 898
711 899
711 907
711 1672
712 753
712 756
712 767
712 783
712 826
712 830
712 843
712 865
712 879
712 892
712 902
712 1015
712 1130
712 1782
713 741
713 758
713 760
713 781
713 784
713 799
713 801
713 808
713 845
713 864
713 882
713 898
713 1121
714 743
714 748
714 758
714 783
714 798
714 807
714 819
714 826
714 843
714 875
714 883
714 901
714 1001
714 1564
714 1622
714 1873
715 727
715 735
715 751
715 760
715 763
715 830
715 843
715 847
715 855
715 860
715 863
715 871
715 1323
715 1491
715 1718
715 1746
716 764
716 778
716 790
716 803
716 805
716 809
716 822
716 848
716 854
716 872
716 886
716 1389
716 2005
717 718
717 724
717 729
717 773
717 800
717 884
717 885
717 888
717 1404
717 2011
718 724
718 730
718 731
718 741
718 744
718 763
718 771
718 773
718 793
718 800
718 808
718 820
718 825
718 830
718 834
718 863
718 865
718 866
718 870
718 881
718 883
718 888
718 905
718 1080
718 1763
718 1796
719 721
719 739
719 742
719 747
719 754
719 755
719 766
719 774
719 777
719 781
719 797
719 812
719 813
719 815
719 839
719 850
719 868
719 872
719 880
719 883
719 884
719 897
719 901
719 903
719 913
719 1339
719 1397
719 1543
719 2006
720 726
720 733
720 750
720 760
720 779
720 788
720 818
720 844
720 861
720 862
720 866
720 868
720 887
720 911
720 1005
721 723
721 728
721 740
721 746
721 750
721 756
721 773
721 797
721 799
721 815
721 821
721 823
721 829
721 833
721 843
721 874
721 886
721 888
721 893
721 909
721 910
721 1537
722 736
722 762
722 766
722 767
722 776
722 783
722 796
722 806
722 812
722 820
722 824
722 835
722 845
722 846
722 862
722 879
722 882
722 906
722 912
722 1504
722 1878
723 737
723 738
723 747
723 755
723 756
723 771
723 772
723 786
723 795
723 804
723 808
723 814
723 837
723 879
723 885
723 888
723 901
723 1068
723 1247
724 744
724 747
724 749
724 790
724 847
724 864
724 867
724 872
724 875
724 879
724 882
724 885
724 893
724 901
724 1016
725 728
725 734
725 761
725 769
725 781
725 783
725 831
725 844
725 864
725 882
725 890
725 1602
726 729
726 735
726 756
726 769
726 784
726 790
726 791
726 809
726 823
726 832
726 840
726 845
726 853
726 855
726 864
726 867
726 2036
727 735
727 742
727 751
727 755
727 766
727 768
727 770
727 778
727 784
727 799
727 814
727 823
727 827
727 855
727 862
727 863
727 875
727 878
727 914
727 1240
727 1796
727 1857
727 1903
728 743
728 746
728 757
728 777
728 818
728 822
728 826
728 827
728 830
728 832
728 861
728 891
728 902
728 904
728 914
729 732
729 741
729 783
729 805
729 806
729 814
729 824
729 826
729 827
729 832
729 854
729 875
729 878
729 886
729 1119
729 1692
729 1862
730 744
730 758
730 767
730 773
730 821
730 829
730 833
730 839
730 853
730 863
730 870
730 875
730 887
730 898
730 902
730 915
730 1074
730 1446
730 1722
730 2054
731 735
731 743
731 746
731 747
731 752
731 765
731 769
731 777
731 787
731 791
731 810
731 820
731 831
731 832
731 833
731 858
731 866
731 880
731 889
731 893
731 913
731 1337
731 1663
731 1865
732 733
732 738
732 746
732 761
732 794
732 804
732 811
732 822
732 825
732 826
732 829
732 832
732 835
732 836
732 840
732 864
732 892
732 893
732 1369
732 1644
732 1820
732 1886
733 743
733 760
733 767
733 778
733 800
733 804
733 826
733 827
733 850
733 889
733 939
733 988
733 1018
733 1493
733 1606
734 744
734 752
734 757
734 767
734 769
734 770
734 779
734 817
734 821
734 841
734 842
734 848
734 854
734 870
734 881
735 760
735 769
735 774
735 786
735 816
735 846
735 851
735 853
735 856
735 858
735 880
735 903
735 913
735 1620
735 1906
735 1938
735 1980
736 737
736 755
736 768
736 776
736 780
736 831
736 846
736 854
736 856
736 859
736 863
736 869
736 888
736 895
736 907
736 911
736 1413
736 1797
737 744
737 770
737 772
737 776
737 791
737 795
737 807
737 809
737 820
737 827
737 840
737 852
737 881
737 898
737 899
737 1094
737 1846
738 740
738 771
738 776
738 782
738 786
738 792
738 814
738 823
738 843
738 844
738 859
738 863
738 866
738 870
738 874
738 898
738 905
738 1464
738 1485
738 1552
738 1611
738 1727
738 1781
739 771
739 786
739 798
739 811
739 814
739 817
739 825
739 826
739 854
739 878
739 890
739 895
739 897
739 900
740 756
740 758
740 765
740 791
740 793
740 803
740 814
740 816
740 872
740 882
740 901
740 909
740 1407
740 1615
740 1926
741 754
741 774
741 803
741 839
741 848
741 849
741 860
741 863
741 869
741 882
741 908
741 1638
742 761
742 782
742 801
742 832
742 842
742 864
742 867
742 876
742 879
742 880
742 892
742 898
742 900
742 965
743 746
743 761
743 775
743 820
743 826
743 838
743 840
743 853
743 864
743 890
743 903
743 1323
743 1521
743 2042
744 751
744 766
744 780
744 786
744 810
744 815
744 816
744 847
744 855
744 900
744 903
744 907
744 909
744 913
744 1000
745 753
745 761
745 775
745 806
745 821
745 823
745 834
745 853
746 757
746 761
746 798
746 804
746 824
746 826
746 844
746 856
746 858
746 862
746 874
746 884
746 891
746 892
746 907
746 910
746 1026
746 1194
746 1260
746 1360
747 762
747 792
747 794
747 799
747 807
747 810
747 814
747 825
747 870
747 879
747 887
747 893
747 897
747 910
747 1158
748 761
748 792
748 796
748 802
748 828
748 830
748 836
748 841
748 853
748 855
748 859
748 863
748 864
748 1291
748 1570
748 1877
748 2034
749 777
749 779
749 780
749 786
749 800
749 803
749 806
749 808
749 811
749 819
749 881
749 891
749 899
749 1152
749 1695
749 1805
749 1909
749 1939
750 764
750 771
750 782
750 786
750 794
750 852
750 857
750 892
750 900
750 911
750 913
750 1259
750 1626
750 1969
750 1973
751 755
751 767
751 783
751 789
751 800
751 806
751 810
751 844
751 851
751 857
751 863
751 899
751 912
751 914
751 1784
751 1966
752 772
752 779
752 792
752 815
752 836
752 843
752 850
752 866
752 870
752 889
752 1738
753 756
753 853
753 861
753 879
753 890
753 911
753 998
753 1589
753 1814
754 758
754 787
754 792
754 806
754 856
754 866
754 872
754 875
754 876
754 887
754 889
754 894
754 1996
755 768
755 782
755 788
755 796
755 805
755 832
755 870
755 914
755 1003
755 1967
756 771
756 794
756 797
756 804
756 820
756 835
756 876
756 913
756 1294
756 1338
756 2037
757 762
757 774
757 789
757 830
757 833
757 835
757 842
757 852
757 863
757 867
757 874
757 887
757 894
757 908
757 1221
758 761
758 763
758 781
758 787
758 800
758 801
758 818
758 820
758 822
758 824
758 831
758 833
758 837
758 847
758 859
758 867
758 873
758 878
758 894
758 913
759 836
759 837
759 839
759 843
759 851
759 883
759 1107
760 773
760 796
760 818
760 820
760 851
760 856
760 870
760 873
760 901
760 1519
760 1840
761 763
761 770
761 795
761 820
761 821
761 826
761 836
761 856
761 866
761 880
761 944
761 1575
762 778
762 782
762 817
762 872
762 878
762 881
762 891
762 902
762 1581
762 2028
763 777
763 806
763 833
763 848
763 871
763 874
763 877
763 882
763 884
763 896
763 897
763 910
763 1113
763 1166
763 1347
763 1429
764 767
764 785
764 809
764 822
764 837
764 859
764 862
764 873
764 876
764 1142
764 1388
764 1543
765 786
765 793
765 797
765 813
765 815
765 822
765 833
765 855
765 866
765 897
765 904
765 909
765 1699
766 801
766 804
766 806
766 807
766 809
766 820
766 828
766 830
766 837
766 843
766 879
766 880
766 886
766 894
766 896
766 904
766 2064
767 770
767 804
767 818
767 823
767 827
767 838
767 851
767 855
767 870
767 871
767 884
767 898
767 899
767 1071
767 1117
767 1345
768 775
768 790
768 819
768 826
768 827
768 841
768 848
768 862
768 864
768 879
768 890
768 895
768 900
768 914
768 1112
768 1663
768 1765
769 802
769 824
769 837
769 838
769 853
769 862
769 864
769 898
769 914
769 1762
770 780
770 784
770 798
770 810
770 813
770 820
770 846
770 856
770 873
770 890
770 898
771 811
771 843
771 846
771 849
771 855
771 865
771 875
771 1102
771 1282
771 1663
771 1884
772 778
772 782
772 799
772 812
772 818
772 820
772 828
772 837
772 845
772 853
772 868
772 874
772 882
772 900
772 908
772 1832
773 778
773 822
773 853
773 858
773 866
773 869
773 894
773 900
773 1162
773 1646
774 796
774 799
774 814
774 819
774 822
774 829
774 832
774 833
774 846
774 851
774 854
774 861
774 868
774 878
774 897
774 902
774 912
774 1834
775 816
775 827
775 829
775 842
775 848
775 851
775 853
775 867
775 873
775 875
775 915
775 1451
776 780
776 783
776 786
776 808
776 814
776 836
776 840
776 846
776 861
776 869
776 895
776 1064
776 1067
776 1727
777 785
777 786
777 811
777 825
777 838
777 842
777 879
777 2057
778 814
778 835
778 860
778 882
778 890
778 900
778 1374
779 794
779 804
779 809
779 815
779 836
779 837
779 844
779 846
779 862
779 870
779 873
779 880
780 798
780 800
780 844
780 860
780 863
780 878
780 879
780 905
780 1127
780 1709
781 784
781 801
781 823
781 831
781 840
781 851
781 868
781 869
781 873
781 874
781 907
781 1001
782 813
782 831
782 834
782 837
782 864
782 884
782 885
782 888
782 899
782 908
782 1435
783 784
783 789
783 805
783 820
783 840
783 847
783 853
783 858
783 859
783 863
783 868
783 875
783 876
783 901
783 1305
783 1384
783 1486
783 1636
784 797
784 809
784 834
784 844
784 868
784 882
784 893
785 800
785 840
785 849
785 873
785 897
785 900
785 905
785 915
785 1440
785 1695
785 1802
786 791
786 805
786 806
786 808
786 820
786 850
786 867
786 869
786 895
786 899
786 925
786 1571
787 791
787 808
787 837
787 849
787 862
787 1567
787 1663
787 1756
788 794
788 802
788 834
788 860
788 867
788 887
788 898
788 907
788 1079
788 1559
788 1711
789 794
789 797
789 799
789 817
789 818
789 876
789 882
789 887
789 896
789 905
789 1101
789 1510
789 1831
789 1904
790 791
790 804
790 813
790 822
790 830
790 856
790 866
790 880
790 894
790 905
790 908
790 1027
790 1830
791 799
791 805
791 807
791 858
791 900
791 909
791 1354
791 1528
792 804
792 820
792 825
792 842
792 849
792 871
792 884
792 904
792 961
792 1415
792 1949
792 2000
793 809
793 829
793 836
793 841
793 913
793 1036
794 798
794 802
794 803
794 824
794 851
794 852
794 860
794 875
794 889
794 900
794 914
794 915
794 1078
794 1151
794 1342
794 1427
795 798
795 799
795 808
795 835
795 837
795 865
795 897
795 900
795 907
795 1902
796 802
796 813
796 818
796 824
796 858
796 886
796 892
796 904
796 909
796 1175
797 832
797 853
797 888
797 899
797 936
798 799
798 820
798 834
798 861
798 874
798 905
798 906
798 909
798 911
798 1260
798 1333
799 835
799 853
799 873
799 878
799 886
799 891
799 899
799 900
799 1711
800 809
800 817
800 849
800 864
800 877
800 896
800 907
800 1263
801 806
801 807
801 808
801 823
801 825
801 829
801 852
801 861
801 1432
802 831
802 832
802 843
802 851
802 857
802 883
802 890
802 901
802 910
802 1194
802 1324
802 1448
802 1504
802 1746
803 805
803 812
803 822
803 843
803 844
803 888
803 900
803 909
803 1979
804 824
804 833
804 838
804 843
804 870
804 885
804 894
804 906
804 1632
805 816
805 832
805 853
805 855
805 865
805 866
805 868
805 869
805 879
805 887
805 894
805 898
805 915
805 1950
805 2049
806 808
806 809
806 810
806 830
806 841
806 848
806 858
806 867
806 880
806 1850
806 1982
807 822
807 835
807 846
807 886
807 1129
807 1494
808 810
808 818
808 824
808 832
808 839
808 853
808 858
808 864
808 868
808 882
808 914
808 1400
809 838
809 843
809 868
809 875
809 877
809 885
809 886
809 893
809 897
809 907
809 1894
810 828
810 831
810 833
810 855
810 888
810 899
810 912
810 1056
811 821
811 822
811 835
811 836
811 851
811 853
811 858
811 872
811 875
811 890
811 910
811 2040
812 815
812 845
812 867
812 873
812 1817
812 1916
813 823
813 824
813 828
813 857
813 872
813 874
813 876
813 899
813 911
813 913
813 1524
813 1628
814 842
814 845
814 851
814 864
814 867
814 868
814 883
814 886
814 915
814 1407
815 824
815 827
815 830
815 838
815 845
815 851
815 859
815 860
815 871
815 907
815 1020
815 1134
815 1655
816 817
816 818
816 819
816 835
816 862
816 868
816 876
816 886
816 887
816 888
816 899
816 915
816 1039
817 830
817 834
817 841
817 845
817 856
817 873
817 883
817 898
817 899
817 905
817 1137
817 1483
818 821
818 831
818 832
818 855
818 868
818 887
818 895
818 896
818 899
818 906
819 822
819 833
819 838
819 851
819 865
819 870
819 884
819 915
819 1318
819 1399
819 1866
820 836
820 838
820 845
820 852
820 863
820 869
820 874
820 902
821 829
821 833
821 834
821 852
821 856
821 866
821 874
821 889
821 895
821 976
821 1102
821 1227
821 1290
821 2051
822 836
822 844
822 851
822 886
822 896
822 902
822 911
822 912
822 915
822 1838
823 855
823 869
823 877
823 887
823 896
823 912
823 1251
824 826
824 829
824 833
824 865
824 881
824 1570
824 1824
825 827
825 834
825 840
825 849
825 857
825 861
825 866
825 870
825 885
825 886
825 901
825 912
825 1946
826 850
826 865
826 879
826 893
826 905
826 2007
827 849
827 856
827 886
827 904
827 1306
827 1921
827 2029
828 830
828 835
828 848
828 871
828 900
828 1233
828 1238
828 1307
828 1949
829 834
829 868
829 872
829 883
829 894
829 914
829 1181
830 862
830 868
830 886
830 915
830 1575
831 842
831 856
831 883
831 892
831 897
831 911
831 913
831 1524
831 1576
831 1689
832 833
832 846
832 854
832 873
832 899
832 911
832 913
832 1183
832 2055
833 872
833 895
834 837
834 847
834 872
834 883
834 888
834 900
834 902
834 1227
834 2035
835 856
835 897
835 905
835 907
835 1771
836 840
836 861
836 885
836 886
836 889
836 901
837 841
837 852
837 871
837 878
837 894
837 902
837 903
837 1374
838 841
838 875
838 886
838 891
838 897
838 899
838 993
838 1208
838 1567
838 1607
839 855
839 859
839 863
839 888
839 889
839 909
839 912
839 1245
839 1464
840 845
840 859
840 894
840 1906
840 1951
841 853
841 875
841 876
841 884
841 901
841 903
841 910
841 2042
842 866
842 881
842 889
842 1139
842 1289
843 865
843 869
843 880
843 967
843 1372
843 1737
844 860
844 867
844 887
844 906
844 909
844 1280
845 855
845 886
845 915
845 1384
846 856
846 891
846 894
846 905
846 907
846 945
846 1453
846 1793
846 2010
847 860
847 883
847 899
847 915
847 1208
847 1528
848 852
848 866
848 869
848 872
848 877
848 882
848 886
848 899
848 1254
848 1311
848 2014
848 2036
849 971
849 1148
849 1604
850 857
850 871
850 872
850 1809
851 853
851 858
851 872
851 902
851 903
851 1490
851 1903
852 860
852 873
852 903
852 914
852 1164
852 1444
853 857
853 875
853 877
853 878
853 891
853 902
853 903
853 1899
853 1937
854 865
854 880
854 885
854 893
854 1681
854 1715
855 905
855 1130
855 1493
855 1588
856 874
856 877
856 880
856 891
856 894
857 862
857 864
857 1122
857 1185
857 1455
857 1969
857 2046
858 887
858 899
858 988
858 1300
858 1307
858 1523
858 1855
859 888
859 890
859 906
859 993
859 1380
859 1600
859 1963
860 881
862 903
862 904
862 1050
862 1142
862 1380
862 1395
863 882
863 884
863 933
863 992
863 1461
863 1469
863 1504
863 1756
864 882
864 900
864 910
865 900
865 1152
865 1613
866 871
866 882
867 870
867 889
867 896
867 903
867 906
867 1276
867 1748
867 1887
868 869
868 881
868 902
868 905
868 910
868 1052
869 871
869 892
869 899
869 910
869 1571
869 1605
869 1789
870 875
870 1563
871 876
871 913
871 1020
871 1941
872 873
872 879
872 880
872 881
872 914
872 1069
873 878
873 886
873 892
873 894
873 898
873 905
873 1329
874 898
874 1687
874 1817
875 902
875 977
875 1350
875 1692
875 1908
875 2021
876 902
876 903
876 911
876 1954
876 2057
877 882
877 1363
877 2051
878 897
878 932
878 945
878 1326
878 1611
879 882
879 896
879 897
879 904
879 906
879 915
879 1271
880 887
880 889
880 903
880 907
880 1149
880 1252
881 894
881 1664
881 1948
881 2036
882 888
882 909
882 910
882 1078
882 1204
882 1446
883 900
883 902
883 911
883 1321
883 1647
884 902
884 911
885 888
885 893
885 903
885 917
885 1657
885 1996
886 910
886 915
886 1106
886 1592
887 903
887 909
887 913
887 1458
888 894
888 1019
888 1372
888 1982
889 906
889 1953
889 2041
890 1325
890 1378
891 897
891 910
891 1226
891 1736
892 895
892 907
892 909
892 1585
893 897
893 911
893 1303
893 1514
894 910
894 1149
894 1261
894 1409
894 1657
894 1744
894 1801
894 1925
895 913
895 1902
896 904
896 915
896 1110
897 898
897 906
897 1090
897 1895
898 903
898 910
899 906
899 907
899 1047
900 903
900 1034
900 2022
900 2034
901 904
901 911
901 1619
901 1751
901 1872
901 1950
901 2011
901 2017
902 903
902 905
902 911
902 1261
903 1152
903 1243
903 1700
903 1965
903 2022
904 1521
905 910
905 915
905 928
905 934
906 908
906 1448
906 1851
906 1854
907 1368
907 1994
908 911
908 912
908 1534
909 1413
910 911
910 1035
910 1540
910 1778
912 1822
912 1967
913 915
913 1108
913 1496
913 1500
913 1873
914 1291
914 1533
915 1505
915 1929
915 1956
915 2001
916 922
916 938
916 940
916 952
916 973
916 999
916 1018
916 1031
916 1037
916 1038
916 1041
916 1066
916 1071
916 1078
916 1080
916 1085
916 1127
916 1143
916 1263
916 1345
917 933
917 970
917 973
917 986
917 1004
917 1007
917 1016
917 1036
917 1038
917 1040
917 1047
917 1060
917 1070
917 1098
917 1110
917 1115
917 1117
917 1128
917 1138
917 1322
918 928
918 942
918 979
918 985
918 1048
918 1087
918 1141
918 1142
918 1605
918 1748
918 1964
919 924
919 947
919 951
919 961
919 963
919 984
919 1016
919 1027
919 1028
919 1030
919 1041
919 1052
919 1066
919 1092
919 1103
919 1108
919 1121
919 1125
919 1129
919 1235
920 931
920 941
920 945
920 946
920 968
920 1004
920 1034
920 1041
920 1053
920 1056
920 1109
920 1112
920 1120
920 1142
921 931
921 934
921 947
921 956
921 975
921 981
921 985
921 1021
921 1054
921 1089
921 1100
921 1126
921 1129
921 1135
921 1138
921 1352
921 1353
922 927
922 946
922 948
922 972
922 979
922 1030
922 1033
922 1051
922 1078
922 1083
922 1089
922 1105
922 1107
922 1109
922 1118
922 1142
922 1224
922 1576
922 1683
923 938
923 959
923 966
923 973
923 978
923 979
923 984
923 1015
923 1017
923 1024
923 1047
923 1050
923 1076
923 1079
923 1096
923 1121
923 1422
923 1608
923 1698
923 2044
924 929
924 979
924 981
924 987
924 989
924 1000
924 1024
924 1042
924 1043
924 1053
924 1061
924 1063
924 1067
924 1077
924 1080
924 1082
924 1083
924 1088
924 1102
924 1107
924 1114
924 1124
924 1686
925 943
925 1004
925 1009
925 1024
925 1050
925 1058
925 1060
925 1068
925 1069
925 1129
925 1136
925 1137
925 1140
925 1413
926 929
926 944
926 965
926 989
926 1001
926 1009
926 1019
926 1065
926 1075
926 1076
926 1101
926 1621
927 970
927 972
927 974
927 1004
927 1005
927 1007
927 1013
927 1036
927 1041
927 1074
927 1128
927 1133
927 1138
927 1501
928 938
928 968
928 972
928 976
928 980
928 1008
928 1015
928 1034
928 1036
928 1049
928 1051
928 1053
928 1092
928 1131
928 1132
928 1882
928 2047
928 2058
929 935
929 940
929 945
929 955
929 962
929 992
929 998
929 1007
929 1044
929 1077
929 1080
929 1091
929 1112
929 1114
929 1118
929 1129
929 1135
930 931
930 952
930 974
930 990
930 1009
930 1031
930 1040
930 1048
930 1050
930 1053
930 1056
930 1062
930 1069
930 1073
930 1111
930 1116
930 1117
930 1121
930 1125
930 1135
930 1139
930 1142
931 967
931 977
931 984
931 1014
931 1025
931 1035
931 1044
931 1048
931 1050
931 1069
931 1095
931 1789
932 968
932 971
932 982
932 1041
932 1042
932 1060
932 1064
932 1069
932 1084
932 1096
932 1117
932 1118
932 1119
932 1122
932 1141
932 1303
932 1529
932 2005
933 968
933 986
933 1009
933 1015
933 1026
933 1029
933 1036
933 1038
933 1058
933 1066
933 1068
933 1090
933 1114
933 1120
933 1123
933 1131
934 941
934 974
934 998
934 1015
934 1017
934 1018
934 1031
934 1047
934 1053
934 1057
934 1082
934 1090
934 1092
934 1099
934 1130
934 1137
934 1140
934 1313
934 1722
934 1759
934 1859
935 973
935 994
935 1021
935 1026
935 1030
935 1054
935 1091
935 1095
935 1103
935 1107
935 1111
935 1135
935 1213
935 1457
936 972
936 974
936 1018
936 1041
936 1058
936 1077
936 1080
936 1083
936 1114
936 1118
936 1122
936 1127
936 1144
936 1410
936 1817
937 941
937 974
937 984
937 1000
937 1005
937 1030
937 1045
937 1054
937 1078
937 1097
937 1104
937 1140
937 1142
937 1840
937 2057
938 940
938 951
938 960
938 969
938 978
938 1008
938 1017
938 1023
938 1025
938 1030
938 1035
938 1064
938 1098
938 1111
938 1115
938 1124
938 1142
938 1144
938 1984
939 953
939 973
939 993
939 1004
939 1021
939 1033
939 1035
939 1066
939 1085
939 1126
939 1127
939 1132
939 1141
939 1143
940 948
940 981
940 982
940 993
940 1001
940 1010
940 1035
940 1046
940 1049
940 1063
940 1089
940 1095
940 1104
940 1120
940 1136
940 1218
940 1838
941 974
941 992
941 993
941 995
941 998
941 1006
941 1012
941 1032
941 1066
941 1107
941 1108
941 1115
941 1122
941 1129
941 1131
941 1135
941 1204
941 1381
941 1754
942 944
942 963
942 1000
942 1028
942 1030
942 1042
942 1053
942 1057
942 1092
942 1096
942 1120
942 1130
942 1138
942 1141
942 1982
942 2030
943 952
943 967
943 969
943 973
943 998
943 1004
943 1010
943 1023
943 1038
943 1045
943 1062
943 1071
943 1086
943 1112
943 1119
943 1131
943 1477
943 1673
943 1693
944 962
944 985
944 997
944 1007
944 1016
944 1029
944 1042
944 1045
944 1048
944 1078
944 1101
944 1102
944 1106
944 1107
944 1110
944 1113
944 1128
944 1133
944 1242
944 1543
944 1829
944 1848
944 1953
945 946
945 947
945 968
945 972
945 990
945 1003
945 1008
945 1025
945 1037
945 1041
945 1043
945 1069
945 1080
945 1091
945 1117
945 1121
945 1133
945 2058
946 958
946 973
946 982
946 1054
946 1070
946 1113
946 1122
946 1132
946 1138
946 1429
946 1687
946 1779
947 958
947 970
947 972
947 989
947 1007
947 1016
947 1047
947 1052
947 1063
947 1083
947 1093
947 1096
947 1121
947 1137
947 1542
947 1686
947 1717
947 2058
948 963
948 975
948 980
948 984
948 1004
948 1013
948 1035
948 1056
948 1074
948 1087
948 1088
948 1092
948 1100
948 1111
948 1123
948 1137
948 1139
948 1564
949 981
949 987
949 990
949 1001
949 1011
949 1017
949 1019
949 1055
949 1094
949 1104
949 1119
949 1121
949 1140
949 1141
949 1142
950 952
950 956
950 970
950 1008
950 1016
950 1048
950 1085
950 1088
950 1107
950 1129
950 1138
950 1466
951 954
951 960
951 969
951 987
951 989
951 1006
951 1009
951 1026
951 1046
951 1049
951 1102
951 1114
951 1131
951 1140
951 1377
951 1596
952 966
952 968
952 978
952 986
952 1015
952 1028
952 1043
952 1053
952 1085
952 1089
952 1096
952 1112
952 1120
952 1131
952 1138
953 956
953 962
953 1042
953 1049
953 1057
953 1060
953 1100
954 983
954 1036
954 1042
954 1048
954 1050
954 1052
954 1058
954 1076
954 1116
954 1126
954 1128
954 1137
954 1456
954 1965
955 976
955 978
955 989
955 1037
955 1086
955 1101
955 1104
955 1125
955 1834
955 1839
956 957
956 962
956 975
956 987
956 996
956 1007
956 1010
956 1013
956 1019
956 1033
956 1074
956 1092
956 1108
956 1117
956 1121
956 1137
957 964
957 965
957 978
957 1004
957 1021
957 1034
957 1035
957 1054
957 1100
957 1116
957 1125
957 1127
957 1131
957 1141
957 1294
957 1837
957 2054
958 983
958 993
958 999
958 1011
958 1056
958 1071
958 1075
958 1076
958 1086
958 1095
958 1109
958 1127
958 1136
958 1459
959 963
959 981
959 1003
959 1025
959 1031
959 1042
959 1053
959 1064
959 1091
959 1094
959 1105
959 1134
959 1137
959 1138
959 1343
959 1437
959 1783
960 966
960 970
960 973
960 1011
960 1014
960 1047
960 1058
960 1067
960 1112
960 1113
960 1119
960 1125
960 1134
960 1137
960 1142
961 974
961 981
961 987
961 999
961 1027
961 1046
961 1056
961 1057
961 1062
961 1070
961 1077
961 1078
961 1105
961 1109
961 1143
962 964
962 965
962 983
962 994
962 1010
962 1022
962 1024
962 1042
962 1044
962 1052
962 1097
962 1098
962 1104
962 1117
962 1143
962 1703
963 975
963 989
963 1021
963 1028
963 1047
963 1061
963 1068
963 1078
963 1079
963 1082
963 1095
963 1099
963 1101
963 1126
963 1168
963 1757
963 1933
964 996
964 1001
964 1036
964 1081
964 1097
964 1104
964 1107
964 1114
964 1139
964 1180
964 1447
965 968
965 982
965 991
965 993
965 997
965 1012
965 1026
965 1027
965 1035
965 1042
965 1062
965 1066
965 1070
965 1095
965 1107
965 1109
966 971
966 985
966 991
966 996
966 1008
966 1019
966 1074
966 1096
966 1108
966 1113
966 1117
966 1121
966 1137
967 973
967 983
967 994
967 1010
967 1018
967 1019
967 1030
967 1067
967 1075
967 1083
967 1100
967 1131
967 1141
967 1289
968 975
968 993
968 1004
968 1005
968 1009
968 1024
968 1043
968 1044
968 1057
968 1126
968 1127
968 1135
968 1514
968 1595
968 1692
969 973
969 976
969 981
969 1006
969 1021
969 1037
969 1040
969 1053
969 1055
969 1057
969 1093
969 1099
969 1102
969 1123
969 1131
970 1011
970 1023
970 1053
970 1080
970 1086
970 1090
970 1113
970 1118
970 1141
970 1675
970 2055
971 977
971 980
971 984
971 986
971 992
971 1003
971 1014
971 1024
971 1035
971 1055
971 1078
971 1099
971 1104
971 1125
971 1360
971 1820
971 2063
972 977
972 989
972 1012
972 1014
972 1046
972 1055
972 1073
972 1077
972 1097
972 1111
972 1116
972 1280
972 1341
972 1446
972 1641
972 1651
973 988
973 998
973 1003
973 1023
973 1039
973 1050
973 1055
973 1062
973 1066
973 1073
973 1076
973 1077
973 1085
973 1101
973 1104
973 1115
973 1139
973 1432
973 1558
974 989
974 998
974 1005
974 1008
974 1039
974 1048
974 1050
974 1077
974 1083
974 1094
974 1097
974 1101
974 1104
974 1118
974 1130
974 1137
974 1300
974 1570
974 2004
975 1012
975 1017
975 1069
975 1078
975 1094
975 1124
975 1131
975 1144
975 1467
976 984
976 1004
976 1014
976 1033
976 1045
976 1047
976 1052
976 1066
976 1092
976 1107
976 1124
976 1128
976 1139
976 1140
976 1747
976 1818
976 1925
977 987
977 990
977 995
977 1009
977 1014
977 1019
977 1022
977 1052
977 1061
977 1065
977 1074
977 1090
977 1100
977 1106
977 1109
977 1116
977 1122
977 1130
977 1137
977 1293
977 1856
977 1869
978 981
978 1035
978 1039
978 1046
978 1062
978 1075
978 1080
978 1090
978 1108
978 1123
978 1446
979 998
979 1012
979 1026
979 1033
979 1038
979 1044
979 1046
979 1049
979 1051
979 1084
979 1098
979 1125
979 1128
979 1132
980 1040
980 1049
980 1055
980 1067
980 1076
980 1080
980 1092
980 1095
980 1104
980 1119
981 982
981 1012
981 1020
981 1021
981 1023
981 1037
981 1040
981 1045
981 1047
981 1080
981 1113
981 1138
982 1005
982 1018
982 1034
982 1049
982 1053
982 1057
982 1061
982 1083
982 1084
982 1098
982 1106
982 1110
982 1210
982 1732
983 987
983 993
983 995
983 1000
983 1006
983 1046
983 1067
983 1068
983 1080
983 1081
983 1091
983 1103
983 1114
983 1137
983 1884
984 1001
984 1010
984 1032
984 1057
984 1071
984 1079
984 1097
984 1115
984 1127
984 1131
984 1132
984 1135
984 1142
984 1790
985 999
985 1010
985 1023
985 1027
985 1032
985 1051
985 1056
985 1068
985 1076
985 1109
985 1119
985 1137
985 1253
985 1318
985 1852
986 991
986 1007
986 1008
986 1021
986 1024
986 1034
986 1041
986 1067
986 1081
986 1085
986 1089
986 1099
986 1111
986 1302
986 1360
986 1662
987 989
987 994
987 1005
987 1012
987 1013
987 1022
987 1026
987 1083
987 1085
987 1097
987 1101
987 1102
987 1109
987 1111
987 1117
987 1125
987 1132
987 1139
987 1143
987 1246
987 2001
988 992
988 994
988 996
988 999
988 1002
988 1008
988 1021
988 1035
988 1044
988 1048
988 1076
988 1077
988 1078
988 1080
988 1093
988 1121
988 1123
988 1125
988 1126
988 1135
989 996
989 1001
989 1036
989 1059
989 1061
989 1064
989 1079
989 1083
989 1096
989 1099
989 1116
989 1134
989 1174
989 1566
989 1701
990 998
990 1005
990 1014
990 1015
990 1042
990 1048
990 1051
990 1052
990 1053
990 1076
990 1077
990 1082
990 1092
990 1101
990 1102
990 1116
990 1127
990 1307
990 1313
990 1323
990 1742
990 1865
991 998
991 1000
991 1009
991 1021
991 1032
991 1045
991 1084
991 1118
991 1128
992 1006
992 1024
992 1026
992 1037
992 1045
992 1089
992 1098
992 1102
992 1122
992 1140
992 1144
992 1992
993 1001
993 1030
993 1036
993 1054
993 1078
993 1109
993 1114
993 1117
993 1167
994 995
994 996
994 1002
994 1004
994 1037
994 1055
994 1062
994 1079
994 1084
994 1123
994 1125
994 1144
994 1521
994 1786
995 1019
995 1029
995 1033
995 1035
995 1037
995 1065
995 1067
995 1071
995 1089
995 1097
995 1116
995 1125
995 1127
995 1295
995 1321
995 1740
995 1912
995 2055
996 1006
996 1011
996 1016
996 1022
996 1053
996 1061
996 1062
996 1080
996 1113
996 1120
996 1142
996 1462
996 1767
997 1013
997 1016
997 1020
997 1031
997 1048
997 1050
997 1052
997 1057
997 1068
997 1073
997 1091
997 1095
997 1104
997 1138
997 1706
998 1009
998 1010
998 1018
998 1020
998 1028
998 1031
998 1035
998 1052
998 1073
998 1077
998 1119
998 1129
998 1244
998 1445
998 1646
998 1847
999 1006
999 1028
999 1039
999 1042
999 1050
999 1051
999 1058
999 1067
999 1068
999 1120
999 1128
999 1138
999 1702
999 1736
1000 1010
1000 1014
1000 1039
1000 1047
1000 1049
1000 1060
1000 1066
1000 1091
1000 1099
1000 1130
1000 1135
1000 1371
1000 2008
1001 1033
1001 1035
1001 1048
1001 1061
1001 1070
1001 1075
1001 1090
1001 1097
1001 1135
1001 1292
1001 1644
1001 1713
1001 1963
1001 1985
1002 1050
1002 1069
1002 1095
1002 1101
1002 1104
1002 1110
1002 1113
1002 1121
1002 1124
1002 1397
1002 1493
1002 1853
1003 1016
1003 1024
1003 1026
1003 1032
1003 1038
1003 1056
1003 1065
1003 1068
1003 1070
1003 1084
1003 1091
1003 1116
1003 1132
1003 1670
1003 1702
1003 1709
1003 1967
1004 1039
1004 1041
1004 1045
1004 1046
1004 1053
1004 1064
1004 1071
1004 1076
1004 1084
1004 1106
1004 1110
1004 1115
1004 1126
1004 1135
1004 1311
1004 1706
1005 1009
1005 1018
1005 1060
1005 1070
1005 1076
1005 1077
1005 1109
1005 1122
1005 1213
1006 1015
1006 1024
1006 1031
1006 1041
1006 1047
1006 1049
1006 1061
1006 1098
1006 1102
1006 1104
1006 1119
1006 1128
1006 1144
1006 1705
1007 1060
1007 1072
1007 1083
1007 1088
1007 1089
1007 1141
1007 1144
1007 1714
1008 1017
1008 1026
1008 1047
1008 1060
1008 1068
1008 1079
1008 1104
1008 1792
1008 1908
1009 1022
1009 1074
1009 1088
1009 1091
1009 1103
1009 1129
1009 1964
1010 1031
1010 1038
1010 1039
1010 1040
1010 1043
1010 1059
1010 1068
1010 1070
1010 1074
1010 1081
1010 1083
1010 1090
1010 1091
1010 1110
1010 1127
1010 1135
1010 1144
1010 1941
1011 1018
1011 1042
1011 1049
1011 1051
1011 1058
1011 1086
1011 1098
1011 1102
1011 1111
1011 1265
1011 1306
1011 1563
1012 1028
1012 1037
1012 1064
1012 1092
1012 1107
1012 1115
1012 1118
1012 1119
1012 1136
1013 1014
1013 1018
1013 1039
1013 1053
1013 1058
1013 1080
1013 1081
1013 1102
1013 1108
1013 1122
1013 1126
1013 1484
1013 1518
1013 1698
1014 1024
1014 1029
1014 1049
1014 1065
1014 1070
1014 1113
1014 1118
1014 1134
1014 1295
1014 1403
1015 1035
1015 1040
1015 1052
1015 1077
1015 1108
1015 1980
1016 1043
1016 1074
1016 1079
1016 1099
1016 1105
1016 1114
1016 1130
1016 1141
1016 1143
1016 1695
1016 1781
1016 2063
1017 1031
1017 1057
1017 1060
1017 1107
1017 1112
1017 1124
1017 1144
1017 1311
1017 1369
1018 1020
1018 1032
1018 1033
1018 1035
1018 1075
1018 1109
1018 1829
1019 1046
1019 1057
1019 1066
1019 1079
1019 1098
1019 1127
1019 1141
1019 1267
1019 1301
1020 1037
1020 1048
1020 1058
1020 1070
1020 1097
1020 1108
1020 1783
1020 1862
1021 1033
1021 1059
1021 1074
1021 1086
1021 1087
1021 1123
1021 1188
1021 1976
1022 1027
1022 1040
1022 1059
1022 1079
1022 1081
1022 1085
1022 1105
1022 1106
1022 1122
1022 1123
1022 1124
1022 1134
1022 1142
1022 1455
1022 1528
1022 1877
1022 1929
1023 1029
1023 1043
1023 1060
1023 1061
1023 1065
1023 1086
1023 1087
1023 1092
1023 1126
1023 1127
1023 1128
1023 1132
1023 1761
1023 1824
1024 1032
1024 1043
1024 1053
1024 1058
1024 1098
1024 1101
1024 1118
1024 1128
1024 1326
1024 1437
1024 1836
1024 2037
1025 1077
1025 1088
1025 1089
1025 1118
1025 1123
1025 1132
1025 1134
1025 1135
1025 1140
1026 1032
1026 1033
1026 1050
1026 1051
1026 1064
1026 1076
1026 1080
1026 1104
1026 1122
1026 1128
1026 1129
1026 1536
1026 1728
1027 1044
1027 1051
1027 1052
1027 1054
1027 1060
1027 1085
1027 1086
1027 1088
1027 1102
1027 1108
1027 1135
1027 1853
1028 1049
1028 1075
1028 1081
1028 1083
1028 1089
1028 1090
1028 1098
1028 1100
1028 1104
1028 1111
1028 1125
1028 1141
1029 1030
1029 1033
1029 1067
1029 1081
1029 1088
1029 1093
1029 1100
1029 1105
1030 1037
1030 1101
1030 1108
1030 1126
1030 1131
1030 1599
1030 1820
1030 2062
1031 1048
1031 1057
1031 1061
1031 1071
1031 1092
1031 1100
1031 1123
1031 1130
1031 1142
1031 1143
1031 1490
1031 2051
1032 1048
1032 1052
1032 1059
1032 1074
1032 1077
1032 1141
1032 1798
1033 1043
1033 1053
1033 1065
1033 1083
1033 1108
1033 1117
1033 1122
1033 1204
1033 1622
1034 1051
1034 1053
1034 1078
1034 1081
1034 1115
1034 1129
1035 1062
1035 1065
1035 1077
1035 1092
1035 1104
1035 1108
1035 1120
1035 1124
1035 1125
1035 1130
1035 1143
1036 1053
1036 1059
1036 1068
1036 1076
1036 1094
1036 1099
1036 1104
1036 1106
1036 1107
1036 1768
1037 1042
1037 1045
1037 1079
1037 1084
1037 1087
1037 1090
1037 1120
1038 1048
1038 1064
1038 1079
1038 1197
1038 1310
1038 1407
1038 1469
1039 1052
1039 1059
1039 1063
1039 1073
1039 1076
1039 1089
1039 1097
1039 1111
1039 1118
1039 1123
1039 1136
1039 1435
1040 1068
1040 1071
1040 1098
1040 1109
1040 1114
1041 1057
1041 1059
1041 1066
1041 1070
1041 1075
1041 1093
1041 1105
1041 1116
1042 1054
1042 1057
1042 1062
1042 1064
1042 1100
1042 1105
1042 1112
1042 1116
1042 1287
1042 1532
1042 1597
1042 1668
1042 2045
1043 1045
1043 1046
1043 1058
1043 1064
1043 1067
1043 1098
1043 1099
1043 1103
1043 1112
1043 1141
1043 1150
1043 1213
1043 1253
1043 1720
1044 1046
1044 1047
1044 1048
1044 1058
1044 1060
1044 1131
1044 1142
1044 1546
1045 1056
1045 1062
1045 1074
1045 1087
1045 1091
1045 1098
1045 1099
1045 1118
1045 1123
1045 1142
1046 1074
1046 1093
1046 1112
1046 1117
1046 1120
1046 1141
1046 1800
1046 1917
1047 1081
1047 1086
1047 1103
1047 1112
1047 1115
1047 1118
1047 1647
1048 1060
1048 1065
1048 1107
1048 1127
1048 1135
1048 1138
1048 1146
1049 1120
1049 1122
1050 1059
1050 1072
1050 1080
1050 1091
1050 1114
1050 1130
1050 1143
1050 1235
1050 1352
1051 1066
1051 1085
1051 1103
1051 1113
1051 1117
1051 1134
1051 1139
1051 1159
1051 1311
1051 1375
1051 1407
1051 1493
1052 1062
1052 1095
1052 1108
1052 1115
1052 1125
1053 1078
1053 1143
1053 1356
1053 1432
1054 1059
1054 1064
1054 1070
1054 1076
1054 1094
1054 1114
1054 1118
1054 1392
1054 2006
1055 1061
1055 1110
1055 1112
1055 1117
1055 1128
1055 1232
1056 1079
1056 1090
1056 1114
1056 1119
1056 1960
1057 1059
1057 1074
1057 1076
1057 1089
1057 1921
1058 1068
1058 1073
1058 1074
1058 1101
1058 1115
1058 1388
1058 1896
1058 1971
1058 1997
1058 2040
1059 1064
1059 1078
1059 1089
1059 1107
1059 1112
1059 1119
1059 1120
1060 1072
1060 1119
1060 1126
1060 1778
1061 1064
1061 1103
1062 1064
1062 1069
1062 1086
1062 1095
1062 1100
1062 1126
1062 1131
1062 1144
1062 1199
1063 1098
1063 1108
1063 1136
1063 1137
1063 1472
1064 1080
1064 1092
1064 1105
1064 1108
1064 1122
1064 1134
1064 1140
1064 1435
1065 1070
1065 1073
1065 1075
1065 1103
1065 1111
1065 1119
1065 1129
1065 1921
1065 2003
1066 1085
1066 1089
1066 1133
1066 1136
1066 1138
1066 1179
1066 1585
1066 1595
1067 1070
1067 1075
1067 1078
1067 1098
1067 1099
1067 1116
1067 1142
1067 1323
1067 1383
1068 1077
1068 1099
1068 1106
1068 1118
1068 1122
1068 1126
1068 1133
1068 1135
1069 1076
1069 1078
1069 1093
1069 1100
1069 1103
1069 1105
1069 1120
1069 1129
1069 1132
1069 1313
1070 1071
1070 1099
1070 1334
1070 1652
1070 1700
1070 1892
1071 1088
1071 1095
1071 1133
1071 1139
1071 1143
1071 1508
1072 1123
1072 1126
1072 1793
1073 1084
1073 1085
1073 1099
1073 1126
1073 1134
1073 1137
1073 1144
1073 1616
1073 1949
1074 1085
1074 1100
1074 1108
1074 1133
1074 1142
1074 1677
1074 1879
1074 1933
1075 1094
1075 1137
1075 1139
1076 1108
1076 1113
1076 1118
1076 1137
1076 1138
1077 1085
1077 1086
1077 1087
1077 1106
1077 1151
1077 1213
1077 1719
1078 1079
1078 1093
1078 1098
1078 1108
1079 1089
1079 1119
1079 1120
1079 1134
1079 1727
1080 1081
1080 1091
1080 1102
1080 1116
1080 1124
1080 1130
1080 1444
1081 1083
1081 1089
1081 1098
1081 1119
1081 1138
1081 1142
1081 1441
1081 1946
1081 2065
1082 1085
1082 1116
1082 1118
1082 1134
1082 1629
1083 1118
1083 1133
1083 1140
1084 1088
1084 1093
1084 1095
1084 1127
1084 1128
1085 1087
1085 1095
1085 1112
1085 1125
1085 1131
1085 1138
1085 1142
1086 1095
1086 1099
1086 1100
1086 1126
1086 1127
1086 1133
1086 1976
1087 1090
1087 1093
1087 1106
1087 1119
1087 1120
1088 1111
1088 1120
1088 1630
1089 1092
1089 1123
1089 1124
1089 1131
1089 1134
1089 1441
1089 1484
1090 1093
1090 1107
1090 1129
1090 1571
1091 1095
1091 1107
1091 1117
1091 1133
1091 1551
1092 1103
1092 1115
1092 1128
1092 1217
1092 1636
1092 1673
1093 1100
1093 1124
1093 1126
1093 1143
1093 1828
1094 1105
1094 1127
1094 1246
1094 1247
1094 1630
1095 1097
1095 1105
1095 1111
1095 1135
1095 1140
1095 1141
1095 1553
1096 1098
1096 1100
1096 1136
1096 2039
1097 1104
1097 1111
1097 1124
1097 1128
1097 1142
1097 1188
1097 1427
1097 1899
1097 1956
1098 1591
1098 1640
1098 1804
1098 1843
1099 1115
1099 1120
1099 1136
1099 1139
1099 1143
1099 1144
1099 1161
1099 1171
1099 1601
1100 1119
1100 1136
1101 1117
1101 1118
1101 1126
1101 1131
1102 1104
1102 1119
1102 1133
1102 1577
1102 1793
1102 1885
1102 1951
1102 2048
1103 1106
1103 1127
1103 1322
1103 1432
1104 1109
1104 1122
1105 1113
1105 1797
1106 1238
1107 1111
1107 1115
1107 1122
1107 1380
1108 1137
1109 1118
1109 1126
1109 1129
1109 1849
1110 1113
1110 1120
1110 1133
1110 1227
1110 1248
1110 1757
1111 1115
1111 1122
1111 1140
1111 1143
1111 1892
1112 1118
1112 1126
1112 1293
1113 1126
1113 1129
1113 1131
1113 1143
1113 1295
1114 1352
1115 1116
1115 1131
1115 1139
1116 1125
1116 1132
1116 1141
1116 1322
1116 1629
1117 1124
1117 1135
1117 1207
1117 1547
1117 1727
1118 1467
1118 1965
1119 1131
1119 1281
1120 1126
1120 1138
1120 1503
1121 1135
1121 1136
1121 1138
1121 1525
1121 1941
1122 1131
1123 1124
1123 1128
1123 1135
1123 1370
1124 1126
1124 1130
1124 1142
1124 1893
1124 2057
1125 1126
1125 1141
1126 1127
1126 1198
1126 1272
1127 1644
1127 1845
1127 1966
1127 2028
1128 1132
1128 1133
1128 1234
1128 1552
1130 1132
1130 1140
1130 1191
1130 1595
1130 1744
1131 1132
1131 1140
1131 1481
1131 1910
1132 2028
1133 1313
1134 1136
1134 1138
1134 1989
1135 1212
1135 1730
1135 1806
1135 2008
1136 1176
1136 1223
1136 1262
1136 1373
1136 1764
1137 1703
1138 1231
1138 1271
1138 1521
1138 2017
1139 1236
1139 1577
1139 1797
1139 1963
1142 1288
1142 1537
1143 1505
1143 1812
1144 1928
1145 1151
1145 1167
1145 1171
1145 1183
1145 1184
1145 1187
1145 1190
1145 1194
1145 1220
1145 1238
1145 1244
1145 1250
1145 1251
1145 1293
1145 1318
1145 1363
1145 1369
1146 1153
1146 1163
1146 1181
1146 1185
1146 1191
1146 1198
1146 1216
1146 1223
1146 1226
1146 1229
1146 1252
1146 1254
1146 1256
1146 1267
1146 1273
1146 1275
1146 1278
1146 1285
1146 1287
1146 1289
1146 1291
1146 1307
1146 1318
1146 1342
1146 1351
1146 1562
1146 1657
1146 1833
1147 1155
1147 1172
1147 1178
1147 1180
1147 1198
1147 1199
1147 1213
1147 1261
1147 1265
1147 1290
1147 1292
1147 1302
1147 1304
1147 1320
1147 1325
1147 1327
1147 1336
1147 1342
1147 1347
1148 1154
1148 1156
1148 1166
1148 1176
1148 1179
1148 1197
1148 1213
1148 1228
1148 1233
1148 1234
1148 1250
1148 1255
1148 1263
1148 1266
1148 1268
1148 1273
1148 1296
1148 1315
1148 1318
1148 1346
1148 1360
1148 1925
1149 1150
1149 1158
1149 1166
1149 1172
1149 1186
1149 1192
1149 1193
1149 1205
1149 1221
1149 1223
1149 1274
1149 1281
1149 1285
1149 1322
1149 1359
1150 1156
1150 1157
1150 1203
1150 1204
1150 1220
1150 1228
1150 1255
1150 1271
1150 1277
1150 1290
1150 1306
1150 1319
1150 1333
1150 1342
1150 1356
1150 1826
1151 1168
1151 1190
1151 1204
1151 1210
1151 1235
1151 1306
1151 1307
1151 1322
1151 1339
1151 1719
1151 1735
1151 1744
1151 1822
1152 1168
1152 1193
1152 1200
1152 1208
1152 1234
1152 1288
1152 1298
1152 1310
1152 1324
1152 1340
1152 1364
1152 1365
1152 1705
1153 1166
1153 1168
1153 1169
1153 1194
1153 1200
1153 1201
1153 1214
1153 1218
1153 1223
1153 1264
1153 1266
1153 1272
1153 1273
1153 1285
1153 1286
1153 1292
1153 1294
1153 1300
1153 1315
1153 1337
1153 1347
1153 1350
1153 1651
1153 1866
1154 1159
1154 1178
1154 1215
1154 1232
1154 1239
1154 1283
1154 1290
1154 1295
1154 1326
1154 1331
1154 1347
1154 1350
1154 1351
1154 1365
1154 1369
1155 1157
1155 1163
1155 1182
1155 1216
1155 1230
1155 1233
1155 1245
1155 1255
1155 1294
1155 1301
1155 1303
1155 1312
1155 1330
1155 1332
1155 1335
1155 1347
1155 1348
1155 1350
1155 1358
1155 1362
1155 1370
1155 1419
1155 1508
1155 1794
1156 1203
1156 1210
1156 1215
1156 1233
1156 1242
1156 1250
1156 1263
1156 1283
1156 1302
1156 1337
1156 1348
1156 1359
1156 1360
1156 1363
1156 1682
1157 1182
1157 1184
1157 1188
1157 1208
1157 1210
1157 1230
1157 1244
1157 1245
1157 1289
1157 1302
1157 1328
1157 1348
1157 1428
1157 1980
1158 1177
1158 1178
1158 1187
1158 1188
1158 1191
1158 1215
1158 1238
1158 1278
1158 1332
1158 1344
1158 1373
1159 1175
1159 1195
1159 1197
1159 1213
1159 1218
1159 1225
1159 1233
1159 1237
1159 1239
1159 1240
1159 1249
1159 1275
1159 1305
1159 1309
1159 1316
1159 1320
1159 1345
1160 1165
1160 1168
1160 1178
1160 1181
1160 1184
1160 1187
1160 1191
1160 1218
1160 1220
1160 1229
1160 1245
1160 1266
1160 1270
1160 1276
1160 1290
1160 1297
1160 1308
1160 1337
1160 1344
1160 1345
1160 1355
1160 1357
1160 1358
1160 1372
1161 1163
1161 1174
1161 1179
1161 1194
1161 1204
1161 1206
1161 1235
1161 1242
1161 1255
1161 1266
1161 1286
1161 1310
1161 1337
1161 1340
1161 1359
1161 1364
1161 1652
1162 1174
1162 1201
1162 1203
1162 1209
1162 1217
1162 1237
1162 1242
1162 1291
1162 1306
1162 1316
1162 1337
1162 1359
1162 1364
1162 1365
1163 1174
1163 1222
1163 1262
1163 1294
1163 1300
1163 1310
1163 1312
1163 1318
1163 1325
1163 1335
1164 1218
1164 1232
1164 1245
1164 1258
1164 1313
1164 1316
1164 1318
1164 1324
1164 1354
1164 1422
1165 1174
1165 1188
1165 1208
1165 1221
1165 1236
1165 1273
1165 1279
1165 1291
1165 1303
1165 1347
1165 1349
1165 1455
1165 2014
1166 1170
1166 1171
1166 1174
1166 1187
1166 1195
1166 1218
1166 1238
1166 1249
1166 1253
1166 1267
1166 1268
1166 1276
1166 1278
1166 1301
1166 1305
1166 1306
1166 1318
1166 1325
1166 1344
1166 1346
1166 1361
1166 1372
1166 1445
1166 1528
1167 1171
1167 1189
1167 1194
1167 1195
1167 1208
1167 1245
1167 1292
1167 1306
1167 1307
1167 1308
1167 1319
1167 1323
1167 1335
1167 1356
1167 1363
1167 1818
1168 1171
1168 1172
1168 1178
1168 1180
1168 1205
1168 1209
1168 1224
1168 1255
1168 1266
1168 1268
1168 1280
1168 1307
1168 1308
1168 1352
1168 1356
1168 1357
1168 1368
1168 1516
1168 1815
1169 1173
1169 1198
1169 1210
1169 1229
1169 1232
1169 1246
1169 1260
1169 1286
1169 1292
1169 1347
1169 1358
1169 1362
1169 1823
1170 1177
1170 1184
1170 1202
1170 1220
1170 1230
1170 1238
1170 1249
1170 1256
1170 1263
1170 1333
1170 1344
1170 1368
1170 1369
1170 1371
1170 1747
1171 1193
1171 1195
1171 1223
1171 1224
1171 1234
1171 1236
1171 1271
1171 1281
1171 1283
1171 1286
1171 1305
1171 1332
1171 1340
1171 1589
1171 1648
1171 1789
1171 2004
1171 2016
1172 1175
1172 1183
1172 1200
1172 1227
1172 1232
1172 1249
1172 1264
1172 1280
1172 1284
1172 1304
1172 1314
1172 1334
1172 1342
1172 1353
1172 1362
1173 1202
1173 1233
1173 1236
1173 1276
1173 1298
1173 1310
1173 1319
1173 1325
1173 1330
1173 1331
1173 1348
1173 1350
1173 1988
1174 1223
1174 1233
1174 1246
1174 1247
1174 1259
1174 1268
1174 1336
1174 1353
1174 1570
1175 1200
1175 1216
1175 1230
1175 1326
1175 1333
1175 1344
1175 1349
1175 1371
1175 2004
1176 1194
1176 1195
1176 1196
1176 1209
1176 1212
1176 1218
1176 1223
1176 1225
1176 1228
1176 1234
1176 1239
1176 1242
1176 1270
1176 1278
1176 1290
1176 1300
1176 1306
1176 1326
1176 1327
1176 1329
1176 1366
1176 1552
1177 1196
1177 1206
1177 1226
1177 1227
1177 1254
1177 1272
1177 1281
1177 1301
1177 1311
1177 1312
1177 1337
1177 1342
1177 1347
1177 1357
1177 1370
1177 1692
1178 1190
1178 1197
1178 1227
1178 1235
1178 1240
1178 1242
1178 1272
1178 1285
1178 1311
1178 1313
1178 1317
1178 1324
1178 1330
1178 1352
1178 1358
1178 1361
1178 1369
1178 1370
1178 1437
1178 1556
1178 1860
1179 1180
1179 1208
1179 1210
1179 1221
1179 1240
1179 1244
1179 1245
1179 1249
1179 1260
1179 1291
1179 1299
1179 1313
1179 1315
1179 1344
1179 1345
1179 1352
1180 1192
1180 1212
1180 1219
1180 1221
1180 1223
1180 1228
1180 1250
1180 1286
1180 1316
1180 1338
1180 1345
1180 1348
1180 1356
1180 1366
1180 1372
1180 1373
1180 1575
1180 1637
1180 1752
1181 1185
1181 1197
1181 1208
1181 1229
1181 1230
1181 1246
1181 1249
1181 1286
1181 1293
1181 1296
1181 1310
1181 1324
1181 1352
1181 1358
1181 1364
1181 1573
1181 2029
1182 1186
1182 1213
1182 1222
1182 1233
1182 1238
1182 1255
1182 1258
1182 1270
1182 1271
1182 1288
1182 1291
1182 1338
1182 1345
1182 1350
1182 1351
1182 1360
1182 1366
1182 1924
1183 1186
1183 1203
1183 1225
1183 1271
1183 1300
1183 1316
1183 1321
1183 1341
1183 1342
1183 1362
1183 1366
1183 1592
1183 2017
1184 1228
1184 1230
1184 1231
1184 1250
1184 1260
1184 1263
1184 1265
1184 1269
1184 1276
1184 1284
1184 1289
1184 1299
1184 1300
1184 1307
1184 1325
1184 1341
1184 1343
1184 1345
1184 1350
1184 1370
1185 1215
1185 1221
1185 1223
1185 1232
1185 1233
1185 1234
1185 1265
1185 1266
1185 1274
1185 1284
1185 1347
1185 1369
1185 1641
1186 1224
1186 1226
1186 1241
1186 1244
1186 1260
1186 1263
1186 1264
1186 1281
1186 1285
1186 1314
1186 1337
1186 1356
1186 1882
1187 1194
1187 1223
1187 1230
1187 1253
1187 1259
1187 1261
1187 1269
1187 1280
1187 1300
1187 1301
1187 1318
1187 1319
1187 1321
1187 1346
1188 1191
1188 1209
1188 1275
1188 1292
1188 1315
1188 1319
1188 1323
1188 1324
1188 1329
1188 1368
1188 1521
1189 1192
1189 1215
1189 1218
1189 1251
1189 1278
1189 1298
1189 1303
1189 1317
1189 1318
1189 1320
1189 1323
1189 1326
1189 1338
1189 1369
1189 1371
1189 1702
1189 1877
1190 1198
1190 1210
1190 1226
1190 1243
1190 1244
1190 1254
1190 1279
1190 1313
1190 1324
1190 1339
1190 1343
1190 1367
1190 1687
1191 1206
1191 1212
1191 1229
1191 1255
1191 1258
1191 1271
1191 1274
1191 1293
1191 1303
1191 1310
1191 1312
1191 1334
1191 1344
1191 1349
1191 1359
1191 1628
1191 2034
1192 1201
1192 1204
1192 1227
1192 1230
1192 1242
1192 1285
1192 1306
1192 1318
1192 1319
1192 1327
1192 1359
1192 1361
1193 1205
1193 1208
1193 1209
1193 1216
1193 1219
1193 1240
1193 1277
1193 1296
1193 1314
1193 1328
1193 1332
1193 1333
1193 1356
1193 1363
1193 1519
1193 1580
1194 1201
1194 1205
1194 1210
1194 1223
1194 1229
1194 1231
1194 1246
1194 1273
1194 1284
1194 1287
1194 1292
1194 1324
1194 1329
1194 1336
1194 1340
1194 1345
1194 1352
1194 1353
1194 1359
1194 1368
1194 1405
1195 1198
1195 1200
1195 1211
1195 1212
1195 1223
1195 1250
1195 1269
1195 1285
1195 1288
1195 1290
1195 1301
1195 1303
1195 1341
1195 1358
1195 1372
1196 1200
1196 1247
1196 1280
1196 1321
1196 1330
1196 1331
1196 1346
1196 1355
1196 1369
1196 1372
1197 1201
1197 1221
1197 1222
1197 1227
1197 1232
1197 1235
1197 1237
1197 1245
1197 1249
1197 1281
1197 1292
1197 1295
1197 1300
1197 1318
1197 1347
1197 1353
1197 1362
1198 1221
1198 1250
1198 1281
1198 1341
1198 1344
1198 1370
1198 1518
1199 1212
1199 1226
1199 1245
1199 1252
1199 1299
1199 1331
1199 1360
1199 1363
1199 1369
1199 1416
1200 1250
1200 1254
1200 1261
1200 1263
1200 1268
1200 1269
1200 1275
1200 1276
1200 1277
1200 1280
1200 1298
1200 1315
1200 1333
1200 1350
1200 1356
1200 1359
1201 1202
1201 1212
1201 1223
1201 1242
1201 1259
1201 1260
1201 1276
1201 1278
1201 1296
1201 1314
1201 1335
1201 1823
1202 1235
1202 1237
1202 1238
1202 1243
1202 1263
1202 1273
1202 1276
1202 1294
1202 1295
1202 1357
1202 1612
1202 2047
1203 1210
1203 1265
1203 1274
1203 1275
1203 1334
1203 1336
1203 1347
1203 1348
1203 1352
1203 1361
1203 1366
1203 1749
1204 1217
1204 1223
1204 1229
1204 1268
1204 1269
1204 1274
1204 1285
1204 1292
1204 1300
1204 1311
1204 1330
1204 1342
1204 1362
1204 1364
1204 1370
1204 1571
1204 1839
1205 1222
1205 1249
1205 1263
1205 1270
1205 1281
1205 1283
1205 1290
1205 1309
1205 1329
1205 1338
1205 1366
1206 1307
1206 1319
1206 1321
1206 1343
1207 1215
1207 1216
1207 1218
1207 1255
1207 1258
1207 1265
1207 1275
1207 1278
1207 1281
1207 1293
1207 1304
1207 1321
1207 1323
1207 1335
1207 1337
1207 1348
1207 1356
1207 1366
1208 1211
1208 1223
1208 1224
1208 1233
1208 1234
1208 1250
1208 1260
1208 1278
1208 1306
1208 1307
1208 1322
1208 1334
1208 1339
1208 1343
1208 1723
1208 1891
1209 1223
1209 1227
1209 1229
1209 1231
1209 1240
1209 1246
1209 1256
1209 1273
1209 1299
1209 1308
1209 1318
1209 1323
1209 1346
1209 1348
1209 1501
1209 1807
1210 1220
1210 1248
1210 1260
1210 1280
1210 1299
1210 1308
1210 1311
1210 1312
1210 1313
1210 1339
1210 2030
1210 2054
1211 1213
1211 1231
1211 1245
1211 1259
1211 1295
1211 1297
1211 1302
1211 1311
1211 1314
1211 1334
1211 1340
1211 1343
1211 1360
1211 1600
1211 1680
1211 2014
1212 1234
1212 1241
1212 1242
1212 1248
1212 1311
1212 1326
1212 1327
1212 1338
1212 1359
1212 1363
1212 1370
1212 1371
1212 1719
1213 1222
1213 1240
1213 1256
1213 1261
1213 1288
1213 1305
1213 1323
1213 1324
1213 1335
1213 1337
1213 1343
1213 1350
1213 1353
1214 1225
1214 1226
1214 1227
1214 1251
1214 1255
1214 1269
1214 1296
1214 1310
1214 1340
1214 1361
1214 1373
1214 1836
1215 1226
1215 1233
1215 1234
1215 1235
1215 1283
1215 1300
1215 1309
1215 1325
1215 1349
1215 1361
1216 1232
1216 1245
1216 1254
1216 1330
1216 1338
1216 1349
1216 1353
1216 1879
1217 1234
1217 1246
1217 1262
1217 1273
1217 1297
1217 1298
1217 1315
1217 1317
1217 1343
1217 1354
1217 1358
1217 1414
1218 1221
1218 1236
1218 1238
1218 1239
1218 1241
1218 1244
1218 1263
1218 1300
1218 1319
1218 1343
1218 1360
1218 1361
1218 1365
1219 1235
1219 1241
1219 1242
1219 1288
1219 1293
1219 1294
1219 1304
1219 1324
1219 1886
1220 1258
1220 1260
1220 1288
1220 1292
1220 1297
1220 1305
1220 1311
1220 1313
1220 1314
1220 1336
1220 1337
1220 1353
1220 1860
1220 2049
1221 1225
1221 1243
1221 1256
1221 1302
1221 1364
1221 1599
1221 1625
1222 1225
1222 1232
1222 1237
1222 1260
1222 1270
1222 1273
1222 1274
1222 1277
1222 1287
1222 1290
1222 1346
1222 1353
1222 1359
1222 1365
1222 1371
1222 1965
1223 1235
1223 1246
1223 1259
1223 1283
1223 1306
1223 1309
1223 1318
1223 1323
1223 1327
1223 1338
1223 1351
1223 1358
1223 1371
1223 1681
1224 1236
1224 1257
1224 1265
1224 1273
1224 1291
1224 1313
1224 1336
1224 1360
1224 1721
1225 1230
1225 1251
1225 1283
1225 1313
1225 1563
1226 1256
1226 1274
1226 1275
1226 1281
1226 1287
1226 1297
1226 1299
1226 1303
1226 1305
1226 1311
1226 1333
1226 1356
1226 1358
1226 1362
1227 1229
1227 1250
1227 1257
1227 1276
1227 1323
1227 1333
1227 1345
1227 1349
1228 1229
1228 1248
1228 1260
1228 1285
1228 1292
1228 1301
1228 1318
1228 1359
1228 1362
1228 1636
1228 1699
1229 1253
1229 1278
1229 1288
1229 1294
1229 1302
1229 1304
1229 1342
1229 1358
1229 1440
1229 1871
1230 1235
1230 1280
1230 1288
1230 1298
1230 1315
1230 1357
1230 1364
1230 1368
1230 1369
1230 1370
1230 1372
1230 1519
1230 1621
1230 1769
1231 1239
1231 1263
1231 1267
1231 1272
1231 1288
1231 1291
1231 1314
1231 1325
1231 1327
1231 1349
1231 1352
1231 1603
1232 1237
1232 1293
1232 1304
1232 1309
1232 1312
1232 1315
1232 1327
1232 1335
1232 1341
1232 1660
1233 1237
1233 1249
1233 1256
1233 1265
1233 1284
1233 1290
1233 1299
1233 1326
1233 1328
1233 1333
1233 1365
1233 1370
1233 1860
1234 1237
1234 1245
1234 1249
1234 1253
1234 1256
1234 1294
1234 1318
1234 1330
1234 1338
1234 1346
1234 1349
1234 1372
1234 1725
1235 1239
1235 1260
1235 1263
1235 1275
1235 1304
1235 1314
1235 1342
1235 1349
1235 1359
1235 1366
1235 1372
1236 1252
1236 1267
1236 1281
1236 1285
1236 1295
1236 1303
1236 1310
1236 1335
1236 1345
1236 1369
1236 1861
1237 1245
1237 1253
1237 1264
1237 1282
1237 1306
1237 1309
1237 1315
1237 1322
1237 1325
1237 1342
1237 1363
1237 1364
1237 1577
1237 1584
1238 1239
1238 1240
1238 1247
1238 1276
1238 1280
1238 1286
1238 1290
1238 1317
1238 1342
1239 1272
1239 1283
1239 1290
1239 1297
1239 1298
1239 1305
1239 1327
1239 1329
1239 1335
1239 1340
1239 1442
1239 1661
1239 1953
1239 2007
1240 1241
1240 1258
1240 1260
1240 1271
1240 1281
1240 1286
1240 1288
1240 1290
1240 1292
1240 1303
1240 1321
1240 1337
1240 1359
1240 1880
1240 1993
1241 1264
1241 1282
1241 1306
1241 1308
1241 1341
1241 1367
1241 1372
1241 1470
1241 1843
1241 1874
1242 1250
1242 1268
1242 1280
1242 1310
1242 1328
1242 1334
1242 1346
1242 1835
1243 1251
1243 1290
1243 1321
1243 1341
1243 1346
1243 1356
1243 1359
1243 1401
1244 1246
1244 1255
1244 1274
1244 1288
1244 1296
1244 1304
1244 1307
1244 1318
1244 1346
1244 1352
1244 1353
1244 1371
1244 1373
1244 1499
1244 1892
1245 1276
1245 1282
1245 1289
1245 1303
1245 1316
1245 1325
1245 1326
1245 1336
1245 1339
1245 1345
1245 1370
1245 1868
1245 1966
1246 1295
1246 1308
1246 1312
1246 1314
1246 1321
1246 1579
1247 1250
1247 1259
1247 1261
1247 1292
1247 1295
1247 1303
1247 1304
1247 1314
1247 1327
1247 1357
1247 1360
1247 1366
1247 1369
1247 1401
1247 1927
1248 1250
1248 1286
1248 1305
1248 1314
1248 1350
1248 1355
1248 1362
1248 1371
1249 1250
1249 1261
1249 1273
1249 1290
1249 1298
1249 1302
1249 1310
1249 1313
1249 1321
1249 1329
1249 1339
1249 1348
1250 1257
1250 1278
1250 1283
1250 1285
1250 1290
1250 1310
1250 1321
1250 1325
1250 1335
1250 1342
1250 1348
1250 1368
1250 1588
1250 1778
1251 1262
1251 1293
1251 1309
1251 1321
1251 1326
1251 1349
1251 1353
1251 1656
1251 1926
1252 1267
1252 1272
1252 1273
1252 1279
1252 1298
1252 1326
1252 1330
1252 1335
1252 1369
1252 1400
1253 1257
1253 1271
1253 1272
1253 1278
1253 1297
1253 1298
1253 1324
1253 1325
1253 1341
1253 1347
1253 1364
1253 1819
1254 1267
1254 1268
1254 1272
1254 1284
1254 1290
1254 1300
1254 1306
1254 1313
1254 1315
1254 1319
1254 1344
1254 1356
1254 1357
1254 1732
1254 1829
1255 1269
1255 1287
1255 1467
1255 1600
1256 1258
1256 1288
1256 1297
1256 1298
1256 1316
1256 1329
1256 1343
1256 1373
1256 1535
1256 1763
1256 1769
1257 1267
1257 1268
1257 1280
1257 1311
1257 1326
1257 1327
1257 1345
1257 1359
1257 2008
1258 1298
1258 1324
1258 1344
1258 1353
1258 1368
1258 1551
1259 1260
1259 1277
1259 1281
1259 1284
1259 1286
1259 1295
1259 1299
1259 1327
1259 1328
1259 1345
1259 1637
1259 1750
1259 1872
1260 1283
1260 1299
1260 1315
1260 1317
1260 1321
1260 1327
1260 1364
1260 1776
1261 1270
1261 1274
1261 1288
1261 1291
1261 1294
1261 1333
1261 1339
1261 1352
1261 2038
1262 1274
1262 1276
1262 1306
1262 1311
1262 1318
1262 1320
1262 1349
1262 1354
1262 1359
1262 1360
1262 1373
1262 1390
1263 1278
1263 1285
1263 1302
1263 1303
1263 1309
1263 1343
1263 1345
1263 1348
1263 1351
1263 1355
1263 1363
1263 1456
1264 1265
1265 1266
1265 1281
1265 1292
1265 1309
1265 1361
1265 1377
1265 1616
1265 1760
1265 1908
1266 1269
1266 1279
1266 1285
1266 1310
1266 1315
1266 1331
1266 1339
1266 1340
1266 1346
1266 1348
1266 1356
1267 1283
1267 1286
1267 1305
1267 1315
1267 1320
1267 1323
1267 1325
1267 1331
1267 1363
1267 1364
1267 1619
1268 1281
1268 1301
1268 1334
1268 1343
1268 1345
1268 1361
1268 1369
1268 1484
1268 1544
1269 1283
1269 1289
1269 1301
1269 1306
1269 1316
1269 1323
1269 1331
1269 1369
1269 1370
1269 1884
1270 1279
1270 1291
1270 1302
1270 1304
1270 1305
1270 1337
1270 1340
1270 1577
1271 1273
1271 1286
1271 1304
1271 1307
1271 1311
1271 1344
1271 1870
1272 1273
1272 1275
1272 1314
1272 1360
1273 1292
1273 1306
1273 1312
1273 1314
1273 1324
1273 1348
1273 1368
1274 1298
1274 1308
1274 1314
1274 1315
1274 1319
1274 1330
1274 1345
1274 1349
1274 1367
1274 1431
1274 1470
1274 1921
1275 1292
1275 1298
1275 1305
1275 1317
1275 1319
1275 1323
1275 1328
1275 1341
1275 1356
1275 1507
1275 1672
1275 1914
1276 1295
1276 1307
1276 1308
1276 1316
1276 1330
1276 1350
1276 1370
1276 1757
1276 1945
1277 1278
1277 1285
1277 1307
1277 1308
1277 1311
1277 1325
1277 1335
1277 1348
1278 1280
1278 1285
1278 1318
1278 1319
1278 1328
1278 1356
1278 1364
1278 1577
1278 1676
1278 1687
1278 1689
1279 1327
1279 1347
1279 1358
1279 1363
1280 1285
1280 1305
1280 1309
1280 1324
1280 1364
1280 1368
1280 1511
1281 1290
1281 1306
1281 1309
1281 1320
1281 1328
1281 1331
1281 1347
1281 1372
1281 1442
1281 2035
1282 1283
1282 1331
1282 1337
1282 1346
1282 1351
1283 1297
1283 1298
1283 1303
1283 1352
1283 1353
1283 1362
1283 1593
1283 1611
1284 1306
1284 1311
1284 1319
1284 1333
1284 1344
1284 1361
1284 1842
1285 1300
1285 1339
1285 1348
1285 1352
1285 1953
1286 1294
1286 1319
1286 1330
1286 1332
1287 1305
1287 1312
1287 1315
1287 1320
1287 1329
1287 1350
1287 1372
1287 1836
1288 1293
1288 1331
1288 1339
1288 1744
1289 1292
1289 1356
1289 1903
1290 1300
1290 1336
1290 1339
1290 1340
1290 1353
1290 1367
1290 1676
1291 1295
1291 1300
1291 1304
1291 1309
1291 1342
1291 1366
1291 1970
1292 1315
1292 1317
1292 1335
1292 1338
1292 1354
1292 1362
1292 1695
1292 1734
1293 1300
1293 1328
1293 1338
1293 1349
1293 1351
1294 1305
1294 1319
1294 1345
1294 1364
1294 1367
1295 1308
1295 1373
1296 1301
1296 1314
1296 1344
1296 1356
1296 1357
1296 1365
1296 1368
1296 1370
1296 1748
1296 1850
1297 1316
1297 1318
1297 1329
1297 1364
1297 1540
1298 1304
1298 1311
1298 1312
1298 1323
1298 1347
1298 1475
1299 1327
1299 1337
1299 1350
1299 1360
1299 1372
1299 1401
1299 1616
1299 1690
1300 1305
1300 1316
1300 1344
1300 1364
1301 1312
1301 1317
1301 1323
1301 1328
1301 1335
1301 1361
1301 1363
1301 1364
1301 1482
1301 1567
1301 2021
1302 1305
1302 1329
1302 1352
1302 1356
1302 1359
1302 1980
1303 1318
1303 1319
1303 1328
1303 1339
1303 1352
1303 1353
1303 1356
1303 2023
1304 1346
1304 1351
1304 1357
1304 1411
1304 1508
1304 1728
1305 1307
1305 1309
1305 1317
1305 1323
1305 1339
1305 1352
1305 1355
1305 2059
1306 1308
1306 1312
1306 1322
1306 1326
1306 1340
1306 1372
1306 1520
1306 1761
1306 1989
1307 1317
1307 1319
1307 1338
1307 1343
1307 1362
1308 1313
1308 1586
1309 1331
1309 1343
1309 1353
1310 1343
1310 1357
1311 1358
1311 1363
1311 1367
1311 1418
1311 1798
1312 1318
1312 1334
1312 1341
1312 1343
1312 1350
1312 1362
1312 1758
1312 1999
1313 1408
1313 1690
1313 1742
1314 1317
1314 1327
1314 1339
1314 1352
1314 1356
1314 1357
1315 1347
1315 1368
1315 1422
1316 1319
1316 1457
1317 1338
1317 1342
1317 1348
1317 1350
1317 1353
1317 1362
1318 1334
1318 1354
1318 1356
1318 1365
1318 1913
1318 1925
1319 1337
1319 1342
1319 1361
1319 1815
1320 1342
1320 1356
1320 1587
1321 1326
1321 1341
1321 1353
1321 1371
1321 1372
1321 1531
1321 1638
1322 1349
1322 1355
1322 1364
1322 1409
1323 1333
1323 1346
1323 1349
1323 1366
1323 1368
1323 1510
1323 1518
1323 1956
1323 1981
1324 1344
1324 1373
1324 1595
1324 1898
1325 1330
1325 1331
1325 1340
1325 1342
1325 1346
1325 1358
1325 1621
1326 1328
1326 1372
1326 1991
1327 1352
1328 1346
1328 1372
1328 1659
1329 1334
1329 1353
1329 1356
1329 1537
1329 1905
1330 1352
1330 1356
1330 1361
1331 1333
1331 1336
1331 1354
1331 1359
1331 1555
1332 1335
1332 1349
1332 1360
1333 1337
1333 1362
1333 1365
1333 1371
1333 1462
1333 1599
1333 1826
1334 1335
1334 1345
1334 1357
1334 1360
1334 1369
1334 1614
1335 1346
1335 1368
1337 1342
1337 1349
1337 1368
1337 1946
1338 1339
1338 1341
1338 1344
1338 1349
1338 1360
1338 1367
1339 1346
1339 1352
1339 1365
1340 1343
1340 1344
1340 1347
1340 1350
1340 1354
1340 1364
1340 1372
1340 1732
1342 1365
1345 1354
1345 1361
1345 1553
1345 1953
1346 1356
1346 1360
1346 1363
1346 1372
1346 1386
1347 1354
1347 1356
1347 1358
1348 1354
1348 1362
1348 1363
1348 1368
1348 1371
1348 1387
1348 1556
1348 1573
1349 1362
1349 1559
1349 1968
1350 1356
1350 1363
1351 1357
1351 1501
1352 1367
1352 1569
1352 2032
1354 1356
1354 1568
1354 1847
1354 1998
1355 1361
1355 1370
1355 1571
1356 1848
1357 1716
1358 1363
1358 1369
1358 1370
1358 1871
1360 1454
1360 1565
1361 1781
1362 1386
1363 1372
1363 1670
1365 1960
1366 1840
1367 1424
1367 1541
1367 1619
1368 1370
1369 1952
1371 1589
1371 1796
1371 1805
1373 2029
1374 1407
1374 1410
1374 1424
1374 1430
1374 1441
1374 1444
1374 1456
1374 1492
1374 1498
1374 1518
1374 1521
1374 1525
1374 1536
1374 1545
1374 1553
1374 1569
1374 1579
1374 1580
1374 1593
1375 1405
1375 1407
1375 1430
1375 1432
1375 1457
1375 1469
1375 1472
1375 1496
1375 1517
1375 1527
1375 1529
1375 1543
1375 1551
1375 1559
1375 1561
1375 1562
1375 1590
1376 1378
1376 1391
1376 1410
1376 1412
1376 1433
1376 1459
1376 1461
1376 1483
1376 1490
1376 1493
1376 1509
1376 1552
1376 1564
1376 1566
1376 1580
1376 1594
1376 1601
1377 1396
1377 1407
1377 1423
1377 1444
1377 1463
1377 1466
1377 1478
1377 1480
1377 1487
1377 1491
1377 1503
1377 1523
1377 1542
1377 1547
1377 1564
1377 1567
1377 1571
1377 1573
1377 1582
1377 1587
1378 1416
1378 1418
1378 1435
1378 1440
1378 1468
1378 1473
1378 1510
1378 1523
1378 1525
1378 1559
1378 1563
1378 1581
1378 1589
1378 1595
1378 1854
1379 1383
1379 1412
1379 1422
1379 1447
1379 1448
1379 1455
1379 1497
1379 1505
1379 1539
1379 1552
1379 1565
1379 1578
1380 1387
1380 1398
1380 1400
1380 1425
1380 1429
1380 1433
1380 1447
1380 1453
1380 1498
1380 1504
1380 1507
1380 1524
1380 1529
1380 1566
1380 1567
1380 1571
1380 1601
1381 1399
1381 1407
1381 1416
1381 1432
1381 1484
1381 1512
1381 1524
1381 1537
1381 1558
1381 1577
1381 1595
1381 1596
1381 1602
1381 1628
1381 2035
1382 1390
1382 1399
1382 1400
1382 1406
1382 1437
1382 1444
1382 1456
1382 1483
1382 1513
1382 1546
1382 1553
1382 1570
1382 1578
1382 1584
1382 1585
1382 1937
1383 1401
1383 1408
1383 1415
1383 1417
1383 1423
1383 1440
1383 1441
1383 1460
1383 1466
1383 1480
1383 1482
1383 1499
1383 1501
1383 1523
1383 1547
1383 1566
1383 1575
1383 1582
1383 1597
1383 1602
1384 1390
1384 1400
1384 1404
1384 1432
1384 1437
1384 1445
1384 1450
1384 1452
1384 1455
1384 1479
1384 1482
1384 1488
1384 1517
1384 1536
1384 1573
1384 1585
1384 1588
1384 1594
1385 1396
1385 1400
1385 1401
1385 1403
1385 1446
1385 1463
1385 1470
1385 1495
1385 1497
1385 1503
1385 1517
1385 1525
1385 1527
1385 1545
1385 1549
1385 1568
1385 1569
1385 1581
1385 1583
1385 1584
1385 1739
1385 1926
1386 1389
1386 1390
1386 1399
1386 1406
1386 1417
1386 1426
1386 1442
1386 1473
1386 1478
1386 1489
1386 1502
1386 1503
1386 1534
1386 1541
1386 1542
1386 1558
1386 1573
1386 1598
1386 1818
1386 2015
1387 1391
1387 1419
1387 1420
1387 1432
1387 1454
1387 1464
1387 1482
1387 1487
1387 1499
1387 1507
1387 1558
1387 1587
1387 1830
1388 1431
1388 1434
1388 1440
1388 1446
1388 1455
1388 1484
1388 1494
1388 1524
1388 1526
1388 1530
1388 1548
1388 1576
1389 1400
1389 1410
1389 1418
1389 1425
1389 1430
1389 1439
1389 1450
1389 1457
1389 1515
1389 1536
1389 1554
1389 1557
1389 1598
1389 1900
1390 1403
1390 1405
1390 1411
1390 1433
1390 1438
1390 1462
1390 1463
1390 1470
1390 1472
1390 1474
1390 1478
1390 1492
1390 1493
1390 1496
1390 1499
1390 1512
1390 1515
1390 1522
1390 1533
1390 1535
1390 1543
1390 1547
1390 1567
1390 1593
1390 1600
1390 1602
1390 1943
1391 1395
1391 1424
1391 1425
1391 1432
1391 1440
1391 1453
1391 1485
1391 1519
1391 1527
1391 1537
1391 1553
1391 1560
1391 1563
1391 1595
1391 1596
1392 1404
1392 1410
1392 1412
1392 1416
1392 1423
1392 1441
1392 1451
1392 1476
1392 1485
1392 1488
1392 1501
1392 1512
1392 1550
1392 1573
1392 1640
1392 1917
1393 1394
1393 1401
1393 1414
1393 1415
1393 1417
1393 1447
1393 1452
1393 1456
1393 1505
1393 1513
1393 1514
1393 1527
1393 1540
1393 1582
1393 1586
1393 1591
1393 1895
1394 1398
1394 1400
1394 1423
1394 1440
1394 1455
1394 1456
1394 1464
1394 1474
1394 1477
1394 1486
1394 1506
1394 1521
1394 1542
1394 1544
1394 1586
1395 1441
1395 1451
1395 1460
1395 1462
1395 1491
1395 1496
1395 1517
1395 1518
1395 1538
1395 1549
1395 1555
1395 1568
1395 1573
1395 1872
1396 1398
1396 1401
1396 1430
1396 1453
1396 1463
1396 1465
1396 1499
1396 1530
1396 1571
1396 1574
1396 1588
1396 1590
1397 1408
1397 1415
1397 1432
1397 1447
1397 1462
1397 1483
1397 1489
1397 1491
1397 1497
1397 1500
1397 1505
1397 1521
1397 1525
1397 1534
1397 1554
1397 1560
1397 1579
1397 1583
1397 1585
1397 1591
1397 1602
1398 1414
1398 1442
1398 1446
1398 1463
1398 1487
1398 1508
1398 1509
1398 1519
1398 1543
1398 1574
1398 1685
1399 1436
1399 1470
1399 1487
1399 1496
1399 1506
1399 1559
1399 1577
1400 1412
1400 1419
1400 1420
1400 1435
1400 1436
1400 1446
1400 1456
1400 1467
1400 1469
1400 1500
1400 1501
1400 1552
1400 1588
1401 1414
1401 1416
1401 1428
1401 1429
1401 1442
1401 1454
1401 1496
1401 1499
1401 1501
1401 1558
1401 1569
1401 1579
1401 1586
1401 1587
1401 1593
1401 1665
1402 1406
1402 1410
1402 1422
1402 1435
1402 1439
1402 1441
1402 1480
1402 1489
1402 1533
1402 1536
1402 1554
1402 1555
1402 1578
1402 1579
1402 1583
1402 1833
1402 1856
1403 1419
1403 1432
1403 1439
1403 1440
1403 1454
1403 1458
1403 1465
1403 1466
1403 1470
1403 1482
1403 1540
1403 1552
1403 1560
1403 1582
1403 1585
1404 1433
1404 1439
1404 1448
1404 1467
1404 1474
1404 1483
1404 1491
1404 1569
1404 1588
1405 1409
1405 1435
1405 1440
1405 1474
1405 1477
1405 1481
1405 1509
1405 1511
1405 1523
1405 1524
1405 1531
1405 1532
1405 1544
1405 1565
1405 1567
1405 1816
1406 1421
1406 1422
1406 1423
1406 1424
1406 1430
1406 1447
1406 1469
1406 1477
1406 1478
1406 1521
1406 1526
1406 1544
1406 1548
1406 1553
1406 1567
1406 1579
1406 1598
1406 1599
1406 1966
1407 1415
1407 1430
1407 1453
1407 1464
1407 1477
1407 1479
1407 1486
1407 1504
1407 1508
1407 1524
1407 1553
1407 1571
1407 1578
1407 1588
1407 1590
1408 1420
1408 1421
1408 1422
1408 1445
1408 1471
1408 1504
1408 1507
1408 1536
1408 1545
1408 1558
1409 1414
1409 1420
1409 1431
1409 1433
1409 1434
1409 1441
1409 1449
1409 1452
1409 1453
1409 1460
1409 1487
1409 1499
1409 1503
1409 1519
1409 1523
1409 1528
1409 1534
1409 1539
1409 1549
1409 1558
1409 1565
1409 1589
1410 1449
1410 1476
1410 1489
1410 1503
1410 1508
1410 1516
1410 1523
1410 1544
1410 1554
1410 1557
1410 1562
1410 1578
1410 1584
1410 1585
1410 1602
1410 1849
1411 1421
1411 1450
1411 1451
1411 1455
1411 1468
1411 1499
1411 1504
1411 1519
1411 1521
1411 1542
1411 1545
1411 1552
1411 1553
1411 1573
1411 1589
1411 1595
1412 1419
1412 1425
1412 1435
1412 1455
1412 1462
1412 1495
1412 1502
1412 1508
1412 1535
1412 1536
1412 1543
1412 1549
1412 1551
1412 1553
1412 1568
1412 1569
1412 1579
1412 1592
1412 1704
1412 1933
1413 1417
1413 1422
1413 1459
1413 1470
1413 1511
1413 1513
1413 1525
1413 1561
1413 1564
1413 1573
1413 1579
1413 1589
1413 1929
1414 1419
1414 1420
1414 1430
1414 1444
1414 1499
1414 1523
1414 1525
1414 1528
1414 1562
1414 1568
1415 1417
1415 1418
1415 1436
1415 1441
1415 1442
1415 1444
1415 1465
1415 1468
1415 1482
1415 1502
1415 1517
1415 1520
1415 1521
1415 1544
1415 1548
1415 1570
1415 1580
1415 1660
1416 1443
1416 1472
1416 1475
1416 1492
1416 1496
1416 1506
1416 1559
1416 1569
1416 1883
1417 1485
1417 1500
1417 1512
1417 1529
1417 1548
1417 1567
1417 1569
1417 1580
1417 1929
1418 1437
1418 1446
1418 1460
1418 1462
1418 1487
1418 1505
1418 1506
1418 1512
1418 1517
1418 1524
1418 1525
1418 1528
1418 1537
1418 1555
1418 1878
1419 1425
1419 1430
1419 1453
1419 1460
1419 1461
1419 1469
1419 1473
1419 1492
1419 1495
1419 1500
1419 1508
1419 1536
1419 1590
1420 1439
1420 1450
1420 1452
1420 1453
1420 1467
1420 1485
1420 1496
1420 1507
1420 1522
1420 1528
1420 1560
1420 1570
1420 1571
1420 1577
1420 1582
1420 1583
1421 1430
1421 1472
1421 1473
1421 1478
1421 1492
1421 1512
1421 1531
1421 1541
1421 1542
1421 1543
1421 1546
1421 1671
1421 1770
1422 1436
1422 1473
1422 1477
1422 1493
1422 1522
1422 1543
1422 1585
1423 1484
1423 1496
1423 1500
1423 1501
1423 1514
1423 1533
1423 1543
1423 1545
1423 1556
1423 1557
1423 1573
1423 1575
1423 1583
1423 1616
1423 1863
1424 1426
1424 1448
1424 1449
1424 1452
1424 1457
1424 1463
1424 1503
1424 1513
1424 1544
1424 1549
1424 1564
1424 1585
1424 1586
1424 1587
1424 1654
1424 2035
1425 1438
1425 1443
1425 1450
1425 1453
1425 1478
1425 1485
1425 1488
1425 1497
1425 1507
1425 1523
1425 1552
1425 1553
1425 1566
1425 1574
1425 1578
1425 1584
1425 1598
1425 1601
1425 2014
1426 1429
1426 1433
1426 1434
1426 1441
1426 1444
1426 1453
1426 1459
1426 1467
1426 1480
1426 1482
1426 1500
1426 1501
1426 1512
1426 1521
1426 1551
1426 1576
1426 1577
1426 1581
1426 1586
1426 1589
1426 1591
1426 1596
1427 1456
1427 1458
1427 1463
1427 1508
1427 1509
1427 1515
1427 1518
1427 1538
1427 1594
1428 1504
1428 1549
1428 1576
1428 1584
1428 1591
1428 1601
1428 1602
1429 1469
1429 1475
1429 1510
1429 1511
1429 1521
1429 1548
1429 1553
1429 1578
1429 1585
1429 1593
1429 1599
1429 1632
1430 1450
1430 1454
1430 1472
1430 1493
1430 1545
1430 1560
1430 1565
1430 1566
1430 1588
1430 1602
1430 2036
1431 1437
1431 1439
1431 1446
1431 1465
1431 1475
1431 1479
1431 1480
1431 1483
1431 1498
1431 1554
1431 1559
1431 1568
1431 1579
1431 1597
1431 1600
1432 1452
1432 1455
1432 1468
1432 1492
1432 1501
1432 1507
1432 1511
1432 1515
1432 1516
1432 1541
1432 1547
1432 1556
1432 1578
1432 1582
1433 1453
1433 1461
1433 1467
1433 1513
1433 1516
1433 1519
1433 1545
1433 1563
1433 1574
1433 1583
1433 1674
1434 1461
1434 1475
1434 1478
1434 1503
1434 1518
1434 1529
1434 1534
1434 1540
1434 1553
1434 1572
1435 1442
1435 1473
1435 1475
1435 1484
1435 1508
1435 1537
1435 1587
1436 1455
1436 1479
1436 1493
1436 1524
1436 1526
1436 1551
1436 1556
1436 1571
1436 1587
1437 1439
1437 1468
1437 1475
1437 1477
1437 1487
1437 1506
1437 1524
1437 1534
1437 1561
1437 1564
1437 1567
1437 1570
1437 1600
1438 1486
1438 1487
1438 1492
1438 1494
1438 1504
1438 1532
1438 1555
1438 1575
1438 1577
1438 1587
1438 1588
1438 1669
1438 1842
1439 1459
1439 1482
1439 1498
1439 1509
1439 1556
1439 1570
1439 1580
1439 1981
1440 1470
1440 1478
1440 1482
1440 1485
1440 1495
1440 1507
1440 1542
1440 1558
1440 1569
1440 1571
1441 1445
1441 1453
1441 1457
1441 1466
1441 1481
1441 1486
1441 1487
1441 1494
1441 1497
1441 1509
1441 1522
1441 1539
1441 1548
1441 1553
1441 1565
1441 1567
1441 1582
1441 1598
1441 1670
1442 1449
1442 1467
1442 1472
1442 1520
1442 1544
1442 1588
1442 1595
1443 1448
1443 1450
1443 1459
1443 1499
1443 1500
1443 1503
1443 1541
1443 1557
1443 1558
1443 1584
1443 1589
1444 1451
1444 1464
1444 1470
1444 1471
1444 1526
1444 1533
1444 1539
1444 1572
1444 1573
1444 1587
1444 1737
1444 1751
1444 1848
1444 1963
1445 1477
1445 1498
1445 1499
1445 1562
1445 1566
1445 1570
1445 1571
1445 1588
1445 1821
1446 1464
1446 1474
1446 1478
1446 1479
1446 1489
1446 1518
1446 1552
1446 1559
1446 1568
1446 1591
1447 1456
1447 1458
1447 1465
1447 1470
1447 1510
1447 1514
1447 1515
1447 1526
1447 1543
1447 1544
1447 1575
1447 1576
1447 1577
1447 1584
1447 1586
1447 1590
1447 1592
1447 1700
1448 1456
1448 1471
1448 1519
1448 1576
1448 1632
1448 1728
1448 1776
1449 1450
1449 1452
1449 1458
1449 1483
1449 1499
1449 1500
1449 1513
1449 1520
1449 1524
1449 1535
1449 1540
1449 1585
1449 1596
1450 1459
1450 1472
1450 1514
1450 1534
1450 1544
1450 1550
1450 1567
1450 1569
1450 1589
1450 1602
1451 1456
1451 1470
1451 1476
1451 1487
1451 1511
1451 1521
1451 1543
1451 1548
1451 1554
1451 1564
1451 1571
1451 1580
1451 1581
1451 1590
1451 1591
1451 1697
1451 1785
1452 1453
1452 1454
1452 1463
1452 1469
1452 1471
1452 1529
1452 1540
1452 1564
1452 1567
1452 1579
1452 1966
1453 1483
1453 1494
1453 1507
1453 1510
1453 1526
1453 1568
1453 1578
1453 1581
1453 1586
1453 1588
1453 1589
1453 1594
1454 1486
1454 1493
1454 1500
1454 1515
1454 1523
1454 1526
1454 1559
1454 1564
1454 1571
1454 1585
1454 1590
1454 1597
1454 1602
1455 1488
1455 1509
1455 1523
1455 1539
1455 1562
1455 1567
1455 1571
1455 1583
1455 1600
1456 1465
1456 1496
1456 1499
1456 1505
1456 1509
1456 1514
1456 1522
1456 1534
1456 1563
1456 1572
1456 1593
1456 1601
1456 1687
1457 1458
1457 1491
1457 1494
1457 1508
1457 1510
1457 1522
1457 1529
1457 1533
1457 1561
1457 1568
1457 1587
1457 1595
1457 1598
1457 1856
1457 1918
1457 1980
1458 1459
1458 1460
1458 1469
1458 1485
1458 1489
1458 1509
1458 1529
1458 1537
1458 1553
1458 1595
1458 2054
1459 1501
1459 1517
1459 1518
1459 1530
1459 1540
1459 1553
1459 1554
1459 1586
1459 1589
1459 1602
1460 1475
1460 1502
1460 1534
1460 1553
1460 1574
1460 1577
1460 1832
1461 1492
1461 1496
1461 1507
1461 1519
1461 1542
1461 1558
1461 1562
1461 1563
1461 1567
1461 1581
1462 1486
1462 1489
1462 1504
1462 1507
1462 1511
1462 1534
1462 1800
1462 1846
1462 1891
1462 2009
1463 1465
1463 1486
1463 1500
1463 1510
1463 1511
1463 1517
1463 1530
1463 1553
1463 1558
1463 1575
1463 1578
1463 1665
1464 1468
1464 1496
1464 1527
1464 1546
1464 1548
1464 1571
1464 1574
1464 1585
1464 1588
1464 2010
1465 1469
1465 1482
1465 1489
1465 1504
1465 1512
1465 1522
1465 1593
1466 1479
1466 1490
1466 1491
1466 1498
1466 1499
1466 1504
1466 1505
1466 1525
1466 1527
1466 1590
1466 1597
1467 1479
1467 1490
1467 1505
1467 1508
1467 1515
1467 1532
1467 1556
1467 1588
1467 1589
1467 1898
1468 1475
1468 1510
1468 1514
1468 1515
1468 1520
1468 1530
1468 1535
1468 1544
1468 1553
1468 1560
1468 1568
1468 1571
1468 1592
1468 1600
1468 1827
1469 1472
1469 1486
1469 1501
1469 1504
1469 1516
1469 1552
1469 1560
1469 1562
1469 1572
1469 1575
1469 1590
1469 1601
1470 1476
1470 1485
1470 1525
1470 1528
1470 1536
1470 1538
1470 1541
1470 1554
1470 1564
1470 1567
1470 1574
1470 1638
1471 1494
1471 1501
1471 1502
1471 1504
1471 1518
1471 1550
1471 1553
1471 1565
1471 1567
1471 1574
1471 1595
1471 1662
1471 2027
1472 1523
1472 1546
1472 1565
1472 1577
1472 1600
1473 1506
1473 1516
1473 1530
1473 1556
1473 1565
1473 1574
1474 1486
1474 1487
1474 1497
1474 1529
1474 1536
1474 1543
1474 1567
1474 1577
1474 1580
1474 1592
1474 1848
1475 1480
1475 1486
1475 1487
1475 1495
1475 1500
1475 1510
1475 1522
1475 1533
1475 1538
1475 1583
1475 1920
1476 1478
1476 1501
1476 1503
1476 1530
1476 1537
1476 1547
1476 1548
1476 1570
1476 1575
1476 1576
1476 1597
1477 1488
1477 1499
1477 1531
1477 1534
1477 1553
1477 1583
1477 1759
1478 1499
1478 1526
1478 1534
1478 1542
1478 1546
1478 1558
1478 1574
1478 1584
1478 1586
1478 1601
1478 1758
1479 1487
1479 1496
1479 1511
1479 1544
1479 1546
1479 1547
1479 1551
1479 1589
1479 1593
1479 1602
1480 1489
1480 1495
1480 1502
1480 1518
1480 1525
1480 1528
1480 1534
1480 1538
1480 1543
1480 1565
1480 1628
1480 1641
1481 1493
1481 1513
1481 1524
1481 1530
1481 1553
1481 1584
1481 1601
1482 1489
1482 1506
1482 1511
1482 1539
1482 1553
1482 1565
1483 1516
1483 1517
1483 1522
1483 1532
1483 1536
1483 1547
1483 1578
1484 1497
1484 1500
1484 1504
1484 1507
1484 1515
1484 1524
1484 1531
1484 1582
1484 1997
1484 2027
1485 1496
1485 1497
1485 1499
1485 1513
1485 1525
1485 1537
1485 1542
1485 1544
1485 1556
1485 1558
1485 1585
1485 1596
1485 1693
1486 1498
1486 1510
1486 1537
1486 1565
1486 1568
1486 1577
1486 1596
1486 1628
1486 1701
1487 1499
1487 1521
1487 1550
1487 1571
1487 1581
1487 1588
1487 1598
1487 2024
1488 1491
1488 1496
1488 1497
1488 1502
1488 1504
1488 1524
1488 1535
1488 1540
1488 1557
1488 1561
1488 1573
1488 1586
1488 1588
1488 1593
1488 1597
1488 2067
1489 1509
1489 1529
1489 1530
1489 1531
1489 1543
1489 1570
1489 1577
1489 1584
1489 1601
1489 1810
1489 1958
1490 1520
1490 1545
1490 1564
1490 1570
1490 1571
1490 1580
1490 1581
1490 1853
1491 1511
1491 1522
1491 1541
1491 1542
1491 1560
1491 1579
1492 1499
1492 1510
1492 1538
1492 1542
1492 1547
1492 1574
1492 1593
1493 1500
1493 1504
1493 1524
1493 1533
1493 1545
1493 1549
1493 1557
1493 1569
1493 1570
1493 1571
1493 1590
1493 1725
1494 1525
1494 1530
1494 1533
1494 1536
1494 1538
1494 1540
1494 1544
1494 1559
1494 1560
1494 1562
1494 1573
1494 1578
1494 1591
1494 1983
1495 1498
1495 1518
1495 1545
1495 1552
1495 1562
1495 1568
1495 1569
1495 1579
1495 1584
1495 1587
1495 1589
1495 1601
1496 1529
1496 1547
1496 1558
1496 1561
1496 1571
1496 1588
1496 1592
1496 1599
1496 2039
1497 1511
1497 1555
1497 1568
1497 1573
1497 1584
1497 1589
1498 1500
1498 1501
1498 1521
1498 1523
1498 1530
1498 1537
1498 1540
1498 1541
1498 1545
1498 1553
1498 1560
1498 1593
1499 1508
1499 1512
1499 1522
1499 1524
1499 1540
1499 1573
1499 1593
1499 1594
1499 1859
1500 1518
1500 1522
1500 1525
1500 1529
1500 1537
1500 1559
1500 1562
1500 1571
1500 1573
1501 1504
1501 1512
1501 1551
1502 1529
1502 1532
1502 1542
1502 1558
1502 1559
1502 1568
1502 1579
1502 1598
1502 2007
1503 1509
1503 1528
1503 1529
1503 1534
1503 1535
1503 1543
1503 1583
1503 1597
1504 1517
1504 1521
1504 1546
1504 1557
1504 1569
1504 1576
1504 1578
1504 1584
1504 1590
1504 1601
1504 1612
1504 1761
1505 1518
1505 1526
1505 1535
1505 1537
1505 1553
1505 1554
1505 1570
1505 1571
1505 1575
1505 1586
1505 1593
1505 1726
1506 1510
1506 1519
1506 1520
1506 1542
1506 1548
1506 1587
1506 1737
1507 1513
1507 1527
1507 1534
1507 1540
1507 1545
1507 1549
1507 1572
1507 1576
1507 1585
1507 1595
1508 1516
1508 1524
1508 1553
1508 1577
1508 1581
1508 1584
1508 1595
1508 1596
1508 2063
1509 1523
1509 1543
1509 1551
1509 1561
1509 1579
1509 1587
1509 1591
1509 1595
1509 1599
1510 1529
1510 1535
1510 1541
1510 1542
1510 1548
1510 1565
1510 1576
1510 2045
1510 2066
1511 1516
1511 1519
1511 1521
1511 1525
1511 1537
1511 1544
1511 1557
1511 1561
1511 1568
1511 1581
1511 1848
1512 1534
1512 1554
1512 1559
1512 1565
1512 1586
1513 1527
1513 1534
1513 1543
1513 1550
1513 1566
1513 1583
1513 1586
1513 1600
1513 1654
1513 1655
1514 1574
1514 1575
1514 1589
1514 1598
1515 1522
1515 1529
1515 1535
1515 1569
1515 1583
1515 1589
1516 1519
1516 1532
1516 1545
1516 1567
1516 1591
1517 1526
1517 1536
1517 1551
1517 1564
1517 1566
1517 1567
1517 1572
1517 1602
1518 1523
1518 1524
1518 1527
1518 1528
1518 1536
1518 1537
1518 1544
1518 1563
1518 1703
1519 1526
1519 1535
1519 1536
1519 1552
1519 1558
1519 1602
1520 1524
1520 1528
1520 1533
1520 1537
1520 1570
1520 1599
1520 2050
1521 1529
1521 1549
1521 1550
1521 1551
1521 1583
1521 1584
1521 1596
1521 1725
1521 1828
1522 1541
1522 1542
1522 1561
1522 1565
1522 1601
1523 1541
1523 1552
1523 1554
1523 1573
1523 1584
1523 1588
1523 1592
1523 1593
1524 1537
1524 1566
1524 1576
1524 1591
1524 1595
1525 1588
1526 1538
1526 1557
1526 1578
1526 1600
1527 1537
1527 1540
1527 1588
1527 1594
1528 1541
1528 1542
1528 1544
1528 1586
1528 1602
1528 1768
1528 2020
1529 1533
1529 1543
1529 1559
1529 1585
1530 1532
1530 1543
1530 1560
1530 1565
1530 1590
1530 1684
1531 1539
1531 1552
1531 1568
1531 1587
1531 1737
1532 1553
1532 1568
1532 1574
1532 1883
1533 1541
1533 1552
1533 1556
1533 1558
1533 1570
1533 1572
1533 1576
1533 1592
1534 1538
1534 1557
1534 1571
1534 1578
1534 1587
1534 1596
1534 1874
1535 1578
1535 1579
1535 1580
1535 1587
1535 1592
1535 1783
1536 1555
1536 1572
1536 1576
1536 1730
1537 1544
1537 1556
1537 1579
1537 1587
1537 1593
1537 1951
1538 1561
1538 1571
1538 1595
1538 1596
1538 1916
1538 2061
1539 1547
1539 1550
1539 1559
1539 1563
1539 1596
1540 1557
1540 1564
1540 1573
1540 1584
1540 1588
1540 1592
1540 1594
1540 1602
1540 1954
1541 1568
1541 1595
1541 1713
1542 1561
1542 1583
1542 1586
1543 1566
1543 1579
1543 1598
1543 1599
1543 2063
1544 1564
1544 1572
1544 1596
1544 1597
1544 1863
1545 1547
1545 1566
1545 1568
1545 1587
1545 1595
1545 1833
1545 1901
1546 1547
1546 1548
1546 1587
1546 1593
1546 2038
1547 1548
1548 1569
1548 1591
1548 1949
1548 2027
1549 1558
1549 1560
1549 1566
1549 1586
1549 1600
1549 1995
1550 1553
1550 1559
1550 1571
1550 1574
1550 1583
1550 1591
1550 1926
1551 1553
1551 1567
1551 1571
1551 1575
1551 1576
1551 1579
1551 1593
1551 1601
1551 1806
1551 1949
1551 1983
1552 1560
1552 1565
1552 1571
1552 1589
1552 1592
1552 1986
1553 1598
1553 1654
1554 1570
1554 1589
1554 1590
1554 1602
1554 1623
1554 1679
1555 1556
1555 1572
1555 1770
1556 1558
1556 1570
1556 1578
1556 1594
1557 1578
1557 1584
1557 1587
1557 1597
1557 1600
1557 1790
1558 1568
1558 1571
1558 1572
1558 1584
1558 1594
1558 1597
1559 1560
1559 1562
1559 1567
1559 1571
1559 1578
1559 1593
1559 1852
1560 1561
1560 1569
1560 1582
1561 1598
1562 1566
1562 1568
1562 1571
1562 1593
1562 1596
1562 1599
1563 1580
1563 1593
1564 1570
1564 1571
1564 1596
1564 1599
1564 1683
1564 1743
1564 1792
1564 1795
1565 1591
1565 1754
1565 1864
1566 1582
1566 1583
1566 1597
1566 1607
1567 1579
1567 1599
1567 2003
1568 1586
1568 1591
1569 1571
1569 1573
1569 1584
1569 1588
1570 1597
1570 1954
1570 1991
1571 1590
1571 1602
1571 1669
1571 1890
1572 1573
1572 1584
1573 1589
1573 1592
1573 1594
1574 1575
1574 1591
1574 1602
1574 1679
1575 1585
1575 1596
1576 1578
1576 1583
1576 1585
1576 1594
1576 1602
1576 1657
1577 1583
1578 1580
1578 1587
1578 1595
1579 1588
1579 1590
1579 1596
1579 1600
1579 1743
1581 1590
1581 1942
1582 1597
1582 1718
1584 1591
1584 1598
1584 1849
1584 1904
1585 1590
1586 1592
1586 1596
1588 1590
1588 1601
1589 1594
1589 1620
1589 1838
1590 1595
1590 1596
1590 1598
1591 1592
1591 1598
1591 1802
1592 1596
1592 1676
1597 1780
1598 2043
1599 1602
1599 1768
1600 1643
1602 1831
1603 1611
1603 1624
1603 1629
1603 1639
1603 1647
1603 1661
1603 1665
1603 1670
1603 1673
1603 1682
1603 1683
1603 1707
1603 1731
1603 1763
1603 1764
1603 1769
1603 1770
1603 1781
1603 1801
1603 1825
1604 1610
1604 1612
1604 1641
1604 1649
1604 1683
1604 1693
1604 1727
1604 1739
1604 1748
1604 1756
1604 1766
1604 1796
1604 1820
1605 1608
1605 1609
1605 1651
1605 1668
1605 1670
1605 1675
1605 1707
1605 1708
1605 1739
1605 1745
1605 1784
1605 1788
1605 1803
1605 1809
1605 1818
1605 1819
1605 1826
1606 1614
1606 1623
1606 1629
1606 1660
1606 1664
1606 1679
1606 1718
1606 1728
1606 1730
1606 1735
1606 1750
1606 1772
1606 1779
1606 1781
1606 1811
1606 1822
1606 1827
1607 1608
1607 1618
1607 1633
1607 1647
1607 1663
1607 1677
1607 1703
1607 1705
1607 1713
1607 1718
1607 1725
1607 1730
1607 1748
1607 1749
1607 1751
1607 1752
1607 1754
1607 1757
1607 1782
1607 1786
1607 1799
1607 1814
1607 1828
1607 1829
1608 1657
1608 1662
1608 1665
1608 1680
1608 1693
1608 1701
1608 1738
1608 1739
1608 1740
1608 1746
1608 1771
1608 1777
1608 1822
1608 1823
1608 1826
1609 1612
1609 1613
1609 1629
1609 1636
1609 1644
1609 1647
1609 1651
1609 1663
1609 1671
1609 1691
1609 1692
1609 1701
1609 1704
1609 1731
1609 1732
1609 1734
1609 1740
1609 1743
1609 1759
1609 1774
1610 1630
1610 1639
1610 1674
1610 1687
1610 1689
1610 1690
1610 1696
1610 1726
1610 1738
1610 1748
1610 1752
1610 1778
1610 1796
1610 1800
1610 1807
1610 1819
1610 1829
1611 1670
1611 1679
1611 1686
1611 1699
1611 1709
1611 1720
1611 1767
1611 1778
1611 1790
1611 1801
1611 1817
1612 1621
1612 1628
1612 1631
1612 1634
1612 1648
1612 1654
1612 1676
1612 1701
1612 1734
1612 1752
1612 1799
1612 1820
1612 1831
1612 1979
1613 1614
1613 1618
1613 1621
1613 1635
1613 1648
1613 1650
1613 1702
1613 1704
1613 1715
1613 1726
1613 1736
1613 1749
1613 1779
1613 1790
1613 1797
1614 1636
1614 1642
1614 1647
1614 1649
1614 1655
1614 1663
1614 1664
1614 1694
1614 1696
1614 1716
1614 1784
1614 1813
1614 1985
1615 1624
1615 1634
1615 1654
1615 1682
1615 1683
1615 1685
1615 1704
1615 1712
1615 1723
1615 1732
1615 1735
1615 1742
1615 1745
1615 1749
1615 1755
1615 1767
1615 1772
1615 1778
1615 1780
1615 1781
1615 1791
1615 1796
1615 1800
1615 1823
1615 1830
1616 1634
1616 1680
1616 1681
1616 1705
1616 1710
1616 1716
1616 1717
1616 1744
1616 1756
1616 1766
1616 1793
1616 1808
1616 1815
1616 1816
1616 1825
1616 1830
1617 1622
1617 1642
1617 1658
1617 1661
1617 1666
1617 1672
1617 1678
1617 1684
1617 1685
1617 1699
1617 1705
1617 1769
1617 1805
1617 1816
1617 1821
1617 1822
1617 1990
1618 1641
1618 1682
1618 1687
1618 1688
1618 1725
1618 1728
1618 1752
1619 1626
1619 1648
1619 1658
1619 1669
1619 1680
1619 1705
1619 1713
1619 1723
1619 1725
1619 1732
1619 1747
1619 1783
1619 1808
1619 1820
1619 1829
1620 1629
1620 1638
1620 1641
1620 1658
1620 1683
1620 1709
1620 1726
1620 1730
1620 1748
1620 1761
1620 1782
1620 1784
1620 1794
1620 1798
1621 1660
1621 1676
1621 1677
1621 1682
1621 1687
1621 1701
1621 1722
1621 1723
1621 1724
1621 1736
1621 1752
1621 1772
1621 1776
1621 1787
1621 1805
1621 1809
1621 1827
1621 2038
1622 1631
1622 1643
1622 1663
1622 1672
1622 1678
1622 1724
1622 1730
1622 1746
1622 1747
1622 1749
1622 1751
1622 1753
1622 1758
1622 1791
1622 1979
1622 2006
1623 1627
1623 1648
1623 1650
1623 1652
1623 1653
1623 1656
1623 1683
1623 1685
1623 1708
1623 1711
1623 1727
1623 1731
1623 1733
1623 1757
1623 1777
1623 1788
1623 1793
1623 1798
1623 1806
1623 1940
1624 1642
1624 1647
1624 1660
1624 1666
1624 1678
1624 1686
1624 1696
1624 1724
1624 1744
1624 1778
1624 1800
1624 1815
1624 1819
1624 1825
1624 1830
1624 1831
1624 1883
1625 1626
1625 1635
1625 1641
1625 1659
1625 1706
1625 1732
1625 1733
1625 1778
1625 1794
1625 1808
1625 1818
1625 1822
1626 1686
1626 1708
1626 1720
1626 1725
1626 1739
1626 1743
1626 1810
1626 1821
1627 1647
1627 1654
1627 1665
1627 1680
1627 1722
1627 1727
1627 1728
1627 1737
1627 1754
1627 1766
1627 1773
1627 1788
1627 1800
1628 1652
1628 1665
1628 1689
1628 1709
1628 1710
1628 1717
1628 1736
1628 1759
1628 1795
1628 1797
1628 1805
1628 1815
1628 2065
1629 1640
1629 1660
1629 1666
1629 1669
1629 1675
1629 1683
1629 1726
1629 1743
1629 1747
1629 1751
1629 1775
1629 1794
1629 1803
1629 1807
1629 1811
1629 1821
1630 1651
1630 1658
1630 1663
1630 1692
1630 1718
1630 1726
1630 1761
1630 1784
1630 1806
1630 1817
1630 1821
1631 1662
1631 1663
1631 1666
1631 1670
1631 1677
1631 1696
1631 1709
1631 1734
1631 1745
1631 1752
1631 1759
1631 1773
1631 1782
1631 1798
1631 1818
1632 1636
1632 1679
1632 1696
1632 1741
1632 1742
1632 1743
1632 1759
1632 1791
1632 1803
1632 1813
1632 1823
1633 1646
1633 1652
1633 1701
1633 1719
1633 1722
1633 1728
1633 1739
1633 1758
1633 1769
1633 1787
1633 1804
1633 1809
1633 1815
1633 1827
1633 1828
1634 1643
1634 1644
1634 1665
1634 1686
1634 1687
1634 1707
1634 1710
1634 1718
1634 1733
1634 1741
1634 1743
1634 1745
1634 1753
1634 1754
1634 1763
1634 1773
1634 1774
1634 1793
1634 1797
1635 1655
1635 1656
1635 1685
1635 1691
1635 1692
1635 1698
1635 1730
1635 1731
1635 1753
1635 1754
1635 1762
1635 1780
1635 1782
1635 1802
1636 1638
1636 1648
1636 1655
1636 1656
1636 1674
1636 1684
1636 1691
1636 1697
1636 1716
1636 1720
1636 1731
1636 1735
1636 1737
1636 1780
1636 1817
1636 1828
1637 1638
1637 1649
1637 1651
1637 1666
1637 1673
1637 1681
1637 1683
1637 1698
1637 1732
1637 1741
1637 1751
1637 1762
1637 1771
1637 1773
1637 1801
1637 1813
1638 1654
1638 1661
1638 1668
1638 1679
1638 1696
1638 1710
1638 1721
1638 1732
1638 1750
1638 1754
1638 1760
1638 1763
1638 1766
1638 1771
1638 1783
1638 1797
1638 1802
1638 1807
1639 1654
1639 1655
1639 1686
1639 1687
1639 1693
1639 1710
1639 1716
1639 1724
1639 1750
1639 1757
1639 1759
1639 1763
1639 1770
1639 1774
1639 1779
1639 1821
1639 1825
1640 1641
1640 1643
1640 1646
1640 1669
1640 1671
1640 1693
1640 1712
1640 1714
1640 1741
1640 1819
1641 1650
1641 1657
1641 1660
1641 1666
1641 1683
1641 1694
1641 1701
1641 1749
1641 1776
1641 1795
1641 1814
1641 1990
1642 1645
1642 1666
1642 1669
1642 1674
1642 1691
1642 1692
1642 1718
1642 1725
1642 1740
1642 1753
1642 1760
1642 1767
1642 1772
1642 1773
1642 1814
1642 1817
1642 1819
1642 1831
1643 1667
1643 1695
1643 1696
1643 1713
1643 1723
1643 1746
1643 1770
1643 1774
1643 1787
1643 1815
1643 1817
1643 1824
1643 2007
1643 2059
1644 1675
1644 1718
1644 1719
1644 1731
1644 1741
1644 1744
1644 1747
1644 1772
1644 1773
1644 1793
1644 1830
1644 1850
1644 1887
1645 1647
1645 1651
1645 1663
1645 1674
1645 1684
1645 1692
1645 1711
1645 1726
1645 1777
1645 1781
1645 1784
1645 1801
1645 1816
1645 1999
1646 1669
1646 1671
1646 1683
1646 1708
1646 1712
1646 1719
1646 1721
1646 1726
1646 1737
1646 1745
1646 1750
1646 1754
1646 1760
1646 1762
1646 1769
1646 1789
1646 1791
1646 1812
1647 1649
1647 1667
1647 1671
1647 1672
1647 1679
1647 1680
1647 1688
1647 1721
1647 1725
1647 1733
1647 1757
1647 1764
1647 1765
1647 1772
1647 1783
1647 1791
1647 1812
1647 1816
1648 1660
1648 1676
1648 1702
1648 1715
1648 1716
1648 1727
1648 1734
1648 1738
1648 1745
1648 1755
1648 1761
1648 1775
1648 1777
1648 1781
1648 1783
1648 1803
1648 1805
1648 1806
1648 1813
1648 1825
1648 1826
1649 1660
1649 1679
1649 1683
1649 1687
1649 1704
1649 1711
1649 1746
1649 1748
1649 1753
1649 1755
1649 1788
1649 1811
1649 1953
1650 1658
1650 1661
1650 1670
1650 1687
1650 1723
1650 1738
1650 1750
1650 1771
1650 1776
1650 1787
1650 1795
1650 1796
1650 1799
1650 1803
1650 1815
1650 1831
1650 2039
1651 1718
1651 1733
1651 1752
1651 1758
1651 1764
1651 1769
1651 1809
1652 1675
1652 1720
1652 1723
1652 1739
1652 1759
1652 1777
1652 1779
1652 1800
1652 1814
1652 1818
1652 1820
1652 1827
1653 1658
1653 1685
1653 1699
1653 1715
1653 1726
1653 1772
1653 1778
1653 1784
1653 1810
1653 1819
1654 1656
1654 1721
1654 1756
1654 1764
1654 1765
1654 1768
1654 1774
1655 1656
1655 1663
1655 1680
1655 1682
1655 1697
1655 1720
1655 1777
1655 1787
1655 1792
1655 1797
1655 1804
1656 1659
1656 1674
1656 1680
1656 1684
1656 1706
1656 1734
1656 1739
1656 1755
1656 1779
1656 1780
1656 1804
1656 1814
1657 1673
1657 1682
1657 1705
1657 1707
1657 1714
1657 1723
1657 1750
1657 1754
1657 1769
1657 1776
1657 1782
1657 1786
1657 1807
1657 2041
1658 1662
1658 1669
1658 1679
1658 1685
1658 1720
1658 1766
1659 1668
1659 1683
1659 1689
1659 1694
1659 1696
1659 1701
1659 1721
1659 1770
1659 1776
1659 1780
1659 1818
1659 1828
1660 1710
1660 1718
1660 1720
1660 1752
1660 1754
1660 1787
1660 1794
1660 1795
1660 1826
1660 1831
1661 1681
1661 1688
1661 1694
1661 1701
1661 1731
1661 1732
1661 1767
1661 1775
1661 1811
1661 1820
1661 1824
1661 2012
1662 1672
1662 1677
1662 1687
1662 1699
1662 1707
1662 1709
1662 1729
1662 1732
1662 1739
1662 1742
1662 1750
1662 1751
1662 1767
1662 1791
1662 1814
1662 1925
1663 1683
1663 1713
1663 1727
1663 1733
1663 1735
1663 1756
1663 1790
1663 1799
1663 1807
1663 1811
1663 1829
1664 1687
1664 1702
1664 1712
1664 1718
1664 1738
1664 1800
1664 1974
1665 1680
1665 1691
1665 1703
1665 1728
1665 1733
1665 1738
1665 1743
1665 1749
1665 1761
1665 1766
1665 1767
1665 1769
1665 1771
1665 1787
1665 1789
1665 1797
1665 1808
1665 1811
1666 1695
1666 1714
1666 1722
1666 1723
1666 1730
1666 1739
1666 1744
1666 1749
1666 1770
1666 1806
1666 1809
1666 1811
1666 1830
1667 1689
1667 1695
1667 1716
1667 1737
1667 1739
1667 1742
1667 1745
1667 1752
1667 1756
1667 1765
1667 1771
1667 1776
1667 1783
1667 1786
1667 1812
1667 1957
1668 1671
1668 1684
1668 1749
1668 1761
1668 1779
1668 1795
1668 1800
1668 1810
1668 1826
1669 1682
1669 1706
1669 1707
1669 1760
1669 1777
1669 1780
1669 1795
1669 1808
1669 1814
1669 1821
1670 1687
1670 1697
1670 1715
1670 1727
1670 1736
1670 1737
1670 1741
1670 1775
1670 1781
1670 1783
1670 1807
1670 1811
1670 1824
1671 1677
1671 1679
1671 1682
1671 1689
1671 1690
1671 1698
1671 1699
1671 1710
1671 1755
1671 1758
1671 1759
1671 1763
1671 1765
1671 1793
1671 1828
1671 1829
1672 1679
1672 1686
1672 1698
1672 1702
1672 1705
1672 1709
1672 1739
1672 1767
1672 1796
1672 1811
1672 1813
1672 1822
1672 1823
1672 1850
1673 1708
1673 1723
1673 1736
1673 1739
1673 1773
1673 1780
1673 1804
1673 1810
1673 1820
1674 1675
1674 1685
1674 1696
1674 1703
1674 1714
1674 1734
1674 1736
1674 1749
1674 1763
1674 1771
1674 1815
1674 1816
1674 1829
1674 1969
1674 2039
1675 1700
1675 1709
1675 1713
1675 1727
1675 1751
1675 1752
1675 1753
1675 1781
1675 1792
1675 1826
1676 1677
1676 1680
1676 1682
1676 1689
1676 1698
1676 1717
1676 1743
1676 1756
1676 1771
1676 1791
1676 1819
1676 1825
1676 1828
1676 1830
1677 1725
1677 1726
1677 1732
1677 1742
1677 1747
1677 1765
1677 1768
1677 1799
1677 1802
1677 1808
1677 1810
1678 1691
1678 1693
1678 1718
1678 1723
1678 1753
1678 1764
1678 1780
1678 1783
1678 1803
1678 1821
1678 1990
1679 1683
1679 1694
1679 1696
1679 1703
1679 1710
1679 1713
1679 1714
1679 1718
1679 1738
1679 1742
1679 1749
1679 1750
1679 1756
1679 1773
1679 1782
1679 1801
1679 1805
1679 1814
1679 1820
1679 1829
1680 1690
1680 1699
1680 1708
1680 1760
1680 1763
1680 1798
1680 1805
1680 1812
1680 1820
1681 1689
1681 1694
1681 1709
1681 1711
1681 1717
1681 1724
1681 1726
1681 1727
1681 1728
1681 1746
1681 1764
1681 1810
1681 1815
1682 1686
1682 1692
1682 1697
1682 1698
1682 1704
1682 1714
1682 1756
1682 1760
1682 1764
1682 1766
1682 1812
1682 1823
1683 1691
1683 1699
1683 1723
1683 1755
1683 1772
1683 1776
1683 1789
1683 1793
1684 1692
1684 1696
1684 1725
1684 1728
1684 1745
1684 1755
1684 1762
1684 1792
1684 1793
1684 1796
1684 1797
1684 1813
1684 1841
1685 1691
1685 1692
1685 1694
1685 1702
1685 1704
1685 1714
1685 1738
1685 1741
1685 1745
1685 1753
1685 1757
1685 1772
1685 1776
1685 1804
1685 1813
1685 1816
1685 1817
1685 1826
1685 1831
1686 1709
1686 1750
1686 1755
1686 1758
1686 1762
1686 1766
1686 1807
1686 1809
1686 1815
1686 1823
1686 1829
1687 1688
1687 1691
1687 1693
1687 1694
1687 1734
1687 1752
1687 1757
1687 1770
1687 1789
1687 1798
1687 1800
1687 1814
1687 1821
1687 1824
1688 1689
1688 1713
1688 1723
1688 1761
1688 1763
1688 1778
1688 1790
1688 1804
1688 1809
1688 1814
1688 1824
1688 1825
1689 1690
1689 1717
1689 1730
1689 1759
1689 1762
1689 1767
1689 1768
1689 1771
1689 1778
1689 1785
1689 1790
1689 1791
1689 1825
1690 1701
1690 1702
1690 1708
1690 1718
1690 1726
1690 1745
1690 1747
1690 1761
1690 1763
1690 1778
1690 1779
1690 1788
1690 1801
1690 1802
1690 1809
1690 1816
1690 1817
1690 1818
1690 1821
1691 1700
1691 1705
1691 1709
1691 1712
1691 1728
1691 1734
1691 1749
1691 1752
1691 1784
1691 1820
1691 1826
1691 1864
1692 1693
1692 1702
1692 1708
1692 1715
1692 1774
1692 1823
1692 1825
1692 1828
1692 1838
1693 1695
1693 1698
1693 1710
1693 1711
1693 1722
1693 1734
1693 1737
1693 1754
1693 1765
1693 1766
1693 1778
1693 1819
1693 1825
1693 1828
1693 1899
1694 1747
1694 1754
1694 1755
1694 1758
1694 1766
1694 1789
1694 1791
1694 1794
1694 1800
1694 1812
1694 1813
1694 1816
1694 1821
1694 1822
1695 1697
1695 1710
1695 1750
1695 1756
1695 1774
1695 1815
1696 1697
1696 1707
1696 1711
1696 1716
1696 1731
1696 1732
1696 1750
1696 1773
1696 1776
1696 1780
1696 1807
1696 1850
1697 1711
1697 1720
1697 1725
1697 1726
1697 1727
1697 1735
1697 1765
1697 1789
1697 1790
1697 1793
1697 1799
1697 1817
1697 1822
1697 1922
1698 1750
1698 1770
1698 1771
1698 1804
1698 1825
1698 1831
1699 1744
1699 1789
1699 1811
1699 1812
1699 1813
1699 1829
1700 1706
1700 1711
1700 1713
1700 1722
1700 1724
1700 1762
1700 1782
1700 1800
1700 1802
1700 1806
1700 1808
1700 1821
1700 1842
1701 1716
1701 1729
1701 1750
1701 1765
1701 1767
1701 1796
1702 1732
1702 1736
1702 1769
1702 1796
1702 1806
1703 1727
1703 1765
1703 1786
1703 1804
1703 1807
1703 1815
1703 1817
1703 1834
1704 1706
1704 1726
1704 1737
1704 1748
1704 1753
1704 1756
1704 1759
1704 1763
1704 1788
1704 1793
1704 1800
1704 1822
1704 1826
1704 1836
1705 1720
1705 1734
1705 1754
1705 1764
1705 1783
1705 1790
1705 1804
1705 1807
1705 1814
1705 1820
1705 1824
1706 1709
1706 1750
1706 1763
1706 1772
1706 1787
1706 1824
1707 1721
1707 1729
1707 1733
1707 1736
1707 1757
1707 1759
1707 1766
1707 1768
1707 1793
1707 1814
1707 2022
1708 1713
1708 1755
1708 1776
1708 1789
1708 1799
1708 1801
1708 1822
1708 1858
1709 1711
1709 1712
1709 1723
1709 1750
1709 1781
1709 1786
1709 1809
1709 2033
1710 1719
1710 1727
1710 1736
1710 1738
1710 1742
1710 1749
1710 1768
1710 1769
1710 1773
1710 1950
1711 1752
1711 1760
1711 1769
1711 1773
1711 1775
1711 1780
1711 1786
1711 1791
1711 1802
1711 1803
1711 1817
1711 1825
1711 1827
1711 1830
1711 1877
1712 1726
1712 1741
1712 1743
1712 1761
1712 1804
1712 1808
1712 1820
1712 1827
1712 1894
1713 1721
1713 1723
1713 1738
1713 1748
1713 1752
1713 1780
1713 1793
1713 1805
1713 1816
1713 1829
1714 1741
1714 1770
1714 1780
1714 1781
1714 1784
1714 1800
1714 1806
1714 1819
1715 1735
1715 1748
1715 1767
1715 1769
1716 1749
1716 1815
1717 1720
1717 1721
1717 1725
1717 1750
1717 1776
1717 1794
1717 1798
1718 1719
1718 1725
1718 1739
1718 1751
1718 1753
1718 1762
1718 1784
1718 1791
1718 1831
1718 1972
1719 1784
1719 1808
1719 1818
1720 1725
1720 1746
1720 1749
1720 1760
1720 1765
1720 1770
1720 1772
1720 1801
1720 1820
1720 2056
1721 1750
1721 1754
1721 1758
1721 1769
1721 1777
1721 1797
1721 1799
1721 1803
1721 1809
1721 1888
1722 1746
1722 1774
1722 1797
1722 1799
1722 1808
1722 1827
1723 1726
1723 1739
1723 1764
1723 1769
1723 1772
1723 1794
1723 1796
1723 1814
1723 1830
1724 1727
1724 1735
1724 1745
1724 1764
1724 1777
1724 1787
1724 1796
1724 1800
1724 1801
1724 1814
1725 1730
1725 1793
1725 1796
1725 1802
1725 1819
1725 1829
1726 1740
1726 1773
1726 1799
1726 1966
1727 1754
1727 1759
1727 1770
1727 1778
1727 1793
1727 1795
1727 1801
1727 1804
1727 1809
1727 1824
1728 1736
1728 1743
1728 1749
1728 1750
1728 1765
1728 1780
1728 1809
1729 1755
1729 1772
1729 1794
1729 1825
1729 1828
1730 1754
1730 1775
1730 1776
1730 1781
1730 1823
1730 1824
1731 1733
1731 1736
1731 1752
1731 1763
1731 1767
1731 1768
1731 1783
1731 1797
1731 1807
1731 1831
1732 1757
1732 1770
1732 1782
1732 1791
1732 1795
1732 1824
1733 1735
1733 1746
1733 1757
1733 1797
1733 1807
1733 1815
1734 1744
1734 1746
1734 1753
1734 1767
1734 1787
1734 1788
1734 1803
1734 1809
1734 1818
1734 1947
1735 1751
1735 1778
1735 1780
1735 1782
1735 1785
1735 1802
1735 1808
1735 1809
1735 1811
1735 1813
1735 1818
1735 1982
1736 1737
1736 1743
1736 1757
1736 1787
1736 1798
1736 1806
1737 1756
1737 1762
1737 1780
1737 1809
1737 1815
1737 1849
1737 1922
1738 1748
1738 1751
1738 1793
1738 1802
1738 1803
1739 1742
1739 1750
1739 1758
1739 1780
1739 1790
1739 1808
1739 1819
1739 1827
1740 1751
1740 1774
1740 1818
1740 1821
1740 1831
1741 1744
1741 1779
1741 1787
1741 1791
1741 1794
1742 1748
1742 1766
1742 1772
1742 1780
1742 1785
1742 1802
1742 1811
1742 1823
1743 1777
1743 1783
1743 1799
1743 1803
1743 1811
1743 1820
1744 1745
1744 1748
1744 1764
1744 1768
1744 1776
1744 1790
1744 1818
1745 1758
1745 1769
1745 1805
1745 1821
1746 1754
1746 1762
1746 1764
1746 1817
1747 1830
1747 1956
1748 1749
1748 1800
1748 1920
1749 1786
1749 1792
1749 1813
1749 1819
1750 1759
1750 1761
1750 1765
1750 1771
1750 1773
1750 1781
1750 1792
1750 1813
1751 1773
1751 1780
1751 1781
1751 1782
1751 1791
1751 1799
1751 1803
1751 1808
1751 1811
1751 1826
1752 1764
1752 1768
1752 1796
1752 1799
1752 1802
1752 1814
1752 1819
1752 1829
1753 1759
1753 1798
1754 1762
1754 1764
1754 1793
1754 1808
1754 1815
1754 1818
1754 1819
1754 1826
1755 1756
1755 1795
1755 1809
1755 1829
1755 1848
1756 1774
1756 1780
1756 1820
1756 1871
1757 1817
1757 1979
1758 1780
1758 1806
1758 1811
1758 1820
1758 1833
1759 1771
1759 1783
1759 1799
1759 1811
1759 2044
1760 1764
1760 1765
1760 1774
1760 1786
1760 1800
1760 1803
1760 2055
1761 1770
1761 1773
1761 1779
1761 1801
1761 1947
1762 1765
1762 1769
1762 1782
1762 1816
1762 1968
1763 1765
1763 1771
1763 1791
1763 1793
1763 1794
1763 1830
1764 1766
1764 1775
1764 1790
1764 1800
1764 1812
1764 1820
1764 1950
1765 1784
1765 1813
1765 1825
1765 1826
1766 1797
1766 1798
1766 1803
1766 1809
1766 1813
1766 1823
1767 1783
1767 1803
1767 1807
1767 1820
1767 1829
1767 1848
1768 1775
1768 1783
1768 1812
1768 1821
1769 1788
1769 1803
1769 1825
1769 2058
1770 1797
1770 1830
1771 1786
1771 1788
1771 1800
1771 1805
1771 1810
1771 1812
1771 1824
1772 1780
1772 1784
1772 1792
1772 1800
1772 1822
1773 1775
1773 1800
1773 1809
1773 1820
1773 1821
1774 1783
1774 1802
1774 1814
1774 1816
1774 1818
1774 1820
1774 1825
1774 1827
1774 1888
1775 1778
1775 1782
1775 1785
1775 1798
1775 1812
1776 1823
1777 1796
1777 1828
1778 1790
1778 1796
1778 1806
1779 1802
1779 1831
1780 1791
1780 1793
1780 1826
1781 1829
1782 1788
1782 1804
1782 1806
1782 1826
1782 1921
1783 1807
1783 1818
1783 1826
1783 1916
1784 1787
1784 1800
1785 1789
1785 1810
1785 1825
1786 1793
1786 1813
1786 1818
1786 1828
1786 1829
1786 1831
1787 1797
1787 1800
1787 1994
1788 1804
1788 1919
1788 1990
1789 1791
1789 1796
1789 1801
1790 1800
1791 1793
1791 1813
1791 1815
1792 1793
1792 1797
1792 1803
1792 1809
1792 1813
1792 1828
1792 1957
1793 1810
1793 1826
1794 1808
1794 1809
1794 1812
1794 1823
1795 1796
1795 1804
1795 1813
1795 1818
1795 1830
1795 1920
1796 1799
1796 1812
1796 1830
1797 1802
1797 1820
1797 1831
1798 1822
1798 1824
1798 1935
1799 1813
1799 1818
1799 1822
1800 1808
1800 1812
1800 1822
1800 1825
1801 1808
1801 1817
1801 1829
1803 1809
1803 1814
1803 1824
1804 1810
1805 1810
1805 1861
1805 1941
1806 1814
1806 1817
1806 1827
1806 1831
1807 1808
1807 1827
1807 1912
1808 1811
1808 1813
1808 1822
1808 1825
1808 1828
1809 1817
1809 1819
1809 1824
1809 1825
1810 1820
1810 1831
1811 1817
1811 1823
1811 1826
1811 1830
1812 1823
1813 1816
1813 1870
1814 1818
1815 1825
1815 1826
1815 1827
1815 1830
1817 1830
1819 1829
1819 1949
1820 1829
1821 1824
1822 1829
1823 1895
1824 1827
1824 1830
1824 1932
1826 1827
1826 1828
1826 1928
1827 1863
1828 1957
1832 1851
1832 1855
1832 1862
1832 1880
1832 1885
1832 1888
1832 1892
1832 1923
1832 1927
1832 1945
1832 1967
1832 1969
1832 1981
1832 1985
1832 2026
1832 2039
1832 2044
1832 2066
1833 1841
1833 1852
1833 1856
1833 1871
1833 1874
1833 1885
1833 1887
1833 1920
1833 1944
1833 1948
1833 1973
1833 1980
1833 1992
1833 2000
1833 2044
1833 2046
1833 2064
1834 1840
1834 1841
1834 1863
1834 1865
1834 1868
1834 1872
1834 1873
1834 1874
1834 1883
1834 1888
1834 1889
1834 1891
1834 1897
1834 1917
1834 1923
1834 1926
1834 1929
1834 1930
1834 1942
1834 1972
1834 1986
1834 1989
1834 2014
1834 2017
1834 2021
1834 2031
1834 2046
1834 2052
1835 1847
1835 1857
1835 1875
1835 1905
1835 1918
1835 1924
1835 1941
1835 1956
1835 1959
1835 1961
1835 1981
1835 1990
1835 1998
1835 2012
1835 2015
1835 2023
1835 2026
1835 2044
1835 2067
1836 1837
1836 1858
1836 1860
1836 1876
1836 1882
1836 1886
1836 1897
1836 1907
1836 1916
1836 1919
1836 1946
1836 2019
1836 2037
1837 1840
1837 1873
1837 1909
1837 1910
1837 1929
1837 1932
1837 1954
1837 1957
1837 1974
1837 1980
1837 1991
1837 2015
1837 2017
1837 2020
1837 2065
1838 1843
1838 1845
1838 1847
1838 1851
1838 1854
1838 1857
1838 1867
1838 1871
1838 1877
1838 1907
1838 1909
1838 1911
1838 1921
1838 1942
1838 1948
1838 1968
1838 1980
1838 1989
1838 1996
1838 1998
1838 2010
1838 2017
1838 2021
1838 2052
1839 1841
1839 1850
1839 1851
1839 1857
1839 1884
1839 1894
1839 1906
1839 1911
1839 1915
1839 1960
1839 1966
1839 2005
1839 2017
1839 2052
1839 2060
1840 1853
1840 1861
1840 1869
1840 1881
1840 1887
1840 1913
1840 1921
1840 1922
1840 1924
1840 1930
1840 1942
1840 1951
1840 1992
1840 2029
1840 2037
1840 2039
1840 2053
1840 2060
1840 2061
1841 1863
1841 1910
1841 1928
1841 1954
1841 1955
1841 1982
1841 2004
1841 2005
1841 2009
1841 2029
1841 2051
1841 2057
1841 2062
1842 1867
1842 1875
1842 1887
1842 1895
1842 1906
1842 1923
1842 1956
1842 1964
1842 1982
1842 1995
1842 2004
1842 2043
1842 2065
1843 1847
1843 1848
1843 1864
1843 1878
1843 1910
1843 1915
1843 1934
1843 1949
1843 1965
1843 2005
1843 2023
1843 2040
1843 2044
1843 2053
1843 2054
1843 2055
1844 1845
1844 1859
1844 1869
1844 1886
1844 1888
1844 1920
1844 1935
1844 1972
1844 1985
1844 2016
1844 2021
1844 2037
1844 2042
1844 2053
1844 2057
1844 2067
1845 1863
1845 1890
1845 1894
1845 1910
1845 1921
1845 1923
1845 1928
1845 1933
1845 1948
1845 1985
1845 2020
1845 2029
1845 2030
1845 2034
1845 2042
1846 1854
1846 1858
1846 1871
1846 1884
1846 1888
1846 1975
1846 1987
1846 1991
1846 1992
1846 2050
1846 2062
1847 1860
1847 1867
1847 1872
1847 1886
1847 1926
1847 1939
1847 1954
1847 1975
1847 1981
1847 2006
1847 2013
1847 2015
1847 2022
1847 2035
1848 1859
1848 1862
1848 1892
1848 1902
1848 1910
1848 1925
1848 1926
1848 1946
1848 1963
1848 1966
1848 1983
1848 1987
1848 1994
1848 2001
1848 2005
1848 2011
1848 2029
1848 2037
1848 2040
1848 2042
1848 2053
1849 1891
1849 1894
1849 1941
1849 1956
1849 1985
1849 1998
1849 2012
1849 2014
1849 2015
1849 2021
1849 2029
1849 2039
1850 1852
1850 1859
1850 1885
1850 1887
1850 1905
1850 1910
1850 1913
1850 1926
1850 1938
1850 1990
1850 2020
1850 2032
1850 2036
1851 1871
1851 1893
1851 1900
1851 1920
1851 1943
1851 1945
1851 1957
1851 1961
1851 1963
1851 1967
1851 1971
1851 1983
1851 1985
1851 2015
1851 2028
1851 2054
1851 2056
1852 1860
1852 1863
1852 1888
1852 1915
1852 1920
1852 1921
1852 1930
1852 1940
1852 1963
1852 1989
1852 2013
1852 2015
1852 2037
1852 2046
1852 2052
1852 2062
1853 1915
1853 1966
1853 1974
1853 1977
1853 1978
1853 1983
1853 1984
1853 1997
1853 2006
1853 2063
1854 1865
1854 1868
1854 1888
1854 1905
1854 1936
1854 1974
1854 1978
1854 1992
1854 2005
1854 2006
1854 2009
1854 2012
1854 2026
1854 2027
1854 2034
1854 2037
1854 2040
1854 2048
1855 1868
1855 1894
1855 1920
1855 1946
1855 1947
1855 1953
1855 1962
1855 1963
1855 1972
1855 1981
1855 1991
1855 2009
1856 1875
1856 1921
1856 1928
1856 1930
1856 1953
1856 1976
1856 1977
1856 1990
1856 1994
1856 2017
1856 2021
1856 2049
1856 2051
1856 2057
1856 2064
1856 2067
1857 1900
1857 1908
1857 1922
1857 1930
1857 1968
1857 1973
1857 1993
1857 2003
1857 2007
1857 2013
1857 2032
1857 2063
1857 2065
1858 1860
1858 1886
1858 1887
1858 1893
1858 1898
1858 1913
1858 1926
1858 1929
1858 1941
1858 1956
1858 1984
1858 2013
1858 2021
1858 2025
1858 2044
1858 2053
1858 2056
1858 2066
1859 1883
1859 1895
1859 1911
1859 1917
1859 1961
1859 1971
1859 1991
1859 1992
1859 1998
1859 2011
1859 2023
1859 2026
1859 2028
1859 2029
1860 1861
1860 1910
1860 1932
1860 1936
1860 1943
1860 1955
1860 1966
1860 1980
1860 1982
1860 1983
1860 2008
1860 2030
1860 2057
1860 2060
1860 2062
1861 1867
1861 1869
1861 1911
1861 1913
1861 1917
1861 1942
1861 1968
1861 1971
1861 1973
1861 1974
1861 1983
1861 2063
1862 1875
1862 1877
1862 1883
1862 1903
1862 1905
1862 1907
1862 1908
1862 1911
1862 1916
1862 1932
1862 1948
1862 1953
1862 1980
1862 1983
1862 1995
1862 2014
1862 2020
1862 2046
1862 2052
1863 1876
1863 1904
1863 1959
1863 1965
1863 1978
1863 2001
1863 2011
1863 2028
1863 2050
1863 2057
1863 2064
1863 2065
1864 1872
1864 1883
1864 1905
1864 1909
1864 1916
1864 1932
1864 1935
1864 1962
1864 2006
1864 2017
1864 2025
1864 2039
1864 2040
1864 2047
1864 2064
1865 1868
1865 1913
1865 1945
1865 1947
1865 1964
1865 1967
1865 1976
1865 2013
1865 2018
1865 2030
1865 2033
1865 2039
1865 2044
1865 2052
1866 1870
1866 1872
1866 1876
1866 1894
1866 1902
1866 1913
1866 1917
1866 1930
1866 1974
1866 1976
1866 1994
1866 2042
1866 2054
1867 1879
1867 1881
1867 1890
1867 1893
1867 1908
1867 1914
1867 1915
1867 1928
1867 1940
1867 1964
1867 1965
1867 1967
1867 1986
1867 1994
1867 2011
1867 2014
1867 2027
1867 2046
1867 2058
1868 1876
1868 1887
1868 1912
1868 1933
1868 1941
1868 1945
1868 1959
1868 1983
1868 1990
1868 1996
1868 2009
1868 2056
1868 2058
1868 2065
1868 2067
1869 1879
1869 1897
1869 1930
1869 1933
1869 1951
1869 1964
1869 1978
1869 1991
1869 1992
1869 2016
1869 2028
1869 2052
1869 2064
1870 1884
1870 1887
1870 1903
1870 1920
1870 1931
1870 1940
1870 1977
1870 1978
1870 2021
1870 2037
1870 2041
1871 1874
1871 1895
1871 1918
1871 1919
1871 1929
1871 1936
1871 1937
1871 1938
1871 1945
1871 1953
1871 1966
1871 1974
1871 2016
1872 1885
1872 1912
1872 1918
1872 1922
1872 1929
1872 1956
1872 1979
1872 1985
1872 2045
1872 2054
1873 1884
1873 1912
1873 1914
1873 1924
1873 1932
1873 1937
1873 1944
1873 1970
1873 1988
1873 2011
1873 2014
1873 2061
1873 2062
1874 1900
1874 1928
1874 1938
1874 1972
1874 1984
1874 1992
1874 1996
1874 2005
1874 2009
1874 2028
1874 2046
1874 2055
1875 1901
1875 1927
1875 1938
1875 1948
1875 1954
1875 1955
1875 1973
1875 2008
1875 2018
1875 2032
1875 2036
1875 2061
1876 1915
1876 1916
1876 1921
1876 1933
1876 1952
1876 1981
1876 1986
1876 1993
1876 1996
1876 2013
1876 2033
1876 2034
1876 2047
1876 2050
1876 2054
1876 2058
1876 2061
1876 2066
1877 1897
1877 1911
1877 1931
1877 1948
1877 1989
1877 2007
1877 2025
1877 2039
1877 2040
1877 2060
1877 2061
1878 1881
1878 1896
1878 1918
1878 1948
1878 1949
1878 1991
1878 2021
1878 2027
1878 2039
1878 2045
1878 2049
1879 1882
1879 1884
1879 1898
1879 1923
1879 1924
1879 1927
1879 1954
1879 1962
1879 1969
1879 1994
1879 2015
1879 2033
1879 2035
1879 2043
1879 2056
1879 2063
1880 1885
1880 1902
1880 1904
1880 1913
1880 1922
1880 1954
1880 1968
1880 1984
1880 1986
1880 2007
1880 2015
1880 2043
1880 2056
1880 2062
1881 1882
1881 1908
1881 1955
1881 1972
1881 1980
1881 1990
1881 2035
1881 2036
1881 2063
1881 2066
1881 2067
1882 1886
1882 1896
1882 1897
1882 1900
1882 1917
1882 1922
1882 1924
1882 1934
1882 1996
1882 2024
1882 2035
1882 2039
1882 2057
1883 1904
1883 1921
1883 1946
1883 1976
1883 1979
1883 1983
1883 2018
1883 2042
1883 2055
1883 2060
1884 1900
1884 1912
1884 1914
1884 1958
1884 1970
1884 1986
1884 1995
1884 2005
1884 2010
1884 2013
1884 2015
1884 2023
1884 2037
1884 2056
1884 2057
1885 1920
1885 1924
1885 1953
1885 1959
1885 1997
1885 2054
1885 2063
1886 1892
1886 1899
1886 1909
1886 1914
1886 1987
1886 1995
1886 1997
1886 2001
1886 2002
1886 2012
1886 2026
1886 2029
1886 2064
1887 1931
1887 1934
1887 1950
1887 1980
1887 1989
1887 2008
1887 2012
1887 2022
1887 2032
1888 1901
1888 1918
1888 1957
1888 1980
1888 1989
1888 2025
1888 2043
1889 1890
1889 1900
1889 1913
1889 1915
1889 1919
1889 1934
1889 1943
1889 1965
1889 1976
1889 1978
1889 2002
1889 2031
1889 2045
1889 2052
1889 2064
1889 2065
1890 1893
1890 1912
1890 1921
1890 1933
1890 1939
1890 1941
1890 1943
1890 1969
1890 1989
1890 1996
1890 2000
1890 2001
1890 2012
1890 2014
1890 2017
1890 2023
1890 2024
1890 2031
1890 2033
1890 2035
1890 2038
1891 1896
1891 1901
1891 1910
1891 1922
1891 1934
1891 1955
1891 2007
1891 2020
1891 2035
1891 2066
1892 1909
1892 1914
1892 1928
1892 1931
1892 1938
1892 1968
1892 1969
1892 1971
1892 2007
1892 2039
1892 2055
1893 1898
1893 1902
1893 1911
1893 1914
1893 1926
1893 1932
1893 1943
1893 1948
1893 1958
1893 1960
1893 1962
1893 1973
1893 1981
1893 2001
1893 2010
1893 2022
1893 2026
1893 2030
1893 2032
1893 2039
1893 2066
1894 1899
1894 1909
1894 1923
1894 1943
1894 1945
1894 1946
1894 1948
1894 1957
1894 1959
1894 1978
1894 1982
1894 1997
1894 1999
1894 2003
1894 2009
1894 2018
1894 2028
1894 2041
1894 2057
1895 1916
1895 1951
1895 1958
1895 1973
1895 1977
1895 1997
1895 1998
1895 2002
1895 2007
1895 2029
1895 2032
1895 2053
1895 2065
1896 1900
1896 1937
1896 1973
1896 2006
1896 2029
1896 2039
1896 2042
1896 2045
1896 2048
1896 2057
1896 2063
1897 1929
1897 1968
1897 1976
1897 1988
1897 1997
1897 2004
1897 2014
1897 2020
1897 2029
1897 2035
1897 2043
1897 2048
1897 2051
1897 2054
1898 1946
1898 1976
1898 1982
1898 1983
1898 2014
1898 2032
1898 2045
1898 2061
1899 1912
1899 1916
1899 1944
1899 1950
1899 1960
1899 1984
1899 1998
1899 2013
1899 2023
1899 2024
1899 2049
1899 2060
1900 1913
1900 1918
1900 1921
1900 1928
1900 1942
1900 1943
1900 1952
1900 1979
1900 1987
1900 2003
1900 2009
1900 2013
1900 2016
1900 2041
1900 2058
1901 1902
1901 1937
1901 1974
1901 1975
1901 1979
1901 1981
1901 2005
1901 2008
1901 2025
1901 2042
1901 2053
1901 2060
1901 2063
1902 1910
1902 1913
1902 1928
1902 1930
1902 1932
1902 1942
1902 2006
1902 2027
1902 2029
1902 2030
1902 2040
1903 1908
1903 1913
1903 1917
1903 1926
1903 1940
1903 1957
1903 1959
1903 1960
1903 1974
1903 1981
1903 1994
1903 1996
1903 2025
1903 2030
1903 2059
1903 2063
1904 1905
1904 1906
1904 1927
1904 1945
1904 1961
1904 1963
1904 1981
1904 1994
1904 2007
1904 2012
1904 2013
1904 2015
1904 2037
1904 2040
1904 2047
1905 1922
1905 1926
1905 1945
1905 1950
1905 1961
1905 1972
1905 2003
1905 2037
1905 2046
1905 2054
1906 1929
1906 1932
1906 1970
1906 1987
1906 1988
1906 1998
1906 2022
1906 2029
1906 2050
1906 2052
1906 2060
1906 2063
1907 1910
1907 1914
1907 1918
1907 1922
1907 1954
1907 1989
1907 2007
1907 2009
1907 2011
1907 2035
1907 2052
1907 2053
1907 2056
1908 1913
1908 1919
1908 1920
1908 1925
1908 1929
1908 1934
1908 1962
1908 1963
1908 1967
1908 1983
1908 1986
1908 2051
1909 1927
1909 1937
1909 1944
1909 1957
1909 1969
1909 1980
1909 1982
1909 1991
1909 1999
1909 2007
1909 2010
1909 2023
1909 2042
1909 2059
1909 2063
1910 1913
1910 1915
1910 1923
1910 1929
1910 1962
1910 1987
1910 1997
1910 2021
1910 2040
1910 2049
1911 1917
1911 1920
1911 1953
1911 1958
1911 2014
1911 2027
1911 2033
1912 1917
1912 1933
1912 1948
1912 1962
1912 1968
1912 1987
1912 1991
1912 1993
1912 2024
1912 2054
1912 2062
1912 2063
1913 1924
1913 1963
1913 1981
1913 2005
1913 2041
1914 1944
1914 1957
1914 1962
1914 1983
1914 1989
1914 2004
1914 2014
1914 2027
1914 2049
1914 2061
1915 1918
1915 1930
1915 1937
1915 1940
1915 1948
1915 1949
1915 1956
1915 1968
1915 1983
1915 1985
1915 1989
1915 1993
1915 2015
1915 2025
1915 2041
1915 2049
1916 1922
1916 1951
1916 1962
1916 1969
1916 1985
1916 1993
1916 2007
1916 2019
1916 2020
1916 2047
1916 2052
1916 2067
1917 1922
1917 1937
1917 1947
1917 1957
1917 1991
1917 2031
1917 2045
1917 2062
1918 1919
1918 1925
1918 1942
1918 1960
1918 1969
1918 2009
1918 2014
1918 2034
1918 2046
1918 2047
1918 2066
1919 1926
1919 1938
1919 1950
1919 1954
1919 1957
1919 1963
1919 1973
1919 2022
1919 2042
1919 2052
1919 2063
1920 1952
1920 1961
1920 2020
1920 2047
1920 2050
1920 2058
1921 1925
1921 1950
1921 1957
1921 1967
1921 2022
1921 2034
1921 2042
1921 2046
1921 2047
1921 2062
1922 1943
1922 1970
1922 2022
1922 2027
1922 2029
1922 2062
1922 2064
1923 1943
1923 1974
1923 1977
1923 1978
1923 1983
1923 2005
1923 2009
1923 2031
1923 2035
1923 2047
1924 1932
1924 1947
1924 1948
1924 1968
1924 2014
1924 2035
1925 1932
1925 2008
1925 2014
1925 2031
1925 2046
1925 2050
1925 2052
1925 2061
1926 1927
1926 1933
1926 1936
1926 1986
1926 2014
1926 2023
1926 2039
1926 2066
1927 1987
1927 2001
1927 2015
1927 2018
1927 2023
1927 2042
1928 1932
1928 1964
1928 1974
1928 1983
1928 2000
1928 2007
1928 2023
1928 2024
1928 2034
1928 2037
1928 2044
1928 2046
1928 2056
1929 1943
1929 1946
1929 1951
1929 1953
1929 1954
1929 1958
1929 1983
1929 2011
1929 2022
1929 2032
1930 1934
1930 1955
1930 1966
1930 1976
1930 1994
1930 2029
1930 2052
1931 1950
1931 1962
1931 1970
1931 1975
1931 1988
1931 1997
1931 2018
1931 2034
1931 2055
1931 2057
1931 2067
1932 1945
1932 1955
1932 1958
1932 1960
1932 2000
1932 2025
1933 1935
1933 1957
1933 1967
1933 1982
1933 2009
1933 2016
1933 2022
1933 2028
1933 2036
1933 2056
1933 2061
1934 1943
1934 1947
1934 1964
1934 1977
1934 1985
1934 2005
1934 2024
1934 2029
1934 2034
1934 2061
1934 2066
1935 1940
1935 1975
1935 1982
1935 1990
1935 2005
1935 2030
1935 2032
1935 2062
1936 1940
1936 1951
1936 2030
1936 2042
1936 2053
1936 2059
1936 2066
1936 2067
1937 1946
1937 1955
1937 1985
1937 1986
1937 2008
1937 2031
1937 2055
1937 2057
1938 1953
1938 1986
1938 2000
1938 2002
1938 2018
1938 2026
1938 2030
1938 2050
1939 1947
1939 1963
1939 1965
1939 1987
1939 1994
1939 2007
1939 2021
1939 2024
1939 2036
1939 2051
1940 1956
1940 1968
1940 1971
1940 1974
1940 1975
1940 1976
1940 1978
1940 1999
1940 2003
1940 2015
1940 2022
1940 2031
1940 2045
1940 2048
1941 1970
1941 1972
1941 2000
1941 2025
1941 2042
1941 2053
1941 2055
1942 1946
1942 1949
1942 1982
1942 2005
1942 2032
1942 2044
1943 1946
1943 1978
1943 2005
1943 2019
1943 2036
1943 2064
1944 1950
1944 1956
1944 1957
1944 1982
1944 1998
1944 2001
1944 2062
1944 2066
1945 1979
1945 1985
1945 1999
1945 2011
1945 2033
1945 2063
1946 1980
1946 1988
1946 2039
1946 2041
1947 1963
1947 1968
1947 1981
1947 1998
1947 2021
1947 2030
1947 2034
1947 2050
1948 1951
1948 1957
1948 1969
1948 1973
1948 2001
1948 2003
1948 2037
1949 1960
1949 1968
1949 1975
1949 1981
1949 1987
1949 2001
1949 2009
1949 2010
1949 2012
1949 2021
1949 2024
1949 2039
1949 2052
1949 2056
1949 2064
1950 1956
1950 1973
1950 1974
1950 1976
1950 1988
1950 1996
1950 1999
1951 1966
1951 1967
1951 1981
1951 1982
1951 1987
1951 1995
1951 2003
1951 2016
1952 1955
1952 1965
1952 1978
1952 2023
1952 2027
1952 2042
1952 2043
1952 2045
1952 2053
1952 2054
1952 2059
1953 1979
1953 1980
1953 1995
1953 1996
1953 2059
1953 2062
1954 1974
1954 1978
1954 2029
1955 1984
1955 1995
1955 2006
1955 2039
1955 2046
1955 2067
1956 1961
1956 1980
1956 1983
1956 2002
1956 2005
1956 2013
1956 2015
1956 2024
1956 2049
1956 2065
1957 2000
1957 2019
1957 2022
1957 2023
1957 2051
1958 1975
1958 1988
1958 2000
1958 2010
1958 2033
1958 2047
1958 2050
1958 2058
1958 2060
1958 2061
1958 2062
1959 1961
1959 1972
1959 1985
1959 1987
1959 1995
1959 2015
1959 2021
1959 2028
1959 2034
1959 2056
1960 1973
1960 1983
1960 1984
1960 2008
1960 2046
1960 2058
1961 1963
1961 1977
1961 1983
1961 2010
1961 2042
1961 2056
1961 2064
1962 2030
1962 2040
1962 2041
1962 2047
1963 1987
1963 1992
1963 2034
1963 2040
1963 2046
1964 1966
1964 1968
1964 1996
1964 1997
1964 2004
1964 2024
1964 2042
1964 2043
1964 2045
1964 2052
1964 2053
1965 1971
1965 2013
1965 2015
1965 2022
1965 2030
1965 2049
1965 2054
1966 1971
1966 1973
1966 1985
1966 2000
1966 2015
1966 2019
1966 2030
1966 2038
1966 2053
1966 2065
1967 1969
1967 2006
1967 2015
1968 1983
1968 1985
1968 1993
1968 1994
1968 1998
1968 1999
1968 2005
1968 2011
1969 1977
1969 2028
1969 2030
1969 2052
1970 1976
1970 1979
1970 2008
1970 2061
1971 2007
1971 2013
1971 2015
1971 2033
1972 1976
1972 1977
1972 1983
1972 2000
1972 2020
1972 2021
1972 2048
1973 1993
1973 2002
1973 2038
1973 2039
1973 2046
1973 2051
1973 2066
1974 1992
1974 1995
1974 2009
1974 2012
1974 2020
1974 2026
1974 2035
1974 2041
1974 2043
1974 2066
1975 1977
1975 1992
1975 2001
1975 2012
1975 2025
1975 2029
1975 2046
1975 2047
1975 2063
1975 2065
1976 1989
1976 1990
1976 2032
1976 2061
1976 2064
1977 1999
1977 2027
1977 2030
1977 2035
1977 2050
1978 2025
1978 2040
1978 2050
1978 2058
1978 2060
1979 1981
1979 1988
1979 2005
1979 2016
1979 2018
1979 2019
1979 2031
1979 2036
1980 1986
1980 2009
1980 2049
1980 2052
1980 2056
1980 2067
1981 2016
1981 2017
1981 2023
1981 2028
1981 2031
1981 2043
1982 2006
1982 2010
1982 2027
1982 2056
1983 1987
1983 1998
1983 2001
1983 2025
1983 2026
1984 2028
1984 2039
1984 2040
1984 2045
1984 2046
1984 2054
1985 1999
1985 2003
1985 2010
1985 2033
1985 2040
1985 2053
1986 2014
1986 2023
1986 2027
1986 2040
1986 2044
1986 2049
1986 2066
1987 1992
1987 2013
1987 2015
1987 2024
1987 2060
1987 2062
1988 2020
1988 2039
1989 1991
1989 2003
1989 2013
1989 2015
1989 2025
1989 2037
1989 2041
1989 2042
1989 2048
1989 2059
1990 2009
1990 2013
1990 2015
1990 2032
1991 1995
1991 2002
1991 2005
1991 2007
1991 2023
1991 2051
1992 1993
1992 2020
1992 2037
1992 2038
1992 2057
1993 2000
1993 2013
1993 2018
1993 2034
1994 2009
1994 2024
1994 2046
1994 2061
1995 2005
1995 2065
1996 2055
1996 2063
1997 2026
1997 2029
1997 2032
1997 2038
1997 2052
1997 2054
1997 2061
1998 2010
1998 2013
1998 2023
1998 2032
1998 2046
1998 2062
1999 2042
1999 2059
1999 2061
2000 2012
2000 2017
2000 2028
2000 2038
2000 2039
2000 2050
2001 2023
2001 2037
2001 2044
2001 2048
2001 2064
2002 2005
2002 2034
2002 2037
2002 2039
2002 2049
2002 2063
2002 2065
2003 2034
2003 2036
2003 2043
2003 2051
2003 2062
2004 2009
2004 2012
2004 2048
2004 2065
2005 2006
2005 2008
2005 2019
2005 2022
2006 2028
2006 2029
2006 2062
2007 2012
2007 2015
2007 2034
2007 2038
2007 2052
2007 2060
2008 2022
2008 2029
2008 2035
2008 2052
2009 2024
2009 2033
2009 2038
2009 2040
2009 2052
2009 2054
2009 2061
2010 2016
2010 2024
2010 2026
2010 2027
2010 2065
2011 2022
2011 2027
2011 2040
2011 2051
2011 2060
2011 2062
2011 2063
2011 2065
2011 2066
2012 2015
2012 2024
2013 2035
2013 2041
2013 2067
2014 2021
2014 2024
2014 2026
2015 2016
2015 2019
2015 2036
2015 2039
2015 2047
2015 2059
2016 2024
2016 2025
2017 2019
2017 2030
2017 2060
2018 2021
2018 2026
2018 2052
2018 2060
2019 2036
2020 2030
2020 2039
2020 2047
2020 2064
2020 2065
2020 2067
2021 2026
2021 2041
2021 2064
2022 2025
2022 2029
2022 2039
2022 2041
2022 2043
2022 2047
2022 2060
2022 2066
2023 2040
2024 2026
2024 2030
2025 2029
2025 2030
2025 2044
2025 2058
2026 2036
2026 2067
2027 2029
2027 2037
2027 2039
2027 2046
2027 2067
2028 2044
2028 2050
2029 2033
2029 2043
2029 2052
2029 2060
2029 2067
2030 2054
2030 2058
2030 2063
2031 2034
2031 2061
2031 2066
2032 2059
2032 2062
2033 2041
2033 2045
2033 2046
2033 2047
2033 2052
2033 2066
2034 2035
2034 2059
2034 2066
2035 2039
2036 2037
2036 2049
2036 2053
2036 2063
2037 2049
2037 2053
2037 2062
2037 2065
2039 2063
2039 2067
2040 2047
2040 2057
2040 2058
2041 2042
2041 2050
2042 2045
2042 2055
2043 2054
2043 2062
2043 2065
2044 2047
2045 2050
2045 2059
2046 2064
2047 2048
2048 2054
2048 2055
2050 2051
2050 2055
2054 2060
2054 2065
2060 2061
2060 2066
