0 20
0 27
0 34
0 50
0 59
0 76
0 87
0 105
0 114
0 133
0 153
0 154
0 157
0 167
0 184
0 190
0 204
0 222
0 237
0 239
0 247
0 282
0 530
0 648
0 684
0 888
0 1030
0 1179
0 1193
0 1269
0 1325
0 1627
0 1824
0 1984
1 5
1 11
1 20
1 24
1 59
1 87
1 95
1 100
1 111
1 115
1 130
1 140
1 145
1 148
1 167
1 195
1 198
1 216
1 224
1 227
1 234
1 246
1 354
1 449
1 705
1 973
1 984
1 985
1 1056
1 1071
1 1091
1 1241
1 1330
1 1435
1 1545
1 1866
1 1961
2 18
2 19
2 26
2 37
2 59
2 66
2 72
2 79
2 80
2 81
2 82
2 87
2 94
2 105
2 112
2 113
2 120
2 121
2 122
2 128
2 129
2 132
2 141
2 142
2 154
2 183
2 187
2 200
2 212
2 229
2 230
2 235
2 236
2 241
2 248
2 251
2 276
2 519
2 534
2 680
2 760
2 808
2 830
2 888
2 891
2 907
2 943
2 1043
2 1130
2 1173
2 1308
2 1392
2 1439
2 1457
2 1681
2 1812
2 1840
2 1989
3 11
3 27
3 28
3 35
3 41
3 48
3 57
3 62
3 94
3 104
3 114
3 123
3 125
3 127
3 132
3 146
3 149
3 151
3 154
3 174
3 180
3 187
3 199
3 204
3 216
3 231
3 247
3 249
3 326
3 349
3 390
3 789
3 1040
3 1083
3 1163
3 1292
3 1378
3 1405
3 1530
3 1589
3 1806
3 1923
3 1955
4 16
4 30
4 38
4 68
4 72
4 81
4 89
4 127
4 134
4 139
4 146
4 153
4 156
4 180
4 196
4 197
4 200
4 207
4 218
4 241
4 249
4 264
4 347
4 394
4 435
4 478
4 533
4 544
4 745
4 839
4 875
4 952
4 967
4 1015
4 1081
4 1434
4 1720
4 1920
4 1980
5 19
5 24
5 27
5 58
5 66
5 80
5 90
5 110
5 111
5 113
5 122
5 129
5 130
5 143
5 144
5 145
5 147
5 160
5 184
5 187
5 209
5 210
5 218
5 222
5 239
5 243
5 246
5 475
5 564
5 653
5 818
5 1029
5 1182
5 1368
5 1383
5 1763
5 1855
6 11
6 12
6 16
6 31
6 57
6 60
6 65
6 76
6 78
6 87
6 88
6 99
6 108
6 112
6 121
6 136
6 138
6 148
6 149
6 156
6 186
6 188
6 194
6 202
6 219
6 228
6 364
6 787
6 797
6 1013
6 1050
6 1276
6 1613
6 1865
6 2004
7 11
7 14
7 33
7 40
7 45
7 71
7 83
7 87
7 89
7 93
7 97
7 110
7 112
7 127
7 131
7 132
7 135
7 136
7 137
7 144
7 145
7 148
7 157
7 158
7 190
7 221
7 230
7 232
7 245
7 256
7 388
7 439
7 576
7 587
7 722
7 794
7 945
7 1021
7 1354
7 1732
7 1783
7 1897
7 1908
8 9
8 18
8 29
8 41
8 42
8 47
8 70
8 80
8 92
8 99
8 105
8 108
8 112
8 115
8 120
8 121
8 146
8 149
8 152
8 169
8 180
8 184
8 194
8 195
8 196
8 201
8 204
8 214
8 229
8 236
8 238
8 240
8 245
8 272
8 355
8 417
8 667
8 729
8 972
8 1514
8 1667
8 1670
8 1683
8 1759
8 1912
8 1958
8 2005
9 11
9 17
9 22
9 30
9 33
9 39
9 61
9 66
9 74
9 77
9 95
9 114
9 129
9 130
9 135
9 140
9 145
9 146
9 162
9 175
9 176
9 185
9 199
9 204
9 207
9 209
9 241
9 249
9 399
9 431
9 442
9 511
9 870
9 1102
9 1264
9 1320
9 1408
9 1444
9 1556
9 1667
9 1876
10 17
10 21
10 40
10 64
10 68
10 87
10 94
10 95
10 98
10 104
10 129
10 145
10 166
10 175
10 220
10 233
10 236
10 244
10 327
10 641
10 726
10 799
10 1207
10 1246
10 1324
10 1428
10 1762
10 1809
10 1894
11 20
11 39
11 40
11 69
11 83
11 91
11 117
11 122
11 137
11 144
11 148
11 166
11 167
11 172
11 175
11 186
11 198
11 200
11 211
11 224
11 227
11 228
11 236
11 390
11 455
11 521
11 872
11 884
11 887
11 959
11 1027
11 1045
11 1438
11 1490
11 1827
12 14
12 43
12 45
12 51
12 54
12 63
12 74
12 94
12 95
12 122
12 129
12 131
12 132
12 146
12 150
12 156
12 161
12 181
12 191
12 193
12 195
12 211
12 212
12 216
12 233
12 235
12 244
12 283
12 298
12 475
12 495
12 645
12 739
12 997
12 1004
12 1085
12 1183
12 1219
12 1269
12 1494
12 1882
12 1923
13 32
13 38
13 45
13 59
13 65
13 66
13 77
13 87
13 91
13 107
13 120
13 126
13 127
13 128
13 134
13 143
13 145
13 159
13 186
13 195
13 196
13 207
13 221
13 237
13 243
13 244
13 249
13 342
13 346
13 451
13 456
13 529
13 714
13 744
13 908
13 1180
13 1209
13 1322
13 1355
13 1418
13 1498
13 1556
13 1601
13 1708
13 1812
13 1821
13 1845
13 1855
13 1912
14 15
14 21
14 33
14 34
14 47
14 48
14 72
14 79
14 91
14 102
14 121
14 136
14 138
14 141
14 148
14 159
14 162
14 166
14 169
14 180
14 186
14 195
14 202
14 215
14 217
14 220
14 227
14 234
14 235
14 240
14 306
14 574
14 661
14 676
14 694
14 808
14 921
14 936
14 982
14 1282
14 1283
14 1502
14 1566
14 1668
14 1724
14 1809
15 19
15 35
15 44
15 45
15 51
15 52
15 57
15 58
15 73
15 114
15 118
15 126
15 128
15 142
15 154
15 159
15 162
15 173
15 176
15 210
15 215
15 221
15 226
15 237
15 238
15 243
15 245
15 247
15 257
15 327
15 439
15 447
15 611
15 655
15 661
15 695
15 808
15 849
15 862
15 882
15 1141
15 1211
15 1311
15 1319
15 1609
15 1698
15 1798
15 1821
15 1855
15 1897
15 1931
16 18
16 36
16 83
16 88
16 93
16 97
16 98
16 104
16 121
16 133
16 134
16 155
16 172
16 188
16 191
16 222
16 231
16 268
16 413
16 641
16 779
16 888
16 1132
16 1289
16 1303
16 1383
16 1436
16 1563
16 1686
16 1750
16 1778
17 27
17 28
17 36
17 43
17 44
17 64
17 71
17 93
17 95
17 98
17 126
17 127
17 167
17 182
17 185
17 186
17 202
17 215
17 219
17 226
17 235
17 236
17 587
17 749
17 771
17 925
17 1148
17 1174
17 1302
17 1305
17 1333
17 1474
17 1723
17 1882
17 1963
17 1985
18 26
18 27
18 31
18 76
18 82
18 86
18 106
18 110
18 123
18 128
18 140
18 166
18 173
18 179
18 204
18 208
18 211
18 215
18 216
18 218
18 221
18 225
18 228
18 238
18 242
18 544
18 562
18 688
18 712
18 761
18 836
18 983
18 1501
18 1519
18 1628
18 1753
18 1808
18 1995
19 27
19 29
19 47
19 51
19 72
19 77
19 117
19 130
19 136
19 147
19 154
19 158
19 172
19 178
19 182
19 197
19 198
19 200
19 208
19 234
19 243
19 245
19 248
19 249
19 440
19 520
19 552
19 761
19 1035
19 1040
19 1170
19 1185
19 1274
19 1294
19 1340
19 1583
19 1643
19 1689
19 1719
19 1793
19 1912
19 1942
20 28
20 46
20 49
20 64
20 69
20 71
20 98
20 113
20 116
20 140
20 142
20 188
20 205
20 219
20 249
20 262
20 278
20 281
20 321
20 372
20 425
20 446
20 510
20 725
20 892
20 914
20 1087
20 1322
20 1469
20 1973
21 32
21 44
21 55
21 60
21 69
21 73
21 76
21 100
21 102
21 105
21 109
21 110
21 112
21 135
21 171
21 199
21 202
21 208
21 215
21 219
21 237
21 412
21 483
21 519
21 527
21 739
21 910
21 941
21 979
21 1083
21 1106
21 1217
21 1633
21 1651
21 1890
21 1895
22 33
22 60
22 86
22 112
22 121
22 135
22 141
22 145
22 159
22 174
22 194
22 197
22 199
22 200
22 203
22 211
22 218
22 219
22 220
22 235
22 246
22 349
22 469
22 472
22 611
22 758
22 946
22 1156
22 1247
22 1324
22 1403
22 1427
22 1493
22 1810
22 1879
23 24
23 25
23 26
23 48
23 56
23 71
23 97
23 111
23 112
23 114
23 121
23 123
23 129
23 139
23 144
23 165
23 169
23 175
23 176
23 183
23 199
23 216
23 225
23 238
23 292
23 521
23 549
23 631
23 687
23 708
23 780
23 781
23 797
23 845
23 1023
23 1454
23 1466
23 1946
23 1956
24 25
24 26
24 54
24 67
24 88
24 106
24 108
24 109
24 118
24 120
24 122
24 124
24 130
24 131
24 149
24 166
24 196
24 199
24 213
24 217
24 218
24 245
24 246
24 321
24 636
24 727
24 733
24 984
24 1082
24 1120
24 1143
24 1506
24 1593
24 1688
24 1766
24 1951
25 31
25 42
25 54
25 55
25 70
25 72
25 76
25 79
25 87
25 88
25 90
25 106
25 115
25 130
25 131
25 132
25 142
25 154
25 155
25 163
25 167
25 172
25 178
25 180
25 189
25 199
25 203
25 225
25 455
25 583
25 599
25 605
25 647
25 708
25 740
25 751
25 761
25 935
25 1482
25 1599
25 1744
26 36
26 52
26 60
26 66
26 77
26 91
26 96
26 142
26 162
26 171
26 183
26 185
26 186
26 198
26 207
26 209
26 231
26 232
26 243
26 287
26 302
26 353
26 568
26 597
26 1397
26 1470
26 1555
26 1644
26 1787
26 1830
26 1834
26 1925
27 41
27 74
27 91
27 93
27 103
27 122
27 149
27 153
27 154
27 160
27 169
27 171
27 183
27 186
27 203
27 213
27 216
27 229
27 235
27 373
27 561
27 667
27 799
27 873
27 891
27 1321
27 1446
27 1505
27 1659
27 1844
27 1952
28 60
28 73
28 75
28 114
28 115
28 116
28 127
28 152
28 158
28 161
28 165
28 176
28 222
28 227
28 230
28 234
28 238
28 550
28 666
28 881
28 1122
28 1170
28 1227
28 1228
28 1348
28 1637
28 1686
28 1751
29 38
29 39
29 65
29 75
29 77
29 88
29 92
29 110
29 122
29 123
29 129
29 132
29 136
29 144
29 146
29 152
29 160
29 173
29 179
29 185
29 200
29 203
29 215
29 218
29 219
29 239
29 249
29 428
29 429
29 604
29 851
29 958
29 1003
29 1100
29 1323
29 1377
29 1580
29 1746
29 1806
29 1977
30 35
30 36
30 52
30 82
30 83
30 92
30 113
30 114
30 116
30 126
30 130
30 138
30 146
30 150
30 168
30 187
30 202
30 213
30 232
30 233
30 234
30 465
30 479
30 528
30 534
30 598
30 804
30 901
30 981
30 1017
30 1222
30 1297
30 1344
30 1376
30 1386
30 1435
30 1476
30 1869
30 1994
30 1996
31 34
31 43
31 52
31 67
31 83
31 89
31 98
31 122
31 128
31 135
31 155
31 163
31 171
31 174
31 178
31 179
31 187
31 192
31 197
31 228
31 233
31 243
31 246
31 322
31 483
31 486
31 621
31 952
31 1231
31 1294
31 1309
31 1353
31 1489
31 1509
31 1577
31 1598
31 1666
31 1825
31 1930
31 1957
32 38
32 46
32 49
32 60
32 102
32 160
32 205
32 212
32 214
32 222
32 231
32 238
32 240
32 310
32 316
32 551
32 762
32 910
32 985
32 1175
32 1288
32 1877
32 1910
33 37
33 50
33 53
33 54
33 62
33 68
33 79
33 84
33 89
33 94
33 99
33 104
33 107
33 109
33 112
33 123
33 126
33 129
33 135
33 164
33 165
33 180
33 182
33 183
33 184
33 194
33 220
33 223
33 232
33 240
33 245
33 247
33 251
33 529
33 603
33 654
33 701
33 766
33 811
33 832
33 836
33 916
33 999
33 1019
33 1223
33 1268
33 1280
33 1335
33 1547
33 1595
33 1671
33 1749
33 1768
33 1951
34 39
34 43
34 54
34 80
34 86
34 115
34 119
34 121
34 124
34 131
34 136
34 142
34 151
34 167
34 168
34 172
34 177
34 189
34 201
34 229
34 230
34 242
34 245
34 309
34 337
34 609
34 658
34 894
34 956
34 977
34 1172
34 1338
34 1387
34 1647
34 1824
34 1856
34 1915
35 38
35 41
35 59
35 76
35 79
35 88
35 115
35 121
35 123
35 132
35 142
35 152
35 154
35 161
35 173
35 180
35 182
35 187
35 188
35 189
35 194
35 201
35 202
35 209
35 217
35 219
35 223
35 231
35 232
35 238
35 241
35 264
35 393
35 515
35 555
35 799
35 846
35 1048
35 1156
35 1189
35 1212
35 1215
35 1397
35 1627
35 1720
35 1860
35 1903
35 1942
36 44
36 58
36 65
36 75
36 76
36 83
36 85
36 88
36 96
36 133
36 136
36 160
36 169
36 174
36 175
36 195
36 200
36 217
36 222
36 228
36 234
36 242
36 243
36 246
36 271
36 280
36 392
36 458
36 645
36 769
36 1024
36 1073
36 1375
36 1504
36 1516
36 1843
36 1852
36 1865
36 1985
37 55
37 64
37 69
37 71
37 84
37 106
37 118
37 122
37 128
37 146
37 153
37 154
37 171
37 180
37 194
37 206
37 229
37 330
37 652
37 906
37 970
37 1048
37 1193
37 1406
37 1473
37 1484
37 1755
37 1778
37 1780
38 56
38 62
38 72
38 84
38 90
38 91
38 96
38 132
38 137
38 138
38 157
38 158
38 161
38 162
38 187
38 224
38 291
38 430
38 698
38 754
38 777
38 870
38 965
38 1058
38 1066
38 1412
38 1757
38 1784
38 1921
39 41
39 42
39 49
39 65
39 70
39 76
39 77
39 81
39 83
39 104
39 105
39 111
39 114
39 122
39 124
39 128
39 140
39 147
39 155
39 157
39 185
39 186
39 191
39 193
39 201
39 206
39 207
39 211
39 214
39 220
39 221
39 223
39 226
39 227
39 241
39 244
39 249
39 254
39 462
39 526
39 843
39 1075
39 1177
39 1190
39 1224
39 1273
39 1437
39 1472
39 1625
39 1645
39 1912
39 1920
40 47
40 51
40 61
40 63
40 74
40 92
40 98
40 104
40 113
40 123
40 134
40 153
40 165
40 186
40 202
40 203
40 205
40 233
40 241
40 316
40 336
40 349
40 658
40 715
40 924
40 976
40 1020
40 1359
40 1449
40 1557
40 1591
40 1610
41 64
41 80
41 90
41 99
41 100
41 102
41 111
41 115
41 123
41 127
41 134
41 159
41 160
41 172
41 173
41 205
41 207
41 222
41 224
41 230
41 240
41 370
41 551
41 793
41 936
41 1019
41 1058
41 1146
41 1424
41 1624
41 1870
41 1880
41 1978
41 1981
42 44
42 45
42 54
42 61
42 74
42 97
42 103
42 107
42 129
42 133
42 142
42 155
42 156
42 160
42 161
42 177
42 184
42 201
42 204
42 205
42 212
42 221
42 228
42 243
42 485
42 865
42 1384
42 1637
42 1807
43 47
43 81
43 90
43 94
43 102
43 104
43 109
43 120
43 127
43 128
43 136
43 150
43 156
43 174
43 177
43 182
43 192
43 193
43 196
43 200
43 209
43 210
43 246
43 255
43 276
43 299
43 451
43 577
43 591
43 609
43 737
43 758
43 810
43 1100
43 1537
43 1644
43 1706
43 1793
43 1849
44 55
44 79
44 106
44 107
44 119
44 122
44 132
44 136
44 141
44 142
44 151
44 166
44 168
44 181
44 186
44 198
44 205
44 207
44 230
44 236
44 249
44 362
44 405
44 683
44 684
44 758
44 847
44 914
44 916
44 942
44 1362
44 1416
44 1444
44 1471
44 1559
44 1882
44 1926
44 1972
45 63
45 91
45 93
45 108
45 126
45 139
45 141
45 143
45 168
45 172
45 176
45 182
45 190
45 197
45 199
45 207
45 237
45 428
45 519
45 646
45 685
45 717
45 753
45 1025
45 1101
45 1141
45 1237
45 1243
45 1274
45 1312
45 1380
45 1399
45 1412
45 1488
45 1492
45 1570
45 1572
45 1600
45 1972
46 53
46 55
46 76
46 82
46 86
46 96
46 103
46 106
46 117
46 126
46 134
46 145
46 155
46 177
46 178
46 188
46 198
46 202
46 211
46 228
46 239
46 577
46 708
46 809
46 823
46 837
46 869
46 877
46 898
46 1024
46 1044
46 1112
46 1332
46 1514
46 1730
46 1762
46 1915
47 64
47 72
47 90
47 97
47 100
47 115
47 145
47 208
47 228
47 244
47 246
47 293
47 302
47 403
47 515
47 939
47 1021
47 1113
47 1191
47 1429
47 1570
47 1717
47 1732
47 1756
47 1780
47 1843
48 55
48 67
48 83
48 97
48 122
48 137
48 139
48 152
48 157
48 162
48 169
48 177
48 182
48 188
48 193
48 222
48 269
48 407
48 479
48 829
48 833
48 901
48 1105
48 1133
48 1199
48 1267
48 1449
48 1474
48 1603
48 1638
48 1651
48 1730
48 1855
49 53
49 54
49 57
49 60
49 70
49 83
49 105
49 109
49 112
49 136
49 144
49 149
49 172
49 184
49 190
49 193
49 194
49 200
49 213
49 220
49 231
49 235
49 242
49 313
49 440
49 531
49 554
49 582
49 697
49 783
49 883
49 1156
49 1167
49 1477
49 1491
49 1494
49 1645
49 1783
49 1830
49 1989
49 2003
50 61
50 99
50 102
50 113
50 126
50 130
50 131
50 161
50 167
50 193
50 201
50 206
50 216
50 232
50 235
50 245
50 418
50 439
50 553
50 872
50 875
50 1058
50 1216
50 1246
50 1429
50 1474
50 1537
50 1833
50 1907
50 1973
51 65
51 71
51 73
51 75
51 80
51 83
51 125
51 163
51 173
51 175
51 176
51 187
51 199
51 231
51 233
51 245
51 249
51 518
51 529
51 635
51 714
51 750
51 882
51 922
51 1096
51 1336
51 1401
51 1487
51 1541
51 1701
51 1856
51 1982
51 1983
52 58
52 70
52 71
52 80
52 82
52 88
52 102
52 110
52 111
52 126
52 140
52 147
52 167
52 171
52 179
52 191
52 192
52 206
52 217
52 228
52 234
52 341
52 503
52 769
52 813
52 872
52 902
52 915
52 1087
52 1148
52 1161
52 1220
52 1297
52 1517
52 1591
52 1672
52 1816
52 1854
53 61
53 87
53 94
53 99
53 103
53 107
53 109
53 111
53 117
53 132
53 161
53 162
53 170
53 174
53 181
53 185
53 215
53 220
53 227
53 229
53 236
53 304
53 439
53 494
53 725
53 740
53 748
53 760
53 921
53 927
53 934
53 1125
53 1186
53 1416
53 1613
53 1775
53 1934
53 1954
54 56
54 64
54 111
54 125
54 127
54 131
54 151
54 152
54 168
54 188
54 204
54 209
54 220
54 239
54 240
54 241
54 287
54 298
54 417
54 532
54 545
54 668
54 972
54 1070
54 1097
54 1121
54 1376
54 1702
54 1941
55 60
55 67
55 83
55 130
55 136
55 150
55 163
55 173
55 174
55 185
55 187
55 188
55 203
55 206
55 209
55 217
55 218
55 224
55 231
55 232
55 233
55 234
55 241
55 247
55 313
55 350
55 371
55 423
55 681
55 797
55 804
55 816
55 836
55 837
55 1012
55 1028
55 1049
55 1060
55 1093
55 1301
55 1323
55 1435
55 1715
55 1812
55 1819
55 1968
55 1978
56 60
56 77
56 84
56 92
56 105
56 129
56 132
56 157
56 171
56 176
56 195
56 206
56 213
56 230
56 236
56 242
56 248
56 659
56 781
56 930
56 1046
56 1118
56 1132
56 1240
56 1762
56 1770
56 1982
57 69
57 84
57 86
57 96
57 120
57 130
57 164
57 178
57 181
57 185
57 213
57 224
57 228
57 232
57 233
57 245
57 248
57 399
57 486
57 495
57 515
57 548
57 963
57 1074
57 1174
57 1274
57 1441
57 1457
57 1520
57 1534
57 1539
57 1717
57 1940
58 62
58 82
58 87
58 93
58 95
58 110
58 122
58 132
58 141
58 174
58 184
58 189
58 207
58 208
58 211
58 219
58 289
58 318
58 365
58 419
58 443
58 478
58 524
58 547
58 684
58 777
58 1224
58 1271
58 1293
58 1467
58 1481
58 1650
58 1813
58 1838
59 61
59 74
59 76
59 77
59 102
59 104
59 129
59 134
59 160
59 162
59 167
59 170
59 178
59 179
59 191
59 200
59 206
59 209
59 214
59 219
59 230
59 236
59 241
59 377
59 668
59 675
59 729
59 1023
59 1245
59 1656
59 1686
59 1728
59 1818
60 69
60 82
60 84
60 93
60 110
60 125
60 126
60 129
60 135
60 157
60 163
60 164
60 171
60 172
60 197
60 201
60 203
60 226
60 231
60 237
60 244
60 340
60 579
60 848
60 989
60 1230
60 1483
60 1736
60 1810
60 1835
60 1854
60 1883
60 1990
61 87
61 88
61 104
61 105
61 110
61 119
61 120
61 121
61 130
61 142
61 178
61 179
61 184
61 188
61 192
61 197
61 202
61 218
61 219
61 227
61 230
61 248
61 409
61 417
61 661
61 662
61 906
61 938
61 1033
61 1100
61 1163
61 1168
61 1224
61 1324
61 1489
61 1593
61 1601
61 1683
61 1990
62 67
62 73
62 83
62 95
62 107
62 128
62 149
62 159
62 187
62 202
62 206
62 212
62 214
62 226
62 229
62 249
62 430
62 548
62 729
62 819
62 872
62 954
62 1167
62 1470
62 1583
62 1668
62 1709
62 1778
62 1802
63 71
63 74
63 77
63 96
63 100
63 104
63 105
63 111
63 119
63 132
63 153
63 182
63 198
63 211
63 223
63 225
63 235
63 237
63 244
63 246
63 247
63 292
63 329
63 649
63 783
63 873
63 960
63 1043
63 1131
63 1161
63 1231
63 1257
63 1282
63 1318
63 1348
63 1411
63 1613
63 1810
63 1841
63 1931
64 105
64 106
64 138
64 158
64 206
64 213
64 226
64 242
64 243
64 244
64 503
64 515
64 867
64 892
64 1023
64 1087
64 1097
64 1133
64 1493
64 1507
64 1646
64 1715
64 1734
64 1941
64 1984
65 78
65 85
65 95
65 101
65 109
65 120
65 123
65 124
65 129
65 133
65 146
65 149
65 158
65 160
65 172
65 184
65 191
65 206
65 222
65 224
65 231
65 238
65 249
65 406
65 522
65 644
65 824
65 830
65 1122
65 1176
65 1243
65 1270
65 1494
65 1717
65 1889
65 1929
65 1940
65 2001
66 79
66 83
66 90
66 97
66 113
66 116
66 140
66 145
66 161
66 168
66 179
66 190
66 206
66 219
66 225
66 236
66 243
66 381
66 439
66 487
66 554
66 696
66 857
66 861
66 884
66 952
66 1014
66 1041
66 1074
66 1101
66 1165
66 1278
66 1341
66 1404
66 1564
66 1699
66 1714
66 1725
66 1911
66 1932
66 1984
67 72
67 80
67 96
67 104
67 105
67 111
67 136
67 144
67 148
67 154
67 172
67 173
67 178
67 196
67 205
67 214
67 215
67 217
67 225
67 264
67 690
67 928
67 1060
67 1067
67 1122
67 1132
67 1500
67 1504
67 1691
67 1704
67 1758
67 1777
67 1841
67 1852
67 1864
67 1940
68 95
68 103
68 122
68 130
68 131
68 140
68 166
68 176
68 179
68 202
68 204
68 218
68 224
68 238
68 306
68 386
68 403
68 432
68 466
68 589
68 790
68 846
68 960
68 1064
68 1373
68 1463
68 1624
68 1797
69 71
69 76
69 102
69 166
69 171
69 187
69 206
69 223
69 235
69 500
69 520
69 649
69 803
69 996
69 1129
69 1284
69 1337
69 1358
69 1553
69 1603
69 1665
69 1818
69 1936
69 1993
70 88
70 96
70 100
70 101
70 104
70 109
70 114
70 143
70 144
70 147
70 162
70 188
70 212
70 216
70 224
70 235
70 316
70 400
70 500
70 654
70 703
70 759
70 945
70 973
70 976
70 1098
70 1210
70 1296
70 1347
70 1413
70 1573
70 1657
71 83
71 97
71 115
71 119
71 128
71 133
71 138
71 151
71 154
71 158
71 176
71 201
71 211
71 216
71 217
71 234
71 236
71 237
71 319
71 1033
71 1064
71 1117
71 1166
71 1393
71 1426
71 1533
71 1706
71 1941
72 74
72 100
72 139
72 152
72 157
72 170
72 185
72 190
72 196
72 200
72 209
72 212
72 234
72 238
72 240
72 249
72 252
72 307
72 472
72 814
72 820
72 925
72 1238
72 1525
72 1607
72 1718
72 1818
72 1969
73 78
73 87
73 96
73 98
73 107
73 108
73 163
73 176
73 182
73 193
73 198
73 206
73 224
73 225
73 244
73 272
73 304
73 510
73 658
73 721
73 860
73 1009
73 1044
73 1093
73 1201
73 1265
73 1326
73 1413
73 1547
73 1660
73 1711
73 1718
73 1791
73 1836
73 1989
74 95
74 100
74 109
74 127
74 157
74 158
74 174
74 194
74 196
74 205
74 211
74 234
74 235
74 266
74 282
74 341
74 716
74 761
74 764
74 880
74 978
74 989
74 1029
74 1210
74 1416
74 1518
74 1584
74 1702
74 1850
74 1917
75 76
75 80
75 94
75 107
75 139
75 179
75 198
75 203
75 205
75 229
75 230
75 232
75 240
75 253
75 369
75 626
75 650
75 679
75 820
75 825
75 855
75 979
75 1100
75 1175
75 1254
75 1390
75 1446
75 1570
75 1627
75 1669
75 1706
75 1946
75 1950
75 1999
76 78
76 83
76 88
76 132
76 137
76 155
76 170
76 172
76 174
76 180
76 184
76 206
76 211
76 216
76 222
76 227
76 237
76 404
76 534
76 539
76 762
76 782
76 802
76 885
76 938
76 943
76 1094
76 1358
76 1429
76 1471
76 1650
77 83
77 95
77 98
77 103
77 110
77 112
77 116
77 127
77 131
77 144
77 156
77 158
77 170
77 176
77 186
77 217
77 235
77 262
77 349
77 375
77 460
77 490
77 1045
77 1093
77 1104
77 1148
77 1296
77 1374
77 1467
77 1547
77 1563
77 1621
77 1791
78 100
78 114
78 118
78 119
78 121
78 126
78 141
78 157
78 176
78 196
78 209
78 214
78 216
78 218
78 222
78 227
78 233
78 234
78 237
78 241
78 244
78 246
78 249
78 525
78 535
78 593
78 646
78 710
78 719
78 839
78 948
78 979
78 1096
78 1293
78 1476
78 1645
78 1793
78 1895
78 1950
78 1998
79 82
79 89
79 90
79 96
79 121
79 135
79 139
79 146
79 161
79 172
79 184
79 187
79 195
79 201
79 205
79 239
79 241
79 412
79 435
79 442
79 722
79 769
79 810
79 1090
79 1163
79 1297
79 1378
79 1398
79 1701
79 1720
80 90
80 105
80 107
80 127
80 135
80 154
80 161
80 180
80 194
80 214
80 218
80 221
80 406
80 622
80 747
80 826
80 1016
80 1244
80 1273
80 1281
80 1479
80 1529
80 1609
80 1623
80 1643
80 1883
80 1894
81 103
81 116
81 129
81 133
81 149
81 151
81 155
81 171
81 179
81 181
81 185
81 191
81 198
81 204
81 206
81 218
81 229
81 233
81 236
81 237
81 241
81 254
81 363
81 526
81 1007
81 1196
81 1205
81 1340
81 1705
81 1762
81 1814
81 1826
81 1846
81 1870
81 1878
82 94
82 97
82 113
82 126
82 140
82 142
82 156
82 159
82 160
82 162
82 170
82 179
82 194
82 197
82 208
82 221
82 229
82 232
82 234
82 236
82 309
82 544
82 631
82 763
82 836
82 873
82 1054
82 1066
82 1077
82 1110
82 1375
82 1459
82 1576
82 1585
82 1622
82 1699
82 1720
82 1744
82 1760
82 1767
82 1808
82 1883
82 1946
82 1963
82 1965
83 93
83 100
83 113
83 116
83 124
83 128
83 145
83 153
83 158
83 161
83 174
83 182
83 189
83 193
83 195
83 213
83 220
83 279
83 344
83 360
83 404
83 521
83 785
83 909
83 1000
83 1209
83 1352
83 1665
83 1853
83 1907
83 2000
84 86
84 90
84 92
84 113
84 117
84 118
84 119
84 123
84 131
84 136
84 137
84 144
84 152
84 175
84 197
84 199
84 226
84 230
84 234
84 248
84 613
84 773
84 857
84 982
84 1165
84 1355
84 1447
84 1502
84 1567
84 1607
84 1726
84 1840
85 94
85 98
85 101
85 109
85 116
85 130
85 157
85 163
85 185
85 192
85 201
85 203
85 210
85 218
85 225
85 232
85 236
85 278
85 348
85 390
85 441
85 660
85 769
85 841
85 846
85 882
85 895
85 914
85 1051
85 1059
85 1215
85 1227
85 1378
85 1425
85 1439
85 1639
85 1743
85 1815
85 1872
86 96
86 122
86 131
86 136
86 142
86 145
86 160
86 168
86 181
86 194
86 198
86 205
86 212
86 225
86 227
86 244
86 245
86 248
86 646
86 720
86 876
86 956
86 1096
86 1120
86 1307
86 1468
86 1496
86 1660
86 1872
86 1980
87 93
87 95
87 98
87 108
87 117
87 120
87 130
87 159
87 174
87 190
87 209
87 223
87 246
87 409
87 420
87 423
87 495
87 575
87 595
87 665
87 835
87 874
87 954
87 1193
87 1434
87 1555
87 1820
87 1917
87 1980
88 106
88 112
88 119
88 126
88 132
88 136
88 141
88 143
88 144
88 145
88 161
88 169
88 180
88 181
88 184
88 186
88 202
88 203
88 204
88 207
88 224
88 228
88 238
88 242
88 246
88 414
88 452
88 625
88 640
88 1219
88 1375
88 1410
88 1454
88 1792
88 1849
89 100
89 106
89 110
89 122
89 130
89 140
89 163
89 176
89 183
89 194
89 195
89 199
89 201
89 203
89 208
89 230
89 231
89 245
89 314
89 444
89 509
89 900
89 980
89 1075
89 1202
89 1214
89 1233
89 1269
89 1276
89 1368
89 1388
89 1471
89 1545
89 1713
89 1852
90 126
90 136
90 137
90 156
90 198
90 200
90 220
90 235
90 241
90 259
90 396
90 398
90 406
90 423
90 455
90 701
90 718
90 746
90 754
90 756
90 831
90 907
90 951
90 968
90 993
90 1040
90 1058
90 1326
90 1341
90 1440
90 1589
90 1677
90 1708
90 1805
91 92
91 98
91 102
91 105
91 112
91 120
91 156
91 173
91 196
91 199
91 206
91 221
91 223
91 230
91 243
91 396
91 446
91 571
91 710
91 727
91 736
91 753
91 764
91 1145
91 1154
91 1249
91 1342
91 1382
91 1466
91 1474
91 1631
91 1660
91 1906
92 94
92 102
92 110
92 111
92 131
92 136
92 148
92 153
92 175
92 224
92 226
92 227
92 237
92 246
92 255
92 299
92 377
92 498
92 582
92 634
92 830
92 937
92 996
92 1012
92 1083
92 1112
92 1196
92 1243
92 1325
92 1472
92 1661
92 1668
92 1751
92 1792
92 1873
92 1984
93 94
93 102
93 104
93 110
93 111
93 115
93 137
93 147
93 171
93 176
93 184
93 186
93 187
93 191
93 211
93 219
93 231
93 241
93 245
93 248
93 263
93 551
93 585
93 728
93 849
93 867
93 1145
93 1223
93 1260
93 1330
93 1596
93 1727
93 1731
93 1798
93 1808
93 1884
94 106
94 111
94 135
94 136
94 138
94 139
94 148
94 156
94 158
94 178
94 190
94 217
94 221
94 227
94 242
94 248
94 303
94 323
94 480
94 785
94 1010
94 1054
94 1090
94 1092
94 1189
94 1420
94 1468
94 1563
94 1602
94 1760
94 1907
94 1988
95 113
95 117
95 121
95 136
95 138
95 148
95 150
95 158
95 184
95 186
95 214
95 222
95 229
95 234
95 494
95 718
95 742
95 843
95 1065
95 1108
95 1298
95 1567
95 1611
95 1684
95 1687
95 1939
95 1988
96 108
96 109
96 117
96 132
96 145
96 177
96 204
96 209
96 214
96 366
96 527
96 628
96 655
96 760
96 939
96 954
96 991
96 1027
96 1220
96 1300
96 1441
96 1453
96 1549
96 1592
96 1715
97 100
97 104
97 107
97 111
97 127
97 130
97 147
97 164
97 167
97 183
97 210
97 218
97 219
97 229
97 231
97 236
97 249
97 433
97 473
97 840
97 1170
97 1186
97 1196
97 1204
97 1262
97 1292
97 1372
97 1457
97 1770
97 1805
97 1863
97 1915
97 1972
98 105
98 116
98 120
98 127
98 130
98 146
98 148
98 163
98 164
98 181
98 188
98 191
98 194
98 221
98 234
98 238
98 243
98 329
98 373
98 407
98 463
98 778
98 872
98 882
98 1048
98 1090
98 1376
98 1674
98 1775
99 104
99 106
99 108
99 122
99 137
99 153
99 165
99 178
99 187
99 208
99 211
99 216
99 229
99 230
99 234
99 235
99 240
99 244
99 247
99 307
99 512
99 603
99 815
99 951
99 1087
99 1366
99 1808
99 1830
99 1974
100 110
100 116
100 117
100 118
100 124
100 133
100 137
100 140
100 141
100 177
100 178
100 181
100 195
100 199
100 219
100 221
100 225
100 440
100 699
100 828
100 911
100 1579
100 1791
100 1834
100 1837
100 1841
100 1930
101 139
101 150
101 166
101 196
101 207
101 217
101 221
101 227
101 253
101 531
101 843
101 922
101 1032
101 1045
101 1268
101 1296
101 1301
101 1479
101 1489
101 1614
101 1666
102 110
102 119
102 146
102 150
102 154
102 159
102 162
102 171
102 175
102 201
102 203
102 215
102 220
102 223
102 240
102 246
102 422
102 630
102 680
102 742
102 787
102 858
102 932
102 1006
102 1264
102 1265
102 1438
102 1480
102 1594
102 1639
102 1651
102 1780
102 1812
102 1823
102 1830
102 1861
102 1945
103 108
103 112
103 117
103 122
103 137
103 144
103 145
103 148
103 150
103 151
103 155
103 160
103 161
103 184
103 196
103 206
103 236
103 237
103 240
103 248
103 249
103 270
103 710
103 739
103 879
103 924
103 991
103 1048
103 1123
103 1156
103 1220
103 1293
103 1296
103 1692
103 1920
104 106
104 108
104 120
104 122
104 139
104 151
104 156
104 157
104 191
104 219
104 223
104 224
104 225
104 230
104 235
104 240
104 485
104 627
104 693
104 714
104 775
104 787
104 836
104 928
104 1033
104 1138
104 1290
104 1363
104 1470
104 1488
105 109
105 120
105 124
105 126
105 127
105 128
105 132
105 142
105 146
105 148
105 153
105 159
105 168
105 185
105 186
105 190
105 194
105 212
105 221
105 231
105 234
105 238
105 240
105 439
105 478
105 522
105 733
105 781
105 1166
105 1360
105 1374
105 1599
105 1600
105 1644
105 1677
105 1779
105 1923
105 1924
105 1929
106 111
106 121
106 135
106 154
106 155
106 160
106 166
106 179
106 203
106 212
106 218
106 224
106 356
106 773
106 995
106 1006
106 1030
106 1149
106 1182
106 1335
106 1345
106 1387
106 1450
106 1462
106 1671
106 1879
106 1986
106 1993
106 2005
107 108
107 111
107 112
107 114
107 162
107 165
107 174
107 176
107 177
107 178
107 180
107 184
107 196
107 218
107 221
107 224
107 231
107 236
107 239
107 240
107 243
107 247
107 248
107 295
107 310
107 389
107 455
107 539
107 627
107 703
107 1011
107 1117
107 1145
107 1273
107 1382
107 1421
107 1720
107 1827
107 1870
107 1901
107 1937
108 117
108 120
108 128
108 134
108 153
108 167
108 170
108 171
108 186
108 190
108 198
108 200
108 202
108 251
108 324
108 761
108 811
108 960
108 1117
108 1396
108 1591
108 1692
108 1747
108 1758
108 1986
109 115
109 116
109 119
109 161
109 169
109 171
109 209
109 215
109 216
109 223
109 228
109 229
109 242
109 245
109 301
109 517
109 611
109 685
109 817
109 820
109 874
109 998
109 1076
109 1108
109 1145
109 1344
109 1376
109 1386
109 1483
109 1550
109 1602
109 1669
109 1723
109 1818
109 1909
110 122
110 133
110 139
110 151
110 161
110 175
110 180
110 185
110 188
110 194
110 195
110 197
110 198
110 225
110 228
110 230
110 240
110 300
110 326
110 346
110 364
110 489
110 527
110 1144
110 1191
110 1396
110 1406
110 1627
110 1937
110 1974
111 114
111 118
111 124
111 127
111 135
111 142
111 147
111 186
111 198
111 201
111 209
111 225
111 231
111 232
111 245
111 337
111 478
111 556
111 667
111 724
111 782
111 806
111 1013
111 1145
111 1259
111 1434
111 1491
111 1790
111 1927
111 1937
112 137
112 151
112 156
112 159
112 163
112 166
112 170
112 178
112 184
112 189
112 190
112 191
112 216
112 224
112 246
112 249
112 325
112 406
112 672
112 697
112 803
112 925
112 960
112 1048
112 1136
112 1198
112 1324
112 1581
112 1588
112 1602
112 1658
112 1695
112 1716
112 1882
112 1902
112 1912
112 1944
112 2005
113 123
113 125
113 126
113 130
113 133
113 140
113 141
113 152
113 163
113 166
113 173
113 177
113 192
113 196
113 205
113 207
113 212
113 225
113 227
113 241
113 756
113 772
113 777
113 819
113 893
113 1015
113 1189
113 1210
113 1448
113 1513
113 1549
114 119
114 123
114 126
114 128
114 135
114 159
114 164
114 165
114 168
114 177
114 178
114 186
114 199
114 213
114 232
114 234
114 240
114 249
114 372
114 389
114 513
114 841
114 915
114 947
114 1036
114 1097
114 1148
114 1171
114 1382
114 1464
114 1545
114 1658
114 1673
114 1718
114 1770
114 1935
114 1991
115 116
115 129
115 137
115 148
115 156
115 162
115 163
115 181
115 185
115 191
115 194
115 201
115 212
115 216
115 231
115 234
115 248
115 255
115 269
115 429
115 456
115 475
115 481
115 698
115 824
115 895
115 955
115 1050
115 1088
115 1176
115 1258
115 1585
115 1805
116 121
116 122
116 143
116 147
116 169
116 177
116 182
116 192
116 201
116 214
116 218
116 228
116 234
116 235
116 236
116 240
116 247
116 378
116 801
116 1256
116 1466
116 1585
116 1731
116 1826
117 125
117 126
117 153
117 166
117 176
117 195
117 199
117 202
117 205
117 402
117 582
117 683
117 796
117 846
117 972
117 1065
117 1254
117 1445
117 1609
117 1941
118 121
118 144
118 155
118 159
118 161
118 164
118 179
118 183
118 199
118 203
118 206
118 221
118 239
118 246
118 247
118 249
118 318
118 407
118 544
118 595
118 647
118 787
118 798
118 933
118 1004
118 1028
118 1189
118 1195
118 1230
118 1327
118 1378
118 1417
118 1561
118 1585
118 1650
118 1669
118 1854
118 1894
118 1924
119 123
119 188
119 190
119 205
119 242
119 434
119 559
119 662
119 734
119 747
119 925
119 1099
119 1159
119 1176
119 1228
119 1387
119 1471
119 1764
119 1848
119 1951
120 121
120 138
120 139
120 140
120 141
120 149
120 162
120 164
120 183
120 204
120 212
120 222
120 226
120 232
120 238
120 248
120 330
120 366
120 417
120 435
120 484
120 582
120 654
120 706
120 713
120 802
120 1384
120 1388
120 1395
120 1555
120 1577
120 1661
120 1697
120 1845
120 1993
121 135
121 152
121 169
121 183
121 184
121 192
121 194
121 197
121 199
121 222
121 243
121 500
121 733
121 921
121 1239
121 1258
121 1303
121 1450
121 1556
121 1678
121 1757
121 1834
121 1873
121 1940
122 127
122 132
122 135
122 138
122 161
122 163
122 171
122 204
122 227
122 252
122 338
122 399
122 529
122 598
122 998
122 1032
122 1375
122 1433
122 1649
122 1794
122 1821
122 1874
122 1883
123 125
123 130
123 137
123 148
123 152
123 161
123 178
123 196
123 202
123 203
123 215
123 226
123 417
123 460
123 572
123 574
123 582
123 666
123 687
123 822
123 848
123 857
123 888
123 1255
123 1618
123 1656
123 1797
123 1816
123 1926
123 1974
124 135
124 154
124 169
124 174
124 182
124 191
124 192
124 197
124 199
124 244
124 288
124 413
124 545
124 700
124 816
124 975
124 1319
124 1412
124 1430
124 1473
124 1521
124 1832
125 132
125 136
125 148
125 151
125 152
125 168
125 176
125 182
125 183
125 190
125 196
125 199
125 208
125 211
125 212
125 213
125 224
125 228
125 237
125 239
125 244
125 384
125 447
125 601
125 688
125 781
125 797
125 816
125 859
125 1036
125 1530
125 1796
125 1798
125 1888
125 1988
126 127
126 133
126 135
126 140
126 156
126 163
126 165
126 166
126 181
126 189
126 203
126 209
126 221
126 233
126 237
126 243
126 249
126 265
126 350
126 394
126 459
126 856
126 875
126 1059
126 1239
126 1274
126 1469
126 1503
126 1609
126 1706
126 1790
126 1935
127 154
127 161
127 164
127 181
127 186
127 191
127 195
127 216
127 217
127 220
127 230
127 235
127 239
127 250
127 288
127 348
127 570
127 577
127 644
127 687
127 790
127 815
127 910
127 1012
127 1340
127 1615
127 1747
127 1809
127 1952
128 136
128 157
128 162
128 163
128 176
128 181
128 192
128 195
128 212
128 217
128 241
128 242
128 371
128 546
128 728
128 829
128 1000
128 1113
128 1266
128 1436
128 1546
128 1570
128 1802
128 1889
129 147
129 152
129 166
129 176
129 189
129 195
129 212
129 235
129 237
129 245
129 274
129 696
129 860
129 1080
129 1122
129 1135
129 1176
129 1471
129 1531
129 1679
129 1780
129 1882
130 144
130 172
130 175
130 193
130 198
130 208
130 212
130 217
130 237
130 247
130 260
130 276
130 359
130 428
130 477
130 932
130 1059
130 1279
130 1678
130 1775
130 1848
130 1954
130 1992
131 138
131 140
131 153
131 155
131 160
131 161
131 169
131 172
131 212
131 221
131 222
131 229
131 237
131 243
131 244
131 245
131 793
131 1024
131 1059
131 1330
131 1333
131 1336
131 1488
131 1902
131 1987
132 137
132 142
132 169
132 172
132 190
132 197
132 198
132 207
132 213
132 223
132 224
132 245
132 246
132 257
132 334
132 354
132 376
132 478
132 575
132 774
132 843
132 1131
132 1204
132 1257
132 1289
132 1652
132 1697
132 1984
133 134
133 135
133 138
133 164
133 186
133 192
133 197
133 210
133 225
133 228
133 240
133 244
133 245
133 248
133 310
133 381
133 563
133 739
133 801
133 1026
133 1130
133 1365
133 1395
133 1411
133 1461
133 1531
133 1634
133 1682
133 1750
133 1783
133 1860
133 1911
133 1966
134 153
134 166
134 169
134 171
134 175
134 178
134 186
134 187
134 198
134 209
134 217
134 218
134 230
134 244
134 401
134 403
134 478
134 499
134 685
134 806
134 812
134 955
134 1243
134 1386
134 1473
134 1863
134 1952
134 1972
135 136
135 175
135 182
135 186
135 187
135 195
135 215
135 239
135 242
135 249
135 359
135 382
135 394
135 607
135 741
135 802
135 927
135 1054
135 1154
135 1228
135 1457
135 1706
135 1964
136 137
136 140
136 142
136 149
136 157
136 169
136 171
136 183
136 202
136 204
136 247
136 288
136 334
136 343
136 375
136 421
136 540
136 620
136 682
136 753
136 794
136 872
136 960
136 1283
136 1425
136 1448
136 1611
136 1737
136 1849
136 1875
137 151
137 158
137 160
137 161
137 173
137 197
137 201
137 209
137 242
137 247
137 482
137 760
137 863
137 1218
137 1228
137 1352
137 1381
137 1467
137 1589
137 1749
138 156
138 173
138 174
138 181
138 183
138 198
138 201
138 216
138 229
138 233
138 270
138 568
138 662
138 713
138 721
138 744
138 828
138 838
138 919
138 942
138 1040
138 1365
138 1551
138 1564
138 1710
138 1756
139 142
139 153
139 165
139 168
139 170
139 180
139 191
139 195
139 199
139 207
139 208
139 220
139 221
139 228
139 230
139 233
139 332
139 417
139 609
139 918
139 919
139 920
139 982
139 1167
139 1282
139 1390
139 1655
139 1720
140 146
140 150
140 155
140 171
140 173
140 210
140 212
140 213
140 239
140 241
140 244
140 269
140 418
140 565
140 653
140 765
140 819
140 872
140 952
140 1098
140 1141
140 1164
140 1225
140 1376
140 1519
140 1582
140 1677
140 1779
140 1837
140 1987
141 147
141 158
141 184
141 185
141 186
141 189
141 191
141 195
141 204
141 206
141 212
141 215
141 222
141 237
141 238
141 242
141 246
141 249
141 255
141 371
141 400
141 651
141 831
141 881
141 882
141 980
141 1037
141 1064
141 1092
141 1260
141 1359
141 1632
141 1668
142 144
142 152
142 166
142 173
142 189
142 194
142 201
142 204
142 205
142 208
142 358
142 389
142 622
142 737
142 983
142 1011
142 1307
142 1395
142 1504
142 1784
142 1804
142 1824
143 162
143 171
143 174
143 185
143 187
143 195
143 235
143 237
143 246
143 247
143 249
143 338
143 379
143 396
143 429
143 496
143 566
143 822
143 851
143 859
143 967
143 1091
143 1206
143 1258
143 1424
143 1614
143 1722
143 1799
144 153
144 159
144 162
144 181
144 190
144 200
144 207
144 216
144 217
144 218
144 222
144 223
144 224
144 228
144 243
144 685
144 735
144 787
144 886
144 1093
144 1124
144 1217
144 1296
144 1364
144 1628
144 1847
144 1906
145 162
145 177
145 181
145 182
145 192
145 198
145 217
145 223
145 244
145 245
145 488
145 544
145 722
145 959
145 1030
145 1090
145 1317
145 1349
145 1525
145 1597
145 1608
145 1673
145 1724
145 1883
145 1903
145 1988
146 154
146 156
146 159
146 172
146 176
146 197
146 203
146 221
146 225
146 228
146 238
146 241
146 358
146 694
146 808
146 857
146 877
146 1115
146 1217
146 1261
146 1794
146 1917
146 2005
147 154
147 167
147 170
147 187
147 189
147 198
147 211
147 214
147 218
147 248
147 344
147 416
147 457
147 505
147 541
147 1159
147 1313
147 1613
147 1898
147 1995
148 156
148 157
148 161
148 164
148 188
148 192
148 201
148 222
148 228
148 245
148 271
148 425
148 461
148 530
148 598
148 808
148 820
148 945
148 990
148 1214
148 1390
148 1408
148 1548
148 1634
148 1776
149 152
149 154
149 163
149 195
149 213
149 215
149 222
149 226
149 236
149 278
149 324
149 342
149 476
149 494
149 852
149 1012
149 1061
149 1092
149 1425
149 1458
149 1505
149 1651
149 1885
149 1959
150 156
150 163
150 164
150 184
150 191
150 194
150 198
150 203
150 204
150 206
150 209
150 218
150 243
150 312
150 524
150 535
150 700
150 820
150 898
150 1323
150 1410
150 1576
150 1687
150 1721
150 1942
150 1998
151 155
151 166
151 171
151 187
151 202
151 203
151 207
151 228
151 236
151 433
151 474
151 475
151 531
151 737
151 774
151 880
151 1002
151 1108
151 1193
151 1222
151 1455
151 1536
151 1603
151 1655
151 1895
151 2004
152 169
152 173
152 189
152 194
152 198
152 205
152 227
152 228
152 244
152 256
152 363
152 466
152 627
152 630
152 700
152 793
152 798
152 850
152 855
152 1042
152 1044
152 1134
152 1194
152 1628
152 1801
152 1813
152 1861
152 1944
152 1978
152 1992
153 158
153 207
153 215
153 224
153 286
153 406
153 410
153 669
153 755
153 854
153 1140
153 1187
153 1246
153 1484
153 1622
153 1760
153 1843
153 1985
154 164
154 166
154 167
154 169
154 179
154 184
154 185
154 188
154 192
154 201
154 204
154 228
154 229
154 242
154 247
154 284
154 327
154 378
154 443
154 490
154 526
154 579
154 610
154 991
154 1090
154 1223
154 1308
154 1661
154 1946
155 167
155 189
155 196
155 213
155 221
155 226
155 241
155 244
155 298
155 309
155 343
155 391
155 441
155 495
155 631
155 646
155 731
155 765
155 863
155 920
155 1080
155 1488
155 1602
155 1632
155 1845
156 181
156 187
156 196
156 219
156 246
156 324
156 382
156 427
156 563
156 654
156 785
156 908
156 953
156 1025
156 1071
156 1131
156 1160
156 1235
156 1236
156 1267
156 1301
156 1521
156 1529
156 1794
156 1807
157 166
157 169
157 178
157 197
157 200
157 208
157 209
157 210
157 234
157 242
157 243
157 303
157 461
157 533
157 565
157 779
157 799
157 845
157 1093
157 1113
157 1396
157 1429
157 1437
157 1801
158 172
158 173
158 180
158 188
158 195
158 201
158 204
158 205
158 216
158 222
158 246
158 264
158 450
158 496
158 517
158 829
158 835
158 904
158 1036
158 1167
158 1419
158 1499
158 1692
158 1879
158 1912
159 171
159 175
159 176
159 178
159 184
159 197
159 219
159 225
159 235
159 239
159 244
159 338
159 447
159 680
159 738
159 749
159 756
159 904
159 908
159 911
159 1037
159 1160
159 1275
159 1389
159 1612
159 1699
159 1820
160 163
160 164
160 173
160 186
160 203
160 207
160 210
160 243
160 248
160 299
160 438
160 536
160 570
160 646
160 712
160 746
160 829
160 860
160 874
160 1209
160 1312
160 1443
160 1461
160 1645
160 1749
160 1839
160 1907
161 168
161 192
161 193
161 201
161 204
161 211
161 219
161 230
161 247
161 510
161 524
161 551
161 574
161 594
161 826
161 845
161 872
161 1024
161 1051
161 1079
161 1476
161 1618
161 1674
161 1862
162 164
162 165
162 168
162 206
162 211
162 229
162 232
162 235
162 243
162 254
162 275
162 312
162 324
162 388
162 530
162 699
162 726
162 749
162 825
162 1048
162 1319
162 1666
163 180
163 185
163 187
163 202
163 233
163 240
163 243
163 245
163 352
163 429
163 489
163 575
163 591
163 669
163 699
163 896
163 923
163 1028
163 1104
163 1408
163 1426
163 1619
163 1655
163 1701
163 1846
163 1892
163 1934
163 1940
164 167
164 170
164 177
164 194
164 205
164 242
164 243
164 254
164 379
164 1161
164 1219
164 1406
164 1733
164 1753
164 1889
164 1918
165 185
165 200
165 204
165 210
165 220
165 223
165 234
165 242
165 249
165 308
165 376
165 441
165 760
165 811
165 892
165 1062
165 1097
165 1344
165 1380
165 1444
165 1638
165 1703
165 1824
165 1826
165 1856
165 1888
165 1974
166 193
166 197
166 217
166 218
166 220
166 222
166 227
166 232
166 242
166 296
166 358
166 434
166 499
166 595
166 629
166 754
166 1008
166 1111
166 1152
166 1177
166 1185
166 1220
166 1313
166 1630
166 1773
166 1911
167 173
167 182
167 234
167 244
167 286
167 528
167 643
167 657
167 991
167 1082
167 1144
167 1182
167 1260
167 1362
167 1734
167 1839
167 1840
167 1983
168 185
168 191
168 200
168 215
168 237
168 333
168 419
168 570
168 649
168 744
168 822
168 1089
168 1133
168 1212
168 1544
168 1567
168 1614
168 1686
168 1699
168 1703
168 1750
169 170
169 181
169 184
169 188
169 196
169 211
169 231
169 515
169 735
169 825
169 850
169 1178
169 1201
169 1224
169 1398
169 1446
169 1468
169 1556
169 1670
169 1715
169 1986
170 177
170 179
170 187
170 202
170 205
170 213
170 214
170 218
170 232
170 245
170 348
170 402
170 502
170 630
170 762
170 858
170 920
170 948
170 1031
170 1062
170 1191
170 1440
170 1473
170 1485
170 1504
170 1506
170 1760
170 1896
170 2006
171 179
171 185
171 189
171 195
171 207
171 224
171 298
171 412
171 527
171 673
171 681
171 728
171 864
171 1046
171 1147
171 1323
171 1401
171 1493
171 1777
171 1786
171 1861
171 1871
171 1921
172 177
172 182
172 188
172 191
172 193
172 205
172 214
172 215
172 218
172 241
172 301
172 463
172 572
172 644
172 671
172 750
172 948
172 1075
172 1079
172 1084
172 1167
172 1310
172 1350
172 1361
172 1593
172 1597
173 176
173 180
173 194
173 223
173 249
173 303
173 304
173 334
173 390
173 833
173 865
173 986
173 1053
173 1108
173 1214
173 1240
173 1301
173 1417
173 1475
173 1780
173 1792
173 1981
173 1990
174 178
174 190
174 230
174 231
174 243
174 249
174 318
174 457
174 625
174 683
174 764
174 857
174 991
174 1119
174 1168
174 1358
174 1612
174 1686
174 1854
174 1903
174 1926
174 1952
175 182
175 194
175 195
175 197
175 200
175 205
175 206
175 216
175 223
175 235
175 645
175 713
175 903
175 905
175 1069
175 1157
175 1181
175 1291
175 1482
175 1495
175 1850
175 1889
175 1916
176 196
176 202
176 208
176 230
176 240
176 242
176 247
176 254
176 379
176 397
176 615
176 724
176 782
176 860
176 887
176 1277
176 1327
176 1347
176 1350
176 1545
176 1554
176 1690
176 1780
176 1998
177 187
177 201
177 205
177 209
177 241
177 490
177 883
177 906
177 1301
177 1406
177 1570
177 1858
178 180
178 182
178 201
178 219
178 231
178 237
178 239
178 242
178 285
178 328
178 442
178 578
178 765
178 792
178 864
178 869
178 1078
178 1184
178 1246
178 1367
178 1386
178 1414
178 1721
178 1756
178 1789
178 1799
178 1931
178 2001
179 183
179 189
179 191
179 194
179 195
179 198
179 202
179 204
179 230
179 237
179 283
179 410
179 416
179 466
179 714
179 826
179 931
179 1075
179 1370
179 1518
179 1576
179 1682
179 1787
179 1974
179 1985
180 191
180 206
180 216
180 228
180 304
180 334
180 633
180 675
180 804
180 883
180 974
180 1116
180 1169
180 1184
180 1339
180 1443
180 1500
180 1664
180 1838
181 187
181 196
181 201
181 210
181 221
181 231
181 232
181 234
181 240
181 265
181 363
181 395
181 579
181 590
181 622
181 642
181 650
181 796
181 815
181 869
181 1189
181 1223
181 1343
181 1479
181 1542
181 1606
181 1689
181 1707
181 1824
181 1859
181 1892
182 190
182 207
182 225
182 229
182 241
182 244
182 343
182 350
182 447
182 481
182 721
182 784
182 833
182 1101
182 1335
182 1366
182 1535
182 1713
182 1896
182 1900
183 190
183 194
183 214
183 215
183 229
183 241
183 242
183 246
183 306
183 457
183 595
183 598
183 759
183 856
183 880
183 1011
183 1061
183 1111
183 1182
183 1243
183 1251
183 1385
183 1611
183 1615
183 1652
183 1720
183 1753
183 1810
183 1817
183 1851
183 1895
183 1971
184 187
184 189
184 191
184 194
184 202
184 227
184 240
184 247
184 248
184 280
184 428
184 509
184 675
184 1127
184 1440
184 1465
184 1544
184 1814
184 1828
184 1929
185 192
185 199
185 201
185 206
185 213
185 220
185 241
185 248
185 791
185 1007
185 1279
185 1573
185 1632
185 1793
185 1974
186 189
186 200
186 208
186 222
186 229
186 236
186 437
186 450
186 525
186 645
186 683
186 724
186 748
186 903
186 951
186 952
186 1064
186 1147
186 1382
186 1445
186 1472
186 1807
186 1930
186 1989
187 200
187 202
187 211
187 230
187 241
187 247
187 476
187 487
187 591
187 695
187 710
187 744
187 940
187 1232
187 1390
187 1435
187 1779
187 1916
187 1952
187 1965
188 205
188 212
188 214
188 219
188 230
188 232
188 236
188 239
188 243
188 459
188 686
188 1001
188 1080
188 1121
188 1237
188 1381
188 1585
188 1680
188 1738
188 1929
189 198
189 199
189 212
189 233
189 234
189 240
189 241
189 420
189 483
189 555
189 840
189 907
189 1007
189 1143
189 1181
189 1452
189 1576
189 1680
189 1694
189 1712
189 1908
189 1966
189 1978
190 193
190 208
190 229
190 233
190 246
190 257
190 314
190 454
190 547
190 568
190 590
190 669
190 944
190 979
190 1041
190 1061
190 1164
190 1200
190 1235
190 1345
190 1364
190 1544
190 1616
191 209
191 211
191 216
191 230
191 236
191 317
191 497
191 630
191 701
191 723
191 1215
191 1223
191 1254
191 1414
191 1511
191 1707
191 1876
192 201
192 202
192 206
192 226
192 232
192 233
192 238
192 763
192 905
192 977
192 980
192 1379
192 1530
192 1583
192 1668
192 1738
192 1760
192 1772
192 1894
192 1900
192 1907
193 206
193 210
193 213
193 215
193 224
193 227
193 229
193 346
193 420
193 468
193 638
193 1713
193 1735
194 216
194 219
194 225
194 226
194 234
194 540
194 597
194 911
194 923
194 1018
194 1153
194 1243
194 1269
194 1292
194 1382
194 1395
194 1431
194 1505
194 1531
194 1535
194 1585
194 1630
194 1923
195 197
195 223
195 245
195 292
195 407
195 420
195 460
195 641
195 833
195 837
195 925
195 1135
195 1179
195 1347
195 1522
195 1572
195 1625
195 1835
195 1925
196 199
196 201
196 203
196 205
196 210
196 216
196 217
196 221
196 261
196 346
196 477
196 1135
196 1184
196 1451
197 212
197 213
197 235
197 311
197 320
197 396
197 525
197 721
197 792
197 1082
197 1227
197 1368
197 1815
197 1918
198 207
198 214
198 228
198 240
198 260
198 695
198 784
198 871
198 1040
198 1099
198 1111
198 1160
198 1441
198 1555
198 1774
198 1806
198 1846
199 212
199 228
199 229
199 232
199 233
199 234
199 243
199 369
199 373
199 615
199 641
199 689
199 780
199 822
199 953
199 962
199 966
199 974
199 987
199 1008
199 1148
199 1193
199 1479
199 1666
199 1776
199 1923
200 225
200 233
200 234
200 241
200 348
200 353
200 789
200 894
200 1190
200 1222
200 1230
200 1368
200 1393
200 1637
200 1928
201 213
201 214
201 225
201 235
201 236
201 239
201 435
201 450
201 474
201 593
201 629
201 665
201 1086
201 1192
201 1222
201 1334
201 1434
201 1463
201 1606
201 1665
201 1799
201 1868
201 1922
201 1988
202 205
202 209
202 230
202 240
202 244
202 248
202 329
202 361
202 882
202 905
202 1140
202 1154
202 1249
202 1433
202 1648
202 1713
202 1750
202 1761
202 1848
202 1873
203 204
203 207
203 236
203 239
203 242
203 246
203 268
203 284
203 501
203 544
203 635
203 659
203 712
203 809
203 839
203 1094
203 1275
203 1300
203 1362
203 1391
203 1602
203 1911
203 1999
204 216
204 233
204 235
204 236
204 244
204 248
204 249
204 311
204 530
204 683
204 736
204 774
204 779
204 1134
204 1161
204 1394
204 1414
204 1516
204 1552
204 1569
204 1580
204 1879
204 1981
205 214
205 230
205 234
205 248
205 288
205 297
205 305
205 351
205 361
205 834
205 923
205 952
205 1013
205 1059
205 1201
205 1208
205 1268
205 1502
205 1552
205 1561
205 1759
206 210
206 248
206 299
206 369
206 427
206 429
206 484
206 514
206 614
206 779
206 933
206 990
206 991
206 1020
206 1035
206 1118
206 1120
206 1282
206 1319
206 1333
206 1389
206 1519
206 1570
206 1603
206 1722
206 1913
206 1947
207 208
207 210
207 211
207 249
207 381
207 423
207 434
207 624
207 751
207 825
207 901
207 994
207 996
207 1016
207 1304
207 1315
207 1409
207 1463
207 1478
207 1965
208 219
208 246
208 356
208 365
208 424
208 464
208 493
208 556
208 771
208 1044
208 1101
208 1209
208 1210
208 1227
208 1441
208 1593
208 1783
208 1799
208 1842
208 1944
208 1982
209 212
209 215
209 224
209 242
209 333
209 397
209 401
209 621
209 630
209 646
209 653
209 818
209 821
209 1032
209 1075
209 1115
209 1208
209 1231
209 1324
209 1462
209 1699
209 1712
209 1872
209 1874
210 217
210 220
210 230
210 232
210 248
210 258
210 374
210 595
210 835
210 894
210 1023
210 1106
210 1199
210 1382
210 1472
210 1505
210 2005
211 217
211 245
211 343
211 351
211 488
211 532
211 655
211 896
211 1043
211 1239
211 1821
211 1911
212 215
212 227
212 236
212 244
212 261
212 352
212 360
212 367
212 650
212 712
212 1053
212 1089
212 1316
212 1404
212 1406
212 1449
212 1498
212 1577
212 1799
212 1945
212 1996
212 2003
213 221
213 234
213 243
213 244
213 285
213 446
213 531
213 548
213 1051
213 1090
213 1197
213 1201
213 1305
213 1313
213 1488
213 1579
213 1786
213 1789
213 1797
213 1939
214 223
214 228
214 237
214 238
214 239
214 277
214 587
214 665
214 752
214 862
214 911
214 993
214 1077
214 1083
214 1213
214 1346
214 1453
214 1557
214 1629
214 1636
214 1836
215 218
215 230
215 238
215 239
215 244
215 253
215 279
215 299
215 324
215 391
215 587
215 613
215 811
215 1203
216 218
216 226
216 228
216 231
216 240
216 245
216 248
216 579
216 662
216 705
216 905
216 927
216 978
216 1019
216 1120
216 1142
216 1331
216 1348
216 1484
216 1551
216 1566
216 1576
216 1577
216 1615
216 1737
216 1756
216 1761
216 1858
216 1943
217 226
217 228
217 231
217 235
217 247
217 475
217 1004
217 1123
217 1128
217 1205
217 1619
217 1626
217 1713
217 1812
217 1814
217 1914
217 1933
217 1984
218 239
218 242
218 248
218 264
218 334
218 736
218 875
218 910
218 937
218 1017
218 1030
218 1066
218 1356
218 1399
218 1453
218 1801
218 1933
219 234
219 248
219 296
219 328
219 528
219 584
219 613
219 692
219 755
219 798
219 841
219 944
219 970
219 1165
219 1238
219 1398
219 1494
219 1633
219 1659
219 1755
219 1784
219 2006
220 222
220 226
220 232
220 240
220 495
220 576
220 609
220 610
220 647
220 689
220 845
220 979
220 1088
220 1296
220 1349
220 1504
220 1540
220 1617
220 1759
220 1823
220 1991
221 223
221 235
221 359
221 438
221 517
221 520
221 908
221 923
221 957
221 1152
221 1157
221 1220
221 1266
221 1330
221 1448
221 1470
221 1529
221 1597
221 1718
221 1743
222 228
222 238
222 242
222 243
222 248
222 741
222 838
222 1094
222 1306
222 1523
222 1699
222 1971
223 229
223 245
223 246
223 581
223 599
223 750
223 1207
223 1614
223 1978
223 1980
224 248
224 251
224 294
224 435
224 535
224 554
224 706
224 715
224 744
224 756
224 811
224 968
224 1013
224 1046
224 1142
224 1236
224 1349
224 1605
224 1725
225 240
225 247
225 249
225 259
225 261
225 286
225 318
225 573
225 600
225 645
225 663
225 682
225 972
225 975
225 1192
225 1449
225 1560
225 1830
226 227
226 228
226 234
226 239
226 383
226 389
226 594
226 697
226 807
226 816
226 819
226 845
226 866
226 1032
226 1404
226 1450
226 1518
226 1611
226 1638
226 1690
226 1831
226 1879
226 1946
226 1978
227 230
227 235
227 337
227 474
227 593
227 727
227 772
227 807
227 856
227 1044
227 1065
227 1169
227 1326
227 1544
227 1617
228 359
228 493
228 582
228 712
228 1036
228 1059
228 1143
228 1246
228 1532
228 1583
228 1752
228 1769
228 1770
228 1826
228 1912
228 2001
228 2003
229 392
229 531
229 563
229 616
229 620
229 786
229 845
229 920
229 1418
230 236
230 288
230 370
230 459
230 541
230 580
230 800
230 1024
230 1175
230 1232
230 1307
230 1676
230 1936
231 245
231 247
231 249
231 288
231 554
231 636
231 680
231 829
231 925
231 954
231 1142
231 1163
231 1164
231 1280
231 1306
231 1494
231 1667
231 1671
232 248
232 249
232 367
232 467
232 653
232 791
232 983
232 1052
232 1361
232 1405
232 1445
232 1487
232 1559
232 1649
232 1903
233 272
233 314
233 525
233 606
233 833
233 918
233 950
233 961
233 1011
233 1044
233 1073
233 1260
233 1318
233 1330
233 1522
233 1680
233 1681
234 235
234 236
234 237
234 238
234 248
234 362
234 377
234 457
234 462
234 465
234 662
234 698
234 806
234 969
234 972
234 1011
234 1241
234 1329
234 1378
234 1579
235 237
235 244
235 248
235 318
235 321
235 449
235 585
235 650
235 901
235 1015
235 1206
235 1224
235 1257
235 1294
235 1389
235 1424
235 1498
235 1513
235 1619
235 1731
235 1831
235 1835
235 1851
235 1883
235 1926
235 1968
236 237
236 246
236 249
236 367
236 448
236 638
236 646
236 925
236 1267
236 1369
236 1466
236 1537
236 1742
236 1794
236 1838
236 1952
236 1971
237 247
237 390
237 405
237 525
237 534
237 548
237 695
237 723
237 771
237 1028
237 1038
237 1085
237 1443
237 1454
237 1630
237 1715
238 249
238 293
238 415
238 455
238 465
238 506
238 841
238 1061
238 1269
238 1289
238 1313
238 1450
238 1550
238 1571
238 1755
238 1881
238 1892
239 335
239 366
239 373
239 428
239 840
239 1112
239 1140
239 1251
239 1255
239 1334
239 1388
239 1553
239 1573
239 1888
239 1948
240 249
240 321
240 406
240 623
240 718
240 734
240 846
240 893
240 975
240 982
240 1254
240 1256
240 1580
240 1681
240 1683
241 247
241 292
241 474
241 482
241 756
241 843
241 1306
241 1415
241 1440
241 1455
241 1489
241 1619
241 1659
241 1795
241 1968
241 1992
242 247
242 473
242 557
242 677
242 882
242 886
242 944
242 1060
242 1308
242 1446
242 1622
242 1752
242 1935
242 1963
243 391
243 978
243 989
243 1101
243 1179
243 1292
243 1332
243 1477
243 1645
243 1674
243 1708
243 1790
243 1832
243 1838
244 246
244 247
244 589
244 701
244 890
244 975
244 1158
244 1243
244 1266
244 1469
244 1649
244 1756
244 1816
244 1865
244 1914
245 327
245 342
245 610
245 643
245 735
245 855
245 995
245 1018
245 1320
245 1345
245 1570
245 1753
246 394
246 503
246 545
246 733
246 840
246 1022
246 1058
246 1355
246 1439
246 1461
246 1487
246 1578
246 1669
246 1728
246 1733
246 1885
246 1944
247 249
247 654
247 685
247 704
247 845
247 904
247 1014
247 1051
247 1053
247 1139
247 1418
247 1454
247 1516
247 1672
247 1698
247 1823
247 1937
247 1999
248 523
248 775
248 779
248 945
248 976
248 984
248 1048
248 1086
248 1206
248 1241
248 1552
248 1617
248 1638
248 1707
248 1909
248 1958
249 342
249 435
249 541
249 651
249 1129
249 1138
249 1225
249 1241
249 1292
249 1302
249 1594
249 1768
249 1811
249 1923
250 251
250 255
250 290
250 308
250 309
250 321
250 322
250 332
250 336
250 338
250 365
250 367
250 372
250 378
250 379
250 389
250 392
250 401
250 442
250 462
250 472
250 476
250 480
250 482
250 488
250 496
250 688
250 925
250 1068
250 1113
250 1131
250 1150
250 1182
250 1396
250 1536
250 1725
250 1853
250 1893
251 259
251 261
251 263
251 290
251 302
251 336
251 342
251 347
251 349
251 353
251 363
251 374
251 413
251 432
251 434
251 438
251 449
251 450
251 451
251 468
251 520
251 585
251 624
251 803
251 1132
251 1150
251 1159
251 1296
251 1368
251 1414
251 1473
251 1555
251 1662
251 1879
251 1987
252 260
252 266
252 267
252 274
252 281
252 300
252 317
252 318
252 322
252 342
252 357
252 367
252 368
252 369
252 377
252 388
252 396
252 409
252 410
252 413
252 427
252 435
252 437
252 442
252 452
252 488
252 494
252 736
252 741
252 896
252 949
252 1046
252 1460
252 1464
252 1488
252 1501
252 1668
252 1731
252 1882
252 1908
253 272
253 287
253 289
253 291
253 295
253 297
253 306
253 315
253 330
253 333
253 334
253 339
253 357
253 358
253 363
253 366
253 390
253 396
253 412
253 419
253 432
253 453
253 455
253 465
253 466
253 471
253 486
253 526
253 561
253 580
253 779
253 898
253 1072
253 1091
253 1168
253 1242
253 1325
253 1528
253 1646
253 1721
253 1751
253 1767
253 1875
253 1915
253 1964
253 1995
254 258
254 259
254 262
254 266
254 273
254 277
254 280
254 286
254 287
254 291
254 293
254 307
254 312
254 334
254 353
254 355
254 356
254 367
254 368
254 370
254 373
254 374
254 375
254 382
254 389
254 395
254 410
254 431
254 440
254 446
254 463
254 481
254 497
254 575
254 582
254 621
254 1011
254 1094
254 1311
254 1332
254 1432
254 1632
254 1709
255 261
255 269
255 272
255 285
255 286
255 294
255 295
255 329
255 333
255 343
255 345
255 377
255 381
255 390
255 393
255 395
255 425
255 450
255 466
255 478
255 479
255 491
255 509
255 563
255 877
255 976
255 1081
255 1177
255 1185
255 1305
255 1315
255 1511
255 1625
255 1718
255 1855
255 1874
255 1885
255 1898
255 1910
255 1984
256 268
256 270
256 271
256 276
256 283
256 285
256 286
256 288
256 299
256 302
256 312
256 335
256 342
256 352
256 375
256 382
256 384
256 391
256 395
256 398
256 403
256 405
256 411
256 423
256 444
256 475
256 489
256 499
256 547
256 687
256 718
256 741
256 759
256 977
256 980
256 1077
256 1215
256 1232
256 1327
256 1400
256 1506
256 1770
256 1930
257 262
257 267
257 269
257 271
257 274
257 288
257 291
257 294
257 301
257 304
257 319
257 343
257 344
257 347
257 350
257 351
257 354
257 361
257 368
257 373
257 375
257 382
257 384
257 416
257 435
257 447
257 449
257 487
257 494
257 497
257 499
257 655
257 735
257 807
257 1146
257 1460
257 1492
257 1732
257 1991
258 261
258 266
258 282
258 294
258 298
258 302
258 323
258 330
258 333
258 341
258 356
258 358
258 375
258 376
258 383
258 389
258 390
258 391
258 393
258 397
258 401
258 403
258 407
258 427
258 435
258 454
258 474
258 497
258 511
258 764
258 846
258 972
258 1205
258 1570
258 1738
258 1853
258 1864
258 1918
258 1961
259 260
259 267
259 274
259 284
259 309
259 318
259 333
259 339
259 342
259 355
259 361
259 374
259 375
259 389
259 404
259 408
259 424
259 431
259 444
259 461
259 468
259 480
259 492
259 704
259 779
259 940
259 1190
259 1379
259 1545
259 1555
259 1690
259 1890
260 263
260 278
260 286
260 299
260 300
260 325
260 327
260 333
260 341
260 355
260 365
260 366
260 380
260 385
260 391
260 393
260 394
260 396
260 406
260 430
260 432
260 448
260 476
260 485
260 499
260 602
260 674
260 731
260 748
260 949
260 982
260 1034
260 1200
260 1204
260 1525
260 1699
260 1741
260 1918
260 1932
260 2003
261 266
261 271
261 272
261 312
261 314
261 320
261 322
261 327
261 334
261 341
261 346
261 348
261 349
261 359
261 372
261 387
261 417
261 435
261 440
261 458
261 462
261 464
261 468
261 482
261 483
261 487
261 490
261 542
261 736
261 769
261 809
261 918
261 1183
261 1310
261 1575
261 1685
261 1688
261 1717
261 1755
261 1868
261 1931
261 1936
261 1942
261 1947
261 1986
262 270
262 271
262 278
262 280
262 287
262 296
262 304
262 309
262 311
262 318
262 323
262 336
262 338
262 347
262 370
262 371
262 372
262 388
262 398
262 424
262 432
262 435
262 436
262 442
262 447
262 448
262 478
262 483
262 521
262 783
262 790
262 915
262 980
262 1069
262 1174
262 1184
262 1258
262 1319
262 1345
262 1389
262 1474
262 1543
263 292
263 296
263 324
263 335
263 343
263 344
263 376
263 379
263 380
263 394
263 407
263 431
263 445
263 450
263 459
263 460
263 467
263 493
263 507
263 521
263 564
263 741
263 930
263 1392
263 1416
263 1464
263 1547
263 1705
263 1979
264 272
264 274
264 282
264 290
264 314
264 317
264 322
264 323
264 333
264 334
264 336
264 353
264 357
264 364
264 376
264 377
264 404
264 414
264 429
264 435
264 438
264 465
264 475
264 624
264 728
264 951
264 1129
264 1197
264 1222
264 1433
264 1574
265 266
265 283
265 300
265 308
265 318
265 337
265 345
265 350
265 361
265 363
265 374
265 382
265 385
265 396
265 401
265 404
265 409
265 417
265 430
265 431
265 438
265 442
265 445
265 447
265 448
265 453
265 455
265 467
265 477
265 496
265 571
265 607
265 672
265 755
265 805
265 813
265 886
265 925
265 932
265 1117
265 1131
265 1167
265 1202
265 1367
265 1535
265 1730
265 1772
265 1777
265 1784
265 1796
265 1947
265 1982
266 269
266 270
266 278
266 285
266 288
266 305
266 344
266 349
266 359
266 367
266 382
266 391
266 396
266 397
266 413
266 419
266 432
266 436
266 442
266 472
266 476
266 611
266 620
266 709
266 719
266 765
266 787
266 1039
266 1227
266 1309
266 1354
266 1367
266 1480
266 1670
266 1692
266 1709
267 273
267 276
267 298
267 300
267 303
267 304
267 335
267 339
267 345
267 354
267 379
267 402
267 407
267 421
267 445
267 446
267 452
267 459
267 489
267 498
267 986
267 1125
267 1197
267 1210
267 1260
267 1306
267 1502
267 1708
267 1727
267 1955
268 269
268 274
268 282
268 288
268 309
268 326
268 348
268 357
268 360
268 391
268 395
268 410
268 423
268 428
268 429
268 436
268 451
268 458
268 460
268 464
268 466
268 473
268 476
268 488
268 494
268 542
268 556
268 572
268 687
268 742
268 751
268 829
268 936
268 991
268 1019
268 1095
268 1113
268 1124
268 1147
268 1214
268 1305
268 1310
268 1353
268 1384
268 1417
268 1459
268 1537
268 1622
268 1863
268 1953
269 287
269 289
269 315
269 316
269 352
269 374
269 381
269 399
269 411
269 416
269 419
269 421
269 429
269 430
269 446
269 466
269 476
269 478
269 510
269 547
269 565
269 772
269 844
269 919
269 983
269 1055
269 1320
269 1492
269 1561
269 1568
269 1577
269 1731
269 1745
269 1768
269 1971
269 1994
270 317
270 329
270 365
270 377
270 382
270 389
270 397
270 398
270 405
270 416
270 423
270 428
270 438
270 442
270 444
270 447
270 450
270 476
270 485
270 493
270 496
270 760
270 936
270 1187
270 1286
270 1305
270 1313
270 1402
270 1459
270 1498
270 1655
270 1674
270 1727
270 1753
270 1793
270 1960
271 285
271 295
271 302
271 303
271 310
271 315
271 316
271 321
271 322
271 347
271 352
271 356
271 363
271 394
271 424
271 432
271 433
271 435
271 438
271 457
271 464
271 466
271 470
271 474
271 492
271 572
271 622
271 801
271 928
271 996
271 1019
271 1093
271 1401
271 1450
271 1460
271 1463
271 1578
271 1583
271 1586
271 1744
271 1757
271 1819
271 1935
271 1973
272 273
272 284
272 319
272 327
272 331
272 337
272 364
272 376
272 386
272 396
272 428
272 429
272 449
272 453
272 457
272 460
272 464
272 469
272 472
272 473
272 474
272 481
272 484
272 491
272 510
272 536
272 770
272 860
272 1124
272 1182
272 1602
272 1669
272 1717
272 1779
272 1780
273 333
273 334
273 337
273 358
273 364
273 370
273 371
273 373
273 376
273 381
273 388
273 398
273 419
273 422
273 428
273 434
273 444
273 446
273 458
273 461
273 465
273 492
273 655
273 690
273 710
273 741
273 763
273 824
273 877
273 1109
273 1450
273 1624
273 1791
273 1822
273 1982
274 296
274 306
274 307
274 310
274 325
274 328
274 333
274 340
274 342
274 349
274 350
274 357
274 367
274 377
274 384
274 387
274 398
274 408
274 415
274 418
274 436
274 439
274 444
274 453
274 474
274 484
274 486
274 489
274 490
274 599
274 621
274 820
274 1014
274 1058
274 1072
274 1138
274 1279
274 1440
274 1769
274 1893
275 284
275 289
275 294
275 354
275 360
275 366
275 369
275 380
275 381
275 390
275 395
275 401
275 411
275 413
275 423
275 436
275 440
275 453
275 460
275 470
275 476
275 1237
275 1315
275 1332
275 1489
275 1508
275 1636
275 1701
275 1857
275 1863
275 1871
276 288
276 291
276 293
276 294
276 300
276 314
276 321
276 338
276 350
276 351
276 354
276 372
276 377
276 386
276 389
276 400
276 413
276 437
276 448
276 460
276 465
276 470
276 471
276 479
276 482
276 486
276 491
276 495
276 601
276 694
276 807
276 843
276 928
276 990
276 994
276 1111
276 1166
276 1303
276 1313
276 1516
276 1555
276 1561
276 1590
276 1615
276 1721
276 1724
276 1765
276 1824
276 1995
277 292
277 297
277 298
277 310
277 311
277 315
277 323
277 325
277 340
277 359
277 367
277 373
277 387
277 388
277 459
277 466
277 468
277 471
277 474
277 479
277 481
277 865
277 935
277 1027
277 1142
277 1143
277 1365
277 1399
277 1451
277 1476
277 1596
277 1823
277 1878
277 1908
277 1967
278 280
278 298
278 308
278 328
278 358
278 374
278 377
278 396
278 404
278 410
278 412
278 414
278 426
278 431
278 450
278 456
278 458
278 468
278 470
278 479
278 481
278 486
278 487
278 496
278 785
278 808
278 873
278 927
278 966
278 971
278 1032
278 1102
278 1171
278 1190
278 1624
278 1664
278 1743
278 1884
278 2003
279 288
279 295
279 313
279 337
279 346
279 351
279 388
279 417
279 441
279 442
279 446
279 458
279 469
279 472
279 473
279 483
279 659
279 759
279 780
279 1033
279 1262
279 1266
279 1502
279 1860
279 1900
280 287
280 294
280 308
280 312
280 322
280 369
280 385
280 391
280 410
280 419
280 427
280 435
280 450
280 453
280 463
280 479
280 490
280 498
280 509
280 514
280 554
280 979
280 1060
280 1166
280 1435
280 1477
280 1855
280 1950
281 291
281 318
281 338
281 342
281 345
281 350
281 351
281 369
281 389
281 417
281 423
281 427
281 440
281 447
281 451
281 467
281 476
281 484
281 487
281 529
281 765
281 772
281 1215
281 1367
281 1425
281 1562
281 1974
281 1975
282 289
282 291
282 305
282 334
282 338
282 342
282 357
282 367
282 370
282 373
282 374
282 385
282 387
282 389
282 401
282 405
282 414
282 433
282 456
282 466
282 467
282 472
282 484
282 487
282 490
282 492
282 493
282 494
282 497
282 560
282 581
282 603
282 876
282 914
282 916
282 1030
282 1209
282 1347
282 1401
282 1681
282 1726
282 1727
282 1924
283 297
283 301
283 319
283 325
283 330
283 331
283 339
283 345
283 387
283 395
283 411
283 426
283 431
283 469
283 480
283 498
283 607
283 634
283 656
283 849
283 1026
283 1047
283 1079
283 1209
283 1309
283 1608
283 1668
283 1712
283 1883
284 287
284 292
284 293
284 311
284 318
284 327
284 337
284 343
284 352
284 368
284 383
284 387
284 390
284 391
284 395
284 410
284 421
284 433
284 443
284 448
284 453
284 571
284 604
284 966
284 1044
284 1134
284 1508
284 1586
284 1673
284 1805
284 1810
284 1856
284 1918
285 302
285 315
285 318
285 320
285 331
285 339
285 344
285 349
285 351
285 353
285 355
285 362
285 375
285 413
285 426
285 428
285 438
285 439
285 444
285 477
285 486
285 521
285 541
285 576
285 717
285 880
285 1046
285 1091
285 1094
285 1134
285 1163
285 1274
285 1291
285 1298
285 1375
285 1504
285 1595
285 1657
285 1954
286 289
286 295
286 305
286 306
286 309
286 319
286 334
286 363
286 377
286 391
286 416
286 423
286 447
286 451
286 457
286 467
286 468
286 471
286 487
286 491
286 494
286 496
286 498
286 684
286 704
286 939
286 1237
286 1267
286 1363
286 1399
286 1452
286 1548
286 1588
286 1618
286 1644
286 1999
287 289
287 300
287 313
287 325
287 330
287 340
287 357
287 360
287 366
287 367
287 377
287 380
287 405
287 416
287 418
287 427
287 430
287 431
287 432
287 477
287 485
287 509
287 592
287 618
287 646
287 929
287 971
287 1045
287 1149
287 1184
287 1192
287 1393
287 1605
287 1845
287 1846
287 1867
287 1954
287 2006
288 295
288 297
288 325
288 329
288 344
288 345
288 374
288 378
288 379
288 389
288 397
288 398
288 403
288 428
288 451
288 452
288 459
288 472
288 474
288 484
288 490
288 492
288 635
288 974
288 1035
288 1132
288 1207
288 1357
288 1601
288 1671
288 1769
288 1916
288 1956
289 291
289 324
289 331
289 333
289 347
289 352
289 380
289 389
289 401
289 414
289 417
289 444
289 448
289 457
289 472
289 483
289 822
289 862
289 867
289 918
289 998
289 1131
289 1146
289 1160
289 1414
289 1564
289 1631
290 302
290 314
290 339
290 349
290 360
290 362
290 384
290 385
290 396
290 410
290 424
290 433
290 436
290 445
290 447
290 462
290 474
290 489
290 498
290 809
290 886
290 974
290 1114
290 1297
290 1409
290 1601
290 1606
290 1741
290 1801
290 1809
290 1881
291 293
291 314
291 315
291 320
291 343
291 345
291 370
291 386
291 402
291 403
291 414
291 449
291 450
291 473
291 479
291 486
291 491
291 495
291 887
291 1007
291 1047
291 1138
291 1213
291 1431
291 1473
291 1603
291 1675
291 1710
291 1870
292 305
292 306
292 319
292 326
292 352
292 357
292 374
292 382
292 383
292 411
292 421
292 434
292 438
292 462
292 479
292 482
292 484
292 491
292 495
292 678
292 1058
292 1257
292 1323
292 1364
292 1699
293 295
293 306
293 307
293 310
293 325
293 329
293 330
293 331
293 337
293 374
293 378
293 383
293 390
293 395
293 396
293 417
293 419
293 436
293 442
293 444
293 458
293 481
293 482
293 488
293 494
293 497
293 567
293 786
293 828
293 868
293 871
293 896
293 952
293 969
293 1020
293 1039
293 1223
293 1532
293 1683
293 1778
293 1957
293 1983
294 299
294 300
294 302
294 322
294 328
294 333
294 353
294 387
294 407
294 439
294 456
294 471
294 472
294 517
294 580
294 620
294 661
294 721
294 726
294 939
294 958
294 996
294 1048
294 1077
294 1179
294 1278
294 1381
294 1448
294 1503
294 1613
294 1772
294 1812
294 1878
295 296
295 299
295 306
295 308
295 318
295 320
295 324
295 331
295 338
295 376
295 382
295 389
295 403
295 411
295 416
295 433
295 445
295 447
295 456
295 468
295 480
295 488
295 498
295 516
295 523
295 555
295 615
295 754
295 851
295 888
295 912
295 1003
295 1088
295 1429
295 1482
295 1591
295 1634
295 1667
295 1688
296 300
296 305
296 317
296 355
296 364
296 379
296 388
296 412
296 419
296 426
296 434
296 436
296 454
296 461
296 488
296 496
296 550
296 567
296 752
296 797
296 842
296 906
296 1095
296 1116
296 1261
296 1361
296 1382
296 1426
296 1459
296 1484
297 310
297 311
297 321
297 336
297 340
297 364
297 369
297 373
297 376
297 397
297 407
297 425
297 449
297 463
297 473
297 474
297 488
297 497
297 511
297 599
297 726
297 806
297 1265
297 1339
297 1460
297 1470
297 1492
297 1572
297 1722
297 1899
297 1953
298 313
298 321
298 323
298 324
298 325
298 327
298 330
298 331
298 340
298 361
298 365
298 384
298 406
298 414
298 430
298 442
298 449
298 451
298 463
298 466
298 474
298 488
298 493
298 548
298 560
298 714
298 736
298 813
298 899
298 1148
298 1225
298 1271
298 1318
298 1344
298 1363
298 1371
298 1423
298 1480
298 1488
298 1536
298 1600
298 1723
298 1841
298 1894
299 327
299 336
299 340
299 348
299 353
299 355
299 371
299 374
299 377
299 384
299 399
299 403
299 409
299 411
299 422
299 430
299 463
299 494
299 495
299 632
299 758
299 1176
299 1188
299 1221
299 1227
299 1388
299 1391
299 1569
299 1755
299 1810
300 339
300 342
300 352
300 359
300 381
300 397
300 410
300 421
300 427
300 432
300 433
300 435
300 437
300 474
300 477
300 486
300 487
300 495
300 499
300 507
300 670
300 914
300 1020
300 1142
300 1163
300 1317
300 1512
300 1561
300 1614
300 1727
300 1820
301 323
301 336
301 339
301 340
301 356
301 370
301 393
301 408
301 420
301 425
301 452
301 455
301 460
301 485
301 491
301 583
301 631
301 648
301 766
301 884
301 1159
301 1496
301 1506
301 1880
302 304
302 310
302 324
302 325
302 337
302 339
302 346
302 356
302 360
302 361
302 368
302 370
302 371
302 395
302 396
302 408
302 433
302 449
302 473
302 476
302 478
302 486
302 520
302 798
302 808
302 999
302 1551
302 1608
302 1622
302 1764
302 1891
303 317
303 321
303 338
303 354
303 361
303 367
303 377
303 385
303 386
303 389
303 417
303 424
303 429
303 430
303 436
303 442
303 464
303 466
303 468
303 481
303 484
303 495
303 498
303 499
303 617
303 727
303 729
303 760
303 771
303 951
303 993
303 1043
303 1067
303 1336
303 1361
303 1445
303 1496
303 1544
303 1625
303 1707
303 1841
303 1860
303 1867
303 1950
303 1969
303 1972
304 312
304 327
304 351
304 362
304 363
304 367
304 388
304 392
304 429
304 432
304 437
304 444
304 450
304 465
304 469
304 480
304 527
304 595
304 755
304 802
304 882
304 892
304 912
304 928
304 997
304 1052
304 1235
304 1266
304 1281
304 1568
304 1858
304 1884
304 1991
305 332
305 338
305 371
305 372
305 379
305 381
305 384
305 385
305 389
305 393
305 394
305 414
305 422
305 423
305 424
305 430
305 440
305 441
305 442
305 452
305 485
305 493
305 654
305 771
305 799
305 1119
305 1266
305 1275
305 1397
305 1437
305 1496
305 1590
305 1763
305 1810
306 323
306 328
306 340
306 362
306 368
306 373
306 378
306 404
306 412
306 439
306 452
306 472
306 477
306 483
306 486
306 490
306 491
306 492
306 721
306 744
306 772
306 1056
306 1068
306 1129
306 1141
306 1181
306 1250
306 1559
306 1644
306 1922
307 319
307 329
307 331
307 347
307 350
307 356
307 357
307 369
307 397
307 408
307 410
307 413
307 438
307 447
307 453
307 455
307 462
307 472
307 476
307 980
307 1020
307 1022
307 1053
307 1088
307 1191
307 1225
307 1226
307 1419
307 1426
307 1684
307 1725
307 1798
307 1813
307 1877
307 1938
308 311
308 320
308 330
308 343
308 350
308 357
308 358
308 359
308 386
308 389
308 417
308 422
308 426
308 429
308 432
308 438
308 440
308 448
308 453
308 457
308 461
308 595
308 624
308 634
308 1036
308 1098
308 1206
308 1357
308 1372
308 1443
308 1796
309 315
309 322
309 329
309 334
309 347
309 358
309 363
309 367
309 373
309 381
309 395
309 416
309 418
309 422
309 443
309 451
309 457
309 473
309 481
309 483
309 487
309 592
309 762
309 1050
309 1054
309 1087
309 1292
309 1323
309 1356
309 1658
309 1666
309 1864
310 332
310 342
310 362
310 368
310 373
310 376
310 378
310 383
310 387
310 391
310 397
310 400
310 401
310 404
310 408
310 424
310 426
310 428
310 434
310 441
310 446
310 458
310 461
310 490
310 627
310 733
310 977
310 997
310 1073
310 1200
310 1261
310 1380
310 1447
310 1585
310 1937
311 316
311 321
311 326
311 333
311 341
311 355
311 405
311 413
311 418
311 434
311 467
311 468
311 469
311 472
311 477
311 487
311 492
311 552
311 636
311 652
311 821
311 874
311 946
311 985
311 1060
311 1068
311 1084
311 1330
311 1461
311 1702
311 1928
311 1948
312 321
312 324
312 356
312 358
312 367
312 379
312 380
312 396
312 402
312 414
312 447
312 455
312 457
312 460
312 481
312 484
312 485
312 486
312 489
312 492
312 538
312 628
312 630
312 685
312 731
312 769
312 984
312 1036
312 1148
312 1198
312 1230
312 1587
312 1598
312 1632
312 1699
312 1850
312 1927
312 1934
312 1967
313 318
313 326
313 327
313 328
313 332
313 335
313 343
313 346
313 348
313 351
313 354
313 362
313 366
313 382
313 383
313 394
313 433
313 435
313 443
313 453
313 460
313 462
313 480
313 481
313 483
313 490
313 498
313 640
313 718
313 1024
313 1040
313 1210
313 1238
313 1296
313 1562
313 1582
313 1651
313 1824
313 1910
313 1984
314 315
314 318
314 319
314 326
314 329
314 334
314 339
314 340
314 343
314 354
314 358
314 363
314 382
314 387
314 396
314 398
314 401
314 408
314 409
314 413
314 428
314 447
314 456
314 466
314 471
314 494
314 496
314 665
314 969
314 1149
314 1213
314 1216
314 1334
314 1354
314 1365
314 1784
314 1924
314 1950
315 320
315 350
315 363
315 365
315 379
315 384
315 387
315 391
315 403
315 408
315 415
315 420
315 424
315 427
315 430
315 453
315 454
315 457
315 466
315 469
315 475
315 679
315 813
315 913
315 1006
315 1020
315 1242
315 1499
315 1524
315 1664
315 1849
316 331
316 347
316 370
316 376
316 393
316 402
316 413
316 414
316 417
316 424
316 430
316 439
316 446
316 455
316 459
316 469
316 476
316 479
316 492
316 598
316 623
316 686
316 745
316 870
316 881
316 1103
316 1270
316 1306
316 1444
316 1690
316 1724
316 1781
316 1960
317 347
317 352
317 353
317 365
317 366
317 394
317 397
317 403
317 418
317 429
317 442
317 452
317 453
317 472
317 474
317 533
317 613
317 869
317 927
317 1115
317 1200
317 1225
317 1406
317 1894
317 1956
317 2006
318 319
318 323
318 330
318 331
318 361
318 370
318 374
318 388
318 391
318 416
318 424
318 437
318 440
318 449
318 473
318 479
318 481
318 588
318 605
318 784
318 812
318 1021
318 1115
318 1323
318 1477
318 1833
318 1925
319 329
319 354
319 363
319 386
319 403
319 406
319 411
319 439
319 440
319 463
319 467
319 489
319 607
319 682
319 716
319 717
319 805
319 946
319 1043
319 1111
319 1225
319 1232
319 1359
319 1433
319 1654
319 1689
319 1753
319 1881
319 1900
319 1929
319 1941
319 1951
320 325
320 352
320 360
320 369
320 372
320 384
320 389
320 397
320 398
320 401
320 402
320 414
320 438
320 446
320 448
320 458
320 467
320 479
320 481
320 487
320 489
320 720
320 964
320 983
320 993
320 1117
320 1157
320 1509
320 1940
320 1942
321 323
321 339
321 357
321 359
321 360
321 377
321 386
321 397
321 400
321 416
321 419
321 423
321 428
321 452
321 457
321 467
321 481
321 493
321 496
321 660
321 685
321 815
321 902
321 1207
321 1299
321 1636
321 1794
321 1813
321 1832
322 333
322 334
322 341
322 358
322 366
322 369
322 374
322 381
322 390
322 409
322 420
322 425
322 449
322 467
322 468
322 485
322 488
322 603
322 633
322 689
322 871
322 1013
322 1049
322 1263
322 1451
322 1522
322 1569
322 1629
322 1700
322 1712
323 336
323 348
323 350
323 398
323 405
323 450
323 451
323 457
323 468
323 472
323 494
323 498
323 622
323 831
323 1078
323 1089
323 1288
323 1318
323 1367
323 1381
323 1613
323 1676
323 1750
323 1815
323 1818
323 1836
323 1986
324 329
324 333
324 338
324 384
324 391
324 425
324 440
324 447
324 490
324 741
324 751
324 830
324 967
324 1039
324 1116
324 1260
324 1333
324 1429
324 1580
324 1760
324 1788
324 1844
324 1951
324 1972
325 327
325 330
325 346
325 363
325 366
325 417
325 418
325 423
325 424
325 429
325 437
325 453
325 454
325 460
325 479
325 483
325 487
325 488
325 809
325 825
325 920
325 1282
325 1447
325 1515
325 1522
325 1816
325 1862
326 341
326 348
326 352
326 356
326 359
326 362
326 388
326 409
326 410
326 416
326 418
326 420
326 434
326 441
326 619
326 654
326 805
326 1044
326 1158
326 1303
326 1427
326 1471
326 1543
326 1611
326 1770
326 1835
326 1893
326 1912
326 1920
326 1946
327 331
327 339
327 340
327 358
327 362
327 374
327 384
327 404
327 407
327 425
327 445
327 457
327 461
327 470
327 477
327 490
327 548
327 574
327 614
327 691
327 864
327 918
327 963
327 995
327 1209
327 1214
327 1316
327 1349
327 1492
327 1595
327 1618
327 1827
328 339
328 349
328 353
328 363
328 369
328 380
328 394
328 406
328 420
328 427
328 431
328 455
328 484
328 498
328 806
328 1099
328 1270
328 1429
328 1480
328 1647
328 1818
328 1871
329 331
329 333
329 334
329 344
329 348
329 364
329 368
329 388
329 389
329 404
329 408
329 422
329 451
329 477
329 480
329 486
329 487
329 488
329 490
329 539
329 685
329 697
329 836
329 931
329 987
329 1281
329 1298
329 1330
329 1362
329 1430
329 1451
329 1481
329 1502
329 1632
329 1652
329 1785
329 1792
329 1875
329 1928
330 357
330 361
330 366
330 380
330 381
330 388
330 398
330 409
330 418
330 433
330 441
330 443
330 444
330 446
330 467
330 594
330 650
330 817
330 928
330 1094
330 1422
330 1437
330 1449
330 1474
330 1536
330 1543
330 1738
331 332
331 336
331 347
331 348
331 353
331 363
331 386
331 406
331 434
331 455
331 464
331 466
331 477
331 483
331 485
331 845
331 1055
331 1229
331 1432
332 343
332 352
332 355
332 358
332 423
332 427
332 439
332 441
332 485
332 490
332 492
332 493
332 635
332 677
332 892
332 950
332 996
332 1051
332 1230
332 1300
332 1379
332 1388
332 1462
332 1502
332 1516
332 1523
332 1613
332 1744
332 1810
332 1933
333 338
333 354
333 362
333 391
333 402
333 414
333 416
333 421
333 425
333 428
333 429
333 430
333 452
333 456
333 458
333 487
333 489
333 490
333 535
333 660
333 692
333 832
333 836
333 906
333 1280
333 1419
333 1584
333 1755
333 1833
333 1855
333 1885
333 1887
333 1900
333 1948
334 346
334 352
334 355
334 379
334 401
334 420
334 447
334 471
334 491
334 579
334 639
334 732
334 798
334 951
334 1097
334 1184
334 1360
334 1484
334 1526
334 1555
334 1558
334 1637
334 1657
334 1967
335 336
335 351
335 358
335 370
335 374
335 376
335 380
335 387
335 388
335 397
335 399
335 407
335 413
335 415
335 419
335 439
335 442
335 448
335 457
335 465
335 473
335 480
335 481
335 492
335 493
335 553
335 567
335 835
335 912
335 992
335 1073
335 1150
335 1236
335 1312
335 1370
335 1495
335 1579
335 1683
335 1830
335 1961
335 1990
336 340
336 350
336 364
336 383
336 385
336 387
336 403
336 414
336 419
336 434
336 447
336 448
336 462
336 474
336 487
336 497
336 706
336 737
336 940
336 965
336 1043
336 1144
336 1273
336 1282
336 1473
336 1484
336 1530
336 1629
336 1685
336 1723
336 1844
336 1992
337 346
337 353
337 363
337 393
337 394
337 421
337 424
337 435
337 437
337 448
337 487
337 772
337 1029
337 1089
337 1136
337 1382
337 1677
337 1736
337 1791
338 358
338 376
338 391
338 418
338 436
338 441
338 442
338 460
338 467
338 468
338 469
338 475
338 499
338 715
338 914
338 950
338 1055
338 1333
338 1350
338 1361
338 1428
338 1543
338 1622
338 1628
338 1777
339 343
339 359
339 360
339 362
339 382
339 388
339 394
339 419
339 423
339 445
339 446
339 447
339 449
339 452
339 459
339 465
339 488
339 496
339 616
339 670
339 727
339 728
339 732
339 818
339 867
339 928
339 1210
339 1234
339 1334
339 1405
339 1406
339 1452
339 1599
339 1622
339 1668
339 1754
340 342
340 344
340 345
340 355
340 358
340 380
340 388
340 397
340 400
340 411
340 415
340 422
340 431
340 452
340 462
340 477
340 482
340 486
340 496
340 583
340 662
340 727
340 744
340 856
340 897
340 904
340 927
340 952
340 1110
340 1439
340 1707
340 1838
340 1934
341 362
341 366
341 369
341 390
341 399
341 423
341 430
341 463
341 479
341 632
341 687
341 840
341 875
341 1060
341 1108
341 1336
341 1350
341 1393
341 1545
341 1569
341 1779
341 1891
341 1967
342 351
342 367
342 375
342 376
342 382
342 383
342 388
342 395
342 410
342 418
342 420
342 421
342 428
342 438
342 447
342 449
342 451
342 462
342 467
342 471
342 489
342 665
342 792
342 1025
342 1132
342 1183
342 1211
342 1231
342 1356
342 1450
342 1610
342 1663
342 1823
342 1956
343 347
343 363
343 370
343 377
343 383
343 385
343 408
343 410
343 419
343 443
343 444
343 455
343 464
343 472
343 474
343 476
343 494
343 499
343 506
343 820
343 863
343 1053
343 1137
343 1167
343 1187
343 1340
344 353
344 363
344 364
344 367
344 377
344 388
344 401
344 408
344 428
344 461
344 465
344 480
344 486
344 493
344 495
344 585
344 620
344 674
344 689
344 700
344 713
344 894
344 921
344 964
344 981
344 1154
344 1173
344 1233
344 1250
344 1264
344 1501
344 1623
344 1702
344 1722
345 355
345 392
345 397
345 417
345 426
345 430
345 449
345 451
345 457
345 477
345 483
345 490
345 498
345 523
345 559
345 862
345 888
345 1321
345 1580
345 1612
345 1697
345 1822
345 1858
345 1880
345 1987
345 1989
346 352
346 353
346 355
346 356
346 389
346 394
346 395
346 402
346 410
346 419
346 457
346 465
346 467
346 477
346 496
346 497
346 592
346 601
346 1009
346 1066
346 1275
346 1300
346 1310
346 1340
346 1349
346 1378
346 1581
346 1832
346 1976
346 1977
347 358
347 361
347 363
347 373
347 374
347 378
347 382
347 388
347 419
347 428
347 439
347 466
347 478
347 482
347 484
347 589
347 948
347 975
347 1052
347 1067
347 1113
347 1117
347 1200
347 1277
347 1368
347 1523
347 1710
347 1740
347 1812
347 1894
347 1896
348 361
348 362
348 379
348 387
348 396
348 397
348 423
348 430
348 431
348 433
348 446
348 471
348 489
348 497
348 563
348 634
348 653
348 1006
348 1012
348 1013
348 1236
348 1378
348 1435
348 1478
348 1836
348 1850
349 355
349 377
349 386
349 397
349 403
349 417
349 424
349 427
349 447
349 449
349 491
349 598
349 885
349 909
349 1031
349 1065
349 1091
349 1245
349 1323
349 1499
349 1593
349 1632
349 1942
349 1974
350 362
350 367
350 371
350 375
350 390
350 401
350 415
350 424
350 425
350 474
350 477
350 482
350 491
350 515
350 566
350 723
350 855
350 1036
350 1092
350 1227
350 1288
350 1318
350 1462
350 1516
350 1550
350 1649
350 1667
350 1805
351 358
351 368
351 369
351 382
351 392
351 397
351 404
351 420
351 425
351 428
351 432
351 438
351 447
351 456
351 463
351 680
351 699
351 731
351 795
351 888
351 925
351 1081
351 1107
351 1390
351 1400
351 1476
351 1577
351 1646
351 1730
351 1760
351 1947
351 1988
351 2000
352 355
352 357
352 361
352 383
352 398
352 399
352 414
352 415
352 422
352 432
352 442
352 449
352 451
352 457
352 460
352 469
352 479
352 486
352 498
352 716
352 761
352 812
352 939
352 947
352 993
352 1292
352 1864
352 1964
353 369
353 395
353 396
353 397
353 412
353 417
353 419
353 427
353 437
353 446
353 465
353 473
353 474
353 491
353 494
353 570
353 586
353 632
353 640
353 1079
353 1288
353 1356
353 1365
353 1522
353 1567
353 1635
353 1689
353 1700
353 1926
353 1936
354 357
354 384
354 385
354 388
354 445
354 456
354 458
354 467
354 480
354 486
354 490
354 493
354 561
354 610
354 678
354 733
354 767
354 775
354 944
354 1198
354 1242
354 1272
354 1470
354 1495
354 1505
354 1536
354 1810
354 1911
354 1944
355 357
355 373
355 378
355 380
355 393
355 411
355 421
355 425
355 436
355 454
355 466
355 469
355 473
355 477
355 481
355 482
355 486
355 490
355 493
355 944
355 1002
355 1047
355 1089
355 1434
355 1445
355 1460
355 1654
355 1768
355 1883
355 1884
356 357
356 363
356 375
356 381
356 385
356 390
356 393
356 437
356 438
356 439
356 449
356 461
356 464
356 465
356 467
356 471
356 482
356 483
356 497
356 519
356 568
356 595
356 721
356 998
356 1140
356 1263
356 1265
356 1275
356 1308
356 1320
356 1332
356 1401
356 1714
356 1722
356 1930
357 377
357 382
357 413
357 431
357 447
357 450
357 454
357 488
357 491
357 500
357 622
357 764
357 799
357 806
357 859
357 875
357 944
357 1074
357 1254
357 1357
357 1447
357 1883
357 1923
357 1993
357 2001
358 380
358 387
358 424
358 432
358 447
358 473
358 498
358 519
358 537
358 764
358 795
358 1046
358 1087
358 1109
358 1116
358 1118
358 1279
358 1345
358 1420
358 1466
358 1617
358 1733
358 1737
358 1772
358 1941
358 1958
358 1967
359 360
359 363
359 368
359 374
359 395
359 399
359 414
359 418
359 422
359 426
359 434
359 449
359 467
359 468
359 477
359 479
359 485
359 494
359 497
359 560
359 575
359 617
359 875
359 1019
359 1073
359 1151
359 1243
359 1298
359 1314
359 1388
359 1445
359 1628
359 1632
359 1673
359 1776
359 1844
359 1994
360 368
360 372
360 391
360 400
360 401
360 406
360 411
360 428
360 455
360 459
360 465
360 472
360 476
360 491
360 580
360 607
360 763
360 802
360 841
360 842
360 896
360 982
360 1230
360 1445
360 1478
360 1481
360 1944
361 375
361 378
361 383
361 385
361 391
361 404
361 417
361 419
361 422
361 437
361 438
361 446
361 456
361 457
361 468
361 469
361 472
361 473
361 480
361 493
361 499
361 664
361 708
361 748
361 778
361 781
361 845
361 898
361 1079
361 1388
361 1389
361 1406
361 1440
361 1459
361 1475
361 1675
361 1692
361 1712
361 1728
361 1983
362 363
362 421
362 423
362 437
362 441
362 449
362 462
362 484
362 489
362 511
362 742
362 908
362 931
362 1058
362 1260
362 1301
362 1395
362 1662
362 1718
362 1846
362 1853
362 1863
362 1976
363 366
363 374
363 394
363 403
363 409
363 417
363 421
363 427
363 428
363 433
363 434
363 442
363 455
363 458
363 464
363 467
363 473
363 482
363 483
363 490
363 499
363 666
363 900
363 922
363 1032
363 1104
363 1337
363 1405
363 1427
363 1437
363 1561
363 1625
363 1678
363 1830
364 366
364 410
364 415
364 416
364 417
364 418
364 424
364 429
364 430
364 433
364 443
364 444
364 449
364 450
364 460
364 463
364 465
364 466
364 467
364 468
364 487
364 591
364 722
364 853
364 1134
364 1189
364 1263
364 1472
364 1590
364 1900
365 390
365 406
365 426
365 435
365 462
365 474
365 475
365 490
365 491
365 494
365 681
365 826
365 1179
365 1197
365 1438
365 1656
365 1817
366 367
366 369
366 381
366 385
366 390
366 400
366 401
366 402
366 416
366 427
366 473
366 477
366 490
366 495
366 552
366 641
366 659
366 686
366 778
366 883
366 944
366 1034
366 1126
366 1143
366 1399
366 1451
366 1516
366 1548
366 1570
366 1627
366 1731
366 1751
366 1756
366 1873
366 1891
366 1988
367 378
367 380
367 386
367 410
367 417
367 421
367 424
367 433
367 439
367 460
367 470
367 472
367 478
367 479
367 488
367 489
367 494
367 593
367 653
367 939
367 984
367 1046
367 1094
367 1169
367 1205
367 1252
367 1439
367 1478
367 1537
367 1710
367 1988
368 370
368 376
368 382
368 383
368 389
368 397
368 416
368 427
368 428
368 432
368 451
368 455
368 464
368 466
368 468
368 473
368 474
368 475
368 544
368 545
368 837
368 1175
368 1280
368 1297
368 1308
368 1323
368 1394
368 1469
368 1549
368 1750
368 1925
369 383
369 385
369 397
369 398
369 401
369 408
369 420
369 441
369 462
369 470
369 478
369 486
369 498
369 515
369 524
369 681
369 693
369 712
369 814
369 894
369 900
369 964
369 1466
369 1695
369 1798
370 373
370 376
370 382
370 392
370 394
370 400
370 404
370 410
370 422
370 445
370 449
370 457
370 471
370 475
370 479
370 498
370 706
370 811
370 822
370 1041
370 1138
370 1319
370 1381
370 1811
371 390
371 398
371 434
371 436
371 443
371 447
371 449
371 484
371 496
371 531
371 689
371 746
371 778
371 912
371 1015
371 1510
371 1661
371 1816
372 375
372 382
372 387
372 395
372 403
372 407
372 419
372 429
372 430
372 438
372 443
372 452
372 769
372 886
372 903
372 904
372 1132
372 1532
372 1618
372 1663
372 1939
372 1950
373 422
373 428
373 436
373 437
373 440
373 457
373 461
373 467
373 475
373 476
373 487
373 498
373 542
373 618
373 642
373 682
373 771
373 853
373 895
373 972
373 1007
373 1059
373 1086
373 1158
373 1294
373 1430
373 1489
373 1606
373 1751
373 1873
373 1916
373 1933
374 376
374 412
374 422
374 429
374 431
374 444
374 445
374 446
374 459
374 460
374 461
374 469
374 477
374 484
374 498
374 686
374 718
374 737
374 759
374 880
374 975
374 1076
374 1474
374 1500
374 1588
374 1721
374 1797
374 1859
374 1865
374 1894
374 1943
375 383
375 415
375 425
375 451
375 469
375 473
375 478
375 481
375 484
375 528
375 554
375 667
375 692
375 729
375 741
375 758
375 936
375 982
375 1054
375 1114
375 1246
375 1287
375 1650
375 1738
375 1900
375 1943
376 406
376 414
376 418
376 423
376 457
376 480
376 485
376 539
376 556
376 888
376 943
376 944
376 975
376 1019
376 1059
376 1131
376 1399
376 1689
376 1711
376 1894
377 381
377 398
377 403
377 406
377 407
377 408
377 409
377 412
377 417
377 436
377 451
377 453
377 467
377 470
377 471
377 472
377 474
377 493
377 513
377 655
377 706
377 715
377 725
377 829
377 1037
377 1074
377 1122
377 1301
377 1413
377 1452
377 1462
377 1467
377 1608
377 1623
377 1700
377 1716
377 1819
377 1835
377 1921
378 387
378 388
378 392
378 398
378 403
378 426
378 433
378 447
378 491
378 583
378 1130
378 1169
378 1174
378 1175
378 1187
378 1296
378 1509
378 1539
378 1609
378 1831
378 1937
379 393
379 404
379 406
379 438
379 444
379 453
379 456
379 457
379 460
379 468
379 477
379 553
379 693
379 723
379 988
379 1159
379 1288
379 1691
379 1926
380 386
380 423
380 431
380 443
380 498
380 658
380 692
380 925
380 1542
380 1553
380 1730
380 1779
380 1833
380 1847
380 1869
380 1916
380 2003
381 382
381 387
381 389
381 395
381 420
381 429
381 432
381 443
381 444
381 453
381 503
381 555
381 630
381 805
381 813
381 819
381 957
381 1087
381 1181
381 1366
381 1435
381 1644
381 1828
381 1872
381 1896
382 386
382 391
382 399
382 404
382 405
382 406
382 409
382 412
382 419
382 422
382 429
382 430
382 434
382 437
382 455
382 470
382 482
382 484
382 548
382 592
382 628
382 678
382 742
382 801
382 1012
382 1023
382 1037
382 1092
382 1371
382 1374
382 1414
382 1646
382 1709
382 1744
382 1761
382 1833
382 1955
383 384
383 390
383 395
383 410
383 418
383 421
383 425
383 431
383 464
383 474
383 479
383 483
383 928
383 931
383 945
383 1154
383 1169
383 1209
383 1223
383 1306
383 1518
383 1604
384 385
384 398
384 408
384 411
384 421
384 429
384 432
384 462
384 466
384 478
384 495
384 579
384 735
384 758
384 834
384 940
384 1232
384 1234
384 1344
384 1425
384 1434
384 1580
384 1780
384 1950
385 394
385 402
385 411
385 412
385 417
385 434
385 437
385 446
385 468
385 490
385 492
385 512
385 526
385 655
385 671
385 679
385 824
385 827
385 897
385 929
385 1304
385 1323
385 1377
385 1690
385 1781
386 388
386 414
386 422
386 425
386 447
386 454
386 459
386 466
386 469
386 471
386 478
386 485
386 662
386 670
386 758
386 1077
386 1122
386 1162
386 1299
386 1311
386 1328
386 1331
386 1361
386 1449
386 1541
386 1634
386 1685
386 1820
386 1821
387 395
387 416
387 420
387 432
387 434
387 435
387 444
387 453
387 455
387 458
387 463
387 482
387 487
387 498
387 499
387 802
387 806
387 886
387 1125
387 1202
387 1292
387 1572
387 1709
387 1811
387 1936
387 1991
388 390
388 395
388 443
388 463
388 474
388 498
388 556
388 770
388 894
388 1012
388 1158
388 1215
388 1297
388 1658
389 398
389 425
389 451
389 454
389 458
389 466
389 499
389 676
389 780
389 954
389 984
389 1028
389 1174
389 1241
389 1256
389 1336
389 1671
390 402
390 406
390 407
390 409
390 436
390 448
390 464
390 471
390 482
390 490
390 496
390 498
390 760
390 901
390 941
390 1169
390 1187
390 1345
390 1400
390 1407
390 1509
390 1572
390 1580
390 1599
390 1815
390 1920
391 393
391 396
391 398
391 400
391 402
391 403
391 408
391 432
391 435
391 453
391 458
391 460
391 461
391 463
391 482
391 486
391 499
391 537
391 703
391 720
391 730
391 804
391 974
391 1079
391 1084
391 1357
391 1458
391 1538
391 1992
392 393
392 403
392 413
392 416
392 422
392 449
392 455
392 462
392 471
392 493
392 495
392 557
392 560
392 561
392 956
392 998
392 1126
392 1221
392 1390
392 1585
392 1587
392 1629
392 1645
393 395
393 397
393 409
393 410
393 434
393 450
393 460
393 464
393 466
393 475
393 477
393 487
393 493
393 607
393 707
393 734
393 1007
393 1123
393 1163
393 1363
393 1373
393 1423
393 1520
393 1523
393 1600
393 1644
393 1686
393 1780
393 1802
394 405
394 417
394 433
394 434
394 440
394 444
394 453
394 459
394 474
394 478
394 489
394 494
394 497
394 508
394 691
394 786
394 848
394 960
394 982
394 1025
394 1316
394 1352
394 1385
394 1546
394 1600
394 1811
394 1884
395 401
395 402
395 405
395 412
395 427
395 430
395 433
395 442
395 447
395 457
395 465
395 470
395 475
395 481
395 484
395 498
395 537
395 580
395 634
395 639
395 678
395 700
395 785
395 796
395 886
395 890
395 952
395 985
395 1115
395 1507
395 1710
395 1728
395 1808
395 1835
395 1859
396 403
396 412
396 416
396 419
396 422
396 434
396 438
396 440
396 476
396 477
396 481
396 484
396 491
396 570
396 621
396 749
396 1067
396 1072
396 1204
396 1455
396 1513
396 1679
396 1757
396 1780
396 1814
396 1848
396 1877
396 1942
396 1962
397 400
397 411
397 418
397 423
397 427
397 445
397 479
397 481
397 774
397 943
397 1025
397 1199
397 1332
397 1353
397 1582
397 1724
397 1833
397 1864
397 1977
398 416
398 428
398 437
398 439
398 460
398 466
398 472
398 473
398 474
398 486
398 495
398 542
398 561
398 631
398 926
398 1040
398 1160
398 1206
398 1243
398 1451
398 1624
398 1678
398 1763
398 1801
398 1904
398 1978
399 411
399 418
399 424
399 431
399 435
399 440
399 442
399 444
399 456
399 483
399 486
399 492
399 494
399 570
399 819
399 870
399 912
399 1038
399 1152
399 1191
399 1503
399 1584
399 1699
400 403
400 410
400 412
400 413
400 421
400 427
400 476
400 477
400 492
400 494
400 496
400 553
400 632
400 846
400 916
400 1024
400 1447
400 1674
400 1696
400 1872
400 1907
400 1913
400 1923
400 1946
401 405
401 435
401 446
401 453
401 456
401 467
401 469
401 483
401 544
401 566
401 753
401 797
401 1001
401 1123
401 1207
401 1221
401 1330
401 1358
401 1433
401 1537
401 1601
401 1688
401 1894
401 1904
402 415
402 424
402 435
402 437
402 445
402 452
402 458
402 471
402 478
402 491
402 559
402 749
402 832
402 907
402 1259
402 1315
402 1360
402 1415
402 1418
402 1431
402 1621
402 1806
403 410
403 412
403 413
403 420
403 422
403 424
403 431
403 432
403 457
403 468
403 478
403 479
403 487
403 499
403 589
403 701
403 738
403 751
403 970
403 1083
403 1169
403 1328
403 1357
403 1669
403 1846
404 408
404 412
404 442
404 445
404 477
404 484
404 489
404 498
404 538
404 539
404 617
404 743
404 851
404 1207
404 1444
404 1607
404 1747
404 1895
404 1956
405 413
405 420
405 426
405 430
405 458
405 459
405 460
405 467
405 471
405 688
405 800
405 807
405 878
405 913
405 1118
405 1176
405 1262
405 1293
405 1302
405 1323
405 1453
405 1595
405 1711
405 1729
406 408
406 413
406 414
406 416
406 430
406 444
406 453
406 462
406 487
406 633
406 783
406 817
406 890
406 980
406 1044
406 1095
406 1184
406 1368
406 1377
406 1630
406 1690
406 1800
406 1819
406 1906
406 1934
407 430
407 446
407 448
407 450
407 451
407 455
407 468
407 472
407 479
407 483
407 876
407 1124
407 1133
407 1147
407 1329
407 1722
407 1980
408 417
408 430
408 445
408 459
408 473
408 495
408 645
408 885
408 1165
408 1226
408 1366
408 1416
408 1690
408 1691
408 1806
408 1863
408 1933
409 427
409 444
409 450
409 454
409 458
409 491
409 498
409 559
409 724
409 862
409 1011
409 1017
409 1167
409 1189
409 1321
409 1399
409 1479
409 1621
409 1735
409 1804
409 1805
409 1880
410 442
410 449
410 451
410 455
410 471
410 475
410 477
410 521
410 635
410 668
410 829
410 1115
410 1165
410 1199
410 1217
410 1377
410 1455
410 1479
410 1803
410 1906
410 1970
411 412
411 416
411 421
411 429
411 430
411 443
411 444
411 456
411 484
411 486
411 491
411 492
411 495
411 497
411 536
411 624
411 812
411 1069
411 1077
411 1363
411 1994
411 1997
412 433
412 436
412 451
412 456
412 466
412 484
412 487
412 489
412 495
412 521
412 792
412 943
412 1255
412 1625
412 1689
412 1786
412 1970
412 1993
413 416
413 431
413 435
413 437
413 438
413 453
413 479
413 498
413 602
413 748
413 815
413 1073
413 1455
413 1802
414 429
414 438
414 444
414 458
414 482
414 495
414 497
414 551
414 1008
414 1110
414 1293
414 1397
414 1860
414 1863
415 436
415 440
415 441
415 447
415 452
415 456
415 465
415 469
415 480
415 496
415 552
415 766
415 790
415 954
415 1047
415 1118
415 1404
415 1499
415 1534
415 1702
415 1717
415 1828
415 1904
415 1922
416 449
416 464
416 478
416 483
416 496
416 505
416 661
416 923
416 1146
416 1149
416 1191
416 1340
416 1392
416 1709
416 1845
416 1964
416 2005
417 438
417 444
417 447
417 470
417 482
417 484
417 487
417 489
417 882
417 883
417 914
417 1092
417 1106
417 1185
417 1287
417 1537
417 1567
417 1677
417 1764
417 1852
417 1926
417 1952
418 443
418 448
418 455
418 464
418 481
418 486
418 494
418 495
418 516
418 672
418 685
418 735
418 759
418 797
418 912
418 1004
418 1274
418 1475
418 1517
418 1586
418 1603
419 430
419 436
419 442
419 449
419 466
419 482
419 489
419 497
419 678
419 973
419 1094
419 1130
419 1132
419 1212
419 1237
419 1312
419 1359
419 1512
419 1549
419 1617
419 1890
420 424
420 432
420 445
420 446
420 457
420 477
420 482
420 504
420 518
420 595
420 610
420 626
420 843
420 920
420 1020
420 1079
420 1634
420 1825
420 1849
420 1959
421 426
421 446
421 447
421 471
421 475
421 477
421 492
421 494
421 507
421 547
421 630
421 803
421 821
421 866
421 1024
421 1392
421 1403
421 1815
422 445
422 449
422 461
422 473
422 474
422 609
422 712
422 788
422 941
422 1271
422 1409
422 1656
422 1776
423 431
423 437
423 474
423 475
423 479
423 484
423 485
423 493
423 512
423 529
423 649
423 862
423 966
423 1118
423 1182
423 1283
423 1311
423 1543
423 1579
423 1915
424 442
424 448
424 468
424 473
424 493
424 495
424 499
424 523
424 586
424 637
424 791
424 845
424 846
424 928
424 1111
424 1187
424 1366
424 1402
424 1604
424 1727
424 1795
424 1826
425 432
425 436
425 459
425 460
425 463
425 478
425 483
425 488
425 489
425 498
425 544
425 546
425 637
425 749
425 794
425 854
425 1262
425 1699
425 1832
425 1921
425 1964
426 428
426 431
426 432
426 434
426 452
426 468
426 469
426 470
426 480
426 481
426 482
426 486
426 496
426 662
426 703
426 751
426 908
426 1061
426 1281
426 1455
426 1702
426 1767
426 1830
426 1833
426 1924
427 433
427 456
427 464
427 470
427 473
427 474
427 477
427 489
427 495
427 509
427 553
427 749
427 834
427 913
427 1037
427 1360
427 1689
427 1752
427 1809
427 1929
428 446
428 470
428 485
428 490
428 492
428 494
428 519
428 540
428 642
428 808
428 939
428 1036
428 1042
428 1132
428 1145
428 1212
428 1351
428 1380
428 1487
428 1764
428 1868
428 1995
429 447
429 461
429 468
429 483
429 488
429 694
429 738
429 755
429 779
429 819
429 900
429 1160
429 1168
429 1283
429 1342
429 1489
429 1618
429 1713
429 1962
429 1967
429 1971
429 1987
430 436
430 446
430 454
430 474
430 475
430 487
430 497
430 703
430 1166
430 1237
430 1242
430 1384
430 1778
430 1892
431 438
431 441
431 443
431 448
431 461
431 463
431 466
431 467
431 472
431 479
431 493
431 572
431 608
431 671
431 791
431 794
431 924
431 1179
431 1516
431 1604
431 1695
431 1698
431 1807
431 1868
431 2000
432 434
432 444
432 462
432 463
432 465
432 470
432 482
432 636
432 926
432 938
432 1077
432 1123
432 1310
432 1336
432 1359
432 1481
432 1572
432 1905
432 1926
433 436
433 450
433 455
433 466
433 489
433 504
433 519
433 522
433 539
433 639
433 685
433 941
433 997
433 1038
433 1245
433 1254
433 1448
433 1502
433 1742
433 1863
433 1997
434 436
434 449
434 479
434 482
434 485
434 821
434 839
434 854
434 975
434 1118
434 1220
434 1222
434 1838
434 1937
434 1969
435 442
435 459
435 465
435 477
435 479
435 492
435 496
435 499
435 667
435 770
435 1031
435 1097
435 1131
435 1316
435 1441
435 1442
435 1571
435 1604
435 1659
435 1725
435 1859
435 1886
435 1912
435 1956
435 2006
436 445
436 453
436 456
436 457
436 458
436 460
436 476
436 481
436 494
436 562
436 587
436 646
436 775
436 865
436 926
436 965
436 1150
436 1171
436 1249
436 1302
436 1341
436 1420
436 1478
436 1578
436 1723
436 1830
436 1911
436 2000
437 439
437 450
437 468
437 484
437 485
437 492
437 494
437 495
437 701
437 847
437 852
437 994
437 1032
437 1274
437 1566
437 1693
437 1786
438 448
438 449
438 460
438 465
438 482
438 492
438 496
438 745
438 871
438 978
438 988
438 1115
438 1253
438 1356
438 1390
438 1426
438 1442
438 1604
438 1624
438 1649
438 1758
439 444
439 455
439 459
439 471
439 485
439 504
439 616
439 732
439 879
439 1341
439 1532
439 1671
439 1812
439 1977
440 444
440 446
440 449
440 467
440 495
440 496
440 499
440 530
440 534
440 647
440 780
440 817
440 826
440 846
440 901
440 906
440 1103
440 1195
440 1243
440 1420
440 1545
440 1777
440 1916
441 442
441 447
441 448
441 465
441 484
441 485
441 736
441 948
441 1028
441 1658
441 1727
441 1766
441 1771
442 447
442 449
442 451
442 454
442 457
442 467
442 494
442 496
442 498
442 536
442 588
442 616
442 945
442 953
442 1043
442 1126
442 1181
442 1253
442 1336
442 1565
442 1657
442 1756
442 1789
442 1805
442 1848
442 1877
442 1977
442 1989
443 444
443 451
443 453
443 478
443 482
443 487
443 498
443 545
443 553
443 571
443 578
443 644
443 664
443 739
443 756
443 890
443 1203
443 1270
443 1503
443 1515
444 450
444 455
444 473
444 486
444 488
444 490
444 494
444 601
444 646
444 727
444 925
444 1180
444 1228
444 1282
444 1484
444 1496
444 1555
445 456
445 463
445 468
445 473
445 552
445 756
445 855
445 930
445 946
445 1019
445 1038
445 1377
445 1470
445 1564
445 1571
445 1638
445 1779
445 1838
445 1985
446 451
446 458
446 462
446 464
446 465
446 470
446 478
446 489
446 491
446 495
446 496
446 543
446 573
446 595
446 657
446 676
446 733
446 751
446 774
446 808
446 987
446 1377
446 1409
446 1567
446 1920
447 456
447 479
447 487
447 491
447 492
447 496
447 520
447 544
447 592
447 631
447 797
447 834
447 944
447 1001
447 1028
447 1544
447 1684
447 1710
447 1733
447 1926
447 1983
448 466
448 483
448 492
448 498
448 581
448 595
448 1301
448 1386
448 1452
448 1749
448 1869
448 1880
449 491
449 496
449 566
449 697
449 754
449 1335
449 1424
449 1448
449 1561
449 1870
449 1941
450 460
450 465
450 468
450 484
450 490
450 495
450 655
450 765
450 807
450 1125
450 1134
450 1390
450 1444
450 1527
450 1531
450 1650
450 1753
450 1785
450 1811
450 1912
450 1954
450 1957
450 1976
451 457
451 472
451 475
451 553
451 597
451 890
451 955
451 1088
451 1097
451 1156
451 1183
451 1210
451 1283
451 1334
451 1388
451 1435
451 1766
451 1836
452 490
452 493
452 883
452 908
452 957
452 974
452 989
452 1044
452 1101
452 1193
452 1215
452 1296
452 1559
452 1702
452 1838
452 2004
453 456
453 480
453 498
453 636
453 691
453 877
453 1007
453 1035
453 1110
453 1152
453 1173
453 1197
453 1290
453 1500
453 1545
453 1546
453 1622
453 1653
453 1953
454 455
454 476
454 489
454 490
454 498
454 1007
454 1017
454 1198
454 1234
454 1254
454 1282
454 1339
454 1372
454 1425
454 1570
454 1737
455 464
455 472
455 488
455 597
455 763
455 812
455 822
455 910
455 988
455 992
455 1380
455 1475
455 1521
455 1634
455 1639
455 1689
455 1867
455 1930
455 1939
455 1993
456 460
456 461
456 466
456 498
456 740
456 1341
456 1473
456 1647
456 1673
457 464
457 482
457 494
457 496
457 499
457 520
457 675
457 788
457 842
457 997
457 1086
457 1160
457 1288
457 1301
457 1322
457 1473
457 1561
457 1837
458 464
458 465
458 498
458 539
458 707
458 1069
458 1149
458 1213
458 1375
458 1392
458 1418
458 1470
458 1541
458 1785
458 1812
459 470
459 474
459 493
459 636
459 780
459 918
459 1130
459 1151
459 1198
459 1326
459 1358
459 1430
459 1444
459 1685
459 1762
459 1774
459 1813
459 1889
459 1963
460 468
460 486
460 500
460 605
460 654
460 730
460 772
460 785
460 806
460 968
460 1250
460 1366
460 1460
460 1470
460 1513
460 1562
460 1573
460 1790
460 1921
461 463
461 466
461 469
461 498
461 1190
461 1268
461 1370
461 1481
461 1524
461 1593
461 1787
461 1929
461 1932
461 1935
462 481
462 489
462 492
462 495
462 560
462 764
462 862
462 1164
462 1193
462 1378
462 1468
462 1543
462 1579
462 1644
462 1740
462 1943
463 470
463 474
463 479
463 486
463 912
463 1123
463 1155
463 1181
463 1200
463 1451
463 1530
463 1555
463 1591
463 1799
463 1811
463 1994
464 472
464 524
464 586
464 627
464 692
464 1209
464 1282
464 1346
464 1427
464 1477
464 1560
464 1667
464 1787
464 1856
464 1892
464 1977
465 476
465 479
465 481
465 489
465 498
465 582
465 803
465 876
465 913
465 1090
465 1325
465 1388
465 1467
465 1498
465 1503
465 1518
465 1960
465 1986
466 472
466 480
466 494
466 521
466 559
466 632
466 685
466 890
466 998
466 1184
466 1247
466 1428
466 1456
466 1583
466 1942
467 488
467 496
467 533
467 692
467 777
467 975
467 978
467 1032
467 1134
467 1269
467 1378
467 1389
467 1519
467 1761
467 1901
467 1922
468 479
468 487
468 557
468 655
468 893
468 1088
468 1111
468 1352
468 1511
468 1553
468 1662
468 1905
468 1941
469 472
469 483
469 499
469 788
469 801
469 803
469 1164
469 1202
469 1253
469 1322
469 1405
469 1435
469 1485
469 1618
469 1789
470 491
470 498
470 613
470 630
470 676
470 721
470 741
470 747
470 783
470 919
470 969
470 1439
470 1467
470 1633
470 1709
470 1754
470 1762
470 1902
471 479
471 484
471 501
471 547
471 566
471 851
471 933
471 956
471 969
471 1194
471 1383
471 2003
472 480
472 492
472 526
472 601
472 618
472 733
472 737
472 848
472 894
472 1278
472 1360
472 1617
472 1628
472 1711
472 1813
472 1837
472 1944
473 481
473 487
473 593
473 657
473 752
473 758
473 932
473 1205
473 1219
473 1269
473 1318
473 1450
473 1743
473 1805
473 1902
474 476
474 479
474 623
474 1059
474 1379
474 1393
474 1409
474 1573
474 1680
474 1697
475 476
475 479
475 485
475 494
475 499
475 567
475 666
475 683
475 688
475 805
475 1169
475 1204
475 1221
475 1275
475 1296
475 1371
475 1379
475 1401
475 1429
475 1569
475 1626
475 1777
476 783
476 903
476 1022
476 1047
476 1203
476 1539
476 1574
476 1618
476 1690
476 1931
477 488
477 493
477 554
477 644
477 665
477 878
477 917
477 925
477 1043
477 1214
477 1215
477 1296
477 1334
477 1480
477 1561
477 1685
477 1749
477 1924
478 483
478 491
478 496
478 675
478 775
478 1032
478 1051
478 1106
478 1416
478 1490
478 1600
478 1882
479 497
479 597
479 622
479 737
479 843
479 930
479 983
479 1031
479 1275
479 1447
479 1564
479 1609
479 1828
479 1895
480 630
480 876
480 973
480 1012
480 1229
480 1394
480 1490
480 1753
481 494
481 760
481 906
481 923
481 1099
481 1190
481 1457
481 1514
481 1608
482 491
482 492
482 658
482 718
482 945
482 957
482 1029
482 1137
482 1227
482 1356
482 1407
482 1487
482 1697
482 1715
482 1955
482 1960
482 1988
483 485
483 696
483 792
483 811
483 899
483 993
483 1108
483 1232
483 1458
483 1560
483 1611
483 1695
483 1709
483 1803
483 1894
484 589
484 651
484 705
484 729
484 897
484 940
484 1118
484 1251
484 1301
484 1489
484 1746
484 1816
484 1887
485 486
485 488
485 489
485 492
485 523
485 653
485 721
485 771
485 1016
485 1129
485 1137
485 1150
485 1185
485 1305
485 1711
485 1998
486 498
486 538
486 545
486 769
486 1087
486 1115
486 1253
486 1292
486 1326
486 1357
486 1453
486 1601
486 1715
486 1726
486 1736
486 1745
486 1907
487 537
487 759
487 1022
487 1024
487 1026
487 1458
487 1614
487 1727
487 1858
487 1907
487 1936
488 496
488 509
488 563
488 791
488 811
488 904
488 950
488 1279
488 1324
488 1404
488 1808
488 1846
488 1891
488 1973
489 497
489 541
489 685
489 722
489 909
489 1012
489 1034
489 1146
489 1187
489 1287
489 1339
489 1418
489 1528
489 1654
490 495
490 496
490 517
490 519
490 528
490 556
490 650
490 672
490 864
490 891
490 894
490 921
490 1071
490 1289
490 1458
490 1759
490 1801
490 1893
490 1894
491 662
491 819
491 909
491 1028
491 1117
491 1912
492 493
492 494
492 499
492 549
492 597
492 840
492 1032
492 1263
492 1491
492 1533
492 1668
492 1691
493 497
493 587
493 598
493 755
493 758
493 830
493 874
493 914
493 1037
493 1120
493 1279
493 1313
493 1415
493 1432
493 1540
493 1611
493 1795
493 1921
494 498
494 715
494 723
494 761
494 776
494 892
494 1082
494 1208
494 1285
494 1368
494 1446
494 1496
494 1660
494 1832
494 1846
495 564
495 693
495 770
495 883
495 964
495 1037
495 1081
495 1113
495 1156
495 1160
495 1252
495 1402
495 1428
495 1917
495 1998
496 499
496 576
496 594
496 843
496 1297
496 1369
496 1394
496 1603
496 1709
496 1720
496 1884
496 1888
496 1988
496 1995
497 507
497 517
497 776
497 839
497 1364
497 1383
497 1747
497 1869
497 1895
497 1948
498 693
498 787
498 802
498 869
498 1081
498 1251
498 1345
498 1374
498 1402
498 1556
498 1579
498 1620
498 1635
498 1997
499 558
499 567
499 645
499 715
499 726
499 793
499 805
499 970
499 1016
499 1071
499 1085
499 1098
499 1175
499 1264
499 1624
499 1642
499 1645
499 1756
499 1897
500 505
500 513
500 518
500 519
500 523
500 533
500 534
500 538
500 540
500 541
500 546
500 563
500 571
500 578
500 588
500 618
500 661
500 675
500 688
500 689
500 698
500 703
500 710
500 734
500 736
500 801
500 811
500 843
500 857
500 883
500 1062
500 1322
500 1481
500 1513
500 1552
500 1940
500 1994
501 510
501 567
501 578
501 590
501 610
501 615
501 624
501 625
501 626
501 635
501 643
501 653
501 655
501 657
501 660
501 680
501 684
501 686
501 688
501 729
501 730
501 736
501 738
501 740
501 936
501 1004
501 1053
501 1129
501 1209
501 1240
501 1261
501 1522
501 1564
501 1568
501 1731
501 1788
501 1988
502 527
502 528
502 535
502 551
502 558
502 583
502 616
502 622
502 625
502 637
502 656
502 663
502 670
502 698
502 699
502 700
502 701
502 708
502 719
502 735
502 741
502 899
502 913
502 969
502 1017
502 1319
502 1414
502 1676
502 1713
502 1763
502 1805
503 510
503 514
503 527
503 530
503 531
503 546
503 558
503 564
503 574
503 595
503 605
503 610
503 611
503 621
503 626
503 634
503 656
503 659
503 667
503 671
503 693
503 697
503 719
503 742
503 753
503 1046
503 1259
503 1270
503 1320
503 1499
503 1575
503 1597
503 1626
503 1668
503 1674
503 1711
503 1769
503 1882
504 509
504 523
504 524
504 534
504 555
504 567
504 569
504 573
504 576
504 580
504 586
504 611
504 612
504 646
504 654
504 663
504 672
504 687
504 701
504 703
504 708
504 717
504 730
504 749
504 848
504 853
504 937
504 1136
504 1271
504 1504
504 1544
504 1683
504 1742
504 1839
504 1985
504 2003
505 508
505 540
505 545
505 556
505 572
505 580
505 590
505 598
505 599
505 615
505 616
505 624
505 627
505 630
505 632
505 639
505 645
505 651
505 653
505 671
505 677
505 682
505 692
505 694
505 695
505 938
505 988
505 1292
505 1368
505 1877
505 1978
505 1993
506 508
506 513
506 520
506 525
506 529
506 535
506 542
506 547
506 564
506 583
506 609
506 619
506 620
506 641
506 656
506 657
506 658
506 663
506 664
506 666
506 686
506 687
506 690
506 699
506 700
506 741
506 743
506 822
506 1128
506 1346
506 1533
506 1540
506 1568
506 1646
506 1749
506 1770
506 1799
506 1869
506 1971
507 508
507 515
507 531
507 536
507 545
507 567
507 574
507 589
507 591
507 618
507 626
507 641
507 656
507 664
507 673
507 691
507 707
507 719
507 724
507 737
507 747
507 1017
507 1152
507 1183
507 1234
507 1353
507 1808
507 1891
507 1913
508 520
508 521
508 529
508 589
508 595
508 599
508 622
508 623
508 628
508 652
508 676
508 687
508 691
508 736
508 742
508 828
508 870
508 885
508 969
508 978
508 992
508 1004
508 1118
508 1148
508 1179
508 1333
508 1338
508 1341
508 1399
508 1727
508 1772
508 1890
509 512
509 515
509 521
509 533
509 550
509 573
509 585
509 588
509 594
509 614
509 622
509 640
509 641
509 658
509 667
509 668
509 680
509 689
509 721
509 767
509 782
509 814
509 1050
509 1140
509 1380
509 1429
509 1460
509 1586
510 520
510 521
510 523
510 540
510 569
510 570
510 578
510 603
510 610
510 620
510 627
510 631
510 635
510 637
510 653
510 654
510 666
510 677
510 707
510 715
510 735
510 747
510 827
510 1043
510 1120
510 1286
510 1488
510 1659
511 513
511 520
511 523
511 524
511 525
511 529
511 535
511 545
511 546
511 552
511 574
511 595
511 598
511 603
511 612
511 627
511 642
511 663
511 697
511 702
511 724
511 734
511 744
511 745
511 761
511 1039
511 1237
511 1239
511 1283
511 1419
511 1450
511 1625
511 1858
511 1954
512 524
512 528
512 544
512 549
512 551
512 552
512 556
512 571
512 578
512 602
512 604
512 626
512 631
512 635
512 643
512 647
512 653
512 655
512 661
512 677
512 689
512 705
512 709
512 800
512 805
512 906
512 956
512 968
512 1359
512 1390
512 1505
512 1525
512 1558
512 1815
512 1826
513 520
513 521
513 524
513 530
513 533
513 542
513 545
513 568
513 571
513 580
513 581
513 585
513 609
513 613
513 616
513 638
513 643
513 655
513 660
513 662
513 664
513 665
513 672
513 705
513 719
513 730
513 748
513 773
513 902
513 1114
513 1181
513 1250
513 1262
513 1263
513 1300
513 1389
513 1412
513 1552
513 1576
513 1767
513 1977
514 515
514 516
514 518
514 524
514 528
514 552
514 554
514 571
514 585
514 598
514 599
514 605
514 606
514 607
514 616
514 624
514 626
514 656
514 659
514 661
514 662
514 663
514 664
514 667
514 672
514 678
514 681
514 694
514 710
514 717
514 721
514 724
514 743
514 963
514 1043
514 1070
514 1105
514 1244
514 1267
514 1444
514 1551
514 1622
514 1824
514 1874
514 1964
515 522
515 525
515 527
515 546
515 554
515 572
515 580
515 585
515 595
515 596
515 597
515 598
515 600
515 612
515 614
515 618
515 632
515 633
515 654
515 676
515 681
515 682
515 684
515 685
515 692
515 721
515 739
515 748
515 843
515 1203
515 1228
515 1299
515 1346
515 1517
515 1531
515 1590
515 1655
515 1658
515 1804
515 1827
515 1855
515 1886
515 1931
516 551
516 559
516 561
516 565
516 569
516 570
516 586
516 598
516 599
516 624
516 635
516 636
516 651
516 660
516 662
516 669
516 675
516 678
516 679
516 687
516 689
516 703
516 704
516 710
516 712
516 713
516 746
516 819
516 845
516 892
516 1092
516 1169
516 1235
516 1253
516 1383
516 1419
516 1494
516 1530
516 1614
516 1638
516 1765
516 1823
516 1932
516 1958
517 520
517 527
517 530
517 535
517 538
517 540
517 559
517 565
517 601
517 607
517 626
517 632
517 633
517 638
517 640
517 641
517 645
517 646
517 650
517 653
517 661
517 670
517 676
517 680
517 688
517 701
517 732
517 739
517 744
517 749
517 778
517 1156
517 1306
517 1341
517 1461
517 1528
517 1812
517 1822
518 530
518 532
518 534
518 542
518 566
518 580
518 583
518 587
518 606
518 609
518 614
518 619
518 621
518 624
518 630
518 641
518 642
518 650
518 667
518 694
518 705
518 747
518 778
518 856
518 902
518 1148
518 1272
518 1336
518 1407
518 1708
518 1711
518 1827
518 1870
518 1901
518 1934
518 1972
519 521
519 535
519 554
519 559
519 562
519 572
519 581
519 588
519 620
519 631
519 638
519 678
519 696
519 705
519 720
519 728
519 743
519 745
519 749
519 818
519 991
519 1221
519 1387
519 1390
519 1710
519 1752
519 1872
519 1939
520 523
520 527
520 532
520 541
520 565
520 572
520 574
520 576
520 601
520 610
520 617
520 623
520 630
520 637
520 649
520 672
520 684
520 685
520 695
520 697
520 706
520 721
520 723
520 727
520 873
520 1143
520 1222
520 2000
521 559
521 579
521 582
521 595
521 598
521 601
521 625
521 626
521 638
521 639
521 644
521 645
521 651
521 661
521 662
521 663
521 664
521 665
521 666
521 669
521 671
521 700
521 707
521 708
521 720
521 722
521 734
521 736
521 854
521 1049
521 1061
521 1116
521 1193
521 1303
521 1349
521 1734
521 1991
522 532
522 545
522 550
522 553
522 565
522 568
522 575
522 596
522 606
522 613
522 619
522 622
522 624
522 627
522 632
522 636
522 661
522 681
522 695
522 697
522 701
522 704
522 726
522 735
522 736
522 740
522 748
522 873
522 953
522 1019
522 1128
522 1200
522 1588
522 1763
522 1911
522 1989
523 527
523 544
523 553
523 566
523 569
523 579
523 614
523 616
523 617
523 623
523 632
523 649
523 655
523 663
523 674
523 677
523 678
523 684
523 692
523 698
523 714
523 717
523 724
523 731
523 835
523 972
523 990
523 1584
523 1873
523 1955
524 535
524 541
524 568
524 578
524 580
524 583
524 584
524 588
524 615
524 616
524 624
524 628
524 633
524 638
524 652
524 659
524 693
524 702
524 714
524 715
524 727
524 743
524 749
524 780
524 889
524 891
524 920
524 1006
524 1056
524 1086
524 1089
524 1160
524 1492
524 1561
524 1600
525 528
525 550
525 563
525 570
525 593
525 599
525 604
525 610
525 620
525 625
525 627
525 628
525 634
525 639
525 652
525 656
525 659
525 674
525 679
525 701
525 715
525 717
525 730
525 753
525 819
525 852
525 934
525 1360
525 1391
525 1427
525 1701
525 1745
525 1863
525 1891
525 1917
526 530
526 536
526 542
526 545
526 547
526 558
526 595
526 652
526 656
526 660
526 673
526 685
526 698
526 701
526 706
526 726
526 742
526 745
526 1031
526 1148
526 1461
526 1513
526 1626
526 1660
526 1683
526 1845
526 1850
526 1860
526 1869
526 1927
527 533
527 535
527 565
527 567
527 585
527 586
527 589
527 623
527 627
527 631
527 647
527 648
527 650
527 664
527 695
527 703
527 705
527 709
527 728
527 732
527 763
527 872
527 929
527 1378
527 1495
527 1852
527 1937
528 530
528 535
528 550
528 562
528 573
528 574
528 577
528 591
528 618
528 626
528 629
528 637
528 647
528 660
528 669
528 678
528 689
528 706
528 730
528 733
528 919
528 1282
528 1416
528 1528
528 1597
528 1618
528 1702
528 1709
528 1779
528 1806
528 1926
529 531
529 538
529 544
529 556
529 566
529 578
529 594
529 595
529 596
529 601
529 623
529 624
529 650
529 657
529 658
529 661
529 666
529 673
529 681
529 685
529 708
529 719
529 720
529 729
529 735
529 740
529 751
529 764
529 865
529 1065
529 1300
529 1591
529 1595
529 1666
529 1737
529 1811
530 532
530 534
530 544
530 551
530 552
530 559
530 572
530 573
530 575
530 584
530 637
530 644
530 658
530 664
530 665
530 671
530 677
530 702
530 710
530 719
530 728
530 729
530 743
530 992
530 1008
530 1180
530 1396
530 1496
530 1706
530 1864
530 1949
531 552
531 553
531 568
531 574
531 578
531 586
531 589
531 592
531 605
531 610
531 611
531 612
531 613
531 636
531 647
531 688
531 701
531 702
531 708
531 709
531 712
531 721
531 730
531 964
531 1292
531 1576
531 1691
531 1797
532 539
532 557
532 576
532 587
532 604
532 609
532 610
532 617
532 621
532 625
532 627
532 634
532 641
532 643
532 649
532 651
532 686
532 692
532 698
532 707
532 740
532 744
532 807
532 817
532 873
532 937
532 966
532 1041
532 1424
532 1436
532 1583
532 1709
532 1750
532 1813
532 1883
533 564
533 567
533 587
533 589
533 607
533 608
533 615
533 621
533 639
533 640
533 641
533 644
533 646
533 649
533 659
533 663
533 668
533 679
533 685
533 702
533 730
533 829
533 860
533 911
533 991
533 1081
533 1156
533 1182
533 1196
533 1251
533 1282
533 1499
533 1565
533 1664
533 1823
533 1922
533 1937
533 1954
534 536
534 547
534 571
534 576
534 594
534 601
534 602
534 609
534 613
534 629
534 635
534 638
534 639
534 664
534 691
534 702
534 706
534 708
534 733
534 739
534 743
534 890
534 937
534 1035
534 1084
534 1156
534 1454
534 1534
534 1860
535 557
535 586
535 587
535 602
535 603
535 606
535 609
535 612
535 618
535 628
535 630
535 632
535 647
535 658
535 661
535 676
535 679
535 689
535 708
535 732
535 740
535 1076
535 1539
535 1934
535 1999
535 2002
536 539
536 549
536 553
536 565
536 585
536 607
536 630
536 640
536 654
536 666
536 667
536 676
536 697
536 710
536 723
536 742
536 745
536 746
536 775
536 830
536 927
536 1085
536 1162
536 1189
536 1318
536 1398
536 1585
536 1660
536 1825
536 2000
537 542
537 543
537 549
537 568
537 593
537 599
537 617
537 623
537 626
537 631
537 632
537 635
537 639
537 669
537 670
537 674
537 678
537 696
537 713
537 719
537 727
537 736
537 748
537 969
537 1333
537 1405
537 1491
537 1587
537 1667
537 1802
537 1813
538 539
538 540
538 549
538 556
538 570
538 572
538 575
538 577
538 579
538 591
538 595
538 596
538 597
538 601
538 606
538 620
538 625
538 630
538 638
538 642
538 651
538 657
538 666
538 671
538 683
538 694
538 709
538 710
538 727
538 732
538 745
538 858
538 881
538 965
538 1081
538 1125
538 1181
538 1230
538 1348
538 1460
538 1474
538 1585
538 1815
538 1821
538 1867
538 1878
538 1947
538 1990
538 2000
539 545
539 557
539 565
539 572
539 585
539 634
539 682
539 686
539 695
539 712
539 716
539 725
539 726
539 735
539 743
539 1128
539 1155
539 1232
539 1276
539 1438
539 1750
539 1822
539 1952
540 566
540 572
540 596
540 604
540 618
540 621
540 650
540 651
540 692
540 695
540 715
540 731
540 745
540 756
540 902
540 1225
540 1226
540 1277
540 1365
540 1544
540 1597
540 1683
540 1878
540 1947
541 550
541 551
541 565
541 568
541 598
541 603
541 610
541 613
541 628
541 629
541 630
541 633
541 642
541 653
541 654
541 657
541 674
541 684
541 689
541 697
541 703
541 706
541 724
541 734
541 741
541 745
541 748
541 821
541 1000
541 1200
541 1507
541 1516
541 1524
541 1856
541 1871
541 1973
542 544
542 556
542 578
542 580
542 589
542 600
542 625
542 665
542 669
542 689
542 690
542 701
542 713
542 723
542 731
542 829
542 912
542 1213
542 1346
542 1385
542 1654
542 1959
543 547
543 550
543 553
543 556
543 565
543 597
543 600
543 604
543 607
543 613
543 616
543 623
543 625
543 631
543 637
543 650
543 662
543 675
543 688
543 694
543 695
543 696
543 710
543 715
543 729
543 739
543 746
543 748
543 1045
543 1215
543 1279
543 1281
543 1288
543 1307
543 1456
543 1483
543 1671
543 1791
543 1898
544 549
544 581
544 583
544 615
544 618
544 627
544 638
544 640
544 662
544 676
544 686
544 694
544 720
544 740
544 748
544 785
544 800
544 832
544 900
544 936
544 937
544 979
544 1069
544 1533
544 1556
544 1603
544 1661
544 1804
544 1986
545 552
545 563
545 615
545 623
545 627
545 650
545 652
545 654
545 660
545 663
545 694
545 697
545 705
545 711
545 725
545 726
545 731
545 947
545 1076
545 1082
545 1110
545 1171
545 1358
545 1537
545 1754
545 1795
545 1995
546 578
546 580
546 595
546 620
546 625
546 627
546 642
546 648
546 655
546 658
546 662
546 670
546 672
546 678
546 679
546 683
546 694
546 700
546 702
546 711
546 727
546 731
546 735
546 746
546 749
546 1017
546 1273
546 1284
546 1288
546 1336
546 1420
546 1650
546 1775
546 1853
546 1863
546 1905
546 1961
546 1966
546 1998
547 568
547 579
547 585
547 594
547 597
547 616
547 622
547 640
547 643
547 650
547 664
547 669
547 671
547 683
547 686
547 690
547 700
547 706
547 711
547 740
547 811
547 814
547 915
547 918
547 953
547 1002
547 1170
547 1190
547 1321
547 1434
547 1582
547 1634
547 1644
547 1662
547 1678
547 1817
547 1866
547 1978
548 551
548 561
548 565
548 567
548 571
548 586
548 590
548 609
548 617
548 625
548 647
548 653
548 657
548 659
548 662
548 669
548 672
548 674
548 677
548 681
548 683
548 685
548 690
548 701
548 704
548 705
548 723
548 728
548 747
548 827
548 840
548 1067
548 1116
548 1273
548 1364
548 1433
548 1461
548 1739
548 1770
548 1772
548 1809
548 1904
548 1914
548 1956
549 551
549 584
549 585
549 603
549 605
549 615
549 622
549 635
549 641
549 643
549 658
549 659
549 674
549 688
549 695
549 701
549 702
549 708
549 718
549 731
549 737
549 747
549 921
549 933
549 1024
549 1162
549 1233
549 1428
549 1509
549 1629
549 1713
549 1816
549 1955
549 1969
550 557
550 587
550 594
550 607
550 616
550 625
550 627
550 643
550 647
550 656
550 667
550 675
550 682
550 684
550 688
550 717
550 726
550 734
550 737
550 747
550 874
550 934
550 970
550 1155
550 1444
550 1494
550 1769
550 1846
550 1896
551 566
551 572
551 575
551 601
551 603
551 604
551 617
551 627
551 631
551 635
551 636
551 643
551 654
551 658
551 662
551 674
551 677
551 705
551 730
551 732
551 737
551 738
551 745
551 746
551 748
551 749
551 1190
551 1266
552 556
552 592
552 623
552 633
552 640
552 642
552 648
552 665
552 683
552 710
552 711
552 716
552 727
552 736
552 742
552 748
552 931
552 982
552 1076
552 1078
552 1178
552 1290
552 1455
552 1523
552 1549
552 1712
552 1808
552 1819
552 1826
553 556
553 565
553 581
553 588
553 589
553 607
553 613
553 620
553 659
553 660
553 693
553 711
553 725
553 731
553 735
553 741
553 747
553 782
553 786
553 801
553 1120
553 1224
553 1522
553 1561
553 1614
553 1748
553 1904
553 1964
553 1988
553 2005
554 581
554 592
554 596
554 602
554 608
554 621
554 623
554 655
554 667
554 683
554 696
554 720
554 728
554 731
554 733
554 737
554 936
554 989
554 1055
554 1069
554 1380
554 1459
554 1768
554 1779
554 1848
555 562
555 563
555 572
555 574
555 578
555 597
555 600
555 611
555 629
555 630
555 638
555 639
555 647
555 660
555 662
555 672
555 681
555 692
555 699
555 702
555 717
555 742
555 891
555 939
555 1099
555 1111
555 1520
555 1569
555 1636
555 1766
555 1768
555 1978
556 558
556 568
556 578
556 584
556 595
556 596
556 604
556 608
556 609
556 611
556 613
556 622
556 627
556 646
556 652
556 654
556 661
556 676
556 677
556 682
556 703
556 706
556 708
556 711
556 715
556 726
556 729
556 730
556 733
556 736
556 855
556 924
556 999
556 1036
556 1146
556 1165
556 1174
556 1219
556 1417
556 1441
556 1710
556 1770
556 1818
556 1829
556 1845
557 563
557 567
557 571
557 573
557 585
557 600
557 608
557 621
557 623
557 655
557 666
557 670
557 680
557 683
557 689
557 710
557 713
557 737
557 742
557 947
557 1012
557 1144
557 1153
557 1193
557 1315
557 1575
557 1659
557 1888
557 1911
558 567
558 570
558 588
558 597
558 600
558 603
558 612
558 614
558 615
558 628
558 634
558 650
558 656
558 671
558 682
558 683
558 707
558 718
558 720
558 740
558 744
558 749
558 787
558 806
558 934
558 1009
558 1109
558 1143
558 1256
558 1727
558 1759
558 1762
558 1768
558 1982
559 587
559 592
559 598
559 612
559 615
559 636
559 649
559 660
559 662
559 668
559 672
559 708
559 715
559 720
559 736
559 761
559 855
559 915
559 959
559 997
559 1001
559 1120
559 1186
559 1539
559 1627
559 1650
559 1661
559 1666
559 1747
560 578
560 582
560 595
560 604
560 616
560 623
560 628
560 630
560 633
560 639
560 654
560 658
560 666
560 672
560 675
560 682
560 690
560 700
560 703
560 714
560 730
560 735
560 739
560 744
560 755
560 765
560 921
560 922
560 979
560 1061
560 1256
560 1565
560 1674
560 1750
561 570
561 573
561 576
561 585
561 597
561 619
561 625
561 629
561 635
561 659
561 661
561 668
561 678
561 679
561 690
561 697
561 699
561 702
561 706
561 726
561 779
561 908
561 1150
561 1196
561 1252
561 1335
561 1344
561 1540
561 1728
561 1859
561 1878
561 1937
561 1948
562 564
562 583
562 590
562 591
562 607
562 619
562 624
562 625
562 635
562 637
562 651
562 687
562 688
562 708
562 720
562 723
562 730
562 745
562 810
562 1000
562 1077
562 1214
562 1388
562 1439
562 1523
562 1577
562 1606
562 1613
562 1760
562 1779
562 1910
562 1926
563 579
563 623
563 641
563 642
563 654
563 665
563 706
563 717
563 730
563 734
563 898
563 1015
563 1030
563 1061
563 1157
563 1311
563 1446
563 1504
563 1529
563 1834
563 1993
564 588
564 601
564 614
564 630
564 644
564 659
564 681
564 688
564 692
564 701
564 721
564 733
564 740
564 742
564 780
564 814
564 873
564 875
564 902
564 1008
564 1015
564 1100
564 1330
564 1395
564 1447
564 1567
564 1707
564 1759
564 1782
564 1890
564 1979
565 579
565 584
565 590
565 599
565 603
565 605
565 621
565 626
565 637
565 643
565 648
565 657
565 659
565 662
565 667
565 674
565 676
565 683
565 692
565 713
565 729
565 885
565 898
565 994
565 1452
565 1524
565 1572
565 1727
565 1909
566 578
566 587
566 598
566 614
566 618
566 620
566 623
566 625
566 637
566 651
566 661
566 680
566 691
566 715
566 719
566 737
566 740
566 858
566 951
566 1043
566 1106
566 1211
566 1288
566 1294
566 1368
566 1718
566 1743
567 573
567 591
567 592
567 593
567 607
567 612
567 614
567 615
567 625
567 627
567 664
567 668
567 699
567 704
567 711
567 715
567 716
567 734
567 737
567 738
567 839
567 887
567 1052
567 1060
567 1189
567 1512
567 1590
567 1756
567 1815
567 1911
568 570
568 575
568 605
568 616
568 618
568 625
568 630
568 634
568 637
568 645
568 650
568 652
568 655
568 661
568 662
568 665
568 666
568 669
568 682
568 721
568 734
568 794
568 817
568 850
568 857
568 961
568 1066
568 1276
568 1368
568 1413
568 1472
568 1797
568 1963
569 572
569 578
569 598
569 608
569 615
569 618
569 620
569 634
569 635
569 644
569 654
569 659
569 664
569 671
569 701
569 704
569 706
569 732
569 733
569 735
569 750
569 827
569 1081
569 1121
569 1247
569 1295
569 1457
569 1719
569 1828
569 1891
569 1926
570 584
570 590
570 599
570 612
570 644
570 650
570 657
570 665
570 666
570 667
570 679
570 684
570 692
570 701
570 705
570 717
570 749
570 784
570 797
570 818
570 891
570 915
570 917
570 1359
570 1442
570 1495
570 1658
570 1738
570 1755
570 1865
570 1985
571 573
571 582
571 584
571 585
571 611
571 624
571 636
571 641
571 642
571 661
571 668
571 670
571 676
571 680
571 692
571 722
571 725
571 735
571 767
571 938
571 1222
571 1225
571 1324
571 1415
571 1450
571 1509
571 1736
571 1882
571 1904
572 581
572 599
572 607
572 641
572 691
572 702
572 704
572 739
572 748
572 891
572 1235
572 1485
572 1635
572 1673
572 1945
572 1967
572 1985
573 578
573 581
573 584
573 592
573 625
573 631
573 635
573 643
573 662
573 665
573 668
573 672
573 678
573 682
573 719
573 730
573 735
573 737
573 738
573 739
573 852
573 882
573 994
573 1034
573 1051
573 1073
573 1309
573 1323
573 1332
573 1460
573 1472
573 1779
573 1822
573 1917
573 2004
574 575
574 577
574 591
574 604
574 608
574 610
574 614
574 617
574 626
574 631
574 641
574 659
574 664
574 685
574 693
574 695
574 696
574 716
574 718
574 719
574 727
574 738
574 743
574 801
574 816
574 822
574 967
574 1026
574 1055
574 1217
574 1261
574 1436
574 1733
574 1798
575 579
575 612
575 634
575 647
575 650
575 654
575 664
575 671
575 685
575 686
575 692
575 695
575 714
575 722
575 727
575 744
575 749
575 791
575 792
575 913
575 1003
575 1180
575 1372
575 1481
575 1539
575 1540
575 1690
575 1736
575 1817
575 1879
576 578
576 583
576 593
576 598
576 603
576 605
576 618
576 633
576 641
576 668
576 680
576 681
576 682
576 691
576 696
576 700
576 702
576 708
576 738
576 740
576 880
576 911
576 986
576 1108
576 1150
576 1163
576 1206
576 1305
576 1323
576 1557
576 1611
576 1667
577 581
577 585
577 596
577 608
577 621
577 631
577 633
577 658
577 663
577 671
577 689
577 690
577 693
577 697
577 700
577 708
577 714
577 716
577 718
577 738
577 745
577 813
577 956
577 991
577 1104
577 1282
577 1285
577 1323
577 1424
577 1548
577 1761
577 1783
577 1953
578 584
578 602
578 606
578 617
578 622
578 627
578 640
578 651
578 663
578 676
578 681
578 687
578 696
578 701
578 706
578 714
578 715
578 739
578 746
578 749
578 789
578 820
578 893
578 896
578 917
578 928
578 986
578 1243
578 1270
578 1431
578 1792
578 1863
578 1998
579 597
579 612
579 634
579 647
579 663
579 676
579 680
579 689
579 697
579 698
579 713
579 737
579 745
579 922
579 1019
579 1427
579 1443
579 1557
579 1636
579 1669
579 1708
579 1775
579 1925
579 1968
579 1996
580 581
580 586
580 591
580 599
580 609
580 644
580 646
580 650
580 651
580 660
580 663
580 665
580 669
580 670
580 672
580 687
580 688
580 701
580 705
580 708
580 723
580 729
580 731
580 736
580 872
580 985
580 1277
580 1310
580 1502
580 1821
580 1909
580 1962
581 585
581 611
581 616
581 639
581 653
581 654
581 681
581 702
581 715
581 723
581 953
581 1170
581 1249
581 1261
581 1449
581 1770
581 1840
581 1964
582 594
582 605
582 642
582 650
582 673
582 692
582 702
582 718
582 733
582 737
582 866
582 1137
582 1414
582 1430
582 1436
582 1501
582 1605
582 1637
582 1673
582 1748
582 2000
583 602
583 608
583 619
583 620
583 624
583 628
583 662
583 669
583 674
583 678
583 686
583 687
583 695
583 709
583 713
583 727
583 732
583 740
583 835
583 985
583 1002
583 1022
583 1067
583 1088
583 1275
583 1474
583 1725
583 1956
584 585
584 586
584 595
584 602
584 607
584 636
584 645
584 647
584 651
584 661
584 666
584 669
584 687
584 694
584 696
584 720
584 733
584 738
584 744
584 823
584 1099
584 1227
584 1568
584 1686
584 1704
584 1768
584 1887
584 1939
585 602
585 606
585 607
585 618
585 621
585 636
585 647
585 648
585 660
585 674
585 692
585 702
585 714
585 715
585 716
585 718
585 731
585 744
585 747
585 759
585 776
585 877
585 936
585 955
585 1029
585 1067
585 1192
585 1232
585 1234
585 1274
585 1307
585 1349
585 1496
585 1527
585 1547
585 1769
585 1784
585 1965
586 608
586 614
586 617
586 619
586 631
586 637
586 643
586 647
586 650
586 653
586 660
586 661
586 663
586 669
586 690
586 691
586 704
586 719
586 724
586 737
586 761
586 940
586 960
586 1155
586 1263
586 1683
586 1719
587 598
587 608
587 615
587 621
587 624
587 627
587 635
587 643
587 670
587 680
587 714
587 718
587 722
587 934
587 1083
587 1116
587 1498
587 1520
587 1767
587 1833
587 1869
587 1899
587 1960
587 1996
588 608
588 614
588 618
588 621
588 632
588 634
588 654
588 661
588 665
588 668
588 670
588 691
588 697
588 706
588 707
588 712
588 722
588 724
588 738
588 788
588 908
588 1207
588 1240
588 1361
588 1371
588 1424
588 1472
588 1542
588 1559
588 1586
588 1727
588 1877
589 590
589 604
589 614
589 617
589 626
589 627
589 636
589 638
589 659
589 662
589 682
589 699
589 704
589 713
589 718
589 724
589 725
589 739
589 740
589 742
589 748
589 1024
589 1056
589 1074
589 1255
589 1294
589 1303
589 1352
589 1398
589 1701
589 1832
590 596
590 599
590 614
590 617
590 629
590 637
590 650
590 680
590 682
590 708
590 715
590 716
590 719
590 731
590 738
590 766
590 872
590 936
590 1006
590 1093
590 1154
590 1182
590 1196
590 1199
590 1214
590 1291
590 1748
590 1768
590 1780
590 1822
591 597
591 612
591 630
591 654
591 670
591 672
591 673
591 700
591 707
591 709
591 712
591 714
591 726
591 729
591 741
591 865
591 961
591 1035
591 1117
591 1131
591 1144
591 1188
591 1191
591 1290
591 1332
591 1380
591 1411
591 1427
591 1445
591 1736
591 1827
591 1842
591 1885
591 1907
592 593
592 598
592 600
592 609
592 626
592 627
592 628
592 648
592 659
592 669
592 678
592 681
592 687
592 703
592 706
592 711
592 712
592 729
592 735
592 749
592 940
592 1139
592 1245
592 1276
592 1318
592 1412
592 1717
592 1788
592 1795
592 1871
592 1949
593 610
593 612
593 615
593 618
593 658
593 664
593 671
593 674
593 687
593 696
593 717
593 743
593 745
593 950
593 979
593 1004
593 1062
593 1125
593 1180
593 1357
593 1397
593 1617
593 1635
593 1699
593 1778
593 1924
593 1995
594 595
594 600
594 605
594 617
594 627
594 645
594 648
594 649
594 651
594 657
594 676
594 677
594 686
594 694
594 706
594 712
594 715
594 720
594 723
594 742
594 743
594 837
594 970
594 1053
594 1078
594 1088
594 1155
594 1778
594 1870
595 610
595 615
595 619
595 647
595 652
595 662
595 684
595 688
595 690
595 705
595 733
595 742
595 904
595 993
595 1071
595 1317
595 1424
595 1706
595 1846
596 604
596 612
596 613
596 617
596 640
596 652
596 667
596 698
596 714
596 721
596 722
596 727
596 736
596 744
596 764
596 900
596 950
596 1017
596 1168
596 1242
596 1371
596 1380
596 1437
596 1559
596 1667
596 1699
596 1808
596 1837
596 1899
597 625
597 639
597 643
597 654
597 667
597 669
597 672
597 676
597 677
597 680
597 685
597 688
597 693
597 699
597 709
597 714
597 719
597 727
597 729
597 732
597 831
597 859
597 876
597 904
597 1180
597 1440
597 1541
597 1574
597 1630
597 1674
597 1717
597 1736
597 1813
598 601
598 602
598 658
598 678
598 686
598 692
598 711
598 715
598 978
598 995
598 1150
598 1188
598 1337
598 1364
598 1389
598 1543
598 1565
598 1603
598 1617
598 1983
599 621
599 627
599 636
599 675
599 682
599 688
599 692
599 696
599 706
599 711
599 731
599 734
599 742
599 781
599 1036
599 1112
599 1131
599 1347
599 1364
599 1447
599 1452
599 1454
599 1787
599 1841
599 1890
600 604
600 615
600 624
600 632
600 649
600 658
600 660
600 666
600 679
600 691
600 697
600 720
600 723
600 732
600 771
600 982
600 1092
600 1455
600 1517
600 1686
600 1826
600 1903
600 1936
600 1952
601 602
601 606
601 619
601 645
601 650
601 653
601 667
601 669
601 670
601 674
601 681
601 706
601 711
601 718
601 969
601 1005
601 1024
601 1286
601 1679
601 1724
602 608
602 614
602 618
602 619
602 632
602 643
602 650
602 653
602 655
602 668
602 676
602 698
602 709
602 728
602 855
602 1047
602 1207
602 1376
602 1440
602 1460
602 1774
602 1786
603 613
603 618
603 625
603 628
603 629
603 635
603 648
603 658
603 676
603 678
603 685
603 686
603 693
603 714
603 717
603 746
603 748
603 841
603 873
603 1135
603 1297
603 1402
603 1467
603 1635
603 1754
603 1891
604 609
604 618
604 620
604 644
604 671
604 673
604 677
604 693
604 700
604 712
604 723
604 1044
604 1104
604 1178
604 1256
604 1270
604 1418
604 1653
604 1664
604 1776
604 1874
605 620
605 628
605 639
605 656
605 662
605 666
605 673
605 702
605 703
605 713
605 714
605 717
605 718
605 720
605 723
605 740
605 762
605 801
605 804
605 901
605 1027
605 1090
605 1277
605 1381
605 1435
605 1462
605 1471
605 1730
605 1796
605 1990
606 630
606 636
606 637
606 686
606 695
606 707
606 710
606 714
606 738
606 905
606 966
606 1010
606 1181
606 1185
606 1200
606 1330
606 1371
606 1408
606 1734
606 1747
606 1997
606 1999
607 611
607 620
607 629
607 630
607 639
607 657
607 672
607 674
607 677
607 679
607 681
607 688
607 697
607 710
607 715
607 717
607 726
607 735
607 742
607 787
607 1151
607 1215
607 1371
607 1466
607 1576
607 1610
607 1705
607 1933
607 1962
608 633
608 665
608 677
608 678
608 679
608 682
608 693
608 703
608 717
608 720
608 726
608 745
608 826
608 852
608 924
608 1010
608 1171
608 1270
608 1436
608 1550
609 613
609 614
609 639
609 650
609 666
609 677
609 679
609 681
609 685
609 686
609 687
609 688
609 694
609 702
609 722
609 727
609 737
609 740
609 744
609 788
609 958
609 973
609 1180
609 1276
609 1326
609 1362
609 1364
609 1407
609 1477
609 1478
609 1499
609 1712
609 1820
609 1938
610 620
610 630
610 631
610 642
610 646
610 648
610 663
610 697
610 730
610 736
610 737
610 746
610 1166
610 1252
610 1281
610 1374
610 1515
610 1563
610 1613
610 1676
610 1725
610 1737
610 1852
610 1859
611 621
611 626
611 637
611 649
611 650
611 661
611 672
611 687
611 694
611 718
611 723
611 726
611 807
611 874
611 1027
611 1078
611 1207
611 1240
611 1320
611 1465
611 1480
612 614
612 628
612 639
612 645
612 665
612 667
612 680
612 682
612 686
612 692
612 697
612 714
612 720
612 721
612 726
612 729
612 732
612 738
612 745
612 865
612 887
612 1076
612 1117
612 1119
612 1172
612 1198
612 1235
612 1333
612 1356
612 1644
612 1910
613 616
613 624
613 629
613 636
613 638
613 655
613 665
613 670
613 673
613 675
613 681
613 685
613 691
613 721
613 724
613 729
613 732
613 733
613 844
613 1105
613 1122
613 1147
613 1174
613 1183
613 1533
613 1540
613 1574
613 1702
613 1776
613 1933
614 628
614 629
614 639
614 644
614 652
614 653
614 662
614 681
614 682
614 683
614 691
614 703
614 723
614 728
614 743
614 747
614 861
614 939
614 1484
614 1575
614 1763
614 1918
615 625
615 628
615 637
615 638
615 639
615 655
615 660
615 668
615 677
615 679
615 680
615 691
615 701
615 706
615 712
615 719
615 720
615 727
615 732
615 741
615 1003
615 1036
615 1068
615 1079
615 1239
615 1258
615 1450
615 1463
615 1472
615 1590
615 1607
615 1628
615 1800
615 1896
616 622
616 625
616 626
616 628
616 634
616 675
616 687
616 690
616 692
616 714
616 717
616 721
616 734
616 762
616 786
616 790
616 841
616 1224
616 1288
616 1399
616 1758
616 1941
617 619
617 626
617 628
617 639
617 646
617 654
617 657
617 661
617 689
617 706
617 736
617 746
617 749
617 796
617 797
617 828
617 847
617 1009
617 1112
617 1224
617 1300
617 1531
617 1642
617 1935
617 1972
618 625
618 628
618 629
618 639
618 649
618 658
618 662
618 665
618 671
618 678
618 682
618 683
618 707
618 708
618 709
618 710
618 729
618 731
618 736
618 747
618 758
618 1299
618 1391
618 1451
618 1611
618 1621
618 1680
618 1761
618 1902
618 1946
618 1949
619 622
619 631
619 637
619 638
619 639
619 666
619 681
619 701
619 717
619 720
619 725
619 732
619 738
619 739
619 745
619 806
619 927
619 1020
619 1142
619 1244
619 1323
619 1568
619 1578
619 1645
619 1794
619 1895
620 638
620 646
620 673
620 681
620 694
620 696
620 705
620 706
620 712
620 714
620 716
620 719
620 721
620 728
620 731
620 734
620 1102
620 1361
620 1461
620 1534
620 1682
621 631
621 632
621 634
621 638
621 642
621 647
621 648
621 652
621 660
621 669
621 685
621 694
621 713
621 715
621 723
621 765
621 947
621 1090
621 1136
621 1240
621 1242
621 1247
621 1301
621 1429
621 1655
621 1726
621 1960
622 634
622 665
622 687
622 689
622 744
622 748
622 816
622 886
622 1076
622 1540
622 1732
622 1767
622 1861
623 634
623 654
623 672
623 675
623 680
623 682
623 698
623 708
623 712
623 715
623 731
623 872
623 1079
623 1091
623 1235
623 1413
623 1425
623 1736
623 1964
624 626
624 650
624 654
624 658
624 662
624 664
624 665
624 696
624 711
624 714
624 717
624 723
624 731
624 779
624 788
624 830
624 859
624 885
624 920
624 1021
624 1042
624 1052
624 1144
624 1339
624 1353
624 1376
624 1472
624 1591
624 1698
625 633
625 636
625 642
625 647
625 666
625 667
625 671
625 678
625 683
625 689
625 693
625 710
625 711
625 713
625 737
625 746
625 749
625 760
625 761
625 878
625 1052
625 1151
625 1159
625 1265
625 1384
625 1550
625 1555
625 1611
625 1671
625 1724
625 1841
626 634
626 641
626 642
626 651
626 657
626 692
626 695
626 721
626 722
626 733
626 736
626 922
626 1012
626 1050
626 1123
626 1402
626 1451
626 1518
626 1575
626 1662
626 1690
626 1757
626 1768
626 1804
626 1933
626 1941
626 1962
627 634
627 643
627 664
627 676
627 685
627 698
627 700
627 716
627 724
627 730
627 741
627 749
627 777
627 974
627 1003
627 1080
627 1152
627 1182
627 1394
627 1453
627 1455
627 1458
627 1491
627 1509
627 1947
627 1992
628 630
628 646
628 662
628 665
628 674
628 701
628 724
628 735
628 738
628 741
628 744
628 1037
628 1469
628 1575
628 1618
628 1678
628 1747
628 1831
628 1842
628 1997
629 639
629 642
629 648
629 655
629 668
629 677
629 687
629 698
629 707
629 724
629 731
629 749
629 957
629 1019
629 1192
629 1525
629 1527
629 1786
629 1914
629 1935
629 1992
630 644
630 650
630 667
630 669
630 676
630 682
630 713
630 717
630 733
630 743
630 748
630 754
630 865
630 906
630 908
630 920
630 1027
630 1030
630 1114
630 1127
630 1157
630 1195
630 1275
630 1333
630 1356
630 1439
630 1457
630 1662
630 1698
630 1759
631 635
631 639
631 643
631 671
631 685
631 691
631 718
631 720
631 730
631 735
631 737
631 740
631 742
631 744
631 746
631 799
631 806
631 876
631 891
631 895
631 1338
631 1680
631 1845
632 646
632 647
632 649
632 660
632 662
632 672
632 679
632 691
632 700
632 706
632 720
632 722
632 730
632 737
632 741
632 764
632 796
632 1057
632 1127
632 1355
632 1417
632 1725
632 1820
633 636
633 639
633 642
633 654
633 657
633 658
633 668
633 678
633 691
633 708
633 711
633 722
633 724
633 731
633 738
633 859
633 1247
633 1271
633 1445
633 1466
633 1469
633 1713
633 1755
633 1808
633 1821
633 1875
633 1951
634 635
634 636
634 641
634 649
634 652
634 673
634 678
634 685
634 700
634 718
634 719
634 720
634 721
634 735
634 841
634 908
634 985
634 1063
634 1097
634 1103
634 1135
634 1235
634 1327
634 1519
634 1609
634 1615
634 1625
634 1777
634 1826
635 640
635 648
635 658
635 672
635 678
635 683
635 709
635 712
635 722
635 724
635 726
635 729
635 813
635 844
635 879
635 986
635 1033
635 1293
635 1484
635 1551
635 1603
635 1631
635 1679
635 1699
635 1792
635 1851
635 1858
636 638
636 659
636 663
636 666
636 687
636 707
636 709
636 721
636 723
636 726
636 733
636 739
636 742
636 744
636 746
636 1184
636 1211
636 1439
636 1476
636 1557
636 1602
636 1644
636 1645
636 1690
636 1719
636 1765
636 1974
636 1998
637 645
637 649
637 650
637 656
637 678
637 682
637 684
637 691
637 699
637 707
637 715
637 722
637 748
637 819
637 960
637 981
637 1040
637 1118
637 1193
637 1200
637 1204
637 1315
637 1344
637 1397
637 1427
637 1633
637 1658
637 1674
637 1967
637 1991
637 1997
638 644
638 646
638 653
638 661
638 665
638 669
638 671
638 675
638 678
638 684
638 699
638 700
638 704
638 737
638 741
638 745
638 959
638 986
638 1148
638 1290
638 1481
638 1488
638 1512
638 1573
638 1854
638 1855
638 1975
639 646
639 650
639 652
639 691
639 694
639 717
639 726
639 728
639 736
639 818
639 864
639 971
639 995
639 1112
639 1232
639 1263
639 1311
639 1369
639 1723
639 1871
639 1956
639 2000
640 641
640 648
640 662
640 698
640 709
640 719
640 726
640 727
640 735
640 741
640 746
640 752
640 1160
640 1397
640 1479
640 1988
641 649
641 652
641 678
641 686
641 700
641 702
641 727
641 838
641 845
641 863
641 1074
641 1557
641 1606
641 1685
641 1741
641 1786
641 1795
641 1840
641 1918
642 654
642 657
642 668
642 673
642 675
642 684
642 706
642 713
642 719
642 721
642 729
642 734
642 971
642 1184
642 1292
642 1306
642 1309
642 1380
642 1383
642 1562
642 1784
642 1984
642 2002
643 646
643 650
643 668
643 675
643 677
643 683
643 693
643 694
643 696
643 700
643 703
643 718
643 721
643 734
643 743
643 745
643 985
643 1000
643 1578
643 1872
643 1964
643 1998
644 662
644 678
644 679
644 689
644 702
644 705
644 706
644 723
644 728
644 748
644 780
644 896
644 948
644 950
644 1165
644 1172
644 1233
644 1270
644 1350
644 1388
644 1398
644 1497
644 1546
644 1948
645 666
645 676
645 680
645 682
645 683
645 714
645 721
645 722
645 731
645 743
645 1073
645 1152
645 1302
645 1593
645 1783
645 1842
646 648
646 655
646 688
646 740
646 741
646 749
646 774
646 969
646 1033
646 1209
646 1214
646 1317
646 1327
646 1358
646 1407
646 1608
646 1731
646 1741
646 1818
646 1833
647 655
647 658
647 673
647 680
647 688
647 690
647 697
647 698
647 713
647 738
647 745
647 748
647 823
647 1146
647 1204
647 1208
647 1702
647 1731
648 661
648 684
648 705
648 706
648 724
648 732
648 741
648 744
648 795
648 901
648 958
648 1083
648 1098
648 1124
648 1196
648 1276
648 1380
648 1403
648 1484
648 1519
648 1680
648 1998
649 656
649 675
649 686
649 693
649 694
649 700
649 706
649 711
649 715
649 727
649 737
649 749
649 941
649 1366
649 1747
649 1990
650 652
650 655
650 658
650 663
650 670
650 675
650 676
650 689
650 693
650 709
650 711
650 727
650 749
650 816
650 1213
650 1507
650 1690
650 1720
650 1804
650 1881
650 1921
650 1925
650 1927
651 671
651 677
651 687
651 697
651 714
651 736
651 738
651 742
651 748
651 818
651 877
651 1011
651 1026
651 1045
651 1147
651 1427
651 1462
651 1520
651 1638
651 1650
651 1747
651 1778
651 1879
652 714
652 715
652 732
652 737
652 740
652 741
652 742
652 749
652 753
652 793
652 794
652 1062
652 1108
652 1181
652 1197
652 1510
652 1522
652 1567
652 1652
652 1882
652 1936
652 1983
653 656
653 672
653 678
653 689
653 692
653 693
653 695
653 701
653 703
653 708
653 712
653 728
653 740
653 746
653 808
653 851
653 953
653 1182
653 1185
653 1194
653 1257
653 1457
653 1486
653 1721
653 1731
653 1750
654 663
654 673
654 676
654 684
654 699
654 709
654 741
654 835
654 873
654 985
654 1051
654 1095
654 1231
654 1233
654 1438
654 1442
654 1538
654 1579
654 1724
654 1818
655 660
655 664
655 690
655 692
655 693
655 694
655 698
655 701
655 702
655 708
655 719
655 739
655 1158
655 1243
655 1266
655 1268
655 1272
655 1327
655 1344
655 1350
655 1374
655 1403
655 1409
655 1558
655 1586
655 1714
655 1791
655 1856
655 1892
655 1910
656 658
656 659
656 679
656 682
656 688
656 689
656 690
656 724
656 737
656 747
656 929
656 1020
656 1083
656 1294
656 1367
656 1482
656 1615
656 1674
656 1717
656 1749
656 1787
656 1986
657 680
657 703
657 705
657 713
657 891
657 938
657 1147
657 1264
657 1336
657 1399
657 1551
657 1576
657 1867
657 1884
657 1886
657 1927
658 664
658 688
658 689
658 700
658 701
658 716
658 726
658 729
658 731
658 737
658 1155
658 1222
658 1224
658 1347
658 1467
658 1468
658 1477
658 1644
658 1676
658 1900
659 660
659 672
659 679
659 693
659 696
659 707
659 724
659 735
659 745
659 843
659 1200
659 1648
659 1651
659 1785
659 1840
659 1866
659 1977
660 666
660 674
660 685
660 691
660 700
660 707
660 717
660 735
660 736
660 740
660 745
660 748
660 867
660 947
660 948
660 1059
660 1165
660 1205
660 1520
660 1708
660 1805
661 666
661 677
661 728
661 732
661 740
661 746
661 987
661 1174
661 1188
661 1312
661 1316
661 1392
661 1562
661 1628
661 1629
661 1766
661 1850
661 1868
661 1870
661 1890
662 668
662 673
662 688
662 703
662 714
662 721
662 726
662 735
662 742
662 749
662 881
662 917
662 954
662 975
662 1230
662 1474
662 1584
662 1587
662 1871
662 1880
663 697
663 719
663 747
663 1074
663 1082
663 1098
663 1302
663 1364
663 1560
663 1571
663 1658
664 666
664 687
664 695
664 699
664 712
664 846
664 892
664 1120
664 1165
664 1186
664 1328
664 1493
664 1628
664 1818
665 679
665 692
665 693
665 700
665 705
665 707
665 711
665 728
665 729
665 746
665 748
665 794
665 945
665 956
665 1199
665 1248
665 1265
665 1483
666 668
666 687
666 692
666 700
666 704
666 706
666 710
666 720
666 721
666 732
666 734
666 735
666 838
666 893
666 929
666 975
666 1048
666 1229
666 1498
666 1541
666 1789
666 1806
666 1836
666 1947
666 1980
667 674
667 689
667 697
667 722
667 723
667 724
667 755
667 829
667 908
667 1171
667 1306
667 1532
667 1577
667 1695
667 1757
667 1875
668 669
668 675
668 681
668 690
668 696
668 702
668 725
668 736
668 740
668 746
668 747
668 820
668 952
668 1070
668 1204
668 1213
668 1240
668 1380
668 1523
668 1620
668 1841
668 1993
669 684
669 693
669 699
669 719
669 722
669 724
669 735
669 740
669 936
669 962
669 1014
669 1396
669 1431
669 1652
669 1679
669 1758
669 1784
669 1801
669 1825
669 1978
670 687
670 733
670 871
670 878
670 985
670 1224
670 1450
670 1565
670 1610
670 1624
670 1627
670 1872
670 1930
671 693
671 695
671 697
671 698
671 710
671 719
671 723
671 724
671 730
671 746
671 759
671 935
671 1013
671 1024
671 1124
671 1311
671 1585
671 1723
671 1774
671 1876
671 1959
672 675
672 688
672 697
672 701
672 709
672 712
672 714
672 720
672 725
672 858
672 896
672 1007
672 1041
672 1128
672 1523
672 1728
673 680
673 685
673 687
673 698
673 714
673 718
673 742
673 762
673 816
673 853
673 856
673 873
673 883
673 967
673 968
673 1156
673 1307
673 1343
673 1372
673 1423
673 1475
673 1597
673 1601
673 1644
673 1887
673 1936
673 1997
673 2005
674 676
674 690
674 702
674 710
674 714
674 748
674 860
674 1051
674 1053
674 1311
674 1385
674 1543
674 1602
674 1606
674 1756
674 1970
674 2000
675 678
675 686
675 697
675 709
675 715
675 722
675 735
675 739
675 742
675 751
675 806
675 818
675 851
675 890
675 1209
675 1354
675 1502
675 1572
675 1653
675 1887
675 1943
676 681
676 685
676 701
676 718
676 787
676 1172
676 1199
676 1349
676 1439
676 1448
676 1505
676 1613
676 1700
676 1739
676 1841
676 1935
677 694
677 703
677 710
677 877
677 1069
677 1160
677 1271
677 1316
677 1319
677 1611
677 1629
677 1764
677 1817
677 1818
677 1914
677 2002
678 682
678 695
678 721
678 723
678 724
678 733
678 748
678 962
678 971
678 1087
678 1098
678 1412
678 1524
678 1683
678 1723
678 1743
678 1886
679 684
679 690
679 706
679 708
679 710
679 718
679 748
679 980
679 991
679 1065
679 1082
679 1195
679 1397
679 1552
679 1767
679 1795
679 1804
680 686
680 721
680 727
680 730
680 746
680 793
680 948
680 1030
680 1079
680 1093
680 1128
680 1131
680 1231
680 1289
680 1304
680 1325
680 1475
680 1578
680 1697
680 1859
680 1998
681 693
681 697
681 722
681 724
681 732
681 739
681 786
681 814
681 997
681 1164
681 1298
681 1880
682 683
682 698
682 699
682 720
682 727
682 737
682 739
682 740
682 747
682 984
682 1039
682 1073
682 1258
682 1260
682 1262
682 1470
682 1523
682 1555
682 1813
682 1875
682 1918
683 691
683 697
683 703
683 707
683 719
683 732
683 745
683 814
683 951
683 1044
683 1127
683 1214
683 1249
683 1569
683 1898
683 1989
684 692
684 712
684 721
684 722
684 736
684 740
684 1297
684 1514
684 1536
684 1626
684 1727
684 1861
684 1876
684 1906
684 1946
685 689
685 697
685 710
685 718
685 721
685 756
685 768
685 810
685 833
685 1078
685 1081
685 1089
685 1320
685 1428
685 1509
685 1623
685 1625
685 1629
685 1951
685 1977
686 717
686 724
686 729
686 1009
686 1015
686 1098
686 1175
686 1249
686 1510
686 1721
686 1848
686 1878
686 1916
686 2000
687 694
687 725
687 742
687 913
687 938
687 1135
687 1270
687 1419
687 1425
687 1439
687 1490
687 1711
687 1924
687 2000
688 695
688 700
688 732
688 736
688 742
688 743
688 744
688 747
688 823
688 874
688 938
688 981
688 989
688 1162
688 1167
688 1354
688 1580
688 1832
689 691
689 716
689 731
689 771
689 830
689 1153
689 1201
689 1225
689 1530
689 1575
689 1644
689 1854
689 1875
689 1901
689 1936
689 1978
689 1997
690 699
690 702
690 717
690 735
690 748
690 884
690 965
690 1005
690 1026
690 1137
690 1189
690 1270
690 1295
690 1383
690 1458
690 1489
690 1507
690 1568
690 1621
690 1806
690 1935
691 695
691 699
691 700
691 738
691 746
691 1047
691 1053
691 1124
691 1177
691 1188
691 1280
691 1520
691 1614
691 1632
691 1698
691 1884
692 702
692 718
692 727
692 729
692 735
692 742
692 784
692 928
692 991
692 1075
692 1257
692 1280
692 1545
692 1635
692 1648
692 1756
692 1932
693 698
693 702
693 708
693 716
693 726
693 731
693 732
693 739
693 745
693 804
693 889
693 933
693 1305
693 1499
693 1748
693 1822
693 1879
694 702
694 718
694 973
694 1010
694 1201
694 1313
694 1415
694 1626
694 1833
695 705
695 707
695 714
695 726
695 736
695 742
695 746
695 747
695 1064
695 1471
696 710
696 712
696 716
696 732
696 814
696 821
696 983
696 1028
696 1105
696 1121
696 1176
696 1592
696 1731
696 1944
696 1996
697 743
697 744
697 749
697 760
697 764
697 1092
697 1235
697 1244
697 1264
697 1384
697 1449
697 1490
697 1514
697 1833
697 1925
697 1977
697 1998
698 704
698 705
698 712
698 722
698 742
698 768
698 1024
698 1262
698 1349
698 1369
698 1554
698 1704
698 1764
698 1854
698 1870
698 1886
699 701
699 704
699 705
699 707
699 709
699 716
699 724
699 737
699 780
699 813
699 816
699 877
699 1037
699 1290
699 1429
699 1645
699 1807
699 1977
700 704
700 721
700 724
700 729
700 731
700 733
700 772
700 981
700 1218
700 1320
700 1541
700 1660
700 1666
700 1752
700 1755
700 1873
700 1927
700 1945
700 1982
701 719
701 737
701 747
701 802
701 817
701 821
701 867
701 949
701 1389
701 1540
701 1588
701 1640
701 1666
701 1668
701 1764
702 725
702 746
702 874
702 1054
702 1075
702 1273
702 1341
702 1428
702 1530
703 707
703 717
703 740
703 743
703 806
703 955
703 1523
703 1670
703 1751
703 1759
703 1776
703 1815
703 1916
703 1953
704 710
704 715
704 725
704 745
704 814
704 951
704 1183
704 1300
704 1417
704 1486
704 1518
704 2005
705 706
705 712
705 727
705 731
705 736
705 749
705 1049
705 1117
705 1133
705 1364
705 1370
705 1761
705 1952
706 715
706 719
706 720
706 723
706 726
706 730
706 735
706 737
706 745
706 794
706 1008
706 1418
706 1483
706 1680
706 2001
707 720
707 726
707 728
707 774
707 892
707 937
707 1151
707 1221
707 1267
707 1493
707 1662
707 1728
707 1762
707 1833
707 1879
708 731
708 762
708 918
708 1083
708 1111
708 1234
708 1558
708 1673
708 1858
709 710
709 724
709 726
709 730
709 763
709 816
709 852
709 904
709 1209
709 1466
709 1562
709 1575
709 1578
709 1658
709 1891
710 731
710 734
710 740
710 743
710 748
710 749
710 920
710 1030
710 1035
710 1288
710 1368
710 1470
710 1478
710 1682
710 1787
710 1866
710 1910
711 724
711 726
711 729
711 740
711 963
711 1138
711 1156
711 1259
711 1382
711 1386
711 1724
711 1911
711 1965
711 2004
712 717
712 731
712 878
712 893
712 903
712 1210
712 1229
712 1279
712 1287
712 1314
712 1387
712 1388
712 1460
712 1558
712 1602
712 1611
712 1657
712 1713
712 1887
712 1988
713 726
713 730
713 733
713 779
713 927
713 939
713 1058
713 1134
713 1172
713 1229
713 1233
713 1548
713 1807
713 1945
714 717
714 720
714 725
714 983
714 1013
714 1029
714 1407
714 1519
714 1667
714 1897
714 1901
714 1949
715 717
715 723
715 736
715 747
715 928
715 1070
715 1116
715 1165
715 1358
715 1537
715 1634
715 1764
716 736
716 747
716 749
716 834
716 909
716 926
716 996
716 1006
716 1152
716 1222
716 1376
716 1381
716 1391
716 1481
716 1483
716 1779
716 1861
717 719
717 826
717 837
717 1277
717 1314
717 1356
717 1415
717 1442
717 1567
717 1836
717 1844
717 1981
718 726
718 733
718 739
718 740
718 787
718 921
718 1052
718 1085
718 1087
718 1153
718 1171
718 1348
718 1405
718 1408
718 1530
718 1816
718 1843
718 1905
719 725
719 746
719 764
719 1040
719 1106
719 1122
719 1129
719 1158
719 1167
719 1332
719 1430
719 1621
719 1645
719 1736
719 1817
719 1954
719 1963
720 724
720 737
720 740
720 746
720 949
720 958
720 1004
720 1187
720 1239
720 1389
720 1501
720 1597
720 1656
720 1705
721 729
721 732
721 745
721 841
721 945
721 1274
721 1295
721 1487
721 1509
721 1528
721 1839
721 1947
722 732
722 742
722 745
722 1178
722 1243
722 1285
722 1498
722 1508
722 1582
723 748
723 751
723 815
723 828
723 1410
723 1554
723 1591
723 1650
723 1747
723 1921
724 729
724 951
724 973
724 1215
724 1330
724 1562
724 1619
724 1724
724 1731
724 1762
724 1874
724 1964
724 2000
725 733
725 741
725 749
725 924
725 1169
725 1332
725 1392
725 1558
725 1567
725 1626
725 1636
725 1769
725 1917
725 1948
726 728
726 733
726 738
726 740
726 742
726 748
726 945
726 967
726 1004
726 1143
726 1292
726 1350
726 1675
726 1839
727 739
727 749
727 950
727 1079
727 1231
727 1365
727 1373
727 1431
727 1535
727 1812
727 1876
728 730
728 901
728 1055
728 1136
728 1263
728 1456
728 1650
728 1815
728 1823
728 1913
729 733
729 741
729 821
729 950
729 996
729 1115
729 1120
729 1173
729 1199
729 1234
729 1281
729 1325
729 1552
729 1952
730 741
730 742
730 859
730 957
730 988
730 1293
730 1346
730 1514
730 1583
730 1744
730 1856
731 746
731 999
731 1171
731 1326
731 1333
731 1568
732 738
732 740
732 921
732 933
732 1174
732 1247
732 1733
732 1806
732 1990
733 798
733 982
733 1051
733 1062
733 1084
733 1347
733 1490
733 1562
733 1768
733 1874
733 1905
733 2006
734 741
734 748
734 771
734 891
734 1346
734 1355
734 1588
734 1815
734 1917
734 1935
735 748
735 1012
735 1058
735 1240
735 1291
735 1440
735 1474
735 1505
735 1650
735 1949
736 741
736 1042
736 1237
736 1278
736 1284
736 1498
736 1724
736 1764
736 1784
736 1785
736 1837
736 1923
736 1934
737 744
737 760
737 770
737 797
737 910
737 1034
737 1095
737 1196
737 1388
737 1507
737 1668
737 1801
737 1844
737 1860
737 2004
738 747
738 892
738 1016
738 1151
738 1178
738 1184
738 1359
738 1448
738 1608
738 1681
738 1836
739 743
739 748
739 963
739 1157
739 1197
739 1236
739 1373
739 1419
739 1507
739 1612
739 1677
739 1771
739 1777
740 747
740 1062
740 1158
740 1189
740 1294
740 1325
740 1348
740 1390
740 1553
740 1619
740 1641
740 1748
740 1790
740 1980
740 1990
741 742
741 794
741 1169
741 1415
741 1496
741 1596
741 1696
741 1701
741 1784
741 1933
742 758
742 926
742 1000
742 1253
742 1546
742 1767
743 746
743 900
743 1132
743 1141
743 1243
743 1416
743 1510
743 1542
743 1579
743 1714
743 1754
743 1830
744 822
744 923
744 1029
744 1260
744 1473
744 1820
744 1844
745 762
745 874
745 1036
745 1080
745 1135
745 1455
745 1493
745 1549
745 1651
745 1697
745 1740
745 1771
745 1863
746 749
746 963
746 1350
746 1389
746 1422
746 1471
746 1612
746 1699
746 1792
746 1853
746 1911
747 822
747 995
747 1112
747 1113
747 1174
747 1280
747 1510
747 1530
747 1921
747 1937
748 762
748 790
748 792
748 955
748 1083
748 1211
748 1284
748 1286
748 1299
748 1358
748 1445
748 1531
748 1600
748 1634
748 1899
749 1034
749 1073
749 1102
749 1162
749 1231
749 1549
749 1626
749 1852
749 1913
749 1972
750 756
750 762
750 777
750 782
750 803
750 805
750 829
750 834
750 843
750 847
750 856
750 859
750 873
750 878
750 889
750 896
750 920
750 934
750 938
750 942
750 944
750 995
750 1019
750 1279
750 1385
750 1439
750 1631
750 1730
750 1774
750 1843
750 1883
750 1967
750 1979
750 1997
751 758
751 787
751 789
751 801
751 802
751 813
751 823
751 862
751 864
751 882
751 888
751 891
751 897
751 905
751 906
751 914
751 928
751 961
751 968
751 973
751 983
751 986
751 1096
751 1152
751 1405
751 1611
751 1884
752 755
752 762
752 764
752 765
752 768
752 778
752 780
752 798
752 810
752 817
752 822
752 823
752 831
752 832
752 839
752 863
752 865
752 876
752 877
752 884
752 895
752 919
752 922
752 941
752 946
752 950
752 973
752 982
752 995
752 1160
752 1275
752 1372
752 1570
752 1582
752 1712
752 1754
752 1885
752 1927
752 1989
753 778
753 788
753 795
753 815
753 857
753 868
753 877
753 880
753 913
753 915
753 916
753 919
753 937
753 953
753 964
753 969
753 981
753 985
753 1170
753 1471
753 1534
753 1687
753 1704
753 1742
753 1752
753 1818
753 1837
753 1861
753 1922
753 1962
754 755
754 757
754 772
754 780
754 784
754 786
754 791
754 794
754 809
754 812
754 827
754 828
754 841
754 842
754 844
754 849
754 870
754 871
754 877
754 881
754 886
754 897
754 922
754 937
754 942
754 951
754 987
754 988
754 1049
754 1112
754 1234
754 1237
754 1343
754 1362
754 1498
754 1615
754 1618
754 1625
755 772
755 773
755 777
755 782
755 810
755 845
755 846
755 856
755 858
755 859
755 869
755 885
755 897
755 902
755 905
755 914
755 917
755 921
755 926
755 931
755 934
755 936
755 946
755 953
755 958
755 960
755 962
755 983
755 986
755 988
755 994
755 997
755 1361
755 1412
755 1443
755 1636
755 1713
755 1936
755 1942
756 758
756 769
756 805
756 807
756 817
756 822
756 830
756 840
756 848
756 874
756 889
756 891
756 896
756 914
756 923
756 931
756 933
756 939
756 943
756 950
756 955
756 957
756 986
756 996
756 998
756 1190
756 1448
756 1537
756 1553
756 1789
756 1918
756 1962
756 1983
757 771
757 778
757 796
757 805
757 807
757 823
757 836
757 838
757 841
757 843
757 847
757 871
757 881
757 888
757 891
757 924
757 930
757 933
757 954
757 957
757 988
757 998
757 1113
757 1140
757 1345
757 1366
757 1497
757 1626
757 1689
757 1700
757 1742
757 1759
757 1900
758 770
758 790
758 797
758 799
758 803
758 815
758 817
758 818
758 821
758 824
758 843
758 850
758 855
758 872
758 883
758 895
758 906
758 907
758 938
758 947
758 949
758 950
758 956
758 966
758 986
758 987
758 1196
758 1357
758 1365
758 1539
758 1667
758 1777
758 1860
758 1899
759 770
759 779
759 781
759 788
759 800
759 813
759 860
759 867
759 870
759 879
759 883
759 891
759 902
759 912
759 924
759 933
759 935
759 948
759 960
759 965
759 984
759 1064
759 1324
759 1371
759 1379
759 1548
759 1570
759 1624
759 1685
759 1809
759 1835
760 761
760 798
760 825
760 843
760 862
760 865
760 886
760 896
760 902
760 917
760 924
760 929
760 944
760 950
760 984
760 987
760 997
760 1069
760 1095
760 1104
760 1107
760 1285
760 1541
760 1555
760 1690
760 1761
760 1896
761 768
761 804
761 827
761 830
761 844
761 846
761 852
761 861
761 866
761 868
761 870
761 889
761 915
761 916
761 917
761 919
761 920
761 922
761 930
761 931
761 941
761 965
761 967
761 970
761 975
761 979
761 980
761 982
761 994
761 1095
761 1197
761 1361
761 1365
762 768
762 773
762 775
762 781
762 789
762 805
762 827
762 832
762 839
762 840
762 849
762 863
762 887
762 892
762 899
762 926
762 939
762 948
762 950
762 959
762 967
762 974
762 979
762 988
762 1041
762 1051
762 1418
762 1442
762 1693
762 1703
762 1989
763 781
763 802
763 805
763 806
763 812
763 818
763 823
763 834
763 838
763 839
763 841
763 842
763 845
763 852
763 853
763 883
763 888
763 892
763 894
763 899
763 907
763 929
763 943
763 975
763 984
763 1168
763 1462
763 1475
763 1839
763 1997
764 773
764 780
764 782
764 790
764 795
764 819
764 822
764 823
764 825
764 827
764 829
764 836
764 837
764 838
764 840
764 861
764 862
764 866
764 868
764 884
764 890
764 904
764 916
764 929
764 934
764 964
764 965
764 969
764 978
764 987
764 1039
764 1149
764 1207
764 1842
764 1961
764 1964
765 786
765 791
765 793
765 834
765 838
765 843
765 850
765 851
765 857
765 860
765 865
765 866
765 896
765 914
765 931
765 963
765 994
765 1427
765 1464
765 1711
765 1731
765 1766
765 1949
765 1954
765 1964
766 769
766 772
766 780
766 786
766 796
766 808
766 828
766 832
766 841
766 842
766 864
766 867
766 877
766 905
766 923
766 930
766 943
766 946
766 975
766 996
766 1170
766 1267
766 1395
766 1414
766 1493
766 1538
766 1575
766 1749
766 1796
766 1846
767 775
767 776
767 779
767 782
767 797
767 804
767 808
767 816
767 823
767 838
767 853
767 867
767 872
767 878
767 881
767 883
767 886
767 891
767 919
767 926
767 930
767 942
767 956
767 983
767 988
767 990
767 993
767 994
767 999
767 1148
767 1288
767 1306
767 1378
767 1579
767 1707
768 770
768 786
768 801
768 807
768 813
768 816
768 820
768 831
768 841
768 855
768 861
768 868
768 872
768 881
768 893
768 911
768 912
768 920
768 923
768 926
768 928
768 934
768 946
768 953
768 958
768 961
768 965
768 979
768 993
768 1001
768 1238
768 1372
768 1480
768 1629
768 1840
768 1939
768 2005
769 777
769 781
769 786
769 803
769 807
769 808
769 815
769 818
769 822
769 831
769 834
769 838
769 842
769 879
769 900
769 918
769 945
769 946
769 947
769 958
769 972
769 1044
769 1127
769 1215
769 1397
769 1463
769 1500
769 1550
769 1599
769 1731
769 1810
770 771
770 789
770 797
770 803
770 820
770 847
770 863
770 871
770 874
770 875
770 880
770 882
770 885
770 906
770 915
770 923
770 942
770 945
770 958
770 960
770 964
770 979
770 981
770 1087
770 1475
770 1721
770 1836
771 772
771 774
771 776
771 787
771 798
771 805
771 808
771 811
771 812
771 823
771 837
771 838
771 839
771 840
771 841
771 845
771 851
771 891
771 893
771 897
771 900
771 901
771 905
771 913
771 916
771 928
771 947
771 948
771 950
771 953
771 954
771 984
771 988
771 1049
771 1531
771 1575
771 1693
772 780
772 782
772 786
772 795
772 801
772 817
772 823
772 826
772 828
772 833
772 849
772 852
772 857
772 868
772 869
772 876
772 893
772 919
772 921
772 939
772 953
772 955
772 960
772 974
772 980
772 982
772 993
772 994
772 996
772 1176
772 1321
772 1408
772 1745
772 1879
772 1908
773 778
773 786
773 802
773 811
773 813
773 816
773 826
773 831
773 840
773 841
773 848
773 873
773 896
773 908
773 919
773 925
773 954
773 955
773 961
773 983
773 990
773 993
773 1016
773 1027
773 1291
773 1317
773 1502
773 1534
773 1629
773 1728
773 1765
773 1787
774 782
774 802
774 807
774 808
774 816
774 826
774 827
774 830
774 836
774 841
774 858
774 887
774 895
774 902
774 908
774 910
774 930
774 940
774 962
774 968
774 971
774 977
774 987
774 993
774 1094
774 1304
774 1377
774 1406
774 1445
774 1711
774 1746
774 1848
774 1946
774 1991
774 1999
775 778
775 781
775 790
775 793
775 800
775 823
775 836
775 841
775 850
775 856
775 870
775 875
775 886
775 905
775 910
775 918
775 920
775 926
775 927
775 941
775 952
775 957
775 958
775 961
775 990
775 993
775 997
775 1056
775 1228
775 1259
775 1603
775 1737
775 1889
776 806
776 818
776 821
776 830
776 841
776 857
776 869
776 871
776 873
776 875
776 878
776 883
776 909
776 913
776 915
776 922
776 925
776 931
776 940
776 944
776 946
776 977
776 983
776 985
776 1077
776 1335
776 1374
776 1388
776 1417
776 1423
776 1466
776 1735
776 1832
776 1893
776 1944
776 1972
777 802
777 817
777 832
777 841
777 853
777 861
777 873
777 879
777 880
777 891
777 929
777 939
777 946
777 951
777 970
777 973
777 993
777 1031
777 1135
777 1299
777 1413
777 1427
777 1479
777 1480
777 1556
777 1839
778 785
778 799
778 801
778 805
778 811
778 835
778 874
778 886
778 889
778 895
778 902
778 906
778 925
778 934
778 947
778 957
778 974
778 978
778 981
778 986
778 1049
778 1316
778 1570
778 1960
778 1977
778 1987
779 788
779 791
779 794
779 798
779 805
779 806
779 807
779 819
779 831
779 835
779 847
779 857
779 862
779 871
779 874
779 905
779 907
779 925
779 935
779 944
779 960
779 964
779 968
779 971
779 989
779 999
779 1101
779 1167
779 1174
779 1376
779 1462
780 806
780 812
780 813
780 819
780 837
780 853
780 858
780 861
780 870
780 871
780 882
780 895
780 905
780 906
780 938
780 940
780 943
780 959
780 962
780 982
780 988
780 993
780 1024
780 1031
780 1238
780 1320
780 1387
780 1539
780 1546
780 1714
780 1722
780 1757
780 1814
781 788
781 806
781 808
781 810
781 811
781 826
781 829
781 838
781 841
781 862
781 870
781 885
781 886
781 904
781 909
781 914
781 916
781 917
781 936
781 938
781 948
781 970
781 975
781 978
781 980
781 1069
781 1088
781 1189
781 1226
781 1291
781 1302
781 1457
781 1613
781 1837
781 1949
781 1974
782 783
782 799
782 802
782 805
782 810
782 819
782 821
782 827
782 828
782 836
782 839
782 854
782 855
782 865
782 870
782 889
782 905
782 919
782 929
782 934
782 948
782 954
782 962
782 971
782 983
782 997
782 998
782 1020
782 1853
782 1893
782 1941
782 1946
783 788
783 801
783 804
783 809
783 815
783 829
783 841
783 855
783 859
783 866
783 878
783 946
783 949
783 953
783 954
783 965
783 988
783 995
783 998
783 1178
783 1221
783 1305
783 1725
783 1889
783 1942
784 786
784 790
784 795
784 813
784 821
784 839
784 845
784 846
784 847
784 875
784 883
784 884
784 913
784 918
784 920
784 927
784 954
784 956
784 957
784 963
784 973
784 985
784 995
784 1249
784 1653
784 1714
784 1771
784 1775
784 1797
784 1858
784 1863
784 1964
784 1991
785 797
785 829
785 830
785 856
785 858
785 859
785 865
785 884
785 885
785 888
785 907
785 917
785 938
785 939
785 956
785 970
785 975
785 990
785 991
785 992
785 996
785 1014
785 1031
785 1151
785 1193
785 1537
785 1541
785 1586
785 1662
785 1713
785 1838
786 787
786 794
786 815
786 818
786 819
786 831
786 851
786 855
786 867
786 874
786 888
786 917
786 924
786 929
786 943
786 956
786 965
786 975
786 977
786 980
786 982
786 985
786 1026
786 1032
786 1079
786 1595
786 1597
786 1603
786 1851
786 2001
787 789
787 802
787 810
787 838
787 842
787 845
787 853
787 856
787 868
787 872
787 880
787 892
787 909
787 924
787 940
787 955
787 956
787 958
787 959
787 980
787 1033
787 1120
787 1243
787 1325
787 1391
787 1427
787 1713
787 1779
787 1798
788 798
788 799
788 805
788 814
788 815
788 831
788 836
788 852
788 853
788 869
788 876
788 879
788 880
788 889
788 891
788 899
788 908
788 913
788 938
788 967
788 986
788 1169
788 1320
788 1382
788 1512
788 1682
788 2005
789 799
789 800
789 805
789 807
789 808
789 822
789 830
789 837
789 847
789 875
789 885
789 888
789 911
789 918
789 924
789 944
789 959
789 986
789 993
789 1031
789 1073
789 1254
789 1291
789 1457
789 1500
789 1824
789 1858
789 1958
790 791
790 819
790 826
790 838
790 850
790 851
790 860
790 881
790 894
790 937
790 938
790 940
790 944
790 950
790 956
790 964
790 979
790 982
790 984
790 1066
790 1257
790 1258
790 1277
790 1558
790 1584
790 1757
791 845
791 852
791 875
791 880
791 893
791 900
791 922
791 928
791 946
791 960
791 978
791 999
791 1011
791 1167
791 1311
791 1412
791 1428
791 1568
791 1730
791 1866
791 1879
791 1898
792 795
792 803
792 807
792 816
792 818
792 833
792 838
792 845
792 863
792 884
792 885
792 895
792 917
792 940
792 945
792 950
792 955
792 971
792 978
792 988
792 1143
792 1360
792 1392
792 1422
792 1564
792 1619
792 1816
793 800
793 801
793 809
793 813
793 816
793 820
793 828
793 847
793 856
793 901
793 903
793 906
793 913
793 915
793 943
793 959
793 961
793 963
793 984
793 991
793 994
793 1011
793 1017
793 1084
793 1281
793 1313
793 1476
793 1490
793 1599
793 1734
793 1792
793 1892
793 1895
794 799
794 828
794 837
794 839
794 843
794 852
794 855
794 856
794 858
794 860
794 866
794 875
794 890
794 915
794 918
794 922
794 926
794 946
794 958
794 961
794 978
794 987
794 1092
794 1155
794 1199
794 1321
794 1555
794 2004
795 804
795 813
795 815
795 826
795 828
795 837
795 842
795 844
795 845
795 846
795 848
795 858
795 860
795 865
795 866
795 871
795 878
795 896
795 905
795 921
795 924
795 935
795 936
795 960
795 963
795 974
795 988
795 1134
795 1339
795 1673
795 1960
796 800
796 805
796 808
796 810
796 817
796 840
796 850
796 858
796 863
796 874
796 889
796 900
796 904
796 922
796 923
796 942
796 954
796 966
796 968
796 980
796 989
796 994
796 1094
796 1097
796 1821
796 1852
797 801
797 805
797 810
797 816
797 845
797 851
797 852
797 865
797 866
797 871
797 872
797 896
797 931
797 935
797 939
797 951
797 958
797 978
797 986
797 1096
797 1114
797 1184
797 1212
797 1436
797 1641
797 1812
797 1960
797 1973
798 799
798 801
798 804
798 806
798 837
798 851
798 853
798 857
798 859
798 893
798 900
798 906
798 915
798 937
798 939
798 949
798 964
798 984
798 989
798 997
798 1018
798 1027
798 1161
798 1188
798 1452
798 1494
798 1687
798 1809
798 1811
798 1878
799 811
799 814
799 817
799 819
799 830
799 848
799 852
799 869
799 892
799 903
799 905
799 910
799 923
799 940
799 942
799 957
799 961
799 965
799 977
799 987
799 990
799 991
799 992
799 997
799 998
799 999
799 1078
799 1128
799 1132
799 1135
799 1286
799 1311
799 1383
799 1502
799 1575
799 1591
799 1595
799 1919
799 1944
800 811
800 813
800 817
800 824
800 826
800 844
800 854
800 863
800 881
800 886
800 887
800 889
800 898
800 901
800 911
800 918
800 930
800 943
800 970
800 990
800 991
800 997
800 998
800 1016
800 1071
800 1411
800 1440
800 1711
800 1732
801 804
801 808
801 813
801 815
801 819
801 859
801 867
801 869
801 892
801 895
801 905
801 921
801 927
801 933
801 935
801 948
801 956
801 966
801 989
801 995
801 996
801 1357
801 1386
801 1543
801 1586
801 1614
801 1727
801 1806
801 1865
802 806
802 818
802 821
802 824
802 834
802 839
802 840
802 847
802 851
802 853
802 875
802 884
802 894
802 903
802 905
802 921
802 927
802 934
802 944
802 948
802 957
802 967
802 968
802 972
802 978
802 979
802 992
802 994
802 1057
802 1125
802 1165
802 1170
802 1234
802 1428
802 1445
802 1635
802 1770
802 1804
802 1825
802 1858
803 804
803 839
803 844
803 845
803 851
803 853
803 859
803 863
803 866
803 872
803 895
803 896
803 897
803 901
803 903
803 904
803 913
803 914
803 919
803 923
803 925
803 929
803 930
803 938
803 945
803 948
803 951
803 956
803 964
803 974
803 986
803 1049
803 1160
803 1233
803 1343
803 1385
803 1392
803 1708
803 1854
804 827
804 834
804 838
804 839
804 852
804 854
804 861
804 863
804 882
804 885
804 886
804 898
804 909
804 919
804 939
804 947
804 952
804 959
804 967
804 975
804 976
804 978
804 990
804 993
804 1093
804 1174
804 1320
804 1599
804 1653
805 833
805 840
805 844
805 870
805 886
805 893
805 894
805 903
805 913
805 917
805 923
805 926
805 927
805 945
805 961
805 967
805 970
805 974
805 976
805 981
805 1141
805 1180
805 1290
805 1330
805 1551
805 1625
805 1658
805 1707
805 1928
806 815
806 819
806 834
806 837
806 867
806 871
806 885
806 888
806 895
806 897
806 899
806 903
806 952
806 958
806 966
806 979
806 982
806 986
806 995
806 999
806 1083
806 1236
806 1237
806 1312
806 1331
806 1365
806 1595
806 1603
806 1769
806 1911
807 821
807 833
807 850
807 869
807 873
807 891
807 893
807 906
807 907
807 909
807 924
807 935
807 947
807 948
807 950
807 963
807 969
807 985
807 987
807 997
807 999
807 1015
807 1032
807 1034
807 1096
807 1603
807 1757
807 1946
808 824
808 827
808 847
808 859
808 860
808 861
808 873
808 874
808 877
808 882
808 888
808 899
808 903
808 911
808 918
808 930
808 931
808 968
808 989
808 990
808 996
808 1033
808 1061
808 1092
808 1161
808 1296
808 1320
808 1584
808 1750
808 1976
809 819
809 823
809 826
809 834
809 841
809 846
809 848
809 855
809 867
809 878
809 885
809 894
809 910
809 932
809 933
809 938
809 942
809 949
809 954
809 961
809 970
809 973
809 1083
809 1555
809 1605
809 1636
809 1667
809 1686
809 1808
809 1993
810 816
810 835
810 851
810 852
810 868
810 884
810 891
810 895
810 902
810 903
810 904
810 921
810 931
810 944
810 966
810 976
810 983
810 988
810 991
810 993
810 994
810 1253
810 1322
810 1605
810 1620
810 1623
810 1702
810 1732
810 1858
810 1932
811 816
811 821
811 827
811 830
811 854
811 872
811 881
811 887
811 907
811 908
811 925
811 956
811 959
811 966
811 968
811 977
811 978
811 1112
811 1216
811 1276
811 1279
811 1298
811 1368
811 1646
811 1806
812 818
812 830
812 834
812 845
812 847
812 860
812 863
812 897
812 899
812 906
812 918
812 927
812 957
812 966
812 988
812 1030
812 1083
812 1121
812 1255
812 1268
812 1518
812 1664
812 1725
812 1777
812 1789
812 1943
812 1963
813 815
813 821
813 825
813 839
813 840
813 841
813 843
813 850
813 871
813 880
813 887
813 911
813 912
813 930
813 933
813 973
813 981
813 993
813 1281
813 1282
813 1399
813 1740
813 1898
813 1967
813 2001
814 822
814 830
814 851
814 853
814 858
814 862
814 865
814 875
814 884
814 885
814 894
814 897
814 905
814 929
814 942
814 948
814 957
814 959
814 975
814 995
814 999
814 1449
814 1454
814 1471
814 1657
814 1770
814 1908
815 817
815 840
815 843
815 846
815 855
815 865
815 880
815 886
815 891
815 913
815 914
815 921
815 925
815 936
815 938
815 940
815 949
815 953
815 987
815 1013
815 1049
815 1065
815 1084
815 1108
815 1331
815 1434
815 1503
815 1629
815 1731
815 1766
815 1881
816 820
816 821
816 830
816 833
816 835
816 840
816 849
816 857
816 860
816 866
816 876
816 877
816 883
816 885
816 903
816 918
816 965
816 978
816 1015
816 1026
816 1081
816 1144
816 1339
816 1361
816 1414
816 1478
816 1582
816 1632
816 2000
817 837
817 843
817 864
817 887
817 917
817 924
817 934
817 943
817 969
817 974
817 980
817 983
817 1037
817 1188
817 1341
817 1390
817 1404
817 1534
817 1960
818 826
818 827
818 829
818 848
818 858
818 862
818 865
818 875
818 879
818 885
818 888
818 899
818 907
818 909
818 941
818 949
818 954
818 959
818 1028
818 1245
818 1289
818 1326
818 1518
818 1571
818 1830
818 1848
818 2002
819 824
819 827
819 843
819 855
819 859
819 863
819 877
819 880
819 886
819 888
819 890
819 899
819 908
819 911
819 915
819 926
819 927
819 941
819 944
819 952
819 975
819 998
819 1043
819 1064
819 1163
819 1375
819 1822
819 1857
819 1909
820 830
820 834
820 836
820 837
820 846
820 870
820 881
820 886
820 888
820 894
820 900
820 904
820 918
820 943
820 948
820 998
820 999
820 1207
820 1245
820 1268
820 1321
820 1326
820 1512
820 1518
820 1628
820 1691
820 1721
820 1995
821 824
821 836
821 845
821 856
821 859
821 863
821 877
821 883
821 912
821 925
821 928
821 929
821 935
821 939
821 951
821 954
821 957
821 962
821 977
821 993
821 998
821 1006
821 1083
821 1219
821 1298
821 1325
821 1556
821 1627
821 1632
821 1876
821 1984
822 833
822 835
822 841
822 846
822 853
822 869
822 870
822 884
822 890
822 894
822 909
822 923
822 931
822 938
822 963
822 964
822 968
822 978
822 979
822 1070
822 1161
822 1249
822 1369
822 1494
822 1659
822 1677
822 1749
822 1751
822 1989
823 833
823 838
823 842
823 846
823 854
823 871
823 874
823 877
823 879
823 884
823 887
823 906
823 916
823 923
823 925
823 926
823 933
823 935
823 949
823 954
823 970
823 975
823 976
823 978
823 991
823 1045
823 1087
823 1213
823 1688
823 2003
824 825
824 854
824 855
824 859
824 863
824 873
824 900
824 939
824 953
824 960
824 963
824 979
824 989
824 997
824 1073
824 1149
824 1279
824 1288
824 1328
824 1449
824 1490
824 1529
824 1586
824 1682
824 1683
824 1766
824 1801
825 832
825 839
825 851
825 860
825 862
825 876
825 877
825 880
825 901
825 913
825 940
825 953
825 970
825 985
825 987
825 992
825 1060
825 1431
825 1730
825 1868
825 1975
826 828
826 838
826 840
826 847
826 860
826 862
826 868
826 870
826 871
826 875
826 883
826 891
826 899
826 902
826 918
826 921
826 936
826 946
826 953
826 964
826 968
826 983
826 984
826 987
826 989
826 996
826 1004
826 1026
826 1085
826 1134
826 1170
826 1349
826 1535
826 1627
826 1737
826 1862
826 2000
827 847
827 864
827 871
827 873
827 892
827 902
827 915
827 928
827 945
827 949
827 961
827 969
827 976
827 978
827 990
827 994
827 1004
827 1058
827 1161
827 1250
827 1322
827 1324
827 1457
827 1960
828 834
828 835
828 843
828 851
828 875
828 876
828 878
828 884
828 891
828 902
828 907
828 924
828 929
828 948
828 950
828 966
828 972
828 982
828 984
828 1146
828 1325
828 1344
828 1615
829 839
829 847
829 861
829 863
829 865
829 876
829 883
829 897
829 917
829 947
829 948
829 954
829 959
829 973
829 975
829 984
829 1017
829 1054
829 1092
829 1864
830 853
830 854
830 859
830 862
830 877
830 879
830 880
830 885
830 895
830 900
830 905
830 908
830 909
830 910
830 912
830 920
830 922
830 924
830 942
830 947
830 952
830 975
830 987
830 994
830 996
830 1208
830 1214
830 1597
830 1822
831 838
831 845
831 847
831 852
831 854
831 857
831 867
831 870
831 872
831 881
831 885
831 896
831 897
831 910
831 930
831 931
831 935
831 938
831 939
831 941
831 961
831 971
831 974
831 985
831 986
831 987
831 1016
831 1043
831 1054
831 1226
831 1431
831 1733
831 1881
831 1949
832 837
832 846
832 848
832 850
832 863
832 868
832 869
832 871
832 892
832 893
832 897
832 899
832 904
832 921
832 931
832 953
832 962
832 972
832 983
832 987
832 1227
832 1252
832 1392
832 1442
832 1531
832 1532
832 1626
832 1668
832 1670
832 1703
832 1783
832 1833
832 1849
832 1914
832 1930
832 1953
833 853
833 860
833 866
833 877
833 881
833 891
833 900
833 906
833 908
833 916
833 919
833 929
833 930
833 936
833 952
833 954
833 996
833 1168
833 1394
833 1533
833 1605
833 1651
834 837
834 848
834 877
834 889
834 893
834 895
834 897
834 905
834 911
834 921
834 924
834 926
834 928
834 936
834 937
834 945
834 952
834 996
834 1074
834 1353
834 1443
834 1732
834 1741
834 1779
834 1786
834 1812
834 1846
835 843
835 846
835 849
835 856
835 865
835 870
835 895
835 897
835 909
835 932
835 941
835 948
835 955
835 958
835 961
835 964
835 967
835 972
835 975
835 977
835 986
835 1027
835 1251
835 1462
835 1464
835 1526
835 1599
835 1783
835 1914
835 1966
836 843
836 845
836 850
836 878
836 913
836 914
836 919
836 929
836 936
836 938
836 939
836 948
836 964
836 976
836 979
836 980
836 983
836 1232
836 1357
836 1416
836 1463
836 1576
836 1656
836 1758
836 1930
836 1935
836 1951
836 2003
837 854
837 858
837 860
837 899
837 919
837 921
837 925
837 931
837 950
837 954
837 969
837 974
837 977
837 989
837 990
837 1368
837 1638
838 852
838 858
838 864
838 876
838 883
838 886
838 893
838 902
838 903
838 918
838 925
838 932
838 939
838 952
838 961
838 975
838 983
838 986
838 996
838 1101
838 1105
838 1203
838 1401
838 1736
838 1745
838 1812
838 1976
839 840
839 845
839 846
839 861
839 887
839 890
839 904
839 905
839 908
839 915
839 917
839 929
839 935
839 942
839 947
839 952
839 955
839 959
839 977
839 982
839 990
839 995
839 1114
839 1134
839 1195
839 1280
839 1358
839 1758
840 842
840 850
840 859
840 877
840 887
840 904
840 905
840 912
840 915
840 918
840 936
840 940
840 950
840 954
840 974
840 979
840 993
840 1093
840 1261
840 1273
840 1325
840 1502
840 1572
840 1774
841 858
841 865
841 867
841 885
841 889
841 905
841 910
841 939
841 941
841 946
841 951
841 952
841 958
841 960
841 961
841 977
841 982
841 988
841 994
841 1099
841 1217
841 1225
841 1309
841 1349
841 1628
841 1851
841 1863
842 852
842 856
842 859
842 862
842 879
842 884
842 890
842 899
842 916
842 917
842 920
842 929
842 932
842 935
842 937
842 941
842 950
842 951
842 960
842 962
842 965
842 973
842 975
842 986
842 988
842 993
842 1004
842 1094
842 1250
842 1334
842 1336
842 1397
842 1501
842 1650
842 1706
842 1745
842 1840
842 1933
842 2000
843 853
843 857
843 860
843 867
843 876
843 880
843 897
843 906
843 908
843 917
843 919
843 922
843 924
843 926
843 943
843 959
843 971
843 989
843 993
843 1116
843 1168
843 1185
843 1447
843 1629
843 1920
843 1942
844 849
844 861
844 865
844 866
844 867
844 868
844 871
844 873
844 875
844 876
844 889
844 893
844 896
844 898
844 901
844 916
844 922
844 923
844 924
844 935
844 952
844 977
844 978
844 994
844 995
844 1292
844 1317
844 1364
844 1405
844 1515
844 1651
844 1734
844 1853
845 847
845 871
845 874
845 893
845 905
845 922
845 928
845 943
845 958
845 982
845 995
845 1063
845 1155
845 1452
845 1463
845 1567
845 1595
845 1713
845 1771
845 1854
845 1861
845 1982
846 860
846 866
846 870
846 872
846 885
846 908
846 922
846 926
846 947
846 949
846 960
846 962
846 976
846 985
846 987
846 998
846 1135
846 1184
846 1190
846 1207
846 1219
846 1269
846 1455
846 1478
846 1534
846 1549
846 1554
846 1588
846 1624
846 1636
846 1640
846 1972
847 855
847 870
847 871
847 876
847 894
847 903
847 906
847 918
847 941
847 964
847 965
847 970
847 980
847 1106
847 1212
847 1248
847 1330
847 1427
847 1533
847 1808
847 1976
847 1983
848 862
848 885
848 895
848 904
848 905
848 925
848 927
848 937
848 952
848 988
848 989
848 1033
848 1254
848 1435
848 1609
848 1760
848 1813
848 1886
848 1971
849 858
849 873
849 880
849 890
849 903
849 916
849 937
849 950
849 970
849 992
849 994
849 1041
849 1133
849 1179
849 1203
849 1300
849 1354
849 1440
849 1824
850 852
850 856
850 890
850 893
850 899
850 900
850 909
850 923
850 926
850 929
850 937
850 960
850 965
850 988
850 992
850 997
850 999
850 1649
850 1652
850 1753
850 1826
851 853
851 861
851 877
851 879
851 897
851 938
851 940
851 951
851 973
851 990
851 1064
851 1296
851 1458
851 1521
851 1592
851 1956
852 870
852 878
852 880
852 882
852 888
852 907
852 911
852 912
852 914
852 921
852 926
852 934
852 938
852 947
852 953
852 956
852 970
852 999
852 1102
852 1366
852 1412
852 1486
852 1565
852 1608
852 1681
852 1761
852 1813
852 1850
852 1916
853 880
853 905
853 921
853 927
853 929
853 935
853 939
853 944
853 946
853 956
853 964
853 968
853 969
853 977
853 979
853 993
853 1145
853 1179
853 1226
853 1279
853 1294
853 1444
853 1577
853 1597
853 1717
853 1827
853 1850
854 855
854 857
854 885
854 886
854 901
854 902
854 930
854 953
854 963
854 974
854 999
854 1185
854 1316
854 1335
854 1590
854 1597
854 1695
854 1775
854 1925
855 862
855 867
855 871
855 874
855 890
855 909
855 915
855 920
855 938
855 943
855 949
855 956
855 971
855 997
855 1046
855 1276
855 1312
855 1324
855 1373
855 1429
855 1503
855 1544
855 1658
856 877
856 880
856 884
856 895
856 906
856 916
856 917
856 926
856 943
856 945
856 949
856 980
856 993
856 997
856 1041
856 1118
856 1159
856 1219
856 1227
856 1271
856 1603
856 1633
856 1834
856 1998
857 864
857 873
857 884
857 888
857 893
857 905
857 911
857 912
857 916
857 917
857 924
857 929
857 933
857 935
857 940
857 968
857 971
857 983
857 1074
857 1120
857 1134
857 1162
857 1171
857 1224
857 1257
857 1595
858 862
858 873
858 902
858 912
858 917
858 929
858 935
858 940
858 961
858 967
858 968
858 986
858 992
858 1120
858 1144
858 1299
858 1315
858 1317
858 1419
858 1434
858 1602
858 1919
859 949
859 956
859 988
859 992
859 998
859 1156
859 1157
859 1521
859 1553
859 1793
859 1818
859 1827
859 1898
860 874
860 886
860 887
860 888
860 891
860 893
860 894
860 910
860 930
860 939
860 943
860 950
860 967
860 994
860 1078
860 1184
860 1382
860 1471
860 1622
860 1648
860 1873
860 1952
861 869
861 882
861 897
861 913
861 944
861 949
861 954
861 956
861 961
861 966
861 978
861 989
861 992
861 1232
861 1329
861 1463
861 1542
861 1687
861 1904
861 1996
862 866
862 884
862 890
862 898
862 908
862 914
862 916
862 918
862 972
862 982
862 991
862 1004
862 1201
862 1282
862 1334
862 1613
862 1667
862 1870
863 869
863 871
863 894
863 898
863 902
863 912
863 923
863 930
863 933
863 940
863 943
863 945
863 961
863 989
863 996
863 1065
863 1221
863 1241
863 1694
863 1750
863 1772
863 1891
863 1923
863 1985
864 879
864 890
864 895
864 901
864 910
864 931
864 939
864 959
864 962
864 965
864 974
864 987
864 997
864 1002
864 1113
864 1129
864 1337
864 1339
864 1439
864 1471
864 1483
864 1615
864 1721
864 1755
864 1992
865 882
865 890
865 914
865 955
865 959
865 963
865 965
865 982
865 989
865 998
865 1232
865 1242
865 1315
865 1434
865 1462
865 1485
865 1582
865 1796
865 1852
865 1899
866 883
866 886
866 891
866 895
866 899
866 909
866 912
866 927
866 941
866 951
866 954
866 965
866 966
866 968
866 979
866 988
866 991
866 992
866 996
866 1321
866 1352
866 1478
866 1495
866 1516
866 1835
866 1958
867 868
867 894
867 896
867 897
867 907
867 941
867 948
867 967
867 968
867 999
867 1031
867 1211
867 1289
867 1358
867 1392
867 1415
867 1433
867 1607
868 877
868 882
868 885
868 889
868 898
868 909
868 911
868 913
868 922
868 936
868 944
868 964
868 973
868 975
868 992
868 994
868 1065
868 1095
868 1114
868 1115
868 1137
868 1505
868 1513
868 1548
868 1579
868 1633
868 1837
868 1904
868 1926
868 1985
869 870
869 911
869 915
869 943
869 944
869 945
869 961
869 963
869 972
869 986
869 989
869 991
869 996
869 998
869 1001
869 1464
869 1535
869 1612
869 1720
869 1872
869 1966
870 878
870 881
870 889
870 893
870 899
870 900
870 914
870 930
870 935
870 936
870 941
870 949
870 955
870 958
870 962
870 968
870 981
870 996
870 998
870 1037
870 1148
870 1185
870 1201
870 1220
870 1264
870 1268
870 1282
870 1328
870 1425
870 1532
870 1620
870 1797
870 1827
870 1939
871 874
871 877
871 881
871 897
871 899
871 903
871 907
871 926
871 933
871 934
871 940
871 958
871 961
871 965
871 974
871 983
871 993
871 995
871 1026
871 1183
871 1281
871 1285
871 1443
871 1532
871 1738
871 1780
871 1816
871 1886
871 1906
872 874
872 883
872 886
872 891
872 903
872 913
872 937
872 942
872 947
872 950
872 955
872 965
872 966
872 969
872 982
872 983
872 985
872 988
872 992
872 1143
872 1187
872 1369
872 1406
872 1453
872 1860
873 898
873 908
873 914
873 915
873 930
873 933
873 953
873 957
873 959
873 960
873 965
873 968
873 978
873 985
873 1070
873 1151
873 1248
873 1287
873 1390
873 1446
873 1554
873 1744
873 1747
873 1787
873 1854
873 1879
873 1911
874 877
874 937
874 941
874 947
874 960
874 969
874 990
874 1617
874 1728
874 1855
874 1893
874 1919
875 885
875 889
875 892
875 895
875 906
875 937
875 939
875 944
875 946
875 947
875 965
875 969
875 970
875 978
875 981
875 985
875 992
875 993
875 994
875 1072
875 1428
875 1762
876 888
876 902
876 903
876 910
876 913
876 918
876 925
876 927
876 935
876 937
876 952
876 980
876 999
876 1054
876 1185
876 1368
876 1383
876 1734
877 879
877 898
877 910
877 917
877 933
877 936
877 942
877 952
877 974
877 1005
877 1032
877 1064
877 1290
877 1485
877 1608
877 1610
877 1696
877 1773
878 928
878 939
878 943
878 954
878 957
878 963
878 976
878 977
878 993
878 997
878 1041
878 1144
878 1185
878 1396
878 1533
878 1569
878 1707
878 1750
879 904
879 905
879 909
879 915
879 929
879 947
879 983
879 994
879 1022
879 1079
879 1195
879 1228
879 1304
879 1351
879 1364
879 1621
879 1656
879 1674
879 1680
879 1817
879 1842
880 883
880 892
880 897
880 898
880 900
880 902
880 911
880 912
880 926
880 932
880 957
880 958
880 962
880 965
880 988
880 991
880 992
880 998
880 999
880 1018
880 1324
880 1624
880 1673
880 1690
880 1808
880 1858
880 1904
880 1919
881 899
881 902
881 920
881 925
881 929
881 939
881 945
881 956
881 966
881 975
881 1070
881 1081
881 1191
881 1426
881 1491
881 1494
881 1696
881 1764
881 1768
881 1866
882 894
882 904
882 907
882 909
882 917
882 918
882 939
882 941
882 954
882 961
882 979
882 980
882 987
882 992
882 997
882 998
882 999
882 1039
882 1172
882 1232
882 1413
882 1523
882 1584
882 1685
882 1904
882 1998
883 884
883 897
883 907
883 916
883 921
883 924
883 930
883 956
883 964
883 977
883 983
883 991
883 992
883 1253
883 1286
883 1369
883 1457
883 1557
883 1637
883 1676
883 1904
883 1981
884 894
884 911
884 919
884 922
884 931
884 934
884 947
884 951
884 972
884 976
884 977
884 980
884 984
884 989
884 993
884 999
884 1043
884 1250
884 1439
884 1462
884 1521
884 1611
884 1630
884 1799
884 1803
884 1860
884 1920
885 888
885 894
885 923
885 926
885 932
885 940
885 952
885 958
885 980
885 1077
885 1207
885 1388
885 1516
885 1572
885 1616
885 1983
886 888
886 893
886 900
886 909
886 912
886 914
886 933
886 969
886 1142
886 1257
886 1288
886 1382
886 1663
886 1679
886 1818
886 2001
887 889
887 898
887 912
887 917
887 922
887 936
887 945
887 952
887 954
887 960
887 1100
887 1422
887 1517
887 1895
888 889
888 907
888 922
888 923
888 932
888 938
888 940
888 955
888 960
888 970
888 972
888 974
888 976
888 1026
888 1122
888 1206
888 1246
888 1666
888 1730
888 1985
889 890
889 893
889 915
889 918
889 923
889 938
889 945
889 947
889 970
889 972
889 989
889 1054
889 1192
889 1203
889 1278
889 1324
889 1685
889 1966
889 2002
890 892
890 931
890 932
890 954
890 961
890 963
890 991
890 1115
890 1187
890 1250
890 1292
890 1440
890 1453
890 1512
890 1527
890 1551
890 1879
891 893
891 906
891 913
891 941
891 952
891 954
891 958
891 960
891 964
891 980
891 981
891 1038
891 1243
891 1372
891 1496
891 1512
891 1702
891 1740
891 1750
891 1823
891 1891
891 1902
892 896
892 907
892 909
892 923
892 937
892 938
892 946
892 967
892 976
892 978
892 982
892 1050
892 1218
892 1295
892 1328
892 1448
892 1489
892 1504
892 1594
892 1701
893 899
893 913
893 918
893 921
893 927
893 928
893 931
893 938
893 956
893 958
893 967
893 969
893 970
893 1042
893 1127
893 1337
893 1383
893 1516
893 1552
893 1586
893 1829
893 1984
894 900
894 907
894 927
894 928
894 943
894 951
894 964
894 967
894 970
894 973
894 993
894 1020
894 1247
894 1778
894 1836
894 1855
894 1882
894 1945
895 904
895 933
895 941
895 945
895 952
895 954
895 976
895 979
895 980
895 983
895 991
895 1095
895 1478
895 1527
895 1530
895 1595
895 1648
895 1836
895 1943
896 902
896 905
896 915
896 916
896 917
896 919
896 922
896 937
896 942
896 965
896 975
896 1107
896 1281
896 1284
896 1324
896 1369
896 1382
896 1471
896 1476
896 1506
896 1763
896 1871
896 1896
896 1936
897 902
897 906
897 908
897 909
897 911
897 918
897 922
897 923
897 927
897 937
897 945
897 947
897 948
897 961
897 962
897 963
897 966
897 985
897 1241
897 1295
897 1314
897 1317
897 1708
897 1867
898 899
898 914
898 925
898 929
898 1073
898 1164
898 1205
898 1550
898 1682
898 1700
899 902
899 907
899 926
899 933
899 940
899 964
899 973
899 996
899 999
899 1393
899 1443
899 1580
899 1655
899 1666
899 1674
899 1701
899 1999
900 922
900 924
900 935
900 936
900 955
900 961
900 965
900 974
900 980
900 986
900 991
900 997
900 1061
900 1491
900 1544
900 1862
900 1896
900 1900
901 903
901 906
901 908
901 911
901 915
901 921
901 925
901 957
901 967
901 970
901 980
901 1051
901 1157
901 1165
901 1286
901 1727
901 1746
901 1770
901 1859
901 1925
901 1939
901 1956
901 1969
901 1992
902 909
902 910
902 920
902 928
902 937
902 961
902 962
902 964
902 968
902 977
902 1090
902 1102
902 1320
902 1439
902 1458
902 1537
902 1773
903 904
903 918
903 923
903 927
903 929
903 936
903 937
903 948
903 957
903 968
903 970
903 976
903 999
903 1094
903 1170
903 1191
903 1241
903 1559
903 1624
903 1687
903 1894
903 1913
903 1999
904 919
904 938
904 940
904 941
904 951
904 971
904 972
904 973
904 992
904 999
904 1238
904 1322
904 1458
904 1520
904 1631
904 1793
904 1924
905 936
905 947
905 950
905 960
905 972
905 981
905 1172
905 1188
905 1247
905 1400
905 1415
905 1461
905 1528
905 1583
905 1592
905 1681
905 1694
905 1764
905 1845
905 1967
906 947
906 952
906 961
906 966
906 968
906 969
906 977
906 993
906 998
906 999
906 1113
906 1182
906 1216
906 1270
906 1416
906 1575
906 1781
906 1977
907 908
907 919
907 924
907 945
907 948
907 972
907 976
907 981
907 984
907 995
907 1306
907 1333
907 1416
907 1439
907 1895
908 915
908 918
908 936
908 948
908 966
908 972
908 977
908 982
908 984
908 991
908 1004
908 1022
908 1292
908 1428
908 1431
908 1484
908 1518
908 1634
908 1900
909 924
909 960
909 962
909 970
909 994
909 996
909 1058
909 1122
909 1315
909 1408
909 1653
909 1826
909 1907
910 924
910 933
910 935
910 953
910 974
910 978
910 983
910 988
910 991
910 998
910 1368
910 1459
910 1480
910 1890
910 1914
910 1917
911 925
911 929
911 930
911 936
911 958
911 966
911 976
911 991
911 992
911 996
911 1078
911 1102
911 1131
911 1172
911 1194
911 1324
911 1602
911 1637
911 1713
911 1964
912 927
912 930
912 947
912 963
912 985
912 993
912 994
912 999
912 1045
912 1451
912 1630
912 1849
913 932
913 936
913 948
913 956
913 957
913 979
913 985
913 987
913 992
913 1116
913 1128
913 1242
913 1298
913 1442
913 1521
913 1906
913 1925
913 1941
914 959
914 970
914 973
914 985
914 989
914 998
914 1194
914 1542
914 1698
914 1734
914 1769
915 921
915 932
915 942
915 950
915 953
915 955
915 956
915 960
915 968
915 981
915 984
915 1305
915 1312
915 1680
915 1725
915 1759
915 1772
915 1827
915 1854
915 1943
916 922
916 926
916 928
916 938
916 958
916 965
916 969
916 993
916 995
916 999
916 1175
916 1243
916 1431
916 1502
916 1692
916 1758
916 1796
916 1866
916 1902
916 1936
916 1947
916 1993
917 922
917 924
917 939
917 948
917 949
917 974
917 975
917 983
917 987
917 990
917 995
917 1412
917 1517
917 1577
917 1636
917 1763
917 1858
918 924
918 928
918 940
918 945
918 951
918 954
918 956
918 973
918 978
918 1213
918 1306
918 1461
918 1465
918 1523
918 1524
918 1530
918 1574
918 1586
918 1744
919 921
919 934
919 942
919 945
919 976
919 991
919 1000
919 1327
919 1330
919 1535
919 1775
919 1804
919 1829
919 1894
919 1908
920 958
920 963
920 986
920 987
920 998
920 1118
920 1394
920 1493
920 1716
920 1792
920 1802
921 922
921 942
921 948
921 968
921 974
921 976
921 977
921 993
921 1003
921 1155
921 1182
921 1266
921 1433
921 1476
921 1523
921 1549
921 1771
921 1992
921 2000
922 935
922 952
922 981
922 989
922 1006
922 1115
922 1136
922 1203
922 1273
922 1338
922 1352
922 1863
923 953
923 967
923 975
923 978
923 1354
923 1418
923 1445
923 1458
923 1495
923 1550
923 1583
923 1611
923 1738
923 1776
923 1823
923 1885
923 1978
924 932
924 942
924 947
924 952
924 953
924 959
924 969
924 971
924 980
924 985
924 986
924 994
924 1090
924 1359
924 1715
924 1853
924 2001
925 944
925 954
925 960
925 962
925 965
925 971
925 977
925 984
925 998
925 1359
925 1364
925 1405
925 1429
925 1474
925 1551
925 1597
925 1812
926 933
926 939
926 958
926 964
926 978
926 987
926 990
926 999
926 1002
926 1342
926 1381
926 1439
926 1502
926 1679
927 930
927 936
927 945
927 947
927 948
927 954
927 965
927 966
927 969
927 976
927 984
927 993
927 999
927 1537
927 1724
927 1778
927 1808
927 1820
927 1874
927 1879
928 965
928 989
928 1042
928 1164
928 1269
928 1344
928 1447
928 1457
928 1695
928 1918
929 930
929 934
929 938
929 948
929 960
929 961
929 963
929 979
929 985
929 997
929 1362
929 1385
929 1445
929 1725
929 1755
929 1840
929 1988
929 1996
930 956
930 965
930 974
930 977
930 979
930 989
930 998
930 1016
930 1056
930 1061
930 1149
930 1163
930 1335
930 1435
930 1632
930 1633
930 1645
930 1723
930 1734
930 1851
931 937
931 940
931 941
931 952
931 963
931 971
931 988
931 990
931 1021
931 1227
931 1349
931 1421
931 1767
931 1877
932 938
932 947
932 959
932 961
932 984
932 985
932 1415
932 1446
932 1558
932 1667
932 1749
932 1783
932 1847
932 1875
933 954
933 985
933 1016
933 1083
933 1196
933 1264
933 1282
933 1464
933 1549
933 1553
933 1620
933 1661
933 1771
933 1772
934 943
934 951
934 970
934 972
934 982
934 985
934 995
934 998
934 1005
934 1152
934 1175
934 1262
934 1285
934 1338
934 1410
934 1415
934 1449
934 1535
934 1547
934 1886
934 1902
935 941
935 994
935 997
935 1043
935 1093
935 1128
935 1215
935 1252
935 1376
935 1394
935 1515
935 1522
935 1587
935 1600
935 1613
935 1621
935 1688
935 1778
935 1928
935 1999
936 949
936 954
936 964
936 968
936 971
936 975
936 990
936 1135
936 1141
936 1194
936 1272
936 1523
936 1791
936 1854
937 939
937 942
937 944
937 959
937 960
937 962
937 963
937 986
937 1023
937 1060
937 1244
937 1286
937 1310
937 1311
937 1433
937 1609
937 1646
937 1680
937 1759
937 1967
938 948
938 955
938 973
938 983
938 990
938 996
938 1195
938 1461
938 1861
939 953
939 954
939 955
939 961
939 967
939 975
939 980
939 994
939 995
939 998
939 1003
939 1034
939 1208
939 1232
939 1245
939 1328
939 1333
939 1358
939 1370
939 1404
939 1605
939 1642
939 1785
939 1806
939 1940
940 946
940 958
940 962
940 976
940 978
940 979
940 980
940 989
940 991
940 994
940 1030
940 1127
940 1128
940 1419
940 1425
940 1481
940 1482
940 1630
940 1645
940 1682
940 1705
940 1728
940 1827
940 1960
941 946
941 950
941 977
941 979
941 1145
941 1603
941 1682
941 1880
941 1918
941 1998
942 946
942 980
942 985
942 986
942 988
942 990
942 991
942 1140
942 1234
942 1312
942 1392
942 1546
942 1661
942 1795
942 1833
942 1937
943 963
943 964
943 974
943 987
943 988
943 993
943 1080
943 1088
943 1347
943 1711
943 1984
944 945
944 949
944 960
944 965
944 976
944 980
944 983
944 988
944 994
944 1180
944 1598
944 1614
944 1675
944 1767
944 1908
944 1912
944 1992
945 951
945 973
945 985
945 994
945 1328
945 1440
945 1530
945 1601
945 1760
945 1860
946 948
946 951
946 960
946 970
946 978
946 981
946 984
946 1110
946 1144
946 1168
946 1227
946 1253
946 1409
946 1512
946 1576
946 1629
946 1644
946 1807
947 955
947 965
947 968
947 1012
947 1123
947 1134
947 1218
947 1394
947 1434
947 1615
947 1744
947 1922
947 1960
948 962
948 965
948 969
948 972
948 989
948 992
948 1224
948 1305
948 1306
948 1403
948 1484
948 1772
948 1879
948 1902
949 954
949 966
949 972
949 973
949 975
949 986
949 989
949 990
949 991
949 1087
949 1327
949 1499
949 1536
949 1580
949 1694
949 1713
949 1722
949 1791
949 1799
949 1823
949 1993
950 954
950 958
950 960
950 975
950 981
950 1057
950 1197
950 1282
950 1524
950 1571
950 1594
950 1732
950 1750
950 1892
951 978
951 979
951 990
951 999
951 1105
951 1128
951 1136
951 1193
951 1254
951 1281
951 1343
951 1434
951 1548
951 1738
951 1883
951 1953
952 964
952 970
952 986
952 994
952 1070
952 1121
952 1175
952 1342
952 1453
952 1496
952 1538
952 1682
952 1719
952 1880
953 974
953 986
953 994
953 998
953 1300
953 1411
953 1506
953 1585
953 1649
953 1661
953 1749
954 981
954 1351
954 1440
954 1498
954 1793
954 1894
954 1912
955 978
955 983
955 996
955 1522
955 1538
955 1542
955 1787
955 1812
955 1848
955 1884
955 1953
955 1986
956 958
956 961
956 962
956 976
956 985
956 1190
956 1228
956 1700
956 1722
956 1799
957 964
957 966
957 967
957 969
957 975
957 985
957 1085
957 1365
957 1608
957 1629
957 1658
957 1736
957 1750
957 1827
957 1905
957 1908
957 1928
957 1987
958 959
958 961
958 971
958 976
958 985
958 1059
958 1181
958 1326
958 1579
958 1740
958 1824
958 1839
958 1845
958 1895
959 980
959 990
959 993
959 1078
959 1223
959 1303
959 1369
959 1371
959 1417
959 1459
959 1470
959 1504
959 1594
959 1692
959 1750
959 1753
959 1825
959 1849
960 969
960 985
960 990
960 995
960 1266
960 1401
960 1601
960 1733
961 974
961 981
961 988
961 1056
961 1068
961 1230
961 1292
961 1505
961 1613
961 1666
961 1817
961 1873
962 965
962 979
962 981
962 996
962 1165
962 1218
962 1223
962 1228
962 1261
962 1371
962 1575
962 1826
962 1832
962 1913
963 973
963 980
963 983
963 986
963 1195
963 1224
963 1478
963 1490
963 1512
963 1716
963 1810
963 1873
963 1960
964 976
964 982
964 994
964 1043
964 1329
964 1367
964 1382
964 1560
964 1624
964 1650
964 1686
964 1750
964 1806
964 1944
965 983
965 989
965 999
965 1146
965 1399
965 1629
965 1760
965 1989
966 971
966 974
966 1013
966 1128
966 1504
966 1541
966 1578
966 1591
966 1629
966 1641
966 1667
966 1879
967 977
967 978
967 988
967 1004
967 1011
967 1032
967 1066
967 1087
967 1384
967 1488
967 1519
967 1572
967 1738
967 1834
968 977
968 985
968 987
968 997
968 1020
968 1061
968 1153
968 1231
968 1411
968 1504
968 1737
968 1965
968 1966
969 989
969 993
969 1375
969 1447
969 1496
969 1520
969 1569
969 1971
969 1994
970 971
970 975
970 979
970 1160
970 1164
970 1272
970 1465
970 1488
970 1721
970 1728
970 1971
971 972
971 976
971 977
971 982
971 985
971 992
971 993
971 1001
971 1106
971 1114
971 1250
971 1543
971 1569
971 1575
971 1588
971 1674
971 1757
971 1797
971 1914
972 978
972 983
972 1130
972 1184
972 1248
972 1416
972 1457
972 1704
972 1937
973 991
973 993
973 996
973 999
973 1051
973 1120
973 1207
973 1282
973 1478
973 1728
974 984
974 991
974 995
974 1188
974 1247
974 1525
974 1711
974 1743
974 1840
974 1950
975 984
975 1000
975 1041
975 1166
975 1338
975 1500
975 1518
975 1530
975 1651
975 1703
975 1797
976 982
976 988
976 990
976 1015
976 1188
976 1242
976 1333
976 1683
976 1725
976 1873
976 1946
977 994
977 1094
977 1198
977 1204
977 1247
977 1347
978 984
978 988
978 1047
978 1095
978 1218
978 1308
978 1431
979 980
979 1098
979 1230
979 1297
979 1356
979 1724
979 1771
979 1847
979 1946
979 1996
980 985
980 993
980 998
980 1011
980 1101
980 1103
980 1207
980 1319
980 1327
980 1332
980 1442
980 1709
980 1871
980 1888
980 1944
981 989
981 996
981 1014
981 1114
981 1222
981 1316
981 1532
981 1808
981 1813
981 1872
981 1887
981 1916
981 1958
982 988
982 1007
982 1117
982 1328
982 1338
982 1340
982 1484
982 1548
982 1742
982 1908
983 1267
983 1390
983 1399
983 1762
983 1835
983 1844
983 1863
983 1923
983 1976
983 2001
984 989
984 1462
984 1522
984 1523
984 1563
984 1592
984 1599
984 1966
985 989
985 1046
985 1066
985 1070
985 1243
985 1416
985 1419
985 1449
985 1788
985 1794
986 987
986 996
986 999
986 1084
986 1350
986 1548
986 1769
986 1794
987 994
987 1081
987 1095
987 1168
987 1286
987 1345
987 1576
987 1586
987 1604
987 1649
987 1710
987 1870
988 991
988 1218
988 1259
988 1295
988 1338
988 1437
988 1445
988 1542
988 1792
988 1802
988 1835
988 1964
988 1993
989 992
989 1155
989 1225
989 1232
989 1403
989 1418
989 1449
989 1466
989 1585
989 1603
989 1686
989 1691
989 1768
989 1974
990 994
990 995
990 1169
990 1419
990 1455
991 996
991 1031
991 1157
991 1187
991 1275
991 1493
991 1581
991 1637
991 1914
992 999
992 1158
992 1306
992 1341
992 1489
992 1493
992 1565
992 1591
992 1626
992 1679
992 1731
992 1771
992 1885
993 994
993 997
993 1025
993 1290
993 1574
993 1627
993 1715
993 1899
994 999
994 1000
994 1006
994 1434
994 1678
994 1772
994 1943
995 1145
995 1163
995 1203
995 1398
995 1495
995 1548
995 1632
996 1014
996 1059
996 1366
996 1376
996 1413
996 1667
996 1768
997 999
997 1064
997 1092
997 1282
997 1308
997 1329
997 1332
997 1672
997 1688
997 1800
997 1919
998 999
998 1009
998 1224
998 1237
998 1327
998 1328
998 1383
998 1501
998 1507
998 1554
998 1680
998 1760
998 1812
998 1938
999 1311
999 1555
999 1712
999 1731
999 1788
999 1894
999 1925
999 1926
1000 1002
1000 1003
1000 1008
1000 1010
1000 1028
1000 1038
1000 1042
1000 1046
1000 1047
1000 1049
1000 1053
1000 1061
1000 1062
1000 1079
1000 1093
1000 1099
1000 1116
1000 1130
1000 1143
1000 1147
1000 1150
1000 1198
1000 1199
1000 1222
1000 1224
1000 1228
1000 1231
1000 1240
1000 1312
1000 1343
1000 1366
1000 1509
1000 1617
1000 1716
1000 1735
1000 1782
1000 1962
1001 1012
1001 1023
1001 1026
1001 1062
1001 1082
1001 1091
1001 1107
1001 1125
1001 1138
1001 1150
1001 1157
1001 1160
1001 1161
1001 1166
1001 1174
1001 1182
1001 1188
1001 1193
1001 1195
1001 1197
1001 1206
1001 1208
1001 1223
1001 1273
1001 1301
1001 1398
1001 1459
1001 1551
1001 1742
1001 1769
1001 1868
1002 1004
1002 1005
1002 1012
1002 1019
1002 1028
1002 1032
1002 1040
1002 1046
1002 1056
1002 1064
1002 1077
1002 1116
1002 1118
1002 1124
1002 1127
1002 1143
1002 1162
1002 1166
1002 1169
1002 1175
1002 1216
1002 1222
1002 1297
1002 1409
1002 1496
1002 1503
1002 1964
1003 1018
1003 1027
1003 1038
1003 1046
1003 1060
1003 1063
1003 1065
1003 1066
1003 1080
1003 1092
1003 1099
1003 1109
1003 1132
1003 1135
1003 1151
1003 1180
1003 1186
1003 1196
1003 1211
1003 1215
1003 1223
1003 1230
1003 1240
1003 1254
1003 1291
1003 1387
1003 1398
1003 1571
1003 1618
1003 1729
1003 1824
1003 1863
1003 1963
1004 1006
1004 1007
1004 1016
1004 1021
1004 1025
1004 1032
1004 1041
1004 1061
1004 1064
1004 1065
1004 1069
1004 1073
1004 1077
1004 1081
1004 1105
1004 1115
1004 1128
1004 1137
1004 1140
1004 1143
1004 1151
1004 1155
1004 1158
1004 1167
1004 1168
1004 1174
1004 1191
1004 1195
1004 1201
1004 1203
1004 1205
1004 1207
1004 1218
1004 1223
1004 1226
1004 1234
1004 1239
1004 1240
1004 1264
1004 1328
1004 1358
1004 1545
1004 1557
1004 1906
1005 1007
1005 1009
1005 1019
1005 1020
1005 1023
1005 1035
1005 1039
1005 1050
1005 1052
1005 1061
1005 1066
1005 1075
1005 1082
1005 1096
1005 1123
1005 1128
1005 1130
1005 1139
1005 1143
1005 1150
1005 1155
1005 1160
1005 1164
1005 1167
1005 1171
1005 1202
1005 1204
1005 1241
1005 1387
1005 1560
1005 1606
1005 1610
1005 1622
1005 1731
1005 1983
1005 1996
1006 1020
1006 1027
1006 1041
1006 1042
1006 1043
1006 1045
1006 1055
1006 1064
1006 1078
1006 1089
1006 1128
1006 1130
1006 1140
1006 1142
1006 1155
1006 1177
1006 1216
1006 1225
1006 1229
1006 1236
1006 1241
1006 1242
1006 1324
1006 1433
1006 1588
1006 1708
1006 1734
1006 1774
1007 1025
1007 1026
1007 1046
1007 1055
1007 1068
1007 1079
1007 1083
1007 1089
1007 1104
1007 1106
1007 1111
1007 1117
1007 1123
1007 1127
1007 1135
1007 1136
1007 1151
1007 1152
1007 1156
1007 1168
1007 1187
1007 1188
1007 1195
1007 1212
1007 1238
1007 1244
1007 1249
1007 1270
1007 1376
1007 1377
1007 1443
1007 1472
1007 1558
1007 1575
1007 1677
1007 1727
1007 1823
1007 1994
1008 1018
1008 1027
1008 1033
1008 1035
1008 1041
1008 1042
1008 1047
1008 1057
1008 1062
1008 1063
1008 1065
1008 1066
1008 1069
1008 1074
1008 1087
1008 1111
1008 1119
1008 1135
1008 1175
1008 1178
1008 1187
1008 1192
1008 1203
1008 1215
1008 1220
1008 1222
1008 1224
1008 1242
1008 1244
1008 1277
1008 1341
1008 1474
1008 1505
1008 1556
1008 1625
1008 1674
1008 1952
1009 1016
1009 1020
1009 1022
1009 1060
1009 1063
1009 1064
1009 1065
1009 1070
1009 1071
1009 1073
1009 1082
1009 1083
1009 1092
1009 1110
1009 1122
1009 1130
1009 1132
1009 1152
1009 1167
1009 1172
1009 1178
1009 1189
1009 1193
1009 1194
1009 1200
1009 1204
1009 1207
1009 1212
1009 1215
1009 1226
1009 1227
1009 1229
1009 1230
1009 1244
1009 1245
1009 1249
1009 1307
1009 1417
1009 1455
1009 1507
1009 1567
1009 1600
1009 1907
1009 1945
1010 1025
1010 1030
1010 1034
1010 1038
1010 1043
1010 1054
1010 1061
1010 1067
1010 1077
1010 1080
1010 1089
1010 1110
1010 1115
1010 1121
1010 1126
1010 1139
1010 1148
1010 1160
1010 1168
1010 1169
1010 1178
1010 1180
1010 1200
1010 1202
1010 1213
1010 1227
1010 1234
1010 1240
1010 1242
1010 1245
1010 1343
1010 1500
1010 1636
1010 1873
1011 1013
1011 1016
1011 1023
1011 1035
1011 1046
1011 1049
1011 1057
1011 1102
1011 1113
1011 1134
1011 1146
1011 1155
1011 1177
1011 1186
1011 1206
1011 1227
1011 1548
1011 1598
1011 1779
1011 1909
1011 1965
1012 1015
1012 1030
1012 1037
1012 1043
1012 1057
1012 1066
1012 1074
1012 1083
1012 1088
1012 1099
1012 1110
1012 1116
1012 1143
1012 1162
1012 1164
1012 1168
1012 1175
1012 1200
1012 1206
1012 1231
1012 1235
1012 1244
1012 1414
1012 1420
1012 1477
1012 1497
1012 1498
1012 1683
1012 1799
1012 1806
1012 1921
1012 1937
1012 1982
1013 1034
1013 1036
1013 1087
1013 1088
1013 1091
1013 1115
1013 1116
1013 1118
1013 1129
1013 1132
1013 1135
1013 1153
1013 1159
1013 1172
1013 1174
1013 1177
1013 1178
1013 1215
1013 1216
1013 1220
1013 1222
1013 1233
1013 1239
1013 1242
1013 1272
1013 1375
1013 1465
1013 1515
1013 1864
1014 1016
1014 1027
1014 1036
1014 1041
1014 1049
1014 1062
1014 1067
1014 1075
1014 1081
1014 1094
1014 1098
1014 1099
1014 1104
1014 1118
1014 1119
1014 1120
1014 1127
1014 1128
1014 1170
1014 1171
1014 1180
1014 1181
1014 1182
1014 1188
1014 1189
1014 1193
1014 1202
1014 1210
1014 1231
1014 1239
1014 1264
1014 1319
1014 1373
1014 1477
1014 1764
1014 1810
1014 1944
1015 1016
1015 1025
1015 1026
1015 1030
1015 1033
1015 1040
1015 1047
1015 1054
1015 1064
1015 1070
1015 1071
1015 1087
1015 1091
1015 1105
1015 1106
1015 1129
1015 1134
1015 1164
1015 1186
1015 1198
1015 1212
1015 1214
1015 1218
1015 1225
1015 1243
1015 1249
1015 1415
1015 1523
1015 1850
1016 1018
1016 1021
1016 1029
1016 1031
1016 1033
1016 1038
1016 1049
1016 1057
1016 1082
1016 1106
1016 1126
1016 1152
1016 1174
1016 1179
1016 1191
1016 1225
1016 1240
1016 1276
1016 1561
1016 1798
1016 1805
1016 2001
1016 2006
1017 1026
1017 1048
1017 1053
1017 1057
1017 1061
1017 1064
1017 1074
1017 1078
1017 1082
1017 1092
1017 1095
1017 1103
1017 1105
1017 1113
1017 1119
1017 1127
1017 1152
1017 1168
1017 1173
1017 1190
1017 1197
1017 1206
1017 1207
1017 1228
1017 1230
1017 1238
1017 1241
1017 1243
1017 1495
1017 1541
1017 1608
1017 1672
1017 1746
1017 1841
1017 1917
1017 1941
1017 1970
1017 2003
1018 1032
1018 1035
1018 1037
1018 1041
1018 1047
1018 1050
1018 1061
1018 1071
1018 1079
1018 1096
1018 1107
1018 1126
1018 1129
1018 1131
1018 1155
1018 1156
1018 1158
1018 1165
1018 1173
1018 1188
1018 1192
1018 1295
1018 1354
1018 1585
1018 1617
1018 1641
1018 1792
1018 1994
1019 1044
1019 1051
1019 1057
1019 1059
1019 1060
1019 1074
1019 1083
1019 1091
1019 1096
1019 1139
1019 1141
1019 1166
1019 1167
1019 1168
1019 1170
1019 1171
1019 1172
1019 1177
1019 1179
1019 1181
1019 1188
1019 1190
1019 1193
1019 1204
1019 1205
1019 1211
1019 1216
1019 1218
1019 1225
1019 1227
1019 1228
1019 1229
1019 1231
1019 1235
1019 1243
1019 1246
1019 1296
1019 1326
1019 1533
1019 1594
1019 1595
1019 1723
1019 1769
1019 1810
1019 1846
1019 1999
1020 1023
1020 1050
1020 1052
1020 1060
1020 1065
1020 1067
1020 1072
1020 1079
1020 1084
1020 1090
1020 1123
1020 1133
1020 1175
1020 1176
1020 1181
1020 1183
1020 1232
1020 1241
1020 1242
1020 1244
1020 1249
1020 1261
1020 1270
1020 1291
1020 1304
1020 1618
1020 1675
1020 1943
1021 1022
1021 1034
1021 1041
1021 1045
1021 1071
1021 1077
1021 1078
1021 1080
1021 1082
1021 1088
1021 1102
1021 1109
1021 1124
1021 1132
1021 1133
1021 1137
1021 1138
1021 1141
1021 1155
1021 1169
1021 1170
1021 1179
1021 1189
1021 1190
1021 1207
1021 1219
1021 1223
1021 1298
1021 1449
1022 1027
1022 1040
1022 1043
1022 1086
1022 1087
1022 1104
1022 1106
1022 1109
1022 1122
1022 1130
1022 1162
1022 1178
1022 1196
1022 1199
1022 1203
1022 1204
1022 1220
1022 1236
1022 1244
1022 1339
1022 1716
1022 1757
1023 1040
1023 1042
1023 1061
1023 1064
1023 1073
1023 1090
1023 1108
1023 1119
1023 1121
1023 1137
1023 1158
1023 1160
1023 1165
1023 1192
1023 1201
1023 1233
1023 1234
1023 1240
1023 1285
1023 1695
1023 1721
1023 1778
1023 1803
1023 1975
1024 1054
1024 1074
1024 1087
1024 1088
1024 1096
1024 1098
1024 1132
1024 1133
1024 1136
1024 1141
1024 1148
1024 1155
1024 1168
1024 1169
1024 1176
1024 1180
1024 1181
1024 1237
1024 1393
1024 1453
1024 1510
1024 1516
1024 1534
1024 1583
1024 1724
1024 1781
1024 1782
1024 1834
1024 1905
1025 1043
1025 1050
1025 1057
1025 1062
1025 1071
1025 1076
1025 1085
1025 1087
1025 1090
1025 1129
1025 1158
1025 1164
1025 1172
1025 1181
1025 1183
1025 1186
1025 1194
1025 1202
1025 1210
1025 1225
1025 1229
1025 1230
1025 1231
1025 1236
1025 1281
1025 1397
1025 1496
1025 1853
1026 1041
1026 1056
1026 1057
1026 1064
1026 1069
1026 1080
1026 1082
1026 1103
1026 1110
1026 1115
1026 1118
1026 1119
1026 1120
1026 1128
1026 1133
1026 1138
1026 1140
1026 1143
1026 1152
1026 1159
1026 1185
1026 1195
1026 1199
1026 1202
1026 1210
1026 1220
1026 1221
1026 1223
1026 1224
1026 1247
1026 1326
1026 1338
1026 1419
1026 1706
1026 1809
1026 1865
1026 1982
1026 1996
1027 1029
1027 1038
1027 1045
1027 1052
1027 1059
1027 1063
1027 1065
1027 1085
1027 1087
1027 1093
1027 1098
1027 1102
1027 1107
1027 1122
1027 1124
1027 1125
1027 1133
1027 1158
1027 1167
1027 1183
1027 1188
1027 1216
1027 1219
1027 1223
1027 1233
1027 1234
1027 1248
1027 1511
1027 1779
1027 1840
1027 1910
1028 1042
1028 1046
1028 1061
1028 1064
1028 1070
1028 1073
1028 1095
1028 1102
1028 1110
1028 1114
1028 1141
1028 1156
1028 1171
1028 1180
1028 1184
1028 1186
1028 1201
1028 1207
1028 1234
1028 1287
1028 1455
1028 1460
1028 1590
1028 1843
1028 1898
1028 1954
1028 1967
1028 1987
1029 1030
1029 1037
1029 1042
1029 1056
1029 1057
1029 1106
1029 1110
1029 1111
1029 1142
1029 1158
1029 1174
1029 1184
1029 1185
1029 1196
1029 1212
1029 1217
1029 1223
1029 1241
1029 1299
1029 1360
1029 1475
1029 1574
1029 1619
1029 1749
1029 1782
1029 1783
1029 1801
1029 1864
1029 1942
1029 1958
1029 1962
1030 1039
1030 1049
1030 1063
1030 1067
1030 1071
1030 1083
1030 1088
1030 1100
1030 1105
1030 1107
1030 1113
1030 1114
1030 1120
1030 1128
1030 1132
1030 1146
1030 1152
1030 1166
1030 1211
1030 1219
1030 1237
1030 1244
1030 1354
1030 1401
1030 1512
1030 1560
1030 1613
1030 1707
1030 1774
1030 1875
1031 1038
1031 1049
1031 1053
1031 1058
1031 1059
1031 1069
1031 1075
1031 1083
1031 1100
1031 1114
1031 1119
1031 1121
1031 1134
1031 1143
1031 1169
1031 1172
1031 1173
1031 1207
1031 1221
1031 1224
1031 1227
1031 1232
1031 1238
1031 1241
1031 1293
1031 1318
1031 1705
1031 1719
1032 1043
1032 1057
1032 1075
1032 1082
1032 1086
1032 1092
1032 1102
1032 1114
1032 1118
1032 1124
1032 1126
1032 1127
1032 1153
1032 1169
1032 1184
1032 1214
1032 1229
1032 1233
1032 1245
1032 1246
1032 1378
1032 1406
1032 1529
1032 1664
1032 1785
1033 1035
1033 1039
1033 1041
1033 1047
1033 1050
1033 1051
1033 1055
1033 1082
1033 1086
1033 1107
1033 1108
1033 1113
1033 1121
1033 1136
1033 1146
1033 1152
1033 1156
1033 1158
1033 1160
1033 1185
1033 1186
1033 1193
1033 1218
1033 1236
1033 1238
1033 1337
1033 1380
1033 1389
1033 1497
1033 1510
1033 1595
1034 1050
1034 1051
1034 1055
1034 1057
1034 1071
1034 1074
1034 1086
1034 1095
1034 1104
1034 1106
1034 1117
1034 1125
1034 1130
1034 1131
1034 1138
1034 1156
1034 1160
1034 1168
1034 1171
1034 1227
1034 1238
1034 1240
1034 1241
1034 1249
1034 1253
1034 1531
1034 1589
1034 1699
1034 1891
1035 1043
1035 1056
1035 1062
1035 1071
1035 1072
1035 1095
1035 1119
1035 1129
1035 1130
1035 1132
1035 1139
1035 1145
1035 1157
1035 1167
1035 1197
1035 1207
1035 1214
1035 1222
1035 1226
1035 1232
1035 1766
1035 1799
1035 1914
1036 1052
1036 1073
1036 1075
1036 1076
1036 1084
1036 1100
1036 1120
1036 1138
1036 1139
1036 1145
1036 1160
1036 1165
1036 1182
1036 1208
1036 1219
1036 1233
1036 1237
1036 1241
1036 1248
1036 1256
1036 1348
1036 1576
1036 1600
1036 1827
1036 1883
1036 1885
1036 1961
1036 1987
1037 1045
1037 1073
1037 1076
1037 1096
1037 1098
1037 1100
1037 1106
1037 1130
1037 1133
1037 1140
1037 1147
1037 1153
1037 1156
1037 1158
1037 1171
1037 1185
1037 1212
1037 1221
1037 1231
1037 1232
1037 1237
1037 1248
1037 1249
1037 1310
1037 1353
1037 1370
1037 1461
1037 1624
1037 1640
1037 1809
1037 1851
1037 1863
1037 1931
1037 1932
1037 1947
1038 1042
1038 1059
1038 1070
1038 1089
1038 1093
1038 1098
1038 1104
1038 1113
1038 1116
1038 1138
1038 1141
1038 1180
1038 1201
1038 1209
1038 1211
1038 1213
1038 1220
1038 1222
1038 1229
1038 1240
1038 1241
1038 1246
1038 1317
1038 1804
1039 1050
1039 1053
1039 1065
1039 1078
1039 1079
1039 1099
1039 1105
1039 1110
1039 1130
1039 1135
1039 1144
1039 1153
1039 1180
1039 1181
1039 1200
1039 1201
1039 1204
1039 1219
1039 1231
1039 1235
1039 1358
1039 1532
1039 1936
1040 1043
1040 1053
1040 1062
1040 1067
1040 1081
1040 1084
1040 1101
1040 1111
1040 1120
1040 1122
1040 1136
1040 1144
1040 1153
1040 1172
1040 1174
1040 1195
1040 1200
1040 1205
1040 1208
1040 1209
1040 1221
1040 1226
1040 1241
1040 1242
1040 1629
1040 1832
1040 1919
1041 1042
1041 1043
1041 1061
1041 1062
1041 1067
1041 1078
1041 1079
1041 1082
1041 1110
1041 1113
1041 1117
1041 1122
1041 1130
1041 1137
1041 1140
1041 1143
1041 1162
1041 1206
1041 1218
1041 1225
1041 1235
1041 1238
1041 1240
1041 1242
1041 1247
1041 1302
1041 1310
1041 1420
1041 1586
1041 1651
1041 1966
1042 1052
1042 1077
1042 1080
1042 1091
1042 1098
1042 1106
1042 1110
1042 1116
1042 1124
1042 1127
1042 1129
1042 1133
1042 1134
1042 1137
1042 1146
1042 1162
1042 1172
1042 1214
1042 1218
1042 1224
1042 1228
1042 1230
1042 1248
1042 1397
1042 1447
1042 1651
1042 1791
1042 1844
1043 1047
1043 1059
1043 1066
1043 1067
1043 1080
1043 1088
1043 1089
1043 1103
1043 1104
1043 1106
1043 1111
1043 1113
1043 1125
1043 1131
1043 1140
1043 1141
1043 1145
1043 1155
1043 1172
1043 1178
1043 1185
1043 1187
1043 1207
1043 1210
1043 1241
1043 1264
1043 1331
1043 1336
1043 1385
1043 1420
1043 1430
1043 1443
1043 1648
1043 1730
1043 1813
1043 1826
1043 1846
1044 1055
1044 1070
1044 1080
1044 1095
1044 1114
1044 1115
1044 1122
1044 1123
1044 1142
1044 1203
1044 1224
1044 1240
1044 1244
1044 1305
1044 1330
1044 1371
1044 1450
1044 1547
1044 1638
1044 1723
1044 1921
1044 1982
1045 1064
1045 1067
1045 1070
1045 1071
1045 1079
1045 1083
1045 1092
1045 1102
1045 1110
1045 1126
1045 1133
1045 1134
1045 1135
1045 1175
1045 1178
1045 1181
1045 1195
1045 1199
1045 1238
1045 1249
1045 1338
1045 1346
1045 1409
1045 1460
1045 1483
1045 1576
1045 1846
1046 1048
1046 1051
1046 1055
1046 1062
1046 1076
1046 1091
1046 1096
1046 1098
1046 1104
1046 1120
1046 1125
1046 1134
1046 1140
1046 1142
1046 1191
1046 1218
1046 1232
1046 1448
1046 1876
1047 1054
1047 1059
1047 1081
1047 1100
1047 1106
1047 1112
1047 1117
1047 1126
1047 1135
1047 1147
1047 1165
1047 1167
1047 1176
1047 1196
1047 1198
1047 1216
1047 1218
1047 1223
1047 1224
1047 1238
1047 1242
1047 1248
1047 1252
1047 1304
1047 1398
1047 1416
1047 1584
1047 1628
1047 1763
1047 1973
1048 1061
1048 1062
1048 1066
1048 1067
1048 1073
1048 1098
1048 1107
1048 1108
1048 1111
1048 1131
1048 1147
1048 1149
1048 1158
1048 1162
1048 1165
1048 1183
1048 1207
1048 1223
1048 1242
1048 1246
1048 1292
1048 1302
1048 1349
1048 1478
1048 1752
1048 1862
1048 1946
1049 1051
1049 1054
1049 1073
1049 1077
1049 1079
1049 1082
1049 1084
1049 1103
1049 1113
1049 1115
1049 1126
1049 1133
1049 1150
1049 1162
1049 1164
1049 1171
1049 1178
1049 1181
1049 1183
1049 1189
1049 1196
1049 1204
1049 1205
1049 1213
1049 1214
1049 1216
1049 1223
1049 1232
1049 1236
1049 1241
1049 1247
1049 1326
1049 1344
1049 1389
1049 1750
1049 1753
1049 1845
1050 1052
1050 1053
1050 1081
1050 1092
1050 1097
1050 1117
1050 1151
1050 1159
1050 1160
1050 1166
1050 1171
1050 1174
1050 1196
1050 1211
1050 1215
1050 1226
1050 1227
1050 1236
1050 1245
1050 1340
1050 1856
1050 1890
1051 1055
1051 1063
1051 1065
1051 1068
1051 1070
1051 1076
1051 1086
1051 1091
1051 1093
1051 1112
1051 1116
1051 1128
1051 1133
1051 1142
1051 1150
1051 1151
1051 1159
1051 1160
1051 1161
1051 1163
1051 1187
1051 1198
1051 1201
1051 1204
1051 1214
1051 1222
1051 1226
1051 1227
1051 1237
1051 1238
1051 1241
1051 1242
1051 1244
1051 1434
1051 1561
1051 1660
1051 1666
1051 1741
1051 1796
1051 1829
1051 1864
1052 1065
1052 1066
1052 1090
1052 1095
1052 1102
1052 1112
1052 1125
1052 1137
1052 1138
1052 1157
1052 1172
1052 1190
1052 1216
1052 1230
1052 1246
1052 1248
1052 1362
1052 1439
1052 1460
1052 1507
1052 1522
1052 1556
1052 1563
1052 1624
1052 1653
1052 1660
1052 1747
1053 1073
1053 1081
1053 1101
1053 1112
1053 1147
1053 1149
1053 1152
1053 1162
1053 1164
1053 1188
1053 1199
1053 1206
1053 1210
1053 1225
1053 1230
1053 1241
1053 1340
1053 1378
1053 1401
1053 1455
1053 1494
1053 1678
1053 1781
1053 1896
1053 2006
1054 1055
1054 1058
1054 1068
1054 1075
1054 1076
1054 1081
1054 1083
1054 1093
1054 1113
1054 1118
1054 1133
1054 1134
1054 1141
1054 1158
1054 1161
1054 1163
1054 1187
1054 1199
1054 1203
1054 1210
1054 1219
1054 1227
1054 1244
1054 1249
1054 1294
1054 1653
1054 1771
1054 1844
1054 1859
1054 1933
1055 1062
1055 1078
1055 1090
1055 1108
1055 1111
1055 1114
1055 1119
1055 1123
1055 1130
1055 1184
1055 1191
1055 1216
1055 1220
1055 1236
1055 1244
1055 1258
1055 1265
1055 1311
1055 1345
1055 1692
1055 1843
1055 1915
1056 1070
1056 1088
1056 1089
1056 1095
1056 1103
1056 1109
1056 1110
1056 1119
1056 1125
1056 1142
1056 1143
1056 1144
1056 1147
1056 1150
1056 1163
1056 1207
1056 1211
1056 1216
1056 1217
1056 1223
1056 1227
1056 1248
1056 1368
1056 1371
1056 1390
1056 1505
1056 1569
1056 1898
1057 1075
1057 1076
1057 1081
1057 1086
1057 1096
1057 1110
1057 1123
1057 1138
1057 1144
1057 1149
1057 1155
1057 1165
1057 1173
1057 1186
1057 1201
1057 1202
1057 1221
1057 1225
1057 1233
1057 1236
1057 1237
1057 1485
1057 1689
1057 1751
1057 1773
1057 1893
1057 1980
1058 1060
1058 1094
1058 1095
1058 1098
1058 1105
1058 1120
1058 1126
1058 1143
1058 1153
1058 1155
1058 1174
1058 1176
1058 1177
1058 1180
1058 1204
1058 1212
1058 1217
1058 1231
1058 1326
1058 1338
1058 1399
1058 1525
1058 1646
1058 1691
1058 1874
1058 1897
1059 1065
1059 1074
1059 1077
1059 1086
1059 1101
1059 1109
1059 1126
1059 1134
1059 1143
1059 1144
1059 1148
1059 1150
1059 1166
1059 1168
1059 1182
1059 1188
1059 1202
1059 1218
1059 1223
1059 1225
1059 1235
1059 1238
1059 1285
1059 1365
1059 1398
1059 1519
1059 1576
1059 1582
1059 1717
1059 1956
1059 1974
1059 1996
1060 1062
1060 1069
1060 1084
1060 1108
1060 1132
1060 1136
1060 1146
1060 1151
1060 1157
1060 1158
1060 1161
1060 1173
1060 1175
1060 1180
1060 1182
1060 1199
1060 1201
1060 1202
1060 1246
1060 1510
1060 1548
1060 1748
1060 1789
1061 1065
1061 1070
1061 1079
1061 1081
1061 1084
1061 1085
1061 1086
1061 1087
1061 1089
1061 1092
1061 1093
1061 1095
1061 1111
1061 1117
1061 1123
1061 1126
1061 1154
1061 1160
1061 1162
1061 1180
1061 1199
1061 1218
1061 1221
1061 1228
1061 1233
1061 1238
1061 1239
1061 1247
1061 1372
1061 1470
1061 1809
1061 1825
1061 1845
1061 1902
1061 1915
1062 1068
1062 1080
1062 1087
1062 1089
1062 1100
1062 1101
1062 1112
1062 1113
1062 1114
1062 1125
1062 1139
1062 1142
1062 1152
1062 1154
1062 1163
1062 1175
1062 1187
1062 1188
1062 1233
1062 1241
1062 1243
1062 1244
1062 1426
1062 1520
1062 1567
1062 1570
1063 1065
1063 1076
1063 1088
1063 1097
1063 1106
1063 1109
1063 1114
1063 1125
1063 1128
1063 1135
1063 1142
1063 1143
1063 1146
1063 1162
1063 1182
1063 1187
1063 1191
1063 1197
1063 1211
1063 1212
1063 1219
1063 1238
1063 1242
1063 1244
1063 1249
1063 1652
1063 1730
1063 1742
1063 1982
1063 1995
1064 1079
1064 1087
1064 1104
1064 1110
1064 1111
1064 1114
1064 1117
1064 1118
1064 1119
1064 1150
1064 1156
1064 1168
1064 1174
1064 1197
1064 1233
1064 1234
1064 1241
1064 1246
1064 1248
1064 1366
1064 1433
1064 1512
1064 1631
1064 1802
1064 1894
1064 1993
1065 1070
1065 1071
1065 1074
1065 1077
1065 1094
1065 1098
1065 1130
1065 1138
1065 1140
1065 1145
1065 1172
1065 1183
1065 1187
1065 1205
1065 1208
1065 1226
1065 1236
1065 1361
1065 1382
1065 1465
1065 1607
1065 1626
1065 1739
1065 1878
1066 1073
1066 1080
1066 1081
1066 1099
1066 1146
1066 1152
1066 1156
1066 1163
1066 1188
1066 1204
1066 1205
1066 1211
1066 1228
1066 1234
1066 1292
1066 1302
1066 1473
1066 1628
1066 1713
1066 1823
1066 1846
1066 1859
1067 1086
1067 1089
1067 1105
1067 1124
1067 1142
1067 1159
1067 1160
1067 1163
1067 1167
1067 1169
1067 1178
1067 1181
1067 1194
1067 1209
1067 1230
1067 1236
1067 1602
1067 1634
1067 1885
1068 1070
1068 1086
1068 1106
1068 1109
1068 1113
1068 1135
1068 1152
1068 1175
1068 1185
1068 1194
1068 1196
1068 1199
1068 1212
1068 1220
1068 1221
1068 1226
1068 1231
1068 1501
1068 1632
1068 1645
1068 1841
1068 1853
1068 1935
1068 1943
1068 1995
1069 1075
1069 1108
1069 1110
1069 1119
1069 1132
1069 1135
1069 1141
1069 1146
1069 1150
1069 1159
1069 1167
1069 1175
1069 1176
1069 1196
1069 1210
1069 1217
1069 1218
1069 1225
1069 1245
1069 1270
1069 1285
1069 1596
1069 1910
1070 1072
1070 1081
1070 1093
1070 1094
1070 1098
1070 1110
1070 1112
1070 1114
1070 1123
1070 1137
1070 1146
1070 1151
1070 1162
1070 1163
1070 1181
1070 1195
1070 1219
1070 1228
1070 1232
1070 1245
1070 1254
1070 1369
1070 1459
1070 1599
1070 1659
1070 1684
1070 1782
1070 1853
1070 1869
1070 1915
1070 1929
1071 1086
1071 1091
1071 1105
1071 1112
1071 1130
1071 1131
1071 1138
1071 1144
1071 1211
1071 1225
1071 1248
1071 1400
1071 1432
1071 1633
1071 1987
1072 1080
1072 1084
1072 1094
1072 1098
1072 1118
1072 1119
1072 1123
1072 1124
1072 1129
1072 1143
1072 1155
1072 1159
1072 1160
1072 1170
1072 1171
1072 1207
1072 1244
1072 1251
1072 1398
1072 1402
1072 1484
1072 1548
1072 1605
1072 1606
1072 1675
1072 1897
1073 1075
1073 1080
1073 1095
1073 1102
1073 1152
1073 1195
1073 1198
1073 1199
1073 1211
1073 1234
1073 1235
1073 1243
1073 1272
1073 1278
1073 1380
1073 1417
1073 1422
1073 1456
1073 1528
1073 1695
1074 1079
1074 1097
1074 1108
1074 1109
1074 1111
1074 1116
1074 1181
1074 1185
1074 1188
1074 1215
1074 1218
1074 1231
1074 1235
1074 1237
1074 1241
1074 1242
1074 1244
1074 1255
1074 1348
1074 1361
1074 1386
1074 1731
1074 1831
1074 1856
1075 1086
1075 1092
1075 1097
1075 1102
1075 1110
1075 1122
1075 1149
1075 1165
1075 1172
1075 1191
1075 1193
1075 1195
1075 1201
1075 1209
1075 1222
1075 1229
1075 1416
1075 1484
1075 1608
1075 1693
1075 1782
1075 1907
1075 1954
1076 1078
1076 1087
1076 1091
1076 1096
1076 1115
1076 1122
1076 1133
1076 1136
1076 1138
1076 1142
1076 1173
1076 1174
1076 1178
1076 1187
1076 1194
1076 1197
1076 1208
1076 1236
1076 1248
1076 1270
1076 1277
1076 1525
1076 1573
1076 1650
1076 1726
1076 1730
1076 1815
1076 1829
1076 1951
1076 1964
1076 1976
1077 1080
1077 1081
1077 1090
1077 1096
1077 1118
1077 1123
1077 1128
1077 1139
1077 1161
1077 1186
1077 1196
1077 1205
1077 1208
1077 1213
1077 1239
1077 1240
1077 1248
1077 1367
1077 1377
1077 1398
1077 1460
1077 1665
1077 1712
1077 1793
1077 1854
1077 1862
1077 1889
1078 1091
1078 1096
1078 1131
1078 1144
1078 1159
1078 1161
1078 1166
1078 1227
1078 1235
1078 1242
1078 1352
1078 1459
1078 1671
1078 1795
1078 1896
1078 1921
1079 1098
1079 1102
1079 1106
1079 1121
1079 1151
1079 1163
1079 1174
1079 1192
1079 1199
1079 1200
1079 1203
1079 1204
1079 1210
1079 1211
1079 1216
1079 1223
1079 1236
1079 1497
1079 1555
1079 1732
1080 1081
1080 1090
1080 1096
1080 1104
1080 1109
1080 1115
1080 1138
1080 1140
1080 1141
1080 1148
1080 1153
1080 1165
1080 1167
1080 1194
1080 1209
1080 1215
1080 1223
1080 1224
1080 1246
1080 1725
1080 1894
1081 1088
1081 1093
1081 1097
1081 1113
1081 1131
1081 1146
1081 1151
1081 1156
1081 1157
1081 1171
1081 1174
1081 1183
1081 1184
1081 1187
1081 1195
1081 1200
1081 1201
1081 1224
1081 1239
1081 1366
1081 1512
1081 1521
1081 1636
1081 1807
1081 1904
1082 1083
1082 1113
1082 1115
1082 1128
1082 1132
1082 1136
1082 1143
1082 1148
1082 1152
1082 1166
1082 1170
1082 1199
1082 1204
1082 1224
1082 1226
1082 1227
1082 1246
1082 1373
1082 1459
1082 1783
1082 1952
1083 1094
1083 1099
1083 1105
1083 1119
1083 1126
1083 1139
1083 1159
1083 1164
1083 1175
1083 1184
1083 1185
1083 1190
1083 1191
1083 1195
1083 1209
1083 1247
1083 1431
1083 1724
1083 1788
1083 1822
1083 1864
1084 1086
1084 1095
1084 1097
1084 1099
1084 1102
1084 1104
1084 1105
1084 1107
1084 1115
1084 1121
1084 1122
1084 1125
1084 1137
1084 1140
1084 1158
1084 1167
1084 1188
1084 1211
1084 1212
1084 1226
1084 1232
1084 1247
1084 1266
1084 1410
1084 1443
1084 1526
1084 1530
1084 1576
1084 1645
1084 1693
1084 1722
1084 1896
1084 1978
1085 1090
1085 1091
1085 1096
1085 1112
1085 1130
1085 1136
1085 1141
1085 1142
1085 1145
1085 1163
1085 1177
1085 1190
1085 1193
1085 1197
1085 1201
1085 1205
1085 1212
1085 1232
1085 1246
1085 1248
1085 1605
1085 1619
1085 1736
1085 1967
1086 1100
1086 1137
1086 1146
1086 1156
1086 1161
1086 1212
1086 1215
1086 1216
1086 1235
1086 1238
1086 1244
1086 1248
1086 1588
1086 1652
1086 1743
1087 1106
1087 1112
1087 1130
1087 1138
1087 1154
1087 1156
1087 1160
1087 1204
1087 1208
1087 1214
1087 1235
1087 1240
1087 1244
1087 1250
1087 1265
1087 1393
1087 1453
1087 1538
1087 1626
1087 1656
1087 1715
1087 1816
1087 1871
1087 2002
1088 1091
1088 1100
1088 1105
1088 1106
1088 1116
1088 1139
1088 1142
1088 1152
1088 1154
1088 1155
1088 1165
1088 1167
1088 1181
1088 1196
1088 1197
1088 1198
1088 1203
1088 1205
1088 1218
1088 1229
1088 1233
1088 1235
1088 1238
1088 1241
1088 1319
1088 1639
1088 1749
1088 1885
1088 1916
1089 1090
1089 1093
1089 1108
1089 1115
1089 1151
1089 1158
1089 1166
1089 1191
1089 1212
1089 1213
1089 1217
1089 1233
1089 1239
1089 1240
1089 1243
1089 1245
1089 1246
1089 1429
1089 1437
1089 1635
1090 1098
1090 1110
1090 1135
1090 1138
1090 1144
1090 1159
1090 1167
1090 1173
1090 1179
1090 1194
1090 1200
1090 1203
1090 1207
1090 1247
1090 1404
1090 1531
1090 1958
1090 1980
1091 1097
1091 1099
1091 1105
1091 1110
1091 1111
1091 1119
1091 1125
1091 1142
1091 1147
1091 1175
1091 1188
1091 1214
1091 1221
1091 1241
1091 1299
1091 1356
1091 1482
1091 1805
1091 1820
1092 1099
1092 1113
1092 1114
1092 1116
1092 1123
1092 1139
1092 1143
1092 1144
1092 1145
1092 1159
1092 1171
1092 1174
1092 1187
1092 1199
1092 1233
1092 1243
1092 1617
1092 1619
1092 1656
1092 1666
1092 1855
1092 1924
1092 1975
1093 1098
1093 1101
1093 1111
1093 1126
1093 1132
1093 1139
1093 1145
1093 1159
1093 1164
1093 1167
1093 1188
1093 1189
1093 1196
1093 1232
1093 1237
1093 1355
1093 1387
1093 1465
1093 1486
1093 1501
1093 1537
1093 1730
1094 1098
1094 1101
1094 1102
1094 1103
1094 1111
1094 1126
1094 1150
1094 1152
1094 1156
1094 1185
1094 1195
1094 1201
1094 1209
1094 1212
1094 1214
1094 1225
1094 1240
1094 1244
1094 1247
1094 1339
1094 1741
1094 1751
1094 1904
1094 1916
1094 1930
1094 1942
1094 1954
1095 1109
1095 1114
1095 1141
1095 1145
1095 1154
1095 1163
1095 1176
1095 1181
1095 1188
1095 1204
1095 1237
1095 1249
1095 1451
1095 1752
1095 1833
1095 1898
1095 1978
1096 1104
1096 1105
1096 1117
1096 1118
1096 1120
1096 1135
1096 1147
1096 1148
1096 1159
1096 1161
1096 1162
1096 1168
1096 1169
1096 1173
1096 1176
1096 1196
1096 1201
1096 1202
1096 1210
1096 1211
1096 1221
1096 1226
1096 1228
1096 1743
1097 1100
1097 1105
1097 1110
1097 1121
1097 1133
1097 1135
1097 1148
1097 1152
1097 1156
1097 1157
1097 1164
1097 1176
1097 1187
1097 1188
1097 1190
1097 1197
1097 1198
1097 1220
1097 1221
1097 1223
1097 1226
1097 1231
1097 1240
1097 1243
1097 1246
1097 1248
1097 1451
1097 1470
1097 1518
1097 1538
1097 1567
1097 1606
1097 1771
1097 1825
1097 1947
1097 1962
1097 2003
1098 1100
1098 1107
1098 1110
1098 1113
1098 1127
1098 1129
1098 1132
1098 1136
1098 1148
1098 1153
1098 1180
1098 1185
1098 1196
1098 1208
1098 1224
1098 1228
1098 1238
1098 1239
1098 1342
1098 1757
1098 1815
1098 1852
1098 1913
1099 1109
1099 1119
1099 1126
1099 1131
1099 1136
1099 1148
1099 1152
1099 1155
1099 1161
1099 1162
1099 1172
1099 1176
1099 1180
1099 1183
1099 1187
1099 1193
1099 1218
1099 1247
1099 1374
1099 1464
1099 1565
1099 1577
1099 1837
1099 1927
1100 1108
1100 1127
1100 1142
1100 1144
1100 1149
1100 1151
1100 1155
1100 1177
1100 1181
1100 1186
1100 1192
1100 1194
1100 1209
1100 1216
1100 1234
1100 1246
1100 1380
1100 1455
1100 1566
1100 1677
1100 1700
1100 1786
1100 1901
1100 1924
1101 1119
1101 1126
1101 1130
1101 1138
1101 1143
1101 1160
1101 1161
1101 1189
1101 1192
1101 1196
1101 1197
1101 1211
1101 1214
1101 1234
1101 1323
1101 1405
1101 1471
1101 1518
1101 1641
1101 1725
1101 1727
1101 1764
1102 1127
1102 1155
1102 1167
1102 1173
1102 1179
1102 1181
1102 1183
1102 1189
1102 1192
1102 1203
1102 1210
1102 1217
1102 1416
1102 1504
1102 1601
1102 1602
1102 1625
1103 1104
1103 1116
1103 1140
1103 1149
1103 1156
1103 1159
1103 1172
1103 1178
1103 1183
1103 1211
1103 1213
1103 1215
1103 1221
1103 1236
1103 1369
1103 1674
1103 1761
1103 1888
1103 1933
1104 1121
1104 1129
1104 1136
1104 1138
1104 1157
1104 1177
1104 1181
1104 1184
1104 1187
1104 1195
1104 1196
1104 1248
1104 1326
1104 1377
1104 1431
1104 1599
1104 1627
1104 1690
1104 1771
1104 1892
1105 1109
1105 1115
1105 1118
1105 1120
1105 1129
1105 1132
1105 1136
1105 1177
1105 1185
1105 1190
1105 1192
1105 1196
1105 1211
1105 1238
1105 1537
1105 1682
1105 1890
1105 1894
1106 1139
1106 1144
1106 1146
1106 1152
1106 1157
1106 1160
1106 1165
1106 1195
1106 1204
1106 1212
1106 1214
1106 1228
1106 1230
1106 1442
1106 1459
1106 1565
1106 1696
1106 1702
1106 1757
1107 1116
1107 1128
1107 1136
1107 1138
1107 1145
1107 1151
1107 1162
1107 1172
1107 1174
1107 1184
1107 1186
1107 1189
1107 1192
1107 1199
1107 1207
1107 1217
1107 1222
1107 1228
1107 1239
1107 1246
1107 1248
1107 1388
1107 1526
1107 1628
1107 1907
1107 1966
1107 1999
1108 1121
1108 1128
1108 1132
1108 1137
1108 1149
1108 1160
1108 1170
1108 1172
1108 1173
1108 1191
1108 1207
1108 1209
1108 1210
1108 1220
1108 1236
1108 1237
1108 1244
1108 1249
1108 1460
1108 1479
1108 1578
1108 1636
1108 1742
1109 1124
1109 1144
1109 1155
1109 1185
1109 1190
1109 1209
1109 1214
1109 1233
1109 1410
1109 1535
1110 1121
1110 1129
1110 1130
1110 1168
1110 1190
1110 1217
1110 1225
1110 1233
1110 1277
1110 1548
1110 1570
1110 1586
1110 1618
1110 1647
1110 1660
1110 1751
1110 1756
1111 1115
1111 1117
1111 1118
1111 1121
1111 1131
1111 1136
1111 1138
1111 1145
1111 1155
1111 1158
1111 1173
1111 1198
1111 1225
1111 1233
1111 1249
1111 1322
1111 1335
1111 1392
1111 1616
1111 1671
1111 1706
1111 1966
1111 1983
1112 1115
1112 1118
1112 1123
1112 1143
1112 1145
1112 1178
1112 1180
1112 1183
1112 1218
1112 1228
1112 1351
1112 1659
1112 1820
1112 1848
1112 1878
1112 1891
1112 1948
1113 1126
1113 1136
1113 1153
1113 1155
1113 1163
1113 1167
1113 1170
1113 1186
1113 1214
1113 1222
1113 1235
1113 1466
1113 1573
1113 1579
1113 1585
1113 1925
1113 1942
1114 1115
1114 1129
1114 1134
1114 1139
1114 1149
1114 1164
1114 1167
1114 1169
1114 1190
1114 1214
1114 1221
1114 1232
1114 1236
1114 1240
1114 1410
1114 1769
1114 1780
1114 1812
1114 1891
1115 1120
1115 1121
1115 1138
1115 1139
1115 1141
1115 1143
1115 1145
1115 1151
1115 1153
1115 1158
1115 1180
1115 1203
1115 1210
1115 1217
1115 1223
1115 1235
1115 1241
1115 1279
1115 1423
1115 1502
1115 1582
1115 1761
1115 1795
1115 1935
1115 1960
1115 1997
1116 1126
1116 1142
1116 1154
1116 1162
1116 1163
1116 1165
1116 1169
1116 1173
1116 1178
1116 1179
1116 1185
1116 1199
1116 1202
1116 1211
1116 1216
1116 1232
1116 1234
1116 1237
1116 1286
1116 1567
1116 1604
1116 1684
1116 2000
1117 1126
1117 1135
1117 1145
1117 1146
1117 1148
1117 1155
1117 1163
1117 1170
1117 1182
1117 1197
1117 1201
1117 1206
1117 1211
1117 1221
1117 1232
1117 1233
1117 1276
1117 1643
1117 1694
1118 1123
1118 1125
1118 1129
1118 1139
1118 1141
1118 1143
1118 1151
1118 1153
1118 1154
1118 1171
1118 1172
1118 1181
1118 1193
1118 1218
1118 1228
1118 1236
1118 1241
1118 1245
1118 1397
1118 1468
1118 1553
1118 1803
1119 1144
1119 1158
1119 1170
1119 1203
1119 1215
1119 1217
1119 1235
1119 1237
1119 1244
1119 1335
1119 1349
1119 1416
1119 1475
1119 1541
1119 1778
1119 1928
1120 1131
1120 1140
1120 1143
1120 1147
1120 1192
1120 1195
1120 1201
1120 1203
1120 1214
1120 1220
1120 1229
1120 1231
1120 1240
1120 1308
1120 1330
1120 1371
1120 1372
1120 1417
1120 1425
1120 1555
1120 1623
1120 1997
1120 2004
1121 1125
1121 1135
1121 1145
1121 1148
1121 1156
1121 1177
1121 1179
1121 1186
1121 1210
1121 1216
1121 1232
1121 1233
1121 1235
1121 1237
1121 1242
1121 1245
1121 1276
1121 1372
1121 1374
1121 1465
1121 1751
1121 1756
1121 1987
1122 1125
1122 1126
1122 1133
1122 1134
1122 1162
1122 1171
1122 1173
1122 1176
1122 1185
1122 1202
1122 1230
1122 1235
1122 1297
1122 1628
1122 1714
1122 1799
1122 1930
1123 1127
1123 1135
1123 1136
1123 1137
1123 1138
1123 1143
1123 1157
1123 1161
1123 1168
1123 1175
1123 1187
1123 1191
1123 1200
1123 1229
1123 1238
1123 1248
1123 1451
1123 1510
1123 1570
1123 1651
1123 1749
1123 1789
1123 1841
1123 1964
1124 1140
1124 1145
1124 1189
1124 1193
1124 1210
1124 1215
1124 1224
1124 1272
1124 1278
1124 1342
1124 1453
1124 1477
1124 1537
1124 1541
1124 1650
1124 1757
1124 1760
1124 1763
1124 1900
1124 1932
1125 1139
1125 1143
1125 1160
1125 1162
1125 1188
1125 1192
1125 1195
1125 1203
1125 1221
1125 1230
1125 1234
1125 1376
1125 1599
1125 1601
1125 1836
1125 1844
1126 1138
1126 1153
1126 1160
1126 1168
1126 1183
1126 1186
1126 1192
1126 1205
1126 1210
1126 1237
1126 1238
1126 1239
1126 1243
1126 1246
1126 1315
1126 1446
1126 1510
1126 1536
1126 1603
1126 1728
1127 1130
1127 1140
1127 1153
1127 1160
1127 1171
1127 1173
1127 1177
1127 1184
1127 1185
1127 1188
1127 1198
1127 1206
1127 1213
1127 1218
1127 1222
1127 1223
1127 1229
1127 1231
1127 1239
1127 1320
1127 1483
1127 1541
1127 1566
1127 1629
1127 1847
1127 1998
1128 1138
1128 1139
1128 1156
1128 1178
1128 1186
1128 1229
1128 1247
1128 1248
1128 1271
1128 1286
1128 1538
1128 1559
1128 1658
1128 1848
1128 1909
1129 1130
1129 1145
1129 1149
1129 1156
1129 1163
1129 1164
1129 1170
1129 1180
1129 1181
1129 1183
1129 1184
1129 1190
1129 1198
1129 1225
1129 1243
1129 1332
1129 1546
1129 1666
1129 1848
1129 1935
1129 2005
1130 1145
1130 1148
1130 1152
1130 1156
1130 1168
1130 1172
1130 1181
1130 1221
1130 1222
1130 1230
1130 1241
1130 1243
1130 1576
1130 1761
1131 1136
1131 1147
1131 1149
1131 1152
1131 1155
1131 1157
1131 1180
1131 1181
1131 1182
1131 1195
1131 1210
1131 1239
1131 1241
1131 1327
1131 1551
1131 1697
1132 1133
1132 1145
1132 1157
1132 1168
1132 1178
1132 1188
1132 1189
1132 1207
1132 1214
1132 1215
1132 1220
1132 1221
1132 1238
1132 1247
1132 1261
1132 1557
1132 1781
1132 1851
1132 1861
1133 1147
1133 1167
1133 1173
1133 1174
1133 1197
1133 1209
1133 1210
1133 1225
1133 1226
1133 1232
1133 1403
1133 1580
1133 1719
1133 1760
1133 1833
1134 1135
1134 1156
1134 1157
1134 1190
1134 1194
1134 1206
1134 1207
1134 1217
1134 1221
1134 1227
1134 1233
1134 1234
1134 1279
1134 1296
1134 1617
1134 1659
1134 1806
1134 1820
1134 1855
1134 1879
1134 1905
1135 1160
1135 1184
1135 1208
1135 1224
1135 1229
1135 1236
1135 1249
1135 1544
1135 1662
1135 1671
1135 1745
1135 1749
1135 1833
1135 1887
1135 1902
1135 1975
1136 1143
1136 1150
1136 1162
1136 1169
1136 1175
1136 1176
1136 1229
1136 1236
1136 1669
1136 1671
1136 1711
1136 1859
1137 1146
1137 1149
1137 1167
1137 1169
1137 1170
1137 1176
1137 1182
1137 1191
1137 1200
1137 1208
1137 1212
1137 1233
1137 1237
1137 1239
1137 1242
1137 1244
1137 1423
1137 1461
1137 1588
1137 1609
1137 1811
1137 1979
1138 1147
1138 1148
1138 1152
1138 1170
1138 1180
1138 1181
1138 1190
1138 1201
1138 1216
1138 1218
1138 1231
1138 1411
1138 1448
1138 1613
1138 1636
1138 1704
1138 1728
1139 1147
1139 1148
1139 1152
1139 1153
1139 1157
1139 1167
1139 1169
1139 1172
1139 1176
1139 1182
1139 1185
1139 1193
1139 1208
1139 1213
1139 1225
1139 1238
1139 1245
1139 1247
1139 1341
1139 1618
1139 1843
1139 1867
1139 1933
1140 1143
1140 1145
1140 1147
1140 1148
1140 1158
1140 1166
1140 1172
1140 1216
1140 1243
1140 1272
1140 1293
1140 1557
1140 1648
1140 1735
1141 1145
1141 1149
1141 1158
1141 1165
1141 1180
1141 1199
1141 1209
1141 1232
1141 1245
1141 1246
1141 1247
1141 1375
1141 1466
1141 1504
1141 1601
1141 1953
1142 1143
1142 1159
1142 1170
1142 1172
1142 1173
1142 1174
1142 1183
1142 1217
1142 1220
1142 1224
1142 1234
1142 1240
1142 1554
1142 1629
1142 1762
1142 1976
1142 1996
1143 1157
1143 1161
1143 1162
1143 1166
1143 1204
1143 1207
1143 1209
1143 1218
1143 1226
1143 1240
1143 1248
1143 1336
1143 1583
1143 1790
1143 1891
1144 1148
1144 1153
1144 1159
1144 1161
1144 1173
1144 1194
1144 1196
1144 1204
1144 1217
1144 1243
1144 1245
1144 1321
1144 1447
1144 1463
1144 1541
1144 1547
1144 1651
1144 1672
1144 1695
1144 1923
1144 1985
1145 1153
1145 1154
1145 1159
1145 1160
1145 1166
1145 1177
1145 1181
1145 1188
1145 1192
1145 1206
1145 1213
1145 1231
1145 1243
1145 1316
1145 1375
1145 1489
1145 1528
1145 1566
1145 1592
1145 1851
1145 1864
1145 1933
1146 1155
1146 1205
1146 1214
1146 1224
1146 1232
1146 1238
1146 1239
1146 1241
1146 1276
1146 1347
1146 1416
1146 1579
1146 1684
1146 1760
1146 1831
1146 1922
1147 1174
1147 1179
1147 1182
1147 1190
1147 1191
1147 1201
1147 1226
1147 1418
1147 1425
1147 1517
1147 1552
1147 1716
1147 1777
1147 1869
1147 1940
1147 1949
1148 1150
1148 1155
1148 1168
1148 1178
1148 1181
1148 1182
1148 1198
1148 1202
1148 1226
1148 1232
1148 1233
1148 1236
1148 1242
1148 1755
1148 1867
1148 1924
1149 1158
1149 1169
1149 1192
1149 1195
1149 1204
1149 1219
1149 1226
1149 1231
1149 1239
1149 1309
1149 1362
1149 1393
1149 1529
1149 1538
1149 1601
1149 1840
1149 1876
1149 1877
1149 1912
1150 1152
1150 1153
1150 1164
1150 1194
1150 1195
1150 1206
1150 1211
1150 1214
1150 1217
1150 1224
1150 1225
1150 1235
1150 1239
1150 1248
1150 1295
1150 1418
1150 1425
1150 1568
1150 1715
1150 1796
1150 1975
1151 1152
1151 1160
1151 1166
1151 1182
1151 1183
1151 1185
1151 1189
1151 1194
1151 1199
1151 1201
1151 1210
1151 1224
1151 1225
1151 1227
1151 1238
1151 1239
1151 1249
1151 1298
1151 1306
1151 1428
1151 1566
1151 1801
1152 1155
1152 1158
1152 1164
1152 1203
1152 1222
1152 1249
1152 1311
1152 1649
1152 1711
1152 1721
1152 1809
1152 1979
1153 1156
1153 1160
1153 1161
1153 1169
1153 1174
1153 1175
1153 1179
1153 1192
1153 1196
1153 1215
1153 1219
1153 1221
1153 1230
1153 1232
1153 1240
1153 1247
1153 1368
1153 1410
1153 1494
1153 1649
1153 1954
1154 1157
1154 1159
1154 1160
1154 1171
1154 1174
1154 1180
1154 1181
1154 1199
1154 1205
1154 1214
1154 1246
1154 1248
1154 1329
1154 1586
1154 1588
1154 1786
1154 1937
1154 1948
1155 1165
1155 1210
1155 1213
1155 1217
1155 1235
1155 1245
1155 1410
1155 1427
1155 1762
1155 1859
1155 1862
1155 1866
1156 1166
1156 1204
1156 1221
1156 1227
1156 1230
1156 1364
1156 1927
1156 1931
1156 1972
1157 1158
1157 1169
1157 1176
1157 1184
1157 1202
1157 1206
1157 1231
1157 1232
1157 1233
1157 1239
1157 1244
1157 1247
1157 1272
1157 1329
1157 1503
1157 1525
1157 1610
1157 1802
1157 1887
1157 1994
1157 1997
1158 1160
1158 1164
1158 1173
1158 1180
1158 1188
1158 1198
1158 1200
1158 1202
1158 1203
1158 1216
1158 1223
1158 1224
1158 1243
1158 1254
1158 1277
1158 1367
1158 1617
1158 1657
1158 1762
1158 1774
1158 1960
1159 1166
1159 1190
1159 1207
1159 1220
1159 1316
1159 1423
1159 1555
1159 1970
1159 1979
1160 1183
1160 1191
1160 1211
1160 1218
1160 1227
1160 1231
1160 1379
1160 1392
1160 1550
1160 1681
1160 1925
1161 1180
1161 1190
1161 1196
1161 1211
1161 1213
1161 1218
1161 1227
1161 1243
1161 1358
1161 1360
1161 1364
1161 1515
1161 1644
1161 2001
1162 1168
1162 1178
1162 1181
1162 1192
1162 1202
1162 1224
1162 1243
1162 1246
1162 1323
1162 1788
1162 1808
1162 1848
1162 1900
1162 1920
1163 1168
1163 1171
1163 1177
1163 1186
1163 1194
1163 1201
1163 1203
1163 1209
1163 1211
1163 1212
1163 1217
1163 1226
1163 1227
1163 1228
1163 1231
1163 1238
1163 1242
1163 1247
1163 1523
1163 1681
1163 1795
1163 1866
1163 1868
1163 1977
1163 1978
1164 1184
1164 1191
1164 1209
1164 1232
1164 1239
1164 1312
1164 1325
1164 1401
1164 1493
1164 1518
1164 1604
1164 1611
1164 1718
1164 1818
1164 1987
1165 1174
1165 1176
1165 1181
1165 1183
1165 1188
1165 1194
1165 1203
1165 1206
1165 1208
1165 1211
1165 1218
1165 1226
1165 1230
1165 1235
1165 1236
1165 1291
1165 1319
1165 1509
1165 1572
1165 1711
1165 1826
1165 1830
1165 1951
1166 1174
1166 1203
1166 1225
1166 1609
1166 1645
1166 1659
1166 1927
1166 1962
1167 1171
1167 1177
1167 1178
1167 1182
1167 1204
1167 1212
1167 1214
1167 1215
1167 1220
1167 1238
1167 1239
1167 1246
1167 1248
1167 1254
1167 1319
1167 1420
1167 1576
1167 1615
1167 1637
1167 1645
1167 1661
1167 1750
1167 1770
1167 1992
1168 1176
1168 1198
1168 1206
1168 1217
1168 1219
1168 1243
1168 1244
1168 1302
1168 1597
1168 1632
1168 1791
1169 1174
1169 1175
1169 1176
1169 1182
1169 1195
1169 1231
1169 1236
1169 1243
1169 1249
1169 1634
1169 1746
1169 1829
1169 1884
1169 1981
1170 1174
1170 1176
1170 1181
1170 1189
1170 1194
1170 1217
1170 1220
1170 1232
1170 1284
1170 1335
1170 1418
1170 1884
1171 1179
1171 1180
1171 1199
1171 1200
1171 1202
1171 1205
1171 1220
1171 1242
1171 1322
1171 1478
1171 1839
1171 1892
1171 1922
1172 1173
1172 1176
1172 1187
1172 1189
1172 1194
1172 1205
1172 1220
1172 1387
1172 1767
1173 1175
1173 1181
1173 1186
1173 1199
1173 1294
1173 1308
1173 1414
1173 1429
1173 1857
1173 1918
1173 1922
1174 1194
1174 1220
1174 1236
1174 1243
1174 1248
1174 1355
1174 1671
1174 1893
1175 1179
1175 1186
1175 1188
1175 1190
1175 1203
1175 1282
1175 1353
1175 1700
1175 1722
1175 1798
1175 1805
1175 1814
1175 1882
1175 1935
1176 1184
1176 1188
1176 1195
1176 1229
1176 1233
1176 1234
1176 1238
1176 1247
1176 1283
1176 1495
1176 1575
1176 1803
1176 1871
1176 1927
1176 2001
1177 1185
1177 1188
1177 1209
1177 1211
1177 1219
1177 1227
1177 1237
1177 1328
1177 1501
1177 1545
1177 1555
1177 1642
1177 1709
1177 1714
1177 1820
1177 1881
1178 1180
1178 1184
1178 1190
1178 1194
1178 1212
1178 1215
1178 1218
1178 1223
1178 1678
1178 1691
1178 1781
1179 1182
1179 1244
1179 1424
1179 1685
1179 1689
1179 1902
1179 1951
1179 1990
1180 1193
1180 1209
1180 1218
1180 1222
1180 1238
1180 1245
1180 1247
1180 1463
1180 1554
1180 1713
1180 1725
1180 1900
1180 1963
1181 1217
1181 1223
1181 1238
1181 1243
1181 1248
1181 1329
1181 1357
1181 1376
1181 1386
1181 1580
1181 1645
1181 1686
1181 1806
1181 1880
1181 1920
1181 1926
1182 1196
1182 1199
1182 1228
1182 1229
1182 1242
1182 1298
1182 1334
1182 1482
1182 1610
1183 1187
1183 1208
1183 1209
1183 1228
1183 1231
1183 1234
1183 1247
1183 1278
1183 1703
1183 1805
1183 1909
1183 1929
1183 2003
1184 1187
1184 1193
1184 1210
1184 1224
1184 1225
1184 1226
1184 1234
1184 1238
1184 1612
1184 1759
1184 1888
1185 1214
1185 1217
1185 1225
1185 1228
1185 1232
1185 1239
1185 1249
1185 1336
1185 1346
1185 1447
1185 1685
1185 1845
1186 1193
1186 1195
1186 1199
1186 1211
1186 1216
1186 1219
1186 1224
1186 1230
1186 1232
1186 1239
1186 1246
1186 1249
1186 1253
1186 1367
1186 1474
1186 1602
1186 1669
1186 1764
1186 1813
1186 1824
1186 1835
1187 1191
1187 1203
1187 1210
1187 1212
1187 1227
1187 1235
1187 1240
1187 1244
1187 1247
1187 1248
1187 1267
1187 1343
1187 1378
1187 1452
1187 1571
1187 1620
1187 1692
1187 1917
1187 1975
1188 1190
1188 1191
1188 1196
1188 1202
1188 1204
1188 1210
1188 1211
1188 1217
1188 1372
1188 1402
1188 1431
1188 1660
1188 1675
1188 1964
1188 1982
1188 1999
1189 1195
1189 1200
1189 1208
1189 1228
1189 1230
1189 1234
1189 1247
1189 1248
1189 1297
1189 1372
1189 1408
1189 1442
1189 1527
1189 1567
1189 1648
1189 1683
1189 1823
1190 1193
1190 1207
1190 1222
1190 1223
1190 1243
1190 1245
1190 1247
1190 1248
1190 1259
1190 1545
1190 1725
1190 1757
1190 1893
1190 1986
1191 1192
1191 1196
1191 1201
1191 1204
1191 1205
1191 1206
1191 1209
1191 1210
1191 1212
1191 1214
1191 1226
1191 1230
1191 1299
1191 1335
1191 1471
1191 1533
1191 1609
1191 1613
1191 1688
1191 1743
1192 1200
1192 1203
1192 1205
1192 1212
1192 1226
1192 1228
1192 1230
1192 1338
1192 1354
1192 1405
1192 1556
1192 1557
1192 1559
1192 1919
1192 1922
1193 1221
1193 1222
1193 1227
1193 1247
1193 1346
1193 1359
1193 1471
1193 1759
1193 1805
1193 1831
1193 1918
1193 1988
1194 1198
1194 1213
1194 1232
1194 1252
1194 1275
1194 1354
1194 1856
1194 1873
1194 1967
1195 1199
1195 1216
1195 1223
1195 1225
1195 1232
1195 1235
1195 1240
1195 1244
1195 1272
1195 1277
1195 1318
1195 1336
1195 1539
1195 1579
1195 1673
1195 1979
1196 1205
1196 1212
1196 1219
1196 1226
1196 1234
1196 1363
1196 1476
1196 1530
1196 1562
1196 1666
1196 1779
1196 1963
1197 1201
1197 1217
1197 1368
1197 1448
1197 1538
1198 1210
1198 1213
1198 1215
1198 1217
1198 1235
1198 1249
1198 1271
1198 1376
1198 1528
1198 1766
1198 1926
1199 1219
1199 1221
1199 1226
1199 1246
1199 1249
1199 1329
1199 1382
1199 1592
1199 1671
1199 1743
1199 1766
1199 1857
1199 1986
1200 1204
1200 1213
1200 1229
1200 1243
1200 1403
1200 1407
1200 1535
1200 1662
1200 1716
1200 1835
1200 1888
1200 1981
1201 1233
1201 1238
1201 1246
1201 1381
1201 1388
1201 1489
1201 1532
1201 1668
1201 1825
1201 1995
1201 2000
1202 1211
1202 1213
1202 1216
1202 1221
1202 1225
1202 1245
1202 1255
1202 1336
1202 1337
1202 1502
1202 1517
1202 1530
1202 1838
1202 1941
1202 1942
1203 1204
1203 1217
1203 1226
1203 1228
1203 1234
1203 1253
1203 1278
1203 1433
1203 1517
1203 1627
1203 1663
1204 1215
1204 1226
1204 1232
1204 1239
1204 1249
1204 1486
1204 1499
1204 1514
1204 1545
1204 1548
1204 1559
1204 1889
1204 1997
1205 1206
1205 1208
1205 1212
1205 1224
1205 1235
1205 1357
1205 1371
1205 1544
1205 1659
1205 1709
1205 1774
1205 1934
1206 1209
1206 1231
1206 1239
1206 1240
1206 1243
1206 1399
1206 1525
1206 1536
1206 1631
1206 1818
1207 1220
1207 1240
1207 1243
1207 1248
1207 1269
1207 1275
1207 1281
1207 1290
1207 1352
1207 1488
1207 1561
1207 1654
1207 1803
1208 1211
1208 1212
1208 1219
1208 1229
1208 1239
1208 1247
1208 1510
1208 1565
1208 1872
1208 1959
1209 1224
1209 1227
1209 1235
1209 1299
1209 1397
1209 1592
1209 1797
1209 1811
1209 1891
1209 1900
1209 1980
1210 1216
1210 1228
1210 1235
1210 1333
1210 1351
1210 1610
1210 1884
1211 1221
1211 1256
1211 1503
1211 1528
1211 1657
1211 1991
1212 1215
1212 1231
1212 1233
1212 1238
1212 1246
1212 1416
1212 1487
1212 1502
1212 1680
1212 1692
1212 1711
1212 1738
1212 1784
1212 1833
1212 1881
1213 1231
1213 1237
1213 1244
1213 1247
1213 1461
1213 1537
1213 1747
1213 1771
1213 1814
1213 1818
1213 1933
1213 1976
1214 1239
1214 1244
1214 1310
1214 1414
1214 1425
1214 1475
1214 1639
1214 1648
1214 1690
1214 1854
1214 1863
1214 1931
1214 1968
1215 1233
1215 1299
1215 1540
1215 1564
1215 1636
1216 1218
1216 1227
1216 1236
1216 1248
1216 1296
1216 1299
1216 1342
1216 1533
1216 1657
1216 1692
1216 2002
1217 1334
1217 1529
1217 1538
1217 1597
1217 1607
1217 1846
1217 1925
1217 1938
1218 1244
1218 1249
1218 1479
1218 1535
1218 1665
1218 1787
1218 1811
1218 1847
1219 1221
1219 1236
1219 1238
1219 1244
1219 1374
1219 1454
1219 1532
1219 1597
1219 1671
1219 1699
1219 1791
1219 1797
1219 1956
1220 1221
1220 1224
1220 1233
1220 1234
1220 1236
1220 1272
1220 1373
1220 1707
1220 1737
1220 1777
1220 1786
1220 1812
1221 1224
1221 1231
1221 1239
1221 1247
1221 1327
1221 1354
1221 1359
1221 1602
1221 1832
1221 1841
1221 1889
1222 1229
1222 1233
1222 1242
1222 1247
1222 1290
1222 1327
1222 1528
1222 1955
1223 1228
1223 1238
1223 1240
1223 1248
1223 1423
1223 1527
1223 1645
1223 1754
1223 1817
1223 1968
1224 1225
1224 1239
1224 1380
1224 1641
1224 1647
1224 1675
1224 1765
1224 1806
1225 1233
1225 1234
1225 1239
1225 1247
1225 1263
1225 1349
1225 1415
1225 1589
1225 1782
1225 1796
1225 1863
1226 1244
1226 1248
1226 1249
1226 1829
1226 1928
1226 1974
1227 1240
1227 1242
1227 1251
1227 1323
1227 1336
1227 1401
1227 1428
1227 1435
1227 1527
1227 1597
1227 1608
1227 1736
1227 1838
1227 1845
1227 1986
1228 1230
1228 1244
1228 1310
1228 1318
1228 1496
1228 1556
1228 1829
1229 1239
1229 1244
1229 1511
1229 1675
1229 1718
1229 1905
1230 1241
1230 1242
1230 1247
1230 1280
1230 1563
1230 1898
1230 1984
1230 1995
1231 1238
1231 1301
1231 1537
1231 1947
1232 1242
1232 1245
1232 1372
1232 1580
1232 1734
1232 1790
1232 1820
1232 1861
1232 1932
1233 1238
1233 1542
1233 1577
1233 1775
1233 1856
1233 1967
1233 2006
1234 1268
1234 1272
1234 1369
1234 1390
1234 1411
1234 1482
1234 1635
1234 1749
1234 1889
1235 1272
1235 1278
1235 1287
1235 1318
1235 1333
1235 1570
1235 1601
1235 1859
1235 1928
1236 1245
1236 1423
1236 1660
1236 1803
1236 1984
1237 1243
1237 1245
1237 1249
1237 1429
1237 1441
1237 1450
1237 1493
1237 1569
1237 1624
1237 1732
1237 1881
1238 1241
1238 1246
1238 1247
1238 1339
1238 1465
1238 1644
1238 1694
1238 1736
1238 1800
1238 1838
1238 1949
1238 1997
1238 1999
1239 1241
1239 1299
1239 1377
1239 1545
1239 1621
1239 1705
1239 1730
1239 1826
1239 1848
1240 1244
1240 1247
1240 1518
1240 1640
1240 1743
1240 1745
1240 1760
1240 1855
1241 1250
1241 1279
1241 1300
1241 1303
1241 1333
1241 1350
1241 1823
1241 1836
1241 1851
1242 1296
1242 1526
1242 1574
1242 1585
1242 1734
1242 1841
1242 1851
1242 1861
1242 1905
1242 1980
1243 1253
1243 1477
1243 1565
1243 1602
1243 1621
1243 1687
1243 1758
1243 1953
1244 1335
1244 1495
1244 1552
1244 1780
1244 1785
1244 1992
1245 1672
1245 1855
1245 1891
1245 1911
1245 1932
1246 1413
1246 1489
1246 1825
1246 1834
1246 1911
1247 1351
1247 1855
1247 1869
1247 1960
1247 1993
1248 1249
1248 1305
1248 1401
1248 1522
1248 1562
1248 1743
1248 1821
1248 1837
1248 1876
1249 1258
1249 1264
1249 1303
1249 1353
1249 1355
1249 1491
1249 1500
1249 1532
1249 1697
1250 1265
1250 1275
1250 1306
1250 1314
1250 1317
1250 1322
1250 1338
1250 1344
1250 1363
1250 1389
1250 1399
1250 1414
1250 1421
1250 1449
1250 1455
1250 1478
1250 1482
1250 1485
1250 1662
1250 1825
1250 1926
1251 1255
1251 1271
1251 1279
1251 1304
1251 1312
1251 1333
1251 1336
1251 1341
1251 1369
1251 1371
1251 1375
1251 1380
1251 1389
1251 1403
1251 1405
1251 1417
1251 1421
1251 1425
1251 1432
1251 1451
1251 1464
1251 1486
1251 1498
1251 1755
1251 1832
1251 1864
1251 1878
1251 1892
1252 1263
1252 1284
1252 1316
1252 1319
1252 1326
1252 1335
1252 1337
1252 1374
1252 1378
1252 1397
1252 1410
1252 1412
1252 1451
1252 1468
1252 1483
1252 1486
1252 1490
1252 1576
1252 1600
1252 1700
1252 1788
1252 1805
1252 1806
1252 1841
1252 1885
1253 1255
1253 1262
1253 1286
1253 1292
1253 1293
1253 1297
1253 1300
1253 1313
1253 1317
1253 1319
1253 1333
1253 1341
1253 1381
1253 1394
1253 1395
1253 1405
1253 1407
1253 1410
1253 1414
1253 1424
1253 1430
1253 1451
1253 1464
1253 1467
1253 1479
1253 1494
1253 1634
1253 1777
1253 1799
1253 1842
1253 1890
1253 1967
1254 1260
1254 1291
1254 1297
1254 1311
1254 1324
1254 1340
1254 1342
1254 1343
1254 1346
1254 1361
1254 1394
1254 1397
1254 1400
1254 1430
1254 1432
1254 1433
1254 1435
1254 1436
1254 1468
1254 1483
1254 1488
1254 1495
1254 1498
1255 1279
1255 1292
1255 1309
1255 1311
1255 1341
1255 1350
1255 1359
1255 1373
1255 1378
1255 1385
1255 1390
1255 1400
1255 1405
1255 1411
1255 1415
1255 1432
1255 1434
1255 1453
1255 1464
1255 1476
1255 1479
1255 1480
1255 1483
1255 1493
1255 1497
1255 1499
1255 1635
1256 1263
1256 1265
1256 1273
1256 1281
1256 1291
1256 1297
1256 1319
1256 1320
1256 1324
1256 1328
1256 1335
1256 1343
1256 1349
1256 1365
1256 1372
1256 1378
1256 1380
1256 1381
1256 1386
1256 1387
1256 1408
1256 1417
1256 1443
1256 1446
1256 1448
1256 1449
1256 1451
1256 1466
1256 1470
1256 1473
1256 1480
1256 1482
1256 1496
1256 1510
1256 1556
1256 1598
1256 1745
1256 1780
1256 1877
1256 1914
1257 1266
1257 1276
1257 1286
1257 1296
1257 1298
1257 1305
1257 1306
1257 1307
1257 1309
1257 1324
1257 1330
1257 1346
1257 1351
1257 1356
1257 1365
1257 1370
1257 1391
1257 1406
1257 1408
1257 1423
1257 1441
1257 1463
1257 1464
1257 1468
1257 1487
1257 1492
1257 1496
1257 1497
1257 1620
1257 1697
1257 1959
1257 1994
1258 1266
1258 1292
1258 1305
1258 1330
1258 1347
1258 1350
1258 1352
1258 1371
1258 1387
1258 1393
1258 1414
1258 1437
1258 1439
1258 1445
1258 1464
1258 1474
1258 1484
1258 1499
1258 1548
1258 1778
1258 1897
1258 1945
1258 1993
1259 1269
1259 1271
1259 1292
1259 1299
1259 1316
1259 1317
1259 1323
1259 1339
1259 1349
1259 1350
1259 1351
1259 1355
1259 1358
1259 1362
1259 1371
1259 1384
1259 1390
1259 1391
1259 1393
1259 1398
1259 1441
1259 1442
1259 1444
1259 1452
1259 1454
1259 1460
1259 1462
1259 1466
1259 1468
1259 1472
1259 1474
1259 1477
1259 1482
1259 1484
1259 1486
1259 1493
1259 1494
1259 1495
1259 1496
1259 1699
1259 1768
1259 1863
1259 1914
1260 1261
1260 1269
1260 1275
1260 1279
1260 1288
1260 1289
1260 1294
1260 1297
1260 1315
1260 1318
1260 1325
1260 1339
1260 1343
1260 1361
1260 1378
1260 1385
1260 1401
1260 1405
1260 1408
1260 1411
1260 1412
1260 1415
1260 1419
1260 1427
1260 1448
1260 1464
1260 1537
1260 1607
1260 1745
1260 1795
1260 1843
1260 1941
1261 1281
1261 1294
1261 1305
1261 1337
1261 1341
1261 1353
1261 1356
1261 1377
1261 1384
1261 1386
1261 1402
1261 1411
1261 1412
1261 1419
1261 1426
1261 1431
1261 1459
1261 1460
1261 1472
1261 1477
1261 1496
1261 1498
1261 1641
1261 1849
1262 1269
1262 1273
1262 1276
1262 1297
1262 1319
1262 1348
1262 1360
1262 1367
1262 1374
1262 1375
1262 1377
1262 1383
1262 1411
1262 1420
1262 1421
1262 1443
1262 1454
1262 1458
1262 1460
1262 1464
1262 1470
1262 1477
1262 1487
1262 1494
1262 1626
1262 1985
1262 1994
1263 1267
1263 1274
1263 1276
1263 1297
1263 1335
1263 1355
1263 1361
1263 1362
1263 1363
1263 1392
1263 1394
1263 1408
1263 1415
1263 1420
1263 1422
1263 1430
1263 1458
1263 1460
1263 1476
1263 1480
1263 1490
1263 1497
1263 1525
1263 1708
1263 1788
1263 1883
1263 1924
1264 1279
1264 1286
1264 1289
1264 1330
1264 1342
1264 1364
1264 1366
1264 1387
1264 1389
1264 1393
1264 1395
1264 1402
1264 1413
1264 1418
1264 1423
1264 1464
1264 1466
1264 1585
1264 1641
1264 1680
1264 1695
1264 1704
1264 1837
1264 1902
1264 1954
1265 1276
1265 1285
1265 1286
1265 1312
1265 1341
1265 1357
1265 1362
1265 1383
1265 1389
1265 1396
1265 1422
1265 1438
1265 1444
1265 1452
1265 1473
1265 1481
1265 1494
1265 1497
1265 1498
1265 1727
1266 1289
1266 1295
1266 1305
1266 1338
1266 1349
1266 1355
1266 1362
1266 1366
1266 1400
1266 1414
1266 1416
1266 1423
1266 1433
1266 1437
1266 1440
1266 1450
1266 1456
1266 1457
1266 1459
1266 1465
1266 1467
1266 1513
1266 1684
1266 1687
1266 1709
1266 1758
1266 1830
1267 1276
1267 1286
1267 1287
1267 1289
1267 1290
1267 1299
1267 1301
1267 1306
1267 1313
1267 1316
1267 1318
1267 1319
1267 1348
1267 1352
1267 1356
1267 1357
1267 1388
1267 1399
1267 1414
1267 1421
1267 1435
1267 1456
1267 1481
1267 1918
1267 1969
1268 1272
1268 1280
1268 1283
1268 1287
1268 1290
1268 1291
1268 1292
1268 1319
1268 1330
1268 1331
1268 1343
1268 1358
1268 1378
1268 1381
1268 1391
1268 1400
1268 1403
1268 1448
1268 1468
1268 1476
1268 1479
1268 1480
1268 1484
1268 1496
1268 1498
1268 1666
1268 1966
1269 1270
1269 1271
1269 1279
1269 1281
1269 1284
1269 1289
1269 1292
1269 1299
1269 1300
1269 1302
1269 1308
1269 1313
1269 1316
1269 1317
1269 1333
1269 1343
1269 1352
1269 1363
1269 1370
1269 1378
1269 1391
1269 1393
1269 1409
1269 1440
1269 1451
1269 1460
1269 1463
1269 1465
1269 1496
1269 1525
1270 1279
1270 1302
1270 1306
1270 1338
1270 1350
1270 1351
1270 1352
1270 1358
1270 1364
1270 1370
1270 1384
1270 1429
1270 1432
1270 1433
1270 1438
1270 1459
1270 1461
1270 1463
1270 1471
1270 1472
1270 1478
1270 1479
1270 1487
1270 1491
1270 1492
1270 1537
1270 1574
1270 1673
1270 1685
1271 1274
1271 1303
1271 1307
1271 1314
1271 1326
1271 1338
1271 1339
1271 1341
1271 1347
1271 1348
1271 1353
1271 1367
1271 1377
1271 1408
1271 1412
1271 1418
1271 1424
1271 1429
1271 1432
1271 1464
1271 1471
1271 1475
1271 1489
1271 1495
1271 1673
1271 1769
1271 1777
1272 1276
1272 1282
1272 1288
1272 1295
1272 1298
1272 1300
1272 1301
1272 1321
1272 1345
1272 1369
1272 1384
1272 1398
1272 1409
1272 1415
1272 1428
1272 1438
1272 1439
1272 1446
1272 1450
1272 1455
1272 1463
1272 1472
1272 1477
1272 1689
1272 1706
1272 1981
1272 2004
1273 1274
1273 1278
1273 1282
1273 1283
1273 1288
1273 1304
1273 1309
1273 1320
1273 1325
1273 1355
1273 1357
1273 1359
1273 1378
1273 1386
1273 1387
1273 1394
1273 1395
1273 1413
1273 1414
1273 1417
1273 1418
1273 1427
1273 1432
1273 1433
1273 1434
1273 1436
1273 1438
1273 1441
1273 1454
1273 1489
1273 1541
1273 1629
1273 1766
1273 1823
1273 1835
1274 1289
1274 1314
1274 1340
1274 1355
1274 1360
1274 1403
1274 1408
1274 1428
1274 1430
1274 1431
1274 1432
1274 1442
1274 1447
1274 1450
1274 1461
1274 1469
1274 1480
1275 1290
1275 1302
1275 1307
1275 1311
1275 1315
1275 1321
1275 1329
1275 1332
1275 1345
1275 1356
1275 1359
1275 1365
1275 1377
1275 1378
1275 1388
1275 1393
1275 1398
1275 1409
1275 1412
1275 1413
1275 1414
1275 1434
1275 1442
1275 1448
1275 1452
1275 1480
1275 1483
1275 1518
1275 1627
1275 1651
1275 1749
1275 1908
1276 1299
1276 1303
1276 1310
1276 1319
1276 1326
1276 1340
1276 1347
1276 1354
1276 1362
1276 1363
1276 1382
1276 1399
1276 1420
1276 1429
1276 1436
1276 1441
1276 1445
1276 1449
1276 1450
1276 1454
1276 1458
1276 1463
1276 1464
1276 1469
1276 1470
1276 1477
1276 1483
1276 1493
1276 1495
1276 1496
1276 1506
1276 1517
1276 1580
1276 1590
1276 1785
1276 1819
1277 1284
1277 1299
1277 1305
1277 1311
1277 1324
1277 1333
1277 1344
1277 1349
1277 1351
1277 1360
1277 1383
1277 1402
1277 1403
1277 1405
1277 1408
1277 1409
1277 1422
1277 1431
1277 1463
1277 1572
1277 1591
1277 1624
1277 1796
1277 1864
1277 1986
1278 1285
1278 1291
1278 1306
1278 1311
1278 1322
1278 1324
1278 1338
1278 1339
1278 1344
1278 1353
1278 1368
1278 1371
1278 1372
1278 1385
1278 1387
1278 1391
1278 1396
1278 1409
1278 1432
1278 1434
1278 1440
1278 1441
1278 1443
1278 1489
1278 1491
1278 1530
1278 1660
1278 1758
1278 1860
1279 1296
1279 1321
1279 1334
1279 1336
1279 1354
1279 1365
1279 1386
1279 1390
1279 1405
1279 1418
1279 1419
1279 1420
1279 1426
1279 1466
1279 1472
1279 1490
1279 1498
1279 1499
1279 1724
1279 1921
1280 1286
1280 1304
1280 1306
1280 1307
1280 1311
1280 1317
1280 1318
1280 1332
1280 1339
1280 1346
1280 1400
1280 1402
1280 1405
1280 1426
1280 1429
1280 1433
1280 1440
1280 1449
1280 1471
1280 1483
1280 1487
1280 1495
1280 1680
1281 1289
1281 1291
1281 1294
1281 1308
1281 1314
1281 1315
1281 1321
1281 1330
1281 1338
1281 1346
1281 1356
1281 1370
1281 1373
1281 1379
1281 1395
1281 1406
1281 1408
1281 1422
1281 1438
1281 1441
1281 1442
1281 1461
1281 1477
1281 1479
1281 1481
1281 1820
1281 1833
1281 1875
1281 1894
1281 1913
1281 1919
1281 1934
1282 1291
1282 1294
1282 1297
1282 1309
1282 1314
1282 1315
1282 1338
1282 1340
1282 1344
1282 1375
1282 1381
1282 1382
1282 1388
1282 1389
1282 1403
1282 1420
1282 1432
1282 1441
1282 1449
1282 1466
1282 1474
1282 1485
1282 1486
1282 1496
1282 1608
1282 1847
1283 1285
1283 1313
1283 1320
1283 1324
1283 1326
1283 1336
1283 1345
1283 1348
1283 1351
1283 1366
1283 1371
1283 1379
1283 1384
1283 1389
1283 1394
1283 1396
1283 1406
1283 1425
1283 1450
1283 1473
1283 1511
1283 1538
1283 1722
1283 1739
1283 1759
1283 1777
1284 1298
1284 1305
1284 1312
1284 1328
1284 1334
1284 1339
1284 1345
1284 1354
1284 1364
1284 1373
1284 1386
1284 1390
1284 1391
1284 1392
1284 1398
1284 1426
1284 1443
1284 1454
1284 1455
1284 1466
1284 1470
1284 1471
1284 1478
1284 1482
1284 1589
1284 1612
1284 1706
1284 1900
1284 1920
1284 1938
1285 1292
1285 1294
1285 1301
1285 1318
1285 1322
1285 1326
1285 1329
1285 1333
1285 1374
1285 1395
1285 1422
1285 1438
1285 1466
1285 1480
1285 1481
1285 1496
1285 1528
1285 1647
1285 1702
1285 1798
1285 1804
1285 1938
1286 1289
1286 1296
1286 1312
1286 1351
1286 1372
1286 1373
1286 1375
1286 1386
1286 1397
1286 1426
1286 1430
1286 1435
1286 1436
1286 1447
1286 1449
1286 1459
1286 1465
1286 1468
1286 1497
1286 1547
1286 1620
1286 1712
1286 1853
1286 1924
1287 1305
1287 1311
1287 1329
1287 1347
1287 1362
1287 1368
1287 1392
1287 1405
1287 1406
1287 1410
1287 1424
1287 1429
1287 1445
1287 1450
1287 1466
1287 1481
1287 1498
1287 1518
1287 1649
1287 1738
1287 1781
1287 1872
1287 1893
1287 1994
1288 1294
1288 1302
1288 1305
1288 1307
1288 1308
1288 1309
1288 1315
1288 1325
1288 1334
1288 1339
1288 1379
1288 1387
1288 1389
1288 1394
1288 1395
1288 1396
1288 1408
1288 1412
1288 1424
1288 1428
1288 1431
1288 1432
1288 1457
1288 1467
1288 1469
1288 1477
1288 1485
1288 1498
1288 1525
1288 1550
1288 1714
1288 1734
1288 1852
1289 1294
1289 1304
1289 1309
1289 1310
1289 1317
1289 1328
1289 1329
1289 1339
1289 1346
1289 1358
1289 1372
1289 1388
1289 1421
1289 1427
1289 1435
1289 1443
1289 1463
1289 1469
1289 1485
1289 1677
1289 1709
1289 1713
1289 1727
1289 1861
1289 1868
1289 1991
1289 2000
1290 1299
1290 1309
1290 1316
1290 1318
1290 1321
1290 1322
1290 1323
1290 1325
1290 1363
1290 1369
1290 1371
1290 1389
1290 1411
1290 1415
1290 1416
1290 1418
1290 1433
1290 1438
1290 1444
1290 1451
1290 1456
1290 1465
1290 1473
1290 1478
1290 1496
1290 1529
1290 1724
1290 1823
1290 1930
1291 1297
1291 1314
1291 1329
1291 1348
1291 1359
1291 1363
1291 1365
1291 1379
1291 1381
1291 1387
1291 1390
1291 1412
1291 1418
1291 1421
1291 1431
1291 1456
1291 1458
1291 1493
1291 1637
1291 1711
1291 1892
1291 1988
1292 1293
1292 1304
1292 1308
1292 1315
1292 1321
1292 1323
1292 1331
1292 1348
1292 1354
1292 1356
1292 1358
1292 1367
1292 1375
1292 1381
1292 1383
1292 1389
1292 1405
1292 1419
1292 1427
1292 1432
1292 1437
1292 1455
1292 1475
1292 1486
1292 1491
1292 1492
1292 1540
1292 1742
1292 1794
1292 1948
1293 1304
1293 1305
1293 1317
1293 1330
1293 1349
1293 1370
1293 1372
1293 1373
1293 1380
1293 1387
1293 1388
1293 1402
1293 1410
1293 1416
1293 1438
1293 1442
1293 1450
1293 1462
1293 1463
1293 1475
1293 1476
1293 1495
1293 1557
1293 1616
1293 1634
1293 1737
1293 1885
1294 1296
1294 1304
1294 1315
1294 1328
1294 1333
1294 1340
1294 1341
1294 1355
1294 1377
1294 1412
1294 1461
1294 1476
1294 1485
1294 1486
1294 1663
1294 1686
1294 1949
1295 1296
1295 1313
1295 1314
1295 1317
1295 1318
1295 1319
1295 1322
1295 1340
1295 1348
1295 1352
1295 1353
1295 1368
1295 1374
1295 1376
1295 1381
1295 1395
1295 1405
1295 1407
1295 1410
1295 1420
1295 1429
1295 1435
1295 1438
1295 1460
1295 1465
1295 1491
1295 1492
1295 1606
1295 1671
1295 1674
1295 1742
1295 1766
1295 1966
1296 1300
1296 1351
1296 1355
1296 1367
1296 1373
1296 1374
1296 1377
1296 1395
1296 1404
1296 1409
1296 1416
1296 1418
1296 1427
1296 1434
1296 1450
1296 1452
1296 1459
1296 1461
1296 1487
1296 1493
1296 1495
1296 1507
1296 1822
1296 1981
1297 1309
1297 1310
1297 1324
1297 1325
1297 1333
1297 1346
1297 1353
1297 1368
1297 1370
1297 1378
1297 1391
1297 1400
1297 1403
1297 1410
1297 1419
1297 1425
1297 1430
1297 1438
1297 1442
1297 1443
1297 1444
1297 1452
1297 1461
1297 1480
1297 1509
1297 1520
1297 1648
1297 1696
1297 1701
1297 1753
1297 1836
1297 1914
1298 1300
1298 1304
1298 1308
1298 1324
1298 1325
1298 1327
1298 1334
1298 1357
1298 1375
1298 1395
1298 1397
1298 1403
1298 1412
1298 1449
1298 1459
1298 1461
1298 1466
1298 1484
1298 1488
1298 1492
1298 1602
1298 1671
1298 1838
1298 1839
1299 1300
1299 1302
1299 1339
1299 1345
1299 1357
1299 1364
1299 1369
1299 1376
1299 1384
1299 1388
1299 1407
1299 1410
1299 1419
1299 1439
1299 1440
1299 1454
1299 1470
1299 1471
1299 1483
1299 1488
1299 1495
1299 1525
1299 1590
1299 1796
1300 1301
1300 1310
1300 1329
1300 1336
1300 1338
1300 1340
1300 1343
1300 1353
1300 1368
1300 1394
1300 1409
1300 1426
1300 1435
1300 1459
1300 1471
1300 1482
1300 1502
1300 1516
1300 1614
1300 1924
1301 1304
1301 1318
1301 1331
1301 1339
1301 1342
1301 1349
1301 1355
1301 1363
1301 1368
1301 1398
1301 1410
1301 1424
1301 1428
1301 1435
1301 1438
1301 1446
1301 1447
1301 1453
1301 1456
1301 1457
1301 1468
1301 1471
1301 1472
1301 1477
1301 1480
1301 1557
1301 1605
1301 1613
1301 1711
1301 1814
1301 1962
1302 1308
1302 1314
1302 1318
1302 1360
1302 1365
1302 1366
1302 1367
1302 1376
1302 1395
1302 1410
1302 1425
1302 1434
1302 1461
1302 1472
1302 1489
1302 1491
1302 1608
1302 1677
1302 1690
1302 1920
1303 1314
1303 1318
1303 1340
1303 1343
1303 1349
1303 1357
1303 1369
1303 1390
1303 1396
1303 1406
1303 1408
1303 1413
1303 1422
1303 1442
1303 1455
1303 1481
1303 1496
1303 1529
1303 1595
1303 1790
1303 1912
1304 1314
1304 1324
1304 1327
1304 1352
1304 1357
1304 1368
1304 1371
1304 1378
1304 1387
1304 1388
1304 1414
1304 1422
1304 1423
1304 1427
1304 1432
1304 1433
1304 1445
1304 1453
1304 1481
1304 1487
1304 1492
1304 1497
1304 1547
1304 1784
1304 1855
1304 1901
1304 1955
1304 1958
1304 2002
1305 1308
1305 1316
1305 1321
1305 1330
1305 1331
1305 1357
1305 1372
1305 1381
1305 1405
1305 1421
1305 1423
1305 1432
1305 1437
1305 1452
1305 1490
1305 1686
1305 1772
1305 1911
1306 1307
1306 1310
1306 1334
1306 1335
1306 1342
1306 1365
1306 1373
1306 1379
1306 1428
1306 1437
1306 1445
1306 1447
1306 1456
1306 1462
1306 1473
1306 1485
1306 1487
1306 1491
1306 1611
1306 1619
1306 1809
1307 1309
1307 1318
1307 1319
1307 1323
1307 1324
1307 1328
1307 1333
1307 1345
1307 1346
1307 1366
1307 1368
1307 1369
1307 1371
1307 1376
1307 1380
1307 1402
1307 1404
1307 1410
1307 1430
1307 1436
1307 1439
1307 1447
1307 1453
1307 1474
1307 1476
1307 1479
1307 1499
1307 1657
1307 1735
1308 1314
1308 1318
1308 1339
1308 1347
1308 1350
1308 1361
1308 1371
1308 1379
1308 1382
1308 1400
1308 1402
1308 1416
1308 1420
1308 1424
1308 1469
1308 1488
1308 1495
1308 1652
1308 1784
1308 1901
1309 1326
1309 1333
1309 1337
1309 1340
1309 1350
1309 1354
1309 1361
1309 1387
1309 1413
1309 1416
1309 1424
1309 1443
1309 1447
1309 1454
1309 1459
1309 1471
1309 1479
1309 1485
1309 1488
1310 1311
1310 1316
1310 1323
1310 1324
1310 1326
1310 1337
1310 1349
1310 1368
1310 1388
1310 1405
1310 1406
1310 1414
1310 1436
1310 1442
1310 1489
1310 1495
1310 1526
1310 1590
1310 1678
1310 1897
1311 1323
1311 1324
1311 1331
1311 1336
1311 1337
1311 1345
1311 1358
1311 1364
1311 1366
1311 1400
1311 1402
1311 1407
1311 1417
1311 1425
1311 1431
1311 1444
1311 1446
1311 1459
1311 1468
1311 1490
1311 1492
1311 1517
1311 1635
1311 1681
1311 1782
1311 1791
1311 1817
1311 1846
1311 1914
1312 1316
1312 1319
1312 1339
1312 1340
1312 1358
1312 1363
1312 1384
1312 1386
1312 1388
1312 1396
1312 1406
1312 1407
1312 1415
1312 1434
1312 1435
1312 1443
1312 1457
1312 1461
1312 1472
1312 1482
1312 1570
1312 1817
1312 1969
1313 1314
1313 1318
1313 1319
1313 1327
1313 1332
1313 1339
1313 1343
1313 1346
1313 1378
1313 1388
1313 1398
1313 1404
1313 1410
1313 1413
1313 1415
1313 1423
1313 1424
1313 1445
1313 1472
1313 1485
1313 1488
1313 1490
1313 1496
1313 1531
1313 1637
1313 1730
1314 1315
1314 1316
1314 1328
1314 1334
1314 1341
1314 1358
1314 1369
1314 1394
1314 1398
1314 1407
1314 1408
1314 1416
1314 1437
1314 1440
1314 1447
1314 1451
1314 1455
1314 1457
1314 1459
1314 1469
1314 1477
1314 1490
1314 1494
1314 1591
1314 1857
1314 1865
1314 1886
1314 2002
1315 1316
1315 1321
1315 1323
1315 1333
1315 1351
1315 1361
1315 1373
1315 1374
1315 1386
1315 1396
1315 1400
1315 1412
1315 1441
1315 1443
1315 1468
1315 1498
1315 1679
1315 1880
1315 1891
1315 1944
1315 1958
1316 1318
1316 1324
1316 1336
1316 1339
1316 1342
1316 1351
1316 1363
1316 1368
1316 1393
1316 1396
1316 1398
1316 1401
1316 1417
1316 1426
1316 1428
1316 1441
1316 1445
1316 1448
1316 1459
1316 1460
1316 1462
1316 1478
1316 1484
1316 1499
1316 1814
1317 1318
1317 1324
1317 1346
1317 1350
1317 1355
1317 1360
1317 1365
1317 1389
1317 1390
1317 1392
1317 1394
1317 1398
1317 1412
1317 1418
1317 1431
1317 1433
1317 1472
1317 1489
1317 1490
1317 1491
1317 1516
1317 1519
1317 1551
1317 1682
1317 1748
1317 1920
1318 1319
1318 1332
1318 1335
1318 1346
1318 1358
1318 1359
1318 1366
1318 1376
1318 1380
1318 1381
1318 1393
1318 1394
1318 1412
1318 1416
1318 1427
1318 1431
1318 1444
1318 1453
1318 1454
1318 1455
1318 1463
1318 1470
1318 1478
1318 1487
1318 1495
1318 1854
1318 1917
1319 1321
1319 1329
1319 1336
1319 1339
1319 1353
1319 1365
1319 1367
1319 1392
1319 1394
1319 1400
1319 1413
1319 1423
1319 1427
1319 1433
1319 1447
1319 1449
1319 1451
1319 1453
1319 1460
1319 1467
1319 1469
1319 1476
1319 1477
1319 1478
1319 1550
1319 1747
1319 1763
1319 1810
1319 1878
1319 1960
1319 1970
1320 1329
1320 1336
1320 1350
1320 1365
1320 1367
1320 1368
1320 1377
1320 1380
1320 1381
1320 1382
1320 1386
1320 1396
1320 1418
1320 1427
1320 1429
1320 1461
1320 1468
1320 1481
1320 1490
1320 1499
1320 1577
1320 1677
1320 1813
1321 1322
1321 1323
1321 1329
1321 1333
1321 1339
1321 1343
1321 1346
1321 1350
1321 1354
1321 1356
1321 1358
1321 1359
1321 1371
1321 1389
1321 1390
1321 1400
1321 1405
1321 1407
1321 1416
1321 1423
1321 1444
1321 1450
1321 1455
1321 1457
1321 1464
1321 1468
1321 1476
1321 1479
1321 1482
1321 1495
1321 1531
1321 1638
1321 1856
1321 1927
1322 1324
1322 1335
1322 1339
1322 1356
1322 1367
1322 1368
1322 1393
1322 1420
1322 1424
1322 1441
1322 1448
1322 1486
1322 1491
1322 1495
1322 1600
1322 1605
1322 1850
1322 1949
1322 1999
1323 1325
1323 1339
1323 1366
1323 1379
1323 1384
1323 1385
1323 1395
1323 1402
1323 1404
1323 1410
1323 1414
1323 1421
1323 1427
1323 1437
1323 1447
1323 1449
1323 1454
1323 1455
1323 1460
1323 1481
1323 1757
1323 1805
1323 1812
1324 1329
1324 1332
1324 1336
1324 1341
1324 1344
1324 1361
1324 1375
1324 1391
1324 1402
1324 1405
1324 1408
1324 1422
1324 1435
1324 1453
1324 1469
1324 1474
1324 1477
1324 1493
1324 1497
1324 1498
1324 1519
1324 1914
1324 1946
1325 1328
1325 1329
1325 1330
1325 1343
1325 1344
1325 1345
1325 1348
1325 1387
1325 1400
1325 1401
1325 1411
1325 1427
1325 1433
1325 1441
1325 1464
1325 1483
1325 1485
1325 1496
1325 1503
1325 1519
1325 1539
1325 1755
1325 1838
1325 1928
1325 2006
1326 1333
1326 1343
1326 1362
1326 1374
1326 1377
1326 1430
1326 1435
1326 1440
1326 1444
1326 1448
1326 1449
1326 1452
1326 1454
1326 1475
1326 1476
1326 1479
1326 1497
1326 1553
1326 1559
1326 1625
1326 1858
1326 1884
1327 1335
1327 1353
1327 1354
1327 1359
1327 1364
1327 1369
1327 1373
1327 1383
1327 1413
1327 1426
1327 1428
1327 1458
1327 1459
1327 1468
1327 1480
1327 1496
1327 1525
1327 1664
1327 1676
1327 1713
1327 1864
1327 1876
1327 1967
1328 1340
1328 1417
1328 1429
1328 1439
1328 1440
1328 1452
1328 1465
1328 1485
1328 1499
1328 1553
1328 2005
1329 1330
1329 1331
1329 1358
1329 1369
1329 1407
1329 1436
1329 1452
1329 1456
1329 1487
1329 1534
1329 1551
1329 1612
1329 1713
1329 1786
1329 1860
1329 1889
1329 1949
1329 1971
1330 1332
1330 1339
1330 1347
1330 1351
1330 1353
1330 1354
1330 1369
1330 1374
1330 1382
1330 1386
1330 1388
1330 1400
1330 1419
1330 1449
1330 1463
1330 1473
1330 1477
1330 1481
1330 1484
1330 1491
1330 1493
1330 1568
1330 1579
1330 1581
1330 1954
1330 1992
1331 1364
1331 1367
1331 1373
1331 1393
1331 1436
1331 1438
1331 1456
1331 1459
1331 1461
1331 1566
1331 1676
1331 1683
1331 1699
1331 1798
1331 1844
1332 1337
1332 1359
1332 1361
1332 1364
1332 1367
1332 1369
1332 1370
1332 1376
1332 1381
1332 1391
1332 1398
1332 1401
1332 1410
1332 1415
1332 1425
1332 1427
1332 1440
1332 1445
1332 1449
1332 1453
1332 1455
1332 1464
1332 1469
1332 1471
1332 1485
1332 1495
1332 1546
1332 1637
1332 1762
1332 1787
1332 1829
1332 1882
1333 1336
1333 1341
1333 1343
1333 1387
1333 1392
1333 1399
1333 1401
1333 1404
1333 1414
1333 1416
1333 1436
1333 1447
1333 1490
1333 1499
1333 1565
1333 1687
1333 1773
1333 1787
1333 1806
1333 1853
1333 1861
1333 1962
1334 1364
1334 1392
1334 1396
1334 1408
1334 1417
1334 1420
1334 1431
1334 1434
1334 1445
1334 1446
1334 1448
1334 1467
1334 1468
1334 1487
1334 1490
1334 1544
1334 1554
1334 1639
1334 1659
1334 1824
1334 1884
1334 1891
1335 1344
1335 1351
1335 1353
1335 1372
1335 1373
1335 1376
1335 1386
1335 1417
1335 1436
1335 1441
1335 1458
1335 1462
1335 1466
1335 1472
1335 1475
1335 1496
1335 1538
1335 1591
1335 1617
1335 1731
1335 1830
1335 1914
1335 1975
1335 2004
1336 1342
1336 1346
1336 1359
1336 1366
1336 1368
1336 1374
1336 1390
1336 1399
1336 1409
1336 1416
1336 1420
1336 1445
1336 1450
1336 1455
1336 1471
1336 1472
1336 1476
1336 1482
1336 1486
1336 1495
1336 1498
1336 1509
1336 1787
1337 1346
1337 1358
1337 1363
1337 1366
1337 1379
1337 1385
1337 1392
1337 1401
1337 1415
1337 1417
1337 1440
1337 1445
1337 1446
1337 1453
1337 1458
1337 1488
1337 1772
1337 1834
1338 1350
1338 1367
1338 1373
1338 1384
1338 1392
1338 1393
1338 1402
1338 1408
1338 1411
1338 1428
1338 1437
1338 1441
1338 1452
1338 1459
1338 1469
1338 1473
1338 1481
1338 1484
1338 1487
1338 1490
1338 1541
1338 1597
1338 1678
1339 1341
1339 1358
1339 1393
1339 1395
1339 1403
1339 1430
1339 1450
1339 1456
1339 1458
1339 1462
1339 1463
1339 1472
1339 1474
1339 1476
1339 1485
1339 1516
1339 1532
1339 1657
1339 1790
1340 1343
1340 1347
1340 1385
1340 1387
1340 1400
1340 1406
1340 1411
1340 1419
1340 1436
1340 1448
1340 1456
1340 1460
1340 1464
1340 1470
1340 1475
1340 1479
1340 1480
1340 1482
1340 1487
1340 1598
1340 1742
1340 1781
1340 1857
1340 1861
1341 1350
1341 1352
1341 1356
1341 1368
1341 1371
1341 1393
1341 1406
1341 1408
1341 1418
1341 1422
1341 1425
1341 1436
1341 1438
1341 1443
1341 1452
1341 1465
1341 1490
1341 1518
1341 1595
1341 1638
1341 1648
1341 1694
1341 1707
1341 1739
1341 1752
1341 1851
1341 1901
1342 1357
1342 1387
1342 1398
1342 1407
1342 1416
1342 1418
1342 1432
1342 1434
1342 1441
1342 1444
1342 1449
1342 1468
1342 1473
1342 1498
1342 1502
1342 1776
1342 1845
1342 1858
1342 1919
1342 1942
1342 1951
1343 1347
1343 1348
1343 1353
1343 1384
1343 1404
1343 1410
1343 1412
1343 1416
1343 1419
1343 1430
1343 1431
1343 1433
1343 1444
1343 1453
1343 1463
1343 1469
1343 1482
1343 1485
1343 1490
1343 1492
1343 1602
1343 1626
1343 1676
1343 1691
1343 1906
1344 1349
1344 1371
1344 1383
1344 1385
1344 1394
1344 1401
1344 1404
1344 1405
1344 1412
1344 1420
1344 1440
1344 1459
1344 1468
1344 1498
1344 1499
1344 1828
1344 1879
1344 1974
1345 1354
1345 1361
1345 1362
1345 1372
1345 1374
1345 1389
1345 1403
1345 1406
1345 1411
1345 1419
1345 1430
1345 1436
1345 1456
1345 1461
1345 1467
1345 1482
1345 1484
1345 1486
1345 1825
1345 1989
1346 1348
1346 1349
1346 1359
1346 1360
1346 1365
1346 1366
1346 1378
1346 1396
1346 1414
1346 1417
1346 1427
1346 1432
1346 1455
1346 1498
1346 1555
1346 1576
1346 1610
1346 1774
1346 1788
1346 1985
1347 1365
1347 1368
1347 1375
1347 1382
1347 1410
1347 1417
1347 1419
1347 1429
1347 1434
1347 1441
1347 1454
1347 1465
1347 1470
1347 1473
1347 1477
1347 1479
1347 1485
1347 1486
1347 1491
1347 1493
1347 1496
1347 1558
1347 1788
1347 1796
1347 1976
1348 1361
1348 1376
1348 1385
1348 1389
1348 1396
1348 1405
1348 1407
1348 1410
1348 1412
1348 1424
1348 1427
1348 1430
1348 1437
1348 1441
1348 1454
1348 2000
1349 1350
1349 1351
1349 1353
1349 1358
1349 1364
1349 1371
1349 1373
1349 1405
1349 1417
1349 1453
1349 1456
1349 1459
1349 1472
1349 1473
1349 1481
1349 1486
1349 1511
1349 1531
1349 1776
1349 1889
1349 1907
1349 1920
1350 1355
1350 1362
1350 1370
1350 1390
1350 1394
1350 1401
1350 1407
1350 1413
1350 1419
1350 1442
1350 1446
1350 1456
1350 1475
1350 1495
1350 1513
1350 1680
1350 1684
1350 1822
1350 1857
1351 1360
1351 1381
1351 1387
1351 1390
1351 1393
1351 1399
1351 1431
1351 1453
1351 1457
1351 1472
1351 1473
1351 1479
1351 1486
1351 1487
1351 1496
1351 1498
1351 1499
1351 1571
1351 1665
1351 1676
1351 1683
1351 1698
1351 1761
1351 1768
1351 1769
1351 1872
1351 1998
1352 1363
1352 1376
1352 1380
1352 1392
1352 1396
1352 1399
1352 1404
1352 1405
1352 1407
1352 1410
1352 1414
1352 1425
1352 1446
1352 1448
1352 1457
1352 1474
1352 1485
1352 1493
1352 1495
1352 1720
1352 1756
1352 1766
1352 1884
1352 1886
1353 1364
1353 1365
1353 1370
1353 1371
1353 1383
1353 1404
1353 1410
1353 1413
1353 1417
1353 1419
1353 1425
1353 1433
1353 1445
1353 1454
1353 1459
1353 1475
1353 1503
1353 1739
1353 1843
1353 1882
1353 2004
1354 1358
1354 1361
1354 1368
1354 1380
1354 1382
1354 1399
1354 1400
1354 1403
1354 1425
1354 1427
1354 1444
1354 1449
1354 1453
1354 1469
1354 1476
1354 1482
1354 1701
1355 1356
1355 1360
1355 1379
1355 1381
1355 1420
1355 1430
1355 1435
1355 1450
1355 1453
1355 1478
1355 1480
1355 1583
1355 1591
1355 1774
1356 1367
1356 1376
1356 1386
1356 1394
1356 1427
1356 1432
1356 1437
1356 1442
1356 1448
1356 1450
1356 1460
1356 1469
1356 1479
1356 1484
1356 1501
1356 1654
1356 1883
1356 1890
1356 1925
1357 1375
1357 1388
1357 1392
1357 1400
1357 1403
1357 1414
1357 1420
1357 1447
1357 1458
1357 1475
1357 1489
1357 1544
1357 1581
1357 1609
1357 1652
1357 1994
1358 1373
1358 1380
1358 1383
1358 1385
1358 1398
1358 1399
1358 1406
1358 1408
1358 1420
1358 1441
1358 1448
1358 1453
1358 1463
1358 1468
1358 1472
1358 1481
1358 1484
1358 1485
1358 1492
1358 1702
1358 1780
1358 1794
1358 1910
1359 1360
1359 1369
1359 1387
1359 1400
1359 1406
1359 1409
1359 1415
1359 1419
1359 1426
1359 1433
1359 1440
1359 1443
1359 1456
1359 1475
1359 1485
1359 1497
1359 1633
1359 1810
1359 1897
1360 1362
1360 1363
1360 1369
1360 1381
1360 1382
1360 1397
1360 1399
1360 1401
1360 1414
1360 1418
1360 1420
1360 1422
1360 1444
1360 1456
1360 1475
1360 1476
1360 1489
1360 1938
1361 1364
1361 1371
1361 1372
1361 1376
1361 1394
1361 1396
1361 1400
1361 1409
1361 1410
1361 1411
1361 1420
1361 1422
1361 1429
1361 1437
1361 1443
1361 1455
1361 1461
1361 1462
1361 1479
1361 1484
1361 1679
1361 1709
1361 1724
1361 1817
1361 1820
1362 1366
1362 1373
1362 1375
1362 1388
1362 1389
1362 1390
1362 1392
1362 1394
1362 1433
1362 1442
1362 1463
1362 1474
1362 1478
1362 1479
1362 1483
1362 1499
1362 1506
1362 1554
1362 1728
1362 1825
1363 1382
1363 1395
1363 1397
1363 1402
1363 1407
1363 1414
1363 1420
1363 1433
1363 1446
1363 1453
1363 1463
1363 1483
1363 1484
1363 1486
1363 1531
1363 1552
1363 1553
1363 1628
1363 1768
1363 1808
1363 1949
1363 1994
1363 1995
1364 1367
1364 1379
1364 1399
1364 1416
1364 1417
1364 1422
1364 1425
1364 1452
1364 1457
1364 1496
1364 1498
1364 1730
1364 1744
1364 1804
1364 1903
1365 1371
1365 1384
1365 1386
1365 1446
1365 1453
1365 1461
1365 1474
1365 1477
1365 1479
1365 1509
1365 1537
1365 1544
1365 1553
1365 1950
1366 1376
1366 1378
1366 1406
1366 1410
1366 1417
1366 1419
1366 1426
1366 1429
1366 1437
1366 1438
1366 1447
1366 1449
1366 1488
1366 1493
1366 1646
1366 1690
1366 1743
1366 1818
1366 1844
1367 1372
1367 1398
1367 1423
1367 1435
1367 1436
1367 1437
1367 1439
1367 1443
1367 1461
1367 1464
1367 1465
1367 1485
1367 1660
1367 1767
1367 1775
1367 1789
1367 1886
1368 1372
1368 1382
1368 1403
1368 1404
1368 1405
1368 1416
1368 1420
1368 1430
1368 1441
1368 1448
1368 1460
1368 1465
1368 1563
1368 1606
1368 1706
1368 1870
1368 1883
1368 1961
1369 1377
1369 1386
1369 1409
1369 1421
1369 1425
1369 1437
1369 1440
1369 1444
1369 1445
1369 1447
1369 1448
1369 1464
1369 1476
1369 1494
1369 1641
1369 1691
1370 1383
1370 1386
1370 1406
1370 1425
1370 1426
1370 1446
1370 1467
1370 1573
1370 1654
1370 1880
1370 1929
1370 1951
1371 1376
1371 1377
1371 1394
1371 1396
1371 1399
1371 1420
1371 1424
1371 1434
1371 1441
1371 1444
1371 1449
1371 1481
1371 1482
1371 1486
1371 1842
1371 1914
1372 1381
1372 1389
1372 1395
1372 1396
1372 1400
1372 1406
1372 1409
1372 1414
1372 1421
1372 1422
1372 1442
1372 1446
1372 1450
1372 1458
1372 1461
1372 1483
1372 1485
1372 1486
1372 1627
1372 1664
1372 1973
1372 1986
1373 1378
1373 1383
1373 1398
1373 1399
1373 1411
1373 1435
1373 1441
1373 1445
1373 1464
1373 1465
1373 1481
1373 1485
1373 1489
1373 1571
1373 1608
1373 1633
1373 1812
1373 1815
1373 1850
1373 1854
1373 1996
1374 1376
1374 1381
1374 1441
1374 1453
1374 1457
1374 1462
1374 1470
1374 1493
1374 1633
1374 1857
1374 1944
1375 1381
1375 1383
1375 1390
1375 1395
1375 1397
1375 1399
1375 1419
1375 1425
1375 1430
1375 1432
1375 1447
1375 1448
1375 1450
1375 1455
1375 1474
1375 1484
1375 1514
1375 1701
1375 1755
1375 1928
1375 1934
1376 1379
1376 1384
1376 1397
1376 1422
1376 1424
1376 1448
1376 1453
1376 1465
1376 1487
1376 1496
1377 1390
1377 1391
1377 1394
1377 1395
1377 1399
1377 1404
1377 1408
1377 1417
1377 1430
1377 1433
1377 1447
1377 1467
1377 1491
1377 1639
1377 1714
1377 1776
1377 1779
1378 1389
1378 1394
1378 1429
1378 1470
1378 1475
1378 1479
1378 1492
1378 1533
1378 1644
1378 1661
1378 1679
1378 1857
1379 1386
1379 1395
1379 1401
1379 1408
1379 1414
1379 1418
1379 1425
1379 1436
1379 1441
1379 1444
1379 1459
1379 1466
1379 1468
1379 1474
1379 1483
1379 1812
1380 1403
1380 1408
1380 1411
1380 1429
1380 1436
1380 1447
1380 1451
1380 1482
1380 1516
1380 1664
1380 1783
1380 1973
1381 1387
1381 1392
1381 1394
1381 1404
1381 1413
1381 1419
1381 1424
1381 1434
1381 1435
1381 1445
1381 1450
1381 1487
1381 1490
1381 1692
1381 1980
1382 1394
1382 1396
1382 1403
1382 1413
1382 1432
1382 1495
1382 1876
1382 1978
1382 1983
1382 1997
1383 1394
1383 1429
1383 1431
1383 1434
1383 1439
1383 1449
1383 1456
1383 1472
1383 1480
1383 1488
1383 1552
1383 1562
1383 1595
1383 1749
1383 1825
1383 1852
1383 1951
1384 1389
1384 1390
1384 1400
1384 1404
1384 1416
1384 1417
1384 1420
1384 1425
1384 1426
1384 1428
1384 1434
1384 1450
1384 1454
1384 1459
1384 1468
1384 1474
1384 1476
1384 1486
1384 1490
1384 1513
1384 1546
1385 1391
1385 1414
1385 1427
1385 1438
1385 1446
1385 1447
1385 1456
1385 1462
1385 1485
1385 1490
1385 1520
1385 1766
1385 1784
1385 1838
1386 1398
1386 1418
1386 1420
1386 1422
1386 1426
1386 1440
1386 1441
1386 1444
1386 1446
1386 1466
1386 1473
1386 1487
1386 1498
1386 1589
1386 1634
1386 1776
1386 1817
1386 1862
1386 1946
1387 1392
1387 1394
1387 1398
1387 1406
1387 1433
1387 1441
1387 1456
1387 1485
1387 1516
1387 1816
1388 1389
1388 1404
1388 1416
1388 1419
1388 1432
1388 1445
1388 1458
1388 1492
1388 1496
1388 1504
1388 1755
1388 1928
1389 1390
1389 1396
1389 1406
1389 1425
1389 1440
1389 1444
1389 1452
1389 1472
1389 1476
1389 1482
1389 1484
1389 1656
1389 1979
1389 1988
1390 1429
1390 1433
1390 1455
1390 1469
1390 1470
1390 1790
1391 1393
1391 1401
1391 1414
1391 1416
1391 1417
1391 1420
1391 1444
1391 1448
1391 1452
1391 1462
1391 1469
1391 1475
1391 1505
1391 1613
1391 1922
1391 1935
1391 1960
1392 1397
1392 1431
1392 1477
1392 1480
1392 1481
1392 1484
1392 1486
1392 1498
1392 1510
1392 1589
1392 1648
1392 1779
1392 1860
1392 1955
1393 1400
1393 1407
1393 1422
1393 1429
1393 1436
1393 1445
1393 1472
1393 1480
1393 1491
1393 1493
1393 1503
1393 1548
1393 1600
1393 1725
1393 1727
1393 1824
1393 1931
1393 1968
1394 1415
1394 1424
1394 1437
1394 1452
1394 1454
1394 1458
1394 1471
1394 1490
1394 1498
1394 1499
1394 1513
1394 1520
1394 1686
1394 1706
1394 1820
1394 1826
1395 1414
1395 1415
1395 1417
1395 1427
1395 1432
1395 1445
1395 1462
1395 1464
1395 1491
1395 1493
1395 1545
1395 1664
1395 1741
1395 1906
1396 1402
1396 1414
1396 1422
1396 1425
1396 1445
1396 1466
1396 1473
1396 1475
1396 1495
1396 1529
1396 1587
1396 1750
1396 1761
1396 1771
1396 1779
1396 1969
1396 1989
1396 1994
1396 1995
1397 1408
1397 1412
1397 1424
1397 1425
1397 1426
1397 1431
1397 1436
1397 1450
1397 1452
1397 1454
1397 1459
1397 1476
1397 1479
1397 1683
1397 1919
1398 1401
1398 1404
1398 1412
1398 1415
1398 1421
1398 1424
1398 1442
1398 1446
1398 1448
1398 1451
1398 1473
1398 1475
1398 1488
1398 1491
1398 1496
1398 1609
1398 1967
1399 1400
1399 1404
1399 1412
1399 1413
1399 1422
1399 1427
1399 1433
1399 1440
1399 1445
1399 1456
1399 1470
1399 1471
1399 1473
1399 1475
1399 1476
1399 1482
1399 1485
1399 1525
1399 1540
1399 1569
1399 1572
1399 1670
1399 1711
1399 1753
1399 1804
1399 1829
1399 1863
1399 1865
1400 1401
1400 1418
1400 1421
1400 1422
1400 1426
1400 1475
1400 1477
1400 1481
1400 1495
1400 1638
1400 1668
1400 1889
1400 1952
1401 1415
1401 1427
1401 1435
1401 1447
1401 1451
1401 1460
1401 1478
1401 1486
1401 1489
1401 1490
1401 1493
1401 1495
1401 1502
1401 1661
1401 1780
1401 1786
1401 1791
1401 1856
1401 1910
1402 1404
1402 1413
1402 1426
1402 1435
1402 1438
1402 1444
1402 1472
1402 1492
1402 1702
1402 1710
1402 1915
1402 2004
1403 1408
1403 1428
1403 1441
1403 1450
1403 1461
1403 1477
1403 1670
1403 1748
1403 1754
1403 1973
1403 1996
1404 1409
1404 1429
1404 1466
1404 1470
1404 1475
1404 1479
1404 1482
1404 1487
1404 1489
1404 1545
1404 1610
1404 1633
1404 1670
1404 1741
1404 1864
1405 1410
1405 1437
1405 1440
1405 1443
1405 1677
1405 1763
1405 1890
1406 1413
1406 1418
1406 1434
1406 1450
1406 1455
1406 1458
1406 1459
1406 1466
1406 1467
1406 1485
1406 1831
1406 1867
1407 1411
1407 1419
1407 1431
1407 1439
1407 1454
1407 1459
1407 1461
1407 1480
1407 1483
1407 1488
1407 1549
1407 1821
1407 1956
1407 1969
1407 1973
1408 1412
1408 1413
1408 1433
1408 1443
1408 1447
1408 1469
1408 1470
1408 1473
1408 1480
1408 1482
1408 1800
1408 1924
1409 1411
1409 1423
1409 1427
1409 1431
1409 1450
1409 1463
1409 1490
1409 1492
1409 1655
1409 1991
1410 1412
1410 1415
1410 1425
1410 1426
1410 1430
1410 1447
1410 1456
1410 1466
1410 1470
1410 1488
1410 1492
1410 1724
1410 1784
1410 1800
1410 1834
1410 1919
1411 1415
1411 1424
1411 1433
1411 1438
1411 1466
1411 1484
1411 1486
1411 1489
1411 1777
1411 1995
1412 1416
1412 1427
1412 1429
1412 1431
1412 1441
1412 1442
1412 1443
1412 1444
1412 1445
1412 1446
1412 1448
1412 1450
1412 1456
1412 1469
1412 1470
1412 1497
1412 1504
1412 1703
1412 1704
1412 1763
1412 1787
1412 1868
1412 1968
1412 1978
1413 1418
1413 1421
1413 1442
1413 1448
1413 1454
1413 1470
1413 1486
1413 1580
1413 1672
1413 1735
1414 1420
1414 1433
1414 1463
1414 1472
1414 1473
1414 1476
1414 1492
1414 1538
1414 1579
1414 1580
1414 1656
1414 1734
1414 1820
1414 1959
1415 1423
1415 1424
1415 1425
1415 1431
1415 1443
1415 1446
1415 1461
1415 1464
1415 1468
1415 1470
1415 1480
1415 1483
1415 1521
1415 1876
1415 1972
1416 1429
1416 1432
1416 1440
1416 1443
1416 1454
1416 1467
1416 1483
1416 1488
1416 1490
1416 1492
1416 1500
1416 1596
1416 1649
1416 1853
1416 1898
1416 1939
1416 1960
1417 1430
1417 1432
1417 1442
1417 1491
1417 1520
1417 1815
1417 1821
1417 1844
1418 1431
1418 1435
1418 1456
1418 1470
1418 1490
1418 1492
1418 1496
1418 1504
1418 1574
1418 1690
1418 1837
1418 1890
1419 1421
1419 1423
1419 1429
1419 1431
1419 1435
1419 1437
1419 1454
1419 1457
1419 1462
1419 1479
1419 1480
1419 1494
1419 1497
1419 1503
1419 1516
1419 1555
1419 1663
1419 1749
1419 1779
1419 1825
1419 1945
1419 1948
1420 1433
1420 1455
1420 1473
1420 1478
1420 1485
1420 1501
1420 1623
1420 1722
1420 1748
1420 1939
1421 1448
1421 1454
1421 1456
1421 1493
1421 1496
1421 1498
1421 1664
1421 1770
1422 1424
1422 1428
1422 1470
1422 1472
1422 1482
1422 1499
1423 1433
1423 1437
1423 1438
1423 1439
1423 1446
1423 1450
1423 1455
1423 1490
1423 1496
1423 1540
1423 1547
1423 1584
1423 1782
1423 1792
1423 1817
1424 1429
1424 1430
1424 1431
1424 1449
1424 1461
1424 1465
1424 1479
1424 1640
1424 1804
1424 1929
1424 2004
1425 1432
1425 1440
1425 1447
1425 1458
1425 1466
1425 1494
1425 1496
1425 1596
1425 1681
1425 1703
1425 1750
1425 1806
1425 1911
1426 1433
1426 1437
1426 1444
1426 1446
1426 1457
1426 1461
1426 1479
1426 1485
1426 1496
1426 1583
1426 1734
1426 1821
1426 1861
1426 1911
1426 1919
1426 1942
1427 1433
1427 1457
1427 1467
1427 1470
1427 1492
1427 1499
1427 1533
1427 1537
1427 1590
1427 1769
1427 1790
1427 1842
1428 1434
1428 1436
1428 1446
1428 1449
1428 1457
1428 1458
1428 1465
1428 1468
1428 1483
1428 1491
1428 1495
1428 1503
1428 1682
1428 1794
1429 1430
1429 1442
1429 1443
1429 1483
1429 1496
1429 1497
1430 1486
1430 1489
1430 1493
1430 1612
1430 1662
1430 1712
1431 1434
1431 1442
1431 1459
1431 1468
1431 1477
1431 1615
1431 1634
1431 1669
1431 1716
1432 1446
1432 1449
1432 1457
1432 1463
1432 1492
1432 1499
1432 1592
1432 1785
1432 1880
1432 1995
1433 1444
1433 1448
1433 1462
1433 1470
1433 1487
1433 1703
1434 1451
1434 1454
1434 1468
1434 1471
1434 1474
1434 1480
1434 1498
1434 1502
1434 1992
1435 1438
1435 1449
1435 1456
1435 1458
1435 1464
1435 1470
1435 1471
1435 1532
1435 1593
1435 1602
1435 1633
1435 1674
1435 1726
1435 1751
1435 1761
1435 1830
1435 1886
1435 1908
1436 1457
1436 1461
1436 1471
1436 1472
1436 1497
1436 1533
1436 1637
1436 1762
1436 1889
1436 1996
1437 1440
1437 1450
1437 1467
1437 1475
1437 1481
1437 1489
1437 1494
1437 1497
1437 1584
1437 1612
1437 1780
1437 1842
1437 1883
1437 1926
1438 1441
1438 1444
1438 1454
1438 1462
1438 1476
1438 1477
1438 1495
1438 1498
1438 1570
1438 1794
1438 1826
1438 1918
1438 1995
1439 1472
1439 1482
1439 1572
1440 1445
1440 1446
1440 1454
1440 1461
1440 1487
1440 1493
1440 1566
1440 1612
1440 1630
1440 1737
1440 1770
1441 1444
1441 1453
1441 1455
1441 1491
1441 1516
1441 1648
1441 1686
1441 1694
1441 1907
1442 1448
1442 1466
1442 1472
1442 1483
1442 1623
1443 1451
1443 1454
1443 1464
1443 1473
1443 1477
1443 1490
1443 1637
1443 1756
1444 1456
1444 1460
1444 1468
1444 1479
1444 1481
1444 1483
1444 1485
1444 1511
1444 1522
1444 1576
1444 1609
1444 1696
1444 1707
1444 1762
1444 1768
1444 1811
1444 1933
1444 1992
1445 1458
1445 1459
1445 1462
1445 1481
1445 1489
1445 1493
1445 1495
1445 1621
1445 1674
1445 1807
1445 1831
1445 2005
1446 1464
1446 1467
1446 1470
1446 1474
1446 1477
1446 1480
1446 1488
1446 1489
1446 1490
1446 1545
1446 1577
1446 1663
1446 1856
1447 1451
1447 1454
1447 1456
1447 1474
1447 1485
1447 1901
1448 1451
1448 1459
1448 1462
1448 1474
1448 1485
1448 1724
1448 1813
1448 1851
1448 1903
1448 1908
1449 1478
1449 1479
1449 1485
1449 1489
1449 1546
1449 1779
1450 1451
1450 1459
1450 1472
1450 1476
1450 1479
1450 1481
1450 1527
1450 1580
1450 1727
1450 1731
1450 1768
1450 1772
1450 1787
1450 1951
1451 1459
1451 1483
1451 1489
1451 1494
1451 1599
1451 1933
1451 1934
1451 1939
1452 1458
1452 1470
1452 1477
1452 1486
1452 1493
1452 1499
1452 1655
1452 1698
1453 1455
1453 1458
1453 1462
1453 1464
1453 1465
1453 1468
1453 1469
1453 1470
1453 1479
1453 1480
1453 1496
1453 1612
1453 1715
1453 1778
1454 1465
1454 1466
1454 1490
1454 1499
1454 1679
1454 1757
1454 1843
1455 1458
1455 1459
1455 1463
1455 1473
1455 1476
1455 1484
1455 1495
1455 1654
1455 1703
1455 2000
1455 2003
1456 1459
1456 1466
1456 1467
1456 1478
1456 1480
1456 1489
1456 1545
1456 1622
1456 1737
1456 1763
1456 1799
1456 1876
1456 1895
1457 1459
1457 1464
1457 1465
1457 1466
1457 1469
1457 1485
1457 1492
1457 1494
1457 1497
1457 1563
1457 1589
1457 1590
1457 1728
1457 1975
1458 1467
1458 1475
1458 1487
1458 1598
1458 1799
1458 1915
1459 1464
1459 1485
1459 1491
1459 1569
1459 1600
1459 1816
1459 1981
1459 2001
1460 1480
1460 1558
1460 1560
1460 1595
1460 1819
1461 1475
1461 1486
1461 1487
1461 1489
1461 1496
1461 1680
1461 1823
1461 1877
1461 1932
1461 1994
1462 1475
1462 1482
1462 1489
1462 1492
1462 1497
1462 1506
1462 1808
1462 1901
1462 1932
1463 1469
1463 1472
1463 1487
1463 1822
1463 1978
1463 1984
1464 1465
1464 1476
1464 1617
1464 1787
1464 1817
1465 1466
1465 1489
1465 1498
1465 1617
1465 1624
1465 1652
1465 1783
1465 1826
1466 1469
1466 1490
1466 1495
1466 1751
1466 1841
1467 1475
1467 1486
1467 1487
1467 1495
1467 1497
1467 1518
1467 1619
1467 1646
1468 1474
1468 1478
1468 1487
1468 1493
1468 1511
1468 1525
1468 1594
1468 1628
1468 1974
1469 1476
1469 1489
1469 1492
1469 1498
1469 1616
1469 1711
1470 1479
1471 1480
1471 1486
1471 1492
1471 1643
1471 1926
1472 1473
1472 1474
1472 1476
1472 1479
1472 1483
1472 1491
1472 1493
1472 1615
1472 1697
1472 1877
1472 1930
1473 1680
1473 1707
1473 1929
1473 1964
1473 1980
1473 1993
1474 1488
1474 1490
1474 1558
1474 1625
1474 1643
1474 1655
1474 1673
1474 1921
1474 1942
1475 1476
1475 1664
1476 1719
1476 1831
1476 1948
1476 1953
1477 1485
1477 1486
1477 1490
1477 1497
1477 1498
1477 1499
1477 1632
1477 1713
1477 1820
1477 1965
1478 1482
1478 1494
1478 1614
1478 1650
1478 1729
1478 1734
1478 1735
1478 1819
1478 1901
1478 1992
1479 1491
1479 1495
1479 1499
1479 1697
1479 1929
1480 1493
1480 1519
1480 1557
1480 1582
1480 1647
1480 1710
1480 1756
1480 1883
1480 1995
1481 1487
1481 1573
1481 1700
1481 1881
1481 1892
1482 1492
1482 1530
1482 1818
1482 1839
1482 1860
1482 1864
1482 1900
1483 1485
1483 1488
1483 1499
1483 1662
1483 1678
1483 1757
1483 1813
1483 1895
1483 1921
1484 1492
1484 1616
1484 1656
1484 1792
1484 1892
1485 1492
1485 1865
1485 1942
1485 1999
1486 1493
1486 1497
1486 1656
1487 1606
1487 1620
1487 1635
1487 1751
1487 1812
1487 1900
1488 1524
1488 1706
1488 1800
1488 1984
1489 1556
1489 1581
1489 1705
1489 1987
1490 1509
1490 1557
1490 1568
1490 1918
1490 1979
1491 1492
1491 1655
1491 1789
1491 1951
1492 1496
1492 1571
1492 1659
1493 1675
1493 1826
1493 1848
1494 1495
1494 1537
1494 1603
1494 1652
1494 1867
1494 1895
1495 1658
1495 1756
1495 1791
1495 1914
1496 1499
1496 1543
1496 1576
1496 1746
1496 1749
1496 1811
1496 1890
1497 1831
1497 1889
1498 1574
1498 1675
1498 1850
1498 1916
1499 1596
1499 1932
1499 1947
1500 1509
1500 1542
1500 1553
1500 1566
1500 1568
1500 1572
1500 1595
1500 1597
1500 1601
1500 1609
1500 1612
1500 1624
1500 1625
1500 1631
1500 1651
1500 1665
1500 1666
1500 1670
1500 1704
1500 1717
1500 1720
1500 1721
1500 1722
1500 1728
1500 1729
1500 1730
1500 1733
1500 1734
1500 1745
1500 1747
1500 1748
1500 1749
1500 1750
1500 1755
1500 1919
1500 1927
1500 1943
1501 1506
1501 1516
1501 1517
1501 1539
1501 1560
1501 1562
1501 1569
1501 1579
1501 1586
1501 1589
1501 1594
1501 1596
1501 1597
1501 1602
1501 1603
1501 1619
1501 1638
1501 1640
1501 1645
1501 1662
1501 1664
1501 1682
1501 1691
1501 1692
1501 1698
1501 1712
1501 1719
1501 1746
1501 1804
1501 1817
1501 1836
1501 1987
1502 1516
1502 1517
1502 1521
1502 1522
1502 1537
1502 1550
1502 1575
1502 1577
1502 1599
1502 1610
1502 1611
1502 1626
1502 1653
1502 1680
1502 1697
1502 1718
1502 1746
1502 1804
1502 1828
1502 1872
1503 1529
1503 1543
1503 1561
1503 1570
1503 1571
1503 1588
1503 1613
1503 1627
1503 1641
1503 1654
1503 1664
1503 1668
1503 1672
1503 1677
1503 1681
1503 1682
1503 1690
1503 1701
1503 1746
1503 1748
1503 1828
1503 1830
1503 1987
1504 1506
1504 1507
1504 1519
1504 1523
1504 1537
1504 1550
1504 1555
1504 1562
1504 1570
1504 1573
1504 1577
1504 1581
1504 1592
1504 1598
1504 1605
1504 1610
1504 1642
1504 1644
1504 1645
1504 1654
1504 1675
1504 1680
1504 1681
1504 1693
1504 1694
1504 1705
1504 1713
1504 1715
1504 1746
1504 1758
1504 1798
1504 1989
1505 1515
1505 1559
1505 1560
1505 1563
1505 1568
1505 1573
1505 1608
1505 1614
1505 1615
1505 1623
1505 1630
1505 1632
1505 1633
1505 1688
1505 1696
1505 1702
1505 1709
1505 1723
1505 1728
1505 1742
1505 1748
1505 2000
1506 1524
1506 1531
1506 1543
1506 1545
1506 1591
1506 1594
1506 1599
1506 1603
1506 1609
1506 1611
1506 1613
1506 1628
1506 1657
1506 1662
1506 1679
1506 1688
1506 1689
1506 1690
1506 1706
1506 1713
1506 1724
1506 1745
1506 1749
1507 1511
1507 1536
1507 1539
1507 1544
1507 1548
1507 1552
1507 1555
1507 1563
1507 1580
1507 1582
1507 1599
1507 1602
1507 1608
1507 1616
1507 1622
1507 1627
1507 1651
1507 1689
1507 1694
1507 1703
1507 1705
1507 1709
1507 1716
1507 1721
1507 1728
1507 1805
1508 1510
1508 1523
1508 1564
1508 1566
1508 1608
1508 1612
1508 1621
1508 1628
1508 1633
1508 1642
1508 1670
1508 1679
1508 1682
1508 1684
1508 1685
1508 1689
1508 1713
1508 1728
1508 1749
1508 1899
1508 1963
1509 1511
1509 1513
1509 1517
1509 1529
1509 1542
1509 1543
1509 1551
1509 1552
1509 1555
1509 1579
1509 1588
1509 1599
1509 1616
1509 1620
1509 1629
1509 1630
1509 1648
1509 1669
1509 1670
1509 1680
1509 1690
1509 1691
1509 1695
1509 1711
1509 1713
1509 1714
1509 1717
1509 1721
1509 1733
1509 1738
1509 1749
1509 1817
1509 1839
1510 1511
1510 1516
1510 1518
1510 1540
1510 1545
1510 1555
1510 1558
1510 1565
1510 1572
1510 1588
1510 1597
1510 1605
1510 1610
1510 1611
1510 1620
1510 1636
1510 1639
1510 1655
1510 1700
1510 1703
1510 1726
1510 1733
1510 1734
1510 1877
1511 1512
1511 1515
1511 1517
1511 1523
1511 1551
1511 1566
1511 1583
1511 1586
1511 1603
1511 1605
1511 1628
1511 1630
1511 1650
1511 1654
1511 1656
1511 1662
1511 1671
1511 1689
1511 1696
1511 1697
1511 1701
1511 1713
1511 1727
1511 1729
1511 1733
1511 1737
1511 1739
1511 1747
1511 1930
1512 1516
1512 1522
1512 1547
1512 1549
1512 1553
1512 1554
1512 1558
1512 1571
1512 1578
1512 1579
1512 1585
1512 1591
1512 1597
1512 1610
1512 1612
1512 1615
1512 1619
1512 1632
1512 1649
1512 1654
1512 1675
1512 1695
1512 1724
1512 1725
1512 1742
1512 1744
1512 1774
1512 1891
1512 1921
1512 1955
1513 1520
1513 1528
1513 1529
1513 1531
1513 1538
1513 1542
1513 1547
1513 1558
1513 1580
1513 1585
1513 1598
1513 1657
1513 1660
1513 1662
1513 1663
1513 1680
1513 1690
1513 1693
1513 1695
1513 1696
1513 1708
1513 1723
1513 1728
1513 1741
1513 1995
1513 2001
1514 1522
1514 1531
1514 1533
1514 1536
1514 1596
1514 1598
1514 1610
1514 1613
1514 1617
1514 1620
1514 1621
1514 1640
1514 1641
1514 1655
1514 1663
1514 1678
1514 1689
1514 1690
1514 1711
1514 1713
1514 1715
1514 1720
1514 1745
1514 1748
1514 1783
1514 1892
1515 1518
1515 1538
1515 1544
1515 1563
1515 1575
1515 1577
1515 1590
1515 1595
1515 1603
1515 1611
1515 1612
1515 1616
1515 1643
1515 1645
1515 1646
1515 1648
1515 1653
1515 1658
1515 1674
1515 1685
1515 1688
1515 1698
1515 1699
1515 1701
1515 1712
1515 1719
1515 1726
1515 1742
1515 1747
1515 1752
1515 1906
1515 1943
1516 1520
1516 1521
1516 1527
1516 1529
1516 1534
1516 1535
1516 1553
1516 1573
1516 1577
1516 1580
1516 1583
1516 1586
1516 1610
1516 1619
1516 1640
1516 1643
1516 1650
1516 1657
1516 1662
1516 1695
1516 1704
1516 1707
1516 1708
1516 1716
1516 1742
1516 1746
1516 1747
1516 1958
1517 1518
1517 1527
1517 1555
1517 1573
1517 1584
1517 1590
1517 1598
1517 1601
1517 1606
1517 1622
1517 1623
1517 1655
1517 1660
1517 1673
1517 1689
1517 1694
1517 1701
1517 1706
1517 1722
1517 1727
1517 1733
1517 1745
1517 1746
1517 1971
1518 1521
1518 1522
1518 1541
1518 1546
1518 1563
1518 1574
1518 1577
1518 1596
1518 1620
1518 1627
1518 1631
1518 1657
1518 1658
1518 1661
1518 1671
1518 1678
1518 1686
1518 1717
1518 1725
1518 1733
1518 1773
1518 1786
1518 1852
1519 1528
1519 1531
1519 1548
1519 1572
1519 1575
1519 1589
1519 1592
1519 1600
1519 1610
1519 1616
1519 1619
1519 1624
1519 1629
1519 1634
1519 1650
1519 1651
1519 1671
1519 1690
1519 1721
1519 1741
1519 1744
1519 1749
1519 1761
1519 1830
1519 1940
1520 1521
1520 1534
1520 1536
1520 1545
1520 1548
1520 1552
1520 1564
1520 1572
1520 1575
1520 1577
1520 1598
1520 1626
1520 1645
1520 1648
1520 1649
1520 1653
1520 1654
1520 1665
1520 1700
1520 1702
1520 1744
1520 1904
1520 1934
1520 1977
1521 1522
1521 1535
1521 1540
1521 1542
1521 1555
1521 1576
1521 1580
1521 1591
1521 1593
1521 1630
1521 1634
1521 1641
1521 1648
1521 1675
1521 1687
1521 1692
1521 1694
1521 1710
1521 1717
1521 1739
1521 1743
1522 1526
1522 1535
1522 1539
1522 1565
1522 1570
1522 1571
1522 1576
1522 1580
1522 1585
1522 1590
1522 1591
1522 1593
1522 1600
1522 1630
1522 1663
1522 1695
1522 1698
1522 1714
1522 1721
1522 1724
1522 1737
1522 1744
1523 1530
1523 1533
1523 1559
1523 1578
1523 1585
1523 1590
1523 1603
1523 1606
1523 1610
1523 1617
1523 1618
1523 1644
1523 1646
1523 1647
1523 1659
1523 1667
1523 1672
1523 1673
1523 1677
1523 1682
1523 1689
1523 1695
1523 1718
1523 1724
1523 1741
1523 1843
1523 1900
1523 1931
1523 1959
1524 1528
1524 1552
1524 1590
1524 1599
1524 1602
1524 1603
1524 1604
1524 1611
1524 1617
1524 1636
1524 1647
1524 1661
1524 1662
1524 1663
1524 1670
1524 1671
1524 1672
1524 1673
1524 1686
1524 1698
1524 1709
1524 1713
1524 1726
1524 1745
1524 1825
1524 1934
1525 1532
1525 1535
1525 1548
1525 1550
1525 1556
1525 1568
1525 1572
1525 1584
1525 1586
1525 1600
1525 1602
1525 1636
1525 1639
1525 1645
1525 1650
1525 1661
1525 1717
1525 1722
1525 1733
1525 1735
1525 1748
1526 1533
1526 1540
1526 1550
1526 1557
1526 1562
1526 1571
1526 1577
1526 1599
1526 1600
1526 1613
1526 1700
1526 1707
1526 1720
1526 1724
1526 1728
1526 1734
1526 1735
1526 1834
1527 1585
1527 1589
1527 1596
1527 1601
1527 1608
1527 1609
1527 1610
1527 1620
1527 1628
1527 1630
1527 1635
1527 1636
1527 1669
1527 1672
1527 1679
1527 1700
1527 1705
1527 1717
1527 1718
1527 1736
1527 1740
1527 1779
1527 1949
1527 1996
1528 1540
1528 1546
1528 1558
1528 1559
1528 1566
1528 1572
1528 1591
1528 1594
1528 1610
1528 1624
1528 1626
1528 1636
1528 1646
1528 1647
1528 1662
1528 1674
1528 1675
1528 1678
1528 1681
1528 1682
1528 1685
1528 1690
1528 1715
1528 1716
1528 1731
1528 1742
1528 1744
1528 1823
1528 1888
1528 1913
1528 1945
1528 1994
1529 1545
1529 1549
1529 1573
1529 1583
1529 1594
1529 1630
1529 1642
1529 1644
1529 1655
1529 1665
1529 1668
1529 1677
1529 1682
1529 1684
1529 1696
1529 1701
1529 1719
1529 1720
1529 1722
1529 1731
1529 1748
1529 1823
1529 1864
1529 1911
1530 1535
1530 1539
1530 1541
1530 1542
1530 1584
1530 1588
1530 1597
1530 1623
1530 1629
1530 1636
1530 1647
1530 1663
1530 1666
1530 1668
1530 1678
1530 1689
1530 1690
1530 1700
1530 1704
1530 1709
1530 1719
1530 1722
1530 1723
1530 1726
1530 1745
1530 1851
1531 1541
1531 1542
1531 1555
1531 1557
1531 1581
1531 1583
1531 1596
1531 1601
1531 1603
1531 1612
1531 1622
1531 1641
1531 1646
1531 1655
1531 1681
1531 1691
1531 1692
1531 1696
1531 1716
1531 1734
1531 1738
1531 1744
1531 1749
1531 1803
1531 1832
1531 1977
1532 1536
1532 1542
1532 1546
1532 1569
1532 1574
1532 1579
1532 1598
1532 1604
1532 1619
1532 1621
1532 1627
1532 1634
1532 1650
1532 1653
1532 1660
1532 1707
1532 1726
1532 1729
1532 1737
1533 1542
1533 1564
1533 1579
1533 1594
1533 1604
1533 1606
1533 1609
1533 1617
1533 1638
1533 1643
1533 1657
1533 1665
1533 1672
1533 1688
1533 1693
1533 1696
1533 1701
1533 1713
1533 1722
1533 1723
1533 1729
1533 1740
1533 1743
1533 1937
1533 1994
1534 1536
1534 1561
1534 1574
1534 1599
1534 1613
1534 1621
1534 1623
1534 1660
1534 1683
1534 1689
1534 1717
1534 1721
1534 1723
1534 1732
1534 1736
1534 1740
1535 1547
1535 1557
1535 1569
1535 1573
1535 1574
1535 1590
1535 1593
1535 1622
1535 1627
1535 1638
1535 1643
1535 1652
1535 1672
1535 1676
1535 1698
1535 1699
1535 1703
1535 1710
1535 1713
1535 1725
1535 1729
1535 1733
1535 1737
1535 1749
1535 1899
1535 1922
1536 1545
1536 1579
1536 1582
1536 1584
1536 1587
1536 1602
1536 1609
1536 1615
1536 1627
1536 1629
1536 1644
1536 1687
1536 1692
1536 1694
1536 1701
1536 1715
1536 1748
1536 1749
1536 1791
1536 1876
1536 1944
1537 1538
1537 1539
1537 1545
1537 1561
1537 1579
1537 1600
1537 1607
1537 1616
1537 1636
1537 1652
1537 1653
1537 1660
1537 1679
1537 1682
1537 1686
1537 1695
1537 1706
1537 1713
1537 1716
1537 1738
1537 1915
1538 1543
1538 1549
1538 1552
1538 1605
1538 1607
1538 1634
1538 1635
1538 1638
1538 1639
1538 1668
1538 1670
1538 1672
1538 1680
1538 1692
1538 1694
1538 1702
1538 1704
1538 1723
1538 1735
1538 1832
1538 1836
1538 1850
1539 1564
1539 1573
1539 1600
1539 1603
1539 1625
1539 1648
1539 1649
1539 1684
1539 1685
1539 1703
1539 1704
1539 1706
1539 1709
1539 1742
1540 1574
1540 1578
1540 1612
1540 1626
1540 1627
1540 1632
1540 1663
1540 1670
1540 1671
1540 1682
1540 1694
1540 1695
1540 1709
1540 1717
1540 1726
1540 1740
1540 1761
1540 1775
1541 1549
1541 1552
1541 1558
1541 1576
1541 1578
1541 1587
1541 1592
1541 1611
1541 1618
1541 1624
1541 1626
1541 1647
1541 1652
1541 1670
1541 1672
1541 1681
1541 1700
1541 1710
1541 1714
1541 1736
1541 1741
1541 1824
1541 1837
1541 1943
1542 1561
1542 1564
1542 1572
1542 1578
1542 1593
1542 1632
1542 1636
1542 1655
1542 1668
1542 1678
1542 1686
1542 1694
1542 1698
1542 1711
1542 1712
1542 1735
1542 1749
1542 1796
1542 1818
1542 1840
1542 1861
1542 1978
1543 1549
1543 1553
1543 1555
1543 1558
1543 1559
1543 1579
1543 1581
1543 1583
1543 1586
1543 1591
1543 1603
1543 1618
1543 1623
1543 1647
1543 1656
1543 1660
1543 1664
1543 1667
1543 1673
1543 1683
1543 1691
1543 1708
1543 1711
1543 1713
1543 1718
1543 1741
1544 1547
1544 1548
1544 1566
1544 1574
1544 1583
1544 1596
1544 1605
1544 1621
1544 1631
1544 1644
1544 1654
1544 1659
1544 1673
1544 1687
1544 1689
1544 1720
1544 1723
1544 1726
1544 1727
1544 1734
1544 1748
1544 1882
1545 1546
1545 1549
1545 1554
1545 1559
1545 1570
1545 1592
1545 1608
1545 1628
1545 1636
1545 1637
1545 1667
1545 1688
1545 1711
1545 1721
1545 1726
1545 1742
1545 1782
1545 1851
1545 1899
1545 1901
1545 1903
1546 1562
1546 1580
1546 1585
1546 1606
1546 1607
1546 1622
1546 1631
1546 1632
1546 1643
1546 1655
1546 1678
1546 1682
1546 1687
1546 1688
1546 1695
1546 1702
1546 1713
1546 1722
1546 1723
1546 1766
1546 1770
1547 1569
1547 1570
1547 1595
1547 1597
1547 1600
1547 1605
1547 1626
1547 1642
1547 1663
1547 1671
1547 1675
1547 1678
1547 1690
1547 1708
1547 1718
1547 1725
1547 1731
1547 1737
1547 1794
1547 1842
1547 1851
1548 1553
1548 1576
1548 1584
1548 1585
1548 1587
1548 1597
1548 1603
1548 1612
1548 1624
1548 1626
1548 1640
1548 1642
1548 1645
1548 1656
1548 1658
1548 1661
1548 1679
1548 1683
1548 1696
1548 1715
1548 1731
1548 1732
1548 1739
1548 1852
1549 1577
1549 1589
1549 1594
1549 1596
1549 1604
1549 1609
1549 1645
1549 1652
1549 1654
1549 1659
1549 1664
1549 1668
1549 1672
1549 1673
1549 1682
1549 1691
1549 1693
1549 1697
1549 1705
1549 1730
1549 1748
1549 1750
1549 1903
1549 1918
1549 1984
1550 1555
1550 1556
1550 1565
1550 1567
1550 1568
1550 1579
1550 1580
1550 1583
1550 1588
1550 1589
1550 1599
1550 1602
1550 1635
1550 1647
1550 1650
1550 1651
1550 1671
1550 1693
1550 1704
1550 1710
1550 1726
1550 1742
1550 1745
1551 1560
1551 1573
1551 1587
1551 1588
1551 1595
1551 1596
1551 1598
1551 1610
1551 1611
1551 1614
1551 1616
1551 1629
1551 1630
1551 1633
1551 1635
1551 1666
1551 1670
1551 1687
1551 1690
1551 1693
1551 1718
1551 1720
1551 1724
1551 1733
1551 1735
1551 1736
1551 1747
1551 1865
1552 1554
1552 1559
1552 1567
1552 1571
1552 1574
1552 1579
1552 1591
1552 1592
1552 1593
1552 1596
1552 1620
1552 1635
1552 1647
1552 1649
1552 1677
1552 1680
1552 1704
1552 1716
1552 1718
1552 1724
1552 1737
1552 1745
1552 1778
1552 1850
1552 1960
1553 1567
1553 1577
1553 1586
1553 1589
1553 1590
1553 1600
1553 1601
1553 1604
1553 1635
1553 1638
1553 1651
1553 1665
1553 1673
1553 1674
1553 1677
1553 1686
1553 1700
1553 1703
1553 1706
1553 1707
1553 1711
1553 1723
1553 1728
1553 1739
1553 1745
1553 1922
1553 1993
1554 1563
1554 1566
1554 1568
1554 1569
1554 1574
1554 1603
1554 1606
1554 1607
1554 1624
1554 1627
1554 1631
1554 1634
1554 1636
1554 1656
1554 1666
1554 1667
1554 1668
1554 1673
1554 1683
1554 1686
1554 1705
1554 1713
1554 1732
1554 1740
1554 1766
1554 1772
1555 1561
1555 1565
1555 1578
1555 1600
1555 1603
1555 1616
1555 1621
1555 1628
1555 1635
1555 1639
1555 1647
1555 1655
1555 1666
1555 1672
1555 1673
1555 1685
1555 1686
1555 1708
1555 1711
1555 1719
1555 1734
1555 1736
1555 1739
1555 1905
1555 1929
1556 1557
1556 1577
1556 1579
1556 1583
1556 1585
1556 1591
1556 1600
1556 1623
1556 1637
1556 1644
1556 1649
1556 1659
1556 1677
1556 1685
1556 1690
1556 1693
1556 1694
1556 1700
1556 1702
1556 1710
1556 1713
1556 1727
1556 1731
1556 1733
1556 1735
1556 1739
1556 1745
1556 1775
1556 1907
1557 1567
1557 1571
1557 1580
1557 1587
1557 1590
1557 1606
1557 1610
1557 1614
1557 1647
1557 1655
1557 1658
1557 1673
1557 1676
1557 1684
1557 1697
1557 1703
1557 1706
1557 1716
1557 1734
1557 1748
1557 1865
1557 1931
1558 1567
1558 1575
1558 1580
1558 1582
1558 1596
1558 1611
1558 1614
1558 1618
1558 1646
1558 1648
1558 1672
1558 1673
1558 1677
1558 1683
1558 1684
1558 1691
1558 1697
1558 1715
1558 1794
1558 1990
1559 1566
1559 1574
1559 1591
1559 1601
1559 1609
1559 1630
1559 1640
1559 1648
1559 1667
1559 1668
1559 1678
1559 1685
1559 1775
1559 1804
1559 1886
1559 1980
1560 1566
1560 1574
1560 1621
1560 1628
1560 1637
1560 1661
1560 1665
1560 1675
1560 1691
1560 1702
1560 1714
1560 1727
1560 1734
1560 1737
1560 1747
1560 1749
1561 1562
1561 1564
1561 1577
1561 1589
1561 1590
1561 1597
1561 1605
1561 1611
1561 1613
1561 1621
1561 1624
1561 1645
1561 1657
1561 1665
1561 1707
1561 1713
1561 1735
1561 1746
1561 1749
1562 1569
1562 1575
1562 1582
1562 1630
1562 1637
1562 1644
1562 1645
1562 1657
1562 1680
1562 1686
1562 1700
1562 1721
1562 1749
1562 1815
1563 1573
1563 1578
1563 1591
1563 1597
1563 1608
1563 1612
1563 1620
1563 1626
1563 1630
1563 1635
1563 1654
1563 1655
1563 1675
1563 1680
1563 1699
1563 1708
1563 1715
1563 1724
1563 1726
1563 1729
1563 1737
1563 1741
1563 1744
1563 1867
1563 1925
1563 1989
1564 1572
1564 1578
1564 1592
1564 1600
1564 1609
1564 1616
1564 1620
1564 1625
1564 1647
1564 1668
1564 1682
1564 1698
1564 1706
1564 1709
1564 1732
1564 1749
1564 1778
1564 1851
1564 1905
1564 1995
1565 1570
1565 1580
1565 1599
1565 1603
1565 1622
1565 1631
1565 1637
1565 1645
1565 1646
1565 1651
1565 1664
1565 1668
1565 1674
1565 1675
1565 1688
1565 1690
1565 1692
1565 1694
1565 1696
1565 1703
1565 1710
1565 1715
1565 1720
1565 1729
1565 1735
1565 1748
1565 1852
1566 1580
1566 1618
1566 1629
1566 1639
1566 1647
1566 1649
1566 1666
1566 1678
1566 1680
1566 1775
1566 1857
1566 1894
1567 1576
1567 1582
1567 1597
1567 1598
1567 1601
1567 1610
1567 1632
1567 1677
1567 1694
1567 1701
1567 1706
1567 1716
1567 1728
1567 1729
1567 1736
1567 1737
1567 1749
1567 1819
1567 1954
1567 1988
1568 1604
1568 1606
1568 1607
1568 1636
1568 1641
1568 1643
1568 1645
1568 1666
1568 1673
1568 1679
1568 1681
1568 1688
1568 1690
1568 1700
1568 1703
1568 1723
1568 1725
1568 1729
1568 1732
1568 1739
1568 1740
1568 1743
1569 1571
1569 1583
1569 1595
1569 1607
1569 1610
1569 1616
1569 1618
1569 1626
1569 1640
1569 1666
1569 1673
1569 1678
1569 1681
1569 1691
1569 1705
1569 1707
1569 1709
1569 1742
1570 1574
1570 1591
1570 1593
1570 1595
1570 1599
1570 1600
1570 1601
1570 1603
1570 1625
1570 1628
1570 1637
1570 1641
1570 1654
1570 1656
1570 1687
1570 1704
1570 1710
1570 1718
1570 1721
1570 1722
1570 1731
1570 1734
1570 1834
1570 1859
1571 1573
1571 1588
1571 1615
1571 1619
1571 1634
1571 1637
1571 1645
1571 1653
1571 1663
1571 1664
1571 1669
1571 1673
1571 1695
1571 1698
1571 1702
1571 1717
1571 1720
1571 1730
1571 1733
1571 1739
1571 1741
1571 1746
1571 1749
1571 1927
1571 1965
1572 1584
1572 1587
1572 1602
1572 1609
1572 1623
1572 1642
1572 1660
1572 1661
1572 1671
1572 1678
1572 1699
1572 1718
1572 1729
1572 1732
1573 1577
1573 1591
1573 1592
1573 1602
1573 1606
1573 1610
1573 1612
1573 1617
1573 1634
1573 1678
1573 1685
1573 1689
1573 1693
1573 1694
1573 1700
1573 1706
1573 1718
1573 1731
1573 1736
1573 1791
1573 1831
1573 1850
1574 1580
1574 1600
1574 1603
1574 1609
1574 1626
1574 1628
1574 1629
1574 1639
1574 1640
1574 1649
1574 1663
1574 1675
1574 1679
1574 1688
1574 1692
1574 1696
1574 1699
1574 1705
1574 1707
1574 1708
1574 1714
1574 1735
1574 1749
1574 1758
1574 1871
1574 1892
1575 1586
1575 1594
1575 1601
1575 1623
1575 1634
1575 1641
1575 1646
1575 1667
1575 1670
1575 1693
1575 1696
1575 1715
1575 1716
1575 1723
1575 1747
1575 1883
1575 1884
1576 1582
1576 1596
1576 1600
1576 1603
1576 1605
1576 1607
1576 1611
1576 1615
1576 1627
1576 1633
1576 1641
1576 1664
1576 1667
1576 1674
1576 1678
1576 1683
1576 1719
1576 1743
1576 1754
1576 1784
1576 1805
1576 1851
1576 1990
1577 1580
1577 1600
1577 1602
1577 1622
1577 1633
1577 1634
1577 1650
1577 1655
1577 1660
1577 1667
1577 1671
1577 1683
1577 1685
1577 1686
1577 1695
1577 1700
1577 1718
1577 1728
1577 1735
1577 1746
1577 1748
1577 1811
1577 1970
1578 1581
1578 1586
1578 1595
1578 1597
1578 1598
1578 1610
1578 1614
1578 1637
1578 1643
1578 1646
1578 1647
1578 1672
1578 1680
1578 1684
1578 1720
1578 1730
1578 1734
1578 1783
1578 1874
1578 1938
1578 1940
1579 1585
1579 1592
1579 1603
1579 1609
1579 1611
1579 1619
1579 1621
1579 1659
1579 1668
1579 1679
1579 1680
1579 1713
1579 1714
1579 1715
1579 1719
1580 1588
1580 1590
1580 1596
1580 1597
1580 1609
1580 1619
1580 1629
1580 1635
1580 1637
1580 1640
1580 1649
1580 1653
1580 1695
1580 1709
1580 1714
1580 1728
1580 1733
1580 1734
1580 1948
1580 1968
1580 1972
1580 1989
1581 1582
1581 1587
1581 1590
1581 1596
1581 1611
1581 1617
1581 1636
1581 1637
1581 1647
1581 1652
1581 1657
1581 1659
1581 1665
1581 1679
1581 1687
1581 1689
1581 1706
1581 1710
1581 1742
1581 1758
1581 1762
1581 1817
1581 1844
1581 1956
1582 1591
1582 1594
1582 1602
1582 1609
1582 1633
1582 1642
1582 1645
1582 1652
1582 1653
1582 1661
1582 1664
1582 1669
1582 1676
1582 1677
1582 1693
1582 1696
1582 1713
1582 1718
1582 1720
1582 1732
1582 1734
1582 1735
1582 1739
1582 1742
1582 1761
1583 1598
1583 1608
1583 1609
1583 1614
1583 1616
1583 1617
1583 1621
1583 1630
1583 1638
1583 1661
1583 1663
1583 1705
1583 1738
1583 1749
1583 1774
1583 1794
1583 1830
1583 1853
1584 1586
1584 1595
1584 1605
1584 1611
1584 1612
1584 1616
1584 1626
1584 1633
1584 1644
1584 1645
1584 1664
1584 1670
1584 1696
1584 1701
1584 1716
1584 1727
1584 1735
1584 1741
1584 1745
1584 1829
1584 1905
1585 1594
1585 1596
1585 1610
1585 1617
1585 1626
1585 1631
1585 1648
1585 1657
1585 1661
1585 1666
1585 1702
1585 1703
1585 1710
1585 1714
1585 1726
1585 1727
1585 1738
1585 1739
1585 1741
1585 1746
1585 1748
1585 1770
1586 1610
1586 1620
1586 1633
1586 1638
1586 1650
1586 1676
1586 1677
1586 1684
1586 1702
1586 1712
1586 1720
1586 1722
1586 1727
1586 1731
1586 1735
1586 1737
1586 1743
1586 1744
1586 1746
1586 1783
1586 1826
1586 1854
1586 1968
1587 1595
1587 1599
1587 1611
1587 1615
1587 1622
1587 1624
1587 1636
1587 1649
1587 1678
1587 1695
1587 1699
1587 1700
1587 1718
1587 1720
1587 1726
1587 1746
1587 1801
1587 1813
1587 1853
1587 1871
1587 1976
1588 1593
1588 1595
1588 1615
1588 1623
1588 1642
1588 1652
1588 1661
1588 1684
1588 1687
1588 1697
1588 1708
1588 1716
1588 1726
1588 1729
1588 1740
1588 1774
1589 1611
1589 1643
1589 1644
1589 1647
1589 1652
1589 1653
1589 1667
1589 1673
1589 1686
1589 1696
1589 1704
1589 1705
1589 1707
1589 1709
1589 1717
1589 1725
1589 1734
1589 1739
1589 1793
1589 1860
1589 1959
1590 1606
1590 1614
1590 1617
1590 1618
1590 1619
1590 1626
1590 1632
1590 1654
1590 1663
1590 1683
1590 1685
1590 1690
1590 1694
1590 1715
1590 1719
1590 1724
1590 1726
1590 1732
1590 1733
1590 1737
1590 1743
1590 1746
1591 1598
1591 1606
1591 1617
1591 1618
1591 1621
1591 1624
1591 1625
1591 1627
1591 1636
1591 1643
1591 1656
1591 1658
1591 1661
1591 1663
1591 1682
1591 1694
1591 1726
1591 1730
1591 1735
1591 1739
1591 1743
1591 1960
1591 1972
1591 1999
1592 1595
1592 1597
1592 1610
1592 1643
1592 1646
1592 1654
1592 1659
1592 1663
1592 1666
1592 1683
1592 1689
1592 1701
1592 1705
1592 1728
1592 1748
1592 1888
1593 1598
1593 1603
1593 1612
1593 1617
1593 1630
1593 1633
1593 1654
1593 1659
1593 1664
1593 1666
1593 1677
1593 1678
1593 1680
1593 1682
1593 1683
1593 1688
1593 1691
1593 1693
1593 1725
1593 1728
1593 1732
1593 1741
1593 1749
1593 1814
1593 1968
1594 1609
1594 1612
1594 1656
1594 1659
1594 1661
1594 1674
1594 1684
1594 1687
1594 1688
1594 1696
1594 1697
1594 1709
1594 1722
1594 1741
1594 1754
1594 1945
1595 1608
1595 1620
1595 1624
1595 1626
1595 1637
1595 1638
1595 1656
1595 1662
1595 1669
1595 1693
1595 1703
1595 1707
1595 1725
1595 1736
1595 1742
1595 1768
1595 1769
1595 1839
1596 1602
1596 1606
1596 1608
1596 1621
1596 1640
1596 1645
1596 1678
1596 1689
1596 1695
1596 1696
1596 1702
1596 1715
1596 1728
1596 1731
1596 1735
1596 1746
1596 1836
1596 1883
1596 1910
1596 1920
1597 1599
1597 1632
1597 1634
1597 1661
1597 1663
1597 1677
1597 1681
1597 1694
1597 1695
1597 1726
1597 1728
1597 1735
1597 1744
1598 1603
1598 1610
1598 1616
1598 1641
1598 1659
1598 1674
1598 1676
1598 1678
1598 1689
1598 1690
1598 1692
1598 1698
1598 1713
1598 1714
1598 1718
1598 1728
1598 1732
1598 1934
1598 1968
1599 1610
1599 1615
1599 1622
1599 1632
1599 1633
1599 1652
1599 1655
1599 1656
1599 1671
1599 1701
1599 1713
1599 1714
1599 1717
1599 1722
1599 1724
1599 1742
1599 1786
1599 1935
1599 1985
1599 1989
1599 1997
1600 1606
1600 1623
1600 1647
1600 1657
1600 1660
1600 1671
1600 1683
1600 1695
1600 1702
1600 1713
1600 1719
1600 1728
1600 1737
1600 1743
1600 1744
1600 1745
1600 1823
1601 1611
1601 1612
1601 1618
1601 1621
1601 1625
1601 1639
1601 1644
1601 1647
1601 1673
1601 1704
1601 1708
1601 1722
1601 1742
1601 1794
1601 1823
1602 1603
1602 1620
1602 1623
1602 1646
1602 1658
1602 1669
1602 1671
1602 1685
1602 1718
1602 1776
1602 1786
1602 1798
1602 1875
1603 1606
1603 1610
1603 1618
1603 1650
1603 1654
1603 1660
1603 1664
1603 1665
1603 1682
1603 1702
1603 1705
1603 1719
1603 1723
1603 1749
1603 1858
1603 1863
1603 1876
1604 1610
1604 1632
1604 1646
1604 1647
1604 1658
1604 1665
1604 1673
1604 1688
1604 1689
1604 1695
1604 1697
1604 1703
1604 1718
1604 1738
1604 1739
1604 1950
1605 1622
1605 1626
1605 1632
1605 1647
1605 1664
1605 1673
1605 1685
1605 1696
1605 1701
1605 1703
1605 1710
1605 1713
1605 1714
1605 1715
1605 1719
1605 1738
1605 1744
1605 1745
1605 1938
1605 1958
1606 1617
1606 1633
1606 1653
1606 1661
1606 1664
1606 1673
1606 1683
1606 1697
1606 1702
1606 1706
1606 1719
1606 1733
1606 1749
1606 1900
1607 1625
1607 1633
1607 1654
1607 1663
1607 1677
1607 1693
1607 1707
1607 1714
1607 1718
1607 1781
1607 1833
1607 1852
1607 1875
1608 1629
1608 1631
1608 1638
1608 1645
1608 1646
1608 1665
1608 1679
1608 1692
1608 1694
1608 1709
1608 1713
1608 1714
1608 1721
1608 1729
1608 1748
1609 1630
1609 1650
1609 1652
1609 1654
1609 1655
1609 1659
1609 1679
1609 1688
1609 1696
1609 1702
1609 1733
1609 1735
1609 1741
1609 1747
1609 1796
1609 1797
1609 1863
1609 1919
1609 2003
1610 1624
1610 1640
1610 1641
1610 1646
1610 1655
1610 1666
1610 1705
1610 1729
1610 1749
1610 1808
1610 1853
1610 1891
1610 1903
1610 1986
1611 1616
1611 1636
1611 1641
1611 1645
1611 1649
1611 1655
1611 1660
1611 1667
1611 1696
1611 1704
1611 1709
1611 1713
1611 1719
1611 1729
1611 1743
1611 1744
1612 1616
1612 1632
1612 1635
1612 1637
1612 1646
1612 1652
1612 1670
1612 1673
1612 1681
1612 1688
1612 1713
1612 1718
1612 1724
1612 1844
1613 1629
1613 1634
1613 1635
1613 1652
1613 1656
1613 1657
1613 1691
1613 1696
1613 1697
1613 1703
1613 1713
1613 1722
1613 1729
1613 1730
1613 1738
1613 1746
1613 1748
1613 1758
1613 1781
1613 1886
1613 1982
1613 2002
1614 1620
1614 1622
1614 1643
1614 1648
1614 1650
1614 1656
1614 1661
1614 1671
1614 1673
1614 1674
1614 1688
1614 1692
1614 1702
1614 1714
1614 1728
1614 1743
1614 1753
1614 1928
1615 1621
1615 1625
1615 1630
1615 1638
1615 1642
1615 1652
1615 1654
1615 1656
1615 1669
1615 1672
1615 1681
1615 1699
1615 1712
1615 1729
1615 1748
1615 1980
1615 1990
1616 1628
1616 1644
1616 1683
1616 1699
1616 1700
1616 1719
1616 1784
1616 1914
1616 1999
1617 1631
1617 1642
1617 1671
1617 1679
1617 1686
1617 1691
1617 1700
1617 1718
1617 1722
1617 1723
1617 1725
1617 1777
1617 1903
1618 1630
1618 1634
1618 1668
1618 1672
1618 1680
1618 1688
1618 1713
1618 1719
1618 1720
1618 1724
1618 1726
1618 1736
1618 1739
1618 1853
1619 1630
1619 1644
1619 1649
1619 1677
1619 1695
1619 1700
1619 1709
1619 1710
1619 1718
1619 1951
1619 1969
1619 1984
1620 1640
1620 1642
1620 1650
1620 1658
1620 1660
1620 1661
1620 1663
1620 1673
1620 1674
1620 1691
1620 1699
1620 1718
1620 1720
1620 1727
1620 1742
1620 1997
1621 1622
1621 1623
1621 1665
1621 1671
1621 1672
1621 1673
1621 1683
1621 1690
1621 1719
1621 1722
1621 1737
1621 1747
1622 1624
1622 1626
1622 1633
1622 1634
1622 1638
1622 1640
1622 1654
1622 1657
1622 1659
1622 1662
1622 1667
1622 1678
1622 1683
1622 1684
1622 1690
1622 1692
1622 1694
1622 1704
1622 1706
1622 1707
1622 1719
1622 1735
1622 1736
1622 1763
1622 1787
1622 1887
1622 1957
1623 1626
1623 1638
1623 1640
1623 1654
1623 1668
1623 1691
1623 1703
1623 1709
1623 1733
1623 1734
1623 1754
1623 1866
1623 1883
1623 1927
1623 1928
1624 1626
1624 1635
1624 1649
1624 1655
1624 1663
1624 1664
1624 1669
1624 1682
1624 1687
1624 1692
1624 1694
1624 1698
1624 1735
1625 1627
1625 1638
1625 1639
1625 1646
1625 1672
1625 1673
1625 1681
1625 1692
1625 1694
1625 1702
1625 1737
1625 1857
1626 1633
1626 1634
1626 1635
1626 1640
1626 1646
1626 1658
1626 1668
1626 1680
1626 1685
1626 1697
1626 1700
1626 1706
1626 1714
1626 1732
1626 1892
1627 1633
1627 1634
1627 1640
1627 1649
1627 1653
1627 1661
1627 1683
1627 1702
1627 1707
1627 1714
1627 1715
1627 1731
1627 1802
1627 1977
1628 1631
1628 1636
1628 1639
1628 1640
1628 1657
1628 1680
1628 1694
1628 1698
1628 1701
1628 1711
1628 1784
1628 1800
1628 1819
1628 1884
1629 1649
1629 1654
1629 1663
1629 1666
1629 1680
1629 1685
1629 1699
1629 1704
1629 1730
1629 1899
1629 1970
1630 1639
1630 1646
1630 1664
1630 1674
1630 1679
1630 1686
1630 1693
1630 1719
1630 1742
1630 1745
1630 1926
1631 1649
1631 1655
1631 1659
1631 1665
1631 1676
1631 1683
1631 1692
1631 1701
1631 1704
1631 1715
1631 1727
1631 1736
1631 1739
1631 1741
1631 1807
1631 1887
1631 1999
1632 1635
1632 1654
1632 1663
1632 1670
1632 1672
1632 1675
1632 1700
1632 1701
1632 1702
1632 1714
1632 1717
1632 1719
1632 1724
1632 1725
1632 1735
1632 1740
1632 1745
1632 1748
1632 1942
1633 1641
1633 1648
1633 1654
1633 1658
1633 1661
1633 1689
1633 1717
1633 1721
1633 1728
1633 1729
1633 1731
1633 1840
1634 1646
1634 1649
1634 1650
1634 1652
1634 1655
1634 1668
1634 1694
1634 1698
1634 1735
1634 1742
1634 1820
1634 1838
1634 1902
1635 1636
1635 1637
1635 1661
1635 1666
1635 1668
1635 1669
1635 1675
1635 1676
1635 1684
1635 1694
1635 1696
1635 1702
1635 1715
1635 1716
1635 1726
1635 1728
1635 1752
1635 1792
1635 1901
1635 1996
1636 1648
1636 1657
1636 1686
1636 1690
1636 1692
1636 1705
1636 1719
1636 1725
1636 1733
1636 1777
1636 1815
1636 1829
1637 1645
1637 1648
1637 1652
1637 1657
1637 1658
1637 1662
1637 1665
1637 1674
1637 1689
1637 1693
1637 1708
1637 1716
1637 1726
1637 1745
1637 1756
1638 1640
1638 1647
1638 1659
1638 1669
1638 1672
1638 1677
1638 1680
1638 1681
1638 1695
1638 1701
1638 1709
1638 1724
1638 1727
1638 1746
1638 1786
1638 1809
1638 1844
1638 1970
1639 1645
1639 1659
1639 1690
1639 1699
1639 1721
1639 1724
1639 1726
1639 1729
1639 1732
1639 1736
1639 1744
1639 1749
1640 1674
1640 1683
1640 1688
1640 1699
1640 1700
1640 1703
1640 1722
1640 1723
1640 1726
1640 1743
1640 1746
1640 1859
1640 1970
1641 1656
1641 1664
1641 1668
1641 1702
1641 1705
1641 1713
1641 1723
1641 1725
1641 1726
1642 1644
1642 1649
1642 1653
1642 1671
1642 1674
1642 1680
1642 1687
1642 1697
1642 1707
1642 1712
1642 1714
1642 1729
1642 1738
1642 1739
1642 1740
1642 1742
1642 1747
1642 1764
1643 1654
1643 1656
1643 1662
1643 1682
1643 1686
1643 1694
1643 1696
1643 1707
1643 1710
1643 1712
1643 1720
1643 1732
1643 1762
1643 1992
1644 1661
1644 1665
1644 1675
1644 1677
1644 1683
1644 1688
1644 1693
1644 1697
1644 1704
1644 1705
1644 1712
1644 1736
1644 1737
1644 1740
1644 1742
1644 1844
1644 1892
1645 1681
1645 1696
1645 1706
1645 1716
1645 1723
1645 1729
1646 1655
1646 1665
1646 1679
1646 1696
1646 1697
1646 1702
1646 1705
1646 1706
1646 1720
1646 1728
1646 1736
1646 1843
1647 1650
1647 1660
1647 1672
1647 1675
1647 1693
1647 1697
1647 1711
1647 1715
1647 1731
1647 1732
1647 1733
1647 1737
1647 1747
1647 1774
1647 1781
1648 1671
1648 1676
1648 1688
1648 1689
1648 1692
1648 1695
1648 1706
1648 1712
1648 1713
1648 1715
1648 1717
1648 1719
1648 1727
1648 1736
1648 1741
1648 1743
1648 1748
1648 1860
1648 1952
1648 2003
1649 1667
1649 1669
1649 1685
1649 1688
1649 1692
1649 1701
1649 1715
1649 1738
1649 1746
1649 1853
1650 1651
1650 1655
1650 1659
1650 1679
1650 1682
1650 1685
1650 1687
1650 1698
1650 1709
1650 1717
1650 1725
1650 1740
1650 1873
1651 1661
1651 1671
1651 1672
1651 1673
1651 1731
1651 1738
1651 1745
1651 1995
1652 1653
1652 1660
1652 1667
1652 1680
1652 1683
1652 1702
1652 1706
1652 1711
1652 1714
1652 1724
1652 1737
1652 1746
1652 1860
1652 1905
1652 1959
1652 1962
1653 1656
1653 1659
1653 1670
1653 1672
1653 1673
1653 1675
1653 1689
1653 1694
1653 1704
1653 1739
1653 1744
1653 1747
1653 1781
1653 1926
1653 1985
1654 1667
1654 1676
1654 1683
1654 1689
1654 1690
1654 1695
1654 1703
1654 1710
1654 1723
1654 1728
1654 1735
1654 1737
1654 1738
1655 1664
1655 1705
1655 1718
1655 1728
1655 1734
1655 1739
1655 1822
1656 1659
1656 1722
1656 1738
1656 1751
1656 1883
1656 1937
1656 1956
1657 1671
1657 1676
1657 1693
1657 1694
1657 1696
1657 1704
1657 1718
1657 1719
1657 1722
1657 1725
1657 1727
1657 1736
1657 1760
1657 1874
1657 1920
1658 1681
1658 1682
1658 1683
1658 1718
1658 1727
1658 1728
1658 1731
1658 1738
1658 1744
1658 1821
1658 1855
1658 1959
1659 1662
1659 1686
1659 1698
1659 1703
1659 1717
1659 1741
1659 1905
1660 1662
1660 1686
1660 1698
1660 1700
1660 1706
1660 1746
1660 1748
1660 1829
1661 1664
1661 1670
1661 1683
1661 1690
1661 1719
1661 1731
1661 1732
1661 1747
1661 1885
1662 1673
1662 1678
1662 1686
1662 1699
1662 1705
1662 1729
1662 1730
1662 1745
1662 1753
1662 1806
1662 1955
1662 1969
1663 1665
1663 1668
1663 1676
1663 1715
1663 1727
1663 1737
1663 1740
1663 1747
1663 1788
1663 1798
1663 1812
1663 1856
1663 1860
1663 1878
1663 1950
1664 1692
1664 1694
1664 1705
1664 1709
1664 1712
1664 1737
1664 1995
1665 1693
1665 1694
1665 1706
1665 1720
1665 1736
1665 1979
1666 1674
1666 1676
1666 1678
1666 1685
1666 1707
1666 1720
1666 1728
1666 1736
1666 1741
1666 1746
1666 1795
1666 1972
1667 1702
1667 1708
1667 1712
1667 1716
1667 1724
1667 1743
1668 1672
1668 1697
1668 1702
1668 1705
1668 1706
1668 1707
1668 1716
1668 1717
1668 1728
1668 1735
1668 1742
1668 1743
1668 1764
1668 1778
1668 1790
1669 1679
1669 1713
1669 1723
1669 1911
1669 1930
1670 1677
1670 1686
1670 1697
1670 1707
1670 1724
1670 1725
1670 1737
1670 1745
1670 1748
1670 1811
1671 1683
1671 1693
1671 1695
1671 1697
1671 1706
1671 1713
1671 1723
1671 1727
1671 1748
1671 1795
1671 1866
1672 1674
1672 1712
1672 1734
1672 1743
1672 1745
1672 1809
1672 1861
1673 1674
1673 1695
1673 1727
1673 1730
1673 1912
1673 1939
1674 1681
1674 1685
1674 1697
1674 1702
1674 1705
1674 1719
1674 1720
1674 1746
1674 1747
1674 1749
1674 1920
1674 1970
1675 1683
1675 1692
1675 1718
1675 1722
1675 1906
1676 1686
1676 1687
1676 1690
1676 1692
1676 1699
1676 1705
1676 1710
1676 1712
1676 1715
1676 1719
1676 1729
1676 1734
1676 1735
1676 1873
1677 1699
1677 1702
1677 1707
1677 1714
1677 1725
1677 1729
1677 1737
1677 1738
1677 1749
1677 1881
1677 1923
1678 1690
1678 1703
1678 1710
1678 1725
1678 1729
1678 1740
1678 1744
1678 1745
1678 1746
1678 1893
1678 1895
1678 1998
1679 1685
1679 1702
1679 1711
1679 1728
1679 1743
1679 1817
1679 1844
1679 1962
1680 1698
1680 1709
1680 1711
1680 1712
1680 1714
1680 1723
1680 1725
1680 1731
1680 1815
1681 1687
1681 1696
1681 1705
1681 1710
1681 1722
1681 1729
1681 1733
1681 1734
1681 1746
1681 1768
1681 1911
1682 1697
1682 1706
1682 1710
1682 1726
1682 1728
1682 1733
1682 1738
1682 1777
1682 1926
1682 1930
1682 1970
1683 1694
1683 1705
1683 1713
1683 1720
1683 1740
1683 1747
1683 1911
1684 1685
1684 1702
1684 1707
1684 1737
1684 1743
1684 1746
1684 1749
1684 1752
1684 1781
1684 1785
1684 1846
1684 1903
1684 1916
1684 1932
1684 1972
1685 1686
1685 1688
1685 1690
1685 1705
1685 1711
1685 1733
1685 1743
1685 1900
1685 1952
1685 1975
1685 1999
1686 1694
1686 1695
1686 1708
1686 1714
1686 1720
1686 1848
1687 1691
1687 1695
1687 1715
1687 1724
1687 1731
1687 1733
1687 1746
1687 1757
1687 1826
1687 1867
1687 1952
1688 1721
1688 1722
1688 1723
1688 1731
1688 1734
1688 1736
1688 1744
1688 1756
1689 1690
1689 1691
1689 1693
1689 1698
1689 1704
1689 1710
1689 1736
1689 1745
1689 1758
1689 1845
1689 1852
1689 1853
1690 1696
1690 1721
1690 1730
1690 1733
1690 1749
1690 1942
1691 1711
1691 1735
1691 1737
1691 1741
1691 1744
1691 1749
1691 1775
1691 1942
1691 1957
1692 1694
1692 1698
1692 1701
1692 1702
1692 1703
1692 1731
1692 1733
1692 1749
1692 1796
1692 1805
1692 1992
1693 1703
1693 1704
1693 1709
1693 1714
1693 1730
1693 1733
1693 1736
1693 1777
1693 1878
1693 1910
1694 1706
1694 1711
1694 1719
1694 1721
1694 1744
1694 1749
1694 1797
1694 1892
1694 1952
1694 1973
1694 1987
1695 1699
1695 1708
1695 1709
1695 1720
1695 1721
1695 1722
1695 1740
1696 1697
1696 1701
1696 1704
1696 1722
1696 1727
1696 1749
1696 1836
1696 2006
1697 1702
1697 1721
1697 1728
1697 1731
1697 1751
1697 1941
1698 1706
1698 1710
1698 1718
1698 1728
1698 1733
1698 1737
1698 1738
1698 1742
1698 1786
1698 1839
1698 1843
1699 1704
1699 1712
1699 1724
1699 1729
1699 1745
1699 1955
1699 1958
1700 1708
1700 1710
1700 1720
1700 1732
1700 1735
1700 1736
1700 1742
1700 1842
1700 1870
1700 1882
1701 1708
1701 1718
1701 1728
1701 1733
1701 1747
1701 1887
1701 1931
1701 1960
1702 1710
1702 1717
1702 1915
1702 1995
1703 1704
1703 1705
1703 1733
1703 1734
1703 1735
1703 1736
1703 1737
1703 1746
1703 1892
1704 1898
1705 1706
1705 1714
1705 1721
1705 1724
1705 1726
1705 1728
1705 1734
1705 1748
1705 1760
1705 1900
1706 1718
1706 1725
1706 1738
1706 1743
1706 1813
1706 1943
1707 1726
1707 1728
1707 1733
1707 1740
1707 1790
1707 1843
1707 1859
1707 1878
1708 1709
1708 1727
1708 1742
1708 1788
1708 1818
1708 1929
1709 1717
1709 1746
1710 1715
1710 1717
1710 1719
1710 1729
1710 1736
1710 1737
1710 1842
1710 1978
1711 1722
1711 1728
1711 1737
1711 1963
1712 1715
1712 1722
1712 1724
1712 1727
1712 1740
1712 1742
1712 1744
1712 1746
1712 1750
1712 1812
1712 1834
1713 1726
1713 1743
1713 1748
1713 1884
1713 1939
1714 1722
1714 1730
1714 1739
1714 1745
1714 1746
1714 1894
1715 1729
1715 1732
1715 1733
1715 1738
1715 1746
1715 1990
1716 1736
1716 1805
1716 1814
1716 1834
1716 1907
1716 1925
1716 2000
1717 1719
1717 1720
1717 1723
1717 1725
1717 1743
1717 1838
1717 1840
1718 1726
1718 1728
1718 1734
1718 1736
1718 1967
1718 1971
1718 1994
1719 1739
1719 1742
1719 1784
1719 1871
1719 1872
1719 1941
1720 1723
1720 1726
1720 1734
1720 1763
1720 1807
1720 1873
1720 1921
1720 1946
1721 1740
1721 1741
1721 1744
1721 1895
1721 1965
1722 1727
1722 1737
1722 1747
1722 1788
1722 1858
1722 1947
1723 1728
1723 1732
1723 1742
1723 1827
1723 1981
1724 1729
1724 1749
1724 1753
1724 1868
1724 1925
1724 1999
1725 1729
1725 1733
1725 1763
1725 1786
1725 1794
1725 1820
1726 1727
1726 1733
1726 1737
1726 1741
1726 1745
1726 1895
1727 1747
1727 1748
1727 1903
1727 1971
1728 1734
1728 1735
1728 1738
1728 1763
1728 1927
1728 1968
1729 1745
1729 1837
1729 1963
1729 1999
1730 1751
1730 1938
1730 1976
1731 1745
1731 1852
1731 1888
1731 1894
1731 1951
1732 1747
1732 1748
1732 1853
1733 1737
1733 1744
1733 1747
1733 1804
1733 1829
1733 1884
1733 1910
1733 1932
1734 1738
1734 1896
1734 1961
1734 1992
1735 1745
1735 1866
1736 1743
1737 1762
1737 1817
1737 1897
1738 1747
1738 1869
1740 1741
1740 1751
1740 1785
1740 1829
1740 1933
1741 1746
1741 1754
1742 1960
1742 1986
1743 1748
1743 1750
1743 1807
1743 1837
1743 1882
1743 1903
1744 1839
1744 1845
1745 1925
1746 1783
1746 1798
1746 1800
1746 1832
1746 1907
1747 1878
1748 1750
1748 1770
1748 1995
1749 1785
1749 1935
1749 1946
1749 1972
1750 1758
1750 1766
1750 1768
1750 1769
1750 1784
1750 1788
1750 1814
1750 1819
1750 1820
1750 1822
1750 1824
1750 1827
1750 1841
1750 1848
1750 1870
1750 1875
1750 1877
1750 1884
1750 1903
1750 1911
1750 1916
1750 1920
1750 1928
1750 1937
1750 1941
1750 1942
1750 1957
1750 1970
1750 1976
1750 1979
1750 1989
1750 2003
1751 1754
1751 1764
1751 1773
1751 1779
1751 1785
1751 1792
1751 1809
1751 1821
1751 1839
1751 1844
1751 1848
1751 1849
1751 1850
1751 1861
1751 1864
1751 1886
1751 1895
1751 1898
1751 1900
1751 1909
1751 1916
1751 1925
1751 1929
1751 1943
1751 1948
1751 1951
1751 1957
1751 1959
1751 1975
1751 1977
1751 1979
1751 1980
1751 1981
1752 1758
1752 1780
1752 1781
1752 1786
1752 1808
1752 1820
1752 1840
1752 1841
1752 1860
1752 1885
1752 1898
1752 1910
1752 1929
1752 1931
1752 1937
1752 1946
1752 1947
1752 1964
1752 1982
1752 1988
1752 1991
1752 1993
1753 1755
1753 1758
1753 1759
1753 1762
1753 1775
1753 1780
1753 1782
1753 1788
1753 1790
1753 1798
1753 1806
1753 1817
1753 1823
1753 1824
1753 1827
1753 1844
1753 1854
1753 1857
1753 1859
1753 1865
1753 1867
1753 1889
1753 1909
1753 1915
1753 1932
1753 1935
1753 1978
1753 1980
1753 1991
1753 2000
1753 2001
1753 2002
1754 1777
1754 1791
1754 1819
1754 1823
1754 1827
1754 1829
1754 1837
1754 1852
1754 1856
1754 1876
1754 1890
1754 1891
1754 1895
1754 1898
1754 1900
1754 1907
1754 1911
1754 1934
1754 1941
1754 1942
1754 1944
1754 1945
1754 1946
1754 1956
1754 1957
1754 1968
1754 1987
1754 1995
1755 1760
1755 1763
1755 1770
1755 1785
1755 1787
1755 1794
1755 1795
1755 1803
1755 1811
1755 1815
1755 1818
1755 1829
1755 1832
1755 1847
1755 1851
1755 1856
1755 1859
1755 1863
1755 1867
1755 1871
1755 1884
1755 1886
1755 1895
1755 1897
1755 1902
1755 1907
1755 1918
1755 1941
1755 1944
1755 1964
1755 1987
1755 1990
1756 1763
1756 1784
1756 1787
1756 1827
1756 1848
1756 1865
1756 1866
1756 1867
1756 1883
1756 1891
1756 1921
1756 1930
1756 1931
1756 1940
1756 1944
1756 1958
1756 1964
1756 1971
1756 1993
1756 1999
1756 2006
1757 1773
1757 1774
1757 1776
1757 1785
1757 1787
1757 1797
1757 1802
1757 1808
1757 1811
1757 1812
1757 1848
1757 1859
1757 1861
1757 1867
1757 1873
1757 1882
1757 1892
1757 1894
1757 1895
1757 1902
1757 1906
1757 1928
1757 1947
1757 1953
1757 1962
1757 1970
1757 1977
1757 2004
1757 2006
1758 1760
1758 1761
1758 1767
1758 1770
1758 1771
1758 1773
1758 1787
1758 1791
1758 1793
1758 1830
1758 1831
1758 1853
1758 1854
1758 1867
1758 1872
1758 1887
1758 1897
1758 1901
1758 1905
1758 1908
1758 1916
1758 1921
1758 1945
1758 1949
1758 1955
1758 1963
1758 1971
1758 1972
1758 1991
1758 1994
1758 2003
1758 2005
1759 1760
1759 1763
1759 1776
1759 1784
1759 1790
1759 1794
1759 1810
1759 1814
1759 1817
1759 1830
1759 1831
1759 1856
1759 1865
1759 1868
1759 1875
1759 1881
1759 1885
1759 1893
1759 1899
1759 1903
1759 1915
1759 1918
1759 1952
1759 1958
1759 1960
1759 1966
1759 1970
1759 1992
1760 1768
1760 1776
1760 1778
1760 1780
1760 1790
1760 1794
1760 1799
1760 1811
1760 1812
1760 1818
1760 1826
1760 1828
1760 1852
1760 1865
1760 1888
1760 1908
1760 1914
1760 1915
1760 1927
1760 1928
1760 1930
1760 1940
1760 1950
1760 1957
1760 1973
1760 1984
1760 1989
1760 1998
1761 1762
1761 1764
1761 1781
1761 1786
1761 1805
1761 1822
1761 1825
1761 1826
1761 1834
1761 1850
1761 1857
1761 1875
1761 1881
1761 1884
1761 1886
1761 1888
1761 1893
1761 1907
1761 1913
1761 1923
1761 1924
1761 1928
1761 1929
1761 1931
1761 1936
1761 1941
1761 1951
1761 1956
1761 1965
1761 1968
1761 1970
1761 1990
1761 2002
1761 2005
1762 1774
1762 1782
1762 1786
1762 1790
1762 1816
1762 1819
1762 1829
1762 1856
1762 1857
1762 1870
1762 1884
1762 1893
1762 1897
1762 1901
1762 1903
1762 1914
1762 1932
1762 1948
1762 1954
1762 1962
1762 1984
1762 1986
1762 2004
1763 1792
1763 1799
1763 1809
1763 1815
1763 1817
1763 1842
1763 1866
1763 1868
1763 1874
1763 1876
1763 1883
1763 1900
1763 1907
1763 1924
1763 1929
1763 1937
1763 1946
1763 1972
1763 1992
1764 1774
1764 1776
1764 1792
1764 1809
1764 1812
1764 1823
1764 1838
1764 1839
1764 1844
1764 1860
1764 1868
1764 1875
1764 1890
1764 1898
1764 1902
1764 1911
1764 1937
1764 1940
1764 1951
1764 1993
1764 1999
1764 2002
1764 2003
1765 1820
1765 1827
1765 1831
1765 1853
1765 1870
1765 1871
1765 1884
1765 1891
1765 1903
1765 1918
1765 1924
1765 1934
1765 1948
1765 1962
1765 1985
1765 1997
1766 1778
1766 1781
1766 1782
1766 1793
1766 1802
1766 1803
1766 1807
1766 1812
1766 1815
1766 1843
1766 1855
1766 1868
1766 1872
1766 1875
1766 1882
1766 1893
1766 1897
1766 1901
1766 1910
1766 1936
1766 1941
1766 1952
1766 1954
1766 1978
1766 1980
1766 1981
1766 1986
1766 1989
1766 1997
1766 2002
1767 1772
1767 1778
1767 1799
1767 1814
1767 1819
1767 1821
1767 1834
1767 1836
1767 1838
1767 1870
1767 1873
1767 1877
1767 1895
1767 1897
1767 1902
1767 1918
1767 1922
1767 1931
1767 1944
1767 1945
1767 1955
1767 1963
1767 1975
1767 1984
1767 1986
1767 1992
1767 1996
1767 2000
1768 1785
1768 1792
1768 1795
1768 1796
1768 1822
1768 1826
1768 1836
1768 1837
1768 1841
1768 1843
1768 1848
1768 1870
1768 1880
1768 1897
1768 1903
1768 1907
1768 1916
1768 1938
1768 1940
1768 1949
1768 1950
1768 1955
1768 1959
1768 1964
1768 1972
1768 1976
1768 1995
1769 1779
1769 1790
1769 1800
1769 1808
1769 1813
1769 1820
1769 1827
1769 1841
1769 1843
1769 1845
1769 1849
1769 1868
1769 1881
1769 1891
1769 1911
1769 1920
1769 1927
1769 1935
1769 1951
1769 1954
1769 1964
1769 1973
1769 1978
1769 1991
1769 1998
1769 2002
1770 1772
1770 1773
1770 1789
1770 1794
1770 1798
1770 1807
1770 1831
1770 1851
1770 1886
1770 1887
1770 1898
1770 1907
1770 1912
1770 1940
1770 1958
1770 1961
1770 1962
1770 1964
1770 1965
1770 1978
1770 1980
1770 1983
1770 1989
1771 1774
1771 1801
1771 1802
1771 1808
1771 1810
1771 1815
1771 1821
1771 1829
1771 1833
1771 1834
1771 1844
1771 1861
1771 1876
1771 1912
1771 1922
1771 1924
1771 1928
1771 1931
1771 1967
1771 1983
1772 1807
1772 1810
1772 1813
1772 1835
1772 1843
1772 1853
1772 1857
1772 1876
1772 1879
1772 1884
1772 1887
1772 1888
1772 1895
1772 1924
1772 1934
1772 1942
1772 1949
1772 1956
1772 1961
1772 1965
1772 1981
1772 1986
1772 2006
1773 1785
1773 1794
1773 1795
1773 1802
1773 1805
1773 1810
1773 1816
1773 1819
1773 1821
1773 1829
1773 1834
1773 1838
1773 1847
1773 1867
1773 1902
1773 1905
1773 1906
1773 1918
1773 1921
1773 1933
1773 1934
1773 1939
1773 1944
1773 1947
1773 1948
1773 1958
1773 1961
1773 1986
1773 1988
1773 1994
1773 1998
1773 1999
1774 1783
1774 1788
1774 1797
1774 1799
1774 1809
1774 1819
1774 1823
1774 1844
1774 1847
1774 1857
1774 1870
1774 1879
1774 1902
1774 1920
1774 1924
1774 1948
1774 1966
1774 1991
1774 1998
1774 2005
1775 1784
1775 1795
1775 1799
1775 1809
1775 1812
1775 1828
1775 1829
1775 1835
1775 1842
1775 1843
1775 1861
1775 1890
1775 1908
1775 1912
1775 1919
1775 1927
1775 1936
1775 1949
1775 1952
1775 1979
1775 1985
1775 1989
1775 1991
1775 2005
1776 1780
1776 1784
1776 1787
1776 1791
1776 1802
1776 1811
1776 1819
1776 1824
1776 1834
1776 1855
1776 1858
1776 1877
1776 1891
1776 1892
1776 1895
1776 1899
1776 1901
1776 1923
1776 1937
1776 1944
1776 1948
1776 1956
1776 1961
1776 1977
1776 1994
1776 1998
1777 1778
1777 1785
1777 1804
1777 1810
1777 1816
1777 1817
1777 1844
1777 1850
1777 1853
1777 1857
1777 1861
1777 1871
1777 1873
1777 1876
1777 1890
1777 1909
1777 1969
1777 1970
1777 1990
1777 1995
1777 2006
1778 1783
1778 1785
1778 1802
1778 1835
1778 1846
1778 1853
1778 1858
1778 1868
1778 1871
1778 1874
1778 1881
1778 1896
1778 1915
1778 1916
1778 1922
1778 1943
1778 1944
1778 1953
1778 1967
1778 1970
1778 1986
1778 1995
1779 1795
1779 1797
1779 1805
1779 1838
1779 1857
1779 1860
1779 1867
1779 1876
1779 1880
1779 1896
1779 1908
1779 1915
1779 1919
1779 1920
1779 1933
1779 1947
1779 1952
1779 1967
1779 1970
1779 1975
1779 2003
1780 1783
1780 1812
1780 1820
1780 1873
1780 1876
1780 1880
1780 1890
1780 1906
1780 1920
1780 1924
1780 1950
1780 1966
1780 1968
1780 1975
1780 1989
1780 1991
1780 2000
1780 2003
1781 1792
1781 1802
1781 1813
1781 1817
1781 1827
1781 1833
1781 1834
1781 1854
1781 1872
1781 1876
1781 1878
1781 1883
1781 1886
1781 1891
1781 1898
1781 1933
1781 1940
1781 1950
1781 1959
1781 1971
1781 1980
1781 1993
1781 1994
1782 1794
1782 1821
1782 1854
1782 1856
1782 1888
1782 1899
1782 1903
1782 1918
1782 1935
1782 1943
1782 1963
1782 1976
1782 1977
1782 1984
1782 2002
1782 2004
1783 1784
1783 1796
1783 1799
1783 1813
1783 1814
1783 1826
1783 1843
1783 1854
1783 1884
1783 1885
1783 1889
1783 1893
1783 1900
1783 1922
1783 1932
1783 1934
1783 1935
1783 1950
1783 1963
1783 1975
1783 1977
1783 1980
1783 1994
1783 1996
1783 1999
1783 2001
1783 2006
1784 1785
1784 1797
1784 1812
1784 1843
1784 1853
1784 1864
1784 1870
1784 1875
1784 1899
1784 1912
1784 1917
1784 1934
1784 1941
1784 1944
1784 1958
1784 1963
1784 1965
1784 1985
1784 1988
1784 1989
1784 1995
1784 2004
1785 1798
1785 1799
1785 1803
1785 1805
1785 1812
1785 1850
1785 1863
1785 1870
1785 1882
1785 1887
1785 1897
1785 1904
1785 1913
1785 1915
1785 1920
1785 1923
1785 1924
1785 1942
1785 1947
1785 1958
1785 1959
1785 1979
1785 1980
1785 1990
1785 1996
1785 1998
1785 2004
1786 1797
1786 1820
1786 1833
1786 1835
1786 1842
1786 1863
1786 1897
1786 1903
1786 1912
1786 1930
1786 1936
1786 1972
1786 1974
1786 1992
1786 2003
1787 1802
1787 1804
1787 1813
1787 1815
1787 1816
1787 1820
1787 1826
1787 1829
1787 1863
1787 1870
1787 1879
1787 1881
1787 1884
1787 1887
1787 1897
1787 1898
1787 1919
1787 1937
1787 1938
1787 1947
1787 1955
1787 1959
1787 1968
1787 1970
1787 1988
1787 1991
1788 1789
1788 1796
1788 1808
1788 1813
1788 1816
1788 1820
1788 1826
1788 1831
1788 1832
1788 1837
1788 1843
1788 1844
1788 1853
1788 1854
1788 1856
1788 1860
1788 1863
1788 1874
1788 1903
1788 1906
1788 1909
1788 1910
1788 1917
1788 1931
1788 1934
1788 1941
1788 1945
1788 1947
1788 1951
1788 1953
1788 1961
1788 1966
1788 1981
1788 1986
1788 1989
1788 1995
1788 2001
1788 2006
1789 1800
1789 1805
1789 1826
1789 1840
1789 1848
1789 1853
1789 1872
1789 1878
1789 1891
1789 1910
1789 1921
1789 1932
1789 1951
1789 1956
1789 1977
1789 1984
1790 1807
1790 1810
1790 1817
1790 1845
1790 1853
1790 1868
1790 1869
1790 1878
1790 1890
1790 1897
1790 1900
1790 1902
1790 1922
1790 1936
1790 1940
1790 1944
1790 1955
1790 1972
1790 1993
1790 1995
1790 2002
1791 1803
1791 1806
1791 1815
1791 1819
1791 1821
1791 1835
1791 1842
1791 1846
1791 1847
1791 1876
1791 1877
1791 1896
1791 1900
1791 1906
1791 1909
1791 1912
1791 1916
1791 1922
1791 1925
1791 1934
1791 1935
1791 1942
1791 1944
1791 1947
1791 1956
1791 1976
1791 1985
1791 1994
1791 2003
1791 2005
1792 1798
1792 1799
1792 1801
1792 1803
1792 1824
1792 1837
1792 1841
1792 1844
1792 1864
1792 1880
1792 1881
1792 1887
1792 1892
1792 1906
1792 1908
1792 1911
1792 1915
1792 1921
1792 1925
1792 1928
1792 1982
1792 1987
1792 1988
1792 2005
1793 1816
1793 1820
1793 1838
1793 1844
1793 1847
1793 1848
1793 1851
1793 1853
1793 1861
1793 1871
1793 1885
1793 1888
1793 1895
1793 1900
1793 1920
1793 1930
1793 1955
1793 1962
1793 1964
1793 1969
1793 1989
1793 1995
1794 1803
1794 1806
1794 1837
1794 1846
1794 1847
1794 1855
1794 1856
1794 1861
1794 1862
1794 1865
1794 1880
1794 1897
1794 1899
1794 1922
1794 1934
1794 1941
1794 1950
1794 1965
1794 1987
1795 1800
1795 1807
1795 1809
1795 1825
1795 1827
1795 1837
1795 1841
1795 1842
1795 1866
1795 1889
1795 1911
1795 1914
1795 1920
1795 1922
1795 1940
1795 1942
1795 1955
1795 1958
1795 1969
1795 1970
1795 1978
1795 1983
1795 1987
1795 1991
1795 2005
1796 1799
1796 1804
1796 1805
1796 1807
1796 1832
1796 1836
1796 1838
1796 1857
1796 1879
1796 1944
1796 1950
1796 1953
1796 1958
1796 1960
1796 1962
1796 1972
1796 1981
1796 1983
1796 1998
1796 2001
1796 2003
1797 1803
1797 1815
1797 1830
1797 1832
1797 1836
1797 1844
1797 1845
1797 1853
1797 1859
1797 1860
1797 1872
1797 1880
1797 1905
1797 1924
1797 1930
1797 1960
1797 1966
1797 1969
1797 1970
1798 1802
1798 1810
1798 1825
1798 1852
1798 1858
1798 1861
1798 1875
1798 1884
1798 1900
1798 1913
1798 1925
1798 1937
1798 1943
1798 1950
1798 1954
1798 1955
1798 1962
1798 1966
1798 1967
1798 2004
1799 1803
1799 1806
1799 1815
1799 1851
1799 1865
1799 1879
1799 1891
1799 1894
1799 1895
1799 1906
1799 1915
1799 1923
1799 1931
1799 1944
1799 1948
1799 1949
1799 1955
1799 1958
1799 1973
1799 1983
1799 1987
1799 1992
1799 2000
1800 1801
1800 1807
1800 1821
1800 1839
1800 1840
1800 1849
1800 1862
1800 1876
1800 1884
1800 1885
1800 1896
1800 1928
1800 1938
1800 1940
1800 1952
1800 1957
1800 1963
1800 1966
1800 1986
1800 1990
1800 1998
1800 1999
1801 1824
1801 1834
1801 1835
1801 1836
1801 1879
1801 1884
1801 1891
1801 1902
1801 1912
1801 1930
1801 1948
1801 1949
1801 1951
1801 1952
1801 1957
1801 1958
1801 1959
1801 1964
1801 1965
1801 1968
1801 1973
1801 1990
1802 1809
1802 1811
1802 1813
1802 1830
1802 1841
1802 1843
1802 1848
1802 1849
1802 1851
1802 1854
1802 1882
1802 1897
1802 1900
1802 1915
1802 1930
1802 1932
1802 1942
1802 1969
1802 1977
1802 1979
1802 1989
1802 2001
1803 1812
1803 1822
1803 1827
1803 1837
1803 1852
1803 1860
1803 1861
1803 1863
1803 1870
1803 1872
1803 1876
1803 1911
1803 1914
1803 1917
1803 1924
1803 1936
1803 1946
1803 1953
1803 1959
1803 1967
1803 1973
1803 1983
1803 1989
1803 1998
1804 1805
1804 1810
1804 1821
1804 1828
1804 1833
1804 1838
1804 1847
1804 1848
1804 1852
1804 1858
1804 1861
1804 1862
1804 1883
1804 1888
1804 1899
1804 1911
1804 1915
1804 1917
1804 1952
1804 1985
1804 1986
1804 1993
1804 1999
1805 1821
1805 1830
1805 1838
1805 1848
1805 1858
1805 1869
1805 1886
1805 1887
1805 1888
1805 1889
1805 1892
1805 1896
1805 1897
1805 1920
1805 1921
1805 1926
1805 1927
1805 1934
1805 1956
1805 1966
1805 1970
1805 1971
1805 1980
1805 1984
1805 1990
1805 1991
1805 2006
1806 1807
1806 1814
1806 1850
1806 1869
1806 1885
1806 1898
1806 1908
1806 1912
1806 1913
1806 1914
1806 1917
1806 1923
1806 1936
1806 1948
1806 1957
1806 1960
1806 1975
1806 1997
1806 2003
1807 1842
1807 1848
1807 1861
1807 1865
1807 1872
1807 1874
1807 1884
1807 1889
1807 1907
1807 1909
1807 1912
1807 1918
1807 1935
1807 1939
1807 1948
1807 1949
1807 1962
1807 1974
1807 1985
1807 1991
1808 1812
1808 1835
1808 1850
1808 1856
1808 1861
1808 1862
1808 1870
1808 1881
1808 1883
1808 1885
1808 1892
1808 1907
1808 1913
1808 1930
1808 1935
1808 1941
1808 1942
1808 1954
1808 1961
1808 1972
1808 1987
1808 1999
1809 1812
1809 1815
1809 1820
1809 1830
1809 1832
1809 1839
1809 1843
1809 1845
1809 1854
1809 1875
1809 1879
1809 1896
1809 1921
1809 1929
1809 1943
1809 1954
1809 1972
1809 1976
1809 1992
1809 2005
1810 1816
1810 1819
1810 1838
1810 1848
1810 1891
1810 1898
1810 1914
1810 1916
1810 1917
1810 1921
1810 1926
1810 1935
1810 1943
1810 1952
1810 1961
1810 1966
1810 1971
1810 1995
1810 2006
1811 1812
1811 1820
1811 1831
1811 1848
1811 1851
1811 1855
1811 1858
1811 1870
1811 1878
1811 1914
1811 1923
1811 1926
1811 1928
1811 1940
1811 1945
1811 1948
1811 1953
1811 1969
1811 1975
1811 1977
1811 1991
1811 1994
1811 1999
1812 1814
1812 1819
1812 1824
1812 1839
1812 1843
1812 1848
1812 1852
1812 1853
1812 1861
1812 1862
1812 1903
1812 1909
1812 1916
1812 1925
1812 1957
1812 1958
1812 1962
1812 1994
1812 1996
1813 1829
1813 1842
1813 1848
1813 1860
1813 1871
1813 1902
1813 1918
1813 1939
1813 1949
1813 1971
1813 1981
1813 1994
1814 1816
1814 1823
1814 1827
1814 1833
1814 1834
1814 1839
1814 1859
1814 1862
1814 1865
1814 1874
1814 1876
1814 1897
1814 1908
1814 1911
1814 1913
1814 1920
1814 1928
1814 1946
1814 1962
1814 1993
1815 1816
1815 1832
1815 1837
1815 1842
1815 1851
1815 1855
1815 1865
1815 1866
1815 1874
1815 1879
1815 1887
1815 1898
1815 1901
1815 1906
1815 1907
1815 1909
1815 1921
1815 1933
1815 1939
1815 1946
1815 1950
1815 1951
1815 1967
1815 1994
1815 1996
1815 2006
1816 1819
1816 1824
1816 1841
1816 1859
1816 1862
1816 1863
1816 1867
1816 1891
1816 1892
1816 1899
1816 1906
1816 1912
1816 1916
1816 1921
1816 1927
1816 1929
1816 1950
1816 1954
1816 1958
1816 1962
1816 1966
1817 1820
1817 1827
1817 1832
1817 1838
1817 1840
1817 1852
1817 1853
1817 1855
1817 1872
1817 1891
1817 1895
1817 1899
1817 1913
1817 1914
1817 1931
1817 1951
1817 1966
1817 1974
1817 1978
1817 1986
1817 1997
1817 2005
1818 1835
1818 1846
1818 1858
1818 1879
1818 1884
1818 1897
1818 1900
1818 1905
1818 1914
1818 1926
1818 1930
1818 1931
1818 1943
1818 1970
1818 1976
1818 1982
1818 1984
1818 1991
1819 1831
1819 1834
1819 1856
1819 1858
1819 1859
1819 1868
1819 1870
1819 1882
1819 1888
1819 1903
1819 1909
1819 1911
1819 1927
1819 1928
1819 1930
1819 1942
1819 1950
1819 1966
1819 1976
1819 1981
1819 1987
1820 1821
1820 1829
1820 1850
1820 1856
1820 1865
1820 1877
1820 1886
1820 1890
1820 1897
1820 1943
1820 1962
1820 1971
1820 1988
1820 1997
1821 1827
1821 1845
1821 1850
1821 1864
1821 1881
1821 1918
1821 1921
1821 1930
1821 1952
1821 1956
1821 1962
1821 1963
1821 1978
1821 1985
1822 1823
1822 1828
1822 1832
1822 1834
1822 1848
1822 1859
1822 1870
1822 1876
1822 1877
1822 1890
1822 1909
1822 1913
1822 1917
1822 1933
1822 1934
1822 1986
1822 1995
1822 1999
1822 2003
1823 1827
1823 1840
1823 1843
1823 1849
1823 1857
1823 1860
1823 1861
1823 1863
1823 1869
1823 1872
1823 1875
1823 1885
1823 1895
1823 1919
1823 1924
1823 1935
1823 1945
1823 1955
1823 1961
1823 1973
1823 1980
1823 1982
1823 1984
1823 1985
1823 1990
1823 1994
1824 1853
1824 1857
1824 1866
1824 1867
1824 1887
1824 1892
1824 1893
1824 1895
1824 1901
1824 1913
1824 1923
1824 1928
1824 1940
1824 1944
1824 1945
1824 1951
1824 1954
1824 1957
1824 1979
1824 1990
1824 1999
1825 1826
1825 1843
1825 1851
1825 1856
1825 1870
1825 1882
1825 1883
1825 1895
1825 1904
1825 1907
1825 1915
1825 1918
1825 1923
1825 1932
1825 1938
1825 1971
1825 1978
1825 1996
1826 1835
1826 1837
1826 1853
1826 1864
1826 1865
1826 1867
1826 1874
1826 1877
1826 1879
1826 1882
1826 1886
1826 1889
1826 1900
1826 1903
1826 1910
1826 1919
1826 1920
1826 1925
1826 1954
1826 1956
1826 1964
1826 1966
1826 1986
1826 2001
1826 2003
1826 2005
1827 1828
1827 1835
1827 1836
1827 1842
1827 1867
1827 1875
1827 1878
1827 1879
1827 1884
1827 1889
1827 1897
1827 1911
1827 1916
1827 1922
1827 1925
1827 1948
1827 1954
1827 1961
1827 1962
1827 1976
1827 1977
1827 1984
1827 1993
1827 1995
1827 1999
1827 2000
1827 2004
1827 2005
1828 1834
1828 1835
1828 1846
1828 1848
1828 1868
1828 1875
1828 1881
1828 1894
1828 1896
1828 1898
1828 1903
1828 1909
1828 1910
1828 1911
1828 1913
1828 1915
1828 1917
1828 1931
1828 1936
1828 1937
1828 1938
1828 1940
1828 1945
1828 1946
1828 1952
1828 1954
1828 1971
1828 1979
1828 1983
1828 2001
1828 2006
1829 1836
1829 1841
1829 1842
1829 1846
1829 1848
1829 1854
1829 1855
1829 1860
1829 1868
1829 1874
1829 1882
1829 1887
1829 1891
1829 1910
1829 1921
1829 1969
1829 1981
1829 1988
1829 1998
1830 1838
1830 1865
1830 1872
1830 1894
1830 1905
1830 1906
1830 1930
1830 1950
1830 1952
1830 1956
1830 1958
1830 1963
1830 1972
1830 1993
1830 1996
1830 1998
1831 1838
1831 1871
1831 1873
1831 1874
1831 1879
1831 1882
1831 1885
1831 1889
1831 1893
1831 1895
1831 1919
1831 1926
1831 1929
1831 1941
1831 1953
1831 1968
1831 1978
1832 1834
1832 1835
1832 1845
1832 1864
1832 1873
1832 1881
1832 1882
1832 1887
1832 1890
1832 1896
1832 1900
1832 1903
1832 1925
1832 1929
1832 1945
1832 1949
1832 1950
1832 1953
1832 1955
1832 1956
1832 1959
1832 1999
1833 1835
1833 1851
1833 1854
1833 1856
1833 1867
1833 1873
1833 1900
1833 1903
1833 1907
1833 1914
1833 1923
1833 1945
1833 1951
1833 1958
1833 1967
1833 1986
1834 1839
1834 1844
1834 1845
1834 1854
1834 1874
1834 1889
1834 1897
1834 1903
1834 1911
1834 1921
1834 1923
1834 1928
1834 1948
1834 1952
1834 1959
1834 1985
1834 1989
1834 1991
1834 1994
1834 2004
1835 1845
1835 1860
1835 1865
1835 1886
1835 1888
1835 1897
1835 1899
1835 1910
1835 1915
1835 1918
1835 1924
1835 1933
1835 1937
1835 1965
1835 1998
1835 2002
1836 1837
1836 1841
1836 1842
1836 1847
1836 1851
1836 1854
1836 1862
1836 1884
1836 1905
1836 1906
1836 1915
1836 1917
1836 1918
1836 1946
1836 1949
1836 1968
1836 1970
1836 1986
1836 1993
1837 1914
1837 1915
1837 1933
1837 1988
1837 1999
1838 1864
1838 1866
1838 1877
1838 1882
1838 1891
1838 1898
1838 1921
1838 1923
1838 1925
1838 1941
1838 1955
1838 1958
1838 1959
1838 1960
1838 1969
1838 1976
1838 1995
1838 1997
1838 2001
1839 1841
1839 1847
1839 1858
1839 1877
1839 1893
1839 1896
1839 1897
1839 1899
1839 1910
1839 1913
1839 1916
1839 1938
1839 1957
1839 1965
1839 1979
1839 1997
1839 2003
1840 1846
1840 1882
1840 1905
1840 1926
1840 1929
1840 1940
1840 1942
1840 1948
1840 1951
1840 1958
1840 1968
1840 1976
1840 1978
1841 1863
1841 1869
1841 1893
1841 1901
1841 1904
1841 1923
1841 1945
1841 1947
1841 1952
1841 1960
1841 2005
1842 1847
1842 1863
1842 1885
1842 1890
1842 1896
1842 1910
1842 1911
1842 1938
1842 1939
1842 1953
1842 1969
1842 1976
1842 1981
1842 1986
1842 2006
1843 1851
1843 1857
1843 1860
1843 1889
1843 1913
1843 1923
1843 1924
1843 1927
1843 1946
1843 1954
1843 1969
1843 1973
1843 1992
1843 1996
1843 1998
1844 1856
1844 1862
1844 1901
1844 1905
1844 1956
1844 1960
1844 1977
1844 1981
1845 1872
1845 1874
1845 1879
1845 1880
1845 1889
1845 1897
1845 1899
1845 1919
1845 1927
1845 1932
1845 1944
1845 1947
1845 1959
1845 1960
1845 1961
1845 1963
1845 1973
1845 1996
1845 1997
1845 2006
1846 1855
1846 1865
1846 1879
1846 1891
1846 1892
1846 1893
1846 1894
1846 1895
1846 1916
1846 1917
1846 1921
1846 1925
1846 1968
1846 1997
1847 1853
1847 1859
1847 1861
1847 1862
1847 1864
1847 1884
1847 1893
1847 1904
1847 1910
1847 1921
1847 1957
1847 1985
1847 1996
1847 2005
1848 1851
1848 1860
1848 1897
1848 1902
1848 1905
1848 1923
1848 1929
1848 1935
1848 1937
1848 1963
1848 1973
1848 1992
1849 1864
1849 1867
1849 1868
1849 1871
1849 1877
1849 1884
1849 1885
1849 1888
1849 1899
1849 1904
1849 1925
1849 1941
1849 1951
1849 1952
1849 1955
1849 1968
1849 1977
1849 1981
1849 1982
1849 1991
1849 1999
1850 1859
1850 1861
1850 1872
1850 1875
1850 1877
1850 1881
1850 1911
1850 1929
1850 1936
1850 1938
1850 1967
1850 1973
1850 1981
1850 2005
1851 1862
1851 1894
1851 1933
1851 1952
1851 1954
1851 1962
1851 1966
1851 1972
1851 1975
1851 1976
1851 1982
1851 1983
1851 1985
1851 1993
1852 1858
1852 1872
1852 1874
1852 1884
1852 1894
1852 1896
1852 1916
1852 1933
1852 1935
1852 1938
1852 1943
1852 1950
1852 1972
1853 1861
1853 1871
1853 1888
1853 1909
1853 1925
1853 1926
1853 1928
1853 1949
1853 1955
1853 1963
1853 1970
1853 1976
1853 1980
1853 1984
1853 1994
1853 1999
1853 2003
1854 1855
1854 1863
1854 1867
1854 1877
1854 1878
1854 1880
1854 1885
1854 1889
1854 1905
1854 1936
1854 1984
1854 1992
1855 1857
1855 1877
1855 1879
1855 1920
1855 1936
1855 1944
1855 1951
1855 1966
1855 1970
1855 1980
1855 1981
1856 1868
1856 1879
1856 1883
1856 1884
1856 1904
1856 1908
1856 1909
1856 1919
1856 1925
1856 1931
1856 1939
1856 1941
1856 1956
1856 1968
1856 1984
1856 1987
1856 2003
1857 1869
1857 1874
1857 1887
1857 1894
1857 1896
1857 1911
1857 1919
1857 1926
1857 1943
1857 1946
1857 1954
1857 1991
1857 1993
1858 1864
1858 1876
1858 1877
1858 1915
1858 1916
1858 1931
1858 1938
1858 1950
1858 1953
1858 1973
1858 1977
1858 1983
1858 1984
1858 1986
1858 1994
1858 1998
1859 1906
1859 1914
1859 1927
1859 1944
1859 1945
1859 1946
1859 1956
1859 1961
1859 1967
1859 1986
1859 1992
1860 1870
1860 1881
1860 1883
1860 1884
1860 1888
1860 1893
1860 1898
1860 1899
1860 1907
1860 1924
1860 1933
1860 1936
1860 1946
1860 1950
1860 1953
1860 1986
1861 1862
1861 1888
1861 1903
1861 1906
1861 1920
1861 1923
1861 1933
1861 1934
1861 1961
1861 1968
1861 1998
1861 2005
1862 1869
1862 1878
1862 1879
1862 1889
1862 1896
1862 1902
1862 1909
1862 1911
1862 1914
1862 1924
1862 1943
1862 1947
1862 1953
1862 1968
1862 1979
1862 1987
1862 1990
1862 2005
1863 1864
1863 1865
1863 1868
1863 1877
1863 1890
1863 1892
1863 1894
1863 1924
1863 1938
1863 1959
1863 1964
1863 1981
1863 2003
1864 1869
1864 1877
1864 1883
1864 1884
1864 1886
1864 1888
1864 1889
1864 1903
1864 1909
1864 1923
1864 1936
1864 1949
1864 1974
1864 1986
1865 1883
1865 1888
1865 1894
1865 1915
1865 1931
1865 1942
1865 1945
1865 1964
1865 1965
1865 1972
1865 1987
1865 1988
1866 1875
1866 1878
1866 1882
1866 1889
1866 1896
1866 1907
1866 1918
1866 1925
1866 1939
1866 1947
1866 1958
1866 1997
1867 1881
1867 1884
1867 1904
1867 1925
1867 1928
1867 1941
1867 1956
1867 1963
1867 1968
1867 1970
1867 1988
1867 1993
1868 1879
1868 1890
1868 1896
1868 1910
1868 1915
1868 1916
1868 1930
1868 1939
1868 1944
1868 1959
1868 1990
1869 1875
1869 1900
1869 1912
1869 1916
1869 1928
1869 1929
1869 1944
1869 1947
1869 1982
1869 1985
1869 1996
1869 2006
1870 1873
1870 1875
1870 1879
1870 1881
1870 1892
1870 1912
1870 1916
1870 1923
1870 1936
1870 1941
1870 1944
1870 1956
1870 1959
1870 1972
1870 1980
1870 1998
1871 1905
1871 1910
1871 1922
1871 1924
1871 1927
1871 1929
1871 1939
1871 1953
1871 1956
1871 1964
1871 1965
1871 1973
1871 1987
1872 1877
1872 1898
1872 1902
1872 1908
1872 1914
1872 1922
1872 1926
1872 1928
1872 1949
1872 1964
1872 1971
1872 1980
1872 1983
1872 1987
1872 1988
1873 1878
1873 1909
1873 1916
1873 1928
1873 1930
1873 1938
1873 1950
1873 1954
1873 1956
1873 1957
1873 1967
1873 1972
1873 1996
1873 2005
1874 1879
1874 1893
1874 1898
1874 1901
1874 1907
1874 1915
1874 1925
1874 1930
1874 1935
1874 1959
1874 1978
1874 1982
1874 1995
1874 1998
1874 2002
1875 1899
1875 1900
1875 1930
1875 1935
1875 1940
1875 1941
1875 1948
1875 1952
1875 1969
1875 1972
1875 1982
1875 1986
1875 1994
1875 2006
1876 1879
1876 1885
1876 1890
1876 1894
1876 1920
1876 1938
1876 1939
1876 1941
1876 1963
1876 1968
1876 1970
1876 1987
1876 1990
1876 1999
1876 2004
1877 1883
1877 1890
1877 1901
1877 1916
1877 1921
1877 1933
1877 1948
1877 1951
1877 1956
1877 1959
1877 1961
1877 1962
1877 1981
1877 1983
1877 1986
1877 1999
1878 1894
1878 1900
1878 1914
1878 1916
1878 1927
1878 1939
1878 1959
1878 1960
1878 1977
1878 1984
1878 1988
1879 1880
1879 1881
1879 1884
1879 1892
1879 1915
1879 1929
1879 1942
1879 1947
1879 1950
1879 1973
1879 1995
1879 1999
1879 2005
1879 2006
1880 1881
1880 1889
1880 1920
1880 1926
1880 1929
1880 1940
1880 1958
1880 1970
1880 1972
1880 1973
1880 1983
1880 1992
1881 1892
1881 1893
1881 1905
1881 1906
1881 1922
1881 1926
1881 1961
1881 1966
1881 1987
1881 1998
1881 2005
1882 1890
1882 1895
1882 1906
1882 1909
1882 1919
1882 1953
1882 1955
1882 1971
1882 1977
1882 1988
1882 1993
1882 1996
1882 1997
1883 1899
1883 1902
1883 1909
1883 1922
1883 1926
1883 1935
1883 1950
1883 1984
1884 1901
1884 1906
1884 1916
1884 1946
1884 1953
1884 1954
1884 1958
1884 1960
1884 1961
1884 1977
1884 1991
1884 1996
1884 2002
1884 2006
1885 1905
1885 1906
1885 1911
1885 1921
1885 1922
1885 1951
1885 1976
1885 1999
1885 2002
1885 2005
1886 1889
1886 1897
1886 1909
1886 1911
1886 1920
1886 1940
1886 1965
1886 1981
1886 1986
1887 1895
1887 1900
1887 1905
1887 1920
1887 1923
1887 1930
1887 1947
1887 1949
1887 1950
1887 1951
1887 1973
1887 1976
1887 1977
1887 1983
1887 1989
1887 2005
1888 1892
1888 1903
1888 1908
1888 1919
1888 1923
1888 1929
1888 1941
1888 1956
1888 1970
1888 1985
1888 2003
1888 2006
1889 1892
1889 1899
1889 1915
1889 1917
1889 1928
1889 1943
1889 1944
1889 1957
1889 1974
1889 1976
1889 1987
1889 2001
1890 1894
1890 1912
1890 1921
1890 1934
1890 1936
1890 1937
1890 1938
1890 1940
1890 1954
1890 1967
1890 1972
1890 1991
1890 1995
1890 1998
1890 2003
1890 2006
1891 1900
1891 1902
1891 1914
1891 1917
1891 1921
1891 1944
1891 1951
1891 1954
1891 1961
1891 1975
1891 1994
1892 1901
1892 1916
1892 1929
1892 1931
1892 1952
1892 1955
1892 1960
1892 1969
1892 1975
1892 1980
1893 1905
1893 1912
1893 1914
1893 1919
1893 1937
1893 1939
1893 1951
1893 1962
1893 1966
1893 1968
1893 1978
1893 1981
1893 1983
1893 1985
1893 1986
1893 1987
1893 1993
1893 1995
1893 2005
1894 1927
1894 1937
1894 1938
1894 1952
1894 1956
1894 1962
1894 1969
1894 1978
1894 1997
1895 1915
1895 1922
1895 1939
1895 1950
1895 1956
1895 1958
1895 1959
1895 1983
1895 1997
1895 1998
1895 2000
1895 2005
1896 1908
1896 1916
1896 1920
1896 1923
1896 1938
1896 1956
1896 1968
1896 1975
1896 1980
1896 1997
1896 2005
1897 1911
1897 1915
1897 1931
1897 1935
1897 1939
1897 1953
1897 1961
1897 1962
1897 1965
1897 1981
1897 1983
1897 1986
1897 1992
1897 1993
1897 1996
1897 1997
1897 2001
1898 1914
1898 1920
1898 1921
1898 1925
1898 1927
1898 1951
1898 1978
1898 1980
1898 1984
1899 1903
1899 1910
1899 1961
1899 1978
1899 1985
1899 1991
1899 1995
1899 2003
1899 2004
1900 1901
1900 1903
1900 1906
1900 1919
1900 1936
1900 1940
1900 1942
1900 1966
1900 1984
1900 1996
1900 2000
1900 2003
1901 1911
1901 1928
1901 1934
1901 1939
1901 1941
1901 1955
1901 1956
1901 1958
1901 1998
1902 1907
1902 1913
1902 1943
1902 1946
1902 1952
1902 1956
1902 1957
1902 1965
1902 1969
1902 1975
1902 1981
1902 1987
1902 1997
1902 2005
1903 1911
1903 1925
1903 1948
1903 1950
1903 1968
1903 1990
1904 1930
1904 1935
1904 1938
1904 1944
1904 1987
1904 2002
1904 2003
1905 1909
1905 1923
1905 1927
1905 1934
1905 1936
1905 1942
1905 1961
1905 1969
1905 1980
1905 1992
1906 1913
1906 1918
1906 1920
1906 1950
1906 1951
1906 1953
1906 1956
1906 1967
1906 1978
1906 1986
1906 1988
1906 1994
1906 1996
1906 2001
1906 2002
1906 2003
1907 1912
1907 1914
1907 1916
1907 1925
1907 1928
1907 1929
1907 1949
1907 1953
1907 1974
1907 1983
1907 1986
1907 1998
1907 2005
1908 1925
1908 1939
1908 1964
1908 1994
1909 1929
1909 1936
1909 1942
1909 1949
1909 1950
1909 1953
1909 1961
1909 1972
1909 1973
1909 1977
1909 1981
1909 1983
1909 1985
1909 1989
1909 2005
1910 1917
1910 1930
1910 1943
1910 1948
1910 1972
1910 1975
1910 1977
1910 2002
1911 1917
1911 1926
1911 1953
1911 1956
1911 1965
1911 1991
1911 1997
1911 2004
1912 1917
1912 1930
1912 1939
1912 1943
1912 1944
1912 1948
1912 1963
1912 1969
1912 1982
1912 1995
1912 2006
1913 1920
1913 1927
1913 1934
1913 1939
1913 1952
1913 1957
1913 1975
1913 2000
1913 2003
1914 1916
1914 1918
1914 1932
1914 1936
1914 1944
1914 1948
1914 1950
1914 1953
1914 1958
1914 1988
1914 1992
1915 1925
1915 1926
1915 1936
1915 1966
1915 1989
1916 1942
1916 1943
1916 1947
1916 1956
1916 1971
1916 1992
1916 2002
1916 2004
1916 2005
1917 1943
1917 1964
1917 1965
1917 1967
1917 1970
1917 1974
1917 1984
1917 1986
1917 1997
1917 2000
1917 2004
1918 1940
1918 1945
1918 1955
1918 1970
1918 1973
1918 1975
1918 1976
1918 1983
1918 1995
1918 2000
1919 1933
1919 1968
1919 2003
1920 1928
1920 1946
1920 1947
1920 1949
1920 1954
1920 1966
1920 1988
1920 1989
1920 1992
1921 1923
1921 1926
1921 1930
1921 1935
1921 1936
1921 1941
1921 1946
1921 1957
1921 1992
1921 2005
1922 1933
1922 1950
1922 1951
1922 1952
1922 1973
1922 1978
1922 1983
1922 1996
1922 2001
1923 1926
1923 1927
1923 1935
1923 1947
1923 1954
1923 1961
1923 1971
1923 1975
1923 1990
1923 1999
1924 1925
1924 1939
1924 1940
1924 1941
1924 1943
1924 1944
1924 1998
1925 1939
1925 1964
1926 1997
1927 1928
1927 1930
1927 1935
1927 1941
1927 1966
1927 1967
1927 1975
1927 1992
1927 2000
1928 1938
1928 1940
1928 1960
1928 1993
1928 1994
1928 2001
1928 2004
1929 1935
1929 1936
1929 1943
1929 1961
1929 1969
1929 1983
1929 1986
1929 1994
1930 1936
1930 1953
1930 1963
1930 1980
1930 1985
1930 1987
1930 1996
1930 1997
1930 1999
1930 2005
1931 1932
1931 1976
1931 1982
1931 2003
1932 1937
1932 1940
1932 1941
1932 1942
1932 1948
1932 1966
1932 1971
1932 2000
1932 2003
1933 1940
1933 1942
1933 1967
1933 1995
1934 1939
1934 1950
1934 1954
1934 1959
1934 1962
1934 1966
1934 1986
1934 1993
1934 1994
1935 1942
1935 1943
1935 1951
1935 1952
1935 1964
1935 1969
1935 1971
1935 1972
1935 1979
1936 1941
1936 1956
1936 1959
1936 1966
1936 1967
1936 1979
1936 1981
1936 1984
1936 1990
1936 1997
1936 2002
1937 1939
1937 1942
1937 1947
1937 1972
1937 1980
1937 1985
1937 1990
1937 1995
1937 2000
1937 2001
1937 2006
1938 1960
1938 1963
1938 1965
1938 1979
1938 1993
1938 2003
1939 1943
1939 1945
1939 1957
1939 1963
1939 1980
1939 1982
1939 1998
1939 2006
1940 1953
1940 1962
1940 1978
1940 1989
1940 1991
1940 2000
1941 1947
1941 1960
1941 1961
1941 1962
1941 1971
1941 1999
1942 1944
1942 1971
1942 1975
1942 1977
1943 1947
1943 1960
1943 1976
1943 1979
1943 1981
1943 1986
1944 1961
1944 1972
1944 1986
1944 1988
1944 1999
1945 1962
1945 1970
1945 1971
1945 1973
1945 1988
1945 1995
1945 2006
1946 1952
1947 1954
1947 1960
1947 1974
1947 1980
1947 2000
1948 1961
1948 1964
1948 1966
1948 1981
1948 1987
1948 1988
1948 1991
1948 1999
1949 1956
1949 1958
1949 1960
1949 1977
1949 1984
1949 1986
1949 1997
1950 1954
1950 1960
1950 1963
1950 1968
1950 1982
1950 1994
1950 1999
1951 1955
1951 1966
1951 1980
1951 1990
1951 1999
1951 2004
1952 1955
1952 1958
1952 1969
1952 1970
1952 1980
1952 1994
1952 1996
1952 1999
1952 2002
1953 1977
1953 1982
1953 1996
1953 2002
1954 1957
1954 1962
1954 1965
1954 1972
1954 1978
1954 1991
1954 1995
1954 1998
1954 2005
1955 1956
1955 1967
1955 1969
1955 1973
1955 1982
1955 1987
1955 2003
1956 1959
1956 1969
1956 1970
1956 2000
1956 2005
1957 1961
1957 1981
1957 1983
1957 1988
1957 1990
1958 1975
1958 1980
1958 1986
1958 2000
1959 1961
1959 1963
1959 1971
1959 1974
1959 1979
1959 1982
1959 1983
1959 1986
1959 1988
1959 1991
1959 1999
1959 2004
1959 2005
1960 1968
1960 1969
1960 1972
1960 2003
1961 1996
1961 2002
1962 1966
1962 1993
1962 2001
1963 1966
1963 1974
1963 1978
1963 1988
1963 1992
1964 1966
1964 1999
1964 2004
1965 1987
1965 1989
1965 1992
1966 1981
1966 1984
1966 1986
1966 1987
1966 1991
1967 1981
1967 1987
1967 1992
1967 1993
1968 1972
1968 1980
1968 1981
1968 1984
1968 1987
1968 1993
1968 1996
1968 2005
1968 2006
1969 1989
1969 2006
1970 1986
1971 1978
1971 1983
1971 1987
1971 1995
1971 1997
1971 1998
1971 2000
1971 2002
1972 1977
1972 2004
1973 1986
1973 1994
1974 1992
1974 2001
1975 1977
1975 1978
1975 1986
1975 2000
1976 1987
1976 2004
1977 1987
1977 1996
1977 2001
1977 2002
1978 1981
1978 1993
1978 1994
1978 2001
1978 2004
1979 2000
1980 2002
1980 2005
1981 1982
1981 1985
1981 1997
1982 2000
1984 1989
1984 2005
1985 1995
1985 2002
1985 2003
1986 2005
1987 1993
1988 1989
1989 1995
1990 2000
1990 2003
1991 2000
1992 1996
1992 1999
1992 2003
1992 2005
1993 1995
1995 1997
1995 2000
1995 2001
1995 2002
1995 2004
2000 2006
2002 2003
2004 2005
