0 18
0 20
0 22
0 26
0 30
0 33
0 34
0 54
0 58
0 59
0 60
0 74
0 93
0 129
0 135
0 138
0 142
0 147
0 152
0 160
0 174
0 179
0 180
0 184
0 203
0 213
0 228
0 244
0 247
0 251
0 261
0 283
0 288
0 299
0 300
0 305
0 313
0 315
0 319
0 322
0 335
0 336
0 351
0 355
0 374
0 376
0 379
0 383
0 386
0 391
0 403
0 404
0 407
0 408
0 409
0 422
0 429
0 435
0 437
0 443
0 455
0 458
0 464
0 473
0 488
0 496
0 648
0 683
0 827
0 1181
0 1201
0 1338
0 1388
0 1399
0 1511
0 1599
0 1827
0 1888
0 1897
1 3
1 14
1 33
1 35
1 54
1 57
1 58
1 59
1 66
1 87
1 89
1 96
1 97
1 119
1 130
1 137
1 140
1 144
1 148
1 160
1 167
1 171
1 187
1 189
1 199
1 217
1 218
1 223
1 244
1 258
1 260
1 278
1 283
1 289
1 290
1 295
1 306
1 319
1 320
1 334
1 338
1 339
1 385
1 386
1 387
1 396
1 406
1 413
1 423
1 444
1 447
1 449
1 457
1 459
1 470
1 478
1 484
1 593
1 669
1 837
1 880
1 924
1 1036
1 1097
1 1110
1 1336
1 1346
1 1492
1 1498
1 1541
1 1559
1 1604
1 1807
1 1965
2 3
2 7
2 10
2 18
2 28
2 46
2 51
2 56
2 74
2 75
2 88
2 95
2 122
2 126
2 143
2 157
2 164
2 166
2 171
2 177
2 197
2 204
2 216
2 218
2 221
2 230
2 259
2 274
2 294
2 319
2 327
2 334
2 336
2 363
2 369
2 373
2 374
2 381
2 393
2 411
2 413
2 416
2 418
2 427
2 431
2 437
2 465
2 477
2 482
2 492
2 754
2 797
2 810
2 818
2 933
2 1121
2 1259
2 1263
2 1487
2 1645
2 1930
3 8
3 20
3 36
3 37
3 50
3 56
3 58
3 78
3 86
3 93
3 98
3 102
3 137
3 163
3 171
3 172
3 182
3 188
3 200
3 213
3 214
3 215
3 223
3 241
3 250
3 259
3 263
3 266
3 267
3 268
3 271
3 272
3 289
3 291
3 303
3 304
3 313
3 320
3 360
3 363
3 371
3 372
3 377
3 385
3 393
3 395
3 400
3 408
3 410
3 435
3 445
3 448
3 450
3 458
3 464
3 472
3 478
3 479
3 486
3 489
3 590
3 707
3 893
3 921
3 1210
3 1247
3 1268
3 1440
3 1519
3 1863
3 1876
3 1898
4 24
4 30
4 32
4 35
4 54
4 56
4 58
4 62
4 70
4 99
4 109
4 111
4 116
4 132
4 142
4 147
4 164
4 166
4 174
4 175
4 209
4 211
4 212
4 221
4 222
4 235
4 238
4 242
4 247
4 256
4 257
4 259
4 273
4 289
4 304
4 323
4 329
4 332
4 336
4 338
4 351
4 356
4 367
4 372
4 377
4 385
4 390
4 395
4 399
4 404
4 413
4 422
4 426
4 464
4 472
4 491
4 545
4 1137
4 1151
4 1303
4 1415
4 1435
4 1793
4 1824
5 8
5 10
5 21
5 22
5 23
5 30
5 35
5 41
5 51
5 128
5 131
5 141
5 156
5 170
5 172
5 181
5 183
5 187
5 191
5 210
5 213
5 214
5 231
5 232
5 239
5 241
5 242
5 248
5 258
5 279
5 280
5 285
5 289
5 297
5 299
5 303
5 306
5 320
5 324
5 329
5 351
5 354
5 356
5 357
5 362
5 365
5 377
5 386
5 405
5 413
5 417
5 426
5 430
5 438
5 439
5 446
5 452
5 458
5 462
5 484
5 668
5 673
5 709
5 914
5 1005
5 1174
5 1263
5 1349
5 1404
5 1459
5 1460
5 1462
5 1577
5 1589
5 1695
5 1846
5 1903
6 18
6 32
6 37
6 43
6 44
6 49
6 50
6 61
6 76
6 91
6 102
6 110
6 112
6 114
6 124
6 133
6 143
6 164
6 177
6 180
6 184
6 193
6 195
6 201
6 211
6 229
6 230
6 234
6 241
6 267
6 279
6 301
6 303
6 307
6 323
6 331
6 332
6 335
6 344
6 351
6 357
6 367
6 368
6 375
6 389
6 396
6 404
6 409
6 413
6 414
6 426
6 443
6 447
6 452
6 453
6 454
6 459
6 463
6 474
6 477
6 482
6 486
6 487
6 493
6 560
6 596
6 795
6 834
6 864
6 1154
6 1396
6 1568
6 1628
6 1701
7 12
7 28
7 29
7 38
7 40
7 66
7 71
7 112
7 119
7 149
7 150
7 155
7 157
7 172
7 176
7 187
7 189
7 190
7 201
7 206
7 215
7 226
7 234
7 241
7 242
7 246
7 249
7 262
7 265
7 268
7 269
7 270
7 273
7 288
7 301
7 314
7 317
7 320
7 336
7 343
7 348
7 355
7 356
7 359
7 378
7 404
7 405
7 411
7 417
7 424
7 430
7 433
7 441
7 451
7 455
7 459
7 460
7 462
7 475
7 493
7 495
7 1110
7 1125
7 1576
7 1781
8 32
8 52
8 57
8 82
8 91
8 119
8 132
8 140
8 147
8 151
8 158
8 160
8 169
8 170
8 171
8 176
8 178
8 184
8 211
8 212
8 222
8 246
8 266
8 275
8 279
8 303
8 305
8 314
8 315
8 335
8 341
8 343
8 346
8 350
8 353
8 356
8 375
8 378
8 386
8 388
8 389
8 398
8 402
8 413
8 414
8 415
8 421
8 428
8 453
8 463
8 472
8 476
8 487
8 522
8 565
8 583
8 800
8 900
8 960
8 1013
8 1247
8 1298
8 1345
8 1439
8 1534
9 11
9 23
9 52
9 58
9 79
9 83
9 87
9 91
9 106
9 112
9 115
9 123
9 132
9 154
9 156
9 163
9 164
9 169
9 174
9 175
9 176
9 177
9 183
9 186
9 188
9 198
9 200
9 204
9 206
9 212
9 213
9 232
9 234
9 239
9 256
9 257
9 259
9 260
9 262
9 288
9 292
9 299
9 349
9 383
9 390
9 394
9 407
9 418
9 435
9 436
9 454
9 455
9 461
9 463
9 468
9 471
9 476
9 482
9 484
9 488
9 628
9 743
9 832
9 904
9 948
9 1035
9 1052
9 1218
9 1516
9 1796
10 14
10 20
10 30
10 51
10 58
10 64
10 67
10 70
10 73
10 84
10 102
10 115
10 117
10 118
10 120
10 136
10 145
10 146
10 166
10 167
10 170
10 173
10 183
10 190
10 196
10 199
10 207
10 212
10 213
10 232
10 239
10 240
10 244
10 251
10 261
10 269
10 277
10 280
10 286
10 293
10 297
10 314
10 322
10 342
10 346
10 351
10 354
10 357
10 363
10 364
10 365
10 373
10 374
10 375
10 394
10 401
10 425
10 433
10 434
10 439
10 459
10 465
10 471
10 472
10 482
10 485
10 487
10 490
10 672
10 836
10 967
10 973
10 1036
10 1074
10 1116
10 1160
10 1260
10 1316
10 1346
10 1538
10 1888
11 17
11 22
11 32
11 37
11 53
11 61
11 75
11 89
11 91
11 92
11 93
11 105
11 106
11 122
11 131
11 139
11 147
11 148
11 149
11 150
11 161
11 165
11 167
11 186
11 188
11 204
11 210
11 219
11 223
11 226
11 232
11 244
11 246
11 256
11 258
11 268
11 276
11 278
11 286
11 299
11 304
11 309
11 311
11 314
11 332
11 335
11 340
11 347
11 351
11 352
11 362
11 366
11 368
11 376
11 381
11 390
11 404
11 406
11 428
11 446
11 447
11 455
11 467
11 468
11 472
11 474
11 476
11 478
11 481
11 484
11 487
11 755
11 1189
11 1425
11 1587
11 1785
11 1981
12 13
12 25
12 26
12 64
12 65
12 67
12 86
12 100
12 103
12 104
12 105
12 118
12 125
12 139
12 143
12 144
12 147
12 153
12 161
12 180
12 203
12 208
12 227
12 236
12 243
12 245
12 246
12 256
12 281
12 282
12 288
12 293
12 301
12 303
12 305
12 315
12 321
12 332
12 343
12 347
12 355
12 366
12 367
12 384
12 396
12 398
12 402
12 404
12 407
12 409
12 411
12 415
12 430
12 439
12 445
12 446
12 454
12 461
12 467
12 477
12 487
12 489
12 490
12 491
12 494
12 725
12 745
12 803
12 836
12 880
12 923
12 1135
12 1170
12 1181
12 1184
12 1198
13 14
13 19
13 23
13 24
13 33
13 40
13 49
13 53
13 74
13 76
13 87
13 89
13 105
13 109
13 111
13 120
13 121
13 123
13 124
13 125
13 129
13 132
13 136
13 139
13 146
13 153
13 156
13 157
13 178
13 183
13 186
13 190
13 198
13 202
13 206
13 214
13 239
13 240
13 242
13 260
13 263
13 264
13 268
13 273
13 285
13 286
13 290
13 299
13 304
13 318
13 319
13 335
13 338
13 340
13 344
13 347
13 351
13 357
13 376
13 379
13 389
13 395
13 401
13 402
13 403
13 404
13 423
13 424
13 426
13 436
13 437
13 445
13 455
13 456
13 465
13 466
13 474
13 475
13 484
13 606
13 607
13 743
13 815
13 920
13 928
13 1063
13 1282
13 1526
13 1653
13 1708
13 1769
14 17
14 22
14 27
14 38
14 52
14 66
14 68
14 97
14 100
14 105
14 145
14 149
14 151
14 166
14 177
14 200
14 201
14 208
14 215
14 227
14 236
14 245
14 251
14 269
14 273
14 284
14 292
14 305
14 309
14 310
14 325
14 328
14 334
14 339
14 361
14 371
14 381
14 391
14 406
14 407
14 412
14 417
14 418
14 421
14 426
14 427
14 432
14 433
14 434
14 448
14 475
14 481
14 487
14 562
14 684
14 716
14 926
14 1153
14 1158
14 1217
14 1273
14 1288
14 1522
14 1871
15 20
15 21
15 34
15 37
15 41
15 46
15 53
15 54
15 61
15 64
15 71
15 82
15 88
15 102
15 117
15 121
15 126
15 128
15 138
15 143
15 170
15 172
15 175
15 185
15 186
15 189
15 193
15 199
15 201
15 202
15 207
15 213
15 215
15 216
15 225
15 228
15 234
15 237
15 243
15 259
15 265
15 268
15 276
15 278
15 281
15 291
15 330
15 332
15 346
15 350
15 376
15 377
15 386
15 395
15 396
15 406
15 411
15 412
15 416
15 417
15 418
15 420
15 436
15 450
15 458
15 469
15 473
15 474
15 477
15 479
15 490
15 631
15 1234
15 1279
15 1478
15 1527
15 1570
15 1775
15 1806
15 1937
16 19
16 24
16 25
16 37
16 47
16 56
16 60
16 70
16 78
16 79
16 95
16 104
16 112
16 123
16 139
16 145
16 146
16 149
16 151
16 156
16 164
16 165
16 167
16 174
16 202
16 208
16 211
16 213
16 236
16 257
16 261
16 274
16 277
16 280
16 290
16 292
16 296
16 308
16 312
16 319
16 328
16 331
16 337
16 338
16 344
16 348
16 351
16 354
16 360
16 362
16 368
16 383
16 403
16 408
16 414
16 416
16 426
16 437
16 440
16 452
16 454
16 465
16 474
16 491
16 493
16 592
16 631
16 913
16 953
16 1007
16 1116
16 1213
16 1232
16 1238
16 1286
16 1441
16 1831
16 1867
16 1887
16 1969
17 25
17 32
17 34
17 39
17 40
17 66
17 81
17 106
17 116
17 117
17 130
17 136
17 140
17 141
17 144
17 146
17 176
17 177
17 182
17 188
17 191
17 193
17 204
17 208
17 209
17 210
17 213
17 214
17 219
17 222
17 240
17 244
17 268
17 269
17 271
17 272
17 273
17 276
17 281
17 283
17 287
17 289
17 291
17 297
17 298
17 300
17 301
17 312
17 318
17 320
17 335
17 340
17 357
17 384
17 385
17 387
17 390
17 393
17 396
17 408
17 409
17 418
17 420
17 429
17 434
17 451
17 462
17 465
17 475
17 485
17 492
17 591
17 761
17 990
17 1230
17 1409
17 1462
17 1982
18 26
18 31
18 34
18 54
18 65
18 105
18 113
18 123
18 124
18 134
18 135
18 140
18 157
18 158
18 162
18 172
18 175
18 180
18 183
18 190
18 228
18 229
18 248
18 254
18 258
18 260
18 274
18 276
18 278
18 280
18 281
18 287
18 288
18 302
18 308
18 310
18 313
18 327
18 335
18 337
18 348
18 356
18 377
18 380
18 390
18 392
18 394
18 401
18 403
18 409
18 419
18 421
18 433
18 434
18 444
18 450
18 455
18 458
18 459
18 461
18 462
18 468
18 469
18 473
18 489
18 604
18 628
18 734
18 932
18 1034
18 1105
18 1528
18 1579
18 1635
19 20
19 27
19 47
19 49
19 66
19 68
19 69
19 74
19 79
19 80
19 89
19 90
19 94
19 96
19 100
19 101
19 109
19 115
19 122
19 134
19 136
19 139
19 143
19 152
19 157
19 200
19 203
19 204
19 208
19 212
19 215
19 219
19 223
19 224
19 225
19 238
19 253
19 269
19 271
19 299
19 300
19 304
19 314
19 317
19 323
19 326
19 332
19 348
19 352
19 353
19 362
19 387
19 395
19 413
19 420
19 424
19 428
19 433
19 436
19 447
19 455
19 457
19 460
19 463
19 467
19 483
19 490
19 495
19 721
19 1575
19 1701
19 1797
19 1849
19 1904
19 1922
20 26
20 36
20 38
20 46
20 51
20 53
20 59
20 61
20 66
20 78
20 89
20 96
20 102
20 131
20 137
20 139
20 145
20 151
20 152
20 153
20 157
20 159
20 171
20 187
20 216
20 217
20 228
20 232
20 249
20 261
20 264
20 269
20 272
20 275
20 280
20 281
20 289
20 294
20 297
20 299
20 307
20 315
20 320
20 321
20 341
20 344
20 352
20 357
20 381
20 392
20 399
20 402
20 403
20 407
20 409
20 410
20 417
20 425
20 432
20 441
20 442
20 444
20 445
20 450
20 475
20 476
20 479
20 492
20 495
20 592
20 667
20 916
20 1130
20 1193
20 1349
20 1458
20 1490
20 1808
20 1891
21 25
21 37
21 38
21 41
21 51
21 59
21 63
21 67
21 69
21 86
21 104
21 105
21 107
21 109
21 112
21 128
21 133
21 139
21 141
21 142
21 144
21 145
21 147
21 165
21 166
21 175
21 179
21 184
21 190
21 197
21 201
21 204
21 208
21 211
21 214
21 225
21 231
21 232
21 237
21 239
21 251
21 256
21 257
21 258
21 270
21 277
21 281
21 288
21 301
21 320
21 336
21 341
21 345
21 350
21 359
21 371
21 372
21 380
21 388
21 397
21 400
21 408
21 421
21 422
21 426
21 434
21 438
21 441
21 444
21 453
21 458
21 460
21 470
21 471
21 516
21 625
21 643
21 652
21 800
21 834
21 931
21 1028
21 1209
21 1572
21 1764
21 1916
21 1938
21 1965
22 26
22 32
22 55
22 71
22 79
22 87
22 89
22 95
22 106
22 113
22 122
22 126
22 132
22 155
22 157
22 158
22 160
22 162
22 173
22 181
22 188
22 191
22 193
22 197
22 206
22 213
22 230
22 231
22 234
22 237
22 249
22 254
22 263
22 264
22 276
22 278
22 297
22 301
22 306
22 311
22 318
22 329
22 332
22 340
22 351
22 363
22 377
22 383
22 391
22 407
22 413
22 424
22 427
22 428
22 431
22 439
22 440
22 448
22 451
22 456
22 457
22 468
22 487
22 777
22 1065
22 1118
22 1272
22 1392
22 1421
22 1473
22 1484
22 1677
22 1718
22 1904
23 34
23 49
23 54
23 65
23 67
23 72
23 82
23 88
23 101
23 105
23 123
23 133
23 134
23 147
23 148
23 159
23 173
23 175
23 184
23 190
23 201
23 205
23 208
23 212
23 288
23 301
23 309
23 314
23 319
23 322
23 324
23 335
23 345
23 352
23 364
23 368
23 377
23 386
23 397
23 399
23 406
23 437
23 448
23 452
23 457
23 463
23 471
23 475
23 482
23 485
23 486
23 502
23 567
23 615
23 709
23 938
23 973
23 1163
23 1198
23 1216
23 1228
23 1234
23 1665
23 1702
23 1800
23 1812
24 25
24 27
24 32
24 41
24 45
24 58
24 60
24 62
24 65
24 76
24 77
24 78
24 79
24 80
24 115
24 116
24 124
24 125
24 134
24 137
24 138
24 148
24 149
24 151
24 170
24 171
24 182
24 186
24 215
24 223
24 238
24 250
24 252
24 256
24 264
24 275
24 278
24 285
24 291
24 309
24 312
24 316
24 330
24 367
24 371
24 385
24 387
24 388
24 392
24 394
24 404
24 410
24 413
24 417
24 426
24 431
24 437
24 451
24 453
24 456
24 462
24 466
24 487
24 536
24 563
24 677
24 1136
24 1239
24 1284
24 1318
24 1445
24 1722
24 1735
24 1945
25 40
25 41
25 46
25 54
25 62
25 104
25 113
25 123
25 124
25 137
25 144
25 153
25 156
25 161
25 168
25 172
25 184
25 185
25 201
25 202
25 205
25 208
25 215
25 220
25 229
25 258
25 265
25 278
25 313
25 314
25 316
25 317
25 328
25 339
25 351
25 363
25 369
25 379
25 387
25 388
25 393
25 395
25 403
25 413
25 414
25 422
25 433
25 436
25 449
25 451
25 458
25 464
25 470
25 472
25 480
25 486
25 487
25 489
25 504
25 580
25 605
25 623
25 722
25 794
25 888
25 973
25 1199
25 1247
25 1364
25 1450
25 1521
26 29
26 36
26 37
26 44
26 55
26 59
26 66
26 67
26 68
26 78
26 90
26 95
26 96
26 125
26 129
26 140
26 153
26 154
26 167
26 185
26 219
26 225
26 228
26 233
26 236
26 238
26 240
26 251
26 256
26 259
26 260
26 269
26 290
26 295
26 310
26 319
26 323
26 332
26 336
26 341
26 349
26 356
26 370
26 376
26 398
26 405
26 413
26 422
26 423
26 424
26 428
26 432
26 437
26 438
26 442
26 443
26 464
26 466
26 479
26 484
26 535
26 657
26 849
26 997
26 1025
26 1054
26 1068
26 1217
26 1236
26 1381
26 1461
26 1577
26 1894
27 39
27 44
27 67
27 71
27 82
27 93
27 94
27 106
27 109
27 117
27 131
27 133
27 137
27 145
27 151
27 155
27 157
27 159
27 166
27 176
27 184
27 185
27 192
27 198
27 206
27 208
27 218
27 220
27 232
27 238
27 244
27 258
27 259
27 274
27 276
27 280
27 281
27 293
27 307
27 321
27 325
27 338
27 341
27 343
27 345
27 366
27 369
27 374
27 383
27 384
27 392
27 396
27 397
27 423
27 431
27 436
27 438
27 462
27 465
27 478
27 892
27 933
27 1079
27 1097
27 1208
27 1218
27 1235
27 1257
27 1416
27 1453
27 1471
27 1545
27 1643
27 1659
27 1660
28 40
28 46
28 48
28 59
28 60
28 62
28 68
28 76
28 83
28 85
28 91
28 97
28 108
28 109
28 110
28 111
28 113
28 118
28 119
28 120
28 124
28 127
28 135
28 136
28 151
28 169
28 177
28 190
28 200
28 234
28 238
28 251
28 263
28 277
28 278
28 279
28 285
28 286
28 304
28 305
28 306
28 309
28 311
28 324
28 326
28 327
28 342
28 345
28 349
28 362
28 373
28 380
28 393
28 395
28 406
28 411
28 415
28 421
28 426
28 447
28 463
28 478
28 479
28 491
28 493
28 611
28 715
28 856
28 1077
28 1148
28 1326
28 1394
28 1400
28 1533
28 1653
28 1891
28 1923
28 1980
28 1983
29 36
29 41
29 52
29 81
29 103
29 112
29 117
29 130
29 163
29 171
29 173
29 185
29 196
29 202
29 231
29 236
29 238
29 240
29 244
29 277
29 285
29 303
29 308
29 312
29 316
29 319
29 332
29 334
29 343
29 352
29 357
29 359
29 366
29 374
29 378
29 383
29 401
29 403
29 406
29 413
29 415
29 421
29 435
29 453
29 455
29 473
29 476
29 486
29 492
29 655
29 780
29 878
29 950
29 1302
29 1304
29 1376
29 1622
30 31
30 33
30 41
30 51
30 56
30 60
30 70
30 75
30 77
30 79
30 90
30 106
30 111
30 126
30 147
30 154
30 155
30 161
30 179
30 185
30 190
30 208
30 212
30 213
30 227
30 234
30 237
30 241
30 243
30 244
30 248
30 253
30 270
30 278
30 281
30 283
30 284
30 302
30 318
30 319
30 322
30 323
30 333
30 339
30 353
30 368
30 370
30 371
30 381
30 384
30 386
30 399
30 402
30 411
30 413
30 414
30 423
30 428
30 433
30 434
30 437
30 441
30 447
30 448
30 449
30 456
30 461
30 466
30 473
30 510
30 560
30 584
30 690
30 816
30 1157
30 1195
30 1294
30 1525
30 1674
30 1813
30 1909
30 1961
31 33
31 40
31 62
31 68
31 69
31 90
31 95
31 98
31 142
31 147
31 158
31 164
31 166
31 177
31 182
31 183
31 197
31 213
31 218
31 227
31 230
31 243
31 263
31 284
31 285
31 287
31 289
31 291
31 299
31 300
31 301
31 304
31 308
31 322
31 324
31 332
31 365
31 367
31 382
31 384
31 387
31 390
31 391
31 393
31 396
31 402
31 409
31 410
31 420
31 424
31 429
31 436
31 454
31 456
31 461
31 463
31 464
31 476
31 480
31 485
31 498
31 538
31 630
31 781
31 882
31 890
31 1156
31 1181
31 1223
31 1299
31 1706
31 1777
31 1888
31 1958
31 1981
32 38
32 50
32 68
32 74
32 80
32 82
32 96
32 100
32 103
32 105
32 106
32 107
32 111
32 115
32 118
32 120
32 124
32 130
32 141
32 158
32 160
32 168
32 179
32 188
32 189
32 198
32 224
32 225
32 246
32 249
32 252
32 258
32 262
32 273
32 274
32 280
32 306
32 314
32 324
32 327
32 341
32 345
32 354
32 363
32 364
32 373
32 383
32 401
32 412
32 417
32 418
32 421
32 423
32 424
32 429
32 433
32 439
32 455
32 459
32 467
32 470
32 484
32 485
32 487
32 491
32 492
32 792
32 836
32 916
32 937
32 1020
32 1080
32 1092
32 1221
32 1266
32 1376
32 1659
32 1742
32 1815
32 1862
32 1908
33 35
33 44
33 48
33 50
33 51
33 55
33 64
33 68
33 76
33 81
33 96
33 102
33 112
33 116
33 124
33 129
33 132
33 137
33 138
33 144
33 153
33 156
33 158
33 162
33 182
33 184
33 197
33 205
33 207
33 220
33 222
33 228
33 231
33 233
33 238
33 243
33 246
33 247
33 250
33 254
33 258
33 264
33 268
33 293
33 297
33 311
33 314
33 316
33 325
33 343
33 354
33 355
33 360
33 367
33 375
33 376
33 378
33 387
33 390
33 406
33 415
33 416
33 420
33 422
33 424
33 432
33 433
33 449
33 451
33 463
33 472
33 474
33 484
33 624
33 734
33 839
33 1223
33 1416
33 1661
33 1674
33 1809
33 1919
34 43
34 45
34 47
34 56
34 61
34 89
34 107
34 129
34 132
34 137
34 139
34 140
34 144
34 148
34 152
34 160
34 172
34 173
34 187
34 191
34 200
34 203
34 206
34 207
34 208
34 210
34 215
34 219
34 228
34 232
34 235
34 237
34 249
34 250
34 259
34 266
34 279
34 297
34 298
34 302
34 312
34 333
34 338
34 340
34 348
34 366
34 372
34 378
34 381
34 388
34 392
34 393
34 394
34 409
34 416
34 425
34 438
34 442
34 443
34 446
34 450
34 458
34 461
34 463
34 470
34 475
34 476
34 477
34 479
34 485
34 488
34 631
34 812
34 903
34 1002
34 1008
34 1132
34 1146
34 1400
34 1437
34 1704
34 1813
34 1818
34 1985
35 48
35 52
35 77
35 80
35 82
35 87
35 95
35 108
35 109
35 126
35 129
35 136
35 158
35 171
35 178
35 198
35 199
35 204
35 210
35 212
35 218
35 219
35 220
35 222
35 235
35 243
35 258
35 260
35 274
35 277
35 290
35 293
35 296
35 299
35 306
35 312
35 332
35 348
35 350
35 365
35 366
35 377
35 388
35 391
35 401
35 408
35 417
35 419
35 420
35 432
35 458
35 464
35 465
35 467
35 479
35 489
35 663
35 787
35 905
35 1641
36 40
36 44
36 52
36 62
36 70
36 89
36 93
36 114
36 117
36 124
36 128
36 131
36 134
36 139
36 144
36 147
36 154
36 176
36 180
36 191
36 198
36 202
36 207
36 237
36 251
36 262
36 264
36 267
36 278
36 299
36 303
36 317
36 328
36 332
36 338
36 339
36 349
36 350
36 351
36 355
36 358
36 365
36 389
36 399
36 401
36 405
36 409
36 411
36 443
36 445
36 450
36 456
36 487
36 490
36 492
36 617
36 729
36 825
36 913
36 1466
36 1521
36 1533
36 1687
36 1809
36 1926
37 39
37 42
37 43
37 59
37 64
37 73
37 93
37 94
37 95
37 96
37 106
37 111
37 121
37 124
37 128
37 136
37 142
37 154
37 159
37 162
37 163
37 165
37 177
37 179
37 189
37 214
37 216
37 238
37 244
37 256
37 257
37 262
37 265
37 276
37 287
37 288
37 289
37 300
37 304
37 321
37 324
37 328
37 331
37 339
37 347
37 358
37 363
37 382
37 387
37 388
37 390
37 399
37 409
37 414
37 417
37 420
37 448
37 457
37 473
37 726
37 957
37 1020
37 1044
37 1156
37 1271
37 1569
37 1626
37 1731
37 1863
38 65
38 80
38 89
38 98
38 101
38 110
38 116
38 124
38 125
38 140
38 143
38 146
38 168
38 173
38 175
38 184
38 195
38 198
38 202
38 206
38 231
38 232
38 246
38 248
38 262
38 274
38 277
38 287
38 288
38 296
38 328
38 333
38 334
38 338
38 340
38 342
38 348
38 356
38 358
38 397
38 401
38 407
38 414
38 439
38 445
38 447
38 454
38 455
38 473
38 476
38 479
38 482
38 496
38 555
38 1073
38 1238
38 1467
38 1801
38 1952
39 70
39 88
39 93
39 104
39 132
39 161
39 169
39 184
39 185
39 192
39 206
39 207
39 222
39 223
39 224
39 241
39 244
39 246
39 252
39 253
39 255
39 260
39 283
39 293
39 304
39 305
39 313
39 315
39 332
39 339
39 343
39 345
39 350
39 362
39 366
39 370
39 371
39 380
39 391
39 392
39 394
39 398
39 407
39 410
39 413
39 425
39 437
39 438
39 448
39 459
39 468
39 476
39 481
39 493
39 631
39 696
39 733
39 814
39 1014
39 1060
39 1176
39 1177
39 1523
39 1562
39 1782
40 46
40 69
40 97
40 113
40 116
40 118
40 132
40 136
40 142
40 155
40 159
40 167
40 191
40 195
40 231
40 233
40 236
40 244
40 246
40 250
40 253
40 255
40 263
40 295
40 314
40 322
40 326
40 347
40 348
40 360
40 361
40 367
40 401
40 408
40 414
40 419
40 426
40 427
40 461
40 462
40 473
40 476
40 485
40 705
40 709
40 976
40 982
40 1437
40 1485
40 1561
40 1744
40 1804
41 50
41 52
41 53
41 61
41 64
41 66
41 69
41 72
41 100
41 102
41 107
41 117
41 129
41 133
41 151
41 157
41 160
41 166
41 168
41 170
41 183
41 190
41 205
41 206
41 207
41 211
41 213
41 215
41 221
41 222
41 243
41 248
41 252
41 257
41 258
41 273
41 281
41 291
41 295
41 297
41 302
41 319
41 320
41 323
41 326
41 340
41 347
41 354
41 356
41 359
41 372
41 373
41 375
41 382
41 385
41 395
41 398
41 412
41 415
41 416
41 427
41 433
41 434
41 438
41 447
41 450
41 458
41 467
41 475
41 491
41 544
41 748
41 794
41 938
41 1092
41 1184
41 1345
41 1398
41 1411
41 1571
41 1684
42 66
42 71
42 74
42 93
42 95
42 96
42 100
42 117
42 123
42 130
42 133
42 135
42 140
42 146
42 160
42 161
42 166
42 167
42 172
42 174
42 186
42 191
42 203
42 208
42 214
42 228
42 230
42 248
42 251
42 254
42 261
42 263
42 275
42 283
42 295
42 307
42 308
42 315
42 338
42 340
42 342
42 347
42 350
42 353
42 362
42 380
42 387
42 393
42 403
42 423
42 428
42 433
42 438
42 439
42 440
42 447
42 449
42 452
42 461
42 470
42 479
42 484
42 486
42 489
42 753
42 793
42 1042
42 1126
42 1135
42 1172
42 1248
42 1639
43 63
43 85
43 87
43 115
43 118
43 122
43 127
43 142
43 149
43 152
43 154
43 158
43 168
43 171
43 190
43 197
43 201
43 217
43 223
43 224
43 237
43 248
43 271
43 275
43 278
43 290
43 294
43 296
43 347
43 348
43 353
43 355
43 356
43 359
43 377
43 378
43 388
43 394
43 397
43 413
43 419
43 423
43 434
43 453
43 459
43 460
43 465
43 467
43 477
43 484
43 745
43 1029
43 1037
43 1121
43 1274
43 1462
43 1524
43 1648
43 1698
43 1951
43 1985
44 48
44 54
44 56
44 63
44 66
44 71
44 72
44 93
44 98
44 126
44 129
44 150
44 159
44 163
44 168
44 169
44 173
44 176
44 180
44 181
44 194
44 197
44 217
44 221
44 228
44 233
44 234
44 238
44 241
44 246
44 259
44 269
44 275
44 281
44 294
44 302
44 314
44 337
44 339
44 343
44 364
44 369
44 370
44 389
44 391
44 416
44 420
44 441
44 444
44 452
44 456
44 458
44 459
44 462
44 463
44 472
44 484
44 487
44 546
44 755
44 827
44 854
44 1020
44 1121
44 1327
44 1559
44 1611
44 1725
44 1869
44 1936
45 59
45 62
45 73
45 74
45 75
45 80
45 93
45 94
45 117
45 127
45 133
45 149
45 151
45 196
45 208
45 210
45 222
45 227
45 230
45 240
45 244
45 250
45 266
45 268
45 270
45 287
45 295
45 300
45 306
45 310
45 317
45 329
45 349
45 352
45 357
45 361
45 363
45 369
45 376
45 386
45 391
45 396
45 397
45 398
45 407
45 442
45 443
45 451
45 456
45 472
45 480
45 496
45 746
45 771
45 783
45 859
45 870
45 1029
45 1215
45 1360
45 1458
45 1605
45 1649
46 53
46 66
46 67
46 76
46 77
46 81
46 93
46 96
46 103
46 117
46 119
46 135
46 141
46 149
46 154
46 155
46 159
46 164
46 177
46 179
46 183
46 198
46 219
46 229
46 232
46 238
46 240
46 241
46 242
46 254
46 271
46 272
46 284
46 285
46 296
46 297
46 300
46 304
46 308
46 315
46 316
46 330
46 331
46 346
46 359
46 380
46 394
46 398
46 410
46 418
46 422
46 427
46 430
46 431
46 437
46 455
46 461
46 466
46 470
46 478
46 480
46 616
46 1073
46 1198
46 1400
46 1434
46 1524
46 1532
46 1594
46 1599
47 53
47 61
47 67
47 77
47 82
47 85
47 89
47 97
47 99
47 102
47 114
47 117
47 130
47 149
47 150
47 151
47 160
47 171
47 178
47 188
47 194
47 215
47 221
47 228
47 240
47 260
47 262
47 265
47 268
47 278
47 296
47 307
47 309
47 311
47 317
47 343
47 352
47 353
47 364
47 371
47 378
47 401
47 406
47 408
47 413
47 416
47 433
47 453
47 455
47 457
47 472
47 475
47 496
47 505
47 628
47 738
47 896
47 914
47 1083
47 1415
48 59
48 62
48 71
48 75
48 78
48 81
48 85
48 92
48 96
48 99
48 112
48 118
48 119
48 122
48 127
48 128
48 130
48 139
48 142
48 144
48 149
48 151
48 165
48 167
48 169
48 175
48 178
48 182
48 200
48 215
48 256
48 267
48 273
48 279
48 293
48 303
48 304
48 311
48 317
48 326
48 328
48 345
48 359
48 360
48 361
48 369
48 376
48 410
48 414
48 435
48 448
48 463
48 469
48 478
48 484
48 765
48 840
48 1135
48 1215
48 1566
48 1718
48 1824
48 1899
49 63
49 123
49 153
49 154
49 178
49 181
49 189
49 198
49 200
49 207
49 212
49 214
49 215
49 216
49 223
49 226
49 238
49 248
49 261
49 262
49 264
49 283
49 303
49 312
49 319
49 320
49 335
49 343
49 345
49 353
49 360
49 367
49 371
49 377
49 396
49 398
49 402
49 403
49 405
49 406
49 414
49 427
49 438
49 444
49 454
49 459
49 472
49 481
49 485
49 637
49 695
49 849
49 1201
49 1315
49 1849
49 1916
50 54
50 57
50 64
50 67
50 81
50 99
50 105
50 113
50 120
50 154
50 159
50 161
50 174
50 175
50 181
50 191
50 199
50 221
50 224
50 228
50 239
50 243
50 254
50 278
50 289
50 294
50 302
50 322
50 332
50 337
50 350
50 373
50 385
50 386
50 389
50 391
50 394
50 406
50 412
50 414
50 440
50 454
50 469
50 471
50 494
50 557
50 749
50 904
50 1052
50 1285
50 1695
50 1704
50 1801
50 1837
50 1910
51 73
51 78
51 82
51 93
51 94
51 106
51 110
51 125
51 128
51 151
51 155
51 193
51 197
51 198
51 204
51 222
51 236
51 239
51 240
51 244
51 245
51 254
51 264
51 273
51 287
51 326
51 343
51 348
51 354
51 358
51 359
51 361
51 363
51 374
51 376
51 379
51 387
51 409
51 423
51 424
51 426
51 432
51 437
51 440
51 443
51 462
51 466
51 467
51 469
51 473
51 483
51 494
51 508
51 561
51 625
51 646
51 675
51 704
51 870
51 1031
51 1056
51 1696
51 1939
52 57
52 62
52 64
52 65
52 76
52 89
52 94
52 111
52 121
52 124
52 128
52 136
52 140
52 141
52 144
52 145
52 162
52 163
52 184
52 198
52 215
52 228
52 231
52 248
52 266
52 273
52 277
52 279
52 280
52 283
52 298
52 299
52 305
52 310
52 329
52 333
52 336
52 349
52 356
52 359
52 368
52 373
52 392
52 397
52 407
52 412
52 414
52 429
52 439
52 440
52 442
52 454
52 457
52 470
52 483
52 492
52 538
52 542
52 595
52 603
52 667
52 845
52 860
52 885
52 1189
52 1234
52 1345
52 1369
52 1574
52 1629
52 1915
52 1944
53 57
53 60
53 62
53 68
53 75
53 76
53 77
53 78
53 81
53 82
53 84
53 109
53 116
53 128
53 133
53 147
53 149
53 150
53 156
53 160
53 162
53 170
53 173
53 175
53 180
53 200
53 206
53 221
53 233
53 237
53 251
53 277
53 282
53 285
53 288
53 296
53 305
53 312
53 326
53 328
53 330
53 334
53 338
53 342
53 349
53 353
53 359
53 372
53 382
53 385
53 387
53 389
53 393
53 405
53 409
53 418
53 434
53 435
53 443
53 456
53 460
53 473
53 480
53 496
53 609
53 886
53 1080
53 1164
53 1380
53 1408
53 1755
54 62
54 68
54 89
54 101
54 102
54 122
54 124
54 131
54 163
54 176
54 181
54 183
54 189
54 191
54 195
54 197
54 198
54 211
54 213
54 229
54 236
54 237
54 257
54 266
54 267
54 272
54 282
54 285
54 305
54 306
54 309
54 311
54 313
54 315
54 320
54 327
54 332
54 335
54 339
54 350
54 352
54 379
54 382
54 389
54 422
54 434
54 435
54 447
54 475
54 485
54 496
54 505
54 529
54 659
54 975
54 1078
54 1119
54 1135
54 1519
54 1534
54 1910
55 58
55 59
55 60
55 61
55 63
55 67
55 72
55 76
55 95
55 97
55 103
55 108
55 112
55 120
55 123
55 125
55 136
55 138
55 139
55 166
55 170
55 176
55 177
55 180
55 181
55 197
55 198
55 216
55 217
55 226
55 234
55 240
55 241
55 244
55 245
55 251
55 258
55 259
55 260
55 263
55 270
55 277
55 279
55 282
55 292
55 298
55 350
55 354
55 361
55 363
55 386
55 389
55 397
55 400
55 404
55 411
55 415
55 429
55 439
55 440
55 447
55 469
55 479
55 490
55 496
55 819
55 890
55 1393
55 1399
55 1465
55 1473
55 1648
55 1743
56 61
56 65
56 68
56 83
56 84
56 87
56 91
56 93
56 96
56 112
56 114
56 121
56 131
56 133
56 136
56 150
56 155
56 160
56 163
56 216
56 235
56 239
56 248
56 250
56 255
56 266
56 268
56 286
56 301
56 302
56 306
56 323
56 332
56 340
56 345
56 359
56 362
56 376
56 391
56 393
56 398
56 411
56 413
56 421
56 431
56 436
56 451
56 464
56 465
56 476
56 480
56 484
56 490
56 491
56 505
56 664
56 850
56 942
56 959
56 988
56 1031
56 1259
56 1297
56 1511
56 1694
56 1696
56 1842
57 87
57 96
57 104
57 120
57 138
57 140
57 145
57 186
57 193
57 199
57 201
57 216
57 224
57 225
57 243
57 255
57 269
57 270
57 272
57 275
57 286
57 287
57 293
57 295
57 297
57 301
57 320
57 327
57 331
57 345
57 346
57 348
57 350
57 356
57 358
57 360
57 361
57 367
57 372
57 375
57 379
57 382
57 385
57 390
57 398
57 408
57 415
57 416
57 432
57 433
57 439
57 446
57 451
57 454
57 461
57 473
57 480
57 486
57 488
57 494
57 508
57 539
57 559
57 638
57 760
57 791
57 1081
57 1138
57 1282
57 1577
57 1676
57 1803
57 1844
57 1879
58 61
58 67
58 73
58 74
58 85
58 95
58 98
58 123
58 132
58 162
58 168
58 172
58 182
58 184
58 203
58 205
58 237
58 251
58 263
58 266
58 268
58 269
58 278
58 287
58 291
58 295
58 298
58 304
58 311
58 313
58 315
58 322
58 330
58 333
58 338
58 339
58 353
58 354
58 356
58 357
58 364
58 376
58 379
58 392
58 400
58 403
58 412
58 416
58 421
58 422
58 432
58 443
58 444
58 462
58 468
58 487
58 626
58 1278
58 1430
58 1477
58 1742
58 1930
58 1964
58 1967
59 63
59 65
59 67
59 71
59 74
59 83
59 90
59 98
59 101
59 106
59 114
59 116
59 126
59 128
59 138
59 151
59 162
59 168
59 178
59 182
59 184
59 190
59 192
59 193
59 196
59 203
59 219
59 221
59 229
59 237
59 241
59 250
59 260
59 272
59 273
59 274
59 275
59 282
59 290
59 295
59 302
59 303
59 304
59 319
59 321
59 327
59 329
59 335
59 343
59 347
59 351
59 352
59 361
59 366
59 375
59 377
59 384
59 386
59 391
59 402
59 414
59 421
59 431
59 432
59 442
59 445
59 452
59 466
59 468
59 485
59 490
59 738
59 835
59 1089
59 1151
59 1168
59 1178
59 1620
60 89
60 98
60 115
60 130
60 140
60 146
60 151
60 166
60 177
60 185
60 189
60 195
60 202
60 203
60 206
60 213
60 221
60 224
60 226
60 253
60 254
60 257
60 258
60 259
60 262
60 269
60 283
60 285
60 298
60 303
60 307
60 308
60 332
60 340
60 345
60 352
60 361
60 362
60 374
60 377
60 380
60 383
60 385
60 389
60 391
60 403
60 404
60 411
60 417
60 421
60 423
60 444
60 457
60 464
60 465
60 466
60 476
60 494
60 517
60 977
60 1383
60 1708
60 1905
60 1955
61 75
61 77
61 84
61 93
61 94
61 114
61 125
61 134
61 135
61 145
61 152
61 160
61 170
61 185
61 190
61 194
61 196
61 199
61 203
61 204
61 209
61 216
61 242
61 247
61 249
61 252
61 269
61 271
61 279
61 281
61 289
61 296
61 302
61 313
61 314
61 318
61 336
61 356
61 388
61 410
61 417
61 423
61 431
61 435
61 436
61 449
61 457
61 468
61 486
61 673
61 1108
61 1540
61 1566
62 64
62 70
62 73
62 79
62 91
62 97
62 104
62 110
62 119
62 125
62 135
62 143
62 144
62 147
62 148
62 150
62 163
62 164
62 180
62 183
62 198
62 202
62 204
62 213
62 216
62 232
62 236
62 242
62 270
62 276
62 287
62 292
62 294
62 306
62 312
62 316
62 317
62 318
62 320
62 321
62 327
62 341
62 343
62 351
62 357
62 363
62 380
62 383
62 385
62 393
62 399
62 403
62 406
62 413
62 415
62 422
62 432
62 434
62 438
62 444
62 449
62 455
62 458
62 464
62 466
62 479
62 482
62 484
62 524
62 807
62 952
62 980
62 1375
62 1396
62 1516
62 1611
62 1653
62 1824
62 1834
62 1864
62 1953
62 1987
63 74
63 82
63 83
63 86
63 89
63 101
63 103
63 125
63 128
63 131
63 133
63 139
63 142
63 150
63 153
63 175
63 176
63 177
63 192
63 196
63 198
63 209
63 241
63 245
63 254
63 284
63 288
63 299
63 303
63 312
63 336
63 349
63 354
63 366
63 367
63 384
63 387
63 389
63 390
63 392
63 395
63 409
63 414
63 430
63 457
63 471
63 489
63 491
63 495
63 568
63 1160
63 1569
63 1596
63 1682
63 1980
64 72
64 73
64 83
64 106
64 107
64 113
64 123
64 126
64 131
64 132
64 136
64 146
64 164
64 169
64 183
64 189
64 195
64 208
64 227
64 239
64 260
64 264
64 269
64 279
64 287
64 290
64 295
64 311
64 315
64 316
64 317
64 321
64 325
64 334
64 343
64 348
64 351
64 353
64 356
64 363
64 369
64 370
64 377
64 387
64 400
64 412
64 415
64 418
64 427
64 430
64 432
64 434
64 450
64 455
64 479
64 481
64 483
64 487
64 492
64 608
64 623
64 849
64 941
64 1082
64 1196
64 1297
64 1348
64 1528
64 1595
64 1693
65 79
65 102
65 107
65 108
65 115
65 116
65 121
65 135
65 138
65 149
65 157
65 160
65 166
65 171
65 184
65 187
65 198
65 200
65 207
65 219
65 225
65 227
65 228
65 230
65 231
65 238
65 243
65 249
65 257
65 259
65 260
65 277
65 294
65 309
65 314
65 315
65 328
65 340
65 346
65 358
65 386
65 390
65 405
65 419
65 422
65 425
65 436
65 465
65 468
65 469
65 474
65 480
65 483
65 486
65 487
65 492
65 495
65 519
65 559
65 867
65 903
65 1097
65 1295
65 1406
65 1531
65 1897
66 73
66 81
66 83
66 85
66 87
66 96
66 105
66 106
66 113
66 133
66 138
66 142
66 153
66 171
66 174
66 177
66 178
66 188
66 200
66 210
66 212
66 216
66 234
66 241
66 257
66 264
66 268
66 269
66 275
66 278
66 290
66 293
66 303
66 312
66 314
66 320
66 326
66 330
66 337
66 338
66 353
66 355
66 356
66 357
66 380
66 382
66 388
66 391
66 411
66 414
66 416
66 425
66 431
66 441
66 443
66 446
66 463
66 465
66 470
66 473
66 489
66 493
66 506
66 543
66 589
66 725
66 1188
66 1227
66 1240
66 1267
67 79
67 84
67 85
67 89
67 94
67 97
67 121
67 126
67 141
67 144
67 146
67 148
67 149
67 166
67 181
67 187
67 188
67 189
67 190
67 193
67 203
67 214
67 220
67 237
67 246
67 257
67 273
67 285
67 290
67 293
67 295
67 299
67 306
67 326
67 327
67 329
67 341
67 343
67 355
67 356
67 357
67 365
67 380
67 386
67 404
67 407
67 408
67 415
67 421
67 429
67 431
67 477
67 485
67 492
67 496
67 943
67 1007
67 1138
67 1239
67 1418
67 1437
67 1454
67 1458
67 1703
67 1740
67 1774
67 1862
67 1878
68 74
68 80
68 100
68 110
68 119
68 122
68 165
68 173
68 185
68 194
68 201
68 204
68 210
68 211
68 213
68 215
68 217
68 222
68 230
68 235
68 254
68 257
68 260
68 262
68 280
68 289
68 306
68 309
68 313
68 315
68 317
68 327
68 329
68 360
68 387
68 390
68 395
68 413
68 416
68 424
68 431
68 436
68 441
68 444
68 448
68 460
68 465
68 472
68 476
68 481
68 483
68 484
68 485
68 488
68 495
68 775
68 948
68 1008
68 1129
68 1236
68 1321
68 1323
68 1737
68 1761
68 1798
68 1884
69 70
69 82
69 83
69 86
69 90
69 92
69 102
69 114
69 142
69 152
69 153
69 155
69 157
69 170
69 180
69 181
69 190
69 207
69 210
69 217
69 224
69 230
69 231
69 271
69 278
69 287
69 296
69 313
69 326
69 329
69 330
69 336
69 346
69 362
69 371
69 378
69 381
69 382
69 396
69 398
69 418
69 422
69 427
69 438
69 453
69 456
69 463
69 473
69 475
69 476
69 490
69 493
69 510
69 830
69 857
69 858
69 921
69 1025
69 1026
69 1595
69 1735
69 1767
70 71
70 74
70 82
70 86
70 107
70 114
70 117
70 133
70 135
70 138
70 144
70 152
70 162
70 163
70 166
70 174
70 189
70 197
70 209
70 215
70 223
70 224
70 226
70 248
70 250
70 267
70 271
70 282
70 288
70 289
70 300
70 302
70 308
70 309
70 310
70 318
70 340
70 342
70 344
70 351
70 357
70 360
70 361
70 366
70 410
70 413
70 414
70 418
70 424
70 434
70 438
70 444
70 462
70 474
70 481
70 484
70 487
70 763
70 1064
70 1337
70 1515
70 1557
70 1618
70 1743
71 77
71 82
71 91
71 92
71 95
71 110
71 141
71 146
71 152
71 157
71 164
71 170
71 174
71 178
71 188
71 189
71 190
71 198
71 202
71 209
71 225
71 236
71 241
71 244
71 247
71 251
71 267
71 269
71 273
71 275
71 282
71 288
71 303
71 329
71 386
71 392
71 394
71 442
71 444
71 446
71 450
71 455
71 457
71 464
71 469
71 471
71 474
71 494
71 617
71 919
71 947
71 1147
71 1201
71 1607
71 1873
71 1986
72 73
72 77
72 84
72 94
72 122
72 142
72 146
72 147
72 151
72 155
72 178
72 190
72 193
72 196
72 218
72 219
72 227
72 242
72 243
72 252
72 254
72 270
72 272
72 274
72 282
72 287
72 293
72 296
72 311
72 315
72 317
72 319
72 324
72 348
72 364
72 366
72 371
72 393
72 405
72 408
72 412
72 419
72 426
72 435
72 442
72 455
72 456
72 460
72 486
72 490
72 572
72 695
72 710
72 1305
72 1320
72 1449
72 1532
72 1639
72 1769
73 75
73 95
73 99
73 101
73 109
73 116
73 124
73 128
73 132
73 135
73 138
73 145
73 146
73 180
73 186
73 198
73 202
73 203
73 204
73 207
73 209
73 214
73 216
73 218
73 221
73 223
73 246
73 299
73 305
73 310
73 314
73 316
73 318
73 330
73 349
73 363
73 368
73 379
73 381
73 393
73 409
73 413
73 414
73 422
73 427
73 432
73 441
73 461
73 468
73 478
73 483
73 486
73 624
73 929
73 1028
73 1060
73 1480
73 1507
73 1509
73 1558
73 1587
73 1621
73 1744
73 1801
74 79
74 85
74 98
74 109
74 113
74 115
74 122
74 132
74 146
74 167
74 169
74 180
74 189
74 197
74 205
74 219
74 239
74 247
74 249
74 266
74 267
74 280
74 281
74 282
74 295
74 297
74 305
74 309
74 315
74 319
74 321
74 323
74 330
74 334
74 335
74 337
74 347
74 379
74 385
74 388
74 410
74 414
74 431
74 433
74 444
74 456
74 462
74 464
74 474
74 485
74 493
74 623
74 866
74 879
74 1198
74 1227
74 1291
74 1927
75 85
75 89
75 100
75 103
75 109
75 111
75 129
75 137
75 145
75 149
75 155
75 175
75 184
75 191
75 205
75 247
75 253
75 254
75 258
75 266
75 274
75 285
75 286
75 287
75 289
75 302
75 312
75 315
75 317
75 346
75 370
75 384
75 391
75 403
75 404
75 410
75 415
75 417
75 427
75 441
75 442
75 448
75 459
75 465
75 472
75 478
75 479
75 482
75 486
75 493
75 516
75 924
75 1118
75 1138
75 1404
75 1571
75 1628
76 80
76 84
76 103
76 121
76 132
76 145
76 148
76 152
76 159
76 163
76 166
76 175
76 176
76 179
76 206
76 208
76 210
76 218
76 219
76 237
76 244
76 245
76 251
76 262
76 275
76 277
76 286
76 303
76 315
76 321
76 336
76 346
76 357
76 358
76 389
76 398
76 399
76 400
76 423
76 426
76 436
76 437
76 452
76 456
76 470
76 471
76 484
76 959
76 999
76 1019
76 1286
76 1477
76 1749
76 1847
77 86
77 93
77 98
77 106
77 113
77 115
77 119
77 124
77 141
77 145
77 150
77 179
77 188
77 194
77 199
77 203
77 214
77 222
77 224
77 228
77 231
77 240
77 243
77 246
77 247
77 255
77 262
77 285
77 288
77 292
77 295
77 297
77 299
77 303
77 319
77 341
77 344
77 357
77 359
77 361
77 379
77 387
77 390
77 395
77 398
77 399
77 400
77 408
77 437
77 446
77 454
77 456
77 457
77 464
77 466
77 473
77 477
77 478
77 487
77 492
77 495
77 507
77 853
77 884
77 919
77 996
77 1096
77 1165
77 1425
77 1443
77 1570
77 1923
78 82
78 86
78 101
78 104
78 116
78 119
78 133
78 138
78 144
78 148
78 160
78 163
78 168
78 169
78 182
78 191
78 216
78 217
78 219
78 221
78 222
78 227
78 237
78 246
78 247
78 249
78 253
78 281
78 285
78 290
78 296
78 299
78 300
78 329
78 333
78 339
78 340
78 341
78 347
78 353
78 354
78 355
78 362
78 367
78 373
78 379
78 384
78 386
78 400
78 417
78 420
78 427
78 445
78 446
78 450
78 452
78 475
78 483
78 488
78 695
78 748
78 795
78 813
78 1056
78 1264
78 1550
78 1611
78 1663
79 81
79 89
79 90
79 91
79 99
79 101
79 109
79 112
79 129
79 131
79 133
79 137
79 144
79 152
79 155
79 158
79 167
79 184
79 185
79 192
79 207
79 217
79 218
79 224
79 230
79 231
79 249
79 250
79 262
79 286
79 287
79 307
79 327
79 338
79 353
79 358
79 360
79 363
79 378
79 380
79 381
79 386
79 399
79 402
79 410
79 436
79 448
79 452
79 467
79 468
79 470
79 473
79 476
79 484
79 491
79 494
79 731
79 940
79 1017
79 1104
79 1348
79 1380
79 1557
79 1660
79 1852
80 84
80 88
80 90
80 94
80 102
80 107
80 108
80 111
80 118
80 132
80 143
80 150
80 170
80 176
80 180
80 207
80 209
80 210
80 211
80 213
80 225
80 232
80 243
80 247
80 262
80 271
80 293
80 318
80 321
80 326
80 330
80 334
80 337
80 341
80 347
80 353
80 359
80 367
80 386
80 393
80 396
80 397
80 420
80 426
80 427
80 440
80 448
80 451
80 453
80 454
80 469
80 484
80 491
80 498
80 533
80 846
80 1055
80 1137
80 1244
80 1310
80 1603
80 1609
80 1972
81 82
81 109
81 112
81 124
81 130
81 137
81 139
81 148
81 149
81 150
81 153
81 155
81 168
81 170
81 172
81 177
81 182
81 186
81 199
81 202
81 207
81 208
81 209
81 219
81 228
81 250
81 264
81 271
81 275
81 282
81 292
81 295
81 303
81 307
81 313
81 317
81 319
81 331
81 333
81 334
81 342
81 351
81 352
81 354
81 360
81 371
81 373
81 380
81 387
81 401
81 403
81 411
81 412
81 422
81 426
81 445
81 464
81 467
81 474
81 476
81 478
81 479
81 481
81 489
81 492
81 495
81 496
81 528
81 676
81 1017
81 1075
81 1168
81 1212
81 1227
81 1305
81 1338
81 1428
81 1459
81 1818
81 1862
82 83
82 87
82 89
82 130
82 149
82 152
82 156
82 160
82 162
82 168
82 171
82 179
82 184
82 190
82 194
82 201
82 213
82 222
82 240
82 275
82 284
82 288
82 290
82 312
82 324
82 325
82 359
82 365
82 369
82 392
82 396
82 408
82 435
82 437
82 443
82 446
82 451
82 452
82 453
82 456
82 461
82 476
82 479
82 489
82 682
82 749
82 1136
82 1171
82 1460
82 1489
82 1582
83 87
83 91
83 101
83 105
83 109
83 136
83 139
83 164
83 173
83 174
83 182
83 186
83 201
83 209
83 210
83 219
83 225
83 236
83 255
83 257
83 267
83 270
83 272
83 280
83 282
83 289
83 300
83 304
83 305
83 311
83 319
83 329
83 337
83 341
83 368
83 400
83 405
83 406
83 411
83 412
83 419
83 428
83 429
83 430
83 437
83 440
83 442
83 446
83 452
83 455
83 477
83 478
83 483
83 486
83 490
83 495
83 718
83 731
83 794
83 1006
83 1018
83 1131
83 1430
83 1454
83 1507
83 1967
84 90
84 110
84 117
84 118
84 122
84 135
84 155
84 170
84 175
84 179
84 182
84 203
84 206
84 212
84 217
84 220
84 222
84 228
84 231
84 241
84 254
84 258
84 260
84 262
84 271
84 272
84 286
84 287
84 306
84 311
84 331
84 332
84 334
84 339
84 350
84 352
84 361
84 372
84 383
84 391
84 396
84 404
84 408
84 414
84 424
84 427
84 429
84 430
84 455
84 482
84 492
84 551
84 654
84 689
84 1283
84 1416
84 1479
84 1793
84 1836
85 91
85 107
85 120
85 122
85 131
85 133
85 134
85 139
85 142
85 143
85 150
85 153
85 166
85 169
85 170
85 193
85 204
85 213
85 226
85 227
85 228
85 232
85 233
85 248
85 269
85 280
85 283
85 291
85 294
85 301
85 309
85 311
85 314
85 338
85 339
85 351
85 354
85 377
85 380
85 390
85 403
85 407
85 414
85 421
85 429
85 447
85 452
85 455
85 457
85 460
85 461
85 465
85 469
85 470
85 487
85 489
85 491
85 590
85 668
85 691
85 800
85 824
85 1000
85 1006
85 1141
85 1394
85 1678
85 1908
86 92
86 98
86 100
86 103
86 104
86 111
86 116
86 130
86 132
86 148
86 155
86 172
86 174
86 181
86 189
86 191
86 218
86 228
86 230
86 236
86 271
86 275
86 279
86 281
86 283
86 290
86 297
86 301
86 302
86 317
86 322
86 325
86 327
86 353
86 355
86 359
86 379
86 380
86 390
86 425
86 428
86 432
86 435
86 453
86 466
86 478
86 541
86 681
86 1039
86 1065
86 1151
86 1375
86 1440
86 1886
87 106
87 124
87 126
87 127
87 130
87 134
87 135
87 151
87 159
87 169
87 178
87 181
87 194
87 195
87 199
87 205
87 208
87 223
87 224
87 226
87 228
87 244
87 246
87 249
87 253
87 255
87 256
87 270
87 290
87 292
87 293
87 310
87 314
87 323
87 356
87 357
87 360
87 364
87 368
87 369
87 373
87 382
87 383
87 389
87 390
87 394
87 396
87 404
87 412
87 414
87 423
87 425
87 427
87 431
87 435
87 441
87 464
87 472
87 476
87 478
87 481
87 484
87 487
87 513
87 620
87 923
87 975
87 1063
87 1257
87 1313
87 1522
87 1557
88 92
88 98
88 104
88 106
88 115
88 116
88 124
88 126
88 127
88 132
88 133
88 138
88 139
88 148
88 150
88 152
88 163
88 166
88 170
88 181
88 183
88 187
88 190
88 201
88 202
88 206
88 210
88 226
88 235
88 238
88 243
88 248
88 262
88 264
88 266
88 267
88 274
88 278
88 279
88 281
88 287
88 297
88 308
88 326
88 328
88 338
88 339
88 345
88 348
88 355
88 370
88 372
88 373
88 375
88 376
88 399
88 402
88 427
88 429
88 431
88 432
88 437
88 452
88 454
88 459
88 466
88 471
88 476
88 477
88 490
88 496
88 646
88 866
88 1020
88 1107
88 1169
88 1269
88 1347
88 1364
88 1420
88 1432
88 1628
88 1661
89 112
89 122
89 129
89 135
89 149
89 157
89 159
89 164
89 175
89 179
89 188
89 192
89 197
89 221
89 222
89 225
89 226
89 241
89 248
89 249
89 256
89 261
89 264
89 265
89 268
89 270
89 284
89 288
89 310
89 314
89 324
89 326
89 335
89 352
89 356
89 357
89 383
89 388
89 400
89 408
89 415
89 417
89 429
89 430
89 440
89 441
89 462
89 463
89 465
89 468
89 471
89 480
89 486
89 491
89 494
89 632
89 838
89 972
89 1104
89 1215
89 1349
89 1380
89 1457
89 1534
89 1669
89 1701
89 1715
89 1924
89 1951
89 1954
90 93
90 94
90 97
90 107
90 114
90 115
90 117
90 121
90 159
90 160
90 163
90 165
90 166
90 167
90 185
90 187
90 193
90 201
90 202
90 219
90 221
90 226
90 230
90 239
90 247
90 250
90 254
90 257
90 260
90 261
90 268
90 270
90 276
90 277
90 310
90 314
90 315
90 317
90 341
90 347
90 355
90 356
90 358
90 361
90 362
90 368
90 369
90 373
90 409
90 418
90 419
90 429
90 444
90 445
90 461
90 466
90 467
90 491
90 503
90 506
90 972
90 1186
90 1537
90 1646
90 1682
90 1770
90 1852
90 1963
91 93
91 98
91 102
91 105
91 111
91 113
91 125
91 131
91 135
91 143
91 148
91 154
91 177
91 190
91 196
91 201
91 208
91 223
91 290
91 291
91 301
91 306
91 320
91 321
91 323
91 327
91 333
91 337
91 341
91 350
91 364
91 366
91 372
91 373
91 374
91 376
91 382
91 389
91 400
91 421
91 425
91 441
91 443
91 474
91 480
91 482
91 812
91 863
91 900
91 917
91 1125
91 1145
91 1355
91 1375
91 1405
92 96
92 97
92 102
92 103
92 105
92 116
92 121
92 130
92 148
92 150
92 177
92 185
92 201
92 209
92 211
92 222
92 227
92 230
92 232
92 236
92 257
92 258
92 261
92 264
92 266
92 267
92 277
92 282
92 298
92 324
92 328
92 335
92 355
92 362
92 363
92 376
92 387
92 389
92 408
92 409
92 410
92 417
92 423
92 426
92 428
92 439
92 442
92 466
92 470
92 484
92 486
92 490
92 495
92 739
92 892
92 1051
92 1477
92 1578
92 1580
92 1820
93 104
93 108
93 113
93 133
93 161
93 167
93 182
93 184
93 186
93 187
93 190
93 191
93 200
93 205
93 206
93 207
93 219
93 225
93 232
93 247
93 249
93 250
93 258
93 259
93 271
93 273
93 278
93 293
93 304
93 306
93 310
93 317
93 330
93 334
93 335
93 337
93 344
93 352
93 354
93 361
93 364
93 368
93 376
93 377
93 378
93 381
93 382
93 385
93 388
93 396
93 401
93 409
93 417
93 421
93 425
93 441
93 452
93 456
93 457
93 459
93 467
93 468
93 474
93 481
93 491
93 504
93 528
93 696
93 873
93 1298
93 1310
93 1506
93 1943
94 98
94 114
94 115
94 137
94 146
94 149
94 153
94 154
94 160
94 186
94 217
94 221
94 223
94 239
94 240
94 256
94 267
94 277
94 287
94 290
94 297
94 299
94 304
94 311
94 326
94 329
94 334
94 337
94 341
94 342
94 347
94 351
94 364
94 372
94 398
94 418
94 434
94 440
94 460
94 462
94 465
94 488
94 574
94 608
94 736
94 1116
94 1183
94 1348
94 1377
94 1463
94 1581
94 1731
94 1846
95 99
95 100
95 116
95 117
95 125
95 132
95 137
95 139
95 143
95 154
95 155
95 160
95 170
95 174
95 180
95 181
95 187
95 190
95 200
95 202
95 203
95 207
95 211
95 219
95 233
95 240
95 255
95 263
95 266
95 268
95 278
95 282
95 291
95 292
95 302
95 307
95 343
95 359
95 365
95 371
95 375
95 399
95 401
95 403
95 405
95 406
95 413
95 421
95 431
95 433
95 437
95 440
95 441
95 442
95 446
95 449
95 457
95 480
95 490
95 494
95 632
95 904
95 915
95 1010
95 1024
95 1034
95 1064
95 1087
95 1289
95 1364
95 1474
95 1551
95 1674
95 1810
96 101
96 106
96 107
96 108
96 115
96 117
96 119
96 133
96 135
96 143
96 152
96 153
96 174
96 177
96 179
96 192
96 211
96 219
96 243
96 251
96 253
96 256
96 263
96 268
96 275
96 284
96 288
96 291
96 292
96 299
96 302
96 309
96 319
96 332
96 337
96 341
96 348
96 360
96 366
96 368
96 371
96 384
96 389
96 392
96 396
96 411
96 441
96 447
96 449
96 451
96 468
96 473
96 482
96 484
96 495
96 496
96 554
96 590
96 783
96 889
96 935
96 1365
96 1501
96 1959
97 99
97 102
97 105
97 108
97 111
97 116
97 128
97 130
97 135
97 138
97 139
97 160
97 167
97 181
97 185
97 189
97 210
97 212
97 216
97 218
97 220
97 221
97 223
97 228
97 233
97 236
97 252
97 259
97 263
97 264
97 270
97 275
97 285
97 290
97 304
97 313
97 340
97 342
97 367
97 375
97 379
97 382
97 383
97 393
97 397
97 413
97 416
97 424
97 431
97 464
97 483
97 490
97 496
97 501
97 512
97 620
97 714
97 1013
97 1041
97 1112
97 1557
97 1628
97 1633
97 1693
97 1733
98 100
98 118
98 121
98 128
98 129
98 133
98 135
98 136
98 139
98 142
98 148
98 150
98 168
98 173
98 174
98 175
98 178
98 180
98 205
98 211
98 222
98 223
98 226
98 234
98 240
98 271
98 281
98 285
98 292
98 297
98 301
98 304
98 308
98 332
98 350
98 352
98 358
98 368
98 377
98 380
98 384
98 405
98 424
98 430
98 438
98 439
98 443
98 445
98 446
98 453
98 460
98 465
98 467
98 468
98 469
98 476
98 492
98 528
98 691
98 738
98 953
98 985
98 1127
98 1397
98 1571
98 1699
98 1983
99 105
99 112
99 118
99 119
99 123
99 129
99 172
99 180
99 216
99 224
99 230
99 235
99 242
99 246
99 256
99 257
99 260
99 267
99 268
99 272
99 277
99 278
99 288
99 292
99 296
99 303
99 320
99 322
99 328
99 330
99 333
99 344
99 362
99 363
99 366
99 367
99 396
99 414
99 418
99 438
99 439
99 447
99 450
99 454
99 457
99 463
99 486
99 491
99 596
99 600
99 815
99 866
99 1088
99 1297
99 1402
99 1544
99 1858
99 1863
100 102
100 110
100 124
100 126
100 134
100 140
100 149
100 150
100 153
100 156
100 163
100 165
100 174
100 176
100 179
100 185
100 189
100 192
100 196
100 198
100 208
100 215
100 228
100 248
100 250
100 263
100 268
100 281
100 283
100 289
100 290
100 305
100 316
100 318
100 319
100 327
100 331
100 332
100 333
100 339
100 351
100 353
100 354
100 361
100 367
100 369
100 372
100 374
100 381
100 390
100 393
100 397
100 404
100 406
100 423
100 431
100 438
100 441
100 458
100 464
100 466
100 471
100 488
100 489
100 491
100 494
100 523
100 936
100 1039
100 1060
100 1265
100 1320
100 1394
100 1594
100 1898
100 1923
101 109
101 113
101 117
101 126
101 129
101 134
101 155
101 163
101 164
101 166
101 168
101 173
101 183
101 191
101 193
101 195
101 196
101 198
101 199
101 208
101 220
101 229
101 232
101 233
101 238
101 239
101 244
101 254
101 260
101 261
101 269
101 286
101 292
101 293
101 297
101 299
101 301
101 307
101 321
101 331
101 347
101 352
101 354
101 359
101 367
101 370
101 397
101 403
101 406
101 422
101 423
101 425
101 428
101 430
101 434
101 437
101 451
101 485
101 487
101 494
101 502
101 566
101 613
101 1010
101 1109
101 1177
101 1328
101 1645
101 1724
101 1743
101 1787
102 109
102 131
102 142
102 146
102 182
102 200
102 201
102 204
102 216
102 218
102 223
102 235
102 241
102 246
102 252
102 264
102 298
102 310
102 317
102 326
102 328
102 329
102 330
102 333
102 340
102 343
102 371
102 374
102 379
102 386
102 389
102 414
102 420
102 423
102 439
102 449
102 456
102 463
102 466
102 468
102 475
102 494
102 496
102 752
102 843
102 933
102 1473
102 1619
103 116
103 131
103 133
103 145
103 154
103 156
103 158
103 160
103 161
103 162
103 173
103 174
103 206
103 218
103 227
103 240
103 254
103 271
103 284
103 290
103 305
103 317
103 346
103 356
103 370
103 373
103 385
103 386
103 394
103 401
103 407
103 430
103 433
103 439
103 440
103 447
103 452
103 455
103 461
103 462
103 479
103 641
103 694
103 708
103 931
103 971
103 1590
104 119
104 124
104 134
104 158
104 162
104 173
104 175
104 186
104 188
104 194
104 224
104 225
104 228
104 230
104 245
104 261
104 277
104 282
104 287
104 294
104 300
104 320
104 336
104 339
104 342
104 353
104 368
104 372
104 377
104 378
104 395
104 396
104 401
104 420
104 429
104 430
104 431
104 434
104 456
104 458
104 485
104 495
104 674
104 1231
104 1439
104 1629
104 1772
104 1833
104 1962
105 115
105 123
105 131
105 148
105 189
105 199
105 200
105 237
105 240
105 246
105 248
105 267
105 276
105 281
105 285
105 306
105 313
105 318
105 340
105 349
105 350
105 351
105 354
105 371
105 385
105 390
105 401
105 430
105 433
105 434
105 461
105 466
105 486
105 814
105 1047
105 1279
105 1328
105 1331
105 1482
105 1961
106 116
106 121
106 122
106 130
106 134
106 140
106 141
106 162
106 163
106 180
106 184
106 187
106 189
106 192
106 198
106 202
106 210
106 218
106 221
106 233
106 235
106 237
106 243
106 259
106 266
106 298
106 308
106 311
106 314
106 317
106 321
106 358
106 359
106 379
106 383
106 390
106 393
106 416
106 418
106 430
106 436
106 445
106 447
106 448
106 458
106 462
106 467
106 468
106 476
106 481
106 485
106 491
106 493
106 541
106 822
106 1021
106 1052
106 1124
106 1444
106 1559
106 1678
106 1710
106 1745
107 113
107 120
107 128
107 130
107 132
107 143
107 145
107 151
107 152
107 153
107 158
107 161
107 170
107 171
107 180
107 181
107 182
107 188
107 189
107 193
107 195
107 208
107 214
107 217
107 225
107 226
107 229
107 232
107 239
107 242
107 246
107 254
107 263
107 268
107 270
107 277
107 295
107 298
107 300
107 302
107 314
107 316
107 319
107 323
107 336
107 352
107 368
107 378
107 381
107 393
107 418
107 420
107 425
107 429
107 430
107 443
107 462
107 470
107 472
107 474
107 480
107 487
107 490
107 491
107 495
107 823
107 877
107 1273
107 1507
108 124
108 126
108 129
108 132
108 145
108 147
108 167
108 175
108 181
108 189
108 191
108 197
108 215
108 216
108 223
108 226
108 234
108 240
108 242
108 243
108 247
108 251
108 252
108 257
108 264
108 337
108 353
108 359
108 361
108 388
108 390
108 393
108 394
108 398
108 400
108 415
108 418
108 423
108 430
108 458
108 461
108 490
108 494
108 495
108 543
108 658
108 967
108 1664
108 1799
108 1867
108 1897
109 119
109 126
109 153
109 176
109 193
109 197
109 208
109 210
109 216
109 228
109 231
109 234
109 237
109 271
109 272
109 284
109 300
109 310
109 319
109 323
109 333
109 356
109 366
109 371
109 407
109 436
109 449
109 450
109 453
109 457
109 463
109 472
109 477
109 478
109 480
109 485
109 493
109 496
109 526
109 720
109 791
109 1002
109 1036
109 1060
109 1210
109 1353
109 1472
109 1522
109 1527
109 1753
109 1829
110 117
110 122
110 124
110 125
110 129
110 140
110 151
110 152
110 162
110 164
110 188
110 193
110 199
110 205
110 221
110 222
110 225
110 227
110 230
110 235
110 244
110 253
110 256
110 262
110 263
110 270
110 271
110 273
110 274
110 281
110 289
110 298
110 299
110 301
110 302
110 312
110 335
110 346
110 351
110 352
110 363
110 368
110 379
110 395
110 396
110 404
110 409
110 412
110 422
110 437
110 438
110 443
110 452
110 458
110 461
110 465
110 468
110 484
110 489
110 845
110 978
110 1560
110 1753
110 1787
111 116
111 121
111 125
111 129
111 132
111 139
111 142
111 157
111 161
111 169
111 170
111 179
111 186
111 188
111 189
111 195
111 196
111 198
111 201
111 203
111 205
111 206
111 210
111 215
111 224
111 231
111 237
111 239
111 241
111 243
111 255
111 265
111 272
111 287
111 295
111 299
111 303
111 304
111 327
111 330
111 359
111 376
111 382
111 384
111 398
111 405
111 408
111 410
111 439
111 449
111 458
111 494
111 600
111 725
111 1356
111 1491
111 1513
111 1644
111 1676
111 1765
111 1903
112 116
112 117
112 121
112 125
112 130
112 131
112 138
112 147
112 155
112 160
112 178
112 179
112 189
112 195
112 204
112 210
112 211
112 214
112 218
112 219
112 227
112 234
112 261
112 265
112 267
112 269
112 298
112 306
112 308
112 309
112 311
112 316
112 321
112 329
112 333
112 340
112 345
112 348
112 350
112 357
112 359
112 361
112 364
112 405
112 426
112 438
112 448
112 456
112 457
112 461
112 464
112 466
112 486
112 874
112 894
112 979
112 985
112 1171
112 1201
112 1225
112 1421
112 1624
112 1630
112 1918
113 123
113 133
113 169
113 182
113 187
113 194
113 209
113 216
113 224
113 231
113 242
113 245
113 249
113 251
113 252
113 256
113 259
113 270
113 275
113 276
113 287
113 290
113 296
113 299
113 301
113 308
113 311
113 312
113 318
113 328
113 333
113 334
113 339
113 346
113 353
113 359
113 367
113 378
113 402
113 409
113 413
113 427
113 444
113 453
113 460
113 470
113 473
113 489
113 511
113 553
113 719
113 1168
113 1209
113 1301
113 1322
113 1343
113 1440
113 1586
113 1601
113 1696
113 1745
113 1862
114 115
114 143
114 147
114 150
114 183
114 189
114 190
114 206
114 209
114 210
114 211
114 216
114 227
114 229
114 231
114 237
114 243
114 248
114 258
114 267
114 273
114 277
114 278
114 282
114 309
114 322
114 328
114 346
114 354
114 359
114 360
114 361
114 365
114 370
114 380
114 395
114 397
114 398
114 401
114 402
114 409
114 413
114 421
114 423
114 424
114 431
114 479
114 488
114 489
114 496
114 545
114 599
114 616
114 810
114 1013
114 1156
114 1517
114 1825
114 1946
115 122
115 124
115 140
115 151
115 154
115 165
115 170
115 179
115 181
115 183
115 185
115 186
115 195
115 212
115 213
115 217
115 247
115 248
115 252
115 253
115 265
115 270
115 285
115 289
115 301
115 320
115 326
115 330
115 337
115 348
115 365
115 366
115 387
115 391
115 392
115 397
115 401
115 403
115 418
115 420
115 424
115 430
115 436
115 442
115 444
115 451
115 452
115 460
115 483
115 489
115 496
115 924
115 1133
115 1490
115 1551
115 1624
115 1759
115 1797
115 1867
115 1884
116 119
116 126
116 134
116 137
116 138
116 142
116 144
116 152
116 153
116 155
116 158
116 166
116 167
116 168
116 181
116 184
116 187
116 205
116 208
116 215
116 217
116 219
116 224
116 228
116 258
116 265
116 274
116 280
116 283
116 288
116 290
116 293
116 309
116 313
116 320
116 325
116 329
116 332
116 350
116 359
116 365
116 381
116 385
116 389
116 393
116 405
116 411
116 414
116 417
116 424
116 432
116 438
116 445
116 447
116 467
116 483
116 565
116 582
116 650
116 850
116 901
116 988
116 1083
116 1119
116 1133
116 1211
116 1506
116 1741
116 1764
116 1774
116 1844
116 1848
116 1978
117 124
117 136
117 137
117 165
117 169
117 173
117 178
117 187
117 191
117 197
117 202
117 212
117 220
117 221
117 225
117 229
117 234
117 235
117 244
117 247
117 249
117 260
117 267
117 280
117 284
117 294
117 296
117 299
117 301
117 304
117 308
117 310
117 323
117 326
117 338
117 344
117 360
117 362
117 363
117 372
117 381
117 388
117 390
117 405
117 413
117 420
117 424
117 429
117 448
117 450
117 481
117 491
117 492
117 495
117 496
117 537
117 644
117 773
117 860
117 1040
117 1290
117 1394
117 1453
117 1584
117 1602
117 1619
117 1664
117 1788
117 1814
117 1831
117 1846
117 1906
117 1950
118 126
118 128
118 129
118 137
118 138
118 139
118 145
118 152
118 162
118 164
118 166
118 168
118 173
118 184
118 186
118 188
118 190
118 205
118 218
118 233
118 238
118 251
118 280
118 289
118 292
118 295
118 297
118 304
118 306
118 310
118 319
118 322
118 323
118 330
118 339
118 349
118 351
118 352
118 360
118 367
118 373
118 378
118 380
118 382
118 383
118 393
118 398
118 404
118 420
118 423
118 424
118 429
118 448
118 452
118 462
118 463
118 469
118 471
118 473
118 474
118 480
118 488
118 492
118 495
118 536
118 677
118 830
118 886
118 889
118 1435
118 1459
118 1510
118 1581
119 123
119 126
119 128
119 135
119 142
119 145
119 154
119 170
119 173
119 192
119 199
119 203
119 214
119 215
119 216
119 221
119 226
119 231
119 246
119 263
119 279
119 281
119 284
119 294
119 298
119 314
119 315
119 320
119 323
119 334
119 340
119 346
119 368
119 392
119 393
119 411
119 416
119 425
119 426
119 431
119 434
119 440
119 452
119 464
119 477
119 481
119 487
119 494
119 1052
119 1099
119 1190
119 1263
119 1590
119 1959
120 140
120 155
120 158
120 161
120 165
120 172
120 178
120 180
120 184
120 187
120 192
120 235
120 236
120 244
120 245
120 251
120 258
120 266
120 274
120 276
120 284
120 288
120 300
120 320
120 322
120 325
120 331
120 333
120 346
120 356
120 368
120 372
120 382
120 397
120 402
120 410
120 412
120 413
120 417
120 461
120 472
120 478
120 725
120 838
120 1146
120 1215
120 1637
120 1732
120 1809
121 128
121 137
121 139
121 145
121 150
121 152
121 169
121 183
121 189
121 190
121 191
121 192
121 201
121 210
121 211
121 218
121 219
121 220
121 223
121 243
121 244
121 246
121 256
121 259
121 262
121 280
121 281
121 287
121 291
121 299
121 315
121 322
121 325
121 327
121 349
121 360
121 363
121 367
121 374
121 387
121 394
121 416
121 434
121 445
121 458
121 460
121 463
121 467
121 471
121 472
121 479
121 480
121 491
121 643
121 840
121 910
121 962
121 1074
121 1129
121 1130
121 1196
121 1203
121 1431
121 1855
121 1946
122 131
122 137
122 144
122 155
122 159
122 169
122 172
122 180
122 185
122 197
122 217
122 220
122 225
122 226
122 235
122 236
122 247
122 260
122 281
122 290
122 300
122 307
122 308
122 310
122 315
122 319
122 320
122 325
122 328
122 330
122 337
122 339
122 345
122 358
122 359
122 364
122 365
122 377
122 415
122 434
122 451
122 466
122 490
122 539
122 594
122 895
122 989
122 1078
122 1181
122 1227
122 1411
122 1856
123 125
123 145
123 148
123 150
123 153
123 164
123 166
123 167
123 170
123 181
123 208
123 214
123 224
123 229
123 230
123 234
123 235
123 238
123 246
123 249
123 251
123 261
123 287
123 291
123 294
123 297
123 302
123 304
123 311
123 324
123 328
123 330
123 332
123 333
123 335
123 346
123 353
123 355
123 358
123 376
123 378
123 380
123 400
123 403
123 408
123 414
123 421
123 428
123 436
123 442
123 448
123 455
123 461
123 463
123 465
123 469
123 478
123 489
123 493
123 495
123 516
123 880
123 902
123 980
123 1198
123 1389
123 1416
123 1464
123 1466
123 1551
123 1936
124 125
124 128
124 129
124 130
124 155
124 176
124 185
124 188
124 199
124 200
124 209
124 214
124 217
124 226
124 228
124 235
124 242
124 244
124 257
124 274
124 280
124 284
124 293
124 302
124 309
124 310
124 316
124 318
124 338
124 341
124 344
124 356
124 400
124 403
124 424
124 426
124 433
124 436
124 442
124 443
124 460
124 483
124 486
124 496
124 571
124 686
124 748
124 1056
124 1404
124 1455
124 1550
124 1602
124 1603
124 1604
124 1693
124 1778
124 1967
124 1971
125 143
125 150
125 152
125 159
125 160
125 172
125 190
125 199
125 206
125 208
125 220
125 225
125 233
125 236
125 244
125 245
125 254
125 264
125 266
125 287
125 291
125 296
125 303
125 311
125 313
125 315
125 317
125 320
125 331
125 353
125 366
125 367
125 385
125 406
125 430
125 436
125 443
125 449
125 454
125 486
125 690
125 769
125 903
125 908
125 924
125 1123
125 1192
125 1338
125 1563
125 1583
125 1593
125 1630
125 1915
126 127
126 155
126 160
126 161
126 163
126 172
126 174
126 184
126 203
126 208
126 215
126 219
126 226
126 228
126 233
126 242
126 273
126 287
126 292
126 296
126 303
126 304
126 305
126 306
126 324
126 327
126 339
126 343
126 348
126 351
126 354
126 362
126 372
126 382
126 384
126 387
126 389
126 400
126 403
126 408
126 411
126 413
126 415
126 418
126 424
126 426
126 431
126 439
126 445
126 453
126 461
126 492
126 503
126 836
126 1126
126 1645
126 1698
126 1717
126 1927
127 131
127 145
127 152
127 155
127 159
127 160
127 169
127 191
127 202
127 212
127 217
127 227
127 231
127 236
127 238
127 252
127 255
127 257
127 262
127 263
127 268
127 271
127 276
127 277
127 285
127 287
127 288
127 306
127 319
127 326
127 328
127 329
127 334
127 343
127 350
127 351
127 363
127 372
127 377
127 387
127 391
127 398
127 399
127 402
127 405
127 411
127 414
127 416
127 417
127 418
127 431
127 434
127 442
127 446
127 449
127 457
127 467
127 468
127 478
127 483
127 484
127 485
127 486
127 823
127 911
127 1011
127 1221
127 1303
127 1426
127 1435
127 1439
127 1467
127 1487
127 1674
127 1725
127 1819
127 1840
127 1911
127 1942
128 139
128 148
128 183
128 188
128 197
128 198
128 204
128 222
128 238
128 239
128 264
128 276
128 280
128 281
128 291
128 296
128 297
128 301
128 314
128 319
128 322
128 326
128 332
128 334
128 335
128 346
128 361
128 367
128 384
128 385
128 393
128 423
128 433
128 435
128 454
128 461
128 481
128 485
128 487
128 490
128 514
128 532
128 580
128 646
128 774
128 1145
128 1146
128 1269
128 1653
128 1710
129 140
129 150
129 155
129 159
129 163
129 173
129 180
129 187
129 208
129 225
129 248
129 257
129 263
129 265
129 269
129 270
129 277
129 281
129 287
129 315
129 320
129 327
129 341
129 346
129 361
129 365
129 369
129 381
129 382
129 387
129 390
129 391
129 404
129 405
129 411
129 419
129 420
129 422
129 429
129 431
129 444
129 448
129 455
129 457
129 473
129 479
129 487
129 494
129 495
129 611
129 613
129 653
129 797
129 858
129 1021
129 1367
129 1651
129 1735
129 1918
130 134
130 150
130 154
130 157
130 168
130 175
130 183
130 188
130 189
130 190
130 192
130 194
130 196
130 200
130 206
130 208
130 216
130 233
130 234
130 236
130 250
130 251
130 270
130 275
130 279
130 281
130 283
130 303
130 318
130 324
130 354
130 360
130 364
130 366
130 372
130 377
130 386
130 387
130 395
130 399
130 400
130 448
130 465
130 466
130 467
130 468
130 472
130 482
130 554
130 635
130 821
130 1159
130 1160
130 1462
130 1608
130 1696
130 1898
131 162
131 166
131 172
131 175
131 197
131 212
131 216
131 219
131 230
131 245
131 252
131 258
131 262
131 275
131 276
131 287
131 289
131 297
131 330
131 331
131 333
131 337
131 344
131 345
131 347
131 349
131 356
131 368
131 376
131 380
131 381
131 382
131 386
131 392
131 399
131 414
131 415
131 436
131 437
131 452
131 465
131 486
131 487
131 492
131 649
131 685
131 914
131 1121
131 1475
131 1519
131 1558
131 1771
131 1798
131 1836
132 137
132 146
132 150
132 151
132 153
132 156
132 163
132 164
132 168
132 175
132 178
132 193
132 207
132 208
132 219
132 224
132 232
132 237
132 249
132 250
132 255
132 266
132 274
132 284
132 289
132 298
132 300
132 301
132 302
132 304
132 308
132 315
132 345
132 348
132 355
132 373
132 388
132 394
132 405
132 418
132 423
132 424
132 428
132 433
132 438
132 441
132 443
132 446
132 452
132 459
132 479
132 480
132 490
132 506
132 841
132 890
132 1020
132 1078
132 1536
133 135
133 141
133 143
133 144
133 152
133 172
133 177
133 192
133 194
133 199
133 206
133 227
133 249
133 254
133 256
133 260
133 272
133 279
133 280
133 293
133 296
133 310
133 317
133 323
133 326
133 335
133 346
133 353
133 365
133 370
133 372
133 377
133 384
133 386
133 400
133 407
133 409
133 410
133 413
133 415
133 421
133 443
133 460
133 467
133 476
133 491
133 632
133 740
133 873
133 892
133 1228
133 1540
133 1640
133 1656
133 1844
133 1845
134 143
134 146
134 155
134 164
134 166
134 168
134 172
134 176
134 181
134 189
134 196
134 197
134 206
134 207
134 216
134 224
134 230
134 234
134 236
134 237
134 239
134 261
134 267
134 271
134 290
134 300
134 318
134 322
134 332
134 335
134 337
134 342
134 348
134 352
134 372
134 380
134 384
134 391
134 409
134 415
134 418
134 424
134 442
134 443
134 444
134 450
134 460
134 479
134 780
134 784
134 788
134 1205
134 1243
134 1374
134 1576
134 1705
134 1855
134 1979
135 139
135 142
135 144
135 146
135 148
135 150
135 156
135 197
135 198
135 200
135 218
135 230
135 259
135 265
135 268
135 282
135 286
135 288
135 306
135 318
135 326
135 338
135 345
135 351
135 371
135 373
135 381
135 399
135 403
135 408
135 416
135 423
135 424
135 425
135 434
135 437
135 452
135 474
135 483
135 485
135 490
135 494
135 527
135 745
135 817
135 841
135 967
135 1363
135 1410
135 1475
135 1512
135 1541
135 1639
135 1944
136 139
136 141
136 154
136 165
136 167
136 187
136 200
136 204
136 205
136 207
136 213
136 214
136 226
136 230
136 235
136 239
136 248
136 260
136 269
136 281
136 288
136 311
136 320
136 327
136 328
136 329
136 335
136 337
136 338
136 346
136 349
136 351
136 372
136 376
136 378
136 395
136 396
136 397
136 399
136 403
136 405
136 408
136 415
136 420
136 441
136 471
136 480
136 494
136 495
136 674
136 678
136 869
136 950
136 1175
136 1211
136 1329
136 1360
136 1395
136 1668
136 1811
136 1856
136 1868
137 139
137 163
137 173
137 174
137 194
137 198
137 212
137 220
137 229
137 237
137 243
137 250
137 255
137 273
137 275
137 282
137 284
137 289
137 290
137 301
137 303
137 305
137 315
137 318
137 319
137 328
137 332
137 338
137 357
137 360
137 366
137 373
137 384
137 394
137 395
137 398
137 400
137 401
137 402
137 403
137 405
137 425
137 431
137 432
137 433
137 436
137 437
137 440
137 456
137 461
137 462
137 463
137 464
137 476
137 480
137 584
137 629
137 805
137 1278
137 1597
137 1625
137 1867
137 1868
138 142
138 188
138 190
138 196
138 198
138 203
138 216
138 217
138 220
138 223
138 224
138 226
138 227
138 229
138 245
138 248
138 252
138 275
138 282
138 294
138 302
138 308
138 316
138 328
138 335
138 372
138 384
138 388
138 389
138 390
138 393
138 406
138 416
138 422
138 423
138 424
138 425
138 429
138 430
138 434
138 438
138 442
138 443
138 445
138 470
138 474
138 477
138 573
138 894
138 943
138 955
138 1503
138 1524
139 145
139 147
139 167
139 179
139 188
139 193
139 205
139 234
139 236
139 243
139 248
139 249
139 257
139 284
139 286
139 306
139 313
139 314
139 318
139 319
139 327
139 336
139 343
139 348
139 353
139 358
139 359
139 373
139 376
139 379
139 382
139 384
139 390
139 392
139 403
139 407
139 415
139 416
139 436
139 440
139 467
139 473
139 479
139 485
139 487
139 494
139 496
139 599
139 607
139 668
139 1126
139 1366
139 1467
139 1557
139 1674
139 1826
139 1844
139 1917
140 143
140 144
140 145
140 150
140 152
140 155
140 158
140 166
140 175
140 178
140 186
140 193
140 198
140 204
140 207
140 222
140 234
140 236
140 239
140 240
140 243
140 250
140 258
140 265
140 269
140 273
140 304
140 305
140 306
140 307
140 325
140 342
140 343
140 359
140 363
140 376
140 377
140 380
140 411
140 413
140 419
140 445
140 446
140 449
140 458
140 461
140 464
140 469
140 473
140 475
140 479
140 484
140 489
140 638
140 650
140 658
140 803
140 899
140 1302
140 1615
140 1750
140 1838
140 1844
140 1946
141 150
141 175
141 186
141 197
141 200
141 204
141 219
141 230
141 241
141 242
141 247
141 248
141 256
141 257
141 262
141 270
141 279
141 285
141 286
141 293
141 295
141 308
141 313
141 323
141 325
141 327
141 333
141 335
141 338
141 346
141 347
141 353
141 358
141 362
141 395
141 404
141 405
141 409
141 416
141 419
141 426
141 428
141 436
141 444
141 449
141 451
141 456
141 457
141 458
141 462
141 463
141 474
141 477
141 503
141 808
141 856
141 900
141 1031
141 1469
141 1634
141 1718
141 1753
141 1760
141 1958
142 155
142 174
142 198
142 214
142 232
142 238
142 252
142 255
142 256
142 259
142 265
142 267
142 269
142 270
142 281
142 290
142 297
142 299
142 319
142 325
142 326
142 329
142 336
142 348
142 351
142 355
142 360
142 361
142 370
142 380
142 388
142 390
142 400
142 401
142 408
142 409
142 414
142 417
142 420
142 429
142 434
142 446
142 467
142 474
142 475
142 490
142 491
142 568
142 660
142 787
142 960
142 1000
142 1007
142 1126
142 1242
142 1337
142 1600
142 1627
142 1776
142 1975
143 156
143 157
143 158
143 164
143 172
143 181
143 198
143 205
143 211
143 217
143 221
143 227
143 238
143 240
143 241
143 243
143 248
143 268
143 288
143 289
143 290
143 291
143 301
143 304
143 314
143 317
143 318
143 337
143 342
143 344
143 345
143 352
143 360
143 362
143 366
143 367
143 370
143 387
143 423
143 432
143 443
143 449
143 454
143 476
143 512
143 553
143 615
143 718
143 728
143 809
143 972
143 1072
143 1226
143 1239
143 1249
143 1370
143 1740
143 1754
144 145
144 147
144 163
144 169
144 173
144 178
144 185
144 186
144 194
144 195
144 205
144 206
144 215
144 230
144 232
144 244
144 246
144 250
144 278
144 285
144 293
144 294
144 313
144 323
144 324
144 329
144 352
144 362
144 366
144 371
144 376
144 377
144 378
144 383
144 384
144 386
144 387
144 399
144 410
144 412
144 434
144 440
144 442
144 452
144 462
144 464
144 478
144 479
144 491
144 493
144 537
144 569
144 660
144 702
144 983
144 1093
144 1155
144 1318
144 1435
145 157
145 163
145 168
145 179
145 184
145 192
145 200
145 203
145 205
145 229
145 231
145 240
145 244
145 252
145 258
145 261
145 267
145 278
145 280
145 282
145 287
145 296
145 298
145 306
145 319
145 320
145 330
145 333
145 337
145 343
145 351
145 353
145 360
145 364
145 366
145 394
145 406
145 411
145 418
145 427
145 435
145 437
145 443
145 445
145 453
145 459
145 460
145 466
145 468
145 478
145 482
145 485
145 487
145 494
145 496
145 809
145 1016
145 1200
145 1375
145 1473
145 1513
145 1705
146 152
146 157
146 161
146 162
146 164
146 167
146 184
146 185
146 186
146 188
146 195
146 196
146 205
146 209
146 210
146 216
146 219
146 225
146 237
146 238
146 241
146 247
146 263
146 271
146 279
146 282
146 283
146 285
146 296
146 301
146 305
146 323
146 328
146 333
146 342
146 355
146 363
146 364
146 383
146 384
146 392
146 407
146 409
146 412
146 427
146 443
146 448
146 453
146 461
146 466
146 472
146 479
146 662
146 683
146 850
146 913
146 1024
146 1025
146 1137
146 1204
146 1334
146 1337
146 1368
146 1375
146 1403
146 1463
146 1901
146 1963
147 154
147 164
147 166
147 167
147 169
147 179
147 180
147 181
147 188
147 198
147 208
147 211
147 216
147 225
147 228
147 236
147 238
147 251
147 256
147 257
147 258
147 259
147 270
147 276
147 280
147 285
147 294
147 295
147 307
147 326
147 329
147 332
147 333
147 334
147 335
147 336
147 339
147 340
147 356
147 358
147 380
147 392
147 397
147 399
147 406
147 409
147 428
147 431
147 436
147 440
147 441
147 444
147 479
147 480
147 491
147 492
147 495
147 582
147 1090
147 1137
147 1428
147 1528
147 1636
147 1720
147 1771
148 153
148 177
148 195
148 198
148 219
148 225
148 232
148 233
148 249
148 254
148 255
148 270
148 273
148 274
148 279
148 280
148 284
148 293
148 297
148 312
148 330
148 332
148 343
148 347
148 348
148 351
148 353
148 371
148 383
148 384
148 386
148 406
148 415
148 444
148 448
148 452
148 468
148 469
148 471
148 474
148 483
148 484
148 490
148 540
148 669
148 756
148 1010
148 1170
148 1648
148 1790
148 1954
149 153
149 156
149 161
149 164
149 170
149 177
149 182
149 184
149 187
149 200
149 201
149 211
149 220
149 243
149 252
149 258
149 274
149 280
149 287
149 288
149 306
149 307
149 326
149 335
149 347
149 354
149 363
149 364
149 366
149 370
149 371
149 380
149 381
149 389
149 391
149 398
149 405
149 413
149 416
149 422
149 427
149 431
149 435
149 436
149 438
149 440
149 442
149 443
149 446
149 456
149 478
149 531
149 677
149 749
149 976
149 1503
149 1968
150 152
150 170
150 189
150 197
150 201
150 208
150 219
150 244
150 262
150 279
150 288
150 290
150 295
150 297
150 302
150 311
150 314
150 319
150 325
150 337
150 345
150 351
150 366
150 370
150 373
150 397
150 405
150 407
150 412
150 414
150 421
150 422
150 426
150 435
150 436
150 438
150 449
150 461
150 470
150 471
150 472
150 480
150 489
150 492
150 495
150 505
150 676
150 947
150 1011
150 1471
150 1645
150 1783
150 1935
151 163
151 166
151 176
151 192
151 205
151 211
151 217
151 218
151 219
151 234
151 235
151 237
151 244
151 268
151 274
151 275
151 304
151 308
151 321
151 341
151 342
151 344
151 345
151 346
151 352
151 355
151 375
151 376
151 383
151 390
151 392
151 399
151 402
151 409
151 426
151 436
151 466
151 468
151 470
151 475
151 476
151 482
151 489
151 492
151 521
151 843
151 978
151 1084
151 1108
151 1389
151 1430
151 1457
151 1854
151 1876
152 153
152 154
152 157
152 203
152 208
152 214
152 219
152 221
152 235
152 239
152 244
152 273
152 275
152 289
152 293
152 307
152 313
152 316
152 322
152 335
152 349
152 350
152 390
152 405
152 407
152 408
152 410
152 411
152 420
152 425
152 429
152 430
152 433
152 452
152 476
152 627
152 717
152 824
152 872
152 1297
152 1301
152 1444
152 1505
152 1744
152 1748
153 157
153 194
153 203
153 204
153 212
153 223
153 229
153 230
153 232
153 238
153 240
153 244
153 259
153 265
153 268
153 269
153 277
153 293
153 306
153 328
153 331
153 336
153 358
153 360
153 369
153 373
153 399
153 403
153 407
153 409
153 411
153 416
153 427
153 434
153 460
153 461
153 471
153 473
153 475
153 479
153 496
153 533
153 681
153 859
153 1145
153 1165
153 1224
153 1528
153 1533
153 1562
153 1963
154 159
154 166
154 172
154 174
154 193
154 197
154 211
154 214
154 216
154 224
154 253
154 259
154 269
154 274
154 278
154 291
154 300
154 308
154 315
154 323
154 329
154 335
154 341
154 352
154 356
154 357
154 361
154 370
154 372
154 383
154 393
154 394
154 409
154 417
154 422
154 424
154 441
154 443
154 444
154 455
154 464
154 473
154 480
154 567
154 630
154 792
154 1080
154 1264
154 1336
154 1651
154 1869
155 161
155 162
155 168
155 169
155 170
155 177
155 178
155 179
155 180
155 181
155 183
155 187
155 188
155 193
155 212
155 227
155 228
155 235
155 242
155 255
155 263
155 269
155 275
155 277
155 289
155 291
155 294
155 298
155 300
155 301
155 304
155 307
155 325
155 327
155 333
155 342
155 374
155 385
155 388
155 390
155 405
155 428
155 432
155 437
155 441
155 447
155 448
155 451
155 460
155 461
155 465
155 470
155 475
155 482
155 486
155 487
155 1015
155 1297
155 1406
155 1468
155 1630
155 1737
155 1777
155 1804
156 165
156 168
156 170
156 171
156 172
156 184
156 186
156 189
156 195
156 197
156 207
156 240
156 245
156 250
156 257
156 260
156 262
156 268
156 275
156 277
156 308
156 310
156 313
156 314
156 316
156 320
156 326
156 355
156 359
156 360
156 367
156 380
156 382
156 392
156 404
156 414
156 428
156 452
156 460
156 476
156 488
156 489
156 494
156 733
156 774
156 869
156 1170
156 1333
156 1742
157 171
157 181
157 204
157 232
157 236
157 238
157 240
157 247
157 253
157 264
157 273
157 275
157 276
157 280
157 284
157 294
157 300
157 301
157 303
157 317
157 328
157 343
157 363
157 366
157 373
157 385
157 389
157 392
157 401
157 418
157 427
157 436
157 439
157 451
157 452
157 478
157 495
157 509
157 592
157 711
157 916
157 1035
157 1086
157 1170
157 1503
157 1658
157 1774
157 1785
158 159
158 161
158 162
158 172
158 182
158 189
158 190
158 195
158 198
158 201
158 218
158 233
158 236
158 254
158 258
158 263
158 278
158 280
158 288
158 296
158 302
158 319
158 332
158 334
158 342
158 345
158 354
158 368
158 377
158 378
158 390
158 400
158 403
158 404
158 411
158 421
158 452
158 464
158 465
158 466
158 469
158 471
158 475
158 479
158 480
158 482
158 517
158 629
158 730
158 827
158 865
158 1066
158 1181
158 1415
158 1571
159 166
159 167
159 177
159 197
159 198
159 205
159 210
159 216
159 218
159 222
159 230
159 244
159 253
159 256
159 262
159 277
159 292
159 295
159 309
159 311
159 314
159 315
159 316
159 325
159 326
159 328
159 335
159 340
159 342
159 344
159 347
159 355
159 364
159 383
159 384
159 397
159 399
159 414
159 416
159 425
159 427
159 435
159 446
159 449
159 461
159 463
159 466
159 475
159 479
159 480
159 490
159 493
159 494
159 613
159 652
159 691
159 798
159 968
159 1116
159 1125
159 1236
159 1284
159 1564
159 1649
160 172
160 181
160 186
160 192
160 199
160 201
160 207
160 227
160 229
160 233
160 241
160 251
160 254
160 255
160 260
160 262
160 267
160 275
160 276
160 277
160 280
160 284
160 288
160 295
160 301
160 312
160 324
160 334
160 344
160 346
160 350
160 352
160 363
160 368
160 377
160 386
160 395
160 397
160 399
160 403
160 406
160 408
160 411
160 416
160 422
160 423
160 426
160 432
160 460
160 478
160 484
160 486
160 492
160 576
160 993
160 1130
160 1142
160 1173
160 1210
160 1261
160 1337
160 1397
160 1845
160 1888
160 1920
160 1926
161 176
161 179
161 185
161 187
161 189
161 191
161 194
161 199
161 205
161 209
161 214
161 215
161 228
161 231
161 234
161 238
161 243
161 244
161 247
161 248
161 253
161 256
161 259
161 270
161 278
161 300
161 303
161 314
161 319
161 331
161 358
161 364
161 368
161 373
161 382
161 391
161 396
161 397
161 404
161 408
161 409
161 413
161 415
161 436
161 437
161 438
161 445
161 447
161 459
161 462
161 473
161 481
161 488
161 492
161 603
161 650
161 771
161 909
161 1043
161 1159
161 1422
161 1481
161 1709
161 1710
161 1721
162 169
162 171
162 177
162 184
162 211
162 212
162 239
162 241
162 252
162 254
162 269
162 270
162 275
162 283
162 286
162 298
162 304
162 305
162 314
162 315
162 336
162 343
162 353
162 368
162 375
162 378
162 385
162 388
162 393
162 404
162 422
162 446
162 449
162 463
162 466
162 476
162 486
162 488
162 492
162 493
162 494
162 495
162 678
162 1419
162 1681
162 1742
162 1932
163 170
163 172
163 177
163 179
163 191
163 197
163 203
163 205
163 215
163 229
163 236
163 238
163 250
163 260
163 298
163 318
163 324
163 330
163 336
163 346
163 354
163 359
163 368
163 371
163 374
163 381
163 383
163 388
163 393
163 394
163 402
163 419
163 423
163 433
163 435
163 437
163 441
163 444
163 463
163 467
163 471
163 481
163 482
163 483
163 487
163 493
163 571
163 580
163 716
163 776
163 780
163 792
163 820
163 949
163 1013
163 1292
163 1353
163 1810
163 1889
164 167
164 187
164 192
164 198
164 200
164 206
164 249
164 257
164 273
164 291
164 299
164 302
164 312
164 316
164 317
164 325
164 328
164 329
164 330
164 337
164 342
164 367
164 382
164 388
164 393
164 397
164 399
164 400
164 402
164 406
164 407
164 418
164 420
164 428
164 430
164 436
164 442
164 452
164 458
164 467
164 475
164 477
164 483
164 494
164 520
164 768
164 887
164 967
164 1153
164 1166
164 1171
164 1278
164 1283
164 1361
164 1438
164 1607
164 1867
165 170
165 172
165 175
165 176
165 186
165 187
165 217
165 218
165 219
165 223
165 233
165 237
165 244
165 250
165 254
165 258
165 271
165 273
165 277
165 293
165 297
165 299
165 301
165 303
165 314
165 324
165 338
165 360
165 364
165 367
165 368
165 370
165 372
165 378
165 396
165 398
165 402
165 426
165 437
165 449
165 459
165 462
165 484
165 489
165 638
165 712
165 818
165 1183
165 1370
165 1552
165 1592
165 1610
165 1975
166 174
166 192
166 213
166 214
166 217
166 221
166 230
166 231
166 243
166 244
166 259
166 263
166 264
166 267
166 280
166 281
166 283
166 289
166 292
166 298
166 299
166 301
166 319
166 330
166 332
166 342
166 371
166 385
166 398
166 399
166 413
166 425
166 428
166 436
166 437
166 450
166 451
166 477
166 478
166 495
166 602
166 784
166 807
166 1259
166 1307
166 1344
166 1482
166 1502
166 1518
166 1673
166 1714
167 170
167 173
167 182
167 187
167 197
167 225
167 227
167 260
167 261
167 278
167 288
167 306
167 309
167 311
167 313
167 319
167 329
167 349
167 354
167 364
167 366
167 377
167 379
167 381
167 390
167 393
167 426
167 433
167 435
167 449
167 452
167 465
167 477
167 484
167 495
167 505
167 676
167 682
167 1001
167 1042
167 1229
167 1252
167 1474
167 1554
167 1604
168 186
168 188
168 192
168 194
168 195
168 199
168 206
168 207
168 221
168 234
168 236
168 241
168 270
168 278
168 279
168 301
168 302
168 313
168 324
168 328
168 331
168 333
168 339
168 357
168 359
168 361
168 366
168 371
168 390
168 394
168 400
168 403
168 404
168 408
168 411
168 412
168 437
168 438
168 448
168 450
168 453
168 464
168 468
168 480
168 486
168 496
168 545
168 1054
168 1140
168 1182
168 1240
168 1281
168 1285
168 1294
168 1309
168 1337
168 1431
168 1639
168 1806
168 1896
168 1975
169 174
169 178
169 183
169 187
169 193
169 199
169 209
169 218
169 221
169 233
169 235
169 241
169 252
169 270
169 271
169 274
169 283
169 284
169 285
169 288
169 291
169 304
169 318
169 325
169 327
169 333
169 344
169 359
169 360
169 367
169 375
169 381
169 382
169 391
169 402
169 411
169 449
169 451
169 454
169 468
169 475
169 478
169 479
169 481
169 483
169 490
169 491
169 582
169 692
169 962
169 1416
169 1622
169 1711
169 1750
169 1912
169 1930
170 173
170 174
170 175
170 180
170 181
170 184
170 196
170 197
170 202
170 219
170 220
170 226
170 249
170 259
170 262
170 267
170 268
170 275
170 282
170 288
170 303
170 311
170 315
170 323
170 337
170 340
170 351
170 355
170 357
170 361
170 370
170 378
170 385
170 386
170 390
170 396
170 397
170 413
170 415
170 418
170 424
170 427
170 432
170 452
170 456
170 457
170 458
170 482
170 484
170 487
170 496
170 826
170 865
170 949
170 967
170 1275
170 1569
170 1626
170 1655
170 1662
170 1892
170 1911
171 172
171 176
171 185
171 188
171 190
171 205
171 208
171 210
171 240
171 244
171 247
171 258
171 271
171 279
171 291
171 304
171 312
171 317
171 321
171 333
171 337
171 358
171 367
171 369
171 387
171 392
171 403
171 404
171 406
171 412
171 427
171 431
171 433
171 439
171 447
171 451
171 467
171 479
171 481
171 491
171 518
171 631
171 1152
171 1158
171 1343
171 1484
171 1593
172 176
172 182
172 199
172 217
172 219
172 228
172 245
172 247
172 256
172 257
172 273
172 301
172 310
172 314
172 321
172 344
172 346
172 359
172 363
172 365
172 379
172 389
172 392
172 395
172 402
172 404
172 415
172 420
172 470
172 477
172 481
172 482
172 487
172 644
172 845
172 852
172 868
172 954
172 1067
172 1240
172 1358
172 1365
172 1487
172 1744
172 1827
173 186
173 187
173 203
173 212
173 216
173 226
173 234
173 237
173 239
173 252
173 265
173 271
173 273
173 275
173 282
173 293
173 303
173 310
173 311
173 321
173 337
173 358
173 371
173 384
173 386
173 387
173 391
173 398
173 409
173 413
173 421
173 423
173 425
173 432
173 433
173 435
173 441
173 445
173 446
173 451
173 467
173 468
173 469
173 471
173 479
173 482
173 485
173 493
173 943
173 1143
173 1144
173 1253
173 1502
173 1535
173 1837
173 1844
173 1927
174 179
174 186
174 188
174 191
174 199
174 206
174 216
174 239
174 242
174 254
174 256
174 269
174 277
174 292
174 298
174 302
174 305
174 313
174 314
174 317
174 324
174 353
174 354
174 364
174 366
174 368
174 376
174 379
174 427
174 431
174 433
174 443
174 444
174 445
174 452
174 453
174 469
174 476
174 477
174 492
174 612
174 637
174 806
174 1308
174 1369
174 1450
174 1496
174 1584
174 1783
174 1860
175 178
175 187
175 192
175 203
175 205
175 206
175 212
175 216
175 223
175 224
175 225
175 226
175 241
175 254
175 263
175 270
175 302
175 304
175 312
175 320
175 339
175 340
175 341
175 348
175 356
175 359
175 363
175 366
175 385
175 401
175 404
175 407
175 425
175 444
175 447
175 449
175 452
175 461
175 467
175 472
175 481
175 487
175 489
175 493
175 496
175 528
175 617
175 664
175 743
175 946
175 1172
175 1231
175 1326
175 1521
175 1596
175 1599
175 1690
175 1982
176 181
176 189
176 198
176 213
176 221
176 226
176 231
176 237
176 238
176 258
176 262
176 263
176 267
176 272
176 284
176 292
176 294
176 305
176 312
176 316
176 317
176 323
176 325
176 326
176 329
176 339
176 352
176 355
176 357
176 359
176 378
176 398
176 399
176 428
176 431
176 440
176 451
176 456
176 461
176 470
176 484
176 494
176 495
176 689
176 1045
176 1249
176 1288
176 1412
176 1513
176 1550
176 1689
176 1802
176 1850
177 185
177 189
177 210
177 215
177 218
177 230
177 237
177 238
177 240
177 254
177 258
177 262
177 280
177 286
177 290
177 291
177 292
177 293
177 295
177 296
177 302
177 311
177 313
177 320
177 322
177 324
177 325
177 326
177 332
177 339
177 341
177 349
177 354
177 362
177 369
177 371
177 385
177 386
177 392
177 431
177 433
177 435
177 446
177 454
177 479
177 495
177 625
177 641
177 923
177 1034
177 1376
177 1457
177 1547
177 1781
178 196
178 203
178 209
178 219
178 222
178 227
178 231
178 233
178 235
178 238
178 240
178 259
178 278
178 288
178 290
178 298
178 303
178 314
178 319
178 322
178 330
178 338
178 344
178 356
178 358
178 361
178 363
178 370
178 373
178 376
178 378
178 380
178 403
178 416
178 418
178 431
178 440
178 450
178 451
178 452
178 459
178 460
178 462
178 463
178 470
178 481
178 483
178 492
178 495
178 579
178 807
178 1119
178 1127
178 1146
178 1310
178 1545
178 1773
178 1857
179 191
179 195
179 214
179 215
179 224
179 229
179 231
179 240
179 247
179 261
179 268
179 269
179 274
179 284
179 286
179 292
179 296
179 312
179 320
179 322
179 339
179 340
179 343
179 348
179 355
179 359
179 371
179 374
179 379
179 388
179 411
179 415
179 428
179 448
179 452
179 453
179 470
179 476
179 479
179 485
179 489
179 491
179 633
179 698
179 956
179 1309
179 1910
180 183
180 201
180 206
180 209
180 219
180 222
180 231
180 233
180 250
180 255
180 268
180 270
180 275
180 303
180 308
180 313
180 318
180 325
180 332
180 334
180 345
180 350
180 353
180 355
180 357
180 363
180 373
180 379
180 385
180 404
180 420
180 433
180 435
180 450
180 454
180 458
180 466
180 475
180 477
180 481
180 494
180 495
180 514
180 543
180 1167
180 1525
180 1533
180 1974
181 184
181 193
181 213
181 220
181 227
181 236
181 244
181 245
181 254
181 257
181 259
181 267
181 286
181 287
181 291
181 305
181 336
181 339
181 345
181 346
181 353
181 354
181 355
181 357
181 373
181 377
181 385
181 418
181 430
181 435
181 437
181 440
181 444
181 451
181 476
181 477
181 480
181 481
181 663
181 777
181 1203
181 1222
181 1253
181 1337
181 1347
181 1519
181 1579
181 1816
181 1926
182 187
182 189
182 190
182 191
182 207
182 209
182 216
182 220
182 224
182 230
182 243
182 272
182 290
182 300
182 309
182 313
182 323
182 327
182 341
182 346
182 348
182 351
182 360
182 368
182 372
182 393
182 401
182 412
182 413
182 424
182 425
182 431
182 437
182 439
182 442
182 447
182 450
182 452
182 457
182 464
182 467
182 473
182 484
182 486
182 489
182 492
182 764
182 782
182 1202
182 1312
182 1348
182 1374
182 1520
182 1561
182 1857
182 1871
183 187
183 190
183 195
183 198
183 199
183 205
183 224
183 239
183 247
183 260
183 274
183 281
183 289
183 292
183 296
183 304
183 305
183 317
183 331
183 332
183 333
183 354
183 358
183 360
183 362
183 365
183 366
183 367
183 373
183 379
183 397
183 407
183 421
183 426
183 450
183 451
183 475
183 481
183 484
183 489
183 490
183 493
183 778
183 910
183 1099
183 1119
183 1241
183 1532
183 1559
184 190
184 197
184 199
184 202
184 204
184 212
184 213
184 217
184 219
184 229
184 236
184 238
184 245
184 251
184 261
184 266
184 269
184 271
184 272
184 276
184 281
184 293
184 300
184 301
184 308
184 313
184 318
184 326
184 327
184 335
184 336
184 343
184 344
184 345
184 350
184 353
184 369
184 370
184 378
184 379
184 389
184 401
184 402
184 404
184 410
184 420
184 421
184 424
184 427
184 435
184 439
184 440
184 451
184 481
184 621
184 1168
184 1347
184 1469
184 1553
184 1658
185 190
185 193
185 194
185 202
185 206
185 247
185 265
185 279
185 289
185 294
185 297
185 303
185 320
185 322
185 328
185 336
185 357
185 377
185 384
185 389
185 395
185 404
185 417
185 425
185 427
185 428
185 437
185 443
185 444
185 445
185 466
185 489
185 493
185 632
185 772
185 842
185 920
185 1100
185 1155
185 1189
185 1357
185 1465
185 1472
185 1783
185 1870
186 200
186 203
186 215
186 217
186 234
186 236
186 255
186 265
186 276
186 278
186 295
186 309
186 326
186 341
186 349
186 350
186 352
186 354
186 370
186 371
186 385
186 386
186 399
186 408
186 424
186 430
186 431
186 436
186 442
186 443
186 444
186 451
186 453
186 455
186 456
186 461
186 625
186 635
186 1110
186 1336
186 1600
186 1757
186 1765
186 1826
187 189
187 192
187 195
187 198
187 199
187 212
187 226
187 229
187 242
187 243
187 244
187 257
187 260
187 268
187 282
187 296
187 298
187 300
187 304
187 310
187 313
187 320
187 323
187 334
187 344
187 349
187 358
187 359
187 368
187 392
187 402
187 404
187 405
187 413
187 420
187 423
187 424
187 435
187 468
187 486
187 702
187 738
187 741
187 988
187 989
187 1006
187 1265
187 1277
187 1435
187 1644
187 1777
187 1790
187 1823
187 1893
187 1926
187 1974
188 194
188 204
188 209
188 210
188 213
188 225
188 232
188 236
188 238
188 239
188 259
188 274
188 275
188 286
188 291
188 293
188 299
188 321
188 322
188 329
188 330
188 335
188 336
188 338
188 351
188 355
188 359
188 362
188 370
188 373
188 379
188 380
188 392
188 395
188 398
188 407
188 410
188 414
188 417
188 419
188 423
188 431
188 442
188 443
188 446
188 450
188 453
188 456
188 463
188 479
188 481
188 483
188 486
188 491
188 493
188 496
188 498
188 577
188 979
188 998
188 1022
188 1358
188 1419
188 1461
188 1595
189 195
189 200
189 203
189 209
189 216
189 219
189 249
189 253
189 258
189 268
189 284
189 288
189 299
189 305
189 311
189 312
189 313
189 314
189 315
189 352
189 359
189 363
189 364
189 374
189 382
189 386
189 392
189 393
189 401
189 403
189 411
189 418
189 424
189 428
189 435
189 440
189 441
189 460
189 469
189 479
189 481
189 482
189 750
189 895
189 1006
189 1028
189 1046
189 1072
189 1263
189 1369
189 1462
189 1567
189 1839
189 1844
189 1864
189 1914
190 195
190 202
190 209
190 213
190 216
190 218
190 219
190 227
190 231
190 233
190 252
190 257
190 273
190 280
190 291
190 300
190 306
190 313
190 321
190 325
190 332
190 340
190 344
190 347
190 352
190 366
190 367
190 374
190 375
190 377
190 398
190 401
190 407
190 408
190 410
190 429
190 433
190 456
190 466
190 471
190 477
190 482
190 508
190 656
190 786
190 1192
190 1568
190 1672
190 1871
190 1901
190 1970
190 1971
191 195
191 205
191 227
191 231
191 233
191 247
191 248
191 251
191 257
191 259
191 265
191 267
191 272
191 283
191 284
191 291
191 296
191 310
191 311
191 327
191 331
191 338
191 364
191 365
191 367
191 369
191 375
191 387
191 393
191 400
191 404
191 417
191 425
191 430
191 434
191 440
191 453
191 458
191 467
191 469
191 479
191 481
191 489
191 495
191 496
191 537
191 792
191 1081
191 1175
191 1283
191 1350
191 1386
191 1472
191 1529
191 1711
192 193
192 198
192 209
192 225
192 234
192 247
192 253
192 255
192 256
192 257
192 269
192 272
192 275
192 279
192 280
192 287
192 293
192 312
192 314
192 321
192 329
192 331
192 376
192 378
192 379
192 383
192 384
192 385
192 390
192 395
192 398
192 402
192 414
192 434
192 439
192 445
192 456
192 463
192 464
192 474
192 475
192 483
192 801
192 802
192 843
192 1116
192 1233
192 1354
192 1380
192 1415
192 1711
192 1810
192 1920
192 1940
193 199
193 207
193 209
193 212
193 217
193 235
193 236
193 240
193 246
193 264
193 273
193 283
193 289
193 294
193 296
193 307
193 326
193 349
193 359
193 362
193 367
193 368
193 377
193 386
193 400
193 402
193 409
193 411
193 416
193 431
193 439
193 450
193 454
193 458
193 465
193 475
193 477
193 478
193 479
193 487
193 495
193 659
193 669
193 731
193 878
193 894
193 1209
193 1263
193 1433
193 1578
193 1982
194 196
194 205
194 211
194 234
194 240
194 242
194 245
194 247
194 249
194 254
194 259
194 260
194 261
194 262
194 266
194 275
194 288
194 298
194 308
194 317
194 337
194 343
194 349
194 350
194 366
194 367
194 386
194 391
194 394
194 402
194 413
194 421
194 422
194 442
194 457
194 462
194 464
194 465
194 483
194 489
194 490
194 521
194 553
194 564
194 568
194 879
194 947
194 1217
194 1534
194 1633
194 1850
195 198
195 200
195 207
195 210
195 219
195 220
195 245
195 258
195 266
195 284
195 286
195 291
195 295
195 298
195 310
195 317
195 320
195 328
195 379
195 385
195 386
195 402
195 413
195 416
195 417
195 419
195 426
195 437
195 443
195 457
195 465
195 474
195 479
195 481
195 484
195 486
195 511
195 603
195 731
195 791
195 1353
195 1370
195 1441
195 1599
195 1714
196 202
196 205
196 206
196 217
196 222
196 228
196 248
196 257
196 277
196 278
196 280
196 283
196 299
196 303
196 305
196 307
196 326
196 335
196 336
196 337
196 346
196 353
196 359
196 360
196 397
196 420
196 422
196 425
196 427
196 430
196 440
196 441
196 444
196 458
196 468
196 470
196 476
196 488
196 492
196 801
196 909
196 1094
196 1557
196 1583
196 1729
197 210
197 212
197 220
197 227
197 232
197 233
197 236
197 237
197 239
197 244
197 245
197 253
197 262
197 263
197 265
197 271
197 273
197 283
197 284
197 287
197 303
197 336
197 348
197 357
197 365
197 367
197 371
197 383
197 385
197 388
197 393
197 403
197 405
197 407
197 410
197 415
197 426
197 429
197 434
197 441
197 460
197 466
197 475
197 563
197 578
197 692
197 712
197 728
197 934
197 1006
197 1185
197 1443
197 1491
197 1547
197 1657
197 1715
197 1775
198 200
198 207
198 208
198 209
198 216
198 221
198 234
198 236
198 243
198 244
198 248
198 260
198 282
198 293
198 295
198 298
198 299
198 301
198 311
198 319
198 320
198 323
198 325
198 337
198 351
198 359
198 382
198 394
198 416
198 423
198 425
198 426
198 427
198 437
198 438
198 442
198 454
198 466
198 468
198 475
198 476
198 483
198 638
198 1086
198 1206
198 1236
198 1240
198 1288
198 1326
198 1441
198 1609
198 1637
198 1727
198 1770
198 1941
198 1980
199 200
199 209
199 223
199 230
199 234
199 235
199 236
199 238
199 253
199 254
199 259
199 263
199 274
199 278
199 299
199 301
199 304
199 305
199 306
199 308
199 309
199 318
199 336
199 340
199 343
199 351
199 357
199 362
199 365
199 368
199 386
199 388
199 402
199 437
199 449
199 458
199 460
199 494
199 614
199 653
199 837
199 897
199 1108
199 1212
199 1493
199 1882
199 1987
200 233
200 252
200 255
200 262
200 263
200 277
200 284
200 285
200 290
200 293
200 296
200 300
200 305
200 310
200 311
200 313
200 326
200 330
200 338
200 344
200 363
200 369
200 385
200 401
200 417
200 440
200 447
200 453
200 454
200 480
200 851
200 910
200 963
200 1130
200 1295
200 1379
200 1495
200 1963
201 223
201 233
201 239
201 247
201 248
201 249
201 255
201 264
201 265
201 269
201 276
201 284
201 294
201 303
201 336
201 345
201 354
201 358
201 368
201 376
201 380
201 397
201 399
201 404
201 405
201 417
201 420
201 422
201 423
201 425
201 427
201 444
201 450
201 461
201 475
201 482
201 492
201 531
201 623
201 1029
201 1155
201 1370
201 1519
201 1564
201 1805
201 1833
201 1945
202 207
202 220
202 221
202 222
202 226
202 229
202 233
202 234
202 237
202 239
202 246
202 256
202 259
202 268
202 293
202 295
202 297
202 299
202 334
202 349
202 367
202 387
202 394
202 403
202 405
202 410
202 413
202 436
202 439
202 466
202 476
202 479
202 585
202 709
202 847
202 929
202 1045
202 1215
202 1251
202 1302
202 1494
202 1545
202 1752
202 1769
202 1959
203 204
203 217
203 234
203 237
203 239
203 264
203 277
203 280
203 290
203 299
203 301
203 308
203 356
203 374
203 382
203 388
203 397
203 402
203 423
203 426
203 427
203 433
203 434
203 439
203 441
203 454
203 466
203 468
203 475
203 486
203 490
203 522
203 572
203 580
203 600
203 649
203 725
203 815
203 852
203 1052
203 1325
203 1470
203 1551
203 1722
203 1900
203 1945
203 1962
204 218
204 225
204 244
204 246
204 255
204 282
204 283
204 294
204 295
204 309
204 317
204 324
204 334
204 336
204 341
204 361
204 398
204 404
204 407
204 419
204 451
204 458
204 466
204 477
204 481
204 488
204 493
204 496
204 534
204 668
204 938
204 1128
204 1193
204 1233
204 1258
204 1703
204 1877
204 1984
205 206
205 209
205 210
205 216
205 236
205 244
205 245
205 263
205 279
205 282
205 288
205 291
205 304
205 315
205 318
205 326
205 330
205 341
205 347
205 373
205 381
205 387
205 396
205 406
205 408
205 412
205 429
205 434
205 441
205 442
205 443
205 448
205 450
205 453
205 463
205 467
205 468
205 480
205 485
205 488
205 522
205 737
205 883
205 1117
205 1124
205 1299
205 1487
205 1752
205 1810
205 1945
206 214
206 216
206 222
206 233
206 236
206 237
206 242
206 243
206 247
206 251
206 265
206 267
206 273
206 275
206 287
206 290
206 303
206 304
206 306
206 308
206 315
206 317
206 329
206 333
206 337
206 342
206 344
206 347
206 350
206 352
206 365
206 367
206 377
206 380
206 389
206 398
206 402
206 413
206 422
206 427
206 431
206 436
206 447
206 448
206 457
206 465
206 469
206 471
206 472
206 480
206 482
206 492
206 496
206 663
206 701
206 954
206 993
206 1071
206 1073
206 1090
206 1098
206 1427
206 1449
206 1517
206 1792
206 1894
207 220
207 221
207 232
207 241
207 242
207 245
207 253
207 277
207 284
207 295
207 299
207 311
207 331
207 339
207 344
207 354
207 357
207 368
207 371
207 374
207 379
207 381
207 395
207 397
207 398
207 399
207 401
207 405
207 418
207 426
207 435
207 439
207 447
207 451
207 453
207 478
207 479
207 485
207 486
207 487
207 534
207 684
207 849
207 859
207 969
207 1024
207 1036
207 1367
207 1427
207 1696
207 1801
207 1870
207 1953
208 218
208 219
208 232
208 234
208 236
208 272
208 274
208 281
208 285
208 297
208 302
208 308
208 310
208 311
208 313
208 314
208 318
208 320
208 329
208 337
208 339
208 346
208 348
208 355
208 362
208 374
208 378
208 385
208 389
208 396
208 397
208 398
208 404
208 405
208 421
208 422
208 425
208 427
208 433
208 435
208 443
208 447
208 451
208 456
208 457
208 467
208 472
208 484
208 496
208 523
208 651
208 741
208 854
208 952
208 1133
208 1208
208 1216
208 1482
208 1636
208 1775
209 224
209 233
209 249
209 257
209 265
209 273
209 286
209 300
209 304
209 307
209 322
209 330
209 334
209 338
209 346
209 350
209 353
209 355
209 361
209 391
209 397
209 398
209 401
209 403
209 428
209 450
209 451
209 454
209 456
209 459
209 461
209 463
209 464
209 473
209 490
209 585
209 741
209 919
209 1202
209 1596
209 1645
209 1911
209 1917
210 212
210 223
210 227
210 240
210 245
210 254
210 263
210 265
210 282
210 296
210 299
210 309
210 315
210 317
210 318
210 330
210 331
210 337
210 338
210 350
210 358
210 363
210 372
210 379
210 384
210 386
210 391
210 393
210 398
210 406
210 409
210 413
210 415
210 416
210 427
210 430
210 431
210 451
210 459
210 470
210 485
210 495
210 519
210 567
210 649
210 944
210 948
210 1002
210 1013
210 1098
210 1203
210 1450
210 1491
210 1576
210 1700
210 1708
210 1930
210 1942
211 215
211 220
211 240
211 250
211 272
211 274
211 304
211 312
211 315
211 322
211 327
211 333
211 334
211 337
211 349
211 350
211 356
211 361
211 364
211 379
211 380
211 391
211 395
211 398
211 401
211 404
211 412
211 415
211 417
211 421
211 423
211 453
211 471
211 472
211 475
211 476
211 481
211 486
211 488
211 491
211 542
211 657
211 735
211 796
211 1036
211 1315
211 1370
211 1604
211 1678
211 1694
211 1825
212 220
212 225
212 242
212 258
212 270
212 277
212 282
212 284
212 287
212 300
212 309
212 320
212 321
212 322
212 326
212 345
212 366
212 375
212 383
212 385
212 391
212 395
212 401
212 405
212 406
212 407
212 416
212 420
212 430
212 432
212 435
212 445
212 464
212 471
212 478
212 482
212 485
212 718
212 958
212 1092
212 1339
212 1415
212 1422
212 1719
212 1790
213 219
213 234
213 244
213 248
213 249
213 265
213 270
213 297
213 299
213 314
213 318
213 321
213 322
213 355
213 358
213 368
213 369
213 385
213 392
213 394
213 399
213 403
213 404
213 413
213 429
213 434
213 449
213 466
213 481
213 482
213 491
213 594
213 603
213 618
213 703
213 829
213 907
213 1176
213 1268
213 1326
213 1355
213 1732
213 1768
214 221
214 222
214 231
214 232
214 242
214 244
214 260
214 263
214 268
214 303
214 305
214 307
214 315
214 325
214 334
214 335
214 340
214 347
214 354
214 358
214 363
214 371
214 372
214 383
214 405
214 411
214 413
214 415
214 420
214 433
214 451
214 455
214 468
214 474
214 495
214 679
214 722
214 761
214 843
214 891
214 1196
214 1240
214 1556
214 1634
214 1837
215 220
215 230
215 235
215 237
215 239
215 243
215 250
215 252
215 254
215 255
215 281
215 295
215 322
215 324
215 330
215 337
215 349
215 356
215 359
215 361
215 368
215 371
215 379
215 395
215 398
215 426
215 427
215 440
215 443
215 444
215 450
215 452
215 453
215 465
215 466
215 478
215 491
215 496
215 597
215 788
215 912
215 963
215 1025
215 1088
215 1140
215 1150
215 1282
215 1674
215 1880
216 225
216 226
216 232
216 233
216 235
216 243
216 251
216 258
216 267
216 269
216 275
216 291
216 300
216 310
216 317
216 326
216 332
216 335
216 339
216 342
216 343
216 368
216 377
216 389
216 396
216 413
216 417
216 422
216 424
216 430
216 431
216 434
216 438
216 441
216 452
216 461
216 464
216 469
216 481
216 491
216 730
216 832
216 945
216 1133
216 1567
216 1589
216 1674
216 1684
216 1929
217 224
217 243
217 245
217 247
217 252
217 254
217 266
217 280
217 281
217 282
217 286
217 292
217 297
217 303
217 305
217 308
217 314
217 335
217 336
217 337
217 344
217 351
217 354
217 365
217 366
217 373
217 374
217 375
217 397
217 400
217 423
217 433
217 436
217 451
217 474
217 480
217 657
217 828
217 985
217 1153
217 1293
217 1295
217 1363
217 1451
217 1580
217 1877
218 219
218 223
218 230
218 245
218 251
218 279
218 286
218 296
218 298
218 299
218 305
218 315
218 319
218 322
218 334
218 355
218 371
218 372
218 376
218 379
218 389
218 390
218 402
218 421
218 439
218 448
218 456
218 464
218 472
218 494
218 751
218 765
218 847
218 1230
218 1487
218 1621
218 1761
218 1864
218 1959
219 233
219 234
219 238
219 240
219 252
219 256
219 260
219 266
219 268
219 274
219 293
219 295
219 305
219 318
219 333
219 334
219 337
219 343
219 368
219 372
219 402
219 425
219 438
219 442
219 443
219 445
219 459
219 466
219 488
219 498
219 597
219 659
219 759
219 952
219 1142
219 1248
219 1256
219 1411
219 1419
219 1420
219 1433
219 1559
219 1589
219 1695
220 233
220 235
220 246
220 248
220 253
220 254
220 256
220 272
220 281
220 285
220 286
220 317
220 318
220 321
220 355
220 357
220 358
220 370
220 371
220 372
220 375
220 379
220 381
220 390
220 402
220 404
220 408
220 413
220 415
220 416
220 423
220 433
220 435
220 437
220 468
220 479
220 481
220 489
220 496
220 568
220 698
220 821
220 846
220 1028
220 1319
220 1322
220 1636
220 1674
220 1710
220 1721
221 228
221 231
221 232
221 241
221 248
221 270
221 272
221 290
221 292
221 311
221 312
221 316
221 323
221 326
221 344
221 357
221 362
221 376
221 380
221 383
221 385
221 386
221 400
221 407
221 409
221 416
221 417
221 423
221 438
221 442
221 445
221 451
221 457
221 460
221 461
221 468
221 478
221 482
221 492
221 499
221 510
221 649
221 774
221 861
221 1156
221 1187
221 1617
221 1624
221 1727
221 1817
221 1889
221 1976
222 225
222 231
222 247
222 256
222 282
222 284
222 295
222 299
222 317
222 324
222 325
222 331
222 340
222 343
222 344
222 345
222 347
222 361
222 376
222 384
222 399
222 403
222 404
222 406
222 409
222 413
222 441
222 442
222 451
222 454
222 471
222 473
222 482
222 485
222 492
222 541
222 627
222 805
222 1113
222 1356
222 1702
222 1855
222 1919
223 224
223 226
223 227
223 233
223 239
223 255
223 256
223 261
223 271
223 282
223 283
223 294
223 318
223 331
223 339
223 344
223 377
223 379
223 384
223 394
223 396
223 405
223 410
223 422
223 424
223 429
223 445
223 460
223 484
223 485
223 487
223 489
223 490
223 565
223 723
223 891
223 931
223 970
223 1004
223 1033
223 1405
223 1449
223 1564
223 1653
223 1772
223 1776
223 1919
224 227
224 231
224 232
224 235
224 248
224 261
224 263
224 265
224 277
224 280
224 282
224 303
224 312
224 323
224 324
224 325
224 348
224 354
224 356
224 362
224 401
224 414
224 417
224 420
224 423
224 457
224 460
224 461
224 472
224 477
224 482
224 485
224 487
224 489
224 495
224 752
224 942
224 1018
224 1055
224 1237
224 1389
224 1539
224 1657
224 1754
224 1808
224 1820
224 1835
224 1894
225 232
225 247
225 248
225 249
225 265
225 279
225 288
225 302
225 318
225 325
225 335
225 339
225 353
225 354
225 361
225 370
225 373
225 378
225 380
225 396
225 411
225 414
225 417
225 425
225 427
225 432
225 434
225 438
225 462
225 464
225 467
225 479
225 482
225 490
225 491
225 495
225 738
225 750
225 938
225 1150
225 1252
225 1489
225 1610
225 1785
226 230
226 240
226 247
226 248
226 263
226 283
226 309
226 321
226 322
226 327
226 330
226 331
226 341
226 356
226 360
226 363
226 364
226 370
226 372
226 388
226 408
226 411
226 413
226 418
226 420
226 429
226 433
226 434
226 435
226 444
226 453
226 470
226 487
226 726
226 888
226 1115
226 1301
226 1630
226 1816
226 1938
227 231
227 232
227 247
227 248
227 250
227 257
227 260
227 265
227 278
227 280
227 281
227 287
227 301
227 318
227 319
227 327
227 332
227 353
227 362
227 366
227 387
227 393
227 395
227 403
227 412
227 431
227 433
227 437
227 441
227 448
227 453
227 455
227 456
227 467
227 474
227 480
227 580
227 715
227 756
227 927
227 989
227 1110
227 1294
227 1440
227 1937
228 233
228 241
228 252
228 253
228 254
228 255
228 261
228 265
228 268
228 272
228 276
228 279
228 281
228 291
228 292
228 310
228 316
228 326
228 328
228 338
228 342
228 345
228 348
228 351
228 362
228 372
228 383
228 389
228 396
228 399
228 402
228 404
228 405
228 431
228 432
228 433
228 445
228 447
228 466
228 469
228 646
228 916
228 975
228 976
228 978
228 988
228 1040
228 1133
228 1655
228 1844
229 241
229 260
229 266
229 270
229 279
229 285
229 286
229 287
229 298
229 302
229 303
229 314
229 326
229 329
229 363
229 404
229 411
229 423
229 429
229 436
229 459
229 473
229 479
229 480
229 481
229 495
229 507
229 737
229 882
229 895
229 1277
229 1293
229 1322
229 1353
229 1449
229 1477
229 1496
229 1586
229 1650
229 1937
229 1939
230 244
230 249
230 267
230 275
230 278
230 296
230 297
230 316
230 317
230 323
230 344
230 351
230 372
230 376
230 393
230 397
230 398
230 408
230 411
230 413
230 424
230 426
230 429
230 431
230 436
230 439
230 440
230 448
230 462
230 478
230 494
230 557
230 631
230 647
230 690
230 788
230 983
230 1030
230 1284
230 1570
231 237
231 238
231 241
231 244
231 248
231 263
231 266
231 272
231 274
231 278
231 284
231 306
231 308
231 313
231 340
231 360
231 370
231 372
231 376
231 386
231 387
231 394
231 417
231 420
231 427
231 430
231 444
231 447
231 448
231 451
231 454
231 455
231 462
231 472
231 480
231 481
231 487
231 495
231 748
231 753
231 783
231 927
231 1112
231 1125
231 1154
231 1234
231 1309
231 1757
231 1800
231 1833
232 233
232 244
232 252
232 260
232 287
232 296
232 299
232 310
232 315
232 333
232 334
232 335
232 344
232 354
232 359
232 360
232 375
232 377
232 391
232 402
232 407
232 410
232 424
232 432
232 433
232 450
232 453
232 458
232 467
232 479
232 481
232 483
232 484
232 489
232 845
232 874
232 1415
232 1771
232 1815
232 1893
232 1932
233 235
233 238
233 248
233 262
233 264
233 268
233 281
233 286
233 299
233 300
233 301
233 316
233 324
233 342
233 347
233 355
233 356
233 358
233 361
233 387
233 400
233 405
233 416
233 422
233 423
233 431
233 440
233 458
233 460
233 462
233 466
233 467
233 472
233 478
233 486
233 530
233 580
233 907
233 1117
233 1126
233 1245
233 1489
233 1551
233 1666
233 1774
233 1835
233 1917
234 236
234 238
234 241
234 246
234 260
234 274
234 277
234 292
234 295
234 296
234 313
234 320
234 327
234 336
234 347
234 349
234 365
234 368
234 375
234 381
234 383
234 385
234 387
234 389
234 394
234 409
234 422
234 425
234 441
234 443
234 457
234 473
234 476
234 586
234 799
234 932
234 991
234 1390
234 1399
234 1620
234 1923
235 267
235 283
235 309
235 312
235 315
235 318
235 322
235 327
235 328
235 354
235 369
235 371
235 372
235 377
235 402
235 412
235 416
235 417
235 421
235 424
235 430
235 431
235 436
235 438
235 439
235 445
235 455
235 459
235 462
235 464
235 468
235 471
235 481
235 488
235 607
235 998
235 1210
235 1314
235 1371
235 1378
235 1390
235 1421
235 1613
235 1685
235 1795
235 1906
236 241
236 246
236 256
236 258
236 265
236 266
236 274
236 301
236 309
236 313
236 321
236 331
236 339
236 345
236 352
236 371
236 372
236 402
236 404
236 413
236 414
236 419
236 423
236 431
236 435
236 443
236 452
236 457
236 458
236 466
236 473
236 474
236 477
236 490
236 491
236 1036
236 1081
236 1147
236 1201
236 1208
236 1403
236 1438
236 1487
236 1801
236 1925
236 1976
237 241
237 250
237 253
237 254
237 255
237 257
237 264
237 280
237 281
237 287
237 317
237 325
237 329
237 334
237 344
237 353
237 355
237 376
237 377
237 383
237 391
237 402
237 412
237 413
237 423
237 425
237 435
237 436
237 437
237 444
237 452
237 455
237 459
237 465
237 466
237 468
237 473
237 490
237 493
237 496
237 564
237 670
237 788
237 823
237 960
237 1098
237 1306
237 1412
237 1838
237 1956
238 241
238 248
238 249
238 250
238 253
238 265
238 268
238 269
238 273
238 275
238 284
238 285
238 292
238 294
238 303
238 304
238 308
238 312
238 316
238 324
238 334
238 353
238 380
238 394
238 400
238 404
238 405
238 409
238 411
238 422
238 423
238 424
238 427
238 431
238 436
238 441
238 444
238 446
238 447
238 455
238 457
238 471
238 479
238 482
238 486
238 607
238 1070
238 1198
238 1202
238 1291
238 1651
238 1757
239 240
239 241
239 244
239 248
239 268
239 290
239 292
239 294
239 300
239 306
239 308
239 309
239 311
239 313
239 321
239 333
239 335
239 342
239 366
239 368
239 374
239 377
239 384
239 397
239 399
239 400
239 433
239 434
239 444
239 457
239 458
239 459
239 468
239 470
239 480
239 484
239 485
239 487
239 490
239 496
239 704
239 815
239 1211
239 1227
239 1351
239 1370
239 1597
239 1857
239 1907
239 1976
240 248
240 250
240 257
240 286
240 290
240 299
240 306
240 313
240 320
240 325
240 326
240 341
240 342
240 347
240 348
240 356
240 379
240 396
240 406
240 414
240 419
240 425
240 433
240 441
240 442
240 448
240 456
240 467
240 469
240 478
240 484
240 488
240 858
240 878
240 952
240 1101
240 1698
240 1842
240 1911
241 251
241 255
241 264
241 269
241 284
241 288
241 301
241 304
241 308
241 330
241 340
241 341
241 346
241 351
241 362
241 363
241 364
241 370
241 371
241 376
241 383
241 386
241 392
241 425
241 426
241 431
241 437
241 443
241 459
241 469
241 474
241 475
241 487
241 491
241 496
241 775
241 927
241 1024
241 1096
241 1160
241 1663
241 1782
241 1823
241 1827
241 1962
241 1965
241 1977
242 251
242 257
242 270
242 271
242 274
242 276
242 311
242 318
242 322
242 327
242 333
242 353
242 356
242 357
242 366
242 369
242 376
242 399
242 402
242 403
242 416
242 441
242 452
242 457
242 468
242 487
242 495
242 659
242 789
242 1187
242 1283
242 1474
242 1507
242 1529
243 247
243 272
243 273
243 275
243 276
243 277
243 279
243 281
243 295
243 302
243 316
243 321
243 330
243 343
243 346
243 380
243 397
243 399
243 401
243 402
243 407
243 410
243 411
243 422
243 437
243 439
243 449
243 457
243 477
243 484
243 776
243 800
243 1302
243 1617
243 1887
244 250
244 251
244 263
244 271
244 283
244 293
244 303
244 304
244 312
244 315
244 323
244 326
244 328
244 339
244 341
244 353
244 359
244 365
244 366
244 369
244 380
244 397
244 422
244 423
244 432
244 454
244 465
244 468
244 476
244 480
244 484
244 488
244 493
244 842
244 1024
244 1099
244 1375
244 1409
244 1949
244 1970
244 1978
245 253
245 254
245 264
245 269
245 273
245 274
245 276
245 277
245 299
245 305
245 307
245 310
245 318
245 326
245 331
245 334
245 360
245 361
245 370
245 373
245 374
245 388
245 393
245 397
245 398
245 403
245 409
245 415
245 419
245 421
245 422
245 435
245 440
245 444
245 448
245 450
245 465
245 471
245 488
245 491
245 845
245 968
245 1072
245 1974
246 256
246 264
246 288
246 289
246 290
246 300
246 327
246 328
246 332
246 348
246 349
246 364
246 365
246 372
246 378
246 390
246 393
246 409
246 412
246 414
246 434
246 435
246 447
246 448
246 465
246 469
246 479
246 485
246 492
246 493
246 495
246 649
246 815
246 948
246 1422
246 1484
246 1763
246 1777
247 265
247 267
247 268
247 272
247 277
247 278
247 282
247 290
247 293
247 302
247 310
247 314
247 328
247 332
247 337
247 346
247 347
247 370
247 377
247 387
247 389
247 390
247 407
247 408
247 412
247 415
247 430
247 440
247 457
247 458
247 468
247 473
247 475
247 486
247 492
247 627
247 637
247 754
247 951
247 1027
247 1254
247 1409
247 1550
247 1653
247 1733
247 1792
247 1967
248 255
248 256
248 262
248 278
248 281
248 285
248 297
248 298
248 301
248 311
248 312
248 314
248 315
248 320
248 328
248 331
248 340
248 342
248 384
248 385
248 405
248 411
248 425
248 429
248 430
248 461
248 470
248 472
248 474
248 481
248 483
248 494
248 495
248 556
248 634
248 860
248 910
248 1126
248 1246
248 1325
248 1466
248 1482
248 1497
248 1503
248 1587
248 1769
249 252
249 274
249 290
249 296
249 302
249 303
249 307
249 312
249 318
249 321
249 330
249 336
249 339
249 344
249 345
249 352
249 355
249 364
249 366
249 373
249 380
249 386
249 395
249 400
249 411
249 414
249 422
249 425
249 426
249 427
249 432
249 435
249 439
249 451
249 460
249 466
249 489
249 621
249 736
249 805
249 844
249 989
249 1048
249 1453
249 1616
249 1956
250 256
250 257
250 258
250 262
250 263
250 279
250 280
250 283
250 284
250 298
250 314
250 316
250 317
250 333
250 339
250 344
250 352
250 360
250 370
250 371
250 381
250 383
250 384
250 387
250 398
250 409
250 410
250 411
250 415
250 418
250 419
250 426
250 437
250 448
250 455
250 468
250 471
250 477
250 658
250 740
250 1188
250 1350
250 1485
250 1543
250 1580
250 1819
250 1830
250 1858
251 255
251 261
251 282
251 284
251 287
251 290
251 297
251 309
251 319
251 320
251 325
251 331
251 332
251 338
251 348
251 350
251 351
251 358
251 360
251 364
251 365
251 373
251 379
251 380
251 383
251 393
251 398
251 401
251 410
251 416
251 419
251 420
251 422
251 423
251 431
251 437
251 444
251 453
251 463
251 472
251 476
251 483
251 494
251 884
251 952
251 1277
251 1944
252 258
252 262
252 265
252 282
252 291
252 303
252 315
252 318
252 332
252 333
252 335
252 337
252 350
252 363
252 366
252 385
252 394
252 398
252 399
252 405
252 416
252 432
252 439
252 441
252 446
252 447
252 453
252 1032
252 1038
252 1186
252 1303
252 1442
252 1448
252 1552
252 1706
252 1916
252 1921
253 255
253 261
253 275
253 281
253 284
253 287
253 291
253 316
253 318
253 326
253 331
253 337
253 342
253 345
253 346
253 369
253 385
253 395
253 396
253 419
253 423
253 429
253 432
253 435
253 445
253 450
253 458
253 475
253 494
253 790
253 913
253 940
253 1264
253 1288
253 1388
253 1654
253 1734
253 1783
253 1790
253 1955
254 256
254 258
254 263
254 274
254 278
254 281
254 294
254 324
254 336
254 338
254 342
254 343
254 345
254 347
254 362
254 371
254 392
254 395
254 406
254 416
254 441
254 442
254 444
254 452
254 454
254 462
254 476
254 484
254 490
254 947
254 1316
254 1346
254 1359
254 1600
254 1607
254 1612
254 1912
255 261
255 264
255 266
255 269
255 271
255 276
255 280
255 293
255 301
255 312
255 313
255 316
255 336
255 346
255 349
255 368
255 371
255 420
255 423
255 425
255 426
255 436
255 437
255 438
255 458
255 470
255 490
255 956
255 959
255 1050
255 1138
255 1411
255 1551
255 1712
255 1792
255 1816
255 1837
255 1920
255 1961
256 260
256 273
256 275
256 289
256 302
256 303
256 304
256 311
256 312
256 315
256 322
256 326
256 344
256 350
256 359
256 364
256 370
256 377
256 380
256 398
256 411
256 439
256 454
256 465
256 475
256 485
256 652
256 754
256 834
256 1378
256 1582
256 1892
256 1978
257 265
257 286
257 297
257 326
257 333
257 338
257 343
257 349
257 360
257 362
257 368
257 371
257 380
257 383
257 396
257 397
257 411
257 427
257 431
257 459
257 465
257 472
257 482
257 486
257 487
257 488
257 493
257 982
257 1477
257 1865
258 268
258 272
258 275
258 293
258 295
258 300
258 302
258 312
258 316
258 317
258 320
258 321
258 337
258 348
258 350
258 359
258 368
258 383
258 391
258 399
258 402
258 414
258 418
258 420
258 437
258 443
258 460
258 471
258 476
258 478
258 489
258 667
258 1156
258 1332
258 1477
258 1506
258 1610
258 1689
258 1763
258 1900
258 1947
258 1968
259 270
259 278
259 279
259 283
259 285
259 287
259 301
259 308
259 318
259 321
259 332
259 333
259 334
259 335
259 338
259 346
259 347
259 353
259 370
259 378
259 381
259 383
259 390
259 393
259 406
259 408
259 411
259 416
259 420
259 426
259 428
259 429
259 430
259 445
259 447
259 455
259 473
259 483
259 486
259 489
259 595
259 797
259 897
259 945
259 1203
259 1292
259 1297
259 1494
259 1516
259 1570
259 1715
259 1896
260 267
260 277
260 285
260 314
260 370
260 376
260 381
260 383
260 408
260 410
260 426
260 432
260 433
260 446
260 451
260 454
260 456
260 464
260 476
260 477
260 495
260 720
260 782
260 884
260 911
260 1173
260 1226
260 1484
260 1513
260 1674
260 1675
260 1926
260 1980
261 272
261 304
261 314
261 333
261 344
261 352
261 356
261 361
261 366
261 368
261 371
261 383
261 384
261 386
261 388
261 400
261 406
261 408
261 410
261 411
261 413
261 415
261 418
261 420
261 427
261 431
261 435
261 461
261 462
261 480
261 485
261 486
261 581
261 632
261 911
261 942
261 1022
261 1493
261 1709
261 1858
261 1982
262 278
262 284
262 285
262 287
262 295
262 298
262 301
262 302
262 305
262 314
262 321
262 336
262 346
262 350
262 354
262 369
262 387
262 400
262 415
262 428
262 439
262 441
262 443
262 448
262 453
262 459
262 480
262 486
262 492
262 493
262 512
262 697
262 894
262 997
262 1007
262 1234
262 1279
262 1296
262 1499
262 1629
262 1746
262 1766
262 1783
263 307
263 309
263 313
263 319
263 322
263 333
263 343
263 345
263 349
263 371
263 375
263 382
263 384
263 390
263 399
263 401
263 416
263 419
263 428
263 431
263 455
263 457
263 463
263 468
263 483
263 490
263 496
263 666
263 1071
263 1231
263 1380
263 1517
263 1573
263 1833
264 265
264 271
264 298
264 312
264 315
264 325
264 341
264 343
264 348
264 356
264 379
264 386
264 392
264 401
264 413
264 426
264 433
264 438
264 447
264 457
264 463
264 465
264 466
264 475
264 479
264 482
264 496
264 609
264 639
264 684
264 914
264 1019
264 1304
264 1395
264 1397
264 1410
264 1470
264 1534
264 1656
264 1694
264 1855
264 1912
264 1916
264 1929
264 1982
265 273
265 320
265 323
265 332
265 334
265 343
265 352
265 355
265 380
265 387
265 388
265 389
265 393
265 397
265 399
265 415
265 426
265 443
265 459
265 465
265 469
265 486
265 489
265 492
265 936
265 955
265 975
265 1063
265 1324
265 1696
265 1711
265 1749
265 1854
266 276
266 278
266 285
266 288
266 307
266 312
266 314
266 318
266 323
266 324
266 330
266 337
266 355
266 372
266 375
266 376
266 382
266 383
266 385
266 388
266 396
266 398
266 407
266 425
266 432
266 437
266 438
266 452
266 454
266 456
266 457
266 460
266 462
266 496
266 522
266 599
266 749
266 810
266 857
266 959
266 1102
266 1170
266 1349
266 1531
266 1579
266 1754
266 1940
267 272
267 276
267 279
267 282
267 292
267 294
267 307
267 313
267 315
267 318
267 321
267 323
267 340
267 346
267 364
267 372
267 395
267 396
267 399
267 403
267 418
267 424
267 430
267 445
267 456
267 459
267 462
267 470
267 471
267 475
267 483
267 485
267 489
267 492
267 520
267 755
267 872
267 922
267 1104
267 1114
268 269
268 272
268 282
268 287
268 290
268 292
268 298
268 321
268 357
268 359
268 364
268 367
268 378
268 387
268 391
268 393
268 397
268 401
268 413
268 430
268 435
268 439
268 454
268 455
268 459
268 461
268 482
268 488
268 766
268 1158
268 1166
268 1344
268 1474
268 1709
268 1893
269 272
269 279
269 301
269 307
269 311
269 316
269 320
269 321
269 322
269 326
269 329
269 353
269 361
269 366
269 371
269 376
269 392
269 394
269 404
269 407
269 410
269 416
269 420
269 422
269 440
269 443
269 445
269 449
269 460
269 466
269 470
269 474
269 496
269 513
269 549
269 634
269 907
269 1150
269 1349
269 1355
269 1498
269 1589
270 289
270 290
270 298
270 301
270 309
270 313
270 318
270 321
270 324
270 331
270 332
270 343
270 348
270 351
270 375
270 379
270 384
270 392
270 397
270 400
270 402
270 415
270 419
270 420
270 429
270 430
270 434
270 445
270 448
270 449
270 451
270 452
270 456
270 457
270 463
270 469
270 482
270 488
270 494
270 495
270 507
270 609
270 713
270 849
270 890
270 983
270 1333
270 1427
270 1443
270 1620
270 1662
270 1890
270 1956
271 272
271 274
271 309
271 334
271 347
271 350
271 351
271 361
271 373
271 377
271 389
271 394
271 396
271 400
271 419
271 421
271 422
271 440
271 456
271 459
271 470
271 476
271 481
271 491
271 494
271 546
271 568
271 968
271 1001
271 1138
271 1231
271 1238
271 1253
271 1259
271 1467
271 1510
271 1677
272 288
272 289
272 296
272 298
272 306
272 314
272 319
272 322
272 327
272 328
272 335
272 354
272 364
272 367
272 373
272 377
272 382
272 385
272 391
272 407
272 411
272 421
272 440
272 449
272 451
272 452
272 453
272 455
272 461
272 470
272 473
272 482
272 488
272 490
272 506
272 692
272 755
272 771
272 837
272 843
272 892
272 1005
272 1173
272 1186
272 1507
272 1510
272 1825
272 1935
273 290
273 292
273 300
273 304
273 315
273 316
273 318
273 324
273 328
273 344
273 346
273 363
273 378
273 398
273 412
273 418
273 435
273 440
273 467
273 468
273 471
273 475
273 478
273 479
273 483
273 512
273 967
273 978
273 1080
273 1083
273 1240
273 1353
273 1760
273 1787
273 1845
273 1948
274 281
274 287
274 288
274 292
274 297
274 300
274 311
274 321
274 322
274 354
274 358
274 382
274 384
274 386
274 394
274 395
274 400
274 406
274 427
274 437
274 468
274 473
274 479
274 488
274 492
274 494
274 548
274 555
274 899
274 924
274 926
274 1011
274 1013
274 1036
274 1112
274 1140
274 1597
274 1611
274 1684
274 1732
274 1794
275 300
275 305
275 313
275 314
275 316
275 318
275 319
275 333
275 344
275 354
275 355
275 364
275 367
275 371
275 372
275 389
275 394
275 396
275 407
275 409
275 416
275 424
275 426
275 431
275 434
275 437
275 438
275 441
275 446
275 451
275 453
275 456
275 466
275 485
275 491
275 492
275 549
275 628
275 734
275 1081
275 1130
275 1134
275 1229
275 1731
275 1846
276 279
276 289
276 292
276 299
276 308
276 316
276 318
276 326
276 327
276 336
276 340
276 350
276 352
276 361
276 379
276 383
276 384
276 398
276 438
276 448
276 450
276 455
276 456
276 459
276 477
276 632
276 1062
276 1295
276 1322
276 1370
276 1517
276 1679
276 1812
276 1984
277 287
277 288
277 299
277 301
277 315
277 327
277 331
277 356
277 360
277 365
277 373
277 374
277 377
277 378
277 388
277 390
277 393
277 396
277 397
277 402
277 415
277 427
277 438
277 443
277 465
277 478
277 493
277 535
277 689
277 827
277 834
277 1029
277 1033
277 1052
277 1123
277 1221
277 1253
277 1294
277 1306
277 1822
277 1826
277 1837
278 279
278 286
278 313
278 318
278 320
278 329
278 341
278 345
278 349
278 351
278 375
278 377
278 398
278 401
278 410
278 418
278 434
278 447
278 448
278 453
278 454
278 456
278 459
278 469
278 475
278 711
278 765
278 828
278 1340
278 1732
278 1790
278 1926
278 1934
279 296
279 297
279 316
279 327
279 335
279 336
279 340
279 343
279 346
279 353
279 362
279 375
279 377
279 380
279 382
279 387
279 391
279 392
279 395
279 399
279 408
279 439
279 451
279 452
279 463
279 468
279 469
279 470
279 474
279 478
279 487
279 770
279 848
279 1049
279 1371
279 1539
279 1734
279 1746
279 1788
279 1873
279 1909
280 283
280 303
280 315
280 316
280 325
280 327
280 367
280 371
280 380
280 401
280 426
280 449
280 459
280 472
280 494
280 495
280 496
280 1185
280 1215
280 1433
280 1677
280 1694
281 282
281 292
281 320
281 324
281 326
281 339
281 349
281 354
281 369
281 386
281 394
281 404
281 418
281 423
281 425
281 427
281 430
281 440
281 443
281 454
281 457
281 459
281 470
281 475
281 484
281 490
281 493
281 495
281 536
281 981
281 1113
281 1196
281 1343
281 1553
281 1930
282 297
282 315
282 340
282 342
282 345
282 347
282 348
282 354
282 363
282 373
282 381
282 394
282 408
282 409
282 412
282 416
282 419
282 431
282 445
282 453
282 455
282 464
282 466
282 469
282 477
282 487
282 490
282 634
282 878
282 1435
282 1454
282 1658
282 1679
282 1733
282 1864
282 1948
282 1983
283 284
283 289
283 302
283 320
283 324
283 333
283 339
283 345
283 355
283 356
283 358
283 365
283 366
283 368
283 376
283 380
283 381
283 391
283 395
283 397
283 401
283 410
283 418
283 426
283 432
283 436
283 438
283 443
283 445
283 462
283 471
283 472
283 480
283 485
283 488
283 496
283 650
283 690
283 1365
283 1409
283 1472
283 1708
283 1972
284 293
284 318
284 329
284 347
284 353
284 365
284 405
284 407
284 418
284 424
284 427
284 428
284 432
284 434
284 438
284 445
284 456
284 457
284 458
284 463
284 466
284 475
284 485
284 486
284 536
284 801
284 883
284 1073
284 1691
284 1825
284 1950
285 298
285 309
285 321
285 330
285 336
285 339
285 362
285 368
285 398
285 400
285 407
285 413
285 414
285 416
285 420
285 422
285 430
285 432
285 443
285 450
285 451
285 467
285 468
285 469
285 477
285 479
285 480
285 482
285 581
285 642
285 647
285 733
285 750
285 946
285 1023
285 1066
285 1279
285 1337
285 1864
286 289
286 290
286 298
286 312
286 313
286 324
286 328
286 330
286 332
286 333
286 335
286 341
286 342
286 364
286 366
286 368
286 403
286 408
286 411
286 424
286 432
286 437
286 440
286 449
286 455
286 456
286 457
286 458
286 461
286 468
286 477
286 479
286 485
286 488
286 492
286 496
286 648
286 740
286 768
286 815
286 853
286 894
286 1120
286 1516
286 1634
286 1637
286 1660
286 1674
286 1834
286 1848
286 1948
287 323
287 334
287 341
287 342
287 363
287 364
287 367
287 378
287 380
287 389
287 393
287 394
287 398
287 409
287 417
287 420
287 427
287 430
287 432
287 442
287 447
287 449
287 450
287 451
287 454
287 462
287 463
287 466
287 473
287 477
287 520
287 584
287 705
287 942
287 1030
287 1182
287 1318
287 1322
287 1764
287 1770
287 1861
287 1960
288 291
288 293
288 301
288 303
288 308
288 314
288 315
288 337
288 340
288 342
288 356
288 358
288 359
288 377
288 389
288 392
288 393
288 398
288 403
288 416
288 417
288 420
288 431
288 438
288 441
288 443
288 452
288 453
288 455
288 458
288 469
288 485
288 487
288 493
288 494
288 895
288 1062
288 1218
288 1245
288 1695
288 1790
288 1917
288 1960
289 295
289 305
289 308
289 313
289 318
289 321
289 327
289 341
289 352
289 377
289 380
289 382
289 385
289 389
289 392
289 395
289 400
289 407
289 425
289 448
289 455
289 462
289 464
289 487
289 489
289 492
289 909
289 979
289 1193
289 1546
289 1766
289 1839
289 1969
290 298
290 308
290 311
290 313
290 318
290 320
290 322
290 328
290 340
290 341
290 342
290 353
290 365
290 369
290 374
290 386
290 390
290 392
290 420
290 425
290 427
290 437
290 444
290 448
290 450
290 454
290 456
290 458
290 462
290 469
290 473
290 479
290 482
290 488
290 492
290 789
290 795
290 1033
290 1128
290 1155
290 1178
290 1188
290 1287
290 1297
290 1410
290 1493
290 1563
290 1582
290 1870
291 294
291 305
291 307
291 316
291 323
291 334
291 346
291 352
291 356
291 364
291 384
291 390
291 397
291 405
291 406
291 409
291 415
291 422
291 425
291 443
291 447
291 454
291 463
291 472
291 477
291 483
291 490
291 492
291 516
291 684
291 955
291 1039
291 1135
291 1240
291 1253
291 1367
291 1482
291 1623
291 1768
291 1860
291 1889
292 295
292 296
292 313
292 315
292 326
292 328
292 336
292 346
292 351
292 362
292 370
292 374
292 381
292 384
292 390
292 394
292 406
292 417
292 428
292 452
292 455
292 465
292 469
292 472
292 476
292 484
292 539
292 619
292 851
292 990
292 1001
292 1021
292 1115
292 1118
292 1257
292 1300
292 1446
292 1614
292 1629
292 1890
293 301
293 309
293 312
293 329
293 330
293 335
293 340
293 360
293 370
293 374
293 392
293 394
293 401
293 407
293 411
293 413
293 417
293 419
293 422
293 429
293 437
293 464
293 474
293 479
293 482
293 488
293 1103
293 1150
293 1402
293 1414
293 1478
293 1479
293 1888
294 312
294 317
294 332
294 333
294 337
294 343
294 347
294 349
294 352
294 366
294 374
294 392
294 401
294 414
294 418
294 425
294 447
294 451
294 453
294 454
294 455
294 456
294 468
294 484
294 486
294 490
294 493
294 982
294 1163
294 1246
294 1344
294 1773
294 1857
295 307
295 322
295 326
295 331
295 334
295 335
295 341
295 343
295 345
295 348
295 359
295 362
295 369
295 371
295 390
295 398
295 400
295 408
295 417
295 423
295 424
295 426
295 430
295 432
295 435
295 446
295 452
295 457
295 465
295 471
295 474
295 477
295 480
295 578
295 650
295 652
295 899
295 1174
295 1190
295 1253
295 1267
295 1294
295 1457
296 305
296 316
296 324
296 336
296 337
296 345
296 346
296 347
296 354
296 377
296 382
296 384
296 392
296 395
296 397
296 408
296 409
296 420
296 428
296 435
296 453
296 458
296 466
296 473
296 484
296 492
296 504
296 746
296 774
296 1209
296 1470
296 1550
296 1583
296 1767
296 1918
297 306
297 312
297 321
297 328
297 338
297 342
297 350
297 357
297 358
297 359
297 364
297 374
297 381
297 387
297 394
297 399
297 406
297 412
297 418
297 438
297 443
297 463
297 468
297 473
297 481
297 485
297 486
297 490
297 492
297 620
297 660
297 1001
297 1023
297 1026
297 1275
297 1331
297 1472
297 1479
297 1497
297 1519
297 1757
297 1936
298 299
298 314
298 317
298 342
298 351
298 370
298 385
298 393
298 403
298 405
298 406
298 412
298 420
298 437
298 443
298 450
298 451
298 457
298 470
298 476
298 490
298 495
298 619
298 703
298 740
298 849
298 1061
298 1212
298 1524
298 1755
299 300
299 310
299 311
299 316
299 318
299 329
299 334
299 343
299 345
299 349
299 351
299 362
299 363
299 367
299 371
299 372
299 381
299 411
299 412
299 418
299 420
299 421
299 430
299 437
299 444
299 465
299 470
299 474
299 486
299 490
299 493
299 593
299 709
299 848
299 1156
299 1182
299 1266
299 1332
299 1341
299 1382
299 1546
299 1613
299 1621
299 1732
300 303
300 310
300 327
300 342
300 344
300 346
300 349
300 351
300 368
300 382
300 388
300 395
300 396
300 409
300 413
300 418
300 422
300 429
300 430
300 437
300 441
300 445
300 446
300 451
300 457
300 466
300 474
300 480
300 495
300 600
300 726
300 773
300 775
300 856
300 875
300 1002
300 1036
300 1907
301 311
301 313
301 317
301 321
301 337
301 344
301 347
301 372
301 374
301 379
301 400
301 411
301 413
301 421
301 423
301 426
301 429
301 437
301 447
301 454
301 455
301 461
301 466
301 491
301 495
301 928
301 1033
301 1035
301 1048
301 1351
301 1688
301 1766
301 1936
302 306
302 307
302 308
302 323
302 328
302 330
302 332
302 334
302 344
302 345
302 352
302 354
302 355
302 358
302 359
302 371
302 374
302 377
302 378
302 391
302 426
302 427
302 446
302 458
302 462
302 465
302 481
302 487
302 509
302 843
302 883
302 906
302 1082
302 1096
302 1240
302 1613
302 1615
302 1620
302 1789
303 322
303 343
303 350
303 354
303 373
303 378
303 389
303 394
303 396
303 415
303 426
303 429
303 435
303 436
303 444
303 456
303 460
303 461
303 462
303 464
303 466
303 472
303 481
303 482
303 484
303 486
303 493
303 670
303 696
303 708
303 755
303 758
303 837
303 889
303 961
303 988
303 1167
303 1250
303 1316
303 1345
303 1510
303 1755
303 1800
303 1858
303 1864
303 1929
304 308
304 338
304 342
304 349
304 355
304 360
304 379
304 387
304 394
304 401
304 403
304 404
304 418
304 443
304 452
304 454
304 455
304 473
304 475
304 480
304 484
304 512
304 790
304 871
304 1048
304 1068
304 1335
304 1362
304 1399
304 1465
304 1512
304 1526
304 1586
304 1622
304 1939
305 311
305 312
305 313
305 325
305 331
305 333
305 341
305 350
305 355
305 360
305 365
305 373
305 382
305 386
305 389
305 400
305 401
305 416
305 433
305 435
305 452
305 455
305 467
305 468
305 469
305 479
305 482
305 633
305 720
305 1291
305 1333
305 1491
305 1501
305 1715
305 1775
306 311
306 315
306 322
306 341
306 364
306 368
306 369
306 378
306 403
306 415
306 419
306 428
306 437
306 443
306 457
306 458
306 461
306 466
306 470
306 475
306 485
306 486
306 495
306 522
306 554
306 639
306 945
306 978
306 1018
306 1064
306 1293
306 1363
306 1652
307 311
307 312
307 323
307 329
307 330
307 333
307 338
307 341
307 343
307 356
307 357
307 377
307 400
307 412
307 419
307 420
307 430
307 433
307 438
307 442
307 465
307 473
307 475
307 495
307 657
307 679
307 729
307 902
307 971
307 1621
307 1822
308 311
308 320
308 325
308 326
308 327
308 331
308 333
308 337
308 346
308 347
308 352
308 359
308 363
308 364
308 368
308 373
308 374
308 391
308 395
308 400
308 413
308 415
308 421
308 429
308 440
308 444
308 463
308 489
308 490
308 514
308 518
308 598
308 695
308 981
308 1235
308 1243
308 1298
308 1636
308 1741
309 315
309 323
309 334
309 340
309 342
309 344
309 349
309 354
309 355
309 364
309 367
309 374
309 379
309 388
309 390
309 406
309 415
309 418
309 422
309 431
309 440
309 443
309 447
309 449
309 463
309 472
309 476
309 486
309 494
309 496
309 639
309 749
309 815
309 816
309 940
309 968
309 982
309 1097
309 1110
309 1145
310 322
310 323
310 325
310 326
310 327
310 328
310 336
310 338
310 346
310 356
310 362
310 367
310 377
310 379
310 400
310 401
310 408
310 414
310 416
310 420
310 443
310 451
310 452
310 456
310 457
310 480
310 796
310 851
310 852
310 1326
310 1451
310 1539
311 313
311 315
311 316
311 317
311 318
311 333
311 342
311 347
311 358
311 363
311 384
311 393
311 397
311 408
311 409
311 422
311 423
311 467
311 470
311 471
311 472
311 488
311 494
311 615
311 802
311 1166
311 1585
311 1600
311 1770
311 1848
311 1871
311 1913
312 315
312 321
312 322
312 325
312 328
312 333
312 338
312 339
312 356
312 360
312 381
312 384
312 390
312 401
312 422
312 428
312 447
312 465
312 470
312 471
312 472
312 476
312 479
312 490
312 496
312 615
312 887
312 972
312 1085
312 1104
312 1245
312 1361
312 1429
312 1586
312 1645
313 314
313 317
313 318
313 322
313 324
313 330
313 331
313 333
313 355
313 367
313 371
313 376
313 382
313 404
313 408
313 411
313 418
313 439
313 447
313 454
313 464
313 473
313 478
313 484
313 488
313 684
313 765
313 790
313 827
313 1108
313 1117
313 1428
313 1878
313 1899
314 322
314 323
314 339
314 344
314 345
314 349
314 353
314 361
314 370
314 372
314 394
314 400
314 404
314 408
314 435
314 439
314 448
314 461
314 471
314 476
314 480
314 493
314 545
314 631
314 919
314 1148
314 1179
314 1542
314 1695
315 317
315 327
315 342
315 343
315 349
315 356
315 363
315 367
315 369
315 371
315 374
315 377
315 381
315 387
315 388
315 395
315 399
315 405
315 413
315 431
315 436
315 437
315 448
315 456
315 476
315 495
315 534
315 657
315 1073
315 1394
315 1472
315 1518
315 1939
316 331
316 339
316 348
316 355
316 358
316 360
316 365
316 381
316 390
316 393
316 424
316 426
316 452
316 458
316 459
316 467
316 469
316 473
316 805
316 857
316 919
316 1604
316 1810
316 1977
317 319
317 320
317 345
317 355
317 362
317 372
317 385
317 399
317 407
317 415
317 428
317 451
317 466
317 473
317 475
317 476
317 483
317 486
317 493
317 1150
317 1232
317 1475
318 325
318 327
318 328
318 339
318 347
318 355
318 356
318 361
318 365
318 370
318 379
318 386
318 388
318 391
318 400
318 408
318 411
318 427
318 432
318 434
318 436
318 446
318 450
318 469
318 484
318 485
318 490
318 640
318 718
318 861
318 888
318 1074
318 1392
318 1619
318 1642
318 1710
319 321
319 328
319 350
319 366
319 378
319 382
319 399
319 410
319 416
319 431
319 444
319 454
319 468
319 474
319 487
319 711
319 791
319 980
319 1475
319 1618
319 1688
319 1766
319 1780
319 1838
320 323
320 325
320 330
320 331
320 338
320 348
320 352
320 353
320 362
320 367
320 384
320 391
320 396
320 411
320 418
320 428
320 465
320 467
320 468
320 496
320 716
320 728
320 805
320 996
320 1323
320 1450
320 1549
320 1814
320 1953
321 324
321 326
321 338
321 342
321 344
321 352
321 361
321 364
321 367
321 372
321 382
321 389
321 409
321 411
321 422
321 425
321 433
321 439
321 443
321 463
321 465
321 472
321 611
321 860
321 893
321 1200
321 1276
321 1397
321 1488
321 1577
321 1604
321 1769
321 1881
322 330
322 333
322 344
322 349
322 354
322 369
322 377
322 378
322 380
322 383
322 397
322 401
322 406
322 413
322 417
322 424
322 428
322 432
322 438
322 443
322 444
322 453
322 455
322 471
322 474
322 483
322 492
322 493
322 769
322 1132
322 1162
322 1204
322 1338
322 1351
322 1427
322 1869
322 1938
323 329
323 334
323 337
323 343
323 344
323 348
323 369
323 377
323 391
323 395
323 400
323 411
323 416
323 419
323 430
323 434
323 439
323 442
323 471
323 478
323 487
323 513
323 606
323 773
323 848
323 850
323 943
323 1226
323 1267
323 1439
323 1679
323 1840
323 1885
323 1890
323 1949
324 338
324 343
324 348
324 362
324 373
324 434
324 435
324 448
324 455
324 458
324 459
324 463
324 480
324 482
324 488
324 493
324 641
324 1172
324 1279
324 1438
324 1486
324 1488
324 1665
324 1784
325 327
325 340
325 344
325 346
325 354
325 356
325 361
325 368
325 370
325 382
325 384
325 402
325 404
325 407
325 412
325 427
325 433
325 437
325 439
325 446
325 453
325 483
325 495
325 696
325 822
325 850
325 932
325 1047
325 1115
325 1154
325 1328
325 1468
325 1616
325 1662
325 1693
325 1738
325 1779
325 1927
326 330
326 332
326 343
326 357
326 360
326 368
326 370
326 383
326 399
326 438
326 440
326 454
326 461
326 464
326 468
326 474
326 479
326 482
326 485
326 570
326 678
326 730
326 896
326 942
326 1047
326 1061
326 1826
326 1828
326 1932
326 1951
326 1979
327 345
327 347
327 349
327 357
327 360
327 361
327 362
327 380
327 381
327 388
327 400
327 409
327 428
327 432
327 433
327 436
327 467
327 468
327 478
327 479
327 491
327 512
327 610
327 743
327 941
327 1361
327 1374
327 1378
327 1782
327 1932
327 1974
328 332
328 346
328 359
328 366
328 367
328 368
328 375
328 377
328 380
328 386
328 391
328 396
328 397
328 400
328 403
328 404
328 410
328 411
328 466
328 468
328 472
328 478
328 480
328 484
328 487
328 578
328 597
328 646
328 742
328 948
328 964
328 1219
328 1229
328 1289
328 1340
328 1529
328 1666
328 1682
328 1745
329 335
329 347
329 356
329 358
329 367
329 391
329 392
329 400
329 402
329 410
329 411
329 415
329 457
329 466
329 467
329 488
329 490
329 496
329 583
329 597
329 617
329 734
329 844
329 954
329 1098
329 1196
329 1253
329 1512
330 331
330 338
330 340
330 350
330 352
330 356
330 366
330 370
330 372
330 384
330 422
330 432
330 455
330 472
330 479
330 481
330 526
330 1672
330 1921
331 346
331 349
331 355
331 356
331 363
331 389
331 404
331 405
331 406
331 417
331 421
331 422
331 429
331 431
331 435
331 444
331 451
331 463
331 465
331 466
331 470
331 477
331 482
331 488
331 661
331 1275
331 1434
331 1917
332 340
332 344
332 346
332 351
332 355
332 372
332 376
332 384
332 394
332 395
332 402
332 406
332 409
332 413
332 417
332 420
332 421
332 427
332 434
332 439
332 447
332 459
332 466
332 486
332 542
332 618
332 652
332 688
332 902
332 1002
332 1144
332 1249
332 1256
332 1295
332 1524
332 1531
332 1540
332 1653
332 1780
332 1897
332 1903
332 1929
333 361
333 377
333 388
333 389
333 392
333 396
333 397
333 399
333 401
333 412
333 414
333 426
333 430
333 432
333 436
333 449
333 465
333 477
333 490
333 948
333 1220
333 1317
333 1929
334 335
334 343
334 345
334 348
334 352
334 357
334 362
334 381
334 384
334 396
334 406
334 420
334 422
334 427
334 434
334 439
334 442
334 443
334 451
334 456
334 459
334 461
334 463
334 466
334 471
334 491
334 523
334 557
334 732
334 891
334 1020
334 1036
334 1138
334 1561
335 336
335 348
335 349
335 364
335 369
335 386
335 388
335 389
335 395
335 408
335 414
335 422
335 434
335 451
335 475
335 476
335 484
335 487
335 489
335 495
335 513
335 526
335 568
335 847
335 1024
335 1066
335 1098
335 1240
335 1294
335 1327
335 1379
335 1568
335 1694
336 347
336 348
336 360
336 382
336 385
336 387
336 402
336 408
336 418
336 419
336 423
336 434
336 435
336 441
336 447
336 459
336 482
336 859
336 935
336 976
336 1102
336 1137
336 1160
336 1196
336 1223
336 1377
336 1556
336 1981
337 344
337 346
337 349
337 351
337 353
337 373
337 376
337 378
337 389
337 396
337 397
337 399
337 400
337 407
337 418
337 425
337 426
337 427
337 438
337 440
337 447
337 448
337 455
337 458
337 476
337 626
337 1131
337 1156
337 1707
337 1799
337 1838
338 361
338 370
338 377
338 383
338 392
338 402
338 408
338 412
338 419
338 421
338 423
338 425
338 433
338 434
338 437
338 444
338 457
338 466
338 474
338 488
338 489
338 492
338 494
338 601
338 617
338 747
338 845
338 846
338 859
338 1074
338 1184
338 1260
338 1658
338 1870
338 1894
338 1912
338 1937
339 341
339 342
339 349
339 368
339 397
339 402
339 432
339 445
339 453
339 482
339 484
339 557
339 561
339 648
339 1019
339 1097
339 1162
339 1399
339 1573
339 1595
339 1926
340 352
340 358
340 362
340 367
340 369
340 381
340 392
340 416
340 426
340 433
340 445
340 447
340 464
340 466
340 469
340 494
340 646
340 1158
340 1257
340 1521
340 1686
340 1754
341 343
341 345
341 347
341 354
341 359
341 367
341 387
341 388
341 393
341 400
341 402
341 416
341 423
341 424
341 428
341 433
341 451
341 464
341 471
341 472
341 473
341 484
341 869
341 900
341 1112
341 1931
342 344
342 352
342 355
342 359
342 368
342 377
342 378
342 385
342 389
342 403
342 404
342 416
342 417
342 426
342 427
342 428
342 441
342 451
342 465
342 468
342 483
342 486
342 488
342 492
342 555
342 577
342 598
342 604
342 800
342 1096
342 1097
342 1281
342 1591
342 1625
342 1962
343 346
343 347
343 349
343 354
343 358
343 367
343 373
343 375
343 377
343 388
343 389
343 398
343 401
343 403
343 414
343 416
343 417
343 423
343 429
343 433
343 437
343 441
343 444
343 445
343 446
343 467
343 468
343 476
343 479
343 486
343 487
343 489
343 598
343 918
343 952
343 957
343 1183
343 1275
343 1339
343 1393
343 1431
343 1706
343 1917
343 1938
344 347
344 349
344 355
344 356
344 358
344 369
344 371
344 372
344 377
344 378
344 380
344 381
344 407
344 412
344 415
344 429
344 432
344 433
344 441
344 449
344 453
344 456
344 478
344 487
344 493
344 654
344 701
344 846
344 1007
344 1349
344 1532
344 1622
344 1712
344 1723
344 1754
344 1816
344 1965
345 346
345 358
345 369
345 373
345 376
345 392
345 394
345 395
345 402
345 406
345 419
345 420
345 422
345 424
345 426
345 440
345 444
345 450
345 458
345 479
345 484
345 485
345 486
345 491
345 546
345 566
345 802
345 866
345 929
345 1026
345 1057
345 1065
345 1137
345 1212
345 1252
345 1446
345 1501
345 1522
345 1625
345 1635
345 1818
346 364
346 374
346 378
346 412
346 414
346 420
346 452
346 455
346 484
346 485
346 633
346 813
346 861
346 1071
346 1134
346 1210
346 1341
346 1535
346 1782
347 352
347 380
347 394
347 404
347 405
347 415
347 445
347 449
347 458
347 468
347 469
347 483
347 1486
347 1611
347 1689
347 1968
347 1981
348 362
348 364
348 368
348 369
348 375
348 385
348 389
348 393
348 399
348 418
348 422
348 424
348 429
348 430
348 439
348 442
348 455
348 460
348 468
348 469
348 470
348 479
348 486
348 495
348 544
348 760
348 800
348 1149
348 1223
348 1235
348 1284
348 1612
348 1884
348 1915
349 354
349 355
349 356
349 372
349 375
349 390
349 393
349 398
349 401
349 409
349 414
349 419
349 426
349 436
349 437
349 445
349 447
349 465
349 474
349 476
349 478
349 486
349 490
349 492
349 493
349 494
349 531
349 831
349 918
349 977
349 1095
349 1148
349 1186
349 1339
349 1342
349 1413
350 366
350 378
350 396
350 399
350 410
350 421
350 423
350 434
350 439
350 444
350 454
350 459
350 464
350 468
350 473
350 480
350 494
350 608
350 655
350 795
350 862
350 1167
350 1268
350 1295
350 1305
350 1525
350 1588
350 1639
350 1720
350 1861
350 1866
350 1921
351 367
351 368
351 375
351 382
351 384
351 386
351 391
351 396
351 409
351 421
351 425
351 432
351 443
351 448
351 453
351 456
351 463
351 469
351 471
351 482
351 523
351 525
351 585
351 958
351 1090
351 1118
351 1278
351 1561
351 1583
351 1599
351 1637
351 1983
352 356
352 362
352 363
352 368
352 397
352 398
352 415
352 420
352 424
352 439
352 443
352 446
352 457
352 460
352 463
352 475
352 477
352 478
352 480
352 487
352 494
352 652
352 847
352 1398
353 356
353 362
353 366
353 375
353 391
353 419
353 420
353 430
353 434
353 444
353 447
353 449
353 456
353 457
353 461
353 479
353 486
353 490
353 492
353 494
353 674
353 809
353 842
353 885
353 955
353 960
353 1059
353 1297
353 1362
353 1551
353 1589
353 1642
353 1743
353 1967
354 365
354 391
354 398
354 407
354 412
354 417
354 436
354 450
354 456
354 457
354 559
354 704
354 1073
354 1214
354 1233
354 1262
354 1471
354 1617
355 361
355 365
355 373
355 376
355 391
355 392
355 401
355 414
355 421
355 434
355 444
355 453
355 458
355 465
355 482
355 593
355 776
355 911
355 1013
355 1390
355 1706
355 1817
355 1909
355 1918
356 372
356 378
356 382
356 388
356 396
356 398
356 404
356 410
356 423
356 425
356 429
356 430
356 431
356 436
356 437
356 438
356 445
356 447
356 467
356 473
356 538
356 576
356 1213
356 1503
356 1584
356 1905
357 362
357 370
357 378
357 385
357 390
357 396
357 408
357 416
357 420
357 425
357 430
357 446
357 456
357 461
357 466
357 468
357 471
357 473
357 481
357 482
357 485
357 486
357 489
357 496
357 572
357 619
357 625
357 691
357 1129
357 1391
357 1451
358 362
358 365
358 368
358 375
358 382
358 385
358 386
358 393
358 394
358 398
358 401
358 407
358 410
358 421
358 422
358 430
358 436
358 438
358 445
358 446
358 460
358 461
358 465
358 476
358 481
358 484
358 485
358 490
358 598
358 615
358 656
358 943
358 1035
358 1100
358 1412
358 1415
358 1425
358 1675
358 1794
359 385
359 400
359 418
359 424
359 447
359 460
359 462
359 463
359 465
359 468
359 469
359 471
359 472
359 473
359 480
359 483
359 553
359 649
359 854
359 1190
359 1563
359 1585
359 1669
359 1704
359 1740
360 365
360 373
360 378
360 383
360 390
360 398
360 404
360 428
360 464
360 472
360 475
360 478
360 479
360 482
360 487
360 492
360 539
360 696
360 825
360 1138
360 1702
360 1925
361 367
361 374
361 375
361 378
361 379
361 388
361 390
361 393
361 401
361 418
361 423
361 427
361 436
361 439
361 444
361 453
361 462
361 463
361 479
361 570
361 623
361 634
361 640
361 677
361 768
361 1351
361 1540
361 1631
361 1718
361 1768
362 369
362 372
362 377
362 393
362 404
362 420
362 421
362 425
362 439
362 453
362 456
362 464
362 479
362 480
362 484
362 486
362 489
362 492
362 494
362 1406
362 1422
362 1568
362 1763
363 367
363 386
363 389
363 391
363 407
363 412
363 421
363 427
363 435
363 455
363 460
363 474
363 491
363 497
363 627
363 800
363 801
363 829
363 1022
363 1097
363 1893
363 1974
364 376
364 380
364 385
364 387
364 398
364 399
364 403
364 424
364 434
364 443
364 459
364 464
364 467
364 482
364 491
364 502
364 623
364 846
364 862
364 873
364 1336
364 1973
365 379
365 381
365 393
365 396
365 398
365 399
365 418
365 421
365 428
365 432
365 441
365 448
365 451
365 452
365 465
365 467
365 481
365 490
365 492
365 602
365 686
365 724
365 1401
365 1673
366 370
366 371
366 378
366 390
366 393
366 419
366 422
366 423
366 435
366 436
366 445
366 456
366 457
366 471
366 478
366 486
366 489
366 493
366 495
366 700
366 729
366 766
366 928
366 976
366 1022
366 1311
366 1496
366 1801
366 1818
366 1919
367 374
367 375
367 389
367 391
367 394
367 395
367 400
367 405
367 410
367 423
367 441
367 453
367 455
367 471
367 474
367 478
367 481
367 490
367 496
367 540
367 636
367 789
367 1069
367 1143
367 1217
367 1293
367 1335
367 1399
367 1421
367 1552
367 1705
367 1846
367 1849
367 1920
368 374
368 381
368 391
368 392
368 394
368 395
368 400
368 417
368 420
368 421
368 429
368 432
368 442
368 447
368 470
368 494
368 495
368 622
368 825
368 831
368 858
368 1289
368 1975
369 387
369 397
369 406
369 408
369 427
369 446
369 449
369 481
369 493
369 501
369 596
369 607
369 855
369 1379
369 1717
369 1837
370 374
370 376
370 386
370 394
370 407
370 424
370 434
370 471
370 493
370 751
370 1215
370 1216
370 1368
370 1397
370 1838
370 1935
370 1973
371 377
371 384
371 392
371 400
371 409
371 412
371 413
371 417
371 428
371 445
371 446
371 450
371 464
371 475
371 490
371 502
371 540
371 605
371 1044
371 1167
371 1233
371 1616
371 1631
371 1683
371 1824
371 1897
372 373
372 375
372 377
372 378
372 382
372 386
372 388
372 394
372 398
372 399
372 413
372 416
372 417
372 425
372 466
372 473
372 475
372 742
372 967
372 979
372 1021
372 1339
372 1361
372 1695
372 1966
372 1973
373 376
373 377
373 384
373 390
373 399
373 401
373 412
373 425
373 426
373 430
373 435
373 440
373 455
373 461
373 466
373 478
373 484
373 614
373 688
373 710
373 745
373 887
373 1163
373 1173
373 1175
373 1342
373 1354
373 1477
373 1539
373 1572
374 377
374 381
374 382
374 387
374 397
374 405
374 411
374 420
374 422
374 434
374 438
374 445
374 450
374 455
374 485
374 488
374 494
374 734
374 819
374 836
374 875
374 1071
374 1180
374 1217
374 1444
374 1880
375 385
375 388
375 396
375 398
375 412
375 435
375 443
375 444
375 445
375 452
375 453
375 454
375 461
375 473
375 477
375 488
375 489
375 491
375 535
375 549
375 836
375 853
375 990
375 1063
375 1165
375 1196
375 1215
375 1251
375 1330
375 1371
375 1643
375 1916
375 1958
375 1982
376 381
376 384
376 388
376 389
376 400
376 406
376 420
376 426
376 434
376 442
376 455
376 461
376 464
376 472
376 496
376 539
376 905
376 1111
376 1209
376 1303
376 1356
376 1506
376 1640
376 1667
376 1692
376 1832
376 1834
376 1922
377 392
377 400
377 411
377 414
377 439
377 441
377 456
377 461
377 462
377 464
377 465
377 468
377 472
377 473
377 479
377 711
377 942
377 1064
377 1070
377 1223
377 1318
377 1327
377 1468
377 1491
377 1516
377 1552
377 1603
377 1648
377 1896
377 1984
378 389
378 398
378 407
378 432
378 433
378 445
378 449
378 452
378 456
378 476
378 478
378 484
378 562
378 568
378 611
378 621
378 793
378 1071
378 1194
378 1263
378 1342
378 1430
378 1571
378 1573
378 1908
378 1910
379 382
379 385
379 387
379 397
379 399
379 401
379 416
379 422
379 425
379 436
379 443
379 444
379 462
379 464
379 484
379 487
379 542
379 571
379 639
379 860
379 1393
379 1435
379 1454
379 1874
380 392
380 398
380 404
380 413
380 419
380 443
380 454
380 455
380 460
380 470
380 471
380 474
380 492
380 527
380 711
380 814
380 939
380 970
380 981
380 1181
380 1276
380 1733
380 1796
380 1833
380 1912
380 1962
381 387
381 402
381 405
381 408
381 420
381 431
381 432
381 435
381 447
381 448
381 466
381 481
381 641
381 866
381 872
381 900
381 1013
381 1275
381 1385
381 1569
381 1572
381 1752
381 1763
381 1941
382 393
382 399
382 405
382 408
382 429
382 437
382 444
382 452
382 453
382 462
382 466
382 471
382 474
382 479
382 629
382 765
382 1005
382 1164
382 1376
382 1592
382 1611
382 1864
382 1916
382 1980
383 388
383 394
383 406
383 409
383 424
383 427
383 441
383 443
383 458
383 470
383 476
383 479
383 488
383 494
383 526
383 913
383 1108
383 1137
383 1257
383 1306
383 1560
383 1624
384 388
384 399
384 401
384 403
384 405
384 413
384 416
384 417
384 423
384 427
384 453
384 454
384 478
384 480
384 490
384 496
384 625
384 816
384 914
384 1010
384 1084
384 1343
384 1401
385 395
385 397
385 398
385 429
385 431
385 432
385 438
385 442
385 448
385 451
385 461
385 466
385 475
385 477
385 478
385 486
385 494
385 645
385 699
385 805
385 1172
385 1460
385 1559
385 1878
386 414
386 418
386 430
386 437
386 438
386 442
386 445
386 448
386 458
386 461
386 469
386 471
386 475
386 480
386 482
386 486
386 490
386 777
386 1108
386 1117
386 1222
386 1227
386 1330
386 1595
386 1630
387 393
387 400
387 412
387 426
387 432
387 435
387 439
387 441
387 455
387 456
387 458
387 483
387 492
387 495
387 826
387 1369
387 1432
387 1919
388 389
388 391
388 392
388 393
388 400
388 420
388 430
388 440
388 451
388 452
388 455
388 460
388 481
388 482
388 496
388 695
388 758
388 784
388 861
388 891
388 1056
388 1327
388 1332
388 1770
388 1870
388 1972
388 1975
389 395
389 404
389 405
389 412
389 419
389 424
389 425
389 431
389 436
389 439
389 463
389 465
389 475
389 476
389 481
389 491
389 518
389 646
389 764
389 1279
389 1548
389 1575
389 1587
389 1843
390 403
390 406
390 410
390 412
390 426
390 427
390 433
390 446
390 448
390 453
390 455
390 457
390 460
390 461
390 470
390 474
390 477
390 478
390 491
390 701
390 1175
390 1545
390 1919
390 1965
391 394
391 413
391 415
391 426
391 436
391 439
391 441
391 447
391 453
391 462
391 469
391 480
391 486
391 487
391 491
391 760
391 832
391 899
391 964
391 1061
391 1140
391 1153
391 1158
391 1373
391 1374
391 1453
391 1616
391 1689
391 1793
391 1961
392 395
392 399
392 404
392 407
392 411
392 412
392 419
392 420
392 423
392 430
392 454
392 459
392 474
392 478
392 485
392 486
392 506
392 550
392 616
392 704
392 749
392 921
392 969
392 1248
392 1855
393 399
393 401
393 404
393 406
393 407
393 409
393 415
393 426
393 428
393 443
393 447
393 448
393 463
393 468
393 479
393 595
393 626
393 728
393 923
393 957
393 1094
393 1172
393 1691
393 1710
393 1977
394 396
394 408
394 418
394 420
394 422
394 423
394 432
394 434
394 437
394 442
394 443
394 473
394 488
394 491
394 613
394 702
394 812
394 962
394 1078
394 1219
394 1345
394 1508
394 1511
394 1593
394 1634
394 1794
394 1829
395 398
395 425
395 426
395 447
395 456
395 462
395 465
395 466
395 482
395 484
395 488
395 492
395 493
395 615
395 646
395 767
395 827
395 831
395 844
395 1040
395 1061
395 1871
396 402
396 409
396 412
396 419
396 434
396 436
396 441
396 447
396 456
396 471
396 472
396 482
396 486
396 748
396 773
396 776
396 911
396 1155
396 1476
396 1514
396 1574
396 1956
397 420
397 424
397 428
397 439
397 442
397 445
397 446
397 468
397 469
397 474
397 488
397 495
397 496
397 567
397 599
397 806
397 1022
397 1168
397 1561
397 1777
397 1985
398 404
398 414
398 417
398 423
398 425
398 428
398 436
398 449
398 458
398 470
398 472
398 486
398 657
398 742
398 859
398 993
398 1088
398 1096
398 1276
398 1663
398 1831
399 411
399 422
399 430
399 434
399 460
399 473
399 475
399 514
399 1053
399 1099
399 1202
399 1259
399 1659
399 1723
399 1735
399 1854
400 401
400 418
400 423
400 431
400 433
400 438
400 440
400 456
400 466
400 470
400 471
400 476
400 501
400 861
400 887
400 921
400 994
400 1179
400 1477
400 1588
400 1627
400 1690
400 1784
400 1895
401 405
401 417
401 419
401 425
401 429
401 430
401 442
401 448
401 455
401 482
401 487
401 488
401 489
401 490
401 496
401 508
401 1100
401 1153
401 1483
401 1624
401 1693
401 1721
401 1903
401 1979
401 1983
402 403
402 417
402 419
402 423
402 427
402 455
402 460
402 465
402 466
402 491
402 782
402 826
402 1116
402 1168
402 1225
402 1696
402 1804
402 1830
403 409
403 410
403 413
403 415
403 426
403 429
403 439
403 443
403 444
403 448
403 460
403 461
403 462
403 478
403 485
403 495
403 520
403 626
403 685
403 898
403 962
403 984
403 1376
403 1452
403 1587
403 1620
403 1853
403 1982
404 406
404 413
404 452
404 464
404 469
404 470
404 477
404 491
404 657
404 898
404 1137
404 1179
404 1237
404 1255
404 1329
404 1418
404 1455
404 1733
404 1866
404 1967
405 416
405 445
405 449
405 454
405 459
405 460
405 468
405 475
405 476
405 479
405 1112
405 1185
405 1201
405 1475
405 1498
405 1622
405 1764
405 1917
406 409
406 416
406 436
406 437
406 446
406 479
406 483
406 491
406 493
406 494
406 721
406 809
406 964
406 1073
406 1175
406 1285
406 1315
406 1343
406 1376
406 1827
407 411
407 418
407 419
407 423
407 443
407 448
407 449
407 456
407 458
407 468
407 475
407 477
407 483
407 485
407 487
407 492
407 623
407 655
407 667
407 688
407 961
407 997
407 1034
407 1119
407 1122
407 1394
407 1402
407 1479
407 1738
407 1842
407 1860
407 1871
407 1971
408 427
408 435
408 439
408 456
408 457
408 460
408 475
408 564
408 633
408 855
408 915
408 964
408 1054
408 1497
408 1507
408 1674
409 415
409 421
409 423
409 426
409 437
409 442
409 445
409 466
409 470
409 479
409 482
409 494
409 495
409 574
409 650
409 675
409 840
409 1206
409 1220
409 1881
409 1918
409 1978
410 416
410 426
410 429
410 431
410 449
410 458
410 464
410 466
410 470
410 481
410 496
410 528
410 736
410 789
410 872
410 1351
410 1431
410 1806
410 1954
411 429
411 436
411 451
411 460
411 469
411 472
411 474
411 476
411 479
411 485
411 491
411 730
411 869
411 1009
411 1041
411 1138
411 1172
411 1267
411 1305
411 1355
412 413
412 414
412 416
412 428
412 433
412 466
412 468
412 475
412 476
412 492
412 536
412 631
412 645
412 798
412 1213
412 1220
412 1614
412 1701
412 1801
412 1813
412 1817
412 1907
413 421
413 441
413 444
413 446
413 450
413 453
413 464
413 476
413 483
413 486
413 490
413 492
413 525
413 764
413 807
413 1308
413 1368
413 1410
413 1548
413 1583
413 1672
413 1817
413 1917
413 1938
414 416
414 422
414 433
414 446
414 463
414 464
414 477
414 480
414 482
414 1406
414 1540
414 1985
415 418
415 419
415 429
415 447
415 451
415 454
415 459
415 461
415 466
415 470
415 478
415 482
415 485
415 550
415 752
415 762
415 774
415 954
415 1165
415 1467
415 1685
416 417
416 424
416 450
416 474
416 485
416 490
416 496
416 502
416 715
416 915
416 991
416 1012
416 1079
416 1647
416 1682
416 1762
416 1915
417 429
417 431
417 442
417 458
417 462
417 470
417 490
417 538
417 715
417 755
417 771
417 1055
417 1296
417 1406
417 1626
417 1631
417 1788
417 1945
417 1948
418 422
418 426
418 431
418 444
418 450
418 458
418 473
418 474
418 476
418 483
418 580
418 582
418 880
418 891
418 946
418 1260
418 1559
418 1586
418 1656
418 1869
418 1876
418 1943
419 431
419 432
419 436
419 437
419 463
419 470
419 484
419 485
419 489
419 492
419 494
419 630
419 766
419 892
419 896
419 1080
419 1330
419 1336
419 1347
419 1526
419 1551
419 1674
419 1936
420 427
420 436
420 440
420 443
420 445
420 447
420 450
420 452
420 459
420 471
420 476
420 485
420 495
420 1009
420 1097
420 1111
420 1202
420 1390
420 1509
420 1741
421 429
421 430
421 433
421 441
421 442
421 453
421 459
421 464
421 472
421 476
421 483
421 495
421 499
421 500
421 582
421 777
421 952
421 986
421 1014
421 1326
421 1438
421 1656
421 1773
421 1937
421 1959
422 426
422 427
422 428
422 443
422 447
422 452
422 458
422 466
422 469
422 479
422 488
422 493
422 495
422 592
422 605
422 672
422 784
422 1078
422 1228
422 1261
422 1312
422 1344
422 1418
422 1652
422 1670
422 1811
423 427
423 438
423 448
423 458
423 463
423 469
423 496
423 604
423 677
423 1031
423 1197
423 1435
423 1653
423 1812
423 1813
423 1831
424 428
424 444
424 448
424 468
424 471
424 488
424 544
424 625
424 748
424 859
424 899
424 952
424 1195
424 1236
424 1443
424 1957
425 430
425 434
425 435
425 438
425 440
425 448
425 458
425 460
425 472
425 479
425 490
425 494
425 495
425 496
425 540
425 953
425 1224
425 1335
425 1379
425 1464
425 1617
425 1695
425 1739
425 1783
425 1840
425 1912
425 1934
425 1945
426 444
426 448
426 451
426 453
426 457
426 469
426 470
426 484
426 487
426 727
426 846
426 878
426 960
426 1251
426 1374
426 1676
426 1684
426 1699
427 438
427 442
427 457
427 460
427 462
427 470
427 482
427 567
427 644
427 709
427 909
427 913
427 952
427 1086
427 1285
427 1291
427 1441
427 1507
427 1520
427 1663
427 1821
427 1871
428 435
428 443
428 451
428 454
428 455
428 459
428 460
428 467
428 484
428 606
428 679
428 701
428 808
428 948
428 964
428 1031
428 1134
428 1200
428 1510
428 1511
428 1554
428 1615
428 1672
428 1882
428 1899
428 1939
429 441
429 462
429 465
429 482
429 495
429 507
429 595
429 752
429 772
429 1287
429 1362
429 1413
429 1479
429 1766
430 431
430 435
430 447
430 452
430 456
430 464
430 471
430 480
430 483
430 490
430 494
430 913
430 1041
430 1576
431 440
431 444
431 461
431 472
431 477
431 487
431 491
431 493
431 612
431 633
431 904
431 1018
431 1629
431 1772
431 1837
431 1853
432 438
432 443
432 458
432 491
432 495
432 536
432 639
432 784
432 873
432 1007
432 1067
432 1138
432 1372
432 1412
432 1697
432 1755
432 1847
432 1967
433 436
433 439
433 444
433 454
433 455
433 471
433 473
433 474
433 476
433 480
433 489
433 692
433 810
433 1093
433 1503
433 1648
433 1728
434 435
434 449
434 454
434 479
434 482
434 487
434 488
434 496
434 696
434 798
434 1047
434 1334
434 1360
434 1368
434 1588
435 439
435 450
435 452
435 460
435 473
435 475
435 477
435 479
435 495
435 824
435 1676
435 1690
435 1724
435 1745
435 1748
435 1798
435 1885
436 444
436 452
436 465
436 467
436 489
436 490
436 495
436 1241
436 1605
436 1730
437 449
437 465
437 483
437 496
437 609
437 838
437 841
437 844
437 1185
437 1520
437 1789
437 1867
437 1973
437 1974
438 466
438 473
438 475
438 615
438 707
438 793
438 807
438 919
438 986
438 1271
438 1508
438 1657
438 1903
439 446
439 461
439 464
439 471
439 478
439 481
439 483
439 487
439 496
439 593
439 651
439 816
439 821
439 978
439 1001
439 1062
439 1308
439 1501
439 1524
439 1677
439 1699
439 1722
439 1739
439 1826
439 1870
440 443
440 451
440 455
440 467
440 471
440 472
440 482
440 496
440 506
440 776
440 932
440 1281
440 1445
440 1465
440 1917
441 449
441 452
441 466
441 470
441 471
441 472
441 483
441 484
441 485
441 495
441 603
441 609
441 661
441 756
441 1137
441 1215
441 1425
441 1563
441 1636
442 451
442 455
442 465
442 466
442 475
442 477
442 487
442 488
442 1124
442 1331
442 1528
442 1658
442 1869
443 453
443 457
443 461
443 464
443 481
443 482
443 491
443 496
443 552
443 803
443 970
443 1085
443 1321
443 1415
443 1573
443 1574
443 1583
443 1696
443 1731
443 1789
443 1790
444 454
444 457
444 459
444 466
444 467
444 477
444 481
444 484
444 487
444 540
444 747
444 1406
444 1613
444 1893
444 1929
445 447
445 454
445 459
445 463
445 464
445 467
445 479
445 481
445 487
445 595
445 662
445 744
445 809
445 882
445 1038
445 1054
445 1461
445 1553
445 1648
445 1728
445 1790
445 1830
445 1917
446 484
446 485
446 493
446 646
446 669
446 686
446 691
446 930
446 1072
446 1171
446 1172
446 1203
446 1267
446 1354
446 1488
446 1647
446 1734
447 449
447 452
447 453
447 454
447 457
447 467
447 468
447 473
447 650
447 651
447 746
447 861
447 994
447 1555
447 1706
447 1906
448 462
448 466
448 470
448 472
448 477
448 490
448 496
448 643
448 962
448 969
448 1134
448 1160
448 1250
448 1926
449 450
449 452
449 455
449 461
449 468
449 471
449 486
449 487
449 489
449 833
449 1087
449 1093
449 1158
449 1284
449 1392
450 457
450 459
450 466
450 471
450 475
450 493
450 496
450 644
450 769
450 774
450 1024
450 1206
450 1589
450 1602
450 1867
451 458
451 472
451 764
451 1429
451 1518
451 1726
451 1849
451 1899
451 1930
452 455
452 458
452 468
452 477
452 483
452 489
452 490
452 492
452 495
452 559
452 606
452 662
452 856
452 1023
452 1236
452 1569
452 1726
452 1856
453 463
453 487
453 489
453 494
453 573
453 587
453 702
453 729
453 1118
453 1240
453 1494
453 1534
453 1602
453 1750
453 1772
453 1831
453 1976
454 456
454 462
454 479
454 525
454 532
454 708
454 914
454 1092
454 1131
454 1323
454 1548
454 1802
454 1938
455 457
455 498
455 518
455 809
455 1114
455 1200
455 1369
455 1463
455 1630
455 1633
455 1803
456 476
456 483
456 703
456 892
456 1231
456 1636
456 1972
457 471
457 475
457 477
457 484
457 487
457 1195
457 1322
457 1375
457 1463
457 1490
457 1609
457 1669
457 1747
457 1774
458 465
458 469
458 474
458 480
458 487
458 496
458 585
458 875
458 915
458 970
458 1012
458 1315
458 1359
458 1453
458 1561
458 1800
459 468
459 474
459 475
459 488
459 490
459 493
459 512
459 531
459 721
459 1117
459 1543
459 1612
459 1651
459 1692
459 1732
459 1769
459 1846
459 1864
460 468
460 471
460 485
460 487
460 491
460 492
460 495
460 546
460 570
460 877
460 1396
460 1623
460 1765
460 1774
460 1862
460 1935
461 471
461 472
461 482
461 485
461 645
461 1093
461 1158
461 1278
461 1345
461 1446
461 1527
461 1607
461 1675
461 1780
461 1849
461 1869
462 466
462 473
462 476
462 480
462 481
462 484
462 486
462 488
462 522
462 722
462 758
462 793
462 902
462 1266
462 1365
462 1501
462 1509
462 1868
463 474
463 481
463 491
463 494
463 511
463 754
463 842
463 1001
463 1045
463 1098
463 1101
463 1162
463 1404
463 1552
463 1554
463 1639
463 1722
463 1957
464 486
464 875
465 471
465 488
465 1093
465 1176
465 1194
465 1264
465 1669
465 1920
465 1921
466 472
466 486
466 491
466 493
466 494
466 523
466 588
466 601
466 799
466 823
466 826
466 855
466 918
466 972
466 1124
466 1260
466 1438
466 1665
466 1936
467 490
467 493
467 494
467 495
467 551
467 582
467 709
467 781
467 811
467 912
467 922
467 1086
467 1202
467 1288
467 1552
467 1705
467 1805
467 1847
467 1949
467 1958
468 472
468 479
468 480
468 481
468 484
468 491
468 722
468 1361
468 1397
468 1484
468 1530
468 1603
468 1623
469 474
469 478
469 483
469 489
469 1103
469 1300
469 1445
469 1519
469 1576
469 1828
469 1907
469 1983
469 1987
470 482
470 486
470 491
470 672
470 756
470 832
470 866
470 954
470 1041
470 1226
470 1308
470 1514
470 1523
470 1530
470 1604
470 1943
470 1948
471 476
471 480
471 484
471 491
471 492
471 576
471 707
471 804
471 888
471 1234
471 1270
471 1325
471 1519
471 1586
471 1647
471 1783
472 489
472 490
472 588
472 634
472 1177
472 1232
472 1432
472 1443
472 1499
472 1660
472 1856
473 478
473 486
473 527
473 734
473 952
473 964
473 1173
473 1235
473 1277
473 1311
473 1367
473 1423
473 1430
473 1682
473 1920
474 485
474 627
474 781
474 1082
474 1088
474 1113
474 1155
474 1204
474 1205
474 1464
474 1502
474 1651
475 483
475 484
475 493
475 531
475 732
475 783
475 825
475 1359
475 1402
475 1429
475 1508
475 1536
475 1570
475 1661
475 1792
475 1879
475 1907
475 1975
476 481
476 497
476 690
476 897
476 958
476 1661
477 480
477 482
477 483
477 489
477 879
477 1315
477 1429
477 1726
478 483
478 502
478 521
478 727
478 817
478 1101
478 1122
478 1132
478 1150
478 1305
478 1342
478 1391
478 1458
478 1504
478 1681
478 1733
478 1885
478 1967
479 491
479 498
479 963
479 978
479 998
479 1078
479 1154
479 1382
479 1498
479 1532
479 1604
479 1635
479 1683
479 1814
479 1885
479 1931
479 1949
480 486
480 489
480 682
480 688
480 821
480 980
480 1100
480 1227
480 1416
480 1796
480 1974
481 708
481 808
481 917
481 1028
481 1051
481 1061
481 1200
481 1256
481 1729
481 1810
481 1883
482 485
482 491
482 492
482 589
482 630
482 819
482 914
482 1000
482 1175
482 1177
482 1431
482 1772
482 1969
483 496
483 774
483 791
483 903
483 911
483 914
483 924
483 925
483 1145
483 1226
483 1237
483 1310
483 1639
483 1763
484 490
484 579
484 617
484 623
484 668
484 820
484 1299
484 1434
484 1468
485 488
485 492
485 494
485 1112
485 1117
485 1423
485 1469
485 1566
485 1622
485 1781
486 494
486 621
486 692
486 856
486 886
486 1280
486 1324
486 1458
486 1513
486 1730
486 1798
487 571
487 612
487 685
487 755
487 855
487 930
487 995
487 1014
487 1478
487 1486
487 1511
487 1521
487 1531
487 1545
487 1620
487 1681
488 493
488 611
488 838
488 1201
488 1307
488 1350
488 1352
488 1378
488 1412
488 1665
488 1742
488 1805
488 1897
489 494
489 805
489 986
489 1185
489 1427
489 1845
489 1934
490 491
490 690
490 719
490 940
490 992
490 1026
490 1187
490 1193
490 1277
490 1341
490 1559
490 1648
490 1688
490 1821
490 1895
491 576
491 821
491 822
491 902
491 984
491 1057
491 1199
491 1286
491 1313
491 1412
491 1529
491 1532
491 1551
491 1756
491 1768
492 745
492 798
492 1095
492 1373
492 1455
492 1516
492 1550
492 1739
492 1892
493 640
493 723
493 958
493 1046
493 1142
493 1528
493 1547
493 1838
494 537
494 654
494 1072
494 1397
494 1962
494 1980
495 552
495 577
495 908
495 957
495 982
495 1005
495 1028
495 1039
495 1560
495 1565
495 1689
495 1924
495 1955
495 1983
496 811
496 916
496 992
496 1324
496 1715
497 498
497 499
497 508
497 515
497 517
497 527
497 533
497 536
497 537
497 539
497 540
497 542
497 547
497 549
497 561
497 563
497 564
497 567
497 570
497 578
497 586
497 589
497 590
497 602
497 614
497 618
497 620
497 622
497 630
497 631
497 636
497 644
497 647
497 648
497 653
497 655
497 658
497 670
497 674
497 677
497 692
497 693
497 699
497 722
497 724
497 735
497 736
497 738
497 758
497 759
497 762
497 771
497 773
497 781
497 783
497 785
497 804
497 805
497 811
497 824
497 833
497 839
497 851
497 863
497 879
497 885
497 908
497 924
497 947
497 953
497 956
497 957
497 959
497 969
497 1340
497 1454
497 1806
497 1811
498 511
498 515
498 516
498 520
498 546
498 564
498 566
498 569
498 581
498 583
498 600
498 615
498 630
498 636
498 645
498 646
498 653
498 654
498 664
498 667
498 670
498 679
498 684
498 693
498 694
498 698
498 723
498 724
498 731
498 748
498 750
498 753
498 757
498 761
498 788
498 790
498 801
498 803
498 810
498 828
498 864
498 870
498 892
498 897
498 900
498 927
498 930
498 935
498 954
498 965
498 971
498 973
498 980
498 988
498 989
498 1058
498 1430
498 1500
498 1543
498 1696
499 502
499 509
499 519
499 526
499 535
499 545
499 546
499 555
499 567
499 577
499 579
499 588
499 589
499 596
499 604
499 608
499 624
499 632
499 636
499 641
499 642
499 650
499 654
499 655
499 659
499 671
499 673
499 679
499 680
499 697
499 720
499 721
499 736
499 741
499 747
499 783
499 784
499 791
499 796
499 802
499 812
499 817
499 823
499 831
499 848
499 850
499 851
499 861
499 869
499 875
499 879
499 881
499 885
499 888
499 898
499 917
499 918
499 931
499 936
499 939
499 946
499 960
499 992
499 1018
499 1424
499 1490
499 1537
499 1552
499 1603
499 1655
499 1746
499 1914
500 506
500 512
500 520
500 528
500 529
500 531
500 534
500 537
500 541
500 560
500 565
500 576
500 582
500 583
500 589
500 592
500 596
500 602
500 606
500 612
500 617
500 625
500 651
500 654
500 669
500 678
500 695
500 698
500 711
500 716
500 730
500 736
500 745
500 748
500 764
500 765
500 768
500 780
500 784
500 785
500 787
500 802
500 804
500 806
500 812
500 814
500 817
500 839
500 843
500 848
500 851
500 857
500 860
500 876
500 886
500 888
500 915
500 920
500 932
500 936
500 946
500 963
500 973
500 975
500 978
500 1074
500 1086
500 1163
500 1294
500 1516
500 1825
500 1885
501 504
501 508
501 510
501 511
501 547
501 555
501 558
501 578
501 589
501 593
501 600
501 609
501 610
501 619
501 624
501 637
501 639
501 645
501 650
501 652
501 656
501 657
501 660
501 690
501 694
501 714
501 725
501 728
501 738
501 749
501 784
501 786
501 787
501 794
501 795
501 797
501 802
501 822
501 824
501 828
501 835
501 854
501 858
501 859
501 863
501 867
501 874
501 882
501 885
501 889
501 901
501 906
501 915
501 918
501 919
501 925
501 935
501 936
501 942
501 944
501 945
501 948
501 951
501 952
501 954
501 955
501 958
501 963
501 969
501 977
501 978
501 1189
501 1194
501 1481
501 1929
502 503
502 521
502 539
502 543
502 556
502 565
502 569
502 593
502 596
502 604
502 608
502 610
502 628
502 639
502 665
502 668
502 673
502 676
502 677
502 681
502 683
502 686
502 689
502 690
502 700
502 705
502 716
502 719
502 725
502 727
502 731
502 740
502 744
502 756
502 765
502 766
502 778
502 789
502 809
502 812
502 815
502 817
502 822
502 827
502 832
502 851
502 864
502 866
502 867
502 869
502 873
502 881
502 905
502 916
502 920
502 929
502 939
502 941
502 942
502 950
502 953
502 965
502 967
502 974
502 979
502 983
502 985
502 992
502 1144
502 1342
502 1362
502 1491
502 1575
502 1796
502 1801
502 1930
503 505
503 507
503 514
503 516
503 520
503 530
503 532
503 535
503 552
503 566
503 574
503 579
503 580
503 587
503 591
503 611
503 615
503 626
503 627
503 649
503 652
503 657
503 675
503 678
503 679
503 681
503 688
503 689
503 705
503 708
503 710
503 728
503 737
503 746
503 750
503 761
503 769
503 772
503 778
503 792
503 795
503 807
503 809
503 818
503 855
503 860
503 863
503 865
503 866
503 882
503 898
503 910
503 914
503 927
503 929
503 940
503 960
503 968
503 969
503 980
503 991
503 1038
503 1153
503 1839
503 1962
504 507
504 514
504 520
504 521
504 524
504 525
504 528
504 533
504 546
504 547
504 548
504 555
504 561
504 567
504 575
504 582
504 587
504 612
504 613
504 618
504 620
504 622
504 623
504 635
504 643
504 653
504 667
504 670
504 700
504 708
504 718
504 720
504 741
504 748
504 752
504 753
504 755
504 756
504 761
504 769
504 785
504 795
504 797
504 805
504 809
504 811
504 812
504 816
504 819
504 824
504 829
504 834
504 840
504 850
504 851
504 855
504 861
504 862
504 868
504 874
504 876
504 877
504 886
504 924
504 936
504 944
504 945
504 952
504 958
504 970
504 972
504 978
504 986
504 987
504 1000
504 1252
504 1286
504 1384
504 1470
504 1548
504 1551
504 1744
504 1865
505 514
505 531
505 546
505 550
505 555
505 570
505 571
505 608
505 612
505 625
505 628
505 630
505 638
505 652
505 663
505 667
505 683
505 692
505 710
505 727
505 743
505 744
505 750
505 761
505 788
505 806
505 815
505 829
505 841
505 849
505 865
505 872
505 874
505 875
505 877
505 878
505 882
505 884
505 888
505 891
505 908
505 918
505 932
505 938
505 941
505 956
505 962
505 966
505 967
505 978
505 980
505 983
505 988
505 1047
505 1286
505 1669
505 1680
506 510
506 513
506 515
506 516
506 519
506 524
506 537
506 544
506 553
506 554
506 563
506 565
506 574
506 589
506 595
506 610
506 621
506 633
506 651
506 655
506 659
506 665
506 668
506 669
506 671
506 687
506 691
506 695
506 697
506 707
506 709
506 710
506 725
506 729
506 736
506 742
506 744
506 754
506 764
506 765
506 767
506 768
506 769
506 771
506 773
506 776
506 787
506 799
506 801
506 840
506 856
506 870
506 874
506 879
506 887
506 898
506 907
506 908
506 918
506 930
506 936
506 943
506 945
506 948
506 962
506 983
506 1018
506 1055
506 1089
506 1274
506 1321
506 1369
506 1427
506 1673
506 1688
506 1923
506 1936
507 513
507 518
507 539
507 541
507 543
507 544
507 545
507 550
507 552
507 557
507 569
507 570
507 585
507 586
507 587
507 592
507 594
507 611
507 612
507 617
507 627
507 629
507 631
507 635
507 645
507 658
507 670
507 671
507 701
507 713
507 734
507 742
507 744
507 747
507 753
507 784
507 788
507 792
507 804
507 826
507 833
507 844
507 871
507 889
507 893
507 906
507 916
507 932
507 937
507 938
507 940
507 971
507 977
507 979
507 984
507 1167
508 509
508 526
508 542
508 543
508 545
508 548
508 557
508 558
508 560
508 571
508 583
508 594
508 599
508 605
508 609
508 611
508 615
508 621
508 626
508 632
508 636
508 638
508 650
508 653
508 656
508 661
508 662
508 677
508 678
508 680
508 681
508 685
508 712
508 715
508 736
508 755
508 757
508 762
508 763
508 765
508 791
508 797
508 811
508 845
508 863
508 869
508 871
508 884
508 885
508 903
508 907
508 909
508 926
508 959
508 965
508 968
508 970
508 972
508 975
508 979
508 983
508 992
508 993
508 1115
508 1256
508 1500
508 1605
508 1627
508 1660
508 1852
508 1937
509 515
509 516
509 525
509 545
509 562
509 574
509 582
509 583
509 597
509 622
509 629
509 643
509 644
509 650
509 659
509 662
509 666
509 670
509 671
509 673
509 676
509 689
509 702
509 703
509 728
509 729
509 731
509 745
509 762
509 770
509 771
509 782
509 786
509 794
509 795
509 800
509 802
509 809
509 813
509 827
509 831
509 838
509 853
509 855
509 869
509 880
509 889
509 895
509 899
509 902
509 905
509 920
509 927
509 933
509 935
509 937
509 944
509 952
509 954
509 967
509 968
509 970
509 980
509 982
509 988
509 989
509 991
509 993
509 1110
509 1339
509 1460
509 1817
509 1858
510 512
510 524
510 525
510 535
510 545
510 547
510 548
510 558
510 559
510 573
510 574
510 576
510 591
510 597
510 616
510 618
510 621
510 622
510 637
510 672
510 675
510 678
510 681
510 682
510 688
510 691
510 704
510 723
510 747
510 757
510 773
510 785
510 787
510 788
510 789
510 816
510 824
510 827
510 830
510 835
510 845
510 873
510 877
510 878
510 889
510 903
510 910
510 911
510 912
510 927
510 961
510 976
510 982
510 985
510 990
510 1225
510 1424
510 1566
510 1578
510 1724
511 512
511 529
511 536
511 538
511 539
511 540
511 543
511 557
511 571
511 585
511 588
511 597
511 604
511 607
511 613
511 615
511 621
511 625
511 626
511 629
511 633
511 634
511 637
511 640
511 649
511 655
511 663
511 686
511 696
511 698
511 700
511 708
511 714
511 715
511 717
511 732
511 737
511 750
511 770
511 780
511 790
511 792
511 797
511 800
511 821
511 824
511 834
511 842
511 858
511 864
511 876
511 882
511 890
511 896
511 905
511 910
511 917
511 923
511 930
511 932
511 945
511 956
511 963
511 965
511 967
511 976
511 1045
511 1406
511 1468
511 1578
511 1664
511 1689
511 1783
511 1821
511 1896
512 513
512 516
512 530
512 534
512 538
512 548
512 575
512 576
512 578
512 590
512 592
512 597
512 605
512 608
512 614
512 616
512 619
512 626
512 636
512 640
512 646
512 656
512 667
512 671
512 685
512 686
512 690
512 697
512 710
512 719
512 727
512 730
512 731
512 743
512 771
512 775
512 797
512 802
512 816
512 822
512 828
512 832
512 835
512 839
512 841
512 851
512 853
512 865
512 879
512 883
512 884
512 887
512 889
512 890
512 891
512 892
512 896
512 898
512 903
512 907
512 917
512 935
512 943
512 950
512 956
512 961
512 974
512 1231
512 1275
512 1298
512 1353
512 1374
512 1647
512 1834
512 1870
513 522
513 539
513 547
513 562
513 565
513 573
513 577
513 579
513 580
513 583
513 587
513 614
513 620
513 623
513 628
513 631
513 641
513 642
513 643
513 657
513 662
513 677
513 682
513 683
513 686
513 692
513 702
513 705
513 708
513 715
513 719
513 721
513 728
513 733
513 746
513 770
513 776
513 792
513 793
513 801
513 810
513 820
513 822
513 825
513 845
513 861
513 865
513 869
513 872
513 885
513 893
513 901
513 906
513 909
513 916
513 920
513 928
513 931
513 933
513 934
513 940
513 950
513 953
513 955
513 961
513 963
513 965
513 975
513 976
513 994
513 1082
513 1101
513 1145
513 1152
513 1245
513 1515
513 1518
513 1833
514 516
514 523
514 527
514 545
514 567
514 574
514 578
514 582
514 586
514 591
514 594
514 609
514 618
514 628
514 634
514 638
514 641
514 654
514 663
514 676
514 679
514 680
514 703
514 704
514 707
514 710
514 711
514 731
514 740
514 748
514 749
514 750
514 760
514 763
514 779
514 794
514 796
514 807
514 809
514 810
514 815
514 822
514 824
514 830
514 832
514 835
514 839
514 846
514 847
514 849
514 850
514 854
514 859
514 864
514 866
514 878
514 890
514 903
514 904
514 914
514 936
514 938
514 953
514 957
514 964
514 979
514 992
514 1199
514 1623
514 1631
514 1793
515 518
515 519
515 520
515 521
515 522
515 536
515 539
515 540
515 541
515 545
515 548
515 550
515 551
515 565
515 566
515 571
515 572
515 580
515 583
515 584
515 592
515 598
515 619
515 627
515 640
515 644
515 686
515 691
515 692
515 695
515 710
515 711
515 721
515 733
515 736
515 738
515 753
515 770
515 772
515 775
515 783
515 786
515 788
515 794
515 797
515 798
515 802
515 806
515 813
515 836
515 840
515 860
515 869
515 879
515 890
515 898
515 901
515 903
515 916
515 948
515 953
515 954
515 957
515 958
515 959
515 960
515 977
515 987
515 991
515 1400
515 1543
515 1633
515 1976
516 538
516 547
516 558
516 560
516 562
516 567
516 568
516 596
516 602
516 615
516 626
516 632
516 634
516 644
516 650
516 662
516 663
516 670
516 674
516 679
516 682
516 684
516 691
516 702
516 715
516 716
516 721
516 723
516 724
516 725
516 732
516 735
516 737
516 739
516 753
516 754
516 756
516 760
516 763
516 764
516 770
516 788
516 795
516 800
516 801
516 813
516 815
516 818
516 819
516 822
516 825
516 835
516 841
516 856
516 862
516 867
516 875
516 881
516 889
516 896
516 898
516 901
516 908
516 912
516 925
516 930
516 931
516 934
516 938
516 977
516 979
516 1183
516 1247
516 1511
516 1576
516 1686
516 1793
516 1806
516 1827
516 1902
516 1930
517 535
517 542
517 550
517 553
517 559
517 590
517 616
517 632
517 658
517 660
517 661
517 676
517 679
517 680
517 689
517 698
517 713
517 739
517 748
517 754
517 762
517 765
517 770
517 774
517 778
517 781
517 793
517 799
517 800
517 802
517 807
517 809
517 837
517 861
517 886
517 906
517 923
517 927
517 954
517 959
517 965
517 974
517 984
517 986
517 1052
517 1090
517 1188
517 1386
517 1392
517 1398
518 521
518 528
518 531
518 533
518 537
518 553
518 560
518 564
518 598
518 600
518 612
518 637
518 640
518 652
518 654
518 664
518 673
518 677
518 683
518 686
518 688
518 708
518 714
518 728
518 729
518 748
518 750
518 770
518 771
518 774
518 786
518 790
518 797
518 818
518 823
518 829
518 831
518 839
518 863
518 869
518 880
518 883
518 889
518 890
518 910
518 918
518 926
518 927
518 928
518 942
518 945
518 952
518 958
518 963
518 974
518 987
518 988
518 991
518 1013
518 1083
518 1105
518 1257
518 1347
518 1394
518 1412
518 1686
518 1707
519 520
519 522
519 537
519 539
519 544
519 548
519 568
519 578
519 581
519 587
519 597
519 602
519 605
519 612
519 618
519 644
519 650
519 652
519 654
519 658
519 677
519 680
519 690
519 692
519 702
519 720
519 727
519 731
519 740
519 748
519 753
519 766
519 782
519 791
519 804
519 815
519 817
519 820
519 821
519 829
519 832
519 836
519 842
519 845
519 849
519 855
519 861
519 864
519 869
519 873
519 879
519 901
519 907
519 911
519 913
519 914
519 915
519 916
519 926
519 949
519 963
519 985
519 1020
519 1337
519 1549
519 1684
519 1817
519 1842
519 1871
520 523
520 544
520 548
520 554
520 556
520 557
520 568
520 576
520 578
520 580
520 584
520 595
520 598
520 600
520 604
520 609
520 614
520 615
520 636
520 637
520 640
520 643
520 653
520 656
520 658
520 664
520 693
520 698
520 719
520 725
520 726
520 733
520 741
520 743
520 744
520 747
520 752
520 771
520 775
520 786
520 788
520 790
520 792
520 817
520 838
520 844
520 853
520 859
520 860
520 862
520 874
520 876
520 894
520 895
520 907
520 908
520 923
520 931
520 934
520 936
520 940
520 948
520 956
520 963
520 970
520 977
520 981
520 982
520 985
520 1213
520 1419
520 1613
520 1831
520 1917
521 531
521 544
521 552
521 568
521 573
521 575
521 577
521 583
521 592
521 594
521 598
521 600
521 614
521 619
521 625
521 633
521 637
521 638
521 643
521 646
521 659
521 668
521 671
521 691
521 697
521 700
521 705
521 713
521 719
521 724
521 729
521 737
521 747
521 748
521 749
521 765
521 767
521 774
521 780
521 797
521 805
521 809
521 818
521 826
521 839
521 856
521 857
521 888
521 899
521 901
521 942
521 947
521 953
521 968
521 1111
521 1198
521 1267
521 1348
521 1417
521 1491
521 1539
521 1755
521 1956
522 525
522 540
522 543
522 570
522 572
522 581
522 585
522 588
522 589
522 601
522 610
522 623
522 626
522 641
522 642
522 657
522 659
522 678
522 697
522 701
522 711
522 716
522 719
522 744
522 747
522 748
522 750
522 755
522 758
522 770
522 783
522 800
522 804
522 815
522 822
522 831
522 834
522 868
522 880
522 890
522 897
522 922
522 934
522 935
522 941
522 943
522 964
522 966
522 967
522 974
522 985
522 992
522 1060
522 1280
522 1370
522 1524
522 1664
522 1703
522 1774
522 1929
522 1953
522 1963
523 530
523 544
523 550
523 555
523 563
523 565
523 566
523 569
523 582
523 585
523 594
523 597
523 606
523 608
523 647
523 648
523 661
523 668
523 670
523 693
523 702
523 735
523 737
523 739
523 746
523 766
523 767
523 768
523 769
523 775
523 778
523 779
523 788
523 790
523 793
523 803
523 815
523 822
523 849
523 862
523 863
523 902
523 906
523 908
523 912
523 913
523 924
523 925
523 929
523 953
523 965
523 971
523 982
523 985
523 1148
523 1363
523 1405
523 1446
523 1743
523 1829
524 545
524 550
524 557
524 604
524 609
524 613
524 616
524 619
524 632
524 639
524 646
524 648
524 659
524 664
524 679
524 687
524 688
524 691
524 695
524 707
524 721
524 730
524 755
524 762
524 765
524 771
524 811
524 815
524 831
524 835
524 836
524 837
524 843
524 848
524 849
524 862
524 877
524 878
524 880
524 881
524 884
524 911
524 914
524 918
524 919
524 923
524 928
524 932
524 933
524 939
524 940
524 949
524 952
524 957
524 969
524 971
524 972
524 975
524 976
524 982
524 992
524 1050
524 1191
524 1237
524 1542
524 1628
524 1770
524 1772
524 1839
524 1900
525 528
525 532
525 542
525 551
525 556
525 561
525 563
525 565
525 568
525 571
525 588
525 590
525 602
525 630
525 639
525 664
525 667
525 671
525 679
525 683
525 699
525 702
525 710
525 716
525 720
525 730
525 733
525 748
525 749
525 763
525 782
525 783
525 785
525 786
525 792
525 795
525 802
525 806
525 817
525 824
525 845
525 852
525 858
525 865
525 867
525 871
525 872
525 874
525 881
525 892
525 902
525 903
525 911
525 915
525 918
525 922
525 925
525 926
525 927
525 932
525 941
525 943
525 951
525 957
525 960
525 987
525 989
525 991
525 1115
525 1232
525 1309
526 529
526 534
526 535
526 537
526 540
526 549
526 550
526 559
526 565
526 566
526 571
526 575
526 579
526 582
526 587
526 588
526 592
526 608
526 618
526 627
526 629
526 638
526 642
526 650
526 656
526 662
526 677
526 692
526 697
526 699
526 726
526 740
526 745
526 764
526 771
526 778
526 779
526 780
526 804
526 823
526 827
526 840
526 866
526 883
526 885
526 888
526 892
526 899
526 902
526 906
526 908
526 914
526 926
526 929
526 935
526 946
526 950
526 952
526 964
526 969
526 971
526 983
526 984
526 988
526 993
526 1181
526 1353
526 1850
526 1858
526 1938
526 1975
527 543
527 552
527 554
527 557
527 558
527 565
527 566
527 567
527 577
527 581
527 593
527 598
527 600
527 628
527 630
527 640
527 656
527 664
527 667
527 670
527 672
527 674
527 676
527 681
527 683
527 685
527 686
527 687
527 696
527 714
527 716
527 723
527 724
527 737
527 762
527 764
527 765
527 771
527 773
527 778
527 784
527 802
527 837
527 838
527 843
527 844
527 849
527 875
527 895
527 922
527 927
527 939
527 943
527 986
527 990
527 1046
527 1604
527 1702
527 1837
527 1857
527 1886
527 1929
527 1961
528 531
528 537
528 544
528 556
528 563
528 582
528 592
528 595
528 596
528 598
528 599
528 613
528 627
528 632
528 636
528 647
528 660
528 664
528 665
528 668
528 672
528 673
528 681
528 685
528 686
528 688
528 691
528 698
528 719
528 737
528 738
528 744
528 779
528 780
528 792
528 798
528 802
528 804
528 808
528 818
528 828
528 846
528 860
528 875
528 877
528 881
528 894
528 920
528 922
528 927
528 945
528 951
528 952
528 968
528 978
528 992
528 1296
528 1681
528 1903
528 1974
529 549
529 555
529 586
529 605
529 610
529 620
529 627
529 646
529 660
529 669
529 674
529 680
529 683
529 689
529 707
529 724
529 733
529 744
529 752
529 766
529 776
529 785
529 788
529 803
529 810
529 823
529 824
529 842
529 857
529 873
529 874
529 890
529 897
529 900
529 908
529 916
529 919
529 920
529 923
529 924
529 930
529 932
529 947
529 991
529 993
529 1232
529 1268
529 1287
529 1355
529 1397
529 1488
529 1654
529 1657
529 1687
529 1720
529 1934
530 542
530 546
530 553
530 569
530 571
530 578
530 580
530 585
530 592
530 594
530 606
530 613
530 627
530 629
530 631
530 640
530 643
530 653
530 662
530 663
530 673
530 679
530 682
530 685
530 696
530 697
530 713
530 716
530 735
530 751
530 754
530 766
530 787
530 793
530 828
530 830
530 839
530 843
530 859
530 871
530 872
530 877
530 883
530 901
530 907
530 917
530 939
530 947
530 956
530 958
530 976
530 980
530 983
530 987
530 1086
530 1102
530 1198
530 1257
530 1749
530 1855
531 549
531 561
531 569
531 570
531 574
531 581
531 582
531 586
531 589
531 600
531 638
531 665
531 670
531 707
531 711
531 724
531 725
531 738
531 745
531 746
531 748
531 771
531 772
531 780
531 783
531 792
531 813
531 825
531 829
531 835
531 844
531 846
531 854
531 857
531 861
531 877
531 881
531 882
531 888
531 919
531 922
531 923
531 927
531 950
531 960
531 971
531 979
531 981
531 985
531 988
531 1140
531 1556
531 1634
531 1977
532 534
532 540
532 546
532 547
532 550
532 557
532 569
532 592
532 596
532 607
532 616
532 617
532 620
532 634
532 648
532 654
532 667
532 677
532 708
532 709
532 710
532 712
532 723
532 736
532 743
532 745
532 748
532 753
532 769
532 776
532 794
532 799
532 835
532 840
532 855
532 866
532 868
532 880
532 883
532 887
532 898
532 899
532 914
532 917
532 921
532 926
532 927
532 949
532 950
532 958
532 966
532 970
532 1076
532 1387
532 1415
532 1434
532 1559
532 1697
533 534
533 538
533 540
533 550
533 555
533 558
533 581
533 605
533 606
533 607
533 608
533 621
533 627
533 628
533 646
533 655
533 658
533 661
533 671
533 679
533 680
533 681
533 684
533 693
533 697
533 703
533 704
533 711
533 720
533 728
533 739
533 748
533 753
533 757
533 764
533 767
533 772
533 800
533 802
533 814
533 821
533 825
533 854
533 865
533 867
533 868
533 873
533 879
533 891
533 892
533 896
533 905
533 907
533 910
533 914
533 942
533 943
533 946
533 947
533 959
533 968
533 970
533 973
533 1006
533 1187
533 1624
533 1879
533 1956
534 541
534 549
534 552
534 553
534 554
534 558
534 583
534 587
534 589
534 594
534 604
534 608
534 613
534 625
534 633
534 635
534 638
534 639
534 640
534 664
534 669
534 678
534 679
534 680
534 681
534 685
534 686
534 687
534 689
534 702
534 706
534 708
534 709
534 736
534 740
534 741
534 742
534 744
534 746
534 747
534 761
534 777
534 780
534 790
534 797
534 820
534 825
534 828
534 835
534 847
534 848
534 854
534 858
534 865
534 893
534 898
534 902
534 914
534 915
534 944
534 945
534 946
534 948
534 950
534 974
534 975
534 1008
534 1175
534 1559
534 1777
534 1874
535 568
535 580
535 585
535 593
535 604
535 613
535 621
535 624
535 628
535 631
535 635
535 638
535 642
535 645
535 650
535 654
535 655
535 659
535 662
535 665
535 675
535 678
535 685
535 690
535 694
535 698
535 705
535 709
535 713
535 726
535 730
535 732
535 766
535 768
535 789
535 799
535 801
535 815
535 823
535 827
535 848
535 850
535 858
535 871
535 885
535 888
535 891
535 897
535 923
535 944
535 949
535 953
535 956
535 957
535 967
535 972
535 977
535 980
535 983
535 985
535 988
535 992
535 1023
535 1159
535 1763
536 543
536 554
536 564
536 565
536 567
536 577
536 579
536 588
536 592
536 599
536 601
536 614
536 615
536 619
536 637
536 638
536 645
536 649
536 654
536 663
536 664
536 675
536 698
536 700
536 717
536 719
536 740
536 742
536 746
536 771
536 772
536 788
536 796
536 821
536 824
536 849
536 856
536 861
536 866
536 868
536 881
536 891
536 918
536 925
536 936
536 941
536 942
536 948
536 965
536 974
536 988
536 991
536 1160
536 1217
536 1331
536 1511
536 1709
537 539
537 544
537 550
537 551
537 554
537 557
537 570
537 582
537 610
537 611
537 615
537 623
537 627
537 628
537 639
537 649
537 670
537 684
537 691
537 696
537 703
537 712
537 719
537 723
537 725
537 726
537 730
537 733
537 734
537 735
537 737
537 744
537 748
537 749
537 758
537 767
537 775
537 783
537 789
537 793
537 798
537 810
537 813
537 814
537 821
537 823
537 829
537 834
537 838
537 865
537 869
537 872
537 874
537 879
537 884
537 888
537 899
537 900
537 908
537 909
537 912
537 917
537 933
537 938
537 939
537 942
537 945
537 948
537 961
537 963
537 979
537 1141
537 1630
538 555
538 558
538 560
538 575
538 589
538 594
538 596
538 627
538 629
538 633
538 663
538 670
538 707
538 718
538 720
538 722
538 724
538 734
538 740
538 742
538 749
538 755
538 759
538 765
538 775
538 788
538 795
538 803
538 804
538 813
538 814
538 817
538 822
538 828
538 831
538 853
538 854
538 861
538 877
538 879
538 896
538 901
538 905
538 931
538 939
538 947
538 953
538 954
538 978
538 983
538 984
538 991
538 992
538 1118
538 1249
538 1250
538 1324
538 1475
538 1512
538 1603
538 1728
538 1744
538 1918
539 544
539 552
539 559
539 561
539 564
539 569
539 573
539 617
539 621
539 623
539 627
539 634
539 639
539 641
539 645
539 652
539 658
539 660
539 662
539 666
539 667
539 673
539 679
539 684
539 685
539 701
539 711
539 712
539 715
539 731
539 744
539 747
539 749
539 755
539 760
539 773
539 774
539 781
539 785
539 786
539 793
539 794
539 796
539 807
539 808
539 809
539 814
539 839
539 843
539 863
539 871
539 874
539 882
539 884
539 895
539 928
539 935
539 943
539 953
539 961
539 1045
539 1150
539 1206
539 1277
539 1340
539 1459
539 1488
540 561
540 563
540 578
540 580
540 586
540 606
540 612
540 621
540 642
540 647
540 666
540 674
540 693
540 695
540 698
540 708
540 718
540 724
540 725
540 737
540 742
540 744
540 745
540 748
540 749
540 751
540 760
540 761
540 762
540 775
540 776
540 778
540 793
540 812
540 815
540 830
540 839
540 846
540 861
540 862
540 865
540 873
540 880
540 898
540 909
540 925
540 926
540 928
540 932
540 937
540 939
540 951
540 963
540 978
540 1057
540 1121
540 1176
540 1250
540 1270
540 1321
540 1340
540 1449
540 1631
540 1641
540 1657
540 1930
541 542
541 547
541 552
541 553
541 559
541 562
541 566
541 575
541 580
541 600
541 619
541 631
541 635
541 669
541 678
541 687
541 708
541 709
541 713
541 729
541 734
541 737
541 743
541 747
541 748
541 752
541 755
541 762
541 773
541 782
541 796
541 804
541 805
541 807
541 816
541 818
541 836
541 838
541 841
541 845
541 849
541 851
541 855
541 874
541 875
541 877
541 902
541 903
541 905
541 912
541 928
541 929
541 935
541 941
541 948
541 952
541 954
541 960
541 984
541 990
541 992
541 1290
541 1587
541 1831
541 1917
541 1954
542 548
542 553
542 555
542 561
542 566
542 584
542 592
542 594
542 599
542 600
542 607
542 608
542 609
542 622
542 634
542 636
542 665
542 669
542 677
542 692
542 697
542 705
542 720
542 722
542 723
542 735
542 743
542 744
542 750
542 752
542 765
542 769
542 770
542 772
542 775
542 801
542 803
542 807
542 812
542 814
542 822
542 824
542 826
542 829
542 834
542 841
542 848
542 851
542 855
542 859
542 868
542 869
542 872
542 873
542 875
542 876
542 881
542 886
542 894
542 896
542 900
542 909
542 927
542 932
542 956
542 961
542 971
542 980
542 987
542 1037
542 1328
542 1340
542 1467
542 1680
542 1832
542 1901
542 1925
542 1961
543 551
543 557
543 563
543 578
543 581
543 592
543 601
543 618
543 621
543 622
543 624
543 625
543 635
543 636
543 638
543 642
543 650
543 655
543 656
543 659
543 669
543 676
543 678
543 688
543 701
543 703
543 744
543 747
543 753
543 770
543 779
543 789
543 795
543 808
543 810
543 819
543 825
543 827
543 833
543 850
543 852
543 860
543 866
543 871
543 885
543 887
543 888
543 891
543 904
543 907
543 912
543 919
543 931
543 935
543 938
543 943
543 946
543 951
543 967
543 988
543 991
543 1201
543 1232
543 1560
543 1659
543 1699
543 1777
543 1783
543 1849
543 1973
544 559
544 584
544 589
544 592
544 611
544 627
544 634
544 646
544 653
544 655
544 667
544 670
544 673
544 675
544 689
544 690
544 691
544 693
544 696
544 698
544 699
544 700
544 706
544 712
544 717
544 720
544 728
544 739
544 750
544 766
544 778
544 793
544 796
544 802
544 804
544 809
544 813
544 820
544 822
544 831
544 836
544 838
544 858
544 859
544 871
544 885
544 894
544 896
544 899
544 902
544 905
544 908
544 909
544 915
544 920
544 926
544 937
544 939
544 946
544 947
544 952
544 954
544 970
544 979
544 1066
544 1120
544 1489
544 1711
544 1863
545 550
545 552
545 566
545 570
545 573
545 579
545 599
545 622
545 627
545 632
545 635
545 646
545 649
545 661
545 663
545 696
545 701
545 727
545 730
545 736
545 737
545 741
545 742
545 749
545 750
545 754
545 764
545 775
545 781
545 790
545 799
545 808
545 815
545 820
545 821
545 824
545 826
545 838
545 847
545 854
545 856
545 862
545 864
545 886
545 890
545 891
545 903
545 904
545 905
545 916
545 922
545 925
545 931
545 948
545 958
545 966
545 967
545 969
545 975
545 978
545 983
545 1095
545 1143
545 1260
545 1323
545 1332
545 1347
545 1841
546 558
546 563
546 583
546 588
546 602
546 608
546 614
546 615
546 627
546 641
546 642
546 643
546 648
546 650
546 653
546 655
546 658
546 665
546 667
546 689
546 704
546 705
546 707
546 709
546 717
546 721
546 727
546 741
546 747
546 748
546 749
546 751
546 761
546 766
546 782
546 802
546 803
546 806
546 818
546 821
546 822
546 827
546 844
546 846
546 850
546 864
546 870
546 880
546 883
546 901
546 903
546 916
546 919
546 923
546 931
546 943
546 951
546 969
546 984
546 989
546 990
546 993
546 1037
546 1104
546 1411
546 1555
546 1564
546 1597
546 1737
546 1752
546 1845
546 1899
547 552
547 560
547 564
547 570
547 582
547 583
547 585
547 593
547 614
547 627
547 641
547 656
547 665
547 668
547 669
547 674
547 679
547 690
547 705
547 710
547 716
547 735
547 755
547 765
547 795
547 803
547 812
547 834
547 837
547 846
547 853
547 855
547 892
547 904
547 907
547 927
547 941
547 947
547 952
547 953
547 956
547 958
547 988
547 1043
547 1062
547 1067
547 1145
547 1321
547 1940
548 552
548 555
548 559
548 562
548 565
548 580
548 593
548 599
548 603
548 618
548 635
548 642
548 645
548 653
548 661
548 666
548 671
548 672
548 676
548 695
548 701
548 703
548 709
548 710
548 723
548 727
548 737
548 741
548 794
548 796
548 798
548 802
548 819
548 821
548 837
548 846
548 857
548 859
548 867
548 884
548 894
548 901
548 917
548 921
548 946
548 949
548 954
548 967
548 969
548 974
548 1002
548 1048
548 1088
548 1118
548 1301
548 1375
548 1492
549 551
549 560
549 562
549 574
549 577
549 583
549 592
549 598
549 600
549 607
549 613
549 616
549 621
549 623
549 628
549 650
549 663
549 691
549 692
549 711
549 716
549 733
549 741
549 744
549 745
549 747
549 757
549 774
549 776
549 788
549 806
549 820
549 829
549 835
549 840
549 842
549 848
549 874
549 880
549 885
549 887
549 894
549 897
549 898
549 900
549 908
549 912
549 919
549 922
549 923
549 924
549 937
549 942
549 943
549 951
549 962
549 977
549 988
549 990
549 993
549 1070
549 1095
549 1436
549 1548
549 1615
549 1625
549 1747
549 1748
550 551
550 557
550 558
550 559
550 563
550 575
550 576
550 577
550 580
550 581
550 582
550 584
550 587
550 594
550 600
550 605
550 607
550 620
550 624
550 625
550 627
550 628
550 634
550 638
550 654
550 657
550 680
550 694
550 697
550 704
550 711
550 723
550 727
550 728
550 732
550 736
550 743
550 747
550 763
550 767
550 772
550 775
550 788
550 793
550 797
550 805
550 810
550 811
550 831
550 844
550 851
550 853
550 856
550 863
550 870
550 892
550 895
550 907
550 909
550 910
550 922
550 923
550 932
550 934
550 936
550 940
550 941
550 948
550 949
550 960
550 976
550 978
550 1159
550 1231
550 1253
550 1407
550 1413
550 1863
550 1911
550 1967
550 1970
551 554
551 557
551 570
551 575
551 596
551 600
551 614
551 616
551 624
551 625
551 628
551 632
551 638
551 644
551 652
551 656
551 669
551 673
551 694
551 706
551 726
551 735
551 737
551 739
551 745
551 757
551 759
551 770
551 773
551 778
551 784
551 792
551 796
551 801
551 809
551 815
551 818
551 820
551 823
551 830
551 841
551 844
551 850
551 864
551 873
551 874
551 878
551 896
551 908
551 915
551 918
551 919
551 927
551 931
551 932
551 940
551 950
551 964
551 970
551 971
551 981
551 986
551 1070
551 1242
551 1280
551 1529
552 556
552 563
552 583
552 593
552 624
552 637
552 643
552 646
552 655
552 664
552 666
552 671
552 678
552 679
552 687
552 695
552 697
552 707
552 730
552 744
552 752
552 760
552 765
552 769
552 775
552 794
552 803
552 810
552 811
552 815
552 832
552 836
552 852
552 853
552 859
552 870
552 874
552 879
552 880
552 882
552 887
552 894
552 911
552 917
552 923
552 942
552 949
552 960
552 962
552 984
552 987
552 1661
552 1807
553 569
553 576
553 585
553 591
553 599
553 601
553 605
553 606
553 614
553 615
553 616
553 617
553 631
553 642
553 652
553 655
553 660
553 675
553 680
553 681
553 689
553 691
553 692
553 696
553 700
553 715
553 724
553 731
553 734
553 736
553 746
553 747
553 752
553 774
553 775
553 776
553 781
553 788
553 790
553 794
553 798
553 801
553 809
553 810
553 812
553 813
553 820
553 821
553 825
553 832
553 835
553 850
553 851
553 857
553 863
553 865
553 874
553 876
553 885
553 886
553 892
553 903
553 912
553 917
553 927
553 928
553 929
553 932
553 940
553 949
553 951
553 952
553 960
553 965
553 969
553 970
553 984
553 993
553 1168
553 1207
553 1230
553 1636
553 1642
553 1691
553 1824
553 1885
554 559
554 572
554 575
554 579
554 584
554 600
554 601
554 619
554 620
554 621
554 629
554 632
554 645
554 647
554 651
554 652
554 673
554 674
554 680
554 682
554 684
554 701
554 705
554 712
554 728
554 731
554 735
554 742
554 744
554 748
554 749
554 763
554 766
554 777
554 792
554 797
554 800
554 805
554 806
554 821
554 835
554 857
554 867
554 887
554 895
554 898
554 906
554 913
554 923
554 927
554 929
554 935
554 937
554 941
554 950
554 957
554 981
554 984
554 986
554 987
554 1319
554 1499
554 1905
555 568
555 576
555 580
555 582
555 583
555 599
555 600
555 638
555 643
555 648
555 655
555 660
555 663
555 674
555 684
555 686
555 688
555 691
555 695
555 700
555 706
555 709
555 715
555 719
555 727
555 730
555 734
555 739
555 754
555 770
555 777
555 784
555 785
555 791
555 801
555 803
555 806
555 813
555 822
555 836
555 838
555 842
555 845
555 865
555 868
555 873
555 879
555 883
555 920
555 934
555 946
555 953
555 959
555 975
555 977
555 979
555 987
555 1061
555 1083
555 1215
555 1310
555 1347
555 1431
555 1644
555 1774
555 1926
555 1986
556 568
556 575
556 577
556 578
556 588
556 607
556 620
556 621
556 639
556 650
556 651
556 653
556 659
556 664
556 667
556 671
556 672
556 675
556 684
556 697
556 699
556 703
556 705
556 711
556 722
556 729
556 730
556 746
556 772
556 773
556 776
556 780
556 793
556 820
556 826
556 829
556 837
556 857
556 880
556 885
556 888
556 920
556 936
556 957
556 978
556 979
556 981
556 982
556 1111
556 1164
556 1389
556 1515
556 1519
556 1532
556 1661
557 561
557 563
557 564
557 569
557 574
557 585
557 586
557 596
557 599
557 613
557 623
557 629
557 637
557 638
557 644
557 684
557 689
557 690
557 697
557 700
557 705
557 708
557 735
557 736
557 738
557 739
557 741
557 743
557 747
557 749
557 750
557 751
557 752
557 758
557 761
557 762
557 765
557 776
557 788
557 791
557 794
557 801
557 809
557 812
557 831
557 842
557 859
557 865
557 886
557 890
557 891
557 892
557 898
557 912
557 914
557 931
557 936
557 938
557 942
557 947
557 952
557 954
557 971
557 973
557 978
557 979
557 1042
557 1399
557 1418
557 1454
557 1788
557 1876
557 1909
558 560
558 563
558 565
558 567
558 575
558 583
558 584
558 597
558 598
558 600
558 610
558 612
558 620
558 622
558 644
558 658
558 660
558 668
558 677
558 678
558 683
558 691
558 728
558 735
558 767
558 775
558 797
558 802
558 805
558 807
558 811
558 832
558 833
558 838
558 844
558 848
558 859
558 863
558 864
558 872
558 912
558 918
558 928
558 933
558 934
558 936
558 941
558 942
558 954
558 960
558 961
558 962
558 963
558 968
558 970
558 974
558 1117
558 1256
558 1339
558 1600
558 1655
558 1904
559 566
559 574
559 601
559 608
559 638
559 639
559 643
559 645
559 651
559 656
559 660
559 681
559 688
559 721
559 728
559 742
559 743
559 748
559 753
559 766
559 769
559 784
559 812
559 817
559 818
559 822
559 824
559 828
559 831
559 837
559 838
559 839
559 842
559 850
559 851
559 861
559 865
559 870
559 873
559 885
559 887
559 897
559 933
559 936
559 941
559 944
559 964
559 967
559 971
559 984
559 985
559 987
559 989
559 1189
559 1217
559 1506
559 1593
559 1684
559 1898
559 1986
560 565
560 578
560 584
560 589
560 604
560 612
560 614
560 616
560 642
560 651
560 652
560 653
560 664
560 668
560 678
560 679
560 687
560 688
560 702
560 723
560 728
560 763
560 768
560 780
560 784
560 807
560 832
560 836
560 841
560 847
560 856
560 860
560 871
560 886
560 888
560 891
560 895
560 899
560 900
560 917
560 929
560 931
560 934
560 959
560 966
560 968
560 971
560 978
560 983
560 1008
560 1218
560 1783
561 585
561 586
561 590
561 591
561 609
561 618
561 629
561 644
561 645
561 646
561 648
561 652
561 657
561 673
561 674
561 681
561 683
561 684
561 689
561 699
561 710
561 711
561 726
561 728
561 730
561 731
561 761
561 764
561 766
561 773
561 785
561 792
561 794
561 795
561 809
561 819
561 821
561 828
561 839
561 842
561 845
561 850
561 855
561 864
561 868
561 870
561 879
561 880
561 881
561 883
561 888
561 897
561 899
561 901
561 912
561 943
561 946
561 947
561 949
561 958
561 966
561 970
561 976
561 991
561 992
561 1203
561 1320
561 1632
561 1907
562 585
562 602
562 627
562 629
562 631
562 634
562 643
562 656
562 679
562 693
562 696
562 707
562 717
562 720
562 723
562 726
562 728
562 736
562 743
562 751
562 757
562 758
562 759
562 761
562 780
562 791
562 798
562 818
562 830
562 832
562 844
562 847
562 855
562 865
562 867
562 872
562 878
562 880
562 883
562 886
562 891
562 894
562 910
562 913
562 935
562 941
562 943
562 945
562 947
562 957
562 965
562 967
562 978
562 993
562 1195
562 1368
562 1782
562 1949
563 579
563 589
563 596
563 603
563 605
563 608
563 610
563 612
563 620
563 630
563 647
563 649
563 652
563 654
563 663
563 677
563 681
563 688
563 692
563 722
563 730
563 735
563 743
563 755
563 758
563 760
563 763
563 772
563 784
563 785
563 794
563 795
563 808
563 821
563 826
563 830
563 843
563 847
563 849
563 882
563 889
563 900
563 911
563 912
563 914
563 920
563 932
563 939
563 944
563 947
563 948
563 950
563 961
563 962
563 972
563 979
563 989
563 1092
563 1116
563 1268
563 1298
563 1449
563 1708
563 1722
563 1823
563 1969
564 578
564 581
564 583
564 585
564 590
564 609
564 613
564 621
564 627
564 628
564 635
564 647
564 662
564 663
564 676
564 686
564 692
564 693
564 698
564 703
564 711
564 713
564 722
564 743
564 747
564 753
564 757
564 761
564 777
564 782
564 783
564 790
564 792
564 797
564 810
564 843
564 844
564 848
564 851
564 857
564 862
564 875
564 876
564 903
564 906
564 907
564 913
564 914
564 921
564 927
564 946
564 951
564 953
564 958
564 965
564 972
564 1335
564 1350
564 1509
564 1591
564 1635
564 1733
564 1781
565 576
565 579
565 591
565 598
565 605
565 611
565 615
565 627
565 655
565 661
565 668
565 688
565 690
565 706
565 711
565 716
565 717
565 720
565 721
565 741
565 761
565 772
565 777
565 779
565 794
565 804
565 817
565 826
565 840
565 842
565 864
565 871
565 878
565 885
565 891
565 897
565 906
565 917
565 918
565 937
565 938
565 958
565 962
565 968
565 987
565 991
565 1047
565 1084
565 1196
565 1488
565 1793
565 1814
565 1865
565 1870
566 567
566 568
566 575
566 580
566 586
566 592
566 596
566 603
566 625
566 628
566 631
566 638
566 640
566 643
566 649
566 651
566 654
566 659
566 662
566 663
566 670
566 672
566 682
566 690
566 694
566 698
566 709
566 720
566 729
566 731
566 733
566 746
566 762
566 766
566 771
566 776
566 796
566 806
566 825
566 836
566 848
566 855
566 857
566 867
566 869
566 870
566 872
566 879
566 890
566 906
566 911
566 923
566 945
566 948
566 955
566 968
566 972
566 988
566 992
566 1131
566 1465
566 1711
566 1727
567 570
567 575
567 584
567 589
567 591
567 603
567 621
567 625
567 626
567 643
567 646
567 650
567 651
567 661
567 669
567 671
567 676
567 684
567 688
567 698
567 702
567 704
567 706
567 721
567 724
567 729
567 738
567 740
567 742
567 760
567 766
567 769
567 781
567 786
567 795
567 797
567 798
567 802
567 806
567 807
567 828
567 833
567 837
567 847
567 854
567 863
567 875
567 884
567 891
567 899
567 906
567 910
567 912
567 924
567 938
567 944
567 948
567 964
567 973
567 974
567 975
567 976
567 980
567 985
567 986
567 989
567 1693
567 1696
568 572
568 574
568 581
568 582
568 586
568 594
568 598
568 601
568 618
568 622
568 627
568 635
568 643
568 649
568 650
568 673
568 674
568 676
568 683
568 684
568 688
568 692
568 696
568 711
568 714
568 717
568 720
568 722
568 723
568 725
568 727
568 729
568 736
568 739
568 741
568 749
568 751
568 754
568 785
568 802
568 808
568 809
568 824
568 828
568 830
568 853
568 856
568 866
568 883
568 889
568 904
568 908
568 909
568 914
568 924
568 925
568 929
568 962
568 965
568 966
568 967
568 983
568 986
568 993
568 1491
568 1519
568 1785
568 1860
568 1924
569 575
569 580
569 600
569 607
569 612
569 617
569 636
569 639
569 648
569 651
569 655
569 659
569 660
569 666
569 672
569 683
569 695
569 698
569 701
569 712
569 714
569 731
569 752
569 755
569 757
569 792
569 801
569 804
569 810
569 834
569 838
569 841
569 848
569 850
569 852
569 856
569 876
569 883
569 889
569 899
569 902
569 906
569 916
569 935
569 937
569 949
569 951
569 984
569 1208
569 1210
569 1430
569 1693
569 1778
569 1922
569 1926
569 1959
570 588
570 589
570 606
570 624
570 627
570 632
570 660
570 664
570 666
570 669
570 684
570 690
570 711
570 719
570 731
570 736
570 742
570 749
570 751
570 757
570 759
570 773
570 776
570 787
570 793
570 794
570 804
570 807
570 817
570 821
570 824
570 830
570 832
570 844
570 853
570 862
570 879
570 889
570 904
570 906
570 914
570 920
570 925
570 928
570 930
570 939
570 943
570 953
570 970
570 976
570 988
570 1003
570 1137
570 1246
570 1370
570 1643
570 1737
570 1860
571 585
571 596
571 597
571 609
571 645
571 649
571 667
571 669
571 676
571 677
571 682
571 687
571 693
571 706
571 707
571 710
571 720
571 724
571 728
571 733
571 739
571 740
571 751
571 753
571 769
571 773
571 776
571 777
571 780
571 788
571 804
571 812
571 813
571 816
571 831
571 842
571 844
571 845
571 849
571 861
571 864
571 867
571 868
571 869
571 871
571 878
571 892
571 944
571 951
571 955
571 961
571 962
571 963
571 973
571 982
571 989
571 990
571 1117
571 1360
571 1388
571 1413
571 1496
571 1625
571 1727
571 1786
571 1902
571 1967
572 593
572 595
572 601
572 624
572 625
572 639
572 653
572 655
572 661
572 670
572 672
572 675
572 681
572 688
572 690
572 714
572 735
572 752
572 753
572 804
572 805
572 813
572 824
572 826
572 843
572 855
572 857
572 864
572 883
572 898
572 899
572 905
572 913
572 914
572 916
572 942
572 973
572 983
572 1260
572 1488
572 1731
572 1983
573 588
573 617
573 619
573 623
573 633
573 641
573 646
573 651
573 657
573 666
573 669
573 671
573 672
573 677
573 683
573 687
573 690
573 697
573 703
573 707
573 714
573 739
573 750
573 751
573 752
573 753
573 773
573 774
573 775
573 776
573 791
573 801
573 806
573 811
573 813
573 823
573 832
573 836
573 838
573 857
573 858
573 867
573 869
573 873
573 890
573 894
573 911
573 934
573 940
573 941
573 943
573 952
573 956
573 957
573 979
573 983
573 1164
573 1192
573 1322
573 1345
573 1409
573 1436
573 1555
573 1638
574 577
574 586
574 591
574 599
574 607
574 608
574 613
574 615
574 619
574 633
574 641
574 651
574 656
574 658
574 660
574 665
574 666
574 667
574 674
574 681
574 692
574 695
574 700
574 703
574 709
574 711
574 716
574 723
574 734
574 776
574 781
574 786
574 787
574 791
574 793
574 804
574 814
574 831
574 832
574 833
574 841
574 845
574 850
574 871
574 907
574 914
574 915
574 924
574 925
574 937
574 938
574 957
574 976
574 987
574 1030
574 1134
574 1487
574 1589
574 1780
574 1782
575 581
575 597
575 607
575 612
575 624
575 636
575 637
575 641
575 644
575 647
575 649
575 658
575 664
575 669
575 679
575 680
575 703
575 709
575 724
575 725
575 727
575 728
575 730
575 738
575 746
575 772
575 774
575 777
575 786
575 789
575 795
575 808
575 811
575 813
575 821
575 824
575 829
575 838
575 842
575 846
575 848
575 855
575 861
575 862
575 872
575 878
575 879
575 882
575 890
575 891
575 894
575 898
575 904
575 909
575 914
575 917
575 933
575 934
575 950
575 961
575 965
575 970
575 972
575 980
575 983
575 988
575 992
575 1009
575 1082
575 1199
575 1218
575 1361
575 1616
575 1622
575 1675
575 1882
576 589
576 592
576 593
576 597
576 605
576 607
576 625
576 635
576 636
576 637
576 643
576 648
576 651
576 665
576 667
576 685
576 686
576 693
576 707
576 711
576 713
576 722
576 751
576 757
576 762
576 764
576 776
576 777
576 782
576 798
576 801
576 802
576 803
576 807
576 812
576 821
576 845
576 869
576 877
576 882
576 887
576 897
576 900
576 901
576 905
576 920
576 939
576 957
576 967
576 973
576 982
576 1080
576 1278
576 1582
576 1768
576 1875
577 594
577 614
577 615
577 621
577 622
577 624
577 635
577 646
577 653
577 654
577 659
577 661
577 668
577 674
577 683
577 687
577 688
577 691
577 698
577 709
577 713
577 732
577 734
577 735
577 746
577 748
577 754
577 757
577 758
577 759
577 762
577 766
577 768
577 769
577 773
577 782
577 806
577 807
577 812
577 813
577 816
577 818
577 821
577 827
577 853
577 857
577 860
577 861
577 868
577 876
577 879
577 885
577 894
577 906
577 917
577 920
577 943
577 946
577 949
577 954
577 955
577 958
577 964
577 989
577 1033
577 1303
577 1433
578 582
578 587
578 592
578 597
578 601
578 603
578 604
578 608
578 617
578 620
578 625
578 642
578 644
578 645
578 656
578 664
578 665
578 677
578 679
578 684
578 687
578 688
578 698
578 699
578 703
578 708
578 716
578 721
578 723
578 734
578 763
578 764
578 772
578 778
578 780
578 803
578 811
578 816
578 829
578 832
578 842
578 844
578 846
578 850
578 851
578 861
578 862
578 876
578 883
578 892
578 897
578 908
578 910
578 913
578 914
578 919
578 964
578 975
578 976
578 987
578 992
578 994
578 1126
578 1173
578 1287
578 1705
578 1862
579 580
579 585
579 597
579 600
579 605
579 608
579 627
579 638
579 641
579 663
579 679
579 681
579 692
579 701
579 705
579 716
579 721
579 726
579 727
579 733
579 735
579 738
579 744
579 750
579 760
579 761
579 763
579 774
579 777
579 791
579 801
579 812
579 819
579 823
579 833
579 839
579 842
579 848
579 850
579 856
579 859
579 860
579 864
579 873
579 874
579 888
579 894
579 896
579 897
579 899
579 903
579 905
579 908
579 912
579 914
579 921
579 947
579 952
579 957
579 959
579 968
579 972
579 982
579 992
579 1056
579 1672
579 1771
579 1892
579 1901
580 625
580 635
580 636
580 638
580 642
580 643
580 646
580 650
580 651
580 653
580 654
580 658
580 670
580 674
580 689
580 701
580 707
580 719
580 724
580 726
580 727
580 734
580 741
580 744
580 746
580 752
580 761
580 762
580 764
580 779
580 781
580 782
580 789
580 796
580 800
580 802
580 812
580 833
580 839
580 841
580 848
580 870
580 895
580 898
580 902
580 908
580 915
580 919
580 920
580 925
580 930
580 931
580 948
580 950
580 952
580 955
580 956
580 981
580 1156
580 1346
580 1387
580 1411
580 1625
580 1712
580 1817
581 589
581 602
581 604
581 607
581 612
581 614
581 617
581 632
581 633
581 636
581 637
581 646
581 649
581 653
581 658
581 666
581 671
581 672
581 677
581 690
581 694
581 696
581 720
581 751
581 753
581 756
581 777
581 804
581 805
581 806
581 809
581 813
581 819
581 825
581 828
581 829
581 835
581 841
581 843
581 854
581 856
581 857
581 869
581 874
581 879
581 908
581 919
581 932
581 947
581 950
581 961
581 965
581 969
581 974
581 977
581 990
581 1064
581 1153
581 1169
581 1183
581 1250
581 1530
581 1671
581 1750
581 1783
581 1788
582 591
582 607
582 608
582 622
582 624
582 626
582 653
582 654
582 666
582 672
582 673
582 692
582 693
582 705
582 709
582 711
582 712
582 713
582 715
582 724
582 732
582 742
582 745
582 750
582 752
582 765
582 770
582 772
582 792
582 793
582 795
582 796
582 799
582 804
582 807
582 819
582 824
582 832
582 841
582 843
582 847
582 848
582 850
582 866
582 868
582 871
582 883
582 887
582 888
582 897
582 899
582 925
582 931
582 965
582 969
582 977
582 978
582 1055
582 1088
582 1256
582 1448
582 1932
582 1963
583 603
583 625
583 655
583 663
583 682
583 687
583 700
583 725
583 740
583 743
583 744
583 749
583 755
583 771
583 781
583 784
583 785
583 789
583 790
583 797
583 814
583 832
583 837
583 853
583 872
583 876
583 877
583 882
583 892
583 906
583 912
583 923
583 935
583 940
583 950
583 968
583 969
583 976
583 977
583 978
583 1256
583 1303
583 1837
584 586
584 601
584 612
584 616
584 634
584 637
584 676
584 677
584 681
584 694
584 697
584 714
584 718
584 724
584 725
584 726
584 733
584 737
584 738
584 744
584 748
584 766
584 787
584 800
584 801
584 814
584 816
584 818
584 838
584 857
584 873
584 874
584 878
584 892
584 920
584 923
584 928
584 929
584 936
584 937
584 947
584 955
584 963
584 964
584 976
584 978
584 979
584 997
584 1138
584 1494
584 1532
585 588
585 597
585 601
585 603
585 604
585 606
585 633
585 641
585 652
585 657
585 658
585 661
585 678
585 687
585 688
585 692
585 696
585 698
585 708
585 725
585 739
585 744
585 758
585 764
585 767
585 771
585 790
585 800
585 812
585 823
585 824
585 833
585 849
585 853
585 885
585 894
585 896
585 909
585 911
585 914
585 915
585 958
585 975
585 976
585 978
585 980
585 1147
585 1265
585 1316
585 1361
586 589
586 594
586 596
586 609
586 613
586 639
586 660
586 671
586 674
586 695
586 696
586 697
586 701
586 714
586 715
586 716
586 721
586 723
586 724
586 729
586 742
586 752
586 755
586 778
586 783
586 789
586 800
586 804
586 834
586 844
586 850
586 876
586 890
586 891
586 904
586 908
586 909
586 914
586 919
586 945
586 952
586 975
586 979
586 990
587 588
587 598
587 605
587 608
587 622
587 628
587 631
587 637
587 639
587 643
587 647
587 650
587 651
587 657
587 660
587 673
587 693
587 705
587 712
587 714
587 729
587 740
587 742
587 748
587 749
587 761
587 772
587 788
587 790
587 796
587 816
587 830
587 838
587 852
587 864
587 868
587 899
587 900
587 902
587 930
587 931
587 934
587 940
587 943
587 959
587 979
587 985
587 992
587 1090
587 1247
587 1414
587 1451
587 1518
587 1550
587 1670
587 1739
587 1928
588 597
588 602
588 605
588 612
588 629
588 642
588 646
588 654
588 658
588 666
588 669
588 673
588 677
588 688
588 699
588 705
588 717
588 722
588 723
588 725
588 732
588 743
588 752
588 754
588 759
588 773
588 775
588 780
588 784
588 792
588 794
588 805
588 808
588 823
588 825
588 826
588 832
588 868
588 871
588 881
588 882
588 890
588 902
588 924
588 927
588 933
588 937
588 938
588 950
588 953
588 974
588 978
588 983
588 988
588 991
588 1284
588 1286
588 1584
588 1711
588 1717
588 1805
588 1928
589 601
589 608
589 610
589 632
589 634
589 644
589 648
589 662
589 667
589 678
589 684
589 691
589 710
589 714
589 730
589 735
589 736
589 738
589 745
589 746
589 747
589 752
589 756
589 760
589 770
589 773
589 775
589 779
589 786
589 793
589 796
589 817
589 822
589 834
589 842
589 885
589 891
589 893
589 896
589 905
589 946
589 951
589 952
589 953
589 959
589 964
589 970
589 989
589 1153
589 1349
589 1427
589 1540
589 1548
589 1637
589 1705
589 1754
589 1790
589 1834
589 1921
590 603
590 621
590 627
590 634
590 648
590 653
590 657
590 659
590 678
590 688
590 696
590 700
590 705
590 708
590 718
590 757
590 765
590 775
590 776
590 777
590 779
590 790
590 793
590 797
590 808
590 835
590 842
590 857
590 869
590 879
590 880
590 886
590 895
590 907
590 918
590 929
590 964
590 967
590 975
590 992
590 996
590 1159
590 1211
590 1284
590 1288
590 1301
590 1480
590 1606
590 1741
590 1792
591 592
591 601
591 605
591 607
591 609
591 624
591 644
591 652
591 661
591 665
591 689
591 696
591 701
591 704
591 705
591 708
591 709
591 711
591 714
591 715
591 717
591 718
591 748
591 764
591 774
591 780
591 786
591 798
591 799
591 816
591 820
591 832
591 858
591 859
591 861
591 875
591 886
591 900
591 906
591 912
591 923
591 941
591 950
591 960
591 968
591 1283
591 1313
591 1975
592 604
592 607
592 622
592 625
592 629
592 643
592 668
592 675
592 677
592 690
592 695
592 696
592 697
592 702
592 708
592 711
592 714
592 717
592 722
592 725
592 735
592 738
592 744
592 752
592 776
592 777
592 779
592 787
592 788
592 798
592 800
592 807
592 817
592 822
592 825
592 831
592 832
592 849
592 862
592 863
592 865
592 869
592 875
592 882
592 883
592 884
592 887
592 891
592 893
592 908
592 909
592 927
592 932
592 934
592 953
592 956
592 963
592 965
592 970
592 976
592 1043
592 1158
592 1205
592 1266
592 1303
592 1476
592 1521
592 1600
592 1705
592 1757
592 1780
592 1955
593 599
593 601
593 631
593 636
593 641
593 643
593 645
593 651
593 655
593 662
593 672
593 689
593 692
593 695
593 698
593 700
593 702
593 704
593 715
593 727
593 732
593 739
593 761
593 763
593 779
593 792
593 796
593 805
593 854
593 862
593 864
593 867
593 879
593 894
593 913
593 914
593 930
593 933
593 940
593 944
593 951
593 954
593 960
593 980
593 982
593 991
593 992
593 1130
593 1305
593 1559
593 1684
594 599
594 613
594 617
594 626
594 639
594 665
594 668
594 690
594 691
594 696
594 702
594 712
594 714
594 719
594 726
594 732
594 734
594 745
594 749
594 759
594 764
594 781
594 787
594 791
594 802
594 805
594 807
594 808
594 812
594 818
594 821
594 834
594 835
594 839
594 853
594 866
594 870
594 871
594 872
594 883
594 892
594 900
594 906
594 920
594 921
594 922
594 931
594 932
594 935
594 952
594 954
594 958
594 959
594 960
594 972
594 984
594 990
594 1130
594 1233
594 1610
594 1636
594 1739
594 1775
595 599
595 601
595 605
595 617
595 618
595 630
595 650
595 651
595 653
595 655
595 657
595 659
595 661
595 662
595 663
595 669
595 673
595 676
595 688
595 695
595 697
595 704
595 708
595 712
595 716
595 725
595 733
595 735
595 739
595 741
595 744
595 757
595 776
595 780
595 797
595 798
595 800
595 813
595 823
595 824
595 834
595 842
595 843
595 845
595 846
595 850
595 856
595 857
595 865
595 868
595 875
595 876
595 891
595 899
595 902
595 927
595 937
595 939
595 943
595 952
595 953
595 955
595 964
595 965
595 969
595 983
595 987
595 992
595 993
595 1061
595 1176
595 1540
595 1665
595 1696
595 1836
596 598
596 603
596 610
596 611
596 615
596 625
596 627
596 635
596 639
596 641
596 643
596 674
596 675
596 677
596 679
596 692
596 703
596 721
596 731
596 747
596 754
596 758
596 770
596 773
596 775
596 776
596 790
596 799
596 805
596 813
596 823
596 830
596 834
596 836
596 839
596 842
596 845
596 860
596 861
596 873
596 894
596 899
596 908
596 910
596 919
596 924
596 930
596 932
596 935
596 940
596 955
596 961
596 976
596 982
596 985
596 993
596 1324
596 1392
596 1474
596 1521
596 1586
596 1660
596 1725
597 606
597 622
597 628
597 659
597 672
597 674
597 679
597 694
597 700
597 715
597 718
597 722
597 723
597 730
597 733
597 750
597 753
597 754
597 763
597 769
597 775
597 777
597 786
597 792
597 794
597 800
597 801
597 809
597 835
597 837
597 845
597 851
597 857
597 858
597 863
597 871
597 884
597 889
597 892
597 895
597 898
597 900
597 902
597 903
597 915
597 924
597 925
597 926
597 928
597 930
597 936
597 945
597 961
597 965
597 972
597 988
597 1023
597 1026
597 1077
597 1114
597 1124
597 1477
597 1749
597 1816
598 606
598 611
598 615
598 621
598 624
598 628
598 629
598 656
598 670
598 677
598 682
598 686
598 693
598 710
598 719
598 730
598 732
598 741
598 743
598 780
598 783
598 786
598 791
598 797
598 799
598 800
598 806
598 810
598 813
598 828
598 848
598 849
598 854
598 858
598 871
598 873
598 874
598 882
598 884
598 885
598 886
598 899
598 901
598 908
598 911
598 919
598 921
598 925
598 935
598 945
598 960
598 964
598 970
598 971
598 975
598 978
598 990
598 1001
598 1500
598 1738
598 1793
598 1872
599 600
599 601
599 607
599 612
599 613
599 615
599 623
599 624
599 628
599 631
599 644
599 647
599 654
599 676
599 707
599 711
599 721
599 726
599 730
599 731
599 737
599 742
599 746
599 770
599 775
599 790
599 816
599 828
599 835
599 836
599 837
599 838
599 850
599 853
599 856
599 861
599 865
599 867
599 873
599 878
599 880
599 883
599 893
599 913
599 916
599 927
599 937
599 940
599 943
599 946
599 958
599 965
599 976
599 983
599 984
599 1168
599 1342
599 1474
599 1568
599 1569
599 1659
599 1887
600 605
600 609
600 616
600 629
600 638
600 640
600 648
600 649
600 654
600 660
600 661
600 663
600 669
600 676
600 678
600 684
600 686
600 703
600 708
600 711
600 727
600 730
600 750
600 754
600 792
600 800
600 801
600 817
600 819
600 831
600 839
600 840
600 842
600 847
600 855
600 868
600 875
600 876
600 879
600 882
600 898
600 923
600 928
600 929
600 931
600 939
600 950
600 955
600 964
600 966
600 969
600 971
600 973
600 975
600 981
600 1009
600 1189
600 1251
600 1577
600 1629
600 1665
600 1722
600 1927
601 603
601 617
601 627
601 632
601 635
601 636
601 656
601 661
601 664
601 670
601 675
601 687
601 691
601 696
601 697
601 701
601 703
601 714
601 716
601 717
601 722
601 734
601 760
601 765
601 778
601 795
601 800
601 801
601 809
601 813
601 814
601 822
601 826
601 829
601 831
601 837
601 848
601 857
601 868
601 869
601 881
601 916
601 923
601 941
601 942
601 947
601 950
601 958
601 968
601 1082
601 1121
601 1239
601 1817
602 604
602 605
602 612
602 635
602 643
602 653
602 655
602 659
602 671
602 685
602 693
602 695
602 699
602 703
602 704
602 728
602 741
602 755
602 758
602 764
602 773
602 792
602 798
602 805
602 819
602 826
602 841
602 843
602 860
602 862
602 870
602 873
602 878
602 906
602 909
602 911
602 920
602 923
602 931
602 934
602 944
602 948
602 982
602 985
602 993
602 1203
602 1426
602 1479
602 1640
602 1682
602 1734
602 1741
602 1784
602 1882
602 1972
603 606
603 631
603 641
603 645
603 650
603 653
603 656
603 658
603 662
603 664
603 671
603 672
603 687
603 690
603 702
603 708
603 710
603 729
603 737
603 754
603 759
603 762
603 763
603 768
603 773
603 778
603 782
603 783
603 786
603 790
603 792
603 794
603 801
603 822
603 823
603 829
603 832
603 846
603 855
603 860
603 863
603 879
603 886
603 887
603 898
603 901
603 902
603 903
603 916
603 919
603 921
603 928
603 935
603 943
603 954
603 962
603 966
603 968
603 971
603 982
603 988
603 990
603 993
603 1166
603 1333
603 1544
603 1732
603 1744
603 1782
604 615
604 617
604 621
604 626
604 652
604 658
604 673
604 674
604 681
604 691
604 696
604 718
604 742
604 745
604 747
604 752
604 761
604 765
604 769
604 770
604 772
604 775
604 789
604 810
604 813
604 819
604 822
604 848
604 851
604 862
604 865
604 879
604 892
604 895
604 896
604 898
604 910
604 919
604 923
604 926
604 929
604 932
604 934
604 942
604 968
604 984
604 1147
604 1316
604 1464
604 1499
604 1520
604 1952
605 610
605 621
605 624
605 625
605 637
605 647
605 654
605 663
605 672
605 674
605 679
605 684
605 685
605 686
605 693
605 695
605 717
605 730
605 735
605 773
605 776
605 800
605 802
605 820
605 825
605 831
605 838
605 850
605 859
605 862
605 883
605 891
605 893
605 898
605 901
605 904
605 909
605 920
605 923
605 929
605 931
605 938
605 940
605 947
605 953
605 955
605 960
605 964
605 967
605 970
605 983
605 984
605 992
605 993
605 1255
605 1328
605 1412
605 1443
605 1913
605 1917
605 1932
606 616
606 621
606 628
606 634
606 636
606 646
606 647
606 649
606 653
606 656
606 658
606 660
606 662
606 664
606 678
606 685
606 696
606 700
606 705
606 712
606 724
606 733
606 735
606 739
606 769
606 775
606 796
606 799
606 805
606 806
606 808
606 813
606 825
606 827
606 828
606 841
606 849
606 850
606 852
606 862
606 864
606 866
606 869
606 887
606 890
606 895
606 912
606 916
606 921
606 927
606 942
606 959
606 965
606 968
606 972
606 975
606 985
606 992
606 1087
606 1163
606 1173
606 1299
606 1666
606 1950
607 608
607 619
607 620
607 628
607 643
607 650
607 654
607 661
607 679
607 680
607 712
607 722
607 734
607 737
607 747
607 764
607 774
607 775
607 779
607 784
607 785
607 788
607 803
607 809
607 811
607 827
607 831
607 845
607 846
607 851
607 856
607 876
607 878
607 882
607 900
607 908
607 913
607 919
607 940
607 951
607 966
607 969
607 970
607 975
607 977
607 978
607 980
607 983
607 989
607 1074
607 1081
607 1334
607 1594
607 1796
607 1847
607 1869
608 614
608 615
608 621
608 627
608 647
608 651
608 656
608 658
608 659
608 670
608 676
608 679
608 681
608 685
608 700
608 713
608 727
608 731
608 738
608 744
608 746
608 771
608 779
608 794
608 816
608 824
608 826
608 831
608 833
608 845
608 874
608 882
608 888
608 890
608 894
608 904
608 913
608 916
608 925
608 932
608 935
608 942
608 959
608 966
608 969
608 970
608 979
608 993
608 1258
608 1395
608 1494
608 1735
608 1931
609 618
609 624
609 635
609 636
609 643
609 653
609 655
609 663
609 678
609 688
609 690
609 702
609 709
609 711
609 714
609 724
609 729
609 735
609 738
609 754
609 778
609 791
609 803
609 818
609 821
609 827
609 828
609 836
609 845
609 848
609 866
609 871
609 877
609 884
609 885
609 889
609 892
609 902
609 908
609 911
609 946
609 956
609 970
609 972
609 979
609 988
609 991
609 1106
609 1135
609 1175
609 1346
609 1468
609 1560
609 1959
610 614
610 619
610 620
610 622
610 624
610 628
610 633
610 634
610 636
610 643
610 647
610 648
610 668
610 685
610 690
610 704
610 729
610 736
610 742
610 745
610 775
610 777
610 792
610 804
610 810
610 821
610 822
610 824
610 826
610 839
610 842
610 847
610 856
610 858
610 862
610 866
610 868
610 878
610 882
610 891
610 899
610 908
610 917
610 927
610 941
610 944
610 946
610 952
610 958
610 965
610 970
610 971
610 982
610 983
610 1077
610 1444
610 1595
610 1636
611 613
611 626
611 630
611 633
611 644
611 650
611 658
611 672
611 677
611 680
611 681
611 684
611 691
611 699
611 706
611 736
611 745
611 746
611 753
611 764
611 767
611 775
611 777
611 784
611 790
611 797
611 799
611 811
611 816
611 820
611 821
611 824
611 828
611 832
611 836
611 860
611 861
611 886
611 892
611 898
611 900
611 906
611 919
611 928
611 939
611 943
611 952
611 957
611 968
611 974
611 980
611 988
611 993
611 1083
611 1392
611 1649
611 1782
611 1820
612 633
612 664
612 671
612 673
612 675
612 678
612 683
612 700
612 711
612 716
612 721
612 734
612 749
612 750
612 754
612 772
612 792
612 796
612 798
612 805
612 829
612 836
612 841
612 852
612 859
612 861
612 867
612 873
612 878
612 882
612 888
612 892
612 909
612 922
612 926
612 957
612 959
612 984
612 987
612 991
612 1292
612 1604
612 1853
612 1982
613 629
613 634
613 638
613 673
613 680
613 687
613 696
613 701
613 719
613 723
613 733
613 736
613 744
613 753
613 776
613 779
613 785
613 786
613 794
613 803
613 809
613 833
613 838
613 846
613 855
613 857
613 862
613 864
613 867
613 874
613 878
613 907
613 911
613 918
613 938
613 946
613 947
613 952
613 967
613 982
613 983
613 1087
613 1116
613 1488
613 1548
613 1624
613 1732
613 1816
613 1843
613 1970
614 619
614 639
614 647
614 649
614 658
614 659
614 665
614 668
614 672
614 678
614 688
614 692
614 702
614 712
614 727
614 737
614 741
614 751
614 752
614 757
614 767
614 772
614 781
614 800
614 801
614 802
614 818
614 822
614 826
614 829
614 832
614 838
614 868
614 890
614 910
614 914
614 927
614 932
614 940
614 943
614 948
614 964
614 969
614 975
614 982
614 984
614 988
614 1058
614 1485
614 1503
614 1535
614 1549
614 1943
614 1954
615 617
615 630
615 631
615 632
615 639
615 640
615 642
615 656
615 662
615 664
615 666
615 681
615 685
615 694
615 709
615 711
615 718
615 719
615 721
615 727
615 729
615 737
615 752
615 756
615 768
615 772
615 774
615 779
615 815
615 818
615 829
615 835
615 839
615 850
615 859
615 869
615 873
615 880
615 886
615 891
615 929
615 947
615 976
615 979
615 983
615 1321
615 1493
615 1534
615 1565
615 1662
616 622
616 630
616 639
616 656
616 681
616 693
616 700
616 701
616 707
616 708
616 711
616 718
616 723
616 731
616 739
616 751
616 760
616 788
616 795
616 800
616 805
616 810
616 812
616 824
616 827
616 829
616 839
616 840
616 844
616 848
616 852
616 865
616 871
616 873
616 878
616 908
616 915
616 945
616 953
616 955
616 956
616 962
616 963
616 986
616 990
616 1169
616 1239
616 1275
616 1335
616 1500
616 1602
616 1726
617 625
617 643
617 647
617 653
617 660
617 661
617 662
617 669
617 674
617 677
617 687
617 706
617 710
617 724
617 743
617 754
617 761
617 769
617 774
617 791
617 795
617 803
617 830
617 832
617 839
617 841
617 844
617 846
617 879
617 896
617 904
617 918
617 921
617 927
617 929
617 933
617 941
617 988
617 1046
617 1127
617 1536
617 1586
617 1654
617 1662
617 1725
617 1742
618 624
618 643
618 658
618 670
618 674
618 681
618 684
618 686
618 693
618 711
618 717
618 723
618 725
618 731
618 736
618 743
618 757
618 766
618 773
618 790
618 796
618 798
618 815
618 825
618 856
618 862
618 865
618 870
618 871
618 889
618 902
618 917
618 919
618 921
618 924
618 939
618 976
618 986
618 1073
619 621
619 624
619 650
619 655
619 658
619 659
619 660
619 673
619 674
619 678
619 695
619 710
619 712
619 723
619 732
619 780
619 793
619 794
619 802
619 821
619 822
619 831
619 837
619 848
619 854
619 857
619 859
619 864
619 872
619 899
619 905
619 912
619 918
619 926
619 930
619 933
619 940
619 942
619 944
619 953
619 958
619 961
619 963
619 966
619 974
619 976
619 1020
619 1057
619 1132
619 1204
619 1487
619 1609
619 1812
620 622
620 625
620 627
620 639
620 646
620 651
620 660
620 664
620 693
620 695
620 724
620 730
620 742
620 745
620 749
620 780
620 782
620 803
620 807
620 811
620 813
620 814
620 815
620 823
620 827
620 842
620 853
620 854
620 856
620 857
620 858
620 861
620 868
620 873
620 877
620 885
620 897
620 907
620 921
620 922
620 941
620 942
620 959
620 960
620 970
620 975
620 988
620 990
620 993
620 1025
620 1175
620 1189
620 1373
620 1509
620 1550
620 1743
620 1942
620 1975
620 1981
621 627
621 645
621 646
621 654
621 659
621 664
621 679
621 680
621 691
621 698
621 713
621 717
621 719
621 727
621 733
621 741
621 742
621 746
621 758
621 787
621 788
621 796
621 797
621 799
621 803
621 804
621 823
621 824
621 837
621 850
621 876
621 882
621 891
621 893
621 899
621 917
621 918
621 941
621 954
621 963
621 965
621 972
621 974
621 975
621 988
621 989
621 1233
621 1337
622 623
622 636
622 638
622 649
622 653
622 667
622 673
622 680
622 681
622 692
622 697
622 698
622 700
622 705
622 712
622 718
622 722
622 725
622 730
622 733
622 740
622 743
622 747
622 750
622 759
622 766
622 772
622 776
622 790
622 814
622 815
622 818
622 830
622 832
622 861
622 864
622 872
622 877
622 892
622 899
622 905
622 909
622 914
622 938
622 941
622 947
622 954
622 964
622 977
622 1115
622 1155
622 1349
622 1713
622 1714
623 652
623 658
623 673
623 689
623 707
623 710
623 717
623 720
623 724
623 730
623 732
623 736
623 754
623 777
623 778
623 789
623 793
623 798
623 811
623 818
623 827
623 832
623 837
623 839
623 856
623 863
623 866
623 888
623 896
623 899
623 911
623 912
623 921
623 945
623 959
623 963
623 964
623 971
623 972
623 978
623 981
623 986
623 991
623 1090
623 1209
623 1310
623 1543
623 1588
623 1906
623 1908
623 1968
624 630
624 631
624 656
624 667
624 689
624 691
624 710
624 725
624 726
624 727
624 744
624 750
624 752
624 754
624 770
624 774
624 775
624 779
624 780
624 781
624 789
624 810
624 813
624 820
624 844
624 866
624 873
624 881
624 891
624 893
624 909
624 918
624 922
624 923
624 927
624 943
624 952
624 958
624 960
624 962
624 964
624 966
624 967
624 974
624 975
624 982
624 986
624 988
624 1024
624 1146
624 1442
624 1915
624 1925
625 628
625 629
625 631
625 640
625 646
625 664
625 668
625 672
625 679
625 697
625 719
625 720
625 728
625 737
625 743
625 750
625 751
625 768
625 778
625 783
625 797
625 800
625 802
625 806
625 811
625 825
625 827
625 829
625 836
625 840
625 846
625 849
625 859
625 870
625 873
625 897
625 920
625 948
625 954
625 959
625 965
625 976
625 977
625 987
625 990
625 1228
625 1361
625 1515
625 1563
625 1699
626 647
626 661
626 689
626 691
626 699
626 702
626 704
626 705
626 712
626 717
626 720
626 721
626 725
626 734
626 739
626 747
626 748
626 749
626 752
626 755
626 758
626 759
626 762
626 775
626 784
626 785
626 790
626 792
626 794
626 796
626 799
626 800
626 810
626 831
626 872
626 876
626 877
626 880
626 881
626 887
626 892
626 893
626 897
626 901
626 903
626 905
626 928
626 940
626 946
626 960
626 961
626 973
626 975
626 976
626 984
626 985
626 986
626 987
626 992
626 1002
626 1084
626 1136
626 1141
626 1266
626 1534
626 1723
626 1801
626 1887
627 642
627 676
627 687
627 693
627 696
627 699
627 718
627 721
627 726
627 730
627 734
627 737
627 741
627 743
627 744
627 754
627 758
627 761
627 771
627 787
627 792
627 801
627 803
627 809
627 813
627 821
627 822
627 838
627 853
627 863
627 881
627 885
627 889
627 890
627 891
627 911
627 913
627 917
627 929
627 930
627 938
627 940
627 961
627 965
627 986
627 1051
627 1091
627 1161
627 1226
627 1249
627 1537
628 630
628 639
628 653
628 656
628 658
628 660
628 662
628 673
628 691
628 695
628 702
628 716
628 726
628 735
628 745
628 747
628 748
628 751
628 752
628 767
628 772
628 778
628 784
628 785
628 786
628 787
628 807
628 809
628 823
628 835
628 846
628 851
628 869
628 875
628 883
628 889
628 900
628 907
628 910
628 911
628 931
628 933
628 939
628 972
628 975
628 985
628 989
628 1049
628 1464
629 636
629 638
629 641
629 644
629 648
629 654
629 659
629 666
629 669
629 670
629 671
629 682
629 698
629 700
629 705
629 707
629 721
629 723
629 726
629 729
629 732
629 737
629 738
629 760
629 766
629 768
629 774
629 776
629 794
629 798
629 800
629 810
629 812
629 817
629 831
629 855
629 857
629 860
629 862
629 864
629 868
629 875
629 880
629 896
629 923
629 934
629 941
629 944
629 950
629 956
629 957
629 961
629 965
629 972
629 990
629 994
629 1027
629 1125
629 1432
629 1542
629 1647
629 1735
629 1746
630 633
630 644
630 645
630 648
630 655
630 658
630 680
630 682
630 684
630 686
630 691
630 700
630 705
630 718
630 724
630 746
630 750
630 764
630 766
630 768
630 771
630 779
630 780
630 783
630 797
630 801
630 804
630 811
630 829
630 836
630 852
630 855
630 868
630 874
630 877
630 882
630 892
630 894
630 898
630 914
630 919
630 926
630 943
630 959
630 963
630 1001
630 1007
630 1052
630 1053
630 1176
630 1553
630 1794
631 637
631 639
631 659
631 665
631 671
631 675
631 685
631 686
631 698
631 702
631 741
631 744
631 762
631 766
631 775
631 776
631 778
631 785
631 796
631 800
631 803
631 819
631 821
631 822
631 823
631 825
631 828
631 833
631 837
631 844
631 845
631 846
631 848
631 849
631 850
631 854
631 861
631 863
631 864
631 874
631 875
631 884
631 887
631 902
631 917
631 936
631 941
631 946
631 956
631 960
631 962
631 965
631 971
631 982
631 1140
631 1160
631 1757
631 1953
631 1987
632 640
632 641
632 646
632 654
632 659
632 676
632 679
632 684
632 686
632 689
632 692
632 699
632 733
632 744
632 752
632 754
632 790
632 795
632 810
632 830
632 835
632 842
632 845
632 850
632 874
632 885
632 889
632 895
632 901
632 902
632 925
632 928
632 933
632 955
632 959
632 963
632 964
632 977
632 990
632 993
632 1171
632 1294
632 1625
632 1634
632 1788
633 651
633 656
633 661
633 662
633 673
633 688
633 697
633 699
633 700
633 702
633 711
633 738
633 740
633 756
633 758
633 759
633 774
633 777
633 782
633 786
633 790
633 798
633 801
633 806
633 811
633 830
633 837
633 841
633 852
633 854
633 867
633 882
633 887
633 912
633 913
633 932
633 933
633 955
633 974
633 977
633 980
633 989
633 1234
633 1305
633 1316
633 1426
633 1540
633 1556
633 1581
633 1590
633 1692
633 1787
633 1912
634 644
634 646
634 651
634 656
634 668
634 677
634 696
634 707
634 710
634 717
634 718
634 726
634 727
634 732
634 738
634 741
634 747
634 751
634 752
634 763
634 783
634 789
634 794
634 796
634 797
634 806
634 809
634 811
634 815
634 817
634 818
634 825
634 832
634 839
634 861
634 865
634 869
634 876
634 885
634 886
634 897
634 909
634 915
634 956
634 958
634 964
634 969
634 979
634 1166
634 1257
634 1327
634 1376
634 1418
634 1622
634 1817
634 1969
635 638
635 643
635 653
635 673
635 681
635 682
635 690
635 696
635 706
635 734
635 739
635 741
635 754
635 755
635 773
635 775
635 777
635 798
635 799
635 820
635 837
635 841
635 847
635 851
635 862
635 863
635 865
635 868
635 872
635 875
635 878
635 883
635 898
635 904
635 922
635 923
635 928
635 930
635 932
635 935
635 936
635 947
635 950
635 953
635 956
635 958
635 966
635 967
635 981
635 982
635 991
635 998
635 1138
635 1659
635 1661
635 1845
635 1952
635 1983
636 644
636 649
636 653
636 658
636 671
636 691
636 712
636 719
636 731
636 755
636 766
636 768
636 775
636 777
636 780
636 782
636 786
636 791
636 793
636 807
636 811
636 821
636 823
636 824
636 831
636 837
636 867
636 870
636 874
636 879
636 883
636 887
636 890
636 898
636 909
636 927
636 931
636 942
636 954
636 971
636 974
636 1159
636 1392
636 1469
636 1894
637 641
637 647
637 651
637 665
637 689
637 711
637 712
637 725
637 728
637 729
637 734
637 739
637 751
637 765
637 772
637 773
637 777
637 786
637 794
637 797
637 800
637 819
637 824
637 825
637 831
637 853
637 855
637 866
637 888
637 889
637 890
637 896
637 901
637 903
637 916
637 921
637 922
637 929
637 932
637 934
637 940
637 943
637 956
637 962
637 966
637 971
637 1061
637 1205
637 1512
638 639
638 643
638 644
638 645
638 646
638 649
638 650
638 657
638 663
638 672
638 674
638 676
638 695
638 712
638 735
638 736
638 737
638 750
638 754
638 755
638 762
638 765
638 767
638 771
638 774
638 775
638 778
638 784
638 798
638 800
638 811
638 812
638 825
638 846
638 860
638 863
638 866
638 873
638 875
638 877
638 881
638 891
638 896
638 897
638 910
638 919
638 930
638 932
638 935
638 948
638 962
638 963
638 965
638 969
638 970
638 976
638 985
638 1053
638 1224
638 1404
638 1469
638 1655
638 1676
638 1692
638 1781
639 644
639 648
639 664
639 673
639 687
639 688
639 691
639 693
639 696
639 705
639 707
639 708
639 717
639 721
639 750
639 755
639 759
639 772
639 777
639 784
639 789
639 793
639 794
639 796
639 807
639 828
639 837
639 840
639 851
639 856
639 863
639 868
639 881
639 890
639 899
639 907
639 919
639 931
639 941
639 942
639 943
639 945
639 952
639 956
639 977
639 981
639 984
639 1117
639 1363
639 1499
639 1503
639 1584
639 1630
639 1765
639 1836
639 1961
640 648
640 650
640 655
640 657
640 659
640 677
640 682
640 686
640 697
640 698
640 709
640 712
640 714
640 724
640 735
640 752
640 754
640 756
640 761
640 769
640 770
640 780
640 790
640 801
640 804
640 815
640 817
640 818
640 824
640 830
640 833
640 840
640 850
640 863
640 877
640 901
640 921
640 923
640 937
640 952
640 953
640 972
640 993
640 1125
640 1228
640 1345
640 1530
640 1655
640 1714
640 1731
640 1781
640 1846
640 1953
641 643
641 647
641 655
641 656
641 668
641 676
641 704
641 706
641 713
641 715
641 716
641 729
641 738
641 751
641 752
641 756
641 758
641 761
641 766
641 773
641 775
641 777
641 778
641 779
641 784
641 790
641 795
641 806
641 810
641 824
641 833
641 837
641 839
641 840
641 841
641 843
641 849
641 851
641 857
641 862
641 870
641 878
641 881
641 883
641 885
641 898
641 930
641 943
641 984
641 993
641 1038
641 1337
641 1558
641 1594
641 1964
642 673
642 676
642 680
642 686
642 688
642 697
642 699
642 702
642 718
642 731
642 747
642 748
642 750
642 772
642 790
642 792
642 829
642 831
642 833
642 842
642 849
642 853
642 854
642 868
642 877
642 878
642 914
642 916
642 920
642 930
642 932
642 946
642 949
642 978
642 982
642 1003
642 1262
642 1301
642 1319
642 1420
642 1518
642 1756
642 1776
643 653
643 660
643 674
643 679
643 680
643 691
643 702
643 705
643 715
643 717
643 735
643 740
643 741
643 746
643 747
643 749
643 750
643 765
643 824
643 827
643 832
643 845
643 854
643 861
643 871
643 876
643 887
643 897
643 905
643 913
643 929
643 941
643 952
643 965
643 967
643 969
643 980
643 984
643 1128
643 1134
643 1177
643 1392
643 1469
643 1622
643 1976
643 1980
644 645
644 660
644 664
644 704
644 706
644 722
644 727
644 729
644 743
644 744
644 759
644 771
644 774
644 776
644 789
644 790
644 792
644 796
644 802
644 805
644 809
644 814
644 840
644 853
644 858
644 870
644 882
644 888
644 891
644 896
644 903
644 922
644 924
644 927
644 937
644 939
644 940
644 943
644 946
644 950
644 953
644 954
644 964
644 967
644 974
644 976
644 986
644 992
644 1085
644 1203
645 648
645 649
645 650
645 655
645 684
645 685
645 694
645 705
645 722
645 743
645 756
645 764
645 781
645 787
645 797
645 803
645 810
645 813
645 820
645 822
645 825
645 830
645 859
645 870
645 872
645 873
645 878
645 885
645 896
645 902
645 910
645 912
645 930
645 933
645 940
645 944
645 957
645 962
645 990
645 993
645 1010
645 1037
645 1168
645 1423
645 1428
645 1515
645 1664
645 1797
645 1859
645 1958
646 650
646 662
646 680
646 700
646 704
646 710
646 716
646 728
646 746
646 755
646 757
646 769
646 780
646 787
646 804
646 807
646 818
646 835
646 838
646 844
646 848
646 851
646 877
646 884
646 885
646 894
646 898
646 899
646 903
646 905
646 927
646 931
646 940
646 962
646 966
646 967
646 969
646 975
646 977
646 980
646 981
646 982
646 985
646 989
646 997
646 1110
646 1114
646 1116
646 1228
646 1466
646 1569
646 1789
646 1812
646 1917
646 1950
647 649
647 663
647 667
647 675
647 693
647 695
647 710
647 719
647 720
647 723
647 742
647 747
647 749
647 750
647 759
647 767
647 768
647 771
647 776
647 780
647 792
647 800
647 807
647 831
647 837
647 842
647 846
647 853
647 865
647 874
647 890
647 892
647 904
647 906
647 908
647 909
647 912
647 916
647 917
647 932
647 936
647 937
647 943
647 945
647 951
647 953
647 956
647 959
647 960
647 971
647 975
647 978
647 981
647 990
647 991
647 995
647 1073
647 1293
647 1375
647 1398
647 1558
647 1828
647 1917
648 649
648 654
648 655
648 656
648 659
648 667
648 673
648 679
648 681
648 701
648 707
648 712
648 716
648 718
648 732
648 735
648 746
648 772
648 774
648 782
648 788
648 790
648 796
648 797
648 805
648 818
648 829
648 838
648 844
648 850
648 860
648 870
648 880
648 884
648 900
648 904
648 909
648 925
648 949
648 969
648 972
648 975
648 976
648 991
648 993
648 1052
648 1055
648 1080
648 1124
648 1202
648 1337
648 1423
648 1440
649 656
649 663
649 668
649 703
649 714
649 719
649 734
649 736
649 755
649 760
649 762
649 765
649 768
649 769
649 787
649 794
649 795
649 798
649 800
649 811
649 821
649 829
649 850
649 868
649 870
649 871
649 890
649 891
649 901
649 916
649 918
649 937
649 942
649 945
649 956
649 960
649 974
649 975
649 976
649 982
649 989
649 1195
649 1282
649 1320
649 1356
649 1407
649 1579
649 1623
649 1646
649 1861
649 1915
650 656
650 666
650 667
650 668
650 670
650 678
650 700
650 733
650 735
650 740
650 741
650 762
650 770
650 777
650 785
650 792
650 794
650 797
650 820
650 823
650 832
650 849
650 853
650 856
650 861
650 862
650 868
650 877
650 884
650 894
650 895
650 902
650 909
650 916
650 925
650 933
650 935
650 954
650 961
650 969
650 981
650 1328
650 1393
650 1552
650 1739
650 1824
651 657
651 659
651 661
651 668
651 669
651 674
651 683
651 684
651 692
651 702
651 705
651 711
651 724
651 750
651 753
651 758
651 760
651 762
651 766
651 825
651 829
651 830
651 839
651 843
651 846
651 852
651 860
651 863
651 864
651 868
651 871
651 879
651 884
651 887
651 895
651 896
651 911
651 913
651 922
651 926
651 927
651 937
651 942
651 944
651 963
651 971
651 984
651 985
651 987
651 1425
651 1426
651 1782
651 1865
651 1969
652 653
652 664
652 674
652 685
652 692
652 710
652 717
652 718
652 724
652 747
652 757
652 758
652 766
652 769
652 775
652 777
652 782
652 795
652 797
652 800
652 806
652 807
652 821
652 824
652 836
652 846
652 849
652 861
652 864
652 865
652 872
652 879
652 887
652 889
652 896
652 903
652 910
652 912
652 917
652 922
652 923
652 935
652 936
652 951
652 955
652 956
652 959
652 963
652 989
652 990
652 1029
652 1660
652 1865
652 1892
652 1894
653 667
653 680
653 703
653 705
653 706
653 746
653 767
653 771
653 775
653 785
653 799
653 800
653 801
653 820
653 822
653 826
653 827
653 877
653 893
653 895
653 896
653 907
653 909
653 914
653 939
653 946
653 948
653 949
653 953
653 955
653 965
653 978
653 979
653 985
653 1259
653 1754
653 1769
653 1806
654 657
654 662
654 665
654 671
654 676
654 677
654 678
654 697
654 707
654 727
654 731
654 739
654 745
654 752
654 753
654 754
654 764
654 768
654 774
654 778
654 782
654 788
654 795
654 796
654 825
654 832
654 836
654 837
654 841
654 847
654 854
654 856
654 861
654 862
654 868
654 871
654 879
654 891
654 897
654 903
654 906
654 918
654 927
654 938
654 941
654 952
654 964
654 969
654 970
654 1090
654 1192
654 1203
654 1249
654 1447
654 1596
654 1707
655 659
655 666
655 671
655 674
655 685
655 688
655 696
655 709
655 710
655 722
655 741
655 747
655 768
655 774
655 793
655 805
655 809
655 815
655 827
655 836
655 843
655 845
655 848
655 853
655 859
655 863
655 867
655 882
655 889
655 901
655 910
655 919
655 923
655 930
655 935
655 940
655 942
655 947
655 952
655 956
655 963
655 965
655 967
655 982
655 988
655 989
655 992
655 1090
655 1270
655 1345
655 1388
655 1641
655 1764
655 1824
655 1921
656 665
656 671
656 675
656 697
656 709
656 716
656 724
656 726
656 737
656 738
656 741
656 751
656 755
656 756
656 797
656 807
656 811
656 812
656 819
656 821
656 837
656 861
656 862
656 865
656 895
656 900
656 902
656 917
656 931
656 938
656 956
656 958
656 959
656 963
656 970
656 984
656 1093
656 1123
656 1274
656 1329
656 1399
656 1528
656 1923
657 660
657 664
657 666
657 672
657 688
657 693
657 701
657 715
657 718
657 720
657 722
657 731
657 738
657 749
657 759
657 764
657 767
657 770
657 780
657 784
657 785
657 786
657 787
657 795
657 798
657 803
657 812
657 814
657 817
657 819
657 827
657 842
657 854
657 863
657 869
657 885
657 887
657 888
657 890
657 901
657 910
657 913
657 914
657 929
657 930
657 936
657 939
657 943
657 947
657 954
657 965
657 979
657 987
657 1001
657 1032
657 1574
657 1742
657 1836
657 1874
657 1896
657 1914
658 672
658 686
658 698
658 708
658 710
658 716
658 722
658 727
658 736
658 743
658 744
658 745
658 778
658 786
658 790
658 793
658 796
658 800
658 804
658 806
658 807
658 809
658 812
658 817
658 822
658 823
658 836
658 852
658 867
658 870
658 888
658 897
658 903
658 918
658 923
658 927
658 940
658 947
658 953
658 958
658 960
658 965
658 978
658 981
658 984
658 985
658 1255
658 1325
658 1412
658 1479
658 1531
658 1666
658 1744
658 1755
658 1940
659 667
659 670
659 684
659 694
659 703
659 711
659 722
659 723
659 739
659 747
659 755
659 767
659 790
659 795
659 797
659 799
659 812
659 816
659 830
659 832
659 834
659 841
659 858
659 859
659 860
659 864
659 866
659 872
659 893
659 906
659 911
659 917
659 918
659 921
659 924
659 925
659 928
659 933
659 937
659 941
659 943
659 948
659 966
659 970
659 971
659 973
659 975
659 985
659 990
659 1738
660 666
660 668
660 679
660 696
660 699
660 709
660 715
660 723
660 726
660 732
660 739
660 740
660 746
660 757
660 779
660 790
660 804
660 809
660 818
660 829
660 842
660 846
660 854
660 859
660 862
660 871
660 876
660 882
660 887
660 893
660 896
660 899
660 906
660 910
660 915
660 921
660 931
660 938
660 944
660 945
660 957
660 964
660 971
660 976
660 984
660 991
660 1415
660 1568
660 1572
660 1635
660 1776
661 689
661 702
661 706
661 709
661 714
661 727
661 738
661 740
661 754
661 772
661 777
661 784
661 788
661 807
661 810
661 815
661 817
661 827
661 830
661 835
661 838
661 847
661 854
661 860
661 864
661 867
661 875
661 886
661 897
661 900
661 912
661 918
661 919
661 921
661 928
661 933
661 937
661 955
661 956
661 977
661 979
661 982
661 989
661 1025
661 1034
661 1132
661 1507
661 1572
661 1590
661 1605
661 1727
661 1790
661 1809
662 663
662 674
662 677
662 678
662 722
662 727
662 744
662 753
662 760
662 766
662 775
662 776
662 787
662 792
662 795
662 805
662 811
662 813
662 814
662 822
662 832
662 838
662 849
662 853
662 854
662 862
662 863
662 909
662 924
662 943
662 946
662 958
662 963
662 967
662 985
662 992
662 1032
662 1039
662 1139
662 1245
663 664
663 672
663 678
663 693
663 700
663 709
663 717
663 732
663 743
663 747
663 764
663 771
663 782
663 800
663 804
663 805
663 818
663 822
663 827
663 829
663 840
663 843
663 850
663 854
663 855
663 860
663 862
663 874
663 914
663 915
663 918
663 921
663 922
663 932
663 938
663 947
663 970
663 974
663 1121
663 1544
663 1596
663 1754
664 665
664 682
664 686
664 688
664 689
664 691
664 692
664 694
664 695
664 698
664 701
664 703
664 706
664 720
664 755
664 762
664 773
664 778
664 781
664 790
664 796
664 803
664 819
664 836
664 837
664 839
664 851
664 856
664 858
664 862
664 865
664 868
664 872
664 874
664 877
664 889
664 893
664 904
664 905
664 921
664 930
664 931
664 943
664 963
664 986
664 1025
664 1161
664 1167
664 1219
664 1554
664 1591
664 1751
665 670
665 675
665 682
665 692
665 701
665 716
665 719
665 733
665 734
665 761
665 762
665 765
665 777
665 795
665 801
665 804
665 809
665 811
665 812
665 815
665 834
665 841
665 842
665 852
665 861
665 879
665 880
665 886
665 893
665 897
665 898
665 906
665 907
665 912
665 915
665 930
665 935
665 944
665 979
665 982
665 1176
665 1504
665 1646
665 1689
665 1702
666 668
666 689
666 691
666 696
666 705
666 721
666 722
666 725
666 726
666 727
666 737
666 744
666 756
666 763
666 767
666 772
666 777
666 780
666 781
666 798
666 815
666 829
666 831
666 845
666 846
666 855
666 857
666 861
666 876
666 878
666 883
666 891
666 896
666 897
666 901
666 908
666 914
666 930
666 932
666 947
666 948
666 953
666 972
666 976
666 978
666 1448
666 1703
666 1907
666 1981
667 674
667 677
667 709
667 712
667 719
667 735
667 744
667 748
667 766
667 771
667 773
667 784
667 800
667 801
667 813
667 819
667 822
667 826
667 839
667 846
667 853
667 855
667 867
667 875
667 882
667 892
667 909
667 910
667 914
667 918
667 921
667 934
667 935
667 936
667 955
667 961
667 969
667 972
667 985
667 987
667 990
667 1098
667 1099
667 1186
667 1292
667 1427
667 1499
667 1502
667 1675
667 1705
667 1731
667 1909
668 672
668 673
668 689
668 690
668 691
668 695
668 698
668 700
668 701
668 723
668 726
668 739
668 742
668 743
668 745
668 746
668 756
668 760
668 778
668 785
668 789
668 811
668 812
668 821
668 840
668 850
668 857
668 862
668 875
668 894
668 928
668 944
668 962
668 968
668 969
668 1073
668 1168
668 1552
668 1579
668 1653
668 1714
668 1762
668 1861
669 674
669 682
669 692
669 695
669 697
669 701
669 709
669 711
669 713
669 714
669 729
669 730
669 734
669 736
669 756
669 763
669 764
669 765
669 773
669 785
669 796
669 807
669 808
669 832
669 842
669 849
669 850
669 857
669 885
669 888
669 906
669 908
669 914
669 928
669 939
669 944
669 961
669 965
669 979
669 982
669 1056
669 1117
669 1156
669 1294
669 1344
669 1658
669 1793
670 671
670 684
670 691
670 705
670 707
670 725
670 733
670 754
670 764
670 767
670 768
670 772
670 796
670 825
670 826
670 827
670 832
670 835
670 839
670 840
670 847
670 858
670 860
670 863
670 868
670 878
670 880
670 893
670 895
670 906
670 913
670 919
670 922
670 927
670 936
670 937
670 939
670 941
670 943
670 948
670 950
670 952
670 955
670 968
670 970
670 981
670 984
670 1290
670 1632
670 1830
670 1849
671 687
671 688
671 700
671 705
671 708
671 723
671 733
671 752
671 784
671 806
671 808
671 830
671 833
671 838
671 841
671 847
671 859
671 904
671 922
671 925
671 927
671 938
671 942
671 943
671 948
671 950
671 959
671 966
671 981
671 1331
671 1389
671 1478
672 685
672 690
672 703
672 710
672 713
672 726
672 737
672 740
672 758
672 766
672 783
672 786
672 789
672 790
672 810
672 814
672 817
672 821
672 839
672 847
672 851
672 861
672 863
672 866
672 869
672 883
672 884
672 887
672 893
672 894
672 896
672 901
672 905
672 915
672 916
672 921
672 922
672 923
672 928
672 930
672 949
672 954
672 960
672 974
672 984
672 986
672 987
672 1064
672 1593
672 1686
673 678
673 679
673 691
673 692
673 705
673 707
673 720
673 721
673 731
673 733
673 740
673 741
673 752
673 759
673 761
673 769
673 776
673 777
673 787
673 789
673 802
673 803
673 812
673 819
673 821
673 825
673 839
673 852
673 864
673 868
673 878
673 879
673 886
673 888
673 891
673 907
673 919
673 928
673 934
673 935
673 944
673 946
673 969
673 974
673 977
673 979
673 983
673 989
673 1023
673 1345
673 1448
673 1502
673 1554
673 1764
674 677
674 691
674 692
674 693
674 696
674 699
674 701
674 712
674 723
674 725
674 736
674 739
674 740
674 743
674 757
674 772
674 794
674 801
674 804
674 805
674 813
674 814
674 815
674 820
674 825
674 834
674 838
674 846
674 847
674 868
674 873
674 894
674 925
674 929
674 935
674 945
674 949
674 954
674 957
674 958
674 960
674 964
674 966
674 967
674 981
674 1106
674 1276
674 1322
674 1490
674 1709
675 689
675 711
675 717
675 735
675 738
675 745
675 769
675 770
675 799
675 807
675 824
675 835
675 855
675 860
675 870
675 871
675 904
675 907
675 937
675 951
675 961
675 963
675 964
675 976
675 1007
675 1010
675 1052
675 1056
675 1112
675 1154
675 1156
675 1233
675 1396
675 1424
675 1444
675 1739
675 1808
675 1843
676 682
676 691
676 694
676 709
676 711
676 712
676 727
676 729
676 733
676 742
676 757
676 760
676 767
676 777
676 798
676 804
676 810
676 814
676 818
676 833
676 841
676 847
676 851
676 871
676 872
676 911
676 920
676 925
676 926
676 930
676 932
676 935
676 937
676 942
676 946
676 947
676 957
676 980
676 981
676 1124
676 1244
676 1249
676 1452
676 1502
676 1701
676 1783
676 1917
677 679
677 680
677 682
677 683
677 719
677 723
677 741
677 744
677 746
677 754
677 755
677 759
677 791
677 792
677 796
677 803
677 816
677 826
677 829
677 835
677 839
677 844
677 846
677 861
677 873
677 886
677 891
677 892
677 904
677 906
677 919
677 920
677 925
677 926
677 933
677 941
677 951
677 959
677 962
677 970
677 971
677 976
677 980
677 983
677 992
677 1067
677 1107
677 1129
677 1169
677 1226
677 1333
677 1340
677 1352
677 1390
677 1578
677 1853
678 679
678 697
678 698
678 706
678 708
678 709
678 713
678 717
678 718
678 728
678 732
678 743
678 746
678 753
678 761
678 784
678 787
678 789
678 799
678 806
678 833
678 836
678 843
678 858
678 879
678 881
678 882
678 886
678 887
678 890
678 896
678 899
678 900
678 917
678 920
678 922
678 923
678 926
678 953
678 956
678 973
678 981
678 1231
678 1655
678 1708
678 1851
678 1984
679 710
679 726
679 727
679 728
679 730
679 735
679 739
679 746
679 761
679 767
679 770
679 792
679 799
679 809
679 811
679 818
679 835
679 838
679 840
679 845
679 863
679 870
679 901
679 905
679 910
679 925
679 931
679 935
679 937
679 939
679 949
679 963
679 970
679 977
679 1208
679 1233
679 1603
679 1667
679 1713
679 1799
680 685
680 690
680 698
680 719
680 734
680 735
680 742
680 743
680 747
680 775
680 776
680 782
680 784
680 788
680 807
680 808
680 815
680 824
680 825
680 843
680 845
680 846
680 863
680 866
680 876
680 877
680 879
680 911
680 918
680 919
680 920
680 930
680 940
680 957
680 959
680 966
680 970
680 978
680 979
680 993
680 1088
680 1766
680 1930
681 728
681 734
681 741
681 768
681 781
681 787
681 797
681 814
681 823
681 837
681 845
681 846
681 849
681 874
681 881
681 895
681 901
681 909
681 947
681 948
681 950
681 958
681 959
681 960
681 970
681 972
681 982
681 989
681 990
681 994
681 1123
681 1809
682 685
682 689
682 693
682 696
682 703
682 707
682 711
682 714
682 715
682 720
682 725
682 738
682 740
682 749
682 751
682 755
682 757
682 768
682 777
682 779
682 783
682 794
682 798
682 813
682 817
682 820
682 826
682 847
682 858
682 864
682 865
682 869
682 901
682 905
682 908
682 909
682 912
682 913
682 920
682 922
682 923
682 926
682 935
682 944
682 951
682 974
682 983
682 990
682 1018
682 1035
682 1043
682 1103
682 1124
682 1463
682 1920
683 684
683 700
683 708
683 723
683 727
683 737
683 739
683 744
683 757
683 763
683 768
683 778
683 779
683 783
683 787
683 805
683 807
683 819
683 825
683 841
683 846
683 848
683 852
683 856
683 864
683 869
683 873
683 881
683 882
683 891
683 896
683 902
683 904
683 921
683 929
683 930
683 931
683 938
683 942
683 948
683 953
683 958
683 959
683 979
683 981
683 988
683 1107
683 1183
683 1227
683 1357
683 1470
683 1492
683 1534
683 1543
683 1568
683 1657
683 1674
683 1950
684 685
684 691
684 697
684 699
684 705
684 723
684 735
684 739
684 761
684 762
684 770
684 774
684 777
684 782
684 786
684 794
684 799
684 815
684 829
684 835
684 839
684 855
684 856
684 858
684 862
684 863
684 867
684 879
684 893
684 894
684 917
684 921
684 943
684 948
684 949
684 967
684 969
684 972
684 979
684 986
684 987
684 990
684 1095
684 1109
684 1276
684 1308
684 1340
684 1379
684 1381
684 1578
684 1711
685 707
685 715
685 716
685 717
685 724
685 726
685 727
685 733
685 738
685 739
685 741
685 754
685 756
685 772
685 779
685 781
685 784
685 801
685 804
685 815
685 823
685 828
685 829
685 831
685 834
685 842
685 857
685 872
685 877
685 885
685 895
685 911
685 917
685 923
685 926
685 930
685 932
685 951
685 952
685 954
685 958
685 969
685 992
685 1038
685 1388
685 1538
685 1671
685 1939
685 1965
686 688
686 695
686 703
686 704
686 708
686 713
686 731
686 732
686 740
686 742
686 746
686 754
686 755
686 757
686 761
686 762
686 769
686 775
686 785
686 786
686 797
686 798
686 812
686 821
686 832
686 834
686 858
686 862
686 870
686 875
686 881
686 889
686 903
686 905
686 917
686 922
686 923
686 932
686 935
686 944
686 958
686 968
686 982
686 992
686 1102
686 1264
686 1329
686 1362
686 1378
686 1442
686 1457
686 1680
686 1823
686 1842
687 694
687 697
687 718
687 725
687 737
687 750
687 752
687 754
687 756
687 761
687 779
687 791
687 809
687 812
687 826
687 835
687 851
687 858
687 865
687 867
687 872
687 875
687 881
687 900
687 929
687 932
687 958
687 963
687 964
687 968
687 1046
687 1088
687 1191
687 1264
687 1421
687 1475
687 1676
687 1848
687 1891
688 692
688 696
688 702
688 741
688 743
688 753
688 761
688 765
688 767
688 769
688 789
688 791
688 796
688 805
688 823
688 829
688 853
688 854
688 855
688 859
688 869
688 880
688 886
688 889
688 908
688 922
688 937
688 947
688 948
688 950
688 955
688 977
688 979
688 991
688 993
688 1922
689 702
689 705
689 718
689 721
689 764
689 770
689 773
689 780
689 793
689 794
689 797
689 808
689 814
689 815
689 817
689 818
689 824
689 831
689 844
689 880
689 889
689 897
689 903
689 907
689 908
689 914
689 923
689 925
689 936
689 938
689 953
689 956
689 957
689 960
689 967
689 972
689 978
689 982
689 983
689 990
689 1007
689 1633
689 1728
689 1760
689 1847
689 1885
690 695
690 697
690 700
690 709
690 714
690 718
690 727
690 728
690 735
690 746
690 751
690 757
690 768
690 769
690 770
690 774
690 778
690 788
690 793
690 800
690 803
690 807
690 827
690 833
690 835
690 843
690 845
690 865
690 883
690 884
690 888
690 892
690 899
690 900
690 904
690 909
690 933
690 946
690 950
690 952
690 957
690 976
690 978
690 981
690 990
690 999
690 1066
690 1140
690 1220
690 1406
690 1419
690 1667
690 1749
691 700
691 720
691 723
691 728
691 729
691 745
691 748
691 752
691 776
691 779
691 787
691 799
691 810
691 816
691 827
691 831
691 836
691 846
691 855
691 863
691 866
691 881
691 893
691 923
691 925
691 931
691 932
691 958
691 960
691 966
691 967
691 970
691 976
691 982
691 988
691 990
691 1061
691 1282
691 1358
691 1436
692 694
692 698
692 703
692 715
692 717
692 738
692 742
692 745
692 749
692 752
692 761
692 766
692 770
692 772
692 774
692 788
692 795
692 796
692 803
692 815
692 819
692 821
692 824
692 828
692 845
692 855
692 866
692 871
692 877
692 878
692 881
692 896
692 906
692 909
692 923
692 950
692 952
692 958
692 959
692 962
692 963
692 964
692 968
692 969
692 973
692 977
692 983
692 987
692 988
692 1018
692 1076
692 1180
692 1226
692 1347
692 1482
692 1768
692 1971
693 699
693 703
693 707
693 710
693 719
693 733
693 734
693 735
693 737
693 757
693 758
693 760
693 771
693 773
693 777
693 790
693 795
693 819
693 820
693 822
693 827
693 834
693 836
693 841
693 860
693 883
693 886
693 898
693 907
693 908
693 918
693 925
693 928
693 932
693 961
693 970
693 973
693 979
693 981
693 1161
693 1221
693 1395
693 1404
693 1639
693 1874
694 698
694 710
694 715
694 720
694 738
694 751
694 761
694 768
694 773
694 794
694 796
694 800
694 803
694 809
694 810
694 826
694 828
694 837
694 843
694 863
694 869
694 873
694 875
694 877
694 878
694 881
694 889
694 907
694 931
694 944
694 952
694 973
694 974
694 989
694 990
694 1038
694 1444
694 1529
694 1685
694 1693
694 1713
694 1794
694 1825
694 1879
694 1922
695 712
695 723
695 729
695 739
695 740
695 745
695 746
695 749
695 750
695 753
695 756
695 772
695 776
695 778
695 779
695 782
695 795
695 796
695 797
695 798
695 799
695 807
695 819
695 827
695 828
695 829
695 845
695 846
695 847
695 856
695 857
695 873
695 877
695 878
695 891
695 894
695 902
695 903
695 907
695 920
695 921
695 924
695 933
695 943
695 952
695 955
695 965
695 971
695 976
695 982
695 1170
695 1238
695 1455
695 1504
695 1551
695 1661
695 1835
696 697
696 699
696 702
696 705
696 723
696 729
696 732
696 744
696 748
696 752
696 772
696 773
696 784
696 793
696 807
696 810
696 815
696 824
696 832
696 835
696 841
696 848
696 862
696 863
696 881
696 889
696 899
696 921
696 933
696 935
696 951
696 952
696 967
696 968
696 972
696 981
696 1080
696 1323
696 1371
696 1372
696 1407
696 1559
696 1569
696 1620
696 1986
697 699
697 712
697 720
697 724
697 728
697 745
697 754
697 757
697 761
697 762
697 766
697 770
697 795
697 797
697 820
697 836
697 840
697 841
697 849
697 854
697 856
697 857
697 860
697 864
697 868
697 876
697 883
697 884
697 892
697 904
697 910
697 915
697 931
697 938
697 942
697 946
697 947
697 956
697 958
697 961
697 967
697 970
697 971
697 981
697 982
697 987
697 990
697 993
697 1174
697 1257
697 1678
697 1872
698 704
698 705
698 713
698 715
698 718
698 728
698 745
698 746
698 749
698 759
698 791
698 804
698 811
698 817
698 821
698 825
698 827
698 830
698 836
698 839
698 853
698 874
698 883
698 884
698 887
698 899
698 918
698 920
698 924
698 928
698 929
698 933
698 935
698 936
698 950
698 956
698 963
698 972
698 981
698 983
698 985
698 987
698 993
698 1201
698 1208
698 1411
698 1533
698 1637
698 1652
698 1793
699 700
699 705
699 729
699 730
699 736
699 754
699 759
699 762
699 776
699 779
699 787
699 789
699 805
699 811
699 812
699 826
699 869
699 882
699 883
699 889
699 899
699 910
699 915
699 925
699 934
699 935
699 936
699 942
699 954
699 962
699 970
699 974
699 977
699 981
699 989
699 1682
699 1815
699 1950
700 710
700 711
700 722
700 723
700 739
700 749
700 750
700 752
700 762
700 763
700 785
700 800
700 807
700 813
700 818
700 820
700 824
700 832
700 837
700 844
700 845
700 847
700 854
700 866
700 870
700 872
700 875
700 882
700 900
700 902
700 907
700 927
700 934
700 982
700 988
700 1060
700 1215
700 1226
700 1687
700 1752
700 1802
700 1828
700 1914
701 707
701 708
701 728
701 731
701 737
701 753
701 754
701 757
701 765
701 769
701 773
701 779
701 791
701 792
701 823
701 833
701 856
701 857
701 863
701 870
701 878
701 879
701 882
701 892
701 899
701 912
701 916
701 920
701 929
701 935
701 936
701 941
701 963
701 993
701 1018
701 1030
701 1184
701 1390
701 1706
701 1759
701 1782
701 1867
702 706
702 719
702 720
702 728
702 742
702 743
702 753
702 756
702 774
702 783
702 791
702 795
702 797
702 798
702 799
702 807
702 815
702 817
702 820
702 832
702 844
702 849
702 853
702 858
702 859
702 864
702 884
702 885
702 898
702 914
702 917
702 933
702 936
702 939
702 942
702 943
702 947
702 956
702 975
702 980
702 989
702 993
702 995
702 1621
702 1798
702 1862
703 722
703 727
703 741
703 752
703 794
703 803
703 811
703 814
703 824
703 831
703 869
703 882
703 892
703 896
703 903
703 905
703 925
703 926
703 927
703 930
703 944
703 949
703 952
703 961
703 968
703 972
703 975
703 985
703 1241
703 1779
703 1807
703 1812
703 1821
703 1967
704 716
704 727
704 738
704 742
704 746
704 749
704 751
704 762
704 768
704 772
704 780
704 793
704 801
704 803
704 804
704 807
704 824
704 843
704 851
704 867
704 871
704 872
704 873
704 877
704 879
704 882
704 888
704 893
704 925
704 928
704 931
704 935
704 943
704 947
704 960
704 972
704 988
704 993
704 1094
704 1343
704 1481
704 1505
704 1508
704 1617
704 1695
704 1700
704 1728
704 1763
704 1766
704 1783
704 1900
705 708
705 715
705 731
705 735
705 738
705 742
705 759
705 769
705 780
705 786
705 810
705 817
705 829
705 830
705 832
705 833
705 834
705 837
705 842
705 846
705 869
705 874
705 882
705 890
705 899
705 912
705 915
705 916
705 920
705 932
705 936
705 939
705 941
705 953
705 954
705 961
705 963
705 972
705 974
705 981
705 983
705 989
705 1133
705 1233
705 1313
705 1483
706 713
706 725
706 726
706 735
706 739
706 749
706 753
706 766
706 772
706 794
706 801
706 804
706 808
706 822
706 830
706 851
706 875
706 888
706 889
706 893
706 895
706 903
706 909
706 914
706 917
706 925
706 934
706 949
706 957
706 972
706 974
706 975
706 976
706 985
706 1100
706 1284
706 1298
706 1351
706 1537
706 1698
706 1865
707 708
707 726
707 728
707 732
707 737
707 759
707 766
707 791
707 799
707 804
707 812
707 824
707 834
707 851
707 853
707 857
707 867
707 869
707 872
707 887
707 888
707 891
707 906
707 911
707 912
707 918
707 923
707 948
707 965
707 968
707 969
707 973
707 988
707 992
707 993
707 997
707 1236
707 1261
707 1293
707 1395
707 1541
707 1721
707 1847
707 1908
707 1961
708 722
708 741
708 743
708 756
708 762
708 773
708 779
708 782
708 784
708 788
708 793
708 794
708 803
708 805
708 807
708 809
708 813
708 819
708 833
708 842
708 854
708 867
708 874
708 890
708 894
708 897
708 898
708 920
708 922
708 923
708 927
708 931
708 934
708 943
708 952
708 955
708 956
708 959
708 961
708 980
708 983
708 990
708 993
708 995
708 1001
708 1247
708 1356
708 1450
708 1521
708 1551
708 1655
708 1799
708 1891
709 711
709 714
709 715
709 720
709 724
709 734
709 765
709 769
709 787
709 795
709 800
709 804
709 835
709 853
709 867
709 875
709 880
709 881
709 882
709 889
709 909
709 927
709 928
709 931
709 933
709 948
709 958
709 963
709 965
709 986
709 992
709 1048
709 1122
709 1471
709 1689
709 1791
709 1802
709 1867
709 1943
710 717
710 723
710 724
710 738
710 741
710 742
710 768
710 773
710 776
710 791
710 793
710 803
710 805
710 812
710 814
710 816
710 821
710 830
710 833
710 837
710 838
710 839
710 844
710 851
710 856
710 861
710 863
710 864
710 880
710 886
710 891
710 901
710 902
710 935
710 941
710 945
710 953
710 954
710 955
710 962
710 966
710 970
710 978
710 985
710 992
710 1147
710 1177
710 1247
710 1298
710 1521
710 1562
710 1794
710 1811
711 719
711 735
711 741
711 776
711 788
711 795
711 796
711 805
711 813
711 822
711 825
711 841
711 850
711 862
711 870
711 872
711 875
711 879
711 882
711 890
711 909
711 910
711 939
711 946
711 949
711 954
711 964
711 972
711 976
711 991
711 1131
711 1143
711 1202
711 1487
711 1491
711 1850
711 1893
712 713
712 714
712 731
712 734
712 747
712 762
712 772
712 779
712 782
712 785
712 788
712 799
712 802
712 814
712 826
712 832
712 846
712 855
712 856
712 861
712 863
712 868
712 874
712 877
712 890
712 891
712 895
712 902
712 907
712 912
712 914
712 915
712 916
712 931
712 937
712 954
712 957
712 990
712 1131
712 1517
712 1561
712 1635
712 1698
712 1765
712 1772
712 1924
712 1986
713 714
713 717
713 718
713 726
713 729
713 736
713 738
713 746
713 752
713 753
713 784
713 785
713 790
713 805
713 813
713 843
713 859
713 862
713 876
713 877
713 878
713 879
713 883
713 885
713 888
713 905
713 909
713 927
713 931
713 932
713 934
713 943
713 951
713 957
713 958
713 965
713 967
713 968
713 972
713 976
713 979
713 987
713 1034
713 1210
713 1245
713 1333
713 1356
713 1713
714 718
714 721
714 726
714 727
714 738
714 739
714 740
714 746
714 760
714 784
714 793
714 797
714 800
714 801
714 807
714 830
714 837
714 845
714 851
714 855
714 866
714 878
714 882
714 887
714 889
714 901
714 903
714 921
714 929
714 935
714 956
714 971
714 984
714 1039
714 1215
714 1500
714 1603
714 1863
714 1907
714 1984
715 733
715 734
715 744
715 747
715 749
715 775
715 781
715 804
715 805
715 813
715 816
715 819
715 829
715 848
715 849
715 851
715 856
715 867
715 875
715 878
715 886
715 895
715 907
715 910
715 914
715 924
715 928
715 931
715 933
715 955
715 956
715 963
715 971
715 973
715 989
715 999
715 1098
715 1135
715 1557
715 1729
716 721
716 727
716 730
716 732
716 737
716 745
716 767
716 768
716 773
716 778
716 794
716 797
716 808
716 818
716 828
716 841
716 844
716 845
716 858
716 873
716 881
716 889
716 896
716 901
716 904
716 912
716 932
716 934
716 941
716 944
716 952
716 955
716 960
716 964
716 977
716 992
716 1155
716 1384
716 1456
717 720
717 721
717 724
717 747
717 763
717 768
717 774
717 776
717 779
717 781
717 782
717 798
717 815
717 820
717 830
717 836
717 839
717 846
717 865
717 870
717 871
717 878
717 879
717 890
717 891
717 908
717 916
717 923
717 930
717 932
717 939
717 941
717 945
717 956
717 988
717 989
717 1648
717 1806
717 1873
718 720
718 724
718 734
718 735
718 739
718 755
718 758
718 766
718 779
718 780
718 783
718 786
718 789
718 794
718 802
718 807
718 809
718 813
718 816
718 827
718 839
718 843
718 853
718 855
718 866
718 867
718 872
718 874
718 888
718 892
718 896
718 899
718 901
718 913
718 919
718 953
718 962
718 969
718 975
718 979
718 983
718 985
718 987
718 995
718 1723
718 1741
719 730
719 745
719 777
719 784
719 788
719 790
719 794
719 810
719 813
719 816
719 818
719 819
719 820
719 845
719 847
719 851
719 854
719 863
719 875
719 876
719 881
719 941
719 943
719 956
719 963
719 964
719 978
719 980
719 1216
719 1934
720 722
720 724
720 726
720 727
720 735
720 741
720 747
720 752
720 754
720 758
720 771
720 783
720 816
720 826
720 835
720 840
720 854
720 855
720 861
720 864
720 872
720 893
720 906
720 911
720 914
720 918
720 919
720 921
720 925
720 926
720 933
720 935
720 937
720 942
720 944
720 947
720 948
720 950
720 967
720 973
720 975
720 977
720 992
720 1189
720 1457
720 1936
721 727
721 732
721 734
721 744
721 745
721 747
721 749
721 750
721 758
721 761
721 772
721 790
721 808
721 818
721 823
721 829
721 840
721 842
721 856
721 868
721 875
721 880
721 894
721 941
721 943
721 953
721 958
721 974
721 982
721 984
721 992
721 1123
721 1309
721 1450
721 1466
721 1492
722 733
722 744
722 745
722 751
722 752
722 754
722 755
722 760
722 762
722 771
722 776
722 789
722 799
722 800
722 816
722 822
722 824
722 840
722 846
722 850
722 882
722 888
722 894
722 898
722 937
722 942
722 948
722 957
722 972
722 985
722 988
722 991
722 1122
722 1181
722 1383
722 1422
722 1451
722 1468
722 1491
722 1827
722 1889
723 733
723 734
723 751
723 764
723 773
723 776
723 792
723 796
723 808
723 814
723 819
723 842
723 846
723 852
723 864
723 876
723 881
723 883
723 885
723 892
723 901
723 921
723 922
723 928
723 932
723 933
723 936
723 938
723 950
723 951
723 956
723 958
723 966
723 967
723 976
723 988
723 1088
723 1187
723 1337
723 1612
723 1719
723 1798
724 726
724 729
724 731
724 745
724 746
724 747
724 756
724 758
724 764
724 772
724 791
724 796
724 797
724 801
724 802
724 808
724 818
724 819
724 820
724 825
724 838
724 855
724 861
724 893
724 901
724 903
724 911
724 923
724 939
724 947
724 955
724 964
724 970
724 971
724 978
724 989
724 990
724 1054
724 1094
724 1422
724 1510
724 1575
724 1585
724 1836
724 1937
725 737
725 738
725 748
725 765
725 770
725 772
725 777
725 781
725 805
725 811
725 826
725 829
725 836
725 843
725 856
725 861
725 863
725 887
725 889
725 890
725 894
725 906
725 907
725 924
725 933
725 942
725 953
725 956
725 969
725 975
725 992
725 1042
725 1156
725 1334
725 1474
725 1521
725 1560
725 1703
725 1884
726 732
726 738
726 749
726 771
726 779
726 783
726 797
726 802
726 809
726 817
726 821
726 832
726 835
726 842
726 855
726 857
726 859
726 866
726 883
726 885
726 887
726 888
726 927
726 928
726 934
726 949
726 954
726 962
726 969
726 978
726 985
726 992
726 1101
726 1254
726 1324
726 1382
726 1429
726 1463
726 1559
726 1648
726 1904
726 1910
726 1967
727 731
727 753
727 762
727 769
727 775
727 779
727 780
727 782
727 783
727 788
727 800
727 815
727 824
727 828
727 837
727 854
727 863
727 885
727 889
727 899
727 900
727 901
727 905
727 906
727 922
727 926
727 929
727 932
727 940
727 958
727 961
727 970
727 972
727 976
727 981
727 983
727 1377
727 1454
727 1584
727 1792
727 1925
728 729
728 731
728 733
728 734
728 746
728 754
728 756
728 757
728 760
728 776
728 780
728 787
728 789
728 806
728 816
728 822
728 846
728 849
728 850
728 860
728 867
728 873
728 881
728 888
728 889
728 912
728 918
728 930
728 941
728 943
728 954
728 957
728 959
728 962
728 970
728 977
728 987
728 991
728 1050
728 1410
728 1579
728 1772
728 1884
729 735
729 738
729 740
729 744
729 762
729 763
729 768
729 772
729 773
729 774
729 786
729 788
729 791
729 822
729 834
729 835
729 850
729 862
729 884
729 886
729 887
729 913
729 917
729 918
729 919
729 920
729 929
729 952
729 953
729 961
729 966
729 978
729 993
729 1003
729 1294
729 1319
729 1322
729 1372
729 1704
729 1858
729 1863
729 1977
730 734
730 737
730 753
730 754
730 762
730 770
730 778
730 791
730 794
730 796
730 812
730 815
730 826
730 828
730 841
730 845
730 848
730 862
730 875
730 883
730 900
730 904
730 907
730 916
730 917
730 936
730 962
730 979
730 990
730 999
730 1106
730 1341
730 1400
730 1468
730 1711
730 1889
730 1978
731 732
731 741
731 747
731 791
731 793
731 795
731 801
731 802
731 803
731 816
731 821
731 822
731 823
731 832
731 834
731 839
731 840
731 849
731 863
731 869
731 877
731 888
731 890
731 893
731 895
731 900
731 907
731 908
731 916
731 930
731 936
731 941
731 953
731 965
731 992
731 1086
731 1108
731 1218
731 1416
731 1598
731 1668
731 1764
731 1917
731 1983
732 740
732 744
732 773
732 790
732 801
732 807
732 813
732 814
732 825
732 859
732 866
732 867
732 868
732 895
732 897
732 908
732 917
732 926
732 927
732 934
732 937
732 942
732 946
732 964
732 965
732 971
732 979
732 986
732 988
732 991
732 1059
732 1131
732 1290
732 1758
732 1873
733 743
733 746
733 752
733 769
733 774
733 790
733 793
733 794
733 806
733 816
733 826
733 831
733 834
733 837
733 842
733 853
733 856
733 887
733 904
733 909
733 912
733 913
733 929
733 936
733 942
733 950
733 951
733 962
733 974
733 985
733 1043
733 1111
733 1380
733 1809
733 1856
734 735
734 738
734 751
734 770
734 774
734 783
734 784
734 790
734 791
734 792
734 824
734 825
734 828
734 832
734 838
734 844
734 846
734 849
734 853
734 854
734 870
734 873
734 874
734 876
734 884
734 900
734 911
734 936
734 937
734 939
734 945
734 956
734 960
734 963
734 964
734 971
734 972
734 975
734 980
734 984
734 989
734 990
734 991
734 1062
734 1245
734 1491
734 1741
734 1824
734 1855
734 1877
734 1915
735 739
735 741
735 742
735 749
735 756
735 761
735 764
735 767
735 773
735 776
735 780
735 814
735 815
735 818
735 819
735 843
735 848
735 850
735 852
735 860
735 867
735 873
735 875
735 881
735 885
735 889
735 898
735 920
735 925
735 927
735 929
735 941
735 942
735 945
735 950
735 951
735 952
735 972
735 986
735 1390
735 1504
735 1825
735 1904
735 1964
736 737
736 743
736 769
736 780
736 798
736 801
736 802
736 822
736 844
736 847
736 851
736 856
736 858
736 915
736 935
736 939
736 940
736 941
736 945
736 948
736 963
736 972
736 973
736 978
736 1249
736 1274
736 1403
736 1525
736 1533
736 1689
736 1803
736 1811
736 1853
736 1871
736 1877
736 1928
737 743
737 750
737 767
737 772
737 774
737 779
737 793
737 795
737 804
737 821
737 825
737 831
737 840
737 849
737 872
737 876
737 881
737 891
737 894
737 905
737 913
737 916
737 920
737 921
737 936
737 948
737 961
737 969
737 985
737 992
737 1050
737 1117
737 1291
737 1404
738 762
738 765
738 772
738 788
738 789
738 791
738 793
738 802
738 820
738 823
738 835
738 843
738 848
738 852
738 857
738 860
738 866
738 871
738 873
738 875
738 886
738 888
738 896
738 906
738 907
738 908
738 914
738 917
738 927
738 928
738 955
738 960
738 993
738 1030
738 1076
738 1185
738 1532
739 756
739 774
739 780
739 788
739 797
739 810
739 813
739 814
739 833
739 848
739 851
739 864
739 866
739 871
739 873
739 879
739 881
739 886
739 899
739 901
739 909
739 910
739 919
739 932
739 944
739 947
739 953
739 967
739 971
739 976
739 977
739 980
739 982
739 984
739 1497
739 1763
739 1878
739 1889
740 749
740 760
740 767
740 787
740 788
740 798
740 799
740 824
740 833
740 850
740 856
740 858
740 867
740 870
740 881
740 890
740 896
740 904
740 914
740 922
740 924
740 940
740 957
740 971
740 974
740 976
740 980
740 988
740 990
740 1055
740 1086
740 1280
740 1345
740 1455
740 1624
740 1727
740 1737
740 1817
740 1868
740 1900
740 1927
741 746
741 767
741 772
741 798
741 812
741 826
741 839
741 842
741 845
741 860
741 872
741 878
741 886
741 902
741 911
741 913
741 924
741 929
741 931
741 934
741 935
741 947
741 952
741 958
741 970
741 974
741 979
741 984
741 988
741 1491
741 1575
741 1758
742 749
742 753
742 769
742 770
742 776
742 779
742 802
742 803
742 806
742 808
742 810
742 812
742 814
742 828
742 838
742 840
742 841
742 850
742 859
742 860
742 865
742 891
742 899
742 900
742 906
742 907
742 935
742 945
742 949
742 958
742 964
742 966
742 1303
742 1389
742 1811
742 1914
743 756
743 768
743 770
743 772
743 778
743 787
743 794
743 818
743 824
743 830
743 837
743 847
743 850
743 857
743 860
743 865
743 869
743 876
743 880
743 883
743 887
743 900
743 905
743 925
743 929
743 937
743 953
743 960
743 963
743 972
743 983
743 1075
743 1274
743 1342
743 1567
743 1680
744 745
744 755
744 765
744 766
744 801
744 802
744 810
744 818
744 827
744 846
744 850
744 862
744 893
744 894
744 900
744 912
744 933
744 942
744 956
744 961
744 964
744 966
744 979
744 985
744 989
744 1241
744 1439
744 1476
744 1539
744 1559
744 1575
744 1593
744 1605
744 1895
744 1955
745 762
745 775
745 786
745 787
745 794
745 798
745 802
745 821
745 824
745 833
745 847
745 848
745 849
745 850
745 854
745 859
745 869
745 873
745 880
745 881
745 883
745 887
745 891
745 909
745 911
745 913
745 924
745 933
745 937
745 943
745 956
745 965
745 975
745 977
745 1208
745 1216
745 1245
745 1667
746 754
746 771
746 774
746 781
746 789
746 790
746 794
746 802
746 803
746 806
746 812
746 821
746 828
746 834
746 835
746 836
746 838
746 841
746 842
746 843
746 844
746 859
746 864
746 879
746 883
746 885
746 887
746 900
746 906
746 908
746 912
746 921
746 934
746 942
746 952
746 972
746 974
746 987
746 989
746 1058
746 1096
746 1339
746 1480
746 1659
746 1896
747 748
747 759
747 764
747 768
747 772
747 787
747 788
747 789
747 791
747 793
747 798
747 799
747 814
747 824
747 826
747 830
747 834
747 847
747 856
747 868
747 870
747 875
747 885
747 901
747 909
747 912
747 913
747 926
747 931
747 951
747 952
747 955
747 958
747 960
747 972
747 978
747 982
747 988
747 990
747 991
747 993
747 1024
747 1134
747 1508
747 1533
747 1942
748 750
748 760
748 761
748 771
748 779
748 786
748 790
748 808
748 811
748 813
748 829
748 833
748 837
748 851
748 852
748 854
748 859
748 863
748 867
748 870
748 875
748 876
748 878
748 883
748 884
748 894
748 897
748 912
748 927
748 932
748 935
748 943
748 945
748 948
748 970
748 972
748 974
748 977
748 986
748 989
748 1737
748 1812
748 1976
749 755
749 772
749 776
749 781
749 784
749 794
749 796
749 797
749 814
749 815
749 832
749 865
749 869
749 876
749 880
749 882
749 883
749 891
749 893
749 898
749 900
749 901
749 916
749 929
749 931
749 937
749 938
749 939
749 946
749 993
749 1127
749 1169
749 1536
749 1937
750 759
750 767
750 779
750 787
750 800
750 804
750 811
750 816
750 822
750 824
750 830
750 834
750 840
750 876
750 888
750 897
750 900
750 902
750 903
750 912
750 941
750 942
750 945
750 953
750 955
750 956
750 960
750 969
750 988
750 1204
750 1231
750 1342
750 1350
750 1389
750 1447
750 1670
750 1819
751 756
751 761
751 770
751 778
751 782
751 785
751 800
751 801
751 815
751 816
751 826
751 828
751 834
751 835
751 837
751 841
751 858
751 863
751 874
751 875
751 876
751 890
751 893
751 897
751 900
751 918
751 928
751 937
751 951
751 955
751 956
751 967
751 975
751 979
751 981
751 986
751 987
751 1255
751 1600
751 1829
751 1960
751 1984
752 754
752 761
752 764
752 767
752 771
752 779
752 782
752 786
752 788
752 792
752 804
752 815
752 822
752 832
752 834
752 842
752 846
752 847
752 856
752 867
752 878
752 883
752 891
752 910
752 913
752 922
752 928
752 942
752 953
752 984
752 986
752 1170
752 1181
752 1214
752 1362
752 1426
752 1892
752 1913
752 1977
753 757
753 759
753 764
753 772
753 778
753 789
753 799
753 805
753 819
753 821
753 822
753 823
753 828
753 841
753 845
753 847
753 865
753 866
753 885
753 888
753 900
753 902
753 903
753 912
753 913
753 920
753 945
753 946
753 950
753 976
753 979
753 985
753 1009
753 1112
753 1619
753 1790
753 1852
753 1982
754 764
754 771
754 774
754 792
754 797
754 816
754 832
754 841
754 848
754 851
754 858
754 887
754 908
754 933
754 934
754 943
754 958
754 985
754 990
754 1071
754 1791
755 757
755 758
755 765
755 781
755 782
755 793
755 805
755 810
755 832
755 835
755 842
755 843
755 844
755 851
755 855
755 866
755 872
755 878
755 895
755 896
755 917
755 931
755 935
755 937
755 938
755 955
755 962
755 966
755 986
755 1164
755 1438
755 1615
755 1671
755 1758
755 1884
755 1946
756 774
756 775
756 801
756 807
756 813
756 834
756 858
756 862
756 863
756 868
756 875
756 884
756 886
756 918
756 932
756 941
756 953
756 987
756 1025
756 1060
756 1195
756 1564
756 1591
756 1852
757 758
757 761
757 775
757 783
757 784
757 792
757 796
757 802
757 813
757 814
757 817
757 826
757 832
757 833
757 835
757 839
757 845
757 863
757 866
757 874
757 900
757 901
757 906
757 913
757 914
757 915
757 930
757 932
757 937
757 943
757 947
757 948
757 961
757 963
757 964
757 970
757 977
757 986
757 1235
757 1438
757 1534
757 1711
758 762
758 763
758 770
758 778
758 787
758 790
758 791
758 794
758 804
758 810
758 811
758 822
758 828
758 832
758 833
758 863
758 866
758 874
758 904
758 906
758 909
758 912
758 931
758 941
758 951
758 965
758 968
758 1005
758 1006
758 1218
758 1327
758 1493
758 1680
758 1720
759 761
759 764
759 765
759 766
759 767
759 770
759 772
759 778
759 790
759 807
759 819
759 827
759 834
759 847
759 855
759 856
759 859
759 868
759 881
759 889
759 892
759 896
759 918
759 937
759 973
759 974
759 978
759 982
759 1054
759 1129
759 1230
759 1284
759 1790
759 1834
760 761
760 762
760 763
760 765
760 787
760 796
760 800
760 819
760 839
760 848
760 853
760 854
760 887
760 907
760 912
760 914
760 921
760 931
760 932
760 936
760 941
760 950
760 951
760 960
760 964
760 972
760 974
760 979
760 1079
760 1218
760 1225
760 1614
760 1817
760 1896
760 1908
761 765
761 766
761 804
761 805
761 808
761 809
761 824
761 826
761 835
761 844
761 847
761 854
761 857
761 860
761 863
761 865
761 873
761 877
761 891
761 894
761 895
761 896
761 897
761 899
761 903
761 941
761 954
761 972
761 973
761 992
761 1016
761 1138
761 1284
761 1300
761 1420
761 1592
761 1896
762 774
762 787
762 800
762 809
762 812
762 832
762 848
762 861
762 862
762 866
762 880
762 884
762 888
762 890
762 905
762 916
762 928
762 929
762 937
762 948
762 956
762 959
762 960
762 965
762 968
762 970
762 973
762 980
762 983
762 992
762 1406
762 1779
763 770
763 776
763 779
763 789
763 795
763 805
763 810
763 822
763 829
763 830
763 842
763 847
763 848
763 863
763 880
763 889
763 897
763 898
763 901
763 907
763 908
763 909
763 910
763 913
763 916
763 921
763 924
763 928
763 930
763 939
763 941
763 949
763 950
763 961
763 967
763 973
763 979
763 982
763 986
763 988
763 989
763 1036
763 1545
763 1598
763 1758
763 1794
763 1905
764 765
764 790
764 801
764 805
764 809
764 810
764 813
764 826
764 832
764 837
764 839
764 844
764 850
764 871
764 902
764 909
764 913
764 916
764 923
764 928
764 954
764 964
764 965
764 969
764 970
764 975
764 980
764 982
764 983
764 987
764 988
764 992
764 1041
764 1044
764 1056
764 1309
764 1347
764 1570
764 1721
764 1727
764 1770
765 774
765 776
765 779
765 782
765 785
765 791
765 806
765 812
765 818
765 822
765 826
765 827
765 828
765 830
765 844
765 852
765 855
765 873
765 892
765 903
765 906
765 908
765 940
765 947
765 948
765 951
765 955
765 962
765 964
765 965
765 972
765 975
765 980
765 987
765 1250
765 1329
765 1727
766 767
766 768
766 779
766 785
766 787
766 791
766 807
766 825
766 838
766 842
766 847
766 848
766 854
766 864
766 868
766 877
766 887
766 891
766 894
766 900
766 902
766 911
766 915
766 927
766 933
766 935
766 936
766 943
766 947
766 950
766 954
766 959
766 972
766 983
766 989
766 1185
766 1296
766 1361
766 1645
766 1755
766 1837
767 779
767 781
767 792
767 813
767 815
767 817
767 825
767 827
767 830
767 838
767 839
767 845
767 885
767 886
767 887
767 888
767 893
767 901
767 906
767 919
767 943
767 957
767 961
767 975
767 978
767 1090
767 1112
767 1261
767 1387
767 1466
767 1495
768 773
768 778
768 784
768 786
768 795
768 808
768 809
768 814
768 815
768 820
768 825
768 826
768 830
768 832
768 849
768 850
768 854
768 856
768 861
768 881
768 882
768 892
768 894
768 905
768 912
768 922
768 931
768 932
768 937
768 939
768 950
768 952
768 985
768 1039
768 1111
768 1194
768 1250
768 1387
768 1391
768 1584
768 1912
768 1916
769 771
769 775
769 778
769 784
769 789
769 790
769 798
769 809
769 816
769 817
769 827
769 842
769 843
769 850
769 865
769 868
769 879
769 883
769 896
769 925
769 928
769 937
769 941
769 951
769 958
769 966
769 974
769 977
769 979
769 1010
769 1033
769 1161
769 1246
769 1449
769 1503
769 1530
769 1669
769 1685
770 771
770 776
770 792
770 835
770 853
770 861
770 877
770 878
770 884
770 893
770 896
770 907
770 910
770 913
770 926
770 928
770 929
770 931
770 941
770 955
770 960
770 987
770 1122
770 1152
770 1498
770 1797
771 772
771 773
771 778
771 789
771 791
771 796
771 798
771 816
771 821
771 825
771 828
771 832
771 853
771 857
771 866
771 867
771 877
771 879
771 917
771 924
771 927
771 932
771 933
771 939
771 940
771 950
771 952
771 959
771 961
771 977
771 1236
771 1853
772 783
772 797
772 813
772 815
772 816
772 824
772 831
772 858
772 865
772 872
772 876
772 877
772 888
772 889
772 906
772 914
772 915
772 920
772 923
772 936
772 941
772 950
772 951
772 962
772 963
772 977
772 983
772 986
772 988
772 992
772 1325
772 1626
772 1885
772 1905
773 784
773 788
773 798
773 799
773 807
773 830
773 832
773 833
773 850
773 851
773 864
773 869
773 871
773 876
773 885
773 891
773 930
773 933
773 944
773 963
773 978
773 980
773 1028
773 1033
773 1083
773 1223
773 1375
773 1486
773 1489
773 1830
773 1923
774 788
774 794
774 797
774 813
774 814
774 816
774 833
774 841
774 843
774 851
774 854
774 855
774 856
774 865
774 870
774 881
774 893
774 894
774 896
774 900
774 908
774 922
774 926
774 937
774 947
774 955
774 963
774 966
774 972
774 979
774 981
774 986
774 991
774 1622
774 1670
774 1905
775 786
775 810
775 811
775 812
775 816
775 839
775 842
775 859
775 864
775 866
775 884
775 891
775 893
775 894
775 895
775 896
775 898
775 908
775 917
775 922
775 924
775 925
775 944
775 969
775 971
775 981
775 988
775 990
775 992
775 1673
775 1748
775 1753
776 780
776 784
776 787
776 791
776 797
776 809
776 814
776 834
776 837
776 838
776 844
776 851
776 865
776 866
776 871
776 880
776 886
776 889
776 891
776 897
776 898
776 900
776 925
776 926
776 938
776 953
776 959
776 978
776 984
776 1369
776 1421
776 1674
776 1690
776 1770
776 1881
777 787
777 804
777 806
777 838
777 839
777 849
777 851
777 855
777 880
777 884
777 892
777 896
777 900
777 902
777 911
777 917
777 920
777 921
777 934
777 940
777 954
777 955
777 963
777 974
777 1061
777 1154
777 1377
777 1524
777 1635
777 1687
777 1777
777 1785
777 1808
778 779
778 785
778 787
778 799
778 818
778 830
778 834
778 839
778 844
778 850
778 870
778 872
778 879
778 882
778 886
778 912
778 922
778 929
778 934
778 937
778 953
778 958
778 960
778 967
778 983
778 986
778 996
778 1106
778 1205
778 1269
778 1759
778 1820
778 1928
779 782
779 783
779 787
779 800
779 809
779 831
779 833
779 840
779 842
779 860
779 886
779 894
779 904
779 912
779 921
779 925
779 933
779 938
779 943
779 952
779 958
779 971
779 979
779 980
779 989
779 1034
779 1322
779 1344
779 1352
779 1457
779 1562
780 781
780 784
780 785
780 786
780 806
780 811
780 822
780 827
780 840
780 847
780 860
780 861
780 880
780 887
780 888
780 903
780 913
780 940
780 967
780 984
780 989
780 990
780 1056
780 1058
780 1495
780 1573
780 1629
780 1694
780 1772
780 1881
781 791
781 803
781 807
781 815
781 820
781 822
781 823
781 842
781 844
781 853
781 862
781 872
781 879
781 882
781 886
781 890
781 902
781 910
781 915
781 921
781 922
781 927
781 929
781 933
781 958
781 961
781 971
781 979
781 985
781 989
781 992
781 1004
781 1222
781 1537
781 1596
781 1719
781 1900
782 783
782 803
782 806
782 813
782 825
782 827
782 828
782 829
782 832
782 845
782 862
782 863
782 871
782 881
782 892
782 893
782 908
782 912
782 917
782 922
782 973
782 984
782 1000
782 1050
782 1254
782 1375
782 1395
782 1469
782 1511
782 1656
782 1704
782 1763
783 795
783 806
783 820
783 838
783 850
783 860
783 889
783 895
783 909
783 922
783 931
783 932
783 960
783 964
783 967
783 970
783 979
783 993
783 1005
783 1178
783 1600
783 1734
783 1851
784 792
784 795
784 809
784 819
784 821
784 827
784 831
784 836
784 850
784 853
784 855
784 862
784 863
784 865
784 867
784 868
784 882
784 885
784 894
784 896
784 903
784 906
784 909
784 912
784 924
784 934
784 938
784 946
784 947
784 951
784 964
784 967
784 973
784 975
784 992
784 1260
784 1472
784 1493
785 791
785 794
785 804
785 808
785 809
785 823
785 824
785 826
785 827
785 834
785 838
785 844
785 845
785 852
785 872
785 874
785 885
785 887
785 904
785 927
785 944
785 965
785 969
785 977
785 982
785 985
785 986
785 1048
785 1262
785 1747
785 1770
785 1773
786 793
786 798
786 821
786 824
786 857
786 858
786 864
786 869
786 878
786 884
786 893
786 912
786 913
786 944
786 951
786 953
786 958
786 967
786 982
786 984
786 1029
786 1045
786 1051
786 1167
786 1469
786 1561
786 1804
786 1832
786 1920
787 795
787 806
787 809
787 818
787 820
787 827
787 836
787 874
787 884
787 910
787 925
787 926
787 974
787 977
787 1639
787 1673
787 1864
787 1941
788 791
788 792
788 798
788 841
788 848
788 853
788 867
788 880
788 888
788 892
788 903
788 905
788 906
788 908
788 912
788 925
788 945
788 950
788 974
788 979
788 980
788 992
788 993
788 1025
788 1368
788 1446
788 1614
788 1955
789 790
789 797
789 802
789 826
789 836
789 844
789 847
789 850
789 857
789 869
789 881
789 885
789 908
789 916
789 918
789 945
789 946
789 956
789 961
789 962
789 970
789 971
789 976
789 986
789 989
789 991
789 1007
789 1038
789 1277
789 1283
789 1409
789 1446
789 1704
790 801
790 803
790 810
790 818
790 836
790 843
790 858
790 866
790 867
790 871
790 877
790 886
790 892
790 893
790 901
790 908
790 909
790 926
790 930
790 939
790 958
790 967
790 971
790 977
790 981
790 986
790 988
790 1008
790 1039
790 1067
790 1164
790 1214
790 1281
790 1428
790 1956
790 1973
791 820
791 840
791 898
791 910
791 912
791 917
791 919
791 955
791 973
791 979
791 986
791 1085
791 1238
791 1367
791 1448
791 1592
791 1774
791 1843
791 1866
792 794
792 795
792 796
792 803
792 807
792 811
792 815
792 816
792 826
792 829
792 833
792 840
792 871
792 881
792 895
792 902
792 917
792 921
792 928
792 930
792 934
792 936
792 940
792 943
792 948
792 950
792 952
792 954
792 971
792 972
792 973
792 977
792 984
792 989
792 1255
792 1371
792 1535
792 1679
792 1702
792 1763
792 1806
792 1818
793 814
793 823
793 829
793 832
793 837
793 845
793 857
793 858
793 859
793 862
793 864
793 868
793 873
793 878
793 882
793 926
793 929
793 945
793 947
793 949
793 956
793 958
793 964
793 966
793 980
793 983
793 1140
793 1272
793 1612
794 798
794 821
794 824
794 844
794 851
794 864
794 867
794 877
794 878
794 890
794 895
794 896
794 898
794 899
794 901
794 919
794 924
794 947
794 956
794 964
794 976
794 980
794 981
794 983
794 990
794 1248
794 1366
794 1580
794 1610
794 1734
794 1770
795 796
795 803
795 816
795 821
795 833
795 876
795 877
795 882
795 886
795 889
795 919
795 920
795 938
795 945
795 947
795 954
795 1030
795 1095
795 1160
795 1197
795 1338
795 1398
795 1798
795 1926
795 1987
796 799
796 807
796 809
796 822
796 826
796 829
796 852
796 860
796 877
796 882
796 890
796 899
796 911
796 919
796 929
796 931
796 940
796 945
796 953
796 967
796 974
796 991
796 1012
796 1031
796 1279
796 1352
796 1639
796 1654
796 1751
797 800
797 815
797 821
797 831
797 832
797 834
797 837
797 855
797 859
797 869
797 874
797 877
797 879
797 900
797 905
797 921
797 922
797 936
797 951
797 959
797 965
797 993
797 1097
797 1512
797 1580
797 1684
797 1703
797 1810
797 1910
798 803
798 806
798 823
798 825
798 835
798 843
798 846
798 860
798 897
798 902
798 909
798 922
798 951
798 967
798 972
798 974
798 979
798 983
798 992
798 1156
798 1332
798 1578
798 1673
798 1794
798 1910
799 807
799 816
799 826
799 828
799 841
799 849
799 859
799 865
799 873
799 880
799 883
799 887
799 900
799 901
799 907
799 921
799 940
799 941
799 956
799 961
799 969
799 973
799 976
799 981
799 989
799 990
799 1001
799 1212
799 1281
799 1322
799 1812
799 1850
799 1959
800 801
800 802
800 816
800 817
800 828
800 834
800 837
800 847
800 850
800 851
800 865
800 866
800 870
800 904
800 912
800 918
800 950
800 954
800 958
800 983
800 984
800 1067
800 1092
800 1132
800 1147
800 1166
800 1475
800 1540
800 1549
800 1616
800 1967
800 1972
801 808
801 818
801 820
801 821
801 824
801 825
801 850
801 856
801 862
801 871
801 873
801 891
801 892
801 908
801 911
801 913
801 916
801 922
801 930
801 939
801 948
801 952
801 961
801 962
801 969
801 971
801 991
801 1208
801 1245
801 1277
801 1427
801 1430
801 1568
802 810
802 811
802 818
802 822
802 831
802 841
802 846
802 850
802 855
802 865
802 867
802 875
802 884
802 891
802 892
802 895
802 899
802 908
802 924
802 931
802 932
802 938
802 952
802 967
802 970
802 974
802 983
802 1044
802 1220
802 1334
802 1445
802 1516
802 1709
802 1855
802 1975
802 1982
803 804
803 807
803 814
803 831
803 833
803 844
803 853
803 863
803 864
803 881
803 903
803 910
803 915
803 921
803 927
803 934
803 935
803 936
803 945
803 948
803 950
803 953
803 967
803 1529
803 1571
803 1814
803 1815
804 816
804 835
804 837
804 853
804 861
804 866
804 869
804 882
804 887
804 894
804 905
804 910
804 918
804 948
804 955
804 961
804 962
804 963
804 964
804 967
804 968
804 976
804 979
804 993
804 1332
804 1352
804 1381
804 1638
804 1909
804 1984
805 816
805 818
805 828
805 843
805 844
805 848
805 851
805 854
805 873
805 905
805 907
805 910
805 933
805 934
805 937
805 944
805 956
805 966
805 983
805 1363
805 1403
805 1667
805 1738
805 1840
806 807
806 808
806 809
806 817
806 832
806 837
806 839
806 841
806 843
806 855
806 859
806 861
806 862
806 864
806 865
806 869
806 871
806 886
806 891
806 897
806 908
806 910
806 930
806 938
806 943
806 948
806 959
806 960
806 967
806 973
806 988
806 990
806 1036
806 1295
806 1446
806 1941
807 809
807 818
807 833
807 834
807 845
807 847
807 850
807 856
807 862
807 865
807 867
807 880
807 901
807 916
807 950
807 958
807 959
807 960
807 976
807 979
807 981
807 1060
807 1176
807 1211
807 1381
807 1616
807 1926
808 812
808 822
808 825
808 829
808 834
808 844
808 854
808 855
808 873
808 874
808 877
808 880
808 883
808 889
808 894
808 897
808 901
808 918
808 922
808 927
808 935
808 947
808 955
808 965
808 979
808 982
808 984
808 986
808 1050
808 1053
808 1329
808 1347
808 1396
808 1482
808 1588
808 1664
808 1843
808 1877
808 1970
809 815
809 820
809 824
809 837
809 842
809 843
809 845
809 852
809 870
809 874
809 877
809 878
809 882
809 884
809 896
809 906
809 917
809 923
809 932
809 940
809 948
809 955
809 956
809 957
809 958
809 987
809 989
809 1130
809 1400
809 1736
809 1747
810 820
810 828
810 830
810 854
810 855
810 865
810 912
810 914
810 925
810 931
810 932
810 933
810 940
810 943
810 946
810 947
810 956
810 963
810 968
810 973
810 975
810 976
810 977
810 981
810 982
810 990
810 1000
810 1115
810 1207
810 1232
810 1390
810 1463
810 1739
810 1825
811 821
811 835
811 839
811 840
811 851
811 857
811 867
811 870
811 871
811 874
811 878
811 885
811 886
811 890
811 915
811 921
811 924
811 930
811 932
811 936
811 938
811 966
811 976
811 978
811 985
811 1113
811 1131
811 1160
811 1192
811 1438
811 1498
811 1518
811 1613
811 1638
811 1706
812 820
812 821
812 831
812 842
812 853
812 856
812 864
812 866
812 873
812 874
812 875
812 881
812 891
812 900
812 901
812 944
812 956
812 967
812 987
812 992
812 1008
812 1322
812 1335
812 1393
812 1558
812 1937
812 1955
813 823
813 825
813 826
813 828
813 846
813 856
813 863
813 866
813 868
813 888
813 891
813 900
813 909
813 929
813 948
813 950
813 956
813 960
813 961
813 964
813 969
813 971
813 972
813 973
813 975
813 989
813 1125
813 1478
813 1657
813 1697
813 1876
813 1895
814 819
814 821
814 825
814 831
814 848
814 852
814 855
814 861
814 863
814 913
814 922
814 927
814 931
814 944
814 964
814 978
814 1001
814 1012
814 1043
814 1081
814 1119
814 1256
814 1504
814 1572
814 1642
814 1669
814 1841
814 1872
815 818
815 820
815 823
815 826
815 832
815 833
815 838
815 846
815 850
815 874
815 886
815 888
815 897
815 898
815 907
815 908
815 912
815 919
815 921
815 925
815 928
815 930
815 935
815 936
815 942
815 975
815 980
815 989
815 992
815 1216
815 1280
815 1281
815 1367
815 1590
815 1622
815 1681
815 1683
815 1880
815 1968
816 817
816 827
816 828
816 838
816 844
816 854
816 855
816 859
816 865
816 869
816 878
816 885
816 888
816 890
816 891
816 903
816 904
816 912
816 923
816 924
816 931
816 934
816 937
816 942
816 943
816 944
816 946
816 952
816 973
816 982
816 993
816 1027
816 1190
816 1342
816 1377
816 1476
816 1693
817 846
817 849
817 857
817 859
817 865
817 871
817 884
817 893
817 894
817 903
817 913
817 932
817 938
817 945
817 977
817 978
817 980
817 981
817 1519
817 1533
817 1631
817 1749
818 833
818 846
818 855
818 856
818 859
818 863
818 867
818 885
818 889
818 896
818 900
818 902
818 903
818 920
818 921
818 926
818 936
818 954
818 957
818 964
818 968
818 988
818 1203
818 1237
818 1343
818 1542
818 1562
818 1649
818 1667
819 820
819 842
819 847
819 857
819 866
819 870
819 880
819 892
819 899
819 905
819 918
819 926
819 951
819 956
819 982
819 984
819 986
819 1032
819 1034
819 1151
819 1191
819 1499
819 1628
819 1750
819 1775
820 822
820 833
820 835
820 853
820 861
820 866
820 867
820 872
820 874
820 875
820 887
820 892
820 905
820 906
820 908
820 912
820 914
820 917
820 926
820 928
820 930
820 943
820 945
820 957
820 960
820 965
820 969
820 970
820 972
820 987
820 988
820 990
820 993
820 1241
820 1277
820 1411
820 1526
820 1534
820 1755
821 842
821 843
821 848
821 862
821 869
821 873
821 877
821 892
821 894
821 895
821 907
821 912
821 913
821 920
821 921
821 922
821 926
821 930
821 945
821 949
821 966
821 985
821 1222
821 1278
821 1380
821 1406
821 1486
821 1493
821 1561
821 1649
821 1722
821 1757
821 1779
821 1862
821 1878
822 828
822 832
822 835
822 838
822 852
822 875
822 881
822 892
822 907
822 912
822 921
822 924
822 925
822 937
822 948
822 952
822 956
822 974
822 976
822 978
822 990
822 991
822 1095
822 1337
822 1346
822 1703
822 1792
822 1897
822 1912
822 1919
823 828
823 833
823 840
823 841
823 844
823 848
823 861
823 865
823 870
823 871
823 876
823 880
823 892
823 894
823 896
823 899
823 925
823 936
823 948
823 949
823 984
823 1024
823 1056
823 1120
823 1441
823 1476
823 1508
823 1956
824 830
824 834
824 836
824 840
824 843
824 845
824 847
824 857
824 871
824 915
824 917
824 927
824 929
824 934
824 938
824 939
824 941
824 951
824 952
824 958
824 965
824 966
824 969
824 973
824 978
824 979
824 987
824 1155
824 1286
824 1360
824 1446
824 1879
824 1885
825 828
825 844
825 851
825 858
825 859
825 873
825 874
825 875
825 883
825 885
825 894
825 896
825 898
825 909
825 932
825 948
825 953
825 963
825 973
825 982
825 1147
825 1313
825 1389
825 1774
825 1810
825 1955
826 832
826 839
826 852
826 874
826 895
826 925
826 926
826 929
826 931
826 933
826 939
826 975
826 977
826 980
826 1094
826 1119
826 1433
826 1777
826 1830
827 834
827 839
827 843
827 859
827 867
827 877
827 881
827 894
827 915
827 916
827 920
827 924
827 927
827 937
827 940
827 941
827 952
827 953
827 959
827 962
827 963
827 977
827 981
827 1068
827 1363
827 1420
827 1442
827 1615
827 1693
827 1893
827 1962
828 830
828 832
828 843
828 846
828 848
828 849
828 854
828 861
828 862
828 869
828 874
828 884
828 890
828 892
828 899
828 916
828 921
828 930
828 932
828 941
828 942
828 944
828 955
828 959
828 964
828 968
828 969
828 975
828 982
828 989
828 1127
828 1222
829 839
829 840
829 844
829 845
829 853
829 862
829 885
829 887
829 895
829 912
829 920
829 922
829 927
829 931
829 937
829 951
829 972
829 974
829 990
829 1083
829 1120
829 1201
829 1373
829 1379
829 1411
829 1506
829 1526
829 1527
829 1620
829 1656
829 1677
829 1866
830 842
830 844
830 868
830 874
830 880
830 892
830 895
830 897
830 903
830 905
830 919
830 921
830 928
830 929
830 942
830 951
830 968
830 976
830 984
830 1038
830 1041
830 1059
830 1070
830 1135
830 1226
830 1250
830 1610
830 1730
831 839
831 840
831 841
831 847
831 858
831 870
831 878
831 889
831 904
831 911
831 913
831 914
831 928
831 930
831 939
831 940
831 943
831 961
831 967
831 980
831 982
831 983
831 1263
831 1315
832 834
832 847
832 851
832 864
832 868
832 878
832 887
832 894
832 904
832 908
832 921
832 922
832 929
832 955
832 957
832 976
832 985
832 1306
832 1385
832 1782
832 1906
833 848
833 849
833 871
833 879
833 882
833 887
833 893
833 895
833 911
833 921
833 924
833 949
833 954
833 955
833 967
833 971
833 992
833 1097
833 1350
833 1397
833 1747
833 1815
834 837
834 839
834 840
834 846
834 861
834 870
834 877
834 898
834 909
834 923
834 930
834 931
834 932
834 934
834 943
834 948
834 963
834 965
834 988
834 1003
834 1077
834 1124
834 1390
834 1610
835 852
835 858
835 863
835 868
835 871
835 875
835 881
835 899
835 907
835 913
835 915
835 917
835 920
835 923
835 927
835 929
835 930
835 933
835 934
835 940
835 956
835 959
835 978
835 981
835 991
835 1050
835 1179
835 1209
835 1609
835 1847
836 840
836 853
836 861
836 862
836 876
836 883
836 886
836 897
836 919
836 933
836 934
836 943
836 945
836 949
836 957
836 972
836 978
836 980
836 1205
836 1315
836 1562
836 1744
837 838
837 849
837 852
837 874
837 876
837 889
837 890
837 894
837 901
837 904
837 906
837 911
837 918
837 921
837 923
837 929
837 941
837 942
837 943
837 951
837 955
837 959
837 965
837 967
837 982
837 993
837 1568
837 1920
838 864
838 866
838 876
838 887
838 891
838 895
838 904
838 908
838 910
838 923
838 924
838 933
838 934
838 937
838 941
838 944
838 949
838 951
838 961
838 977
838 983
838 1065
838 1144
838 1183
838 1410
838 1426
838 1434
838 1496
838 1514
838 1585
838 1692
838 1850
838 1859
839 843
839 855
839 865
839 872
839 883
839 890
839 900
839 905
839 912
839 913
839 924
839 939
839 954
839 956
839 969
839 985
839 991
839 992
839 1257
839 1575
839 1601
839 1637
839 1802
839 1900
839 1925
840 846
840 847
840 848
840 865
840 870
840 874
840 882
840 886
840 891
840 909
840 934
840 941
840 961
840 969
840 974
840 988
840 989
840 993
840 1026
840 1219
840 1468
840 1548
840 1559
840 1582
840 1720
840 1728
840 1978
841 842
841 845
841 850
841 860
841 870
841 901
841 911
841 913
841 915
841 917
841 925
841 927
841 933
841 955
841 963
841 964
841 974
841 976
841 990
841 1102
841 1223
841 1260
841 1380
841 1780
841 1798
842 843
842 859
842 861
842 869
842 871
842 873
842 874
842 876
842 882
842 889
842 917
842 919
842 931
842 938
842 944
842 950
842 953
842 957
842 975
842 983
842 985
842 990
842 992
842 1083
842 1309
842 1366
842 1783
843 853
843 868
843 880
843 883
843 887
843 892
843 899
843 906
843 915
843 916
843 920
843 932
843 933
843 935
843 937
843 947
843 951
843 952
843 953
843 961
843 962
843 982
843 984
843 986
843 1185
843 1219
843 1356
843 1394
843 1439
843 1615
843 1627
843 1758
844 847
844 854
844 864
844 875
844 876
844 877
844 880
844 883
844 905
844 912
844 915
844 922
844 923
844 929
844 931
844 943
844 949
844 955
844 961
844 964
844 971
844 980
844 1026
844 1042
844 1043
844 1132
844 1175
844 1476
844 1786
844 1791
844 1793
844 1817
844 1850
844 1858
845 846
845 859
845 861
845 863
845 884
845 890
845 892
845 894
845 908
845 910
845 916
845 919
845 929
845 942
845 944
845 960
845 973
845 977
845 983
845 991
845 1092
845 1179
845 1303
845 1361
845 1432
845 1741
846 847
846 855
846 863
846 875
846 876
846 878
846 879
846 880
846 882
846 886
846 888
846 898
846 909
846 914
846 916
846 936
846 943
846 948
846 952
846 978
846 980
846 981
846 984
846 988
846 1150
846 1377
846 1379
846 1597
846 1702
846 1929
846 1938
847 874
847 877
847 905
847 912
847 920
847 924
847 941
847 944
847 947
847 949
847 961
847 973
847 974
847 988
847 1142
847 1178
847 1266
847 1299
847 1474
847 1836
847 1961
848 883
848 889
848 893
848 895
848 899
848 902
848 906
848 907
848 923
848 943
848 945
848 949
848 950
848 955
848 969
848 978
848 987
848 989
848 1185
848 1235
848 1353
848 1369
848 1659
848 1680
848 1914
849 855
849 867
849 871
849 886
849 892
849 895
849 912
849 913
849 953
849 955
849 957
849 965
849 971
849 972
849 1035
849 1087
849 1131
849 1282
849 1438
849 1554
849 1614
849 1649
850 853
850 857
850 864
850 873
850 880
850 882
850 887
850 916
850 917
850 918
850 926
850 942
850 952
850 965
850 975
850 977
850 978
850 1042
850 1158
850 1213
850 1292
850 1547
850 1683
850 1788
850 1823
851 854
851 859
851 860
851 865
851 868
851 873
851 879
851 888
851 890
851 911
851 919
851 933
851 944
851 949
851 965
851 981
851 983
851 993
851 1029
851 1417
851 1476
851 1552
851 1643
851 1680
851 1681
851 1900
851 1937
852 876
852 887
852 896
852 903
852 917
852 922
852 924
852 949
852 966
852 969
852 970
852 973
852 974
852 975
852 976
852 977
852 980
852 985
852 987
852 988
852 1117
852 1150
852 1197
852 1225
852 1232
852 1315
852 1511
852 1521
852 1586
852 1596
852 1643
852 1736
852 1827
852 1972
853 855
853 861
853 863
853 871
853 887
853 903
853 915
853 927
853 930
853 935
853 936
853 942
853 949
853 950
853 959
853 961
853 970
853 972
853 974
853 978
853 986
853 1128
853 1159
853 1418
853 1980
854 898
854 901
854 906
854 912
854 927
854 934
854 943
854 949
854 952
854 957
854 977
854 983
854 1084
854 1106
854 1125
854 1220
854 1251
854 1333
854 1618
855 893
855 895
855 897
855 927
855 933
855 950
855 955
855 958
855 960
855 961
855 965
855 977
855 992
855 1021
855 1273
855 1552
855 1631
855 1707
855 1848
855 1867
855 1875
855 1884
855 1945
856 871
856 873
856 877
856 881
856 891
856 892
856 895
856 901
856 909
856 917
856 919
856 924
856 928
856 950
856 963
856 970
856 978
856 985
856 987
856 990
856 1452
856 1468
856 1521
856 1627
856 1635
856 1688
856 1786
856 1841
857 866
857 878
857 879
857 894
857 896
857 906
857 907
857 912
857 916
857 940
857 941
857 944
857 966
857 967
857 972
857 979
857 989
857 1158
857 1237
857 1248
857 1298
857 1351
857 1731
857 1744
857 1810
857 1931
858 863
858 893
858 909
858 922
858 937
858 943
858 948
858 952
858 958
858 976
858 991
858 992
858 1100
858 1274
858 1276
858 1585
858 1951
859 871
859 873
859 897
859 898
859 904
859 915
859 924
859 934
859 943
859 945
859 967
859 977
859 978
859 982
859 983
859 987
859 989
859 990
859 1014
859 1148
859 1171
859 1326
859 1361
859 1594
859 1655
859 1841
859 1892
859 1969
859 1983
859 1985
860 863
860 874
860 877
860 883
860 887
860 895
860 898
860 910
860 913
860 926
860 930
860 932
860 936
860 943
860 975
860 980
860 985
860 990
860 1064
860 1246
860 1267
860 1324
860 1411
860 1657
860 1699
860 1778
861 870
861 888
861 890
861 891
861 895
861 903
861 906
861 909
861 915
861 924
861 927
861 931
861 938
861 940
861 945
861 959
861 986
861 990
861 992
861 1280
861 1326
861 1327
861 1448
861 1584
861 1792
861 1856
862 868
862 869
862 904
862 911
862 928
862 949
862 964
862 966
862 971
862 980
862 983
862 1271
862 1804
863 867
863 874
863 888
863 899
863 904
863 909
863 912
863 915
863 916
863 919
863 920
863 923
863 932
863 943
863 959
863 966
863 979
863 989
863 992
863 1088
863 1091
863 1200
863 1539
863 1663
863 1803
863 1925
863 1933
863 1958
864 865
864 869
864 872
864 877
864 905
864 914
864 925
864 926
864 933
864 946
864 947
864 948
864 950
864 967
864 979
864 1334
864 1452
864 1504
864 1538
864 1624
864 1807
865 866
865 881
865 893
865 898
865 906
865 907
865 908
865 923
865 924
865 928
865 932
865 933
865 934
865 935
865 946
865 948
865 949
865 952
865 953
865 957
865 964
865 978
865 982
865 984
865 987
865 990
865 1059
865 1071
865 1087
865 1261
865 1392
865 1608
865 1876
866 868
866 875
866 876
866 888
866 903
866 912
866 917
866 926
866 930
866 948
866 951
866 956
866 961
866 964
866 965
866 974
866 979
866 981
866 984
866 1229
866 1398
866 1451
866 1535
866 1694
866 1724
866 1861
867 868
867 884
867 891
867 895
867 900
867 906
867 911
867 919
867 932
867 938
867 940
867 951
867 956
867 967
867 972
867 978
867 996
867 1027
867 1414
867 1443
867 1654
867 1790
867 1804
868 870
868 875
868 886
868 892
868 895
868 896
868 901
868 911
868 915
868 922
868 923
868 925
868 935
868 945
868 954
868 967
868 973
868 975
868 976
868 977
868 979
868 1046
868 1086
868 1230
868 1428
868 1515
868 1864
868 1867
869 871
869 873
869 884
869 885
869 888
869 889
869 892
869 916
869 929
869 930
869 943
869 956
869 963
869 971
869 979
869 981
869 987
869 990
869 993
869 1076
869 1341
869 1445
869 1449
869 1452
869 1541
869 1622
869 1652
869 1758
869 1824
870 873
870 876
870 879
870 887
870 898
870 899
870 901
870 903
870 912
870 922
870 935
870 951
870 957
870 963
870 972
870 1090
870 1123
870 1234
870 1258
870 1263
870 1445
870 1745
870 1843
871 872
871 873
871 876
871 892
871 897
871 906
871 918
871 922
871 928
871 951
871 963
871 965
871 970
871 977
871 979
871 987
871 992
871 1023
871 1226
871 1256
871 1376
871 1384
871 1546
871 1592
871 1781
872 873
872 887
872 900
872 903
872 906
872 908
872 911
872 917
872 923
872 941
872 952
872 963
872 969
872 980
872 984
872 985
872 988
872 1064
872 1290
872 1464
872 1614
872 1643
872 1644
872 1786
873 880
873 884
873 898
873 903
873 906
873 907
873 908
873 927
873 928
873 932
873 940
873 950
873 961
873 967
873 969
873 977
873 980
873 1306
873 1316
873 1357
873 1408
873 1804
873 1874
874 887
874 897
874 901
874 914
874 922
874 941
874 983
874 992
874 1070
874 1241
874 1421
874 1433
874 1553
874 1854
874 1875
874 1909
875 880
875 881
875 888
875 917
875 919
875 920
875 930
875 934
875 939
875 945
875 949
875 957
875 970
875 971
875 974
875 975
875 977
875 981
875 990
875 1138
875 1350
875 1668
875 1950
876 878
876 880
876 884
876 895
876 916
876 947
876 952
876 956
876 957
876 964
876 983
876 993
876 1023
876 1334
876 1472
876 1484
876 1568
876 1619
876 1828
876 1873
877 891
877 893
877 899
877 900
877 901
877 908
877 912
877 928
877 936
877 940
877 949
877 954
877 958
877 968
877 969
877 973
877 974
877 991
877 993
877 1052
877 1085
877 1291
877 1925
878 880
878 882
878 884
878 888
878 893
878 896
878 907
878 910
878 913
878 930
878 933
878 938
878 941
878 944
878 949
878 966
878 974
878 981
878 983
878 988
878 992
878 1064
878 1158
878 1160
878 1270
878 1322
878 1347
878 1348
878 1393
878 1662
878 1877
879 883
879 894
879 895
879 901
879 920
879 923
879 926
879 937
879 938
879 945
879 946
879 950
879 956
879 962
879 963
879 981
879 990
879 1063
879 1113
879 1142
879 1146
879 1300
879 1348
879 1614
879 1647
879 1776
880 881
880 896
880 901
880 911
880 943
880 950
880 960
880 962
880 964
880 973
880 976
880 978
880 985
880 988
880 989
880 993
880 1355
880 1406
880 1812
880 1827
880 1845
880 1923
881 887
881 913
881 926
881 943
881 945
881 949
881 951
881 952
881 955
881 964
881 979
881 988
881 1105
881 1524
881 1641
881 1773
881 1912
882 890
882 900
882 904
882 912
882 917
882 930
882 933
882 934
882 935
882 937
882 947
882 953
882 969
882 974
882 982
882 986
882 1039
882 1099
882 1193
882 1644
883 885
883 890
883 899
883 907
883 931
883 951
883 954
883 957
883 983
883 1180
883 1190
883 1433
883 1459
883 1482
883 1624
883 1628
883 1987
884 890
884 896
884 902
884 903
884 911
884 918
884 919
884 926
884 930
884 941
884 942
884 960
884 962
884 963
884 989
884 1150
884 1550
884 1647
884 1650
884 1722
884 1838
884 1843
885 894
885 897
885 906
885 910
885 911
885 928
885 935
885 936
885 970
885 1057
885 1379
885 1416
885 1500
885 1608
885 1751
885 1987
886 904
886 926
886 928
886 938
886 960
886 961
886 971
886 976
886 978
886 983
886 984
886 988
886 989
886 991
886 1025
886 1313
886 1415
886 1491
886 1787
886 1794
886 1934
887 891
887 895
887 903
887 913
887 915
887 919
887 938
887 949
887 951
887 963
887 967
887 969
887 971
887 976
887 1028
887 1149
887 1495
887 1579
887 1623
887 1644
887 1800
887 1808
888 889
888 892
888 898
888 933
888 943
888 956
888 957
888 966
888 973
888 976
888 979
888 982
888 989
888 992
888 1106
888 1118
888 1251
888 1309
888 1513
888 1824
889 900
889 909
889 912
889 930
889 932
889 933
889 938
889 951
889 969
889 1254
889 1532
889 1967
890 897
890 905
890 914
890 930
890 932
890 936
890 940
890 942
890 947
890 956
890 966
890 968
890 974
890 976
890 983
890 989
890 1057
890 1069
890 1376
890 1457
890 1911
890 1960
891 911
891 916
891 917
891 924
891 926
891 934
891 937
891 951
891 953
891 955
891 958
891 963
891 968
891 969
891 970
891 971
891 972
891 973
891 987
891 1014
891 1019
891 1471
891 1535
891 1799
892 899
892 906
892 923
892 925
892 927
892 930
892 932
892 940
892 941
892 967
892 979
892 981
892 987
892 988
892 992
892 1017
892 1118
892 1279
892 1380
892 1427
892 1494
892 1640
892 1726
892 1872
893 904
893 909
893 923
893 925
893 954
893 955
893 967
893 969
893 989
893 992
893 993
893 1008
893 1290
893 1323
893 1352
893 1383
893 1401
893 1581
893 1798
894 905
894 926
894 928
894 930
894 954
894 972
894 978
894 979
894 989
894 990
894 1057
894 1072
894 1187
894 1288
894 1558
895 901
895 905
895 906
895 917
895 918
895 955
895 971
895 972
895 975
895 1139
895 1209
895 1295
895 1577
895 1636
895 1688
895 1729
895 1936
895 1970
895 1986
896 898
896 901
896 915
896 916
896 939
896 951
896 965
896 968
896 971
896 979
896 1158
896 1175
896 1248
896 1339
896 1370
896 1424
896 1681
896 1712
896 1770
896 1867
896 1956
896 1977
897 900
897 902
897 913
897 916
897 920
897 922
897 929
897 941
897 943
897 944
897 956
897 962
897 965
897 976
897 983
897 993
897 1208
897 1215
897 1452
897 1550
897 1616
898 909
898 913
898 918
898 919
898 920
898 931
898 934
898 938
898 943
898 958
898 959
898 960
898 992
898 1218
898 1280
898 1310
898 1315
898 1406
898 1503
898 1605
898 1853
898 1985
899 901
899 920
899 926
899 948
899 960
899 961
899 963
899 964
899 966
899 967
899 974
899 999
899 1191
899 1234
899 1295
899 1551
899 1665
899 1830
899 1979
899 1982
899 1984
900 904
900 905
900 911
900 920
900 921
900 925
900 932
900 935
900 937
900 938
900 940
900 951
900 958
900 964
900 971
900 979
900 987
900 1042
900 1179
900 1298
900 1329
900 1563
900 1636
900 1646
900 1891
900 1987
901 908
901 914
901 929
901 931
901 937
901 945
901 967
901 985
901 1087
901 1199
901 1237
901 1457
901 1526
901 1583
902 930
902 932
902 938
902 940
902 943
902 954
902 955
902 972
902 973
902 975
902 977
902 979
902 980
902 988
902 1031
902 1223
902 1555
902 1687
902 1796
902 1907
903 908
903 915
903 928
903 942
903 958
903 989
903 1028
903 1053
903 1451
903 1489
903 1604
903 1842
904 917
904 929
904 942
904 945
904 948
904 951
904 958
904 962
904 964
904 968
904 970
904 975
904 1219
904 1517
905 926
905 944
905 958
905 964
905 965
905 968
905 969
905 972
905 989
905 991
905 1387
905 1870
905 1922
906 909
906 910
906 928
906 932
906 936
906 938
906 943
906 975
906 979
906 980
906 998
906 1400
907 919
907 925
907 942
907 946
907 948
907 963
907 964
907 965
907 968
907 974
907 980
907 984
907 987
907 1048
907 1373
907 1527
908 910
908 922
908 959
908 962
908 976
908 981
908 990
908 1009
908 1136
908 1208
908 1462
908 1567
908 1667
908 1732
908 1734
908 1802
908 1822
908 1866
908 1911
908 1946
909 911
909 914
909 931
909 932
909 980
909 982
909 983
909 984
909 1195
909 1222
909 1237
909 1425
909 1439
909 1597
909 1605
909 1729
909 1883
910 923
910 924
910 925
910 947
910 948
910 963
910 968
910 970
910 984
910 1327
910 1378
910 1413
910 1541
910 1554
910 1594
910 1711
910 1767
911 912
911 914
911 916
911 921
911 924
911 933
911 936
911 938
911 954
911 969
911 973
911 979
911 981
911 988
911 989
911 1081
912 923
912 926
912 930
912 931
912 936
912 937
912 947
912 962
912 968
912 971
912 983
912 985
912 1021
912 1068
912 1141
912 1171
912 1555
912 1689
912 1759
912 1782
912 1885
913 920
913 932
913 947
913 959
913 962
913 963
913 978
913 989
913 1106
913 1188
913 1225
913 1498
913 1532
913 1550
913 1728
913 1875
913 1944
914 924
914 930
914 932
914 933
914 936
914 940
914 941
914 949
914 950
914 969
914 976
914 984
914 985
914 1176
914 1232
914 1284
914 1466
914 1500
914 1510
914 1673
915 916
915 917
915 932
915 938
915 940
915 959
915 960
915 965
915 974
915 983
915 985
915 999
915 1018
915 1041
915 1111
915 1228
915 1666
915 1735
915 1783
915 1844
916 918
916 926
916 946
916 952
916 957
916 980
916 987
916 991
916 1254
916 1653
917 918
917 920
917 937
917 938
917 940
917 949
917 961
917 968
917 988
917 989
917 992
917 1460
917 1583
917 1767
917 1801
917 1822
917 1881
917 1938
917 1967
917 1980
918 927
918 931
918 932
918 933
918 942
918 956
918 981
918 1202
918 1211
918 1216
918 1455
918 1646
919 933
919 937
919 941
919 947
919 956
919 958
919 975
919 982
919 985
919 1321
919 1368
919 1431
919 1745
919 1807
920 925
920 929
920 945
920 954
920 971
920 973
920 978
920 981
920 1347
920 1514
920 1973
921 936
921 941
921 950
921 953
921 962
921 963
921 968
921 974
921 976
921 978
921 1349
922 924
922 936
922 943
922 949
922 950
922 965
922 976
922 981
922 989
922 1043
922 1095
922 1479
922 1593
922 1788
922 1793
922 1816
922 1855
922 1947
923 924
923 932
923 933
923 936
923 937
923 949
923 954
923 967
923 980
923 990
923 991
923 1046
923 1063
923 1256
923 1459
923 1552
923 1560
923 1657
923 1701
923 1704
923 1763
924 937
924 939
924 943
924 955
924 956
924 964
924 971
924 992
924 1009
924 1014
924 1047
924 1404
924 1624
925 930
925 934
925 935
925 936
925 937
925 939
925 943
925 951
925 984
925 989
925 1418
925 1731
925 1745
925 1951
926 927
926 940
926 943
926 952
926 961
926 968
926 973
926 982
926 987
926 1088
926 1154
926 1173
926 1191
926 1210
926 1222
926 1288
926 1373
926 1432
926 1535
926 1587
926 1882
927 929
927 933
927 945
927 981
927 983
927 989
927 1039
927 1057
927 1112
927 1254
927 1535
927 1591
928 929
928 931
928 933
928 943
928 945
928 953
928 974
928 986
928 989
928 1424
928 1511
928 1711
929 936
929 940
929 956
929 958
929 974
929 976
929 1050
929 1372
929 1459
929 1493
929 1537
929 1583
929 1623
929 1646
930 932
930 950
930 964
930 980
930 992
930 1203
930 1247
930 1325
930 1630
930 1842
931 936
931 939
931 943
931 966
931 974
931 984
931 986
931 991
931 1025
931 1357
931 1369
931 1686
931 1817
932 941
932 947
932 950
932 958
932 992
932 1143
932 1154
932 1228
932 1352
932 1371
932 1382
932 1621
933 935
933 944
933 947
933 960
933 962
933 965
933 973
933 978
933 986
933 990
933 1169
933 1366
933 1441
933 1603
933 1678
933 1703
933 1810
933 1956
934 937
934 946
934 957
934 959
934 971
934 976
934 977
934 1243
934 1266
934 1478
934 1606
934 1779
934 1861
935 953
935 965
935 971
935 973
935 981
935 982
935 1057
935 1165
935 1613
935 1819
936 940
936 951
936 971
936 977
936 978
936 980
936 982
936 985
936 991
936 1386
936 1473
936 1640
936 1986
937 948
937 952
937 954
937 957
937 958
937 962
937 986
937 987
937 1053
937 1168
937 1226
937 1273
937 1340
937 1442
937 1443
937 1523
937 1658
938 950
938 951
938 954
938 964
938 972
938 985
938 989
938 990
938 1273
938 1679
938 1806
939 943
939 952
939 954
939 956
939 963
939 973
939 977
939 982
939 984
939 985
939 988
939 1048
939 1320
939 1403
939 1776
939 1801
939 1885
939 1886
939 1921
939 1931
939 1949
940 958
940 988
940 1121
940 1280
940 1317
940 1462
940 1464
940 1840
941 957
941 960
941 962
941 975
941 977
941 990
941 997
941 1065
941 1153
941 1292
941 1459
941 1468
941 1655
941 1743
941 1895
942 948
942 949
942 953
942 959
942 962
942 971
942 972
942 975
942 981
942 984
942 985
942 992
942 1039
942 1120
942 1128
942 1564
942 1698
942 1781
942 1835
943 945
943 947
943 959
943 970
943 982
943 986
943 989
943 990
943 1107
943 1262
943 1438
943 1443
943 1606
943 1879
944 946
944 951
944 956
944 958
944 959
944 975
944 984
944 987
944 990
944 992
944 1015
944 1034
944 1092
944 1171
944 1388
944 1546
944 1676
944 1710
945 950
945 960
945 963
945 964
945 971
945 975
945 983
945 988
945 989
945 1068
945 1216
945 1578
945 1614
945 1807
945 1840
945 1890
946 947
946 985
946 988
946 992
946 1113
946 1562
946 1743
947 967
947 975
947 977
947 982
947 1006
947 1165
947 1223
947 1237
947 1262
947 1299
947 1599
947 1804
948 953
948 959
948 960
948 1176
948 1184
948 1331
948 1487
948 1638
948 1845
949 950
949 953
949 973
949 977
949 981
949 989
949 1047
949 1078
949 1094
949 1306
949 1327
949 1329
949 1813
950 952
950 953
950 966
950 971
950 972
950 986
950 992
950 1208
950 1317
950 1595
950 1758
951 955
951 959
951 960
951 966
951 989
951 993
951 1224
951 1266
951 1420
951 1663
951 1831
952 961
952 965
952 992
952 1018
952 1143
952 1156
952 1333
952 1533
952 1593
952 1845
952 1918
952 1932
953 975
953 983
953 1345
953 1362
953 1414
953 1469
953 1883
954 960
954 970
954 979
954 1019
954 1114
954 1274
954 1279
954 1398
954 1471
955 967
955 969
955 971
955 982
955 990
955 1044
955 1284
955 1495
955 1852
956 963
956 966
956 972
956 978
956 980
956 984
956 1440
956 1448
956 1455
956 1582
956 1844
956 1863
956 1941
957 973
957 982
957 1215
957 1284
957 1834
958 976
958 986
958 990
958 1235
958 1286
958 1379
958 1629
958 1871
959 980
959 983
959 1007
959 1020
959 1383
959 1547
959 1708
959 1867
959 1974
960 980
960 989
960 1163
960 1219
960 1647
960 1722
960 1889
961 965
961 971
961 972
961 983
961 984
961 990
961 1249
961 1272
961 1325
961 1350
961 1629
961 1758
961 1777
962 963
962 981
962 984
962 1140
962 1159
962 1356
962 1551
962 1682
962 1863
962 1904
962 1931
963 964
963 969
963 970
963 971
963 993
963 1010
963 1142
963 1148
963 1263
963 1409
963 1614
963 1788
963 1819
964 965
964 972
964 985
964 993
964 1133
964 1262
964 1734
964 1790
965 968
965 970
965 972
965 989
965 1013
965 1422
965 1434
965 1448
965 1527
965 1945
966 972
966 980
966 1542
966 1567
966 1839
967 977
967 991
967 1086
967 1413
967 1443
967 1479
967 1833
967 1866
967 1928
967 1952
968 970
968 980
968 984
968 987
968 988
968 991
968 1030
968 1345
968 1373
968 1382
968 1495
968 1710
969 972
969 974
969 978
969 983
969 990
969 1506
969 1599
969 1613
969 1863
969 1986
970 1072
970 1078
970 1344
970 1551
970 1957
971 984
971 988
971 992
971 1247
971 1308
971 1362
971 1412
971 1752
971 1754
971 1767
971 1841
971 1850
971 1905
972 978
972 979
972 980
972 982
972 984
972 1073
972 1099
972 1568
972 1611
972 1651
972 1654
972 1806
972 1864
973 976
973 1154
973 1186
973 1336
973 1360
973 1517
973 1523
973 1764
973 1968
974 978
974 981
974 1062
974 1493
974 1506
974 1837
975 979
975 984
975 1027
975 1092
975 1224
975 1663
975 1682
975 1735
976 977
976 990
976 1314
976 1660
976 1751
976 1753
976 1961
977 983
977 990
977 1067
977 1115
977 1306
977 1312
977 1313
977 1518
977 1872
977 1924
978 981
978 990
978 991
978 1208
978 1247
978 1383
978 1482
978 1658
978 1673
978 1687
978 1736
979 995
979 1030
979 1057
979 1369
979 1446
979 1540
979 1619
980 981
980 988
980 1015
980 1052
980 1282
980 1345
980 1507
980 1755
981 1012
981 1154
981 1315
981 1446
981 1485
981 1554
981 1702
981 1921
982 983
982 992
982 1129
982 1191
982 1629
982 1669
982 1740
983 987
983 992
983 993
983 1152
983 1367
983 1568
983 1732
983 1813
983 1823
984 988
984 990
984 1239
984 1339
984 1481
984 1719
984 1776
984 1797
984 1913
984 1941
984 1942
985 989
985 1066
985 1165
985 1328
985 1422
985 1575
985 1742
985 1828
985 1914
986 990
986 1041
986 1061
986 1138
986 1177
986 1218
986 1499
986 1629
986 1675
986 1689
986 1715
986 1896
986 1920
986 1933
987 1179
987 1281
987 1364
987 1469
988 1009
988 1402
988 1629
988 1702
988 1827
988 1878
988 1915
989 1008
989 1122
989 1627
989 1844
989 1884
990 993
990 995
990 1068
990 1135
990 1334
990 1337
990 1386
990 1591
991 1319
991 1418
992 993
992 1475
992 1604
992 1636
992 1841
992 1883
993 1024
993 1654
993 1823
993 1905
993 1985
994 998
994 1003
994 1005
994 1016
994 1020
994 1022
994 1045
994 1051
994 1068
994 1075
994 1084
994 1087
994 1089
994 1095
994 1100
994 1101
994 1108
994 1117
994 1140
994 1141
994 1150
994 1155
994 1158
994 1166
994 1169
994 1170
994 1173
994 1180
994 1188
994 1189
994 1191
994 1195
994 1211
994 1217
994 1232
994 1244
994 1245
994 1246
994 1247
994 1250
994 1256
994 1270
994 1282
994 1292
994 1303
994 1307
994 1310
994 1315
994 1325
994 1344
994 1347
994 1357
994 1358
994 1359
994 1366
994 1374
994 1394
994 1404
994 1418
994 1427
994 1429
994 1446
994 1451
994 1452
994 1466
994 1474
994 1480
994 1561
994 1584
994 1625
994 1630
994 1736
994 1754
995 1006
995 1008
995 1025
995 1044
995 1048
995 1057
995 1071
995 1075
995 1085
995 1088
995 1095
995 1114
995 1115
995 1124
995 1125
995 1128
995 1132
995 1143
995 1145
995 1146
995 1166
995 1171
995 1177
995 1181
995 1183
995 1184
995 1185
995 1189
995 1193
995 1205
995 1211
995 1231
995 1237
995 1243
995 1245
995 1258
995 1263
995 1265
995 1266
995 1293
995 1304
995 1320
995 1322
995 1338
995 1346
995 1352
995 1354
995 1363
995 1374
995 1377
995 1386
995 1389
995 1398
995 1407
995 1413
995 1414
995 1419
995 1421
995 1428
995 1433
995 1461
995 1490
995 1507
995 1518
995 1523
995 1615
995 1627
995 1629
995 1686
995 1907
995 1951
995 1981
996 1016
996 1020
996 1024
996 1025
996 1034
996 1039
996 1044
996 1059
996 1070
996 1092
996 1093
996 1113
996 1116
996 1129
996 1131
996 1132
996 1143
996 1145
996 1155
996 1158
996 1170
996 1174
996 1180
996 1181
996 1183
996 1192
996 1193
996 1202
996 1222
996 1232
996 1233
996 1243
996 1244
996 1247
996 1267
996 1276
996 1277
996 1285
996 1288
996 1308
996 1313
996 1314
996 1316
996 1317
996 1321
996 1330
996 1347
996 1353
996 1358
996 1359
996 1372
996 1383
996 1404
996 1425
996 1426
996 1432
996 1438
996 1448
996 1453
996 1458
996 1460
996 1462
996 1465
996 1467
996 1470
996 1474
996 1475
996 1481
996 1486
996 1489
996 1674
996 1751
996 1863
996 1917
997 999
997 1010
997 1015
997 1017
997 1018
997 1023
997 1028
997 1032
997 1043
997 1047
997 1049
997 1052
997 1058
997 1081
997 1090
997 1101
997 1105
997 1110
997 1113
997 1116
997 1133
997 1134
997 1135
997 1179
997 1181
997 1182
997 1203
997 1208
997 1226
997 1230
997 1241
997 1247
997 1249
997 1255
997 1267
997 1270
997 1303
997 1305
997 1311
997 1316
997 1334
997 1335
997 1338
997 1348
997 1374
997 1379
997 1380
997 1389
997 1407
997 1409
997 1417
997 1418
997 1420
997 1464
997 1485
997 1494
997 1576
997 1924
997 1964
998 1012
998 1013
998 1019
998 1032
998 1039
998 1040
998 1042
998 1045
998 1054
998 1061
998 1063
998 1064
998 1073
998 1078
998 1087
998 1088
998 1095
998 1098
998 1104
998 1124
998 1132
998 1135
998 1137
998 1145
998 1154
998 1155
998 1158
998 1164
998 1174
998 1180
998 1186
998 1188
998 1208
998 1212
998 1222
998 1234
998 1235
998 1237
998 1241
998 1242
998 1244
998 1255
998 1256
998 1262
998 1271
998 1277
998 1280
998 1290
998 1308
998 1310
998 1312
998 1314
998 1317
998 1319
998 1323
998 1324
998 1334
998 1341
998 1348
998 1351
998 1356
998 1357
998 1360
998 1367
998 1368
998 1377
998 1381
998 1384
998 1385
998 1413
998 1424
998 1426
998 1434
998 1445
998 1453
998 1454
998 1456
998 1460
998 1464
998 1474
998 1483
998 1586
998 1609
998 1688
998 1779
999 1018
999 1024
999 1032
999 1049
999 1061
999 1067
999 1071
999 1072
999 1083
999 1105
999 1109
999 1117
999 1126
999 1127
999 1139
999 1144
999 1152
999 1159
999 1164
999 1172
999 1181
999 1195
999 1196
999 1213
999 1218
999 1247
999 1250
999 1255
999 1268
999 1271
999 1277
999 1284
999 1290
999 1317
999 1319
999 1334
999 1343
999 1346
999 1353
999 1362
999 1383
999 1384
999 1385
999 1386
999 1401
999 1405
999 1407
999 1426
999 1428
999 1434
999 1437
999 1441
999 1446
999 1447
999 1484
999 1600
999 1869
999 1904
1000 1003
1000 1005
1000 1014
1000 1019
1000 1058
1000 1060
1000 1063
1000 1066
1000 1069
1000 1072
1000 1078
1000 1104
1000 1112
1000 1113
1000 1119
1000 1134
1000 1147
1000 1163
1000 1173
1000 1176
1000 1184
1000 1204
1000 1205
1000 1210
1000 1212
1000 1213
1000 1217
1000 1230
1000 1234
1000 1239
1000 1245
1000 1248
1000 1257
1000 1268
1000 1269
1000 1274
1000 1293
1000 1301
1000 1305
1000 1313
1000 1314
1000 1315
1000 1322
1000 1323
1000 1324
1000 1344
1000 1349
1000 1350
1000 1356
1000 1361
1000 1362
1000 1363
1000 1364
1000 1368
1000 1372
1000 1415
1000 1430
1000 1436
1000 1441
1000 1451
1000 1459
1000 1472
1000 1474
1000 1476
1000 1479
1000 1482
1000 1486
1000 1660
1000 1799
1000 1845
1000 1929
1001 1012
1001 1015
1001 1020
1001 1031
1001 1037
1001 1040
1001 1066
1001 1074
1001 1075
1001 1088
1001 1098
1001 1100
1001 1101
1001 1104
1001 1105
1001 1108
1001 1132
1001 1136
1001 1137
1001 1147
1001 1177
1001 1186
1001 1187
1001 1199
1001 1205
1001 1212
1001 1219
1001 1225
1001 1227
1001 1246
1001 1253
1001 1254
1001 1261
1001 1277
1001 1281
1001 1282
1001 1298
1001 1306
1001 1310
1001 1347
1001 1357
1001 1359
1001 1371
1001 1375
1001 1379
1001 1389
1001 1404
1001 1405
1001 1411
1001 1414
1001 1427
1001 1433
1001 1448
1001 1450
1001 1453
1001 1459
1001 1462
1001 1473
1001 1477
1001 1481
1001 1485
1001 1517
1001 1604
1001 1759
1001 1761
1002 1003
1002 1013
1002 1031
1002 1036
1002 1041
1002 1047
1002 1051
1002 1056
1002 1061
1002 1075
1002 1078
1002 1081
1002 1082
1002 1083
1002 1086
1002 1093
1002 1094
1002 1098
1002 1103
1002 1109
1002 1116
1002 1125
1002 1127
1002 1131
1002 1155
1002 1177
1002 1184
1002 1187
1002 1191
1002 1199
1002 1217
1002 1219
1002 1222
1002 1226
1002 1231
1002 1237
1002 1240
1002 1252
1002 1259
1002 1266
1002 1272
1002 1284
1002 1287
1002 1292
1002 1306
1002 1316
1002 1318
1002 1331
1002 1337
1002 1338
1002 1348
1002 1361
1002 1373
1002 1381
1002 1382
1002 1386
1002 1397
1002 1401
1002 1406
1002 1407
1002 1418
1002 1427
1002 1433
1002 1438
1002 1449
1002 1455
1002 1459
1002 1466
1002 1468
1002 1481
1002 1539
1002 1588
1002 1761
1002 1878
1003 1024
1003 1027
1003 1033
1003 1047
1003 1048
1003 1067
1003 1079
1003 1082
1003 1084
1003 1086
1003 1090
1003 1098
1003 1114
1003 1116
1003 1148
1003 1178
1003 1181
1003 1182
1003 1185
1003 1189
1003 1195
1003 1200
1003 1205
1003 1207
1003 1218
1003 1222
1003 1223
1003 1225
1003 1233
1003 1234
1003 1238
1003 1245
1003 1250
1003 1259
1003 1260
1003 1261
1003 1265
1003 1266
1003 1268
1003 1280
1003 1281
1003 1295
1003 1300
1003 1302
1003 1304
1003 1307
1003 1310
1003 1333
1003 1337
1003 1348
1003 1364
1003 1391
1003 1397
1003 1404
1003 1407
1003 1413
1003 1421
1003 1422
1003 1438
1003 1447
1003 1479
1003 1481
1003 1482
1003 1498
1003 1500
1003 1577
1004 1020
1004 1023
1004 1024
1004 1040
1004 1046
1004 1054
1004 1062
1004 1067
1004 1075
1004 1081
1004 1086
1004 1089
1004 1095
1004 1106
1004 1111
1004 1120
1004 1129
1004 1135
1004 1143
1004 1150
1004 1156
1004 1171
1004 1173
1004 1175
1004 1187
1004 1192
1004 1200
1004 1204
1004 1227
1004 1228
1004 1233
1004 1237
1004 1239
1004 1245
1004 1257
1004 1279
1004 1287
1004 1293
1004 1297
1004 1299
1004 1308
1004 1315
1004 1321
1004 1346
1004 1354
1004 1363
1004 1365
1004 1371
1004 1387
1004 1399
1004 1401
1004 1408
1004 1432
1004 1436
1004 1444
1004 1447
1004 1457
1004 1461
1004 1463
1004 1468
1004 1481
1004 1487
1004 1511
1004 1626
1004 1637
1004 1924
1005 1027
1005 1034
1005 1052
1005 1065
1005 1066
1005 1083
1005 1108
1005 1111
1005 1125
1005 1128
1005 1129
1005 1142
1005 1165
1005 1168
1005 1170
1005 1174
1005 1177
1005 1200
1005 1204
1005 1208
1005 1209
1005 1216
1005 1225
1005 1227
1005 1229
1005 1239
1005 1253
1005 1276
1005 1308
1005 1315
1005 1321
1005 1334
1005 1335
1005 1336
1005 1342
1005 1345
1005 1368
1005 1372
1005 1385
1005 1388
1005 1400
1005 1406
1005 1409
1005 1417
1005 1427
1005 1434
1005 1439
1005 1440
1005 1443
1005 1445
1005 1474
1005 1476
1005 1490
1005 1814
1005 1957
1006 1013
1006 1015
1006 1039
1006 1051
1006 1052
1006 1055
1006 1057
1006 1062
1006 1074
1006 1075
1006 1081
1006 1082
1006 1091
1006 1111
1006 1117
1006 1123
1006 1126
1006 1148
1006 1155
1006 1157
1006 1159
1006 1162
1006 1165
1006 1168
1006 1179
1006 1185
1006 1187
1006 1192
1006 1196
1006 1204
1006 1205
1006 1216
1006 1222
1006 1228
1006 1234
1006 1242
1006 1243
1006 1248
1006 1273
1006 1282
1006 1283
1006 1288
1006 1297
1006 1300
1006 1305
1006 1317
1006 1320
1006 1335
1006 1336
1006 1349
1006 1350
1006 1355
1006 1358
1006 1359
1006 1360
1006 1362
1006 1366
1006 1374
1006 1393
1006 1398
1006 1403
1006 1407
1006 1411
1006 1416
1006 1433
1006 1459
1006 1465
1006 1467
1006 1472
1006 1473
1006 1479
1006 1483
1006 1487
1006 1512
1006 1801
1007 1017
1007 1018
1007 1022
1007 1024
1007 1025
1007 1027
1007 1034
1007 1039
1007 1056
1007 1061
1007 1068
1007 1072
1007 1087
1007 1091
1007 1102
1007 1110
1007 1112
1007 1124
1007 1125
1007 1126
1007 1131
1007 1135
1007 1139
1007 1141
1007 1152
1007 1163
1007 1205
1007 1210
1007 1212
1007 1213
1007 1214
1007 1221
1007 1226
1007 1237
1007 1262
1007 1268
1007 1269
1007 1271
1007 1274
1007 1276
1007 1282
1007 1287
1007 1292
1007 1299
1007 1307
1007 1308
1007 1310
1007 1314
1007 1320
1007 1323
1007 1327
1007 1334
1007 1338
1007 1342
1007 1345
1007 1351
1007 1352
1007 1353
1007 1373
1007 1375
1007 1386
1007 1396
1007 1397
1007 1398
1007 1400
1007 1404
1007 1415
1007 1416
1007 1428
1007 1448
1007 1453
1007 1461
1007 1462
1007 1463
1007 1488
1007 1535
1007 1847
1008 1058
1008 1061
1008 1066
1008 1079
1008 1085
1008 1088
1008 1090
1008 1092
1008 1098
1008 1104
1008 1107
1008 1109
1008 1128
1008 1136
1008 1146
1008 1147
1008 1174
1008 1194
1008 1198
1008 1201
1008 1206
1008 1211
1008 1215
1008 1226
1008 1230
1008 1231
1008 1251
1008 1255
1008 1265
1008 1278
1008 1282
1008 1317
1008 1321
1008 1340
1008 1353
1008 1359
1008 1379
1008 1391
1008 1406
1008 1418
1008 1421
1008 1422
1008 1425
1008 1428
1008 1434
1008 1447
1008 1454
1008 1457
1008 1472
1008 1488
1008 1489
1008 1746
1008 1827
1008 1880
1009 1017
1009 1020
1009 1022
1009 1040
1009 1056
1009 1078
1009 1085
1009 1089
1009 1091
1009 1104
1009 1121
1009 1124
1009 1125
1009 1131
1009 1145
1009 1148
1009 1149
1009 1154
1009 1156
1009 1177
1009 1196
1009 1203
1009 1207
1009 1226
1009 1228
1009 1233
1009 1238
1009 1244
1009 1253
1009 1264
1009 1266
1009 1277
1009 1282
1009 1289
1009 1291
1009 1293
1009 1300
1009 1313
1009 1323
1009 1326
1009 1332
1009 1360
1009 1364
1009 1369
1009 1372
1009 1382
1009 1396
1009 1397
1009 1403
1009 1415
1009 1422
1009 1438
1009 1469
1009 1486
1009 1540
1009 1822
1009 1927
1010 1013
1010 1016
1010 1021
1010 1031
1010 1032
1010 1042
1010 1048
1010 1052
1010 1056
1010 1067
1010 1075
1010 1085
1010 1098
1010 1101
1010 1118
1010 1127
1010 1162
1010 1163
1010 1170
1010 1171
1010 1194
1010 1208
1010 1209
1010 1210
1010 1213
1010 1218
1010 1224
1010 1228
1010 1244
1010 1247
1010 1248
1010 1274
1010 1295
1010 1297
1010 1311
1010 1313
1010 1324
1010 1325
1010 1334
1010 1345
1010 1352
1010 1353
1010 1369
1010 1381
1010 1387
1010 1391
1010 1398
1010 1407
1010 1409
1010 1410
1010 1411
1010 1415
1010 1421
1010 1427
1010 1432
1010 1435
1010 1439
1010 1446
1010 1474
1010 1475
1010 1487
1010 1709
1010 1859
1011 1023
1011 1031
1011 1032
1011 1036
1011 1040
1011 1045
1011 1048
1011 1054
1011 1064
1011 1076
1011 1079
1011 1090
1011 1113
1011 1115
1011 1119
1011 1121
1011 1133
1011 1137
1011 1151
1011 1156
1011 1157
1011 1159
1011 1161
1011 1162
1011 1183
1011 1186
1011 1207
1011 1216
1011 1219
1011 1228
1011 1235
1011 1239
1011 1245
1011 1249
1011 1250
1011 1259
1011 1278
1011 1281
1011 1285
1011 1290
1011 1292
1011 1295
1011 1301
1011 1304
1011 1307
1011 1310
1011 1316
1011 1319
1011 1324
1011 1333
1011 1335
1011 1340
1011 1342
1011 1343
1011 1348
1011 1349
1011 1356
1011 1366
1011 1376
1011 1377
1011 1378
1011 1383
1011 1394
1011 1400
1011 1431
1011 1444
1011 1455
1011 1471
1011 1475
1011 1476
1011 1490
1011 1876
1012 1013
1012 1024
1012 1027
1012 1028
1012 1033
1012 1038
1012 1062
1012 1063
1012 1068
1012 1073
1012 1079
1012 1093
1012 1099
1012 1112
1012 1113
1012 1129
1012 1135
1012 1139
1012 1146
1012 1150
1012 1167
1012 1175
1012 1185
1012 1216
1012 1230
1012 1234
1012 1239
1012 1263
1012 1267
1012 1277
1012 1278
1012 1285
1012 1291
1012 1295
1012 1299
1012 1304
1012 1305
1012 1306
1012 1332
1012 1340
1012 1344
1012 1350
1012 1359
1012 1366
1012 1376
1012 1377
1012 1383
1012 1403
1012 1421
1012 1432
1012 1436
1012 1440
1012 1445
1012 1453
1012 1459
1012 1462
1012 1471
1012 1480
1012 1486
1012 1592
1013 1017
1013 1036
1013 1038
1013 1041
1013 1048
1013 1056
1013 1075
1013 1079
1013 1080
1013 1110
1013 1113
1013 1116
1013 1123
1013 1124
1013 1129
1013 1131
1013 1147
1013 1149
1013 1164
1013 1165
1013 1175
1013 1181
1013 1190
1013 1191
1013 1203
1013 1206
1013 1209
1013 1242
1013 1246
1013 1253
1013 1258
1013 1262
1013 1265
1013 1270
1013 1287
1013 1289
1013 1292
1013 1311
1013 1317
1013 1320
1013 1324
1013 1334
1013 1343
1013 1344
1013 1356
1013 1369
1013 1383
1013 1392
1013 1403
1013 1422
1013 1424
1013 1468
1013 1476
1013 1521
1013 1858
1013 1891
1013 1909
1014 1015
1014 1023
1014 1025
1014 1033
1014 1034
1014 1040
1014 1042
1014 1059
1014 1068
1014 1072
1014 1081
1014 1091
1014 1106
1014 1111
1014 1145
1014 1172
1014 1174
1014 1185
1014 1190
1014 1196
1014 1204
1014 1208
1014 1213
1014 1234
1014 1252
1014 1271
1014 1283
1014 1284
1014 1285
1014 1302
1014 1318
1014 1325
1014 1343
1014 1364
1014 1368
1014 1375
1014 1377
1014 1379
1014 1385
1014 1387
1014 1395
1014 1408
1014 1412
1014 1415
1014 1418
1014 1434
1014 1450
1014 1456
1014 1463
1014 1474
1014 1480
1014 1541
1014 1564
1014 1608
1014 1661
1014 1839
1014 1893
1015 1034
1015 1039
1015 1042
1015 1073
1015 1076
1015 1095
1015 1098
1015 1118
1015 1119
1015 1120
1015 1122
1015 1130
1015 1131
1015 1133
1015 1140
1015 1154
1015 1157
1015 1159
1015 1171
1015 1176
1015 1180
1015 1183
1015 1189
1015 1192
1015 1197
1015 1213
1015 1226
1015 1228
1015 1232
1015 1259
1015 1266
1015 1286
1015 1302
1015 1308
1015 1322
1015 1323
1015 1336
1015 1342
1015 1349
1015 1351
1015 1354
1015 1391
1015 1392
1015 1394
1015 1420
1015 1425
1015 1430
1015 1431
1015 1440
1015 1446
1015 1449
1015 1451
1015 1460
1015 1463
1015 1465
1015 1486
1015 1488
1015 1611
1015 1656
1015 1734
1015 1903
1015 1913
1016 1020
1016 1024
1016 1029
1016 1039
1016 1061
1016 1062
1016 1063
1016 1065
1016 1069
1016 1073
1016 1076
1016 1081
1016 1087
1016 1094
1016 1098
1016 1111
1016 1121
1016 1122
1016 1137
1016 1143
1016 1147
1016 1166
1016 1169
1016 1173
1016 1181
1016 1195
1016 1211
1016 1212
1016 1225
1016 1226
1016 1233
1016 1254
1016 1258
1016 1265
1016 1270
1016 1272
1016 1288
1016 1293
1016 1294
1016 1300
1016 1305
1016 1309
1016 1316
1016 1317
1016 1330
1016 1331
1016 1339
1016 1340
1016 1344
1016 1354
1016 1356
1016 1357
1016 1361
1016 1362
1016 1364
1016 1367
1016 1377
1016 1379
1016 1409
1016 1415
1016 1417
1016 1419
1016 1420
1016 1428
1016 1429
1016 1432
1016 1444
1016 1446
1016 1453
1016 1459
1016 1465
1016 1486
1016 1522
1016 1676
1016 1955
1017 1021
1017 1023
1017 1028
1017 1030
1017 1033
1017 1034
1017 1048
1017 1064
1017 1068
1017 1074
1017 1076
1017 1077
1017 1081
1017 1085
1017 1097
1017 1106
1017 1115
1017 1117
1017 1121
1017 1125
1017 1140
1017 1146
1017 1152
1017 1153
1017 1159
1017 1168
1017 1175
1017 1177
1017 1178
1017 1200
1017 1212
1017 1214
1017 1219
1017 1232
1017 1236
1017 1249
1017 1259
1017 1260
1017 1261
1017 1301
1017 1309
1017 1315
1017 1316
1017 1333
1017 1340
1017 1350
1017 1352
1017 1361
1017 1368
1017 1372
1017 1378
1017 1382
1017 1384
1017 1391
1017 1392
1017 1394
1017 1402
1017 1409
1017 1417
1017 1420
1017 1429
1017 1434
1017 1448
1017 1454
1017 1464
1017 1467
1017 1470
1017 1488
1017 1619
1017 1737
1018 1027
1018 1031
1018 1036
1018 1043
1018 1048
1018 1062
1018 1081
1018 1090
1018 1099
1018 1102
1018 1105
1018 1106
1018 1128
1018 1133
1018 1135
1018 1137
1018 1144
1018 1146
1018 1151
1018 1155
1018 1157
1018 1158
1018 1159
1018 1168
1018 1172
1018 1176
1018 1178
1018 1179
1018 1197
1018 1211
1018 1228
1018 1232
1018 1243
1018 1271
1018 1274
1018 1282
1018 1284
1018 1303
1018 1305
1018 1306
1018 1320
1018 1336
1018 1358
1018 1362
1018 1369
1018 1380
1018 1381
1018 1387
1018 1394
1018 1395
1018 1413
1018 1420
1018 1431
1018 1442
1018 1445
1018 1449
1018 1451
1018 1472
1018 1473
1018 1475
1018 1477
1018 1545
1018 1743
1018 1878
1018 1900
1018 1936
1019 1029
1019 1043
1019 1050
1019 1063
1019 1069
1019 1072
1019 1076
1019 1086
1019 1087
1019 1089
1019 1091
1019 1096
1019 1107
1019 1120
1019 1123
1019 1141
1019 1154
1019 1183
1019 1195
1019 1199
1019 1213
1019 1214
1019 1215
1019 1239
1019 1242
1019 1243
1019 1260
1019 1264
1019 1274
1019 1280
1019 1286
1019 1291
1019 1292
1019 1299
1019 1307
1019 1328
1019 1347
1019 1351
1019 1362
1019 1387
1019 1393
1019 1395
1019 1398
1019 1401
1019 1403
1019 1406
1019 1442
1019 1449
1019 1456
1019 1459
1019 1469
1019 1476
1019 1484
1019 1860
1019 1864
1019 1882
1020 1021
1020 1033
1020 1035
1020 1042
1020 1043
1020 1044
1020 1047
1020 1055
1020 1071
1020 1072
1020 1084
1020 1094
1020 1111
1020 1117
1020 1119
1020 1121
1020 1126
1020 1128
1020 1132
1020 1136
1020 1144
1020 1147
1020 1148
1020 1160
1020 1163
1020 1186
1020 1217
1020 1219
1020 1226
1020 1227
1020 1228
1020 1231
1020 1237
1020 1241
1020 1244
1020 1258
1020 1259
1020 1260
1020 1275
1020 1281
1020 1311
1020 1312
1020 1337
1020 1341
1020 1347
1020 1352
1020 1371
1020 1387
1020 1390
1020 1396
1020 1397
1020 1411
1020 1413
1020 1420
1020 1435
1020 1451
1020 1472
1020 1474
1020 1488
1020 1653
1021 1033
1021 1034
1021 1040
1021 1041
1021 1042
1021 1051
1021 1065
1021 1068
1021 1081
1021 1085
1021 1111
1021 1116
1021 1123
1021 1131
1021 1135
1021 1145
1021 1161
1021 1167
1021 1178
1021 1180
1021 1182
1021 1188
1021 1200
1021 1204
1021 1210
1021 1212
1021 1213
1021 1214
1021 1216
1021 1218
1021 1221
1021 1223
1021 1226
1021 1227
1021 1234
1021 1286
1021 1301
1021 1308
1021 1310
1021 1312
1021 1314
1021 1321
1021 1326
1021 1332
1021 1333
1021 1336
1021 1339
1021 1341
1021 1342
1021 1343
1021 1350
1021 1361
1021 1368
1021 1377
1021 1389
1021 1390
1021 1400
1021 1402
1021 1432
1021 1441
1021 1442
1021 1460
1021 1470
1021 1471
1021 1482
1021 1555
1021 1825
1021 1981
1022 1029
1022 1038
1022 1049
1022 1060
1022 1061
1022 1069
1022 1072
1022 1086
1022 1087
1022 1090
1022 1093
1022 1095
1022 1105
1022 1111
1022 1114
1022 1135
1022 1140
1022 1146
1022 1153
1022 1159
1022 1169
1022 1170
1022 1175
1022 1184
1022 1197
1022 1204
1022 1206
1022 1223
1022 1226
1022 1236
1022 1237
1022 1239
1022 1241
1022 1243
1022 1245
1022 1255
1022 1275
1022 1289
1022 1291
1022 1299
1022 1300
1022 1304
1022 1351
1022 1378
1022 1384
1022 1388
1022 1391
1022 1394
1022 1395
1022 1410
1022 1411
1022 1422
1022 1425
1022 1430
1022 1432
1022 1448
1022 1472
1022 1477
1022 1484
1022 1489
1022 1660
1022 1755
1022 1849
1022 1939
1023 1024
1023 1025
1023 1032
1023 1035
1023 1037
1023 1056
1023 1073
1023 1083
1023 1090
1023 1091
1023 1093
1023 1094
1023 1097
1023 1103
1023 1119
1023 1120
1023 1125
1023 1127
1023 1144
1023 1145
1023 1153
1023 1165
1023 1168
1023 1186
1023 1211
1023 1217
1023 1223
1023 1225
1023 1226
1023 1234
1023 1235
1023 1248
1023 1249
1023 1250
1023 1259
1023 1260
1023 1269
1023 1285
1023 1286
1023 1293
1023 1297
1023 1303
1023 1316
1023 1321
1023 1322
1023 1339
1023 1340
1023 1360
1023 1361
1023 1365
1023 1368
1023 1373
1023 1374
1023 1394
1023 1401
1023 1406
1023 1407
1023 1411
1023 1436
1023 1443
1023 1453
1023 1454
1023 1461
1023 1463
1023 1468
1023 1473
1023 1482
1023 1483
1023 1487
1023 1589
1023 1702
1023 1730
1023 1767
1024 1027
1024 1033
1024 1034
1024 1045
1024 1048
1024 1049
1024 1051
1024 1057
1024 1068
1024 1071
1024 1073
1024 1080
1024 1083
1024 1086
1024 1094
1024 1100
1024 1103
1024 1137
1024 1141
1024 1146
1024 1150
1024 1152
1024 1160
1024 1173
1024 1179
1024 1211
1024 1224
1024 1235
1024 1244
1024 1253
1024 1257
1024 1258
1024 1264
1024 1274
1024 1279
1024 1283
1024 1297
1024 1298
1024 1300
1024 1302
1024 1311
1024 1316
1024 1317
1024 1321
1024 1324
1024 1338
1024 1346
1024 1357
1024 1371
1024 1373
1024 1376
1024 1385
1024 1389
1024 1401
1024 1403
1024 1412
1024 1414
1024 1424
1024 1464
1024 1467
1024 1488
1024 1489
1024 1741
1024 1751
1024 1763
1025 1032
1025 1038
1025 1042
1025 1044
1025 1045
1025 1048
1025 1053
1025 1058
1025 1071
1025 1097
1025 1106
1025 1108
1025 1112
1025 1126
1025 1132
1025 1133
1025 1134
1025 1135
1025 1143
1025 1157
1025 1160
1025 1180
1025 1186
1025 1202
1025 1206
1025 1207
1025 1216
1025 1219
1025 1235
1025 1236
1025 1241
1025 1248
1025 1250
1025 1258
1025 1260
1025 1276
1025 1281
1025 1291
1025 1303
1025 1305
1025 1323
1025 1333
1025 1334
1025 1337
1025 1348
1025 1349
1025 1354
1025 1359
1025 1366
1025 1380
1025 1386
1025 1390
1025 1394
1025 1402
1025 1420
1025 1437
1025 1445
1025 1451
1025 1470
1025 1647
1025 1829
1025 1955
1026 1029
1026 1044
1026 1074
1026 1079
1026 1081
1026 1083
1026 1091
1026 1095
1026 1101
1026 1116
1026 1120
1026 1121
1026 1126
1026 1135
1026 1151
1026 1156
1026 1157
1026 1176
1026 1179
1026 1194
1026 1213
1026 1219
1026 1226
1026 1227
1026 1231
1026 1242
1026 1245
1026 1270
1026 1286
1026 1289
1026 1310
1026 1316
1026 1318
1026 1329
1026 1331
1026 1332
1026 1335
1026 1337
1026 1339
1026 1350
1026 1351
1026 1354
1026 1355
1026 1362
1026 1368
1026 1379
1026 1384
1026 1398
1026 1407
1026 1415
1026 1418
1026 1431
1026 1432
1026 1438
1026 1439
1026 1441
1026 1448
1026 1451
1026 1460
1026 1474
1026 1476
1026 1490
1026 1577
1026 1596
1026 1694
1026 1831
1026 1898
1026 1921
1026 1964
1027 1028
1027 1031
1027 1038
1027 1046
1027 1051
1027 1055
1027 1056
1027 1062
1027 1085
1027 1086
1027 1087
1027 1093
1027 1099
1027 1100
1027 1102
1027 1108
1027 1132
1027 1133
1027 1151
1027 1154
1027 1160
1027 1184
1027 1186
1027 1190
1027 1192
1027 1196
1027 1197
1027 1201
1027 1211
1027 1214
1027 1258
1027 1269
1027 1287
1027 1288
1027 1294
1027 1295
1027 1300
1027 1302
1027 1310
1027 1315
1027 1326
1027 1327
1027 1329
1027 1330
1027 1334
1027 1336
1027 1339
1027 1341
1027 1343
1027 1345
1027 1347
1027 1355
1027 1365
1027 1366
1027 1371
1027 1374
1027 1377
1027 1381
1027 1389
1027 1390
1027 1393
1027 1398
1027 1417
1027 1420
1027 1428
1027 1430
1027 1433
1027 1443
1027 1451
1027 1458
1027 1459
1027 1460
1027 1467
1027 1474
1027 1478
1027 1481
1027 1726
1027 1905
1028 1035
1028 1066
1028 1084
1028 1097
1028 1101
1028 1119
1028 1122
1028 1133
1028 1134
1028 1136
1028 1138
1028 1148
1028 1160
1028 1165
1028 1169
1028 1173
1028 1179
1028 1185
1028 1197
1028 1200
1028 1202
1028 1203
1028 1229
1028 1232
1028 1233
1028 1248
1028 1258
1028 1266
1028 1281
1028 1288
1028 1304
1028 1312
1028 1323
1028 1327
1028 1339
1028 1354
1028 1371
1028 1388
1028 1400
1028 1403
1028 1408
1028 1416
1028 1420
1028 1435
1028 1443
1028 1448
1028 1450
1028 1463
1028 1468
1028 1470
1028 1472
1028 1476
1028 1487
1028 1884
1029 1030
1029 1039
1029 1058
1029 1060
1029 1061
1029 1063
1029 1065
1029 1069
1029 1076
1029 1083
1029 1084
1029 1088
1029 1095
1029 1103
1029 1121
1029 1123
1029 1124
1029 1126
1029 1130
1029 1131
1029 1133
1029 1144
1029 1193
1029 1195
1029 1202
1029 1216
1029 1221
1029 1228
1029 1236
1029 1237
1029 1238
1029 1239
1029 1247
1029 1255
1029 1263
1029 1271
1029 1273
1029 1277
1029 1281
1029 1282
1029 1286
1029 1288
1029 1297
1029 1298
1029 1305
1029 1316
1029 1329
1029 1344
1029 1355
1029 1359
1029 1364
1029 1369
1029 1373
1029 1381
1029 1383
1029 1390
1029 1402
1029 1403
1029 1412
1029 1421
1029 1462
1029 1466
1029 1467
1029 1471
1029 1944
1029 1966
1030 1049
1030 1058
1030 1076
1030 1087
1030 1115
1030 1124
1030 1125
1030 1132
1030 1146
1030 1147
1030 1157
1030 1162
1030 1172
1030 1181
1030 1184
1030 1187
1030 1191
1030 1193
1030 1194
1030 1200
1030 1234
1030 1252
1030 1260
1030 1262
1030 1267
1030 1272
1030 1276
1030 1282
1030 1287
1030 1317
1030 1318
1030 1320
1030 1324
1030 1328
1030 1330
1030 1332
1030 1334
1030 1343
1030 1366
1030 1382
1030 1397
1030 1411
1030 1417
1030 1421
1030 1424
1030 1434
1030 1443
1030 1446
1030 1455
1030 1457
1030 1469
1030 1481
1030 1482
1030 1592
1030 1869
1030 1872
1031 1071
1031 1080
1031 1090
1031 1091
1031 1092
1031 1105
1031 1112
1031 1116
1031 1117
1031 1144
1031 1145
1031 1146
1031 1194
1031 1199
1031 1200
1031 1203
1031 1212
1031 1219
1031 1226
1031 1227
1031 1228
1031 1231
1031 1239
1031 1247
1031 1256
1031 1258
1031 1266
1031 1273
1031 1289
1031 1296
1031 1301
1031 1307
1031 1311
1031 1315
1031 1330
1031 1331
1031 1333
1031 1334
1031 1344
1031 1348
1031 1384
1031 1397
1031 1415
1031 1418
1031 1431
1031 1439
1031 1440
1031 1442
1031 1451
1031 1459
1031 1464
1031 1470
1031 1473
1031 1479
1031 1490
1031 1518
1031 1795
1031 1810
1031 1826
1031 1964
1031 1971
1032 1038
1032 1065
1032 1066
1032 1082
1032 1086
1032 1093
1032 1094
1032 1111
1032 1115
1032 1122
1032 1140
1032 1141
1032 1159
1032 1177
1032 1191
1032 1211
1032 1220
1032 1226
1032 1231
1032 1232
1032 1273
1032 1277
1032 1286
1032 1294
1032 1312
1032 1313
1032 1316
1032 1318
1032 1328
1032 1331
1032 1334
1032 1359
1032 1365
1032 1367
1032 1373
1032 1380
1032 1389
1032 1401
1032 1411
1032 1428
1032 1430
1032 1435
1032 1436
1032 1437
1032 1438
1032 1462
1032 1466
1032 1469
1032 1476
1032 1478
1032 1484
1032 1544
1032 1586
1033 1044
1033 1048
1033 1052
1033 1054
1033 1056
1033 1064
1033 1065
1033 1070
1033 1072
1033 1079
1033 1082
1033 1083
1033 1095
1033 1101
1033 1105
1033 1109
1033 1110
1033 1121
1033 1125
1033 1139
1033 1145
1033 1158
1033 1189
1033 1193
1033 1197
1033 1207
1033 1209
1033 1211
1033 1213
1033 1222
1033 1237
1033 1238
1033 1250
1033 1252
1033 1255
1033 1270
1033 1272
1033 1275
1033 1296
1033 1299
1033 1329
1033 1330
1033 1334
1033 1343
1033 1356
1033 1361
1033 1367
1033 1369
1033 1373
1033 1377
1033 1379
1033 1387
1033 1388
1033 1390
1033 1394
1033 1399
1033 1401
1033 1403
1033 1405
1033 1406
1033 1407
1033 1418
1033 1425
1033 1429
1033 1434
1033 1436
1033 1447
1033 1450
1033 1454
1033 1468
1033 1470
1033 1472
1033 1478
1033 1479
1033 1490
1033 1492
1033 1835
1033 1982
1034 1046
1034 1052
1034 1062
1034 1065
1034 1066
1034 1073
1034 1079
1034 1096
1034 1098
1034 1116
1034 1126
1034 1134
1034 1136
1034 1143
1034 1160
1034 1174
1034 1182
1034 1213
1034 1216
1034 1221
1034 1231
1034 1239
1034 1241
1034 1261
1034 1271
1034 1277
1034 1278
1034 1282
1034 1295
1034 1297
1034 1298
1034 1299
1034 1301
1034 1303
1034 1305
1034 1312
1034 1321
1034 1322
1034 1324
1034 1328
1034 1342
1034 1344
1034 1346
1034 1354
1034 1360
1034 1365
1034 1368
1034 1373
1034 1380
1034 1382
1034 1393
1034 1396
1034 1417
1034 1436
1034 1440
1034 1443
1034 1452
1034 1466
1034 1471
1034 1473
1034 1475
1034 1480
1034 1487
1034 1763
1034 1834
1035 1041
1035 1057
1035 1058
1035 1061
1035 1064
1035 1078
1035 1086
1035 1092
1035 1101
1035 1131
1035 1135
1035 1146
1035 1155
1035 1159
1035 1167
1035 1169
1035 1173
1035 1174
1035 1176
1035 1183
1035 1199
1035 1200
1035 1235
1035 1247
1035 1252
1035 1257
1035 1275
1035 1280
1035 1284
1035 1304
1035 1344
1035 1351
1035 1352
1035 1353
1035 1355
1035 1357
1035 1361
1035 1365
1035 1367
1035 1369
1035 1371
1035 1377
1035 1395
1035 1400
1035 1402
1035 1412
1035 1424
1035 1442
1035 1447
1035 1455
1035 1461
1035 1466
1035 1476
1035 1486
1036 1039
1036 1045
1036 1052
1036 1053
1036 1059
1036 1062
1036 1063
1036 1087
1036 1095
1036 1109
1036 1112
1036 1115
1036 1119
1036 1123
1036 1129
1036 1146
1036 1153
1036 1154
1036 1155
1036 1157
1036 1160
1036 1172
1036 1175
1036 1176
1036 1178
1036 1179
1036 1181
1036 1187
1036 1205
1036 1213
1036 1214
1036 1224
1036 1229
1036 1234
1036 1262
1036 1271
1036 1272
1036 1274
1036 1280
1036 1282
1036 1288
1036 1290
1036 1302
1036 1303
1036 1304
1036 1305
1036 1309
1036 1319
1036 1325
1036 1326
1036 1354
1036 1366
1036 1370
1036 1377
1036 1388
1036 1396
1036 1408
1036 1411
1036 1412
1036 1426
1036 1430
1036 1431
1036 1437
1036 1442
1036 1469
1036 1475
1036 1539
1036 1556
1036 1605
1036 1703
1036 1781
1036 1910
1037 1048
1037 1053
1037 1064
1037 1080
1037 1084
1037 1091
1037 1097
1037 1100
1037 1114
1037 1121
1037 1124
1037 1126
1037 1130
1037 1137
1037 1144
1037 1148
1037 1153
1037 1154
1037 1162
1037 1166
1037 1167
1037 1169
1037 1173
1037 1176
1037 1179
1037 1183
1037 1190
1037 1192
1037 1195
1037 1202
1037 1209
1037 1213
1037 1217
1037 1221
1037 1225
1037 1229
1037 1232
1037 1233
1037 1239
1037 1250
1037 1266
1037 1270
1037 1275
1037 1280
1037 1281
1037 1285
1037 1287
1037 1292
1037 1305
1037 1312
1037 1322
1037 1326
1037 1347
1037 1351
1037 1394
1037 1397
1037 1401
1037 1404
1037 1422
1037 1439
1037 1452
1037 1460
1037 1463
1037 1470
1037 1472
1037 1480
1037 1486
1037 1593
1037 1637
1037 1688
1037 1739
1038 1043
1038 1056
1038 1058
1038 1061
1038 1062
1038 1065
1038 1082
1038 1087
1038 1109
1038 1111
1038 1125
1038 1152
1038 1156
1038 1175
1038 1184
1038 1189
1038 1192
1038 1200
1038 1216
1038 1237
1038 1251
1038 1261
1038 1266
1038 1274
1038 1281
1038 1282
1038 1312
1038 1313
1038 1316
1038 1321
1038 1332
1038 1333
1038 1337
1038 1349
1038 1375
1038 1378
1038 1387
1038 1388
1038 1390
1038 1401
1038 1402
1038 1417
1038 1422
1038 1429
1038 1432
1038 1439
1038 1447
1038 1455
1038 1470
1038 1473
1038 1486
1038 1600
1038 1605
1038 1656
1038 1731
1038 1967
1039 1041
1039 1046
1039 1055
1039 1063
1039 1064
1039 1073
1039 1079
1039 1087
1039 1106
1039 1107
1039 1108
1039 1112
1039 1126
1039 1134
1039 1135
1039 1153
1039 1164
1039 1176
1039 1179
1039 1186
1039 1187
1039 1192
1039 1197
1039 1206
1039 1207
1039 1212
1039 1227
1039 1230
1039 1256
1039 1260
1039 1274
1039 1275
1039 1278
1039 1280
1039 1295
1039 1307
1039 1317
1039 1343
1039 1347
1039 1348
1039 1367
1039 1370
1039 1377
1039 1378
1039 1380
1039 1385
1039 1391
1039 1397
1039 1399
1039 1401
1039 1406
1039 1418
1039 1453
1039 1456
1039 1459
1039 1464
1039 1465
1039 1466
1039 1486
1039 1517
1039 1654
1039 1744
1039 1846
1040 1042
1040 1047
1040 1054
1040 1063
1040 1066
1040 1068
1040 1071
1040 1072
1040 1081
1040 1082
1040 1083
1040 1091
1040 1104
1040 1112
1040 1131
1040 1154
1040 1157
1040 1161
1040 1181
1040 1184
1040 1187
1040 1189
1040 1194
1040 1195
1040 1196
1040 1204
1040 1212
1040 1233
1040 1235
1040 1255
1040 1258
1040 1267
1040 1287
1040 1289
1040 1302
1040 1305
1040 1307
1040 1309
1040 1319
1040 1328
1040 1335
1040 1338
1040 1347
1040 1348
1040 1350
1040 1356
1040 1365
1040 1369
1040 1383
1040 1393
1040 1400
1040 1403
1040 1410
1040 1413
1040 1417
1040 1418
1040 1436
1040 1438
1040 1439
1040 1446
1040 1447
1040 1448
1040 1458
1040 1460
1040 1465
1040 1472
1040 1473
1040 1474
1040 1475
1040 1478
1040 1671
1040 1678
1040 1897
1040 1973
1040 1981
1041 1048
1041 1049
1041 1055
1041 1056
1041 1060
1041 1064
1041 1070
1041 1081
1041 1082
1041 1107
1041 1110
1041 1140
1041 1153
1041 1168
1041 1170
1041 1174
1041 1178
1041 1180
1041 1193
1041 1208
1041 1209
1041 1215
1041 1240
1041 1251
1041 1256
1041 1265
1041 1267
1041 1276
1041 1277
1041 1280
1041 1285
1041 1287
1041 1290
1041 1322
1041 1327
1041 1340
1041 1365
1041 1372
1041 1374
1041 1375
1041 1394
1041 1396
1041 1418
1041 1420
1041 1430
1041 1438
1041 1439
1041 1444
1041 1449
1041 1478
1041 1479
1041 1480
1041 1481
1041 1484
1041 1501
1041 1775
1042 1044
1042 1046
1042 1056
1042 1057
1042 1061
1042 1063
1042 1064
1042 1070
1042 1071
1042 1075
1042 1087
1042 1088
1042 1107
1042 1115
1042 1122
1042 1127
1042 1133
1042 1137
1042 1141
1042 1144
1042 1146
1042 1147
1042 1160
1042 1164
1042 1171
1042 1172
1042 1184
1042 1190
1042 1194
1042 1200
1042 1201
1042 1217
1042 1235
1042 1237
1042 1248
1042 1250
1042 1260
1042 1262
1042 1274
1042 1286
1042 1287
1042 1289
1042 1290
1042 1296
1042 1304
1042 1305
1042 1306
1042 1310
1042 1314
1042 1317
1042 1319
1042 1326
1042 1332
1042 1334
1042 1346
1042 1349
1042 1366
1042 1386
1042 1402
1042 1405
1042 1430
1042 1439
1042 1446
1042 1463
1042 1469
1042 1489
1042 1603
1042 1815
1043 1047
1043 1058
1043 1077
1043 1078
1043 1084
1043 1089
1043 1095
1043 1097
1043 1109
1043 1130
1043 1132
1043 1140
1043 1151
1043 1153
1043 1161
1043 1164
1043 1166
1043 1169
1043 1171
1043 1173
1043 1182
1043 1190
1043 1199
1043 1201
1043 1203
1043 1207
1043 1224
1043 1230
1043 1238
1043 1240
1043 1245
1043 1246
1043 1248
1043 1254
1043 1255
1043 1256
1043 1264
1043 1265
1043 1271
1043 1275
1043 1276
1043 1287
1043 1289
1043 1291
1043 1301
1043 1303
1043 1312
1043 1319
1043 1323
1043 1324
1043 1326
1043 1327
1043 1332
1043 1349
1043 1359
1043 1362
1043 1372
1043 1390
1043 1398
1043 1401
1043 1429
1043 1431
1043 1448
1043 1453
1043 1461
1043 1465
1043 1478
1043 1479
1043 1482
1043 1541
1043 1899
1044 1048
1044 1055
1044 1056
1044 1065
1044 1084
1044 1086
1044 1088
1044 1090
1044 1097
1044 1108
1044 1109
1044 1115
1044 1118
1044 1122
1044 1132
1044 1168
1044 1172
1044 1186
1044 1207
1044 1208
1044 1225
1044 1226
1044 1232
1044 1236
1044 1237
1044 1264
1044 1285
1044 1299
1044 1304
1044 1317
1044 1320
1044 1327
1044 1330
1044 1333
1044 1334
1044 1355
1044 1378
1044 1390
1044 1395
1044 1402
1044 1415
1044 1416
1044 1420
1044 1425
1044 1429
1044 1441
1044 1447
1044 1458
1044 1459
1044 1460
1044 1472
1044 1776
1044 1905
1044 1958
1045 1046
1045 1054
1045 1058
1045 1078
1045 1083
1045 1084
1045 1105
1045 1109
1045 1115
1045 1122
1045 1128
1045 1140
1045 1159
1045 1181
1045 1192
1045 1195
1045 1196
1045 1197
1045 1201
1045 1202
1045 1205
1045 1212
1045 1221
1045 1230
1045 1231
1045 1233
1045 1245
1045 1271
1045 1276
1045 1283
1045 1303
1045 1304
1045 1327
1045 1330
1045 1338
1045 1359
1045 1367
1045 1382
1045 1412
1045 1422
1045 1425
1045 1440
1045 1449
1045 1452
1045 1453
1045 1455
1045 1460
1045 1465
1045 1472
1045 1475
1045 1482
1045 1483
1045 1488
1045 1490
1045 1661
1045 1671
1045 1954
1046 1048
1046 1055
1046 1069
1046 1071
1046 1078
1046 1087
1046 1098
1046 1113
1046 1118
1046 1127
1046 1132
1046 1139
1046 1159
1046 1167
1046 1170
1046 1174
1046 1188
1046 1190
1046 1200
1046 1202
1046 1208
1046 1210
1046 1212
1046 1215
1046 1216
1046 1217
1046 1226
1046 1236
1046 1237
1046 1242
1046 1253
1046 1258
1046 1260
1046 1267
1046 1283
1046 1284
1046 1286
1046 1290
1046 1294
1046 1306
1046 1307
1046 1310
1046 1311
1046 1329
1046 1330
1046 1333
1046 1340
1046 1342
1046 1345
1046 1357
1046 1360
1046 1390
1046 1393
1046 1396
1046 1397
1046 1399
1046 1402
1046 1403
1046 1412
1046 1414
1046 1416
1046 1425
1046 1433
1046 1436
1046 1437
1046 1442
1046 1446
1046 1449
1046 1451
1046 1453
1046 1456
1046 1457
1046 1459
1046 1480
1046 1490
1046 1529
1046 1544
1046 1572
1046 1928
1047 1082
1047 1086
1047 1089
1047 1105
1047 1108
1047 1121
1047 1123
1047 1135
1047 1154
1047 1161
1047 1164
1047 1191
1047 1200
1047 1213
1047 1219
1047 1231
1047 1235
1047 1248
1047 1254
1047 1265
1047 1272
1047 1288
1047 1290
1047 1295
1047 1303
1047 1306
1047 1309
1047 1310
1047 1311
1047 1313
1047 1326
1047 1341
1047 1345
1047 1347
1047 1352
1047 1361
1047 1362
1047 1368
1047 1371
1047 1378
1047 1382
1047 1410
1047 1421
1047 1426
1047 1433
1047 1434
1047 1439
1047 1442
1047 1445
1047 1446
1047 1451
1047 1457
1047 1459
1047 1463
1047 1641
1047 1650
1048 1058
1048 1060
1048 1061
1048 1063
1048 1080
1048 1086
1048 1089
1048 1090
1048 1094
1048 1100
1048 1104
1048 1107
1048 1108
1048 1120
1048 1139
1048 1145
1048 1152
1048 1173
1048 1181
1048 1185
1048 1210
1048 1216
1048 1219
1048 1236
1048 1240
1048 1242
1048 1246
1048 1251
1048 1253
1048 1258
1048 1259
1048 1269
1048 1279
1048 1282
1048 1289
1048 1294
1048 1301
1048 1307
1048 1317
1048 1326
1048 1330
1048 1333
1048 1334
1048 1336
1048 1346
1048 1353
1048 1357
1048 1358
1048 1364
1048 1368
1048 1372
1048 1381
1048 1397
1048 1410
1048 1412
1048 1414
1048 1437
1048 1485
1048 1486
1048 1487
1048 1488
1048 1610
1048 1944
1049 1070
1049 1073
1049 1074
1049 1076
1049 1079
1049 1084
1049 1090
1049 1091
1049 1118
1049 1123
1049 1124
1049 1127
1049 1134
1049 1152
1049 1160
1049 1166
1049 1176
1049 1189
1049 1204
1049 1207
1049 1230
1049 1260
1049 1264
1049 1278
1049 1292
1049 1293
1049 1295
1049 1302
1049 1309
1049 1318
1049 1320
1049 1322
1049 1323
1049 1326
1049 1337
1049 1354
1049 1355
1049 1363
1049 1366
1049 1373
1049 1376
1049 1379
1049 1393
1049 1395
1049 1403
1049 1406
1049 1411
1049 1412
1049 1417
1049 1425
1049 1428
1049 1440
1049 1442
1049 1446
1049 1448
1049 1452
1049 1468
1049 1478
1049 1486
1049 1603
1049 1870
1049 1935
1049 1954
1050 1065
1050 1077
1050 1078
1050 1088
1050 1098
1050 1114
1050 1117
1050 1128
1050 1129
1050 1140
1050 1151
1050 1159
1050 1165
1050 1169
1050 1170
1050 1175
1050 1179
1050 1193
1050 1198
1050 1205
1050 1233
1050 1244
1050 1254
1050 1262
1050 1268
1050 1295
1050 1298
1050 1303
1050 1305
1050 1316
1050 1328
1050 1339
1050 1341
1050 1344
1050 1347
1050 1358
1050 1359
1050 1363
1050 1365
1050 1376
1050 1377
1050 1378
1050 1381
1050 1383
1050 1391
1050 1395
1050 1403
1050 1405
1050 1425
1050 1427
1050 1429
1050 1443
1050 1457
1050 1469
1050 1471
1050 1479
1050 1743
1051 1053
1051 1065
1051 1111
1051 1115
1051 1122
1051 1124
1051 1129
1051 1131
1051 1133
1051 1147
1051 1152
1051 1155
1051 1158
1051 1160
1051 1166
1051 1172
1051 1194
1051 1196
1051 1200
1051 1221
1051 1222
1051 1225
1051 1235
1051 1242
1051 1244
1051 1245
1051 1260
1051 1264
1051 1267
1051 1271
1051 1281
1051 1288
1051 1292
1051 1311
1051 1313
1051 1314
1051 1322
1051 1335
1051 1342
1051 1343
1051 1346
1051 1352
1051 1357
1051 1358
1051 1366
1051 1370
1051 1377
1051 1380
1051 1382
1051 1396
1051 1411
1051 1421
1051 1427
1051 1438
1051 1441
1051 1448
1051 1477
1051 1480
1051 1481
1051 1482
1051 1483
1051 1490
1051 1739
1052 1064
1052 1069
1052 1070
1052 1072
1052 1081
1052 1111
1052 1118
1052 1119
1052 1124
1052 1136
1052 1138
1052 1139
1052 1145
1052 1155
1052 1156
1052 1158
1052 1167
1052 1171
1052 1173
1052 1179
1052 1193
1052 1194
1052 1199
1052 1209
1052 1225
1052 1226
1052 1231
1052 1232
1052 1235
1052 1242
1052 1243
1052 1249
1052 1266
1052 1277
1052 1286
1052 1294
1052 1302
1052 1309
1052 1310
1052 1312
1052 1324
1052 1329
1052 1339
1052 1354
1052 1360
1052 1362
1052 1363
1052 1364
1052 1367
1052 1378
1052 1381
1052 1385
1052 1399
1052 1405
1052 1412
1052 1414
1052 1423
1052 1426
1052 1460
1052 1463
1052 1467
1052 1468
1052 1472
1052 1475
1052 1476
1052 1480
1052 1482
1052 1483
1052 1485
1052 1490
1052 1508
1052 1806
1052 1902
1052 1966
1052 1969
1053 1061
1053 1065
1053 1066
1053 1068
1053 1080
1053 1086
1053 1098
1053 1121
1053 1123
1053 1125
1053 1128
1053 1133
1053 1141
1053 1148
1053 1165
1053 1170
1053 1178
1053 1186
1053 1198
1053 1226
1053 1239
1053 1241
1053 1248
1053 1250
1053 1252
1053 1260
1053 1273
1053 1279
1053 1285
1053 1303
1053 1327
1053 1341
1053 1351
1053 1356
1053 1367
1053 1375
1053 1379
1053 1380
1053 1382
1053 1383
1053 1388
1053 1404
1053 1408
1053 1414
1053 1417
1053 1433
1053 1458
1053 1476
1053 1480
1053 1487
1053 1489
1053 1493
1053 1526
1053 1623
1053 1627
1053 1768
1054 1058
1054 1059
1054 1060
1054 1061
1054 1066
1054 1069
1054 1070
1054 1087
1054 1097
1054 1109
1054 1117
1054 1121
1054 1126
1054 1130
1054 1133
1054 1137
1054 1143
1054 1145
1054 1164
1054 1173
1054 1198
1054 1211
1054 1225
1054 1244
1054 1251
1054 1252
1054 1263
1054 1264
1054 1273
1054 1275
1054 1282
1054 1283
1054 1295
1054 1299
1054 1307
1054 1313
1054 1323
1054 1329
1054 1331
1054 1332
1054 1334
1054 1339
1054 1367
1054 1384
1054 1403
1054 1411
1054 1428
1054 1429
1054 1436
1054 1454
1054 1456
1054 1466
1054 1484
1054 1489
1054 1493
1054 1705
1054 1833
1055 1060
1055 1079
1055 1096
1055 1097
1055 1106
1055 1134
1055 1161
1055 1169
1055 1175
1055 1176
1055 1183
1055 1206
1055 1216
1055 1231
1055 1267
1055 1287
1055 1289
1055 1294
1055 1295
1055 1297
1055 1307
1055 1309
1055 1319
1055 1349
1055 1350
1055 1351
1055 1358
1055 1363
1055 1368
1055 1383
1055 1384
1055 1387
1055 1389
1055 1393
1055 1404
1055 1423
1055 1424
1055 1433
1055 1438
1055 1441
1055 1442
1055 1446
1055 1455
1055 1470
1055 1485
1055 1693
1055 1932
1056 1063
1056 1066
1056 1081
1056 1084
1056 1087
1056 1101
1056 1108
1056 1135
1056 1149
1056 1151
1056 1157
1056 1171
1056 1173
1056 1180
1056 1184
1056 1185
1056 1186
1056 1188
1056 1191
1056 1193
1056 1197
1056 1198
1056 1200
1056 1204
1056 1208
1056 1213
1056 1221
1056 1252
1056 1256
1056 1257
1056 1298
1056 1302
1056 1307
1056 1319
1056 1320
1056 1330
1056 1335
1056 1365
1056 1372
1056 1376
1056 1379
1056 1387
1056 1404
1056 1412
1056 1413
1056 1429
1056 1451
1056 1458
1056 1463
1056 1468
1056 1481
1056 1482
1056 1489
1056 1557
1056 1576
1056 1628
1056 1697
1056 1716
1056 1774
1056 1784
1056 1792
1056 1833
1056 1854
1056 1873
1056 1965
1056 1968
1057 1067
1057 1084
1057 1088
1057 1093
1057 1136
1057 1148
1057 1149
1057 1152
1057 1157
1057 1164
1057 1178
1057 1179
1057 1190
1057 1198
1057 1201
1057 1212
1057 1213
1057 1220
1057 1224
1057 1226
1057 1230
1057 1256
1057 1284
1057 1288
1057 1289
1057 1300
1057 1305
1057 1310
1057 1318
1057 1322
1057 1339
1057 1342
1057 1344
1057 1345
1057 1349
1057 1352
1057 1354
1057 1357
1057 1371
1057 1391
1057 1409
1057 1416
1057 1424
1057 1430
1057 1441
1057 1456
1057 1465
1057 1468
1057 1472
1057 1473
1057 1474
1057 1476
1057 1479
1057 1502
1057 1773
1058 1060
1058 1063
1058 1065
1058 1069
1058 1074
1058 1083
1058 1087
1058 1091
1058 1094
1058 1096
1058 1105
1058 1115
1058 1132
1058 1135
1058 1136
1058 1142
1058 1150
1058 1151
1058 1164
1058 1176
1058 1190
1058 1193
1058 1199
1058 1201
1058 1208
1058 1212
1058 1217
1058 1218
1058 1231
1058 1236
1058 1242
1058 1246
1058 1247
1058 1249
1058 1253
1058 1278
1058 1279
1058 1282
1058 1291
1058 1298
1058 1303
1058 1314
1058 1317
1058 1329
1058 1330
1058 1351
1058 1358
1058 1361
1058 1366
1058 1368
1058 1373
1058 1397
1058 1406
1058 1410
1058 1424
1058 1427
1058 1435
1058 1443
1058 1454
1058 1462
1058 1465
1058 1476
1058 1477
1058 1479
1058 1482
1058 1486
1058 1707
1058 1796
1058 1872
1059 1073
1059 1084
1059 1101
1059 1102
1059 1120
1059 1124
1059 1142
1059 1146
1059 1154
1059 1165
1059 1170
1059 1178
1059 1180
1059 1191
1059 1194
1059 1198
1059 1201
1059 1206
1059 1211
1059 1213
1059 1217
1059 1226
1059 1227
1059 1229
1059 1230
1059 1231
1059 1232
1059 1236
1059 1238
1059 1239
1059 1248
1059 1256
1059 1265
1059 1279
1059 1281
1059 1290
1059 1307
1059 1310
1059 1338
1059 1342
1059 1345
1059 1357
1059 1367
1059 1375
1059 1379
1059 1398
1059 1402
1059 1428
1059 1429
1059 1441
1059 1442
1059 1444
1059 1445
1059 1451
1059 1463
1059 1468
1059 1475
1059 1605
1059 1644
1059 1814
1060 1063
1060 1070
1060 1088
1060 1094
1060 1098
1060 1107
1060 1111
1060 1113
1060 1128
1060 1129
1060 1130
1060 1146
1060 1153
1060 1161
1060 1180
1060 1183
1060 1191
1060 1213
1060 1221
1060 1238
1060 1253
1060 1276
1060 1278
1060 1285
1060 1287
1060 1288
1060 1292
1060 1293
1060 1296
1060 1300
1060 1301
1060 1313
1060 1320
1060 1331
1060 1354
1060 1359
1060 1379
1060 1392
1060 1393
1060 1400
1060 1403
1060 1404
1060 1423
1060 1432
1060 1442
1060 1444
1060 1449
1060 1450
1060 1463
1060 1474
1060 1476
1060 1477
1060 1540
1060 1678
1060 1732
1060 1938
1061 1062
1061 1071
1061 1082
1061 1097
1061 1105
1061 1114
1061 1116
1061 1118
1061 1119
1061 1129
1061 1142
1061 1153
1061 1156
1061 1164
1061 1193
1061 1194
1061 1196
1061 1199
1061 1206
1061 1214
1061 1223
1061 1229
1061 1233
1061 1235
1061 1243
1061 1245
1061 1271
1061 1273
1061 1277
1061 1279
1061 1290
1061 1297
1061 1309
1061 1314
1061 1323
1061 1328
1061 1332
1061 1348
1061 1351
1061 1359
1061 1375
1061 1408
1061 1411
1061 1424
1061 1440
1061 1442
1061 1465
1061 1475
1061 1483
1061 1502
1061 1777
1062 1066
1062 1067
1062 1077
1062 1110
1062 1113
1062 1120
1062 1151
1062 1154
1062 1158
1062 1160
1062 1186
1062 1189
1062 1193
1062 1194
1062 1196
1062 1205
1062 1206
1062 1207
1062 1211
1062 1215
1062 1218
1062 1225
1062 1237
1062 1238
1062 1243
1062 1245
1062 1249
1062 1253
1062 1273
1062 1282
1062 1284
1062 1299
1062 1337
1062 1339
1062 1345
1062 1354
1062 1358
1062 1368
1062 1376
1062 1383
1062 1384
1062 1392
1062 1396
1062 1403
1062 1409
1062 1410
1062 1423
1062 1437
1062 1445
1062 1447
1062 1448
1062 1450
1062 1451
1062 1468
1062 1476
1062 1481
1062 1483
1062 1513
1062 1581
1062 1757
1062 1816
1063 1067
1063 1091
1063 1098
1063 1105
1063 1107
1063 1115
1063 1128
1063 1131
1063 1138
1063 1144
1063 1146
1063 1150
1063 1162
1063 1175
1063 1193
1063 1194
1063 1225
1063 1230
1063 1237
1063 1238
1063 1246
1063 1252
1063 1254
1063 1274
1063 1278
1063 1279
1063 1281
1063 1288
1063 1297
1063 1298
1063 1314
1063 1326
1063 1327
1063 1330
1063 1331
1063 1332
1063 1333
1063 1337
1063 1340
1063 1359
1063 1361
1063 1363
1063 1377
1063 1392
1063 1400
1063 1401
1063 1424
1063 1426
1063 1430
1063 1431
1063 1432
1063 1433
1063 1435
1063 1445
1063 1463
1063 1473
1063 1485
1063 1486
1063 1487
1063 1517
1063 1544
1063 1693
1063 1764
1063 1922
1064 1102
1064 1114
1064 1118
1064 1127
1064 1128
1064 1132
1064 1134
1064 1135
1064 1136
1064 1144
1064 1157
1064 1187
1064 1197
1064 1198
1064 1202
1064 1204
1064 1207
1064 1209
1064 1224
1064 1225
1064 1226
1064 1229
1064 1231
1064 1232
1064 1252
1064 1264
1064 1268
1064 1284
1064 1287
1064 1292
1064 1293
1064 1301
1064 1315
1064 1322
1064 1329
1064 1341
1064 1344
1064 1346
1064 1354
1064 1366
1064 1370
1064 1380
1064 1381
1064 1396
1064 1399
1064 1406
1064 1417
1064 1420
1064 1424
1064 1430
1064 1432
1064 1435
1064 1436
1064 1437
1064 1445
1064 1450
1064 1452
1064 1463
1064 1470
1064 1477
1064 1480
1064 1489
1064 1563
1064 1613
1064 1801
1064 1918
1064 1937
1064 1966
1065 1075
1065 1081
1065 1091
1065 1094
1065 1101
1065 1103
1065 1107
1065 1119
1065 1123
1065 1140
1065 1147
1065 1153
1065 1159
1065 1166
1065 1188
1065 1189
1065 1209
1065 1217
1065 1223
1065 1227
1065 1241
1065 1248
1065 1271
1065 1275
1065 1281
1065 1285
1065 1289
1065 1292
1065 1297
1065 1317
1065 1321
1065 1336
1065 1356
1065 1360
1065 1367
1065 1372
1065 1410
1065 1416
1065 1423
1065 1430
1065 1431
1065 1435
1065 1436
1065 1440
1065 1443
1065 1457
1065 1458
1065 1464
1065 1465
1065 1469
1065 1470
1065 1474
1065 1476
1065 1481
1065 1489
1065 1679
1065 1799
1065 1824
1065 1853
1065 1866
1065 1937
1066 1067
1066 1076
1066 1086
1066 1090
1066 1116
1066 1130
1066 1131
1066 1141
1066 1151
1066 1152
1066 1170
1066 1171
1066 1187
1066 1194
1066 1205
1066 1206
1066 1208
1066 1211
1066 1217
1066 1224
1066 1231
1066 1232
1066 1238
1066 1255
1066 1256
1066 1274
1066 1284
1066 1288
1066 1290
1066 1295
1066 1303
1066 1312
1066 1316
1066 1326
1066 1330
1066 1355
1066 1362
1066 1373
1066 1376
1066 1388
1066 1405
1066 1413
1066 1429
1066 1431
1066 1439
1066 1464
1066 1473
1066 1476
1066 1478
1066 1481
1066 1489
1066 1490
1066 1515
1067 1093
1067 1102
1067 1105
1067 1109
1067 1114
1067 1122
1067 1135
1067 1138
1067 1139
1067 1144
1067 1149
1067 1160
1067 1163
1067 1167
1067 1171
1067 1175
1067 1180
1067 1186
1067 1193
1067 1195
1067 1200
1067 1208
1067 1209
1067 1222
1067 1259
1067 1265
1067 1266
1067 1272
1067 1288
1067 1294
1067 1304
1067 1312
1067 1326
1067 1338
1067 1376
1067 1386
1067 1392
1067 1396
1067 1397
1067 1399
1067 1407
1067 1416
1067 1421
1067 1428
1067 1444
1067 1453
1067 1455
1067 1467
1067 1468
1067 1469
1067 1472
1067 1481
1067 1483
1067 1486
1067 1542
1067 1972
1068 1072
1068 1074
1068 1087
1068 1096
1068 1110
1068 1113
1068 1122
1068 1127
1068 1135
1068 1137
1068 1158
1068 1169
1068 1179
1068 1191
1068 1225
1068 1232
1068 1239
1068 1242
1068 1243
1068 1252
1068 1257
1068 1260
1068 1263
1068 1267
1068 1274
1068 1281
1068 1304
1068 1335
1068 1339
1068 1351
1068 1352
1068 1353
1068 1356
1068 1360
1068 1365
1068 1383
1068 1392
1068 1404
1068 1406
1068 1411
1068 1413
1068 1417
1068 1424
1068 1427
1068 1428
1068 1434
1068 1436
1068 1442
1068 1455
1068 1469
1068 1477
1068 1486
1068 1563
1068 1594
1068 1654
1069 1083
1069 1090
1069 1094
1069 1095
1069 1097
1069 1108
1069 1111
1069 1113
1069 1118
1069 1143
1069 1145
1069 1149
1069 1155
1069 1166
1069 1189
1069 1190
1069 1192
1069 1199
1069 1218
1069 1225
1069 1227
1069 1239
1069 1244
1069 1269
1069 1287
1069 1301
1069 1314
1069 1331
1069 1332
1069 1338
1069 1344
1069 1356
1069 1361
1069 1362
1069 1366
1069 1367
1069 1378
1069 1388
1069 1389
1069 1391
1069 1399
1069 1409
1069 1421
1069 1432
1069 1439
1069 1441
1069 1442
1069 1447
1069 1449
1069 1453
1069 1481
1069 1486
1069 1489
1069 1728
1069 1740
1070 1074
1070 1085
1070 1108
1070 1109
1070 1128
1070 1132
1070 1140
1070 1141
1070 1145
1070 1151
1070 1173
1070 1174
1070 1177
1070 1178
1070 1179
1070 1181
1070 1183
1070 1190
1070 1193
1070 1195
1070 1219
1070 1230
1070 1238
1070 1251
1070 1255
1070 1267
1070 1285
1070 1286
1070 1295
1070 1298
1070 1308
1070 1310
1070 1322
1070 1324
1070 1334
1070 1335
1070 1338
1070 1346
1070 1348
1070 1354
1070 1357
1070 1370
1070 1371
1070 1384
1070 1388
1070 1390
1070 1391
1070 1421
1070 1423
1070 1424
1070 1426
1070 1484
1070 1487
1070 1503
1070 1783
1070 1860
1070 1935
1070 1958
1071 1073
1071 1086
1071 1090
1071 1117
1071 1136
1071 1138
1071 1145
1071 1151
1071 1153
1071 1154
1071 1166
1071 1169
1071 1181
1071 1184
1071 1189
1071 1198
1071 1201
1071 1214
1071 1229
1071 1231
1071 1232
1071 1233
1071 1243
1071 1247
1071 1254
1071 1255
1071 1258
1071 1259
1071 1283
1071 1285
1071 1287
1071 1289
1071 1292
1071 1306
1071 1311
1071 1314
1071 1326
1071 1335
1071 1348
1071 1349
1071 1355
1071 1356
1071 1362
1071 1386
1071 1387
1071 1390
1071 1397
1071 1400
1071 1402
1071 1433
1071 1447
1071 1450
1071 1453
1071 1459
1071 1469
1071 1474
1071 1483
1071 1490
1071 1531
1071 1580
1071 1594
1071 1821
1072 1079
1072 1096
1072 1104
1072 1115
1072 1176
1072 1177
1072 1205
1072 1211
1072 1221
1072 1235
1072 1250
1072 1257
1072 1268
1072 1269
1072 1278
1072 1280
1072 1282
1072 1288
1072 1294
1072 1303
1072 1305
1072 1306
1072 1307
1072 1312
1072 1313
1072 1324
1072 1325
1072 1328
1072 1334
1072 1339
1072 1351
1072 1362
1072 1367
1072 1368
1072 1371
1072 1393
1072 1395
1072 1404
1072 1420
1072 1423
1072 1425
1072 1436
1072 1438
1072 1441
1072 1445
1072 1460
1072 1466
1072 1472
1072 1478
1072 1486
1072 1715
1072 1761
1073 1076
1073 1080
1073 1092
1073 1093
1073 1096
1073 1098
1073 1099
1073 1104
1073 1113
1073 1114
1073 1115
1073 1119
1073 1126
1073 1134
1073 1137
1073 1144
1073 1145
1073 1147
1073 1153
1073 1159
1073 1166
1073 1172
1073 1184
1073 1192
1073 1209
1073 1217
1073 1219
1073 1221
1073 1225
1073 1228
1073 1267
1073 1269
1073 1274
1073 1278
1073 1281
1073 1282
1073 1284
1073 1287
1073 1292
1073 1295
1073 1296
1073 1302
1073 1306
1073 1307
1073 1313
1073 1317
1073 1323
1073 1339
1073 1340
1073 1350
1073 1360
1073 1361
1073 1366
1073 1369
1073 1370
1073 1373
1073 1377
1073 1382
1073 1383
1073 1394
1073 1425
1073 1426
1073 1429
1073 1441
1073 1443
1073 1444
1073 1445
1073 1447
1073 1466
1073 1467
1073 1470
1073 1476
1073 1485
1073 1486
1073 1494
1073 1726
1073 1825
1073 1874
1074 1102
1074 1105
1074 1108
1074 1117
1074 1118
1074 1131
1074 1136
1074 1137
1074 1147
1074 1148
1074 1149
1074 1162
1074 1163
1074 1170
1074 1176
1074 1191
1074 1215
1074 1217
1074 1239
1074 1243
1074 1247
1074 1258
1074 1261
1074 1262
1074 1264
1074 1281
1074 1288
1074 1292
1074 1294
1074 1299
1074 1302
1074 1310
1074 1320
1074 1335
1074 1336
1074 1342
1074 1350
1074 1351
1074 1354
1074 1355
1074 1362
1074 1369
1074 1380
1074 1398
1074 1403
1074 1411
1074 1412
1074 1418
1074 1438
1074 1439
1074 1447
1074 1451
1074 1457
1074 1463
1074 1465
1074 1484
1074 1487
1074 1490
1074 1506
1074 1528
1074 1663
1074 1737
1074 1852
1074 1868
1074 1907
1075 1079
1075 1082
1075 1083
1075 1096
1075 1099
1075 1114
1075 1115
1075 1116
1075 1120
1075 1127
1075 1131
1075 1132
1075 1137
1075 1143
1075 1146
1075 1156
1075 1164
1075 1175
1075 1178
1075 1180
1075 1184
1075 1195
1075 1196
1075 1202
1075 1217
1075 1218
1075 1239
1075 1256
1075 1257
1075 1269
1075 1272
1075 1276
1075 1305
1075 1313
1075 1317
1075 1328
1075 1332
1075 1336
1075 1338
1075 1345
1075 1348
1075 1354
1075 1370
1075 1382
1075 1386
1075 1402
1075 1410
1075 1411
1075 1421
1075 1435
1075 1441
1075 1445
1075 1446
1075 1459
1075 1465
1075 1471
1075 1480
1075 1510
1075 1546
1075 1604
1075 1621
1075 1692
1075 1707
1075 1893
1075 1982
1076 1088
1076 1090
1076 1093
1076 1102
1076 1106
1076 1117
1076 1118
1076 1135
1076 1140
1076 1149
1076 1160
1076 1172
1076 1197
1076 1202
1076 1216
1076 1236
1076 1242
1076 1245
1076 1255
1076 1256
1076 1260
1076 1265
1076 1289
1076 1306
1076 1318
1076 1319
1076 1339
1076 1347
1076 1359
1076 1380
1076 1385
1076 1386
1076 1389
1076 1391
1076 1396
1076 1402
1076 1408
1076 1417
1076 1418
1076 1426
1076 1429
1076 1443
1076 1451
1076 1455
1076 1457
1076 1463
1076 1476
1076 1482
1076 1483
1076 1484
1076 1485
1076 1535
1076 1972
1077 1081
1077 1083
1077 1097
1077 1099
1077 1114
1077 1116
1077 1126
1077 1150
1077 1156
1077 1162
1077 1164
1077 1183
1077 1198
1077 1213
1077 1215
1077 1231
1077 1253
1077 1275
1077 1280
1077 1282
1077 1288
1077 1292
1077 1302
1077 1317
1077 1342
1077 1351
1077 1382
1077 1388
1077 1392
1077 1395
1077 1397
1077 1400
1077 1409
1077 1430
1077 1441
1077 1445
1077 1470
1077 1478
1077 1515
1077 1610
1077 1654
1077 1724
1077 1788
1077 1793
1077 1818
1077 1858
1078 1088
1078 1098
1078 1103
1078 1105
1078 1107
1078 1126
1078 1138
1078 1152
1078 1154
1078 1158
1078 1176
1078 1184
1078 1200
1078 1208
1078 1222
1078 1223
1078 1228
1078 1229
1078 1239
1078 1249
1078 1255
1078 1265
1078 1276
1078 1282
1078 1288
1078 1300
1078 1303
1078 1315
1078 1320
1078 1330
1078 1341
1078 1343
1078 1344
1078 1351
1078 1361
1078 1369
1078 1387
1078 1388
1078 1397
1078 1429
1078 1440
1078 1447
1078 1451
1078 1458
1078 1461
1078 1468
1078 1471
1078 1477
1078 1483
1078 1519
1078 1624
1078 1637
1078 1725
1078 1758
1079 1080
1079 1091
1079 1093
1079 1100
1079 1108
1079 1122
1079 1125
1079 1131
1079 1134
1079 1139
1079 1142
1079 1155
1079 1163
1079 1174
1079 1175
1079 1176
1079 1179
1079 1181
1079 1188
1079 1198
1079 1208
1079 1221
1079 1223
1079 1226
1079 1229
1079 1240
1079 1251
1079 1252
1079 1264
1079 1272
1079 1285
1079 1287
1079 1297
1079 1302
1079 1308
1079 1309
1079 1310
1079 1314
1079 1328
1079 1329
1079 1340
1079 1348
1079 1371
1079 1384
1079 1387
1079 1393
1079 1404
1079 1406
1079 1407
1079 1459
1079 1476
1079 1486
1079 1616
1079 1794
1080 1094
1080 1113
1080 1136
1080 1149
1080 1162
1080 1169
1080 1175
1080 1186
1080 1188
1080 1189
1080 1199
1080 1202
1080 1206
1080 1215
1080 1217
1080 1226
1080 1232
1080 1236
1080 1237
1080 1242
1080 1246
1080 1250
1080 1251
1080 1258
1080 1264
1080 1267
1080 1286
1080 1293
1080 1329
1080 1336
1080 1337
1080 1343
1080 1346
1080 1347
1080 1348
1080 1351
1080 1354
1080 1355
1080 1368
1080 1376
1080 1380
1080 1387
1080 1388
1080 1390
1080 1395
1080 1399
1080 1402
1080 1404
1080 1422
1080 1447
1080 1467
1080 1474
1080 1485
1081 1090
1081 1120
1081 1122
1081 1123
1081 1134
1081 1139
1081 1144
1081 1159
1081 1162
1081 1172
1081 1179
1081 1188
1081 1190
1081 1227
1081 1229
1081 1243
1081 1259
1081 1269
1081 1278
1081 1281
1081 1290
1081 1294
1081 1313
1081 1318
1081 1331
1081 1333
1081 1348
1081 1360
1081 1362
1081 1365
1081 1369
1081 1371
1081 1372
1081 1380
1081 1385
1081 1390
1081 1391
1081 1408
1081 1422
1081 1431
1081 1436
1081 1438
1081 1468
1081 1485
1081 1489
1081 1743
1081 1800
1081 1931
1082 1084
1082 1085
1082 1086
1082 1087
1082 1096
1082 1100
1082 1106
1082 1107
1082 1122
1082 1127
1082 1128
1082 1130
1082 1133
1082 1144
1082 1148
1082 1157
1082 1162
1082 1165
1082 1203
1082 1216
1082 1227
1082 1250
1082 1259
1082 1263
1082 1266
1082 1270
1082 1281
1082 1289
1082 1296
1082 1308
1082 1313
1082 1317
1082 1319
1082 1334
1082 1344
1082 1350
1082 1365
1082 1368
1082 1379
1082 1382
1082 1388
1082 1397
1082 1398
1082 1400
1082 1402
1082 1403
1082 1416
1082 1422
1082 1427
1082 1438
1082 1445
1082 1457
1082 1467
1082 1473
1082 1476
1082 1489
1082 1568
1082 1591
1082 1708
1082 1776
1082 1888
1082 1979
1083 1086
1083 1098
1083 1103
1083 1104
1083 1110
1083 1125
1083 1130
1083 1133
1083 1137
1083 1145
1083 1148
1083 1150
1083 1162
1083 1163
1083 1175
1083 1177
1083 1188
1083 1191
1083 1198
1083 1200
1083 1208
1083 1213
1083 1228
1083 1236
1083 1239
1083 1248
1083 1250
1083 1251
1083 1255
1083 1289
1083 1291
1083 1292
1083 1313
1083 1326
1083 1335
1083 1336
1083 1343
1083 1362
1083 1371
1083 1382
1083 1388
1083 1391
1083 1392
1083 1397
1083 1416
1083 1418
1083 1430
1083 1445
1083 1463
1083 1481
1083 1488
1083 1507
1083 1521
1083 1920
1083 1929
1084 1085
1084 1095
1084 1116
1084 1120
1084 1130
1084 1136
1084 1139
1084 1165
1084 1168
1084 1169
1084 1172
1084 1195
1084 1201
1084 1203
1084 1206
1084 1208
1084 1222
1084 1252
1084 1255
1084 1256
1084 1257
1084 1259
1084 1265
1084 1267
1084 1274
1084 1277
1084 1285
1084 1298
1084 1311
1084 1333
1084 1336
1084 1339
1084 1341
1084 1348
1084 1349
1084 1350
1084 1353
1084 1354
1084 1362
1084 1363
1084 1370
1084 1371
1084 1379
1084 1387
1084 1388
1084 1395
1084 1398
1084 1405
1084 1409
1084 1416
1084 1422
1084 1429
1084 1431
1084 1457
1084 1486
1084 1688
1084 1698
1084 1808
1084 1837
1085 1098
1085 1100
1085 1106
1085 1107
1085 1138
1085 1188
1085 1189
1085 1196
1085 1202
1085 1226
1085 1238
1085 1240
1085 1241
1085 1257
1085 1259
1085 1266
1085 1268
1085 1294
1085 1301
1085 1310
1085 1311
1085 1322
1085 1334
1085 1340
1085 1342
1085 1347
1085 1369
1085 1378
1085 1391
1085 1393
1085 1414
1085 1421
1085 1423
1085 1426
1085 1441
1085 1445
1085 1463
1085 1464
1085 1467
1085 1468
1085 1469
1085 1484
1085 1490
1085 1558
1086 1099
1086 1104
1086 1110
1086 1112
1086 1123
1086 1132
1086 1143
1086 1144
1086 1148
1086 1155
1086 1162
1086 1164
1086 1170
1086 1175
1086 1189
1086 1190
1086 1203
1086 1206
1086 1210
1086 1211
1086 1213
1086 1216
1086 1225
1086 1237
1086 1241
1086 1255
1086 1256
1086 1257
1086 1258
1086 1269
1086 1270
1086 1275
1086 1276
1086 1285
1086 1302
1086 1329
1086 1330
1086 1349
1086 1354
1086 1359
1086 1367
1086 1369
1086 1371
1086 1402
1086 1418
1086 1422
1086 1429
1086 1454
1086 1460
1086 1465
1086 1470
1086 1476
1086 1479
1086 1482
1086 1529
1086 1750
1086 1814
1087 1109
1087 1116
1087 1118
1087 1124
1087 1132
1087 1133
1087 1135
1087 1136
1087 1137
1087 1142
1087 1150
1087 1155
1087 1160
1087 1161
1087 1164
1087 1172
1087 1176
1087 1188
1087 1210
1087 1216
1087 1220
1087 1230
1087 1232
1087 1236
1087 1237
1087 1255
1087 1256
1087 1267
1087 1271
1087 1276
1087 1280
1087 1282
1087 1293
1087 1303
1087 1304
1087 1308
1087 1321
1087 1326
1087 1355
1087 1357
1087 1362
1087 1380
1087 1390
1087 1397
1087 1414
1087 1419
1087 1427
1087 1444
1087 1465
1087 1474
1087 1478
1087 1485
1087 1487
1087 1575
1087 1742
1087 1746
1088 1090
1088 1099
1088 1102
1088 1103
1088 1106
1088 1108
1088 1129
1088 1133
1088 1141
1088 1154
1088 1176
1088 1181
1088 1183
1088 1186
1088 1187
1088 1197
1088 1198
1088 1201
1088 1209
1088 1212
1088 1220
1088 1222
1088 1228
1088 1240
1088 1259
1088 1261
1088 1266
1088 1267
1088 1275
1088 1278
1088 1279
1088 1280
1088 1284
1088 1287
1088 1308
1088 1313
1088 1326
1088 1327
1088 1337
1088 1339
1088 1343
1088 1350
1088 1355
1088 1377
1088 1397
1088 1405
1088 1413
1088 1423
1088 1436
1088 1450
1088 1473
1088 1477
1088 1538
1088 1592
1088 1599
1088 1962
1089 1107
1089 1112
1089 1116
1089 1117
1089 1118
1089 1127
1089 1143
1089 1146
1089 1149
1089 1189
1089 1191
1089 1218
1089 1219
1089 1230
1089 1240
1089 1242
1089 1262
1089 1268
1089 1280
1089 1285
1089 1286
1089 1304
1089 1306
1089 1307
1089 1310
1089 1316
1089 1320
1089 1357
1089 1383
1089 1390
1089 1394
1089 1399
1089 1404
1089 1406
1089 1407
1089 1415
1089 1455
1089 1469
1089 1472
1089 1474
1089 1475
1089 1504
1089 1563
1089 1733
1089 1771
1089 1830
1090 1101
1090 1102
1090 1103
1090 1119
1090 1129
1090 1131
1090 1133
1090 1136
1090 1149
1090 1155
1090 1165
1090 1174
1090 1216
1090 1219
1090 1225
1090 1226
1090 1232
1090 1233
1090 1243
1090 1261
1090 1267
1090 1268
1090 1271
1090 1289
1090 1296
1090 1304
1090 1308
1090 1310
1090 1312
1090 1322
1090 1331
1090 1332
1090 1342
1090 1351
1090 1368
1090 1382
1090 1383
1090 1399
1090 1410
1090 1437
1090 1443
1090 1447
1090 1456
1090 1460
1090 1464
1090 1471
1090 1474
1090 1713
1091 1094
1091 1100
1091 1106
1091 1109
1091 1114
1091 1147
1091 1168
1091 1173
1091 1174
1091 1180
1091 1188
1091 1196
1091 1199
1091 1221
1091 1233
1091 1242
1091 1256
1091 1264
1091 1267
1091 1272
1091 1276
1091 1279
1091 1292
1091 1296
1091 1306
1091 1313
1091 1314
1091 1345
1091 1354
1091 1365
1091 1376
1091 1385
1091 1398
1091 1408
1091 1422
1091 1425
1091 1429
1091 1430
1091 1431
1091 1457
1091 1462
1091 1469
1091 1472
1091 1474
1091 1477
1091 1663
1091 1781
1092 1097
1092 1119
1092 1121
1092 1125
1092 1133
1092 1164
1092 1191
1092 1204
1092 1215
1092 1217
1092 1221
1092 1229
1092 1231
1092 1232
1092 1239
1092 1247
1092 1253
1092 1263
1092 1264
1092 1271
1092 1287
1092 1288
1092 1293
1092 1313
1092 1322
1092 1324
1092 1330
1092 1336
1092 1338
1092 1353
1092 1356
1092 1389
1092 1390
1092 1392
1092 1398
1092 1401
1092 1402
1092 1410
1092 1426
1092 1433
1092 1449
1092 1460
1092 1468
1092 1471
1092 1477
1092 1485
1092 1486
1092 1555
1092 1702
1093 1103
1093 1108
1093 1119
1093 1121
1093 1133
1093 1171
1093 1173
1093 1183
1093 1193
1093 1208
1093 1230
1093 1238
1093 1249
1093 1251
1093 1260
1093 1277
1093 1286
1093 1295
1093 1300
1093 1308
1093 1311
1093 1319
1093 1320
1093 1327
1093 1346
1093 1351
1093 1363
1093 1374
1093 1375
1093 1376
1093 1379
1093 1382
1093 1384
1093 1389
1093 1392
1093 1394
1093 1398
1093 1413
1093 1424
1093 1432
1093 1433
1093 1442
1093 1455
1093 1461
1093 1483
1093 1486
1093 1488
1093 1575
1093 1643
1094 1097
1094 1098
1094 1127
1094 1135
1094 1148
1094 1153
1094 1164
1094 1165
1094 1166
1094 1175
1094 1177
1094 1190
1094 1203
1094 1206
1094 1211
1094 1214
1094 1248
1094 1255
1094 1264
1094 1268
1094 1275
1094 1276
1094 1279
1094 1281
1094 1282
1094 1292
1094 1303
1094 1304
1094 1308
1094 1342
1094 1357
1094 1359
1094 1368
1094 1372
1094 1376
1094 1377
1094 1378
1094 1379
1094 1388
1094 1393
1094 1416
1094 1448
1094 1456
1094 1481
1094 1487
1094 1660
1094 1705
1094 1882
1094 1890
1095 1097
1095 1099
1095 1113
1095 1126
1095 1137
1095 1142
1095 1143
1095 1144
1095 1180
1095 1194
1095 1195
1095 1198
1095 1210
1095 1231
1095 1235
1095 1243
1095 1246
1095 1269
1095 1274
1095 1277
1095 1296
1095 1346
1095 1350
1095 1358
1095 1379
1095 1381
1095 1392
1095 1396
1095 1398
1095 1432
1095 1443
1095 1453
1095 1455
1095 1466
1095 1471
1095 1482
1095 1483
1095 1732
1095 1750
1096 1108
1096 1109
1096 1113
1096 1121
1096 1124
1096 1125
1096 1129
1096 1135
1096 1137
1096 1155
1096 1159
1096 1169
1096 1173
1096 1175
1096 1185
1096 1202
1096 1206
1096 1207
1096 1209
1096 1210
1096 1216
1096 1219
1096 1252
1096 1256
1096 1257
1096 1266
1096 1269
1096 1280
1096 1282
1096 1289
1096 1291
1096 1297
1096 1301
1096 1314
1096 1317
1096 1318
1096 1322
1096 1333
1096 1335
1096 1360
1096 1368
1096 1371
1096 1376
1096 1388
1096 1389
1096 1391
1096 1394
1096 1402
1096 1405
1096 1418
1096 1427
1096 1438
1096 1443
1096 1464
1096 1467
1096 1470
1096 1474
1096 1475
1096 1476
1096 1478
1096 1481
1096 1483
1096 1603
1097 1102
1097 1104
1097 1108
1097 1116
1097 1118
1097 1127
1097 1139
1097 1144
1097 1150
1097 1155
1097 1171
1097 1173
1097 1191
1097 1192
1097 1200
1097 1201
1097 1204
1097 1208
1097 1216
1097 1222
1097 1223
1097 1229
1097 1245
1097 1252
1097 1253
1097 1256
1097 1257
1097 1260
1097 1266
1097 1277
1097 1285
1097 1298
1097 1303
1097 1308
1097 1315
1097 1319
1097 1323
1097 1333
1097 1360
1097 1364
1097 1371
1097 1382
1097 1384
1097 1392
1097 1395
1097 1424
1097 1426
1097 1429
1097 1443
1097 1447
1097 1465
1097 1469
1097 1471
1097 1475
1097 1476
1097 1478
1097 1970
1098 1099
1098 1133
1098 1145
1098 1148
1098 1156
1098 1162
1098 1168
1098 1175
1098 1177
1098 1185
1098 1195
1098 1202
1098 1225
1098 1231
1098 1235
1098 1236
1098 1244
1098 1248
1098 1254
1098 1270
1098 1273
1098 1276
1098 1281
1098 1287
1098 1303
1098 1321
1098 1322
1098 1327
1098 1338
1098 1348
1098 1354
1098 1357
1098 1361
1098 1370
1098 1372
1098 1375
1098 1378
1098 1381
1098 1390
1098 1397
1098 1423
1098 1430
1098 1435
1098 1444
1098 1455
1098 1456
1098 1460
1098 1471
1098 1476
1098 1480
1098 1483
1098 1484
1098 1938
1099 1100
1099 1128
1099 1138
1099 1146
1099 1147
1099 1154
1099 1160
1099 1168
1099 1172
1099 1189
1099 1191
1099 1194
1099 1205
1099 1206
1099 1223
1099 1224
1099 1228
1099 1232
1099 1236
1099 1238
1099 1246
1099 1252
1099 1256
1099 1268
1099 1274
1099 1305
1099 1307
1099 1309
1099 1314
1099 1319
1099 1322
1099 1329
1099 1338
1099 1357
1099 1358
1099 1372
1099 1376
1099 1380
1099 1387
1099 1388
1099 1390
1099 1397
1099 1401
1099 1411
1099 1413
1099 1419
1099 1420
1099 1432
1099 1434
1099 1436
1099 1446
1099 1458
1099 1465
1099 1476
1099 1482
1099 1484
1099 1501
1099 1736
1100 1101
1100 1102
1100 1105
1100 1106
1100 1111
1100 1114
1100 1123
1100 1129
1100 1130
1100 1136
1100 1145
1100 1150
1100 1167
1100 1176
1100 1177
1100 1180
1100 1193
1100 1198
1100 1199
1100 1205
1100 1208
1100 1209
1100 1212
1100 1214
1100 1216
1100 1227
1100 1235
1100 1247
1100 1256
1100 1257
1100 1262
1100 1265
1100 1268
1100 1274
1100 1284
1100 1288
1100 1300
1100 1305
1100 1313
1100 1340
1100 1345
1100 1347
1100 1388
1100 1390
1100 1392
1100 1396
1100 1415
1100 1419
1100 1444
1100 1446
1100 1450
1100 1457
1100 1461
1100 1465
1100 1467
1100 1483
1100 1962
1101 1125
1101 1126
1101 1130
1101 1132
1101 1134
1101 1135
1101 1137
1101 1140
1101 1141
1101 1145
1101 1164
1101 1166
1101 1170
1101 1192
1101 1207
1101 1208
1101 1212
1101 1216
1101 1229
1101 1249
1101 1258
1101 1267
1101 1269
1101 1272
1101 1275
1101 1279
1101 1282
1101 1290
1101 1291
1101 1292
1101 1309
1101 1311
1101 1313
1101 1323
1101 1329
1101 1341
1101 1343
1101 1346
1101 1360
1101 1361
1101 1362
1101 1363
1101 1370
1101 1397
1101 1404
1101 1405
1101 1408
1101 1411
1101 1415
1101 1423
1101 1426
1101 1433
1101 1434
1101 1448
1101 1464
1101 1475
1101 1477
1101 1487
1101 1489
1101 1571
1101 1756
1102 1104
1102 1107
1102 1108
1102 1120
1102 1122
1102 1126
1102 1136
1102 1137
1102 1143
1102 1145
1102 1153
1102 1157
1102 1163
1102 1171
1102 1172
1102 1177
1102 1178
1102 1180
1102 1183
1102 1185
1102 1206
1102 1211
1102 1212
1102 1217
1102 1237
1102 1245
1102 1250
1102 1251
1102 1256
1102 1260
1102 1265
1102 1272
1102 1273
1102 1284
1102 1296
1102 1306
1102 1312
1102 1317
1102 1325
1102 1326
1102 1329
1102 1355
1102 1362
1102 1364
1102 1398
1102 1401
1102 1412
1102 1413
1102 1422
1102 1434
1102 1442
1102 1450
1102 1475
1102 1477
1102 1544
1102 1668
1102 1768
1102 1823
1102 1868
1102 1879
1102 1936
1103 1118
1103 1130
1103 1143
1103 1148
1103 1151
1103 1156
1103 1177
1103 1181
1103 1198
1103 1202
1103 1222
1103 1240
1103 1242
1103 1267
1103 1269
1103 1287
1103 1288
1103 1290
1103 1291
1103 1295
1103 1298
1103 1312
1103 1313
1103 1316
1103 1318
1103 1321
1103 1322
1103 1325
1103 1330
1103 1333
1103 1340
1103 1341
1103 1344
1103 1360
1103 1362
1103 1368
1103 1383
1103 1388
1103 1395
1103 1416
1103 1435
1103 1440
1103 1453
1103 1464
1103 1476
1103 1829
1103 1961
1104 1112
1104 1115
1104 1122
1104 1136
1104 1138
1104 1139
1104 1140
1104 1165
1104 1173
1104 1179
1104 1190
1104 1192
1104 1193
1104 1194
1104 1195
1104 1197
1104 1199
1104 1212
1104 1219
1104 1223
1104 1225
1104 1227
1104 1230
1104 1232
1104 1235
1104 1245
1104 1252
1104 1261
1104 1280
1104 1285
1104 1291
1104 1305
1104 1309
1104 1347
1104 1351
1104 1354
1104 1361
1104 1370
1104 1371
1104 1379
1104 1381
1104 1395
1104 1398
1104 1399
1104 1401
1104 1404
1104 1417
1104 1433
1104 1437
1104 1451
1104 1481
1104 1512
1104 1522
1104 1602
1104 1612
1104 1643
1104 1756
1104 1778
1104 1829
1105 1110
1105 1122
1105 1127
1105 1135
1105 1166
1105 1172
1105 1176
1105 1182
1105 1193
1105 1196
1105 1204
1105 1214
1105 1233
1105 1234
1105 1239
1105 1241
1105 1242
1105 1243
1105 1253
1105 1255
1105 1256
1105 1257
1105 1261
1105 1271
1105 1274
1105 1275
1105 1283
1105 1284
1105 1286
1105 1299
1105 1310
1105 1321
1105 1324
1105 1325
1105 1327
1105 1331
1105 1333
1105 1349
1105 1356
1105 1360
1105 1363
1105 1387
1105 1391
1105 1395
1105 1396
1105 1403
1105 1420
1105 1424
1105 1439
1105 1440
1105 1441
1105 1457
1105 1787
1106 1119
1106 1123
1106 1126
1106 1130
1106 1151
1106 1161
1106 1170
1106 1178
1106 1194
1106 1197
1106 1202
1106 1217
1106 1220
1106 1227
1106 1230
1106 1236
1106 1237
1106 1241
1106 1242
1106 1253
1106 1260
1106 1267
1106 1283
1106 1284
1106 1303
1106 1309
1106 1315
1106 1316
1106 1321
1106 1337
1106 1338
1106 1342
1106 1368
1106 1369
1106 1384
1106 1390
1106 1393
1106 1401
1106 1403
1106 1404
1106 1406
1106 1410
1106 1428
1106 1442
1106 1454
1106 1457
1106 1470
1106 1472
1106 1480
1106 1486
1106 1612
1106 1651
1106 1785
1107 1110
1107 1115
1107 1121
1107 1127
1107 1135
1107 1139
1107 1151
1107 1159
1107 1164
1107 1170
1107 1177
1107 1179
1107 1181
1107 1183
1107 1189
1107 1197
1107 1198
1107 1200
1107 1207
1107 1209
1107 1211
1107 1214
1107 1245
1107 1275
1107 1277
1107 1288
1107 1301
1107 1305
1107 1320
1107 1326
1107 1328
1107 1332
1107 1369
1107 1382
1107 1395
1107 1396
1107 1407
1107 1409
1107 1410
1107 1415
1107 1422
1107 1432
1107 1434
1107 1440
1107 1442
1107 1448
1107 1449
1107 1461
1107 1466
1107 1469
1107 1474
1107 1485
1107 1487
1107 1840
1107 1901
1108 1116
1108 1127
1108 1129
1108 1147
1108 1156
1108 1169
1108 1177
1108 1183
1108 1186
1108 1194
1108 1196
1108 1197
1108 1204
1108 1205
1108 1206
1108 1210
1108 1218
1108 1233
1108 1242
1108 1248
1108 1257
1108 1266
1108 1267
1108 1273
1108 1278
1108 1282
1108 1283
1108 1289
1108 1296
1108 1297
1108 1298
1108 1307
1108 1319
1108 1325
1108 1341
1108 1344
1108 1354
1108 1359
1108 1360
1108 1398
1108 1413
1108 1423
1108 1438
1108 1440
1108 1449
1108 1456
1108 1470
1108 1472
1108 1489
1108 1597
1108 1602
1108 1828
1108 1869
1109 1118
1109 1121
1109 1123
1109 1125
1109 1129
1109 1145
1109 1147
1109 1149
1109 1150
1109 1155
1109 1156
1109 1160
1109 1166
1109 1167
1109 1169
1109 1196
1109 1205
1109 1218
1109 1219
1109 1220
1109 1222
1109 1234
1109 1240
1109 1241
1109 1286
1109 1295
1109 1299
1109 1309
1109 1315
1109 1316
1109 1339
1109 1344
1109 1345
1109 1350
1109 1352
1109 1357
1109 1358
1109 1364
1109 1368
1109 1376
1109 1382
1109 1383
1109 1390
1109 1407
1109 1414
1109 1417
1109 1426
1109 1434
1109 1439
1109 1441
1109 1442
1109 1445
1109 1452
1109 1456
1109 1477
1109 1479
1109 1501
1109 1559
1109 1570
1109 1937
1110 1126
1110 1135
1110 1148
1110 1161
1110 1162
1110 1164
1110 1172
1110 1181
1110 1188
1110 1191
1110 1209
1110 1213
1110 1216
1110 1218
1110 1231
1110 1233
1110 1236
1110 1251
1110 1255
1110 1262
1110 1267
1110 1273
1110 1282
1110 1287
1110 1296
1110 1309
1110 1326
1110 1339
1110 1354
1110 1361
1110 1369
1110 1375
1110 1376
1110 1387
1110 1388
1110 1391
1110 1396
1110 1412
1110 1413
1110 1417
1110 1423
1110 1446
1110 1451
1110 1453
1110 1456
1110 1471
1110 1488
1110 1494
1110 1571
1110 1597
1110 1843
1110 1872
1110 1950
1111 1117
1111 1118
1111 1121
1111 1132
1111 1134
1111 1140
1111 1144
1111 1148
1111 1150
1111 1157
1111 1161
1111 1167
1111 1178
1111 1189
1111 1196
1111 1209
1111 1214
1111 1219
1111 1224
1111 1230
1111 1238
1111 1257
1111 1262
1111 1268
1111 1272
1111 1287
1111 1306
1111 1307
1111 1312
1111 1321
1111 1322
1111 1333
1111 1340
1111 1346
1111 1352
1111 1358
1111 1372
1111 1386
1111 1387
1111 1389
1111 1406
1111 1411
1111 1413
1111 1414
1111 1416
1111 1428
1111 1455
1111 1456
1111 1458
1111 1461
1111 1463
1111 1482
1111 1489
1111 1599
1111 1672
1112 1116
1112 1128
1112 1131
1112 1137
1112 1153
1112 1160
1112 1163
1112 1166
1112 1167
1112 1168
1112 1173
1112 1177
1112 1181
1112 1183
1112 1184
1112 1186
1112 1205
1112 1209
1112 1221
1112 1226
1112 1240
1112 1243
1112 1264
1112 1265
1112 1271
1112 1279
1112 1289
1112 1297
1112 1319
1112 1328
1112 1330
1112 1333
1112 1340
1112 1345
1112 1374
1112 1379
1112 1380
1112 1384
1112 1393
1112 1415
1112 1423
1112 1429
1112 1450
1112 1453
1112 1454
1112 1459
1112 1466
1113 1121
1113 1143
1113 1144
1113 1149
1113 1162
1113 1164
1113 1170
1113 1176
1113 1186
1113 1188
1113 1200
1113 1202
1113 1205
1113 1208
1113 1213
1113 1228
1113 1236
1113 1237
1113 1251
1113 1252
1113 1262
1113 1273
1113 1276
1113 1305
1113 1333
1113 1343
1113 1344
1113 1350
1113 1353
1113 1365
1113 1366
1113 1390
1113 1422
1113 1427
1113 1431
1113 1439
1113 1441
1113 1448
1113 1452
1113 1454
1113 1456
1113 1470
1113 1481
1113 1482
1113 1695
1113 1744
1113 1947
1114 1126
1114 1135
1114 1136
1114 1139
1114 1140
1114 1171
1114 1182
1114 1186
1114 1188
1114 1204
1114 1206
1114 1207
1114 1222
1114 1226
1114 1228
1114 1230
1114 1237
1114 1245
1114 1246
1114 1250
1114 1254
1114 1255
1114 1267
1114 1269
1114 1271
1114 1284
1114 1289
1114 1292
1114 1299
1114 1301
1114 1303
1114 1307
1114 1309
1114 1317
1114 1321
1114 1340
1114 1342
1114 1354
1114 1359
1114 1362
1114 1367
1114 1369
1114 1376
1114 1379
1114 1383
1114 1390
1114 1392
1114 1393
1114 1406
1114 1414
1114 1442
1114 1449
1114 1450
1114 1453
1114 1454
1114 1467
1114 1471
1114 1484
1114 1489
1114 1618
1114 1643
1114 1914
1114 1920
1115 1118
1115 1120
1115 1125
1115 1131
1115 1134
1115 1136
1115 1139
1115 1143
1115 1168
1115 1178
1115 1181
1115 1192
1115 1195
1115 1199
1115 1212
1115 1218
1115 1219
1115 1220
1115 1221
1115 1223
1115 1230
1115 1231
1115 1232
1115 1236
1115 1248
1115 1252
1115 1285
1115 1293
1115 1297
1115 1298
1115 1301
1115 1305
1115 1333
1115 1342
1115 1346
1115 1361
1115 1371
1115 1377
1115 1387
1115 1390
1115 1396
1115 1425
1115 1436
1115 1437
1115 1442
1115 1445
1115 1456
1115 1469
1115 1476
1115 1483
1116 1117
1116 1120
1116 1127
1116 1136
1116 1160
1116 1171
1116 1172
1116 1174
1116 1180
1116 1186
1116 1187
1116 1188
1116 1205
1116 1208
1116 1213
1116 1220
1116 1223
1116 1246
1116 1250
1116 1264
1116 1270
1116 1271
1116 1278
1116 1285
1116 1289
1116 1294
1116 1304
1116 1312
1116 1320
1116 1322
1116 1327
1116 1341
1116 1347
1116 1351
1116 1358
1116 1361
1116 1364
1116 1378
1116 1395
1116 1406
1116 1417
1116 1435
1116 1441
1116 1449
1116 1450
1116 1453
1116 1460
1116 1466
1116 1474
1116 1482
1116 1486
1116 1665
1116 1705
1116 1731
1117 1121
1117 1122
1117 1123
1117 1125
1117 1126
1117 1137
1117 1138
1117 1140
1117 1151
1117 1154
1117 1157
1117 1168
1117 1195
1117 1196
1117 1200
1117 1208
1117 1209
1117 1244
1117 1266
1117 1269
1117 1275
1117 1277
1117 1285
1117 1298
1117 1305
1117 1311
1117 1313
1117 1336
1117 1348
1117 1349
1117 1353
1117 1361
1117 1386
1117 1391
1117 1394
1117 1404
1117 1428
1117 1436
1117 1438
1117 1451
1117 1465
1117 1469
1117 1473
1117 1490
1117 1633
1117 1937
1117 1956
1118 1125
1118 1138
1118 1145
1118 1149
1118 1150
1118 1154
1118 1160
1118 1172
1118 1185
1118 1200
1118 1202
1118 1203
1118 1210
1118 1238
1118 1259
1118 1263
1118 1266
1118 1274
1118 1278
1118 1286
1118 1291
1118 1292
1118 1297
1118 1308
1118 1312
1118 1313
1118 1326
1118 1332
1118 1333
1118 1335
1118 1350
1118 1359
1118 1373
1118 1376
1118 1391
1118 1409
1118 1413
1118 1423
1118 1430
1118 1433
1118 1435
1118 1443
1118 1468
1118 1475
1118 1477
1119 1128
1119 1136
1119 1137
1119 1139
1119 1144
1119 1155
1119 1157
1119 1163
1119 1191
1119 1202
1119 1203
1119 1214
1119 1223
1119 1224
1119 1225
1119 1227
1119 1242
1119 1248
1119 1250
1119 1252
1119 1259
1119 1261
1119 1267
1119 1268
1119 1277
1119 1284
1119 1304
1119 1311
1119 1325
1119 1329
1119 1338
1119 1354
1119 1366
1119 1370
1119 1391
1119 1402
1119 1403
1119 1407
1119 1408
1119 1414
1119 1420
1119 1426
1119 1427
1119 1435
1119 1438
1119 1441
1119 1443
1119 1450
1119 1451
1119 1462
1119 1474
1119 1484
1119 1488
1119 1499
1119 1510
1119 1538
1119 1617
1119 1707
1119 1757
1120 1124
1120 1125
1120 1128
1120 1134
1120 1138
1120 1139
1120 1147
1120 1153
1120 1180
1120 1184
1120 1205
1120 1207
1120 1212
1120 1222
1120 1232
1120 1236
1120 1241
1120 1242
1120 1259
1120 1260
1120 1301
1120 1305
1120 1307
1120 1314
1120 1322
1120 1334
1120 1335
1120 1338
1120 1360
1120 1366
1120 1371
1120 1372
1120 1396
1120 1403
1120 1412
1120 1413
1120 1416
1120 1421
1120 1422
1120 1432
1120 1463
1120 1471
1120 1478
1120 1482
1120 1510
1120 1521
1120 1573
1120 1657
1120 1737
1120 1740
1120 1750
1121 1127
1121 1129
1121 1137
1121 1145
1121 1150
1121 1158
1121 1159
1121 1165
1121 1174
1121 1178
1121 1179
1121 1180
1121 1184
1121 1185
1121 1186
1121 1187
1121 1196
1121 1204
1121 1211
1121 1219
1121 1222
1121 1224
1121 1234
1121 1239
1121 1240
1121 1244
1121 1250
1121 1260
1121 1261
1121 1292
1121 1297
1121 1314
1121 1322
1121 1327
1121 1333
1121 1336
1121 1339
1121 1341
1121 1342
1121 1343
1121 1359
1121 1363
1121 1366
1121 1369
1121 1379
1121 1383
1121 1403
1121 1420
1121 1425
1121 1428
1121 1449
1121 1451
1121 1454
1121 1456
1121 1462
1121 1473
1121 1477
1121 1487
1121 1503
1121 1766
1121 1801
1121 1943
1122 1137
1122 1139
1122 1145
1122 1164
1122 1167
1122 1170
1122 1178
1122 1180
1122 1183
1122 1184
1122 1190
1122 1194
1122 1196
1122 1198
1122 1214
1122 1217
1122 1224
1122 1227
1122 1232
1122 1240
1122 1249
1122 1250
1122 1262
1122 1267
1122 1271
1122 1273
1122 1281
1122 1284
1122 1287
1122 1289
1122 1290
1122 1298
1122 1301
1122 1338
1122 1361
1122 1380
1122 1413
1122 1417
1122 1428
1122 1429
1122 1433
1122 1441
1122 1443
1122 1459
1122 1462
1122 1468
1122 1478
1122 1480
1122 1481
1122 1483
1122 1484
1122 1488
1122 1907
1122 1979
1123 1132
1123 1137
1123 1141
1123 1146
1123 1148
1123 1153
1123 1155
1123 1157
1123 1158
1123 1164
1123 1166
1123 1173
1123 1186
1123 1193
1123 1225
1123 1227
1123 1235
1123 1249
1123 1250
1123 1263
1123 1266
1123 1274
1123 1286
1123 1288
1123 1289
1123 1309
1123 1320
1123 1321
1123 1337
1123 1339
1123 1356
1123 1364
1123 1371
1123 1375
1123 1376
1123 1387
1123 1397
1123 1398
1123 1399
1123 1401
1123 1403
1123 1410
1123 1412
1123 1413
1123 1415
1123 1435
1123 1437
1123 1438
1123 1440
1123 1467
1123 1474
1123 1485
1123 1490
1123 1535
1123 1804
1123 1986
1124 1141
1124 1142
1124 1152
1124 1158
1124 1159
1124 1166
1124 1174
1124 1175
1124 1180
1124 1182
1124 1183
1124 1187
1124 1192
1124 1194
1124 1199
1124 1206
1124 1217
1124 1224
1124 1235
1124 1246
1124 1249
1124 1253
1124 1256
1124 1266
1124 1284
1124 1285
1124 1301
1124 1304
1124 1325
1124 1329
1124 1335
1124 1336
1124 1344
1124 1349
1124 1354
1124 1362
1124 1373
1124 1382
1124 1400
1124 1405
1124 1411
1124 1415
1124 1416
1124 1424
1124 1428
1124 1438
1124 1467
1124 1473
1124 1474
1124 1481
1124 1483
1124 1485
1124 1676
1124 1713
1125 1128
1125 1139
1125 1143
1125 1144
1125 1177
1125 1196
1125 1197
1125 1199
1125 1213
1125 1222
1125 1223
1125 1234
1125 1250
1125 1267
1125 1270
1125 1276
1125 1278
1125 1279
1125 1287
1125 1295
1125 1305
1125 1308
1125 1313
1125 1337
1125 1358
1125 1385
1125 1402
1125 1403
1125 1410
1125 1412
1125 1439
1125 1447
1125 1455
1125 1458
1125 1469
1125 1479
1125 1484
1125 1504
1125 1820
1126 1141
1126 1147
1126 1157
1126 1158
1126 1169
1126 1171
1126 1178
1126 1183
1126 1196
1126 1199
1126 1201
1126 1222
1126 1230
1126 1234
1126 1248
1126 1253
1126 1256
1126 1259
1126 1262
1126 1266
1126 1269
1126 1277
1126 1278
1126 1281
1126 1285
1126 1295
1126 1296
1126 1301
1126 1303
1126 1340
1126 1342
1126 1367
1126 1381
1126 1382
1126 1387
1126 1402
1126 1407
1126 1410
1126 1415
1126 1419
1126 1427
1126 1428
1126 1431
1126 1433
1126 1435
1126 1440
1126 1441
1126 1442
1126 1445
1126 1451
1126 1480
1126 1485
1126 1489
1126 1569
1126 1640
1126 1657
1126 1773
1126 1809
1126 1867
1126 1868
1126 1886
1127 1135
1127 1136
1127 1141
1127 1151
1127 1166
1127 1185
1127 1186
1127 1223
1127 1228
1127 1232
1127 1234
1127 1240
1127 1260
1127 1265
1127 1276
1127 1305
1127 1310
1127 1323
1127 1337
1127 1357
1127 1359
1127 1360
1127 1365
1127 1376
1127 1391
1127 1392
1127 1403
1127 1413
1127 1415
1127 1417
1127 1427
1127 1429
1127 1439
1127 1445
1127 1448
1127 1451
1127 1452
1127 1456
1127 1457
1127 1458
1127 1461
1127 1480
1127 1484
1127 1503
1127 1552
1127 1714
1127 1922
1128 1136
1128 1143
1128 1156
1128 1165
1128 1170
1128 1185
1128 1195
1128 1208
1128 1210
1128 1215
1128 1222
1128 1240
1128 1244
1128 1251
1128 1255
1128 1257
1128 1261
1128 1265
1128 1270
1128 1272
1128 1276
1128 1278
1128 1281
1128 1289
1128 1303
1128 1311
1128 1314
1128 1316
1128 1317
1128 1318
1128 1319
1128 1324
1128 1334
1128 1341
1128 1343
1128 1353
1128 1365
1128 1368
1128 1386
1128 1404
1128 1431
1128 1436
1128 1439
1128 1450
1128 1455
1128 1457
1128 1465
1128 1471
1128 1483
1128 1485
1128 1487
1128 1499
1128 1899
1129 1134
1129 1146
1129 1156
1129 1157
1129 1165
1129 1166
1129 1173
1129 1204
1129 1206
1129 1217
1129 1220
1129 1221
1129 1227
1129 1229
1129 1238
1129 1258
1129 1263
1129 1273
1129 1275
1129 1288
1129 1290
1129 1291
1129 1303
1129 1307
1129 1312
1129 1321
1129 1323
1129 1329
1129 1333
1129 1347
1129 1349
1129 1374
1129 1411
1129 1413
1129 1418
1129 1421
1129 1422
1129 1428
1129 1442
1129 1446
1129 1449
1129 1454
1129 1456
1129 1465
1129 1467
1129 1476
1129 1481
1129 1487
1129 1490
1129 1493
1129 1545
1129 1565
1129 1599
1129 1818
1130 1142
1130 1145
1130 1163
1130 1166
1130 1169
1130 1179
1130 1185
1130 1191
1130 1202
1130 1229
1130 1239
1130 1245
1130 1271
1130 1276
1130 1288
1130 1291
1130 1293
1130 1297
1130 1298
1130 1304
1130 1308
1130 1315
1130 1327
1130 1328
1130 1343
1130 1344
1130 1346
1130 1347
1130 1358
1130 1362
1130 1363
1130 1364
1130 1366
1130 1372
1130 1387
1130 1390
1130 1402
1130 1410
1130 1414
1130 1415
1130 1427
1130 1428
1130 1429
1130 1434
1130 1435
1130 1463
1130 1465
1130 1466
1130 1467
1130 1470
1130 1475
1130 1486
1130 1547
1130 1711
1131 1133
1131 1148
1131 1166
1131 1175
1131 1184
1131 1185
1131 1186
1131 1187
1131 1201
1131 1210
1131 1213
1131 1218
1131 1219
1131 1223
1131 1230
1131 1235
1131 1240
1131 1241
1131 1263
1131 1267
1131 1272
1131 1290
1131 1301
1131 1306
1131 1307
1131 1314
1131 1318
1131 1321
1131 1338
1131 1365
1131 1371
1131 1378
1131 1390
1131 1391
1131 1392
1131 1394
1131 1397
1131 1401
1131 1409
1131 1411
1131 1425
1131 1435
1131 1462
1131 1468
1131 1469
1131 1472
1131 1476
1131 1485
1131 1704
1131 1752
1131 1868
1131 1948
1131 1983
1132 1141
1132 1148
1132 1156
1132 1165
1132 1171
1132 1175
1132 1180
1132 1182
1132 1184
1132 1198
1132 1204
1132 1210
1132 1211
1132 1218
1132 1232
1132 1235
1132 1294
1132 1303
1132 1307
1132 1312
1132 1352
1132 1364
1132 1365
1132 1372
1132 1375
1132 1378
1132 1387
1132 1389
1132 1400
1132 1401
1132 1411
1132 1413
1132 1429
1132 1430
1132 1433
1132 1436
1132 1439
1132 1440
1132 1443
1132 1448
1132 1452
1132 1464
1132 1471
1132 1473
1132 1476
1132 1481
1132 1488
1132 1533
1133 1136
1133 1142
1133 1143
1133 1148
1133 1153
1133 1156
1133 1157
1133 1161
1133 1164
1133 1171
1133 1177
1133 1182
1133 1196
1133 1203
1133 1205
1133 1207
1133 1215
1133 1226
1133 1245
1133 1246
1133 1257
1133 1259
1133 1265
1133 1266
1133 1278
1133 1280
1133 1286
1133 1292
1133 1298
1133 1318
1133 1321
1133 1335
1133 1355
1133 1367
1133 1376
1133 1383
1133 1384
1133 1389
1133 1401
1133 1408
1133 1409
1133 1437
1133 1444
1133 1446
1133 1457
1133 1470
1133 1472
1133 1480
1133 1484
1133 1486
1133 1493
1133 1505
1133 1589
1133 1923
1134 1144
1134 1147
1134 1148
1134 1155
1134 1169
1134 1174
1134 1177
1134 1181
1134 1188
1134 1197
1134 1201
1134 1206
1134 1208
1134 1210
1134 1224
1134 1227
1134 1243
1134 1249
1134 1251
1134 1252
1134 1253
1134 1259
1134 1265
1134 1280
1134 1288
1134 1294
1134 1309
1134 1312
1134 1347
1134 1357
1134 1388
1134 1400
1134 1403
1134 1426
1134 1435
1134 1436
1134 1439
1134 1443
1134 1451
1134 1452
1134 1457
1134 1469
1134 1572
1134 1623
1134 1687
1134 1854
1135 1137
1135 1139
1135 1140
1135 1142
1135 1152
1135 1159
1135 1163
1135 1172
1135 1179
1135 1189
1135 1209
1135 1210
1135 1217
1135 1218
1135 1219
1135 1233
1135 1237
1135 1249
1135 1254
1135 1257
1135 1261
1135 1281
1135 1289
1135 1305
1135 1316
1135 1322
1135 1329
1135 1364
1135 1367
1135 1376
1135 1377
1135 1382
1135 1394
1135 1408
1135 1423
1135 1443
1135 1447
1135 1451
1135 1456
1135 1458
1135 1464
1135 1468
1135 1471
1135 1474
1135 1480
1135 1485
1135 1486
1135 1490
1135 1718
1135 1815
1135 1885
1135 1973
1136 1139
1136 1154
1136 1168
1136 1170
1136 1181
1136 1183
1136 1208
1136 1213
1136 1219
1136 1225
1136 1226
1136 1239
1136 1245
1136 1253
1136 1254
1136 1259
1136 1262
1136 1263
1136 1266
1136 1310
1136 1316
1136 1332
1136 1337
1136 1339
1136 1340
1136 1353
1136 1355
1136 1363
1136 1368
1136 1372
1136 1390
1136 1403
1136 1408
1136 1420
1136 1423
1136 1444
1136 1453
1136 1455
1136 1460
1136 1461
1136 1478
1136 1479
1136 1482
1136 1484
1136 1643
1136 1682
1136 1806
1136 1945
1137 1145
1137 1163
1137 1203
1137 1207
1137 1210
1137 1228
1137 1233
1137 1237
1137 1239
1137 1256
1137 1258
1137 1263
1137 1275
1137 1286
1137 1304
1137 1306
1137 1324
1137 1329
1137 1342
1137 1350
1137 1353
1137 1359
1137 1363
1137 1365
1137 1370
1137 1374
1137 1392
1137 1420
1137 1425
1137 1436
1137 1440
1137 1441
1137 1442
1137 1444
1137 1453
1137 1462
1137 1464
1137 1465
1137 1480
1137 1488
1137 1849
1138 1144
1138 1159
1138 1173
1138 1181
1138 1184
1138 1189
1138 1201
1138 1214
1138 1235
1138 1236
1138 1249
1138 1254
1138 1263
1138 1269
1138 1285
1138 1290
1138 1307
1138 1314
1138 1315
1138 1317
1138 1322
1138 1328
1138 1338
1138 1345
1138 1360
1138 1371
1138 1372
1138 1373
1138 1379
1138 1384
1138 1388
1138 1392
1138 1402
1138 1434
1138 1436
1138 1439
1138 1442
1138 1452
1138 1461
1138 1476
1138 1658
1138 1804
1138 1918
1138 1967
1139 1147
1139 1163
1139 1166
1139 1197
1139 1201
1139 1203
1139 1212
1139 1215
1139 1218
1139 1219
1139 1224
1139 1230
1139 1235
1139 1243
1139 1259
1139 1282
1139 1290
1139 1291
1139 1295
1139 1320
1139 1321
1139 1337
1139 1341
1139 1343
1139 1344
1139 1345
1139 1348
1139 1351
1139 1358
1139 1359
1139 1364
1139 1365
1139 1375
1139 1388
1139 1389
1139 1391
1139 1395
1139 1396
1139 1402
1139 1425
1139 1444
1139 1451
1139 1455
1139 1460
1139 1473
1139 1481
1139 1484
1139 1488
1139 1716
1139 1804
1140 1142
1140 1145
1140 1157
1140 1170
1140 1190
1140 1197
1140 1213
1140 1230
1140 1242
1140 1244
1140 1254
1140 1265
1140 1268
1140 1269
1140 1272
1140 1277
1140 1278
1140 1283
1140 1285
1140 1291
1140 1303
1140 1317
1140 1321
1140 1323
1140 1326
1140 1334
1140 1342
1140 1349
1140 1350
1140 1354
1140 1360
1140 1363
1140 1364
1140 1366
1140 1370
1140 1387
1140 1394
1140 1401
1140 1411
1140 1414
1140 1415
1140 1430
1140 1434
1140 1447
1140 1452
1140 1455
1140 1459
1140 1463
1140 1468
1140 1471
1140 1483
1140 1486
1140 1614
1140 1635
1140 1642
1141 1142
1141 1149
1141 1153
1141 1167
1141 1176
1141 1183
1141 1191
1141 1198
1141 1211
1141 1218
1141 1224
1141 1226
1141 1227
1141 1231
1141 1237
1141 1241
1141 1244
1141 1247
1141 1251
1141 1258
1141 1276
1141 1278
1141 1279
1141 1295
1141 1301
1141 1305
1141 1306
1141 1316
1141 1321
1141 1329
1141 1341
1141 1371
1141 1376
1141 1383
1141 1394
1141 1400
1141 1402
1141 1404
1141 1420
1141 1425
1141 1432
1141 1436
1141 1438
1141 1440
1141 1443
1141 1447
1141 1454
1141 1457
1141 1490
1141 1724
1141 1765
1141 1820
1141 1863
1141 1882
1142 1175
1142 1189
1142 1190
1142 1200
1142 1210
1142 1218
1142 1223
1142 1232
1142 1240
1142 1249
1142 1256
1142 1259
1142 1269
1142 1272
1142 1273
1142 1335
1142 1338
1142 1340
1142 1353
1142 1356
1142 1357
1142 1363
1142 1365
1142 1367
1142 1369
1142 1393
1142 1395
1142 1428
1142 1430
1142 1432
1142 1442
1142 1444
1142 1446
1142 1451
1142 1468
1142 1473
1142 1484
1142 1487
1142 1630
1142 1675
1142 1683
1142 1973
1143 1145
1143 1149
1143 1151
1143 1168
1143 1184
1143 1186
1143 1188
1143 1191
1143 1193
1143 1204
1143 1210
1143 1216
1143 1230
1143 1250
1143 1256
1143 1261
1143 1271
1143 1272
1143 1274
1143 1283
1143 1287
1143 1289
1143 1290
1143 1295
1143 1299
1143 1304
1143 1316
1143 1317
1143 1321
1143 1326
1143 1327
1143 1333
1143 1334
1143 1337
1143 1338
1143 1353
1143 1357
1143 1359
1143 1361
1143 1372
1143 1373
1143 1380
1143 1396
1143 1414
1143 1416
1143 1417
1143 1432
1143 1435
1143 1436
1143 1451
1143 1454
1143 1463
1143 1474
1143 1482
1143 1489
1143 1573
1143 1582
1143 1850
1143 1858
1143 1892
1144 1146
1144 1151
1144 1179
1144 1208
1144 1212
1144 1234
1144 1236
1144 1247
1144 1252
1144 1272
1144 1274
1144 1275
1144 1303
1144 1304
1144 1307
1144 1309
1144 1329
1144 1331
1144 1333
1144 1346
1144 1352
1144 1357
1144 1360
1144 1361
1144 1371
1144 1376
1144 1387
1144 1402
1144 1405
1144 1423
1144 1430
1144 1434
1144 1442
1144 1447
1144 1456
1144 1469
1144 1479
1144 1486
1144 1489
1144 1550
1144 1581
1144 1601
1144 1613
1144 1914
1145 1148
1145 1177
1145 1178
1145 1210
1145 1227
1145 1232
1145 1242
1145 1244
1145 1256
1145 1265
1145 1266
1145 1270
1145 1273
1145 1284
1145 1293
1145 1298
1145 1311
1145 1327
1145 1351
1145 1352
1145 1353
1145 1360
1145 1364
1145 1379
1145 1381
1145 1385
1145 1386
1145 1394
1145 1396
1145 1399
1145 1400
1145 1405
1145 1406
1145 1414
1145 1426
1145 1430
1145 1431
1145 1432
1145 1441
1145 1447
1145 1448
1145 1460
1145 1481
1145 1487
1145 1492
1145 1792
1145 1812
1145 1971
1146 1147
1146 1160
1146 1167
1146 1170
1146 1172
1146 1186
1146 1200
1146 1219
1146 1226
1146 1238
1146 1240
1146 1245
1146 1253
1146 1255
1146 1256
1146 1257
1146 1283
1146 1291
1146 1331
1146 1336
1146 1353
1146 1354
1146 1360
1146 1367
1146 1370
1146 1374
1146 1382
1146 1402
1146 1413
1146 1414
1146 1415
1146 1417
1146 1420
1146 1423
1146 1426
1146 1440
1146 1442
1146 1450
1146 1455
1146 1466
1146 1467
1146 1468
1146 1481
1146 1490
1146 1662
1146 1809
1146 1943
1147 1175
1147 1193
1147 1194
1147 1196
1147 1197
1147 1206
1147 1226
1147 1227
1147 1231
1147 1240
1147 1255
1147 1267
1147 1277
1147 1285
1147 1292
1147 1293
1147 1296
1147 1311
1147 1324
1147 1325
1147 1328
1147 1329
1147 1339
1147 1344
1147 1353
1147 1355
1147 1359
1147 1376
1147 1385
1147 1387
1147 1392
1147 1396
1147 1401
1147 1413
1147 1415
1147 1419
1147 1421
1147 1426
1147 1433
1147 1439
1147 1446
1147 1465
1147 1466
1147 1467
1147 1474
1147 1475
1147 1514
1147 1560
1147 1629
1147 1782
1147 1864
1147 1874
1147 1876
1147 1903
1147 1958
1148 1157
1148 1160
1148 1172
1148 1178
1148 1186
1148 1188
1148 1189
1148 1190
1148 1202
1148 1214
1148 1215
1148 1229
1148 1241
1148 1248
1148 1261
1148 1274
1148 1285
1148 1287
1148 1293
1148 1298
1148 1299
1148 1302
1148 1305
1148 1308
1148 1312
1148 1318
1148 1321
1148 1332
1148 1334
1148 1341
1148 1345
1148 1350
1148 1353
1148 1359
1148 1364
1148 1365
1148 1367
1148 1375
1148 1376
1148 1381
1148 1383
1148 1393
1148 1402
1148 1403
1148 1410
1148 1413
1148 1418
1148 1420
1148 1431
1148 1442
1148 1444
1148 1454
1148 1461
1148 1471
1148 1481
1148 1487
1148 1490
1148 1516
1148 1562
1148 1642
1148 1775
1149 1151
1149 1152
1149 1156
1149 1169
1149 1179
1149 1186
1149 1191
1149 1192
1149 1193
1149 1206
1149 1214
1149 1254
1149 1261
1149 1266
1149 1270
1149 1277
1149 1278
1149 1289
1149 1304
1149 1352
1149 1362
1149 1368
1149 1369
1149 1378
1149 1394
1149 1407
1149 1411
1149 1418
1149 1420
1149 1424
1149 1432
1149 1437
1149 1454
1149 1467
1149 1477
1149 1484
1149 1593
1149 1733
1149 1776
1149 1809
1149 1861
1149 1878
1150 1154
1150 1155
1150 1167
1150 1168
1150 1179
1150 1180
1150 1189
1150 1202
1150 1209
1150 1211
1150 1213
1150 1218
1150 1220
1150 1223
1150 1256
1150 1282
1150 1285
1150 1292
1150 1293
1150 1300
1150 1314
1150 1323
1150 1345
1150 1353
1150 1354
1150 1379
1150 1382
1150 1384
1150 1387
1150 1396
1150 1406
1150 1407
1150 1422
1150 1438
1150 1441
1150 1454
1150 1458
1150 1459
1150 1465
1150 1479
1150 1480
1150 1488
1150 1536
1150 1849
1150 1897
1151 1152
1151 1171
1151 1181
1151 1182
1151 1185
1151 1200
1151 1206
1151 1218
1151 1232
1151 1233
1151 1250
1151 1262
1151 1265
1151 1271
1151 1273
1151 1274
1151 1276
1151 1283
1151 1287
1151 1307
1151 1313
1151 1318
1151 1320
1151 1330
1151 1332
1151 1366
1151 1388
1151 1390
1151 1396
1151 1422
1151 1442
1151 1448
1151 1461
1151 1466
1151 1473
1151 1477
1151 1482
1151 1679
1151 1738
1151 1815
1151 1869
1151 1877
1152 1167
1152 1191
1152 1194
1152 1197
1152 1210
1152 1213
1152 1227
1152 1230
1152 1232
1152 1236
1152 1249
1152 1267
1152 1268
1152 1271
1152 1276
1152 1278
1152 1301
1152 1304
1152 1319
1152 1320
1152 1325
1152 1330
1152 1346
1152 1347
1152 1377
1152 1379
1152 1386
1152 1399
1152 1408
1152 1411
1152 1412
1152 1415
1152 1429
1152 1442
1152 1445
1152 1447
1152 1449
1152 1453
1152 1455
1152 1470
1152 1474
1152 1477
1152 1665
1152 1703
1152 1853
1153 1163
1153 1169
1153 1186
1153 1193
1153 1208
1153 1216
1153 1219
1153 1223
1153 1233
1153 1236
1153 1273
1153 1282
1153 1284
1153 1288
1153 1290
1153 1299
1153 1304
1153 1326
1153 1350
1153 1351
1153 1359
1153 1364
1153 1370
1153 1391
1153 1393
1153 1395
1153 1399
1153 1406
1153 1415
1153 1416
1153 1419
1153 1422
1153 1428
1153 1434
1153 1439
1153 1440
1153 1442
1153 1466
1153 1479
1153 1490
1153 1572
1153 1925
1153 1934
1154 1155
1154 1165
1154 1196
1154 1200
1154 1206
1154 1209
1154 1213
1154 1218
1154 1219
1154 1224
1154 1226
1154 1230
1154 1240
1154 1242
1154 1246
1154 1249
1154 1256
1154 1265
1154 1283
1154 1291
1154 1297
1154 1307
1154 1324
1154 1333
1154 1347
1154 1349
1154 1359
1154 1364
1154 1396
1154 1398
1154 1402
1154 1410
1154 1412
1154 1413
1154 1423
1154 1425
1154 1429
1154 1436
1154 1440
1154 1451
1154 1455
1154 1461
1154 1484
1154 1486
1154 1488
1154 1737
1154 1875
1155 1184
1155 1185
1155 1188
1155 1191
1155 1199
1155 1204
1155 1229
1155 1244
1155 1255
1155 1264
1155 1271
1155 1273
1155 1276
1155 1286
1155 1291
1155 1293
1155 1301
1155 1302
1155 1305
1155 1306
1155 1307
1155 1309
1155 1310
1155 1315
1155 1316
1155 1317
1155 1326
1155 1339
1155 1367
1155 1378
1155 1390
1155 1393
1155 1394
1155 1397
1155 1400
1155 1403
1155 1404
1155 1411
1155 1416
1155 1423
1155 1425
1155 1431
1155 1456
1155 1467
1155 1479
1155 1575
1155 1590
1155 1767
1156 1160
1156 1184
1156 1186
1156 1193
1156 1195
1156 1199
1156 1206
1156 1207
1156 1209
1156 1212
1156 1215
1156 1224
1156 1231
1156 1234
1156 1249
1156 1258
1156 1260
1156 1261
1156 1270
1156 1278
1156 1279
1156 1280
1156 1285
1156 1295
1156 1299
1156 1322
1156 1323
1156 1361
1156 1362
1156 1367
1156 1378
1156 1390
1156 1394
1156 1402
1156 1411
1156 1417
1156 1425
1156 1429
1156 1436
1156 1440
1156 1444
1156 1456
1156 1462
1156 1468
1156 1473
1156 1484
1156 1486
1156 1524
1156 1649
1156 1912
1156 1985
1157 1168
1157 1169
1157 1175
1157 1187
1157 1194
1157 1204
1157 1205
1157 1226
1157 1229
1157 1231
1157 1243
1157 1254
1157 1257
1157 1260
1157 1263
1157 1272
1157 1281
1157 1283
1157 1309
1157 1312
1157 1316
1157 1326
1157 1327
1157 1332
1157 1343
1157 1383
1157 1385
1157 1386
1157 1387
1157 1390
1157 1391
1157 1393
1157 1402
1157 1409
1157 1424
1157 1429
1157 1442
1157 1447
1157 1448
1157 1455
1157 1461
1157 1464
1157 1466
1157 1576
1157 1655
1157 1756
1157 1863
1158 1163
1158 1176
1158 1192
1158 1193
1158 1200
1158 1202
1158 1203
1158 1225
1158 1230
1158 1233
1158 1242
1158 1243
1158 1251
1158 1258
1158 1265
1158 1268
1158 1274
1158 1293
1158 1294
1158 1296
1158 1299
1158 1300
1158 1315
1158 1320
1158 1321
1158 1323
1158 1324
1158 1329
1158 1337
1158 1341
1158 1343
1158 1344
1158 1356
1158 1376
1158 1380
1158 1383
1158 1384
1158 1386
1158 1388
1158 1412
1158 1416
1158 1418
1158 1419
1158 1421
1158 1423
1158 1424
1158 1427
1158 1437
1158 1443
1158 1447
1158 1454
1158 1466
1158 1469
1158 1472
1158 1478
1158 1483
1158 1486
1158 1939
1159 1204
1159 1207
1159 1208
1159 1209
1159 1222
1159 1228
1159 1237
1159 1244
1159 1253
1159 1263
1159 1268
1159 1272
1159 1275
1159 1287
1159 1288
1159 1290
1159 1293
1159 1310
1159 1323
1159 1345
1159 1347
1159 1350
1159 1356
1159 1366
1159 1401
1159 1406
1159 1427
1159 1430
1159 1433
1159 1454
1159 1469
1159 1473
1159 1484
1159 1666
1159 1744
1160 1166
1160 1173
1160 1179
1160 1180
1160 1190
1160 1200
1160 1204
1160 1215
1160 1230
1160 1241
1160 1254
1160 1271
1160 1280
1160 1296
1160 1301
1160 1316
1160 1320
1160 1338
1160 1342
1160 1343
1160 1345
1160 1348
1160 1350
1160 1353
1160 1358
1160 1369
1160 1377
1160 1383
1160 1391
1160 1393
1160 1396
1160 1399
1160 1401
1160 1407
1160 1410
1160 1430
1160 1431
1160 1443
1160 1454
1160 1460
1160 1472
1160 1474
1160 1483
1160 1490
1160 1506
1160 1580
1160 1781
1160 1976
1161 1170
1161 1172
1161 1181
1161 1188
1161 1191
1161 1192
1161 1202
1161 1205
1161 1213
1161 1214
1161 1218
1161 1226
1161 1231
1161 1235
1161 1239
1161 1242
1161 1248
1161 1249
1161 1255
1161 1264
1161 1265
1161 1267
1161 1272
1161 1274
1161 1276
1161 1277
1161 1289
1161 1298
1161 1301
1161 1308
1161 1311
1161 1313
1161 1322
1161 1333
1161 1363
1161 1366
1161 1377
1161 1388
1161 1398
1161 1419
1161 1421
1161 1433
1161 1442
1161 1448
1161 1451
1161 1465
1161 1477
1161 1479
1161 1481
1161 1510
1161 1529
1161 1579
1161 1746
1161 1875
1161 1899
1162 1164
1162 1167
1162 1170
1162 1189
1162 1192
1162 1200
1162 1209
1162 1215
1162 1228
1162 1242
1162 1252
1162 1266
1162 1269
1162 1279
1162 1280
1162 1291
1162 1298
1162 1299
1162 1300
1162 1325
1162 1334
1162 1336
1162 1374
1162 1375
1162 1385
1162 1389
1162 1395
1162 1397
1162 1403
1162 1407
1162 1414
1162 1428
1162 1438
1162 1442
1162 1449
1162 1451
1162 1462
1162 1483
1162 1486
1162 1530
1162 1602
1162 1940
1163 1164
1163 1166
1163 1175
1163 1181
1163 1184
1163 1189
1163 1192
1163 1204
1163 1206
1163 1213
1163 1243
1163 1247
1163 1249
1163 1253
1163 1259
1163 1265
1163 1268
1163 1280
1163 1281
1163 1296
1163 1319
1163 1320
1163 1321
1163 1322
1163 1323
1163 1335
1163 1344
1163 1359
1163 1375
1163 1383
1163 1392
1163 1396
1163 1420
1163 1421
1163 1424
1163 1427
1163 1430
1163 1436
1163 1437
1163 1447
1163 1450
1163 1457
1163 1458
1163 1465
1163 1472
1163 1474
1163 1476
1163 1477
1163 1490
1163 1528
1163 1688
1163 1856
1164 1165
1164 1170
1164 1171
1164 1174
1164 1187
1164 1203
1164 1208
1164 1214
1164 1217
1164 1221
1164 1226
1164 1234
1164 1237
1164 1242
1164 1251
1164 1274
1164 1282
1164 1293
1164 1306
1164 1309
1164 1320
1164 1332
1164 1342
1164 1345
1164 1348
1164 1349
1164 1353
1164 1362
1164 1364
1164 1370
1164 1371
1164 1378
1164 1386
1164 1387
1164 1391
1164 1392
1164 1402
1164 1408
1164 1417
1164 1420
1164 1424
1164 1428
1164 1437
1164 1441
1164 1443
1164 1452
1164 1459
1164 1472
1164 1474
1164 1490
1164 1610
1165 1171
1165 1174
1165 1181
1165 1182
1165 1195
1165 1199
1165 1201
1165 1206
1165 1208
1165 1218
1165 1222
1165 1231
1165 1240
1165 1241
1165 1270
1165 1278
1165 1287
1165 1290
1165 1292
1165 1299
1165 1320
1165 1333
1165 1334
1165 1340
1165 1344
1165 1352
1165 1353
1165 1356
1165 1366
1165 1369
1165 1370
1165 1372
1165 1373
1165 1380
1165 1392
1165 1395
1165 1404
1165 1411
1165 1426
1165 1432
1165 1434
1165 1449
1165 1456
1165 1458
1165 1472
1165 1480
1165 1660
1165 1891
1165 1892
1166 1172
1166 1174
1166 1177
1166 1180
1166 1183
1166 1195
1166 1210
1166 1213
1166 1220
1166 1247
1166 1260
1166 1264
1166 1266
1166 1268
1166 1280
1166 1282
1166 1286
1166 1292
1166 1294
1166 1314
1166 1328
1166 1336
1166 1341
1166 1343
1166 1344
1166 1345
1166 1350
1166 1357
1166 1363
1166 1365
1166 1369
1166 1380
1166 1385
1166 1387
1166 1388
1166 1389
1166 1398
1166 1417
1166 1422
1166 1426
1166 1463
1166 1471
1166 1472
1166 1474
1166 1482
1166 1570
1166 1945
1167 1171
1167 1183
1167 1187
1167 1198
1167 1204
1167 1207
1167 1208
1167 1213
1167 1215
1167 1219
1167 1226
1167 1229
1167 1233
1167 1240
1167 1242
1167 1256
1167 1259
1167 1264
1167 1271
1167 1283
1167 1286
1167 1292
1167 1304
1167 1305
1167 1312
1167 1323
1167 1326
1167 1343
1167 1358
1167 1368
1167 1374
1167 1375
1167 1383
1167 1384
1167 1404
1167 1405
1167 1406
1167 1420
1167 1432
1167 1449
1167 1460
1167 1463
1167 1472
1167 1748
1167 1788
1167 1905
1168 1174
1168 1175
1168 1190
1168 1197
1168 1224
1168 1249
1168 1263
1168 1276
1168 1324
1168 1329
1168 1330
1168 1333
1168 1349
1168 1350
1168 1351
1168 1363
1168 1373
1168 1381
1168 1400
1168 1409
1168 1418
1168 1422
1168 1439
1168 1443
1168 1461
1168 1466
1168 1472
1168 1475
1168 1477
1168 1480
1168 1486
1168 1564
1169 1171
1169 1173
1169 1184
1169 1187
1169 1215
1169 1218
1169 1222
1169 1233
1169 1234
1169 1238
1169 1243
1169 1248
1169 1267
1169 1273
1169 1287
1169 1289
1169 1300
1169 1303
1169 1314
1169 1319
1169 1321
1169 1331
1169 1332
1169 1343
1169 1362
1169 1365
1169 1394
1169 1399
1169 1402
1169 1407
1169 1408
1169 1410
1169 1418
1169 1422
1169 1429
1169 1430
1169 1433
1169 1442
1169 1446
1169 1448
1169 1450
1169 1451
1169 1454
1169 1460
1169 1479
1169 1564
1169 1719
1169 1983
1170 1186
1170 1196
1170 1197
1170 1200
1170 1207
1170 1209
1170 1214
1170 1230
1170 1247
1170 1262
1170 1279
1170 1288
1170 1296
1170 1302
1170 1311
1170 1317
1170 1329
1170 1341
1170 1347
1170 1349
1170 1352
1170 1367
1170 1398
1170 1407
1170 1429
1170 1430
1170 1436
1170 1443
1170 1450
1170 1459
1170 1469
1170 1472
1170 1474
1170 1479
1170 1485
1170 1486
1170 1721
1170 1941
1171 1173
1171 1182
1171 1186
1171 1197
1171 1198
1171 1213
1171 1219
1171 1223
1171 1230
1171 1234
1171 1244
1171 1265
1171 1268
1171 1270
1171 1271
1171 1273
1171 1281
1171 1296
1171 1312
1171 1316
1171 1318
1171 1329
1171 1335
1171 1343
1171 1350
1171 1361
1171 1367
1171 1371
1171 1403
1171 1409
1171 1419
1171 1427
1171 1431
1171 1437
1171 1444
1171 1448
1171 1449
1171 1452
1171 1455
1171 1458
1171 1462
1171 1464
1171 1469
1171 1473
1171 1484
1171 1487
1171 1489
1171 1723
1171 1965
1172 1177
1172 1181
1172 1197
1172 1211
1172 1215
1172 1217
1172 1235
1172 1237
1172 1257
1172 1270
1172 1271
1172 1272
1172 1274
1172 1280
1172 1286
1172 1293
1172 1298
1172 1299
1172 1305
1172 1306
1172 1324
1172 1329
1172 1335
1172 1344
1172 1348
1172 1351
1172 1370
1172 1382
1172 1398
1172 1410
1172 1421
1172 1439
1172 1448
1172 1463
1172 1466
1172 1468
1172 1469
1172 1471
1172 1477
1172 1486
1172 1531
1172 1632
1172 1797
1173 1174
1173 1179
1173 1183
1173 1188
1173 1191
1173 1207
1173 1216
1173 1219
1173 1237
1173 1238
1173 1246
1173 1258
1173 1264
1173 1272
1173 1277
1173 1301
1173 1322
1173 1326
1173 1327
1173 1342
1173 1349
1173 1366
1173 1367
1173 1372
1173 1377
1173 1389
1173 1422
1173 1431
1173 1433
1173 1437
1173 1458
1173 1463
1173 1470
1173 1474
1173 1477
1173 1478
1173 1481
1173 1485
1173 1488
1173 1727
1173 1813
1174 1179
1174 1194
1174 1196
1174 1203
1174 1221
1174 1231
1174 1242
1174 1243
1174 1244
1174 1248
1174 1254
1174 1258
1174 1260
1174 1271
1174 1275
1174 1284
1174 1296
1174 1301
1174 1303
1174 1306
1174 1316
1174 1327
1174 1329
1174 1342
1174 1356
1174 1363
1174 1365
1174 1367
1174 1372
1174 1373
1174 1378
1174 1387
1174 1388
1174 1396
1174 1406
1174 1409
1174 1415
1174 1440
1174 1442
1174 1444
1174 1448
1174 1450
1174 1454
1174 1457
1174 1462
1174 1470
1174 1472
1174 1476
1174 1931
1175 1181
1175 1190
1175 1191
1175 1200
1175 1204
1175 1208
1175 1213
1175 1215
1175 1216
1175 1234
1175 1245
1175 1246
1175 1256
1175 1258
1175 1261
1175 1263
1175 1279
1175 1281
1175 1302
1175 1326
1175 1332
1175 1345
1175 1349
1175 1354
1175 1369
1175 1370
1175 1389
1175 1394
1175 1397
1175 1398
1175 1405
1175 1414
1175 1416
1175 1421
1175 1422
1175 1430
1175 1432
1175 1440
1175 1443
1175 1444
1175 1449
1175 1450
1175 1452
1175 1454
1175 1455
1175 1474
1175 1484
1175 1489
1175 1551
1175 1557
1175 1760
1176 1190
1176 1196
1176 1212
1176 1221
1176 1231
1176 1237
1176 1247
1176 1262
1176 1264
1176 1273
1176 1286
1176 1290
1176 1306
1176 1307
1176 1308
1176 1315
1176 1316
1176 1319
1176 1332
1176 1333
1176 1345
1176 1346
1176 1349
1176 1352
1176 1368
1176 1376
1176 1379
1176 1383
1176 1385
1176 1396
1176 1399
1176 1405
1176 1407
1176 1409
1176 1429
1176 1433
1176 1439
1176 1440
1176 1453
1176 1461
1176 1462
1176 1463
1176 1476
1176 1484
1176 1488
1176 1717
1177 1178
1177 1180
1177 1182
1177 1193
1177 1217
1177 1222
1177 1225
1177 1238
1177 1249
1177 1252
1177 1263
1177 1264
1177 1286
1177 1292
1177 1295
1177 1309
1177 1326
1177 1333
1177 1335
1177 1351
1177 1353
1177 1367
1177 1380
1177 1393
1177 1402
1177 1404
1177 1419
1177 1423
1177 1427
1177 1444
1177 1459
1177 1462
1177 1467
1177 1469
1177 1471
1177 1701
1178 1184
1178 1192
1178 1194
1178 1202
1178 1205
1178 1222
1178 1225
1178 1241
1178 1249
1178 1254
1178 1255
1178 1256
1178 1260
1178 1261
1178 1266
1178 1269
1178 1272
1178 1284
1178 1286
1178 1299
1178 1303
1178 1306
1178 1309
1178 1316
1178 1318
1178 1320
1178 1321
1178 1323
1178 1327
1178 1328
1178 1333
1178 1335
1178 1353
1178 1357
1178 1365
1178 1367
1178 1389
1178 1402
1178 1420
1178 1421
1178 1423
1178 1427
1178 1432
1178 1456
1178 1481
1178 1489
1178 1581
1178 1599
1178 1822
1179 1186
1179 1218
1179 1228
1179 1229
1179 1245
1179 1249
1179 1256
1179 1270
1179 1273
1179 1277
1179 1281
1179 1299
1179 1318
1179 1326
1179 1336
1179 1341
1179 1343
1179 1346
1179 1366
1179 1384
1179 1404
1179 1410
1179 1411
1179 1427
1179 1433
1179 1435
1179 1442
1179 1447
1179 1458
1179 1461
1179 1466
1179 1482
1179 1489
1179 1817
1179 1970
1180 1190
1180 1194
1180 1196
1180 1231
1180 1233
1180 1247
1180 1259
1180 1269
1180 1296
1180 1309
1180 1323
1180 1363
1180 1365
1180 1377
1180 1380
1180 1384
1180 1398
1180 1399
1180 1410
1180 1416
1180 1418
1180 1419
1180 1433
1180 1436
1180 1439
1180 1465
1180 1471
1180 1476
1180 1480
1180 1482
1180 1544
1180 1721
1180 1753
1181 1187
1181 1193
1181 1197
1181 1202
1181 1237
1181 1240
1181 1258
1181 1269
1181 1276
1181 1279
1181 1284
1181 1286
1181 1289
1181 1294
1181 1300
1181 1303
1181 1324
1181 1334
1181 1353
1181 1355
1181 1359
1181 1367
1181 1373
1181 1375
1181 1380
1181 1388
1181 1394
1181 1411
1181 1417
1181 1459
1181 1471
1181 1476
1181 1489
1181 1837
1181 1841
1181 1978
1182 1184
1182 1186
1182 1201
1182 1206
1182 1208
1182 1212
1182 1219
1182 1245
1182 1246
1182 1252
1182 1256
1182 1257
1182 1278
1182 1282
1182 1283
1182 1293
1182 1296
1182 1298
1182 1302
1182 1312
1182 1313
1182 1315
1182 1326
1182 1327
1182 1335
1182 1339
1182 1352
1182 1363
1182 1371
1182 1384
1182 1391
1182 1398
1182 1408
1182 1418
1182 1422
1182 1423
1182 1424
1182 1425
1182 1428
1182 1433
1182 1449
1182 1460
1182 1464
1182 1473
1182 1478
1182 1480
1182 1486
1182 1487
1182 1721
1182 1744
1182 1865
1182 1939
1183 1185
1183 1200
1183 1209
1183 1211
1183 1218
1183 1239
1183 1248
1183 1249
1183 1278
1183 1289
1183 1290
1183 1308
1183 1315
1183 1317
1183 1330
1183 1355
1183 1361
1183 1376
1183 1380
1183 1383
1183 1386
1183 1388
1183 1393
1183 1400
1183 1404
1183 1410
1183 1412
1183 1427
1183 1435
1183 1454
1183 1455
1183 1474
1183 1482
1183 1484
1183 1487
1183 1489
1183 1530
1183 1752
1183 1854
1184 1187
1184 1188
1184 1195
1184 1215
1184 1220
1184 1221
1184 1222
1184 1223
1184 1236
1184 1242
1184 1255
1184 1256
1184 1258
1184 1267
1184 1271
1184 1272
1184 1293
1184 1312
1184 1340
1184 1348
1184 1349
1184 1354
1184 1364
1184 1393
1184 1399
1184 1403
1184 1404
1184 1433
1184 1436
1184 1448
1184 1465
1184 1467
1184 1483
1184 1488
1184 1635
1184 1662
1184 1676
1184 1816
1184 1828
1184 1898
1184 1943
1184 1961
1185 1188
1185 1194
1185 1195
1185 1199
1185 1214
1185 1226
1185 1256
1185 1280
1185 1293
1185 1302
1185 1308
1185 1311
1185 1316
1185 1338
1185 1339
1185 1357
1185 1361
1185 1363
1185 1365
1185 1370
1185 1378
1185 1386
1185 1401
1185 1404
1185 1405
1185 1406
1185 1407
1185 1409
1185 1430
1185 1439
1185 1451
1185 1461
1185 1470
1185 1472
1185 1474
1185 1476
1185 1477
1185 1643
1185 1865
1185 1986
1186 1187
1186 1231
1186 1242
1186 1251
1186 1252
1186 1253
1186 1263
1186 1268
1186 1282
1186 1293
1186 1309
1186 1311
1186 1323
1186 1327
1186 1340
1186 1348
1186 1349
1186 1361
1186 1388
1186 1395
1186 1396
1186 1409
1186 1422
1186 1440
1186 1445
1186 1451
1186 1454
1186 1459
1186 1472
1186 1474
1186 1923
1186 1962
1187 1198
1187 1199
1187 1205
1187 1225
1187 1226
1187 1230
1187 1238
1187 1249
1187 1263
1187 1282
1187 1283
1187 1329
1187 1337
1187 1348
1187 1367
1187 1368
1187 1385
1187 1388
1187 1389
1187 1394
1187 1397
1187 1404
1187 1407
1187 1411
1187 1414
1187 1427
1187 1429
1187 1443
1187 1447
1187 1454
1187 1455
1187 1473
1187 1482
1187 1485
1187 1632
1187 1747
1188 1193
1188 1208
1188 1213
1188 1218
1188 1222
1188 1227
1188 1234
1188 1249
1188 1272
1188 1281
1188 1290
1188 1297
1188 1306
1188 1310
1188 1313
1188 1321
1188 1329
1188 1330
1188 1340
1188 1343
1188 1349
1188 1370
1188 1371
1188 1396
1188 1397
1188 1400
1188 1401
1188 1424
1188 1425
1188 1427
1188 1431
1188 1445
1188 1449
1188 1465
1188 1467
1188 1468
1188 1472
1188 1482
1188 1736
1188 1751
1188 1928
1188 1937
1188 1977
1189 1193
1189 1199
1189 1200
1189 1212
1189 1229
1189 1237
1189 1247
1189 1259
1189 1278
1189 1279
1189 1285
1189 1293
1189 1295
1189 1303
1189 1304
1189 1313
1189 1316
1189 1318
1189 1333
1189 1350
1189 1357
1189 1358
1189 1365
1189 1367
1189 1385
1189 1392
1189 1399
1189 1401
1189 1406
1189 1409
1189 1415
1189 1431
1189 1434
1189 1439
1189 1459
1189 1468
1189 1483
1189 1484
1189 1686
1189 1705
1189 1908
1190 1211
1190 1213
1190 1217
1190 1229
1190 1231
1190 1238
1190 1239
1190 1261
1190 1271
1190 1302
1190 1323
1190 1327
1190 1328
1190 1331
1190 1349
1190 1353
1190 1362
1190 1375
1190 1378
1190 1385
1190 1398
1190 1400
1190 1402
1190 1410
1190 1412
1190 1413
1190 1430
1190 1431
1190 1435
1190 1447
1190 1449
1190 1464
1190 1472
1190 1473
1190 1482
1190 1597
1190 1781
1190 1823
1190 1973
1191 1203
1191 1206
1191 1231
1191 1237
1191 1240
1191 1254
1191 1256
1191 1261
1191 1279
1191 1297
1191 1300
1191 1309
1191 1310
1191 1319
1191 1325
1191 1326
1191 1329
1191 1332
1191 1333
1191 1336
1191 1340
1191 1342
1191 1343
1191 1360
1191 1373
1191 1414
1191 1416
1191 1421
1191 1427
1191 1437
1191 1438
1191 1442
1191 1460
1191 1472
1191 1475
1191 1753
1191 1966
1192 1206
1192 1211
1192 1215
1192 1229
1192 1230
1192 1236
1192 1242
1192 1247
1192 1256
1192 1264
1192 1266
1192 1270
1192 1274
1192 1281
1192 1308
1192 1312
1192 1322
1192 1324
1192 1333
1192 1342
1192 1358
1192 1359
1192 1370
1192 1373
1192 1375
1192 1377
1192 1383
1192 1397
1192 1412
1192 1440
1192 1443
1192 1445
1192 1449
1192 1454
1192 1455
1192 1456
1192 1461
1192 1482
1192 1484
1192 1485
1192 1489
1192 1494
1192 1694
1192 1927
1192 1940
1193 1222
1193 1229
1193 1250
1193 1266
1193 1272
1193 1276
1193 1280
1193 1281
1193 1287
1193 1289
1193 1296
1193 1298
1193 1301
1193 1311
1193 1316
1193 1327
1193 1328
1193 1341
1193 1342
1193 1365
1193 1370
1193 1373
1193 1379
1193 1381
1193 1388
1193 1405
1193 1411
1193 1429
1193 1434
1193 1439
1193 1463
1193 1465
1193 1477
1193 1480
1193 1486
1193 1605
1193 1682
1193 1946
1193 1977
1194 1205
1194 1215
1194 1221
1194 1225
1194 1251
1194 1255
1194 1256
1194 1263
1194 1273
1194 1274
1194 1297
1194 1304
1194 1317
1194 1327
1194 1331
1194 1337
1194 1340
1194 1358
1194 1359
1194 1365
1194 1369
1194 1399
1194 1402
1194 1414
1194 1419
1194 1420
1194 1437
1194 1441
1194 1454
1194 1469
1194 1475
1194 1480
1194 1483
1194 1490
1194 1620
1194 1771
1194 1927
1195 1202
1195 1204
1195 1209
1195 1213
1195 1237
1195 1254
1195 1268
1195 1282
1195 1289
1195 1290
1195 1322
1195 1329
1195 1341
1195 1347
1195 1357
1195 1367
1195 1383
1195 1395
1195 1397
1195 1400
1195 1404
1195 1406
1195 1407
1195 1419
1195 1433
1195 1441
1195 1450
1195 1458
1195 1461
1195 1462
1195 1468
1195 1484
1195 1575
1195 1694
1195 1779
1195 1895
1196 1201
1196 1203
1196 1204
1196 1206
1196 1214
1196 1217
1196 1229
1196 1242
1196 1244
1196 1255
1196 1284
1196 1289
1196 1314
1196 1317
1196 1320
1196 1351
1196 1366
1196 1389
1196 1401
1196 1410
1196 1413
1196 1426
1196 1427
1196 1434
1196 1435
1196 1439
1196 1447
1196 1456
1196 1459
1196 1466
1196 1468
1196 1469
1196 1477
1196 1478
1196 1483
1196 1488
1196 1590
1196 1613
1196 1740
1196 1809
1196 1819
1197 1230
1197 1238
1197 1248
1197 1251
1197 1256
1197 1258
1197 1259
1197 1260
1197 1273
1197 1277
1197 1280
1197 1294
1197 1313
1197 1317
1197 1325
1197 1328
1197 1334
1197 1335
1197 1341
1197 1349
1197 1350
1197 1364
1197 1384
1197 1386
1197 1392
1197 1413
1197 1427
1197 1428
1197 1429
1197 1431
1197 1437
1197 1449
1197 1451
1197 1461
1197 1462
1197 1467
1197 1485
1197 1490
1197 1639
1197 1692
1197 1940
1198 1201
1198 1202
1198 1221
1198 1229
1198 1233
1198 1235
1198 1239
1198 1241
1198 1247
1198 1250
1198 1253
1198 1256
1198 1269
1198 1272
1198 1273
1198 1275
1198 1279
1198 1287
1198 1288
1198 1289
1198 1309
1198 1324
1198 1329
1198 1332
1198 1345
1198 1346
1198 1348
1198 1355
1198 1376
1198 1377
1198 1382
1198 1386
1198 1387
1198 1393
1198 1395
1198 1453
1198 1458
1198 1459
1198 1465
1198 1475
1198 1482
1198 1490
1198 1621
1198 1870
1199 1201
1199 1208
1199 1211
1199 1214
1199 1221
1199 1222
1199 1249
1199 1255
1199 1258
1199 1259
1199 1264
1199 1271
1199 1280
1199 1286
1199 1292
1199 1293
1199 1301
1199 1305
1199 1311
1199 1320
1199 1323
1199 1355
1199 1361
1199 1363
1199 1370
1199 1386
1199 1387
1199 1394
1199 1396
1199 1399
1199 1404
1199 1416
1199 1438
1199 1443
1199 1450
1199 1452
1199 1453
1199 1458
1199 1459
1199 1460
1199 1471
1199 1480
1199 1486
1199 1685
1199 1743
1200 1214
1200 1216
1200 1219
1200 1227
1200 1228
1200 1230
1200 1232
1200 1245
1200 1247
1200 1248
1200 1252
1200 1265
1200 1280
1200 1284
1200 1292
1200 1293
1200 1297
1200 1316
1200 1330
1200 1335
1200 1336
1200 1358
1200 1367
1200 1370
1200 1387
1200 1395
1200 1397
1200 1408
1200 1414
1200 1427
1200 1430
1200 1439
1200 1443
1200 1447
1200 1451
1200 1460
1200 1466
1200 1467
1200 1470
1200 1476
1200 1489
1200 1555
1200 1717
1200 1819
1201 1204
1201 1207
1201 1210
1201 1226
1201 1228
1201 1244
1201 1245
1201 1257
1201 1272
1201 1279
1201 1280
1201 1281
1201 1294
1201 1297
1201 1315
1201 1329
1201 1336
1201 1338
1201 1348
1201 1351
1201 1355
1201 1357
1201 1359
1201 1367
1201 1377
1201 1382
1201 1389
1201 1396
1201 1416
1201 1419
1201 1424
1201 1428
1201 1433
1201 1444
1201 1446
1201 1453
1201 1459
1201 1464
1201 1465
1201 1469
1201 1471
1201 1473
1201 1476
1201 1489
1201 1548
1201 1649
1201 1935
1202 1203
1202 1206
1202 1208
1202 1228
1202 1229
1202 1236
1202 1246
1202 1249
1202 1254
1202 1265
1202 1267
1202 1278
1202 1288
1202 1292
1202 1313
1202 1319
1202 1332
1202 1334
1202 1335
1202 1337
1202 1339
1202 1345
1202 1346
1202 1347
1202 1349
1202 1352
1202 1361
1202 1370
1202 1374
1202 1378
1202 1400
1202 1402
1202 1403
1202 1412
1202 1413
1202 1416
1202 1432
1202 1433
1202 1439
1202 1442
1202 1447
1202 1458
1202 1469
1202 1475
1202 1476
1202 1482
1202 1626
1202 1798
1202 1878
1203 1205
1203 1207
1203 1216
1203 1221
1203 1222
1203 1239
1203 1244
1203 1256
1203 1259
1203 1264
1203 1267
1203 1270
1203 1288
1203 1296
1203 1300
1203 1303
1203 1304
1203 1306
1203 1324
1203 1340
1203 1346
1203 1349
1203 1356
1203 1363
1203 1376
1203 1384
1203 1393
1203 1398
1203 1402
1203 1410
1203 1429
1203 1433
1203 1445
1203 1454
1203 1461
1203 1463
1203 1472
1203 1479
1203 1488
1203 1660
1204 1216
1204 1223
1204 1229
1204 1239
1204 1240
1204 1245
1204 1250
1204 1254
1204 1264
1204 1275
1204 1289
1204 1291
1204 1302
1204 1309
1204 1327
1204 1348
1204 1349
1204 1361
1204 1365
1204 1374
1204 1381
1204 1390
1204 1396
1204 1400
1204 1407
1204 1409
1204 1415
1204 1417
1204 1426
1204 1434
1204 1436
1204 1441
1204 1446
1204 1448
1204 1450
1204 1453
1204 1458
1204 1470
1204 1531
1204 1860
1204 1868
1204 1906
1204 1951
1204 1964
1205 1213
1205 1218
1205 1228
1205 1234
1205 1241
1205 1244
1205 1247
1205 1250
1205 1253
1205 1259
1205 1262
1205 1271
1205 1291
1205 1292
1205 1298
1205 1301
1205 1310
1205 1311
1205 1314
1205 1345
1205 1347
1205 1352
1205 1353
1205 1355
1205 1375
1205 1379
1205 1387
1205 1392
1205 1405
1205 1409
1205 1425
1205 1428
1205 1430
1205 1437
1205 1460
1205 1464
1205 1471
1205 1482
1205 1616
1205 1721
1205 1728
1205 1903
1206 1207
1206 1220
1206 1222
1206 1223
1206 1225
1206 1234
1206 1235
1206 1240
1206 1251
1206 1255
1206 1261
1206 1269
1206 1292
1206 1293
1206 1295
1206 1304
1206 1314
1206 1315
1206 1326
1206 1334
1206 1335
1206 1336
1206 1360
1206 1363
1206 1369
1206 1373
1206 1383
1206 1391
1206 1404
1206 1406
1206 1412
1206 1421
1206 1427
1206 1434
1206 1442
1206 1443
1206 1455
1206 1456
1206 1461
1206 1462
1206 1464
1206 1473
1206 1485
1206 1746
1206 1886
1206 1929
1207 1210
1207 1215
1207 1218
1207 1220
1207 1225
1207 1228
1207 1234
1207 1237
1207 1244
1207 1246
1207 1255
1207 1262
1207 1275
1207 1286
1207 1287
1207 1312
1207 1324
1207 1336
1207 1360
1207 1366
1207 1386
1207 1391
1207 1393
1207 1422
1207 1434
1207 1440
1207 1441
1207 1444
1207 1446
1207 1458
1207 1462
1207 1464
1207 1469
1207 1477
1207 1482
1207 1486
1207 1514
1207 1526
1207 1731
1207 1913
1208 1209
1208 1216
1208 1221
1208 1234
1208 1241
1208 1249
1208 1251
1208 1255
1208 1261
1208 1262
1208 1265
1208 1273
1208 1275
1208 1285
1208 1286
1208 1310
1208 1313
1208 1317
1208 1318
1208 1324
1208 1336
1208 1372
1208 1379
1208 1382
1208 1385
1208 1418
1208 1430
1208 1459
1208 1475
1208 1478
1208 1481
1208 1482
1208 1486
1208 1570
1209 1214
1209 1220
1209 1231
1209 1234
1209 1237
1209 1249
1209 1260
1209 1261
1209 1262
1209 1263
1209 1276
1209 1278
1209 1290
1209 1295
1209 1300
1209 1302
1209 1305
1209 1311
1209 1330
1209 1337
1209 1338
1209 1344
1209 1349
1209 1372
1209 1389
1209 1395
1209 1414
1209 1423
1209 1425
1209 1436
1209 1441
1209 1448
1209 1449
1209 1467
1209 1469
1209 1472
1209 1483
1209 1486
1209 1491
1209 1522
1209 1536
1209 1752
1209 1795
1209 1952
1210 1224
1210 1233
1210 1269
1210 1271
1210 1277
1210 1284
1210 1285
1210 1286
1210 1289
1210 1303
1210 1310
1210 1313
1210 1322
1210 1323
1210 1332
1210 1339
1210 1362
1210 1366
1210 1374
1210 1377
1210 1387
1210 1388
1210 1393
1210 1395
1210 1399
1210 1402
1210 1404
1210 1406
1210 1414
1210 1416
1210 1422
1210 1425
1210 1439
1210 1444
1210 1452
1210 1457
1210 1458
1210 1464
1210 1474
1210 1485
1210 1489
1210 1490
1210 1589
1211 1226
1211 1233
1211 1241
1211 1242
1211 1249
1211 1251
1211 1255
1211 1262
1211 1271
1211 1282
1211 1284
1211 1295
1211 1297
1211 1298
1211 1301
1211 1314
1211 1317
1211 1322
1211 1333
1211 1356
1211 1370
1211 1384
1211 1393
1211 1394
1211 1396
1211 1416
1211 1428
1211 1430
1211 1431
1211 1440
1211 1441
1211 1445
1211 1460
1211 1475
1211 1478
1211 1484
1211 1486
1211 1530
1211 1536
1211 1635
1211 1752
1212 1243
1212 1245
1212 1258
1212 1267
1212 1271
1212 1278
1212 1287
1212 1296
1212 1298
1212 1336
1212 1349
1212 1359
1212 1360
1212 1362
1212 1373
1212 1374
1212 1381
1212 1383
1212 1386
1212 1404
1212 1416
1212 1423
1212 1431
1212 1434
1212 1440
1212 1444
1212 1449
1212 1470
1212 1472
1212 1547
1212 1777
1212 1798
1212 1883
1213 1217
1213 1221
1213 1222
1213 1231
1213 1233
1213 1255
1213 1257
1213 1262
1213 1269
1213 1273
1213 1274
1213 1275
1213 1279
1213 1314
1213 1323
1213 1346
1213 1349
1213 1350
1213 1371
1213 1387
1213 1397
1213 1400
1213 1401
1213 1411
1213 1414
1213 1415
1213 1418
1213 1427
1213 1454
1213 1460
1213 1461
1213 1468
1213 1470
1213 1480
1213 1484
1213 1487
1213 1519
1213 1533
1213 1908
1213 1920
1214 1218
1214 1223
1214 1228
1214 1233
1214 1238
1214 1249
1214 1251
1214 1252
1214 1258
1214 1259
1214 1266
1214 1276
1214 1280
1214 1284
1214 1299
1214 1323
1214 1324
1214 1334
1214 1336
1214 1344
1214 1348
1214 1355
1214 1360
1214 1373
1214 1391
1214 1396
1214 1402
1214 1404
1214 1410
1214 1415
1214 1425
1214 1427
1214 1444
1214 1448
1214 1451
1214 1472
1214 1485
1214 1486
1214 1508
1214 1687
1215 1218
1215 1228
1215 1234
1215 1286
1215 1288
1215 1296
1215 1309
1215 1320
1215 1321
1215 1329
1215 1336
1215 1340
1215 1346
1215 1349
1215 1354
1215 1359
1215 1368
1215 1383
1215 1399
1215 1421
1215 1422
1215 1424
1215 1433
1215 1435
1215 1448
1215 1449
1215 1454
1215 1465
1215 1468
1215 1477
1215 1479
1215 1482
1215 1485
1215 1487
1215 1607
1215 1617
1215 1806
1215 1813
1215 1851
1216 1238
1216 1239
1216 1248
1216 1251
1216 1260
1216 1262
1216 1275
1216 1287
1216 1290
1216 1295
1216 1319
1216 1325
1216 1328
1216 1334
1216 1338
1216 1348
1216 1354
1216 1356
1216 1358
1216 1365
1216 1366
1216 1383
1216 1384
1216 1397
1216 1398
1216 1405
1216 1406
1216 1427
1216 1442
1216 1456
1216 1459
1216 1462
1216 1465
1216 1466
1216 1470
1216 1478
1216 1489
1216 1577
1216 1682
1216 1801
1216 1933
1216 1987
1217 1234
1217 1237
1217 1242
1217 1262
1217 1263
1217 1270
1217 1275
1217 1277
1217 1290
1217 1292
1217 1293
1217 1297
1217 1308
1217 1315
1217 1317
1217 1319
1217 1327
1217 1337
1217 1365
1217 1373
1217 1375
1217 1377
1217 1383
1217 1403
1217 1406
1217 1412
1217 1418
1217 1426
1217 1428
1217 1443
1217 1456
1217 1460
1217 1462
1217 1464
1217 1468
1217 1480
1217 1617
1217 1761
1217 1902
1217 1975
1217 1979
1218 1229
1218 1239
1218 1254
1218 1263
1218 1267
1218 1268
1218 1274
1218 1279
1218 1286
1218 1287
1218 1291
1218 1299
1218 1301
1218 1307
1218 1312
1218 1314
1218 1317
1218 1321
1218 1326
1218 1331
1218 1348
1218 1362
1218 1363
1218 1376
1218 1387
1218 1401
1218 1413
1218 1420
1218 1426
1218 1432
1218 1433
1218 1439
1218 1443
1218 1444
1218 1447
1218 1465
1218 1472
1218 1485
1218 1489
1218 1490
1218 1546
1219 1220
1219 1237
1219 1240
1219 1241
1219 1271
1219 1273
1219 1275
1219 1276
1219 1286
1219 1300
1219 1303
1219 1304
1219 1320
1219 1337
1219 1339
1219 1351
1219 1359
1219 1360
1219 1367
1219 1371
1219 1372
1219 1382
1219 1388
1219 1392
1219 1398
1219 1400
1219 1404
1219 1406
1219 1410
1219 1413
1219 1423
1219 1432
1219 1445
1219 1452
1219 1458
1219 1464
1219 1479
1219 1480
1219 1481
1219 1566
1219 1672
1219 1706
1220 1237
1220 1238
1220 1266
1220 1280
1220 1285
1220 1287
1220 1292
1220 1297
1220 1305
1220 1317
1220 1332
1220 1342
1220 1353
1220 1366
1220 1367
1220 1369
1220 1376
1220 1405
1220 1407
1220 1413
1220 1418
1220 1438
1220 1445
1220 1457
1220 1461
1220 1466
1220 1478
1220 1485
1220 1497
1220 1644
1220 1882
1221 1227
1221 1230
1221 1232
1221 1236
1221 1254
1221 1263
1221 1268
1221 1270
1221 1291
1221 1292
1221 1311
1221 1315
1221 1323
1221 1332
1221 1341
1221 1347
1221 1355
1221 1366
1221 1368
1221 1386
1221 1405
1221 1422
1221 1423
1221 1428
1221 1440
1221 1451
1221 1452
1221 1458
1221 1462
1221 1471
1221 1476
1221 1477
1221 1485
1221 1487
1221 1509
1221 1517
1221 1765
1221 1803
1221 1925
1222 1224
1222 1238
1222 1247
1222 1262
1222 1276
1222 1283
1222 1288
1222 1292
1222 1295
1222 1335
1222 1348
1222 1383
1222 1388
1222 1393
1222 1407
1222 1417
1222 1421
1222 1422
1222 1429
1222 1440
1222 1447
1222 1458
1222 1462
1222 1481
1222 1489
1222 1522
1222 1670
1222 1713
1222 1798
1222 1967
1223 1225
1223 1226
1223 1227
1223 1248
1223 1251
1223 1276
1223 1287
1223 1299
1223 1316
1223 1320
1223 1326
1223 1353
1223 1355
1223 1366
1223 1389
1223 1392
1223 1396
1223 1401
1223 1430
1223 1437
1223 1446
1223 1448
1223 1460
1223 1481
1223 1486
1223 1517
1223 1523
1224 1231
1224 1244
1224 1256
1224 1257
1224 1260
1224 1262
1224 1265
1224 1267
1224 1276
1224 1282
1224 1289
1224 1290
1224 1293
1224 1303
1224 1308
1224 1325
1224 1331
1224 1334
1224 1338
1224 1345
1224 1352
1224 1359
1224 1363
1224 1367
1224 1369
1224 1379
1224 1380
1224 1382
1224 1395
1224 1396
1224 1407
1224 1423
1224 1453
1224 1460
1224 1484
1224 1822
1225 1230
1225 1234
1225 1236
1225 1239
1225 1243
1225 1252
1225 1280
1225 1282
1225 1295
1225 1299
1225 1300
1225 1303
1225 1304
1225 1306
1225 1309
1225 1319
1225 1322
1225 1325
1225 1326
1225 1347
1225 1357
1225 1376
1225 1378
1225 1390
1225 1403
1225 1406
1225 1412
1225 1417
1225 1430
1225 1436
1225 1442
1225 1452
1225 1453
1225 1455
1225 1477
1225 1484
1225 1645
1226 1229
1226 1237
1226 1238
1226 1243
1226 1245
1226 1246
1226 1251
1226 1264
1226 1265
1226 1281
1226 1282
1226 1286
1226 1291
1226 1295
1226 1304
1226 1307
1226 1308
1226 1315
1226 1316
1226 1324
1226 1333
1226 1334
1226 1351
1226 1355
1226 1358
1226 1364
1226 1367
1226 1379
1226 1392
1226 1409
1226 1412
1226 1418
1226 1423
1226 1426
1226 1430
1226 1437
1226 1441
1226 1457
1226 1458
1226 1463
1226 1476
1226 1481
1226 1486
1226 1507
1226 1527
1226 1587
1226 1650
1226 1659
1226 1748
1226 1843
1226 1905
1226 1923
1226 1932
1227 1235
1227 1239
1227 1241
1227 1243
1227 1245
1227 1257
1227 1258
1227 1261
1227 1270
1227 1296
1227 1298
1227 1300
1227 1305
1227 1312
1227 1326
1227 1329
1227 1338
1227 1346
1227 1354
1227 1361
1227 1362
1227 1364
1227 1381
1227 1404
1227 1412
1227 1416
1227 1423
1227 1426
1227 1428
1227 1432
1227 1433
1227 1461
1227 1470
1227 1471
1227 1473
1227 1475
1227 1478
1227 1484
1227 1489
1227 1815
1227 1964
1228 1229
1228 1230
1228 1253
1228 1260
1228 1262
1228 1268
1228 1269
1228 1271
1228 1276
1228 1284
1228 1287
1228 1292
1228 1299
1228 1331
1228 1332
1228 1337
1228 1345
1228 1346
1228 1349
1228 1360
1228 1372
1228 1383
1228 1384
1228 1389
1228 1396
1228 1405
1228 1430
1228 1434
1228 1442
1228 1447
1228 1448
1228 1453
1228 1454
1228 1458
1228 1487
1228 1508
1228 1509
1228 1658
1228 1864
1228 1978
1229 1235
1229 1246
1229 1258
1229 1274
1229 1280
1229 1282
1229 1287
1229 1289
1229 1294
1229 1299
1229 1303
1229 1308
1229 1322
1229 1334
1229 1336
1229 1340
1229 1355
1229 1357
1229 1368
1229 1371
1229 1372
1229 1373
1229 1376
1229 1391
1229 1397
1229 1413
1229 1414
1229 1431
1229 1439
1229 1440
1229 1442
1229 1447
1229 1450
1229 1459
1229 1461
1229 1472
1229 1484
1229 1485
1229 1807
1229 1872
1229 1889
1229 1976
1230 1236
1230 1250
1230 1258
1230 1260
1230 1302
1230 1310
1230 1316
1230 1324
1230 1336
1230 1346
1230 1356
1230 1360
1230 1361
1230 1367
1230 1369
1230 1378
1230 1380
1230 1393
1230 1397
1230 1411
1230 1426
1230 1433
1230 1440
1230 1442
1230 1450
1230 1455
1230 1567
1230 1825
1231 1243
1231 1244
1231 1245
1231 1251
1231 1278
1231 1287
1231 1290
1231 1306
1231 1316
1231 1348
1231 1351
1231 1361
1231 1366
1231 1371
1231 1389
1231 1397
1231 1417
1231 1418
1231 1419
1231 1425
1231 1432
1231 1435
1231 1439
1231 1446
1231 1448
1231 1465
1231 1472
1231 1477
1231 1486
1232 1234
1232 1245
1232 1249
1232 1250
1232 1283
1232 1288
1232 1306
1232 1309
1232 1311
1232 1314
1232 1326
1232 1331
1232 1334
1232 1344
1232 1349
1232 1380
1232 1404
1232 1414
1232 1420
1232 1422
1232 1430
1232 1441
1232 1444
1232 1447
1232 1448
1232 1455
1232 1465
1232 1466
1232 1470
1232 1490
1232 1526
1232 1815
1232 1931
1233 1240
1233 1247
1233 1250
1233 1263
1233 1266
1233 1267
1233 1269
1233 1270
1233 1273
1233 1283
1233 1301
1233 1302
1233 1311
1233 1314
1233 1320
1233 1327
1233 1349
1233 1350
1233 1351
1233 1356
1233 1364
1233 1365
1233 1369
1233 1381
1233 1404
1233 1408
1233 1409
1233 1412
1233 1439
1233 1449
1233 1463
1233 1465
1233 1473
1233 1480
1233 1488
1233 1532
1233 1548
1233 1599
1233 1648
1233 1660
1233 1705
1233 1775
1233 1982
1234 1238
1234 1241
1234 1244
1234 1245
1234 1256
1234 1259
1234 1260
1234 1263
1234 1267
1234 1273
1234 1276
1234 1288
1234 1297
1234 1312
1234 1331
1234 1344
1234 1345
1234 1346
1234 1352
1234 1355
1234 1358
1234 1360
1234 1363
1234 1366
1234 1375
1234 1391
1234 1392
1234 1397
1234 1451
1234 1456
1234 1457
1234 1459
1234 1475
1234 1485
1234 1539
1234 1624
1234 1633
1235 1237
1235 1241
1235 1247
1235 1271
1235 1323
1235 1325
1235 1327
1235 1339
1235 1342
1235 1359
1235 1366
1235 1374
1235 1380
1235 1381
1235 1387
1235 1393
1235 1394
1235 1407
1235 1413
1235 1435
1235 1436
1235 1439
1235 1451
1235 1452
1235 1453
1235 1463
1235 1467
1235 1472
1235 1474
1235 1482
1235 1483
1235 1522
1235 1682
1235 1735
1235 1962
1236 1243
1236 1250
1236 1252
1236 1254
1236 1259
1236 1279
1236 1281
1236 1289
1236 1295
1236 1296
1236 1299
1236 1305
1236 1309
1236 1319
1236 1346
1236 1348
1236 1356
1236 1363
1236 1373
1236 1378
1236 1379
1236 1389
1236 1393
1236 1399
1236 1414
1236 1417
1236 1437
1236 1451
1236 1453
1236 1459
1236 1483
1236 1487
1236 1499
1236 1886
1237 1241
1237 1250
1237 1253
1237 1256
1237 1257
1237 1264
1237 1271
1237 1277
1237 1278
1237 1279
1237 1293
1237 1310
1237 1313
1237 1315
1237 1317
1237 1337
1237 1347
1237 1350
1237 1354
1237 1363
1237 1375
1237 1389
1237 1394
1237 1395
1237 1396
1237 1406
1237 1412
1237 1416
1237 1417
1237 1421
1237 1426
1237 1427
1237 1428
1237 1447
1237 1451
1237 1463
1237 1476
1237 1477
1237 1502
1237 1566
1237 1826
1237 1849
1238 1284
1238 1289
1238 1297
1238 1299
1238 1307
1238 1321
1238 1327
1238 1331
1238 1333
1238 1335
1238 1350
1238 1352
1238 1363
1238 1367
1238 1373
1238 1393
1238 1394
1238 1397
1238 1401
1238 1409
1238 1418
1238 1419
1238 1421
1238 1422
1238 1424
1238 1446
1238 1449
1238 1457
1238 1460
1238 1474
1238 1480
1238 1781
1239 1246
1239 1255
1239 1256
1239 1263
1239 1264
1239 1266
1239 1273
1239 1287
1239 1293
1239 1299
1239 1304
1239 1316
1239 1333
1239 1336
1239 1352
1239 1360
1239 1364
1239 1366
1239 1369
1239 1371
1239 1381
1239 1385
1239 1386
1239 1393
1239 1401
1239 1417
1239 1430
1239 1431
1239 1441
1239 1446
1239 1450
1239 1455
1239 1466
1239 1469
1239 1477
1239 1701
1239 1721
1239 1762
1240 1244
1240 1248
1240 1263
1240 1266
1240 1272
1240 1278
1240 1287
1240 1300
1240 1301
1240 1312
1240 1315
1240 1319
1240 1342
1240 1346
1240 1351
1240 1355
1240 1359
1240 1360
1240 1364
1240 1373
1240 1378
1240 1379
1240 1387
1240 1397
1240 1402
1240 1403
1240 1419
1240 1421
1240 1439
1240 1456
1240 1460
1240 1461
1240 1467
1240 1475
1240 1482
1240 1489
1240 1559
1241 1247
1241 1253
1241 1255
1241 1279
1241 1280
1241 1284
1241 1285
1241 1288
1241 1289
1241 1310
1241 1316
1241 1327
1241 1330
1241 1335
1241 1341
1241 1342
1241 1348
1241 1372
1241 1381
1241 1382
1241 1389
1241 1390
1241 1393
1241 1411
1241 1414
1241 1419
1241 1435
1241 1442
1241 1447
1241 1450
1241 1454
1241 1455
1241 1457
1241 1463
1241 1468
1241 1478
1241 1480
1241 1486
1241 1532
1241 1602
1241 1708
1241 1766
1241 1857
1241 1979
1242 1252
1242 1254
1242 1255
1242 1264
1242 1270
1242 1290
1242 1292
1242 1303
1242 1306
1242 1336
1242 1348
1242 1349
1242 1351
1242 1357
1242 1361
1242 1362
1242 1368
1242 1403
1242 1409
1242 1419
1242 1426
1242 1444
1242 1457
1242 1468
1242 1470
1242 1486
1242 1685
1242 1942
1243 1250
1243 1266
1243 1269
1243 1275
1243 1276
1243 1283
1243 1284
1243 1317
1243 1319
1243 1323
1243 1329
1243 1350
1243 1354
1243 1356
1243 1371
1243 1390
1243 1393
1243 1394
1243 1411
1243 1413
1243 1418
1243 1454
1243 1460
1243 1571
1244 1258
1244 1259
1244 1268
1244 1275
1244 1281
1244 1286
1244 1288
1244 1310
1244 1314
1244 1318
1244 1324
1244 1331
1244 1337
1244 1350
1244 1351
1244 1352
1244 1379
1244 1385
1244 1388
1244 1394
1244 1399
1244 1431
1244 1433
1244 1436
1244 1445
1244 1456
1244 1469
1244 1474
1244 1480
1244 1482
1245 1247
1245 1248
1245 1258
1245 1269
1245 1276
1245 1285
1245 1292
1245 1297
1245 1304
1245 1309
1245 1313
1245 1319
1245 1327
1245 1343
1245 1347
1245 1351
1245 1353
1245 1356
1245 1357
1245 1373
1245 1390
1245 1394
1245 1395
1245 1406
1245 1408
1245 1419
1245 1427
1245 1430
1245 1433
1245 1437
1245 1440
1245 1443
1245 1445
1245 1448
1245 1454
1245 1455
1245 1458
1245 1474
1245 1477
1245 1483
1245 1534
1245 1546
1245 1658
1245 1746
1245 1757
1245 1818
1245 1937
1246 1255
1246 1283
1246 1291
1246 1336
1246 1338
1246 1340
1246 1344
1246 1352
1246 1359
1246 1361
1246 1366
1246 1371
1246 1372
1246 1384
1246 1394
1246 1398
1246 1402
1246 1434
1246 1435
1246 1446
1246 1460
1246 1482
1246 1483
1246 1486
1246 1488
1246 1548
1246 1814
1246 1920
1247 1249
1247 1273
1247 1285
1247 1309
1247 1319
1247 1321
1247 1325
1247 1330
1247 1331
1247 1338
1247 1341
1247 1342
1247 1343
1247 1346
1247 1348
1247 1351
1247 1356
1247 1372
1247 1378
1247 1382
1247 1384
1247 1394
1247 1398
1247 1402
1247 1407
1247 1424
1247 1432
1247 1444
1247 1445
1247 1447
1247 1453
1247 1454
1247 1461
1247 1482
1247 1489
1247 1518
1247 1648
1248 1256
1248 1258
1248 1275
1248 1278
1248 1288
1248 1291
1248 1293
1248 1304
1248 1305
1248 1308
1248 1309
1248 1312
1248 1335
1248 1338
1248 1343
1248 1345
1248 1347
1248 1358
1248 1360
1248 1388
1248 1389
1248 1395
1248 1398
1248 1401
1248 1420
1248 1424
1248 1430
1248 1439
1248 1446
1248 1452
1248 1460
1248 1462
1248 1463
1248 1466
1248 1470
1248 1473
1248 1476
1248 1487
1248 1490
1248 1504
1248 1770
1248 1816
1248 1823
1248 1965
1249 1256
1249 1263
1249 1267
1249 1270
1249 1272
1249 1276
1249 1286
1249 1289
1249 1316
1249 1320
1249 1323
1249 1334
1249 1361
1249 1366
1249 1370
1249 1372
1249 1388
1249 1390
1249 1406
1249 1407
1249 1423
1249 1439
1249 1451
1249 1465
1249 1466
1249 1470
1249 1476
1249 1478
1249 1516
1249 1577
1249 1619
1249 1643
1249 1788
1249 1864
1250 1251
1250 1253
1250 1260
1250 1263
1250 1270
1250 1271
1250 1275
1250 1290
1250 1293
1250 1305
1250 1306
1250 1311
1250 1314
1250 1323
1250 1328
1250 1329
1250 1332
1250 1352
1250 1355
1250 1366
1250 1369
1250 1376
1250 1377
1250 1385
1250 1386
1250 1398
1250 1407
1250 1418
1250 1425
1250 1427
1250 1433
1250 1434
1250 1447
1250 1464
1250 1473
1250 1475
1250 1484
1250 1690
1250 1797
1250 1800
1250 1925
1251 1284
1251 1285
1251 1290
1251 1296
1251 1308
1251 1309
1251 1314
1251 1315
1251 1327
1251 1333
1251 1338
1251 1345
1251 1347
1251 1352
1251 1361
1251 1374
1251 1375
1251 1384
1251 1388
1251 1401
1251 1409
1251 1445
1251 1452
1251 1454
1251 1472
1251 1475
1251 1478
1251 1480
1251 1483
1251 1485
1251 1506
1251 1550
1251 1641
1251 1831
1252 1260
1252 1270
1252 1281
1252 1291
1252 1294
1252 1299
1252 1302
1252 1316
1252 1317
1252 1333
1252 1346
1252 1351
1252 1356
1252 1360
1252 1369
1252 1376
1252 1400
1252 1401
1252 1405
1252 1411
1252 1420
1252 1426
1252 1427
1252 1449
1252 1462
1252 1474
1252 1480
1252 1486
1252 1524
1252 1873
1252 1929
1253 1259
1253 1263
1253 1267
1253 1272
1253 1280
1253 1300
1253 1303
1253 1310
1253 1311
1253 1327
1253 1332
1253 1336
1253 1338
1253 1339
1253 1348
1253 1352
1253 1354
1253 1356
1253 1371
1253 1384
1253 1398
1253 1401
1253 1407
1253 1413
1253 1419
1253 1428
1253 1451
1253 1452
1253 1467
1253 1474
1253 1720
1254 1261
1254 1273
1254 1274
1254 1292
1254 1302
1254 1309
1254 1326
1254 1337
1254 1340
1254 1348
1254 1350
1254 1368
1254 1388
1254 1403
1254 1405
1254 1417
1254 1430
1254 1435
1254 1436
1254 1437
1254 1450
1254 1454
1254 1468
1254 1475
1254 1478
1254 1506
1254 1712
1254 1744
1254 1853
1255 1271
1255 1272
1255 1294
1255 1306
1255 1312
1255 1321
1255 1323
1255 1358
1255 1360
1255 1361
1255 1366
1255 1376
1255 1379
1255 1380
1255 1386
1255 1389
1255 1397
1255 1402
1255 1405
1255 1408
1255 1414
1255 1417
1255 1427
1255 1433
1255 1435
1255 1438
1255 1445
1255 1460
1255 1502
1255 1639
1255 1651
1255 1802
1255 1911
1255 1917
1255 1955
1256 1259
1256 1265
1256 1278
1256 1280
1256 1287
1256 1296
1256 1303
1256 1310
1256 1321
1256 1341
1256 1345
1256 1366
1256 1368
1256 1369
1256 1370
1256 1381
1256 1382
1256 1392
1256 1393
1256 1403
1256 1404
1256 1412
1256 1413
1256 1419
1256 1423
1256 1424
1256 1427
1256 1429
1256 1431
1256 1433
1256 1439
1256 1440
1256 1445
1256 1451
1256 1452
1256 1455
1256 1460
1256 1462
1256 1463
1256 1469
1256 1485
1256 1490
1256 1759
1257 1263
1257 1265
1257 1280
1257 1289
1257 1294
1257 1298
1257 1299
1257 1305
1257 1328
1257 1332
1257 1339
1257 1340
1257 1345
1257 1360
1257 1366
1257 1374
1257 1384
1257 1387
1257 1388
1257 1393
1257 1394
1257 1395
1257 1396
1257 1398
1257 1405
1257 1424
1257 1443
1257 1451
1257 1453
1257 1463
1257 1465
1257 1472
1257 1483
1257 1486
1257 1487
1257 1489
1257 1572
1257 1574
1257 1747
1257 1884
1257 1921
1258 1272
1258 1274
1258 1282
1258 1284
1258 1302
1258 1304
1258 1322
1258 1341
1258 1345
1258 1391
1258 1404
1258 1406
1258 1418
1258 1426
1258 1429
1258 1437
1258 1449
1258 1455
1258 1468
1258 1474
1258 1479
1258 1517
1258 1626
1258 1638
1258 1866
1258 1917
1259 1262
1259 1266
1259 1307
1259 1314
1259 1336
1259 1338
1259 1347
1259 1348
1259 1358
1259 1361
1259 1365
1259 1369
1259 1377
1259 1387
1259 1388
1259 1394
1259 1407
1259 1416
1259 1438
1259 1439
1259 1453
1259 1455
1259 1458
1259 1462
1259 1465
1259 1480
1259 1488
1259 1631
1259 1921
1260 1261
1260 1270
1260 1275
1260 1287
1260 1288
1260 1292
1260 1296
1260 1305
1260 1318
1260 1319
1260 1324
1260 1333
1260 1334
1260 1337
1260 1342
1260 1370
1260 1374
1260 1380
1260 1436
1260 1451
1260 1455
1260 1465
1260 1472
1260 1474
1260 1509
1260 1797
1260 1825
1261 1291
1261 1296
1261 1297
1261 1299
1261 1314
1261 1320
1261 1323
1261 1353
1261 1360
1261 1361
1261 1374
1261 1375
1261 1388
1261 1407
1261 1417
1261 1422
1261 1424
1261 1425
1261 1428
1261 1430
1261 1448
1261 1453
1261 1454
1261 1456
1261 1457
1261 1459
1261 1466
1261 1479
1261 1482
1261 1483
1261 1486
1261 1978
1262 1265
1262 1266
1262 1269
1262 1275
1262 1314
1262 1319
1262 1322
1262 1335
1262 1340
1262 1348
1262 1359
1262 1373
1262 1390
1262 1395
1262 1396
1262 1403
1262 1420
1262 1431
1262 1433
1262 1443
1262 1452
1262 1454
1262 1457
1262 1459
1262 1465
1262 1474
1262 1476
1262 1478
1262 1489
1262 1553
1262 1640
1262 1782
1262 1833
1262 1856
1262 1886
1262 1931
1263 1271
1263 1275
1263 1279
1263 1284
1263 1290
1263 1304
1263 1315
1263 1334
1263 1355
1263 1361
1263 1377
1263 1379
1263 1388
1263 1403
1263 1405
1263 1413
1263 1419
1263 1426
1263 1427
1263 1430
1263 1474
1263 1651
1264 1265
1264 1268
1264 1279
1264 1281
1264 1298
1264 1305
1264 1331
1264 1341
1264 1351
1264 1369
1264 1381
1264 1401
1264 1404
1264 1408
1264 1409
1264 1410
1264 1412
1264 1423
1264 1445
1264 1461
1264 1465
1264 1467
1264 1471
1264 1547
1264 1550
1264 1581
1264 1747
1265 1267
1265 1268
1265 1270
1265 1288
1265 1298
1265 1300
1265 1319
1265 1321
1265 1325
1265 1328
1265 1340
1265 1351
1265 1358
1265 1373
1265 1376
1265 1382
1265 1383
1265 1386
1265 1400
1265 1401
1265 1406
1265 1417
1265 1420
1265 1452
1265 1459
1265 1460
1265 1464
1265 1474
1265 1476
1265 1481
1265 1484
1265 1601
1265 1771
1266 1269
1266 1274
1266 1277
1266 1278
1266 1279
1266 1281
1266 1287
1266 1291
1266 1292
1266 1295
1266 1301
1266 1312
1266 1315
1266 1319
1266 1324
1266 1325
1266 1327
1266 1335
1266 1340
1266 1344
1266 1349
1266 1361
1266 1369
1266 1377
1266 1390
1266 1400
1266 1408
1266 1409
1266 1410
1266 1411
1266 1425
1266 1426
1266 1442
1266 1449
1266 1459
1266 1473
1266 1476
1266 1480
1266 1488
1266 1495
1266 1657
1266 1689
1266 1801
1266 1930
1266 1933
1266 1957
1267 1272
1267 1284
1267 1288
1267 1296
1267 1298
1267 1300
1267 1322
1267 1328
1267 1342
1267 1356
1267 1359
1267 1361
1267 1364
1267 1368
1267 1369
1267 1375
1267 1381
1267 1390
1267 1397
1267 1403
1267 1404
1267 1409
1267 1422
1267 1433
1267 1435
1267 1444
1267 1445
1267 1446
1267 1449
1267 1467
1267 1471
1267 1472
1267 1479
1267 1490
1267 1509
1267 1566
1267 1923
1267 1968
1268 1277
1268 1278
1268 1292
1268 1310
1268 1328
1268 1330
1268 1335
1268 1348
1268 1356
1268 1359
1268 1364
1268 1374
1268 1378
1268 1381
1268 1400
1268 1401
1268 1402
1268 1419
1268 1420
1268 1426
1268 1435
1268 1442
1268 1447
1268 1451
1268 1463
1268 1469
1268 1487
1268 1490
1268 1502
1268 1524
1268 1565
1268 1902
1268 1911
1269 1273
1269 1274
1269 1280
1269 1302
1269 1304
1269 1309
1269 1320
1269 1329
1269 1332
1269 1338
1269 1339
1269 1343
1269 1347
1269 1353
1269 1367
1269 1369
1269 1380
1269 1389
1269 1398
1269 1401
1269 1402
1269 1406
1269 1411
1269 1413
1269 1430
1269 1432
1269 1433
1269 1452
1269 1454
1269 1458
1269 1468
1269 1469
1269 1473
1269 1490
1269 1645
1269 1936
1270 1272
1270 1303
1270 1326
1270 1351
1270 1355
1270 1363
1270 1377
1270 1386
1270 1387
1270 1393
1270 1404
1270 1414
1270 1435
1270 1446
1270 1447
1270 1448
1270 1449
1270 1457
1270 1483
1270 1592
1270 1599
1270 1734
1271 1277
1271 1280
1271 1290
1271 1293
1271 1308
1271 1331
1271 1350
1271 1351
1271 1354
1271 1357
1271 1374
1271 1378
1271 1382
1271 1383
1271 1388
1271 1394
1271 1411
1271 1412
1271 1418
1271 1419
1271 1423
1271 1428
1271 1437
1271 1446
1271 1447
1271 1448
1271 1453
1271 1460
1271 1461
1271 1463
1271 1465
1271 1475
1271 1478
1271 1502
1271 1557
1271 1565
1271 1632
1271 1725
1271 1876
1271 1902
1272 1276
1272 1278
1272 1285
1272 1289
1272 1293
1272 1299
1272 1332
1272 1336
1272 1340
1272 1351
1272 1354
1272 1355
1272 1358
1272 1360
1272 1362
1272 1369
1272 1383
1272 1402
1272 1411
1272 1413
1272 1457
1272 1469
1272 1475
1272 1476
1272 1486
1272 1489
1272 1570
1272 1945
1273 1277
1273 1280
1273 1288
1273 1302
1273 1304
1273 1306
1273 1315
1273 1326
1273 1329
1273 1334
1273 1344
1273 1356
1273 1363
1273 1373
1273 1385
1273 1386
1273 1387
1273 1413
1273 1417
1273 1418
1273 1423
1273 1426
1273 1427
1273 1431
1273 1435
1273 1440
1273 1443
1273 1445
1273 1449
1273 1461
1273 1473
1273 1488
1273 1550
1273 1566
1274 1287
1274 1299
1274 1301
1274 1308
1274 1309
1274 1310
1274 1311
1274 1316
1274 1337
1274 1352
1274 1356
1274 1358
1274 1361
1274 1363
1274 1374
1274 1403
1274 1413
1274 1416
1274 1421
1274 1425
1274 1441
1274 1450
1274 1451
1274 1452
1274 1455
1274 1479
1274 1486
1274 1916
1275 1277
1275 1281
1275 1289
1275 1301
1275 1312
1275 1320
1275 1338
1275 1345
1275 1346
1275 1348
1275 1349
1275 1352
1275 1353
1275 1358
1275 1369
1275 1378
1275 1389
1275 1396
1275 1399
1275 1405
1275 1412
1275 1418
1275 1419
1275 1422
1275 1429
1275 1432
1275 1458
1275 1462
1275 1467
1275 1477
1275 1484
1275 1486
1275 1531
1275 1653
1275 1671
1275 1702
1275 1798
1275 1888
1276 1278
1276 1286
1276 1287
1276 1305
1276 1309
1276 1331
1276 1345
1276 1357
1276 1362
1276 1364
1276 1366
1276 1383
1276 1397
1276 1398
1276 1412
1276 1415
1276 1428
1276 1440
1276 1461
1276 1462
1276 1463
1276 1469
1276 1475
1276 1506
1276 1936
1277 1281
1277 1286
1277 1295
1277 1307
1277 1329
1277 1330
1277 1336
1277 1342
1277 1346
1277 1361
1277 1371
1277 1373
1277 1378
1277 1379
1277 1382
1277 1389
1277 1390
1277 1393
1277 1396
1277 1401
1277 1410
1277 1423
1277 1435
1277 1450
1277 1451
1277 1452
1277 1455
1277 1458
1277 1463
1277 1469
1277 1489
1277 1490
1277 1576
1277 1822
1278 1294
1278 1297
1278 1308
1278 1350
1278 1356
1278 1367
1278 1369
1278 1380
1278 1382
1278 1390
1278 1392
1278 1401
1278 1410
1278 1412
1278 1417
1278 1427
1278 1442
1278 1454
1278 1455
1278 1464
1279 1281
1279 1285
1279 1306
1279 1313
1279 1315
1279 1322
1279 1324
1279 1350
1279 1353
1279 1369
1279 1377
1279 1378
1279 1383
1279 1385
1279 1391
1279 1402
1279 1407
1279 1433
1279 1453
1279 1475
1279 1479
1279 1480
1279 1597
1279 1900
1280 1293
1280 1294
1280 1298
1280 1307
1280 1320
1280 1330
1280 1351
1280 1355
1280 1361
1280 1364
1280 1381
1280 1390
1280 1398
1280 1403
1280 1409
1280 1432
1280 1437
1280 1438
1280 1455
1280 1482
1280 1486
1280 1488
1280 1552
1280 1577
1280 1627
1280 1747
1280 1801
1281 1284
1281 1285
1281 1287
1281 1288
1281 1289
1281 1306
1281 1311
1281 1313
1281 1317
1281 1325
1281 1332
1281 1334
1281 1353
1281 1365
1281 1373
1281 1383
1281 1384
1281 1394
1281 1397
1281 1409
1281 1413
1281 1417
1281 1418
1281 1422
1281 1426
1281 1429
1281 1432
1281 1448
1281 1461
1281 1463
1281 1469
1281 1487
1281 1613
1281 1823
1281 1880
1281 1957
1282 1288
1282 1298
1282 1303
1282 1312
1282 1314
1282 1316
1282 1322
1282 1335
1282 1350
1282 1357
1282 1371
1282 1377
1282 1388
1282 1399
1282 1441
1282 1452
1282 1489
1282 1696
1282 1809
1283 1296
1283 1299
1283 1300
1283 1313
1283 1329
1283 1336
1283 1337
1283 1338
1283 1348
1283 1365
1283 1374
1283 1381
1283 1383
1283 1384
1283 1386
1283 1387
1283 1397
1283 1399
1283 1408
1283 1410
1283 1413
1283 1415
1283 1431
1283 1441
1283 1452
1283 1456
1283 1462
1283 1464
1283 1465
1283 1470
1283 1537
1283 1583
1283 1586
1283 1624
1283 1648
1283 1831
1283 1977
1284 1286
1284 1288
1284 1294
1284 1301
1284 1303
1284 1311
1284 1318
1284 1320
1284 1321
1284 1348
1284 1354
1284 1365
1284 1370
1284 1402
1284 1405
1284 1410
1284 1412
1284 1417
1284 1419
1284 1428
1284 1433
1284 1438
1284 1441
1284 1442
1284 1446
1284 1448
1284 1451
1284 1469
1284 1470
1284 1475
1284 1476
1284 1479
1284 1598
1284 1699
1284 1795
1285 1303
1285 1348
1285 1350
1285 1352
1285 1353
1285 1355
1285 1361
1285 1380
1285 1382
1285 1386
1285 1393
1285 1395
1285 1400
1285 1403
1285 1413
1285 1426
1285 1430
1285 1440
1285 1441
1285 1453
1285 1461
1285 1474
1285 1476
1285 1483
1285 1488
1285 1490
1285 1643
1285 1859
1285 1931
1286 1290
1286 1292
1286 1307
1286 1308
1286 1315
1286 1316
1286 1342
1286 1361
1286 1377
1286 1382
1286 1391
1286 1398
1286 1414
1286 1417
1286 1423
1286 1432
1286 1440
1286 1449
1286 1459
1286 1461
1286 1464
1286 1469
1286 1515
1286 1658
1286 1846
1286 1863
1287 1298
1287 1307
1287 1311
1287 1321
1287 1339
1287 1348
1287 1351
1287 1359
1287 1360
1287 1363
1287 1365
1287 1366
1287 1377
1287 1384
1287 1387
1287 1393
1287 1401
1287 1405
1287 1410
1287 1441
1287 1449
1287 1456
1287 1461
1287 1475
1287 1484
1287 1519
1288 1290
1288 1294
1288 1298
1288 1302
1288 1303
1288 1309
1288 1313
1288 1316
1288 1318
1288 1336
1288 1340
1288 1343
1288 1344
1288 1346
1288 1354
1288 1359
1288 1374
1288 1376
1288 1408
1288 1409
1288 1445
1288 1458
1288 1459
1288 1468
1288 1475
1288 1479
1288 1487
1288 1710
1288 1781
1288 1920
1288 1944
1289 1291
1289 1298
1289 1304
1289 1313
1289 1317
1289 1320
1289 1321
1289 1329
1289 1330
1289 1339
1289 1347
1289 1381
1289 1382
1289 1385
1289 1390
1289 1395
1289 1410
1289 1415
1289 1422
1289 1444
1289 1450
1289 1452
1289 1461
1289 1465
1289 1480
1289 1490
1290 1291
1290 1301
1290 1326
1290 1334
1290 1338
1290 1347
1290 1349
1290 1356
1290 1368
1290 1375
1290 1377
1290 1378
1290 1383
1290 1395
1290 1426
1290 1429
1290 1441
1290 1442
1290 1443
1290 1446
1290 1452
1290 1464
1290 1488
1290 1489
1290 1587
1290 1639
1290 1690
1290 1758
1290 1826
1290 1884
1291 1300
1291 1312
1291 1316
1291 1335
1291 1369
1291 1371
1291 1372
1291 1393
1291 1399
1291 1421
1291 1423
1291 1424
1291 1425
1291 1435
1291 1444
1291 1456
1291 1470
1291 1479
1291 1656
1291 1947
1292 1297
1292 1312
1292 1320
1292 1321
1292 1326
1292 1333
1292 1338
1292 1339
1292 1341
1292 1350
1292 1371
1292 1378
1292 1386
1292 1388
1292 1389
1292 1400
1292 1411
1292 1424
1292 1431
1292 1434
1292 1441
1292 1449
1292 1467
1292 1482
1292 1526
1292 1782
1293 1298
1293 1306
1293 1316
1293 1317
1293 1321
1293 1323
1293 1324
1293 1333
1293 1335
1293 1341
1293 1348
1293 1352
1293 1380
1293 1415
1293 1424
1293 1427
1293 1438
1293 1442
1293 1469
1293 1471
1293 1482
1293 1585
1294 1331
1294 1343
1294 1348
1294 1350
1294 1356
1294 1361
1294 1365
1294 1384
1294 1387
1294 1392
1294 1394
1294 1407
1294 1410
1294 1411
1294 1429
1294 1448
1294 1450
1294 1461
1294 1467
1294 1475
1294 1477
1294 1482
1294 1483
1294 1591
1294 1857
1295 1303
1295 1305
1295 1317
1295 1320
1295 1336
1295 1337
1295 1340
1295 1346
1295 1355
1295 1361
1295 1384
1295 1385
1295 1396
1295 1415
1295 1437
1295 1442
1295 1453
1295 1468
1295 1472
1295 1479
1295 1582
1295 1654
1295 1665
1295 1687
1295 1987
1296 1297
1296 1305
1296 1316
1296 1323
1296 1332
1296 1343
1296 1345
1296 1352
1296 1360
1296 1371
1296 1378
1296 1379
1296 1380
1296 1383
1296 1387
1296 1400
1296 1406
1296 1410
1296 1435
1296 1455
1296 1465
1296 1468
1296 1472
1296 1484
1296 1502
1296 1978
1297 1298
1297 1300
1297 1301
1297 1321
1297 1325
1297 1330
1297 1338
1297 1339
1297 1360
1297 1375
1297 1387
1297 1389
1297 1390
1297 1412
1297 1414
1297 1420
1297 1423
1297 1428
1297 1451
1297 1452
1297 1454
1297 1455
1297 1462
1297 1466
1297 1468
1297 1470
1297 1477
1297 1484
1297 1488
1297 1666
1297 1731
1298 1306
1298 1316
1298 1319
1298 1351
1298 1362
1298 1368
1298 1387
1298 1393
1298 1397
1298 1403
1298 1404
1298 1417
1298 1421
1298 1424
1298 1435
1298 1443
1298 1450
1298 1452
1298 1454
1298 1464
1298 1465
1298 1466
1298 1468
1298 1472
1298 1481
1298 1486
1298 1537
1299 1302
1299 1306
1299 1307
1299 1317
1299 1332
1299 1341
1299 1342
1299 1354
1299 1371
1299 1376
1299 1380
1299 1390
1299 1392
1299 1400
1299 1401
1299 1404
1299 1405
1299 1408
1299 1424
1299 1432
1299 1437
1299 1438
1299 1449
1299 1450
1299 1455
1299 1463
1299 1466
1299 1473
1299 1482
1299 1614
1299 1825
1300 1306
1300 1315
1300 1330
1300 1331
1300 1343
1300 1373
1300 1377
1300 1379
1300 1382
1300 1384
1300 1396
1300 1399
1300 1408
1300 1410
1300 1412
1300 1425
1300 1440
1300 1449
1300 1451
1300 1460
1300 1461
1300 1472
1300 1481
1300 1483
1300 1484
1300 1485
1300 1670
1300 1786
1301 1310
1301 1313
1301 1315
1301 1327
1301 1329
1301 1330
1301 1332
1301 1333
1301 1344
1301 1348
1301 1356
1301 1390
1301 1408
1301 1414
1301 1420
1301 1426
1301 1438
1301 1440
1301 1446
1301 1454
1301 1469
1301 1480
1301 1483
1301 1490
1301 1577
1302 1316
1302 1326
1302 1339
1302 1342
1302 1353
1302 1361
1302 1371
1302 1375
1302 1377
1302 1396
1302 1403
1302 1413
1302 1417
1302 1420
1302 1421
1302 1429
1302 1431
1302 1438
1302 1444
1302 1453
1302 1461
1302 1466
1302 1468
1302 1475
1302 1486
1302 1494
1302 1519
1303 1308
1303 1310
1303 1323
1303 1345
1303 1370
1303 1387
1303 1396
1303 1397
1303 1403
1303 1410
1303 1415
1303 1419
1303 1433
1303 1441
1303 1442
1303 1446
1303 1454
1303 1456
1303 1457
1303 1479
1303 1487
1303 1524
1303 1683
1303 1772
1304 1311
1304 1312
1304 1319
1304 1321
1304 1323
1304 1333
1304 1337
1304 1338
1304 1349
1304 1350
1304 1355
1304 1362
1304 1368
1304 1369
1304 1371
1304 1373
1304 1379
1304 1387
1304 1388
1304 1397
1304 1405
1304 1412
1304 1419
1304 1430
1304 1447
1304 1459
1304 1470
1304 1484
1304 1486
1304 1551
1304 1692
1304 1846
1304 1860
1304 1871
1304 1932
1305 1321
1305 1356
1305 1374
1305 1376
1305 1377
1305 1379
1305 1380
1305 1383
1305 1385
1305 1401
1305 1404
1305 1405
1305 1416
1305 1417
1305 1426
1305 1437
1305 1455
1305 1467
1305 1469
1305 1476
1305 1477
1305 1486
1305 1631
1305 1663
1305 1902
1305 1931
1306 1323
1306 1328
1306 1331
1306 1338
1306 1340
1306 1345
1306 1353
1306 1355
1306 1358
1306 1369
1306 1373
1306 1394
1306 1397
1306 1398
1306 1401
1306 1406
1306 1421
1306 1439
1306 1445
1306 1455
1306 1464
1306 1466
1306 1520
1306 1715
1306 1881
1307 1308
1307 1313
1307 1317
1307 1333
1307 1334
1307 1340
1307 1350
1307 1351
1307 1359
1307 1365
1307 1367
1307 1376
1307 1380
1307 1381
1307 1382
1307 1384
1307 1406
1307 1411
1307 1417
1307 1430
1307 1432
1307 1441
1307 1447
1307 1458
1307 1461
1307 1478
1307 1480
1307 1482
1307 1611
1307 1650
1307 1881
1307 1917
1308 1309
1308 1311
1308 1316
1308 1328
1308 1332
1308 1334
1308 1339
1308 1351
1308 1354
1308 1357
1308 1358
1308 1368
1308 1374
1308 1375
1308 1378
1308 1391
1308 1397
1308 1421
1308 1423
1308 1424
1308 1425
1308 1438
1308 1441
1308 1458
1308 1468
1308 1477
1308 1483
1308 1484
1308 1487
1308 1491
1308 1530
1309 1310
1309 1334
1309 1350
1309 1361
1309 1363
1309 1381
1309 1382
1309 1383
1309 1395
1309 1415
1309 1416
1309 1418
1309 1424
1309 1425
1309 1436
1309 1438
1309 1461
1309 1462
1309 1467
1309 1473
1309 1488
1309 1586
1309 1621
1309 1741
1309 1846
1309 1866
1309 1899
1310 1314
1310 1353
1310 1360
1310 1361
1310 1367
1310 1374
1310 1375
1310 1381
1310 1390
1310 1392
1310 1395
1310 1397
1310 1406
1310 1419
1310 1431
1310 1437
1310 1446
1310 1451
1310 1453
1310 1454
1310 1469
1310 1479
1310 1489
1310 1761
1310 1818
1310 1851
1310 1925
1310 1928
1311 1313
1311 1316
1311 1317
1311 1332
1311 1336
1311 1350
1311 1368
1311 1370
1311 1374
1311 1378
1311 1390
1311 1394
1311 1405
1311 1411
1311 1416
1311 1426
1311 1432
1311 1437
1311 1449
1311 1615
1311 1651
1311 1663
1311 1762
1312 1341
1312 1345
1312 1362
1312 1374
1312 1382
1312 1398
1312 1400
1312 1404
1312 1409
1312 1413
1312 1421
1312 1422
1312 1428
1312 1431
1312 1438
1312 1441
1312 1444
1312 1448
1312 1463
1312 1468
1312 1469
1312 1483
1312 1487
1312 1490
1312 1543
1312 1772
1312 1871
1313 1314
1313 1332
1313 1333
1313 1335
1313 1340
1313 1357
1313 1364
1313 1367
1313 1378
1313 1385
1313 1388
1313 1389
1313 1411
1313 1417
1313 1429
1313 1434
1313 1437
1313 1447
1313 1448
1313 1460
1313 1463
1313 1466
1313 1467
1313 1468
1313 1475
1313 1476
1313 1480
1313 1532
1313 1686
1313 1761
1313 1834
1313 1852
1314 1319
1314 1323
1314 1333
1314 1347
1314 1350
1314 1354
1314 1364
1314 1366
1314 1372
1314 1379
1314 1386
1314 1394
1314 1401
1314 1410
1314 1412
1314 1417
1314 1421
1314 1425
1314 1435
1314 1436
1314 1452
1314 1462
1314 1465
1314 1473
1314 1475
1314 1485
1314 1489
1314 1883
1314 1957
1315 1318
1315 1326
1315 1328
1315 1333
1315 1344
1315 1347
1315 1380
1315 1390
1315 1413
1315 1420
1315 1429
1315 1435
1315 1442
1315 1450
1315 1456
1315 1462
1315 1472
1315 1475
1315 1476
1315 1479
1315 1481
1315 1822
1315 1870
1316 1325
1316 1329
1316 1335
1316 1344
1316 1349
1316 1355
1316 1372
1316 1373
1316 1374
1316 1390
1316 1396
1316 1419
1316 1437
1316 1449
1316 1450
1316 1467
1316 1483
1316 1649
1316 1773
1316 1831
1316 1853
1316 1949
1317 1319
1317 1320
1317 1323
1317 1327
1317 1332
1317 1343
1317 1355
1317 1356
1317 1371
1317 1381
1317 1384
1317 1385
1317 1392
1317 1424
1317 1431
1317 1442
1317 1446
1317 1456
1317 1468
1317 1473
1317 1475
1317 1478
1317 1482
1317 1489
1317 1866
1318 1335
1318 1347
1318 1349
1318 1362
1318 1366
1318 1399
1318 1400
1318 1404
1318 1411
1318 1415
1318 1428
1318 1433
1318 1436
1318 1444
1318 1445
1318 1452
1318 1463
1318 1474
1318 1476
1318 1496
1318 1597
1318 1677
1318 1716
1318 1900
1319 1324
1319 1338
1319 1352
1319 1359
1319 1360
1319 1370
1319 1372
1319 1375
1319 1384
1319 1392
1319 1422
1319 1431
1319 1441
1319 1472
1319 1474
1319 1481
1319 1482
1319 1484
1319 1485
1319 1489
1319 1508
1319 1729
1319 1876
1319 1942
1319 1951
1320 1322
1320 1324
1320 1335
1320 1339
1320 1340
1320 1343
1320 1344
1320 1348
1320 1351
1320 1358
1320 1359
1320 1361
1320 1372
1320 1375
1320 1379
1320 1383
1320 1394
1320 1400
1320 1412
1320 1422
1320 1423
1320 1424
1320 1426
1320 1446
1320 1455
1320 1467
1320 1469
1320 1471
1320 1473
1320 1477
1320 1487
1320 1488
1320 1588
1320 1789
1321 1330
1321 1340
1321 1345
1321 1351
1321 1358
1321 1361
1321 1363
1321 1366
1321 1367
1321 1368
1321 1370
1321 1371
1321 1374
1321 1387
1321 1396
1321 1410
1321 1415
1321 1431
1321 1432
1321 1448
1321 1455
1321 1457
1321 1463
1321 1465
1321 1480
1321 1505
1321 1540
1321 1667
1321 1971
1322 1327
1322 1335
1322 1344
1322 1352
1322 1354
1322 1355
1322 1357
1322 1361
1322 1368
1322 1373
1322 1380
1322 1385
1322 1387
1322 1393
1322 1416
1322 1422
1322 1435
1322 1436
1322 1444
1322 1446
1322 1452
1322 1463
1322 1466
1322 1475
1322 1478
1322 1482
1322 1484
1322 1697
1322 1850
1322 1856
1323 1339
1323 1348
1323 1361
1323 1362
1323 1364
1323 1369
1323 1379
1323 1385
1323 1390
1323 1397
1323 1398
1323 1399
1323 1403
1323 1432
1323 1434
1323 1444
1323 1470
1323 1473
1323 1476
1323 1478
1323 1482
1323 1489
1323 1890
1323 1912
1324 1330
1324 1333
1324 1348
1324 1358
1324 1360
1324 1371
1324 1377
1324 1379
1324 1383
1324 1392
1324 1397
1324 1437
1324 1440
1324 1465
1324 1533
1324 1624
1324 1720
1324 1844
1324 1886
1325 1328
1325 1332
1325 1334
1325 1339
1325 1345
1325 1350
1325 1357
1325 1362
1325 1391
1325 1410
1325 1419
1325 1423
1325 1428
1325 1431
1325 1432
1325 1435
1325 1443
1325 1445
1325 1458
1325 1469
1325 1480
1325 1599
1325 1767
1325 1964
1326 1330
1326 1331
1326 1338
1326 1340
1326 1341
1326 1365
1326 1385
1326 1400
1326 1406
1326 1427
1326 1431
1326 1437
1326 1438
1326 1443
1326 1451
1326 1458
1326 1465
1326 1475
1326 1479
1326 1490
1326 1524
1326 1643
1326 1763
1327 1328
1327 1331
1327 1334
1327 1342
1327 1346
1327 1349
1327 1360
1327 1379
1327 1385
1327 1397
1327 1416
1327 1424
1327 1452
1327 1455
1327 1462
1327 1468
1327 1469
1327 1470
1327 1473
1327 1484
1327 1775
1327 1776
1327 1783
1327 1854
1328 1333
1328 1340
1328 1341
1328 1343
1328 1344
1328 1372
1328 1375
1328 1384
1328 1389
1328 1394
1328 1414
1328 1432
1328 1440
1328 1465
1328 1469
1328 1470
1328 1489
1328 1682
1328 1940
1329 1341
1329 1344
1329 1353
1329 1364
1329 1369
1329 1379
1329 1387
1329 1390
1329 1404
1329 1415
1329 1423
1329 1429
1329 1436
1329 1450
1329 1457
1329 1458
1329 1466
1329 1474
1329 1507
1329 1571
1329 1841
1329 1893
1330 1331
1330 1345
1330 1350
1330 1379
1330 1400
1330 1402
1330 1403
1330 1413
1330 1423
1330 1427
1330 1430
1330 1433
1330 1434
1330 1439
1330 1440
1330 1453
1330 1460
1330 1463
1330 1481
1330 1549
1330 1583
1330 1685
1331 1332
1331 1344
1331 1348
1331 1354
1331 1355
1331 1356
1331 1373
1331 1381
1331 1391
1331 1395
1331 1401
1331 1403
1331 1404
1331 1405
1331 1426
1331 1437
1331 1440
1331 1444
1331 1451
1331 1465
1331 1480
1331 1484
1331 1487
1331 1585
1331 1773
1331 1851
1332 1360
1332 1370
1332 1376
1332 1380
1332 1411
1332 1415
1332 1416
1332 1424
1332 1426
1332 1434
1332 1442
1332 1450
1332 1456
1332 1464
1332 1467
1332 1470
1332 1475
1332 1476
1332 1477
1332 1480
1332 1490
1332 1643
1332 1770
1333 1334
1333 1347
1333 1365
1333 1376
1333 1380
1333 1383
1333 1394
1333 1397
1333 1401
1333 1408
1333 1430
1333 1439
1333 1447
1333 1451
1333 1456
1333 1459
1333 1463
1333 1469
1333 1471
1333 1479
1333 1579
1333 1631
1333 1709
1333 1730
1333 1835
1333 1908
1333 1951
1334 1340
1334 1350
1334 1356
1334 1361
1334 1362
1334 1364
1334 1369
1334 1375
1334 1402
1334 1414
1334 1424
1334 1426
1334 1430
1334 1433
1334 1435
1334 1437
1334 1440
1334 1443
1334 1450
1334 1453
1334 1463
1334 1466
1334 1471
1334 1650
1334 1927
1335 1339
1335 1346
1335 1347
1335 1358
1335 1381
1335 1390
1335 1397
1335 1398
1335 1403
1335 1406
1335 1412
1335 1414
1335 1436
1335 1446
1335 1467
1335 1478
1335 1486
1335 1489
1335 1517
1335 1787
1336 1340
1336 1357
1336 1359
1336 1385
1336 1394
1336 1397
1336 1407
1336 1410
1336 1421
1336 1444
1336 1446
1336 1451
1336 1460
1336 1465
1336 1472
1336 1473
1336 1475
1336 1477
1336 1479
1336 1566
1336 1671
1336 1717
1336 1871
1336 1891
1336 1902
1336 1969
1337 1345
1337 1356
1337 1359
1337 1368
1337 1379
1337 1380
1337 1390
1337 1394
1337 1399
1337 1405
1337 1406
1337 1425
1337 1426
1337 1433
1337 1454
1337 1457
1337 1460
1337 1461
1337 1465
1337 1471
1337 1488
1337 1547
1337 1797
1338 1344
1338 1350
1338 1358
1338 1361
1338 1368
1338 1373
1338 1377
1338 1382
1338 1383
1338 1385
1338 1387
1338 1404
1338 1406
1338 1408
1338 1409
1338 1427
1338 1448
1338 1452
1338 1472
1338 1475
1338 1477
1338 1478
1338 1485
1338 1490
1338 1747
1338 1817
1339 1348
1339 1350
1339 1359
1339 1365
1339 1387
1339 1392
1339 1393
1339 1411
1339 1414
1339 1423
1339 1442
1339 1443
1339 1448
1339 1455
1339 1459
1339 1470
1339 1475
1339 1485
1339 1740
1339 1954
1340 1351
1340 1354
1340 1358
1340 1372
1340 1377
1340 1403
1340 1423
1340 1432
1340 1437
1340 1470
1340 1481
1340 1482
1340 1564
1340 1758
1340 1770
1340 1811
1341 1348
1341 1350
1341 1353
1341 1367
1341 1375
1341 1379
1341 1380
1341 1383
1341 1392
1341 1398
1341 1403
1341 1415
1341 1430
1341 1433
1341 1434
1341 1443
1341 1445
1341 1453
1342 1344
1342 1345
1342 1355
1342 1357
1342 1362
1342 1363
1342 1371
1342 1407
1342 1408
1342 1418
1342 1419
1342 1424
1342 1434
1342 1449
1342 1454
1342 1461
1342 1472
1342 1474
1342 1485
1342 1490
1342 1500
1342 1567
1342 1896
1343 1344
1343 1348
1343 1355
1343 1364
1343 1382
1343 1408
1343 1417
1343 1419
1343 1421
1343 1431
1343 1438
1343 1439
1343 1440
1343 1441
1343 1442
1343 1456
1343 1461
1343 1471
1343 1482
1343 1488
1343 1569
1343 1572
1343 1581
1343 1643
1343 1933
1343 1965
1344 1360
1344 1381
1344 1403
1344 1410
1344 1413
1344 1415
1344 1418
1344 1419
1344 1420
1344 1421
1344 1430
1344 1437
1344 1441
1344 1457
1344 1465
1344 1476
1344 1637
1344 1747
1344 1932
1344 1950
1344 1969
1345 1347
1345 1358
1345 1361
1345 1367
1345 1375
1345 1400
1345 1408
1345 1415
1345 1425
1345 1430
1345 1431
1345 1433
1345 1435
1345 1438
1345 1444
1345 1449
1345 1462
1345 1463
1345 1469
1345 1471
1345 1477
1345 1481
1345 1489
1345 1605
1345 1752
1345 1888
1346 1347
1346 1352
1346 1364
1346 1368
1346 1370
1346 1373
1346 1375
1346 1381
1346 1387
1346 1388
1346 1405
1346 1409
1346 1414
1346 1418
1346 1425
1346 1452
1346 1470
1346 1482
1346 1485
1346 1646
1346 1671
1346 1784
1346 1824
1346 1865
1346 1976
1347 1356
1347 1358
1347 1359
1347 1363
1347 1369
1347 1375
1347 1379
1347 1388
1347 1389
1347 1390
1347 1392
1347 1400
1347 1422
1347 1430
1347 1436
1347 1440
1347 1442
1347 1444
1347 1459
1347 1461
1347 1462
1347 1464
1347 1466
1347 1472
1347 1475
1347 1485
1347 1487
1347 1488
1347 1825
1347 1844
1347 1948
1348 1358
1348 1359
1348 1365
1348 1366
1348 1379
1348 1380
1348 1382
1348 1395
1348 1406
1348 1426
1348 1459
1348 1465
1348 1466
1348 1471
1348 1474
1348 1476
1348 1483
1348 1484
1348 1601
1348 1675
1348 1889
1348 1922
1349 1350
1349 1351
1349 1352
1349 1354
1349 1363
1349 1364
1349 1388
1349 1393
1349 1394
1349 1402
1349 1411
1349 1420
1349 1421
1349 1422
1349 1429
1349 1443
1349 1445
1349 1447
1349 1455
1349 1459
1349 1460
1349 1464
1349 1489
1349 1642
1350 1356
1350 1357
1350 1359
1350 1365
1350 1373
1350 1378
1350 1382
1350 1383
1350 1388
1350 1392
1350 1397
1350 1398
1350 1405
1350 1410
1350 1416
1350 1427
1350 1429
1350 1451
1350 1458
1350 1477
1350 1480
1350 1484
1350 1489
1350 1490
1350 1591
1351 1355
1351 1364
1351 1373
1351 1377
1351 1379
1351 1380
1351 1381
1351 1387
1351 1389
1351 1407
1351 1409
1351 1412
1351 1434
1351 1445
1351 1459
1351 1462
1351 1467
1351 1482
1351 1605
1351 1614
1351 1703
1351 1935
1351 1937
1351 1985
1352 1358
1352 1413
1352 1418
1352 1426
1352 1432
1352 1433
1352 1438
1352 1440
1352 1449
1352 1450
1352 1471
1352 1478
1352 1486
1352 1849
1352 1962
1353 1355
1353 1377
1353 1380
1353 1381
1353 1393
1353 1406
1353 1419
1353 1431
1353 1440
1353 1446
1353 1451
1353 1454
1353 1461
1353 1467
1353 1468
1353 1473
1353 1485
1353 1528
1353 1595
1353 1817
1353 1838
1353 1973
1354 1358
1354 1364
1354 1371
1354 1375
1354 1391
1354 1395
1354 1420
1354 1425
1354 1428
1354 1468
1354 1472
1354 1474
1354 1487
1354 1488
1354 1642
1354 1689
1354 1754
1354 1770
1354 1788
1354 1810
1354 1840
1355 1360
1355 1378
1355 1387
1355 1388
1355 1398
1355 1408
1355 1413
1355 1416
1355 1423
1355 1434
1355 1440
1355 1448
1355 1460
1355 1472
1355 1476
1355 1483
1355 1484
1355 1486
1355 1637
1355 1741
1355 1758
1355 1772
1355 1952
1356 1359
1356 1373
1356 1382
1356 1388
1356 1398
1356 1405
1356 1413
1356 1416
1356 1430
1356 1435
1356 1445
1356 1458
1356 1459
1356 1463
1356 1466
1356 1469
1356 1475
1356 1482
1356 1484
1356 1486
1356 1489
1356 1514
1356 1646
1356 1685
1357 1364
1357 1372
1357 1381
1357 1395
1357 1402
1357 1408
1357 1409
1357 1414
1357 1418
1357 1427
1357 1430
1357 1437
1357 1438
1357 1439
1357 1442
1357 1443
1357 1445
1357 1450
1357 1451
1357 1454
1357 1466
1357 1468
1357 1484
1357 1486
1357 1643
1358 1359
1358 1361
1358 1368
1358 1372
1358 1375
1358 1376
1358 1393
1358 1394
1358 1404
1358 1406
1358 1433
1358 1434
1358 1439
1358 1449
1358 1452
1358 1463
1358 1464
1358 1471
1358 1475
1358 1479
1358 1488
1358 1590
1358 1626
1358 1672
1358 1709
1358 1727
1358 1897
1358 1924
1358 1968
1359 1365
1359 1368
1359 1372
1359 1387
1359 1419
1359 1425
1359 1440
1359 1472
1359 1473
1359 1474
1359 1475
1359 1482
1359 1484
1359 1485
1359 1691
1359 1704
1359 1916
1359 1957
1360 1362
1360 1365
1360 1367
1360 1368
1360 1369
1360 1393
1360 1410
1360 1426
1360 1432
1360 1435
1360 1447
1360 1452
1360 1457
1360 1483
1360 1489
1360 1490
1360 1525
1360 1867
1360 1877
1361 1367
1361 1384
1361 1398
1361 1400
1361 1407
1361 1427
1361 1438
1361 1441
1361 1452
1361 1453
1361 1458
1361 1460
1361 1469
1361 1471
1361 1476
1361 1487
1361 1678
1361 1924
1362 1379
1362 1394
1362 1406
1362 1413
1362 1421
1362 1422
1362 1444
1362 1466
1362 1469
1362 1477
1362 1480
1362 1801
1362 1803
1363 1365
1363 1376
1363 1384
1363 1389
1363 1396
1363 1397
1363 1401
1363 1403
1363 1411
1363 1412
1363 1432
1363 1434
1363 1439
1363 1441
1363 1451
1363 1467
1363 1471
1363 1476
1363 1478
1363 1571
1363 1805
1363 1813
1363 1976
1364 1369
1364 1372
1364 1379
1364 1382
1364 1384
1364 1386
1364 1387
1364 1398
1364 1409
1364 1410
1364 1412
1364 1420
1364 1422
1364 1425
1364 1435
1364 1442
1364 1443
1364 1446
1364 1447
1364 1465
1364 1474
1364 1477
1364 1478
1364 1480
1364 1489
1364 1490
1364 1667
1364 1711
1364 1929
1365 1368
1365 1373
1365 1376
1365 1377
1365 1385
1365 1386
1365 1390
1365 1408
1365 1419
1365 1423
1365 1427
1365 1448
1365 1452
1365 1465
1365 1471
1365 1473
1365 1481
1365 1482
1365 1483
1365 1570
1365 1637
1365 1715
1365 1865
1365 1866
1365 1875
1365 1960
1366 1373
1366 1376
1366 1378
1366 1384
1366 1399
1366 1406
1366 1408
1366 1417
1366 1427
1366 1437
1366 1441
1366 1459
1366 1469
1366 1489
1366 1781
1366 1784
1367 1368
1367 1373
1367 1376
1367 1378
1367 1381
1367 1384
1367 1406
1367 1411
1367 1414
1367 1428
1367 1434
1367 1451
1367 1461
1367 1464
1367 1465
1367 1490
1367 1558
1367 1648
1368 1375
1368 1382
1368 1385
1368 1396
1368 1401
1368 1416
1368 1422
1368 1445
1368 1448
1368 1454
1368 1465
1368 1472
1368 1477
1368 1478
1368 1479
1368 1724
1369 1373
1369 1383
1369 1396
1369 1407
1369 1408
1369 1414
1369 1416
1369 1427
1369 1440
1369 1443
1369 1451
1369 1454
1369 1455
1369 1456
1369 1471
1369 1474
1369 1475
1369 1480
1369 1507
1369 1680
1369 1770
1370 1379
1370 1382
1370 1384
1370 1385
1370 1387
1370 1392
1370 1399
1370 1418
1370 1432
1370 1440
1370 1445
1370 1454
1370 1456
1370 1463
1370 1469
1370 1472
1370 1485
1370 1517
1370 1551
1370 1574
1371 1376
1371 1383
1371 1387
1371 1390
1371 1403
1371 1406
1371 1408
1371 1411
1371 1420
1371 1433
1371 1447
1371 1450
1371 1453
1371 1458
1371 1463
1371 1467
1371 1477
1371 1479
1371 1489
1371 1826
1372 1376
1372 1379
1372 1382
1372 1384
1372 1391
1372 1393
1372 1399
1372 1401
1372 1407
1372 1416
1372 1420
1372 1426
1372 1427
1372 1441
1372 1459
1372 1463
1372 1469
1372 1479
1372 1487
1372 1489
1372 1538
1372 1620
1372 1718
1373 1375
1373 1386
1373 1399
1373 1408
1373 1425
1373 1430
1373 1434
1373 1454
1373 1457
1373 1460
1373 1470
1373 1476
1373 1478
1373 1482
1373 1518
1373 1926
1374 1400
1374 1415
1374 1420
1374 1431
1374 1434
1374 1441
1374 1445
1374 1455
1374 1465
1374 1475
1374 1480
1374 1487
1374 1489
1374 1559
1374 1660
1375 1377
1375 1380
1375 1381
1375 1395
1375 1399
1375 1403
1375 1411
1375 1412
1375 1418
1375 1427
1375 1432
1375 1434
1375 1438
1375 1442
1375 1448
1375 1458
1375 1459
1375 1461
1375 1462
1375 1482
1375 1896
1376 1396
1376 1399
1376 1400
1376 1416
1376 1432
1376 1439
1376 1440
1376 1444
1376 1446
1376 1451
1376 1452
1376 1457
1376 1466
1376 1473
1376 1625
1376 1648
1376 1929
1377 1393
1377 1399
1377 1400
1377 1406
1377 1408
1377 1411
1377 1423
1377 1442
1377 1457
1377 1468
1377 1481
1377 1484
1377 1690
1377 1766
1378 1405
1378 1407
1378 1414
1378 1425
1378 1439
1378 1440
1378 1441
1378 1449
1378 1461
1378 1468
1378 1472
1378 1475
1378 1478
1378 1484
1378 1487
1378 1503
1378 1637
1378 1648
1378 1902
1379 1380
1379 1382
1379 1384
1379 1405
1379 1408
1379 1409
1379 1418
1379 1420
1379 1424
1379 1435
1379 1437
1379 1440
1379 1447
1379 1461
1379 1462
1379 1482
1379 1485
1379 1490
1379 1492
1379 1503
1379 1648
1379 1737
1379 1824
1379 1876
1380 1383
1380 1395
1380 1399
1380 1401
1380 1412
1380 1415
1380 1416
1380 1423
1380 1432
1380 1435
1380 1453
1380 1456
1380 1463
1380 1475
1380 1490
1380 1692
1380 1735
1380 1768
1380 1842
1380 1933
1381 1393
1381 1398
1381 1405
1381 1406
1381 1416
1381 1419
1381 1420
1381 1428
1381 1443
1381 1445
1381 1453
1381 1455
1381 1457
1381 1460
1381 1471
1381 1479
1381 1480
1381 1484
1381 1544
1381 1747
1381 1748
1381 1871
1382 1388
1382 1399
1382 1402
1382 1403
1382 1415
1382 1424
1382 1441
1382 1448
1382 1455
1382 1459
1382 1470
1382 1471
1382 1485
1382 1506
1382 1843
1382 1951
1383 1394
1383 1395
1383 1405
1383 1407
1383 1409
1383 1410
1383 1414
1383 1415
1383 1428
1383 1446
1383 1452
1383 1453
1383 1454
1383 1459
1383 1468
1383 1469
1383 1472
1383 1474
1383 1480
1383 1482
1383 1489
1383 1799
1383 1878
1383 1910
1384 1387
1384 1393
1384 1396
1384 1398
1384 1407
1384 1411
1384 1425
1384 1446
1384 1452
1384 1455
1384 1474
1384 1479
1384 1483
1384 1486
1384 1645
1384 1910
1385 1393
1385 1404
1385 1415
1385 1433
1385 1436
1385 1444
1385 1447
1385 1450
1385 1459
1385 1465
1385 1474
1385 1475
1385 1518
1385 1560
1385 1643
1385 1784
1385 1867
1386 1393
1386 1420
1386 1425
1386 1427
1386 1436
1386 1451
1386 1482
1386 1489
1386 1526
1386 1657
1386 1716
1386 1840
1386 1920
1387 1393
1387 1395
1387 1413
1387 1418
1387 1419
1387 1429
1387 1437
1387 1469
1387 1479
1387 1486
1387 1730
1387 1902
1388 1396
1388 1405
1388 1419
1388 1421
1388 1427
1388 1434
1388 1442
1388 1446
1388 1458
1388 1461
1388 1462
1388 1464
1388 1482
1388 1484
1388 1688
1388 1738
1388 1919
1389 1400
1389 1429
1389 1436
1389 1457
1389 1483
1389 1487
1389 1489
1389 1885
1389 1903
1390 1396
1390 1407
1390 1412
1390 1421
1390 1426
1390 1430
1390 1431
1390 1438
1390 1439
1390 1444
1390 1445
1390 1449
1390 1452
1390 1458
1390 1483
1390 1489
1390 1755
1390 1870
1390 1946
1391 1408
1391 1410
1391 1413
1391 1421
1391 1426
1391 1433
1391 1440
1391 1452
1391 1453
1391 1475
1391 1489
1391 1766
1391 1844
1392 1400
1392 1402
1392 1408
1392 1425
1392 1438
1392 1440
1392 1450
1392 1475
1392 1483
1392 1505
1392 1524
1392 1545
1392 1860
1392 1884
1393 1402
1393 1407
1393 1408
1393 1416
1393 1418
1393 1423
1393 1427
1393 1439
1393 1458
1393 1463
1393 1469
1393 1473
1393 1480
1393 1486
1393 1488
1393 1874
1393 1911
1393 1976
1394 1398
1394 1429
1394 1434
1394 1440
1394 1451
1394 1452
1394 1456
1394 1458
1394 1464
1394 1468
1394 1479
1394 1480
1394 1559
1394 1665
1394 1850
1395 1399
1395 1400
1395 1418
1395 1431
1395 1446
1395 1447
1395 1448
1395 1467
1395 1470
1395 1484
1395 1675
1395 1699
1395 1944
1396 1397
1396 1404
1396 1408
1396 1409
1396 1410
1396 1412
1396 1414
1396 1435
1396 1442
1396 1443
1396 1447
1396 1454
1396 1467
1396 1468
1396 1470
1396 1483
1396 1570
1396 1624
1396 1690
1396 1845
1397 1400
1397 1428
1397 1439
1397 1446
1397 1454
1397 1456
1397 1457
1397 1462
1397 1476
1397 1480
1397 1489
1397 1528
1397 1765
1397 1808
1398 1437
1398 1438
1398 1440
1398 1466
1398 1473
1398 1474
1398 1475
1398 1480
1398 1483
1398 1486
1398 1489
1398 1512
1398 1520
1398 1575
1398 1577
1398 1951
1399 1428
1399 1441
1399 1448
1399 1451
1399 1456
1399 1463
1399 1471
1399 1476
1399 1478
1399 1486
1399 1495
1399 1615
1399 1689
1399 1732
1399 1761
1399 1835
1399 1937
1400 1419
1400 1432
1400 1435
1400 1436
1400 1440
1400 1441
1400 1442
1400 1455
1400 1465
1400 1467
1400 1468
1400 1469
1400 1473
1400 1492
1400 1842
1400 1850
1400 1968
1401 1404
1401 1408
1401 1409
1401 1412
1401 1417
1401 1430
1401 1439
1401 1444
1401 1454
1401 1455
1401 1486
1401 1489
1401 1741
1401 1904
1401 1966
1402 1403
1402 1417
1402 1423
1402 1431
1402 1437
1402 1440
1402 1451
1402 1458
1402 1469
1402 1474
1402 1489
1402 1609
1402 1722
1402 1840
1402 1931
1402 1981
1403 1411
1403 1414
1403 1425
1403 1441
1403 1446
1403 1452
1403 1462
1403 1468
1403 1472
1403 1473
1403 1474
1403 1482
1403 1483
1403 1565
1403 1897
1403 1922
1404 1406
1404 1416
1404 1417
1404 1419
1404 1438
1404 1444
1404 1447
1404 1457
1404 1461
1404 1463
1404 1465
1404 1467
1404 1477
1404 1483
1404 1486
1404 1490
1404 1541
1404 1649
1404 1692
1404 1737
1404 1891
1404 1906
1405 1424
1405 1434
1405 1436
1405 1447
1405 1449
1405 1452
1405 1552
1405 1657
1405 1700
1405 1753
1405 1921
1406 1419
1406 1420
1406 1427
1406 1443
1406 1445
1406 1446
1406 1450
1406 1456
1406 1460
1406 1461
1406 1464
1406 1468
1406 1469
1406 1471
1406 1474
1406 1489
1406 1647
1406 1789
1406 1840
1406 1854
1406 1872
1407 1419
1407 1422
1407 1426
1407 1427
1407 1429
1407 1431
1407 1435
1407 1451
1407 1470
1407 1472
1407 1480
1407 1565
1407 1677
1407 1718
1407 1766
1407 1878
1408 1409
1408 1410
1408 1411
1408 1418
1408 1420
1408 1421
1408 1446
1408 1456
1408 1464
1408 1466
1408 1475
1408 1483
1408 1484
1408 1585
1408 1595
1408 1630
1408 1699
1408 1736
1409 1410
1409 1415
1409 1418
1409 1428
1409 1429
1409 1440
1409 1443
1409 1446
1409 1451
1409 1459
1409 1464
1409 1469
1409 1480
1409 1485
1409 1490
1409 1551
1409 1732
1409 1970
1410 1432
1410 1438
1410 1451
1410 1478
1410 1765
1410 1836
1410 1849
1410 1879
1410 1942
1411 1424
1411 1425
1411 1449
1411 1450
1411 1456
1411 1461
1411 1464
1411 1468
1411 1477
1411 1481
1411 1536
1411 1685
1411 1865
1412 1414
1412 1418
1412 1422
1412 1426
1412 1429
1412 1457
1412 1461
1412 1463
1412 1464
1412 1479
1412 1485
1412 1490
1412 1802
1412 1821
1413 1422
1413 1423
1413 1444
1413 1450
1413 1461
1413 1465
1413 1472
1413 1481
1413 1483
1413 1757
1413 1758
1413 1785
1414 1415
1414 1439
1414 1446
1414 1452
1414 1456
1414 1463
1414 1483
1414 1485
1414 1612
1414 1647
1414 1654
1414 1714
1415 1427
1415 1432
1415 1440
1415 1445
1415 1449
1415 1464
1415 1465
1415 1480
1415 1483
1415 1636
1415 1723
1415 1874
1415 1877
1416 1419
1416 1423
1416 1429
1416 1434
1416 1464
1416 1467
1416 1479
1416 1483
1416 1512
1416 1531
1416 1535
1416 1688
1416 1808
1416 1923
1416 1965
1417 1440
1417 1454
1417 1458
1417 1478
1417 1490
1417 1533
1417 1703
1417 1788
1417 1937
1418 1426
1418 1436
1418 1441
1418 1446
1418 1447
1418 1455
1418 1459
1418 1463
1418 1465
1418 1466
1418 1472
1418 1485
1418 1708
1419 1425
1419 1434
1419 1442
1419 1446
1419 1448
1419 1450
1419 1467
1419 1468
1419 1470
1419 1472
1419 1474
1419 1475
1419 1479
1419 1516
1419 1902
1420 1425
1420 1431
1420 1432
1420 1446
1420 1454
1420 1455
1420 1457
1420 1458
1420 1459
1420 1462
1420 1463
1420 1464
1420 1468
1420 1611
1420 1687
1421 1426
1421 1431
1421 1435
1421 1442
1421 1443
1421 1446
1421 1447
1421 1449
1421 1453
1421 1456
1421 1457
1421 1473
1421 1477
1421 1478
1421 1631
1421 1663
1421 1930
1422 1433
1422 1434
1422 1447
1422 1449
1422 1462
1422 1463
1422 1482
1422 1486
1422 1488
1422 1568
1422 1776
1422 1878
1422 1914
1422 1943
1422 1958
1422 1980
1423 1428
1423 1436
1423 1442
1423 1445
1423 1454
1423 1461
1423 1477
1423 1478
1423 1730
1423 1805
1424 1426
1424 1430
1424 1431
1424 1434
1424 1444
1424 1452
1424 1457
1424 1471
1424 1472
1424 1479
1424 1483
1424 1488
1424 1489
1424 1539
1424 1556
1424 1753
1424 1932
1425 1435
1425 1437
1425 1439
1425 1448
1425 1450
1425 1451
1425 1456
1425 1468
1425 1470
1425 1473
1425 1479
1425 1481
1425 1503
1425 1678
1425 1704
1425 1922
1425 1951
1426 1430
1426 1435
1426 1436
1426 1443
1426 1444
1426 1447
1426 1476
1426 1483
1426 1802
1426 1844
1426 1952
1426 1968
1427 1435
1427 1446
1427 1448
1427 1450
1427 1454
1427 1462
1427 1467
1427 1471
1428 1448
1428 1457
1428 1473
1428 1482
1428 1488
1428 1683
1428 1778
1428 1837
1428 1839
1428 1957
1429 1447
1429 1459
1429 1460
1429 1467
1429 1473
1429 1486
1429 1592
1429 1616
1429 1643
1429 1655
1429 1671
1429 1728
1430 1431
1430 1448
1430 1454
1430 1476
1430 1478
1430 1485
1430 1615
1430 1686
1430 1698
1430 1784
1430 1876
1430 1973
1431 1433
1431 1437
1431 1456
1431 1471
1431 1473
1431 1482
1431 1486
1431 1517
1431 1546
1431 1699
1431 1747
1431 1831
1432 1434
1432 1436
1432 1437
1432 1443
1432 1445
1432 1447
1432 1460
1432 1471
1432 1484
1432 1490
1432 1553
1432 1663
1432 1672
1432 1777
1432 1888
1432 1966
1433 1435
1433 1438
1433 1446
1433 1452
1433 1457
1433 1459
1433 1466
1433 1471
1433 1477
1433 1478
1433 1490
1433 1538
1433 1833
1433 1855
1433 1963
1434 1439
1434 1457
1434 1459
1434 1462
1434 1463
1434 1469
1434 1482
1434 1483
1434 1484
1434 1489
1434 1839
1434 1971
1435 1450
1435 1454
1435 1463
1435 1466
1435 1475
1435 1808
1436 1445
1436 1455
1436 1465
1436 1488
1437 1441
1437 1446
1437 1454
1437 1455
1437 1469
1437 1477
1437 1478
1437 1481
1437 1482
1437 1487
1437 1556
1437 1831
1438 1440
1438 1452
1438 1453
1438 1459
1438 1473
1438 1475
1438 1483
1438 1486
1438 1563
1438 1595
1438 1663
1439 1451
1439 1457
1439 1459
1439 1466
1439 1469
1439 1477
1439 1489
1439 1685
1439 1935
1440 1449
1440 1465
1440 1471
1440 1475
1440 1489
1440 1603
1440 1688
1440 1742
1440 1802
1440 1955
1440 1958
1440 1967
1441 1443
1441 1445
1441 1463
1441 1471
1441 1475
1441 1479
1441 1488
1441 1508
1441 1556
1441 1619
1441 1623
1441 1635
1441 1894
1442 1446
1442 1450
1442 1451
1442 1453
1442 1462
1442 1471
1442 1473
1442 1481
1442 1484
1443 1448
1443 1453
1443 1481
1443 1746
1444 1462
1444 1463
1444 1467
1444 1473
1444 1479
1444 1482
1444 1485
1444 1620
1444 1695
1444 1777
1444 1922
1445 1447
1445 1451
1445 1452
1445 1458
1445 1461
1445 1487
1445 1615
1445 1624
1445 1855
1445 1857
1445 1860
1446 1452
1446 1458
1446 1461
1446 1463
1446 1466
1446 1468
1446 1479
1446 1507
1446 1517
1446 1621
1446 1703
1446 1795
1447 1461
1447 1482
1447 1486
1447 1516
1448 1459
1448 1461
1448 1483
1448 1504
1448 1709
1448 1957
1449 1450
1449 1457
1449 1483
1449 1739
1449 1745
1449 1862
1449 1900
1449 1966
1449 1983
1450 1452
1450 1464
1450 1465
1450 1466
1450 1468
1450 1477
1450 1482
1450 1509
1450 1735
1450 1816
1450 1842
1450 1907
1451 1458
1451 1471
1451 1473
1451 1478
1451 1479
1451 1486
1451 1487
1451 1496
1451 1542
1451 1725
1451 1941
1452 1462
1452 1477
1452 1483
1452 1489
1452 1868
1453 1454
1453 1479
1453 1482
1453 1761
1453 1900
1453 1947
1454 1469
1454 1480
1454 1487
1455 1463
1455 1471
1455 1474
1455 1476
1455 1481
1455 1766
1455 1956
1456 1459
1456 1460
1456 1464
1456 1582
1456 1677
1457 1466
1457 1471
1457 1472
1457 1479
1457 1614
1458 1459
1458 1464
1458 1470
1458 1477
1458 1486
1458 1488
1458 1533
1458 1560
1458 1663
1458 1932
1459 1472
1459 1474
1459 1478
1459 1479
1459 1484
1459 1490
1459 1832
1459 1839
1459 1862
1459 1871
1459 1920
1460 1463
1460 1465
1460 1467
1460 1470
1460 1471
1460 1503
1460 1733
1461 1468
1461 1478
1461 1490
1461 1566
1461 1594
1461 1668
1462 1467
1462 1602
1462 1687
1462 1787
1462 1819
1462 1861
1462 1871
1462 1951
1463 1466
1463 1471
1463 1473
1463 1479
1463 1481
1463 1511
1463 1612
1463 1696
1463 1793
1463 1807
1463 1813
1463 1846
1464 1477
1464 1480
1464 1481
1464 1486
1464 1490
1464 1496
1464 1754
1465 1469
1465 1470
1465 1481
1465 1504
1465 1560
1465 1941
1466 1471
1466 1480
1466 1514
1466 1593
1466 1600
1466 1802
1466 1813
1466 1833
1466 1874
1467 1469
1467 1484
1467 1697
1467 1760
1467 1848
1468 1472
1468 1475
1468 1481
1468 1487
1468 1569
1468 1657
1468 1957
1469 1475
1469 1477
1469 1488
1469 1490
1469 1666
1469 1978
1470 1472
1470 1474
1470 1475
1470 1483
1470 1489
1470 1588
1470 1965
1470 1986
1471 1472
1471 1475
1471 1477
1471 1478
1471 1481
1471 1486
1471 1487
1471 1489
1471 1831
1472 1473
1472 1474
1472 1477
1472 1479
1472 1483
1472 1490
1472 1499
1472 1514
1472 1552
1472 1633
1472 1906
1472 1987
1473 1477
1473 1479
1473 1481
1473 1487
1473 1832
1474 1477
1474 1484
1474 1497
1474 1938
1475 1486
1475 1659
1475 1664
1476 1486
1476 1596
1476 1640
1476 1652
1476 1683
1476 1733
1477 1484
1477 1485
1477 1489
1477 1696
1477 1840
1477 1883
1478 1479
1478 1485
1478 1486
1478 1490
1478 1634
1478 1812
1479 1488
1479 1566
1479 1821
1479 1878
1479 1903
1479 1954
1480 1484
1480 1837
1480 1850
1481 1692
1481 1779
1481 1981
1482 1484
1482 1486
1482 1532
1482 1644
1482 1701
1482 1828
1482 1860
1483 1490
1483 1609
1483 1666
1483 1858
1483 1974
1484 1512
1484 1524
1485 1486
1485 1488
1485 1504
1485 1588
1485 1602
1485 1898
1486 1719
1486 1734
1486 1753
1487 1539
1487 1585
1487 1628
1487 1802
1488 1645
1488 1921
1489 1588
1489 1676
1490 1574
1490 1695
1490 1720
1490 1844
1490 1872
1490 1967
1490 1987
1491 1493
1491 1496
1491 1507
1491 1511
1491 1530
1491 1536
1491 1544
1491 1551
1491 1558
1491 1566
1491 1599
1491 1610
1491 1626
1491 1637
1491 1647
1491 1653
1491 1657
1491 1662
1491 1671
1491 1675
1491 1680
1491 1689
1491 1692
1491 1703
1491 1704
1491 1706
1491 1707
1491 1712
1491 1720
1491 1721
1491 1726
1491 1729
1491 1754
1491 1761
1491 1771
1491 1772
1491 1774
1491 1812
1491 1813
1491 1819
1491 1827
1491 1831
1491 1846
1491 1848
1491 1849
1491 1878
1491 1879
1491 1889
1491 1893
1491 1897
1491 1926
1491 1939
1491 1973
1491 1983
1492 1495
1492 1501
1492 1521
1492 1527
1492 1533
1492 1534
1492 1537
1492 1550
1492 1559
1492 1563
1492 1583
1492 1584
1492 1588
1492 1595
1492 1606
1492 1609
1492 1611
1492 1614
1492 1619
1492 1626
1492 1638
1492 1644
1492 1645
1492 1651
1492 1661
1492 1666
1492 1670
1492 1671
1492 1681
1492 1698
1492 1712
1492 1730
1492 1735
1492 1765
1492 1766
1492 1768
1492 1775
1492 1779
1492 1786
1492 1788
1492 1790
1492 1799
1492 1804
1492 1807
1492 1810
1492 1816
1492 1840
1492 1844
1492 1848
1492 1851
1492 1867
1492 1868
1492 1870
1492 1873
1492 1874
1492 1878
1492 1882
1492 1884
1492 1909
1492 1915
1492 1925
1492 1927
1492 1934
1492 1940
1492 1943
1492 1947
1492 1955
1492 1959
1492 1966
1492 1971
1492 1974
1492 1985
1493 1495
1493 1499
1493 1506
1493 1521
1493 1526
1493 1528
1493 1536
1493 1542
1493 1560
1493 1571
1493 1575
1493 1579
1493 1591
1493 1595
1493 1601
1493 1603
1493 1605
1493 1616
1493 1621
1493 1623
1493 1624
1493 1626
1493 1636
1493 1638
1493 1655
1493 1656
1493 1658
1493 1666
1493 1672
1493 1673
1493 1674
1493 1694
1493 1697
1493 1701
1493 1706
1493 1711
1493 1728
1493 1738
1493 1743
1493 1748
1493 1750
1493 1755
1493 1758
1493 1764
1493 1769
1493 1772
1493 1773
1493 1775
1493 1783
1493 1784
1493 1808
1493 1810
1493 1811
1493 1824
1493 1827
1493 1837
1493 1840
1493 1843
1493 1845
1493 1863
1493 1880
1493 1885
1493 1889
1493 1895
1493 1899
1493 1900
1493 1933
1493 1935
1493 1942
1493 1953
1493 1959
1493 1973
1494 1499
1494 1508
1494 1510
1494 1511
1494 1516
1494 1526
1494 1541
1494 1547
1494 1561
1494 1562
1494 1567
1494 1577
1494 1579
1494 1582
1494 1583
1494 1586
1494 1588
1494 1599
1494 1609
1494 1617
1494 1636
1494 1640
1494 1643
1494 1660
1494 1671
1494 1690
1494 1697
1494 1702
1494 1708
1494 1713
1494 1726
1494 1736
1494 1737
1494 1743
1494 1750
1494 1759
1494 1779
1494 1797
1494 1802
1494 1811
1494 1812
1494 1814
1494 1817
1494 1820
1494 1824
1494 1828
1494 1846
1494 1857
1494 1875
1494 1886
1494 1892
1494 1898
1494 1903
1494 1931
1494 1940
1494 1945
1494 1964
1494 1975
1495 1506
1495 1508
1495 1511
1495 1516
1495 1522
1495 1525
1495 1530
1495 1541
1495 1544
1495 1547
1495 1549
1495 1570
1495 1583
1495 1591
1495 1593
1495 1599
1495 1600
1495 1603
1495 1609
1495 1620
1495 1624
1495 1627
1495 1629
1495 1631
1495 1632
1495 1644
1495 1645
1495 1648
1495 1657
1495 1677
1495 1681
1495 1689
1495 1696
1495 1697
1495 1700
1495 1706
1495 1710
1495 1713
1495 1714
1495 1738
1495 1740
1495 1745
1495 1764
1495 1771
1495 1773
1495 1774
1495 1780
1495 1796
1495 1807
1495 1809
1495 1814
1495 1817
1495 1820
1495 1826
1495 1830
1495 1835
1495 1843
1495 1846
1495 1860
1495 1872
1495 1880
1495 1882
1495 1892
1495 1897
1495 1916
1495 1920
1495 1931
1495 1932
1495 1934
1495 1944
1495 1962
1495 1964
1495 1971
1495 1972
1495 1976
1495 1977
1495 1978
1495 1984
1496 1514
1496 1515
1496 1523
1496 1531
1496 1539
1496 1545
1496 1552
1496 1555
1496 1583
1496 1621
1496 1627
1496 1630
1496 1634
1496 1637
1496 1642
1496 1643
1496 1648
1496 1658
1496 1668
1496 1678
1496 1690
1496 1691
1496 1697
1496 1700
1496 1720
1496 1728
1496 1738
1496 1739
1496 1744
1496 1771
1496 1776
1496 1777
1496 1788
1496 1799
1496 1801
1496 1802
1496 1806
1496 1808
1496 1810
1496 1817
1496 1850
1496 1863
1496 1864
1496 1868
1496 1869
1496 1877
1496 1890
1496 1899
1496 1906
1496 1913
1496 1915
1496 1923
1496 1944
1496 1952
1496 1961
1496 1968
1497 1498
1497 1515
1497 1535
1497 1536
1497 1539
1497 1541
1497 1544
1497 1558
1497 1567
1497 1577
1497 1584
1497 1605
1497 1610
1497 1611
1497 1612
1497 1615
1497 1650
1497 1676
1497 1706
1497 1708
1497 1714
1497 1719
1497 1726
1497 1746
1497 1756
1497 1764
1497 1767
1497 1769
1497 1778
1497 1783
1497 1788
1497 1790
1497 1798
1497 1803
1497 1808
1497 1816
1497 1825
1497 1828
1497 1850
1497 1857
1497 1863
1497 1877
1497 1886
1497 1889
1497 1897
1497 1899
1497 1900
1497 1907
1497 1912
1497 1918
1497 1926
1497 1927
1497 1930
1497 1936
1497 1946
1497 1952
1497 1963
1497 1964
1497 1968
1497 1981
1497 1986
1498 1508
1498 1509
1498 1514
1498 1515
1498 1518
1498 1521
1498 1528
1498 1547
1498 1552
1498 1554
1498 1575
1498 1588
1498 1594
1498 1599
1498 1630
1498 1677
1498 1693
1498 1697
1498 1698
1498 1713
1498 1716
1498 1720
1498 1721
1498 1728
1498 1732
1498 1741
1498 1745
1498 1760
1498 1761
1498 1769
1498 1779
1498 1780
1498 1784
1498 1790
1498 1803
1498 1818
1498 1825
1498 1826
1498 1827
1498 1828
1498 1834
1498 1844
1498 1853
1498 1854
1498 1859
1498 1861
1498 1863
1498 1864
1498 1866
1498 1870
1498 1873
1498 1886
1498 1891
1498 1892
1498 1896
1498 1909
1498 1912
1498 1914
1498 1918
1498 1935
1498 1937
1498 1939
1498 1956
1498 1973
1499 1507
1499 1522
1499 1532
1499 1540
1499 1541
1499 1549
1499 1551
1499 1556
1499 1563
1499 1567
1499 1587
1499 1603
1499 1612
1499 1620
1499 1622
1499 1650
1499 1658
1499 1669
1499 1676
1499 1682
1499 1690
1499 1696
1499 1698
1499 1712
1499 1717
1499 1722
1499 1727
1499 1762
1499 1766
1499 1775
1499 1786
1499 1798
1499 1800
1499 1820
1499 1837
1499 1846
1499 1856
1499 1887
1499 1888
1499 1892
1499 1898
1499 1902
1499 1913
1499 1924
1499 1925
1499 1933
1499 1955
1499 1971
1499 1974
1499 1975
1499 1976
1500 1502
1500 1510
1500 1517
1500 1525
1500 1539
1500 1555
1500 1556
1500 1558
1500 1563
1500 1564
1500 1566
1500 1568
1500 1569
1500 1571
1500 1586
1500 1604
1500 1613
1500 1624
1500 1631
1500 1635
1500 1667
1500 1671
1500 1673
1500 1685
1500 1690
1500 1695
1500 1699
1500 1705
1500 1713
1500 1714
1500 1733
1500 1750
1500 1766
1500 1770
1500 1772
1500 1773
1500 1800
1500 1807
1500 1820
1500 1825
1500 1832
1500 1839
1500 1844
1500 1858
1500 1859
1500 1863
1500 1869
1500 1871
1500 1877
1500 1878
1500 1886
1500 1894
1500 1904
1500 1910
1500 1922
1500 1924
1500 1934
1500 1943
1500 1947
1500 1964
1500 1965
1500 1976
1500 1977
1500 1980
1500 1981
1500 1984
1501 1505
1501 1508
1501 1513
1501 1521
1501 1534
1501 1539
1501 1542
1501 1552
1501 1558
1501 1561
1501 1604
1501 1620
1501 1624
1501 1627
1501 1631
1501 1640
1501 1643
1501 1649
1501 1651
1501 1653
1501 1657
1501 1662
1501 1665
1501 1668
1501 1675
1501 1698
1501 1699
1501 1709
1501 1712
1501 1714
1501 1718
1501 1720
1501 1721
1501 1723
1501 1725
1501 1731
1501 1739
1501 1744
1501 1765
1501 1774
1501 1782
1501 1802
1501 1805
1501 1813
1501 1815
1501 1819
1501 1820
1501 1828
1501 1841
1501 1848
1501 1851
1501 1852
1501 1856
1501 1858
1501 1871
1501 1873
1501 1877
1501 1882
1501 1884
1501 1893
1501 1901
1501 1904
1501 1915
1501 1917
1501 1929
1501 1947
1501 1968
1501 1980
1501 1987
1502 1503
1502 1504
1502 1513
1502 1523
1502 1539
1502 1543
1502 1546
1502 1562
1502 1567
1502 1569
1502 1570
1502 1573
1502 1580
1502 1594
1502 1610
1502 1617
1502 1618
1502 1627
1502 1633
1502 1653
1502 1654
1502 1664
1502 1676
1502 1684
1502 1703
1502 1705
1502 1708
1502 1747
1502 1749
1502 1767
1502 1770
1502 1771
1502 1783
1502 1786
1502 1796
1502 1804
1502 1810
1502 1842
1502 1847
1502 1849
1502 1858
1502 1886
1502 1894
1502 1895
1502 1905
1502 1915
1502 1918
1502 1931
1502 1933
1502 1946
1502 1959
1502 1966
1502 1969
1502 1977
1502 1980
1502 1981
1503 1506
1503 1507
1503 1508
1503 1509
1503 1523
1503 1530
1503 1531
1503 1533
1503 1534
1503 1538
1503 1543
1503 1550
1503 1557
1503 1560
1503 1561
1503 1562
1503 1568
1503 1569
1503 1598
1503 1606
1503 1610
1503 1620
1503 1624
1503 1642
1503 1654
1503 1656
1503 1659
1503 1666
1503 1677
1503 1678
1503 1682
1503 1686
1503 1691
1503 1694
1503 1698
1503 1701
1503 1712
1503 1723
1503 1732
1503 1737
1503 1748
1503 1751
1503 1765
1503 1782
1503 1797
1503 1823
1503 1824
1503 1831
1503 1841
1503 1859
1503 1867
1503 1875
1503 1876
1503 1917
1503 1920
1503 1927
1503 1930
1503 1941
1503 1947
1503 1948
1503 1954
1503 1955
1503 1957
1503 1964
1503 1966
1503 1974
1503 1975
1504 1505
1504 1510
1504 1537
1504 1538
1504 1539
1504 1543
1504 1547
1504 1569
1504 1576
1504 1581
1504 1589
1504 1591
1504 1609
1504 1612
1504 1621
1504 1622
1504 1624
1504 1628
1504 1630
1504 1631
1504 1643
1504 1644
1504 1647
1504 1662
1504 1676
1504 1684
1504 1695
1504 1703
1504 1704
1504 1709
1504 1724
1504 1730
1504 1739
1504 1745
1504 1750
1504 1753
1504 1773
1504 1774
1504 1778
1504 1784
1504 1786
1504 1805
1504 1811
1504 1819
1504 1822
1504 1828
1504 1829
1504 1831
1504 1834
1504 1840
1504 1844
1504 1848
1504 1858
1504 1861
1504 1868
1504 1870
1504 1893
1504 1896
1504 1898
1504 1910
1504 1919
1504 1924
1504 1930
1504 1936
1504 1941
1504 1943
1504 1958
1504 1960
1504 1965
1504 1970
1504 1975
1504 1978
1505 1516
1505 1521
1505 1534
1505 1547
1505 1552
1505 1561
1505 1562
1505 1566
1505 1571
1505 1586
1505 1597
1505 1598
1505 1603
1505 1614
1505 1628
1505 1631
1505 1632
1505 1633
1505 1640
1505 1645
1505 1646
1505 1656
1505 1663
1505 1671
1505 1674
1505 1676
1505 1679
1505 1699
1505 1704
1505 1714
1505 1721
1505 1724
1505 1733
1505 1736
1505 1737
1505 1743
1505 1752
1505 1778
1505 1780
1505 1786
1505 1813
1505 1816
1505 1827
1505 1855
1505 1868
1505 1872
1505 1874
1505 1885
1505 1899
1505 1906
1505 1909
1505 1911
1505 1932
1505 1940
1505 1944
1505 1953
1505 1955
1505 1961
1505 1967
1505 1976
1505 1986
1506 1531
1506 1532
1506 1538
1506 1544
1506 1558
1506 1559
1506 1561
1506 1598
1506 1614
1506 1621
1506 1626
1506 1670
1506 1681
1506 1688
1506 1692
1506 1703
1506 1710
1506 1726
1506 1737
1506 1741
1506 1744
1506 1752
1506 1760
1506 1767
1506 1769
1506 1780
1506 1794
1506 1808
1506 1812
1506 1829
1506 1837
1506 1849
1506 1864
1506 1871
1506 1882
1506 1883
1506 1886
1506 1898
1506 1900
1506 1912
1506 1915
1506 1923
1506 1925
1506 1930
1506 1935
1506 1945
1506 1946
1506 1948
1506 1949
1506 1955
1506 1956
1506 1967
1506 1970
1506 1979
1506 1987
1507 1509
1507 1528
1507 1529
1507 1535
1507 1545
1507 1550
1507 1554
1507 1558
1507 1559
1507 1576
1507 1596
1507 1599
1507 1604
1507 1612
1507 1627
1507 1636
1507 1641
1507 1646
1507 1647
1507 1660
1507 1663
1507 1666
1507 1670
1507 1676
1507 1683
1507 1694
1507 1698
1507 1705
1507 1714
1507 1718
1507 1729
1507 1735
1507 1740
1507 1754
1507 1755
1507 1757
1507 1766
1507 1770
1507 1778
1507 1795
1507 1799
1507 1812
1507 1818
1507 1825
1507 1830
1507 1848
1507 1851
1507 1852
1507 1870
1507 1871
1507 1874
1507 1879
1507 1886
1507 1896
1507 1898
1507 1904
1507 1909
1507 1914
1507 1924
1507 1930
1507 1937
1507 1941
1507 1948
1507 1964
1507 1968
1507 1970
1507 1983
1508 1512
1508 1515
1508 1522
1508 1526
1508 1535
1508 1539
1508 1549
1508 1561
1508 1562
1508 1564
1508 1582
1508 1590
1508 1596
1508 1623
1508 1624
1508 1631
1508 1655
1508 1660
1508 1673
1508 1679
1508 1686
1508 1691
1508 1720
1508 1726
1508 1730
1508 1731
1508 1741
1508 1768
1508 1772
1508 1778
1508 1791
1508 1802
1508 1816
1508 1830
1508 1847
1508 1851
1508 1862
1508 1867
1508 1871
1508 1922
1508 1923
1508 1931
1508 1942
1508 1946
1508 1948
1508 1949
1508 1950
1508 1955
1508 1956
1508 1960
1508 1966
1508 1976
1508 1987
1509 1510
1509 1518
1509 1533
1509 1536
1509 1547
1509 1550
1509 1567
1509 1578
1509 1594
1509 1604
1509 1608
1509 1611
1509 1620
1509 1626
1509 1630
1509 1638
1509 1639
1509 1643
1509 1655
1509 1658
1509 1666
1509 1667
1509 1668
1509 1682
1509 1687
1509 1691
1509 1693
1509 1713
1509 1720
1509 1725
1509 1726
1509 1730
1509 1747
1509 1753
1509 1760
1509 1761
1509 1768
1509 1775
1509 1778
1509 1782
1509 1784
1509 1800
1509 1805
1509 1815
1509 1829
1509 1834
1509 1843
1509 1846
1509 1860
1509 1863
1509 1865
1509 1872
1509 1878
1509 1886
1509 1893
1509 1900
1509 1907
1509 1916
1509 1920
1509 1926
1509 1935
1509 1936
1509 1940
1509 1959
1509 1966
1509 1971
1509 1979
1510 1519
1510 1530
1510 1536
1510 1540
1510 1549
1510 1576
1510 1583
1510 1586
1510 1588
1510 1594
1510 1608
1510 1626
1510 1644
1510 1645
1510 1648
1510 1652
1510 1662
1510 1665
1510 1674
1510 1689
1510 1701
1510 1710
1510 1713
1510 1717
1510 1727
1510 1730
1510 1747
1510 1749
1510 1757
1510 1760
1510 1763
1510 1770
1510 1786
1510 1797
1510 1805
1510 1810
1510 1811
1510 1813
1510 1819
1510 1824
1510 1829
1510 1831
1510 1860
1510 1866
1510 1891
1510 1900
1510 1901
1510 1906
1510 1913
1510 1929
1510 1932
1510 1933
1510 1937
1510 1940
1510 1964
1510 1973
1510 1983
1510 1986
1511 1517
1511 1532
1511 1542
1511 1557
1511 1563
1511 1571
1511 1573
1511 1576
1511 1605
1511 1611
1511 1614
1511 1617
1511 1625
1511 1636
1511 1641
1511 1647
1511 1648
1511 1669
1511 1685
1511 1686
1511 1696
1511 1697
1511 1701
1511 1716
1511 1745
1511 1758
1511 1759
1511 1768
1511 1772
1511 1793
1511 1799
1511 1804
1511 1806
1511 1807
1511 1808
1511 1817
1511 1823
1511 1835
1511 1837
1511 1839
1511 1840
1511 1847
1511 1854
1511 1870
1511 1887
1511 1891
1511 1901
1511 1904
1511 1920
1511 1924
1511 1930
1511 1944
1511 1948
1511 1950
1511 1955
1511 1965
1511 1971
1511 1973
1511 1975
1511 1978
1512 1515
1512 1517
1512 1522
1512 1525
1512 1526
1512 1529
1512 1530
1512 1533
1512 1534
1512 1565
1512 1577
1512 1582
1512 1583
1512 1590
1512 1593
1512 1596
1512 1600
1512 1602
1512 1603
1512 1621
1512 1625
1512 1627
1512 1637
1512 1647
1512 1649
1512 1653
1512 1654
1512 1661
1512 1677
1512 1682
1512 1685
1512 1692
1512 1693
1512 1694
1512 1703
1512 1706
1512 1709
1512 1716
1512 1732
1512 1734
1512 1735
1512 1750
1512 1751
1512 1760
1512 1783
1512 1788
1512 1803
1512 1810
1512 1823
1512 1840
1512 1841
1512 1862
1512 1865
1512 1871
1512 1884
1512 1886
1512 1888
1512 1889
1512 1893
1512 1899
1512 1928
1512 1929
1512 1937
1512 1943
1512 1954
1512 1955
1512 1958
1512 1960
1512 1971
1512 1974
1512 1976
1512 1981
1513 1534
1513 1553
1513 1571
1513 1584
1513 1610
1513 1644
1513 1670
1513 1673
1513 1678
1513 1679
1513 1690
1513 1692
1513 1693
1513 1700
1513 1713
1513 1717
1513 1723
1513 1726
1513 1730
1513 1737
1513 1753
1513 1761
1513 1768
1513 1779
1513 1785
1513 1788
1513 1790
1513 1793
1513 1806
1513 1830
1513 1832
1513 1833
1513 1843
1513 1845
1513 1846
1513 1847
1513 1850
1513 1851
1513 1854
1513 1862
1513 1875
1513 1903
1513 1904
1513 1910
1513 1915
1513 1932
1513 1935
1513 1939
1513 1940
1513 1946
1513 1948
1513 1951
1513 1954
1513 1969
1513 1973
1513 1977
1513 1982
1513 1983
1513 1985
1514 1522
1514 1525
1514 1534
1514 1542
1514 1549
1514 1553
1514 1577
1514 1578
1514 1599
1514 1607
1514 1614
1514 1628
1514 1636
1514 1640
1514 1642
1514 1650
1514 1665
1514 1673
1514 1693
1514 1710
1514 1715
1514 1716
1514 1729
1514 1731
1514 1733
1514 1737
1514 1740
1514 1741
1514 1744
1514 1751
1514 1752
1514 1754
1514 1755
1514 1765
1514 1770
1514 1783
1514 1787
1514 1799
1514 1805
1514 1806
1514 1836
1514 1837
1514 1843
1514 1857
1514 1863
1514 1868
1514 1888
1514 1893
1514 1902
1514 1907
1514 1922
1514 1923
1514 1934
1514 1935
1514 1937
1514 1939
1514 1940
1514 1945
1514 1947
1514 1960
1514 1961
1514 1970
1515 1520
1515 1522
1515 1528
1515 1532
1515 1534
1515 1537
1515 1539
1515 1546
1515 1563
1515 1566
1515 1574
1515 1575
1515 1579
1515 1584
1515 1585
1515 1586
1515 1587
1515 1592
1515 1600
1515 1611
1515 1618
1515 1658
1515 1664
1515 1668
1515 1673
1515 1677
1515 1679
1515 1686
1515 1691
1515 1694
1515 1721
1515 1722
1515 1735
1515 1750
1515 1759
1515 1766
1515 1778
1515 1781
1515 1783
1515 1794
1515 1796
1515 1816
1515 1830
1515 1834
1515 1838
1515 1857
1515 1864
1515 1870
1515 1879
1515 1896
1515 1898
1515 1903
1515 1904
1515 1915
1515 1916
1515 1917
1515 1918
1515 1929
1515 1945
1515 1950
1515 1952
1515 1956
1515 1966
1515 1968
1515 1970
1515 1980
1515 1986
1516 1534
1516 1540
1516 1541
1516 1547
1516 1551
1516 1554
1516 1565
1516 1568
1516 1573
1516 1583
1516 1584
1516 1596
1516 1605
1516 1606
1516 1610
1516 1617
1516 1629
1516 1636
1516 1661
1516 1664
1516 1678
1516 1682
1516 1683
1516 1689
1516 1692
1516 1693
1516 1701
1516 1705
1516 1717
1516 1733
1516 1748
1516 1752
1516 1758
1516 1766
1516 1768
1516 1772
1516 1778
1516 1781
1516 1784
1516 1802
1516 1806
1516 1807
1516 1811
1516 1844
1516 1845
1516 1846
1516 1851
1516 1856
1516 1865
1516 1890
1516 1899
1516 1902
1516 1904
1516 1905
1516 1917
1516 1930
1516 1945
1516 1948
1516 1956
1516 1965
1516 1970
1516 1977
1516 1987
1517 1529
1517 1531
1517 1551
1517 1591
1517 1610
1517 1617
1517 1620
1517 1621
1517 1622
1517 1624
1517 1642
1517 1656
1517 1665
1517 1670
1517 1680
1517 1689
1517 1693
1517 1709
1517 1711
1517 1717
1517 1720
1517 1728
1517 1731
1517 1752
1517 1758
1517 1760
1517 1764
1517 1769
1517 1788
1517 1792
1517 1801
1517 1810
1517 1828
1517 1835
1517 1846
1517 1848
1517 1855
1517 1868
1517 1878
1517 1892
1517 1904
1517 1905
1517 1917
1517 1924
1517 1926
1517 1940
1517 1959
1518 1539
1518 1556
1518 1562
1518 1566
1518 1567
1518 1594
1518 1599
1518 1600
1518 1605
1518 1614
1518 1621
1518 1645
1518 1647
1518 1654
1518 1672
1518 1675
1518 1677
1518 1679
1518 1680
1518 1686
1518 1691
1518 1693
1518 1701
1518 1702
1518 1738
1518 1742
1518 1744
1518 1757
1518 1766
1518 1773
1518 1778
1518 1780
1518 1786
1518 1789
1518 1799
1518 1805
1518 1808
1518 1822
1518 1827
1518 1829
1518 1836
1518 1844
1518 1845
1518 1848
1518 1852
1518 1856
1518 1878
1518 1879
1518 1881
1518 1883
1518 1886
1518 1889
1518 1892
1518 1894
1518 1896
1518 1906
1518 1909
1518 1916
1518 1917
1518 1918
1518 1921
1518 1932
1518 1947
1518 1953
1518 1961
1518 1967
1518 1971
1518 1973
1518 1981
1518 1983
1518 1987
1519 1523
1519 1524
1519 1528
1519 1537
1519 1539
1519 1548
1519 1549
1519 1551
1519 1565
1519 1566
1519 1572
1519 1575
1519 1577
1519 1582
1519 1594
1519 1601
1519 1602
1519 1603
1519 1616
1519 1631
1519 1636
1519 1652
1519 1654
1519 1656
1519 1660
1519 1661
1519 1673
1519 1692
1519 1693
1519 1696
1519 1698
1519 1703
1519 1710
1519 1714
1519 1717
1519 1718
1519 1720
1519 1728
1519 1743
1519 1751
1519 1758
1519 1759
1519 1761
1519 1769
1519 1777
1519 1800
1519 1811
1519 1816
1519 1819
1519 1863
1519 1868
1519 1879
1519 1887
1519 1891
1519 1900
1519 1905
1519 1910
1519 1914
1519 1919
1519 1950
1519 1958
1519 1965
1519 1968
1519 1975
1519 1981
1519 1983
1520 1526
1520 1527
1520 1542
1520 1543
1520 1566
1520 1573
1520 1576
1520 1581
1520 1589
1520 1590
1520 1595
1520 1598
1520 1601
1520 1606
1520 1611
1520 1616
1520 1618
1520 1622
1520 1627
1520 1634
1520 1637
1520 1638
1520 1653
1520 1669
1520 1679
1520 1681
1520 1687
1520 1688
1520 1699
1520 1700
1520 1703
1520 1706
1520 1715
1520 1720
1520 1744
1520 1747
1520 1749
1520 1761
1520 1764
1520 1780
1520 1781
1520 1790
1520 1807
1520 1812
1520 1820
1520 1827
1520 1832
1520 1833
1520 1859
1520 1872
1520 1876
1520 1877
1520 1878
1520 1879
1520 1897
1520 1903
1520 1904
1520 1943
1520 1949
1520 1962
1520 1966
1520 1982
1521 1532
1521 1540
1521 1545
1521 1550
1521 1553
1521 1554
1521 1567
1521 1575
1521 1576
1521 1579
1521 1583
1521 1584
1521 1593
1521 1600
1521 1606
1521 1608
1521 1614
1521 1622
1521 1627
1521 1640
1521 1651
1521 1652
1521 1653
1521 1664
1521 1669
1521 1670
1521 1672
1521 1674
1521 1680
1521 1684
1521 1695
1521 1713
1521 1716
1521 1719
1521 1729
1521 1745
1521 1752
1521 1756
1521 1757
1521 1758
1521 1765
1521 1768
1521 1781
1521 1785
1521 1793
1521 1799
1521 1809
1521 1810
1521 1811
1521 1827
1521 1837
1521 1849
1521 1859
1521 1866
1521 1877
1521 1880
1521 1888
1521 1896
1521 1900
1521 1920
1521 1933
1521 1938
1521 1941
1521 1949
1521 1964
1521 1975
1521 1983
1521 1986
1522 1524
1522 1527
1522 1533
1522 1539
1522 1541
1522 1547
1522 1548
1522 1563
1522 1568
1522 1569
1522 1570
1522 1587
1522 1594
1522 1596
1522 1597
1522 1600
1522 1605
1522 1612
1522 1613
1522 1620
1522 1627
1522 1629
1522 1647
1522 1676
1522 1677
1522 1682
1522 1686
1522 1700
1522 1706
1522 1711
1522 1736
1522 1745
1522 1776
1522 1784
1522 1801
1522 1812
1522 1813
1522 1814
1522 1820
1522 1839
1522 1842
1522 1852
1522 1861
1522 1866
1522 1867
1522 1877
1522 1890
1522 1900
1522 1902
1522 1903
1522 1910
1522 1918
1522 1939
1522 1951
1522 1961
1522 1963
1522 1964
1522 1978
1523 1528
1523 1534
1523 1539
1523 1551
1523 1555
1523 1577
1523 1587
1523 1590
1523 1593
1523 1595
1523 1606
1523 1620
1523 1637
1523 1649
1523 1650
1523 1654
1523 1662
1523 1668
1523 1677
1523 1680
1523 1686
1523 1688
1523 1690
1523 1693
1523 1698
1523 1707
1523 1710
1523 1711
1523 1713
1523 1718
1523 1733
1523 1738
1523 1739
1523 1752
1523 1761
1523 1772
1523 1775
1523 1781
1523 1791
1523 1808
1523 1819
1523 1820
1523 1825
1523 1843
1523 1845
1523 1846
1523 1866
1523 1875
1523 1877
1523 1879
1523 1888
1523 1893
1523 1894
1523 1899
1523 1902
1523 1916
1523 1919
1523 1922
1523 1936
1523 1941
1523 1942
1523 1947
1523 1948
1523 1958
1523 1959
1523 1966
1524 1538
1524 1540
1524 1542
1524 1543
1524 1545
1524 1548
1524 1549
1524 1552
1524 1554
1524 1559
1524 1561
1524 1577
1524 1586
1524 1610
1524 1661
1524 1664
1524 1674
1524 1679
1524 1698
1524 1706
1524 1707
1524 1708
1524 1710
1524 1715
1524 1722
1524 1725
1524 1782
1524 1787
1524 1796
1524 1807
1524 1810
1524 1815
1524 1818
1524 1820
1524 1829
1524 1831
1524 1837
1524 1841
1524 1842
1524 1843
1524 1852
1524 1853
1524 1863
1524 1872
1524 1877
1524 1892
1524 1896
1524 1903
1524 1905
1524 1908
1524 1910
1524 1925
1524 1951
1524 1954
1524 1966
1524 1970
1524 1974
1524 1985
1525 1534
1525 1545
1525 1548
1525 1558
1525 1565
1525 1591
1525 1597
1525 1601
1525 1604
1525 1611
1525 1619
1525 1626
1525 1627
1525 1630
1525 1639
1525 1660
1525 1668
1525 1673
1525 1681
1525 1688
1525 1692
1525 1713
1525 1722
1525 1728
1525 1732
1525 1733
1525 1735
1525 1746
1525 1748
1525 1753
1525 1763
1525 1784
1525 1790
1525 1800
1525 1804
1525 1808
1525 1813
1525 1817
1525 1822
1525 1825
1525 1830
1525 1844
1525 1853
1525 1863
1525 1900
1525 1904
1525 1908
1525 1912
1525 1915
1525 1928
1525 1929
1525 1931
1525 1938
1525 1939
1525 1948
1525 1949
1525 1950
1525 1951
1525 1953
1525 1955
1525 1970
1525 1972
1525 1975
1525 1978
1525 1985
1526 1545
1526 1546
1526 1548
1526 1549
1526 1554
1526 1559
1526 1570
1526 1571
1526 1572
1526 1577
1526 1584
1526 1596
1526 1597
1526 1603
1526 1614
1526 1626
1526 1632
1526 1643
1526 1660
1526 1677
1526 1678
1526 1686
1526 1694
1526 1697
1526 1698
1526 1703
1526 1704
1526 1713
1526 1719
1526 1744
1526 1748
1526 1764
1526 1768
1526 1780
1526 1781
1526 1782
1526 1796
1526 1800
1526 1809
1526 1812
1526 1814
1526 1825
1526 1830
1526 1835
1526 1841
1526 1845
1526 1863
1526 1865
1526 1871
1526 1878
1526 1889
1526 1891
1526 1892
1526 1922
1526 1935
1526 1937
1526 1940
1526 1942
1526 1944
1526 1951
1526 1964
1526 1973
1526 1975
1526 1977
1526 1980
1527 1528
1527 1530
1527 1556
1527 1573
1527 1582
1527 1588
1527 1592
1527 1604
1527 1627
1527 1640
1527 1647
1527 1655
1527 1667
1527 1680
1527 1682
1527 1743
1527 1746
1527 1749
1527 1752
1527 1754
1527 1764
1527 1768
1527 1822
1527 1836
1527 1839
1527 1844
1527 1852
1527 1856
1527 1858
1527 1860
1527 1861
1527 1864
1527 1893
1527 1895
1527 1906
1527 1932
1527 1938
1527 1948
1527 1950
1527 1957
1527 1959
1527 1965
1527 1975
1527 1987
1528 1543
1528 1553
1528 1555
1528 1571
1528 1582
1528 1611
1528 1612
1528 1618
1528 1640
1528 1641
1528 1644
1528 1649
1528 1651
1528 1677
1528 1681
1528 1691
1528 1698
1528 1703
1528 1718
1528 1722
1528 1723
1528 1728
1528 1733
1528 1735
1528 1738
1528 1739
1528 1740
1528 1751
1528 1755
1528 1758
1528 1761
1528 1765
1528 1775
1528 1780
1528 1781
1528 1793
1528 1806
1528 1807
1528 1810
1528 1812
1528 1813
1528 1818
1528 1826
1528 1831
1528 1837
1528 1842
1528 1851
1528 1859
1528 1865
1528 1879
1528 1889
1528 1898
1528 1909
1528 1911
1528 1915
1528 1916
1528 1918
1528 1922
1528 1929
1528 1939
1528 1954
1528 1956
1528 1959
1528 1967
1528 1973
1528 1975
1528 1986
1529 1550
1529 1552
1529 1560
1529 1569
1529 1570
1529 1583
1529 1585
1529 1588
1529 1608
1529 1617
1529 1623
1529 1639
1529 1644
1529 1694
1529 1702
1529 1703
1529 1707
1529 1722
1529 1724
1529 1734
1529 1739
1529 1741
1529 1750
1529 1757
1529 1758
1529 1765
1529 1777
1529 1791
1529 1792
1529 1798
1529 1812
1529 1818
1529 1820
1529 1837
1529 1850
1529 1861
1529 1873
1529 1882
1529 1900
1529 1904
1529 1928
1529 1933
1529 1934
1529 1939
1529 1950
1529 1965
1529 1966
1529 1968
1529 1976
1529 1978
1529 1982
1529 1986
1530 1531
1530 1547
1530 1555
1530 1557
1530 1568
1530 1576
1530 1581
1530 1585
1530 1590
1530 1597
1530 1607
1530 1608
1530 1616
1530 1619
1530 1621
1530 1625
1530 1630
1530 1637
1530 1639
1530 1645
1530 1664
1530 1669
1530 1670
1530 1671
1530 1687
1530 1706
1530 1711
1530 1714
1530 1718
1530 1722
1530 1723
1530 1727
1530 1730
1530 1731
1530 1739
1530 1744
1530 1747
1530 1751
1530 1764
1530 1787
1530 1791
1530 1797
1530 1803
1530 1809
1530 1818
1530 1822
1530 1824
1530 1828
1530 1832
1530 1841
1530 1845
1530 1892
1530 1898
1530 1927
1530 1930
1530 1952
1530 1963
1530 1971
1530 1977
1530 1980
1530 1984
1531 1533
1531 1541
1531 1552
1531 1560
1531 1561
1531 1565
1531 1579
1531 1590
1531 1598
1531 1599
1531 1602
1531 1603
1531 1614
1531 1623
1531 1636
1531 1639
1531 1641
1531 1642
1531 1655
1531 1686
1531 1699
1531 1720
1531 1728
1531 1729
1531 1737
1531 1741
1531 1764
1531 1766
1531 1768
1531 1782
1531 1792
1531 1795
1531 1797
1531 1803
1531 1806
1531 1812
1531 1818
1531 1827
1531 1829
1531 1842
1531 1845
1531 1851
1531 1861
1531 1867
1531 1871
1531 1877
1531 1880
1531 1893
1531 1899
1531 1908
1531 1916
1531 1928
1531 1940
1531 1942
1531 1948
1531 1954
1531 1957
1531 1963
1531 1964
1531 1965
1531 1966
1531 1983
1531 1984
1532 1533
1532 1537
1532 1539
1532 1542
1532 1563
1532 1576
1532 1586
1532 1587
1532 1592
1532 1593
1532 1594
1532 1596
1532 1600
1532 1623
1532 1632
1532 1643
1532 1656
1532 1657
1532 1658
1532 1659
1532 1662
1532 1670
1532 1681
1532 1697
1532 1699
1532 1714
1532 1720
1532 1737
1532 1739
1532 1750
1532 1755
1532 1758
1532 1798
1532 1801
1532 1808
1532 1822
1532 1823
1532 1843
1532 1847
1532 1865
1532 1866
1532 1876
1532 1892
1532 1893
1532 1906
1532 1911
1532 1918
1532 1926
1532 1933
1532 1934
1532 1942
1532 1949
1532 1966
1532 1971
1532 1974
1532 1977
1532 1981
1532 1985
1532 1987
1533 1539
1533 1543
1533 1544
1533 1559
1533 1561
1533 1564
1533 1569
1533 1577
1533 1582
1533 1583
1533 1584
1533 1607
1533 1619
1533 1625
1533 1627
1533 1629
1533 1641
1533 1655
1533 1656
1533 1662
1533 1663
1533 1668
1533 1670
1533 1677
1533 1690
1533 1694
1533 1700
1533 1702
1533 1706
1533 1714
1533 1730
1533 1742
1533 1746
1533 1747
1533 1764
1533 1765
1533 1766
1533 1776
1533 1787
1533 1791
1533 1807
1533 1811
1533 1813
1533 1816
1533 1819
1533 1850
1533 1875
1533 1880
1533 1894
1533 1903
1533 1911
1533 1924
1533 1961
1533 1962
1533 1964
1533 1965
1533 1966
1533 1967
1533 1970
1533 1974
1533 1975
1533 1984
1534 1540
1534 1547
1534 1548
1534 1561
1534 1568
1534 1571
1534 1576
1534 1588
1534 1590
1534 1617
1534 1621
1534 1624
1534 1630
1534 1631
1534 1642
1534 1651
1534 1662
1534 1675
1534 1676
1534 1712
1534 1717
1534 1733
1534 1742
1534 1743
1534 1760
1534 1771
1534 1788
1534 1789
1534 1791
1534 1802
1534 1805
1534 1811
1534 1816
1534 1821
1534 1825
1534 1827
1534 1849
1534 1859
1534 1862
1534 1868
1534 1905
1534 1909
1534 1913
1534 1915
1534 1925
1534 1938
1534 1940
1534 1943
1534 1946
1534 1952
1534 1953
1534 1959
1534 1961
1534 1971
1535 1536
1535 1538
1535 1539
1535 1542
1535 1546
1535 1551
1535 1556
1535 1561
1535 1567
1535 1573
1535 1578
1535 1580
1535 1589
1535 1604
1535 1610
1535 1619
1535 1620
1535 1635
1535 1636
1535 1641
1535 1643
1535 1645
1535 1647
1535 1674
1535 1679
1535 1692
1535 1693
1535 1703
1535 1711
1535 1729
1535 1730
1535 1731
1535 1737
1535 1747
1535 1755
1535 1764
1535 1766
1535 1780
1535 1782
1535 1800
1535 1809
1535 1816
1535 1825
1535 1828
1535 1833
1535 1834
1535 1835
1535 1840
1535 1843
1535 1848
1535 1856
1535 1858
1535 1861
1535 1888
1535 1889
1535 1916
1535 1928
1535 1946
1535 1954
1535 1964
1535 1970
1535 1973
1535 1980
1535 1982
1535 1987
1536 1537
1536 1543
1536 1559
1536 1595
1536 1618
1536 1625
1536 1627
1536 1636
1536 1655
1536 1696
1536 1713
1536 1716
1536 1732
1536 1740
1536 1745
1536 1748
1536 1749
1536 1773
1536 1781
1536 1785
1536 1791
1536 1800
1536 1802
1536 1820
1536 1832
1536 1843
1536 1854
1536 1859
1536 1868
1536 1869
1536 1872
1536 1877
1536 1881
1536 1883
1536 1886
1536 1887
1536 1892
1536 1900
1536 1910
1536 1923
1536 1946
1536 1948
1536 1949
1536 1962
1536 1967
1536 1969
1536 1975
1537 1569
1537 1571
1537 1577
1537 1579
1537 1581
1537 1612
1537 1621
1537 1625
1537 1642
1537 1658
1537 1664
1537 1683
1537 1687
1537 1696
1537 1699
1537 1706
1537 1714
1537 1717
1537 1743
1537 1757
1537 1767
1537 1772
1537 1774
1537 1776
1537 1777
1537 1778
1537 1779
1537 1789
1537 1796
1537 1801
1537 1808
1537 1818
1537 1819
1537 1823
1537 1825
1537 1834
1537 1849
1537 1852
1537 1856
1537 1861
1537 1866
1537 1883
1537 1888
1537 1910
1537 1914
1537 1931
1537 1944
1537 1950
1537 1953
1537 1954
1537 1973
1537 1981
1538 1540
1538 1543
1538 1555
1538 1567
1538 1594
1538 1601
1538 1625
1538 1626
1538 1632
1538 1634
1538 1650
1538 1658
1538 1665
1538 1668
1538 1683
1538 1686
1538 1691
1538 1706
1538 1710
1538 1724
1538 1728
1538 1729
1538 1739
1538 1752
1538 1756
1538 1758
1538 1768
1538 1775
1538 1785
1538 1790
1538 1792
1538 1814
1538 1818
1538 1834
1538 1836
1538 1837
1538 1840
1538 1843
1538 1848
1538 1866
1538 1883
1538 1895
1538 1903
1538 1943
1538 1952
1538 1954
1538 1971
1538 1977
1538 1982
1539 1542
1539 1546
1539 1553
1539 1563
1539 1573
1539 1575
1539 1579
1539 1589
1539 1591
1539 1592
1539 1599
1539 1600
1539 1606
1539 1609
1539 1616
1539 1632
1539 1641
1539 1653
1539 1669
1539 1677
1539 1684
1539 1689
1539 1693
1539 1694
1539 1696
1539 1712
1539 1713
1539 1730
1539 1734
1539 1739
1539 1743
1539 1744
1539 1747
1539 1757
1539 1773
1539 1776
1539 1791
1539 1796
1539 1803
1539 1805
1539 1814
1539 1824
1539 1826
1539 1827
1539 1829
1539 1841
1539 1845
1539 1848
1539 1861
1539 1867
1539 1871
1539 1874
1539 1895
1539 1900
1539 1913
1539 1923
1539 1930
1539 1933
1539 1936
1539 1942
1539 1981
1539 1987
1540 1544
1540 1549
1540 1558
1540 1597
1540 1602
1540 1604
1540 1613
1540 1614
1540 1618
1540 1639
1540 1642
1540 1643
1540 1646
1540 1647
1540 1660
1540 1669
1540 1696
1540 1730
1540 1733
1540 1739
1540 1744
1540 1746
1540 1759
1540 1762
1540 1765
1540 1767
1540 1775
1540 1784
1540 1791
1540 1794
1540 1801
1540 1806
1540 1824
1540 1831
1540 1835
1540 1838
1540 1846
1540 1848
1540 1865
1540 1871
1540 1875
1540 1880
1540 1892
1540 1907
1540 1932
1540 1934
1540 1939
1540 1943
1540 1944
1540 1947
1540 1955
1540 1969
1540 1971
1540 1981
1540 1982
1540 1983
1540 1986
1540 1987
1541 1546
1541 1553
1541 1554
1541 1572
1541 1579
1541 1586
1541 1589
1541 1592
1541 1606
1541 1614
1541 1617
1541 1625
1541 1631
1541 1636
1541 1641
1541 1643
1541 1653
1541 1658
1541 1660
1541 1661
1541 1666
1541 1676
1541 1686
1541 1700
1541 1726
1541 1747
1541 1753
1541 1770
1541 1771
1541 1772
1541 1775
1541 1779
1541 1784
1541 1810
1541 1816
1541 1837
1541 1847
1541 1848
1541 1850
1541 1857
1541 1863
1541 1867
1541 1874
1541 1880
1541 1892
1541 1893
1541 1896
1541 1899
1541 1900
1541 1902
1541 1910
1541 1939
1541 1943
1541 1944
1541 1945
1541 1954
1541 1975
1541 1984
1542 1558
1542 1563
1542 1568
1542 1569
1542 1572
1542 1573
1542 1578
1542 1579
1542 1580
1542 1591
1542 1601
1542 1606
1542 1610
1542 1612
1542 1618
1542 1619
1542 1628
1542 1630
1542 1633
1542 1635
1542 1638
1542 1639
1542 1643
1542 1644
1542 1646
1542 1647
1542 1650
1542 1654
1542 1657
1542 1658
1542 1662
1542 1665
1542 1668
1542 1674
1542 1686
1542 1690
1542 1692
1542 1693
1542 1697
1542 1698
1542 1708
1542 1716
1542 1717
1542 1719
1542 1727
1542 1730
1542 1731
1542 1736
1542 1744
1542 1757
1542 1759
1542 1765
1542 1769
1542 1776
1542 1779
1542 1787
1542 1800
1542 1811
1542 1813
1542 1830
1542 1832
1542 1843
1542 1848
1542 1857
1542 1868
1542 1944
1542 1949
1542 1952
1542 1966
1542 1983
1542 1985
1543 1570
1543 1573
1543 1577
1543 1595
1543 1597
1543 1598
1543 1600
1543 1614
1543 1620
1543 1626
1543 1632
1543 1638
1543 1642
1543 1643
1543 1669
1543 1672
1543 1674
1543 1675
1543 1676
1543 1681
1543 1682
1543 1694
1543 1715
1543 1724
1543 1728
1543 1732
1543 1737
1543 1756
1543 1760
1543 1776
1543 1781
1543 1792
1543 1796
1543 1800
1543 1829
1543 1834
1543 1835
1543 1849
1543 1855
1543 1874
1543 1880
1543 1911
1543 1923
1543 1931
1543 1933
1543 1936
1543 1956
1543 1969
1543 1974
1543 1979
1543 1984
1544 1577
1544 1609
1544 1613
1544 1614
1544 1618
1544 1621
1544 1641
1544 1644
1544 1651
1544 1668
1544 1674
1544 1686
1544 1692
1544 1695
1544 1702
1544 1705
1544 1717
1544 1735
1544 1754
1544 1757
1544 1759
1544 1761
1544 1764
1544 1766
1544 1776
1544 1777
1544 1779
1544 1794
1544 1796
1544 1803
1544 1814
1544 1816
1544 1820
1544 1823
1544 1827
1544 1828
1544 1832
1544 1849
1544 1857
1544 1859
1544 1870
1544 1875
1544 1884
1544 1891
1544 1893
1544 1912
1544 1918
1544 1923
1544 1932
1544 1934
1544 1938
1544 1948
1544 1953
1544 1956
1544 1961
1544 1967
1544 1968
1544 1979
1544 1986
1545 1546
1545 1559
1545 1560
1545 1561
1545 1567
1545 1578
1545 1589
1545 1591
1545 1594
1545 1603
1545 1614
1545 1632
1545 1634
1545 1639
1545 1643
1545 1658
1545 1669
1545 1671
1545 1680
1545 1690
1545 1693
1545 1712
1545 1713
1545 1719
1545 1723
1545 1725
1545 1732
1545 1745
1545 1746
1545 1751
1545 1773
1545 1775
1545 1784
1545 1786
1545 1791
1545 1801
1545 1805
1545 1817
1545 1837
1545 1845
1545 1848
1545 1849
1545 1855
1545 1875
1545 1878
1545 1892
1545 1902
1545 1913
1545 1927
1545 1934
1545 1935
1545 1936
1545 1937
1545 1940
1545 1954
1545 1959
1545 1965
1545 1968
1545 1983
1545 1986
1545 1987
1546 1548
1546 1559
1546 1561
1546 1562
1546 1564
1546 1568
1546 1585
1546 1586
1546 1601
1546 1632
1546 1661
1546 1679
1546 1691
1546 1704
1546 1710
1546 1714
1546 1726
1546 1735
1546 1736
1546 1746
1546 1752
1546 1756
1546 1761
1546 1762
1546 1766
1546 1778
1546 1783
1546 1787
1546 1793
1546 1794
1546 1806
1546 1814
1546 1827
1546 1828
1546 1835
1546 1854
1546 1863
1546 1864
1546 1874
1546 1883
1546 1886
1546 1890
1546 1899
1546 1928
1546 1933
1546 1943
1546 1951
1546 1960
1546 1966
1546 1977
1546 1983
1546 1985
1547 1552
1547 1553
1547 1556
1547 1560
1547 1568
1547 1580
1547 1597
1547 1614
1547 1624
1547 1627
1547 1628
1547 1647
1547 1653
1547 1659
1547 1700
1547 1724
1547 1728
1547 1746
1547 1754
1547 1757
1547 1765
1547 1769
1547 1779
1547 1793
1547 1800
1547 1807
1547 1811
1547 1823
1547 1832
1547 1833
1547 1834
1547 1851
1547 1852
1547 1854
1547 1868
1547 1880
1547 1881
1547 1884
1547 1886
1547 1899
1547 1901
1547 1911
1547 1928
1547 1942
1547 1950
1547 1958
1547 1966
1547 1976
1547 1980
1547 1981
1547 1983
1548 1550
1548 1581
1548 1585
1548 1588
1548 1589
1548 1595
1548 1598
1548 1612
1548 1623
1548 1624
1548 1633
1548 1640
1548 1643
1548 1646
1548 1648
1548 1649
1548 1650
1548 1652
1548 1657
1548 1659
1548 1666
1548 1676
1548 1677
1548 1678
1548 1694
1548 1695
1548 1702
1548 1706
1548 1717
1548 1724
1548 1726
1548 1728
1548 1752
1548 1768
1548 1771
1548 1777
1548 1783
1548 1787
1548 1794
1548 1806
1548 1807
1548 1835
1548 1839
1548 1860
1548 1869
1548 1870
1548 1885
1548 1888
1548 1890
1548 1894
1548 1897
1548 1898
1548 1899
1548 1901
1548 1929
1548 1934
1548 1940
1548 1944
1548 1948
1548 1950
1548 1956
1548 1957
1548 1975
1549 1552
1549 1567
1549 1569
1549 1579
1549 1590
1549 1615
1549 1616
1549 1640
1549 1651
1549 1656
1549 1663
1549 1666
1549 1687
1549 1699
1549 1709
1549 1728
1549 1742
1549 1751
1549 1780
1549 1785
1549 1802
1549 1804
1549 1805
1549 1810
1549 1823
1549 1825
1549 1826
1549 1832
1549 1834
1549 1839
1549 1842
1549 1851
1549 1852
1549 1853
1549 1872
1549 1878
1549 1886
1549 1889
1549 1897
1549 1898
1549 1899
1549 1900
1549 1902
1549 1906
1549 1907
1549 1913
1549 1937
1549 1940
1549 1947
1549 1960
1550 1551
1550 1576
1550 1577
1550 1599
1550 1606
1550 1607
1550 1620
1550 1627
1550 1650
1550 1651
1550 1678
1550 1679
1550 1687
1550 1690
1550 1700
1550 1704
1550 1714
1550 1721
1550 1729
1550 1730
1550 1741
1550 1743
1550 1757
1550 1762
1550 1767
1550 1773
1550 1785
1550 1794
1550 1810
1550 1811
1550 1818
1550 1830
1550 1836
1550 1841
1550 1855
1550 1856
1550 1859
1550 1860
1550 1875
1550 1879
1550 1899
1550 1900
1550 1902
1550 1918
1550 1924
1550 1928
1550 1933
1550 1934
1550 1953
1550 1959
1550 1968
1550 1969
1550 1981
1550 1987
1551 1559
1551 1564
1551 1568
1551 1571
1551 1598
1551 1602
1551 1605
1551 1613
1551 1614
1551 1622
1551 1638
1551 1641
1551 1652
1551 1665
1551 1677
1551 1682
1551 1687
1551 1707
1551 1715
1551 1720
1551 1732
1551 1734
1551 1738
1551 1752
1551 1762
1551 1763
1551 1779
1551 1788
1551 1794
1551 1807
1551 1809
1551 1829
1551 1830
1551 1836
1551 1840
1551 1848
1551 1855
1551 1857
1551 1858
1551 1864
1551 1874
1551 1884
1551 1885
1551 1886
1551 1887
1551 1894
1551 1895
1551 1897
1551 1909
1551 1917
1551 1928
1551 1941
1551 1942
1551 1944
1551 1946
1551 1963
1551 1980
1551 1982
1551 1987
1552 1555
1552 1562
1552 1564
1552 1568
1552 1569
1552 1575
1552 1580
1552 1585
1552 1586
1552 1592
1552 1593
1552 1600
1552 1607
1552 1611
1552 1616
1552 1626
1552 1632
1552 1633
1552 1642
1552 1645
1552 1651
1552 1653
1552 1667
1552 1679
1552 1680
1552 1686
1552 1690
1552 1696
1552 1716
1552 1723
1552 1725
1552 1732
1552 1741
1552 1744
1552 1758
1552 1767
1552 1794
1552 1829
1552 1839
1552 1858
1552 1859
1552 1882
1552 1890
1552 1893
1552 1900
1552 1905
1552 1920
1552 1922
1552 1926
1552 1930
1552 1941
1552 1946
1552 1960
1552 1979
1552 1983
1552 1986
1552 1987
1553 1560
1553 1564
1553 1569
1553 1576
1553 1578
1553 1592
1553 1594
1553 1597
1553 1599
1553 1604
1553 1608
1553 1614
1553 1617
1553 1626
1553 1627
1553 1638
1553 1652
1553 1654
1553 1659
1553 1660
1553 1683
1553 1685
1553 1687
1553 1699
1553 1711
1553 1714
1553 1716
1553 1720
1553 1731
1553 1737
1553 1742
1553 1767
1553 1769
1553 1770
1553 1773
1553 1777
1553 1781
1553 1782
1553 1787
1553 1804
1553 1811
1553 1813
1553 1821
1553 1827
1553 1829
1553 1837
1553 1840
1553 1844
1553 1852
1553 1853
1553 1874
1553 1875
1553 1884
1553 1885
1553 1888
1553 1907
1553 1915
1553 1917
1553 1918
1553 1922
1553 1931
1553 1936
1553 1939
1553 1953
1553 1959
1553 1970
1553 1975
1553 1980
1553 1984
1553 1985
1553 1986
1554 1563
1554 1586
1554 1591
1554 1606
1554 1627
1554 1640
1554 1641
1554 1643
1554 1668
1554 1671
1554 1674
1554 1683
1554 1684
1554 1712
1554 1738
1554 1748
1554 1751
1554 1756
1554 1760
1554 1762
1554 1767
1554 1768
1554 1776
1554 1822
1554 1823
1554 1831
1554 1832
1554 1846
1554 1854
1554 1860
1554 1868
1554 1876
1554 1885
1554 1895
1554 1915
1554 1916
1554 1923
1554 1938
1554 1953
1554 1957
1554 1975
1554 1982
1555 1557
1555 1570
1555 1595
1555 1603
1555 1606
1555 1607
1555 1612
1555 1616
1555 1625
1555 1629
1555 1634
1555 1651
1555 1659
1555 1666
1555 1669
1555 1684
1555 1686
1555 1716
1555 1721
1555 1730
1555 1757
1555 1775
1555 1784
1555 1791
1555 1799
1555 1800
1555 1806
1555 1809
1555 1812
1555 1818
1555 1822
1555 1824
1555 1834
1555 1845
1555 1853
1555 1861
1555 1879
1555 1889
1555 1912
1555 1913
1555 1915
1555 1925
1555 1927
1555 1952
1555 1975
1556 1558
1556 1584
1556 1588
1556 1589
1556 1598
1556 1612
1556 1614
1556 1616
1556 1622
1556 1647
1556 1655
1556 1656
1556 1679
1556 1697
1556 1698
1556 1700
1556 1710
1556 1718
1556 1726
1556 1731
1556 1735
1556 1737
1556 1741
1556 1749
1556 1768
1556 1774
1556 1777
1556 1782
1556 1784
1556 1788
1556 1803
1556 1806
1556 1815
1556 1816
1556 1822
1556 1825
1556 1826
1556 1835
1556 1867
1556 1870
1556 1881
1556 1896
1556 1897
1556 1901
1556 1919
1556 1920
1556 1924
1556 1932
1556 1942
1556 1946
1556 1951
1556 1961
1556 1965
1556 1966
1556 1972
1556 1974
1556 1980
1556 1986
1557 1560
1557 1566
1557 1588
1557 1607
1557 1618
1557 1621
1557 1633
1557 1637
1557 1640
1557 1641
1557 1655
1557 1675
1557 1690
1557 1697
1557 1709
1557 1713
1557 1719
1557 1722
1557 1729
1557 1731
1557 1733
1557 1738
1557 1743
1557 1745
1557 1754
1557 1757
1557 1761
1557 1785
1557 1797
1557 1801
1557 1805
1557 1819
1557 1849
1557 1854
1557 1863
1557 1864
1557 1868
1557 1875
1557 1880
1557 1881
1557 1904
1557 1908
1557 1918
1557 1930
1557 1954
1557 1975
1557 1977
1557 1985
1557 1987
1558 1559
1558 1598
1558 1605
1558 1607
1558 1632
1558 1637
1558 1648
1558 1649
1558 1665
1558 1669
1558 1683
1558 1695
1558 1696
1558 1706
1558 1743
1558 1751
1558 1759
1558 1764
1558 1767
1558 1779
1558 1781
1558 1785
1558 1798
1558 1804
1558 1816
1558 1824
1558 1826
1558 1834
1558 1839
1558 1847
1558 1852
1558 1891
1558 1894
1558 1899
1558 1912
1558 1915
1558 1919
1558 1924
1558 1932
1558 1936
1558 1942
1558 1952
1558 1954
1558 1971
1558 1976
1559 1569
1559 1571
1559 1581
1559 1585
1559 1587
1559 1594
1559 1606
1559 1612
1559 1615
1559 1618
1559 1631
1559 1632
1559 1636
1559 1641
1559 1648
1559 1650
1559 1658
1559 1673
1559 1675
1559 1676
1559 1678
1559 1679
1559 1692
1559 1695
1559 1709
1559 1730
1559 1735
1559 1759
1559 1763
1559 1772
1559 1793
1559 1814
1559 1834
1559 1838
1559 1841
1559 1843
1559 1849
1559 1857
1559 1858
1559 1859
1559 1879
1559 1893
1559 1897
1559 1898
1559 1904
1559 1924
1559 1950
1559 1962
1560 1570
1560 1573
1560 1601
1560 1633
1560 1658
1560 1682
1560 1708
1560 1719
1560 1723
1560 1734
1560 1741
1560 1754
1560 1761
1560 1765
1560 1771
1560 1780
1560 1782
1560 1794
1560 1805
1560 1811
1560 1819
1560 1823
1560 1832
1560 1847
1560 1851
1560 1856
1560 1866
1560 1879
1560 1881
1560 1896
1560 1900
1560 1902
1560 1904
1560 1907
1560 1937
1560 1944
1560 1951
1560 1969
1560 1973
1560 1985
1561 1565
1561 1567
1561 1573
1561 1587
1561 1591
1561 1592
1561 1598
1561 1603
1561 1621
1561 1624
1561 1632
1561 1637
1561 1638
1561 1647
1561 1650
1561 1658
1561 1682
1561 1692
1561 1693
1561 1694
1561 1695
1561 1703
1561 1720
1561 1735
1561 1745
1561 1754
1561 1756
1561 1761
1561 1771
1561 1773
1561 1778
1561 1790
1561 1793
1561 1795
1561 1801
1561 1806
1561 1807
1561 1821
1561 1836
1561 1841
1561 1850
1561 1857
1561 1866
1561 1873
1561 1878
1561 1886
1561 1895
1561 1897
1561 1899
1561 1901
1561 1911
1561 1915
1561 1917
1561 1921
1561 1926
1561 1946
1561 1947
1561 1955
1561 1958
1561 1959
1561 1961
1561 1970
1561 1977
1561 1979
1561 1983
1561 1985
1562 1575
1562 1585
1562 1593
1562 1608
1562 1615
1562 1618
1562 1619
1562 1623
1562 1624
1562 1634
1562 1642
1562 1648
1562 1657
1562 1661
1562 1673
1562 1675
1562 1687
1562 1692
1562 1699
1562 1709
1562 1723
1562 1732
1562 1734
1562 1754
1562 1756
1562 1763
1562 1772
1562 1773
1562 1776
1562 1779
1562 1786
1562 1812
1562 1818
1562 1837
1562 1858
1562 1863
1562 1878
1562 1879
1562 1885
1562 1890
1562 1895
1562 1907
1562 1913
1562 1916
1562 1923
1562 1927
1562 1934
1562 1940
1562 1943
1562 1949
1562 1955
1562 1960
1562 1965
1562 1968
1562 1984
1563 1583
1563 1585
1563 1594
1563 1598
1563 1603
1563 1604
1563 1607
1563 1620
1563 1627
1563 1633
1563 1634
1563 1665
1563 1680
1563 1682
1563 1685
1563 1688
1563 1692
1563 1697
1563 1708
1563 1714
1563 1716
1563 1720
1563 1733
1563 1739
1563 1743
1563 1747
1563 1751
1563 1772
1563 1783
1563 1792
1563 1799
1563 1800
1563 1819
1563 1833
1563 1844
1563 1851
1563 1855
1563 1864
1563 1867
1563 1871
1563 1893
1563 1895
1563 1902
1563 1904
1563 1905
1563 1918
1563 1921
1563 1929
1563 1931
1563 1947
1563 1955
1563 1959
1563 1967
1563 1968
1563 1970
1563 1981
1563 1983
1563 1987
1564 1598
1564 1609
1564 1613
1564 1621
1564 1627
1564 1638
1564 1642
1564 1653
1564 1654
1564 1658
1564 1670
1564 1679
1564 1690
1564 1699
1564 1700
1564 1702
1564 1705
1564 1706
1564 1708
1564 1711
1564 1722
1564 1724
1564 1727
1564 1762
1564 1771
1564 1776
1564 1796
1564 1800
1564 1813
1564 1820
1564 1821
1564 1831
1564 1835
1564 1840
1564 1854
1564 1865
1564 1899
1564 1914
1564 1921
1564 1947
1564 1953
1564 1959
1564 1975
1564 1978
1564 1983
1564 1986
1565 1568
1565 1570
1565 1574
1565 1591
1565 1595
1565 1615
1565 1620
1565 1623
1565 1639
1565 1640
1565 1650
1565 1656
1565 1659
1565 1673
1565 1689
1565 1700
1565 1702
1565 1709
1565 1715
1565 1725
1565 1730
1565 1736
1565 1739
1565 1740
1565 1761
1565 1764
1565 1766
1565 1772
1565 1774
1565 1782
1565 1794
1565 1804
1565 1808
1565 1809
1565 1817
1565 1818
1565 1822
1565 1831
1565 1835
1565 1849
1565 1858
1565 1897
1565 1898
1565 1909
1565 1914
1565 1956
1565 1962
1565 1965
1565 1967
1565 1970
1565 1979
1565 1987
1566 1576
1566 1578
1566 1584
1566 1594
1566 1603
1566 1604
1566 1617
1566 1620
1566 1629
1566 1635
1566 1638
1566 1645
1566 1649
1566 1654
1566 1662
1566 1678
1566 1686
1566 1688
1566 1690
1566 1708
1566 1709
1566 1713
1566 1723
1566 1729
1566 1730
1566 1743
1566 1764
1566 1767
1566 1794
1566 1796
1566 1798
1566 1802
1566 1805
1566 1807
1566 1825
1566 1837
1566 1851
1566 1860
1566 1901
1566 1905
1566 1913
1566 1934
1566 1942
1566 1944
1566 1948
1566 1954
1567 1569
1567 1586
1567 1589
1567 1590
1567 1601
1567 1613
1567 1618
1567 1624
1567 1634
1567 1636
1567 1647
1567 1675
1567 1686
1567 1689
1567 1700
1567 1704
1567 1724
1567 1728
1567 1753
1567 1757
1567 1761
1567 1764
1567 1766
1567 1772
1567 1780
1567 1789
1567 1799
1567 1810
1567 1820
1567 1823
1567 1825
1567 1827
1567 1835
1567 1837
1567 1846
1567 1848
1567 1850
1567 1855
1567 1856
1567 1859
1567 1864
1567 1865
1567 1887
1567 1899
1567 1905
1567 1907
1567 1909
1567 1931
1567 1941
1567 1958
1567 1971
1567 1974
1567 1979
1567 1980
1568 1569
1568 1578
1568 1586
1568 1596
1568 1608
1568 1609
1568 1612
1568 1616
1568 1623
1568 1638
1568 1641
1568 1648
1568 1659
1568 1660
1568 1694
1568 1700
1568 1701
1568 1728
1568 1730
1568 1731
1568 1734
1568 1739
1568 1764
1568 1789
1568 1820
1568 1823
1568 1828
1568 1832
1568 1836
1568 1852
1568 1858
1568 1865
1568 1877
1568 1890
1568 1893
1568 1896
1568 1912
1568 1920
1568 1927
1568 1928
1568 1933
1568 1935
1568 1945
1568 1961
1568 1965
1568 1981
1569 1585
1569 1586
1569 1593
1569 1598
1569 1601
1569 1608
1569 1632
1569 1643
1569 1651
1569 1665
1569 1680
1569 1681
1569 1698
1569 1716
1569 1744
1569 1746
1569 1747
1569 1750
1569 1756
1569 1763
1569 1793
1569 1801
1569 1805
1569 1824
1569 1830
1569 1835
1569 1838
1569 1848
1569 1852
1569 1853
1569 1854
1569 1857
1569 1885
1569 1886
1569 1893
1569 1897
1569 1903
1569 1906
1569 1913
1569 1921
1569 1922
1569 1928
1569 1930
1569 1942
1569 1950
1569 1951
1569 1963
1569 1965
1569 1975
1569 1978
1569 1979
1569 1984
1569 1986
1570 1573
1570 1574
1570 1576
1570 1579
1570 1598
1570 1603
1570 1605
1570 1609
1570 1635
1570 1637
1570 1642
1570 1654
1570 1684
1570 1702
1570 1708
1570 1714
1570 1718
1570 1732
1570 1749
1570 1750
1570 1770
1570 1783
1570 1786
1570 1802
1570 1807
1570 1808
1570 1813
1570 1817
1570 1844
1570 1848
1570 1853
1570 1857
1570 1858
1570 1864
1570 1865
1570 1866
1570 1873
1570 1876
1570 1880
1570 1887
1570 1888
1570 1891
1570 1904
1570 1908
1570 1912
1570 1927
1570 1929
1570 1937
1570 1944
1570 1962
1570 1968
1570 1974
1570 1979
1571 1575
1571 1577
1571 1579
1571 1588
1571 1589
1571 1603
1571 1614
1571 1630
1571 1636
1571 1638
1571 1650
1571 1652
1571 1661
1571 1667
1571 1668
1571 1675
1571 1677
1571 1680
1571 1681
1571 1688
1571 1694
1571 1695
1571 1711
1571 1723
1571 1728
1571 1732
1571 1746
1571 1757
1571 1758
1571 1762
1571 1763
1571 1764
1571 1765
1571 1777
1571 1783
1571 1785
1571 1788
1571 1790
1571 1796
1571 1799
1571 1808
1571 1820
1571 1830
1571 1831
1571 1834
1571 1842
1571 1848
1571 1861
1571 1862
1571 1866
1571 1871
1571 1884
1571 1892
1571 1898
1571 1900
1571 1910
1571 1911
1571 1923
1571 1946
1571 1961
1571 1968
1571 1976
1572 1573
1572 1587
1572 1589
1572 1590
1572 1595
1572 1598
1572 1605
1572 1619
1572 1641
1572 1653
1572 1666
1572 1668
1572 1671
1572 1684
1572 1691
1572 1692
1572 1702
1572 1705
1572 1716
1572 1721
1572 1722
1572 1735
1572 1743
1572 1750
1572 1776
1572 1779
1572 1784
1572 1814
1572 1815
1572 1818
1572 1829
1572 1832
1572 1840
1572 1842
1572 1857
1572 1861
1572 1873
1572 1886
1572 1887
1572 1897
1572 1905
1572 1911
1572 1937
1572 1940
1572 1955
1572 1958
1572 1963
1572 1977
1572 1979
1573 1590
1573 1610
1573 1611
1573 1629
1573 1632
1573 1637
1573 1642
1573 1651
1573 1669
1573 1678
1573 1692
1573 1701
1573 1712
1573 1723
1573 1729
1573 1730
1573 1732
1573 1736
1573 1743
1573 1752
1573 1754
1573 1766
1573 1768
1573 1776
1573 1787
1573 1792
1573 1813
1573 1825
1573 1836
1573 1853
1573 1858
1573 1864
1573 1877
1573 1885
1573 1900
1573 1924
1573 1928
1573 1935
1573 1936
1573 1938
1573 1940
1573 1942
1573 1948
1573 1950
1573 1964
1574 1575
1574 1581
1574 1584
1574 1585
1574 1588
1574 1594
1574 1595
1574 1602
1574 1608
1574 1609
1574 1631
1574 1632
1574 1639
1574 1653
1574 1661
1574 1684
1574 1697
1574 1705
1574 1716
1574 1726
1574 1728
1574 1732
1574 1733
1574 1734
1574 1750
1574 1765
1574 1766
1574 1774
1574 1780
1574 1782
1574 1790
1574 1791
1574 1801
1574 1820
1574 1847
1574 1853
1574 1860
1574 1864
1574 1868
1574 1872
1574 1875
1574 1896
1574 1904
1574 1919
1574 1920
1574 1936
1574 1942
1574 1946
1574 1960
1574 1967
1574 1968
1574 1970
1574 1972
1574 1976
1574 1978
1574 1980
1574 1983
1574 1986
1575 1581
1575 1589
1575 1590
1575 1592
1575 1595
1575 1597
1575 1598
1575 1603
1575 1606
1575 1607
1575 1612
1575 1620
1575 1627
1575 1632
1575 1641
1575 1672
1575 1695
1575 1698
1575 1706
1575 1711
1575 1717
1575 1719
1575 1723
1575 1740
1575 1749
1575 1754
1575 1758
1575 1761
1575 1770
1575 1780
1575 1795
1575 1797
1575 1802
1575 1804
1575 1814
1575 1826
1575 1828
1575 1833
1575 1839
1575 1840
1575 1844
1575 1852
1575 1859
1575 1874
1575 1885
1575 1887
1575 1893
1575 1912
1575 1924
1575 1928
1575 1932
1575 1934
1575 1939
1575 1941
1575 1948
1575 1964
1575 1965
1575 1969
1575 1983
1575 1987
1576 1583
1576 1585
1576 1588
1576 1589
1576 1595
1576 1617
1576 1620
1576 1648
1576 1649
1576 1653
1576 1662
1576 1668
1576 1680
1576 1690
1576 1696
1576 1703
1576 1711
1576 1720
1576 1728
1576 1747
1576 1767
1576 1768
1576 1776
1576 1778
1576 1782
1576 1787
1576 1794
1576 1797
1576 1799
1576 1803
1576 1822
1576 1825
1576 1826
1576 1832
1576 1834
1576 1840
1576 1843
1576 1856
1576 1857
1576 1859
1576 1865
1576 1866
1576 1869
1576 1883
1576 1884
1576 1885
1576 1892
1576 1900
1576 1911
1576 1932
1576 1933
1576 1946
1576 1948
1576 1959
1576 1966
1576 1974
1576 1975
1576 1987
1577 1584
1577 1599
1577 1601
1577 1602
1577 1605
1577 1608
1577 1609
1577 1612
1577 1620
1577 1623
1577 1625
1577 1642
1577 1649
1577 1662
1577 1684
1577 1697
1577 1710
1577 1717
1577 1719
1577 1736
1577 1740
1577 1747
1577 1750
1577 1760
1577 1767
1577 1773
1577 1779
1577 1786
1577 1787
1577 1796
1577 1797
1577 1805
1577 1808
1577 1810
1577 1815
1577 1826
1577 1830
1577 1855
1577 1857
1577 1864
1577 1867
1577 1869
1577 1890
1577 1899
1577 1905
1577 1906
1577 1916
1577 1926
1577 1929
1577 1932
1577 1936
1577 1981
1578 1587
1578 1591
1578 1594
1578 1595
1578 1597
1578 1621
1578 1625
1578 1641
1578 1645
1578 1647
1578 1648
1578 1650
1578 1652
1578 1654
1578 1657
1578 1660
1578 1665
1578 1669
1578 1670
1578 1673
1578 1693
1578 1696
1578 1697
1578 1717
1578 1720
1578 1729
1578 1733
1578 1734
1578 1759
1578 1769
1578 1772
1578 1774
1578 1781
1578 1785
1578 1786
1578 1791
1578 1800
1578 1804
1578 1823
1578 1831
1578 1832
1578 1839
1578 1849
1578 1852
1578 1854
1578 1858
1578 1870
1578 1874
1578 1880
1578 1884
1578 1886
1578 1887
1578 1895
1578 1904
1578 1920
1578 1928
1578 1934
1578 1941
1578 1958
1578 1970
1578 1979
1578 1985
1579 1589
1579 1597
1579 1604
1579 1608
1579 1612
1579 1613
1579 1615
1579 1655
1579 1674
1579 1683
1579 1696
1579 1722
1579 1740
1579 1745
1579 1751
1579 1769
1579 1780
1579 1792
1579 1794
1579 1796
1579 1802
1579 1804
1579 1811
1579 1816
1579 1817
1579 1837
1579 1874
1579 1878
1579 1885
1579 1894
1579 1896
1579 1915
1579 1921
1579 1924
1579 1941
1579 1942
1579 1950
1579 1970
1579 1972
1579 1973
1580 1581
1580 1594
1580 1595
1580 1609
1580 1610
1580 1614
1580 1629
1580 1647
1580 1650
1580 1682
1580 1689
1580 1701
1580 1705
1580 1714
1580 1717
1580 1718
1580 1750
1580 1755
1580 1764
1580 1782
1580 1787
1580 1788
1580 1799
1580 1802
1580 1804
1580 1805
1580 1809
1580 1844
1580 1856
1580 1866
1580 1867
1580 1875
1580 1879
1580 1893
1580 1894
1580 1902
1580 1906
1580 1924
1580 1925
1580 1928
1580 1931
1580 1935
1580 1951
1580 1952
1580 1962
1580 1967
1580 1979
1580 1980
1580 1982
1580 1984
1581 1586
1581 1594
1581 1602
1581 1605
1581 1609
1581 1614
1581 1617
1581 1618
1581 1629
1581 1632
1581 1642
1581 1647
1581 1650
1581 1651
1581 1698
1581 1702
1581 1705
1581 1710
1581 1726
1581 1738
1581 1746
1581 1755
1581 1765
1581 1767
1581 1772
1581 1773
1581 1774
1581 1779
1581 1782
1581 1784
1581 1790
1581 1793
1581 1806
1581 1808
1581 1814
1581 1815
1581 1818
1581 1827
1581 1835
1581 1840
1581 1843
1581 1846
1581 1848
1581 1862
1581 1864
1581 1870
1581 1887
1581 1893
1581 1896
1581 1898
1581 1910
1581 1928
1581 1929
1581 1937
1581 1947
1581 1954
1581 1964
1581 1976
1581 1983
1581 1984
1582 1583
1582 1585
1582 1599
1582 1600
1582 1604
1582 1618
1582 1623
1582 1624
1582 1628
1582 1638
1582 1640
1582 1648
1582 1660
1582 1662
1582 1664
1582 1668
1582 1670
1582 1675
1582 1679
1582 1692
1582 1693
1582 1732
1582 1733
1582 1759
1582 1764
1582 1771
1582 1785
1582 1787
1582 1791
1582 1800
1582 1815
1582 1820
1582 1821
1582 1830
1582 1835
1582 1836
1582 1840
1582 1850
1582 1855
1582 1871
1582 1872
1582 1878
1582 1886
1582 1890
1582 1891
1582 1924
1582 1927
1582 1945
1582 1954
1582 1957
1582 1965
1582 1981
1583 1589
1583 1593
1583 1595
1583 1607
1583 1614
1583 1628
1583 1647
1583 1650
1583 1659
1583 1660
1583 1666
1583 1668
1583 1679
1583 1702
1583 1703
1583 1710
1583 1715
1583 1716
1583 1719
1583 1720
1583 1752
1583 1777
1583 1781
1583 1785
1583 1788
1583 1801
1583 1804
1583 1827
1583 1829
1583 1832
1583 1836
1583 1844
1583 1845
1583 1847
1583 1859
1583 1863
1583 1871
1583 1873
1583 1874
1583 1878
1583 1895
1583 1897
1583 1903
1583 1911
1583 1936
1583 1937
1583 1938
1583 1953
1583 1960
1583 1964
1583 1971
1583 1984
1583 1986
1583 1987
1584 1589
1584 1593
1584 1601
1584 1604
1584 1611
1584 1663
1584 1671
1584 1685
1584 1709
1584 1723
1584 1733
1584 1738
1584 1740
1584 1752
1584 1758
1584 1765
1584 1776
1584 1779
1584 1780
1584 1811
1584 1813
1584 1828
1584 1835
1584 1836
1584 1845
1584 1846
1584 1861
1584 1868
1584 1875
1584 1891
1584 1898
1584 1901
1584 1908
1584 1909
1584 1912
1584 1942
1584 1943
1584 1945
1584 1947
1584 1959
1584 1962
1584 1977
1585 1590
1585 1613
1585 1615
1585 1616
1585 1620
1585 1623
1585 1627
1585 1658
1585 1663
1585 1669
1585 1671
1585 1672
1585 1690
1585 1695
1585 1722
1585 1731
1585 1736
1585 1738
1585 1747
1585 1772
1585 1779
1585 1785
1585 1787
1585 1803
1585 1817
1585 1829
1585 1880
1585 1884
1585 1898
1585 1904
1585 1915
1585 1917
1585 1922
1585 1931
1585 1944
1585 1946
1585 1949
1585 1952
1585 1953
1585 1954
1585 1979
1586 1588
1586 1593
1586 1596
1586 1600
1586 1609
1586 1610
1586 1629
1586 1635
1586 1641
1586 1642
1586 1649
1586 1651
1586 1675
1586 1679
1586 1684
1586 1692
1586 1694
1586 1707
1586 1709
1586 1736
1586 1737
1586 1744
1586 1745
1586 1771
1586 1773
1586 1774
1586 1779
1586 1803
1586 1804
1586 1805
1586 1807
1586 1808
1586 1810
1586 1815
1586 1823
1586 1834
1586 1848
1586 1850
1586 1855
1586 1858
1586 1866
1586 1870
1586 1888
1586 1889
1586 1893
1586 1896
1586 1902
1586 1918
1586 1928
1586 1930
1586 1933
1586 1948
1586 1951
1586 1955
1586 1956
1586 1962
1586 1985
1587 1588
1587 1595
1587 1607
1587 1614
1587 1616
1587 1617
1587 1626
1587 1637
1587 1650
1587 1666
1587 1670
1587 1675
1587 1676
1587 1685
1587 1696
1587 1703
1587 1708
1587 1718
1587 1729
1587 1740
1587 1745
1587 1762
1587 1764
1587 1766
1587 1770
1587 1772
1587 1774
1587 1779
1587 1783
1587 1788
1587 1791
1587 1795
1587 1797
1587 1803
1587 1809
1587 1813
1587 1814
1587 1817
1587 1826
1587 1836
1587 1845
1587 1870
1587 1875
1587 1886
1587 1887
1587 1889
1587 1891
1587 1936
1587 1940
1587 1957
1587 1966
1587 1984
1588 1591
1588 1593
1588 1600
1588 1602
1588 1613
1588 1616
1588 1618
1588 1620
1588 1622
1588 1623
1588 1624
1588 1628
1588 1662
1588 1664
1588 1668
1588 1669
1588 1697
1588 1698
1588 1710
1588 1731
1588 1762
1588 1770
1588 1775
1588 1788
1588 1792
1588 1800
1588 1819
1588 1832
1588 1847
1588 1858
1588 1859
1588 1868
1588 1872
1588 1875
1588 1876
1588 1879
1588 1893
1588 1908
1588 1914
1588 1915
1588 1920
1588 1948
1588 1952
1588 1959
1588 1971
1588 1980
1588 1981
1588 1982
1588 1985
1589 1604
1589 1613
1589 1616
1589 1618
1589 1623
1589 1652
1589 1657
1589 1672
1589 1682
1589 1683
1589 1705
1589 1713
1589 1753
1589 1759
1589 1769
1589 1771
1589 1778
1589 1781
1589 1791
1589 1794
1589 1800
1589 1814
1589 1822
1589 1844
1589 1848
1589 1864
1589 1866
1589 1869
1589 1873
1589 1877
1589 1889
1589 1890
1589 1892
1589 1902
1589 1914
1589 1920
1589 1944
1589 1952
1589 1955
1589 1976
1589 1979
1589 1983
1589 1986
1590 1597
1590 1603
1590 1610
1590 1614
1590 1618
1590 1643
1590 1657
1590 1679
1590 1680
1590 1685
1590 1689
1590 1690
1590 1691
1590 1702
1590 1711
1590 1714
1590 1722
1590 1723
1590 1729
1590 1732
1590 1750
1590 1755
1590 1763
1590 1764
1590 1773
1590 1774
1590 1784
1590 1797
1590 1812
1590 1821
1590 1826
1590 1838
1590 1847
1590 1848
1590 1858
1590 1859
1590 1862
1590 1864
1590 1866
1590 1867
1590 1892
1590 1902
1590 1910
1590 1923
1590 1929
1590 1931
1590 1933
1590 1937
1590 1948
1590 1963
1590 1965
1590 1971
1590 1974
1590 1975
1590 1979
1591 1604
1591 1617
1591 1627
1591 1641
1591 1661
1591 1662
1591 1676
1591 1690
1591 1693
1591 1707
1591 1708
1591 1711
1591 1739
1591 1751
1591 1755
1591 1756
1591 1760
1591 1765
1591 1776
1591 1788
1591 1799
1591 1802
1591 1803
1591 1819
1591 1828
1591 1859
1591 1867
1591 1874
1591 1881
1591 1889
1591 1894
1591 1898
1591 1905
1591 1906
1591 1911
1591 1927
1591 1929
1591 1934
1591 1940
1591 1941
1591 1961
1591 1963
1591 1964
1591 1965
1591 1983
1591 1984
1592 1593
1592 1603
1592 1616
1592 1628
1592 1632
1592 1633
1592 1639
1592 1660
1592 1661
1592 1663
1592 1672
1592 1680
1592 1690
1592 1694
1592 1697
1592 1704
1592 1712
1592 1733
1592 1747
1592 1754
1592 1755
1592 1766
1592 1767
1592 1770
1592 1784
1592 1788
1592 1802
1592 1807
1592 1814
1592 1820
1592 1825
1592 1838
1592 1842
1592 1868
1592 1874
1592 1881
1592 1886
1592 1887
1592 1893
1592 1896
1592 1899
1592 1901
1592 1905
1592 1910
1592 1921
1592 1924
1592 1934
1592 1960
1592 1963
1593 1617
1593 1621
1593 1630
1593 1637
1593 1643
1593 1651
1593 1667
1593 1677
1593 1693
1593 1696
1593 1697
1593 1698
1593 1741
1593 1742
1593 1759
1593 1768
1593 1779
1593 1780
1593 1786
1593 1789
1593 1793
1593 1805
1593 1807
1593 1808
1593 1810
1593 1812
1593 1813
1593 1836
1593 1842
1593 1851
1593 1855
1593 1865
1593 1870
1593 1873
1593 1879
1593 1886
1593 1887
1593 1891
1593 1892
1593 1896
1593 1912
1593 1914
1593 1931
1593 1934
1593 1937
1593 1963
1593 1966
1593 1968
1593 1970
1593 1981
1594 1605
1594 1607
1594 1608
1594 1612
1594 1613
1594 1622
1594 1626
1594 1629
1594 1635
1594 1637
1594 1642
1594 1643
1594 1647
1594 1649
1594 1658
1594 1665
1594 1668
1594 1683
1594 1701
1594 1703
1594 1704
1594 1711
1594 1712
1594 1715
1594 1721
1594 1727
1594 1735
1594 1745
1594 1750
1594 1752
1594 1760
1594 1768
1594 1773
1594 1780
1594 1781
1594 1786
1594 1788
1594 1791
1594 1793
1594 1810
1594 1819
1594 1837
1594 1853
1594 1858
1594 1868
1594 1875
1594 1881
1594 1894
1594 1895
1594 1913
1594 1914
1594 1920
1594 1921
1594 1931
1594 1938
1594 1944
1594 1945
1594 1952
1594 1970
1595 1604
1595 1617
1595 1627
1595 1641
1595 1644
1595 1651
1595 1653
1595 1664
1595 1672
1595 1679
1595 1681
1595 1683
1595 1689
1595 1692
1595 1709
1595 1732
1595 1735
1595 1738
1595 1754
1595 1761
1595 1763
1595 1765
1595 1781
1595 1787
1595 1789
1595 1791
1595 1806
1595 1826
1595 1827
1595 1828
1595 1829
1595 1830
1595 1833
1595 1856
1595 1859
1595 1864
1595 1870
1595 1884
1595 1888
1595 1890
1595 1900
1595 1907
1595 1910
1595 1918
1595 1921
1595 1922
1595 1925
1595 1926
1595 1928
1595 1932
1595 1940
1595 1953
1595 1956
1595 1958
1595 1962
1595 1971
1595 1984
1596 1601
1596 1613
1596 1617
1596 1620
1596 1623
1596 1641
1596 1654
1596 1656
1596 1658
1596 1665
1596 1671
1596 1674
1596 1682
1596 1704
1596 1719
1596 1727
1596 1737
1596 1741
1596 1747
1596 1750
1596 1754
1596 1759
1596 1764
1596 1774
1596 1800
1596 1816
1596 1832
1596 1838
1596 1846
1596 1855
1596 1862
1596 1868
1596 1869
1596 1877
1596 1886
1596 1889
1596 1899
1596 1904
1596 1905
1596 1907
1596 1909
1596 1913
1596 1929
1596 1940
1596 1956
1596 1972
1596 1975
1596 1985
1597 1599
1597 1614
1597 1619
1597 1621
1597 1625
1597 1626
1597 1636
1597 1637
1597 1651
1597 1652
1597 1655
1597 1666
1597 1672
1597 1682
1597 1699
1597 1715
1597 1716
1597 1730
1597 1731
1597 1739
1597 1747
1597 1759
1597 1762
1597 1763
1597 1766
1597 1773
1597 1777
1597 1781
1597 1785
1597 1792
1597 1812
1597 1816
1597 1820
1597 1833
1597 1838
1597 1840
1597 1844
1597 1846
1597 1851
1597 1873
1597 1874
1597 1881
1597 1884
1597 1903
1597 1910
1597 1911
1597 1917
1597 1918
1597 1930
1597 1931
1597 1946
1597 1960
1597 1965
1597 1966
1597 1967
1598 1605
1598 1609
1598 1621
1598 1624
1598 1631
1598 1638
1598 1647
1598 1651
1598 1654
1598 1657
1598 1686
1598 1692
1598 1706
1598 1711
1598 1715
1598 1730
1598 1732
1598 1747
1598 1755
1598 1759
1598 1772
1598 1778
1598 1810
1598 1816
1598 1825
1598 1838
1598 1846
1598 1874
1598 1883
1598 1888
1598 1900
1598 1902
1598 1910
1598 1914
1598 1917
1598 1926
1598 1932
1598 1938
1598 1940
1598 1942
1598 1950
1598 1962
1598 1977
1598 1979
1598 1981
1599 1614
1599 1632
1599 1635
1599 1636
1599 1655
1599 1656
1599 1657
1599 1659
1599 1671
1599 1679
1599 1680
1599 1681
1599 1685
1599 1687
1599 1708
1599 1710
1599 1732
1599 1735
1599 1752
1599 1760
1599 1793
1599 1807
1599 1819
1599 1824
1599 1826
1599 1827
1599 1836
1599 1844
1599 1851
1599 1853
1599 1855
1599 1863
1599 1864
1599 1867
1599 1869
1599 1883
1599 1888
1599 1889
1599 1897
1599 1899
1599 1912
1599 1919
1599 1935
1599 1953
1599 1971
1599 1978
1600 1602
1600 1611
1600 1619
1600 1629
1600 1630
1600 1643
1600 1649
1600 1683
1600 1687
1600 1692
1600 1696
1600 1702
1600 1703
1600 1705
1600 1716
1600 1719
1600 1730
1600 1733
1600 1736
1600 1748
1600 1756
1600 1774
1600 1781
1600 1813
1600 1816
1600 1835
1600 1842
1600 1855
1600 1856
1600 1859
1600 1864
1600 1868
1600 1884
1600 1891
1600 1900
1600 1907
1600 1923
1600 1938
1600 1939
1600 1943
1600 1965
1600 1966
1600 1967
1600 1968
1601 1602
1601 1613
1601 1618
1601 1622
1601 1625
1601 1634
1601 1657
1601 1661
1601 1669
1601 1671
1601 1680
1601 1684
1601 1707
1601 1715
1601 1724
1601 1729
1601 1730
1601 1774
1601 1810
1601 1817
1601 1825
1601 1827
1601 1835
1601 1845
1601 1851
1601 1860
1601 1875
1601 1896
1601 1908
1601 1918
1601 1919
1601 1921
1601 1924
1601 1944
1601 1951
1601 1953
1601 1963
1601 1966
1601 1980
1602 1609
1602 1633
1602 1635
1602 1689
1602 1690
1602 1701
1602 1709
1602 1713
1602 1715
1602 1736
1602 1746
1602 1747
1602 1748
1602 1769
1602 1774
1602 1775
1602 1795
1602 1798
1602 1812
1602 1821
1602 1844
1602 1846
1602 1851
1602 1852
1602 1855
1602 1880
1602 1889
1602 1895
1602 1900
1602 1905
1602 1910
1602 1918
1602 1921
1602 1928
1602 1937
1602 1945
1602 1948
1602 1967
1602 1979
1602 1983
1603 1608
1603 1621
1603 1622
1603 1623
1603 1625
1603 1634
1603 1635
1603 1659
1603 1662
1603 1668
1603 1671
1603 1678
1603 1682
1603 1698
1603 1725
1603 1730
1603 1734
1603 1743
1603 1759
1603 1760
1603 1765
1603 1778
1603 1781
1603 1796
1603 1797
1603 1800
1603 1805
1603 1806
1603 1814
1603 1828
1603 1841
1603 1861
1603 1862
1603 1871
1603 1924
1603 1931
1603 1932
1603 1933
1603 1936
1603 1940
1603 1946
1603 1960
1603 1962
1603 1970
1603 1974
1603 1982
1604 1606
1604 1616
1604 1642
1604 1644
1604 1647
1604 1655
1604 1672
1604 1674
1604 1701
1604 1712
1604 1715
1604 1734
1604 1745
1604 1751
1604 1757
1604 1800
1604 1803
1604 1808
1604 1817
1604 1819
1604 1824
1604 1827
1604 1829
1604 1831
1604 1836
1604 1843
1604 1845
1604 1857
1604 1864
1604 1877
1604 1894
1604 1895
1604 1899
1604 1908
1604 1915
1604 1922
1604 1934
1604 1937
1604 1944
1604 1946
1604 1947
1604 1950
1604 1956
1604 1975
1604 1976
1604 1978
1604 1980
1604 1986
1604 1987
1605 1610
1605 1623
1605 1629
1605 1638
1605 1644
1605 1649
1605 1655
1605 1676
1605 1677
1605 1700
1605 1717
1605 1718
1605 1720
1605 1725
1605 1729
1605 1737
1605 1741
1605 1763
1605 1771
1605 1791
1605 1798
1605 1800
1605 1803
1605 1806
1605 1815
1605 1817
1605 1832
1605 1845
1605 1853
1605 1872
1605 1873
1605 1876
1605 1882
1605 1897
1605 1898
1605 1902
1605 1903
1605 1909
1605 1913
1605 1931
1605 1936
1605 1937
1605 1953
1605 1970
1605 1986
1606 1608
1606 1620
1606 1633
1606 1645
1606 1647
1606 1648
1606 1656
1606 1658
1606 1663
1606 1665
1606 1672
1606 1673
1606 1677
1606 1687
1606 1700
1606 1703
1606 1714
1606 1723
1606 1724
1606 1726
1606 1735
1606 1738
1606 1753
1606 1756
1606 1758
1606 1768
1606 1772
1606 1774
1606 1778
1606 1779
1606 1788
1606 1803
1606 1804
1606 1806
1606 1813
1606 1822
1606 1824
1606 1834
1606 1838
1606 1848
1606 1852
1606 1860
1606 1868
1606 1875
1606 1884
1606 1891
1606 1892
1606 1908
1606 1911
1606 1923
1606 1927
1606 1928
1606 1930
1606 1943
1606 1957
1606 1959
1606 1964
1606 1985
1607 1618
1607 1626
1607 1632
1607 1634
1607 1652
1607 1656
1607 1675
1607 1688
1607 1692
1607 1693
1607 1696
1607 1705
1607 1711
1607 1712
1607 1721
1607 1745
1607 1748
1607 1754
1607 1756
1607 1763
1607 1773
1607 1777
1607 1781
1607 1795
1607 1798
1607 1808
1607 1818
1607 1838
1607 1847
1607 1851
1607 1853
1607 1859
1607 1867
1607 1869
1607 1875
1607 1876
1607 1877
1607 1890
1607 1891
1607 1900
1607 1903
1607 1908
1607 1912
1607 1915
1607 1941
1607 1959
1607 1960
1607 1984
1608 1612
1608 1613
1608 1617
1608 1619
1608 1623
1608 1625
1608 1632
1608 1633
1608 1634
1608 1636
1608 1637
1608 1640
1608 1655
1608 1658
1608 1675
1608 1696
1608 1698
1608 1710
1608 1714
1608 1725
1608 1727
1608 1729
1608 1741
1608 1747
1608 1755
1608 1763
1608 1767
1608 1774
1608 1781
1608 1783
1608 1787
1608 1792
1608 1793
1608 1797
1608 1798
1608 1804
1608 1811
1608 1812
1608 1818
1608 1833
1608 1836
1608 1852
1608 1860
1608 1870
1608 1879
1608 1888
1608 1900
1608 1907
1608 1912
1608 1917
1608 1919
1608 1945
1608 1947
1608 1950
1608 1959
1608 1979
1608 1984
1609 1629
1609 1641
1609 1642
1609 1659
1609 1660
1609 1674
1609 1678
1609 1684
1609 1692
1609 1712
1609 1715
1609 1735
1609 1740
1609 1742
1609 1748
1609 1773
1609 1777
1609 1789
1609 1803
1609 1812
1609 1814
1609 1815
1609 1821
1609 1829
1609 1838
1609 1845
1609 1851
1609 1853
1609 1854
1609 1879
1609 1880
1609 1893
1609 1909
1609 1912
1609 1923
1609 1928
1609 1929
1609 1931
1609 1932
1609 1939
1609 1940
1609 1942
1609 1944
1609 1947
1609 1949
1609 1955
1609 1975
1609 1977
1609 1979
1609 1987
1610 1626
1610 1631
1610 1633
1610 1636
1610 1656
1610 1657
1610 1670
1610 1680
1610 1682
1610 1712
1610 1714
1610 1722
1610 1731
1610 1752
1610 1754
1610 1759
1610 1760
1610 1765
1610 1771
1610 1778
1610 1780
1610 1786
1610 1787
1610 1798
1610 1803
1610 1814
1610 1815
1610 1819
1610 1827
1610 1845
1610 1846
1610 1851
1610 1859
1610 1860
1610 1880
1610 1888
1610 1893
1610 1902
1610 1926
1610 1928
1610 1935
1610 1937
1610 1947
1610 1957
1610 1977
1611 1632
1611 1637
1611 1644
1611 1646
1611 1648
1611 1676
1611 1688
1611 1690
1611 1691
1611 1695
1611 1699
1611 1707
1611 1709
1611 1715
1611 1728
1611 1741
1611 1743
1611 1745
1611 1748
1611 1757
1611 1767
1611 1773
1611 1783
1611 1788
1611 1799
1611 1836
1611 1844
1611 1846
1611 1851
1611 1857
1611 1858
1611 1860
1611 1872
1611 1877
1611 1880
1611 1888
1611 1893
1611 1901
1611 1911
1611 1912
1611 1927
1611 1940
1611 1942
1611 1956
1611 1959
1611 1971
1611 1975
1611 1978
1611 1985
1612 1613
1612 1621
1612 1622
1612 1636
1612 1637
1612 1644
1612 1654
1612 1659
1612 1661
1612 1684
1612 1688
1612 1689
1612 1705
1612 1718
1612 1719
1612 1720
1612 1733
1612 1756
1612 1759
1612 1766
1612 1776
1612 1794
1612 1798
1612 1799
1612 1814
1612 1816
1612 1817
1612 1849
1612 1853
1612 1874
1612 1879
1612 1884
1612 1896
1612 1913
1612 1920
1612 1923
1612 1924
1612 1931
1612 1938
1612 1946
1612 1967
1612 1973
1613 1614
1613 1615
1613 1627
1613 1630
1613 1631
1613 1642
1613 1655
1613 1670
1613 1675
1613 1677
1613 1680
1613 1689
1613 1701
1613 1718
1613 1719
1613 1721
1613 1731
1613 1738
1613 1747
1613 1749
1613 1752
1613 1761
1613 1765
1613 1780
1613 1801
1613 1808
1613 1811
1613 1818
1613 1821
1613 1826
1613 1830
1613 1832
1613 1839
1613 1841
1613 1842
1613 1850
1613 1851
1613 1859
1613 1872
1613 1876
1613 1878
1613 1880
1613 1887
1613 1894
1613 1910
1613 1922
1613 1928
1613 1936
1613 1938
1613 1941
1613 1942
1613 1957
1613 1963
1613 1967
1613 1972
1613 1975
1613 1976
1614 1616
1614 1623
1614 1624
1614 1638
1614 1641
1614 1654
1614 1658
1614 1677
1614 1678
1614 1684
1614 1695
1614 1696
1614 1697
1614 1707
1614 1731
1614 1741
1614 1749
1614 1761
1614 1762
1614 1764
1614 1783
1614 1784
1614 1791
1614 1820
1614 1843
1614 1850
1614 1861
1614 1876
1614 1882
1614 1901
1614 1907
1614 1914
1614 1927
1614 1936
1614 1941
1614 1944
1614 1960
1614 1966
1614 1968
1614 1969
1614 1973
1614 1976
1615 1628
1615 1633
1615 1649
1615 1651
1615 1678
1615 1682
1615 1687
1615 1691
1615 1692
1615 1705
1615 1716
1615 1718
1615 1720
1615 1721
1615 1727
1615 1731
1615 1734
1615 1748
1615 1753
1615 1756
1615 1762
1615 1766
1615 1767
1615 1770
1615 1773
1615 1775
1615 1781
1615 1819
1615 1821
1615 1823
1615 1824
1615 1840
1615 1852
1615 1862
1615 1872
1615 1874
1615 1892
1615 1896
1615 1897
1615 1903
1615 1909
1615 1926
1615 1932
1615 1950
1615 1961
1615 1962
1615 1963
1615 1964
1615 1969
1615 1971
1615 1977
1615 1979
1615 1984
1616 1618
1616 1644
1616 1654
1616 1657
1616 1659
1616 1660
1616 1663
1616 1665
1616 1668
1616 1674
1616 1678
1616 1705
1616 1717
1616 1727
1616 1729
1616 1738
1616 1748
1616 1749
1616 1756
1616 1760
1616 1761
1616 1763
1616 1765
1616 1771
1616 1773
1616 1793
1616 1796
1616 1800
1616 1837
1616 1851
1616 1854
1616 1855
1616 1866
1616 1867
1616 1875
1616 1882
1616 1887
1616 1889
1616 1891
1616 1897
1616 1915
1616 1919
1616 1920
1616 1924
1616 1937
1616 1945
1616 1946
1616 1947
1616 1950
1616 1955
1616 1966
1616 1968
1616 1974
1616 1975
1616 1980
1616 1981
1616 1983
1616 1986
1617 1618
1617 1619
1617 1623
1617 1626
1617 1635
1617 1647
1617 1662
1617 1671
1617 1688
1617 1689
1617 1695
1617 1707
1617 1711
1617 1713
1617 1717
1617 1719
1617 1723
1617 1730
1617 1735
1617 1737
1617 1760
1617 1762
1617 1778
1617 1779
1617 1780
1617 1781
1617 1786
1617 1789
1617 1794
1617 1810
1617 1827
1617 1830
1617 1832
1617 1840
1617 1858
1617 1860
1617 1868
1617 1872
1617 1894
1617 1902
1617 1905
1617 1908
1617 1911
1617 1912
1617 1925
1617 1928
1617 1936
1617 1945
1617 1954
1617 1964
1617 1968
1617 1969
1617 1971
1617 1972
1617 1973
1617 1974
1617 1977
1617 1978
1617 1986
1618 1619
1618 1627
1618 1642
1618 1644
1618 1646
1618 1657
1618 1659
1618 1668
1618 1686
1618 1691
1618 1692
1618 1699
1618 1709
1618 1716
1618 1730
1618 1741
1618 1743
1618 1744
1618 1750
1618 1751
1618 1753
1618 1755
1618 1767
1618 1772
1618 1773
1618 1774
1618 1784
1618 1791
1618 1793
1618 1797
1618 1810
1618 1827
1618 1828
1618 1833
1618 1837
1618 1843
1618 1847
1618 1854
1618 1857
1618 1865
1618 1892
1618 1921
1618 1929
1618 1938
1618 1962
1618 1969
1618 1979
1618 1982
1618 1983
1619 1630
1619 1635
1619 1655
1619 1678
1619 1679
1619 1681
1619 1696
1619 1701
1619 1704
1619 1710
1619 1712
1619 1716
1619 1750
1619 1755
1619 1757
1619 1765
1619 1775
1619 1780
1619 1781
1619 1790
1619 1804
1619 1808
1619 1811
1619 1819
1619 1840
1619 1842
1619 1864
1619 1897
1619 1901
1619 1912
1619 1918
1619 1922
1619 1928
1619 1942
1619 1955
1619 1962
1619 1973
1619 1978
1619 1983
1619 1985
1620 1621
1620 1627
1620 1630
1620 1644
1620 1647
1620 1650
1620 1653
1620 1660
1620 1674
1620 1676
1620 1684
1620 1704
1620 1714
1620 1721
1620 1723
1620 1743
1620 1746
1620 1759
1620 1760
1620 1765
1620 1767
1620 1771
1620 1772
1620 1773
1620 1795
1620 1801
1620 1810
1620 1820
1620 1829
1620 1833
1620 1834
1620 1846
1620 1851
1620 1870
1620 1871
1620 1879
1620 1889
1620 1903
1620 1904
1620 1906
1620 1912
1620 1918
1620 1935
1620 1948
1620 1958
1620 1968
1620 1974
1620 1984
1621 1651
1621 1658
1621 1673
1621 1677
1621 1682
1621 1698
1621 1699
1621 1707
1621 1709
1621 1713
1621 1716
1621 1752
1621 1772
1621 1796
1621 1798
1621 1799
1621 1809
1621 1834
1621 1844
1621 1869
1621 1871
1621 1884
1621 1887
1621 1897
1621 1914
1621 1919
1621 1926
1621 1933
1621 1936
1621 1949
1621 1952
1621 1954
1621 1960
1621 1965
1621 1968
1621 1977
1621 1980
1621 1984
1622 1627
1622 1634
1622 1640
1622 1665
1622 1678
1622 1688
1622 1703
1622 1704
1622 1713
1622 1716
1622 1736
1622 1742
1622 1744
1622 1747
1622 1749
1622 1753
1622 1767
1622 1768
1622 1774
1622 1787
1622 1804
1622 1811
1622 1812
1622 1823
1622 1832
1622 1834
1622 1838
1622 1848
1622 1863
1622 1864
1622 1876
1622 1878
1622 1881
1622 1891
1622 1894
1622 1897
1622 1917
1622 1918
1622 1930
1622 1931
1622 1933
1622 1939
1622 1940
1622 1950
1622 1955
1622 1956
1622 1958
1622 1976
1622 1978
1623 1639
1623 1642
1623 1648
1623 1662
1623 1682
1623 1683
1623 1690
1623 1707
1623 1726
1623 1730
1623 1740
1623 1744
1623 1747
1623 1762
1623 1771
1623 1775
1623 1784
1623 1789
1623 1795
1623 1804
1623 1813
1623 1816
1623 1821
1623 1833
1623 1842
1623 1845
1623 1863
1623 1867
1623 1877
1623 1885
1623 1897
1623 1913
1623 1929
1623 1931
1623 1952
1623 1961
1623 1963
1623 1965
1623 1966
1624 1631
1624 1637
1624 1647
1624 1651
1624 1652
1624 1659
1624 1664
1624 1680
1624 1687
1624 1688
1624 1692
1624 1700
1624 1716
1624 1724
1624 1730
1624 1741
1624 1748
1624 1753
1624 1754
1624 1765
1624 1771
1624 1772
1624 1779
1624 1784
1624 1787
1624 1795
1624 1810
1624 1812
1624 1838
1624 1850
1624 1852
1624 1863
1624 1864
1624 1872
1624 1880
1624 1884
1624 1898
1624 1907
1624 1954
1624 1968
1624 1969
1625 1643
1625 1645
1625 1650
1625 1653
1625 1672
1625 1680
1625 1687
1625 1697
1625 1701
1625 1705
1625 1708
1625 1711
1625 1717
1625 1730
1625 1746
1625 1761
1625 1763
1625 1764
1625 1766
1625 1767
1625 1769
1625 1770
1625 1774
1625 1781
1625 1785
1625 1786
1625 1798
1625 1799
1625 1805
1625 1822
1625 1826
1625 1842
1625 1844
1625 1845
1625 1851
1625 1855
1625 1876
1625 1878
1625 1891
1625 1892
1625 1894
1625 1917
1625 1919
1625 1930
1625 1941
1625 1946
1625 1960
1625 1961
1625 1969
1625 1971
1625 1972
1625 1974
1625 1983
1625 1987
1626 1630
1626 1641
1626 1642
1626 1657
1626 1662
1626 1665
1626 1666
1626 1682
1626 1685
1626 1702
1626 1716
1626 1732
1626 1733
1626 1737
1626 1738
1626 1742
1626 1744
1626 1745
1626 1748
1626 1752
1626 1767
1626 1771
1626 1775
1626 1776
1626 1779
1626 1790
1626 1801
1626 1808
1626 1832
1626 1835
1626 1844
1626 1845
1626 1849
1626 1861
1626 1876
1626 1881
1626 1896
1626 1901
1626 1906
1626 1914
1626 1923
1626 1943
1626 1946
1626 1955
1626 1957
1626 1974
1626 1982
1627 1635
1627 1638
1627 1650
1627 1653
1627 1673
1627 1678
1627 1697
1627 1721
1627 1722
1627 1727
1627 1746
1627 1748
1627 1751
1627 1782
1627 1785
1627 1789
1627 1792
1627 1793
1627 1796
1627 1802
1627 1804
1627 1813
1627 1830
1627 1833
1627 1847
1627 1853
1627 1870
1627 1876
1627 1886
1627 1929
1627 1934
1627 1939
1627 1959
1627 1960
1627 1964
1627 1967
1627 1970
1627 1975
1628 1629
1628 1636
1628 1638
1628 1647
1628 1649
1628 1660
1628 1665
1628 1678
1628 1688
1628 1690
1628 1704
1628 1723
1628 1739
1628 1750
1628 1766
1628 1768
1628 1773
1628 1784
1628 1812
1628 1818
1628 1819
1628 1821
1628 1834
1628 1838
1628 1841
1628 1842
1628 1846
1628 1852
1628 1853
1628 1873
1628 1887
1628 1892
1628 1896
1628 1937
1628 1948
1628 1951
1628 1953
1628 1958
1628 1963
1628 1966
1628 1970
1628 1974
1628 1983
1629 1631
1629 1643
1629 1648
1629 1658
1629 1659
1629 1679
1629 1690
1629 1702
1629 1707
1629 1708
1629 1710
1629 1713
1629 1742
1629 1757
1629 1774
1629 1776
1629 1778
1629 1782
1629 1790
1629 1801
1629 1803
1629 1804
1629 1808
1629 1809
1629 1821
1629 1840
1629 1841
1629 1846
1629 1847
1629 1849
1629 1873
1629 1878
1629 1879
1629 1881
1629 1884
1629 1910
1629 1911
1629 1912
1629 1930
1629 1935
1629 1936
1629 1937
1629 1944
1629 1946
1629 1960
1629 1969
1629 1971
1629 1980
1629 1981
1630 1634
1630 1659
1630 1660
1630 1662
1630 1669
1630 1673
1630 1679
1630 1684
1630 1687
1630 1705
1630 1738
1630 1744
1630 1745
1630 1753
1630 1760
1630 1785
1630 1799
1630 1805
1630 1810
1630 1826
1630 1831
1630 1849
1630 1881
1630 1883
1630 1889
1630 1890
1630 1891
1630 1908
1630 1911
1630 1913
1630 1921
1630 1924
1630 1927
1630 1949
1630 1964
1630 1975
1631 1637
1631 1638
1631 1639
1631 1641
1631 1652
1631 1661
1631 1675
1631 1676
1631 1679
1631 1682
1631 1696
1631 1706
1631 1709
1631 1710
1631 1715
1631 1716
1631 1730
1631 1762
1631 1764
1631 1767
1631 1770
1631 1778
1631 1781
1631 1789
1631 1804
1631 1830
1631 1831
1631 1840
1631 1842
1631 1847
1631 1860
1631 1873
1631 1880
1631 1908
1631 1937
1631 1938
1631 1941
1631 1968
1632 1661
1632 1679
1632 1681
1632 1693
1632 1696
1632 1711
1632 1712
1632 1715
1632 1726
1632 1732
1632 1734
1632 1742
1632 1745
1632 1748
1632 1752
1632 1753
1632 1754
1632 1755
1632 1771
1632 1772
1632 1790
1632 1807
1632 1808
1632 1823
1632 1831
1632 1838
1632 1843
1632 1849
1632 1850
1632 1852
1632 1854
1632 1857
1632 1864
1632 1871
1632 1886
1632 1889
1632 1892
1632 1899
1632 1904
1632 1906
1632 1911
1632 1933
1632 1938
1632 1939
1632 1942
1632 1951
1632 1956
1632 1970
1632 1978
1632 1982
1632 1983
1632 1987
1633 1637
1633 1638
1633 1677
1633 1682
1633 1693
1633 1698
1633 1710
1633 1718
1633 1725
1633 1734
1633 1742
1633 1743
1633 1744
1633 1747
1633 1774
1633 1782
1633 1801
1633 1803
1633 1809
1633 1812
1633 1821
1633 1829
1633 1832
1633 1838
1633 1844
1633 1846
1633 1849
1633 1853
1633 1860
1633 1861
1633 1863
1633 1866
1633 1871
1633 1885
1633 1890
1633 1892
1633 1903
1633 1914
1633 1915
1633 1917
1633 1918
1633 1930
1633 1949
1633 1950
1633 1981
1634 1638
1634 1639
1634 1645
1634 1649
1634 1651
1634 1657
1634 1658
1634 1668
1634 1671
1634 1674
1634 1680
1634 1707
1634 1708
1634 1712
1634 1733
1634 1754
1634 1778
1634 1782
1634 1784
1634 1788
1634 1790
1634 1795
1634 1799
1634 1806
1634 1814
1634 1815
1634 1823
1634 1825
1634 1827
1634 1830
1634 1834
1634 1837
1634 1838
1634 1853
1634 1860
1634 1864
1634 1884
1634 1889
1634 1892
1634 1902
1634 1914
1634 1920
1634 1942
1634 1947
1634 1963
1634 1980
1634 1981
1635 1641
1635 1648
1635 1649
1635 1651
1635 1659
1635 1661
1635 1674
1635 1703
1635 1707
1635 1716
1635 1740
1635 1755
1635 1759
1635 1761
1635 1765
1635 1777
1635 1778
1635 1779
1635 1782
1635 1788
1635 1790
1635 1793
1635 1797
1635 1809
1635 1812
1635 1813
1635 1815
1635 1820
1635 1843
1635 1849
1635 1854
1635 1857
1635 1862
1635 1863
1635 1876
1635 1889
1635 1895
1635 1902
1635 1909
1635 1911
1635 1925
1635 1928
1635 1943
1635 1950
1635 1969
1635 1971
1635 1975
1635 1978
1635 1980
1635 1982
1635 1983
1635 1986
1636 1642
1636 1653
1636 1656
1636 1660
1636 1661
1636 1669
1636 1679
1636 1684
1636 1686
1636 1687
1636 1701
1636 1706
1636 1713
1636 1722
1636 1726
1636 1731
1636 1734
1636 1735
1636 1752
1636 1766
1636 1782
1636 1786
1636 1787
1636 1798
1636 1805
1636 1806
1636 1819
1636 1823
1636 1840
1636 1848
1636 1849
1636 1855
1636 1856
1636 1865
1636 1866
1636 1869
1636 1871
1636 1877
1636 1878
1636 1879
1636 1893
1636 1902
1636 1918
1636 1919
1636 1927
1636 1928
1636 1931
1636 1936
1636 1940
1636 1955
1636 1960
1636 1962
1637 1638
1637 1643
1637 1652
1637 1680
1637 1683
1637 1686
1637 1695
1637 1698
1637 1704
1637 1705
1637 1713
1637 1726
1637 1737
1637 1745
1637 1755
1637 1764
1637 1771
1637 1772
1637 1774
1637 1775
1637 1779
1637 1784
1637 1799
1637 1801
1637 1808
1637 1809
1637 1812
1637 1813
1637 1818
1637 1824
1637 1828
1637 1836
1637 1837
1637 1839
1637 1845
1637 1854
1637 1869
1637 1870
1637 1872
1637 1877
1637 1886
1637 1894
1637 1906
1637 1907
1637 1910
1637 1918
1637 1921
1637 1941
1637 1943
1637 1945
1637 1948
1637 1954
1637 1966
1637 1967
1637 1979
1637 1981
1637 1984
1638 1655
1638 1663
1638 1673
1638 1681
1638 1687
1638 1688
1638 1693
1638 1704
1638 1717
1638 1720
1638 1728
1638 1733
1638 1739
1638 1742
1638 1743
1638 1748
1638 1751
1638 1753
1638 1758
1638 1762
1638 1776
1638 1787
1638 1792
1638 1800
1638 1816
1638 1836
1638 1849
1638 1876
1638 1882
1638 1886
1638 1900
1638 1901
1638 1903
1638 1906
1638 1911
1638 1913
1638 1920
1638 1923
1638 1925
1638 1928
1638 1952
1638 1958
1638 1959
1638 1962
1638 1973
1638 1975
1639 1643
1639 1662
1639 1663
1639 1685
1639 1687
1639 1700
1639 1713
1639 1714
1639 1717
1639 1721
1639 1725
1639 1727
1639 1731
1639 1746
1639 1756
1639 1761
1639 1762
1639 1766
1639 1770
1639 1772
1639 1776
1639 1798
1639 1806
1639 1811
1639 1818
1639 1825
1639 1826
1639 1833
1639 1834
1639 1842
1639 1866
1639 1872
1639 1883
1639 1888
1639 1893
1639 1900
1639 1901
1639 1902
1639 1905
1639 1920
1639 1923
1639 1935
1639 1937
1639 1951
1639 1956
1639 1972
1639 1980
1640 1641
1640 1646
1640 1647
1640 1656
1640 1664
1640 1667
1640 1689
1640 1695
1640 1698
1640 1710
1640 1711
1640 1729
1640 1740
1640 1749
1640 1753
1640 1757
1640 1771
1640 1773
1640 1779
1640 1780
1640 1788
1640 1803
1640 1809
1640 1811
1640 1812
1640 1824
1640 1831
1640 1834
1640 1875
1640 1882
1640 1884
1640 1895
1640 1900
1640 1906
1640 1914
1640 1918
1640 1928
1640 1937
1640 1938
1640 1939
1640 1961
1640 1979
1641 1644
1641 1646
1641 1667
1641 1672
1641 1676
1641 1681
1641 1689
1641 1708
1641 1711
1641 1717
1641 1720
1641 1724
1641 1725
1641 1733
1641 1762
1641 1782
1641 1797
1641 1811
1641 1812
1641 1816
1641 1847
1641 1853
1641 1854
1641 1856
1641 1871
1641 1878
1641 1882
1641 1896
1641 1903
1641 1906
1641 1922
1641 1925
1641 1947
1641 1957
1641 1973
1641 1985
1642 1666
1642 1673
1642 1675
1642 1681
1642 1682
1642 1686
1642 1688
1642 1689
1642 1690
1642 1698
1642 1703
1642 1706
1642 1708
1642 1715
1642 1720
1642 1723
1642 1737
1642 1746
1642 1757
1642 1759
1642 1791
1642 1794
1642 1797
1642 1800
1642 1803
1642 1810
1642 1820
1642 1825
1642 1827
1642 1832
1642 1844
1642 1849
1642 1852
1642 1871
1642 1880
1642 1882
1642 1886
1642 1889
1642 1892
1642 1896
1642 1899
1642 1905
1642 1907
1642 1908
1642 1909
1642 1918
1642 1922
1642 1928
1642 1934
1642 1940
1642 1944
1642 1960
1642 1964
1642 1984
1643 1654
1643 1692
1643 1694
1643 1696
1643 1701
1643 1737
1643 1740
1643 1742
1643 1748
1643 1750
1643 1761
1643 1763
1643 1771
1643 1788
1643 1795
1643 1803
1643 1807
1643 1810
1643 1813
1643 1815
1643 1823
1643 1830
1643 1834
1643 1835
1643 1839
1643 1847
1643 1848
1643 1854
1643 1855
1643 1858
1643 1861
1643 1863
1643 1884
1643 1889
1643 1894
1643 1895
1643 1904
1643 1908
1643 1933
1643 1941
1643 1949
1643 1954
1643 1969
1643 1971
1643 1974
1643 1976
1643 1977
1643 1982
1643 1983
1644 1648
1644 1653
1644 1659
1644 1662
1644 1663
1644 1675
1644 1684
1644 1685
1644 1704
1644 1709
1644 1711
1644 1725
1644 1734
1644 1749
1644 1760
1644 1771
1644 1782
1644 1784
1644 1785
1644 1792
1644 1801
1644 1809
1644 1811
1644 1819
1644 1823
1644 1826
1644 1843
1644 1860
1644 1862
1644 1868
1644 1872
1644 1879
1644 1881
1644 1886
1644 1887
1644 1891
1644 1897
1644 1901
1644 1908
1644 1917
1644 1926
1644 1934
1644 1937
1644 1945
1644 1955
1644 1965
1644 1968
1644 1971
1644 1976
1645 1647
1645 1657
1645 1671
1645 1672
1645 1675
1645 1677
1645 1694
1645 1696
1645 1698
1645 1700
1645 1702
1645 1705
1645 1708
1645 1719
1645 1723
1645 1729
1645 1735
1645 1741
1645 1755
1645 1756
1645 1760
1645 1766
1645 1770
1645 1772
1645 1773
1645 1774
1645 1777
1645 1784
1645 1797
1645 1798
1645 1801
1645 1809
1645 1815
1645 1817
1645 1824
1645 1829
1645 1856
1645 1863
1645 1879
1645 1880
1645 1882
1645 1887
1645 1900
1645 1901
1645 1903
1645 1929
1645 1931
1645 1946
1645 1953
1645 1966
1645 1970
1645 1974
1646 1648
1646 1652
1646 1654
1646 1673
1646 1677
1646 1681
1646 1693
1646 1697
1646 1698
1646 1705
1646 1715
1646 1718
1646 1720
1646 1721
1646 1724
1646 1727
1646 1733
1646 1741
1646 1747
1646 1754
1646 1755
1646 1768
1646 1771
1646 1772
1646 1776
1646 1783
1646 1784
1646 1787
1646 1788
1646 1791
1646 1807
1646 1809
1646 1824
1646 1837
1646 1840
1646 1841
1646 1845
1646 1868
1646 1869
1646 1871
1646 1877
1646 1878
1646 1887
1646 1890
1646 1911
1646 1932
1646 1934
1646 1937
1646 1967
1646 1971
1647 1649
1647 1651
1647 1653
1647 1700
1647 1702
1647 1703
1647 1714
1647 1716
1647 1722
1647 1729
1647 1740
1647 1744
1647 1761
1647 1765
1647 1777
1647 1787
1647 1796
1647 1803
1647 1811
1647 1829
1647 1835
1647 1840
1647 1841
1647 1844
1647 1853
1647 1857
1647 1861
1647 1874
1647 1880
1647 1881
1647 1891
1647 1903
1647 1933
1647 1934
1647 1936
1647 1940
1647 1941
1647 1946
1647 1949
1647 1953
1647 1955
1647 1961
1647 1971
1647 1972
1647 1975
1647 1979
1647 1984
1648 1649
1648 1659
1648 1661
1648 1672
1648 1688
1648 1696
1648 1699
1648 1705
1648 1710
1648 1713
1648 1725
1648 1729
1648 1732
1648 1749
1648 1750
1648 1800
1648 1807
1648 1817
1648 1820
1648 1824
1648 1838
1648 1845
1648 1846
1648 1848
1648 1853
1648 1871
1648 1875
1648 1876
1648 1883
1648 1886
1648 1888
1648 1893
1648 1895
1648 1900
1648 1904
1648 1929
1648 1934
1648 1937
1648 1947
1648 1949
1648 1952
1648 1953
1648 1955
1648 1963
1648 1982
1648 1983
1649 1650
1649 1651
1649 1661
1649 1678
1649 1700
1649 1702
1649 1705
1649 1732
1649 1743
1649 1784
1649 1788
1649 1803
1649 1832
1649 1836
1649 1844
1649 1852
1649 1853
1649 1864
1649 1867
1649 1869
1649 1882
1649 1891
1649 1900
1649 1907
1649 1908
1649 1921
1649 1930
1649 1937
1649 1943
1649 1945
1649 1957
1649 1960
1649 1962
1649 1969
1649 1985
1650 1651
1650 1678
1650 1679
1650 1697
1650 1730
1650 1744
1650 1745
1650 1760
1650 1775
1650 1778
1650 1802
1650 1809
1650 1817
1650 1825
1650 1826
1650 1828
1650 1842
1650 1846
1650 1856
1650 1860
1650 1865
1650 1873
1650 1878
1650 1884
1650 1895
1650 1905
1650 1906
1650 1912
1650 1924
1650 1933
1650 1942
1650 1945
1650 1949
1650 1952
1650 1953
1650 1957
1650 1962
1650 1968
1651 1657
1651 1660
1651 1679
1651 1683
1651 1697
1651 1705
1651 1710
1651 1711
1651 1713
1651 1718
1651 1735
1651 1742
1651 1745
1651 1752
1651 1757
1651 1760
1651 1769
1651 1788
1651 1794
1651 1795
1651 1796
1651 1797
1651 1806
1651 1820
1651 1823
1651 1830
1651 1834
1651 1836
1651 1838
1651 1859
1651 1863
1651 1865
1651 1870
1651 1872
1651 1889
1651 1890
1651 1894
1651 1897
1651 1902
1651 1908
1651 1913
1651 1919
1651 1930
1651 1933
1651 1936
1651 1957
1651 1983
1651 1986
1652 1659
1652 1667
1652 1670
1652 1675
1652 1681
1652 1693
1652 1719
1652 1723
1652 1738
1652 1746
1652 1755
1652 1777
1652 1806
1652 1809
1652 1810
1652 1813
1652 1825
1652 1835
1652 1841
1652 1844
1652 1847
1652 1854
1652 1870
1652 1880
1652 1884
1652 1907
1652 1909
1652 1924
1652 1927
1652 1928
1652 1941
1652 1942
1652 1950
1652 1957
1652 1962
1652 1982
1652 1985
1653 1663
1653 1667
1653 1672
1653 1673
1653 1675
1653 1681
1653 1684
1653 1686
1653 1697
1653 1717
1653 1721
1653 1725
1653 1736
1653 1738
1653 1741
1653 1749
1653 1752
1653 1754
1653 1757
1653 1761
1653 1765
1653 1777
1653 1778
1653 1785
1653 1800
1653 1817
1653 1821
1653 1823
1653 1836
1653 1839
1653 1842
1653 1843
1653 1845
1653 1848
1653 1849
1653 1851
1653 1854
1653 1857
1653 1876
1653 1892
1653 1900
1653 1914
1653 1925
1653 1937
1653 1939
1653 1942
1653 1943
1653 1959
1653 1963
1653 1969
1653 1978
1653 1979
1653 1985
1653 1987
1654 1661
1654 1665
1654 1683
1654 1693
1654 1695
1654 1696
1654 1707
1654 1721
1654 1725
1654 1729
1654 1742
1654 1745
1654 1748
1654 1763
1654 1766
1654 1770
1654 1774
1654 1782
1654 1787
1654 1797
1654 1823
1654 1831
1654 1848
1654 1857
1654 1866
1654 1867
1654 1869
1654 1870
1654 1882
1654 1885
1654 1890
1654 1898
1654 1914
1654 1920
1654 1921
1654 1929
1654 1937
1654 1940
1654 1943
1654 1956
1654 1959
1654 1973
1654 1974
1654 1986
1655 1668
1655 1670
1655 1698
1655 1711
1655 1722
1655 1725
1655 1736
1655 1784
1655 1789
1655 1795
1655 1801
1655 1803
1655 1807
1655 1823
1655 1838
1655 1854
1655 1857
1655 1869
1655 1877
1655 1900
1655 1908
1655 1923
1655 1939
1655 1946
1655 1949
1655 1960
1655 1968
1655 1982
1655 1985
1656 1680
1656 1694
1656 1699
1656 1712
1656 1729
1656 1738
1656 1741
1656 1746
1656 1753
1656 1762
1656 1764
1656 1796
1656 1798
1656 1802
1656 1804
1656 1812
1656 1823
1656 1835
1656 1837
1656 1838
1656 1840
1656 1849
1656 1852
1656 1867
1656 1869
1656 1880
1656 1884
1656 1908
1656 1909
1656 1916
1656 1919
1656 1945
1656 1948
1656 1954
1656 1959
1656 1960
1656 1961
1656 1963
1656 1969
1656 1972
1656 1975
1656 1976
1656 1982
1656 1985
1657 1672
1657 1680
1657 1684
1657 1685
1657 1686
1657 1688
1657 1709
1657 1713
1657 1715
1657 1725
1657 1729
1657 1743
1657 1758
1657 1759
1657 1768
1657 1780
1657 1781
1657 1782
1657 1793
1657 1795
1657 1805
1657 1807
1657 1824
1657 1825
1657 1833
1657 1843
1657 1855
1657 1859
1657 1862
1657 1864
1657 1867
1657 1870
1657 1884
1657 1898
1657 1913
1657 1927
1657 1928
1657 1935
1657 1947
1657 1948
1657 1951
1657 1959
1657 1965
1657 1981
1657 1985
1658 1661
1658 1667
1658 1684
1658 1685
1658 1690
1658 1700
1658 1707
1658 1708
1658 1710
1658 1734
1658 1747
1658 1765
1658 1766
1658 1776
1658 1777
1658 1781
1658 1782
1658 1785
1658 1786
1658 1787
1658 1789
1658 1790
1658 1794
1658 1801
1658 1804
1658 1811
1658 1820
1658 1837
1658 1841
1658 1843
1658 1844
1658 1846
1658 1847
1658 1848
1658 1862
1658 1863
1658 1868
1658 1869
1658 1882
1658 1907
1658 1908
1658 1914
1658 1919
1658 1922
1658 1931
1658 1933
1658 1936
1658 1943
1658 1944
1658 1955
1658 1956
1658 1974
1658 1984
1658 1985
1659 1663
1659 1679
1659 1685
1659 1691
1659 1692
1659 1701
1659 1706
1659 1709
1659 1711
1659 1718
1659 1723
1659 1729
1659 1734
1659 1735
1659 1737
1659 1757
1659 1758
1659 1775
1659 1783
1659 1785
1659 1788
1659 1789
1659 1796
1659 1811
1659 1812
1659 1813
1659 1817
1659 1822
1659 1827
1659 1830
1659 1837
1659 1847
1659 1897
1659 1900
1659 1919
1659 1934
1659 1938
1659 1945
1659 1948
1659 1952
1659 1955
1659 1957
1659 1972
1659 1985
1659 1987
1660 1673
1660 1686
1660 1688
1660 1697
1660 1701
1660 1705
1660 1709
1660 1715
1660 1717
1660 1724
1660 1726
1660 1729
1660 1735
1660 1737
1660 1746
1660 1748
1660 1752
1660 1758
1660 1759
1660 1774
1660 1785
1660 1787
1660 1799
1660 1803
1660 1804
1660 1805
1660 1831
1660 1841
1660 1842
1660 1846
1660 1864
1660 1865
1660 1876
1660 1880
1660 1890
1660 1896
1660 1898
1660 1913
1660 1916
1660 1923
1660 1924
1660 1929
1660 1930
1660 1931
1660 1937
1660 1940
1660 1942
1660 1944
1660 1953
1660 1956
1660 1958
1660 1961
1660 1976
1660 1979
1661 1666
1661 1670
1661 1671
1661 1682
1661 1694
1661 1704
1661 1705
1661 1707
1661 1724
1661 1737
1661 1740
1661 1750
1661 1759
1661 1766
1661 1770
1661 1773
1661 1795
1661 1796
1661 1798
1661 1841
1661 1843
1661 1851
1661 1878
1661 1881
1661 1893
1661 1895
1661 1897
1661 1900
1661 1906
1661 1909
1661 1911
1661 1916
1661 1921
1661 1942
1661 1961
1661 1971
1661 1974
1662 1689
1662 1692
1662 1701
1662 1704
1662 1707
1662 1708
1662 1709
1662 1712
1662 1714
1662 1730
1662 1731
1662 1742
1662 1758
1662 1759
1662 1775
1662 1782
1662 1783
1662 1784
1662 1785
1662 1793
1662 1798
1662 1805
1662 1808
1662 1816
1662 1823
1662 1831
1662 1844
1662 1853
1662 1856
1662 1858
1662 1865
1662 1893
1662 1895
1662 1899
1662 1901
1662 1928
1662 1935
1662 1956
1662 1957
1662 1964
1662 1970
1662 1975
1663 1666
1663 1677
1663 1679
1663 1692
1663 1695
1663 1699
1663 1724
1663 1730
1663 1732
1663 1734
1663 1744
1663 1749
1663 1753
1663 1774
1663 1777
1663 1778
1663 1793
1663 1796
1663 1801
1663 1807
1663 1808
1663 1809
1663 1811
1663 1817
1663 1836
1663 1837
1663 1838
1663 1849
1663 1850
1663 1865
1663 1870
1663 1871
1663 1876
1663 1884
1663 1904
1663 1915
1663 1918
1663 1919
1663 1924
1663 1932
1663 1934
1663 1935
1663 1940
1663 1953
1663 1963
1663 1968
1664 1667
1664 1671
1664 1679
1664 1699
1664 1703
1664 1732
1664 1748
1664 1751
1664 1752
1664 1773
1664 1776
1664 1793
1664 1799
1664 1802
1664 1834
1664 1860
1664 1870
1664 1888
1664 1894
1664 1898
1664 1909
1664 1913
1664 1918
1664 1920
1664 1923
1664 1924
1664 1931
1664 1933
1664 1937
1664 1947
1664 1951
1664 1953
1664 1957
1664 1959
1664 1966
1664 1972
1664 1975
1665 1668
1665 1669
1665 1671
1665 1675
1665 1676
1665 1677
1665 1678
1665 1685
1665 1686
1665 1694
1665 1699
1665 1700
1665 1702
1665 1705
1665 1708
1665 1719
1665 1732
1665 1737
1665 1743
1665 1756
1665 1771
1665 1774
1665 1793
1665 1796
1665 1836
1665 1841
1665 1879
1665 1882
1665 1884
1665 1901
1665 1911
1665 1960
1665 1967
1665 1978
1665 1979
1666 1670
1666 1686
1666 1710
1666 1725
1666 1727
1666 1742
1666 1752
1666 1753
1666 1755
1666 1756
1666 1757
1666 1765
1666 1776
1666 1778
1666 1793
1666 1801
1666 1803
1666 1804
1666 1818
1666 1835
1666 1839
1666 1858
1666 1878
1666 1885
1666 1899
1666 1914
1666 1920
1666 1925
1666 1927
1666 1928
1666 1930
1666 1932
1666 1944
1666 1950
1666 1954
1666 1968
1666 1969
1666 1980
1667 1685
1667 1699
1667 1701
1667 1707
1667 1708
1667 1710
1667 1720
1667 1730
1667 1733
1667 1734
1667 1735
1667 1738
1667 1742
1667 1744
1667 1752
1667 1765
1667 1774
1667 1778
1667 1787
1667 1801
1667 1802
1667 1808
1667 1809
1667 1816
1667 1820
1667 1829
1667 1830
1667 1838
1667 1850
1667 1852
1667 1864
1667 1875
1667 1876
1667 1880
1667 1884
1667 1885
1667 1901
1667 1906
1667 1919
1667 1921
1667 1927
1667 1928
1667 1938
1667 1955
1667 1956
1667 1965
1667 1975
1667 1978
1667 1984
1668 1686
1668 1707
1668 1709
1668 1720
1668 1721
1668 1726
1668 1733
1668 1762
1668 1781
1668 1782
1668 1791
1668 1793
1668 1804
1668 1815
1668 1817
1668 1818
1668 1819
1668 1823
1668 1837
1668 1841
1668 1844
1668 1846
1668 1855
1668 1874
1668 1894
1668 1902
1668 1907
1668 1918
1668 1922
1668 1938
1668 1941
1668 1955
1668 1965
1668 1976
1668 1979
1669 1685
1669 1686
1669 1699
1669 1703
1669 1707
1669 1709
1669 1723
1669 1726
1669 1727
1669 1736
1669 1754
1669 1758
1669 1767
1669 1770
1669 1773
1669 1787
1669 1792
1669 1800
1669 1804
1669 1805
1669 1809
1669 1813
1669 1818
1669 1820
1669 1828
1669 1836
1669 1837
1669 1857
1669 1871
1669 1873
1669 1879
1669 1881
1669 1883
1669 1885
1669 1886
1669 1905
1669 1909
1669 1910
1669 1912
1669 1917
1669 1919
1669 1948
1669 1950
1669 1968
1669 1979
1670 1671
1670 1674
1670 1681
1670 1690
1670 1692
1670 1703
1670 1707
1670 1710
1670 1722
1670 1724
1670 1732
1670 1733
1670 1736
1670 1749
1670 1754
1670 1767
1670 1772
1670 1774
1670 1775
1670 1777
1670 1781
1670 1785
1670 1793
1670 1799
1670 1800
1670 1804
1670 1817
1670 1828
1670 1833
1670 1836
1670 1837
1670 1856
1670 1858
1670 1862
1670 1863
1670 1869
1670 1872
1670 1874
1670 1876
1670 1891
1670 1899
1670 1911
1670 1917
1670 1919
1670 1931
1670 1946
1670 1948
1670 1953
1670 1958
1670 1975
1670 1983
1670 1986
1671 1688
1671 1690
1671 1699
1671 1704
1671 1713
1671 1715
1671 1726
1671 1731
1671 1733
1671 1737
1671 1743
1671 1748
1671 1750
1671 1766
1671 1772
1671 1797
1671 1799
1671 1819
1671 1820
1671 1824
1671 1834
1671 1843
1671 1844
1671 1850
1671 1881
1671 1885
1671 1913
1671 1915
1671 1923
1671 1933
1671 1941
1671 1948
1671 1958
1671 1959
1671 1966
1671 1971
1671 1978
1672 1678
1672 1679
1672 1695
1672 1703
1672 1706
1672 1713
1672 1716
1672 1728
1672 1733
1672 1741
1672 1743
1672 1758
1672 1759
1672 1762
1672 1786
1672 1793
1672 1797
1672 1804
1672 1806
1672 1823
1672 1824
1672 1838
1672 1853
1672 1859
1672 1874
1672 1875
1672 1876
1672 1877
1672 1884
1672 1889
1672 1890
1672 1903
1672 1913
1672 1915
1672 1919
1672 1922
1672 1927
1672 1932
1672 1934
1672 1935
1672 1940
1672 1941
1672 1960
1672 1961
1672 1965
1672 1966
1672 1968
1672 1986
1673 1686
1673 1695
1673 1715
1673 1721
1673 1739
1673 1743
1673 1744
1673 1745
1673 1781
1673 1801
1673 1803
1673 1820
1673 1832
1673 1837
1673 1840
1673 1842
1673 1869
1673 1872
1673 1897
1673 1899
1673 1904
1673 1906
1673 1925
1673 1926
1673 1931
1673 1932
1673 1948
1673 1958
1673 1960
1673 1964
1673 1966
1673 1968
1673 1970
1673 1972
1673 1977
1674 1675
1674 1682
1674 1686
1674 1693
1674 1694
1674 1701
1674 1710
1674 1713
1674 1714
1674 1731
1674 1734
1674 1737
1674 1740
1674 1754
1674 1755
1674 1761
1674 1768
1674 1782
1674 1790
1674 1792
1674 1814
1674 1823
1674 1828
1674 1837
1674 1858
1674 1861
1674 1877
1674 1883
1674 1895
1674 1896
1674 1899
1674 1919
1674 1929
1674 1931
1674 1935
1674 1936
1674 1950
1674 1963
1674 1970
1674 1971
1675 1687
1675 1688
1675 1703
1675 1713
1675 1715
1675 1734
1675 1740
1675 1750
1675 1754
1675 1762
1675 1766
1675 1767
1675 1770
1675 1774
1675 1787
1675 1804
1675 1818
1675 1820
1675 1829
1675 1838
1675 1839
1675 1845
1675 1846
1675 1847
1675 1850
1675 1875
1675 1876
1675 1881
1675 1882
1675 1890
1675 1900
1675 1909
1675 1917
1675 1921
1675 1925
1675 1926
1675 1928
1675 1935
1675 1949
1675 1960
1675 1974
1675 1979
1675 1983
1675 1985
1676 1683
1676 1685
1676 1699
1676 1700
1676 1701
1676 1705
1676 1709
1676 1716
1676 1718
1676 1735
1676 1751
1676 1754
1676 1759
1676 1770
1676 1772
1676 1774
1676 1775
1676 1780
1676 1790
1676 1797
1676 1800
1676 1818
1676 1820
1676 1827
1676 1831
1676 1836
1676 1847
1676 1852
1676 1857
1676 1866
1676 1869
1676 1879
1676 1884
1676 1892
1676 1896
1676 1897
1676 1904
1676 1912
1676 1922
1676 1927
1676 1936
1676 1945
1676 1946
1676 1948
1676 1952
1676 1958
1676 1964
1676 1965
1676 1970
1676 1987
1677 1678
1677 1695
1677 1698
1677 1700
1677 1703
1677 1719
1677 1720
1677 1739
1677 1749
1677 1768
1677 1781
1677 1808
1677 1823
1677 1835
1677 1837
1677 1839
1677 1853
1677 1864
1677 1891
1677 1898
1677 1902
1677 1909
1677 1916
1677 1917
1677 1930
1677 1932
1677 1949
1677 1956
1677 1958
1677 1959
1677 1971
1677 1978
1677 1985
1678 1680
1678 1688
1678 1707
1678 1717
1678 1730
1678 1734
1678 1764
1678 1778
1678 1788
1678 1789
1678 1794
1678 1798
1678 1799
1678 1817
1678 1819
1678 1838
1678 1876
1678 1885
1678 1888
1678 1907
1678 1909
1678 1915
1678 1920
1678 1922
1678 1925
1678 1928
1678 1945
1678 1949
1678 1953
1678 1954
1678 1955
1678 1961
1678 1965
1678 1970
1678 1976
1678 1979
1679 1685
1679 1692
1679 1695
1679 1699
1679 1700
1679 1708
1679 1715
1679 1729
1679 1737
1679 1746
1679 1749
1679 1755
1679 1758
1679 1761
1679 1762
1679 1767
1679 1771
1679 1787
1679 1790
1679 1797
1679 1800
1679 1822
1679 1824
1679 1833
1679 1852
1679 1854
1679 1864
1679 1873
1679 1874
1679 1893
1679 1896
1679 1899
1679 1901
1679 1902
1679 1909
1679 1912
1679 1915
1679 1925
1679 1938
1679 1942
1679 1959
1679 1960
1679 1961
1679 1968
1679 1971
1680 1683
1680 1688
1680 1690
1680 1694
1680 1697
1680 1701
1680 1706
1680 1712
1680 1716
1680 1717
1680 1725
1680 1726
1680 1745
1680 1749
1680 1752
1680 1757
1680 1759
1680 1776
1680 1777
1680 1791
1680 1793
1680 1795
1680 1797
1680 1801
1680 1816
1680 1832
1680 1834
1680 1866
1680 1875
1680 1876
1680 1879
1680 1880
1680 1882
1680 1891
1680 1892
1680 1893
1680 1898
1680 1902
1680 1903
1680 1913
1680 1921
1680 1928
1680 1934
1680 1938
1680 1956
1680 1963
1680 1964
1680 1967
1680 1980
1680 1981
1680 1984
1681 1685
1681 1692
1681 1694
1681 1695
1681 1702
1681 1705
1681 1718
1681 1720
1681 1722
1681 1723
1681 1726
1681 1738
1681 1740
1681 1753
1681 1755
1681 1758
1681 1765
1681 1772
1681 1777
1681 1784
1681 1787
1681 1806
1681 1812
1681 1821
1681 1822
1681 1827
1681 1839
1681 1845
1681 1847
1681 1857
1681 1863
1681 1877
1681 1878
1681 1892
1681 1898
1681 1911
1681 1914
1681 1934
1681 1938
1681 1944
1681 1945
1681 1955
1681 1967
1681 1971
1681 1982
1682 1686
1682 1689
1682 1709
1682 1717
1682 1722
1682 1728
1682 1740
1682 1744
1682 1763
1682 1764
1682 1767
1682 1775
1682 1785
1682 1794
1682 1798
1682 1828
1682 1832
1682 1856
1682 1858
1682 1879
1682 1892
1682 1897
1682 1904
1682 1917
1682 1933
1682 1937
1682 1952
1682 1965
1682 1979
1683 1695
1683 1696
1683 1699
1683 1704
1683 1705
1683 1709
1683 1721
1683 1723
1683 1741
1683 1742
1683 1746
1683 1747
1683 1750
1683 1763
1683 1768
1683 1777
1683 1786
1683 1787
1683 1791
1683 1795
1683 1802
1683 1809
1683 1835
1683 1837
1683 1841
1683 1847
1683 1850
1683 1852
1683 1858
1683 1861
1683 1869
1683 1880
1683 1881
1683 1882
1683 1898
1683 1918
1683 1924
1683 1938
1683 1940
1683 1941
1683 1942
1683 1950
1683 1957
1683 1973
1683 1986
1684 1697
1684 1723
1684 1724
1684 1730
1684 1748
1684 1749
1684 1750
1684 1753
1684 1756
1684 1767
1684 1768
1684 1777
1684 1801
1684 1802
1684 1803
1684 1811
1684 1838
1684 1839
1684 1840
1684 1852
1684 1855
1684 1861
1684 1863
1684 1875
1684 1878
1684 1881
1684 1884
1684 1890
1684 1895
1684 1902
1684 1907
1684 1915
1684 1922
1684 1924
1684 1936
1684 1939
1684 1940
1684 1946
1684 1951
1684 1954
1684 1974
1684 1979
1685 1686
1685 1687
1685 1688
1685 1690
1685 1696
1685 1700
1685 1711
1685 1715
1685 1719
1685 1723
1685 1724
1685 1751
1685 1752
1685 1757
1685 1760
1685 1779
1685 1780
1685 1794
1685 1798
1685 1801
1685 1804
1685 1812
1685 1814
1685 1823
1685 1834
1685 1859
1685 1862
1685 1875
1685 1878
1685 1882
1685 1898
1685 1899
1685 1904
1685 1914
1685 1945
1685 1946
1685 1952
1685 1961
1685 1965
1685 1966
1685 1972
1685 1975
1686 1689
1686 1690
1686 1709
1686 1719
1686 1731
1686 1740
1686 1764
1686 1774
1686 1781
1686 1784
1686 1792
1686 1796
1686 1810
1686 1827
1686 1833
1686 1834
1686 1846
1686 1864
1686 1875
1686 1880
1686 1881
1686 1912
1686 1926
1686 1929
1686 1939
1686 1943
1686 1944
1686 1966
1687 1698
1687 1723
1687 1725
1687 1746
1687 1750
1687 1753
1687 1758
1687 1767
1687 1768
1687 1774
1687 1778
1687 1783
1687 1797
1687 1812
1687 1826
1687 1827
1687 1848
1687 1851
1687 1852
1687 1855
1687 1864
1687 1867
1687 1872
1687 1877
1687 1891
1687 1894
1687 1896
1687 1900
1687 1903
1687 1904
1687 1914
1687 1923
1687 1927
1687 1940
1687 1943
1687 1953
1687 1956
1687 1962
1687 1965
1687 1977
1687 1981
1688 1699
1688 1729
1688 1738
1688 1779
1688 1802
1688 1804
1688 1809
1688 1811
1688 1823
1688 1838
1688 1844
1688 1851
1688 1863
1688 1867
1688 1893
1688 1899
1688 1912
1688 1914
1688 1927
1688 1940
1688 1942
1688 1943
1688 1944
1688 1945
1688 1953
1688 1956
1688 1965
1688 1966
1688 1967
1688 1971
1689 1693
1689 1702
1689 1704
1689 1708
1689 1727
1689 1729
1689 1737
1689 1740
1689 1747
1689 1749
1689 1750
1689 1755
1689 1757
1689 1759
1689 1760
1689 1780
1689 1782
1689 1806
1689 1810
1689 1817
1689 1820
1689 1821
1689 1823
1689 1862
1689 1873
1689 1881
1689 1883
1689 1884
1689 1887
1689 1901
1689 1905
1689 1919
1689 1930
1689 1931
1689 1936
1689 1941
1689 1947
1689 1963
1689 1971
1689 1981
1690 1692
1690 1714
1690 1734
1690 1761
1690 1776
1690 1780
1690 1783
1690 1785
1690 1787
1690 1810
1690 1827
1690 1828
1690 1830
1690 1833
1690 1847
1690 1848
1690 1858
1690 1881
1690 1894
1690 1913
1690 1917
1690 1919
1690 1921
1690 1922
1690 1926
1690 1934
1690 1936
1690 1943
1690 1944
1690 1945
1690 1951
1690 1958
1690 1965
1690 1967
1690 1969
1690 1970
1690 1971
1690 1978
1691 1695
1691 1697
1691 1706
1691 1709
1691 1710
1691 1714
1691 1718
1691 1723
1691 1730
1691 1743
1691 1748
1691 1757
1691 1764
1691 1771
1691 1774
1691 1784
1691 1789
1691 1791
1691 1815
1691 1831
1691 1833
1691 1838
1691 1843
1691 1853
1691 1857
1691 1860
1691 1872
1691 1876
1691 1878
1691 1879
1691 1897
1691 1900
1691 1906
1691 1914
1691 1917
1691 1918
1691 1921
1691 1923
1691 1936
1691 1938
1691 1943
1691 1952
1691 1954
1691 1962
1691 1982
1692 1698
1692 1703
1692 1705
1692 1711
1692 1729
1692 1732
1692 1735
1692 1746
1692 1763
1692 1774
1692 1800
1692 1801
1692 1807
1692 1815
1692 1820
1692 1826
1692 1827
1692 1829
1692 1833
1692 1842
1692 1848
1692 1849
1692 1865
1692 1880
1692 1888
1692 1895
1692 1897
1692 1902
1692 1907
1692 1924
1692 1935
1692 1937
1692 1938
1692 1940
1692 1946
1692 1947
1692 1954
1692 1956
1692 1975
1692 1976
1692 1979
1692 1980
1692 1983
1692 1986
1693 1701
1693 1724
1693 1730
1693 1764
1693 1765
1693 1773
1693 1774
1693 1778
1693 1786
1693 1787
1693 1790
1693 1812
1693 1820
1693 1832
1693 1835
1693 1837
1693 1851
1693 1852
1693 1861
1693 1862
1693 1875
1693 1886
1693 1892
1693 1897
1693 1900
1693 1906
1693 1908
1693 1922
1693 1923
1693 1925
1693 1940
1693 1943
1693 1958
1693 1966
1693 1972
1693 1975
1694 1701
1694 1719
1694 1725
1694 1729
1694 1732
1694 1736
1694 1746
1694 1751
1694 1767
1694 1772
1694 1784
1694 1795
1694 1798
1694 1814
1694 1821
1694 1826
1694 1833
1694 1835
1694 1838
1694 1849
1694 1856
1694 1859
1694 1862
1694 1865
1694 1866
1694 1868
1694 1869
1694 1870
1694 1899
1694 1901
1694 1906
1694 1909
1694 1929
1694 1935
1694 1943
1694 1944
1694 1965
1694 1971
1694 1982
1695 1700
1695 1704
1695 1717
1695 1723
1695 1735
1695 1741
1695 1748
1695 1750
1695 1753
1695 1755
1695 1757
1695 1759
1695 1763
1695 1764
1695 1768
1695 1786
1695 1789
1695 1817
1695 1821
1695 1858
1695 1859
1695 1869
1695 1877
1695 1884
1695 1897
1695 1908
1695 1917
1695 1937
1695 1939
1695 1946
1695 1953
1695 1956
1695 1959
1695 1972
1695 1987
1696 1707
1696 1712
1696 1721
1696 1723
1696 1724
1696 1732
1696 1742
1696 1749
1696 1754
1696 1757
1696 1760
1696 1767
1696 1768
1696 1769
1696 1777
1696 1780
1696 1793
1696 1795
1696 1805
1696 1819
1696 1825
1696 1841
1696 1844
1696 1850
1696 1871
1696 1875
1696 1880
1696 1881
1696 1884
1696 1887
1696 1889
1696 1895
1696 1901
1696 1907
1696 1908
1696 1917
1696 1919
1696 1920
1696 1923
1696 1926
1696 1927
1696 1929
1696 1939
1696 1943
1696 1945
1696 1949
1696 1953
1696 1958
1696 1962
1696 1976
1696 1982
1696 1983
1697 1702
1697 1706
1697 1709
1697 1717
1697 1721
1697 1728
1697 1740
1697 1748
1697 1752
1697 1795
1697 1807
1697 1809
1697 1811
1697 1815
1697 1845
1697 1866
1697 1885
1697 1887
1697 1902
1697 1929
1697 1946
1697 1958
1697 1962
1697 1963
1697 1964
1697 1972
1697 1973
1697 1975
1697 1982
1698 1699
1698 1705
1698 1708
1698 1710
1698 1731
1698 1740
1698 1743
1698 1755
1698 1757
1698 1761
1698 1764
1698 1771
1698 1773
1698 1777
1698 1782
1698 1790
1698 1791
1698 1795
1698 1812
1698 1816
1698 1819
1698 1823
1698 1824
1698 1832
1698 1835
1698 1836
1698 1842
1698 1844
1698 1849
1698 1869
1698 1870
1698 1879
1698 1885
1698 1887
1698 1888
1698 1897
1698 1899
1698 1901
1698 1913
1698 1914
1698 1916
1698 1920
1698 1933
1698 1940
1698 1971
1699 1712
1699 1730
1699 1740
1699 1742
1699 1748
1699 1752
1699 1773
1699 1784
1699 1794
1699 1815
1699 1817
1699 1825
1699 1828
1699 1829
1699 1830
1699 1831
1699 1836
1699 1843
1699 1844
1699 1849
1699 1854
1699 1857
1699 1863
1699 1866
1699 1884
1699 1892
1699 1899
1699 1913
1699 1918
1699 1922
1699 1926
1699 1928
1699 1931
1699 1936
1699 1956
1699 1961
1699 1971
1699 1980
1700 1701
1700 1703
1700 1713
1700 1723
1700 1726
1700 1763
1700 1777
1700 1785
1700 1792
1700 1801
1700 1802
1700 1803
1700 1815
1700 1826
1700 1831
1700 1833
1700 1837
1700 1839
1700 1849
1700 1851
1700 1867
1700 1877
1700 1891
1700 1898
1700 1902
1700 1910
1700 1913
1700 1918
1700 1920
1700 1926
1700 1933
1700 1934
1700 1937
1700 1938
1700 1948
1700 1952
1700 1954
1700 1957
1700 1959
1700 1962
1700 1967
1700 1978
1701 1712
1701 1714
1701 1735
1701 1757
1701 1762
1701 1771
1701 1779
1701 1781
1701 1784
1701 1787
1701 1792
1701 1797
1701 1803
1701 1806
1701 1818
1701 1819
1701 1824
1701 1829
1701 1831
1701 1851
1701 1864
1701 1879
1701 1881
1701 1890
1701 1894
1701 1901
1701 1902
1701 1908
1701 1911
1701 1913
1701 1914
1701 1937
1701 1945
1701 1948
1701 1951
1701 1964
1701 1972
1701 1982
1702 1711
1702 1730
1702 1737
1702 1747
1702 1757
1702 1759
1702 1761
1702 1765
1702 1773
1702 1788
1702 1804
1702 1808
1702 1816
1702 1822
1702 1829
1702 1834
1702 1861
1702 1873
1702 1893
1702 1949
1702 1956
1702 1959
1702 1967
1702 1970
1702 1972
1702 1982
1703 1704
1703 1708
1703 1709
1703 1717
1703 1728
1703 1730
1703 1731
1703 1735
1703 1742
1703 1753
1703 1756
1703 1768
1703 1784
1703 1788
1703 1796
1703 1798
1703 1800
1703 1802
1703 1808
1703 1809
1703 1814
1703 1833
1703 1839
1703 1846
1703 1853
1703 1856
1703 1859
1703 1868
1703 1875
1703 1877
1703 1886
1703 1887
1703 1895
1703 1898
1703 1921
1703 1930
1703 1944
1703 1956
1703 1964
1703 1969
1703 1977
1704 1707
1704 1713
1704 1717
1704 1719
1704 1722
1704 1724
1704 1727
1704 1733
1704 1739
1704 1745
1704 1748
1704 1762
1704 1768
1704 1773
1704 1776
1704 1781
1704 1795
1704 1804
1704 1807
1704 1809
1704 1823
1704 1828
1704 1840
1704 1850
1704 1851
1704 1863
1704 1867
1704 1872
1704 1880
1704 1885
1704 1886
1704 1891
1704 1892
1704 1904
1704 1910
1704 1927
1704 1940
1704 1944
1704 1952
1705 1706
1705 1708
1705 1710
1705 1717
1705 1725
1705 1737
1705 1746
1705 1757
1705 1760
1705 1764
1705 1769
1705 1774
1705 1781
1705 1794
1705 1800
1705 1811
1705 1817
1705 1820
1705 1823
1705 1829
1705 1834
1705 1841
1705 1846
1705 1852
1705 1859
1705 1862
1705 1863
1705 1866
1705 1878
1705 1879
1705 1891
1705 1901
1705 1902
1705 1912
1705 1949
1705 1975
1705 1983
1705 1984
1706 1716
1706 1732
1706 1743
1706 1745
1706 1750
1706 1756
1706 1758
1706 1765
1706 1768
1706 1773
1706 1774
1706 1782
1706 1789
1706 1790
1706 1791
1706 1792
1706 1793
1706 1806
1706 1811
1706 1812
1706 1835
1706 1842
1706 1852
1706 1880
1706 1883
1706 1891
1706 1909
1706 1911
1706 1915
1706 1921
1706 1923
1706 1924
1706 1930
1706 1932
1706 1937
1706 1946
1706 1952
1706 1964
1706 1968
1706 1974
1706 1984
1707 1709
1707 1718
1707 1719
1707 1721
1707 1723
1707 1746
1707 1749
1707 1756
1707 1765
1707 1775
1707 1778
1707 1802
1707 1807
1707 1810
1707 1811
1707 1818
1707 1824
1707 1829
1707 1831
1707 1835
1707 1839
1707 1860
1707 1862
1707 1865
1707 1867
1707 1869
1707 1872
1707 1888
1707 1891
1707 1899
1707 1902
1707 1912
1707 1913
1707 1914
1707 1916
1707 1924
1707 1925
1707 1929
1707 1939
1707 1963
1707 1976
1708 1717
1708 1734
1708 1737
1708 1744
1708 1745
1708 1756
1708 1757
1708 1762
1708 1765
1708 1771
1708 1783
1708 1786
1708 1790
1708 1794
1708 1797
1708 1799
1708 1804
1708 1806
1708 1810
1708 1817
1708 1830
1708 1834
1708 1839
1708 1841
1708 1846
1708 1852
1708 1856
1708 1859
1708 1860
1708 1875
1708 1876
1708 1894
1708 1910
1708 1916
1708 1920
1708 1922
1708 1927
1708 1935
1708 1947
1708 1953
1708 1958
1708 1962
1708 1967
1708 1969
1708 1983
1709 1711
1709 1735
1709 1754
1709 1783
1709 1792
1709 1806
1709 1811
1709 1837
1709 1840
1709 1857
1709 1879
1709 1881
1709 1895
1709 1905
1709 1910
1709 1917
1709 1931
1709 1942
1709 1943
1709 1947
1709 1955
1709 1959
1709 1964
1709 1966
1709 1971
1710 1711
1710 1720
1710 1722
1710 1734
1710 1735
1710 1737
1710 1753
1710 1757
1710 1760
1710 1761
1710 1788
1710 1794
1710 1796
1710 1799
1710 1809
1710 1813
1710 1815
1710 1840
1710 1842
1710 1855
1710 1857
1710 1869
1710 1877
1710 1881
1710 1885
1710 1894
1710 1913
1710 1917
1710 1922
1710 1924
1710 1932
1710 1942
1710 1943
1710 1954
1710 1957
1710 1962
1710 1963
1710 1985
1711 1723
1711 1754
1711 1758
1711 1765
1711 1797
1711 1804
1711 1807
1711 1833
1711 1839
1711 1846
1711 1850
1711 1856
1711 1869
1711 1880
1711 1901
1711 1906
1711 1914
1711 1920
1711 1928
1711 1934
1711 1940
1711 1946
1711 1957
1711 1961
1711 1962
1711 1963
1711 1970
1711 1975
1712 1714
1712 1724
1712 1729
1712 1731
1712 1736
1712 1745
1712 1751
1712 1755
1712 1756
1712 1765
1712 1767
1712 1768
1712 1776
1712 1783
1712 1786
1712 1822
1712 1831
1712 1838
1712 1842
1712 1845
1712 1846
1712 1867
1712 1868
1712 1869
1712 1876
1712 1881
1712 1889
1712 1896
1712 1903
1712 1907
1712 1910
1712 1919
1712 1920
1712 1923
1712 1930
1712 1937
1712 1939
1712 1940
1712 1950
1712 1955
1712 1956
1712 1968
1712 1974
1712 1977
1712 1983
1712 1984
1712 1987
1713 1715
1713 1726
1713 1736
1713 1739
1713 1743
1713 1744
1713 1757
1713 1770
1713 1778
1713 1782
1713 1786
1713 1791
1713 1797
1713 1804
1713 1826
1713 1833
1713 1869
1713 1874
1713 1877
1713 1884
1713 1891
1713 1909
1713 1911
1713 1917
1713 1933
1713 1936
1713 1941
1713 1942
1713 1975
1713 1986
1714 1720
1714 1728
1714 1751
1714 1766
1714 1779
1714 1782
1714 1789
1714 1797
1714 1798
1714 1808
1714 1812
1714 1820
1714 1832
1714 1842
1714 1847
1714 1856
1714 1858
1714 1860
1714 1866
1714 1870
1714 1873
1714 1875
1714 1879
1714 1886
1714 1887
1714 1895
1714 1901
1714 1917
1714 1924
1714 1926
1714 1931
1714 1938
1714 1959
1714 1973
1714 1976
1714 1979
1714 1986
1715 1717
1715 1727
1715 1737
1715 1748
1715 1749
1715 1751
1715 1768
1715 1771
1715 1778
1715 1780
1715 1790
1715 1792
1715 1813
1715 1818
1715 1820
1715 1821
1715 1829
1715 1844
1715 1845
1715 1846
1715 1858
1715 1869
1715 1870
1715 1873
1715 1886
1715 1913
1715 1916
1715 1918
1715 1949
1715 1954
1715 1963
1715 1984
1716 1728
1716 1730
1716 1746
1716 1759
1716 1760
1716 1769
1716 1779
1716 1783
1716 1795
1716 1801
1716 1814
1716 1817
1716 1822
1716 1831
1716 1832
1716 1849
1716 1855
1716 1869
1716 1873
1716 1875
1716 1901
1716 1902
1716 1903
1716 1904
1716 1908
1716 1910
1716 1919
1716 1920
1716 1923
1716 1937
1716 1952
1716 1954
1716 1958
1716 1962
1716 1963
1716 1978
1717 1732
1717 1743
1717 1761
1717 1763
1717 1766
1717 1770
1717 1785
1717 1786
1717 1790
1717 1800
1717 1801
1717 1819
1717 1823
1717 1827
1717 1858
1717 1860
1717 1861
1717 1870
1717 1894
1717 1898
1717 1911
1717 1937
1717 1940
1717 1951
1717 1957
1717 1959
1717 1960
1717 1967
1717 1975
1717 1977
1717 1983
1718 1725
1718 1729
1718 1749
1718 1754
1718 1760
1718 1814
1718 1828
1718 1835
1718 1841
1718 1848
1718 1849
1718 1856
1718 1859
1718 1864
1718 1891
1718 1898
1718 1908
1718 1917
1718 1924
1718 1932
1718 1936
1718 1944
1718 1962
1718 1970
1718 1974
1718 1975
1719 1732
1719 1734
1719 1743
1719 1757
1719 1767
1719 1768
1719 1773
1719 1792
1719 1796
1719 1807
1719 1810
1719 1812
1719 1814
1719 1815
1719 1823
1719 1828
1719 1845
1719 1853
1719 1855
1719 1867
1719 1881
1719 1888
1719 1898
1719 1899
1719 1907
1719 1908
1719 1917
1719 1930
1719 1931
1719 1952
1719 1954
1719 1959
1719 1972
1719 1987
1720 1721
1720 1732
1720 1745
1720 1747
1720 1752
1720 1759
1720 1760
1720 1768
1720 1773
1720 1777
1720 1781
1720 1786
1720 1794
1720 1801
1720 1807
1720 1822
1720 1835
1720 1841
1720 1846
1720 1866
1720 1872
1720 1878
1720 1883
1720 1899
1720 1906
1720 1908
1720 1911
1720 1932
1720 1934
1720 1937
1720 1947
1720 1958
1720 1960
1720 1967
1720 1977
1720 1982
1720 1985
1721 1726
1721 1742
1721 1777
1721 1797
1721 1832
1721 1843
1721 1851
1721 1856
1721 1859
1721 1868
1721 1879
1721 1885
1721 1888
1721 1891
1721 1898
1721 1907
1721 1914
1721 1920
1721 1925
1721 1928
1721 1945
1721 1946
1721 1950
1721 1952
1721 1956
1721 1963
1721 1972
1722 1728
1722 1729
1722 1737
1722 1747
1722 1766
1722 1772
1722 1779
1722 1780
1722 1783
1722 1792
1722 1806
1722 1832
1722 1833
1722 1839
1722 1845
1722 1856
1722 1858
1722 1859
1722 1869
1722 1879
1722 1884
1722 1909
1722 1911
1722 1915
1722 1919
1722 1922
1722 1923
1722 1930
1722 1953
1722 1954
1722 1970
1722 1982
1722 1984
1723 1724
1723 1729
1723 1736
1723 1737
1723 1742
1723 1753
1723 1754
1723 1755
1723 1756
1723 1762
1723 1763
1723 1769
1723 1779
1723 1798
1723 1800
1723 1823
1723 1829
1723 1830
1723 1831
1723 1847
1723 1868
1723 1877
1723 1895
1723 1906
1723 1907
1723 1912
1723 1922
1723 1926
1723 1927
1723 1931
1723 1934
1723 1938
1723 1947
1723 1961
1723 1962
1723 1966
1723 1972
1723 1986
1724 1727
1724 1732
1724 1734
1724 1745
1724 1760
1724 1768
1724 1776
1724 1786
1724 1789
1724 1794
1724 1796
1724 1804
1724 1812
1724 1813
1724 1823
1724 1846
1724 1857
1724 1858
1724 1862
1724 1864
1724 1865
1724 1867
1724 1869
1724 1877
1724 1889
1724 1895
1724 1898
1724 1912
1724 1917
1724 1924
1724 1926
1724 1936
1724 1946
1724 1951
1724 1952
1724 1954
1724 1960
1725 1727
1725 1733
1725 1740
1725 1753
1725 1766
1725 1769
1725 1772
1725 1781
1725 1787
1725 1803
1725 1810
1725 1814
1725 1815
1725 1824
1725 1829
1725 1833
1725 1838
1725 1842
1725 1846
1725 1857
1725 1872
1725 1888
1725 1917
1725 1933
1725 1934
1725 1935
1725 1944
1725 1962
1725 1966
1725 1973
1725 1982
1725 1985
1726 1729
1726 1749
1726 1788
1726 1789
1726 1795
1726 1800
1726 1814
1726 1818
1726 1835
1726 1836
1726 1843
1726 1848
1726 1873
1726 1879
1726 1880
1726 1897
1726 1912
1726 1913
1726 1916
1726 1925
1726 1929
1726 1931
1726 1934
1726 1937
1726 1941
1726 1947
1726 1956
1726 1957
1726 1959
1726 1970
1726 1980
1726 1984
1726 1985
1727 1728
1727 1740
1727 1753
1727 1757
1727 1758
1727 1764
1727 1784
1727 1790
1727 1799
1727 1800
1727 1801
1727 1809
1727 1811
1727 1817
1727 1821
1727 1822
1727 1825
1727 1836
1727 1838
1727 1848
1727 1859
1727 1865
1727 1869
1727 1876
1727 1877
1727 1878
1727 1879
1727 1893
1727 1899
1727 1904
1727 1908
1727 1929
1727 1930
1727 1931
1727 1933
1727 1935
1727 1943
1727 1946
1727 1950
1727 1954
1727 1969
1728 1738
1728 1741
1728 1745
1728 1751
1728 1755
1728 1760
1728 1765
1728 1768
1728 1779
1728 1793
1728 1806
1728 1817
1728 1820
1728 1824
1728 1839
1728 1842
1728 1879
1728 1884
1728 1910
1728 1927
1728 1928
1728 1933
1728 1945
1728 1958
1728 1961
1728 1963
1728 1966
1729 1730
1729 1744
1729 1747
1729 1765
1729 1768
1729 1773
1729 1779
1729 1793
1729 1795
1729 1798
1729 1810
1729 1811
1729 1820
1729 1823
1729 1827
1729 1839
1729 1843
1729 1844
1729 1845
1729 1862
1729 1864
1729 1867
1729 1916
1729 1926
1729 1933
1729 1943
1729 1954
1729 1965
1729 1967
1729 1983
1730 1731
1730 1746
1730 1758
1730 1768
1730 1784
1730 1786
1730 1788
1730 1790
1730 1793
1730 1829
1730 1836
1730 1846
1730 1853
1730 1863
1730 1878
1730 1884
1730 1894
1730 1897
1730 1901
1730 1909
1730 1915
1730 1919
1730 1921
1730 1928
1730 1953
1730 1958
1730 1961
1730 1977
1730 1983
1731 1750
1731 1762
1731 1776
1731 1781
1731 1784
1731 1819
1731 1824
1731 1826
1731 1831
1731 1839
1731 1843
1731 1844
1731 1846
1731 1867
1731 1872
1731 1873
1731 1878
1731 1887
1731 1889
1731 1890
1731 1894
1731 1900
1731 1902
1731 1909
1731 1910
1731 1931
1731 1936
1731 1937
1731 1938
1731 1944
1731 1945
1731 1958
1731 1959
1731 1972
1731 1979
1732 1737
1732 1741
1732 1749
1732 1764
1732 1773
1732 1781
1732 1787
1732 1792
1732 1816
1732 1827
1732 1833
1732 1834
1732 1839
1732 1841
1732 1850
1732 1860
1732 1863
1732 1881
1732 1886
1732 1910
1732 1911
1732 1912
1732 1913
1732 1914
1732 1922
1732 1925
1732 1929
1732 1930
1732 1942
1732 1945
1732 1960
1732 1976
1733 1736
1733 1739
1733 1747
1733 1749
1733 1756
1733 1757
1733 1769
1733 1794
1733 1798
1733 1801
1733 1826
1733 1827
1733 1829
1733 1830
1733 1848
1733 1867
1733 1871
1733 1872
1733 1875
1733 1897
1733 1902
1733 1916
1733 1946
1733 1954
1733 1958
1733 1975
1733 1981
1734 1741
1734 1750
1734 1752
1734 1755
1734 1766
1734 1775
1734 1780
1734 1793
1734 1801
1734 1803
1734 1807
1734 1816
1734 1819
1734 1824
1734 1836
1734 1851
1734 1853
1734 1861
1734 1869
1734 1880
1734 1885
1734 1898
1734 1903
1734 1905
1734 1929
1734 1941
1734 1949
1734 1955
1734 1958
1734 1960
1734 1967
1734 1977
1734 1985
1735 1738
1735 1740
1735 1751
1735 1760
1735 1772
1735 1781
1735 1793
1735 1798
1735 1801
1735 1822
1735 1826
1735 1830
1735 1845
1735 1860
1735 1869
1735 1872
1735 1877
1735 1878
1735 1881
1735 1884
1735 1889
1735 1902
1735 1905
1735 1906
1735 1917
1735 1918
1735 1933
1735 1935
1735 1955
1735 1957
1735 1962
1735 1973
1735 1976
1735 1987
1736 1743
1736 1745
1736 1746
1736 1747
1736 1756
1736 1768
1736 1779
1736 1785
1736 1791
1736 1820
1736 1821
1736 1823
1736 1831
1736 1833
1736 1839
1736 1855
1736 1865
1736 1871
1736 1899
1736 1913
1736 1916
1736 1918
1736 1920
1736 1928
1736 1930
1736 1943
1736 1944
1736 1945
1736 1956
1736 1959
1736 1965
1736 1969
1736 1978
1737 1739
1737 1753
1737 1755
1737 1779
1737 1783
1737 1786
1737 1790
1737 1801
1737 1805
1737 1808
1737 1817
1737 1834
1737 1838
1737 1842
1737 1852
1737 1859
1737 1861
1737 1868
1737 1877
1737 1885
1737 1886
1737 1893
1737 1904
1737 1909
1737 1934
1737 1936
1737 1948
1737 1955
1737 1956
1737 1957
1737 1967
1737 1980
1737 1983
1738 1739
1738 1743
1738 1744
1738 1757
1738 1764
1738 1773
1738 1777
1738 1787
1738 1788
1738 1790
1738 1800
1738 1802
1738 1824
1738 1826
1738 1832
1738 1845
1738 1849
1738 1851
1738 1857
1738 1879
1738 1889
1738 1892
1738 1894
1738 1895
1738 1907
1738 1923
1738 1928
1738 1931
1738 1932
1738 1935
1738 1961
1738 1970
1738 1980
1739 1740
1739 1742
1739 1748
1739 1786
1739 1794
1739 1804
1739 1809
1739 1817
1739 1822
1739 1824
1739 1825
1739 1826
1739 1829
1739 1831
1739 1846
1739 1849
1739 1856
1739 1857
1739 1865
1739 1870
1739 1877
1739 1881
1739 1886
1739 1887
1739 1888
1739 1912
1739 1916
1739 1934
1739 1938
1739 1939
1739 1948
1739 1962
1739 1966
1739 1977
1739 1981
1739 1984
1740 1746
1740 1752
1740 1766
1740 1771
1740 1772
1740 1788
1740 1801
1740 1805
1740 1812
1740 1820
1740 1829
1740 1846
1740 1847
1740 1857
1740 1864
1740 1867
1740 1868
1740 1876
1740 1896
1740 1900
1740 1903
1740 1905
1740 1913
1740 1914
1740 1915
1740 1936
1740 1948
1740 1973
1740 1980
1741 1746
1741 1756
1741 1763
1741 1768
1741 1774
1741 1779
1741 1780
1741 1781
1741 1784
1741 1795
1741 1796
1741 1799
1741 1805
1741 1812
1741 1836
1741 1840
1741 1843
1741 1855
1741 1860
1741 1872
1741 1873
1741 1877
1741 1882
1741 1892
1741 1914
1741 1915
1741 1917
1741 1919
1741 1921
1741 1932
1741 1933
1741 1942
1741 1943
1741 1965
1741 1966
1741 1974
1741 1981
1742 1746
1742 1749
1742 1756
1742 1761
1742 1763
1742 1765
1742 1773
1742 1775
1742 1777
1742 1779
1742 1787
1742 1798
1742 1806
1742 1815
1742 1819
1742 1830
1742 1834
1742 1836
1742 1837
1742 1854
1742 1862
1742 1866
1742 1872
1742 1891
1742 1900
1742 1908
1742 1914
1742 1915
1742 1918
1742 1922
1742 1923
1742 1928
1742 1932
1742 1947
1742 1951
1742 1953
1742 1968
1743 1745
1743 1750
1743 1751
1743 1763
1743 1770
1743 1776
1743 1794
1743 1804
1743 1805
1743 1809
1743 1817
1743 1822
1743 1830
1743 1831
1743 1836
1743 1857
1743 1864
1743 1868
1743 1879
1743 1885
1743 1886
1743 1897
1743 1909
1743 1911
1743 1914
1743 1918
1743 1919
1743 1934
1743 1942
1743 1949
1743 1957
1743 1976
1744 1765
1744 1768
1744 1771
1744 1784
1744 1795
1744 1796
1744 1797
1744 1806
1744 1810
1744 1819
1744 1821
1744 1828
1744 1837
1744 1841
1744 1856
1744 1857
1744 1858
1744 1859
1744 1862
1744 1874
1744 1876
1744 1881
1744 1885
1744 1890
1744 1900
1744 1908
1744 1912
1744 1922
1744 1924
1744 1925
1744 1931
1744 1932
1744 1935
1744 1943
1744 1955
1744 1960
1744 1969
1744 1971
1745 1750
1745 1791
1745 1792
1745 1793
1745 1798
1745 1800
1745 1805
1745 1811
1745 1816
1745 1828
1745 1836
1745 1843
1745 1846
1745 1862
1745 1873
1745 1878
1745 1880
1745 1885
1745 1904
1745 1911
1745 1917
1745 1919
1745 1929
1745 1941
1745 1970
1745 1979
1745 1984
1746 1747
1746 1750
1746 1753
1746 1758
1746 1766
1746 1768
1746 1776
1746 1798
1746 1803
1746 1807
1746 1819
1746 1826
1746 1841
1746 1842
1746 1849
1746 1857
1746 1860
1746 1863
1746 1865
1746 1868
1746 1884
1746 1888
1746 1890
1746 1900
1746 1923
1746 1932
1746 1938
1746 1942
1746 1967
1746 1970
1746 1971
1746 1979
1747 1767
1747 1785
1747 1791
1747 1797
1747 1799
1747 1804
1747 1806
1747 1807
1747 1843
1747 1846
1747 1854
1747 1862
1747 1875
1747 1884
1747 1893
1747 1899
1747 1903
1747 1905
1747 1921
1747 1923
1747 1955
1747 1957
1747 1960
1747 1970
1747 1972
1747 1976
1747 1986
1748 1749
1748 1761
1748 1763
1748 1766
1748 1769
1748 1781
1748 1787
1748 1790
1748 1817
1748 1820
1748 1829
1748 1830
1748 1831
1748 1859
1748 1864
1748 1869
1748 1873
1748 1892
1748 1896
1748 1915
1748 1918
1748 1925
1748 1929
1748 1934
1748 1938
1748 1942
1748 1980
1748 1982
1748 1987
1749 1752
1749 1762
1749 1769
1749 1772
1749 1793
1749 1796
1749 1806
1749 1808
1749 1820
1749 1823
1749 1828
1749 1833
1749 1847
1749 1848
1749 1869
1749 1883
1749 1887
1749 1912
1749 1916
1749 1937
1749 1948
1749 1949
1749 1954
1749 1955
1749 1961
1749 1974
1749 1979
1749 1986
1750 1751
1750 1756
1750 1759
1750 1761
1750 1800
1750 1801
1750 1840
1750 1847
1750 1860
1750 1863
1750 1864
1750 1886
1750 1895
1750 1901
1750 1909
1750 1919
1750 1924
1750 1925
1750 1963
1750 1968
1750 1970
1750 1987
1751 1762
1751 1769
1751 1781
1751 1784
1751 1791
1751 1799
1751 1807
1751 1811
1751 1830
1751 1833
1751 1844
1751 1850
1751 1856
1751 1857
1751 1864
1751 1883
1751 1889
1751 1891
1751 1893
1751 1901
1751 1905
1751 1908
1751 1913
1751 1917
1751 1951
1751 1958
1751 1965
1751 1967
1751 1972
1751 1982
1752 1753
1752 1754
1752 1757
1752 1758
1752 1810
1752 1812
1752 1814
1752 1815
1752 1820
1752 1821
1752 1822
1752 1860
1752 1871
1752 1879
1752 1882
1752 1883
1752 1906
1752 1907
1752 1909
1752 1924
1752 1934
1752 1947
1752 1955
1752 1958
1752 1967
1753 1762
1753 1780
1753 1793
1753 1796
1753 1801
1753 1805
1753 1827
1753 1835
1753 1845
1753 1847
1753 1858
1753 1859
1753 1861
1753 1867
1753 1879
1753 1880
1753 1905
1753 1920
1753 1924
1753 1925
1753 1927
1753 1931
1753 1944
1753 1954
1753 1957
1753 1959
1753 1963
1753 1973
1754 1756
1754 1758
1754 1764
1754 1766
1754 1768
1754 1770
1754 1777
1754 1782
1754 1789
1754 1795
1754 1824
1754 1826
1754 1834
1754 1841
1754 1852
1754 1857
1754 1861
1754 1869
1754 1909
1754 1910
1754 1919
1754 1940
1754 1945
1754 1953
1754 1955
1754 1963
1754 1983
1754 1987
1755 1760
1755 1784
1755 1786
1755 1788
1755 1803
1755 1809
1755 1817
1755 1822
1755 1830
1755 1831
1755 1845
1755 1848
1755 1854
1755 1856
1755 1857
1755 1904
1755 1923
1755 1924
1755 1942
1755 1954
1755 1987
1756 1762
1756 1764
1756 1767
1756 1779
1756 1782
1756 1794
1756 1797
1756 1800
1756 1804
1756 1807
1756 1815
1756 1817
1756 1824
1756 1828
1756 1837
1756 1851
1756 1889
1756 1890
1756 1894
1756 1895
1756 1901
1756 1903
1756 1912
1756 1934
1756 1945
1756 1950
1756 1960
1756 1970
1756 1971
1756 1972
1756 1974
1756 1975
1757 1760
1757 1775
1757 1780
1757 1781
1757 1782
1757 1787
1757 1788
1757 1796
1757 1803
1757 1805
1757 1808
1757 1812
1757 1816
1757 1820
1757 1826
1757 1836
1757 1844
1757 1855
1757 1857
1757 1864
1757 1871
1757 1873
1757 1875
1757 1903
1757 1904
1757 1914
1757 1916
1757 1921
1757 1926
1757 1947
1757 1959
1757 1966
1757 1975
1757 1983
1758 1771
1758 1772
1758 1774
1758 1775
1758 1779
1758 1783
1758 1797
1758 1815
1758 1833
1758 1836
1758 1838
1758 1842
1758 1850
1758 1860
1758 1887
1758 1889
1758 1901
1758 1902
1758 1905
1758 1918
1758 1921
1758 1926
1758 1932
1758 1939
1758 1949
1758 1951
1758 1963
1758 1971
1758 1973
1758 1982
1759 1760
1759 1770
1759 1771
1759 1784
1759 1794
1759 1805
1759 1810
1759 1813
1759 1817
1759 1855
1759 1862
1759 1865
1759 1867
1759 1869
1759 1875
1759 1895
1759 1920
1759 1921
1759 1928
1759 1929
1759 1938
1759 1947
1759 1949
1759 1957
1759 1958
1759 1961
1759 1962
1759 1967
1759 1979
1759 1980
1759 1986
1760 1774
1760 1780
1760 1782
1760 1796
1760 1800
1760 1802
1760 1804
1760 1806
1760 1819
1760 1828
1760 1843
1760 1857
1760 1859
1760 1860
1760 1862
1760 1865
1760 1880
1760 1883
1760 1889
1760 1914
1760 1919
1760 1922
1760 1938
1760 1940
1760 1949
1760 1957
1760 1961
1760 1964
1760 1967
1760 1978
1761 1766
1761 1767
1761 1771
1761 1778
1761 1784
1761 1785
1761 1795
1761 1797
1761 1798
1761 1801
1761 1808
1761 1814
1761 1824
1761 1829
1761 1840
1761 1841
1761 1859
1761 1863
1761 1883
1761 1892
1761 1903
1761 1905
1761 1910
1761 1913
1761 1919
1761 1926
1761 1933
1761 1936
1761 1939
1761 1954
1761 1958
1761 1964
1762 1771
1762 1775
1762 1776
1762 1780
1762 1784
1762 1786
1762 1788
1762 1793
1762 1815
1762 1835
1762 1846
1762 1856
1762 1858
1762 1867
1762 1869
1762 1871
1762 1872
1762 1886
1762 1890
1762 1899
1762 1901
1762 1907
1762 1919
1762 1921
1762 1922
1762 1928
1762 1939
1762 1958
1763 1769
1763 1783
1763 1786
1763 1787
1763 1789
1763 1799
1763 1817
1763 1823
1763 1837
1763 1840
1763 1863
1763 1864
1763 1870
1763 1891
1763 1902
1763 1914
1763 1920
1763 1921
1763 1937
1763 1939
1763 1948
1763 1956
1763 1961
1763 1970
1763 1973
1763 1976
1763 1978
1764 1780
1764 1795
1764 1800
1764 1805
1764 1816
1764 1821
1764 1823
1764 1840
1764 1842
1764 1852
1764 1853
1764 1859
1764 1868
1764 1878
1764 1880
1764 1894
1764 1899
1764 1910
1764 1911
1764 1912
1764 1921
1764 1923
1764 1944
1764 1953
1764 1957
1764 1971
1764 1972
1764 1978
1764 1987
1765 1768
1765 1770
1765 1777
1765 1780
1765 1787
1765 1807
1765 1808
1765 1815
1765 1819
1765 1830
1765 1831
1765 1837
1765 1840
1765 1846
1765 1847
1765 1864
1765 1875
1765 1878
1765 1881
1765 1920
1765 1935
1765 1941
1765 1956
1765 1967
1765 1975
1765 1976
1766 1777
1766 1783
1766 1790
1766 1811
1766 1812
1766 1826
1766 1828
1766 1831
1766 1837
1766 1850
1766 1856
1766 1864
1766 1865
1766 1866
1766 1867
1766 1878
1766 1882
1766 1884
1766 1888
1766 1893
1766 1900
1766 1906
1766 1911
1766 1915
1766 1924
1766 1926
1766 1927
1766 1928
1766 1937
1766 1955
1766 1959
1766 1960
1766 1968
1766 1969
1766 1975
1766 1981
1766 1983
1766 1985
1767 1780
1767 1798
1767 1802
1767 1806
1767 1817
1767 1819
1767 1826
1767 1830
1767 1836
1767 1839
1767 1847
1767 1851
1767 1861
1767 1864
1767 1869
1767 1883
1767 1900
1767 1903
1767 1913
1767 1914
1767 1929
1767 1930
1767 1936
1767 1941
1767 1956
1767 1968
1767 1969
1767 1971
1767 1977
1767 1983
1768 1772
1768 1774
1768 1778
1768 1789
1768 1804
1768 1813
1768 1816
1768 1819
1768 1834
1768 1840
1768 1849
1768 1852
1768 1864
1768 1872
1768 1877
1768 1878
1768 1883
1768 1889
1768 1893
1768 1896
1768 1902
1768 1908
1768 1910
1768 1916
1768 1925
1768 1938
1768 1952
1768 1954
1768 1964
1768 1981
1768 1983
1768 1985
1769 1784
1769 1787
1769 1789
1769 1791
1769 1797
1769 1803
1769 1829
1769 1850
1769 1856
1769 1858
1769 1859
1769 1860
1769 1869
1769 1878
1769 1887
1769 1891
1769 1896
1769 1903
1769 1908
1769 1915
1769 1935
1769 1941
1769 1942
1769 1948
1769 1957
1769 1976
1770 1779
1770 1781
1770 1797
1770 1806
1770 1817
1770 1823
1770 1829
1770 1834
1770 1836
1770 1844
1770 1859
1770 1872
1770 1912
1770 1926
1770 1929
1770 1931
1770 1939
1770 1951
1770 1967
1770 1974
1770 1975
1770 1976
1770 1983
1771 1804
1771 1807
1771 1814
1771 1820
1771 1826
1771 1844
1771 1846
1771 1848
1771 1849
1771 1858
1771 1860
1771 1862
1771 1869
1771 1871
1771 1880
1771 1899
1771 1902
1771 1920
1771 1924
1771 1926
1771 1929
1771 1931
1771 1940
1771 1942
1771 1944
1771 1962
1771 1963
1771 1964
1771 1972
1771 1980
1772 1780
1772 1788
1772 1791
1772 1792
1772 1804
1772 1829
1772 1830
1772 1858
1772 1865
1772 1874
1772 1882
1772 1884
1772 1894
1772 1904
1772 1907
1772 1913
1772 1925
1772 1931
1772 1947
1772 1955
1772 1960
1772 1971
1772 1986
1773 1781
1773 1783
1773 1792
1773 1795
1773 1800
1773 1802
1773 1806
1773 1824
1773 1850
1773 1851
1773 1863
1773 1883
1773 1890
1773 1899
1773 1900
1773 1910
1773 1912
1773 1920
1773 1921
1773 1922
1773 1931
1773 1933
1773 1951
1773 1963
1773 1981
1773 1984
1773 1987
1774 1784
1774 1786
1774 1812
1774 1823
1774 1828
1774 1847
1774 1868
1774 1874
1774 1876
1774 1895
1774 1897
1774 1919
1774 1920
1774 1932
1774 1937
1774 1952
1774 1956
1774 1957
1774 1958
1774 1960
1774 1961
1774 1969
1774 1976
1774 1979
1774 1986
1775 1779
1775 1781
1775 1786
1775 1787
1775 1791
1775 1797
1775 1801
1775 1831
1775 1850
1775 1853
1775 1881
1775 1884
1775 1907
1775 1910
1775 1911
1775 1916
1775 1927
1775 1930
1775 1931
1775 1942
1775 1948
1775 1953
1775 1966
1775 1974
1775 1982
1776 1791
1776 1792
1776 1801
1776 1804
1776 1808
1776 1811
1776 1823
1776 1824
1776 1829
1776 1833
1776 1835
1776 1838
1776 1843
1776 1847
1776 1859
1776 1862
1776 1866
1776 1870
1776 1873
1776 1882
1776 1885
1776 1888
1776 1890
1776 1892
1776 1898
1776 1900
1776 1908
1776 1912
1776 1917
1776 1933
1776 1936
1776 1941
1776 1950
1776 1953
1776 1963
1776 1973
1776 1975
1776 1985
1777 1782
1777 1784
1777 1807
1777 1809
1777 1816
1777 1818
1777 1819
1777 1837
1777 1839
1777 1840
1777 1841
1777 1847
1777 1856
1777 1859
1777 1886
1777 1892
1777 1903
1777 1910
1777 1915
1777 1919
1777 1929
1777 1935
1777 1947
1777 1949
1777 1955
1777 1959
1777 1965
1778 1792
1778 1807
1778 1814
1778 1826
1778 1827
1778 1833
1778 1834
1778 1838
1778 1840
1778 1842
1778 1849
1778 1856
1778 1866
1778 1869
1778 1871
1778 1885
1778 1905
1778 1906
1778 1911
1778 1915
1778 1932
1778 1934
1778 1936
1778 1950
1778 1951
1778 1952
1778 1959
1778 1961
1778 1969
1778 1983
1779 1780
1779 1788
1779 1794
1779 1796
1779 1802
1779 1816
1779 1834
1779 1838
1779 1843
1779 1844
1779 1858
1779 1864
1779 1882
1779 1897
1779 1905
1779 1907
1779 1917
1779 1923
1779 1926
1779 1928
1779 1930
1779 1931
1779 1948
1779 1976
1779 1978
1779 1982
1780 1798
1780 1800
1780 1818
1780 1819
1780 1825
1780 1826
1780 1828
1780 1830
1780 1834
1780 1844
1780 1846
1780 1847
1780 1856
1780 1857
1780 1858
1780 1873
1780 1875
1780 1876
1780 1881
1780 1883
1780 1888
1780 1890
1780 1916
1780 1931
1780 1947
1780 1950
1780 1962
1780 1965
1780 1967
1780 1972
1780 1979
1780 1980
1781 1827
1781 1839
1781 1847
1781 1848
1781 1850
1781 1856
1781 1863
1781 1867
1781 1870
1781 1873
1781 1896
1781 1905
1781 1906
1781 1915
1781 1919
1781 1920
1781 1925
1781 1949
1781 1958
1781 1971
1781 1974
1781 1976
1782 1783
1782 1788
1782 1791
1782 1800
1782 1809
1782 1819
1782 1824
1782 1827
1782 1847
1782 1851
1782 1852
1782 1853
1782 1857
1782 1863
1782 1882
1782 1889
1782 1894
1782 1899
1782 1919
1782 1926
1782 1929
1782 1939
1782 1940
1782 1944
1782 1946
1782 1952
1782 1961
1782 1973
1782 1977
1782 1983
1783 1785
1783 1788
1783 1792
1783 1808
1783 1809
1783 1817
1783 1820
1783 1825
1783 1836
1783 1839
1783 1841
1783 1844
1783 1849
1783 1850
1783 1851
1783 1855
1783 1859
1783 1862
1783 1864
1783 1866
1783 1867
1783 1873
1783 1875
1783 1879
1783 1880
1783 1882
1783 1883
1783 1888
1783 1902
1783 1919
1783 1923
1783 1926
1783 1935
1783 1947
1783 1956
1783 1957
1783 1964
1783 1976
1783 1977
1784 1788
1784 1792
1784 1802
1784 1816
1784 1830
1784 1855
1784 1875
1784 1883
1784 1892
1784 1903
1784 1904
1784 1913
1784 1927
1784 1931
1784 1936
1784 1941
1784 1943
1784 1949
1784 1958
1784 1960
1784 1987
1785 1790
1785 1802
1785 1806
1785 1808
1785 1809
1785 1816
1785 1817
1785 1821
1785 1828
1785 1830
1785 1834
1785 1848
1785 1867
1785 1868
1785 1887
1785 1899
1785 1904
1785 1912
1785 1916
1785 1918
1785 1922
1785 1924
1785 1928
1785 1965
1785 1970
1785 1976
1785 1980
1785 1983
1785 1985
1786 1790
1786 1797
1786 1813
1786 1830
1786 1841
1786 1845
1786 1859
1786 1871
1786 1873
1786 1875
1786 1879
1786 1888
1786 1890
1786 1902
1786 1906
1786 1923
1786 1924
1786 1932
1786 1933
1786 1938
1786 1939
1786 1948
1786 1951
1786 1955
1786 1984
1786 1985
1787 1809
1787 1811
1787 1813
1787 1844
1787 1847
1787 1850
1787 1869
1787 1871
1787 1897
1787 1917
1787 1926
1787 1927
1787 1934
1787 1942
1787 1947
1787 1956
1787 1969
1787 1972
1787 1982
1788 1790
1788 1791
1788 1800
1788 1829
1788 1834
1788 1847
1788 1855
1788 1860
1788 1861
1788 1872
1788 1873
1788 1879
1788 1881
1788 1888
1788 1889
1788 1890
1788 1891
1788 1893
1788 1899
1788 1908
1788 1920
1788 1924
1788 1925
1788 1938
1788 1940
1788 1959
1788 1969
1788 1970
1788 1971
1788 1974
1788 1977
1788 1982
1788 1983
1788 1987
1789 1792
1789 1796
1789 1803
1789 1805
1789 1820
1789 1821
1789 1826
1789 1833
1789 1845
1789 1846
1789 1859
1789 1861
1789 1871
1789 1874
1789 1875
1789 1883
1789 1884
1789 1890
1789 1892
1789 1914
1789 1918
1789 1927
1789 1936
1789 1948
1789 1952
1789 1953
1789 1955
1789 1974
1789 1980
1790 1796
1790 1802
1790 1815
1790 1817
1790 1854
1790 1858
1790 1859
1790 1865
1790 1877
1790 1907
1790 1909
1790 1913
1790 1918
1790 1929
1790 1956
1790 1957
1790 1984
1790 1985
1790 1987
1791 1816
1791 1819
1791 1828
1791 1845
1791 1851
1791 1858
1791 1866
1791 1868
1791 1870
1791 1895
1791 1904
1791 1918
1791 1929
1791 1930
1791 1939
1791 1943
1791 1968
1791 1973
1791 1979
1791 1981
1791 1985
1792 1799
1792 1801
1792 1805
1792 1809
1792 1815
1792 1835
1792 1839
1792 1847
1792 1850
1792 1857
1792 1870
1792 1871
1792 1888
1792 1899
1792 1904
1792 1918
1792 1924
1792 1932
1792 1935
1792 1947
1792 1954
1792 1956
1792 1959
1792 1967
1792 1981
1792 1984
1793 1798
1793 1817
1793 1827
1793 1870
1793 1881
1793 1909
1793 1911
1793 1913
1793 1941
1793 1953
1793 1957
1793 1958
1793 1959
1793 1965
1793 1966
1793 1967
1794 1800
1794 1808
1794 1824
1794 1831
1794 1833
1794 1841
1794 1842
1794 1851
1794 1855
1794 1857
1794 1866
1794 1871
1794 1874
1794 1894
1794 1909
1794 1912
1794 1919
1794 1931
1794 1940
1794 1941
1794 1944
1794 1947
1794 1949
1794 1951
1794 1966
1794 1968
1794 1971
1794 1973
1794 1975
1795 1802
1795 1803
1795 1808
1795 1822
1795 1829
1795 1834
1795 1838
1795 1848
1795 1856
1795 1868
1795 1884
1795 1889
1795 1892
1795 1906
1795 1931
1795 1932
1795 1940
1795 1953
1795 1985
1795 1986
1796 1800
1796 1801
1796 1810
1796 1812
1796 1814
1796 1830
1796 1834
1796 1837
1796 1859
1796 1863
1796 1873
1796 1877
1796 1884
1796 1886
1796 1887
1796 1890
1796 1891
1796 1894
1796 1897
1796 1902
1796 1908
1796 1909
1796 1922
1796 1926
1796 1936
1796 1939
1796 1962
1796 1966
1796 1972
1796 1973
1796 1986
1797 1798
1797 1804
1797 1806
1797 1858
1797 1872
1797 1878
1797 1885
1797 1887
1797 1892
1797 1904
1797 1917
1797 1920
1797 1925
1797 1926
1797 1937
1797 1950
1797 1952
1797 1972
1797 1976
1797 1986
1798 1811
1798 1831
1798 1833
1798 1834
1798 1838
1798 1846
1798 1847
1798 1856
1798 1873
1798 1875
1798 1892
1798 1907
1798 1914
1798 1918
1798 1922
1798 1934
1798 1938
1798 1956
1798 1967
1798 1980
1799 1802
1799 1814
1799 1820
1799 1827
1799 1828
1799 1846
1799 1847
1799 1855
1799 1863
1799 1868
1799 1875
1799 1879
1799 1921
1799 1936
1799 1963
1799 1965
1799 1976
1799 1978
1799 1980
1800 1807
1800 1820
1800 1825
1800 1826
1800 1830
1800 1844
1800 1848
1800 1875
1800 1879
1800 1884
1800 1890
1800 1902
1800 1911
1800 1917
1800 1919
1800 1967
1800 1980
1800 1982
1801 1808
1801 1809
1801 1826
1801 1830
1801 1833
1801 1835
1801 1844
1801 1878
1801 1881
1801 1884
1801 1890
1801 1893
1801 1903
1801 1907
1801 1909
1801 1912
1801 1933
1801 1934
1801 1939
1801 1940
1801 1947
1801 1950
1801 1962
1801 1966
1801 1967
1801 1968
1801 1969
1801 1972
1801 1978
1801 1980
1802 1813
1802 1817
1802 1831
1802 1847
1802 1853
1802 1854
1802 1863
1802 1869
1802 1871
1802 1875
1802 1895
1802 1914
1802 1929
1802 1958
1802 1962
1802 1979
1802 1981
1803 1807
1803 1814
1803 1816
1803 1826
1803 1828
1803 1831
1803 1834
1803 1845
1803 1852
1803 1857
1803 1870
1803 1877
1803 1879
1803 1881
1803 1885
1803 1888
1803 1896
1803 1911
1803 1947
1803 1948
1803 1954
1803 1965
1803 1973
1803 1985
1804 1818
1804 1849
1804 1853
1804 1854
1804 1863
1804 1868
1804 1881
1804 1886
1804 1892
1804 1908
1804 1920
1804 1925
1804 1946
1804 1952
1804 1954
1804 1960
1805 1811
1805 1817
1805 1820
1805 1829
1805 1830
1805 1832
1805 1837
1805 1849
1805 1850
1805 1855
1805 1863
1805 1881
1805 1887
1805 1895
1805 1896
1805 1928
1805 1984
1806 1819
1806 1824
1806 1836
1806 1838
1806 1843
1806 1846
1806 1859
1806 1865
1806 1874
1806 1875
1806 1884
1806 1885
1806 1886
1806 1897
1806 1900
1806 1909
1806 1913
1806 1919
1806 1926
1806 1936
1806 1940
1806 1944
1806 1955
1806 1956
1806 1968
1806 1981
1806 1983
1807 1824
1807 1825
1807 1831
1807 1853
1807 1861
1807 1866
1807 1872
1807 1886
1807 1901
1807 1905
1807 1910
1807 1913
1807 1917
1807 1918
1807 1919
1807 1921
1807 1932
1807 1937
1807 1949
1807 1950
1807 1956
1807 1958
1807 1967
1807 1974
1807 1983
1807 1987
1808 1820
1808 1829
1808 1835
1808 1837
1808 1849
1808 1853
1808 1854
1808 1865
1808 1884
1808 1897
1808 1902
1808 1913
1808 1919
1808 1933
1808 1941
1808 1945
1808 1954
1808 1958
1808 1959
1808 1969
1808 1973
1808 1974
1808 1986
1809 1826
1809 1827
1809 1854
1809 1863
1809 1875
1809 1885
1809 1888
1809 1900
1809 1936
1809 1937
1809 1939
1809 1967
1809 1968
1809 1987
1810 1820
1810 1823
1810 1838
1810 1876
1810 1885
1810 1887
1810 1895
1810 1899
1810 1901
1810 1905
1810 1906
1810 1918
1810 1924
1810 1926
1810 1927
1810 1929
1810 1930
1810 1947
1810 1958
1810 1959
1810 1967
1810 1968
1810 1970
1810 1985
1811 1821
1811 1829
1811 1832
1811 1833
1811 1838
1811 1845
1811 1853
1811 1856
1811 1875
1811 1902
1811 1917
1811 1918
1811 1928
1811 1933
1811 1935
1811 1940
1811 1946
1811 1954
1811 1964
1811 1974
1811 1985
1812 1824
1812 1828
1812 1833
1812 1845
1812 1847
1812 1857
1812 1862
1812 1880
1812 1899
1812 1930
1812 1931
1812 1933
1812 1936
1812 1938
1812 1948
1812 1963
1812 1974
1812 1982
1813 1829
1813 1832
1813 1833
1813 1840
1813 1845
1813 1848
1813 1856
1813 1861
1813 1866
1813 1883
1813 1889
1813 1898
1813 1903
1813 1905
1813 1907
1813 1914
1813 1924
1813 1933
1813 1935
1813 1956
1813 1977
1813 1981
1814 1816
1814 1835
1814 1836
1814 1866
1814 1868
1814 1869
1814 1879
1814 1900
1814 1906
1814 1917
1814 1923
1814 1926
1814 1930
1814 1936
1814 1938
1814 1939
1814 1946
1814 1947
1814 1955
1814 1967
1814 1969
1814 1976
1814 1979
1814 1982
1815 1818
1815 1826
1815 1828
1815 1840
1815 1841
1815 1855
1815 1858
1815 1863
1815 1865
1815 1870
1815 1883
1815 1914
1815 1930
1815 1943
1815 1949
1815 1951
1815 1955
1815 1957
1815 1983
1815 1984
1816 1849
1816 1858
1816 1860
1816 1864
1816 1879
1816 1882
1816 1884
1816 1892
1816 1893
1816 1903
1816 1916
1816 1918
1816 1923
1816 1929
1816 1937
1816 1954
1816 1963
1816 1966
1816 1968
1816 1972
1816 1979
1816 1985
1816 1986
1816 1987
1817 1823
1817 1828
1817 1843
1817 1848
1817 1858
1817 1880
1817 1894
1817 1897
1817 1908
1817 1910
1817 1911
1817 1918
1817 1931
1817 1932
1817 1943
1817 1955
1817 1956
1817 1970
1817 1979
1817 1980
1817 1987
1818 1819
1818 1822
1818 1835
1818 1853
1818 1868
1818 1871
1818 1873
1818 1886
1818 1887
1818 1898
1818 1900
1818 1901
1818 1911
1818 1919
1818 1926
1818 1936
1818 1945
1818 1950
1818 1961
1818 1967
1818 1970
1818 1975
1818 1977
1818 1984
1819 1825
1819 1836
1819 1838
1819 1839
1819 1843
1819 1845
1819 1851
1819 1862
1819 1877
1819 1881
1819 1883
1819 1891
1819 1904
1819 1909
1819 1917
1819 1930
1819 1943
1819 1947
1819 1953
1819 1955
1819 1964
1820 1825
1820 1827
1820 1828
1820 1846
1820 1854
1820 1861
1820 1868
1820 1879
1820 1880
1820 1898
1820 1899
1820 1905
1820 1908
1820 1920
1820 1922
1820 1932
1820 1935
1820 1938
1820 1941
1820 1942
1820 1950
1820 1961
1820 1965
1820 1976
1820 1978
1820 1979
1820 1986
1820 1987
1821 1823
1821 1826
1821 1829
1821 1830
1821 1837
1821 1839
1821 1847
1821 1849
1821 1850
1821 1858
1821 1859
1821 1863
1821 1871
1821 1877
1821 1883
1821 1890
1821 1892
1821 1901
1821 1908
1821 1909
1821 1911
1821 1915
1821 1918
1821 1920
1821 1927
1821 1950
1821 1959
1822 1828
1822 1830
1822 1857
1822 1858
1822 1864
1822 1867
1822 1869
1822 1872
1822 1873
1822 1876
1822 1880
1822 1884
1822 1891
1822 1906
1822 1932
1822 1959
1822 1965
1822 1968
1822 1976
1822 1978
1822 1980
1822 1985
1823 1845
1823 1854
1823 1879
1823 1890
1823 1897
1823 1903
1823 1905
1823 1906
1823 1908
1823 1912
1823 1930
1823 1938
1823 1941
1823 1958
1823 1964
1823 1966
1823 1967
1823 1973
1823 1976
1823 1980
1823 1985
1824 1827
1824 1828
1824 1829
1824 1837
1824 1851
1824 1852
1824 1854
1824 1860
1824 1870
1824 1876
1824 1882
1824 1886
1824 1892
1824 1903
1824 1905
1824 1911
1824 1914
1824 1915
1824 1926
1824 1932
1824 1949
1824 1956
1824 1967
1824 1974
1824 1979
1824 1987
1825 1830
1825 1845
1825 1848
1825 1866
1825 1870
1825 1873
1825 1876
1825 1878
1825 1882
1825 1893
1825 1926
1825 1937
1825 1938
1825 1940
1825 1968
1826 1832
1826 1839
1826 1841
1826 1843
1826 1851
1826 1853
1826 1860
1826 1878
1826 1884
1826 1891
1826 1900
1826 1920
1826 1923
1826 1928
1826 1930
1826 1933
1826 1959
1826 1969
1826 1972
1826 1978
1826 1985
1827 1830
1827 1834
1827 1839
1827 1843
1827 1845
1827 1853
1827 1860
1827 1866
1827 1888
1827 1892
1827 1900
1827 1903
1827 1905
1827 1912
1827 1947
1827 1957
1827 1961
1827 1964
1827 1967
1827 1984
1828 1839
1828 1844
1828 1859
1828 1864
1828 1866
1828 1871
1828 1880
1828 1882
1828 1893
1828 1910
1828 1911
1828 1922
1828 1940
1828 1954
1828 1964
1829 1851
1829 1852
1829 1856
1829 1868
1829 1876
1829 1892
1829 1902
1829 1915
1829 1923
1829 1927
1829 1933
1829 1945
1829 1958
1829 1973
1829 1977
1829 1980
1829 1983
1830 1834
1830 1837
1830 1838
1830 1845
1830 1849
1830 1855
1830 1880
1830 1882
1830 1903
1830 1910
1830 1927
1830 1929
1830 1930
1830 1941
1830 1955
1830 1958
1830 1961
1830 1966
1830 1979
1830 1985
1830 1986
1831 1835
1831 1847
1831 1848
1831 1851
1831 1852
1831 1856
1831 1865
1831 1869
1831 1875
1831 1891
1831 1898
1831 1905
1831 1907
1831 1915
1831 1919
1831 1920
1831 1929
1831 1933
1831 1935
1831 1972
1831 1975
1831 1978
1831 1982
1832 1837
1832 1845
1832 1849
1832 1863
1832 1874
1832 1880
1832 1895
1832 1896
1832 1903
1832 1909
1832 1918
1832 1922
1832 1923
1832 1930
1832 1938
1832 1945
1832 1950
1832 1952
1832 1954
1832 1955
1832 1957
1832 1974
1832 1979
1833 1838
1833 1840
1833 1845
1833 1852
1833 1853
1833 1856
1833 1866
1833 1869
1833 1871
1833 1876
1833 1878
1833 1882
1833 1891
1833 1896
1833 1897
1833 1901
1833 1904
1833 1910
1833 1921
1833 1923
1833 1928
1833 1929
1833 1938
1833 1942
1833 1949
1833 1954
1833 1955
1833 1958
1833 1965
1833 1972
1833 1974
1833 1983
1833 1987
1834 1837
1834 1844
1834 1848
1834 1852
1834 1857
1834 1862
1834 1868
1834 1871
1834 1874
1834 1880
1834 1892
1834 1898
1834 1905
1834 1910
1834 1918
1834 1923
1834 1941
1834 1945
1834 1951
1834 1961
1834 1966
1835 1848
1835 1853
1835 1858
1835 1862
1835 1876
1835 1883
1835 1891
1835 1907
1835 1913
1835 1916
1835 1917
1835 1922
1835 1938
1835 1941
1835 1944
1835 1976
1835 1977
1835 1980
1835 1986
1836 1839
1836 1840
1836 1857
1836 1867
1836 1890
1836 1895
1836 1907
1836 1910
1836 1916
1836 1922
1836 1925
1836 1928
1836 1945
1836 1952
1836 1969
1836 1971
1836 1972
1836 1973
1837 1838
1837 1850
1837 1851
1837 1884
1837 1893
1837 1899
1837 1917
1837 1922
1837 1934
1837 1953
1837 1956
1837 1973
1837 1975
1837 1977
1838 1847
1838 1857
1838 1860
1838 1866
1838 1880
1838 1886
1838 1894
1838 1900
1838 1901
1838 1911
1838 1927
1838 1930
1838 1931
1838 1940
1838 1942
1838 1949
1838 1952
1838 1966
1838 1974
1838 1976
1838 1985
1839 1840
1839 1857
1839 1859
1839 1865
1839 1870
1839 1894
1839 1896
1839 1903
1839 1915
1839 1945
1839 1947
1839 1948
1839 1958
1839 1959
1839 1960
1839 1965
1839 1974
1839 1976
1839 1982
1839 1984
1839 1985
1840 1846
1840 1847
1840 1850
1840 1854
1840 1858
1840 1882
1840 1890
1840 1892
1840 1897
1840 1903
1840 1905
1840 1908
1840 1913
1840 1916
1840 1939
1840 1942
1840 1949
1840 1950
1840 1968
1840 1972
1840 1973
1840 1983
1841 1842
1841 1854
1841 1862
1841 1866
1841 1891
1841 1893
1841 1897
1841 1902
1841 1906
1841 1907
1841 1912
1841 1915
1841 1916
1841 1917
1841 1920
1841 1922
1841 1933
1841 1936
1841 1943
1841 1948
1841 1956
1841 1957
1841 1958
1841 1959
1841 1961
1841 1971
1841 1972
1841 1984
1842 1848
1842 1859
1842 1871
1842 1872
1842 1879
1842 1887
1842 1907
1842 1911
1842 1918
1842 1923
1842 1928
1842 1933
1842 1942
1842 1952
1842 1953
1842 1967
1842 1980
1842 1985
1843 1870
1843 1877
1843 1884
1843 1893
1843 1897
1843 1899
1843 1905
1843 1906
1843 1917
1843 1929
1843 1963
1843 1966
1843 1968
1843 1969
1843 1976
1844 1854
1844 1869
1844 1891
1844 1892
1844 1894
1844 1915
1844 1920
1844 1926
1844 1928
1844 1944
1844 1948
1844 1953
1844 1962
1844 1964
1844 1965
1845 1850
1845 1854
1845 1866
1845 1879
1845 1880
1845 1882
1845 1886
1845 1893
1845 1895
1845 1897
1845 1899
1845 1909
1845 1926
1845 1940
1845 1967
1845 1971
1845 1978
1846 1857
1846 1940
1846 1951
1846 1953
1846 1959
1846 1965
1846 1968
1846 1976
1846 1983
1847 1849
1847 1869
1847 1871
1847 1875
1847 1877
1847 1894
1847 1899
1847 1910
1847 1919
1847 1924
1847 1936
1847 1938
1847 1939
1847 1942
1847 1954
1847 1963
1847 1972
1848 1853
1848 1856
1848 1857
1848 1864
1848 1865
1848 1867
1848 1877
1848 1900
1848 1902
1848 1907
1848 1909
1848 1915
1848 1922
1848 1936
1848 1945
1848 1955
1848 1956
1848 1958
1848 1960
1848 1961
1848 1963
1848 1971
1848 1973
1848 1975
1848 1984
1849 1871
1849 1874
1849 1881
1849 1884
1849 1894
1849 1902
1849 1916
1849 1918
1849 1920
1849 1921
1849 1924
1849 1931
1849 1935
1849 1937
1849 1962
1850 1856
1850 1861
1850 1863
1850 1872
1850 1879
1850 1882
1850 1887
1850 1890
1850 1892
1850 1893
1850 1906
1850 1932
1850 1935
1850 1952
1850 1954
1850 1955
1850 1978
1851 1856
1851 1860
1851 1873
1851 1881
1851 1885
1851 1898
1851 1903
1851 1932
1851 1946
1851 1956
1851 1958
1851 1959
1851 1972
1851 1976
1851 1980
1852 1854
1852 1863
1852 1871
1852 1877
1852 1893
1852 1903
1852 1904
1852 1920
1852 1928
1852 1931
1852 1936
1852 1940
1852 1956
1852 1965
1852 1973
1852 1975
1853 1858
1853 1864
1853 1866
1853 1876
1853 1878
1853 1887
1853 1891
1853 1908
1853 1914
1853 1920
1853 1931
1853 1936
1853 1941
1853 1947
1853 1948
1853 1966
1853 1970
1853 1977
1854 1856
1854 1860
1854 1862
1854 1864
1854 1867
1854 1884
1854 1891
1854 1904
1854 1905
1854 1928
1854 1968
1854 1971
1855 1860
1855 1867
1855 1868
1855 1870
1855 1874
1855 1878
1855 1898
1855 1899
1855 1902
1855 1933
1855 1935
1855 1954
1855 1966
1855 1968
1855 1971
1855 1984
1855 1986
1856 1861
1856 1871
1856 1874
1856 1884
1856 1886
1856 1893
1856 1928
1856 1929
1856 1932
1856 1939
1856 1940
1856 1954
1856 1956
1856 1962
1856 1963
1856 1966
1856 1967
1856 1968
1856 1980
1856 1986
1857 1864
1857 1873
1857 1877
1857 1899
1857 1923
1857 1934
1857 1940
1857 1945
1857 1946
1857 1950
1857 1955
1857 1961
1857 1968
1857 1972
1857 1983
1858 1860
1858 1861
1858 1878
1858 1897
1858 1906
1858 1908
1858 1912
1858 1920
1858 1925
1858 1934
1858 1935
1858 1937
1858 1941
1858 1960
1858 1961
1858 1980
1858 1984
1859 1866
1859 1871
1859 1879
1859 1883
1859 1886
1859 1887
1859 1896
1859 1898
1859 1901
1859 1902
1859 1910
1859 1913
1859 1922
1859 1926
1859 1930
1859 1934
1859 1944
1859 1947
1859 1951
1859 1954
1859 1969
1859 1970
1859 1978
1860 1867
1860 1870
1860 1906
1860 1911
1860 1918
1860 1921
1860 1943
1860 1953
1860 1956
1860 1959
1860 1978
1861 1862
1861 1876
1861 1883
1861 1891
1861 1916
1861 1920
1861 1924
1861 1926
1861 1929
1861 1939
1861 1941
1861 1948
1861 1950
1861 1951
1861 1952
1861 1959
1861 1963
1861 1978
1862 1875
1862 1876
1862 1886
1862 1901
1862 1903
1862 1929
1862 1930
1862 1932
1862 1937
1862 1961
1862 1963
1862 1975
1862 1977
1862 1986
1863 1869
1863 1877
1863 1886
1863 1887
1863 1894
1863 1905
1863 1908
1863 1917
1863 1942
1863 1945
1863 1954
1863 1966
1864 1884
1864 1888
1864 1893
1864 1898
1864 1905
1864 1917
1864 1955
1864 1960
1864 1963
1864 1968
1864 1984
1865 1868
1865 1873
1865 1877
1865 1882
1865 1883
1865 1886
1865 1893
1865 1894
1865 1908
1865 1934
1865 1940
1865 1950
1865 1959
1865 1971
1865 1978
1865 1985
1866 1867
1866 1879
1866 1880
1866 1882
1866 1897
1866 1911
1866 1925
1866 1926
1866 1936
1866 1939
1866 1951
1866 1965
1867 1868
1867 1878
1867 1899
1867 1920
1867 1935
1867 1939
1867 1945
1867 1951
1867 1958
1867 1974
1868 1874
1868 1875
1868 1897
1868 1900
1868 1907
1868 1910
1868 1913
1868 1929
1868 1939
1868 1942
1868 1943
1868 1945
1868 1946
1868 1960
1868 1985
1869 1872
1869 1874
1869 1877
1869 1881
1869 1909
1869 1917
1869 1926
1869 1935
1869 1947
1869 1957
1869 1968
1869 1971
1869 1981
1870 1871
1870 1872
1870 1879
1870 1880
1870 1915
1870 1922
1870 1930
1870 1937
1870 1956
1870 1972
1870 1978
1870 1981
1870 1982
1870 1985
1871 1882
1871 1893
1871 1911
1871 1912
1871 1917
1871 1937
1871 1942
1871 1947
1871 1953
1871 1956
1871 1979
1872 1874
1872 1881
1872 1884
1872 1902
1872 1906
1872 1911
1872 1920
1872 1942
1872 1944
1872 1952
1872 1953
1872 1977
1873 1884
1873 1891
1873 1895
1873 1898
1873 1900
1873 1906
1873 1909
1873 1916
1873 1919
1873 1928
1873 1951
1873 1960
1873 1973
1873 1978
1874 1903
1874 1916
1874 1927
1874 1929
1874 1936
1874 1944
1874 1984
1875 1882
1875 1887
1875 1890
1875 1891
1875 1895
1875 1896
1875 1901
1875 1903
1875 1910
1875 1916
1875 1920
1875 1923
1875 1940
1875 1951
1875 1967
1875 1976
1875 1979
1876 1877
1876 1885
1876 1891
1876 1903
1876 1910
1876 1911
1876 1915
1876 1918
1876 1921
1876 1926
1876 1931
1876 1933
1876 1935
1876 1946
1876 1947
1876 1954
1876 1958
1876 1963
1876 1977
1877 1885
1877 1891
1877 1897
1877 1904
1877 1930
1877 1937
1877 1938
1877 1942
1877 1966
1878 1893
1878 1895
1878 1900
1878 1904
1878 1910
1878 1912
1878 1924
1878 1933
1878 1941
1878 1965
1878 1969
1878 1987
1879 1884
1879 1888
1879 1892
1879 1894
1879 1897
1879 1900
1879 1916
1879 1920
1879 1935
1879 1948
1879 1950
1879 1954
1879 1968
1879 1969
1879 1982
1879 1987
1880 1889
1880 1897
1880 1908
1880 1910
1880 1914
1880 1915
1880 1918
1880 1919
1880 1921
1880 1925
1880 1952
1880 1961
1880 1962
1880 1972
1881 1898
1881 1902
1881 1907
1881 1923
1881 1928
1881 1933
1881 1938
1881 1955
1881 1968
1881 1969
1881 1972
1881 1977
1881 1986
1882 1893
1882 1911
1882 1924
1882 1926
1882 1929
1882 1978
1882 1982
1883 1887
1883 1892
1883 1894
1883 1897
1883 1905
1883 1917
1883 1925
1883 1934
1883 1941
1883 1946
1883 1950
1883 1971
1883 1976
1883 1977
1883 1979
1883 1986
1884 1886
1884 1915
1884 1943
1884 1953
1884 1959
1884 1964
1884 1975
1885 1887
1885 1889
1885 1904
1885 1908
1885 1935
1885 1941
1885 1957
1885 1966
1886 1888
1886 1891
1886 1896
1886 1899
1886 1905
1886 1906
1886 1907
1886 1911
1886 1912
1886 1930
1886 1963
1886 1964
1886 1970
1886 1980
1887 1888
1887 1905
1887 1907
1887 1908
1887 1917
1887 1921
1887 1922
1887 1925
1887 1926
1887 1945
1887 1952
1887 1963
1887 1965
1887 1966
1887 1972
1887 1976
1887 1982
1887 1987
1888 1895
1888 1906
1888 1907
1888 1916
1888 1919
1888 1920
1888 1921
1888 1931
1888 1934
1888 1938
1888 1954
1888 1963
1888 1969
1888 1971
1888 1974
1888 1977
1889 1897
1889 1917
1889 1926
1889 1932
1889 1944
1889 1965
1889 1974
1890 1895
1890 1904
1890 1923
1890 1934
1890 1938
1890 1943
1890 1950
1890 1953
1890 1965
1890 1971
1890 1985
1891 1896
1891 1907
1891 1909
1891 1923
1891 1926
1891 1934
1891 1938
1891 1939
1891 1946
1891 1948
1891 1951
1891 1955
1891 1976
1891 1977
1891 1983
1892 1893
1892 1899
1892 1900
1892 1901
1892 1902
1892 1907
1892 1913
1892 1920
1892 1943
1892 1961
1892 1965
1892 1968
1892 1984
1893 1895
1893 1898
1893 1904
1893 1907
1893 1935
1893 1951
1893 1954
1893 1976
1893 1977
1893 1985
1894 1900
1894 1901
1894 1933
1894 1935
1894 1939
1894 1944
1894 1963
1894 1973
1894 1977
1895 1898
1895 1904
1895 1907
1895 1913
1895 1932
1895 1937
1895 1940
1895 1941
1895 1946
1895 1963
1895 1969
1895 1980
1896 1897
1896 1912
1896 1930
1896 1951
1896 1960
1896 1961
1896 1976
1896 1982
1897 1899
1897 1910
1897 1916
1897 1920
1897 1926
1897 1927
1897 1939
1897 1956
1898 1899
1898 1901
1898 1902
1898 1908
1898 1910
1898 1911
1898 1912
1898 1914
1898 1929
1898 1933
1898 1935
1898 1938
1898 1949
1898 1955
1898 1959
1898 1963
1898 1972
1898 1979
1899 1936
1899 1949
1899 1952
1899 1959
1899 1971
1899 1984
1900 1901
1900 1913
1900 1918
1900 1924
1900 1925
1900 1931
1900 1933
1900 1939
1900 1955
1900 1957
1900 1966
1900 1968
1900 1974
1900 1981
1900 1982
1901 1915
1901 1916
1901 1918
1901 1925
1901 1928
1901 1937
1901 1939
1901 1944
1901 1948
1901 1958
1901 1970
1902 1903
1902 1912
1902 1915
1902 1918
1902 1927
1902 1942
1902 1952
1902 1953
1902 1954
1902 1976
1902 1977
1902 1983
1902 1984
1903 1908
1903 1926
1903 1937
1903 1939
1903 1940
1903 1943
1903 1948
1903 1950
1903 1956
1903 1968
1903 1973
1903 1975
1904 1910
1904 1916
1904 1922
1904 1924
1904 1925
1904 1932
1904 1937
1904 1941
1904 1945
1904 1946
1904 1952
1905 1912
1905 1919
1905 1924
1905 1935
1905 1950
1905 1982
1906 1915
1906 1937
1906 1938
1906 1941
1906 1946
1906 1952
1906 1963
1906 1964
1906 1970
1906 1978
1906 1983
1906 1985
1906 1986
1907 1920
1907 1923
1907 1930
1907 1954
1907 1959
1907 1962
1907 1971
1907 1975
1907 1985
1908 1926
1908 1932
1908 1942
1908 1947
1908 1948
1908 1950
1908 1952
1908 1971
1908 1986
1909 1918
1909 1929
1909 1930
1909 1934
1909 1944
1909 1945
1909 1950
1909 1963
1909 1968
1909 1969
1909 1979
1910 1914
1910 1923
1910 1944
1910 1968
1910 1970
1910 1975
1911 1916
1911 1917
1911 1923
1911 1938
1911 1941
1911 1960
1911 1982
1911 1984
1911 1985
1912 1919
1912 1926
1912 1927
1912 1938
1912 1943
1912 1954
1912 1961
1912 1975
1912 1977
1912 1979
1912 1983
1912 1984
1913 1914
1913 1916
1913 1924
1913 1931
1913 1935
1913 1943
1913 1945
1913 1960
1913 1962
1913 1964
1913 1971
1913 1976
1913 1980
1914 1925
1914 1942
1914 1946
1914 1956
1914 1970
1914 1986
1915 1944
1915 1947
1915 1950
1915 1954
1915 1959
1915 1960
1915 1961
1915 1962
1915 1966
1916 1933
1916 1946
1916 1947
1916 1967
1916 1986
1916 1987
1917 1920
1917 1929
1917 1937
1917 1952
1917 1958
1917 1973
1917 1979
1918 1922
1918 1924
1918 1936
1918 1938
1918 1942
1918 1958
1918 1961
1918 1963
1918 1968
1918 1969
1919 1922
1919 1927
1919 1929
1919 1940
1919 1944
1919 1949
1919 1950
1919 1951
1919 1959
1919 1972
1919 1977
1920 1925
1920 1928
1920 1929
1920 1935
1920 1936
1920 1943
1920 1949
1920 1960
1920 1981
1921 1925
1921 1927
1921 1987
1922 1938
1922 1956
1922 1961
1922 1962
1922 1967
1922 1971
1922 1976
1922 1983
1922 1985
1923 1942
1923 1945
1923 1946
1923 1962
1923 1964
1923 1966
1923 1972
1923 1973
1923 1974
1923 1983
1923 1984
1923 1985
1924 1936
1924 1938
1924 1940
1924 1945
1924 1947
1924 1948
1924 1951
1924 1968
1924 1970
1924 1987
1925 1930
1925 1939
1925 1940
1925 1949
1925 1953
1925 1960
1925 1965
1925 1968
1925 1979
1926 1940
1926 1953
1926 1959
1926 1964
1926 1967
1926 1976
1927 1939
1927 1940
1927 1942
1927 1952
1927 1963
1927 1967
1927 1977
1927 1980
1927 1984
1927 1987
1928 1934
1928 1944
1928 1945
1928 1948
1928 1949
1928 1954
1928 1978
1929 1932
1929 1935
1929 1940
1929 1953
1929 1970
1930 1932
1930 1943
1930 1948
1930 1965
1930 1969
1930 1970
1930 1971
1930 1974
1930 1976
1930 1978
1930 1980
1931 1953
1931 1959
1931 1968
1931 1982
1932 1947
1932 1950
1932 1959
1932 1960
1932 1961
1932 1969
1932 1977
1932 1980
1932 1981
1932 1983
1933 1941
1933 1942
1933 1943
1933 1948
1933 1954
1933 1965
1933 1980
1934 1938
1934 1964
1934 1968
1934 1975
1934 1981
1935 1940
1935 1945
1935 1950
1935 1952
1935 1958
1935 1960
1935 1965
1935 1967
1935 1971
1935 1975
1936 1938
1936 1940
1936 1942
1936 1947
1936 1955
1936 1956
1936 1967
1936 1981
1937 1946
1937 1957
1937 1960
1937 1981
1937 1987
1938 1940
1938 1942
1938 1946
1938 1976
1938 1977
1938 1983
1939 1944
1939 1951
1939 1954
1939 1956
1939 1957
1939 1962
1939 1967
1939 1972
1939 1981
1940 1943
1940 1956
1940 1957
1940 1958
1940 1964
1940 1984
1941 1944
1941 1949
1941 1953
1941 1973
1941 1981
1941 1985
1942 1945
1942 1949
1942 1967
1942 1977
1942 1984
1943 1947
1943 1949
1943 1954
1943 1964
1943 1967
1943 1968
1943 1979
1943 1980
1943 1985
1944 1952
1944 1955
1944 1963
1944 1969
1945 1967
1945 1978
1946 1962
1946 1977
1946 1983
1946 1987
1947 1950
1947 1952
1947 1983
1948 1951
1948 1965
1948 1968
1948 1974
1949 1956
1949 1969
1949 1971
1949 1985
1949 1986
1950 1965
1950 1967
1950 1974
1950 1979
1950 1980
1950 1984
1951 1959
1951 1962
1951 1980
1951 1982
1952 1974
1952 1976
1953 1959
1953 1960
1953 1962
1953 1963
1953 1974
1954 1960
1954 1961
1954 1967
1954 1973
1954 1976
1954 1979
1954 1981
1954 1983
1955 1958
1955 1967
1955 1972
1955 1976
1955 1977
1956 1961
1956 1962
1956 1984
1957 1958
1957 1966
1957 1975
1957 1982
1957 1984
1958 1967
1958 1984
1959 1960
1959 1968
1959 1977
1959 1978
1959 1981
1960 1970
1960 1976
1961 1963
1961 1966
1961 1972
1962 1964
1963 1976
1963 1986
1964 1965
1964 1979
1965 1970
1965 1973
1965 1979
1965 1981
1966 1981
1966 1983
1966 1987
1967 1986
1968 1970
1968 1975
1968 1981
1968 1983
1968 1986
1969 1976
1969 1985
1970 1971
1970 1974
1970 1977
1970 1981
1971 1980
1972 1981
1973 1977
1973 1980
1973 1983
1974 1985
1974 1986
1976 1985
1977 1980
1977 1985
1978 1985
1978 1987
1980 1982
1980 1984
1980 1985
1981 1987
1982 1984
