0 4
0 13
0 46
0 50
0 57
0 71
0 85
0 96
0 109
0 119
0 120
0 130
0 134
0 141
0 160
0 168
0 176
0 185
0 189
0 197
0 199
0 210
0 212
0 220
0 229
0 231
0 233
0 249
0 668
0 918
0 1854
0 1880
1 15
1 26
1 27
1 28
1 33
1 68
1 93
1 122
1 126
1 130
1 136
1 138
1 142
1 144
1 162
1 176
1 179
1 182
1 190
1 191
1 203
1 209
1 222
1 229
1 234
1 416
1 1240
1 1414
1 1437
1 1639
2 4
2 6
2 10
2 14
2 17
2 18
2 22
2 35
2 42
2 61
2 75
2 83
2 89
2 96
2 97
2 104
2 115
2 122
2 130
2 134
2 145
2 151
2 154
2 155
2 174
2 185
2 195
2 198
2 205
2 210
2 221
2 227
2 239
2 241
2 407
2 859
2 1180
3 14
3 17
3 28
3 34
3 40
3 43
3 64
3 68
3 71
3 78
3 88
3 103
3 123
3 129
3 132
3 138
3 145
3 160
3 162
3 182
3 194
3 304
3 791
3 1035
4 15
4 23
4 33
4 66
4 70
4 71
4 84
4 85
4 103
4 134
4 137
4 155
4 179
4 180
4 194
4 201
4 206
4 219
4 227
4 239
4 244
4 797
4 1101
4 1304
5 8
5 10
5 31
5 44
5 45
5 48
5 50
5 67
5 75
5 96
5 108
5 113
5 114
5 143
5 148
5 151
5 160
5 168
5 175
5 176
5 178
5 182
5 209
5 210
5 211
5 214
5 221
5 229
5 233
5 234
5 239
5 243
5 251
5 384
5 552
5 1263
6 18
6 24
6 25
6 58
6 68
6 75
6 90
6 91
6 119
6 131
6 143
6 150
6 167
6 198
6 202
6 216
6 249
7 11
7 14
7 21
7 36
7 52
7 69
7 73
7 76
7 80
7 99
7 105
7 132
7 136
7 142
7 155
7 159
7 162
7 168
7 170
7 171
7 174
7 177
7 181
7 189
7 197
7 203
7 219
7 231
7 248
7 251
7 634
8 11
8 16
8 24
8 26
8 32
8 33
8 42
8 56
8 71
8 77
8 93
8 124
8 126
8 128
8 130
8 131
8 135
8 136
8 145
8 146
8 151
8 166
8 179
8 190
8 193
8 194
8 197
8 199
8 201
8 204
8 217
8 219
8 235
8 243
8 249
8 251
8 252
8 253
8 1438
8 1803
9 27
9 33
9 46
9 65
9 73
9 77
9 87
9 91
9 96
9 98
9 106
9 185
9 194
9 229
9 239
9 248
9 251
9 253
9 359
9 360
9 847
9 1660
9 1665
9 1881
10 18
10 20
10 21
10 29
10 52
10 67
10 74
10 81
10 91
10 102
10 106
10 121
10 127
10 131
10 133
10 152
10 186
10 195
10 200
10 206
10 212
10 242
10 1349
11 25
11 30
11 41
11 54
11 77
11 81
11 82
11 84
11 95
11 114
11 123
11 134
11 152
11 154
11 168
11 173
11 175
11 186
11 196
11 198
11 200
11 202
11 206
11 221
11 235
11 242
11 251
11 521
11 1058
11 1688
11 1994
12 16
12 19
12 38
12 50
12 71
12 112
12 114
12 118
12 128
12 132
12 133
12 141
12 149
12 151
12 152
12 154
12 166
12 170
12 174
12 196
12 222
12 237
12 834
12 1066
13 31
13 32
13 57
13 59
13 62
13 71
13 92
13 94
13 100
13 111
13 116
13 117
13 118
13 131
13 134
13 143
13 175
13 184
13 187
13 188
13 192
13 196
13 200
13 205
13 209
13 215
13 218
13 234
13 243
13 245
13 248
13 273
13 484
13 615
13 1002
13 1816
14 22
14 68
14 74
14 89
14 102
14 107
14 109
14 124
14 168
14 191
14 221
14 246
14 295
14 344
14 522
14 733
14 1339
14 1996
14 2019
15 21
15 23
15 24
15 32
15 49
15 52
15 59
15 68
15 84
15 98
15 123
15 133
15 170
15 181
15 205
15 208
15 209
15 215
15 217
15 247
15 249
15 739
15 758
15 1399
15 1572
16 19
16 27
16 34
16 47
16 87
16 93
16 121
16 123
16 127
16 135
16 137
16 144
16 149
16 173
16 179
16 180
16 181
16 190
16 198
16 210
16 213
16 216
16 221
16 224
16 228
16 241
16 253
16 265
16 587
16 813
16 1389
16 1771
17 25
17 43
17 46
17 52
17 75
17 92
17 114
17 128
17 150
17 176
17 179
17 190
17 202
17 234
17 245
17 1015
17 1042
17 1327
17 1584
18 35
18 41
18 51
18 58
18 64
18 70
18 77
18 88
18 89
18 124
18 153
18 158
18 159
18 176
18 183
18 212
19 29
19 33
19 37
19 39
19 46
19 54
19 61
19 70
19 74
19 78
19 80
19 101
19 104
19 107
19 133
19 136
19 137
19 147
19 193
19 200
19 210
19 213
19 235
19 245
19 1457
19 1584
19 1677
20 25
20 27
20 28
20 31
20 43
20 45
20 50
20 51
20 62
20 86
20 87
20 91
20 97
20 100
20 103
20 114
20 115
20 121
20 127
20 138
20 144
20 145
20 147
20 154
20 156
20 161
20 188
20 193
20 196
20 223
20 235
20 236
20 244
20 250
20 365
20 645
20 1664
21 46
21 50
21 82
21 86
21 91
21 97
21 99
21 110
21 128
21 133
21 141
21 142
21 143
21 145
21 149
21 156
21 157
21 162
21 163
21 165
21 167
21 169
21 170
21 177
21 183
21 196
21 208
21 218
21 225
21 236
21 239
21 251
21 337
21 574
21 1342
21 1586
21 1915
22 33
22 40
22 57
22 58
22 62
22 68
22 69
22 70
22 72
22 77
22 88
22 92
22 96
22 101
22 102
22 122
22 127
22 147
22 153
22 158
22 176
22 188
22 191
22 195
22 199
22 206
22 209
22 216
22 223
22 224
22 226
22 228
22 238
22 239
22 242
22 268
22 641
22 1285
22 1425
22 1548
23 29
23 43
23 55
23 58
23 61
23 64
23 70
23 80
23 97
23 108
23 114
23 123
23 127
23 146
23 152
23 158
23 180
23 181
23 191
23 198
23 199
23 200
23 208
23 216
23 224
23 225
23 1653
23 1948
24 31
24 32
24 34
24 42
24 53
24 60
24 63
24 95
24 96
24 97
24 105
24 108
24 112
24 119
24 134
24 142
24 171
24 177
24 220
24 228
24 234
24 250
24 252
25 27
25 29
25 30
25 36
25 48
25 51
25 79
25 86
25 100
25 115
25 139
25 145
25 149
25 151
25 152
25 183
25 198
25 205
25 210
25 743
25 847
25 1232
26 34
26 69
26 74
26 85
26 119
26 130
26 133
26 151
26 179
26 183
26 204
26 213
26 214
26 227
26 248
26 322
26 335
26 466
26 1179
26 1253
26 1721
27 32
27 38
27 51
27 70
27 74
27 93
27 103
27 106
27 123
27 132
27 134
27 137
27 147
27 152
27 166
27 170
27 182
27 191
27 208
27 211
27 212
27 216
27 218
27 228
27 292
27 375
27 432
27 925
28 40
28 51
28 60
28 63
28 64
28 68
28 72
28 81
28 87
28 102
28 113
28 126
28 130
28 138
28 156
28 186
28 187
28 211
28 224
28 234
28 236
28 243
28 252
28 923
28 1033
28 1358
28 1422
29 32
29 33
29 38
29 48
29 58
29 67
29 73
29 91
29 93
29 106
29 107
29 118
29 126
29 128
29 133
29 148
29 149
29 152
29 176
29 178
29 189
29 220
29 224
29 225
29 227
29 233
29 235
29 236
29 240
29 242
29 626
29 883
29 1229
29 1241
29 1862
30 34
30 48
30 66
30 81
30 83
30 84
30 92
30 95
30 117
30 123
30 131
30 141
30 150
30 156
30 159
30 165
30 191
30 198
30 201
30 203
30 204
30 206
30 218
30 219
30 221
30 227
30 240
30 1068
30 1584
30 1669
30 1853
31 34
31 35
31 41
31 45
31 49
31 54
31 55
31 63
31 73
31 81
31 94
31 102
31 117
31 134
31 145
31 154
31 164
31 168
31 183
31 210
31 234
31 238
31 245
31 1072
31 1334
32 46
32 52
32 54
32 59
32 63
32 77
32 78
32 81
32 82
32 96
32 98
32 109
32 121
32 124
32 167
32 170
32 183
32 201
32 206
32 241
32 250
32 318
32 346
32 473
32 756
32 823
32 1960
33 60
33 71
33 72
33 79
33 83
33 90
33 102
33 110
33 133
33 142
33 154
33 156
33 167
33 171
33 177
33 180
33 185
33 188
33 189
33 215
33 216
33 221
33 235
33 236
33 246
33 251
33 474
33 528
33 1559
33 1810
33 1825
34 36
34 39
34 40
34 46
34 49
34 59
34 113
34 121
34 125
34 134
34 139
34 144
34 167
34 169
34 173
34 177
34 179
34 180
34 181
34 185
34 196
34 199
34 203
34 206
34 207
34 213
34 284
34 468
34 1149
34 1466
34 1605
35 43
35 47
35 67
35 71
35 82
35 84
35 100
35 102
35 162
35 172
35 175
35 179
35 181
35 184
35 185
35 211
35 212
35 215
35 216
35 218
35 219
35 232
35 392
35 1805
36 44
36 80
36 83
36 117
36 118
36 120
36 122
36 141
36 145
36 165
36 167
36 183
36 193
36 208
36 225
36 230
36 234
36 238
36 241
36 354
37 41
37 59
37 65
37 66
37 88
37 93
37 95
37 108
37 139
37 140
37 142
37 178
37 179
37 192
37 197
37 200
37 219
37 226
37 229
37 233
37 246
37 248
37 251
37 562
37 1189
37 1343
38 41
38 50
38 56
38 58
38 79
38 80
38 83
38 90
38 102
38 120
38 125
38 131
38 135
38 156
38 159
38 161
38 169
38 181
38 191
38 199
38 224
38 232
38 236
38 246
38 626
39 51
39 58
39 60
39 66
39 70
39 75
39 99
39 122
39 125
39 126
39 138
39 145
39 154
39 180
39 205
39 230
39 232
39 238
39 240
39 241
39 763
40 85
40 86
40 87
40 102
40 103
40 104
40 110
40 122
40 127
40 135
40 142
40 146
40 147
40 152
40 157
40 158
40 171
40 173
40 174
40 186
40 200
40 204
40 209
40 211
40 215
40 217
40 218
40 228
40 235
40 261
40 272
40 1476
40 1844
40 1973
40 1985
41 50
41 52
41 59
41 61
41 65
41 68
41 82
41 98
41 102
41 103
41 112
41 129
41 154
41 155
41 170
41 177
41 178
41 184
41 188
41 204
41 205
41 208
41 218
41 242
41 373
41 1213
42 46
42 63
42 82
42 84
42 92
42 103
42 105
42 111
42 152
42 162
42 165
42 177
42 187
42 205
42 206
42 218
42 228
42 244
42 588
42 1078
43 44
43 55
43 60
43 62
43 68
43 77
43 90
43 94
43 95
43 99
43 102
43 114
43 115
43 120
43 122
43 123
43 127
43 129
43 130
43 136
43 139
43 141
43 149
43 150
43 154
43 164
43 167
43 169
43 177
43 190
43 215
43 218
43 221
43 228
43 235
43 236
43 237
43 452
43 586
43 1284
43 1917
43 1988
44 47
44 52
44 54
44 59
44 60
44 73
44 77
44 84
44 105
44 107
44 120
44 121
44 136
44 171
44 172
44 173
44 183
44 190
44 191
44 199
44 204
44 206
44 207
44 208
44 209
44 221
44 227
44 229
44 236
44 1500
45 49
45 54
45 64
45 79
45 82
45 86
45 91
45 96
45 109
45 112
45 113
45 128
45 133
45 135
45 142
45 156
45 161
45 173
45 176
45 177
45 210
45 217
45 236
45 253
45 279
45 527
45 1120
45 1316
45 1374
45 1835
46 53
46 68
46 91
46 99
46 113
46 133
46 140
46 151
46 154
46 155
46 157
46 160
46 164
46 185
46 186
46 190
46 193
46 200
46 209
46 225
46 234
46 236
46 239
46 240
46 245
46 1318
47 54
47 57
47 75
47 77
47 85
47 93
47 109
47 112
47 118
47 140
47 143
47 145
47 162
47 164
47 181
47 204
47 235
47 240
47 1010
47 1070
47 1398
47 1807
47 1843
48 52
48 55
48 64
48 72
48 77
48 94
48 107
48 113
48 119
48 129
48 130
48 136
48 139
48 142
48 145
48 155
48 182
48 184
48 187
48 202
48 219
48 228
48 232
48 250
48 390
48 723
48 1663
48 1763
49 54
49 60
49 75
49 80
49 95
49 112
49 118
49 145
49 153
49 158
49 173
49 182
49 184
49 193
49 208
49 212
49 221
49 229
49 243
49 246
49 247
49 278
49 836
50 52
50 76
50 77
50 81
50 86
50 94
50 107
50 109
50 135
50 138
50 140
50 141
50 157
50 167
50 178
50 198
50 199
50 205
50 209
50 218
50 244
50 1283
50 1761
51 52
51 60
51 65
51 81
51 95
51 99
51 100
51 104
51 145
51 169
51 171
51 179
51 187
51 191
51 192
51 209
51 218
51 225
51 231
51 252
51 345
51 1096
51 1285
51 1367
51 1815
52 61
52 64
52 71
52 84
52 92
52 130
52 146
52 158
52 163
52 167
52 169
52 184
52 188
52 210
52 215
52 222
52 224
52 236
52 241
52 243
52 249
52 1614
52 1743
52 1843
52 1875
52 1952
53 54
53 57
53 72
53 73
53 80
53 86
53 89
53 114
53 115
53 132
53 139
53 140
53 149
53 160
53 165
53 167
53 177
53 194
53 196
53 198
53 200
53 205
53 212
53 213
53 228
53 231
53 240
53 243
53 246
53 1151
53 1768
53 2016
54 57
54 69
54 73
54 76
54 84
54 87
54 104
54 132
54 143
54 171
54 177
54 184
54 196
54 204
54 208
54 209
54 217
54 225
54 249
54 309
54 900
55 58
55 78
55 85
55 108
55 161
55 178
55 181
55 185
55 190
55 199
55 217
55 223
55 229
55 230
55 238
55 249
55 682
55 1521
55 1912
56 60
56 66
56 67
56 77
56 80
56 91
56 103
56 109
56 115
56 116
56 136
56 144
56 147
56 187
56 189
56 198
56 222
56 228
56 232
56 235
56 250
56 701
56 961
56 1802
57 61
57 79
57 80
57 88
57 93
57 106
57 110
57 111
57 122
57 124
57 150
57 197
57 200
57 215
57 217
57 230
57 231
57 235
57 240
57 563
57 609
57 756
57 1773
58 61
58 66
58 87
58 94
58 106
58 113
58 117
58 131
58 136
58 158
58 171
58 175
58 178
58 188
58 210
58 216
58 220
58 231
58 233
58 235
58 238
58 240
58 243
58 244
58 261
58 321
58 734
58 991
58 1673
58 1885
59 89
59 91
59 111
59 113
59 114
59 138
59 149
59 157
59 159
59 165
59 166
59 168
59 170
59 179
59 183
59 201
59 218
59 223
59 231
59 236
59 242
59 1452
59 1927
60 61
60 65
60 73
60 93
60 102
60 105
60 108
60 109
60 136
60 140
60 154
60 163
60 182
60 188
60 198
60 200
60 202
60 228
60 229
60 242
60 1617
60 1811
61 63
61 64
61 65
61 66
61 67
61 70
61 81
61 96
61 122
61 125
61 139
61 153
61 167
61 183
61 195
61 198
61 201
61 203
61 206
61 215
61 222
61 226
61 227
61 228
61 243
61 824
61 1670
61 1743
61 1769
62 65
62 74
62 95
62 97
62 107
62 110
62 111
62 116
62 155
62 156
62 158
62 161
62 163
62 171
62 205
62 209
62 218
62 219
62 230
62 231
62 234
62 416
62 741
62 797
62 1574
62 1877
62 1938
63 76
63 93
63 105
63 119
63 120
63 121
63 128
63 145
63 173
63 193
63 219
63 230
63 245
63 251
63 921
63 1406
63 1490
64 67
64 83
64 88
64 127
64 136
64 143
64 152
64 153
64 157
64 161
64 176
64 177
64 179
64 187
64 214
64 243
64 251
64 1457
64 2014
65 80
65 82
65 90
65 119
65 153
65 160
65 162
65 169
65 211
65 214
65 216
65 220
65 230
65 234
65 236
65 451
65 1217
66 71
66 85
66 94
66 135
66 145
66 147
66 172
66 185
66 191
66 205
66 213
66 219
67 68
67 79
67 81
67 101
67 113
67 122
67 145
67 146
67 175
67 193
67 194
67 209
67 211
67 213
67 217
67 219
67 221
67 415
67 780
67 1016
68 74
68 84
68 88
68 89
68 91
68 92
68 94
68 103
68 113
68 119
68 128
68 135
68 144
68 155
68 163
68 178
68 182
68 185
68 203
68 216
68 223
68 234
68 240
68 245
68 618
68 670
68 1187
68 1343
68 1458
68 1601
69 75
69 76
69 88
69 91
69 93
69 96
69 100
69 118
69 123
69 132
69 134
69 143
69 150
69 188
69 189
69 211
69 220
69 228
69 230
69 232
69 235
69 239
69 1042
69 1497
69 1548
69 1638
69 1780
69 1958
70 78
70 90
70 98
70 105
70 107
70 108
70 118
70 121
70 125
70 129
70 141
70 157
70 163
70 165
70 176
70 194
70 209
70 249
70 418
70 921
70 1245
70 2032
71 77
71 79
71 103
71 121
71 122
71 152
71 157
71 158
71 171
71 185
71 201
71 202
71 209
71 228
71 232
71 236
71 1608
71 1653
71 1826
71 1863
72 93
72 96
72 97
72 105
72 114
72 146
72 152
72 163
72 164
72 167
72 180
72 181
72 184
72 212
72 214
72 215
72 220
72 221
72 223
72 224
72 235
72 353
72 1657
72 1713
72 1770
72 2023
73 76
73 89
73 93
73 95
73 118
73 148
73 153
73 156
73 163
73 165
73 174
73 178
73 187
73 201
73 211
73 213
73 220
73 236
73 486
73 600
73 737
73 1174
73 1920
74 89
74 106
74 116
74 117
74 120
74 130
74 132
74 133
74 138
74 152
74 158
74 177
74 179
74 197
74 205
74 214
74 229
74 232
74 233
74 252
74 842
74 1136
74 1488
74 1660
75 97
75 115
75 118
75 134
75 138
75 152
75 158
75 164
75 167
75 171
75 172
75 173
75 182
75 186
75 192
75 200
75 205
75 211
75 223
75 239
75 249
75 252
75 1061
75 1101
75 1221
75 1328
76 82
76 85
76 96
76 97
76 99
76 109
76 110
76 115
76 142
76 143
76 146
76 151
76 155
76 173
76 188
76 190
76 202
76 205
76 212
76 222
76 224
76 227
76 235
76 237
76 241
76 252
76 253
76 1694
76 1954
77 119
77 128
77 134
77 155
77 157
77 174
77 178
77 188
77 199
77 201
77 204
77 205
77 217
77 229
77 231
77 234
77 240
77 241
77 249
77 854
77 938
77 1548
77 1810
78 86
78 97
78 113
78 114
78 116
78 122
78 125
78 137
78 144
78 145
78 148
78 159
78 168
78 174
78 225
78 228
78 239
78 604
78 994
78 1768
79 80
79 113
79 115
79 125
79 134
79 138
79 139
79 140
79 143
79 154
79 181
79 184
79 191
79 198
79 203
79 206
79 220
79 223
79 237
79 252
79 627
79 1984
80 86
80 89
80 90
80 102
80 111
80 113
80 122
80 128
80 131
80 136
80 138
80 139
80 141
80 157
80 159
80 167
80 168
80 174
80 177
80 181
80 197
80 203
80 219
80 243
80 248
80 651
80 1502
81 105
81 109
81 113
81 114
81 115
81 125
81 128
81 142
81 153
81 156
81 166
81 168
81 176
81 179
81 181
81 183
81 195
81 196
81 206
81 216
81 917
82 83
82 112
82 128
82 134
82 136
82 138
82 160
82 174
82 203
82 209
82 215
82 221
82 229
82 251
82 253
82 412
82 835
82 1179
83 85
83 97
83 106
83 108
83 121
83 135
83 137
83 152
83 156
83 167
83 189
83 192
83 197
83 208
83 211
83 235
83 238
83 244
83 1583
84 86
84 88
84 95
84 98
84 108
84 110
84 121
84 126
84 134
84 138
84 141
84 142
84 147
84 153
84 169
84 173
84 175
84 192
84 199
84 200
84 222
84 232
84 238
84 252
84 391
84 1753
85 91
85 96
85 114
85 119
85 125
85 138
85 144
85 159
85 165
85 179
85 184
85 202
85 209
85 214
85 232
85 585
85 1168
85 1189
85 1758
86 91
86 96
86 103
86 116
86 127
86 142
86 155
86 160
86 161
86 171
86 172
86 175
86 180
86 182
86 188
86 189
86 210
86 233
86 245
86 248
86 252
86 310
87 98
87 101
87 104
87 115
87 130
87 148
87 157
87 159
87 161
87 167
87 168
87 170
87 171
87 190
87 198
87 207
87 214
87 221
87 229
87 240
87 248
87 598
87 615
88 89
88 98
88 105
88 142
88 144
88 158
88 183
88 184
88 195
88 207
88 221
88 237
88 247
88 646
88 910
89 111
89 116
89 133
89 135
89 142
89 152
89 159
89 164
89 170
89 171
89 181
89 185
89 189
89 198
89 203
89 206
89 217
89 1317
89 1510
90 91
90 94
90 96
90 106
90 112
90 123
90 138
90 147
90 151
90 161
90 171
90 187
90 194
90 199
90 200
90 214
90 215
90 222
90 375
90 983
90 1065
90 1281
91 105
91 109
91 113
91 116
91 123
91 126
91 133
91 136
91 151
91 154
91 157
91 158
91 159
91 206
91 208
91 209
91 220
91 225
91 244
91 251
91 586
91 829
91 1216
91 1383
91 1614
91 1700
91 1924
92 108
92 137
92 139
92 142
92 159
92 172
92 189
92 196
92 197
92 201
92 209
92 219
92 228
92 249
92 448
92 537
92 1122
93 99
93 110
93 115
93 119
93 121
93 122
93 154
93 163
93 174
93 188
93 192
93 199
93 209
93 217
93 226
93 232
93 233
93 686
93 1224
93 1288
93 1448
93 1501
93 1757
93 1766
94 95
94 110
94 136
94 146
94 151
94 164
94 178
94 222
94 223
94 235
94 236
94 246
94 635
94 1034
95 96
95 98
95 133
95 143
95 148
95 149
95 152
95 159
95 164
95 165
95 166
95 168
95 169
95 193
95 194
95 203
95 216
95 248
95 338
95 553
95 590
96 99
96 100
96 102
96 108
96 118
96 131
96 132
96 156
96 165
96 167
96 172
96 196
96 214
96 223
96 235
96 236
96 242
96 244
97 102
97 108
97 119
97 135
97 150
97 152
97 187
97 195
97 210
97 223
97 225
97 246
97 757
97 1709
98 109
98 122
98 130
98 134
98 147
98 154
98 159
98 180
98 191
98 192
98 196
98 206
98 215
98 217
98 220
98 224
98 228
98 235
98 237
98 241
98 242
98 251
98 628
98 1447
98 2029
99 110
99 115
99 120
99 121
99 133
99 143
99 144
99 147
99 163
99 164
99 192
99 203
99 216
99 220
99 221
99 242
100 112
100 120
100 121
100 124
100 130
100 134
100 153
100 154
100 159
100 167
100 179
100 210
100 216
100 218
100 243
100 251
100 497
100 1609
100 1642
100 1915
101 108
101 125
101 129
101 131
101 140
101 152
101 157
101 167
101 170
101 171
101 174
101 203
101 210
101 234
101 249
101 401
101 533
101 826
101 986
101 1220
102 111
102 113
102 117
102 121
102 122
102 125
102 126
102 130
102 138
102 147
102 163
102 181
102 187
102 188
102 190
102 205
102 206
102 225
102 227
102 238
102 248
102 1777
102 1976
103 107
103 108
103 109
103 114
103 120
103 128
103 132
103 143
103 159
103 164
103 167
103 178
103 197
103 216
103 233
103 235
103 246
103 247
103 248
103 252
103 1509
103 2012
104 112
104 128
104 138
104 142
104 144
104 149
104 152
104 164
104 176
104 182
104 210
104 211
104 213
104 231
104 239
104 243
104 252
104 911
104 1005
105 106
105 111
105 117
105 120
105 141
105 155
105 156
105 165
105 168
105 170
105 176
105 205
105 217
105 227
105 234
105 240
105 245
105 611
105 633
105 1027
105 1360
106 117
106 123
106 133
106 137
106 140
106 144
106 151
106 165
106 166
106 171
106 176
106 178
106 184
106 186
106 208
106 216
106 219
106 222
106 248
106 598
106 1335
107 113
107 114
107 138
107 149
107 156
107 162
107 163
107 198
107 207
107 216
107 220
107 226
107 229
107 231
107 233
107 245
107 1101
107 1255
107 1401
107 1536
108 111
108 122
108 141
108 143
108 150
108 153
108 188
108 193
108 195
108 225
108 246
108 292
108 582
108 619
108 753
109 113
109 116
109 133
109 140
109 157
109 173
109 195
109 202
109 207
109 223
109 228
109 248
109 250
109 1079
109 1105
109 1132
109 1263
110 119
110 136
110 138
110 149
110 155
110 157
110 158
110 172
110 174
110 179
110 180
110 203
110 213
110 214
110 218
110 231
110 245
110 362
110 1173
111 115
111 120
111 121
111 145
111 146
111 149
111 155
111 166
111 176
111 184
111 186
111 189
111 198
111 201
111 213
111 240
111 243
111 252
111 961
111 1256
112 116
112 117
112 121
112 122
112 124
112 152
112 178
112 194
112 198
112 200
112 201
112 211
112 229
112 230
112 243
112 1777
112 1879
113 124
113 127
113 139
113 147
113 148
113 151
113 197
113 200
113 201
113 208
113 221
113 226
113 232
113 245
113 309
113 778
113 1078
113 1427
113 1605
114 129
114 139
114 151
114 163
114 169
114 172
114 176
114 182
114 187
114 189
114 191
114 192
114 196
114 200
114 215
114 227
114 232
114 236
114 248
114 253
114 350
114 489
114 877
114 946
114 1301
114 1343
114 1649
115 116
115 128
115 141
115 155
115 158
115 170
115 171
115 187
115 228
115 248
115 338
115 397
115 1081
115 1413
115 1695
116 135
116 137
116 140
116 173
116 176
116 185
116 197
116 198
116 206
116 218
116 220
116 225
116 230
116 242
116 243
116 857
116 1873
116 1879
116 1939
117 118
117 136
117 143
117 154
117 161
117 168
117 171
117 210
117 217
117 237
117 253
117 701
117 1286
117 1527
117 2014
118 120
118 151
118 185
118 204
118 213
118 215
118 231
118 407
118 642
118 663
118 1627
119 123
119 129
119 141
119 150
119 167
119 183
119 223
119 225
119 229
119 238
119 477
119 1472
120 129
120 132
120 133
120 135
120 152
120 157
120 169
120 170
120 204
120 207
120 208
120 213
120 224
120 232
120 235
120 237
120 243
120 244
120 249
120 732
120 747
120 1383
121 123
121 150
121 156
121 176
121 191
121 198
121 200
121 212
121 217
121 237
121 908
121 1545
121 1833
121 1914
122 138
122 140
122 162
122 179
122 182
122 209
122 215
122 221
122 225
122 244
122 601
122 1416
122 1529
123 124
123 138
123 140
123 157
123 159
123 164
123 167
123 169
123 192
123 195
123 201
123 202
123 205
123 215
123 216
123 228
123 238
123 253
123 617
123 1733
124 128
124 129
124 130
124 162
124 172
124 187
124 188
124 189
124 193
124 210
124 216
124 220
124 225
124 231
124 238
124 240
124 241
124 247
124 891
124 1753
125 140
125 150
125 162
125 166
125 180
125 185
125 200
125 215
125 216
125 229
125 249
125 253
125 665
125 1505
126 131
126 135
126 138
126 142
126 146
126 164
126 172
126 190
126 217
126 231
126 232
126 240
126 241
126 244
126 246
126 918
126 1093
126 1967
127 129
127 133
127 141
127 146
127 157
127 183
127 190
127 194
127 198
127 202
127 213
127 224
127 229
127 238
127 240
127 249
127 253
128 132
128 138
128 147
128 160
128 163
128 173
128 178
128 190
128 191
128 216
128 220
128 222
128 228
128 233
128 239
128 241
128 243
128 657
128 1811
129 132
129 133
129 134
129 147
129 205
129 211
129 214
129 242
129 326
129 333
129 1107
129 1128
129 1604
129 1871
130 140
130 141
130 143
130 153
130 159
130 165
130 167
130 169
130 174
130 191
130 192
130 195
130 198
130 209
130 212
130 214
130 216
130 226
130 242
130 247
130 283
130 742
130 812
130 1902
130 1918
130 2008
131 137
131 141
131 143
131 162
131 164
131 169
131 183
131 194
131 197
131 203
131 213
131 222
131 239
131 434
131 565
131 1755
131 1938
132 156
132 182
132 191
132 192
132 196
132 200
132 203
132 228
132 237
132 248
132 974
132 1845
133 137
133 141
133 143
133 144
133 148
133 160
133 179
133 180
133 187
133 199
133 201
133 213
133 235
133 291
133 816
133 837
133 1325
133 1346
133 1988
134 147
134 149
134 152
134 158
134 159
134 177
134 180
134 189
134 214
134 218
134 224
134 227
134 228
134 229
134 250
134 1105
134 1128
134 1374
134 1392
135 142
135 147
135 150
135 163
135 164
135 167
135 191
135 198
135 202
135 206
135 214
135 235
135 237
135 240
135 249
135 252
135 287
135 375
135 1444
135 1887
136 142
136 143
136 177
136 191
136 192
136 196
136 211
136 223
136 238
136 240
136 248
136 250
136 1185
136 1787
137 145
137 153
137 158
137 160
137 174
137 191
137 195
137 209
137 213
137 216
137 221
137 224
137 227
137 232
137 233
137 235
137 238
137 239
137 240
137 1002
137 1172
137 1595
137 1779
138 157
138 165
138 183
138 188
138 191
138 202
138 209
138 225
138 229
138 236
138 245
138 250
138 252
138 670
138 774
138 788
138 1203
138 1612
139 149
139 151
139 159
139 165
139 171
139 181
139 190
139 196
139 197
139 201
139 205
139 235
139 236
139 791
139 999
140 141
140 158
140 164
140 165
140 167
140 169
140 189
140 192
140 195
140 202
140 211
140 217
140 227
140 229
140 237
140 241
140 344
140 469
140 962
140 1223
140 1659
141 143
141 144
141 150
141 154
141 174
141 197
141 234
141 241
141 242
141 872
141 1143
141 1421
141 1460
142 154
142 155
142 175
142 182
142 185
142 220
142 229
142 247
142 1022
143 150
143 156
143 163
143 166
143 179
143 191
143 212
143 223
143 234
143 247
143 250
143 253
143 1420
143 1455
144 154
144 168
144 172
144 174
144 177
144 188
144 189
144 190
144 206
144 233
144 236
144 242
144 253
144 449
144 523
144 854
144 1717
145 147
145 148
145 154
145 163
145 166
145 177
145 190
145 195
145 206
145 227
145 229
145 232
145 235
145 239
145 245
145 361
145 555
145 1443
145 1787
145 1948
146 158
146 185
146 193
146 194
146 195
146 198
146 202
146 204
146 205
146 206
146 210
146 212
146 218
146 220
146 222
146 226
146 230
146 237
146 239
146 248
146 1492
147 157
147 162
147 163
147 172
147 190
147 192
147 199
147 206
147 207
147 208
147 217
147 225
147 253
147 660
147 764
147 771
147 1267
148 150
148 162
148 165
148 166
148 175
148 184
148 186
148 194
148 201
148 206
148 213
148 216
148 218
148 231
148 233
148 244
148 543
148 1242
148 1726
149 157
149 163
149 168
149 190
149 199
149 229
149 230
149 1106
149 1568
150 176
150 177
150 178
150 185
150 191
150 196
150 198
150 211
150 229
150 233
150 252
150 319
150 345
150 585
150 1950
151 157
151 175
151 181
151 196
151 201
151 203
151 212
151 213
151 230
151 242
151 246
151 248
151 310
151 885
151 1074
151 1940
152 160
152 166
152 219
152 225
152 230
152 236
152 237
152 250
152 379
152 1500
153 159
153 165
153 166
153 167
153 170
153 184
153 189
153 193
153 195
153 207
153 210
153 245
153 251
153 1685
153 1885
154 155
154 158
154 159
154 164
154 185
154 191
154 193
154 197
154 199
154 207
154 208
154 209
154 224
154 233
154 243
154 246
154 251
154 967
154 1483
155 156
155 162
155 168
155 175
155 183
155 185
155 193
155 203
155 209
155 219
155 232
155 237
155 240
155 247
155 1491
155 1950
156 171
156 179
156 180
156 187
156 188
156 202
156 204
156 211
156 217
156 229
156 238
156 239
156 252
156 283
156 1013
156 1337
156 1669
156 1822
157 182
157 188
157 194
157 205
157 207
157 216
157 225
157 233
157 1124
157 1752
157 1949
158 173
158 181
158 185
158 187
158 199
158 209
158 217
158 218
158 226
158 229
158 232
158 249
158 252
158 317
158 1625
158 2012
159 173
159 176
159 184
159 192
159 196
159 201
159 220
159 228
159 230
159 977
159 1558
160 164
160 171
160 172
160 176
160 181
160 193
160 194
160 202
160 205
160 215
160 217
160 232
160 233
160 241
160 243
160 346
160 719
160 1519
161 164
161 189
161 192
161 195
161 206
161 217
161 223
161 225
161 237
161 238
161 240
161 251
161 253
161 622
161 1252
161 1691
162 172
162 183
162 185
162 203
162 206
162 210
162 237
162 242
162 244
162 1381
162 1467
163 166
163 169
163 177
163 180
163 181
163 182
163 184
163 191
163 197
163 213
163 229
163 239
163 245
163 247
163 499
163 732
163 972
163 1443
164 165
164 169
164 184
164 205
164 207
164 231
164 236
164 239
164 240
164 374
164 613
164 775
164 1113
164 1674
164 2003
164 2026
165 170
165 176
165 180
165 191
165 202
165 204
165 205
165 210
165 214
165 221
165 228
165 229
165 771
165 1137
165 1203
165 1583
166 176
166 182
166 186
166 210
166 229
166 242
166 245
166 526
166 1096
166 1526
166 1670
166 1711
167 194
167 207
167 210
167 230
167 1701
168 181
168 184
168 187
168 194
168 202
168 225
168 232
168 238
168 242
168 244
168 2027
169 178
169 183
169 197
169 203
169 204
169 209
169 244
169 378
169 781
169 1230
169 1433
169 1569
169 1908
170 194
170 196
170 198
170 210
170 212
170 215
170 218
170 308
170 501
170 943
170 1997
171 190
171 209
171 226
171 231
171 235
171 246
171 250
171 253
171 601
171 1600
171 1835
171 1847
171 2024
172 174
172 178
172 194
172 200
172 202
172 204
172 205
172 215
172 216
172 225
172 803
173 174
173 189
173 198
173 202
173 203
173 208
173 221
173 225
173 232
173 239
173 248
173 252
173 422
174 175
174 183
174 202
174 209
174 217
174 233
174 242
174 243
174 458
174 1304
175 177
175 181
175 191
175 192
175 195
175 208
175 210
175 221
175 224
175 242
175 247
175 249
175 250
175 444
175 774
175 1061
175 1188
175 1236
175 1476
176 182
176 185
176 187
176 191
176 204
176 216
176 238
176 240
176 251
176 497
176 855
176 1533
177 180
177 184
177 189
177 204
177 210
177 219
177 247
177 248
177 249
177 271
177 559
177 936
177 1144
177 1273
177 1416
177 1514
177 1595
177 1758
178 180
178 192
178 193
178 197
178 205
178 212
178 221
178 223
178 225
178 237
178 1586
179 187
179 206
179 224
179 227
179 244
179 246
179 957
179 2009
180 187
180 189
180 190
180 196
180 208
180 209
180 219
180 225
180 236
180 237
180 250
180 1059
180 1702
181 210
181 213
181 235
181 241
181 243
181 245
181 251
181 253
181 469
181 1720
181 1830
182 191
182 202
182 219
182 221
182 223
182 238
182 248
182 250
182 253
182 541
182 695
182 965
182 1296
182 1575
183 191
183 233
183 235
183 241
183 740
183 1211
183 1250
183 1321
183 1722
184 188
184 192
184 193
184 196
184 197
184 199
184 202
184 211
184 218
184 220
184 226
184 247
184 248
184 251
184 923
184 1338
184 1518
185 207
185 208
185 216
185 225
185 238
185 239
185 246
185 1494
186 197
186 198
186 200
186 209
186 215
186 224
186 238
186 240
186 704
187 206
187 209
187 216
187 217
187 226
187 238
187 242
187 358
187 948
187 960
187 1109
187 1519
187 1530
187 1795
188 193
188 195
188 207
188 235
188 244
188 248
188 253
188 1299
188 1363
188 1995
189 208
189 210
189 226
189 227
189 237
189 246
189 253
189 602
189 1175
189 1233
189 1581
190 202
190 208
190 217
190 223
190 242
190 332
190 899
191 193
191 199
191 242
191 298
191 434
192 214
192 220
192 221
192 224
192 236
192 237
192 494
192 1110
192 1338
192 1934
193 195
193 200
193 215
193 244
193 1278
194 195
194 207
194 219
194 221
194 222
194 224
194 239
194 251
194 354
194 1174
195 202
195 213
195 235
195 242
195 250
195 804
195 1300
195 2021
196 204
196 207
196 208
196 223
196 231
196 593
196 845
196 1032
197 202
197 209
197 225
197 241
197 490
197 913
197 1106
197 1873
198 210
198 211
198 212
198 215
198 216
198 1846
199 213
199 219
199 232
199 238
199 242
199 253
199 852
199 1129
199 1560
199 1626
199 1681
200 240
200 248
200 509
200 976
200 1075
201 215
201 223
201 232
201 539
201 1491
201 1971
202 215
202 222
202 224
202 227
202 228
202 234
202 239
202 247
202 253
202 574
202 1027
202 1204
202 1559
202 1897
203 215
203 230
203 234
203 242
203 247
203 1229
203 1298
203 1598
203 1993
203 2022
204 246
204 690
204 1282
204 1479
205 219
205 227
205 620
205 771
205 790
205 1820
205 1959
205 1973
206 214
206 226
206 232
206 234
206 237
206 250
206 1067
206 1223
206 1278
206 1685
207 210
207 222
207 229
207 235
207 238
207 241
207 1079
207 1378
207 1837
208 231
208 250
208 253
208 1019
208 1281
208 1573
208 1802
208 1811
209 213
209 216
209 233
209 234
209 251
209 882
210 218
210 245
210 249
210 252
210 641
210 766
210 1050
210 1413
210 1498
210 1554
211 214
211 246
211 1013
211 1282
211 1698
211 1925
212 220
212 228
212 237
212 238
212 679
212 705
212 1255
212 1493
212 1816
213 215
213 216
213 230
213 236
213 242
213 245
213 301
213 627
213 1475
214 232
214 235
214 253
214 583
214 925
214 1095
214 1377
214 1832
215 233
215 240
215 241
215 249
215 250
215 639
216 219
216 244
216 250
216 301
216 991
217 222
217 238
217 239
217 250
218 219
218 223
218 241
218 246
218 525
218 813
218 947
218 966
219 248
219 249
219 796
219 988
220 223
220 237
220 243
220 245
220 300
220 1337
220 1528
220 1676
220 1907
221 224
221 228
221 241
221 344
221 748
221 1622
222 233
222 235
222 237
222 248
222 1162
222 1881
222 1889
223 245
223 378
223 1790
223 1817
224 251
224 377
224 1324
224 1497
225 231
225 238
225 242
225 249
225 694
226 233
226 246
226 253
226 531
226 1335
226 2024
227 460
227 1301
227 1938
228 244
229 232
229 249
229 888
229 1272
229 1331
230 239
230 242
230 250
230 1021
230 1646
231 236
231 851
232 239
232 550
233 234
233 239
233 249
233 250
233 632
234 242
234 1097
234 1123
234 1873
235 240
235 599
235 677
235 883
235 2017
236 240
236 241
236 248
236 251
236 519
236 669
236 1238
236 1565
237 246
237 252
237 482
237 611
237 947
237 1232
237 1594
237 1626
237 1674
238 246
238 247
238 250
238 252
238 473
238 522
238 1453
238 1539
239 251
239 252
239 1100
239 1282
239 1593
240 241
240 252
240 574
240 1723
241 822
242 247
242 253
242 266
242 1510
242 1765
243 250
243 286
243 1661
244 598
244 809
245 648
245 1159
245 1348
245 1403
245 1997
246 474
246 993
246 1177
246 1214
246 1807
247 471
247 1201
247 1933
248 289
248 496
248 1878
249 1380
249 1483
249 1572
250 374
250 1388
250 1457
250 1934
251 252
251 275
251 559
251 1608
252 745
252 1328
252 1434
252 1593
253 383
253 417
254 272
254 274
254 306
254 310
254 315
254 325
254 342
254 362
254 375
254 379
254 387
254 395
254 396
254 402
254 403
254 418
254 435
254 459
254 464
254 483
254 502
254 552
254 602
254 805
254 1410
254 1596
254 1664
254 1764
254 1812
254 1934
255 287
255 290
255 294
255 305
255 313
255 314
255 320
255 336
255 349
255 352
255 358
255 372
255 379
255 385
255 389
255 404
255 411
255 416
255 422
255 427
255 428
255 429
255 432
255 448
255 450
255 458
255 469
255 472
255 482
255 489
255 490
255 501
255 507
255 620
255 1600
255 1632
255 1828
256 264
256 266
256 275
256 281
256 290
256 307
256 314
256 317
256 326
256 330
256 342
256 347
256 358
256 359
256 363
256 364
256 378
256 385
256 391
256 397
256 439
256 445
256 457
256 458
256 474
256 485
256 495
256 499
256 1136
256 1405
256 2000
257 261
257 265
257 273
257 275
257 304
257 334
257 340
257 357
257 362
257 386
257 394
257 419
257 437
257 447
257 448
257 463
257 464
257 466
257 503
257 568
257 1015
257 1340
258 261
258 279
258 289
258 305
258 318
258 321
258 325
258 339
258 346
258 347
258 352
258 372
258 376
258 385
258 387
258 393
258 407
258 464
258 467
258 475
258 486
258 488
258 489
258 490
258 506
258 1147
258 1148
258 1484
258 1815
259 261
259 267
259 282
259 302
259 333
259 347
259 363
259 366
259 388
259 400
259 418
259 420
259 426
259 436
259 438
259 440
259 450
259 462
259 471
259 474
259 475
259 482
259 1697
260 264
260 268
260 272
260 293
260 325
260 331
260 333
260 336
260 374
260 381
260 392
260 395
260 427
260 473
260 479
260 485
260 493
260 495
261 280
261 282
261 293
261 301
261 311
261 320
261 331
261 339
261 342
261 362
261 372
261 383
261 402
261 421
261 428
261 455
261 456
261 457
261 461
261 480
261 485
261 495
261 499
261 500
261 502
261 906
261 1614
261 1700
262 263
262 264
262 281
262 282
262 289
262 290
262 298
262 308
262 309
262 312
262 338
262 344
262 345
262 368
262 370
262 372
262 374
262 377
262 394
262 405
262 406
262 410
262 422
262 454
262 475
262 482
262 484
262 1131
262 1143
262 1227
262 1334
262 1562
262 2017
263 268
263 280
263 281
263 282
263 283
263 290
263 312
263 314
263 315
263 334
263 340
263 358
263 373
263 381
263 382
263 385
263 389
263 393
263 399
263 401
263 409
263 422
263 445
263 465
263 467
263 481
263 486
263 505
263 1180
264 294
264 333
264 341
264 348
264 374
264 380
264 381
264 405
264 420
264 421
264 426
264 439
264 441
264 451
264 456
264 463
264 467
264 468
264 476
264 484
264 491
264 502
264 642
264 972
264 1595
264 1662
264 2021
265 279
265 298
265 301
265 305
265 317
265 328
265 339
265 343
265 360
265 379
265 386
265 387
265 391
265 405
265 410
265 413
265 459
265 460
265 478
265 480
265 491
265 495
265 606
265 1934
266 267
266 282
266 288
266 297
266 333
266 352
266 354
266 362
266 366
266 368
266 380
266 382
266 384
266 387
266 407
266 411
266 415
266 432
266 437
266 444
266 456
266 457
266 468
266 498
266 502
266 919
267 278
267 297
267 308
267 313
267 330
267 370
267 377
267 380
267 391
267 417
267 421
267 436
267 439
267 463
267 476
267 481
267 491
267 502
267 680
267 728
267 946
267 1967
268 297
268 303
268 312
268 321
268 325
268 338
268 342
268 346
268 350
268 370
268 371
268 397
268 405
268 410
268 439
268 449
268 462
268 465
268 493
269 278
269 289
269 291
269 301
269 338
269 342
269 345
269 356
269 390
269 393
269 406
269 417
269 421
269 424
269 428
269 433
269 440
269 464
269 466
269 471
269 475
269 478
269 479
269 484
269 500
269 501
269 559
269 1080
269 1755
269 1841
270 271
270 279
270 287
270 292
270 303
270 309
270 311
270 318
270 325
270 343
270 367
270 380
270 386
270 408
270 413
270 426
270 435
270 446
270 449
270 453
270 455
270 458
270 464
270 468
270 470
270 481
270 488
270 757
270 958
270 1219
270 1398
270 1643
270 1663
270 1778
270 1855
271 274
271 300
271 319
271 334
271 337
271 344
271 370
271 376
271 393
271 397
271 405
271 420
271 421
271 422
271 438
271 445
271 446
271 466
271 468
271 474
271 476
271 488
271 493
271 494
271 507
271 761
272 283
272 286
272 290
272 291
272 308
272 320
272 342
272 344
272 350
272 354
272 362
272 368
272 383
272 386
272 391
272 395
272 403
272 419
272 420
272 421
272 425
272 430
272 435
272 450
272 453
272 457
272 459
272 467
272 469
272 477
272 482
272 483
272 489
272 493
272 734
272 1464
273 275
273 278
273 279
273 281
273 318
273 320
273 327
273 328
273 329
273 332
273 348
273 353
273 377
273 386
273 393
273 406
273 407
273 412
273 414
273 422
273 433
273 436
273 442
273 446
273 451
273 456
273 467
273 486
273 499
273 587
273 681
273 1528
274 275
274 311
274 325
274 330
274 333
274 340
274 344
274 348
274 350
274 365
274 367
274 369
274 380
274 387
274 391
274 410
274 412
274 417
274 418
274 419
274 423
274 441
274 474
274 479
274 486
274 496
274 501
274 507
274 1586
275 279
275 287
275 295
275 316
275 317
275 327
275 339
275 346
275 355
275 358
275 366
275 369
275 410
275 413
275 420
275 422
275 429
275 453
275 471
275 489
275 494
275 617
276 277
276 282
276 290
276 303
276 309
276 317
276 339
276 352
276 361
276 380
276 406
276 407
276 411
276 417
276 420
276 421
276 462
276 469
276 478
276 488
276 492
276 495
276 504
276 1721
277 284
277 303
277 305
277 310
277 312
277 340
277 364
277 368
277 375
277 388
277 397
277 401
277 413
277 414
277 417
277 420
277 430
277 431
277 433
277 438
277 439
277 444
277 449
277 450
277 466
277 467
277 472
277 473
277 484
277 488
277 492
277 495
277 496
277 855
277 938
277 1035
277 1086
277 1451
278 285
278 290
278 295
278 308
278 327
278 332
278 335
278 366
278 390
278 394
278 397
278 403
278 405
278 409
278 430
278 482
278 497
278 967
278 1980
279 293
279 297
279 299
279 301
279 315
279 323
279 340
279 351
279 356
279 369
279 421
279 430
279 431
279 435
279 436
279 442
279 443
279 453
279 478
279 485
279 487
279 494
279 561
279 1724
280 281
280 296
280 300
280 306
280 314
280 321
280 330
280 335
280 345
280 365
280 366
280 370
280 378
280 393
280 419
280 434
280 455
280 457
280 471
280 505
280 918
280 1085
280 1644
280 1986
281 283
281 286
281 306
281 310
281 321
281 345
281 349
281 350
281 363
281 366
281 385
281 399
281 421
281 422
281 426
281 429
281 437
281 443
281 451
281 460
281 472
281 476
281 488
281 492
281 507
281 570
281 717
281 1455
281 1915
281 1946
282 291
282 292
282 301
282 303
282 312
282 315
282 317
282 324
282 328
282 341
282 344
282 350
282 356
282 362
282 368
282 379
282 390
282 391
282 407
282 432
282 452
282 456
282 479
282 480
282 488
282 494
282 496
282 796
282 1048
282 1520
282 1772
282 1955
283 289
283 343
283 359
283 370
283 378
283 383
283 393
283 403
283 405
283 415
283 418
283 449
283 467
283 468
283 474
283 477
283 506
284 285
284 308
284 317
284 343
284 350
284 351
284 364
284 372
284 380
284 394
284 398
284 401
284 407
284 411
284 418
284 420
284 424
284 430
284 440
284 444
284 446
284 457
284 458
284 463
284 474
284 486
284 506
284 844
284 1489
285 286
285 303
285 332
285 335
285 355
285 361
285 373
285 396
285 404
285 420
285 425
285 431
285 432
285 436
285 448
285 466
285 478
285 483
285 630
285 1286
285 1474
286 289
286 298
286 305
286 313
286 323
286 333
286 347
286 382
286 390
286 416
286 420
286 428
286 442
286 445
286 448
286 458
286 463
286 477
286 479
286 489
286 493
286 746
286 1198
286 1414
286 1428
287 289
287 297
287 303
287 304
287 314
287 316
287 327
287 328
287 334
287 367
287 378
287 379
287 393
287 404
287 414
287 418
287 422
287 431
287 446
287 457
287 466
287 467
287 474
287 483
287 484
287 492
287 500
288 292
288 295
288 299
288 300
288 308
288 315
288 371
288 375
288 382
288 415
288 416
288 417
288 423
288 427
288 458
288 460
288 472
288 475
288 476
288 490
288 491
288 506
288 638
288 1557
289 296
289 311
289 349
289 351
289 356
289 363
289 367
289 372
289 400
289 404
289 420
289 424
289 434
289 453
289 464
289 479
289 480
289 489
289 1267
289 1491
290 300
290 333
290 349
290 352
290 362
290 365
290 375
290 389
290 390
290 391
290 395
290 402
290 403
290 404
290 408
290 413
290 415
290 420
290 436
290 437
290 440
290 493
290 507
290 1255
290 1773
291 292
291 303
291 308
291 309
291 310
291 317
291 324
291 325
291 328
291 330
291 356
291 370
291 385
291 386
291 392
291 393
291 395
291 397
291 406
291 413
291 414
291 415
291 422
291 424
291 452
291 455
291 456
291 465
291 492
292 294
292 295
292 317
292 320
292 323
292 334
292 339
292 349
292 364
292 370
292 386
292 400
292 403
292 405
292 420
292 428
292 442
292 462
292 463
292 472
292 498
292 506
292 932
292 998
292 1355
292 1625
292 1629
292 1647
292 1837
293 294
293 300
293 306
293 308
293 321
293 324
293 329
293 352
293 361
293 370
293 381
293 382
293 391
293 396
293 398
293 401
293 413
293 427
293 444
293 463
293 473
293 484
293 490
293 493
293 1917
293 1960
294 300
294 310
294 331
294 340
294 347
294 352
294 354
294 359
294 360
294 368
294 371
294 376
294 386
294 404
294 412
294 417
294 434
294 437
294 439
294 462
294 465
294 467
294 469
294 479
294 481
294 486
294 489
294 496
294 504
294 518
294 1821
295 317
295 320
295 326
295 337
295 338
295 347
295 348
295 363
295 377
295 395
295 419
295 422
295 439
295 441
295 462
295 467
295 482
295 492
295 500
295 505
295 931
295 1445
295 1619
295 1773
295 1860
295 1866
295 1972
296 312
296 317
296 326
296 327
296 332
296 337
296 355
296 358
296 361
296 363
296 367
296 393
296 396
296 407
296 413
296 422
296 423
296 441
296 445
296 448
296 467
296 486
296 489
296 492
296 502
296 1808
296 1941
296 1956
297 307
297 308
297 310
297 324
297 342
297 354
297 365
297 368
297 373
297 416
297 424
297 433
297 444
297 451
297 455
297 469
297 471
297 475
297 507
297 807
297 1191
297 1395
297 1733
297 1780
298 305
298 330
298 333
298 342
298 346
298 356
298 361
298 365
298 374
298 381
298 385
298 403
298 405
298 414
298 430
298 433
298 436
298 454
298 466
298 473
298 474
298 500
298 1107
298 1205
298 1486
299 307
299 331
299 351
299 354
299 360
299 361
299 368
299 372
299 374
299 389
299 397
299 398
299 403
299 408
299 414
299 420
299 423
299 439
299 448
299 464
299 485
299 506
299 517
299 804
299 829
299 1635
300 333
300 339
300 346
300 347
300 349
300 355
300 367
300 372
300 377
300 378
300 411
300 417
300 424
300 431
300 441
300 446
300 449
300 450
300 459
300 461
300 471
300 472
300 474
300 481
300 483
300 485
300 488
300 495
301 304
301 305
301 306
301 317
301 320
301 323
301 339
301 362
301 368
301 370
301 373
301 391
301 401
301 408
301 413
301 420
301 440
301 441
301 445
301 454
301 473
301 489
301 496
301 499
301 813
301 1760
302 314
302 364
302 374
302 378
302 379
302 395
302 397
302 402
302 406
302 412
302 419
302 427
302 431
302 432
302 437
302 444
302 451
302 452
302 488
302 497
302 500
302 1289
303 316
303 339
303 357
303 365
303 368
303 378
303 381
303 384
303 387
303 391
303 406
303 409
303 410
303 418
303 431
303 433
303 441
303 451
303 457
303 461
303 485
303 496
304 312
304 319
304 322
304 323
304 332
304 348
304 349
304 352
304 358
304 364
304 366
304 376
304 379
304 402
304 410
304 414
304 416
304 424
304 426
304 451
304 472
304 474
304 478
304 480
304 486
304 503
304 875
304 1112
304 1263
304 1534
305 315
305 321
305 322
305 327
305 330
305 342
305 347
305 348
305 354
305 374
305 376
305 378
305 409
305 425
305 428
305 431
305 442
305 451
305 454
305 458
305 464
305 471
305 481
305 490
305 491
305 492
305 496
305 498
305 501
305 503
305 1005
306 311
306 324
306 365
306 368
306 369
306 386
306 397
306 403
306 414
306 421
306 424
306 429
306 436
306 450
306 497
306 875
306 922
306 1856
307 323
307 328
307 335
307 341
307 342
307 350
307 352
307 366
307 368
307 372
307 376
307 382
307 387
307 390
307 395
307 407
307 413
307 414
307 435
307 444
307 445
307 458
307 468
307 491
308 310
308 311
308 332
308 340
308 342
308 348
308 350
308 364
308 371
308 374
308 379
308 412
308 417
308 440
308 442
308 447
308 476
308 478
308 480
308 855
308 1357
309 313
309 331
309 337
309 369
309 380
309 384
309 426
309 428
309 439
309 441
309 456
309 463
309 471
309 488
309 967
310 311
310 319
310 327
310 330
310 341
310 343
310 344
310 360
310 369
310 370
310 372
310 378
310 379
310 403
310 410
310 425
310 436
310 440
310 441
310 451
310 456
310 479
310 485
310 648
310 1301
311 313
311 317
311 327
311 339
311 358
311 365
311 370
311 394
311 405
311 422
311 432
311 464
311 478
311 488
311 497
311 584
311 658
311 737
311 741
311 974
311 1816
312 317
312 322
312 326
312 328
312 338
312 341
312 350
312 351
312 353
312 358
312 361
312 379
312 381
312 387
312 391
312 394
312 397
312 408
312 412
312 415
312 416
312 442
312 450
312 453
312 478
312 484
312 487
312 505
312 571
312 624
312 1335
313 314
313 316
313 325
313 330
313 341
313 351
313 361
313 375
313 381
313 382
313 390
313 405
313 407
313 414
313 421
313 447
313 463
313 475
313 486
313 495
313 497
313 504
313 1722
314 315
314 319
314 323
314 336
314 344
314 355
314 363
314 369
314 374
314 380
314 384
314 387
314 389
314 392
314 398
314 406
314 415
314 428
314 433
314 464
314 467
314 479
314 481
314 489
314 536
314 779
314 1078
314 1619
314 1753
314 1849
315 321
315 329
315 335
315 342
315 365
315 375
315 381
315 387
315 394
315 396
315 410
315 432
315 437
315 438
315 444
315 484
315 504
315 965
315 1234
315 1508
315 1619
316 329
316 354
316 372
316 386
316 395
316 410
316 411
316 478
316 490
316 494
316 501
316 502
316 620
316 666
316 727
316 851
316 1359
316 1730
316 1748
317 318
317 329
317 332
317 333
317 338
317 341
317 346
317 347
317 352
317 357
317 368
317 372
317 387
317 392
317 400
317 431
317 435
317 440
317 460
317 465
317 478
317 492
317 824
317 1131
317 1154
317 1346
318 323
318 326
318 331
318 333
318 340
318 341
318 343
318 344
318 373
318 388
318 396
318 414
318 419
318 426
318 436
318 446
318 447
318 470
318 471
318 481
318 482
318 488
318 492
318 500
319 323
319 327
319 339
319 341
319 367
319 388
319 391
319 420
319 424
319 432
319 433
319 440
319 444
319 445
319 453
319 475
319 480
319 484
319 500
319 505
319 858
319 1860
320 321
320 334
320 345
320 362
320 377
320 380
320 385
320 402
320 413
320 414
320 428
320 437
320 464
320 466
320 484
320 490
320 497
320 504
320 506
320 507
321 323
321 328
321 335
321 339
321 345
321 364
321 381
321 388
321 405
321 412
321 421
321 425
321 432
321 449
321 480
321 485
321 623
321 1031
321 1381
322 351
322 352
322 366
322 382
322 386
322 391
322 401
322 403
322 407
322 412
322 423
322 433
322 438
322 453
322 454
322 460
322 463
322 481
322 498
322 503
322 806
323 331
323 338
323 342
323 344
323 350
323 353
323 366
323 374
323 387
323 400
323 409
323 445
323 449
323 461
323 473
323 477
323 488
323 491
323 492
323 493
323 1614
324 334
324 364
324 365
324 370
324 390
324 396
324 425
324 435
324 452
324 457
324 458
324 459
324 462
324 469
324 470
324 478
324 481
324 483
324 496
324 498
324 501
324 504
324 1128
324 1243
324 1385
325 332
325 333
325 337
325 342
325 369
325 381
325 385
325 388
325 396
325 406
325 410
325 414
325 433
325 440
325 445
325 448
325 466
325 497
325 1136
325 1146
326 329
326 345
326 365
326 378
326 382
326 385
326 386
326 394
326 404
326 412
326 414
326 424
326 431
326 437
326 495
326 504
326 721
326 992
326 1111
327 329
327 337
327 343
327 347
327 356
327 362
327 369
327 377
327 387
327 388
327 395
327 399
327 409
327 423
327 440
327 444
327 460
327 475
327 482
327 485
327 490
327 491
327 497
327 501
327 507
327 1741
327 1960
328 334
328 337
328 342
328 354
328 366
328 369
328 374
328 379
328 383
328 391
328 404
328 427
328 434
328 449
328 452
328 457
328 466
328 743
328 905
328 1285
328 1567
329 335
329 348
329 349
329 358
329 373
329 376
329 389
329 399
329 403
329 405
329 417
329 428
329 432
329 436
329 455
329 461
329 467
329 470
329 475
329 486
329 491
329 493
329 495
330 336
330 357
330 365
330 370
330 372
330 375
330 383
330 386
330 391
330 399
330 407
330 431
330 436
330 442
330 443
330 453
330 465
330 479
330 496
330 507
330 984
331 334
331 335
331 339
331 348
331 351
331 366
331 367
331 377
331 383
331 384
331 385
331 402
331 406
331 408
331 434
331 445
331 454
331 457
331 460
331 468
331 474
331 480
331 809
331 1329
331 1579
331 2013
332 374
332 385
332 398
332 437
332 449
332 457
332 458
332 466
332 484
332 487
332 490
332 494
332 850
332 1428
332 2001
333 353
333 357
333 370
333 377
333 395
333 397
333 398
333 400
333 404
333 419
333 421
333 431
333 433
333 434
333 436
333 442
333 458
333 483
333 487
333 492
333 495
333 708
333 1040
334 336
334 339
334 352
334 357
334 384
334 387
334 393
334 403
334 468
334 487
334 506
334 582
334 1458
334 1881
334 1896
335 348
335 354
335 401
335 402
335 405
335 425
335 458
335 464
335 478
335 481
335 484
335 488
335 492
335 839
335 1000
335 1193
335 1536
336 347
336 363
336 364
336 366
336 370
336 373
336 380
336 385
336 387
336 393
336 397
336 409
336 410
336 430
336 435
336 439
336 442
336 448
336 463
336 475
336 920
336 1980
337 339
337 343
337 346
337 347
337 360
337 420
337 422
337 423
337 456
337 470
337 485
337 815
337 1291
337 1376
338 340
338 341
338 350
338 353
338 359
338 364
338 372
338 378
338 388
338 405
338 415
338 420
338 431
338 433
338 435
338 442
338 450
338 455
338 458
338 462
338 466
338 483
338 488
338 492
338 499
338 500
338 505
338 617
338 799
338 1803
339 341
339 347
339 389
339 391
339 393
339 398
339 407
339 441
339 442
339 447
339 458
339 475
339 483
339 485
339 490
339 798
339 1333
340 359
340 366
340 371
340 406
340 410
340 435
340 464
340 469
340 472
340 813
340 1556
341 357
341 364
341 367
341 371
341 389
341 430
341 437
341 444
341 450
341 457
341 461
341 469
341 471
341 473
341 479
341 665
341 1028
341 1076
341 1140
341 1420
341 1826
342 345
342 354
342 356
342 358
342 362
342 364
342 384
342 421
342 444
342 454
342 459
342 462
342 485
342 490
342 501
342 507
342 985
343 349
343 351
343 381
343 389
343 392
343 409
343 426
343 427
343 461
343 464
343 467
343 474
343 476
343 488
343 489
343 507
343 1591
343 2029
344 348
344 350
344 356
344 359
344 364
344 371
344 380
344 383
344 387
344 399
344 409
344 416
344 435
344 449
344 452
344 478
344 482
344 489
344 491
344 497
344 498
344 957
344 973
344 1626
345 354
345 359
345 371
345 383
345 386
345 390
345 399
345 407
345 420
345 422
345 425
345 426
345 430
345 438
345 481
345 482
345 498
345 500
345 591
345 1676
345 1737
346 365
346 374
346 381
346 392
346 409
346 410
346 414
346 417
346 424
346 425
346 439
346 449
346 451
346 477
346 481
346 486
346 488
346 497
346 498
346 595
346 647
346 1088
346 1403
347 351
347 380
347 385
347 400
347 417
347 423
347 442
347 443
347 451
347 472
347 481
347 482
347 483
347 488
347 490
347 1481
347 1838
348 376
348 383
348 395
348 410
348 416
348 419
348 425
348 426
348 437
348 446
348 450
348 451
348 454
348 456
348 459
348 465
348 466
348 470
348 476
348 488
348 493
348 500
348 503
348 1044
348 1090
348 1350
348 1457
349 372
349 373
349 379
349 418
349 420
349 442
349 446
349 466
349 477
349 484
349 488
349 500
349 1406
349 1445
349 1607
349 1609
349 1892
350 355
350 358
350 373
350 397
350 408
350 411
350 421
350 434
350 439
350 441
350 458
350 464
350 474
350 476
350 479
350 488
350 547
350 755
350 1813
350 1857
351 360
351 364
351 366
351 373
351 379
351 388
351 389
351 393
351 398
351 416
351 419
351 421
351 425
351 437
351 443
351 448
351 464
351 474
351 477
351 490
351 492
351 500
351 503
351 504
351 505
351 647
351 810
351 1156
351 1158
351 1665
351 1690
352 388
352 391
352 397
352 414
352 437
352 441
352 462
352 507
352 1365
352 1822
353 354
353 358
353 370
353 374
353 382
353 386
353 390
353 392
353 402
353 428
353 430
353 448
353 456
353 464
353 480
353 481
353 482
353 485
353 491
353 875
353 1880
354 372
354 373
354 402
354 407
354 411
354 413
354 427
354 429
354 455
354 478
354 485
354 491
354 664
354 1152
354 1396
354 1969
355 365
355 366
355 378
355 382
355 383
355 387
355 397
355 402
355 416
355 421
355 429
355 472
355 474
355 476
355 478
355 484
355 492
355 493
355 500
355 505
355 1382
356 375
356 404
356 406
356 423
356 427
356 448
356 450
356 451
356 472
356 497
356 500
356 502
356 503
356 507
356 1575
357 366
357 379
357 387
357 403
357 409
357 411
357 412
357 426
357 429
357 431
357 437
357 450
357 463
357 479
357 490
357 493
357 506
357 572
357 1775
357 1835
358 359
358 370
358 375
358 383
358 386
358 390
358 415
358 416
358 434
358 437
358 441
358 443
358 448
358 467
358 483
358 485
358 486
358 488
358 498
358 572
358 1590
358 1973
359 361
359 363
359 365
359 368
359 369
359 379
359 398
359 403
359 409
359 412
359 413
359 425
359 432
359 453
359 454
359 456
359 457
359 464
359 483
359 487
359 490
359 493
359 497
359 500
360 367
360 369
360 390
360 442
360 449
360 452
360 457
360 463
360 467
360 472
360 476
360 493
360 501
360 818
360 1648
360 1698
361 363
361 375
361 376
361 379
361 388
361 394
361 401
361 407
361 419
361 588
361 766
361 958
362 376
362 388
362 397
362 412
362 416
362 417
362 423
362 430
362 431
362 433
362 437
362 444
362 456
362 461
362 473
362 475
362 485
362 501
362 502
362 503
362 506
362 1661
363 389
363 390
363 392
363 402
363 408
363 428
363 435
363 452
363 464
363 477
363 480
363 487
363 492
363 568
363 622
363 1330
363 1350
363 1741
364 366
364 388
364 392
364 395
364 397
364 398
364 405
364 408
364 413
364 429
364 436
364 450
364 454
364 481
364 1753
365 375
365 392
365 393
365 405
365 424
365 432
365 454
365 456
365 474
365 480
365 490
365 491
365 500
365 808
365 1060
365 1123
365 1283
365 1445
365 1509
365 1822
365 1877
366 379
366 404
366 409
366 416
366 425
366 432
366 436
366 437
366 438
366 446
366 458
366 469
366 486
366 498
366 504
366 917
366 1041
366 1926
367 372
367 375
367 394
367 398
367 408
367 412
367 423
367 433
367 460
367 472
367 485
367 504
367 801
367 1269
367 2000
368 375
368 402
368 413
368 414
368 423
368 424
368 436
368 462
368 472
368 474
368 482
368 494
368 499
368 500
368 1275
369 371
369 383
369 384
369 390
369 394
369 421
369 449
369 450
369 456
369 465
369 470
369 475
369 535
369 946
369 1207
369 1332
369 1333
370 376
370 390
370 405
370 407
370 412
370 418
370 419
370 420
370 428
370 429
370 433
370 438
370 442
370 446
370 450
370 451
370 462
370 464
370 467
370 475
370 479
370 486
370 487
370 497
370 506
370 1589
370 1811
371 384
371 392
371 394
371 398
371 402
371 403
371 405
371 432
371 436
371 444
371 447
371 451
371 452
371 459
371 473
371 478
371 480
371 486
371 1292
371 1809
372 374
372 396
372 400
372 402
372 406
372 410
372 417
372 449
372 480
372 498
372 501
372 621
372 1113
373 394
373 412
373 419
373 436
373 456
373 462
373 468
373 469
373 474
373 489
373 490
373 492
373 711
373 1267
373 1336
374 376
374 383
374 388
374 393
374 394
374 402
374 419
374 425
374 427
374 438
374 439
374 443
374 460
374 461
374 463
374 465
374 466
374 472
374 473
374 477
374 491
374 497
374 1611
375 382
375 383
375 397
375 400
375 402
375 404
375 407
375 411
375 418
375 421
375 436
375 442
375 444
375 447
375 453
375 454
375 492
375 497
375 502
375 902
375 1610
376 394
376 399
376 416
376 420
376 437
376 443
376 496
376 501
377 398
377 403
377 409
377 468
377 485
377 487
377 497
377 502
377 1073
377 1866
378 382
378 386
378 389
378 393
378 394
378 414
378 415
378 421
378 423
378 424
378 443
378 455
378 457
378 486
378 490
378 746
378 819
378 1045
378 1220
378 1620
378 1866
379 397
379 472
379 475
379 486
379 487
379 491
379 505
379 835
379 1103
380 381
380 386
380 402
380 403
380 413
380 429
380 441
380 443
380 453
380 464
380 473
380 493
380 507
380 547
380 836
380 847
380 964
380 981
380 1966
381 385
381 392
381 393
381 398
381 411
381 427
381 438
381 439
381 446
381 451
381 454
381 464
381 475
381 479
381 480
381 488
381 491
381 1682
381 1946
381 1995
382 391
382 392
382 415
382 424
382 425
382 430
382 439
382 440
382 449
382 470
382 484
382 505
382 897
382 1559
383 398
383 411
383 417
383 426
383 427
383 430
383 459
383 463
383 467
383 471
383 478
383 504
383 625
383 690
383 792
383 1366
383 1961
384 392
384 396
384 409
384 415
384 416
384 421
384 428
384 434
384 437
384 443
384 445
384 469
384 470
384 475
384 486
384 502
384 636
384 845
384 893
384 1137
384 1921
385 411
385 417
385 429
385 431
385 441
385 443
385 449
385 452
385 460
385 464
385 477
385 486
385 487
385 491
385 497
385 502
385 767
385 1024
385 1103
385 1487
386 406
386 411
386 417
386 433
386 437
386 445
386 446
386 448
386 460
386 468
386 476
386 490
386 504
386 1305
387 400
387 422
387 430
387 431
387 441
387 444
387 484
387 486
387 699
388 401
388 405
388 408
388 413
388 415
388 416
388 417
388 426
388 437
388 450
388 476
388 484
388 487
388 500
388 502
388 578
388 1262
389 392
389 409
389 411
389 412
389 413
389 419
389 421
389 436
389 440
389 443
389 451
389 470
389 471
389 499
389 506
389 705
389 1232
389 1341
389 2024
390 396
390 410
390 431
390 436
390 449
390 456
390 467
390 468
390 476
390 487
390 718
390 1075
390 1336
390 1813
391 392
391 407
391 409
391 412
391 458
391 470
391 475
391 480
391 484
391 486
391 790
391 1675
391 1861
392 406
392 415
392 419
392 439
392 457
392 472
392 497
392 504
392 1394
392 1845
392 2008
393 407
393 408
393 419
393 422
393 429
393 431
393 449
393 453
393 454
393 456
393 461
393 476
393 486
393 490
393 491
393 493
393 497
394 401
394 407
394 416
394 428
394 450
394 456
394 462
394 465
394 498
394 1367
394 1442
394 1976
395 420
395 422
395 445
395 447
395 465
395 470
395 479
395 484
395 485
395 498
395 505
395 1203
395 1530
396 400
396 403
396 423
396 430
396 446
396 454
396 463
396 466
396 471
396 490
396 495
396 506
396 1121
396 1742
396 1870
396 1896
397 407
397 420
397 434
397 443
397 467
397 881
398 413
398 417
398 425
398 437
398 440
398 457
398 459
398 469
398 475
398 484
398 487
398 489
398 1211
398 1391
398 1418
398 1702
398 1789
398 1988
399 410
399 411
399 413
399 419
399 430
399 453
399 459
399 463
399 501
399 503
399 602
400 415
400 416
400 423
400 426
400 427
400 428
400 454
400 487
400 495
400 894
401 412
401 432
401 438
401 442
401 465
401 469
401 473
401 521
401 716
401 968
401 1161
402 417
402 418
402 432
402 448
402 450
402 455
402 460
402 465
402 472
402 476
402 491
402 494
402 503
403 408
403 414
403 428
403 434
403 448
403 450
403 456
403 463
403 467
403 468
403 490
403 499
403 505
403 1240
404 416
404 430
404 431
404 443
404 451
404 457
404 458
404 464
404 474
404 482
404 499
404 507
404 670
404 1256
404 1332
404 1474
405 427
405 430
405 438
405 458
405 468
405 474
405 499
405 500
405 507
405 1606
405 1730
405 1753
405 2000
406 414
406 417
406 424
406 437
406 439
406 454
406 458
406 469
406 484
406 485
406 489
406 499
406 503
406 936
406 1163
406 1246
406 1989
407 434
407 439
407 445
407 450
407 458
407 462
407 471
407 474
407 475
407 482
407 501
408 412
408 418
408 420
408 427
408 428
408 429
408 438
408 442
408 444
408 451
408 455
408 460
408 466
408 469
408 477
408 481
408 493
408 498
408 502
408 505
408 758
408 1484
408 1661
408 1840
409 410
409 427
409 435
409 445
409 456
409 461
409 472
409 478
409 479
409 489
409 494
409 496
409 501
409 1205
409 1619
409 1891
410 420
410 426
410 428
410 465
410 487
410 1158
410 1742
410 1856
411 413
411 419
411 444
411 447
411 449
411 453
411 457
411 469
411 470
411 476
411 482
411 491
411 493
411 1193
411 1702
412 427
412 431
412 444
412 449
412 483
412 507
412 679
412 1783
412 1893
413 437
413 465
413 469
413 485
413 491
413 493
413 503
413 506
413 907
413 1197
413 1388
413 1554
413 1671
413 2011
414 450
414 460
414 462
414 470
414 488
414 493
414 507
414 625
414 766
414 796
414 962
414 964
415 421
415 430
415 445
415 449
415 451
415 453
415 455
415 507
415 712
416 419
416 444
416 454
416 460
416 467
416 473
416 492
416 1312
416 1401
417 421
417 438
417 439
417 445
417 458
417 462
417 465
417 475
417 481
417 491
417 1229
417 1811
418 424
418 435
418 436
418 441
418 445
418 491
418 495
418 500
418 504
418 514
418 864
418 1415
418 1556
419 438
419 444
419 448
419 451
419 462
419 464
419 472
419 477
419 483
419 484
419 659
419 1205
420 446
420 450
420 478
420 486
420 624
420 1553
421 424
421 440
421 449
421 463
421 492
421 495
421 1227
421 1767
422 431
422 435
422 436
422 437
422 446
422 450
422 455
422 456
422 457
422 463
422 470
422 475
422 483
422 485
422 492
422 493
422 501
422 1583
422 1956
423 425
423 443
423 471
423 473
423 476
423 478
423 479
423 495
423 504
423 506
423 1468
423 1826
424 447
424 456
424 465
424 466
424 483
424 854
424 1495
425 440
425 446
425 495
425 805
425 1001
425 1086
425 1732
426 432
426 437
426 448
426 452
426 456
426 475
426 482
426 487
426 1893
427 436
427 460
427 467
427 472
427 478
427 482
427 736
427 1580
427 1743
427 1829
428 434
428 439
428 450
428 471
428 477
428 486
428 488
428 492
429 435
429 450
429 454
429 457
429 462
429 470
429 475
429 490
429 535
429 1488
430 431
430 463
430 464
430 465
430 469
430 490
430 491
430 495
431 462
431 463
431 472
431 477
431 480
431 488
431 496
431 533
431 849
431 1357
432 433
432 438
432 440
432 446
432 447
432 450
432 487
432 489
432 492
432 505
432 1420
432 1879
433 436
433 443
433 478
433 505
433 1734
433 1954
434 440
434 445
434 446
434 452
434 456
434 462
434 470
434 483
434 495
434 618
434 1139
435 446
435 448
435 450
435 498
435 501
435 771
435 1890
435 2004
436 437
436 456
436 465
436 477
436 478
436 481
436 486
436 491
436 495
436 496
436 501
436 585
436 1364
436 1458
437 442
437 443
437 444
437 448
437 452
437 456
437 460
437 466
437 469
437 476
437 479
437 497
437 1805
438 439
438 447
438 455
438 473
438 492
438 806
438 1059
438 1100
438 1628
438 1786
439 451
439 458
439 467
439 470
439 491
439 493
439 504
439 505
439 1306
440 443
440 474
440 488
440 670
440 830
440 1113
441 445
441 447
441 450
441 467
441 488
441 493
441 494
441 501
441 504
441 506
441 820
441 1395
441 1422
441 1996
441 2004
442 450
442 456
442 460
442 481
442 484
442 493
442 497
442 940
442 1180
442 1699
443 450
443 485
443 492
443 497
443 507
443 1163
443 1391
444 462
444 464
444 467
444 473
444 478
444 483
444 497
444 504
444 1132
445 456
445 458
445 460
445 464
445 473
445 491
445 495
445 503
446 449
446 451
446 471
446 474
446 477
446 489
446 500
446 502
446 506
446 586
446 841
446 884
446 1185
446 1869
447 450
447 453
447 458
447 459
447 464
447 468
447 473
447 489
447 495
447 594
447 1433
447 1590
448 450
448 460
448 471
448 472
448 483
448 992
448 1836
449 459
449 465
449 476
449 494
449 497
449 499
449 588
449 741
449 911
449 1603
449 1644
450 455
450 478
450 483
450 488
450 500
450 966
450 1079
450 1154
451 457
451 474
451 491
451 1275
451 1430
451 1857
452 455
452 493
452 505
452 1111
452 1271
453 456
453 465
453 478
453 479
453 483
453 961
453 1238
453 1244
453 1253
453 1628
453 1676
453 1994
454 456
454 474
454 487
454 489
454 500
454 503
454 894
454 1407
455 466
455 473
455 479
455 484
455 488
455 1240
455 1490
455 1871
456 460
456 480
456 486
456 504
456 507
456 1564
456 1641
456 1944
457 471
457 536
458 461
458 474
458 476
458 484
458 486
458 493
458 505
458 912
459 470
459 474
459 502
459 503
459 563
459 607
459 957
460 467
460 483
460 501
460 1274
460 1641
461 463
461 465
461 480
461 482
461 490
461 498
461 501
461 554
462 467
462 475
462 477
462 491
462 503
462 1481
462 1520
462 1837
463 465
463 479
463 480
463 482
463 483
463 498
463 729
463 1010
463 1119
463 1437
463 1795
464 468
464 475
464 490
464 499
464 503
464 554
464 641
464 917
464 1550
464 1856
465 470
465 492
465 500
465 651
466 469
466 471
466 474
466 482
466 484
466 485
466 490
466 498
466 505
466 506
466 690
466 856
466 1426
467 472
467 480
467 482
467 489
467 501
467 1031
467 1294
467 1304
467 1494
467 1623
468 472
468 504
468 1205
469 471
469 472
469 478
469 485
469 500
469 501
469 663
469 897
469 929
469 1048
469 1142
470 479
470 500
470 506
470 1166
470 1457
470 1824
471 474
471 487
471 1123
471 1320
471 1518
471 1900
471 2002
472 478
472 1136
472 1506
472 1626
473 476
473 841
473 1181
473 1641
474 485
474 493
474 1888
475 501
475 506
475 1228
476 483
476 498
476 500
476 1030
476 1168
476 1867
477 488
477 493
477 500
477 506
477 756
477 1396
477 1490
478 481
478 485
478 486
478 502
478 608
478 946
478 1311
478 1403
478 1420
479 491
479 1773
479 1995
480 487
480 1713
480 1777
481 494
481 500
481 504
481 1084
482 486
482 494
482 498
482 594
482 839
483 484
483 487
483 488
483 498
483 727
483 729
483 1014
484 2001
485 487
485 488
485 497
485 504
485 920
486 487
486 492
486 504
486 505
486 1461
486 1692
486 1948
487 488
487 489
487 496
487 500
487 503
487 504
487 507
487 897
487 1014
487 1552
487 1724
488 501
489 499
489 863
490 495
490 500
490 501
490 657
490 848
491 503
491 505
491 720
491 1047
491 1534
492 497
492 534
492 538
492 633
492 1146
493 504
493 754
493 1098
493 1408
493 1745
493 1756
494 496
494 502
494 557
494 692
494 1662
495 501
495 504
495 1273
495 1980
496 497
496 498
496 499
496 1266
497 501
497 503
497 504
497 661
497 927
497 1088
497 1307
497 1311
498 502
498 507
498 1775
499 500
499 503
499 1599
499 1952
500 1324
500 1363
500 1567
500 1838
501 507
501 548
501 843
502 708
502 836
502 915
502 1255
502 1463
503 504
503 2018
504 739
504 1217
504 1853
505 1059
505 1364
506 1505
506 1922
507 511
507 936
508 514
508 541
508 558
508 563
508 565
508 567
508 577
508 580
508 586
508 595
508 602
508 625
508 658
508 674
508 677
508 688
508 702
508 707
508 716
508 726
508 730
508 734
508 742
508 744
508 748
508 761
508 1041
508 1280
508 1294
509 512
509 513
509 527
509 533
509 538
509 545
509 556
509 567
509 570
509 571
509 574
509 587
509 589
509 608
509 615
509 617
509 629
509 642
509 643
509 655
509 656
509 674
509 681
509 682
509 691
509 709
509 728
509 754
509 908
510 517
510 542
510 561
510 576
510 600
510 605
510 611
510 634
510 638
510 643
510 662
510 690
510 707
510 717
510 725
510 726
510 733
510 734
510 743
510 761
510 814
510 1496
510 1564
510 1808
510 1869
511 516
511 530
511 534
511 536
511 537
511 565
511 590
511 597
511 617
511 621
511 633
511 636
511 670
511 672
511 674
511 678
511 686
511 688
511 693
511 715
511 723
511 726
511 756
511 1663
512 513
512 515
512 526
512 531
512 557
512 564
512 565
512 571
512 592
512 621
512 630
512 637
512 645
512 653
512 665
512 678
512 689
512 699
512 712
512 733
512 743
512 751
513 517
513 524
513 525
513 554
513 555
513 557
513 562
513 572
513 576
513 580
513 606
513 609
513 615
513 638
513 651
513 656
513 657
513 672
513 704
513 708
513 711
513 732
513 733
513 742
513 749
513 754
513 756
513 845
513 900
514 519
514 531
514 532
514 534
514 560
514 564
514 601
514 605
514 617
514 646
514 667
514 672
514 706
514 727
514 733
514 754
514 967
515 518
515 527
515 528
515 539
515 543
515 555
515 587
515 592
515 594
515 631
515 646
515 657
515 668
515 677
515 688
515 693
515 725
515 747
515 817
515 1832
516 520
516 524
516 545
516 548
516 552
516 561
516 564
516 589
516 599
516 609
516 616
516 617
516 620
516 628
516 631
516 640
516 647
516 670
516 685
516 706
516 721
516 724
516 725
516 758
517 535
517 541
517 574
517 588
517 593
517 597
517 614
517 634
517 650
517 653
517 660
517 664
517 667
517 679
517 683
517 709
517 739
517 748
517 761
517 865
517 969
517 1262
517 1709
518 532
518 541
518 574
518 577
518 581
518 582
518 591
518 593
518 608
518 619
518 636
518 646
518 648
518 654
518 662
518 663
518 671
518 672
518 679
518 696
518 703
518 729
518 732
518 739
518 746
518 747
518 755
518 756
518 760
518 956
518 1092
518 1816
519 527
519 538
519 552
519 555
519 571
519 572
519 574
519 588
519 610
519 614
519 632
519 636
519 659
519 660
519 666
519 670
519 676
519 679
519 680
519 682
519 693
519 700
519 737
519 755
519 757
519 761
519 1545
519 1948
520 524
520 527
520 534
520 535
520 548
520 554
520 556
520 562
520 565
520 580
520 583
520 625
520 630
520 647
520 668
520 692
520 695
520 696
520 703
520 726
520 727
520 735
520 754
520 925
520 1090
520 1985
521 548
521 557
521 570
521 591
521 622
521 623
521 624
521 639
521 640
521 642
521 647
521 661
521 690
521 695
521 699
521 700
521 710
521 719
521 740
521 746
521 748
521 757
521 2010
521 2013
522 529
522 533
522 534
522 535
522 542
522 551
522 556
522 569
522 575
522 585
522 614
522 631
522 640
522 642
522 658
522 660
522 666
522 688
522 696
522 708
522 735
522 1321
523 526
523 527
523 531
523 532
523 556
523 559
523 584
523 587
523 601
523 610
523 621
523 623
523 624
523 641
523 660
523 680
523 684
523 698
523 704
523 711
523 725
523 737
523 739
523 757
523 902
523 982
523 1090
523 1929
524 534
524 536
524 548
524 557
524 569
524 578
524 590
524 594
524 612
524 630
524 656
524 659
524 667
524 678
524 681
524 683
524 696
524 697
524 702
524 704
524 718
524 731
524 737
524 738
524 740
524 746
524 761
524 1343
524 1493
525 526
525 544
525 553
525 556
525 557
525 560
525 570
525 575
525 594
525 596
525 597
525 599
525 604
525 614
525 654
525 666
525 670
525 673
525 674
525 677
525 679
525 695
525 696
525 704
525 711
525 718
525 719
525 723
525 724
525 727
525 748
525 752
525 753
525 809
525 814
525 1293
525 1408
526 543
526 562
526 580
526 592
526 603
526 612
526 615
526 622
526 623
526 629
526 633
526 638
526 641
526 655
526 658
526 665
526 669
526 673
526 688
526 689
526 690
526 695
526 706
526 712
526 716
526 722
526 730
526 741
526 754
526 755
526 931
526 1151
526 1874
527 531
527 532
527 553
527 554
527 560
527 561
527 565
527 586
527 608
527 615
527 616
527 639
527 644
527 658
527 666
527 684
527 690
527 696
527 701
527 711
527 717
527 719
527 721
527 735
527 756
527 759
527 980
527 1160
527 1515
528 536
528 557
528 561
528 562
528 564
528 572
528 582
528 591
528 598
528 601
528 607
528 637
528 641
528 645
528 658
528 659
528 667
528 710
528 713
528 718
528 724
528 725
528 734
528 740
528 743
528 746
528 754
528 1344
528 1411
529 530
529 543
529 547
529 553
529 559
529 566
529 567
529 593
529 597
529 616
529 617
529 623
529 646
529 671
529 673
529 689
529 701
529 704
529 709
529 712
529 718
529 728
529 736
529 757
529 1152
530 579
530 580
530 590
530 600
530 604
530 609
530 622
530 636
530 638
530 643
530 649
530 657
530 668
530 671
530 723
530 756
530 760
531 541
531 544
531 548
531 558
531 563
531 566
531 588
531 592
531 621
531 623
531 624
531 627
531 636
531 643
531 644
531 654
531 657
531 659
531 660
531 675
531 693
531 705
531 708
531 711
531 717
531 724
531 726
531 730
531 735
531 754
531 996
531 1037
531 1323
531 2001
532 551
532 553
532 557
532 566
532 582
532 591
532 598
532 661
532 672
532 677
532 698
532 740
532 749
532 941
532 1905
533 534
533 535
533 546
533 594
533 601
533 617
533 634
533 637
533 654
533 681
533 686
533 713
533 724
533 726
533 734
533 739
533 744
533 759
533 1083
533 1496
534 541
534 576
534 579
534 584
534 602
534 607
534 609
534 622
534 635
534 641
534 643
534 663
534 664
534 669
534 677
534 723
534 733
534 737
534 739
534 740
534 746
534 755
534 758
534 764
534 920
534 932
535 540
535 544
535 545
535 546
535 549
535 559
535 572
535 582
535 589
535 600
535 628
535 632
535 633
535 638
535 639
535 656
535 677
535 682
535 692
535 717
535 1029
535 1903
535 1990
536 558
536 561
536 566
536 567
536 570
536 585
536 591
536 603
536 608
536 615
536 617
536 625
536 627
536 652
536 668
536 685
536 691
536 702
536 703
536 708
536 709
536 710
536 711
536 712
536 728
536 730
536 744
536 746
536 753
536 754
536 950
536 1579
537 544
537 547
537 565
537 576
537 577
537 581
537 585
537 608
537 619
537 648
537 655
537 663
537 664
537 670
537 671
537 676
537 679
537 716
537 737
537 743
537 758
537 761
537 942
537 1474
538 542
538 545
538 548
538 553
538 558
538 559
538 560
538 566
538 573
538 575
538 578
538 582
538 593
538 611
538 616
538 622
538 640
538 644
538 645
538 648
538 649
538 660
538 662
538 672
538 676
538 681
538 694
538 696
538 702
538 703
538 705
538 726
538 743
538 745
538 748
538 754
538 780
538 1075
538 1480
539 542
539 548
539 564
539 575
539 583
539 587
539 594
539 596
539 603
539 604
539 606
539 614
539 617
539 632
539 633
539 636
539 656
539 657
539 659
539 671
539 674
539 690
539 707
539 708
539 715
539 716
539 718
539 735
539 739
539 741
539 749
539 755
539 758
539 1060
539 1160
540 562
540 614
540 622
540 625
540 638
540 639
540 644
540 660
540 663
540 672
540 674
540 685
540 691
540 723
540 724
540 734
540 740
540 741
540 744
540 746
540 747
540 759
540 1646
540 1850
541 549
541 555
541 567
541 575
541 576
541 584
541 585
541 597
541 599
541 600
541 616
541 627
541 633
541 639
541 664
541 669
541 688
541 708
541 723
541 724
541 740
541 742
541 759
541 1058
542 561
542 567
542 575
542 586
542 606
542 611
542 612
542 618
542 626
542 670
542 689
542 694
542 696
542 702
542 709
542 718
542 722
542 730
542 736
542 738
542 741
542 802
542 965
542 1021
542 1265
542 1869
543 545
543 547
543 556
543 566
543 573
543 574
543 578
543 583
543 588
543 611
543 613
543 625
543 634
543 677
543 683
543 684
543 692
543 702
543 704
543 708
543 719
543 720
543 729
543 730
543 741
543 745
543 755
543 761
543 1717
544 553
544 557
544 562
544 574
544 601
544 603
544 607
544 609
544 611
544 615
544 621
544 622
544 630
544 652
544 682
544 684
544 691
544 694
544 699
544 704
544 716
544 721
544 725
544 745
544 746
544 750
544 753
544 761
544 893
544 927
544 1111
544 1331
544 1482
544 1919
545 555
545 567
545 577
545 603
545 605
545 617
545 624
545 631
545 634
545 666
545 670
545 682
545 683
545 692
545 693
545 711
545 724
545 736
545 748
545 760
545 1182
545 1389
545 1466
546 547
546 556
546 557
546 561
546 564
546 566
546 569
546 586
546 598
546 601
546 603
546 610
546 634
546 635
546 636
546 643
546 645
546 655
546 676
546 690
546 715
546 721
546 725
546 743
546 751
546 752
546 775
546 1553
546 1884
546 2007
547 560
547 568
547 572
547 587
547 602
547 603
547 605
547 618
547 628
547 641
547 646
547 653
547 674
547 681
547 697
547 702
547 718
547 748
547 1341
547 1898
548 579
548 585
548 599
548 605
548 619
548 624
548 629
548 630
548 634
548 647
548 652
548 661
548 679
548 713
548 743
548 745
548 758
548 1171
549 554
549 588
549 590
549 604
549 607
549 608
549 625
549 648
549 662
549 663
549 668
549 688
549 712
549 715
549 725
549 751
549 757
549 1316
549 1649
550 553
550 556
550 566
550 615
550 639
550 640
550 655
550 656
550 663
550 669
550 686
550 703
550 717
550 721
550 722
550 728
550 740
550 755
550 756
550 759
550 1045
550 1054
550 2032
551 571
551 574
551 576
551 578
551 582
551 585
551 613
551 614
551 622
551 623
551 625
551 629
551 646
551 653
551 654
551 678
551 691
551 696
551 711
551 722
551 754
551 862
551 1114
552 554
552 572
552 592
552 595
552 627
552 631
552 638
552 640
552 643
552 667
552 669
552 689
552 704
552 706
552 716
552 721
552 722
552 724
552 739
552 741
552 748
552 757
552 908
553 571
553 572
553 581
553 602
553 612
553 619
553 650
553 668
553 692
553 700
553 707
553 716
553 717
553 736
553 737
553 756
553 1373
554 579
554 584
554 592
554 615
554 616
554 640
554 659
554 664
554 673
554 680
554 686
554 696
554 701
554 709
554 727
554 739
554 754
554 1026
554 1304
554 1324
554 1434
554 1957
555 571
555 576
555 608
555 612
555 631
555 635
555 638
555 640
555 670
555 675
555 679
555 715
555 720
555 731
555 750
555 752
555 754
555 1176
556 558
556 559
556 567
556 589
556 627
556 634
556 635
556 659
556 664
556 670
556 674
556 683
556 687
556 700
556 720
556 748
556 1602
556 1799
557 590
557 610
557 624
557 633
557 636
557 642
557 654
557 670
557 676
557 695
557 698
557 701
557 706
557 719
557 727
557 732
557 737
557 750
557 751
557 752
557 757
557 758
557 1628
558 566
558 583
558 589
558 615
558 623
558 625
558 642
558 646
558 647
558 660
558 670
558 675
558 676
558 688
558 697
558 706
558 710
558 713
558 726
558 738
558 742
558 754
558 760
558 1540
559 565
559 570
559 571
559 597
559 609
559 610
559 621
559 641
559 659
559 670
559 678
559 680
559 697
559 708
559 710
559 712
559 721
559 1752
560 568
560 572
560 578
560 583
560 598
560 604
560 610
560 615
560 623
560 631
560 633
560 660
560 672
560 680
560 694
560 701
560 733
560 736
560 740
560 760
560 761
560 1299
560 1766
560 1988
561 565
561 593
561 595
561 598
561 606
561 614
561 627
561 628
561 630
561 642
561 643
561 649
561 650
561 654
561 666
561 676
561 692
561 693
561 722
561 1175
561 1285
561 1744
561 1971
562 565
562 568
562 572
562 579
562 580
562 584
562 588
562 601
562 616
562 622
562 632
562 656
562 662
562 683
562 688
562 695
562 709
562 714
562 716
562 722
562 743
562 1150
562 1845
563 608
563 616
563 618
563 620
563 662
563 670
563 673
563 677
563 680
563 694
563 699
563 702
563 709
563 712
563 754
563 755
563 927
563 1291
563 1398
564 572
564 574
564 586
564 598
564 614
564 620
564 626
564 633
564 638
564 658
564 669
564 678
564 681
564 685
564 705
564 706
564 707
564 713
564 721
564 796
564 1037
565 573
565 591
565 598
565 613
565 614
565 630
565 631
565 636
565 645
565 647
565 661
565 672
565 679
565 684
565 690
565 692
565 694
565 709
565 748
565 758
565 834
565 1448
565 1892
566 572
566 578
566 588
566 592
566 594
566 628
566 647
566 648
566 690
566 738
566 744
566 775
566 1282
566 1299
566 1597
567 572
567 580
567 587
567 593
567 594
567 603
567 604
567 608
567 613
567 618
567 622
567 635
567 636
567 655
567 660
567 666
567 679
567 692
567 693
567 696
567 703
567 714
567 723
567 727
567 732
567 739
567 741
567 750
567 756
567 1569
568 575
568 577
568 585
568 597
568 604
568 609
568 634
568 642
568 659
568 662
568 665
568 673
568 690
568 699
568 700
568 705
568 708
568 713
568 716
568 717
568 733
568 737
568 740
568 745
568 795
568 967
568 1906
569 578
569 594
569 608
569 617
569 627
569 630
569 642
569 644
569 657
569 659
569 666
569 668
569 673
569 679
569 694
569 698
569 699
569 703
569 707
569 711
569 713
569 716
569 732
569 734
569 737
569 741
569 747
569 751
569 757
569 1231
569 1573
569 1628
569 1670
569 1839
570 575
570 577
570 578
570 583
570 586
570 590
570 598
570 604
570 620
570 624
570 632
570 647
570 650
570 656
570 669
570 676
570 686
570 702
570 703
570 709
570 716
570 744
570 750
570 756
570 1004
570 1778
570 1883
571 577
571 600
571 609
571 612
571 618
571 619
571 638
571 644
571 655
571 658
571 680
571 690
571 718
571 724
571 727
571 730
571 740
571 748
571 750
571 751
571 1010
571 1329
571 1627
572 573
572 576
572 589
572 595
572 599
572 601
572 623
572 655
572 670
572 679
572 693
572 714
572 719
572 721
572 731
572 740
572 882
572 1018
572 1882
573 579
573 582
573 584
573 639
573 647
573 652
573 660
573 673
573 677
573 686
573 689
573 699
573 723
573 730
573 734
573 741
573 744
573 746
573 761
573 973
573 980
573 1157
573 1229
573 1408
573 1646
574 578
574 602
574 625
574 627
574 632
574 641
574 642
574 661
574 665
574 683
574 688
574 702
574 708
574 730
574 740
574 745
574 748
574 755
574 760
574 1118
574 1990
575 592
575 595
575 597
575 601
575 603
575 607
575 612
575 620
575 621
575 624
575 626
575 629
575 630
575 639
575 646
575 647
575 664
575 666
575 668
575 675
575 691
575 698
575 700
575 709
575 717
575 721
575 723
575 805
575 1210
575 1274
576 577
576 582
576 599
576 635
576 639
576 650
576 662
576 666
576 671
576 674
576 686
576 692
576 708
576 713
576 729
576 731
576 925
576 1518
577 595
577 597
577 612
577 615
577 621
577 627
577 645
577 647
577 660
577 668
577 670
577 679
577 693
577 697
577 699
577 707
577 715
577 738
577 741
577 744
577 750
577 756
577 863
577 1562
578 586
578 588
578 596
578 598
578 605
578 631
578 652
578 654
578 659
578 675
578 682
578 689
578 691
578 695
578 699
578 708
578 713
578 723
578 724
578 729
578 734
578 741
578 755
578 757
578 758
578 1430
578 1532
579 589
579 596
579 605
579 606
579 647
579 652
579 653
579 659
579 671
579 679
579 690
579 698
579 703
579 710
579 757
579 761
579 1143
579 1973
580 586
580 587
580 627
580 638
580 640
580 646
580 657
580 673
580 676
580 680
580 684
580 685
580 688
580 693
580 694
580 699
580 708
580 709
580 712
580 733
580 748
580 760
580 872
580 1115
580 1219
580 1456
580 1912
581 587
581 588
581 590
581 594
581 599
581 622
581 624
581 635
581 636
581 646
581 650
581 674
581 700
581 703
581 707
581 712
581 731
581 732
581 750
581 1025
582 586
582 604
582 610
582 611
582 624
582 636
582 637
582 641
582 642
582 680
582 682
582 690
582 691
582 714
582 718
582 751
582 1564
582 1935
583 592
583 605
583 610
583 623
583 626
583 628
583 631
583 641
583 656
583 663
583 664
583 675
583 683
583 686
583 698
583 714
583 733
583 738
583 739
583 753
583 800
583 880
583 1074
584 601
584 603
584 612
584 620
584 621
584 622
584 635
584 645
584 656
584 668
584 679
584 686
584 688
584 690
584 704
584 742
584 749
584 1791
585 594
585 619
585 624
585 638
585 666
585 670
585 690
585 727
585 733
585 751
585 791
585 1234
585 1263
585 1823
586 595
586 623
586 625
586 626
586 642
586 644
586 653
586 657
586 662
586 676
586 711
586 712
586 715
586 723
586 738
586 740
586 746
586 773
586 1121
586 1232
586 1518
586 1557
586 1872
587 588
587 590
587 596
587 602
587 606
587 610
587 623
587 646
587 649
587 674
587 705
587 718
587 719
587 720
587 727
587 738
587 744
587 747
587 749
587 753
587 759
587 1275
588 601
588 625
588 628
588 642
588 643
588 664
588 678
588 695
588 705
588 717
588 722
588 732
588 752
588 759
589 596
589 603
589 606
589 615
589 624
589 630
589 638
589 649
589 659
589 661
589 686
589 691
589 698
589 701
589 702
589 716
589 717
589 744
589 752
589 758
589 919
589 1455
589 1913
590 598
590 619
590 671
590 675
590 680
590 694
590 707
590 714
590 753
590 1524
590 1613
590 1870
591 597
591 602
591 613
591 615
591 616
591 617
591 620
591 622
591 643
591 653
591 666
591 686
591 693
591 702
591 715
591 739
591 744
591 1196
591 1812
591 1895
592 593
592 597
592 611
592 618
592 619
592 623
592 624
592 628
592 633
592 653
592 678
592 685
592 689
592 695
592 697
592 698
592 718
592 727
592 729
592 754
592 758
592 964
592 1389
592 1831
593 597
593 598
593 615
593 617
593 622
593 626
593 628
593 635
593 637
593 660
593 663
593 671
593 690
593 722
593 747
593 753
593 761
593 1500
593 1845
593 2010
594 598
594 601
594 613
594 614
594 635
594 638
594 640
594 642
594 647
594 650
594 654
594 672
594 674
594 679
594 680
594 682
594 688
594 703
594 734
594 739
594 742
594 752
594 786
594 976
594 1333
595 600
595 604
595 615
595 624
595 625
595 641
595 644
595 648
595 655
595 667
595 675
595 678
595 698
595 699
595 706
595 730
595 767
595 775
595 848
595 1188
595 1254
595 1417
596 608
596 613
596 627
596 628
596 641
596 650
596 656
596 657
596 675
596 682
596 697
596 700
596 705
596 715
596 724
596 735
596 742
596 746
596 747
596 753
596 757
596 1255
596 1295
596 1692
596 1964
596 1967
596 2009
597 607
597 609
597 611
597 630
597 647
597 659
597 673
597 696
597 700
597 707
597 711
597 713
597 715
597 728
597 729
597 747
597 752
597 753
597 754
597 1152
597 1669
598 605
598 611
598 613
598 619
598 622
598 640
598 644
598 649
598 653
598 658
598 660
598 678
598 690
598 705
598 721
598 731
598 737
598 746
598 750
598 754
598 775
598 1509
598 1553
599 600
599 602
599 615
599 637
599 660
599 683
599 696
599 699
599 705
599 725
599 729
599 734
599 735
599 750
599 751
599 756
599 759
599 1349
600 627
600 628
600 629
600 637
600 644
600 647
600 650
600 658
600 660
600 665
600 668
600 680
600 697
600 711
600 715
600 739
600 742
600 751
600 754
601 647
601 650
601 653
601 656
601 699
601 700
601 705
601 730
601 741
601 743
601 748
601 761
601 859
601 1417
601 1606
601 1983
602 612
602 624
602 633
602 636
602 643
602 648
602 660
602 699
602 702
602 703
602 705
602 709
602 724
602 732
602 735
602 742
602 744
602 754
602 1155
602 1441
603 606
603 607
603 628
603 647
603 656
603 657
603 673
603 699
603 761
603 1987
604 653
604 654
604 659
604 666
604 689
604 690
604 705
604 709
604 712
604 744
604 750
604 753
604 754
604 761
604 1631
604 1803
604 2001
605 607
605 612
605 620
605 621
605 649
605 668
605 692
605 703
605 708
605 711
605 715
605 726
605 731
605 742
605 749
605 759
605 850
605 1394
606 609
606 612
606 635
606 637
606 645
606 657
606 659
606 663
606 672
606 681
606 688
606 694
606 696
606 734
606 738
606 745
606 746
606 995
606 1680
607 610
607 620
607 621
607 651
607 653
607 655
607 657
607 675
607 683
607 692
607 700
607 706
607 719
607 750
607 755
608 617
608 625
608 636
608 647
608 653
608 657
608 663
608 665
608 675
608 700
608 711
608 713
608 719
608 736
608 737
608 945
608 1131
608 1210
609 610
609 614
609 649
609 651
609 664
609 672
609 675
609 680
609 681
609 684
609 705
609 710
609 712
609 722
609 734
609 758
609 1379
610 624
610 634
610 648
610 663
610 679
610 689
610 709
610 728
610 745
610 746
610 750
610 756
610 759
610 1193
610 1263
611 631
611 632
611 644
611 659
611 663
611 664
611 670
611 710
611 724
611 738
611 752
611 917
611 1389
611 1746
611 1885
611 1920
612 630
612 638
612 646
612 650
612 652
612 666
612 711
612 712
612 720
612 727
612 729
612 735
612 736
612 737
612 1134
612 1196
612 1306
613 625
613 646
613 649
613 650
613 659
613 665
613 678
613 681
613 682
613 701
613 729
613 733
613 741
613 744
613 745
613 749
613 757
613 758
613 772
613 1586
613 1716
613 2020
614 616
614 630
614 638
614 657
614 679
614 691
614 693
614 695
614 713
614 726
614 739
614 758
614 1263
614 1580
615 622
615 626
615 658
615 669
615 672
615 676
615 684
615 690
615 700
615 701
615 716
615 718
615 748
616 621
616 653
616 676
616 682
616 684
616 690
616 732
616 734
616 737
616 742
616 758
616 1418
617 618
617 622
617 624
617 628
617 642
617 663
617 664
617 668
617 673
617 677
617 679
617 696
617 705
617 707
617 713
617 716
617 719
617 723
617 732
617 738
617 745
617 747
617 761
617 1394
617 1754
618 620
618 630
618 635
618 639
618 642
618 664
618 677
618 678
618 688
618 690
618 692
618 714
618 720
618 738
618 742
618 1092
618 1266
619 625
619 630
619 639
619 646
619 652
619 661
619 666
619 668
619 680
619 704
619 746
619 751
619 897
619 1622
620 649
620 660
620 662
620 673
620 674
620 688
620 692
620 696
620 698
620 702
620 721
620 727
620 729
620 733
620 758
620 990
620 1318
620 1376
620 1731
621 633
621 634
621 647
621 648
621 680
621 692
621 702
621 704
621 707
621 717
621 720
621 735
621 737
621 753
621 965
621 1297
621 1324
622 624
622 643
622 651
622 657
622 702
622 703
622 713
622 714
622 716
622 746
622 1490
623 627
623 630
623 641
623 649
623 667
623 683
623 706
623 709
623 713
623 730
623 760
623 1455
623 1649
624 628
624 642
624 660
624 663
624 678
624 688
624 692
624 695
624 706
624 712
624 719
624 722
624 732
624 734
624 745
624 747
624 750
624 755
624 1700
625 632
625 642
625 650
625 655
625 657
625 663
625 678
625 679
625 690
625 715
625 721
625 759
625 1098
625 1239
625 1485
626 632
626 644
626 648
626 656
626 674
626 684
626 685
626 700
626 750
626 753
626 754
626 1269
626 1700
627 642
627 647
627 650
627 652
627 655
627 662
627 668
627 671
627 675
627 680
627 694
627 695
627 697
627 699
627 707
627 736
627 741
628 639
628 642
628 651
628 658
628 676
628 677
628 685
628 689
628 691
628 738
628 749
628 751
628 765
628 990
628 1080
628 1222
629 635
629 637
629 645
629 648
629 661
629 666
629 671
629 676
629 685
629 697
629 700
629 702
629 717
629 718
629 724
629 725
629 730
629 733
629 735
629 1841
630 634
630 643
630 644
630 652
630 660
630 676
630 699
630 703
630 743
630 753
630 755
630 756
630 1986
631 634
631 647
631 651
631 681
631 724
631 726
631 735
631 741
631 745
631 871
631 940
632 638
632 643
632 644
632 659
632 678
632 684
632 698
632 710
632 723
632 735
632 750
632 752
632 753
632 754
632 755
632 756
632 760
632 1616
633 650
633 672
633 679
633 685
633 686
633 689
633 702
633 709
633 713
633 744
633 747
633 759
633 860
633 1511
634 650
634 656
634 661
634 672
634 673
634 687
634 700
634 702
634 709
634 712
634 716
634 738
634 744
634 746
634 749
634 758
634 759
634 1027
634 1288
635 657
635 661
635 666
635 671
635 680
635 681
635 690
635 692
635 706
635 718
635 721
635 725
635 1315
635 1335
635 1945
636 648
636 651
636 671
636 680
636 689
636 694
636 695
636 699
636 702
636 705
636 717
636 750
636 752
636 1603
637 654
637 656
637 699
637 711
637 712
637 714
637 722
637 742
637 755
637 1447
637 1844
637 1992
638 648
638 655
638 667
638 692
638 703
638 705
638 713
638 719
638 724
638 725
638 732
638 738
638 748
638 749
638 754
638 817
638 1779
639 642
639 666
639 708
639 711
639 717
639 721
639 730
639 751
639 761
640 645
640 650
640 655
640 675
640 691
640 696
640 704
640 712
640 728
640 739
640 753
640 759
640 976
640 1337
640 1487
640 1502
640 1777
640 2006
641 644
641 645
641 646
641 649
641 671
641 672
641 678
641 695
641 696
641 701
641 703
641 704
641 708
641 712
641 723
641 726
641 731
641 761
641 870
642 648
642 652
642 661
642 671
642 689
642 698
642 704
642 710
642 737
642 746
642 1943
642 1945
643 646
643 650
643 652
643 656
643 695
643 724
643 752
643 755
643 761
643 822
643 829
644 645
644 647
644 648
644 678
644 690
644 718
644 721
644 726
644 733
644 741
644 1191
644 1203
644 1470
645 647
645 656
645 661
645 668
645 672
645 699
645 701
645 716
645 718
645 741
645 744
645 759
646 653
646 683
646 691
646 693
646 699
646 700
646 733
646 736
646 746
647 652
647 657
647 678
647 688
647 691
647 704
647 709
647 717
647 728
647 747
647 749
647 753
647 754
647 1292
647 1357
648 650
648 667
648 669
648 670
648 689
648 690
648 692
648 701
648 715
648 720
648 749
648 890
648 1055
648 1365
648 1559
649 686
649 690
649 735
649 736
649 737
649 739
649 747
649 759
649 891
649 1207
650 654
650 674
650 689
650 694
650 698
650 719
650 737
650 752
650 831
650 892
650 1725
651 660
651 667
651 683
651 700
651 708
651 710
651 712
651 721
651 738
651 739
651 743
651 1880
652 674
652 693
652 695
652 706
652 708
652 715
652 716
652 722
652 734
652 735
652 740
652 749
652 1167
652 1715
653 655
653 659
653 663
653 689
653 703
653 715
653 733
653 753
653 761
653 915
653 918
653 958
654 656
654 659
654 669
654 675
654 685
654 698
654 735
654 736
654 745
654 752
654 1834
655 660
655 682
655 689
655 704
655 709
655 739
655 741
655 742
655 743
655 785
655 1618
655 1706
655 1889
656 679
656 680
656 703
656 715
656 759
656 760
656 805
656 1863
657 696
657 702
657 705
657 708
657 709
657 731
657 733
657 736
657 743
657 1021
657 1071
657 1093
657 1285
657 1943
658 659
658 663
658 667
658 673
658 676
658 683
658 693
658 697
658 701
658 706
658 708
658 710
658 711
658 713
658 734
658 741
658 745
658 751
658 963
658 1192
658 1636
659 660
659 692
659 727
659 732
659 739
659 741
659 757
659 760
659 1015
659 1826
660 666
660 678
660 684
660 686
660 702
660 708
660 716
660 719
660 728
660 740
660 743
660 757
660 1660
661 662
661 671
661 682
661 684
661 712
661 725
661 731
661 747
661 759
661 843
661 1895
662 671
662 672
662 686
662 694
662 697
662 701
662 702
662 706
662 731
662 736
662 757
662 822
662 958
663 671
663 682
663 684
663 699
663 711
663 717
663 727
663 735
663 983
663 1037
663 1810
663 1811
664 669
664 670
664 682
664 692
664 698
664 699
664 702
664 706
664 709
664 730
664 755
664 1069
664 1403
664 1487
665 669
665 676
665 706
665 727
665 731
665 732
665 735
665 739
665 745
665 746
665 748
665 760
665 1264
665 1425
666 700
666 710
666 715
666 717
666 720
666 721
666 724
666 728
666 734
666 743
666 750
666 757
666 761
666 1998
667 674
667 689
667 704
667 706
667 710
667 724
667 725
667 761
667 1685
667 1956
668 671
668 681
668 689
668 698
668 702
668 748
668 915
668 947
668 1013
668 1646
669 670
669 675
669 678
669 681
669 684
669 688
669 698
669 722
669 744
669 754
669 1175
669 1271
669 1328
669 1891
669 1958
670 675
670 692
670 695
670 696
670 700
670 725
670 742
670 747
670 758
670 763
670 1320
671 677
671 716
671 718
671 719
671 737
671 739
671 760
671 1435
671 1505
671 1725
672 680
672 688
672 694
672 705
672 713
672 718
672 722
672 726
672 736
672 740
672 743
672 1283
673 674
673 693
673 695
673 710
673 714
673 716
673 730
673 738
673 750
673 751
673 754
673 755
673 770
673 780
674 694
674 701
674 714
674 736
674 747
674 757
674 1020
674 1586
674 1786
675 682
675 706
675 709
675 711
675 724
675 740
675 753
675 901
676 694
676 701
676 703
676 726
676 733
676 737
676 742
676 744
676 748
676 903
676 963
676 1017
676 1870
677 691
677 695
677 709
677 714
677 726
677 731
677 739
678 687
678 702
678 706
678 717
678 721
678 724
678 725
678 726
678 733
678 735
678 737
678 747
678 751
678 753
678 761
678 1102
678 1355
679 692
679 695
679 697
679 698
679 700
679 715
679 717
679 720
679 730
679 732
679 748
679 761
679 1817
680 688
680 695
680 716
680 731
680 737
680 739
680 742
680 748
680 750
680 753
680 805
680 1113
680 1770
680 1899
681 690
681 691
681 705
681 712
681 720
681 740
681 776
681 1769
682 699
682 710
682 711
682 716
682 1514
682 1808
683 698
683 706
683 724
683 725
683 755
683 903
683 1014
683 1173
683 1430
683 1673
684 685
684 703
684 709
684 717
684 740
684 741
684 746
684 1559
685 687
685 691
685 721
685 729
685 737
685 739
685 751
685 754
685 983
685 1048
685 1798
686 702
686 734
686 751
686 752
686 756
686 761
686 1001
686 1179
686 1769
686 1951
687 704
687 732
687 735
687 736
687 737
687 1362
687 1847
688 695
688 702
688 704
688 708
688 716
688 720
688 723
688 733
688 735
688 740
688 741
688 752
688 758
688 1067
689 691
689 705
689 709
689 730
689 733
689 738
689 741
689 748
689 751
689 827
689 865
689 1047
689 1700
690 702
690 706
690 733
690 747
690 755
690 1446
691 694
691 711
691 713
691 715
691 726
691 743
691 757
691 759
691 845
691 1098
691 1234
691 1869
692 696
692 716
692 717
692 731
692 752
692 754
692 755
692 760
692 1716
693 705
693 707
693 712
693 720
693 725
693 752
693 755
693 757
693 759
693 761
693 1291
694 704
694 715
694 720
694 723
694 736
694 738
694 757
694 848
694 921
694 1897
695 700
695 719
695 745
695 756
695 758
695 1363
695 1998
696 701
696 704
696 711
696 713
696 734
696 740
696 743
696 749
696 750
696 755
696 760
696 951
696 1690
696 1733
696 1923
697 702
697 710
697 712
697 715
697 716
697 722
697 732
697 1964
698 704
698 747
699 703
699 706
699 727
699 741
699 743
699 750
699 1923
700 708
700 710
700 712
700 744
700 749
700 755
700 1268
701 709
701 736
701 741
701 745
701 747
701 756
701 1834
702 729
702 731
702 734
702 735
702 737
702 753
702 759
702 1469
703 705
703 706
703 722
703 758
703 771
703 1354
703 1903
704 708
704 715
704 742
704 745
704 752
704 1140
705 715
705 722
705 727
705 753
705 757
705 760
705 1156
705 1884
705 1960
705 2008
706 708
706 737
706 757
706 1054
706 1196
706 1197
706 1637
706 1942
707 716
707 727
707 746
707 1110
707 1236
707 1478
708 710
708 725
708 728
708 744
708 746
708 771
708 930
708 1512
708 1580
708 1690
708 2008
709 717
709 721
709 746
709 828
709 1507
709 1894
710 711
710 726
710 738
710 739
710 744
710 750
710 751
710 754
710 755
711 715
711 757
711 817
711 1035
711 1945
712 718
712 721
712 743
712 1143
713 716
713 721
713 722
713 733
713 738
713 1155
713 1662
714 717
714 721
714 726
714 728
714 752
714 757
714 902
714 1096
714 1208
714 1238
715 723
715 732
715 735
715 736
715 742
715 747
715 755
715 761
715 824
715 1042
715 1446
715 1885
716 720
716 724
716 728
716 730
716 742
716 758
716 1032
716 1069
716 1161
716 1231
717 725
717 742
717 747
717 750
717 759
717 1098
718 724
718 730
718 746
718 756
718 1730
719 730
719 732
719 747
719 1041
719 1318
719 1788
720 740
720 751
720 835
720 1858
721 722
721 743
721 751
721 808
722 734
722 739
722 758
722 760
722 987
722 1418
723 731
723 732
723 740
723 742
723 886
723 1113
723 1118
723 1182
724 733
724 740
724 741
724 756
724 759
724 921
724 1068
724 1946
725 752
725 753
725 1170
725 1564
726 729
726 741
726 750
726 755
726 783
726 1504
727 733
727 757
727 759
727 760
727 767
727 829
728 747
728 803
728 1082
729 730
729 731
729 733
729 756
729 1042
730 738
730 768
730 838
730 1771
731 737
731 739
731 740
731 744
731 748
731 749
731 841
731 936
731 1156
731 1748
732 736
732 756
732 758
732 1182
732 1259
732 1782
732 1803
733 748
733 765
733 909
733 912
734 736
734 755
734 756
734 758
734 760
735 740
735 752
735 754
735 1947
735 1964
736 739
736 746
736 759
736 1635
737 740
737 749
737 760
737 1048
737 1610
737 1629
738 744
738 989
738 1094
738 1658
739 741
739 746
739 753
739 754
739 1470
739 1716
740 745
740 749
740 757
740 759
740 1469
740 1568
740 1999
741 743
741 750
741 757
741 864
741 1401
741 1487
742 745
742 753
742 759
742 1154
743 756
743 1029
743 1435
743 1497
744 761
744 1277
744 1779
745 757
745 779
745 1169
746 748
746 751
746 753
746 755
746 760
746 1033
746 1348
746 1658
746 1719
747 752
747 754
747 757
747 759
747 1291
747 1734
748 749
748 753
748 758
749 759
749 761
750 752
750 756
750 761
750 869
750 1857
750 1985
751 760
751 1062
751 1531
752 758
752 761
752 785
753 758
753 761
753 1177
753 1507
753 1982
755 756
755 758
755 760
755 1093
755 1829
755 2000
757 758
758 973
758 1199
759 760
759 889
759 1578
759 1716
760 1252
761 1548
761 1901
762 775
762 783
762 799
762 801
762 839
762 859
762 863
762 885
762 893
762 912
762 920
762 925
762 934
762 954
762 959
762 960
762 970
762 978
762 980
762 985
762 1010
762 1011
762 1857
762 1948
762 1974
763 783
763 788
763 789
763 806
763 822
763 837
763 847
763 871
763 872
763 886
763 903
763 922
763 929
763 932
763 938
763 944
763 960
763 963
763 975
763 989
763 1002
763 1014
763 1373
763 1510
763 2005
764 768
764 787
764 804
764 824
764 825
764 829
764 860
764 863
764 875
764 890
764 895
764 903
764 908
764 912
764 916
764 941
764 958
764 974
764 983
764 1007
764 1737
764 1751
765 769
765 773
765 787
765 793
765 798
765 810
765 861
765 872
765 876
765 879
765 883
765 893
765 898
765 899
765 907
765 923
765 928
765 929
765 938
765 958
765 969
765 981
765 982
765 997
765 1015
765 1852
766 775
766 780
766 803
766 804
766 810
766 827
766 838
766 863
766 868
766 870
766 884
766 911
766 932
766 933
766 934
766 960
766 972
766 988
766 989
766 992
766 998
766 1011
766 1014
766 1335
766 1723
766 2012
767 778
767 787
767 806
767 810
767 828
767 835
767 837
767 852
767 865
767 870
767 872
767 896
767 907
767 911
767 929
767 935
767 957
767 966
767 977
767 987
767 999
768 778
768 781
768 782
768 785
768 801
768 804
768 808
768 812
768 817
768 826
768 837
768 842
768 850
768 869
768 875
768 882
768 894
768 905
768 930
768 931
768 951
768 965
768 978
768 981
768 988
768 989
768 1010
768 1012
769 774
769 776
769 787
769 796
769 817
769 826
769 828
769 829
769 854
769 873
769 878
769 898
769 907
769 908
769 931
769 937
769 953
769 965
769 992
769 994
769 998
769 1005
769 1673
769 1734
769 1951
770 776
770 781
770 784
770 790
770 798
770 799
770 807
770 819
770 831
770 845
770 856
770 861
770 878
770 897
770 904
770 910
770 913
770 915
770 918
770 923
770 925
770 927
770 929
770 936
770 957
770 959
770 961
770 967
770 969
770 971
770 998
770 1015
770 1502
770 1915
771 776
771 791
771 794
771 806
771 808
771 810
771 815
771 822
771 823
771 833
771 842
771 845
771 851
771 864
771 865
771 870
771 872
771 887
771 896
771 903
771 919
771 927
771 935
771 980
771 1009
771 1209
771 1659
772 778
772 805
772 808
772 823
772 827
772 828
772 832
772 846
772 862
772 869
772 873
772 880
772 896
772 922
772 936
772 954
772 960
772 975
772 983
772 984
772 993
773 774
773 776
773 790
773 797
773 802
773 807
773 813
773 825
773 828
773 832
773 833
773 836
773 839
773 855
773 857
773 858
773 860
773 878
773 887
773 890
773 895
773 907
773 909
773 911
773 915
773 919
773 938
773 941
773 955
773 988
773 996
773 999
773 1004
774 777
774 802
774 810
774 853
774 865
774 881
774 887
774 892
774 900
774 902
774 907
774 921
774 922
774 935
774 943
774 945
774 946
774 949
774 952
774 953
774 954
774 960
774 1412
774 1649
775 797
775 798
775 799
775 800
775 805
775 828
775 829
775 841
775 860
775 864
775 880
775 903
775 909
775 912
775 917
775 923
775 928
775 930
775 938
775 967
775 969
775 978
775 988
775 1002
775 1012
775 1564
776 781
776 795
776 798
776 805
776 807
776 810
776 825
776 832
776 871
776 906
776 908
776 910
776 924
776 944
776 946
776 956
776 957
776 960
776 986
776 988
776 993
776 995
776 998
776 1001
776 1010
776 1204
776 1296
776 1398
777 784
777 795
777 816
777 824
777 832
777 835
777 858
777 861
777 876
777 884
777 893
777 897
777 902
777 906
777 907
777 914
777 927
777 934
777 939
777 940
777 948
777 949
777 960
777 968
777 978
777 990
777 1011
777 1095
777 1545
778 788
778 790
778 806
778 824
778 826
778 833
778 840
778 867
778 878
778 897
778 898
778 908
778 915
778 922
778 960
778 967
778 975
778 984
778 1005
778 1144
778 1481
778 1503
778 1539
779 789
779 794
779 798
779 811
779 814
779 817
779 846
779 875
779 885
779 894
779 913
779 932
779 946
779 948
779 950
779 962
779 963
779 980
779 988
779 995
779 1004
779 1012
779 1624
779 1667
780 822
780 836
780 853
780 871
780 892
780 899
780 900
780 915
780 941
780 973
780 979
780 982
780 984
780 993
780 994
780 1004
780 1009
780 1501
780 1579
781 783
781 787
781 792
781 794
781 812
781 823
781 829
781 830
781 835
781 842
781 846
781 859
781 871
781 876
781 877
781 882
781 887
781 910
781 913
781 915
781 927
781 956
781 960
781 979
781 980
781 985
781 991
781 995
781 1000
781 1007
782 797
782 804
782 808
782 809
782 815
782 829
782 830
782 837
782 838
782 844
782 854
782 858
782 864
782 879
782 887
782 888
782 890
782 898
782 904
782 917
782 921
782 925
782 933
782 934
782 960
782 963
782 992
782 993
782 995
783 792
783 802
783 804
783 810
783 836
783 844
783 852
783 863
783 884
783 908
783 911
783 935
783 940
783 959
783 971
783 979
783 982
783 983
783 1014
783 1237
783 1411
783 1504
783 1748
783 1819
784 785
784 788
784 790
784 795
784 803
784 815
784 821
784 844
784 857
784 866
784 878
784 879
784 880
784 884
784 887
784 889
784 890
784 904
784 916
784 917
784 976
784 991
784 993
784 996
784 997
784 998
784 1004
784 1014
784 1023
784 1872
785 792
785 807
785 813
785 818
785 820
785 827
785 838
785 868
785 892
785 909
785 910
785 948
785 954
785 955
785 959
785 978
785 981
785 999
785 1010
785 1015
785 1225
785 1751
785 1830
785 1933
786 792
786 795
786 802
786 805
786 809
786 818
786 820
786 824
786 830
786 850
786 865
786 875
786 882
786 886
786 890
786 893
786 898
786 902
786 912
786 926
786 953
786 960
786 970
786 974
786 980
786 983
786 999
786 1003
786 1004
786 1012
786 1216
787 827
787 838
787 860
787 864
787 866
787 873
787 879
787 887
787 891
787 894
787 902
787 932
787 942
787 946
787 948
787 955
787 961
787 971
787 980
787 983
787 986
787 1200
788 791
788 805
788 827
788 828
788 840
788 858
788 883
788 896
788 900
788 922
788 931
788 947
788 949
788 952
788 960
788 977
788 980
788 997
788 998
788 999
788 1749
789 790
789 791
789 805
789 815
789 819
789 822
789 825
789 826
789 827
789 831
789 833
789 842
789 882
789 888
789 889
789 909
789 917
789 930
789 939
789 945
789 946
789 950
789 961
789 968
789 989
789 1004
789 1695
790 814
790 823
790 836
790 839
790 852
790 864
790 880
790 897
790 906
790 921
790 924
790 941
790 948
790 954
790 958
790 964
790 967
790 972
790 975
790 1007
790 1012
790 1015
790 1229
790 1433
790 1617
790 1779
790 1930
791 795
791 801
791 803
791 821
791 825
791 831
791 835
791 853
791 875
791 877
791 894
791 933
791 943
791 959
791 964
791 965
791 989
791 993
791 995
791 997
791 1002
791 1009
791 1084
791 1870
791 1932
792 796
792 803
792 806
792 808
792 811
792 820
792 841
792 844
792 847
792 850
792 852
792 853
792 878
792 881
792 901
792 903
792 910
792 920
792 921
792 929
792 941
792 947
792 961
792 977
792 978
792 989
792 998
792 1010
792 1015
792 1506
793 805
793 808
793 812
793 823
793 839
793 855
793 857
793 867
793 875
793 893
793 895
793 911
793 919
793 927
793 942
793 955
793 972
793 974
793 984
793 1015
793 1205
793 1844
794 829
794 838
794 843
794 856
794 857
794 862
794 890
794 894
794 898
794 899
794 902
794 905
794 918
794 925
794 929
794 932
794 954
794 962
794 963
794 976
794 978
794 990
794 991
794 1000
794 1002
794 1003
794 1094
795 796
795 812
795 827
795 830
795 831
795 832
795 836
795 837
795 841
795 877
795 880
795 881
795 889
795 915
795 933
795 938
795 949
795 962
795 968
795 970
795 978
795 1000
795 1003
795 1005
795 1008
796 812
796 816
796 822
796 847
796 856
796 857
796 858
796 865
796 872
796 887
796 913
796 926
796 933
796 948
796 956
796 977
796 978
796 992
797 798
797 811
797 822
797 828
797 831
797 861
797 863
797 883
797 884
797 901
797 904
797 922
797 932
797 955
797 969
797 974
797 979
797 996
797 997
797 1004
797 1011
797 1012
797 1030
797 1079
798 801
798 809
798 827
798 828
798 837
798 862
798 886
798 927
798 934
798 945
798 950
798 988
798 993
798 1003
798 1216
798 1863
799 804
799 816
799 819
799 822
799 842
799 862
799 876
799 881
799 897
799 911
799 913
799 933
799 938
799 953
799 977
799 998
799 999
799 1006
799 1008
799 1013
800 814
800 818
800 819
800 822
800 836
800 840
800 842
800 848
800 854
800 856
800 858
800 860
800 867
800 872
800 895
800 907
800 912
800 919
800 922
800 927
800 949
800 956
800 958
800 961
800 963
800 993
800 998
800 1003
800 1004
800 1009
800 1012
800 1014
800 1177
801 803
801 813
801 831
801 832
801 836
801 892
801 895
801 902
801 922
801 949
801 965
801 974
801 977
801 980
801 982
801 996
801 999
801 1721
802 809
802 810
802 815
802 826
802 834
802 855
802 892
802 896
802 905
802 914
802 939
802 940
802 946
802 958
802 968
802 969
802 971
802 979
802 984
802 987
802 989
802 1006
802 1012
803 804
803 805
803 857
803 880
803 881
803 894
803 910
803 924
803 928
803 936
803 945
803 960
803 962
803 964
803 965
803 977
803 990
803 991
803 1060
803 1240
804 808
804 812
804 814
804 816
804 826
804 836
804 837
804 851
804 882
804 892
804 913
804 924
804 938
804 971
804 987
804 991
804 995
804 999
804 1000
804 1001
804 1015
804 1094
804 1173
804 1272
805 811
805 827
805 833
805 837
805 851
805 865
805 873
805 875
805 881
805 883
805 884
805 890
805 891
805 908
805 915
805 916
805 935
805 948
805 956
805 957
805 958
805 964
805 965
805 966
805 979
805 982
805 1872
806 812
806 814
806 815
806 826
806 836
806 884
806 889
806 894
806 900
806 906
806 916
806 930
806 937
806 938
806 939
806 940
806 949
806 963
806 973
806 999
806 1133
807 808
807 809
807 810
807 822
807 823
807 834
807 857
807 860
807 861
807 878
807 907
807 945
807 964
807 977
807 1007
807 1128
807 1317
807 1501
807 1949
808 814
808 815
808 830
808 831
808 833
808 835
808 856
808 870
808 901
808 934
808 938
808 939
808 942
808 952
808 964
808 970
808 992
808 1014
808 1053
808 1112
808 1153
808 1225
808 1429
809 850
809 860
809 872
809 873
809 875
809 881
809 886
809 898
809 899
809 908
809 911
809 914
809 915
809 919
809 928
809 939
809 940
809 950
809 960
809 966
809 989
809 1001
809 1224
809 1507
809 1700
810 811
810 817
810 840
810 862
810 882
810 909
810 914
810 932
810 941
810 959
810 969
810 1000
810 1007
810 1008
810 1009
810 1281
811 834
811 841
811 849
811 850
811 873
811 880
811 885
811 903
811 919
811 942
811 957
811 971
811 977
811 983
811 985
811 988
811 998
811 1767
811 1833
812 826
812 852
812 866
812 878
812 887
812 892
812 908
812 911
812 912
812 923
812 953
812 971
812 983
812 995
812 1005
812 1500
812 1710
813 815
813 817
813 826
813 832
813 855
813 884
813 885
813 913
813 931
813 934
813 950
813 974
813 976
813 981
813 982
813 992
813 993
813 1001
813 1009
814 817
814 821
814 824
814 841
814 861
814 882
814 889
814 893
814 895
814 923
814 924
814 937
814 939
814 944
814 956
814 961
814 965
814 966
814 974
814 978
814 981
814 987
814 994
814 1006
814 1057
814 1446
814 1611
815 821
815 850
815 854
815 855
815 856
815 863
815 876
815 883
815 920
815 934
815 950
815 967
815 973
815 979
815 983
815 988
815 990
815 995
815 1265
815 1403
815 1481
816 826
816 839
816 841
816 847
816 850
816 851
816 856
816 861
816 866
816 901
816 903
816 914
816 937
816 944
816 947
816 952
816 955
816 975
816 976
816 986
817 821
817 830
817 835
817 839
817 843
817 873
817 907
817 924
817 931
817 950
817 973
817 981
817 984
817 1001
817 1003
817 1094
817 1095
818 827
818 830
818 837
818 852
818 875
818 876
818 881
818 889
818 896
818 908
818 923
818 939
818 948
818 955
818 975
818 987
818 1002
818 1005
818 1008
818 1260
819 832
819 841
819 846
819 859
819 862
819 896
819 903
819 915
819 933
819 934
819 944
819 957
819 969
819 980
819 990
819 1004
819 1006
819 1165
819 1695
819 1789
820 833
820 843
820 863
820 866
820 882
820 893
820 915
820 921
820 922
820 923
820 932
820 937
820 984
820 1008
820 1009
820 1012
820 1429
821 825
821 830
821 831
821 832
821 909
821 910
821 912
821 953
821 957
821 958
821 964
821 979
821 984
821 986
821 990
821 991
821 999
821 1015
821 1137
821 1843
822 828
822 836
822 856
822 876
822 893
822 905
822 907
822 908
822 925
822 947
822 960
822 961
822 972
822 984
822 996
822 1000
822 1007
822 1012
822 1256
823 824
823 836
823 846
823 880
823 882
823 908
823 909
823 911
823 913
823 932
823 950
823 956
823 964
823 968
823 976
823 995
823 996
823 1000
823 1006
823 1010
823 1011
823 1304
823 1655
824 834
824 853
824 859
824 868
824 869
824 882
824 892
824 904
824 928
824 935
824 936
824 937
824 938
824 960
824 967
824 975
824 977
824 981
824 986
824 997
824 1000
824 1001
824 1011
824 1117
824 1687
824 1771
825 837
825 838
825 840
825 861
825 866
825 867
825 884
825 900
825 918
825 926
825 947
825 949
825 974
825 981
825 998
825 1009
825 1585
826 834
826 839
826 840
826 869
826 879
826 883
826 897
826 923
826 969
826 976
826 987
826 993
826 994
826 999
826 1548
827 838
827 844
827 848
827 849
827 853
827 854
827 868
827 871
827 877
827 886
827 890
827 896
827 901
827 912
827 920
827 950
827 959
827 971
827 988
827 990
827 1609
828 832
828 836
828 844
828 845
828 855
828 857
828 871
828 876
828 879
828 880
828 886
828 888
828 895
828 900
828 905
828 906
828 957
828 961
828 971
828 1003
828 1005
828 1006
828 1056
828 1108
828 1969
829 834
829 855
829 878
829 897
829 899
829 907
829 921
829 947
829 948
829 952
829 972
829 976
829 981
829 982
829 1002
829 1353
830 833
830 857
830 859
830 863
830 864
830 883
830 901
830 907
830 910
830 914
830 915
830 917
830 950
830 952
830 956
830 960
830 963
830 965
830 966
830 969
830 972
830 974
830 982
830 989
830 994
830 995
830 1007
830 1930
831 843
831 858
831 864
831 873
831 878
831 882
831 908
831 911
831 918
831 927
831 930
831 934
831 951
831 965
831 976
831 982
831 985
831 999
831 1002
831 1780
831 2014
832 841
832 848
832 851
832 857
832 887
832 900
832 933
832 951
832 966
832 975
832 983
832 989
832 990
832 996
832 998
832 999
832 1008
832 1011
832 1973
833 836
833 838
833 850
833 862
833 865
833 866
833 867
833 889
833 890
833 893
833 910
833 917
833 924
833 926
833 929
833 934
833 936
833 938
833 939
833 952
833 959
833 975
833 1012
833 1475
833 1958
834 837
834 846
834 848
834 854
834 894
834 923
834 938
834 941
834 948
834 952
834 954
834 965
834 968
834 993
834 996
834 1000
834 1001
834 1008
834 1009
834 1193
835 841
835 849
835 851
835 857
835 859
835 877
835 879
835 881
835 883
835 889
835 896
835 913
835 914
835 922
835 933
835 941
835 954
835 959
835 964
835 967
835 990
835 992
835 1004
835 1006
835 1027
835 1056
835 1138
835 1361
835 1418
836 854
836 855
836 856
836 865
836 876
836 914
836 922
836 944
836 947
836 948
836 969
836 972
836 979
836 988
836 989
836 991
836 1009
836 1015
836 1437
836 1637
836 1782
837 848
837 855
837 876
837 917
837 918
837 922
837 946
837 951
837 965
837 978
837 982
837 991
837 999
837 1006
837 1009
837 1825
838 848
838 849
838 860
838 861
838 865
838 876
838 913
838 915
838 928
838 935
838 936
838 951
838 964
838 971
838 997
838 1030
838 1549
838 1873
839 842
839 876
839 902
839 905
839 910
839 914
839 919
839 920
839 924
839 927
839 928
839 931
839 936
839 939
839 942
839 945
839 960
839 962
839 982
839 994
839 996
839 999
840 864
840 890
840 907
840 911
840 929
840 932
840 957
840 958
840 959
840 965
840 967
840 973
840 977
840 1000
840 1013
840 1765
840 1929
840 1971
841 843
841 867
841 911
841 932
841 941
841 948
841 952
841 959
841 960
841 1054
841 1205
841 1591
841 1759
841 2030
842 852
842 856
842 875
842 878
842 888
842 908
842 914
842 919
842 921
842 934
842 943
842 944
842 945
842 946
842 952
842 962
842 964
842 991
842 998
842 999
842 1443
842 1801
843 856
843 862
843 872
843 874
843 889
843 912
843 916
843 939
843 941
843 942
843 953
843 959
843 966
843 982
843 992
843 1011
843 1012
843 1135
843 1964
844 848
844 861
844 870
844 875
844 878
844 887
844 888
844 890
844 895
844 897
844 900
844 903
844 911
844 927
844 928
844 930
844 937
844 945
844 965
844 977
844 980
844 983
844 996
844 1470
844 1486
844 1542
844 1688
844 1731
844 1769
844 1939
845 856
845 876
845 886
845 889
845 908
845 909
845 918
845 929
845 937
845 938
845 944
845 953
845 959
845 967
845 974
845 996
845 1012
845 1013
845 1849
846 849
846 857
846 876
846 880
846 885
846 917
846 918
846 928
846 938
846 973
846 976
846 990
846 991
846 993
846 1001
846 1113
846 1640
847 851
847 860
847 862
847 865
847 868
847 872
847 882
847 888
847 891
847 902
847 907
847 915
847 924
847 930
847 936
847 937
847 948
847 970
847 987
847 1001
847 1002
848 860
848 868
848 876
848 891
848 913
848 916
848 927
848 967
848 974
848 983
848 985
848 989
848 997
848 1011
849 863
849 873
849 891
849 901
849 903
849 904
849 910
849 912
849 923
849 952
849 963
849 968
849 992
849 1003
850 859
850 877
850 888
850 889
850 913
850 916
850 930
850 938
850 943
850 944
850 946
850 951
850 953
850 958
850 971
850 978
850 993
850 1007
850 1010
850 1920
851 854
851 861
851 872
851 876
851 877
851 879
851 887
851 898
851 903
851 916
851 940
851 953
851 958
851 973
851 974
851 981
851 982
851 986
851 1003
851 1572
852 857
852 868
852 873
852 882
852 886
852 888
852 893
852 896
852 899
852 908
852 912
852 926
852 932
852 936
852 938
852 939
852 940
852 945
852 948
852 953
852 960
852 963
852 965
852 977
852 979
852 981
852 983
852 987
852 1001
852 1003
852 1004
852 1076
852 1208
852 1337
852 1558
852 1968
853 865
853 871
853 894
853 899
853 903
853 906
853 918
853 946
853 950
853 951
853 976
853 1004
853 1005
853 1356
853 1444
854 859
854 861
854 893
854 900
854 911
854 923
854 929
854 963
854 964
854 973
854 976
854 979
854 990
854 1654
854 1774
854 1960
855 858
855 863
855 864
855 887
855 891
855 892
855 915
855 918
855 929
855 931
855 934
855 937
855 943
855 961
855 968
855 974
855 982
855 990
855 1011
855 1012
855 1049
855 1302
856 857
856 864
856 870
856 884
856 886
856 888
856 894
856 896
856 900
856 909
856 921
856 927
856 937
856 942
856 956
856 977
856 980
856 993
856 1006
856 1208
856 1241
856 1247
856 1455
856 1590
857 859
857 871
857 875
857 885
857 889
857 895
857 899
857 901
857 908
857 909
857 912
857 913
857 926
857 927
857 938
857 951
857 952
857 959
857 984
857 985
857 989
857 1001
857 1014
857 1124
857 1173
858 864
858 873
858 879
858 886
858 899
858 903
858 907
858 915
858 930
858 931
858 950
858 955
858 959
858 962
858 970
858 983
858 1006
858 1008
859 861
859 865
859 867
859 868
859 870
859 883
859 891
859 905
859 909
859 916
859 941
859 960
859 969
859 976
859 989
859 1000
859 1438
860 871
860 881
860 903
860 907
860 914
860 917
860 921
860 923
860 933
860 939
860 946
860 947
860 970
860 973
860 975
860 979
860 981
860 988
860 995
860 1011
861 874
861 875
861 877
861 906
861 908
861 915
861 922
861 930
861 940
861 942
861 954
861 967
861 969
861 973
861 974
861 977
861 989
861 990
861 996
861 999
861 1004
861 1012
861 1321
861 2025
862 900
862 901
862 905
862 928
862 932
862 938
862 951
862 952
862 967
862 972
862 974
862 976
862 998
863 868
863 871
863 873
863 897
863 905
863 906
863 908
863 909
863 916
863 920
863 922
863 924
863 925
863 931
863 938
863 942
863 947
863 950
863 976
863 985
863 990
863 1001
863 1002
863 1006
863 1007
863 1008
863 1573
863 1637
863 1716
863 1970
864 880
864 886
864 903
864 904
864 909
864 916
864 917
864 918
864 924
864 925
864 926
864 935
864 951
864 957
864 961
864 962
864 968
864 976
864 996
864 1001
864 1002
864 1008
864 1010
864 1612
864 1828
864 1867
865 871
865 886
865 906
865 923
865 929
865 937
865 951
865 984
865 986
865 1004
865 1005
866 869
866 873
866 877
866 879
866 910
866 911
866 914
866 918
866 926
866 937
866 941
866 944
866 957
866 987
866 999
866 1003
866 1581
866 1804
866 1818
866 1917
867 868
867 869
867 882
867 889
867 899
867 916
867 922
867 927
867 936
867 964
867 995
868 897
868 905
868 906
868 910
868 936
868 938
868 957
868 958
868 970
868 972
868 981
868 986
868 991
868 996
868 997
868 1001
868 1004
868 1336
869 875
869 878
869 884
869 899
869 906
869 917
869 918
869 926
869 962
869 973
869 976
869 985
869 987
869 997
869 999
869 1005
869 1810
869 2021
870 882
870 883
870 895
870 904
870 907
870 913
870 929
870 966
870 970
870 975
870 997
870 1000
870 1005
870 1007
870 1623
870 1795
870 1820
871 884
871 903
871 919
871 920
871 923
871 929
871 947
871 951
871 962
871 974
871 975
871 1008
871 1009
871 1010
871 1298
871 2022
872 883
872 902
872 914
872 921
872 922
872 924
872 925
872 937
872 944
872 949
872 956
872 970
872 971
872 972
872 974
872 1010
872 1397
872 1453
873 876
873 880
873 882
873 895
873 897
873 898
873 909
873 931
873 932
873 939
873 940
873 946
873 989
873 995
873 1003
873 1005
873 1008
873 1014
874 909
874 918
874 919
874 921
874 930
874 934
874 961
874 975
874 985
874 990
874 999
874 1005
874 1006
874 1007
874 1014
874 1065
874 1246
874 1582
875 879
875 884
875 902
875 908
875 919
875 924
875 926
875 931
875 933
875 938
875 959
875 961
875 963
875 971
875 973
875 974
875 977
875 992
875 1002
875 1009
875 1013
875 1014
875 1418
876 877
876 880
876 887
876 896
876 902
876 908
876 921
876 947
876 948
876 992
876 999
876 1002
876 1003
876 1365
876 1598
877 897
877 902
877 903
877 920
877 925
877 934
877 938
877 945
877 949
877 954
877 968
877 976
877 977
877 979
877 985
877 993
877 1013
877 1420
877 1848
878 881
878 897
878 906
878 908
878 909
878 919
878 924
878 939
878 954
878 957
878 959
878 972
878 975
878 983
878 1005
878 1015
878 1156
878 1545
879 901
879 908
879 909
879 917
879 921
879 925
879 928
879 937
879 939
879 952
879 973
879 976
879 1010
879 1190
880 889
880 891
880 897
880 917
880 931
880 946
880 948
880 967
880 982
880 984
880 1002
880 1008
881 883
881 886
881 890
881 901
881 913
881 920
881 924
881 925
881 933
881 941
881 942
881 965
881 969
881 972
881 973
881 985
881 986
881 1185
881 1533
881 1939
882 883
882 888
882 892
882 896
882 900
882 904
882 909
882 919
882 921
882 924
882 953
882 954
882 993
882 1010
882 1011
882 1214
882 1498
882 2016
883 886
883 898
883 936
883 945
883 951
883 954
883 964
883 971
883 975
883 989
883 1002
884 899
884 908
884 913
884 914
884 917
884 923
884 938
884 951
884 957
884 976
884 986
884 990
884 993
884 1902
885 893
885 914
885 915
885 925
885 931
885 935
885 960
885 974
885 999
885 1002
885 1006
885 1007
885 1008
885 1014
885 1303
886 890
886 892
886 895
886 896
886 899
886 905
886 921
886 938
886 954
886 1006
886 1011
886 1900
886 1902
886 1996
887 890
887 902
887 915
887 916
887 920
887 923
887 928
887 932
887 961
887 964
887 966
887 981
887 984
887 1004
887 1010
887 1011
887 1064
887 1092
888 893
888 898
888 916
888 925
888 943
888 950
888 951
888 969
888 973
888 974
888 1046
889 898
889 904
889 923
889 933
889 936
889 948
889 951
889 962
889 964
889 965
889 969
889 975
890 891
890 895
890 900
890 913
890 917
890 928
890 932
890 938
890 942
890 960
890 967
890 968
890 979
890 993
890 1003
890 1004
890 1006
890 1015
890 1028
890 1226
890 1601
890 1872
891 909
891 912
891 936
891 965
891 974
891 980
891 983
891 991
891 1010
891 1588
891 1819
891 1890
891 1891
892 893
892 898
892 901
892 902
892 914
892 926
892 936
892 937
892 939
892 948
892 952
892 959
892 961
892 962
892 980
892 987
892 992
892 1007
892 1009
892 1013
892 1071
892 1840
893 909
893 914
893 915
893 927
893 930
893 958
893 1000
893 1001
893 1003
893 1012
893 1205
894 898
894 912
894 930
894 937
894 947
894 958
894 973
894 974
894 994
894 999
894 1011
895 902
895 912
895 918
895 932
895 942
895 943
895 954
895 962
895 1009
895 1439
895 1659
896 903
896 908
896 910
896 915
896 926
896 927
896 929
896 944
896 958
896 980
896 985
896 986
896 989
896 996
896 999
896 1007
896 1911
896 1920
897 913
897 939
897 940
897 950
897 954
897 957
897 965
897 968
897 970
897 977
897 1000
897 1007
897 1011
898 899
898 914
898 923
898 926
898 979
898 985
898 1111
898 1443
898 1533
898 1658
899 932
899 951
899 957
899 978
899 997
899 998
899 1007
899 1384
899 1538
899 1556
899 1916
900 901
900 902
900 910
900 936
900 937
900 945
900 946
900 964
900 985
900 995
900 1010
901 904
901 910
901 916
901 917
901 918
901 919
901 927
901 947
901 952
901 962
901 969
901 970
901 1001
901 1008
901 1156
902 904
902 915
902 917
902 925
902 928
902 929
902 934
902 943
902 948
902 1001
902 1002
902 1008
902 1012
902 1106
902 1222
902 1607
902 1667
903 920
903 927
903 951
903 970
903 987
903 991
903 993
903 998
903 1006
903 1455
903 1539
904 913
904 924
904 928
904 942
904 951
904 959
904 966
904 980
904 982
904 985
904 1006
904 1091
904 1240
904 1272
904 1641
905 915
905 916
905 931
905 938
905 947
905 957
905 969
905 971
905 972
905 980
905 989
905 990
905 993
905 998
905 1000
905 1001
905 1005
905 1007
905 1010
905 1011
905 1792
906 916
906 921
906 964
906 971
906 974
906 976
906 1000
906 1358
906 1474
906 1502
906 1817
906 1969
907 912
907 913
907 925
907 946
907 953
907 966
907 1013
907 1052
907 1155
908 954
908 956
908 969
908 971
908 984
908 986
908 999
908 1000
908 1009
908 1011
908 1014
908 1019
908 1253
908 1343
909 920
909 938
909 970
909 974
909 975
909 989
909 992
909 1286
909 1440
909 1621
909 1787
910 920
910 928
910 939
910 944
910 958
910 970
910 977
910 985
910 989
910 993
910 999
910 1012
910 1351
910 1378
911 912
911 918
911 924
911 929
911 949
911 953
911 954
911 957
911 979
911 987
911 1010
911 1703
911 1789
912 919
912 940
912 952
912 971
912 988
912 989
912 994
912 996
912 997
912 1627
912 1893
912 2020
913 916
913 917
913 950
913 959
913 965
913 972
913 987
913 1319
913 1333
913 1595
913 1876
914 916
914 924
914 926
914 933
914 939
914 949
914 964
914 975
914 980
914 982
914 988
914 990
914 997
914 1015
914 1956
915 925
915 930
915 945
915 966
915 989
915 995
915 1004
915 1005
915 1012
915 1013
916 920
916 944
916 950
916 951
916 953
916 955
916 956
916 966
916 969
916 972
916 995
916 996
916 1001
916 1004
916 1008
916 1123
916 1331
916 1396
916 1718
917 929
917 934
917 954
917 964
917 974
917 975
917 980
917 993
917 1007
917 1525
917 1641
918 921
918 924
918 929
918 933
918 936
918 942
918 956
918 962
918 966
918 971
918 1099
918 1188
918 1285
918 1375
918 1410
918 1833
919 931
919 935
919 946
919 963
919 966
919 982
919 998
919 1001
919 1007
919 1008
919 1126
919 1454
920 930
920 939
920 946
920 950
920 977
920 983
920 988
920 989
920 1012
920 1751
921 924
921 933
921 937
921 953
921 993
921 999
921 1001
921 1002
921 1003
921 1008
921 1011
921 1025
921 1392
921 1446
921 1542
921 1619
921 1957
922 934
922 935
922 938
922 948
922 966
922 975
922 984
922 986
922 997
922 1007
922 1588
922 1973
922 2016
923 929
923 936
923 953
923 957
923 961
923 971
923 1000
923 1014
923 1295
923 1572
923 1665
924 930
924 944
924 958
924 962
924 964
924 971
924 986
924 991
924 995
924 1000
924 1007
924 1009
924 1378
925 981
925 1013
925 1813
925 1952
926 927
926 930
926 964
926 993
926 1010
926 1011
926 1274
926 1403
927 938
927 943
927 955
927 962
927 992
927 1034
927 1548
927 1889
928 930
928 937
928 938
928 950
928 956
928 964
928 971
928 982
928 983
928 992
928 993
928 999
928 1166
929 935
929 938
929 958
929 976
929 989
929 990
929 992
930 932
930 938
930 942
930 944
930 958
930 959
930 960
930 993
930 998
930 1009
930 1192
930 2022
931 946
931 968
931 975
931 999
931 1000
932 943
932 949
932 950
932 958
932 965
932 974
932 990
932 1010
932 1011
932 1348
932 1712
932 1793
932 1913
933 947
933 966
933 967
933 984
933 1392
933 1773
934 939
934 941
934 949
934 980
934 984
934 1718
935 970
935 975
935 978
935 979
935 980
935 982
935 997
936 951
936 953
936 956
936 957
936 959
936 960
936 964
936 969
936 971
936 974
936 984
936 1008
936 1200
936 1631
937 956
937 978
937 980
937 984
937 986
937 1010
937 1014
938 939
938 941
938 943
938 949
938 968
938 974
938 984
938 987
938 999
938 1000
938 1104
938 1517
939 966
939 967
939 970
939 981
939 983
939 993
939 999
939 1001
939 1002
939 1008
939 1237
939 1293
939 1949
940 949
940 978
940 993
940 994
940 996
940 1011
941 972
941 1006
941 1013
941 1136
941 1586
942 944
942 945
942 949
942 980
942 996
942 999
942 1004
942 1011
942 1267
942 1709
943 954
943 958
943 959
943 961
943 979
943 991
943 995
943 999
943 1012
944 958
944 964
944 972
944 983
944 989
944 1000
944 1005
944 1251
944 1607
944 1770
944 1884
945 947
945 957
945 979
945 980
945 988
945 991
945 994
945 1003
946 950
946 958
946 968
946 971
946 1001
946 1003
946 1010
946 1061
946 1294
946 2007
947 949
947 950
947 988
947 995
947 996
947 1001
947 1008
947 1143
947 1325
947 1728
948 960
948 973
948 974
948 976
948 978
948 980
948 987
948 991
948 997
948 998
948 999
948 1004
948 1006
948 1111
948 1932
949 954
949 995
949 999
950 966
950 994
950 1009
950 1025
950 1598
951 962
951 963
951 971
951 980
951 984
951 990
951 1004
951 1007
951 1736
952 964
952 967
952 979
952 981
952 983
952 987
953 959
953 961
953 966
953 982
953 984
953 986
953 997
953 1002
953 1171
953 1255
953 1335
953 1685
953 1775
954 969
954 972
954 976
954 993
954 995
954 1001
954 1006
954 1011
954 1015
954 1507
954 1883
955 971
955 979
955 986
955 998
955 1003
955 1571
955 1929
956 962
956 963
956 973
956 977
956 979
956 997
956 999
956 1013
956 1350
957 970
957 974
957 989
957 991
957 1299
958 978
958 986
958 990
958 1110
958 1438
958 1933
959 978
959 1008
959 1010
959 1011
959 1012
959 1206
959 1410
960 989
960 1006
960 1008
960 1013
961 963
961 972
961 983
961 989
961 1004
961 1012
961 1015
961 1053
961 1181
961 1691
962 964
962 976
962 989
962 991
962 993
962 1015
962 1225
962 1995
963 973
963 985
963 993
963 998
963 1000
963 1006
963 1008
963 1019
963 2003
964 978
964 979
964 982
964 985
964 1009
964 1010
964 1015
964 1397
965 1001
965 1006
965 1008
965 1714
966 975
966 977
966 985
966 991
966 993
966 994
966 995
966 1005
966 1009
966 1013
967 971
967 982
967 992
967 1007
967 1010
967 1244
967 1719
968 970
968 977
968 980
968 984
968 1007
968 1503
968 1563
968 1613
968 1659
968 1720
969 985
969 989
969 1003
969 1087
970 983
970 984
970 999
970 1001
970 1003
970 1011
970 1015
970 1368
970 1418
971 975
971 981
971 1007
971 1013
971 1450
972 976
972 981
972 982
972 997
972 1001
972 1060
972 1080
972 1242
972 1300
973 1000
973 1003
973 1004
973 1013
973 1559
973 1630
973 2020
974 999
974 1001
974 1554
974 1656
974 1933
974 2026
975 984
975 1010
975 1377
975 1594
976 980
976 995
976 1003
976 1004
976 1014
976 1079
976 1733
977 979
977 992
977 1001
977 1009
977 1646
977 1878
977 1925
978 985
978 991
978 1001
978 1006
978 1010
978 1012
978 1093
978 1449
978 1760
979 981
979 993
979 1015
979 1778
980 984
980 989
980 1007
980 1009
980 1014
980 1641
980 1964
981 993
981 1008
981 1012
981 1709
982 994
982 1231
982 1606
983 999
984 987
984 1005
984 1369
984 1476
984 1851
985 990
985 995
985 1175
985 1532
986 990
986 991
986 993
987 990
987 997
988 996
988 999
988 1000
988 1006
988 1013
989 991
989 992
989 1006
989 1268
989 1383
990 995
990 996
990 1002
990 1013
990 1024
991 994
991 1015
991 1727
991 1744
992 995
992 1010
992 1265
993 1003
993 1014
993 1015
993 1779
994 997
994 998
994 999
994 1001
994 1002
994 1008
994 1404
994 1871
995 1004
995 1005
995 1015
996 998
996 1013
996 1061
996 1322
996 1433
996 1769
997 1015
997 1097
998 999
998 2004
1000 1005
1000 1010
1000 1671
1001 1003
1001 1184
1002 1006
1002 1008
1002 1137
1002 1816
1003 1469
1003 1965
1004 1151
1004 1312
1005 1013
1005 1123
1005 1360
1005 1518
1005 1728
1005 1876
1005 1914
1006 1010
1007 1052
1007 1275
1007 1299
1008 1100
1008 1218
1008 1384
1008 1503
1008 1636
1009 1200
1009 1977
1010 1011
1010 1520
1010 1601
1011 1014
1011 1838
1012 1015
1014 1511
1014 1745
1016 1030
1016 1033
1016 1045
1016 1051
1016 1058
1016 1063
1016 1073
1016 1076
1016 1079
1016 1080
1016 1081
1016 1087
1016 1099
1016 1100
1016 1103
1016 1106
1016 1118
1016 1132
1016 1143
1016 1152
1016 1163
1016 1173
1016 1174
1016 1181
1016 1183
1016 1184
1016 1213
1016 1235
1016 1262
1016 1263
1016 1346
1017 1019
1017 1020
1017 1029
1017 1033
1017 1051
1017 1054
1017 1061
1017 1063
1017 1095
1017 1103
1017 1104
1017 1114
1017 1149
1017 1152
1017 1162
1017 1165
1017 1205
1017 1229
1017 1232
1017 1236
1017 1240
1017 1259
1017 1269
1018 1019
1018 1027
1018 1029
1018 1045
1018 1050
1018 1059
1018 1071
1018 1088
1018 1090
1018 1096
1018 1098
1018 1100
1018 1101
1018 1112
1018 1121
1018 1123
1018 1160
1018 1162
1018 1168
1018 1170
1018 1176
1018 1178
1018 1208
1018 1235
1018 1334
1019 1044
1019 1074
1019 1088
1019 1098
1019 1112
1019 1120
1019 1121
1019 1126
1019 1129
1019 1132
1019 1135
1019 1140
1019 1154
1019 1155
1019 1158
1019 1164
1019 1165
1019 1196
1019 1197
1019 1202
1019 1210
1019 1221
1019 1232
1019 1234
1019 1237
1019 1265
1019 1269
1020 1039
1020 1049
1020 1050
1020 1073
1020 1077
1020 1079
1020 1110
1020 1115
1020 1116
1020 1141
1020 1142
1020 1170
1020 1174
1020 1192
1020 1196
1020 1200
1020 1247
1020 1255
1020 1264
1020 1853
1020 1889
1021 1052
1021 1063
1021 1069
1021 1081
1021 1093
1021 1098
1021 1100
1021 1106
1021 1108
1021 1114
1021 1128
1021 1136
1021 1139
1021 1146
1021 1154
1021 1172
1021 1177
1021 1180
1021 1186
1021 1188
1021 1195
1021 1199
1021 1211
1021 1241
1021 1253
1021 1260
1021 1728
1021 1964
1022 1037
1022 1049
1022 1050
1022 1052
1022 1086
1022 1088
1022 1089
1022 1097
1022 1109
1022 1121
1022 1131
1022 1142
1022 1161
1022 1163
1022 1166
1022 1167
1022 1169
1022 1190
1022 1197
1022 1208
1022 1215
1022 1227
1022 1230
1022 1248
1022 1266
1022 1391
1022 1752
1022 1767
1023 1032
1023 1038
1023 1040
1023 1046
1023 1059
1023 1069
1023 1070
1023 1098
1023 1105
1023 1112
1023 1127
1023 1132
1023 1146
1023 1156
1023 1165
1023 1174
1023 1187
1023 1200
1023 1202
1023 1215
1023 1226
1023 1227
1023 1230
1023 1235
1023 1239
1023 1246
1023 1260
1023 1266
1023 1289
1023 1624
1024 1026
1024 1058
1024 1066
1024 1085
1024 1087
1024 1112
1024 1129
1024 1140
1024 1141
1024 1152
1024 1153
1024 1168
1024 1179
1024 1183
1024 1185
1024 1190
1024 1200
1024 1213
1024 1215
1024 1219
1024 1227
1024 1233
1024 1248
1024 1262
1024 1268
1024 1269
1024 1539
1024 1585
1024 1866
1025 1027
1025 1047
1025 1055
1025 1059
1025 1061
1025 1065
1025 1067
1025 1074
1025 1079
1025 1085
1025 1087
1025 1088
1025 1116
1025 1123
1025 1125
1025 1127
1025 1132
1025 1159
1025 1160
1025 1165
1025 1167
1025 1174
1025 1184
1025 1190
1025 1208
1025 1221
1025 1234
1025 1243
1025 1246
1025 1256
1025 1258
1025 1259
1026 1028
1026 1042
1026 1043
1026 1054
1026 1061
1026 1062
1026 1070
1026 1081
1026 1084
1026 1090
1026 1095
1026 1100
1026 1111
1026 1131
1026 1132
1026 1154
1026 1161
1026 1182
1026 1223
1026 1224
1026 1228
1026 1253
1026 1268
1026 1269
1026 1307
1026 1587
1026 1614
1026 1728
1027 1034
1027 1038
1027 1100
1027 1108
1027 1114
1027 1133
1027 1134
1027 1139
1027 1150
1027 1167
1027 1168
1027 1178
1027 1197
1027 1203
1027 1213
1027 1214
1027 1227
1027 1228
1027 1236
1027 1256
1028 1035
1028 1037
1028 1062
1028 1065
1028 1091
1028 1102
1028 1104
1028 1111
1028 1115
1028 1128
1028 1130
1028 1132
1028 1143
1028 1154
1028 1157
1028 1160
1028 1162
1028 1177
1028 1209
1028 1211
1028 1223
1028 1243
1028 1245
1028 1250
1028 1261
1029 1037
1029 1053
1029 1057
1029 1069
1029 1121
1029 1129
1029 1132
1029 1150
1029 1172
1029 1183
1029 1203
1029 1206
1029 1207
1029 1220
1029 1231
1029 1249
1029 1523
1029 1815
1030 1033
1030 1040
1030 1045
1030 1049
1030 1057
1030 1060
1030 1062
1030 1100
1030 1107
1030 1123
1030 1151
1030 1169
1030 1181
1030 1189
1030 1193
1030 1199
1030 1212
1030 1221
1030 1229
1030 1233
1030 1249
1030 1252
1030 1256
1030 1264
1030 1372
1031 1035
1031 1048
1031 1059
1031 1081
1031 1082
1031 1084
1031 1095
1031 1117
1031 1118
1031 1132
1031 1133
1031 1174
1031 1182
1031 1191
1031 1231
1031 1242
1031 1248
1031 1254
1031 1258
1031 1263
1031 1266
1031 1324
1031 1346
1031 1583
1032 1052
1032 1053
1032 1055
1032 1074
1032 1094
1032 1106
1032 1115
1032 1128
1032 1143
1032 1146
1032 1164
1032 1166
1032 1172
1032 1174
1032 1176
1032 1180
1032 1181
1032 1214
1032 1215
1032 1222
1032 1232
1032 1246
1032 1250
1032 1252
1032 1257
1032 1264
1033 1042
1033 1049
1033 1052
1033 1055
1033 1056
1033 1064
1033 1065
1033 1080
1033 1107
1033 1122
1033 1128
1033 1134
1033 1139
1033 1142
1033 1158
1033 1160
1033 1166
1033 1167
1033 1168
1033 1174
1033 1177
1033 1180
1033 1224
1033 1229
1033 1234
1033 1248
1033 1320
1034 1041
1034 1042
1034 1063
1034 1071
1034 1119
1034 1124
1034 1138
1034 1145
1034 1148
1034 1158
1034 1173
1034 1176
1034 1185
1034 1198
1034 1201
1034 1214
1034 1216
1034 1230
1034 1262
1034 1263
1034 1269
1035 1045
1035 1046
1035 1057
1035 1071
1035 1072
1035 1075
1035 1076
1035 1081
1035 1084
1035 1088
1035 1100
1035 1104
1035 1107
1035 1108
1035 1110
1035 1111
1035 1112
1035 1120
1035 1121
1035 1124
1035 1138
1035 1144
1035 1150
1035 1166
1035 1170
1035 1174
1035 1182
1035 1185
1035 1199
1035 1212
1035 1224
1035 1227
1035 1230
1035 1238
1035 1248
1035 1249
1035 1254
1035 1255
1035 1258
1035 1954
1036 1054
1036 1058
1036 1062
1036 1090
1036 1102
1036 1107
1036 1121
1036 1128
1036 1129
1036 1130
1036 1132
1036 1140
1036 1144
1036 1145
1036 1147
1036 1161
1036 1180
1036 1184
1036 1198
1036 1206
1036 1212
1036 1232
1036 1235
1036 1244
1036 1247
1036 1254
1036 1459
1036 1460
1037 1038
1037 1046
1037 1049
1037 1053
1037 1056
1037 1066
1037 1069
1037 1072
1037 1074
1037 1095
1037 1103
1037 1110
1037 1132
1037 1136
1037 1137
1037 1138
1037 1140
1037 1160
1037 1165
1037 1183
1037 1189
1037 1208
1037 1210
1037 1213
1037 1231
1037 1234
1037 1256
1037 1260
1038 1039
1038 1044
1038 1052
1038 1054
1038 1055
1038 1058
1038 1061
1038 1078
1038 1087
1038 1094
1038 1105
1038 1114
1038 1116
1038 1118
1038 1123
1038 1127
1038 1142
1038 1152
1038 1157
1038 1173
1038 1190
1038 1207
1038 1241
1038 1245
1038 1262
1038 1894
1039 1052
1039 1057
1039 1062
1039 1066
1039 1073
1039 1083
1039 1084
1039 1100
1039 1104
1039 1122
1039 1130
1039 1148
1039 1150
1039 1162
1039 1176
1039 1178
1039 1189
1039 1207
1039 1228
1039 1232
1039 1233
1039 1237
1039 1247
1039 1262
1039 1268
1039 1400
1040 1048
1040 1065
1040 1066
1040 1077
1040 1086
1040 1088
1040 1092
1040 1096
1040 1145
1040 1148
1040 1156
1040 1167
1040 1169
1040 1171
1040 1174
1040 1185
1040 1199
1040 1213
1040 1233
1040 1238
1040 1569
1041 1052
1041 1054
1041 1057
1041 1061
1041 1066
1041 1069
1041 1070
1041 1088
1041 1089
1041 1103
1041 1112
1041 1113
1041 1127
1041 1128
1041 1155
1041 1162
1041 1190
1041 1210
1041 1225
1041 1238
1041 1241
1041 1248
1041 1266
1041 1268
1041 1607
1042 1045
1042 1047
1042 1049
1042 1054
1042 1056
1042 1058
1042 1072
1042 1082
1042 1084
1042 1089
1042 1093
1042 1096
1042 1101
1042 1122
1042 1126
1042 1129
1042 1132
1042 1149
1042 1151
1042 1153
1042 1171
1042 1180
1042 1181
1042 1192
1042 1204
1042 1215
1042 1238
1042 1256
1042 1259
1042 1264
1042 1269
1042 1679
1043 1044
1043 1050
1043 1054
1043 1075
1043 1078
1043 1094
1043 1110
1043 1135
1043 1153
1043 1154
1043 1162
1043 1170
1043 1175
1043 1183
1043 1194
1043 1211
1043 1221
1043 1224
1043 1238
1043 1243
1043 1257
1043 1479
1043 1636
1044 1056
1044 1065
1044 1066
1044 1077
1044 1099
1044 1108
1044 1130
1044 1135
1044 1137
1044 1163
1044 1165
1044 1170
1044 1173
1044 1174
1044 1185
1044 1187
1044 1192
1044 1202
1044 1204
1044 1212
1044 1219
1044 1237
1044 1240
1044 1243
1044 1250
1044 1904
1045 1047
1045 1050
1045 1072
1045 1078
1045 1081
1045 1087
1045 1101
1045 1122
1045 1123
1045 1129
1045 1135
1045 1195
1045 1197
1045 1228
1045 1259
1045 1261
1045 1262
1045 1266
1045 1509
1045 1558
1045 1938
1046 1062
1046 1070
1046 1072
1046 1073
1046 1076
1046 1089
1046 1099
1046 1136
1046 1151
1046 1152
1046 1154
1046 1158
1046 1168
1046 1177
1046 1187
1046 1192
1046 1199
1046 1201
1046 1209
1046 1215
1046 1223
1046 1224
1046 1231
1046 1239
1046 1240
1046 1241
1046 1264
1047 1049
1047 1065
1047 1072
1047 1089
1047 1100
1047 1101
1047 1104
1047 1106
1047 1112
1047 1118
1047 1138
1047 1167
1047 1187
1047 1216
1047 1218
1047 1226
1047 1228
1047 1233
1047 1235
1047 1259
1047 1260
1047 1264
1047 1893
1048 1078
1048 1101
1048 1109
1048 1115
1048 1118
1048 1159
1048 1160
1048 1184
1048 1196
1048 1207
1048 1215
1048 1222
1048 1223
1048 1230
1048 1234
1048 1245
1048 1246
1048 1250
1048 1254
1048 1255
1049 1052
1049 1056
1049 1061
1049 1063
1049 1078
1049 1082
1049 1084
1049 1090
1049 1091
1049 1100
1049 1129
1049 1146
1049 1148
1049 1155
1049 1160
1049 1180
1049 1203
1049 1208
1049 1221
1049 1226
1049 1227
1049 1239
1049 1242
1049 1249
1049 1269
1050 1056
1050 1064
1050 1067
1050 1073
1050 1074
1050 1081
1050 1102
1050 1116
1050 1117
1050 1119
1050 1122
1050 1141
1050 1151
1050 1156
1050 1161
1050 1166
1050 1169
1050 1173
1050 1175
1050 1187
1050 1193
1050 1198
1050 1200
1050 1204
1050 1210
1050 1222
1050 1229
1050 1231
1050 1236
1050 1242
1050 1249
1050 1251
1050 1263
1050 1267
1050 1737
1050 2021
1051 1055
1051 1057
1051 1060
1051 1089
1051 1116
1051 1120
1051 1130
1051 1131
1051 1139
1051 1142
1051 1160
1051 1177
1051 1198
1051 1199
1051 1200
1051 1206
1051 1220
1051 1226
1051 1245
1051 1250
1051 1257
1051 1259
1051 1265
1051 1472
1052 1068
1052 1069
1052 1081
1052 1082
1052 1106
1052 1112
1052 1118
1052 1131
1052 1132
1052 1139
1052 1141
1052 1146
1052 1149
1052 1150
1052 1154
1052 1158
1052 1161
1052 1163
1052 1172
1052 1184
1052 1228
1052 1251
1052 1257
1052 1260
1052 2015
1053 1055
1053 1084
1053 1085
1053 1091
1053 1101
1053 1104
1053 1129
1053 1133
1053 1135
1053 1136
1053 1158
1053 1163
1053 1164
1053 1172
1053 1175
1053 1179
1053 1183
1053 1186
1053 1195
1053 1209
1053 1211
1053 1214
1053 1231
1053 1234
1053 1236
1053 1239
1053 1245
1053 1254
1053 1263
1054 1065
1054 1078
1054 1079
1054 1092
1054 1097
1054 1111
1054 1113
1054 1130
1054 1132
1054 1141
1054 1158
1054 1162
1054 1163
1054 1182
1054 1186
1054 1218
1054 1264
1054 1269
1055 1058
1055 1064
1055 1066
1055 1072
1055 1080
1055 1090
1055 1093
1055 1102
1055 1104
1055 1113
1055 1119
1055 1124
1055 1128
1055 1159
1055 1167
1055 1172
1055 1191
1055 1202
1055 1205
1055 1220
1055 1222
1055 1230
1055 1239
1055 1245
1055 1247
1055 1261
1055 1527
1055 1946
1056 1093
1056 1117
1056 1125
1056 1147
1056 1164
1056 1165
1056 1173
1056 1186
1056 1197
1056 1210
1056 1242
1056 1247
1056 1251
1056 1253
1056 1597
1057 1066
1057 1067
1057 1069
1057 1070
1057 1077
1057 1092
1057 1093
1057 1117
1057 1123
1057 1128
1057 1144
1057 1162
1057 1215
1057 1223
1057 1234
1057 1236
1057 1246
1057 1250
1057 1252
1057 1255
1057 1258
1057 1264
1058 1073
1058 1090
1058 1099
1058 1111
1058 1116
1058 1117
1058 1124
1058 1130
1058 1156
1058 1158
1058 1161
1058 1173
1058 1179
1058 1190
1058 1196
1058 1221
1058 1223
1058 1224
1058 1225
1058 1239
1058 1245
1058 1323
1058 1386
1058 1634
1058 1867
1059 1064
1059 1065
1059 1098
1059 1100
1059 1105
1059 1123
1059 1125
1059 1130
1059 1137
1059 1141
1059 1150
1059 1167
1059 1169
1059 1170
1059 1190
1059 1222
1059 1224
1059 1232
1060 1079
1060 1080
1060 1095
1060 1142
1060 1145
1060 1150
1060 1167
1060 1168
1060 1177
1060 1179
1060 1183
1060 1185
1060 1191
1060 1202
1060 1212
1060 1220
1060 1226
1060 1231
1060 1236
1060 1240
1060 1254
1060 1264
1060 1266
1060 1269
1060 1729
1060 1757
1060 1837
1061 1068
1061 1069
1061 1071
1061 1087
1061 1089
1061 1097
1061 1113
1061 1126
1061 1127
1061 1130
1061 1155
1061 1176
1061 1178
1061 1179
1061 1205
1061 1207
1061 1218
1061 1223
1061 1230
1061 1233
1061 1246
1061 1247
1061 1577
1061 1888
1062 1072
1062 1085
1062 1090
1062 1093
1062 1108
1062 1119
1062 1121
1062 1136
1062 1138
1062 1140
1062 1141
1062 1142
1062 1147
1062 1158
1062 1160
1062 1163
1062 1199
1062 1209
1062 1211
1062 1213
1062 1227
1062 1238
1062 1241
1063 1106
1063 1107
1063 1120
1063 1123
1063 1129
1063 1130
1063 1142
1063 1160
1063 1167
1063 1177
1063 1179
1063 1180
1063 1183
1063 1187
1063 1203
1063 1205
1063 1218
1063 1227
1063 1246
1063 1250
1063 1259
1063 1266
1063 1996
1064 1066
1064 1067
1064 1077
1064 1088
1064 1094
1064 1103
1064 1107
1064 1109
1064 1124
1064 1153
1064 1162
1064 1169
1064 1175
1064 1177
1064 1178
1064 1182
1064 1184
1064 1186
1064 1214
1064 1217
1064 1225
1064 1228
1064 1241
1064 1249
1064 1252
1064 1254
1064 1256
1064 1260
1064 1311
1065 1079
1065 1084
1065 1087
1065 1097
1065 1102
1065 1125
1065 1126
1065 1130
1065 1131
1065 1158
1065 1159
1065 1172
1065 1173
1065 1174
1065 1184
1065 1192
1065 1194
1065 1197
1065 1205
1065 1213
1065 1221
1065 1226
1065 1256
1065 1259
1065 1269
1066 1070
1066 1076
1066 1084
1066 1104
1066 1105
1066 1113
1066 1119
1066 1140
1066 1166
1066 1172
1066 1187
1066 1191
1066 1193
1066 1195
1066 1219
1066 1225
1066 1227
1066 1233
1066 1236
1066 1241
1066 1249
1066 1251
1066 1260
1066 1268
1066 1307
1066 1495
1066 1645
1066 1699
1066 1858
1067 1075
1067 1085
1067 1089
1067 1097
1067 1100
1067 1109
1067 1119
1067 1133
1067 1140
1067 1148
1067 1152
1067 1153
1067 1159
1067 1165
1067 1172
1067 1187
1067 1190
1067 1199
1067 1225
1067 1252
1067 1257
1067 1709
1067 2023
1068 1076
1068 1088
1068 1099
1068 1128
1068 1161
1068 1170
1068 1201
1068 1219
1068 1237
1068 1267
1068 1723
1069 1075
1069 1077
1069 1095
1069 1108
1069 1118
1069 1129
1069 1140
1069 1154
1069 1160
1069 1168
1069 1191
1069 1200
1069 1204
1069 1220
1069 1228
1069 1232
1069 1238
1069 1254
1069 1261
1069 1998
1070 1071
1070 1109
1070 1130
1070 1131
1070 1132
1070 1136
1070 1137
1070 1154
1070 1163
1070 1168
1070 1230
1070 1233
1070 1251
1070 1252
1070 1253
1070 1261
1070 1267
1070 1371
1071 1077
1071 1084
1071 1087
1071 1093
1071 1102
1071 1128
1071 1171
1071 1174
1071 1179
1071 1181
1071 1201
1071 1212
1071 1228
1071 1245
1071 1248
1071 1259
1071 1261
1071 1266
1072 1074
1072 1079
1072 1080
1072 1092
1072 1099
1072 1105
1072 1116
1072 1124
1072 1136
1072 1141
1072 1159
1072 1171
1072 1174
1072 1180
1072 1181
1072 1186
1072 1208
1072 1222
1072 1236
1072 1257
1073 1074
1073 1075
1073 1077
1073 1082
1073 1083
1073 1085
1073 1102
1073 1109
1073 1115
1073 1120
1073 1130
1073 1142
1073 1150
1073 1152
1073 1169
1073 1171
1073 1187
1073 1209
1073 1220
1073 1224
1073 1236
1073 1262
1074 1075
1074 1077
1074 1078
1074 1093
1074 1102
1074 1108
1074 1116
1074 1133
1074 1138
1074 1140
1074 1150
1074 1154
1074 1155
1074 1164
1074 1165
1074 1166
1074 1174
1074 1178
1074 1183
1074 1192
1074 1201
1074 1207
1074 1208
1074 1218
1074 1221
1074 1225
1074 1233
1074 1237
1074 1239
1074 1269
1074 1665
1074 1832
1075 1086
1075 1092
1075 1107
1075 1116
1075 1132
1075 1137
1075 1138
1075 1179
1075 1182
1075 1183
1075 1186
1075 1190
1075 1235
1075 1240
1075 1248
1075 1748
1075 1773
1076 1092
1076 1093
1076 1097
1076 1129
1076 1142
1076 1149
1076 1173
1076 1174
1076 1176
1076 1180
1076 1187
1076 1207
1076 1230
1076 1231
1076 1246
1076 1247
1076 1250
1076 1757
1077 1084
1077 1091
1077 1095
1077 1118
1077 1137
1077 1138
1077 1150
1077 1152
1077 1155
1077 1161
1077 1171
1077 1177
1077 1186
1077 1202
1077 1208
1077 1217
1077 1218
1077 1258
1077 1624
1078 1081
1078 1105
1078 1116
1078 1156
1078 1167
1078 1174
1078 1182
1078 1189
1078 1191
1078 1193
1078 1204
1078 1205
1078 1209
1078 1226
1078 1229
1078 1231
1078 1237
1078 1259
1078 1269
1078 1609
1079 1088
1079 1091
1079 1105
1079 1114
1079 1121
1079 1135
1079 1139
1079 1142
1079 1148
1079 1188
1079 1201
1079 1211
1079 1240
1079 1255
1079 1258
1079 1260
1079 1330
1079 1713
1079 1777
1080 1093
1080 1122
1080 1155
1080 1160
1080 1170
1080 1175
1080 1192
1080 1195
1080 1214
1080 1222
1080 1225
1080 1236
1080 1238
1080 1250
1080 1266
1081 1092
1081 1109
1081 1121
1081 1134
1081 1137
1081 1161
1081 1168
1081 1182
1081 1217
1081 1436
1081 1592
1081 1712
1081 1986
1082 1106
1082 1107
1082 1108
1082 1138
1082 1156
1082 1170
1082 1172
1082 1174
1082 1186
1082 1193
1082 1198
1082 1207
1082 1233
1082 1241
1082 1249
1082 1267
1082 1535
1083 1091
1083 1099
1083 1103
1083 1104
1083 1105
1083 1110
1083 1113
1083 1120
1083 1136
1083 1138
1083 1140
1083 1149
1083 1152
1083 1159
1083 1160
1083 1168
1083 1172
1083 1231
1083 1237
1083 1252
1083 1255
1083 1260
1083 1432
1083 1437
1084 1091
1084 1112
1084 1119
1084 1132
1084 1135
1084 1154
1084 1169
1084 1187
1084 1190
1084 1191
1084 1193
1084 1194
1084 1197
1084 1207
1084 1210
1084 1232
1084 1262
1084 1268
1084 2001
1085 1097
1085 1107
1085 1109
1085 1133
1085 1134
1085 1145
1085 1146
1085 1147
1085 1170
1085 1172
1085 1185
1085 1191
1085 1202
1085 1214
1085 1220
1085 1223
1085 1232
1085 1235
1086 1100
1086 1111
1086 1134
1086 1138
1086 1141
1086 1144
1086 1146
1086 1147
1086 1149
1086 1157
1086 1165
1086 1173
1086 1174
1086 1175
1086 1188
1086 1189
1086 1206
1086 1208
1086 1212
1086 1215
1086 1225
1086 1226
1086 1234
1086 1244
1086 1265
1086 1267
1086 1275
1086 1833
1087 1104
1087 1125
1087 1127
1087 1134
1087 1138
1087 1158
1087 1162
1087 1188
1087 1204
1087 1222
1087 1237
1087 1243
1087 1248
1087 1260
1087 1263
1087 1267
1087 1268
1087 1269
1088 1118
1088 1127
1088 1141
1088 1146
1088 1163
1088 1166
1088 1174
1088 1181
1088 1185
1088 1191
1088 1192
1088 1196
1088 1209
1088 1214
1088 1227
1088 1234
1088 1237
1088 1251
1088 1256
1088 1261
1088 1263
1088 1536
1089 1100
1089 1105
1089 1119
1089 1126
1089 1128
1089 1130
1089 1142
1089 1145
1089 1153
1089 1158
1089 1175
1089 1198
1089 1217
1089 1236
1089 1239
1089 1242
1089 1248
1089 1249
1089 1259
1089 1268
1089 1477
1090 1099
1090 1107
1090 1109
1090 1123
1090 1129
1090 1130
1090 1132
1090 1134
1090 1135
1090 1137
1090 1138
1090 1143
1090 1159
1090 1191
1090 1195
1090 1196
1090 1217
1090 1218
1090 1223
1090 1226
1090 1249
1090 1265
1090 1267
1091 1092
1091 1103
1091 1109
1091 1111
1091 1136
1091 1141
1091 1147
1091 1149
1091 1155
1091 1166
1091 1187
1091 1195
1091 1196
1091 1204
1091 1208
1091 1214
1091 1217
1091 1233
1091 1239
1091 1247
1091 1250
1091 1259
1091 1694
1092 1112
1092 1123
1092 1145
1092 1147
1092 1151
1092 1154
1092 1160
1092 1163
1092 1165
1092 1189
1092 1200
1092 1204
1092 1209
1092 1229
1092 1233
1092 1250
1092 1265
1092 1362
1092 1523
1092 1848
1093 1114
1093 1117
1093 1120
1093 1125
1093 1127
1093 1132
1093 1147
1093 1163
1093 1172
1093 1180
1093 1182
1093 1190
1093 1193
1093 1197
1093 1203
1093 1205
1093 1226
1093 1229
1093 1230
1093 1233
1093 1247
1093 1261
1093 1267
1093 1308
1093 1972
1094 1102
1094 1106
1094 1110
1094 1126
1094 1128
1094 1131
1094 1132
1094 1133
1094 1144
1094 1155
1094 1170
1094 1186
1094 1197
1094 1207
1094 1217
1094 1245
1094 1246
1094 1262
1094 1264
1094 1689
1094 1915
1095 1101
1095 1108
1095 1120
1095 1121
1095 1131
1095 1132
1095 1142
1095 1144
1095 1154
1095 1155
1095 1158
1095 1165
1095 1171
1095 1177
1095 1184
1095 1186
1095 1201
1095 1209
1095 1213
1095 1217
1095 1220
1095 1230
1095 1233
1095 1234
1095 1240
1095 1249
1095 1374
1096 1101
1096 1106
1096 1107
1096 1116
1096 1117
1096 1118
1096 1119
1096 1132
1096 1151
1096 1152
1096 1154
1096 1158
1096 1163
1096 1168
1096 1183
1096 1189
1096 1191
1096 1194
1096 1215
1096 1225
1096 1232
1096 1235
1096 1238
1096 1240
1096 1241
1096 1242
1096 1257
1096 1659
1097 1155
1097 1158
1097 1170
1097 1175
1097 1202
1097 1203
1097 1213
1097 1216
1097 1223
1097 1240
1097 1244
1097 1256
1097 1268
1097 1269
1097 1550
1097 1576
1098 1119
1098 1126
1098 1131
1098 1152
1098 1153
1098 1178
1098 1179
1098 1184
1098 1194
1098 1196
1098 1221
1098 1226
1098 1242
1098 1254
1098 1263
1098 1900
1099 1118
1099 1128
1099 1141
1099 1143
1099 1151
1099 1166
1099 1168
1099 1173
1099 1195
1099 1197
1099 1199
1099 1206
1099 1223
1099 1225
1099 1228
1099 1233
1099 1239
1099 1255
1099 1269
1099 1791
1100 1102
1100 1112
1100 1115
1100 1138
1100 1143
1100 1150
1100 1155
1100 1160
1100 1172
1100 1185
1100 1190
1100 1198
1100 1209
1100 1214
1100 1220
1100 1226
1100 1236
1100 1239
1100 1245
1100 1247
1100 1253
1100 1256
1100 1451
1100 1926
1101 1105
1101 1106
1101 1110
1101 1120
1101 1121
1101 1134
1101 1169
1101 1202
1101 1210
1101 1214
1101 1220
1101 1223
1101 1245
1101 1263
1101 1266
1102 1111
1102 1114
1102 1120
1102 1133
1102 1144
1102 1145
1102 1149
1102 1159
1102 1173
1102 1174
1102 1177
1102 1182
1102 1190
1102 1205
1102 1211
1102 1224
1102 1228
1102 1242
1102 1244
1103 1116
1103 1119
1103 1124
1103 1141
1103 1143
1103 1166
1103 1169
1103 1183
1103 1186
1103 1187
1103 1188
1103 1197
1103 1205
1103 1210
1103 1221
1103 1226
1103 1244
1103 1250
1103 1843
1104 1107
1104 1134
1104 1136
1104 1156
1104 1158
1104 1166
1104 1196
1104 1201
1104 1203
1104 1229
1104 1233
1104 1236
1104 1254
1104 1255
1104 1262
1104 1263
1104 1267
1104 1268
1104 1828
1105 1120
1105 1131
1105 1159
1105 1183
1105 1200
1105 1205
1105 1209
1105 1231
1105 1256
1105 1264
1105 1409
1105 1667
1106 1112
1106 1114
1106 1118
1106 1119
1106 1124
1106 1130
1106 1133
1106 1139
1106 1167
1106 1171
1106 1228
1106 1234
1106 1239
1106 1256
1106 1259
1106 1263
1107 1132
1107 1134
1107 1137
1107 1140
1107 1144
1107 1180
1107 1184
1107 1191
1107 1209
1107 1210
1107 1224
1107 1238
1107 1240
1107 1241
1107 1258
1107 1727
1107 1806
1108 1121
1108 1127
1108 1138
1108 1146
1108 1155
1108 1172
1108 1184
1108 1191
1108 1201
1108 1218
1108 1235
1108 1258
1108 1263
1108 1264
1109 1110
1109 1113
1109 1114
1109 1135
1109 1145
1109 1153
1109 1156
1109 1157
1109 1170
1109 1180
1109 1182
1109 1189
1109 1203
1109 1206
1109 1211
1109 1212
1109 1217
1109 1228
1109 1256
1109 1471
1109 1742
1109 1977
1110 1118
1110 1138
1110 1144
1110 1145
1110 1156
1110 1158
1110 1162
1110 1173
1110 1186
1110 1195
1110 1198
1110 1203
1110 1209
1110 1211
1110 1212
1110 1215
1110 1222
1110 1235
1110 1241
1110 1254
1110 1514
1110 1835
1111 1126
1111 1134
1111 1139
1111 1151
1111 1154
1111 1162
1111 1179
1111 1202
1111 1217
1111 1226
1111 1251
1111 1253
1112 1126
1112 1147
1112 1149
1112 1151
1112 1164
1112 1165
1112 1176
1112 1182
1112 1183
1112 1186
1112 1188
1112 1196
1112 1199
1112 1220
1112 1225
1112 1236
1112 1241
1112 1245
1112 1257
1113 1117
1113 1119
1113 1120
1113 1130
1113 1135
1113 1149
1113 1195
1113 1205
1113 1207
1113 1218
1113 1231
1113 1248
1113 1267
1113 1511
1113 1737
1114 1115
1114 1132
1114 1137
1114 1140
1114 1142
1114 1145
1114 1160
1114 1171
1114 1188
1114 1216
1114 1223
1114 1224
1114 1233
1114 1257
1114 1267
1114 1528
1114 1690
1115 1138
1115 1178
1115 1186
1115 1197
1115 1203
1115 1208
1115 1221
1115 1226
1115 1235
1115 1253
1115 1256
1115 1257
1115 1263
1115 1264
1115 1266
1116 1128
1116 1131
1116 1140
1116 1144
1116 1146
1116 1148
1116 1153
1116 1157
1116 1166
1116 1172
1116 1176
1116 1188
1116 1189
1116 1190
1116 1223
1116 1240
1116 1241
1116 1247
1116 1249
1116 1419
1116 2006
1117 1124
1117 1136
1117 1151
1117 1152
1117 1156
1117 1166
1117 1185
1117 1188
1117 1192
1117 1206
1117 1210
1117 1225
1117 1234
1117 1249
1117 1266
1117 1381
1117 1383
1117 1404
1118 1122
1118 1131
1118 1149
1118 1164
1118 1178
1118 1180
1118 1188
1118 1213
1118 1220
1118 1239
1118 1263
1118 1467
1118 1656
1119 1120
1119 1124
1119 1139
1119 1145
1119 1148
1119 1149
1119 1150
1119 1151
1119 1162
1119 1170
1119 1177
1119 1191
1119 1196
1119 1199
1119 1201
1119 1221
1119 1222
1119 1237
1119 1244
1119 1247
1119 1257
1119 1573
1119 1810
1119 2000
1120 1122
1120 1132
1120 1167
1120 1177
1120 1180
1120 1189
1120 1221
1120 1225
1120 1240
1120 1252
1120 1257
1120 1420
1120 1437
1120 1633
1121 1125
1121 1133
1121 1138
1121 1150
1121 1157
1121 1164
1121 1172
1121 1193
1121 1202
1121 1219
1121 1231
1121 1241
1121 1265
1121 1762
1122 1182
1122 1188
1122 1190
1122 1207
1122 1215
1122 1227
1122 1235
1122 1248
1122 1261
1122 1267
1122 1316
1122 1633
1123 1131
1123 1144
1123 1145
1123 1165
1123 1177
1123 1180
1123 1185
1123 1187
1123 1190
1123 1195
1123 1242
1123 1255
1123 1257
1123 1265
1123 1266
1123 1619
1124 1130
1124 1145
1124 1147
1124 1151
1124 1152
1124 1153
1124 1209
1124 1210
1124 1219
1124 1254
1124 1266
1124 1493
1124 1564
1125 1127
1125 1151
1125 1163
1125 1168
1125 1170
1125 1181
1125 1183
1125 1197
1125 1200
1125 1227
1125 1228
1125 1235
1125 1239
1125 1240
1125 1265
1125 1996
1126 1130
1126 1131
1126 1162
1126 1175
1126 1188
1126 1205
1126 1207
1126 1212
1126 1223
1126 1224
1126 1228
1126 1229
1126 1260
1126 1267
1126 1268
1126 1428
1126 1981
1127 1132
1127 1146
1127 1147
1127 1153
1127 1157
1127 1173
1127 1175
1127 1187
1127 1193
1127 1202
1127 1208
1127 1214
1127 1234
1127 1235
1127 1491
1127 1700
1127 1972
1127 1985
1128 1148
1128 1153
1128 1158
1128 1161
1128 1164
1128 1166
1128 1170
1128 1176
1128 1214
1128 1238
1128 1259
1128 1261
1128 1478
1128 1570
1129 1135
1129 1143
1129 1148
1129 1167
1129 1171
1129 1173
1129 1175
1129 1186
1129 1192
1129 1194
1129 1197
1129 1201
1129 1207
1129 1209
1129 1218
1129 1221
1129 1239
1129 1242
1129 1249
1129 1254
1129 1268
1129 1269
1129 1399
1129 1612
1130 1139
1130 1141
1130 1142
1130 1172
1130 1176
1130 1186
1130 1199
1130 1202
1130 1214
1130 1221
1130 1229
1130 1231
1130 1249
1130 1253
1130 1258
1130 1260
1130 1262
1130 1271
1130 1615
1131 1141
1131 1143
1131 1144
1131 1146
1131 1159
1131 1169
1131 1177
1131 1181
1131 1184
1131 1198
1131 1205
1131 1215
1131 1225
1131 1231
1131 1244
1131 1253
1131 1255
1131 1259
1131 1261
1131 1262
1131 1264
1132 1137
1132 1147
1132 1156
1132 1161
1132 1162
1132 1180
1132 1181
1132 1196
1132 1206
1132 1208
1132 1216
1132 1234
1132 1241
1132 1244
1132 1252
1132 1254
1132 1257
1132 1263
1132 1264
1132 1821
1132 1878
1133 1134
1133 1135
1133 1143
1133 1161
1133 1178
1133 1186
1133 1194
1133 1196
1133 1197
1133 1208
1133 1217
1133 1229
1133 1236
1133 1247
1133 1250
1133 1255
1133 1261
1133 1499
1133 1872
1134 1135
1134 1144
1134 1148
1134 1156
1134 1159
1134 1165
1134 1174
1134 1178
1134 1189
1134 1200
1134 1205
1134 1221
1134 1235
1134 1238
1134 1249
1134 1252
1134 1257
1134 1268
1134 1333
1134 1495
1134 1841
1134 1922
1135 1140
1135 1162
1135 1167
1135 1183
1135 1189
1135 1194
1135 1213
1135 1226
1135 1229
1135 1233
1135 1234
1135 1237
1135 1248
1135 1251
1135 1259
1135 1264
1135 1269
1136 1146
1136 1161
1136 1165
1136 1169
1136 1187
1136 1206
1136 1207
1136 1212
1136 1228
1136 1236
1136 1240
1136 1241
1136 1260
1137 1150
1137 1156
1137 1162
1137 1164
1137 1168
1137 1181
1137 1199
1137 1217
1137 1218
1137 1224
1137 1235
1137 1248
1137 1251
1137 1255
1137 1261
1138 1143
1138 1161
1138 1174
1138 1176
1138 1178
1138 1183
1138 1184
1138 1186
1138 1219
1138 1227
1138 1228
1138 1255
1138 1269
1138 1374
1139 1158
1139 1179
1139 1185
1139 1191
1139 1205
1139 1240
1139 1248
1139 1251
1139 1263
1139 1266
1139 1393
1139 1546
1139 1613
1140 1142
1140 1171
1140 1195
1140 1198
1140 1209
1140 1217
1140 1224
1140 1230
1140 1249
1140 1261
1140 1478
1140 1510
1140 1785
1141 1146
1141 1163
1141 1169
1141 1170
1141 1179
1141 1190
1141 1241
1141 1251
1141 1268
1141 1599
1141 2016
1142 1162
1142 1173
1142 1190
1142 1200
1142 1204
1142 1210
1142 1216
1142 1221
1142 1222
1142 1232
1142 1234
1142 1245
1142 1265
1142 1267
1142 1437
1142 1570
1143 1159
1143 1162
1143 1180
1143 1189
1143 1202
1143 1215
1143 1216
1143 1223
1143 1227
1143 1238
1143 1258
1143 1267
1144 1204
1144 1218
1144 1239
1144 1247
1144 1258
1144 1267
1145 1147
1145 1148
1145 1167
1145 1179
1145 1193
1145 1194
1145 1195
1145 1203
1145 1205
1145 1214
1145 1221
1145 1229
1145 1235
1145 1240
1145 1248
1145 1251
1145 1255
1145 1261
1145 1353
1145 1466
1145 1871
1146 1150
1146 1153
1146 1179
1146 1181
1146 1219
1146 1230
1146 1234
1146 1243
1146 1249
1146 1254
1146 1260
1146 1263
1146 1269
1147 1152
1147 1154
1147 1155
1147 1159
1147 1192
1147 1193
1147 1203
1147 1211
1147 1214
1147 1233
1147 1235
1147 1241
1147 1249
1147 1258
1147 1260
1147 1265
1148 1169
1148 1171
1148 1199
1148 1216
1148 1220
1148 1228
1148 1239
1148 1262
1148 1263
1148 1266
1148 1269
1148 1361
1149 1153
1149 1158
1149 1162
1149 1177
1149 1219
1149 1237
1149 1245
1149 1247
1149 1248
1149 1258
1149 1259
1149 1271
1149 1802
1149 1803
1150 1151
1150 1155
1150 1157
1150 1159
1150 1165
1150 1179
1150 1202
1150 1208
1150 1223
1150 1227
1150 1229
1150 1245
1150 1246
1150 1248
1150 1252
1150 1269
1150 1271
1150 1300
1150 1505
1151 1152
1151 1156
1151 1161
1151 1163
1151 1179
1151 1201
1151 1213
1151 1231
1151 1232
1151 1248
1151 1250
1151 1257
1151 1266
1151 1859
1152 1158
1152 1163
1152 1169
1152 1180
1152 1216
1152 1220
1152 1223
1152 1244
1152 1247
1152 1258
1152 1268
1152 1351
1152 1464
1152 1559
1153 1177
1153 1201
1153 1220
1153 1230
1153 1231
1153 1234
1153 1241
1153 1258
1153 1262
1153 1266
1153 1269
1153 1841
1153 1965
1154 1159
1154 1160
1154 1166
1154 1183
1154 1194
1154 1196
1154 1198
1154 1205
1154 1223
1154 1235
1154 1238
1154 1242
1154 1243
1154 1244
1154 1249
1154 1250
1154 1255
1154 1266
1154 1559
1154 1622
1155 1160
1155 1170
1155 1177
1155 1179
1155 1190
1155 1194
1155 1203
1155 1205
1155 1241
1155 1256
1155 1261
1155 1262
1156 1158
1156 1171
1156 1176
1156 1188
1156 1189
1156 1190
1156 1191
1156 1196
1156 1208
1156 1231
1156 1232
1156 1247
1156 1255
1156 1259
1156 1265
1156 1269
1156 1334
1157 1160
1157 1165
1157 1194
1157 1200
1157 1205
1157 1207
1157 1221
1157 1239
1157 1242
1157 1248
1157 1262
1157 1269
1157 1908
1158 1170
1158 1174
1158 1176
1158 1177
1158 1178
1158 1184
1158 1201
1158 1212
1158 1226
1158 1232
1158 1244
1158 1259
1159 1185
1159 1188
1159 1189
1159 1202
1159 1212
1159 1215
1159 1231
1159 1233
1159 1266
1159 1267
1159 1268
1159 1807
1159 2015
1159 2019
1160 1187
1160 1192
1160 1200
1160 1208
1160 1211
1160 1212
1160 1220
1161 1172
1161 1177
1161 1180
1161 1182
1161 1221
1161 1251
1161 1256
1161 1262
1161 1263
1162 1174
1162 1177
1162 1182
1162 1192
1162 1202
1162 1234
1162 1255
1162 1257
1162 1266
1162 1267
1162 1642
1163 1165
1163 1181
1163 1202
1163 1212
1163 1214
1163 1237
1163 1240
1163 1247
1163 1261
1163 1460
1163 1512
1163 1832
1163 1857
1164 1186
1164 1195
1164 1196
1164 1203
1164 1206
1164 1223
1164 1232
1164 1246
1164 1257
1164 1291
1164 1503
1164 1726
1165 1167
1165 1175
1165 1199
1165 1223
1165 1252
1165 1256
1165 1265
1165 1269
1166 1170
1166 1172
1166 1173
1166 1176
1166 1183
1166 1198
1166 1220
1166 1221
1166 1248
1166 1258
1166 1259
1166 1441
1166 1820
1166 1908
1166 1990
1167 1199
1167 1221
1167 1228
1167 1242
1167 1246
1167 1383
1167 1600
1167 1722
1168 1174
1168 1175
1168 1204
1168 1217
1168 1229
1168 1239
1168 1243
1168 1245
1168 1253
1168 1264
1168 1462
1169 1170
1169 1182
1169 1194
1169 1195
1169 1210
1169 1246
1169 1251
1169 1261
1169 1266
1169 1268
1169 1475
1169 1804
1170 1176
1170 1190
1170 1193
1170 1220
1170 1227
1170 1229
1170 1230
1170 1251
1171 1179
1171 1193
1171 1200
1171 1201
1171 1205
1171 1212
1171 1213
1171 1214
1171 1229
1171 1234
1171 1237
1171 1241
1171 1267
1171 1898
1172 1174
1172 1177
1172 1180
1172 1193
1172 1194
1172 1201
1172 1208
1172 1211
1172 1224
1172 1227
1172 1230
1172 1232
1172 1236
1172 1239
1172 1245
1172 1257
1172 1262
1172 1267
1172 1268
1173 1174
1173 1216
1173 1221
1173 1225
1173 1237
1173 1238
1173 1260
1173 1263
1173 1269
1173 1732
1174 1181
1174 1201
1174 1204
1174 1215
1174 1243
1174 1246
1174 1264
1174 1345
1174 1517
1174 1610
1174 1693
1175 1184
1175 1195
1175 1204
1175 1216
1175 1224
1175 1227
1175 1236
1175 1241
1175 1243
1175 1246
1175 1255
1175 1262
1175 1266
1175 1689
1176 1186
1176 1214
1176 1223
1176 1230
1176 1235
1176 1240
1176 1257
1177 1181
1177 1198
1177 1205
1177 1239
1177 1243
1177 1254
1177 1259
1177 2012
1178 1183
1178 1199
1178 1217
1178 1220
1178 1233
1178 1243
1178 1245
1178 1246
1178 1261
1178 1267
1179 1181
1179 1189
1179 1192
1179 1201
1179 1221
1179 1228
1179 1234
1179 1239
1179 1240
1179 1258
1179 1265
1179 1329
1179 1694
1180 1187
1180 1192
1180 1194
1180 1198
1180 1202
1180 1213
1180 1233
1180 1237
1180 1239
1180 1247
1180 1248
1180 1251
1180 1252
1180 1253
1180 1262
1181 1186
1181 1188
1181 1193
1181 1216
1181 1229
1181 1230
1181 1231
1181 1252
1181 1254
1181 1256
1181 1259
1181 1463
1181 1708
1182 1189
1182 1199
1182 1200
1182 1205
1182 1210
1182 1211
1182 1246
1182 1253
1182 1254
1182 1391
1182 1412
1182 1896
1183 1191
1183 1205
1183 1212
1183 1216
1183 1218
1183 1219
1183 1220
1183 1224
1183 1225
1183 1239
1183 1241
1183 1244
1183 1249
1183 1251
1183 1771
1184 1193
1184 1201
1184 1207
1184 1208
1184 1209
1184 1213
1184 1215
1184 1220
1184 1225
1184 1240
1184 1262
1184 1764
1185 1198
1185 1201
1185 1202
1185 1207
1185 1221
1185 1226
1185 1243
1185 1248
1185 1250
1185 1252
1185 1258
1185 1259
1185 1260
1185 1266
1185 1268
1185 1269
1185 1276
1185 1453
1186 1190
1186 1203
1186 1209
1186 1219
1186 1233
1186 1237
1186 1253
1186 1258
1187 1213
1187 1223
1187 1226
1187 1230
1187 1243
1187 1249
1187 1263
1187 1266
1187 1267
1188 1192
1188 1201
1188 1205
1188 1207
1188 1209
1188 1230
1188 1233
1188 1238
1188 1241
1188 1261
1188 1554
1188 1626
1188 1772
1189 1192
1189 1194
1189 1227
1189 1228
1189 1230
1189 1248
1189 1250
1189 1253
1189 1254
1189 1262
1189 1264
1189 1267
1189 1580
1189 1642
1190 1192
1190 1197
1190 1200
1190 1222
1190 1233
1190 1241
1190 1254
1190 1256
1190 1258
1191 1205
1191 1207
1191 1211
1191 1219
1191 1223
1191 1232
1191 1238
1191 1245
1191 1265
1191 1793
1192 1202
1192 1205
1192 1220
1192 1222
1192 1233
1192 1238
1192 1241
1192 1248
1192 1251
1192 1258
1192 1265
1193 1201
1193 1212
1193 1215
1193 1217
1193 1224
1193 1231
1193 1247
1193 1249
1193 1262
1193 1266
1193 1445
1193 1530
1194 1205
1194 1208
1194 1216
1194 1218
1194 1231
1194 1245
1194 1250
1194 1257
1194 1401
1194 1658
1195 1197
1195 1206
1195 1223
1195 1228
1195 1259
1195 1284
1195 1351
1196 1203
1196 1207
1196 1221
1196 1223
1196 1224
1196 1229
1196 1235
1196 1258
1196 1264
1196 1268
1196 1564
1196 1761
1196 1836
1197 1207
1197 1219
1197 1227
1197 1233
1197 1234
1197 1246
1197 1251
1197 1254
1197 1265
1197 1881
1198 1219
1198 1238
1198 1255
1198 1258
1198 1260
1198 1266
1198 1321
1198 1516
1198 1563
1198 1614
1198 1652
1198 1687
1198 1724
1199 1203
1199 1208
1199 1228
1199 1244
1199 1268
1199 1499
1200 1209
1200 1210
1200 1219
1200 1224
1200 1241
1200 1244
1200 1248
1200 1256
1200 1263
1200 1410
1200 1471
1200 1757
1201 1203
1201 1213
1201 1234
1201 1237
1201 1243
1201 1244
1201 1253
1201 1265
1201 1362
1202 1220
1202 1222
1202 1238
1202 1254
1202 1257
1202 1261
1203 1215
1203 1225
1203 1230
1203 1236
1203 1239
1203 1269
1203 1311
1203 1976
1204 1214
1204 1217
1204 1221
1204 1229
1204 1235
1204 1236
1204 1240
1204 1243
1204 1259
1204 1265
1205 1221
1205 1231
1205 1241
1205 1258
1205 1588
1205 1734
1205 1784
1206 1211
1206 1214
1206 1217
1206 1230
1206 1240
1206 1254
1206 1261
1206 1264
1206 1268
1207 1212
1207 1223
1207 1250
1207 1251
1207 1261
1207 1698
1208 1229
1208 1264
1208 1471
1208 1490
1209 1229
1209 1246
1209 1259
1210 1214
1210 1227
1210 1246
1210 1265
1210 1448
1210 1601
1210 1729
1210 1786
1210 1999
1211 1223
1211 1228
1211 1246
1211 1256
1211 1267
1211 1597
1212 1236
1212 1245
1212 1260
1212 1262
1212 1972
1213 1222
1213 1227
1213 1236
1213 1238
1213 1244
1213 1249
1213 1262
1214 1217
1214 1237
1214 1238
1214 1243
1214 1265
1214 1268
1214 1456
1214 1580
1214 1807
1215 1219
1215 1225
1215 1243
1215 1250
1215 1258
1215 1264
1215 1980
1216 1217
1216 1220
1216 1228
1216 1253
1216 1269
1216 1450
1216 1833
1217 1223
1217 1235
1217 1243
1217 1261
1218 1223
1218 1245
1218 1253
1218 1273
1219 1222
1219 1225
1219 1227
1219 1241
1219 1252
1219 1254
1219 1264
1219 1687
1219 2017
1220 1227
1220 1230
1220 1244
1220 1255
1220 1260
1220 1267
1221 1234
1221 1237
1221 1246
1221 1247
1221 1261
1221 1266
1221 1939
1221 1988
1222 1235
1222 1244
1222 1267
1222 2024
1223 1228
1223 1856
1224 1230
1224 1242
1224 1254
1224 1495
1225 1230
1225 1233
1225 1237
1225 1242
1225 1255
1225 1261
1225 1267
1225 1268
1225 1288
1225 1455
1225 1826
1225 2018
1226 1233
1226 1245
1226 1254
1226 1255
1227 1234
1227 1239
1227 1264
1227 1265
1227 1285
1227 1317
1227 1638
1228 1235
1228 1248
1228 1252
1228 1257
1228 1259
1228 1887
1229 1234
1229 1243
1229 1259
1229 1262
1229 1264
1229 1266
1229 1268
1229 1269
1229 1451
1229 1517
1229 1774
1230 1232
1230 1263
1230 1677
1231 1243
1231 1266
1232 1241
1232 1250
1232 1257
1232 1258
1232 1264
1232 1539
1232 1682
1232 1963
1233 1236
1233 1242
1233 1266
1233 1318
1233 1524
1233 1620
1233 1928
1234 1237
1234 1253
1234 1256
1234 1258
1234 1262
1234 1265
1234 1270
1234 1589
1235 1249
1235 1250
1235 1258
1235 1268
1236 1254
1236 1260
1236 1262
1236 1268
1236 1269
1236 1558
1236 1789
1237 1247
1237 1310
1238 1242
1238 1245
1238 1246
1238 1254
1238 1255
1238 1620
1238 2019
1239 1252
1239 1261
1239 1307
1240 1243
1240 1246
1240 1258
1240 1846
1241 1257
1241 1258
1241 1259
1241 1483
1242 1244
1242 1245
1242 1251
1242 1256
1242 1268
1242 1344
1242 1872
1243 1247
1243 1666
1243 1703
1244 1686
1245 1249
1245 1447
1245 1662
1246 1267
1246 1462
1247 1249
1247 1260
1247 1284
1248 1257
1248 1260
1248 1267
1249 1260
1249 1734
1250 1254
1250 1263
1250 1300
1250 1308
1251 1874
1252 1510
1252 1668
1253 1259
1253 2010
1254 1828
1255 1261
1255 1279
1255 1289
1255 1737
1256 1262
1256 1263
1256 1582
1256 1859
1257 1269
1258 1466
1259 1265
1259 1269
1259 1307
1259 1682
1260 1261
1260 1266
1260 1268
1261 1263
1262 1268
1262 1314
1262 1719
1263 1322
1263 1462
1263 1904
1264 1268
1264 1443
1266 1574
1267 1691
1267 1838
1267 1924
1268 1853
1269 1407
1269 1778
1269 1824
1270 1275
1270 1280
1270 1282
1270 1287
1270 1289
1270 1314
1270 1322
1270 1327
1270 1358
1270 1361
1270 1366
1270 1369
1270 1399
1270 1401
1270 1405
1270 1414
1270 1419
1270 1425
1270 1438
1270 1442
1270 1467
1270 1485
1270 1491
1270 1492
1270 1500
1270 1522
1270 2003
1271 1280
1271 1286
1271 1302
1271 1309
1271 1320
1271 1331
1271 1333
1271 1344
1271 1349
1271 1362
1271 1388
1271 1392
1271 1426
1271 1446
1271 1451
1271 1474
1271 1476
1271 1484
1271 1530
1271 1617
1272 1279
1272 1283
1272 1285
1272 1288
1272 1301
1272 1302
1272 1309
1272 1326
1272 1349
1272 1353
1272 1356
1272 1361
1272 1370
1272 1391
1272 1398
1272 1433
1272 1450
1272 1480
1272 1492
1272 1504
1272 1951
1273 1282
1273 1283
1273 1286
1273 1294
1273 1301
1273 1302
1273 1308
1273 1310
1273 1312
1273 1323
1273 1327
1273 1341
1273 1349
1273 1422
1273 1427
1273 1446
1273 1468
1273 1469
1273 1486
1273 1506
1273 1510
1273 1514
1273 2012
1274 1284
1274 1288
1274 1293
1274 1305
1274 1319
1274 1323
1274 1326
1274 1333
1274 1346
1274 1350
1274 1355
1274 1368
1274 1373
1274 1376
1274 1378
1274 1386
1274 1393
1274 1399
1274 1403
1274 1411
1274 1422
1274 1436
1274 1438
1274 1450
1274 1462
1274 1467
1274 1468
1274 1475
1274 1481
1274 1484
1274 1494
1274 1503
1274 1509
1274 1515
1274 1647
1274 1846
1275 1286
1275 1288
1275 1294
1275 1307
1275 1329
1275 1340
1275 1346
1275 1355
1275 1364
1275 1366
1275 1403
1275 1405
1275 1429
1275 1448
1275 1455
1275 1457
1275 1469
1275 1472
1275 1480
1275 1491
1275 1503
1275 1519
1276 1280
1276 1288
1276 1293
1276 1294
1276 1296
1276 1307
1276 1322
1276 1335
1276 1344
1276 1352
1276 1354
1276 1381
1276 1385
1276 1402
1276 1405
1276 1417
1276 1421
1276 1447
1276 1450
1276 1454
1276 1458
1276 1492
1276 1496
1276 1523
1277 1283
1277 1291
1277 1300
1277 1305
1277 1317
1277 1326
1277 1327
1277 1328
1277 1336
1277 1346
1277 1360
1277 1369
1277 1376
1277 1379
1277 1406
1277 1422
1277 1445
1277 1459
1277 1460
1277 1468
1277 1479
1277 1480
1277 1495
1277 1496
1277 1510
1278 1287
1278 1296
1278 1301
1278 1316
1278 1319
1278 1337
1278 1339
1278 1342
1278 1345
1278 1368
1278 1375
1278 1379
1278 1398
1278 1425
1278 1428
1278 1431
1278 1448
1278 1450
1278 1464
1278 1469
1278 1474
1278 1489
1278 1491
1278 1513
1278 1516
1278 1517
1278 1890
1278 1980
1279 1290
1279 1291
1279 1293
1279 1299
1279 1319
1279 1340
1279 1361
1279 1364
1279 1374
1279 1383
1279 1407
1279 1409
1279 1434
1279 1436
1279 1445
1279 1450
1279 1457
1279 1460
1279 1465
1279 1470
1279 1477
1279 1478
1279 1481
1279 1485
1279 1492
1279 1494
1279 1495
1279 1501
1279 1502
1279 1509
1279 1516
1280 1285
1280 1291
1280 1293
1280 1295
1280 1299
1280 1316
1280 1333
1280 1342
1280 1350
1280 1351
1280 1354
1280 1384
1280 1424
1280 1430
1280 1437
1280 1440
1280 1443
1280 1452
1280 1453
1280 1462
1280 1493
1280 1507
1280 1512
1280 1521
1281 1289
1281 1295
1281 1296
1281 1298
1281 1311
1281 1319
1281 1328
1281 1335
1281 1367
1281 1395
1281 1430
1281 1451
1281 1454
1281 1462
1281 1476
1281 1481
1281 1487
1281 1504
1281 1514
1281 1522
1281 1601
1281 1679
1281 1710
1281 1943
1282 1308
1282 1309
1282 1313
1282 1323
1282 1355
1282 1365
1282 1369
1282 1371
1282 1376
1282 1411
1282 1431
1282 1434
1282 1439
1282 1441
1282 1443
1282 1468
1282 1473
1282 1486
1282 1498
1282 1504
1282 1515
1282 1520
1282 1522
1282 1584
1282 1771
1282 1963
1283 1288
1283 1293
1283 1294
1283 1296
1283 1301
1283 1303
1283 1308
1283 1310
1283 1319
1283 1333
1283 1338
1283 1339
1283 1341
1283 1342
1283 1371
1283 1380
1283 1381
1283 1385
1283 1401
1283 1407
1283 1408
1283 1411
1283 1419
1283 1439
1283 1445
1283 1451
1283 1454
1283 1455
1283 1460
1283 1464
1283 1486
1283 1497
1283 1502
1283 1510
1283 1514
1283 1982
1284 1307
1284 1314
1284 1342
1284 1371
1284 1372
1284 1378
1284 1383
1284 1406
1284 1422
1284 1425
1284 1438
1284 1449
1284 1461
1284 1465
1284 1468
1284 1470
1284 1475
1284 1476
1284 1494
1284 1498
1284 1504
1284 1507
1284 1516
1284 1888
1285 1288
1285 1295
1285 1300
1285 1310
1285 1328
1285 1334
1285 1336
1285 1338
1285 1368
1285 1373
1285 1379
1285 1383
1285 1386
1285 1398
1285 1430
1285 1433
1285 1440
1285 1461
1285 1467
1285 1471
1285 1487
1285 1489
1285 1491
1285 1495
1285 1499
1285 1500
1285 1512
1285 1513
1285 1517
1285 1565
1286 1289
1286 1303
1286 1305
1286 1311
1286 1314
1286 1318
1286 1323
1286 1326
1286 1339
1286 1342
1286 1354
1286 1358
1286 1371
1286 1374
1286 1375
1286 1380
1286 1398
1286 1414
1286 1436
1286 1468
1286 1469
1286 1470
1286 1477
1286 1490
1286 1511
1286 1517
1287 1318
1287 1321
1287 1324
1287 1337
1287 1340
1287 1343
1287 1359
1287 1362
1287 1366
1287 1385
1287 1386
1287 1395
1287 1407
1287 1426
1287 1436
1287 1458
1287 1464
1287 1469
1287 1471
1287 1477
1287 1500
1287 1502
1287 1516
1288 1289
1288 1300
1288 1312
1288 1315
1288 1318
1288 1322
1288 1323
1288 1326
1288 1337
1288 1345
1288 1346
1288 1380
1288 1382
1288 1405
1288 1425
1288 1428
1288 1444
1288 1446
1288 1449
1288 1469
1288 1475
1288 1481
1288 1490
1288 1494
1288 1511
1288 1522
1288 1867
1289 1295
1289 1297
1289 1302
1289 1312
1289 1321
1289 1334
1289 1358
1289 1364
1289 1367
1289 1392
1289 1399
1289 1401
1289 1418
1289 1425
1289 1449
1289 1450
1289 1452
1289 1469
1289 1472
1289 1475
1289 1483
1289 1488
1289 1499
1289 1516
1290 1307
1290 1309
1290 1325
1290 1326
1290 1328
1290 1339
1290 1351
1290 1355
1290 1362
1290 1372
1290 1375
1290 1379
1290 1397
1290 1411
1290 1415
1290 1419
1290 1429
1290 1494
1290 1517
1290 1519
1291 1292
1291 1302
1291 1305
1291 1309
1291 1310
1291 1318
1291 1325
1291 1326
1291 1354
1291 1370
1291 1394
1291 1407
1291 1409
1291 1413
1291 1495
1291 1497
1291 1507
1291 1511
1292 1298
1292 1330
1292 1331
1292 1332
1292 1333
1292 1344
1292 1345
1292 1355
1292 1359
1292 1364
1292 1371
1292 1376
1292 1382
1292 1396
1292 1401
1292 1402
1292 1424
1292 1431
1292 1445
1292 1450
1292 1455
1292 1456
1292 1466
1292 1498
1292 1514
1292 1523
1293 1305
1293 1322
1293 1329
1293 1353
1293 1360
1293 1378
1293 1392
1293 1394
1293 1396
1293 1404
1293 1412
1293 1415
1293 1420
1293 1422
1293 1443
1293 1462
1293 1468
1293 1469
1293 1479
1293 1481
1293 1501
1293 1888
1293 2027
1294 1299
1294 1311
1294 1319
1294 1330
1294 1335
1294 1338
1294 1356
1294 1367
1294 1384
1294 1400
1294 1409
1294 1432
1294 1433
1294 1452
1294 1470
1294 1474
1294 1485
1294 1495
1294 1496
1294 1521
1294 1774
1294 1806
1294 1994
1295 1299
1295 1305
1295 1338
1295 1344
1295 1352
1295 1357
1295 1387
1295 1394
1295 1396
1295 1403
1295 1424
1295 1425
1295 1427
1295 1460
1295 1461
1295 1464
1295 1466
1295 1472
1295 1486
1295 1493
1295 1496
1295 1498
1295 1503
1295 1520
1295 1521
1295 1594
1295 1773
1295 2026
1296 1301
1296 1304
1296 1317
1296 1318
1296 1322
1296 1324
1296 1335
1296 1339
1296 1406
1296 1424
1296 1446
1296 1460
1296 1462
1296 1471
1296 1482
1296 1487
1296 1490
1296 1495
1296 1496
1296 1498
1296 1511
1296 1645
1296 1918
1297 1302
1297 1323
1297 1328
1297 1338
1297 1347
1297 1383
1297 1396
1297 1401
1297 1416
1297 1418
1297 1435
1297 1439
1297 1462
1297 1474
1297 1478
1297 1491
1298 1309
1298 1325
1298 1339
1298 1342
1298 1343
1298 1362
1298 1365
1298 1384
1298 1401
1298 1406
1298 1416
1298 1432
1298 1433
1298 1435
1298 1439
1298 1454
1298 1459
1298 1465
1298 1466
1298 1467
1298 1471
1298 1480
1298 1493
1298 1508
1299 1321
1299 1329
1299 1331
1299 1343
1299 1351
1299 1359
1299 1371
1299 1373
1299 1402
1299 1407
1299 1412
1299 1416
1299 1422
1299 1449
1299 1458
1299 1463
1299 1469
1299 1474
1299 1494
1299 1513
1299 1523
1300 1312
1300 1317
1300 1318
1300 1322
1300 1334
1300 1354
1300 1364
1300 1367
1300 1397
1300 1400
1300 1401
1300 1408
1300 1423
1300 1427
1300 1431
1300 1433
1300 1434
1300 1455
1300 1458
1300 1461
1300 1462
1300 1492
1300 1495
1300 1504
1300 1509
1300 1516
1300 1520
1300 1522
1301 1305
1301 1334
1301 1336
1301 1341
1301 1351
1301 1353
1301 1365
1301 1366
1301 1368
1301 1384
1301 1388
1301 1392
1301 1402
1301 1410
1301 1423
1301 1434
1301 1438
1301 1439
1301 1444
1301 1459
1301 1467
1301 1478
1301 1482
1301 1490
1301 1504
1301 1507
1301 1521
1301 1665
1301 1798
1302 1309
1302 1324
1302 1328
1302 1331
1302 1347
1302 1354
1302 1360
1302 1382
1302 1383
1302 1389
1302 1391
1302 1407
1302 1409
1302 1411
1302 1445
1302 1454
1302 1458
1302 1473
1302 1480
1302 1501
1302 1514
1302 1517
1302 1522
1302 1848
1302 1881
1303 1305
1303 1327
1303 1329
1303 1331
1303 1336
1303 1343
1303 1366
1303 1408
1303 1413
1303 1436
1303 1445
1303 1466
1303 1477
1303 1507
1303 1545
1303 1939
1304 1312
1304 1314
1304 1326
1304 1327
1304 1330
1304 1344
1304 1347
1304 1352
1304 1361
1304 1366
1304 1370
1304 1374
1304 1379
1304 1392
1304 1408
1304 1409
1304 1412
1304 1413
1304 1419
1304 1435
1304 1436
1304 1447
1304 1454
1304 1458
1304 1463
1304 1471
1304 1478
1304 1479
1304 1484
1304 1485
1304 1492
1304 1500
1304 1506
1304 1509
1304 1514
1304 1596
1305 1321
1305 1329
1305 1337
1305 1343
1305 1357
1305 1360
1305 1373
1305 1384
1305 1400
1305 1415
1305 1438
1305 1441
1305 1443
1305 1445
1305 1457
1305 1459
1305 1468
1305 1475
1305 1481
1305 1503
1305 1520
1306 1308
1306 1314
1306 1319
1306 1329
1306 1333
1306 1336
1306 1341
1306 1343
1306 1348
1306 1350
1306 1357
1306 1365
1306 1376
1306 1377
1306 1382
1306 1383
1306 1423
1306 1434
1306 1462
1306 1473
1306 1481
1306 1497
1306 1500
1306 1505
1306 1516
1306 1517
1306 1623
1307 1308
1307 1327
1307 1328
1307 1338
1307 1344
1307 1354
1307 1358
1307 1363
1307 1373
1307 1378
1307 1381
1307 1385
1307 1388
1307 1392
1307 1397
1307 1404
1307 1405
1307 1411
1307 1416
1307 1419
1307 1426
1307 1429
1307 1431
1307 1434
1307 1441
1307 1495
1307 1502
1307 1730
1307 1837
1307 2012
1308 1314
1308 1318
1308 1340
1308 1373
1308 1386
1308 1397
1308 1399
1308 1401
1308 1422
1308 1434
1308 1457
1308 1460
1308 1461
1308 1485
1308 1505
1309 1314
1309 1320
1309 1322
1309 1331
1309 1338
1309 1339
1309 1349
1309 1364
1309 1370
1309 1406
1309 1414
1309 1419
1309 1420
1309 1424
1309 1425
1309 1431
1309 1438
1309 1441
1309 1445
1309 1446
1309 1483
1309 1484
1309 1499
1309 1502
1309 1503
1309 1519
1309 1520
1309 1523
1309 1991
1309 2017
1310 1326
1310 1334
1310 1340
1310 1345
1310 1354
1310 1370
1310 1371
1310 1374
1310 1379
1310 1404
1310 1408
1310 1410
1310 1415
1310 1418
1310 1434
1310 1443
1310 1448
1310 1467
1310 1491
1310 1520
1310 1522
1310 1645
1310 1731
1310 1867
1311 1317
1311 1320
1311 1321
1311 1344
1311 1350
1311 1355
1311 1361
1311 1363
1311 1397
1311 1418
1311 1431
1311 1434
1311 1438
1311 1441
1311 1450
1311 1463
1311 1482
1311 1489
1311 1494
1311 1495
1311 1509
1311 1517
1311 1519
1311 1520
1311 1975
1311 1978
1312 1321
1312 1325
1312 1347
1312 1357
1312 1359
1312 1365
1312 1372
1312 1381
1312 1390
1312 1392
1312 1399
1312 1409
1312 1413
1312 1436
1312 1437
1312 1442
1312 1449
1312 1469
1312 1491
1312 1496
1312 1497
1312 1504
1312 1594
1312 1809
1312 1911
1312 1998
1313 1324
1313 1328
1313 1335
1313 1345
1313 1346
1313 1347
1313 1357
1313 1359
1313 1362
1313 1364
1313 1390
1313 1393
1313 1413
1313 1419
1313 1429
1313 1433
1313 1434
1313 1444
1313 1446
1313 1467
1313 1478
1313 1482
1313 1483
1313 1488
1313 1512
1314 1322
1314 1323
1314 1344
1314 1350
1314 1354
1314 1365
1314 1404
1314 1406
1314 1415
1314 1426
1314 1431
1314 1439
1314 1449
1314 1455
1314 1469
1314 1471
1314 1480
1314 1483
1314 1490
1314 1495
1314 1497
1314 1511
1314 1737
1315 1323
1315 1329
1315 1335
1315 1340
1315 1347
1315 1350
1315 1352
1315 1354
1315 1360
1315 1362
1315 1365
1315 1366
1315 1375
1315 1382
1315 1388
1315 1398
1315 1403
1315 1421
1315 1437
1315 1443
1315 1457
1315 1463
1315 1466
1315 1488
1315 1523
1315 1935
1316 1336
1316 1341
1316 1352
1316 1368
1316 1380
1316 1382
1316 1385
1316 1403
1316 1407
1316 1408
1316 1412
1316 1441
1316 1442
1316 1469
1316 1476
1316 1482
1316 1495
1316 1507
1316 1593
1316 1665
1317 1323
1317 1333
1317 1336
1317 1354
1317 1369
1317 1372
1317 1381
1317 1394
1317 1396
1317 1397
1317 1398
1317 1401
1317 1407
1317 1437
1317 1440
1317 1453
1317 1459
1317 1474
1317 1480
1317 1482
1317 1490
1317 1495
1317 1503
1317 1510
1317 1515
1317 1516
1317 1535
1317 1558
1317 1928
1318 1338
1318 1344
1318 1349
1318 1397
1318 1400
1318 1405
1318 1412
1318 1426
1318 1430
1318 1442
1318 1449
1318 1460
1318 1482
1318 1499
1318 1509
1318 1514
1318 1517
1319 1341
1319 1358
1319 1369
1319 1374
1319 1380
1319 1385
1319 1401
1319 1422
1319 1424
1319 1448
1319 1452
1319 1457
1319 1463
1319 1473
1320 1329
1320 1333
1320 1340
1320 1342
1320 1343
1320 1349
1320 1359
1320 1360
1320 1365
1320 1368
1320 1390
1320 1404
1320 1409
1320 1411
1320 1420
1320 1441
1320 1446
1320 1451
1320 1457
1320 1477
1320 1481
1320 1484
1320 1500
1320 1506
1320 1518
1320 1659
1320 1818
1321 1322
1321 1325
1321 1336
1321 1337
1321 1340
1321 1345
1321 1346
1321 1352
1321 1382
1321 1388
1321 1389
1321 1403
1321 1404
1321 1405
1321 1408
1321 1412
1321 1416
1321 1419
1321 1425
1321 1440
1321 1442
1321 1476
1321 1481
1321 1487
1321 1520
1322 1328
1322 1344
1322 1348
1322 1352
1322 1361
1322 1362
1322 1368
1322 1371
1322 1416
1322 1425
1322 1438
1322 1461
1322 1464
1322 1467
1322 1473
1322 1481
1322 1482
1322 1483
1322 1492
1322 1496
1322 1504
1322 1986
1323 1329
1323 1330
1323 1336
1323 1358
1323 1370
1323 1373
1323 1384
1323 1395
1323 1407
1323 1408
1323 1442
1323 1443
1323 1461
1323 1479
1323 1482
1323 1511
1323 1520
1323 1768
1324 1326
1324 1327
1324 1332
1324 1334
1324 1336
1324 1337
1324 1347
1324 1350
1324 1361
1324 1388
1324 1394
1324 1412
1324 1425
1324 1429
1324 1430
1324 1434
1324 1471
1324 1492
1324 1499
1324 1500
1324 1505
1324 1509
1324 1799
1324 1984
1325 1335
1325 1336
1325 1342
1325 1352
1325 1356
1325 1359
1325 1371
1325 1381
1325 1385
1325 1387
1325 1394
1325 1410
1325 1412
1325 1413
1325 1421
1325 1450
1325 1462
1325 1484
1325 1495
1325 1498
1325 1510
1325 1511
1325 1513
1326 1334
1326 1337
1326 1351
1326 1356
1326 1357
1326 1370
1326 1375
1326 1419
1326 1421
1326 1425
1326 1437
1326 1445
1326 1448
1326 1449
1326 1450
1326 1451
1326 1456
1326 1457
1326 1458
1326 1459
1326 1470
1326 1474
1326 1475
1326 1496
1326 1520
1327 1334
1327 1341
1327 1342
1327 1350
1327 1353
1327 1367
1327 1396
1327 1399
1327 1409
1327 1412
1327 1413
1327 1419
1327 1427
1327 1431
1327 1441
1327 1449
1327 1452
1327 1471
1327 1472
1327 1480
1327 1485
1327 1508
1327 1512
1327 1515
1327 1520
1327 1570
1328 1339
1328 1354
1328 1365
1328 1378
1328 1390
1328 1398
1328 1401
1328 1406
1328 1408
1328 1409
1328 1411
1328 1479
1328 1481
1328 1497
1328 1501
1328 1504
1328 1516
1328 1523
1328 1674
1329 1333
1329 1339
1329 1352
1329 1364
1329 1372
1329 1374
1329 1432
1329 1439
1329 1446
1329 1458
1329 1461
1329 1467
1329 1489
1329 1490
1329 1491
1329 1497
1329 1501
1329 1502
1329 1507
1329 1518
1329 1521
1330 1334
1330 1346
1330 1363
1330 1364
1330 1374
1330 1391
1330 1415
1330 1418
1330 1422
1330 1427
1330 1440
1330 1445
1330 1460
1330 1468
1330 1474
1330 1479
1330 1480
1330 1495
1330 1500
1330 1501
1330 1513
1330 1608
1331 1332
1331 1343
1331 1346
1331 1347
1331 1353
1331 1358
1331 1366
1331 1369
1331 1380
1331 1407
1331 1410
1331 1415
1331 1428
1331 1436
1331 1448
1331 1449
1331 1450
1331 1478
1331 1481
1331 1488
1331 1502
1331 1518
1331 1523
1331 1736
1331 1819
1331 1912
1332 1346
1332 1352
1332 1359
1332 1371
1332 1382
1332 1389
1332 1390
1332 1415
1332 1417
1332 1427
1332 1441
1332 1455
1332 1456
1332 1459
1332 1469
1332 1475
1332 1478
1332 1479
1332 1480
1332 1482
1332 1492
1332 1493
1332 1502
1332 1503
1332 1974
1333 1334
1333 1339
1333 1346
1333 1347
1333 1355
1333 1358
1333 1385
1333 1388
1333 1400
1333 1417
1333 1419
1333 1421
1333 1424
1333 1440
1333 1446
1333 1457
1333 1469
1333 1471
1333 1473
1333 1475
1333 1495
1333 1508
1333 1509
1333 1511
1333 1519
1333 1555
1333 1946
1334 1337
1334 1354
1334 1364
1334 1368
1334 1370
1334 1371
1334 1374
1334 1401
1334 1412
1334 1417
1334 1450
1334 1466
1334 1476
1334 1491
1334 1672
1334 1908
1335 1338
1335 1340
1335 1348
1335 1393
1335 1395
1335 1404
1335 1430
1335 1433
1335 1434
1335 1447
1335 1448
1335 1454
1335 1464
1335 1486
1335 1494
1335 1495
1335 1503
1335 1507
1335 1514
1335 1515
1336 1337
1336 1338
1336 1347
1336 1349
1336 1364
1336 1368
1336 1410
1336 1411
1336 1417
1336 1439
1336 1443
1336 1455
1336 1459
1336 1463
1336 1466
1336 1468
1336 1479
1336 1480
1336 1489
1336 1516
1337 1346
1337 1361
1337 1371
1337 1380
1337 1383
1337 1385
1337 1389
1337 1394
1337 1397
1337 1399
1337 1422
1337 1431
1337 1447
1337 1461
1337 1467
1337 1472
1337 1481
1337 1485
1337 1493
1337 1500
1337 1502
1337 1511
1337 1512
1337 1515
1337 1596
1337 1737
1338 1363
1338 1366
1338 1368
1338 1370
1338 1379
1338 1383
1338 1389
1338 1400
1338 1401
1338 1402
1338 1403
1338 1410
1338 1417
1338 1445
1338 1464
1338 1480
1338 1483
1338 1488
1338 1489
1338 1491
1338 1499
1338 1501
1338 1502
1338 1504
1338 1511
1339 1343
1339 1348
1339 1380
1339 1382
1339 1390
1339 1393
1339 1403
1339 1424
1339 1439
1339 1450
1339 1488
1339 1875
1340 1344
1340 1353
1340 1357
1340 1366
1340 1396
1340 1399
1340 1401
1340 1402
1340 1409
1340 1424
1340 1426
1340 1429
1340 1434
1340 1442
1340 1453
1340 1454
1340 1455
1340 1457
1340 1506
1341 1379
1341 1382
1341 1402
1341 1414
1341 1457
1341 1462
1341 1469
1341 1480
1341 1494
1341 1495
1341 1503
1341 1508
1341 1522
1342 1364
1342 1371
1342 1379
1342 1381
1342 1399
1342 1405
1342 1406
1342 1416
1342 1417
1342 1429
1342 1438
1342 1443
1342 1444
1342 1451
1342 1465
1342 1467
1342 1479
1342 1481
1342 1482
1342 1505
1342 1507
1342 1521
1342 1565
1342 1783
1343 1351
1343 1353
1343 1363
1343 1366
1343 1375
1343 1378
1343 1387
1343 1393
1343 1449
1343 1460
1343 1471
1343 1510
1343 1513
1343 1514
1344 1354
1344 1357
1344 1359
1344 1380
1344 1384
1344 1386
1344 1393
1344 1400
1344 1454
1344 1477
1344 1481
1344 1488
1344 1497
1344 1515
1344 1518
1344 1522
1344 2009
1345 1346
1345 1355
1345 1367
1345 1369
1345 1378
1345 1383
1345 1384
1345 1387
1345 1394
1345 1400
1345 1410
1345 1413
1345 1422
1345 1435
1345 1467
1345 1471
1345 1478
1345 1486
1345 1492
1345 1495
1345 1506
1345 1507
1345 1509
1345 1511
1345 1519
1345 1786
1346 1358
1346 1372
1346 1382
1346 1385
1346 1390
1346 1411
1346 1420
1346 1427
1346 1429
1346 1441
1346 1443
1346 1445
1346 1447
1346 1448
1346 1465
1346 1471
1346 1474
1346 1504
1346 1509
1346 1516
1346 1517
1346 1518
1346 2005
1347 1351
1347 1357
1347 1358
1347 1361
1347 1387
1347 1395
1347 1403
1347 1405
1347 1418
1347 1429
1347 1434
1347 1450
1347 1459
1347 1462
1347 1468
1347 1479
1347 1480
1347 1489
1347 1492
1347 1502
1347 1505
1347 1507
1347 1510
1347 1650
1347 1705
1348 1370
1348 1377
1348 1379
1348 1385
1348 1388
1348 1392
1348 1401
1348 1420
1348 1429
1348 1452
1348 1454
1348 1474
1348 1509
1348 1517
1348 1919
1348 2005
1349 1351
1349 1365
1349 1388
1349 1403
1349 1413
1349 1418
1349 1449
1349 1458
1349 1463
1349 1476
1349 1482
1349 1503
1349 1505
1349 1521
1349 1687
1349 1832
1349 2025
1350 1364
1350 1378
1350 1380
1350 1381
1350 1393
1350 1408
1350 1420
1350 1425
1350 1447
1350 1454
1350 1460
1350 1462
1350 1474
1350 1479
1350 1488
1350 1504
1350 1507
1351 1359
1351 1361
1351 1363
1351 1365
1351 1372
1351 1388
1351 1401
1351 1407
1351 1408
1351 1412
1351 1436
1351 1438
1351 1445
1351 1449
1351 1461
1351 1468
1351 1470
1351 1479
1351 1489
1351 1494
1351 1502
1351 1518
1351 1519
1351 1521
1351 1523
1351 1725
1351 1914
1352 1365
1352 1368
1352 1370
1352 1371
1352 1384
1352 1423
1352 1437
1352 1469
1352 1484
1352 1492
1352 1494
1352 1497
1352 1500
1352 1506
1352 1507
1352 1511
1352 1522
1353 1388
1353 1397
1353 1415
1353 1422
1353 1428
1353 1452
1353 1457
1353 1467
1353 1471
1353 1485
1353 1488
1353 1489
1353 1508
1354 1357
1354 1367
1354 1375
1354 1376
1354 1382
1354 1395
1354 1407
1354 1409
1354 1410
1354 1416
1354 1436
1354 1437
1354 1439
1354 1444
1354 1458
1354 1477
1354 1478
1354 1481
1354 1492
1354 1493
1354 1517
1355 1356
1355 1363
1355 1370
1355 1412
1355 1413
1355 1414
1355 1425
1355 1435
1355 1468
1355 1472
1355 1478
1355 1508
1355 1643
1356 1358
1356 1362
1356 1372
1356 1395
1356 1408
1356 1410
1356 1415
1356 1422
1356 1442
1356 1456
1356 1463
1356 1465
1356 1484
1356 1486
1356 1487
1356 1488
1356 1508
1356 1520
1356 1673
1357 1360
1357 1362
1357 1389
1357 1395
1357 1415
1357 1416
1357 1456
1357 1468
1357 1472
1357 1486
1357 1491
1357 1499
1357 1506
1357 1507
1357 1511
1357 1518
1357 1583
1357 1916
1358 1360
1358 1374
1358 1395
1358 1402
1358 1403
1358 1416
1358 1437
1358 1443
1358 1454
1358 1463
1358 1515
1358 1522
1358 1523
1358 1912
1358 1917
1359 1360
1359 1383
1359 1384
1359 1388
1359 1407
1359 1416
1359 1431
1359 1445
1359 1451
1359 1458
1359 1464
1359 1470
1359 1471
1359 1474
1359 1487
1359 1499
1359 1505
1359 1507
1359 1518
1359 1522
1359 1545
1359 1844
1359 1862
1360 1369
1360 1393
1360 1405
1360 1412
1360 1416
1360 1419
1360 1420
1360 1437
1360 1462
1360 1473
1360 1475
1360 1481
1360 1489
1360 1491
1360 1498
1360 1500
1360 1510
1360 1514
1361 1366
1361 1392
1361 1394
1361 1412
1361 1432
1361 1440
1361 1446
1361 1459
1361 1469
1361 1494
1361 1500
1361 1515
1361 1518
1361 1521
1361 1861
1362 1366
1362 1379
1362 1388
1362 1391
1362 1392
1362 1413
1362 1418
1362 1422
1362 1443
1362 1454
1362 1456
1362 1459
1362 1460
1362 1484
1362 1492
1362 1502
1362 1511
1362 1516
1362 1998
1363 1370
1363 1378
1363 1383
1363 1386
1363 1389
1363 1391
1363 1401
1363 1432
1363 1443
1363 1447
1363 1458
1363 1469
1363 1472
1363 1481
1363 1484
1363 1503
1363 1509
1364 1367
1364 1377
1364 1381
1364 1394
1364 1399
1364 1411
1364 1415
1364 1418
1364 1446
1364 1449
1364 1470
1364 1499
1364 1504
1365 1367
1365 1383
1365 1391
1365 1402
1365 1408
1365 1409
1365 1435
1365 1443
1365 1448
1365 1467
1365 1468
1365 1506
1365 1643
1366 1396
1366 1411
1366 1415
1366 1424
1366 1436
1366 1440
1366 1446
1366 1464
1366 1467
1366 1475
1366 1479
1366 1481
1366 1482
1366 1493
1366 1501
1366 1512
1366 1523
1366 1946
1367 1381
1367 1393
1367 1400
1367 1408
1367 1411
1367 1440
1367 1445
1367 1469
1367 1476
1367 1483
1367 1485
1367 1493
1367 1494
1367 1500
1367 1502
1367 1514
1368 1369
1368 1374
1368 1377
1368 1382
1368 1383
1368 1386
1368 1394
1368 1401
1368 1406
1368 1426
1368 1427
1368 1441
1368 1445
1368 1450
1368 1460
1368 1468
1368 1474
1368 1497
1368 1504
1368 1523
1368 1996
1369 1374
1369 1377
1369 1383
1369 1384
1369 1407
1369 1410
1369 1423
1369 1426
1369 1429
1369 1442
1369 1449
1369 1456
1369 1457
1369 1467
1369 1468
1369 1487
1369 1491
1369 1492
1369 1517
1369 1518
1369 1521
1370 1374
1370 1388
1370 1392
1370 1396
1370 1407
1370 1408
1370 1420
1370 1432
1370 1433
1370 1442
1370 1448
1370 1457
1370 1467
1370 1468
1370 1471
1370 1476
1370 1484
1370 1488
1370 1493
1370 1496
1370 1503
1370 1506
1370 1507
1370 1514
1371 1383
1371 1393
1371 1409
1371 1426
1371 1434
1371 1437
1371 1442
1371 1445
1371 1447
1371 1487
1371 1489
1371 1496
1371 1504
1371 1508
1371 1516
1371 1523
1371 1751
1371 1983
1372 1373
1372 1376
1372 1383
1372 1387
1372 1389
1372 1412
1372 1422
1372 1426
1372 1435
1372 1436
1372 1452
1372 1508
1372 1960
1373 1378
1373 1385
1373 1391
1373 1392
1373 1401
1373 1415
1373 1421
1373 1426
1373 1428
1373 1435
1373 1470
1373 1486
1373 1496
1373 1502
1373 1503
1373 1505
1373 1521
1374 1378
1374 1403
1374 1411
1374 1453
1374 1468
1374 1479
1374 1480
1374 1493
1374 1503
1374 1506
1374 1514
1374 1522
1374 2018
1375 1411
1375 1423
1375 1427
1375 1434
1375 1447
1375 1448
1375 1449
1375 1487
1375 1504
1375 1505
1375 1510
1375 1513
1375 1518
1376 1385
1376 1389
1376 1393
1376 1394
1376 1408
1376 1410
1376 1446
1376 1451
1376 1455
1376 1462
1376 1475
1376 1486
1376 1490
1376 1502
1376 1713
1377 1401
1377 1404
1377 1409
1377 1429
1377 1443
1377 1450
1377 1452
1377 1460
1377 1462
1377 1464
1377 1469
1377 1479
1377 1507
1378 1397
1378 1403
1378 1414
1378 1424
1378 1428
1378 1438
1378 1439
1378 1460
1378 1471
1378 1476
1378 1477
1378 1479
1378 1484
1378 1495
1378 1510
1378 1511
1378 1519
1378 2015
1378 2028
1379 1381
1379 1421
1379 1424
1379 1429
1379 1437
1379 1463
1379 1476
1379 1493
1379 1506
1379 1513
1379 1864
1380 1405
1380 1409
1380 1413
1380 1432
1380 1448
1380 1461
1380 1463
1380 1466
1380 1476
1380 1500
1380 1505
1380 1512
1380 1518
1381 1395
1381 1402
1381 1411
1381 1413
1381 1415
1381 1424
1381 1435
1381 1437
1381 1441
1381 1449
1381 1453
1381 1466
1381 1476
1381 1478
1381 1483
1381 1489
1381 1495
1381 1507
1381 1509
1381 1512
1381 1518
1381 1520
1381 1922
1382 1383
1382 1420
1382 1442
1382 1447
1382 1464
1382 1467
1382 1472
1382 1485
1382 1497
1382 1514
1382 1521
1383 1396
1383 1399
1383 1402
1383 1409
1383 1424
1383 1434
1383 1442
1383 1445
1383 1451
1383 1463
1383 1464
1383 1476
1383 1489
1383 1518
1383 1525
1383 1869
1384 1414
1384 1419
1384 1424
1384 1426
1384 1466
1384 1474
1384 1475
1384 1480
1384 1488
1384 1499
1384 1511
1384 1515
1384 1677
1385 1410
1385 1420
1385 1433
1385 1451
1385 1482
1385 1500
1385 1501
1385 1508
1385 1522
1385 1523
1385 2028
1386 1408
1386 1412
1386 1417
1386 1427
1386 1438
1386 1440
1386 1446
1386 1457
1386 1475
1386 1480
1386 1486
1386 1493
1386 1500
1386 1512
1386 1521
1386 1583
1387 1406
1387 1407
1387 1415
1387 1445
1387 1457
1387 1479
1387 1514
1387 1648
1388 1389
1388 1412
1388 1413
1388 1420
1388 1431
1388 1436
1388 1440
1388 1452
1388 1463
1388 1464
1388 1467
1388 1485
1388 1500
1388 1503
1388 1509
1389 1405
1389 1414
1389 1419
1389 1428
1389 1429
1389 1432
1389 1448
1389 1467
1389 1471
1389 1473
1389 1479
1389 1504
1389 1952
1389 1973
1390 1391
1390 1403
1390 1416
1390 1426
1390 1434
1390 1446
1390 1447
1390 1462
1390 1469
1390 1474
1390 1496
1390 1508
1390 1518
1390 1770
1390 1890
1391 1392
1391 1393
1391 1406
1391 1415
1391 1442
1391 1451
1391 1452
1391 1455
1391 1459
1391 1461
1391 1475
1391 1481
1391 1501
1391 1509
1391 1516
1392 1403
1392 1410
1392 1425
1392 1449
1392 1451
1392 1466
1392 1469
1392 1472
1392 1487
1392 1488
1392 1490
1392 1503
1392 1505
1392 1733
1392 1991
1393 1397
1393 1431
1393 1432
1393 1443
1393 1454
1393 1467
1393 1476
1393 1478
1393 1485
1393 1489
1393 1507
1393 1511
1393 1521
1394 1414
1394 1432
1394 1445
1394 1458
1394 1461
1394 1462
1394 1466
1394 1470
1394 1487
1394 1489
1394 1509
1394 1570
1394 1665
1395 1397
1395 1412
1395 1441
1395 1443
1395 1451
1395 1456
1395 1466
1395 1475
1395 1485
1395 1492
1395 1499
1395 1509
1395 1650
1396 1402
1396 1416
1396 1419
1396 1429
1396 1440
1396 1445
1396 1449
1396 1451
1396 1455
1396 1476
1396 1485
1396 1499
1396 1510
1396 1517
1396 1521
1397 1399
1397 1404
1397 1407
1397 1437
1397 1449
1397 1454
1397 1457
1397 1458
1397 1483
1397 1496
1397 1502
1397 1514
1397 1518
1398 1400
1398 1412
1398 1416
1398 1417
1398 1449
1398 1483
1398 1490
1398 1500
1398 1507
1398 1514
1398 1873
1399 1406
1399 1429
1399 1440
1399 1468
1399 1485
1399 1490
1399 1491
1399 1629
1399 1815
1400 1406
1400 1416
1400 1421
1400 1449
1400 1458
1400 1462
1400 1466
1400 1467
1400 1472
1400 1476
1400 1500
1400 1501
1400 1502
1400 1514
1400 1519
1401 1402
1401 1403
1401 1418
1401 1430
1401 1440
1401 1447
1401 1449
1401 1452
1401 1457
1401 1468
1401 1475
1401 1476
1401 1478
1401 1491
1401 1496
1401 1505
1401 1511
1401 1515
1401 1520
1401 1523
1402 1452
1402 1458
1402 1481
1402 1495
1402 1520
1403 1412
1403 1420
1403 1428
1403 1432
1403 1464
1403 1470
1403 1512
1403 1514
1403 1520
1404 1405
1404 1413
1404 1419
1404 1424
1404 1463
1404 1464
1404 1470
1404 1471
1404 1474
1404 1485
1404 1487
1404 1497
1404 1499
1404 1522
1405 1415
1405 1431
1405 1432
1405 1437
1405 1469
1405 1472
1405 1479
1405 1495
1405 1503
1405 1510
1405 1517
1405 1651
1406 1411
1406 1416
1406 1432
1406 1443
1406 1466
1406 1495
1406 1500
1406 1513
1406 1515
1407 1413
1407 1441
1407 1456
1407 1475
1407 1492
1407 1493
1407 1499
1407 1500
1407 1502
1407 1509
1407 1519
1407 1636
1408 1409
1408 1445
1408 1460
1408 1479
1408 1483
1408 1488
1408 1493
1408 1522
1409 1410
1409 1429
1409 1438
1409 1443
1409 1451
1409 1452
1409 1459
1409 1465
1409 1475
1409 1499
1409 1503
1409 1508
1409 1521
1409 1522
1409 1698
1409 1766
1410 1420
1410 1451
1410 1454
1410 1463
1410 1472
1410 1479
1410 1495
1410 1508
1410 1518
1410 1521
1410 1522
1410 1707
1410 1819
1410 1893
1411 1415
1411 1432
1411 1434
1411 1478
1411 1492
1411 1519
1412 1415
1412 1430
1412 1432
1412 1449
1412 1456
1412 1457
1412 1469
1412 1474
1412 1491
1412 1508
1412 1513
1413 1416
1413 1417
1413 1419
1413 1436
1413 1439
1413 1451
1413 1454
1413 1460
1413 1462
1413 1469
1413 1471
1413 1483
1413 1486
1413 1487
1413 1490
1413 1508
1413 1625
1413 1844
1414 1425
1414 1429
1414 1436
1414 1476
1414 1478
1414 1479
1414 1483
1414 1490
1414 1491
1414 1518
1414 1523
1414 1617
1415 1440
1415 1451
1415 1457
1415 1464
1415 1466
1415 1476
1415 1478
1415 1483
1415 1502
1415 1516
1415 1824
1416 1417
1416 1419
1416 1421
1416 1427
1416 1431
1416 1433
1416 1436
1416 1437
1416 1438
1416 1480
1416 1494
1416 1496
1416 1500
1416 1509
1416 1517
1416 1519
1417 1480
1417 1492
1417 1496
1418 1424
1418 1455
1418 1459
1418 1460
1418 1468
1418 1479
1418 1491
1418 1500
1418 1520
1418 1523
1419 1423
1419 1431
1419 1439
1419 1442
1419 1451
1419 1466
1419 1481
1419 1484
1419 1495
1419 1500
1419 1501
1419 1517
1420 1441
1420 1456
1420 1482
1420 1489
1420 1493
1420 1506
1420 1510
1420 1518
1420 1655
1421 1432
1421 1434
1421 1438
1421 1441
1421 1445
1421 1448
1421 1457
1421 1483
1421 1485
1421 1496
1421 1504
1421 1510
1421 1518
1421 1527
1422 1443
1422 1458
1422 1476
1422 1479
1422 1482
1422 1483
1422 1487
1422 1500
1422 1503
1422 1522
1422 1576
1422 1984
1423 1439
1423 1445
1423 1469
1423 1479
1423 1480
1423 1513
1423 1521
1423 1649
1424 1436
1424 1439
1424 1444
1424 1445
1424 1464
1424 1473
1424 1505
1424 1511
1425 1433
1425 1439
1425 1453
1425 1455
1425 1476
1425 1487
1425 1505
1425 1514
1425 1937
1426 1501
1426 1511
1426 1515
1426 1520
1426 1689
1426 1974
1427 1432
1427 1437
1427 1440
1427 1441
1427 1448
1427 1463
1427 1468
1427 1512
1427 1513
1427 1518
1427 1521
1427 1522
1428 1447
1428 1448
1428 1460
1428 1469
1428 1476
1428 1478
1428 1482
1428 1489
1428 1491
1428 1503
1428 1506
1428 1507
1428 1513
1428 1515
1428 1522
1428 1628
1429 1444
1429 1454
1429 1461
1429 1474
1429 1476
1429 1478
1429 1483
1429 1492
1429 1517
1429 1519
1429 1523
1430 1440
1430 1444
1430 1447
1430 1454
1430 1469
1430 1484
1430 1485
1430 1499
1430 1504
1430 1510
1430 1522
1431 1433
1431 1439
1431 1441
1431 1446
1431 1452
1431 1462
1431 1468
1431 1470
1431 1471
1431 1477
1431 1493
1431 1495
1431 1498
1431 1501
1431 1504
1431 1511
1431 1627
1432 1442
1432 1443
1432 1458
1432 1469
1432 1487
1432 1492
1432 1512
1432 1517
1432 1856
1433 1434
1433 1458
1433 1494
1433 1503
1433 1508
1433 1521
1433 1592
1433 1796
1434 1439
1434 1489
1434 1490
1434 1498
1434 1512
1434 1515
1434 1516
1434 1523
1434 1525
1434 1746
1434 1787
1435 1444
1435 1455
1435 1458
1435 1459
1435 1472
1435 1473
1435 1476
1435 1481
1435 1486
1435 1514
1435 1737
1435 1884
1435 2027
1436 1439
1436 1469
1436 1470
1436 1476
1436 1483
1436 1485
1436 1495
1436 1504
1436 1507
1436 1512
1436 1513
1436 1514
1436 1518
1436 1522
1436 1631
1436 1753
1437 1446
1437 1461
1437 1463
1437 1464
1437 1475
1437 1489
1437 1499
1437 1505
1437 1516
1437 1517
1437 1521
1437 1525
1437 1855
1438 1466
1438 1473
1438 1484
1438 1507
1438 1511
1438 1516
1438 1519
1438 1520
1439 1457
1439 1474
1439 1485
1439 1486
1439 1487
1439 1496
1439 1497
1439 1510
1439 1520
1440 1452
1440 1463
1440 1469
1440 1477
1440 1494
1440 1501
1440 1505
1440 1507
1441 1447
1441 1463
1441 1480
1441 1484
1441 1488
1441 1492
1441 1520
1441 1709
1442 1459
1442 1460
1442 1467
1442 1486
1442 1490
1442 1495
1442 1502
1442 1503
1442 1514
1442 1521
1442 1960
1443 1450
1443 1474
1443 1493
1443 1498
1443 1499
1443 1501
1443 1505
1444 1476
1444 1501
1444 1513
1444 1515
1444 1516
1444 1518
1445 1485
1445 1495
1445 1504
1445 1522
1446 1456
1446 1472
1446 1482
1446 1487
1446 1498
1447 1454
1447 1456
1447 1463
1447 1467
1447 1477
1447 1495
1447 1496
1447 1498
1447 1499
1447 1501
1447 1513
1447 1514
1447 1516
1447 1593
1447 1616
1447 1681
1447 1696
1448 1458
1448 1470
1448 1506
1448 1519
1448 1656
1448 1681
1449 1451
1449 1470
1449 1480
1449 1502
1449 1503
1449 1518
1450 1455
1450 1459
1450 1462
1450 1485
1450 1503
1450 1509
1450 1518
1450 1630
1451 1457
1451 1480
1451 1502
1451 1506
1451 1515
1452 1469
1452 1472
1452 1480
1452 1487
1452 1493
1452 1498
1452 1500
1452 1506
1452 1521
1452 1617
1452 2026
1453 1454
1453 1457
1453 1465
1453 1477
1453 1488
1453 1496
1453 1500
1453 1503
1454 1460
1454 1485
1454 1505
1454 1518
1455 1460
1455 1466
1455 1468
1455 1476
1455 1491
1455 1493
1455 1521
1455 1997
1456 1459
1456 1479
1456 1484
1456 1511
1456 1516
1456 1913
1457 1484
1457 1513
1457 1514
1457 1541
1458 1460
1458 1471
1458 1475
1458 1491
1458 1499
1458 1503
1458 1508
1458 1520
1458 1521
1458 1522
1459 1473
1459 1486
1459 1498
1459 1504
1459 1513
1459 1514
1459 1967
1460 1469
1460 1474
1460 1475
1460 1499
1460 1505
1460 1633
1460 1950
1461 1486
1461 1508
1461 1515
1461 2004
1462 1495
1462 1505
1463 1467
1463 1468
1463 1496
1463 1497
1463 1504
1463 1505
1463 1508
1464 1469
1464 1471
1464 1476
1464 1495
1464 1518
1464 1575
1465 1466
1465 1471
1465 1480
1465 1482
1465 1485
1465 1489
1465 1499
1465 1500
1465 1503
1465 1510
1465 1517
1466 1497
1466 1499
1466 1727
1466 1815
1466 1858
1466 1912
1467 1478
1467 1479
1467 1491
1467 1510
1467 1511
1467 1589
1467 1850
1467 1891
1468 1479
1468 1495
1468 1503
1468 1510
1468 1523
1468 1744
1468 1846
1469 1480
1469 1485
1469 1488
1469 1490
1469 1521
1469 1653
1469 1702
1470 1490
1470 1500
1470 1502
1470 1511
1470 1512
1470 1522
1470 1805
1470 1922
1471 1472
1471 1473
1471 1479
1471 1481
1471 1486
1471 1504
1471 1508
1471 1514
1471 1516
1471 1522
1471 1606
1471 1676
1472 1502
1472 1507
1472 1585
1473 1492
1473 1497
1473 1501
1473 1503
1473 1512
1473 1520
1474 1476
1474 1482
1474 1488
1474 1493
1474 1496
1474 1514
1474 1517
1474 1650
1474 2022
1475 1483
1475 1485
1475 1489
1475 1497
1475 1498
1475 1502
1475 1621
1476 1478
1476 1507
1476 1514
1476 1519
1476 1699
1477 1478
1477 1497
1477 1878
1478 1493
1478 1500
1478 1508
1478 1519
1478 1521
1478 1823
1479 1514
1479 1515
1479 1519
1479 1596
1480 1482
1480 1492
1480 1499
1480 1506
1480 1514
1480 1683
1481 1513
1481 1520
1481 1523
1481 1714
1482 1489
1482 1500
1482 1502
1482 1509
1482 1511
1483 1494
1483 1498
1483 1500
1483 1504
1483 1517
1483 1572
1483 1815
1484 1503
1484 1510
1484 1758
1484 1802
1485 1510
1485 1517
1486 1490
1486 1496
1486 1499
1486 1505
1486 1515
1486 1523
1486 1599
1486 1603
1486 1757
1487 1488
1487 1489
1487 1493
1487 1513
1487 1519
1488 1499
1488 1506
1488 1513
1488 1514
1488 1518
1488 1590
1488 2007
1489 1512
1489 1513
1490 1491
1490 1507
1490 1513
1490 1521
1490 1624
1491 1506
1491 1507
1491 1509
1491 1511
1491 1518
1491 1522
1491 1523
1492 1499
1492 1503
1492 1504
1492 1520
1493 1501
1493 1504
1493 1514
1493 1544
1494 1496
1494 1501
1494 1503
1494 1504
1495 1506
1495 1515
1495 1520
1495 1522
1496 1502
1496 1503
1496 1507
1496 1511
1496 1516
1496 1714
1497 1512
1497 1516
1497 1518
1497 1887
1498 1513
1498 1515
1498 1519
1498 1670
1498 1919
1498 2023
1499 1501
1499 1504
1499 1518
1500 1504
1501 1511
1502 1506
1502 1517
1502 1520
1503 1507
1503 1512
1503 1649
1503 1666
1504 1511
1505 1510
1506 1510
1506 1518
1506 1522
1506 1987
1507 1516
1507 1522
1507 1523
1508 1520
1508 1548
1508 1670
1508 1963
1509 1511
1509 1519
1509 1523
1509 1740
1509 1964
1509 1995
1510 1513
1510 1886
1510 1947
1511 1521
1511 1522
1512 1548
1512 1711
1512 2032
1513 1516
1513 1519
1514 1635
1515 1516
1515 1518
1515 1987
1517 1909
1518 1522
1520 1765
1521 1522
1521 1757
1522 1609
1522 1669
1522 1799
1523 1614
1523 1795
1524 1528
1524 1530
1524 1535
1524 1549
1524 1582
1524 1601
1524 1602
1524 1606
1524 1617
1524 1631
1524 1640
1524 1648
1524 1663
1524 1664
1524 1677
1524 1679
1524 1689
1524 1706
1524 1707
1524 1713
1524 1725
1524 1730
1524 1731
1524 1736
1524 1746
1524 1750
1524 1767
1524 1768
1524 1774
1524 1955
1525 1527
1525 1540
1525 1564
1525 1569
1525 1570
1525 1573
1525 1575
1525 1579
1525 1582
1525 1601
1525 1606
1525 1658
1525 1661
1525 1672
1525 1677
1525 1684
1525 1703
1525 1712
1525 1720
1525 1746
1525 1773
1526 1528
1526 1533
1526 1537
1526 1543
1526 1548
1526 1555
1526 1557
1526 1564
1526 1572
1526 1579
1526 1626
1526 1656
1526 1659
1526 1684
1526 1693
1526 1731
1526 1734
1526 1754
1526 1762
1526 1771
1527 1535
1527 1542
1527 1552
1527 1559
1527 1570
1527 1589
1527 1627
1527 1634
1527 1641
1527 1649
1527 1650
1527 1660
1527 1692
1527 1701
1527 1703
1527 1728
1527 1733
1527 1750
1527 1776
1528 1531
1528 1551
1528 1556
1528 1565
1528 1569
1528 1574
1528 1583
1528 1591
1528 1592
1528 1605
1528 1638
1528 1667
1528 1676
1528 1686
1528 1688
1528 1700
1528 1709
1528 1714
1528 1715
1528 1717
1528 1727
1528 1742
1528 1749
1528 1759
1529 1532
1529 1544
1529 1547
1529 1548
1529 1559
1529 1568
1529 1569
1529 1586
1529 1588
1529 1641
1529 1652
1529 1655
1529 1660
1529 1686
1529 1691
1529 1693
1529 1696
1529 1700
1529 1737
1529 1755
1529 1758
1529 1762
1529 1767
1529 1771
1530 1540
1530 1554
1530 1564
1530 1565
1530 1569
1530 1602
1530 1604
1530 1606
1530 1610
1530 1625
1530 1627
1530 1628
1530 1637
1530 1639
1530 1641
1530 1656
1530 1658
1530 1665
1530 1682
1530 1687
1530 1695
1530 1696
1530 1697
1530 1699
1530 1700
1530 1709
1530 1721
1530 1726
1530 1730
1530 1747
1530 1753
1530 1761
1530 1766
1530 1773
1530 1776
1530 1801
1530 1900
1531 1532
1531 1552
1531 1565
1531 1569
1531 1577
1531 1582
1531 1595
1531 1599
1531 1603
1531 1610
1531 1632
1531 1642
1531 1643
1531 1652
1531 1657
1531 1688
1531 1704
1531 1708
1531 1731
1531 1775
1531 1866
1532 1553
1532 1554
1532 1561
1532 1581
1532 1590
1532 1591
1532 1595
1532 1598
1532 1599
1532 1606
1532 1611
1532 1627
1532 1631
1532 1632
1532 1635
1532 1639
1532 1662
1532 1666
1532 1668
1532 1678
1532 1685
1532 1695
1532 1737
1532 1743
1532 1745
1533 1555
1533 1559
1533 1561
1533 1569
1533 1570
1533 1574
1533 1585
1533 1602
1533 1608
1533 1615
1533 1620
1533 1623
1533 1631
1533 1634
1533 1636
1533 1640
1533 1643
1533 1654
1533 1666
1533 1671
1533 1690
1533 1701
1533 1706
1533 1710
1533 1724
1533 1729
1533 1733
1533 1751
1533 1755
1533 1760
1533 1773
1533 1777
1534 1572
1534 1578
1534 1601
1534 1610
1534 1615
1534 1618
1534 1627
1534 1628
1534 1651
1534 1655
1534 1677
1534 1699
1534 1738
1534 1740
1534 1755
1534 1771
1534 1772
1534 1773
1534 1774
1534 2009
1535 1544
1535 1546
1535 1555
1535 1558
1535 1563
1535 1564
1535 1565
1535 1575
1535 1579
1535 1582
1535 1586
1535 1593
1535 1619
1535 1626
1535 1628
1535 1687
1535 1698
1535 1716
1535 1717
1535 1726
1535 1757
1535 1767
1535 1881
1536 1553
1536 1566
1536 1591
1536 1612
1536 1614
1536 1615
1536 1623
1536 1639
1536 1656
1536 1671
1536 1676
1536 1683
1536 1690
1536 1698
1536 1707
1536 1708
1536 1723
1536 1743
1536 1746
1536 1759
1536 1763
1537 1540
1537 1556
1537 1581
1537 1582
1537 1600
1537 1601
1537 1608
1537 1619
1537 1626
1537 1646
1537 1670
1537 1672
1537 1675
1537 1703
1537 1727
1537 1734
1537 1766
1537 1771
1538 1544
1538 1545
1538 1552
1538 1558
1538 1577
1538 1601
1538 1608
1538 1652
1538 1676
1538 1683
1538 1686
1538 1688
1538 1708
1538 1718
1538 1735
1538 1738
1538 1745
1538 1750
1538 1753
1538 1756
1538 1775
1539 1551
1539 1552
1539 1574
1539 1584
1539 1589
1539 1606
1539 1620
1539 1626
1539 1627
1539 1632
1539 1633
1539 1637
1539 1655
1539 1664
1539 1666
1539 1667
1539 1670
1539 1677
1539 1686
1539 1694
1539 1708
1539 1714
1539 1723
1539 1735
1539 1750
1539 1773
1539 1775
1540 1558
1540 1566
1540 1587
1540 1588
1540 1599
1540 1606
1540 1619
1540 1627
1540 1629
1540 1630
1540 1645
1540 1652
1540 1681
1540 1687
1540 1697
1540 1705
1540 1706
1540 1711
1540 1721
1540 1748
1540 1755
1540 1757
1540 1765
1541 1549
1541 1569
1541 1593
1541 1613
1541 1617
1541 1621
1541 1628
1541 1629
1541 1632
1541 1637
1541 1638
1541 1642
1541 1657
1541 1659
1541 1667
1541 1675
1541 1677
1541 1685
1541 1688
1541 1691
1541 1698
1541 1699
1541 1706
1541 1710
1541 1716
1541 1723
1541 1736
1541 1744
1541 1756
1541 1764
1542 1546
1542 1564
1542 1579
1542 1607
1542 1613
1542 1624
1542 1630
1542 1633
1542 1639
1542 1645
1542 1663
1542 1670
1542 1692
1542 1697
1542 1698
1542 1706
1542 1726
1542 1728
1542 1744
1542 1763
1542 1769
1542 1774
1543 1574
1543 1605
1543 1608
1543 1617
1543 1620
1543 1638
1543 1655
1543 1673
1543 1677
1543 1691
1543 1698
1543 1704
1543 1708
1543 1709
1543 1727
1543 1728
1543 1736
1543 1754
1543 1760
1544 1553
1544 1584
1544 1594
1544 1596
1544 1597
1544 1606
1544 1632
1544 1639
1544 1642
1544 1662
1544 1669
1544 1696
1544 1700
1544 1701
1544 1705
1544 1707
1544 1711
1544 1720
1544 1722
1544 1723
1544 1729
1544 1754
1544 1769
1544 1858
1545 1565
1545 1566
1545 1576
1545 1578
1545 1590
1545 1608
1545 1611
1545 1614
1545 1615
1545 1622
1545 1641
1545 1643
1545 1645
1545 1650
1545 1665
1545 1668
1545 1670
1545 1683
1545 1684
1545 1699
1545 1701
1545 1713
1545 1725
1545 1735
1545 1752
1545 1756
1545 1761
1545 1763
1545 1765
1545 1771
1545 1777
1545 1989
1546 1556
1546 1557
1546 1560
1546 1568
1546 1583
1546 1599
1546 1601
1546 1614
1546 1617
1546 1623
1546 1624
1546 1629
1546 1630
1546 1631
1546 1639
1546 1641
1546 1645
1546 1675
1546 1681
1546 1689
1546 1695
1546 1704
1546 1711
1546 1718
1546 1720
1546 1730
1546 1736
1546 1744
1546 1752
1546 1760
1546 1936
1547 1558
1547 1566
1547 1568
1547 1572
1547 1609
1547 1649
1547 1662
1547 1663
1547 1690
1547 1700
1547 1705
1547 1708
1547 1720
1547 1728
1547 1733
1547 1742
1547 1747
1547 1752
1548 1550
1548 1560
1548 1570
1548 1572
1548 1582
1548 1585
1548 1590
1548 1595
1548 1596
1548 1599
1548 1621
1548 1631
1548 1636
1548 1641
1548 1672
1548 1711
1548 1719
1548 1724
1548 1729
1548 1730
1548 1750
1548 1752
1548 1758
1548 1761
1548 1765
1548 1769
1548 1772
1549 1552
1549 1556
1549 1562
1549 1584
1549 1593
1549 1599
1549 1660
1549 1663
1549 1674
1549 1679
1549 1690
1549 1691
1549 1705
1549 1707
1549 1710
1549 1754
1549 1760
1549 1771
1549 1773
1549 1776
1550 1562
1550 1565
1550 1568
1550 1569
1550 1583
1550 1584
1550 1590
1550 1607
1550 1611
1550 1615
1550 1622
1550 1631
1550 1632
1550 1646
1550 1658
1550 1662
1550 1664
1550 1667
1550 1671
1550 1687
1550 1693
1550 1694
1550 1714
1550 1717
1550 1724
1550 1728
1550 1731
1550 1739
1550 1751
1550 1763
1550 1767
1550 1775
1551 1557
1551 1558
1551 1569
1551 1574
1551 1603
1551 1604
1551 1613
1551 1619
1551 1628
1551 1634
1551 1648
1551 1649
1551 1656
1551 1661
1551 1664
1551 1687
1551 1689
1551 1691
1551 1702
1551 1711
1551 1719
1551 1727
1551 1743
1551 1747
1551 1757
1551 1761
1551 1762
1551 1896
1552 1560
1552 1568
1552 1569
1552 1572
1552 1580
1552 1593
1552 1618
1552 1636
1552 1639
1552 1641
1552 1644
1552 1646
1552 1653
1552 1660
1552 1678
1552 1689
1552 1695
1552 1709
1552 1715
1552 1730
1552 1735
1552 1765
1552 1772
1553 1558
1553 1565
1553 1583
1553 1593
1553 1605
1553 1606
1553 1616
1553 1620
1553 1626
1553 1627
1553 1634
1553 1647
1553 1653
1553 1664
1553 1670
1553 1679
1553 1697
1553 1705
1553 1712
1553 1714
1553 1721
1553 1738
1553 1744
1553 1747
1553 1748
1553 1772
1553 1928
1554 1564
1554 1576
1554 1583
1554 1592
1554 1604
1554 1617
1554 1620
1554 1622
1554 1642
1554 1643
1554 1665
1554 1676
1554 1682
1554 1685
1554 1692
1554 1706
1554 1716
1554 1719
1554 1722
1554 1724
1554 1726
1554 1734
1554 1740
1554 1746
1554 1751
1554 1756
1554 1757
1554 1765
1554 1766
1554 1774
1555 1578
1555 1580
1555 1596
1555 1599
1555 1606
1555 1609
1555 1614
1555 1621
1555 1625
1555 1627
1555 1629
1555 1630
1555 1634
1555 1635
1555 1641
1555 1653
1555 1663
1555 1669
1555 1686
1555 1694
1555 1699
1555 1705
1555 1716
1555 1723
1555 1725
1555 1742
1555 1745
1555 1748
1555 1994
1556 1557
1556 1577
1556 1582
1556 1603
1556 1627
1556 1630
1556 1637
1556 1665
1556 1669
1556 1688
1556 1690
1556 1696
1556 1701
1556 1712
1556 1715
1556 1721
1556 1722
1556 1725
1556 1730
1556 1753
1556 1763
1556 1782
1557 1563
1557 1572
1557 1573
1557 1576
1557 1593
1557 1604
1557 1635
1557 1651
1557 1679
1557 1691
1557 1714
1557 1722
1557 1734
1557 1735
1557 1738
1557 1754
1557 1759
1557 1760
1557 1945
1558 1567
1558 1578
1558 1584
1558 1587
1558 1589
1558 1597
1558 1603
1558 1618
1558 1623
1558 1624
1558 1642
1558 1665
1558 1669
1558 1688
1558 1695
1558 1710
1558 1712
1558 1736
1558 1752
1558 1772
1559 1561
1559 1563
1559 1570
1559 1592
1559 1597
1559 1609
1559 1610
1559 1615
1559 1618
1559 1630
1559 1652
1559 1663
1559 1673
1559 1689
1559 1694
1559 1702
1559 1715
1559 1740
1559 1758
1559 1762
1559 1766
1559 1768
1560 1561
1560 1573
1560 1586
1560 1600
1560 1608
1560 1609
1560 1613
1560 1625
1560 1626
1560 1647
1560 1649
1560 1660
1560 1666
1560 1668
1560 1679
1560 1690
1560 1700
1560 1710
1560 1717
1560 1727
1560 1746
1560 1752
1560 1756
1560 1757
1560 1761
1560 1767
1560 1818
1561 1562
1561 1568
1561 1570
1561 1601
1561 1605
1561 1612
1561 1613
1561 1631
1561 1633
1561 1657
1561 1667
1561 1671
1561 1678
1561 1683
1561 1695
1561 1697
1561 1706
1561 1710
1561 1733
1561 1743
1561 1758
1561 1759
1561 1774
1561 1848
1562 1565
1562 1566
1562 1572
1562 1590
1562 1601
1562 1609
1562 1612
1562 1614
1562 1631
1562 1635
1562 1650
1562 1654
1562 1661
1562 1679
1562 1682
1562 1684
1562 1693
1562 1697
1562 1700
1562 1705
1562 1711
1562 1715
1562 1717
1562 1719
1562 1722
1562 1727
1562 1731
1562 1742
1562 1744
1562 1745
1562 1755
1562 1767
1562 1768
1563 1565
1563 1572
1563 1575
1563 1582
1563 1587
1563 1593
1563 1596
1563 1623
1563 1628
1563 1629
1563 1643
1563 1674
1563 1678
1563 1705
1563 1747
1563 1761
1563 1926
1564 1570
1564 1572
1564 1582
1564 1628
1564 1632
1564 1635
1564 1650
1564 1651
1564 1653
1564 1674
1564 1693
1564 1703
1564 1718
1564 1724
1564 1725
1564 1730
1564 1737
1564 1762
1564 1774
1565 1567
1565 1572
1565 1587
1565 1596
1565 1599
1565 1608
1565 1610
1565 1624
1565 1633
1565 1637
1565 1641
1565 1644
1565 1650
1565 1659
1565 1663
1565 1674
1565 1685
1565 1688
1565 1699
1565 1713
1565 1715
1565 1729
1565 1731
1565 1741
1565 1774
1565 1798
1566 1599
1566 1601
1566 1604
1566 1616
1566 1625
1566 1629
1566 1642
1566 1664
1566 1671
1566 1673
1566 1687
1566 1695
1566 1702
1566 1703
1566 1705
1566 1711
1566 1734
1566 1751
1566 1753
1566 1754
1566 1765
1566 1773
1567 1583
1567 1596
1567 1602
1567 1616
1567 1625
1567 1662
1567 1672
1567 1693
1567 1700
1567 1701
1567 1718
1567 1721
1567 1722
1567 1759
1567 1776
1567 1995
1568 1580
1568 1593
1568 1608
1568 1641
1568 1682
1568 1683
1568 1696
1568 1716
1568 1717
1568 1732
1568 1750
1568 1768
1569 1572
1569 1577
1569 1600
1569 1609
1569 1634
1569 1648
1569 1657
1569 1676
1569 1700
1569 1717
1569 1719
1569 1753
1569 1761
1569 1769
1569 1772
1570 1576
1570 1589
1570 1593
1570 1603
1570 1626
1570 1636
1570 1642
1570 1645
1570 1653
1570 1656
1570 1657
1570 1675
1570 1676
1570 1686
1570 1692
1570 1694
1570 1709
1570 1710
1570 1711
1570 1721
1570 1740
1570 1741
1570 1744
1570 1759
1570 1768
1570 1773
1570 1774
1570 1997
1571 1572
1571 1574
1571 1582
1571 1583
1571 1590
1571 1605
1571 1610
1571 1615
1571 1621
1571 1630
1571 1643
1571 1662
1571 1685
1571 1688
1571 1697
1571 1700
1571 1707
1571 1733
1571 1738
1571 1744
1571 1746
1571 1755
1571 1756
1572 1583
1572 1591
1572 1593
1572 1601
1572 1603
1572 1604
1572 1623
1572 1664
1572 1683
1572 1690
1572 1706
1572 1710
1572 1711
1572 1718
1572 1727
1572 1734
1572 1737
1572 1762
1572 1780
1572 1851
1573 1574
1573 1585
1573 1595
1573 1597
1573 1601
1573 1613
1573 1615
1573 1630
1573 1633
1573 1644
1573 1648
1573 1655
1573 1669
1573 1695
1573 1698
1573 1702
1573 1704
1573 1707
1573 1738
1573 1739
1573 1748
1573 1749
1573 1751
1573 1764
1573 1767
1573 1946
1573 2006
1574 1590
1574 1605
1574 1635
1574 1643
1574 1648
1574 1650
1574 1663
1574 1664
1574 1680
1574 1687
1574 1713
1574 1717
1574 1722
1574 1723
1574 1725
1574 1745
1574 1756
1574 1774
1575 1576
1575 1583
1575 1595
1575 1597
1575 1610
1575 1615
1575 1617
1575 1619
1575 1625
1575 1642
1575 1643
1575 1651
1575 1664
1575 1683
1575 1685
1575 1689
1575 1692
1575 1714
1575 1717
1575 1728
1575 1749
1575 1766
1575 1799
1576 1579
1576 1585
1576 1586
1576 1597
1576 1598
1576 1607
1576 1621
1576 1661
1576 1663
1576 1665
1576 1671
1576 1692
1576 1694
1576 1700
1576 1718
1576 1726
1576 1729
1576 1739
1576 1740
1576 1744
1576 1752
1576 1764
1577 1590
1577 1619
1577 1621
1577 1627
1577 1636
1577 1643
1577 1647
1577 1652
1577 1677
1577 1690
1577 1691
1577 1730
1577 1731
1577 1755
1577 1758
1577 1759
1577 1773
1578 1585
1578 1591
1578 1596
1578 1640
1578 1645
1578 1650
1578 1669
1578 1674
1578 1675
1578 1677
1578 1680
1578 1688
1578 1695
1578 1709
1578 1710
1578 1711
1578 1723
1578 1729
1578 1742
1578 1744
1578 1757
1578 1758
1578 1766
1578 1767
1578 1772
1578 1889
1578 2026
1579 1581
1579 1594
1579 1604
1579 1610
1579 1628
1579 1665
1579 1679
1579 1701
1579 1714
1579 1720
1579 1747
1579 1761
1579 1771
1579 1773
1579 1776
1580 1582
1580 1583
1580 1602
1580 1607
1580 1621
1580 1638
1580 1651
1580 1654
1580 1659
1580 1662
1580 1671
1580 1683
1580 1684
1580 1692
1580 1694
1580 1698
1580 1704
1580 1708
1580 1720
1580 1729
1580 1737
1580 1751
1580 1755
1580 1757
1580 1760
1580 1767
1580 1771
1580 1774
1581 1600
1581 1625
1581 1651
1581 1656
1581 1658
1581 1661
1581 1668
1581 1685
1581 1693
1581 1694
1581 1703
1581 1704
1581 1719
1581 1721
1581 1739
1581 1753
1581 1765
1581 1771
1582 1583
1582 1590
1582 1623
1582 1625
1582 1632
1582 1637
1582 1645
1582 1664
1582 1685
1582 1702
1582 1703
1582 1712
1582 1720
1582 1741
1582 1765
1582 1771
1582 1858
1583 1587
1583 1601
1583 1605
1583 1606
1583 1612
1583 1623
1583 1656
1583 1661
1583 1672
1583 1708
1583 1710
1583 1727
1583 1737
1583 1745
1583 1763
1583 1765
1583 1769
1584 1592
1584 1595
1584 1606
1584 1610
1584 1617
1584 1640
1584 1658
1584 1675
1584 1676
1584 1678
1584 1680
1584 1684
1584 1688
1584 1702
1584 1706
1584 1720
1584 1725
1584 1735
1584 1743
1584 1750
1584 1755
1585 1586
1585 1600
1585 1603
1585 1611
1585 1612
1585 1615
1585 1616
1585 1617
1585 1630
1585 1631
1585 1632
1585 1670
1585 1676
1585 1687
1585 1688
1585 1712
1585 1725
1585 1729
1585 1743
1585 1749
1585 1751
1585 1761
1585 1764
1586 1597
1586 1627
1586 1628
1586 1652
1586 1658
1586 1662
1586 1690
1586 1694
1586 1696
1586 1702
1586 1707
1586 1712
1586 1713
1586 1716
1586 1718
1586 1724
1586 1730
1586 1748
1586 1765
1586 1767
1586 1776
1587 1598
1587 1609
1587 1610
1587 1620
1587 1629
1587 1646
1587 1653
1587 1657
1587 1667
1587 1676
1587 1677
1587 1690
1587 1696
1587 1709
1587 1734
1587 1752
1587 1764
1587 1771
1587 1774
1588 1594
1588 1596
1588 1599
1588 1600
1588 1605
1588 1620
1588 1637
1588 1643
1588 1653
1588 1656
1588 1696
1588 1698
1588 1706
1588 1710
1588 1733
1588 1734
1588 1738
1588 1770
1588 1771
1589 1590
1589 1591
1589 1611
1589 1626
1589 1656
1589 1661
1589 1709
1589 1718
1589 1719
1589 1726
1589 1728
1589 1739
1589 1740
1589 1741
1589 1746
1589 1770
1590 1597
1590 1613
1590 1623
1590 1625
1590 1626
1590 1628
1590 1629
1590 1642
1590 1644
1590 1652
1590 1678
1590 1683
1590 1689
1590 1698
1590 1708
1590 1720
1590 1743
1590 1769
1590 1770
1590 1900
1590 1945
1591 1596
1591 1604
1591 1615
1591 1619
1591 1632
1591 1635
1591 1666
1591 1674
1591 1699
1591 1716
1591 1729
1591 1754
1591 1762
1591 1767
1591 1768
1591 1774
1592 1599
1592 1603
1592 1630
1592 1632
1592 1642
1592 1649
1592 1667
1592 1670
1592 1680
1592 1686
1592 1690
1592 1695
1592 1705
1592 1707
1592 1708
1592 1716
1592 1724
1592 1731
1592 1733
1592 1735
1592 1745
1592 1746
1592 1755
1592 1756
1592 1766
1592 1769
1592 1774
1593 1625
1593 1630
1593 1633
1593 1639
1593 1675
1593 1679
1593 1690
1593 1691
1593 1692
1593 1694
1593 1722
1593 1738
1593 1739
1594 1601
1594 1604
1594 1614
1594 1620
1594 1622
1594 1624
1594 1626
1594 1647
1594 1673
1594 1683
1594 1696
1594 1702
1594 1711
1594 1714
1594 1715
1594 1721
1594 1735
1594 1752
1594 1754
1594 1768
1594 1774
1594 1801
1595 1599
1595 1600
1595 1605
1595 1606
1595 1614
1595 1617
1595 1637
1595 1661
1595 1679
1595 1685
1595 1686
1595 1687
1595 1696
1595 1718
1595 1719
1595 1722
1595 1732
1595 1740
1595 1751
1595 1753
1595 1777
1595 1982
1596 1604
1596 1610
1596 1635
1596 1649
1596 1653
1596 1657
1596 1670
1596 1678
1596 1682
1596 1684
1596 1690
1596 1697
1596 1726
1596 1739
1596 1744
1596 1748
1596 1750
1596 1761
1596 1771
1597 1614
1597 1668
1597 1703
1597 1704
1597 1706
1597 1732
1597 1742
1597 2031
1598 1604
1598 1617
1598 1622
1598 1631
1598 1634
1598 1636
1598 1642
1598 1659
1598 1674
1598 1694
1598 1701
1598 1712
1598 1719
1598 1747
1598 1757
1598 1758
1598 1762
1598 1925
1599 1604
1599 1609
1599 1610
1599 1617
1599 1618
1599 1625
1599 1690
1599 1708
1599 1711
1599 1721
1599 1725
1599 1739
1599 1762
1600 1617
1600 1622
1600 1624
1600 1676
1600 1682
1600 1686
1600 1692
1600 1709
1600 1724
1600 1731
1600 1745
1600 1749
1600 1757
1600 1764
1600 1774
1601 1623
1601 1626
1601 1627
1601 1631
1601 1643
1601 1657
1601 1661
1601 1705
1601 1713
1601 1716
1601 1729
1601 1735
1601 1742
1601 1743
1601 1752
1601 1755
1601 1760
1601 1764
1602 1610
1602 1618
1602 1631
1602 1635
1602 1643
1602 1656
1602 1658
1602 1667
1602 1678
1602 1682
1602 1686
1602 1701
1602 1709
1602 1710
1602 1732
1602 1737
1602 1746
1602 1748
1602 1756
1602 1758
1602 1760
1602 2004
1603 1622
1603 1636
1603 1649
1603 1652
1603 1671
1603 1677
1603 1683
1603 1687
1603 1695
1603 1699
1603 1708
1603 1716
1603 1721
1603 1747
1603 1754
1603 1755
1603 1756
1604 1606
1604 1609
1604 1634
1604 1635
1604 1651
1604 1652
1604 1673
1604 1679
1604 1680
1604 1687
1604 1689
1604 1705
1604 1710
1604 1726
1604 1739
1604 1751
1605 1643
1605 1660
1605 1662
1605 1675
1605 1685
1605 1691
1605 1701
1605 1716
1605 1718
1605 1721
1605 1724
1605 1725
1605 1729
1605 1736
1605 1763
1605 1767
1605 1768
1605 1793
1605 1942
1606 1607
1606 1615
1606 1619
1606 1632
1606 1649
1606 1655
1606 1656
1606 1683
1606 1687
1606 1708
1606 1716
1606 1721
1606 1728
1606 1741
1606 1760
1606 1763
1606 1769
1606 1771
1606 1777
1606 1886
1606 1941
1606 1947
1607 1614
1607 1646
1607 1665
1607 1670
1607 1676
1607 1704
1607 1706
1607 1710
1607 1711
1607 1715
1607 1718
1607 1719
1607 1739
1607 1749
1607 1754
1607 1762
1607 1766
1607 1768
1608 1617
1608 1634
1608 1635
1608 1652
1608 1663
1608 1671
1608 1674
1608 1679
1608 1691
1608 1710
1608 1733
1608 1739
1608 1743
1608 1751
1608 1755
1608 1777
1608 1884
1609 1610
1609 1624
1609 1626
1609 1642
1609 1653
1609 1656
1609 1663
1609 1671
1609 1677
1609 1688
1609 1703
1609 1721
1609 1738
1609 1741
1609 1762
1609 1772
1610 1612
1610 1623
1610 1649
1610 1665
1610 1693
1610 1696
1610 1700
1610 1703
1610 1720
1610 1730
1610 1738
1610 1741
1610 1743
1610 1755
1610 1767
1610 1772
1610 1775
1611 1612
1611 1630
1611 1640
1611 1647
1611 1655
1611 1657
1611 1661
1611 1662
1611 1665
1611 1679
1611 1686
1611 1693
1611 1701
1611 1710
1611 1720
1611 1728
1611 1753
1611 1763
1611 1766
1611 1773
1611 1774
1612 1625
1612 1627
1612 1641
1612 1658
1612 1666
1612 1669
1612 1674
1612 1692
1612 1701
1612 1723
1612 1725
1612 1728
1612 1745
1612 1773
1612 1775
1612 1777
1613 1622
1613 1661
1613 1667
1613 1685
1613 1695
1613 1726
1613 1731
1613 1736
1613 1740
1613 1763
1613 1771
1613 1775
1614 1634
1614 1635
1614 1637
1614 1645
1614 1647
1614 1651
1614 1659
1614 1666
1614 1673
1614 1676
1614 1678
1614 1682
1614 1699
1614 1708
1614 1711
1614 1715
1614 1721
1614 1730
1614 1731
1614 1734
1614 1739
1614 1741
1614 1744
1614 1746
1614 1768
1614 1774
1614 1775
1614 1776
1614 1777
1615 1626
1615 1646
1615 1673
1615 1680
1615 1681
1615 1682
1615 1686
1615 1690
1615 1702
1615 1707
1615 1712
1615 1731
1615 1748
1615 1757
1615 1775
1615 1999
1616 1627
1616 1630
1616 1647
1616 1649
1616 1656
1616 1663
1616 1665
1616 1675
1616 1676
1616 1686
1616 1697
1616 1712
1616 1728
1616 1731
1616 1733
1616 1747
1616 1752
1617 1639
1617 1644
1617 1650
1617 1651
1617 1658
1617 1669
1617 1677
1617 1688
1617 1722
1617 1726
1617 1731
1617 1732
1617 1740
1617 1748
1617 1756
1617 1766
1617 1902
1618 1621
1618 1641
1618 1642
1618 1656
1618 1670
1618 1672
1618 1691
1618 1700
1618 1719
1618 1726
1618 1728
1618 1740
1618 1752
1618 1861
1619 1621
1619 1625
1619 1643
1619 1651
1619 1654
1619 1686
1619 1706
1619 1708
1619 1714
1619 1722
1619 1759
1619 1761
1619 1765
1619 1772
1619 1970
1620 1636
1620 1646
1620 1648
1620 1663
1620 1669
1620 1680
1620 1698
1620 1706
1620 1710
1620 1720
1620 1722
1620 1739
1620 1763
1621 1663
1621 1669
1621 1670
1621 1673
1621 1678
1621 1685
1621 1688
1621 1711
1621 1715
1621 1725
1621 1731
1621 1755
1621 1771
1621 1776
1622 1641
1622 1643
1622 1653
1622 1656
1622 1668
1622 1672
1622 1690
1622 1698
1622 1700
1622 1704
1622 1708
1622 1736
1622 1745
1622 1747
1622 1752
1622 1757
1623 1648
1623 1704
1623 1716
1623 1717
1623 1721
1623 1722
1623 1745
1623 1773
1623 1979
1624 1625
1624 1626
1624 1632
1624 1637
1624 1640
1624 1651
1624 1665
1624 1670
1624 1672
1624 1683
1624 1687
1624 1710
1624 1725
1624 1743
1624 1749
1624 1755
1624 1759
1624 1961
1625 1638
1625 1642
1625 1651
1625 1665
1625 1670
1625 1676
1625 1743
1625 1753
1625 1754
1625 1758
1625 1773
1625 1777
1626 1641
1626 1667
1626 1679
1626 1689
1626 1690
1626 1708
1626 1718
1626 1744
1626 1749
1626 1757
1626 1761
1626 1764
1626 1770
1626 1805
1627 1633
1627 1634
1627 1639
1627 1675
1627 1695
1627 1699
1627 1709
1627 1720
1627 1743
1627 1759
1627 1762
1627 1777
1627 1850
1628 1631
1628 1649
1628 1650
1628 1651
1628 1674
1628 1675
1628 1683
1628 1686
1628 1689
1628 1699
1628 1700
1628 1713
1628 1722
1628 1739
1628 1746
1628 1757
1628 1758
1628 1762
1629 1639
1629 1640
1629 1650
1629 1654
1629 1700
1629 1710
1629 1721
1629 1722
1629 1726
1629 1740
1629 1759
1629 1760
1629 1763
1629 1777
1629 1913
1630 1643
1630 1648
1630 1655
1630 1657
1630 1659
1630 1661
1630 1662
1630 1681
1630 1683
1630 1699
1630 1718
1630 1724
1630 1726
1630 1727
1630 1732
1630 1741
1630 1764
1630 1769
1630 1772
1630 1774
1630 1775
1630 1777
1631 1633
1631 1644
1631 1657
1631 1667
1631 1668
1631 1676
1631 1686
1631 1691
1631 1697
1631 1700
1631 1702
1631 1704
1631 1711
1631 1750
1631 1775
1631 1776
1632 1637
1632 1641
1632 1648
1632 1691
1632 1730
1632 1735
1632 1747
1632 1750
1632 1752
1632 1775
1632 1777
1633 1640
1633 1652
1633 1655
1633 1656
1633 1662
1633 1671
1633 1672
1633 1679
1633 1681
1633 1685
1633 1702
1633 1717
1633 1730
1633 1736
1633 1746
1633 1751
1633 1771
1633 1772
1633 1814
1634 1637
1634 1644
1634 1645
1634 1647
1634 1657
1634 1677
1634 1695
1634 1700
1634 1729
1634 1735
1634 1750
1634 1758
1634 1762
1634 1772
1634 1827
1635 1643
1635 1648
1635 1655
1635 1661
1635 1662
1635 1682
1635 1695
1635 1706
1635 1715
1635 1725
1635 1733
1635 1738
1635 1752
1635 1758
1635 1761
1635 1770
1635 1777
1636 1665
1636 1677
1636 1679
1636 1684
1636 1692
1636 1694
1636 1701
1636 1714
1636 1721
1636 1722
1636 1723
1636 1728
1636 1736
1636 1747
1636 1752
1636 1753
1636 1756
1636 1757
1637 1647
1637 1656
1637 1670
1637 1676
1637 1682
1637 1686
1637 1695
1637 1696
1637 1699
1637 1709
1637 1711
1637 1713
1637 1719
1637 1723
1637 1741
1637 1747
1637 1756
1637 1766
1637 1770
1637 1959
1638 1651
1638 1653
1638 1661
1638 1678
1638 1685
1638 1689
1638 1701
1638 1710
1638 1740
1638 1758
1638 1973
1639 1659
1639 1675
1639 1677
1639 1679
1639 1689
1639 1697
1639 1723
1639 1724
1639 1727
1639 1733
1639 1763
1639 1767
1639 1990
1640 1681
1640 1682
1640 1684
1640 1686
1640 1690
1640 1701
1640 1714
1640 1715
1640 1729
1640 1743
1640 1746
1640 1760
1640 1765
1641 1643
1641 1646
1641 1654
1641 1655
1641 1657
1641 1674
1641 1689
1641 1693
1641 1703
1641 1722
1641 1727
1641 1734
1641 1736
1641 1737
1642 1654
1642 1665
1642 1685
1642 1704
1642 1709
1642 1716
1642 1728
1642 1729
1642 1732
1642 1744
1642 1753
1642 1762
1642 1770
1642 1962
1643 1658
1643 1664
1643 1677
1643 1678
1643 1680
1643 1685
1643 1690
1643 1691
1643 1694
1643 1695
1643 1697
1643 1707
1643 1710
1643 1717
1643 1739
1643 1749
1643 1752
1643 1757
1644 1663
1644 1673
1644 1679
1644 1684
1644 1686
1644 1713
1644 1751
1644 1752
1644 1765
1645 1647
1645 1691
1645 1724
1645 1727
1645 1731
1645 1736
1645 1738
1645 1739
1645 1741
1645 1751
1645 1753
1645 1764
1646 1648
1646 1653
1646 1661
1646 1674
1646 1689
1646 1690
1646 1693
1646 1710
1646 1733
1646 1742
1646 1748
1646 1751
1646 1763
1646 1772
1646 1955
1646 1960
1647 1654
1647 1672
1647 1687
1647 1693
1647 1726
1647 1736
1647 1752
1647 1775
1648 1661
1648 1670
1648 1677
1648 1709
1648 1732
1648 1777
1649 1655
1649 1684
1649 1694
1649 1701
1649 1702
1649 1706
1649 1741
1649 1742
1649 1755
1649 1764
1649 1771
1649 1777
1650 1662
1650 1682
1650 1697
1650 1702
1650 1705
1650 1715
1650 1723
1650 1734
1650 1744
1650 1751
1650 1758
1650 1761
1651 1657
1651 1666
1651 1693
1651 1713
1651 1720
1651 1728
1651 1729
1651 1730
1651 1731
1651 1734
1651 1738
1651 1743
1651 1745
1651 1748
1651 1757
1651 1768
1651 1775
1652 1657
1652 1685
1652 1687
1652 1701
1652 1702
1652 1708
1652 1724
1652 1728
1652 1733
1652 1735
1652 1747
1652 1755
1652 1763
1652 1772
1653 1656
1653 1658
1653 1666
1653 1700
1653 1706
1653 1712
1653 1713
1653 1737
1653 1755
1654 1664
1654 1674
1654 1684
1654 1691
1654 1708
1654 1710
1654 1714
1654 1715
1654 1719
1654 1737
1654 1750
1654 1765
1655 1664
1655 1665
1655 1688
1655 1691
1655 1699
1655 1708
1655 1721
1655 1731
1655 1735
1655 1738
1655 1739
1655 1744
1655 1752
1655 1768
1655 1770
1656 1658
1656 1674
1656 1682
1656 1695
1656 1699
1656 1709
1656 1723
1656 1726
1656 1728
1656 1732
1656 1735
1656 1741
1656 1743
1656 1747
1656 1748
1656 1759
1656 1767
1657 1662
1657 1664
1657 1665
1657 1670
1657 1700
1657 1709
1657 1721
1657 1736
1657 1740
1657 1745
1657 1754
1657 1772
1657 1788
1658 1660
1658 1671
1658 1676
1658 1687
1658 1696
1658 1704
1658 1723
1658 1725
1658 1737
1658 1739
1658 1744
1658 1755
1658 1770
1658 1775
1659 1676
1659 1692
1659 1697
1659 1721
1659 1739
1659 1747
1659 1767
1659 1770
1660 1665
1660 1668
1660 1669
1660 1680
1660 1681
1660 1700
1660 1710
1660 1716
1660 1733
1660 1742
1660 1759
1660 1763
1660 1771
1661 1662
1661 1677
1661 1683
1661 1686
1661 1687
1661 1695
1661 1700
1661 1704
1661 1708
1661 1724
1661 1733
1661 1746
1661 1753
1661 1754
1661 1759
1661 1763
1661 1896
1662 1690
1662 1693
1662 1709
1662 1729
1662 1733
1662 1776
1663 1668
1663 1673
1663 1680
1663 1684
1663 1685
1663 1686
1663 1690
1663 1694
1663 1709
1663 1715
1663 1716
1663 1741
1663 1746
1663 1754
1663 1757
1663 1766
1663 1775
1663 1818
1664 1667
1664 1675
1664 1677
1664 1680
1664 1690
1664 1696
1664 1697
1664 1723
1664 1726
1664 1740
1664 1752
1664 1772
1665 1668
1665 1672
1665 1680
1665 1689
1665 1720
1665 1724
1665 1736
1665 1756
1665 1770
1665 1775
1666 1670
1666 1672
1666 1682
1666 1689
1666 1705
1666 1708
1666 1718
1666 1727
1666 1731
1666 1739
1666 1762
1666 1771
1667 1670
1667 1694
1667 1713
1667 1718
1667 1728
1667 1730
1667 1732
1667 1735
1667 1758
1667 1759
1667 1765
1667 1767
1667 1894
1668 1669
1668 1691
1668 1696
1668 1711
1668 1725
1668 1747
1668 1762
1668 1763
1668 1766
1668 1767
1669 1673
1669 1696
1669 1712
1669 1723
1669 1732
1669 1760
1669 1940
1670 1689
1670 1710
1670 1719
1670 1721
1670 1722
1670 1736
1670 1741
1670 1744
1670 1759
1670 1762
1670 1774
1671 1676
1671 1677
1671 1706
1671 1712
1671 1724
1671 1754
1671 1764
1671 1768
1672 1674
1672 1691
1672 1694
1672 1708
1672 1717
1672 1718
1672 1720
1672 1730
1672 1733
1672 1749
1672 1753
1672 1762
1673 1682
1673 1695
1673 1700
1673 1723
1673 1728
1673 1743
1673 1751
1673 1764
1673 1765
1674 1687
1674 1708
1674 1722
1674 1729
1674 1733
1674 1742
1674 1744
1674 1754
1674 1760
1674 1772
1675 1676
1675 1678
1675 1682
1675 1686
1675 1688
1675 1691
1675 1698
1675 1706
1675 1711
1675 1713
1675 1717
1675 1722
1675 1744
1675 1745
1675 1755
1675 1760
1675 1766
1675 1774
1676 1679
1676 1684
1676 1689
1676 1696
1676 1700
1676 1713
1676 1724
1676 1735
1676 1749
1676 1763
1676 1765
1677 1690
1677 1707
1677 1721
1677 1724
1677 1731
1677 1737
1677 1741
1677 1745
1677 1746
1677 1770
1677 1773
1677 2032
1678 1685
1678 1707
1678 1720
1678 1732
1678 1761
1678 1764
1679 1698
1679 1711
1679 1713
1679 1733
1679 1735
1679 1746
1679 1762
1679 1768
1680 1692
1680 1701
1680 1706
1680 1723
1680 1730
1680 1738
1680 1745
1680 1763
1680 1767
1680 1769
1680 1770
1680 1773
1680 1776
1681 1682
1681 1692
1681 1696
1681 1716
1681 1733
1681 1742
1681 1754
1681 1767
1682 1684
1682 1685
1682 1687
1682 1693
1682 1694
1682 1712
1682 1731
1682 1741
1682 1743
1682 1750
1682 1753
1682 1772
1683 1687
1683 1712
1683 1720
1683 1728
1683 1733
1683 1739
1683 1828
1683 1917
1684 1687
1684 1688
1684 1697
1684 1699
1684 1729
1684 1774
1685 1687
1685 1688
1685 1689
1685 1704
1685 1710
1685 1731
1685 1736
1685 1746
1685 1756
1685 1758
1685 1760
1685 1762
1685 1764
1686 1688
1686 1690
1686 1692
1686 1696
1686 1711
1686 1714
1686 1741
1686 1744
1686 1757
1686 1763
1686 1768
1686 1863
1686 1962
1687 1704
1687 1736
1687 1738
1687 1743
1687 1764
1687 1770
1687 1772
1687 1775
1687 1837
1687 1847
1688 1693
1688 1715
1688 1718
1688 1719
1688 1723
1688 1746
1688 1747
1688 1786
1689 1696
1689 1697
1689 1698
1689 1702
1689 1710
1689 1714
1689 1716
1689 1722
1689 1726
1689 1731
1689 1741
1689 1752
1689 1759
1689 1768
1689 1918
1690 1694
1690 1700
1690 1704
1690 1713
1690 1723
1690 1745
1690 1746
1690 1762
1691 1695
1691 1705
1691 1707
1691 1726
1691 1742
1691 1747
1691 1748
1691 1750
1691 1752
1691 1762
1691 1768
1691 1776
1692 1714
1692 1723
1692 1732
1692 1736
1692 1737
1692 1739
1692 1757
1692 1775
1693 1704
1693 1725
1693 1728
1693 1729
1693 1764
1693 2000
1694 1711
1694 1716
1694 1718
1694 1719
1694 1736
1694 1741
1694 1758
1694 1776
1695 1698
1695 1705
1695 1723
1695 1728
1695 1729
1695 1766
1696 1703
1696 1720
1696 1731
1696 1736
1696 1743
1696 1748
1696 1758
1696 1768
1696 1770
1697 1698
1697 1709
1697 1710
1697 1711
1697 1721
1697 1730
1697 1735
1697 1741
1697 1748
1697 1766
1697 1767
1698 1699
1698 1704
1698 1707
1698 1716
1698 1717
1698 1720
1698 1749
1698 1752
1698 1775
1699 1717
1699 1730
1699 1733
1699 1741
1699 1746
1699 1749
1699 1757
1699 1761
1699 1764
1699 1766
1699 1878
1700 1701
1700 1704
1700 1723
1700 1726
1700 1732
1700 1741
1700 1743
1700 1755
1700 1768
1700 1771
1700 1773
1701 1714
1701 1726
1701 1749
1701 1752
1701 1872
1702 1714
1702 1719
1702 1724
1702 1733
1702 1758
1702 1759
1702 1763
1702 1765
1702 1772
1703 1707
1703 1711
1703 1724
1703 1744
1703 1746
1703 1752
1703 1772
1703 1941
1704 1715
1704 1716
1704 1719
1704 1745
1704 1751
1704 1753
1704 1765
1704 1768
1704 1773
1705 1718
1705 1720
1705 1727
1705 1730
1705 1743
1705 1754
1705 1759
1705 1761
1705 1764
1705 1959
1706 1709
1706 1711
1706 1726
1706 1742
1706 1745
1706 1756
1706 1758
1707 1755
1707 1762
1707 1775
1708 1712
1708 1726
1708 1743
1708 1761
1708 1764
1708 1770
1709 1732
1709 1733
1709 1745
1709 1749
1709 1766
1710 1724
1710 1750
1710 1751
1710 1755
1710 1770
1710 1777
1711 1716
1711 1725
1711 1728
1711 1736
1711 1750
1711 1752
1711 1757
1711 1758
1711 1770
1711 1853
1712 1721
1712 1727
1712 1741
1712 1742
1712 1748
1712 1770
1712 1777
1713 1726
1713 1731
1713 1737
1713 1747
1713 1748
1713 1752
1713 1763
1714 1724
1714 1729
1714 1730
1714 1731
1714 1736
1714 1740
1714 1743
1714 1749
1714 1766
1715 1719
1715 1720
1715 1722
1715 1738
1715 1741
1715 1744
1715 1774
1715 1776
1715 1777
1715 1806
1716 1723
1716 1725
1716 1742
1716 1743
1716 1745
1716 1749
1716 1763
1716 1774
1716 1775
1717 1729
1717 1734
1717 1745
1717 1759
1717 1770
1717 1772
1717 1774
1717 1775
1718 1722
1718 1732
1718 1745
1718 1751
1718 1759
1718 1772
1719 1732
1719 1743
1719 1759
1719 1763
1719 1764
1719 1766
1719 1775
1720 1724
1720 1736
1720 1738
1720 1750
1720 1773
1721 1744
1721 1749
1721 1752
1721 1755
1721 1757
1721 1759
1721 1770
1721 1773
1721 1776
1722 1725
1722 1730
1722 1733
1722 1736
1722 1738
1722 1742
1722 1748
1722 1750
1722 1774
1723 1731
1723 1744
1723 1754
1724 1731
1724 1758
1724 1760
1725 1735
1725 1738
1725 1746
1725 1751
1725 1753
1725 1756
1725 1758
1725 1768
1725 1769
1725 1914
1726 1740
1726 1741
1726 1775
1727 1731
1727 1758
1727 1762
1727 1775
1727 1784
1727 1952
1728 1742
1728 1747
1728 1752
1728 1962
1728 1998
1729 1742
1729 1744
1729 1747
1729 1751
1729 1761
1729 1762
1729 1773
1730 1750
1730 1757
1730 1759
1730 1764
1730 1770
1730 1775
1731 1741
1731 1748
1731 1766
1732 1734
1732 1735
1732 1745
1732 1756
1732 1757
1732 1767
1732 1931
1733 1743
1733 1744
1733 1750
1733 1753
1733 1759
1733 1777
1733 2017
1734 1744
1734 1749
1734 1759
1734 1774
1734 1958
1735 1739
1735 1745
1735 1763
1735 1764
1735 1767
1735 1776
1736 1748
1736 1750
1736 1752
1736 1756
1736 1770
1736 1777
1737 1738
1737 1757
1737 1771
1737 1777
1738 1742
1738 1745
1738 1748
1738 1759
1738 1768
1738 1772
1738 1773
1739 1756
1739 1760
1739 1777
1740 1751
1740 1754
1740 1758
1740 1761
1740 1764
1741 1746
1741 1751
1741 1757
1741 1771
1741 1959
1741 2011
1741 2017
1742 1773
1742 1952
1743 1753
1743 1776
1744 1745
1744 1766
1745 1747
1745 1773
1746 1749
1746 1767
1746 1773
1747 1756
1747 1767
1747 1774
1747 1775
1748 1755
1749 1757
1749 1762
1749 1766
1749 1769
1749 1775
1749 1777
1750 1776
1751 1754
1751 1757
1751 1765
1751 1766
1752 1760
1752 1761
1753 1755
1753 1756
1753 1771
1753 1772
1754 1767
1754 1843
1755 1756
1755 1758
1755 1766
1756 1761
1756 1762
1756 1771
1756 1775
1757 1760
1757 1768
1757 1773
1757 1785
1757 1944
1758 1771
1758 1773
1759 1760
1759 1772
1760 1762
1761 1763
1761 1845
1763 1774
1763 1981
1765 1766
1765 1776
1766 1770
1766 1777
1767 1771
1767 1773
1768 1776
1769 1773
1769 1806
1769 1961
1770 1775
1772 1777
1772 1869
1773 1800
1774 2010
1775 1777
1775 1790
1777 1886
1778 1792
1778 1796
1778 1809
1778 1812
1778 1831
1778 1861
1778 1868
1778 1884
1778 1895
1778 1905
1778 1908
1778 1914
1778 1915
1778 1922
1778 1933
1778 1943
1778 1947
1778 1949
1778 1950
1778 1951
1778 1957
1778 1963
1778 1971
1778 1985
1778 1986
1778 1989
1779 1786
1779 1801
1779 1802
1779 1805
1779 1806
1779 1812
1779 1825
1779 1829
1779 1837
1779 1846
1779 1849
1779 1850
1779 1851
1779 1859
1779 1862
1779 1866
1779 1872
1779 1873
1779 1898
1779 1902
1779 1903
1779 1950
1779 1952
1779 1958
1779 1978
1779 1989
1779 2013
1779 2017
1779 2018
1780 1783
1780 1784
1780 1805
1780 1823
1780 1831
1780 1849
1780 1857
1780 1867
1780 1871
1780 1893
1780 1894
1780 1903
1780 1904
1780 1931
1780 1947
1780 1952
1780 1955
1780 1967
1780 1976
1780 1999
1780 2009
1780 2019
1780 2027
1781 1807
1781 1819
1781 1839
1781 1849
1781 1851
1781 1853
1781 1855
1781 1872
1781 1877
1781 1880
1781 1886
1781 1891
1781 1912
1781 1921
1781 1922
1781 1928
1781 1940
1781 1941
1781 1948
1781 1958
1781 1960
1781 1961
1781 1966
1781 1968
1781 1969
1781 1983
1781 1991
1781 2011
1781 2012
1781 2018
1781 2024
1782 1797
1782 1806
1782 1814
1782 1831
1782 1832
1782 1842
1782 1843
1782 1871
1782 1878
1782 1886
1782 1890
1782 1902
1782 1907
1782 1913
1782 1931
1782 1944
1782 1957
1782 1990
1782 1994
1782 2003
1782 2028
1782 2030
1783 1788
1783 1797
1783 1814
1783 1816
1783 1833
1783 1849
1783 1855
1783 1868
1783 1870
1783 1876
1783 1881
1783 1892
1783 1903
1783 1912
1783 1914
1783 1943
1783 1956
1783 1963
1783 1967
1783 1974
1783 1983
1783 1984
1783 1985
1783 1999
1783 2006
1783 2013
1783 2017
1783 2026
1784 1793
1784 1816
1784 1822
1784 1823
1784 1829
1784 1838
1784 1848
1784 1853
1784 1865
1784 1869
1784 1901
1784 1909
1784 1918
1784 1920
1784 1922
1784 1939
1784 1944
1784 1954
1784 1958
1784 1969
1784 1978
1784 1989
1784 1997
1784 2002
1784 2013
1784 2014
1784 2021
1785 1792
1785 1798
1785 1805
1785 1810
1785 1813
1785 1823
1785 1832
1785 1838
1785 1845
1785 1851
1785 1858
1785 1862
1785 1866
1785 1882
1785 1888
1785 1893
1785 1933
1785 1938
1785 1944
1785 1972
1785 1983
1785 1985
1785 2008
1785 2022
1785 2031
1786 1791
1786 1810
1786 1815
1786 1827
1786 1843
1786 1856
1786 1865
1786 1870
1786 1872
1786 1881
1786 1889
1786 1906
1786 1917
1786 1920
1786 1923
1786 1941
1786 1945
1786 1949
1786 1957
1786 1968
1786 1971
1786 2023
1787 1789
1787 1791
1787 1792
1787 1796
1787 1818
1787 1830
1787 1832
1787 1853
1787 1866
1787 1871
1787 1875
1787 1877
1787 1880
1787 1908
1787 1923
1787 1934
1787 1936
1787 1937
1787 1943
1787 1947
1787 1959
1787 1961
1787 1969
1787 1981
1787 1988
1787 1991
1787 2008
1787 2010
1787 2012
1787 2024
1787 2029
1787 2030
1788 1812
1788 1833
1788 1834
1788 1839
1788 1844
1788 1860
1788 1879
1788 1884
1788 1900
1788 1901
1788 1914
1788 1927
1788 1934
1788 1938
1788 1947
1788 1966
1788 1981
1788 1986
1788 1993
1788 2003
1788 2020
1788 2026
1788 2031
1789 1812
1789 1826
1789 1836
1789 1841
1789 1846
1789 1851
1789 1856
1789 1869
1789 1870
1789 1875
1789 1876
1789 1882
1789 1894
1789 1896
1789 1903
1789 1912
1789 1919
1789 1922
1789 1925
1789 1933
1789 1937
1789 1943
1789 1945
1789 1949
1789 1955
1789 1975
1789 1983
1789 1990
1789 1997
1790 1794
1790 1796
1790 1809
1790 1819
1790 1824
1790 1830
1790 1863
1790 1889
1790 1912
1790 1934
1790 1939
1790 1942
1790 1945
1790 1952
1790 1955
1790 1966
1790 2001
1790 2015
1790 2016
1790 2026
1790 2030
1790 2032
1791 1798
1791 1803
1791 1809
1791 1811
1791 1813
1791 1815
1791 1832
1791 1851
1791 1855
1791 1858
1791 1873
1791 1893
1791 1903
1791 1907
1791 1911
1791 1912
1791 1926
1791 1940
1791 1946
1791 1949
1791 1950
1791 1962
1791 1972
1791 1977
1791 1979
1791 1993
1791 2004
1791 2005
1791 2021
1791 2024
1792 1817
1792 1819
1792 1822
1792 1867
1792 1869
1792 1873
1792 1875
1792 1880
1792 1882
1792 1929
1792 1930
1792 1971
1792 1978
1792 1986
1792 1989
1792 2004
1792 2010
1792 2014
1792 2018
1792 2023
1792 2028
1792 2032
1793 1801
1793 1804
1793 1818
1793 1843
1793 1844
1793 1861
1793 1874
1793 1877
1793 1881
1793 1888
1793 1899
1793 1909
1793 1916
1793 1920
1793 1946
1793 1955
1793 1965
1793 1972
1793 1976
1793 2007
1793 2017
1793 2023
1793 2029
1794 1806
1794 1832
1794 1840
1794 1845
1794 1851
1794 1860
1794 1867
1794 1877
1794 1878
1794 1882
1794 1906
1794 1917
1794 1920
1794 1925
1794 1931
1794 1938
1794 1944
1794 1947
1794 1959
1794 1963
1794 1966
1794 1976
1794 2004
1795 1804
1795 1816
1795 1833
1795 1841
1795 1842
1795 1853
1795 1854
1795 1856
1795 1866
1795 1884
1795 1886
1795 1887
1795 1897
1795 1901
1795 1905
1795 1917
1795 1938
1795 1949
1795 1957
1795 1963
1795 1987
1795 1988
1795 1992
1795 1993
1795 2010
1795 2025
1795 2029
1795 2030
1796 1797
1796 1800
1796 1802
1796 1811
1796 1819
1796 1834
1796 1847
1796 1856
1796 1864
1796 1876
1796 1885
1796 1893
1796 1903
1796 1917
1796 1918
1796 1939
1796 1943
1796 1965
1796 1986
1796 1996
1796 2013
1796 2019
1796 2026
1797 1800
1797 1807
1797 1823
1797 1832
1797 1838
1797 1844
1797 1858
1797 1867
1797 1870
1797 1892
1797 1904
1797 1936
1797 1956
1797 1959
1797 1980
1797 2001
1797 2018
1798 1804
1798 1806
1798 1812
1798 1814
1798 1834
1798 1841
1798 1845
1798 1858
1798 1862
1798 1902
1798 1904
1798 1917
1798 1924
1798 1969
1798 1970
1798 1973
1798 1976
1798 2005
1798 2006
1799 1809
1799 1817
1799 1824
1799 1830
1799 1836
1799 1840
1799 1844
1799 1846
1799 1859
1799 1865
1799 1871
1799 1875
1799 1884
1799 1889
1799 1898
1799 1907
1799 1926
1799 1936
1799 1944
1799 1946
1799 1960
1799 1967
1799 1978
1799 1992
1799 1995
1799 2002
1799 2006
1799 2013
1799 2014
1799 2028
1800 1801
1800 1803
1800 1812
1800 1823
1800 1836
1800 1837
1800 1839
1800 1908
1800 1920
1800 1948
1800 1953
1800 1955
1800 1981
1800 1988
1800 1998
1800 2016
1800 2023
1800 2028
1801 1804
1801 1809
1801 1825
1801 1836
1801 1844
1801 1884
1801 1887
1801 1908
1801 1909
1801 1927
1801 1934
1801 1939
1801 1942
1801 1945
1801 1946
1801 1948
1801 1957
1801 1987
1801 2007
1801 2020
1802 1820
1802 1821
1802 1833
1802 1840
1802 1842
1802 1848
1802 1854
1802 1856
1802 1912
1802 1914
1802 1934
1802 1936
1802 1941
1802 1965
1802 1970
1802 2007
1802 2028
1803 1804
1803 1805
1803 1807
1803 1808
1803 1828
1803 1832
1803 1833
1803 1867
1803 1869
1803 1903
1803 1922
1803 1940
1803 1945
1803 1954
1803 1965
1803 1986
1803 1988
1803 1989
1803 2000
1803 2010
1803 2015
1804 1817
1804 1822
1804 1838
1804 1845
1804 1849
1804 1853
1804 1860
1804 1865
1804 1875
1804 1890
1804 1895
1804 1898
1804 1931
1804 1933
1804 1956
1804 1957
1804 1967
1804 1973
1804 1983
1804 1988
1804 1999
1804 2032
1805 1806
1805 1809
1805 1813
1805 1815
1805 1827
1805 1835
1805 1839
1805 1841
1805 1853
1805 1854
1805 1864
1805 1897
1805 1915
1805 1926
1805 1933
1805 1942
1805 1953
1805 1964
1805 1967
1805 1994
1805 1999
1805 2002
1805 2008
1805 2009
1805 2028
1806 1816
1806 1833
1806 1837
1806 1866
1806 1868
1806 1870
1806 1895
1806 1911
1806 1915
1806 1924
1806 1926
1806 1934
1806 1941
1806 1948
1806 1951
1806 1954
1806 1967
1806 1970
1806 1976
1806 1983
1806 1999
1806 2002
1806 2003
1806 2005
1806 2012
1806 2013
1806 2019
1806 2030
1806 2031
1807 1812
1807 1827
1807 1830
1807 1832
1807 1837
1807 1845
1807 1853
1807 1868
1807 1869
1807 1870
1807 1872
1807 1874
1807 1879
1807 1880
1807 1881
1807 1886
1807 1903
1807 1922
1807 1938
1807 1953
1807 1960
1807 1967
1807 1986
1807 2000
1807 2004
1807 2009
1807 2014
1807 2027
1808 1812
1808 1816
1808 1822
1808 1829
1808 1831
1808 1836
1808 1837
1808 1846
1808 1891
1808 1899
1808 1905
1808 1919
1808 1934
1808 1954
1808 1958
1808 1988
1808 1992
1808 1997
1808 2000
1808 2001
1808 2023
1809 1818
1809 1837
1809 1838
1809 1841
1809 1855
1809 1866
1809 1868
1809 1908
1809 1920
1809 1932
1809 1945
1809 1956
1809 1963
1809 1964
1809 1971
1809 1972
1809 1978
1809 1979
1809 1982
1809 1990
1809 1991
1809 1993
1809 1999
1810 1816
1810 1822
1810 1825
1810 1834
1810 1850
1810 1855
1810 1861
1810 1862
1810 1871
1810 1889
1810 1906
1810 1908
1810 1916
1810 1917
1810 1935
1810 1937
1810 1941
1810 1967
1810 1972
1810 1988
1810 1996
1810 2011
1810 2022
1811 1819
1811 1826
1811 1845
1811 1854
1811 1855
1811 1857
1811 1863
1811 1864
1811 1871
1811 1883
1811 1885
1811 1907
1811 1914
1811 1921
1811 1924
1811 1927
1811 1947
1811 1976
1811 1985
1811 1998
1811 2006
1811 2015
1812 1823
1812 1834
1812 1838
1812 1847
1812 1853
1812 1857
1812 1859
1812 1875
1812 1880
1812 1893
1812 1896
1812 1916
1812 1919
1812 1923
1812 1962
1812 1987
1812 1998
1812 2006
1812 2009
1812 2010
1812 2021
1812 2022
1813 1826
1813 1836
1813 1843
1813 1846
1813 1847
1813 1848
1813 1860
1813 1861
1813 1863
1813 1871
1813 1889
1813 1890
1813 1910
1813 1945
1813 1949
1813 1950
1813 1977
1813 1983
1813 1997
1813 2032
1814 1819
1814 1830
1814 1842
1814 1843
1814 1846
1814 1860
1814 1864
1814 1865
1814 1867
1814 1876
1814 1899
1814 1906
1814 1923
1814 1934
1814 1950
1814 1951
1814 1958
1814 1961
1814 1971
1814 1987
1814 1998
1814 2004
1814 2014
1814 2017
1815 1823
1815 1826
1815 1831
1815 1839
1815 1852
1815 1861
1815 1878
1815 1879
1815 1901
1815 1911
1815 1926
1815 1949
1815 1959
1815 1970
1815 1971
1815 1983
1815 2007
1815 2009
1815 2013
1815 2020
1815 2028
1816 1818
1816 1821
1816 1834
1816 1838
1816 1841
1816 1843
1816 1845
1816 1846
1816 1851
1816 1859
1816 1874
1816 1876
1816 1890
1816 1910
1816 1934
1816 1942
1816 1947
1816 1949
1816 1957
1816 1977
1816 1985
1816 2005
1816 2006
1816 2008
1816 2013
1816 2015
1816 2020
1816 2022
1817 1820
1817 1827
1817 1836
1817 1839
1817 1845
1817 1869
1817 1873
1817 1879
1817 1899
1817 1961
1817 1985
1817 1986
1817 1989
1817 2022
1817 2029
1817 2030
1817 2032
1818 1823
1818 1834
1818 1837
1818 1847
1818 1855
1818 1856
1818 1859
1818 1866
1818 1867
1818 1875
1818 1898
1818 1908
1818 1910
1818 1915
1818 1919
1818 1922
1818 1935
1818 1964
1818 1972
1818 1973
1818 1977
1818 1979
1818 1980
1818 1998
1818 2001
1818 2004
1818 2015
1818 2023
1818 2024
1819 1825
1819 1827
1819 1828
1819 1835
1819 1840
1819 1845
1819 1861
1819 1867
1819 1874
1819 1876
1819 1891
1819 1898
1819 1900
1819 1908
1819 1915
1819 1917
1819 1926
1819 1928
1819 1933
1819 1943
1819 1969
1819 1980
1819 1986
1819 1994
1819 1996
1819 2020
1820 1834
1820 1859
1820 1865
1820 1868
1820 1879
1820 1880
1820 1897
1820 1906
1820 1929
1820 1945
1820 1963
1820 1984
1820 1999
1820 2010
1820 2017
1820 2031
1821 1855
1821 1863
1821 1869
1821 1875
1821 1880
1821 1885
1821 1894
1821 1895
1821 1901
1821 1905
1821 1906
1821 1931
1821 1934
1821 1935
1821 1948
1821 1967
1821 1984
1821 1987
1821 2020
1822 1834
1822 1835
1822 1839
1822 1841
1822 1862
1822 1865
1822 1872
1822 1880
1822 1881
1822 1888
1822 1893
1822 1894
1822 1902
1822 1914
1822 1925
1822 1942
1822 1956
1822 1957
1822 1959
1822 1961
1822 1963
1822 1968
1822 2003
1822 2004
1822 2010
1822 2014
1823 1828
1823 1832
1823 1835
1823 1844
1823 1847
1823 1851
1823 1886
1823 1898
1823 1902
1823 1930
1823 1948
1823 1956
1823 1972
1823 1998
1824 1835
1824 1837
1824 1840
1824 1869
1824 1876
1824 1884
1824 1895
1824 1904
1824 1905
1824 1921
1824 1929
1824 1939
1824 1951
1824 1955
1824 1956
1824 1958
1824 1966
1824 1984
1824 1987
1824 2017
1824 2030
1825 1826
1825 1829
1825 1834
1825 1837
1825 1838
1825 1841
1825 1865
1825 1873
1825 1880
1825 1883
1825 1886
1825 1887
1825 1891
1825 1892
1825 1897
1825 1901
1825 1903
1825 1904
1825 1910
1825 1911
1825 1912
1825 1913
1825 1914
1825 1919
1825 1922
1825 1932
1825 1958
1825 1969
1825 1971
1825 1977
1825 1980
1825 1981
1825 1984
1825 1992
1825 2005
1825 2011
1825 2012
1825 2021
1825 2029
1826 1829
1826 1835
1826 1859
1826 1877
1826 1911
1826 1920
1826 1950
1826 1975
1826 1982
1826 1987
1826 1991
1826 2012
1826 2020
1826 2027
1827 1828
1827 1829
1827 1836
1827 1839
1827 1840
1827 1853
1827 1869
1827 1893
1827 1905
1827 1910
1827 1914
1827 1928
1827 1935
1827 1954
1827 1955
1827 1958
1827 1971
1827 1973
1827 1997
1827 1999
1827 2004
1828 1836
1828 1841
1828 1854
1828 1858
1828 1860
1828 1873
1828 1879
1828 1894
1828 1896
1828 1898
1828 1916
1828 1921
1828 1936
1828 1942
1828 1943
1828 1967
1828 1987
1828 1988
1828 1994
1828 1998
1828 2017
1828 2024
1828 2031
1829 1831
1829 1840
1829 1841
1829 1872
1829 1879
1829 1905
1829 1925
1829 1938
1829 1944
1829 1951
1829 1954
1829 1997
1829 2003
1829 2009
1829 2013
1829 2019
1829 2031
1830 1834
1830 1842
1830 1854
1830 1857
1830 1870
1830 1875
1830 1880
1830 1881
1830 1886
1830 1893
1830 1903
1830 1905
1830 1910
1830 1927
1830 1930
1830 1932
1830 1938
1830 1955
1830 1964
1830 1984
1830 1987
1830 1999
1830 2007
1830 2017
1830 2025
1830 2028
1831 1837
1831 1843
1831 1858
1831 1860
1831 1874
1831 1888
1831 1892
1831 1907
1831 1913
1831 1915
1831 1923
1831 1940
1831 1947
1831 1949
1831 1963
1831 1966
1831 1973
1831 1980
1831 2004
1831 2008
1831 2022
1831 2023
1831 2024
1832 1837
1832 1857
1832 1866
1832 1882
1832 1892
1832 1908
1832 1914
1832 1924
1832 1930
1832 1950
1832 1955
1832 1973
1832 1976
1832 1977
1832 2009
1832 2026
1832 2029
1833 1835
1833 1837
1833 1839
1833 1849
1833 1858
1833 1868
1833 1875
1833 1876
1833 1880
1833 1905
1833 1910
1833 1933
1833 1934
1833 1939
1833 1944
1833 1945
1833 1960
1833 1977
1833 1990
1833 2001
1833 2005
1833 2015
1833 2017
1833 2029
1834 1840
1834 1845
1834 1849
1834 1881
1834 1887
1834 1893
1834 1896
1834 1908
1834 1919
1834 1921
1834 1925
1834 1933
1834 1945
1834 1956
1834 1958
1834 1969
1834 1976
1834 1983
1834 1989
1834 1993
1834 2004
1835 1839
1835 1840
1835 1852
1835 1867
1835 1868
1835 1893
1835 1909
1835 1934
1835 1935
1835 1939
1835 1945
1835 1987
1835 1995
1835 2017
1835 2032
1836 1855
1836 1864
1836 1876
1836 1877
1836 1889
1836 1895
1836 1913
1836 1915
1836 1918
1836 1926
1836 1934
1836 1952
1836 1967
1836 1980
1836 1988
1836 2004
1836 2009
1836 2014
1836 2028
1836 2032
1837 1850
1837 1861
1837 1873
1837 1882
1837 1883
1837 1885
1837 1888
1837 1917
1837 1932
1837 1941
1837 1955
1837 1970
1837 1975
1837 2009
1837 2015
1838 1839
1838 1847
1838 1862
1838 1871
1838 1873
1838 1877
1838 1881
1838 1895
1838 1909
1838 1923
1838 1929
1838 1930
1838 1932
1838 1933
1838 1938
1838 1942
1838 1972
1838 1975
1838 1987
1838 1990
1838 1993
1838 1995
1838 1996
1838 2015
1838 2018
1838 2030
1839 1844
1839 1847
1839 1867
1839 1870
1839 1893
1839 1906
1839 1930
1839 1933
1839 1937
1839 1951
1839 1958
1839 1967
1839 1968
1839 1985
1839 1992
1839 2013
1840 1842
1840 1845
1840 1850
1840 1854
1840 1855
1840 1863
1840 1867
1840 1869
1840 1882
1840 1886
1840 1907
1840 1910
1840 1945
1840 1954
1840 1956
1840 1958
1840 1969
1840 1987
1840 1991
1840 1992
1840 2001
1840 2016
1840 2020
1841 1853
1841 1857
1841 1858
1841 1874
1841 1880
1841 1883
1841 1911
1841 1938
1841 1939
1841 1955
1841 1958
1841 1967
1841 1969
1841 1998
1841 2006
1841 2011
1841 2030
1842 1855
1842 1863
1842 1865
1842 1871
1842 1873
1842 1885
1842 1891
1842 1908
1842 1915
1842 1918
1842 1935
1842 1950
1842 1951
1842 1970
1842 1972
1842 1982
1842 1987
1842 1988
1842 1995
1842 2003
1842 2015
1842 2027
1842 2030
1843 1855
1843 1856
1843 1886
1843 1903
1843 1928
1843 1949
1843 1956
1843 1961
1843 1963
1843 1981
1843 1989
1843 1995
1843 2017
1844 1846
1844 1860
1844 1882
1844 1883
1844 1894
1844 1900
1844 1924
1844 1943
1844 1964
1844 1973
1844 1980
1844 1994
1844 1999
1844 2001
1844 2005
1844 2025
1844 2028
1845 1851
1845 1869
1845 1896
1845 1901
1845 1917
1845 1928
1845 1933
1845 1934
1845 1937
1845 1938
1845 1941
1845 1954
1845 1957
1845 1962
1845 1966
1845 1977
1845 1986
1845 1991
1845 2000
1845 2005
1845 2013
1846 1853
1846 1854
1846 1862
1846 1864
1846 1868
1846 1876
1846 1880
1846 1883
1846 1901
1846 1906
1846 1936
1846 1940
1846 1965
1846 2005
1846 2014
1846 2023
1846 2026
1846 2030
1847 1848
1847 1854
1847 1861
1847 1864
1847 1887
1847 1890
1847 1892
1847 1894
1847 1909
1847 1925
1847 1955
1847 1964
1847 1971
1847 1977
1847 1985
1847 1995
1847 1996
1847 2004
1847 2011
1847 2014
1847 2018
1848 1851
1848 1861
1848 1868
1848 1885
1848 1905
1848 1926
1848 1938
1848 1940
1848 1949
1848 1965
1848 1967
1848 1973
1848 1997
1848 2011
1848 2013
1848 2032
1849 1850
1849 1852
1849 1871
1849 1878
1849 1881
1849 1885
1849 1893
1849 1913
1849 1916
1849 1918
1849 1922
1849 1924
1849 1938
1849 1941
1849 1942
1849 1957
1849 1966
1849 1971
1849 1979
1849 1988
1849 1990
1849 2003
1849 2015
1849 2029
1850 1859
1850 1862
1850 1865
1850 1877
1850 1883
1850 1888
1850 1889
1850 1900
1850 1909
1850 1914
1850 1921
1850 1939
1850 1943
1850 1947
1850 1950
1850 1958
1850 1963
1850 1970
1850 1975
1850 1977
1850 1981
1850 1984
1850 1985
1850 1996
1850 2001
1850 2002
1850 2008
1850 2014
1851 1859
1851 1862
1851 1866
1851 1876
1851 1925
1851 1935
1851 1957
1851 1963
1851 1971
1851 1975
1851 1976
1851 1986
1851 1991
1851 2011
1851 2028
1851 2029
1852 1853
1852 1865
1852 1878
1852 1881
1852 1892
1852 1905
1852 1918
1852 1924
1852 1943
1852 1947
1852 1953
1852 1962
1852 1969
1852 1970
1852 1974
1852 1976
1852 1983
1852 2029
1853 1860
1853 1875
1853 1882
1853 1887
1853 1895
1853 1897
1853 1936
1853 1941
1853 1949
1853 1950
1853 1965
1853 1991
1853 2006
1853 2024
1853 2028
1853 2030
1854 1886
1854 1890
1854 1891
1854 1894
1854 1926
1854 1927
1854 1940
1854 1973
1854 1976
1854 1978
1854 1997
1854 1999
1854 2029
1855 1862
1855 1885
1855 1903
1855 1906
1855 1907
1855 1915
1855 1934
1855 1935
1855 1945
1855 1978
1855 1986
1855 2000
1855 2008
1855 2010
1855 2019
1855 2020
1856 1857
1856 1871
1856 1875
1856 1877
1856 1883
1856 1888
1856 1904
1856 1907
1856 1908
1856 1913
1856 1917
1856 1921
1856 1925
1856 1935
1856 1943
1856 1945
1856 1958
1856 1961
1856 1968
1856 2004
1856 2019
1856 2027
1857 1866
1857 1871
1857 1872
1857 1883
1857 1895
1857 1903
1857 1912
1857 1914
1857 1926
1857 1951
1857 1954
1857 1956
1857 1960
1857 1966
1857 1977
1857 1980
1857 1990
1857 2003
1857 2019
1858 1902
1858 1909
1858 1920
1858 1922
1858 1944
1858 1950
1858 1964
1858 1967
1858 1972
1858 1977
1858 1978
1858 1984
1858 1992
1858 2002
1858 2009
1858 2022
1858 2024
1858 2029
1859 1880
1859 1896
1859 1902
1859 1911
1859 1930
1859 1939
1859 1945
1859 1957
1859 1959
1859 1960
1859 1969
1859 1994
1859 1995
1859 1996
1859 2012
1859 2019
1859 2029
1860 1861
1860 1882
1860 1888
1860 1893
1860 1894
1860 1896
1860 1900
1860 1917
1860 1919
1860 1938
1860 1940
1860 1942
1860 1943
1860 1951
1860 1957
1860 1970
1860 1991
1860 1997
1860 2022
1860 2025
1860 2026
1861 1863
1861 1867
1861 1870
1861 1899
1861 1925
1861 1927
1861 1949
1861 1955
1861 1979
1861 1990
1861 2002
1861 2032
1862 1864
1862 1866
1862 1881
1862 1892
1862 1902
1862 1921
1862 1947
1862 1957
1862 1963
1862 1972
1862 1978
1862 1986
1862 1993
1862 1996
1862 1997
1862 2012
1863 1865
1863 1873
1863 1880
1863 1896
1863 1897
1863 1910
1863 1912
1863 1918
1863 1922
1863 1925
1863 1945
1863 1966
1863 1977
1863 1980
1863 2002
1863 2016
1863 2018
1863 2023
1863 2026
1864 1897
1864 1917
1864 1928
1864 1937
1864 1948
1864 1950
1864 1960
1864 1974
1864 2005
1864 2009
1864 2013
1864 2023
1865 1868
1865 1872
1865 1887
1865 1888
1865 1897
1865 1899
1865 1901
1865 1902
1865 1916
1865 1929
1865 1951
1865 1954
1865 1956
1865 1962
1865 1999
1865 2003
1865 2020
1866 1886
1866 1891
1866 1894
1866 1919
1866 1932
1866 1945
1866 1947
1866 1948
1866 1954
1866 1984
1866 1988
1866 1989
1866 1991
1866 1993
1866 2003
1866 2020
1867 1869
1867 1874
1867 1875
1867 1876
1867 1879
1867 1883
1867 1898
1867 1908
1867 1912
1867 1919
1867 1920
1867 1933
1867 1934
1867 1946
1867 1949
1867 1952
1867 1996
1867 2019
1867 2026
1868 1892
1868 1923
1868 1941
1868 1942
1868 1955
1868 1957
1868 1962
1868 1965
1868 1983
1868 1991
1868 2009
1868 2029
1869 1923
1869 1926
1869 1932
1869 1933
1869 1950
1869 1954
1869 1956
1869 1959
1869 1962
1869 1970
1869 1973
1869 1980
1869 1987
1869 2010
1869 2015
1869 2032
1870 1877
1870 1881
1870 1895
1870 1899
1870 1903
1870 1913
1870 1916
1870 1921
1870 1925
1870 1944
1870 1974
1870 1987
1870 1990
1870 1996
1870 2005
1871 1877
1871 1898
1871 1910
1871 1912
1871 1930
1871 1945
1871 1958
1871 1972
1871 1983
1871 1989
1871 2022
1871 2030
1871 2031
1872 1888
1872 1894
1872 1903
1872 1907
1872 1916
1872 1952
1872 1970
1872 1974
1872 1984
1872 1987
1872 2000
1872 2027
1872 2029
1872 2030
1873 1875
1873 1882
1873 1888
1873 1891
1873 1898
1873 1909
1873 1912
1873 1914
1873 1924
1873 1928
1873 1957
1873 1962
1873 1965
1873 1972
1873 1976
1873 1981
1873 1983
1873 2006
1873 2011
1873 2013
1873 2017
1873 2024
1873 2027
1874 1875
1874 1894
1874 1898
1874 1902
1874 1910
1874 1929
1874 1944
1874 1945
1874 1947
1874 1948
1874 1976
1874 1987
1874 1996
1874 1999
1874 2003
1874 2009
1874 2011
1874 2026
1874 2031
1875 1886
1875 1913
1875 1918
1875 1919
1875 1920
1875 1927
1875 1949
1875 1955
1875 1964
1875 1973
1875 1974
1875 1975
1875 1987
1875 2001
1875 2016
1876 1880
1876 1888
1876 1897
1876 1913
1876 1936
1876 1943
1876 1955
1876 1957
1876 1964
1876 1971
1876 1974
1876 1989
1876 2000
1876 2006
1876 2020
1877 1880
1877 1888
1877 1931
1877 1932
1877 1935
1877 1940
1877 1947
1877 1950
1877 1954
1877 1957
1877 1958
1877 1965
1877 1968
1877 1981
1877 1986
1877 2003
1877 2024
1878 1900
1878 1933
1878 1942
1878 1945
1878 1948
1878 1950
1878 1962
1878 1964
1878 1965
1878 1974
1878 1986
1878 2002
1878 2004
1878 2006
1878 2012
1878 2019
1878 2032
1879 1888
1879 1896
1879 1918
1879 1927
1879 1932
1879 1943
1879 1989
1879 2016
1879 2021
1879 2022
1879 2023
1879 2024
1880 1901
1880 1920
1880 1939
1880 1947
1880 1973
1880 1990
1880 1995
1880 2009
1881 1895
1881 1928
1881 1930
1881 1940
1881 1942
1881 1968
1881 1970
1881 1979
1881 1982
1881 2002
1881 2010
1882 1890
1882 1895
1882 1908
1882 1917
1882 1920
1882 1921
1882 1943
1882 1953
1882 1963
1882 1965
1882 1967
1882 1970
1882 1977
1882 1996
1882 2019
1883 1885
1883 1901
1883 1902
1883 1905
1883 1911
1883 1920
1883 1922
1883 1931
1883 1933
1883 1962
1883 1963
1883 1987
1883 2001
1883 2022
1883 2024
1884 1919
1884 1930
1884 1934
1884 1953
1884 1965
1884 1983
1884 1985
1884 2013
1884 2016
1884 2017
1884 2021
1884 2022
1885 1887
1885 1898
1885 1906
1885 1907
1885 1910
1885 1927
1885 1950
1885 1955
1885 1971
1885 1983
1885 1985
1885 1993
1885 2006
1885 2007
1885 2017
1885 2019
1885 2023
1885 2024
1886 1887
1886 1899
1886 1912
1886 1934
1886 1947
1886 1959
1886 1964
1886 1966
1886 1974
1886 1978
1886 1987
1886 1995
1886 2000
1886 2019
1886 2028
1886 2029
1887 1905
1887 1908
1887 1924
1887 1937
1887 1947
1887 1948
1887 1957
1887 1971
1887 1978
1887 1981
1887 1987
1887 1990
1887 1996
1887 2002
1887 2008
1887 2016
1888 1908
1888 1913
1888 1920
1888 1945
1888 1985
1888 1986
1888 2014
1888 2016
1888 2021
1889 1893
1889 1898
1889 1900
1889 1915
1889 1930
1889 1951
1889 1953
1889 1970
1889 1981
1889 1987
1889 1991
1889 1993
1889 1996
1889 2000
1889 2001
1889 2009
1890 1903
1890 1910
1890 1912
1890 1914
1890 1919
1890 1923
1890 1947
1890 1963
1890 1966
1890 1970
1890 1971
1890 1986
1890 1987
1890 1993
1890 2003
1890 2011
1891 1904
1891 1915
1891 1922
1891 1938
1891 1954
1891 1966
1891 1987
1891 2007
1891 2021
1892 1894
1892 1909
1892 1923
1892 1939
1892 1947
1892 1983
1892 1990
1892 2001
1892 2031
1893 1904
1893 1912
1893 1920
1893 1929
1893 1936
1893 1950
1893 1959
1893 1982
1893 2001
1893 2013
1893 2016
1894 1903
1894 1909
1894 1926
1894 1939
1894 1959
1894 1979
1894 1981
1894 1999
1894 2013
1894 2026
1895 1904
1895 1906
1895 1908
1895 1916
1895 1938
1895 1946
1895 1957
1895 1964
1895 1974
1895 2008
1895 2009
1895 2025
1895 2031
1896 1905
1896 1915
1896 1919
1896 1924
1896 1925
1896 1936
1896 1942
1896 1947
1896 1958
1896 1974
1896 1980
1896 1987
1896 1989
1896 1991
1896 2013
1896 2021
1896 2022
1896 2026
1897 1920
1897 1925
1897 1946
1897 1955
1897 1958
1897 1963
1897 1967
1897 1975
1897 1983
1898 1902
1898 1913
1898 1935
1898 1949
1898 1971
1898 1977
1898 1979
1898 1988
1898 2001
1898 2003
1898 2012
1898 2014
1899 1906
1899 1908
1899 1924
1899 1948
1899 1990
1899 2020
1899 2022
1899 2026
1900 1914
1900 1919
1900 1938
1900 1943
1900 1951
1900 1954
1900 1968
1900 1979
1900 1982
1900 1988
1901 1905
1901 1906
1901 1920
1901 1926
1901 1931
1901 1948
1901 1950
1901 1963
1901 1967
1901 1974
1901 1977
1901 1980
1901 1987
1901 1992
1901 2004
1901 2006
1901 2008
1901 2012
1901 2014
1901 2016
1901 2022
1901 2030
1902 1918
1902 1928
1902 1956
1902 1961
1902 1968
1902 1982
1902 1995
1902 2008
1902 2012
1902 2016
1903 1907
1903 1908
1903 1910
1903 1912
1903 1915
1903 1922
1903 1947
1903 1951
1903 1967
1903 1971
1903 1979
1903 1983
1903 2010
1903 2011
1903 2015
1903 2018
1903 2022
1904 1918
1904 1957
1904 1962
1904 1972
1904 1984
1904 1990
1904 1995
1905 1907
1905 1911
1905 1915
1905 1927
1905 1928
1905 1933
1905 1948
1905 1958
1905 1973
1905 1988
1905 1989
1905 2007
1905 2017
1905 2019
1906 1919
1906 1923
1906 1924
1906 1948
1906 1978
1906 2021
1906 2022
1906 2023
1906 2028
1907 1945
1907 1952
1907 1954
1907 1960
1907 1970
1907 1972
1907 1977
1907 1985
1907 1994
1907 2011
1907 2016
1907 2018
1907 2021
1907 2023
1908 1916
1908 1933
1908 1960
1908 1962
1908 1968
1908 1986
1908 2017
1908 2022
1908 2024
1909 1912
1909 1917
1909 1954
1909 1971
1909 1983
1909 1985
1909 1993
1909 2006
1909 2008
1909 2009
1909 2011
1909 2012
1910 1914
1910 1922
1910 1933
1910 1935
1910 1952
1910 1956
1910 1957
1910 1974
1910 1976
1910 1981
1910 1984
1910 1985
1910 1987
1910 1997
1910 2009
1910 2015
1910 2018
1910 2022
1911 1916
1911 1919
1911 1922
1911 1929
1911 1935
1911 1948
1911 1956
1911 1967
1911 1983
1911 2001
1911 2002
1911 2009
1911 2026
1911 2029
1912 1916
1912 1928
1912 1937
1912 1949
1912 1953
1912 1955
1912 1967
1912 1968
1912 1973
1912 1977
1912 1978
1912 1981
1912 1982
1912 1989
1912 2000
1912 2009
1912 2018
1913 1927
1913 1930
1913 1931
1913 1940
1913 1946
1913 1954
1913 1983
1913 1997
1913 2006
1913 2007
1913 2010
1914 1916
1914 1918
1914 1957
1914 1964
1914 1966
1914 1975
1914 1989
1914 1997
1914 2007
1914 2019
1914 2021
1914 2024
1915 1919
1915 1954
1915 1956
1915 1976
1915 1982
1915 1984
1915 1985
1915 1988
1915 2005
1915 2011
1915 2020
1915 2022
1915 2024
1916 1924
1916 1931
1916 1936
1916 1948
1916 1957
1916 1975
1916 1981
1916 2001
1916 2007
1916 2008
1916 2027
1917 1918
1917 1920
1917 1924
1917 1935
1917 1940
1917 1942
1917 1957
1917 1960
1917 1963
1917 1971
1917 1990
1917 1992
1917 2003
1917 2006
1917 2016
1917 2018
1917 2029
1918 1925
1918 1934
1918 1936
1918 1941
1918 1959
1918 1976
1918 1978
1918 1985
1918 1992
1918 2013
1918 2016
1918 2017
1918 2020
1918 2025
1919 1934
1919 1943
1919 1961
1919 1969
1919 1976
1919 1987
1919 2015
1919 2027
1920 1926
1920 1946
1920 1956
1920 1957
1920 1958
1920 1963
1920 1969
1920 1979
1920 1980
1920 1986
1920 1987
1920 1997
1920 2002
1920 2013
1921 1941
1921 1943
1921 1953
1921 1954
1921 1957
1921 1969
1921 1978
1921 1987
1921 1996
1921 2000
1921 2012
1921 2020
1921 2024
1921 2026
1922 1924
1922 1927
1922 1934
1922 1955
1922 1959
1922 1978
1922 2008
1922 2015
1923 1924
1923 1926
1923 1932
1923 1942
1923 1959
1923 1964
1923 1985
1923 1995
1923 2003
1923 2017
1924 1947
1924 1968
1924 1984
1924 2005
1924 2012
1924 2015
1924 2024
1925 1926
1925 1935
1925 1937
1925 1944
1925 1957
1925 1979
1925 1992
1925 2009
1925 2011
1925 2015
1925 2016
1925 2023
1925 2025
1925 2028
1926 1929
1926 1958
1926 1961
1926 1976
1926 1978
1926 1984
1926 1987
1926 1988
1926 1989
1926 1991
1926 2011
1927 1928
1927 1930
1927 1946
1927 1971
1927 1972
1927 1976
1927 1979
1927 1980
1927 1984
1927 1989
1927 1990
1927 2007
1927 2025
1928 1937
1928 1938
1928 1943
1928 1944
1928 1954
1928 1960
1928 1984
1928 2001
1928 2005
1928 2006
1928 2010
1928 2016
1928 2017
1928 2018
1928 2025
1928 2026
1929 1931
1929 1963
1929 1974
1929 1990
1929 1994
1929 1995
1929 2005
1929 2012
1929 2017
1929 2032
1930 1931
1930 1936
1930 1937
1930 1951
1930 1961
1930 1962
1930 1974
1930 2017
1930 2025
1930 2028
1931 1933
1931 1959
1931 1970
1931 1984
1931 1995
1931 1998
1931 2026
1932 1933
1932 1943
1932 1948
1932 1961
1932 1969
1932 1991
1932 2014
1932 2022
1933 1951
1933 1956
1933 1963
1933 1978
1933 1985
1933 1989
1933 2000
1933 2009
1933 2011
1933 2013
1933 2025
1933 2028
1934 1939
1934 1941
1934 1948
1934 1958
1934 1968
1934 1980
1934 1984
1934 1998
1934 2008
1934 2016
1935 1940
1935 1947
1935 1958
1935 1985
1935 1989
1935 1992
1935 1994
1935 1996
1935 2008
1935 2032
1936 1947
1936 1948
1936 1954
1936 1959
1936 1961
1936 1964
1936 1980
1936 1990
1936 2002
1936 2018
1936 2022
1937 1940
1937 1946
1937 1947
1937 1951
1937 1956
1937 1965
1937 1967
1937 1970
1937 1972
1937 1982
1937 1989
1937 1990
1937 1994
1938 1956
1938 1967
1938 1972
1938 1991
1938 2001
1938 2008
1938 2013
1939 1941
1939 1942
1939 1959
1939 1992
1939 1997
1939 2001
1939 2002
1939 2015
1939 2016
1939 2027
1939 2028
1940 1960
1940 1966
1940 1970
1940 1974
1940 2001
1940 2009
1940 2011
1940 2019
1940 2028
1941 1942
1941 1953
1941 1963
1941 1965
1941 1973
1941 1974
1941 1994
1941 1999
1941 2010
1941 2021
1941 2029
1942 1961
1942 1969
1942 1981
1942 1986
1942 1995
1942 2009
1942 2015
1943 1953
1943 1955
1943 1962
1943 2009
1943 2010
1943 2013
1943 2016
1943 2024
1943 2025
1943 2028
1944 1947
1944 1954
1944 1960
1944 1966
1944 1978
1944 1989
1944 2001
1944 2015
1944 2016
1944 2027
1945 1955
1945 1956
1945 1962
1945 1966
1945 1970
1945 1978
1945 1984
1945 1994
1945 2018
1945 2024
1945 2026
1946 1959
1946 1961
1946 1973
1946 1999
1946 2007
1946 2015
1946 2020
1947 1950
1947 1982
1947 2003
1947 2007
1947 2012
1947 2018
1947 2019
1947 2022
1948 1954
1948 1966
1948 1970
1948 1993
1948 1994
1948 2019
1948 2024
1948 2032
1949 1969
1949 1970
1949 1975
1949 1996
1949 1997
1949 1998
1949 2000
1949 2015
1949 2018
1949 2027
1949 2028
1950 1957
1950 1961
1950 1969
1950 1973
1950 1981
1950 1987
1950 1995
1950 1998
1950 2003
1950 2016
1950 2022
1951 1953
1951 1956
1951 1963
1951 1977
1951 1981
1951 1994
1951 1995
1951 2009
1951 2025
1951 2029
1952 1957
1952 1969
1952 1985
1952 2007
1952 2012
1952 2014
1952 2025
1952 2026
1953 1954
1953 1960
1953 1964
1953 1966
1953 1971
1953 1980
1953 1983
1953 2002
1953 2005
1953 2011
1953 2015
1953 2029
1954 1959
1954 1994
1954 2000
1954 2007
1954 2010
1954 2019
1955 1957
1955 1964
1955 1988
1955 1993
1955 1994
1955 2001
1955 2002
1955 2014
1955 2017
1956 1958
1956 1984
1956 1989
1956 1990
1956 2007
1956 2014
1956 2018
1957 1962
1957 1975
1957 1984
1957 2027
1958 1987
1958 2000
1958 2006
1958 2015
1958 2018
1958 2019
1959 1966
1959 2001
1959 2003
1959 2008
1959 2017
1959 2026
1959 2032
1960 1967
1960 1982
1960 1987
1960 2005
1960 2006
1960 2020
1960 2024
1961 1966
1961 1998
1961 2006
1961 2009
1961 2029
1962 1973
1962 1995
1962 2009
1963 1971
1963 1993
1963 2016
1963 2017
1963 2018
1963 2019
1963 2023
1963 2028
1963 2030
1964 1967
1964 1986
1964 2012
1964 2017
1964 2029
1965 1975
1965 1977
1965 1978
1965 1981
1965 1984
1965 1998
1966 1969
1966 1983
1966 1991
1966 2002
1966 2018
1967 1973
1967 1976
1967 1978
1967 1979
1967 1987
1967 1990
1967 1994
1967 2003
1967 2004
1967 2013
1967 2020
1967 2030
1967 2031
1968 1971
1968 1998
1968 2003
1968 2004
1968 2009
1968 2013
1968 2020
1968 2026
1969 1970
1969 1977
1969 1982
1969 1999
1969 2008
1969 2012
1969 2017
1970 1987
1970 1992
1970 1998
1970 2004
1970 2009
1970 2010
1970 2019
1971 1983
1971 1989
1971 2000
1971 2006
1971 2031
1972 1987
1972 1992
1972 1993
1972 1996
1972 2027
1973 1977
1973 1980
1973 1981
1973 1988
1973 2007
1973 2013
1973 2025
1974 1983
1974 1987
1974 1997
1974 2005
1974 2018
1974 2024
1974 2027
1975 1978
1975 2008
1975 2012
1976 1982
1976 1993
1976 2011
1976 2012
1976 2016
1977 2017
1978 2004
1978 2009
1978 2016
1978 2022
1979 1983
1979 1985
1979 1986
1979 2014
1979 2025
1980 1989
1980 1995
1980 2005
1980 2012
1980 2030
1981 1982
1981 1983
1981 1990
1981 1991
1981 2013
1981 2021
1981 2028
1981 2030
1981 2032
1982 1990
1982 1996
1982 1999
1982 2002
1982 2005
1982 2018
1982 2020
1983 1985
1983 1992
1983 1998
1983 2011
1983 2014
1983 2017
1984 1989
1984 1996
1984 2000
1984 2007
1984 2012
1984 2022
1985 1993
1985 2005
1985 2010
1985 2011
1986 2007
1986 2009
1986 2029
1987 1988
1987 2000
1987 2003
1987 2013
1988 1995
1988 1998
1988 2007
1988 2024
1988 2029
1989 1992
1989 2010
1989 2030
1990 2008
1990 2009
1990 2012
1990 2021
1990 2022
1990 2026
1990 2028
1991 2006
1991 2015
1992 1999
1992 2002
1992 2004
1992 2009
1992 2010
1992 2021
1992 2023
1993 1994
1993 1997
1993 2025
1993 2028
1993 2031
1993 2032
1994 2007
1994 2018
1994 2023
1994 2026
1994 2029
1994 2030
1995 2001
1995 2003
1995 2014
1995 2029
1995 2031
1996 1998
1996 2000
1996 2002
1996 2009
1996 2025
1996 2030
1997 2008
1997 2027
1998 2004
1998 2007
1998 2009
1998 2027
1999 2014
1999 2026
2000 2015
2000 2029
2001 2002
2001 2008
2001 2009
2001 2028
2002 2012
2003 2004
2003 2011
2003 2018
2003 2021
2003 2024
2003 2027
2004 2005
2004 2009
2004 2011
2004 2023
2005 2006
2005 2007
2005 2009
2006 2016
2006 2024
2007 2008
2007 2017
2007 2025
2008 2013
2008 2016
2009 2014
2009 2020
2009 2023
2009 2029
2010 2024
2011 2021
2012 2013
2012 2019
2012 2028
2013 2019
2014 2017
2014 2020
2014 2022
2014 2027
2017 2022
2017 2026
2018 2029
2019 2020
2019 2022
2019 2024
2021 2022
2021 2029
2022 2030
2023 2026
2023 2029
2023 2031
2024 2029
2024 2031
2024 2032
2025 2027
2025 2032
2026 2027
2029 2032
