1	0.11034302
5	0.12640762
16	0.24896745
20	0.05864765
30	0.05500880
38	0.11485997
39	0.12743605
44	0.06614777
97	0.43416224
116	0.40800931
129	0.00898138
136	0.35723681
159	0.31107724
165	0.06929551
175	0.40412496
176	0.01452827
177	0.08714404
178	0.00250408
179	0.08912207
181	0.19194770
183	0.18214418
189	0.33147768
190	0.10154788
192	0.19075027
195	0.10669449
215	0.42027905
216	0.07941456
223	0.11212813
230	0.22533871
233	0.22020586
240	0.19425432
242	0.04014177
243	0.06328196
245	0.09564814
249	0.20169192
273	0.43684413
278	0.08808081
279	0.11122061
290	0.42333878
296	0.11636645
300	0.10119599
302	0.19990834
303	0.25150919
305	0.16630201
334	0.19036860
338	0.20672271
352	0.15199187
354	0.29021236
356	0.08826654
360	0.30062602
361	0.43975835
362	0.02916814
363	0.06403202
369	0.20000776
370	0.10513642
374	0.12396282
377	0.14358358
383	0.15681211
388	0.30374311
414	0.32154001
416	0.00829134
440	0.29863568
442	0.25735872
443	0.20015131
457	0.43495578
458	0.10511605
464	0.12768090
477	0.22752846
478	0.11410746
480	0.29694918
486	0.19935339
487	0.23875332
495	0.20489845
499	0.20656849
505	0.24303899
515	0.37355402
554	0.44370137
555	0.02860704
575	0.02620831
582	0.01405198
643	0.44301938
644	0.09051681
645	0.19031998
646	0.16612049
647	0.00106735
652	0.32193962
653	0.08387844
666	0.39974390
674	0.21458245
678	0.01201533
679	0.12599002
702	0.41659377
703	0.19708414
720	0.36865362
724	0.12506529
726	0.12531824
727	0.11916900
739	0.22630933
740	0.04201757
741	0.07466731
742	0.10402461
747	0.05292783
751	0.16292873
753	0.30472982
754	0.06341910
760	0.06788011
764	0.30076541
768	0.22554626
773	0.13695906
777	0.32114010
793	0.12165429
794	0.07072470
805	0.28507747
806	0.07374462
818	0.35376682
823	0.27522605
832	0.09335166
859	0.25012482
880	0.41615277
888	0.21465888
893	0.08961616
894	0.03165740
896	0.18529511
897	0.06742820
924	0.43273619
931	0.19123545
934	0.16681114
942	0.31477391
955	0.32838516
962	0.16857826
965	0.14685309
969	0.21336545
976	0.36462088
981	0.02700607
1003	0.34941880
1008	0.10993540
1021	0.30772570
1025	0.37302239
1026	0.05306946
1027	0.15419375
1035	0.43462519
1036	0.16663918
1048	0.18979975
1049	0.07840056
1052	0.14500787
1053	0.10828233
1078	0.24288333
1099	0.38681611
1101	0.10069868
1110	0.10891324
1116	0.29341554
1118	0.29896069
1121	0.27046323
1126	0.14980162
1127	0.06778187
1141	0.08381019
1147	0.29783001
1149	0.18105805
1163	0.34161322
1165	0.06012556
1166	0.11118111
1171	0.28235219
1174	0.35408798
1176	0.04299257
1182	0.18282938
1185	0.24048222
1189	0.04803577
1191	0.11136247
1195	0.25561273
1196	0.11149160
1197	0.09885450
1198	0.10872102
1202	0.07781785
1203	0.03546529
1227	0.44094330
1268	0.42773049
1270	0.11138449
1283	0.26458520
1292	0.30215047
1299	0.16165978
1301	0.23655409
1306	0.32303216
1337	0.23360741
1338	0.07876580
1344	0.23220859
1347	0.11395791
1441	0.44340766
1444	0.21800722
1481	0.44053214
1511	0.32993471
1514	0.26963010
1539	0.44315587
1552	0.22100905
1559	0.22351778
1563	0.11228041
1570	0.01886624
1579	0.16142334
1590	0.40302422
1593	0.10735448
1594	0.07881493
1597	0.12572677
1598	0.14811882
1613	0.27624040
1616	0.43775115
1620	0.00403038
1622	0.19706529
1627	0.26736386
1628	0.07198470
1629	0.11342679
1630	0.05030225
1631	0.14433038
1638	0.08155073
1653	0.40673360
1657	0.05564698
1660	0.01350790
1673	0.34703038
1691	0.26991084
1693	0.15814313
1695	0.22250060
1696	0.09054749
1724	0.44024946
1737	0.27041037
1743	0.01915649
1747	0.20124457
1765	0.41710498
1767	0.13234309
1778	0.27865682
1779	0.18636645
1783	0.22755802
1785	0.25031968
1789	0.09920766
1792	0.27653151
1827	0.42352667
1829	0.23981885
1846	0.21830320
1849	0.08491611
1854	0.06104867
1856	0.01087761
1931	0.44338382
1932	0.01712297
1937	0.20712142
1973	0.12330389
2009	0.36600977
2010	0.31275784
2013	0.14185339
2016	0.01269914
2022	0.37633068
2038	0.34014260
2044	0.06529502
2061	0.29986015
2070	0.15926566
2074	0.14743857
2075	0.12804533
2079	0.14530847
2088	0.09366323
2101	0.42034443
2108	0.22506312
2110	0.34959669
2111	0.04260928
2117	0.00348472
2121	0.12766717
2123	0.20285974
2124	0.18821961
2125	0.04948893
2127	0.09493005
2128	0.10021767
2168	0.39151764
2169	0.04658470
2172	0.15558328
2177	0.42653762
2194	0.33939609
2198	0.28131954
2254	0.38020678
2270	0.28173925
2272	0.01858363
2285	0.29371387
2317	0.44274605
2327	0.01531329
2328	0.01331653
2336	0.14257722
2337	0.01742369
2339	0.03941695
2371	0.44283688
2375	0.29553728
2377	0.24575374
2394	0.41390164
2410	0.42817520
2411	0.09196036
2416	0.33573209
2424	0.26944332
2432	0.17619660
2433	0.07362498
2442	0.28587020
2454	0.16056316
2457	0.22907717
2459	0.24460852
2461	0.03337546
2469	0.19282325
2470	0.18921827
2472	0.15956312
2508	0.42363610
2511	0.11576157
2512	0.11245480
2514	0.02219514
2516	0.09209988
2518	0.22084228
2525	0.20712746
2536	0.23429660
2537	0.25748444
2555	0.34959136
2557	0.24770894
2558	0.08323360
2560	0.04865883
2600	0.42422924
2602	0.22688134
2619	0.35369683
2658	0.40616432
2670	0.25584658
2678	0.05376490
2679	0.11406458
2680	0.20049294
2689	0.17629961
2693	0.09034406
2695	0.16200472
2698	0.29202308
2701	0.10501239
2702	0.05605700
2704	0.11279312
2705	0.29036559
2714	0.10203160
2717	0.06987460
2729	0.22338032
2735	0.01773679
2737	0.10644751
2754	0.18890148
2758	0.03771549
2762	0.08247953
2763	0.11589125
2765	0.20929004
2784	0.37171148
2790	0.07945330
2794	0.40114601
2795	0.07353911
2799	0.33198944
2829	0.20635768
2834	0.19627208
2842	0.06505733
2869	0.42934682
2872	0.07470451
2882	0.38699766
2883	0.06293288
2891	0.22680069
2893	0.12536082
2934	0.42770127
2939	0.13395696
2943	0.20248574
2945	0.10491473
2948	0.21168551
2964	0.29796976
2965	0.07347983
2995	0.30911449
3000	0.09753542
3011	0.21032413
3012	0.02058301
3015	0.09692484
3029	0.30661917
3033	0.13180285
3035	0.10848000
3037	0.00967916
3038	0.15037011
3046	0.20072172
3050	0.27359986
3051	0.04144288
3088	0.44285656
3091	0.11916119
3093	0.10910322
3094	0.25202922
3097	0.15790887
3098	0.04553265
3102	0.07179074
3106	0.29204728
3125	0.27665316
3127	0.31475300
3142	0.26844050
3150	0.28264536
3175	0.41295999
3176	0.12959224
3188	0.32721109
3189	0.13101975
3190	0.15027627
3191	0.09175399
3193	0.16338625
3195	0.12063962
3196	0.02191299
3200	0.32205974
3202	0.05139678
3203	0.05128347
3224	0.23918062
3228	0.23296490
3233	0.20267386
3234	0.18234337
3249	0.33741635
3250	0.09747266
3266	0.20518942
3268	0.08755284
3306	0.44226376
3313	0.00729912
3315	0.14673346
3342	0.42874022
3348	0.32113802
3352	0.06240472
3359	0.17499106
3360	0.04228122
3363	0.04025849
3373	0.29662491
3378	0.13108509
3423	0.44333487
3424	0.13041049
3430	0.05791118
3440	0.04402827
3465	0.44290394
3466	0.01387560
3469	0.06673262
3470	0.28674311
3479	0.34679507
3480	0.19758044
3492	0.15336265
3500	0.14661352
3504	0.20847166
3511	0.28436592
3520	0.26589384
3542	0.38544172
3543	0.11311542
3545	0.16075432
3572	0.43827307
3579	0.05158182
3581	0.04648562
3582	0.10894168
3624	0.43917256
3625	0.11164096
3630	0.06707520
3637	0.21074536
3682	0.40699975
3686	0.13419782
3737	0.44173156
3750	0.04103047
3753	0.15876566
3754	0.04100570
3757	0.04065126
3765	0.20082438
3766	0.10726587
3767	0.34403501
3769	0.20026791
3773	0.18535131
3776	0.06740227
3780	0.00207631
3781	0.05101609
3782	0.00227217
3788	0.36557175
3826	0.43908497
3827	0.00990255
3832	0.16838694
3833	0.06714760
3841	0.12951811
3873	0.40472253
3890	0.42967066
3892	0.17824510
3893	0.17711871
3904	0.15303295
3905	0.10778685
3906	0.15983209
3916	0.04050354
3920	0.15966999
3921	0.01401899
3922	0.05160391
3923	0.08940044
3925	0.28116543
3926	0.04836497
3928	0.10963559
3930	0.04573012
3934	0.16186511
3937	0.03585374
3965	0.39482422
3966	0.00331216
3969	0.18566458
3975	0.30163427
3982	0.28497546
3983	0.10404013
3984	0.17049143
3989	0.02536805
3991	0.15153494
4014	0.25728020
4070	0.41773399
4071	0.10665622
4074	0.26836400
4080	0.21040234
4082	0.13358433
4083	0.00351373
4086	0.07065147
4087	0.35866536
4104	0.34675487
4106	0.24204503
4111	0.10829423
4113	0.00468655
4114	0.14634853
4127	0.36843154
4128	0.00653661
4132	0.10545930
4134	0.11258967
4137	0.18791144
4141	0.18217527
4143	0.03971831
4144	0.03709055
4158	0.37892836
4186	0.29203005
4189	0.11048345
4194	0.37992517
4223	0.39581607
4241	0.30249583
4244	0.11750296
4247	0.05303533
4248	0.14502586
4255	0.11056349
4284	0.32255684
4303	0.33506467
4305	0.28492771
4306	0.10736004
4308	0.06860014
4312	0.26970898
4318	0.07736867
4336	0.29588426
4344	0.13876418
4354	0.36612528
4387	0.43428025
4389	0.43751889
4394	0.38798194
4400	0.07144716
4404	0.20503464
4405	0.09596856
4436	0.43515758
4446	0.30605640
4450	0.36022778
4459	0.00154932
4462	0.29940713
4463	0.04934506
4476	0.13214645
4477	0.00842216
4478	0.11159836
4483	0.08553327
4503	0.42336163
4521	0.42239796
4526	0.34850796
4528	0.25618092
4533	0.29610539
4535	0.30591903
4536	0.05499755
4543	0.11677946
4550	0.25764337
4553	0.13292827
4554	0.25183197
4561	0.22459095
4621	0.44301211
4623	0.12359055
4632	0.27757154
4651	0.17404735
4654	0.13330759
4660	0.28725321
4661	0.17067569
4674	0.30912065
4683	0.08490632
4685	0.03174003
4690	0.26892012
4700	0.21370706
4701	0.09730100
4704	0.08287231
4707	0.21255957
4712	0.10323665
4719	0.32558078
4723	0.22130516
4726	0.07400975
4727	0.01190530
4763	0.41525443
4770	0.15661107
4771	0.02335057
4776	0.13918564
4783	0.25252315
4784	0.04961361
4793	0.31895399
4794	0.10886370
4795	0.08701778
4798	0.06837231
4808	0.18075152
4825	0.28460491
4842	0.13643077
4866	0.34178386
4867	0.12457273
4869	0.02569310
4871	0.24041361
4872	0.05169511
4877	0.22154281
4878	0.12596201
4885	0.16594779
4892	0.07424293
4894	0.19264779
4895	0.07809734
4896	0.01817835
4903	0.16647668
4906	0.08610817
4911	0.05829539
4912	0.02028671
4914	0.07804538
4918	0.03377055
4920	0.08801072
4921	0.04589824
4944	0.42040551
4959	0.26090641
4965	0.35430884
4966	0.11946951
4967	0.11158898
4976	0.22299347
4979	0.11309736
4983	0.43779275
4984	0.12129743
4988	0.23135499
4997	0.30959664
4999	0.34239991
5029	0.44306425
5033	0.31563413
5063	0.43724614
5064	0.11201642
5065	0.13138118
5138	0.44365395
5156	0.33533790
5187	0.44289912
5201	0.33013929
5263	0.44011456
5264	0.02754529
5277	0.40894575
5278	0.00360347
5303	0.41340414
5304	0.05610148
5338	0.41081493
5339	0.43991072
5342	0.08087242
5343	0.23934726
5346	0.04830718
5349	0.19001445
5357	0.38241713
5379	0.44186768
5380	0.18576228
5384	0.03561331
5390	0.27851697
5392	0.07991077
5399	0.34519048
5421	0.44286527
5423	0.13909102
5424	0.04949919
5426	0.14203204
5436	0.20531512
5439	0.04662019
5443	0.20848180
5450	0.23064117
5451	0.27964163
5452	0.01716282
5461	0.30597868
5471	0.35663540
5472	0.11612186
5477	0.34690178
5479	0.08157194
5482	0.30644182
5486	0.10832327
5487	0.14040850
5491	0.30382991
5492	0.06373945
5494	0.02621243
5497	0.23468319
5498	0.08026772
5500	0.03148620
5501	0.23667942
5510	0.37150194
5511	0.13064279
5544	0.44180908
5545	0.15647317
5554	0.37006592
5556	0.12167060
5559	0.14206483
5566	0.11242964
5567	0.07956057
5569	0.07777685
5581	0.37561716
5583	0.09470945
5591	0.11485251
5597	0.30328002
5601	0.04517303
5649	0.41771452
5657	0.01740326
5659	0.30537914
5660	0.18880755
5665	0.25883459
5702	0.44349768
5709	0.14202660
5745	0.44121503
5746	0.11090857
5764	0.41376691
5776	0.31936580
5778	0.17215374
5779	0.19098845
5799	0.36051882
5800	0.26163556
5806	0.19235355
5808	0.00067013
5811	0.01660697
5814	0.17615592
5816	0.01322758
5823	0.31843630
5828	0.08323427
5829	0.19203700
5830	0.10022748
5831	0.15412262
5833	0.20917071
5866	0.00320183
5870	0.08974397
5873	0.33820370
5888	0.21776541
5901	0.22497724
5914	0.16719488
5919	0.02150697
5925	0.36141514
5927	0.13178090
5942	0.30221936
5964	0.38991276
5968	0.07532593
5970	0.06793177
5975	0.03806557
5976	0.00620931
5981	0.08481628
5983	0.16094860
5997	0.29905031
5999	0.05452086
6041	0.43452572
6044	0.04927953
6046	0.04163753
6047	0.06476020
6055	0.44036402
6065	0.14042320
6078	0.11850181
6084	0.14969421
6087	0.08820014
6088	0.15407752
6089	0.11048108
6090	0.22455599
6091	0.16950982
6142	0.44345219
6151	0.22841394
6153	0.05513167
6154	0.10730715
6156	0.29152480
6161	0.10782607
6168	0.07264665
6169	0.11653311
6172	0.14849477
6181	0.03740535
6182	0.01975189
6184	0.10147300
6185	0.14963906
6201	0.14682744
6210	0.40100009
6218	0.21057351
6219	0.11086833
6222	0.17665017
6223	0.10268333
6224	0.00853737
6225	0.06791260
6227	0.22655504
6240	0.20235911
6251	0.21097671
6254	0.44074786
6266	0.34152697
6284	0.36181160
6287	0.30418351
6302	0.31141824
6309	0.27836858
6322	0.06478546
6326	0.12011878
6366	0.43771257
6368	0.19568208
6379	0.39365223
6381	0.10846298
6384	0.16826620
6392	0.30791317
6394	0.07758657
6396	0.10722936
6397	0.43816247
6402	0.08594091
6435	0.43374735
6436	0.14675434
6439	0.34412649
6448	0.23476351
6449	0.07849836
6463	0.26925904
6464	0.13136272
6466	0.33741292
6467	0.09407381
6472	0.20820083
6476	0.24012264
6481	0.20672088
6482	0.02311535
6489	0.27819132
6495	0.25868000
6499	0.30422392
6504	0.21101475
6510	0.00183582
6515	0.14412450
6517	0.43991521
6518	0.12926932
6519	0.03920340
6528	0.15733922
6531	0.19236277
6533	0.01919928
6537	0.08450623
6540	0.00574413
6541	0.03838111
6543	0.43927208
6561	0.36071225
6562	0.22043957
6578	0.30996724
6580	0.09326291
6582	0.10476844
6583	0.00883607
6584	0.07861014
6585	0.03126268
6586	0.10455383
6589	0.28897379
6591	0.15752702
6608	0.14198777
6610	0.02747231
6613	0.16967997
6614	0.09195638
6622	0.30062457
6638	0.34502952
6639	0.01785754
6647	0.30812876
6648	0.09614531
6671	0.39643334
6672	0.17061537
6700	0.40328291
6701	0.31158666
6717	0.39044888
6718	0.03640727
6719	0.07131558
6738	0.43575485
6741	0.09811924
6742	0.03070428
6769	0.43749667
6773	0.33081345
6777	0.14436302
6779	0.01864564
6796	0.27075770
6801	0.06405416
6809	0.29622239
6814	0.28143283
6831	0.42954200
6833	0.06122401
6834	0.07581146
6835	0.18939643
6836	0.04907555
6859	0.38048187
6860	0.10014823
6864	0.09524957
6865	0.25104656
6873	0.36126888
6890	0.21839347
6900	0.20482125
6902	0.21890715
6948	0.44120424
6949	0.00737673
6975	0.44278859
6976	0.10941628
6977	0.43705617
7048	0.44099616
7049	0.26272413
7060	0.29516981
7073	0.37282943
7108	0.42372213
7109	0.15076620
7112	0.09724707
7120	0.34709491
7127	0.37184684
7129	0.09681442
7133	0.11898752
7135	0.30398324
7136	0.18309995
7139	0.08906270
7140	0.01073561
7141	0.14278152
7172	0.42049900
7181	0.22997384
7182	0.23612369
7183	0.10117120
7186	0.15109824
7187	0.24750829
7188	0.23636161
7201	0.30501357
7233	0.42541510
7237	0.25027055
7241	0.15032850
7250	0.37442707
7255	0.38114182
7256	0.10461507
7257	0.08587138
7260	0.08993371
7268	0.34579502
7272	0.29628446
7273	0.07491174
7295	0.18630262
7296	0.08297268
7315	0.00122825
7322	0.28534318
7335	0.41445557
7346	0.37748671
7348	0.08672857
7353	0.05007856
7360	0.03564684
7361	0.22230262
7367	0.21449354
7379	0.39346761
7393	0.20692487
7396	0.24520614
7408	0.34643677
7417	0.41267275
7422	0.09444195
7429	0.14889083
7439	0.29860433
7440	0.08349141
7449	0.38980438
7454	0.24231889
7455	0.08293008
7463	0.33968150
7470	0.11035168
7472	0.04558409
7491	0.30251250
7493	0.29647689
7498	0.09055003
7499	0.02869271
7501	0.13723461
7522	0.43479498
7523	0.16158817
7566	0.41076840
7573	0.34923475
7574	0.15990729
7576	0.08262959
7590	0.27125513
7591	0.08615930
7592	0.12751410
7593	0.19130313
7594	0.06401176
7599	0.33218595
7648	0.44267495
7660	0.40446427
7668	0.36545087
7696	0.23180553
7701	0.02461313
7703	0.23729396
7704	0.19060137
7705	0.04680586
7714	0.18028736
7736	0.39145027
7737	0.22237154
7741	0.21484295
7743	0.17927254
7754	0.12651218
7755	0.03424156
7780	0.41081100
7792	0.04708303
7793	0.08472352
7806	0.39874406
7815	0.02889680
7820	0.19036258
7821	0.00885286
7859	0.44256485
7865	0.15429616
7871	0.11732771
7887	0.15933744
7901	0.31101785
7907	0.03374858
7909	0.04665964
7912	0.25744281
7918	0.25254955
7924	0.37347789
7926	0.10992716
7930	0.07253455
7932	0.01186865
7974	0.43309678
7988	0.28006914
7990	0.04034749
8012	0.40062135
8014	0.10592225
8016	0.26709301
8025	0.41509889
8026	0.14832697
8031	0.29176402
8035	0.29461734
8036	0.25312797
8037	0.06092503
8038	0.17320528
8070	0.27922968
8077	0.24462609
8082	0.28061060
8085	0.13158865
8109	0.43407898
8115	0.16797928
8116	0.18898972
8121	0.04045006
8123	0.26834591
8125	0.29725552
8127	0.07264156
8134	0.32616768
8136	0.04060708
8138	0.06811308
8140	0.08902014
8143	0.29535247
8167	0.15597532
8188	0.43916073
8193	0.24671875
8199	0.17061357
8206	0.24045974
8207	0.00429412
8208	0.18561387
8216	0.07944209
8224	0.19068754
8225	0.04690090
8226	0.07362927
8242	0.33004957
8248	0.27950204
8253	0.24078078
8255	0.07969278
8257	0.12627749
8265	0.19081975
8271	0.28018842
8275	0.43017173
8281	0.35499116
8285	0.02500808
8301	0.43963769
8306	0.17903519
8307	0.42875517
8329	0.42689787
8339	0.26219620
8350	0.14962033
8352	0.11552968
8356	0.03685520
8357	0.16895196
8359	0.09650894
8360	0.14558497
8365	0.09481554
8366	0.24864399
8391	0.41323508
8397	0.31037520
8398	0.03371273
8404	0.17322271
8411	0.37294515
8414	0.27361503
8416	0.09032913
8423	0.05961077
8427	0.09421026
8465	0.43474395
8471	0.06079206
8484	0.21356374
8495	0.35724885
8502	0.36840790
8509	0.33494445
8511	0.12401797
8521	0.26878145
8527	0.39205740
8558	0.27569718
8559	0.07045770
8570	0.32743399
8575	0.18199011
8579	0.11444017
8586	0.38978590
8587	0.04503001
8591	0.05484075
8593	0.28433316
8595	0.05895020
8599	0.02348182
8600	0.00441426
8601	0.11173383
8602	0.04104026
8605	0.06647666
8606	0.13996816
8607	0.08707805
8611	0.03855812
8621	0.27270882
8623	0.15309933
8638	0.01045978
8660	0.43647590
8661	0.19323371
8671	0.24071734
8672	0.19572855
8698	0.36916008
8702	0.25746094
8703	0.03161442
8705	0.12363730
8709	0.19953191
8722	0.36376879
8727	0.20333035
8733	0.33287136
8765	0.27177138
8791	0.22767569
8794	0.02219259
8803	0.25876388
8805	0.13395800
8851	0.43782447
8854	0.24530894
8863	0.34472644
8864	0.01002447
8866	0.10731600
8869	0.10798189
8871	0.10330067
8875	0.08165876
8876	0.06826277
8878	0.24596099
8882	0.11532237
8887	0.13511299
8888	0.18727634
8911	0.39008599
8923	0.24930185
8927	0.01063802
8970	0.19979287
8973	0.01485844
8974	0.01236953
8978	0.12321280
8979	0.18669762
8980	0.05014978
8982	0.12336812
8984	0.16064024
8985	0.02265927
9010	0.42124043
9026	0.38889592
9030	0.31309143
9037	0.34005944
9064	0.30232468
9065	0.14381172
9078	0.33255244
9081	0.19228643
9082	0.18369002
9105	0.19874784
9107	0.11081148
9110	0.25055152
9117	0.33502466
9154	0.44066640
9156	0.23397976
9167	0.38625406
9169	0.27073702
9170	0.15702424
9171	0.01150588
9172	0.08376638
9184	0.37183883
9186	0.22400377
9207	0.44110706
9208	0.18943179
9210	0.22265601
9211	0.10748743
9212	0.15763980
9213	0.05312021
9214	0.00116497
9216	0.08691822
9217	0.18683605
9218	0.14643200
9220	0.29981980
9227	0.29344473
9230	0.04368518
9281	0.43605897
9285	0.21833089
9297	0.36230516
9300	0.14617976
9301	0.09213688
9303	0.04485508
9305	0.04545473
9317	0.19194804
9319	0.01549521
9321	0.29581885
9323	0.17441998
9356	0.43241746
9360	0.08475527
9390	0.44089847
9391	0.08971012
9395	0.20105096
9398	0.01537736
9443	0.43471253
9451	0.38486589
9454	0.10718791
9464	0.15073691
9470	0.22215837
9483	0.39260776
9494	0.38304552
9500	0.21687518
9502	0.05479173
9503	0.02762716
9513	0.17786159
9517	0.06489375
9521	0.29832586
9523	0.01554087
9530	0.18080641
9533	0.25669771
9544	0.01969053
9557	0.30903133
9559	0.18661042
9560	0.07108111
9565	0.10270475
9566	0.04889180
9570	0.28434608
9574	0.03586071
9605	0.41746717
9606	0.02561053
9607	0.00485675
9613	0.22723151
9617	0.03284939
9618	0.13134161
9620	0.24878060
9638	0.36797532
9643	0.10156886
9656	0.37884249
9675	0.35886731
9681	0.12993561
9686	0.28738532
9691	0.22431477
9701	0.16409937
9703	0.28821111
9705	0.01661727
9706	0.12402998
9746	0.43985784
9757	0.28125480
9768	0.34820959
9771	0.09311408
9775	0.13155617
9790	0.40094793
9791	0.11807229
9793	0.00730081
9804	0.13579058
9815	0.29688148
9821	0.13195043
9828	0.01191308
9837	0.18797087
9884	0.39173681
9887	0.03485918
9888	0.16530695
9895	0.15303957
9901	0.15041331
9904	0.14284466
9910	0.27775610
9914	0.04985765
9915	0.06996673
9920	0.40321549
9922	0.12094784
9925	0.19286759
9926	0.10688865
9930	0.07038456
9935	0.24999139
9936	0.01119931
9939	0.28903420
9940	0.18766673
9945	0.00242473
9948	0.18809678
9949	0.01850058
9969	0.01735876
9975	0.23136231
9977	0.02044809
9983	0.29359951
9985	0.00175263
9994	0.37143288
9998	0.20107117
10011	0.40899028
10017	0.35034006
10024	0.33377481
10025	0.22617905
10045	0.26311480
10054	0.31736268
10064	0.38894746
10068	0.07361727
10072	0.00854212
10073	0.10046052
10074	0.33021047
10079	0.18923042
10081	0.22958229
10082	0.05834237
10084	0.06074008
10086	0.01152762
10087	0.04679069
10088	0.10998379
10093	0.22502718
10095	0.06766316
10108	0.42109782
10111	0.11570922
10112	0.07899442
10115	0.19277743
10126	0.04336918
10136	0.42299727
10170	0.44277782
10172	0.04253911
10175	0.09830102
10180	0.06254337
10185	0.19163793
10186	0.18765258
10198	0.29219551
10211	0.32230389
10220	0.24547388
10225	0.33657421
10229	0.18976414
10231	0.05051924
10233	0.16388162
10234	0.07955163
10242	0.16778037
10245	0.28334973
10247	0.24619055
10256	0.22080718
10257	0.10815254
10258	0.01290486
10278	0.42468467
10280	0.12052065
10282	0.15987574
10289	0.07363165
10295	0.06412470
10298	0.16993816
10299	0.07930653
10305	0.17452237
10310	0.02183577
10337	0.43430621
10346	0.01360227
10375	0.41828923
10402	0.28241419
10403	0.26400023
10405	0.13212436
10406	0.18329004
10407	0.19312591
10408	0.05651021
10409	0.00740417
10425	0.40408215
10430	0.29655788
10431	0.44034397
10437	0.36678370
10442	0.19151419
10445	0.34866217
10447	0.15376576
10474	0.38876812
10486	0.42326427
10487	0.04395277
10490	0.00287398
10497	0.18724513
10500	0.29504825
10509	0.41533015
10510	0.07087553
10512	0.21092040
10515	0.38502579
10523	0.14637733
10524	0.13177266
10525	0.08327087
10528	0.07721558
10529	0.16652964
10532	0.30673346
10533	0.14890514
10535	0.07823267
10537	0.11407562
10541	0.10377215
10542	0.05588490
10548	0.17222528
10549	0.11214188
10550	0.06553061
10553	0.20070317
10561	0.22944161
10568	0.31883059
10573	0.16039509
10574	0.13201426
10576	0.11302429
10579	0.18534601
10580	0.11094730
10597	0.36861097
10598	0.42840630
10602	0.03124698
10606	0.09539900
10621	0.19519204
10622	0.08880715
10631	0.34103357
10633	0.24994997
10640	0.13799525
10641	0.13149755
10653	0.43397203
10654	0.15244797
10655	0.05171739
10656	0.04558516
10659	0.33322459
10661	0.04768562
10665	0.26586856
10667	0.15357219
10669	0.27603260
10677	0.41385485
10683	0.29479470
10684	0.13833874
10717	0.44082994
10732	0.20651943
10733	0.11259775
10737	0.40153642
10738	0.09831477
10740	0.19737900
10756	0.31989173
10772	0.40557661
10773	0.06739511
10787	0.28904997
10790	0.36136606
10803	0.30791486
10805	0.05874561
10806	0.03423357
10809	0.15662626
10815	0.19760567
10829	0.20423239
10840	0.26833593
10849	0.42513612
10852	0.10953105
10857	0.25496346
10858	0.10382924
10863	0.30437516
10865	0.10306154
10882	0.35566833
10901	0.36693887
10906	0.19907580
10907	0.04966013
10908	0.18219597
10923	0.19846863
10924	0.09520618
10926	0.11129583
10943	0.36577826
10947	0.04285061
10948	0.03300264
10953	0.26886807
10957	0.26861771
10960	0.06693292
10969	0.39647323
10976	0.02243355
10978	0.18491537
10988	0.21675742
10990	0.08086988
10991	0.15931426
10994	0.29511954
11000	0.09394381
11002	0.15072649
11008	0.34000884
11009	0.22566504
11012	0.14822568
11013	0.19121331
11024	0.11408435
11040	0.41616265
11042	0.05507803
11046	0.16462718
11047	0.13625348
11050	0.30179713
11059	0.39335168
11069	0.30697773
11074	0.34731172
11078	0.44028516
11080	0.16644036
11083	0.05934865
11084	0.04808995
11087	0.14944661
11088	0.14247108
11090	0.30233276
11096	0.07839298
11097	0.15627694
11099	0.32352834
11101	0.13954276
11105	0.23447884
11106	0.34185318
11119	0.33303749
11121	0.14872788
11141	0.18674705
11180	0.44222892
11181	0.02951044
11185	0.21658331
11187	0.13031614
11192	0.22991813
11196	0.35164485
11199	0.10532670
11203	0.23765622
11204	0.15051540
11212	0.29429998
11216	0.16165964
11219	0.15242311
11224	0.16821019
11227	0.09522343
11231	0.30502723
11232	0.11464485
11233	0.25959315
11237	0.09177805
11264	0.42939852
11265	0.09250977
11266	0.12491375
11267	0.17078993
11281	0.20003017
11282	0.07343735
11286	0.26498340
11403	0.44337664
11406	0.10217631
11409	0.04235663
11410	0.06985696
11423	0.08543397
11442	0.39935666
11443	0.22020127
11445	0.03086532
11452	0.10575020
11458	0.34529201
11471	0.23321285
11490	0.31103306
11505	0.31138257
11507	0.10433383
11513	0.24508099
11515	0.03961709
11516	0.07987189
11530	0.27316823
11531	0.09692484
11532	0.07514510
11535	0.03512352
11536	0.02174242
11557	0.44089535
11580	0.34570248
11599	0.42032653
11610	0.14996696
11616	0.27675825
11618	0.18247027
11660	0.43993561
11663	0.06503399
11683	0.42059447
11685	0.07695441
11686	0.02030838
11690	0.10832114
11691	0.12720681
11693	0.01416853
11720	0.38646900
11729	0.00855555
11734	0.06914346
11742	0.09221475
11749	0.36474531
11755	0.03590972
11757	0.10160336
11759	0.15560509
11850	0.44291987
11851	0.12593441
11852	0.09431310
11913	0.44309326
11925	0.40387743
11930	0.20790280
11953	0.43795379
11954	0.05789511
11957	0.22292077
11958	0.06971975
11969	0.19918988
11977	0.30910966
11986	0.28555978
11996	0.08526659
12000	0.14460225
12015	0.36860350
12016	0.17688585
12019	0.18717620
12067	0.44173239
12081	0.23193989
12096	0.38423302
12109	0.09672806
12117	0.35116476
12118	0.03494779
12121	0.24002658
12143	0.42013012
12151	0.09665274
12167	0.22900296
12168	0.06827354
12175	0.25736288
12190	0.18918354
12193	0.04546476
12194	0.13554992
12211	0.04545272
12214	0.01734038
12215	0.11078838
12227	0.37886217
12228	0.01532996
12230	0.17749530
12235	0.35084712
12237	0.17878157
12238	0.05963350
12242	0.32617997
12243	0.34699627
12245	0.19636874
12247	0.18039829
12258	0.41334978
12264	0.16103339
12267	0.27350495
12268	0.24347282
12271	0.03988687
12272	0.21007608
12277	0.10676645
12283	0.16006515
12284	0.01549743
12290	0.17451255
12295	0.00297398
12310	0.29021570
12334	0.44284828
12335	0.12890570
12357	0.28573642
12359	0.16925446
12360	0.01146117
12363	0.19005043
12368	0.23720357
12377	0.22159125
12378	0.09351880
12400	0.41169169
12402	0.15644802
12404	0.31418708
12405	0.02706103
12411	0.29068643
12418	0.29148889
12433	0.34654892
12436	0.04337328
12439	0.32646062
12444	0.01354168
12445	0.01515332
12457	0.42658639
12458	0.17329505
12459	0.43670516
12462	0.02812572
12463	0.10603508
12464	0.19126809
12472	0.07870060
12478	0.05935777
12481	0.26010646
12485	0.01863739
12487	0.29059745
12497	0.13051748
12498	0.14583656
12499	0.19431598
12511	0.05323188
12530	0.41564844
12557	0.35759449
12561	0.42801757
12563	0.15372091
12576	0.29431570
12580	0.37535680
12581	0.10314987
12587	0.11385270
12590	0.19019292
12591	0.06282487
12639	0.44050225
12641	0.26035997
12642	0.10904186
12644	0.13344645
12654	0.31959333
12655	0.09181994
12657	0.19125166
12660	0.04664232
12661	0.04241100
12662	0.16681679
12689	0.27828907
12697	0.40979711
12698	0.11290977
12699	0.16507773
12703	0.31132128
12715	0.43004897
12718	0.22289762
12720	0.14159275
12749	0.35707800
12799	0.42972007
12818	0.42519187
12829	0.10645418
12841	0.38214913
12855	0.31000556
12859	0.23625386
12863	0.05954603
12867	0.08517289
12869	0.02571058
12870	0.00219750
12871	0.12519752
12872	0.17466184
12874	0.11161943
12890	0.26360502
12899	0.08673869
12900	0.02607224
12906	0.10035203
12949	0.41791125
12951	0.04357370
12961	0.28962193
12981	0.43352903
12982	0.05210463
12984	0.08100947
12985	0.12019655
12986	0.14617488
12993	0.35526062
13016	0.12060982
13017	0.05333536
13024	0.30376675
13052	0.44077409
13093	0.43678169
13095	0.27153001
13097	0.05467465
13098	0.01514346
13099	0.11299201
13105	0.26693505
13107	0.21803533
13110	0.13934628
13111	0.00655633
13113	0.03749822
13133	0.44107821
13138	0.08898632
13140	0.02860736
13142	0.16204698
13150	0.07266925
13153	0.05523341
13158	0.04847817
13179	0.33327812
13198	0.41324209
13214	0.12693760
13221	0.18214193
13234	0.40574503
13239	0.27817638
13243	0.37215969
13244	0.02292589
13247	0.14730227
13256	0.25575649
13260	0.06785381
13274	0.08029484
13278	0.10765258
13292	0.17241324
13314	0.37611998
13317	0.06270780
13318	0.06986328
13333	0.25196877
13337	0.14065918
13341	0.03041943
13347	0.17455856
13353	0.15475228
13355	0.10092433
13357	0.04516381
13370	0.12446198
13388	0.42579379
13389	0.14671746
13395	0.26751892
13408	0.40316055
13425	0.04740141
13426	0.34041005
13429	0.00766407
13432	0.21362415
13443	0.06844439
13446	0.06581375
13447	0.21885270
13451	0.14494527
13453	0.18945997
13457	0.31752602
13461	0.03201605
13462	0.08811741
13496	0.43395953
13527	0.41793040
13550	0.30076182
13552	0.04679579
13558	0.21202139
13559	0.03737222
13577	0.35624753
13584	0.14990762
13586	0.09564777
13591	0.04490000
13648	0.44371686
13651	0.02119838
13659	0.39552783
13664	0.36903478
13700	0.25461607
13702	0.16571044
13704	0.10948859
13705	0.05130903
13717	0.38507377
13728	0.33739032
13732	0.05259092
13735	0.22394209
13738	0.10780884
13740	0.17028016
13742	0.10956207
13745	0.34190081
13750	0.26003744
13753	0.06680604
13761	0.17069474
13762	0.07475756
13769	0.29487201
13772	0.15376219
13774	0.11034270
13794	0.14057335
13798	0.24962980
13802	0.00313306
13824	0.41896001
13832	0.23019062
13840	0.10862301
13842	0.01080993
13843	0.00912007
13872	0.42656161
13874	0.13728562
13875	0.11013422
13884	0.16958113
13885	0.07680908
13937	0.44294765
13938	0.06060792
13939	0.18409444
13941	0.00697080
13960	0.42101866
13962	0.14544270
14017	0.44323786
14023	0.24382894
14029	0.17905784
14030	0.06047819
14031	0.25259007
14035	0.13324571
14046	0.05471887
14068	0.33049579
14075	0.14468808
14083	0.35868305
14088	0.01453443
14089	0.10868576
14103	0.34815737
14107	0.04770829
14111	0.27947279
14116	0.11232751
14125	0.19693554
14176	0.44308773
14225	0.03130086
14226	0.04298819
14231	0.15152123
14232	0.00703584
14235	0.18904411
14239	0.12400049
14245	0.22079806
14280	0.02792642
14295	0.09506050
14297	0.16435981
14304	0.33555612
14312	0.22273559
14324	0.42961950
14342	0.21815022
14344	0.04953600
14347	0.10482230
14352	0.02389873
14355	0.17282366
14356	0.09321674
14357	0.14203793
14381	0.43317606
14394	0.39452825
14395	0.06191220
14402	0.27462961
14406	0.22247275
14407	0.10922255
14408	0.11185666
14411	0.10329810
14425	0.18914087
14427	0.09128025
14429	0.11015842
14456	0.43435763
14461	0.11290572
14476	0.32522450
14477	0.08933487
14480	0.15338953
14481	0.07421524
14484	0.20684077
14489	0.12669762
14490	0.11651371
14495	0.16170208
14497	0.05545251
14498	0.13750197
14499	0.15139530
14500	0.12521167
14501	0.10382864
14509	0.12304821
14510	0.07745328
14511	0.10159706
14512	0.21129044
14514	0.27257791
14525	0.30567444
14529	0.08572602
14530	0.10961135
14546	0.41483415
14642	0.44261345
14644	0.11440671
14645	0.07642190
14653	0.22044107
14654	0.10927819
14657	0.06433126
14726	0.44366749
14742	0.35915638
14745	0.26973813
14757	0.28212973
14760	0.16666689
14762	0.30186140
14764	0.10745041
14767	0.24718571
14768	0.08430248
14774	0.41956840
14775	0.04073165
14776	0.21865207
14783	0.11977942
14784	0.15368178
14823	0.44258977
14831	0.32322026
14832	0.15281174
14847	0.27554070
14848	0.11646888
14851	0.24893038
14864	0.22366545
14865	0.17132288
14866	0.02955191
14888	0.41924195
14903	0.35055923
14905	0.03859752
14906	0.43584404
14911	0.12623749
14919	0.34771806
14929	0.24245038
14934	0.28612545
14935	0.18993417
14939	0.02633619
14944	0.10224897
14945	0.42984061
14958	0.40874633
14975	0.36651977
14976	0.11261405
14979	0.25564596
14980	0.11899764
14988	0.30929069
15005	0.43880454
15007	0.10499782
15011	0.18344154
15013	0.27033536
15018	0.08357599
15021	0.09302329
15022	0.11376404
15023	0.07515969
15032	0.41214283
15034	0.22369289
15035	0.11042056
15036	0.18297046
15037	0.07125527
15078	0.30866094
15083	0.38554946
15084	0.09617400
15089	0.32445534
15090	0.16647673
15100	0.31299736
15106	0.25485196
15108	0.15088696
15135	0.21126411
15144	0.04532420
15168	0.41163019
15175	0.19955163
15197	0.35849447
15200	0.12753987
15201	0.09038606
15212	0.39812723
15213	0.03481107
15219	0.32604797
15223	0.23200769
15224	0.22291473
15225	0.01285198
15238	0.32952957
15253	0.41970456
15265	0.18022931
15268	0.21637404
15295	0.40954235
15304	0.42474848
15312	0.32436034
15313	0.02437182
15334	0.32584862
15338	0.13418347
15343	0.39230926
15347	0.11808812
15355	0.29701595
15357	0.01919680
15358	0.13971130
15388	0.37754070
15389	0.10115932
15391	0.18645543
15393	0.29670370
15396	0.02952239
15402	0.24443230
15406	0.02087006
15408	0.30632484
15439	0.24026418
15441	0.02993091
15460	0.32203797
15464	0.38107351
15468	0.09911382
15469	0.18897604
15473	0.26517103
15482	0.23874054
15487	0.28940732
15488	0.21089912
15503	0.38758967
15506	0.12551764
15510	0.25232174
15512	0.04480387
15516	0.02955409
15517	0.06447546
15518	0.28166365
15587	0.43956884
15604	0.43536020
15612	0.15227205
15613	0.04661271
15617	0.31521963
15618	0.44117196
15631	0.40913825
15634	0.08119829
15635	0.10279660
15662	0.33720523
15666	0.16626427
15668	0.02805575
15678	0.39377569
15681	0.14398083
15696	0.25972656
15711	0.01078629
15712	0.00785631
15729	0.40942061
15730	0.17149498
15751	0.41921799
15753	0.25759748
15757	0.20826191
15774	0.03022966
15778	0.05456589
15792	0.19425585
15826	0.42063712
15843	0.15521885
15845	0.29060632
15851	0.03382711
15874	0.39251868
15896	0.35180310
15897	0.22603721
15910	0.25185119
15912	0.21407726
15946	0.43225492
15957	0.34566295
15961	0.00331218
15993	0.40247682
16009	0.38904383
16016	0.37086154
16026	0.26432385
16029	0.06749055
16031	0.28077432
16035	0.20906050
16044	0.26087425
16046	0.31621732
16053	0.18590674
16059	0.17358319
16060	0.00148067
16064	0.07887310
16164	0.44352459
16206	0.16659704
16211	0.20983024
16212	0.07158979
16218	0.15710445
16225	0.13712376
16233	0.27471394
16266	0.42816140
16269	0.27533299
16278	0.44057050
16279	0.10791676
16291	0.18128879
16292	0.10419141
16320	0.44238828
16321	0.11921442
16330	0.22297944
16332	0.13237196
16339	0.24974054
16349	0.14094772
16350	0.07138379
16351	0.11511058
16354	0.16371278
16355	0.06857942
16411	0.42811878
16413	0.23010806
16414	0.34714760
16415	0.07494990
16424	0.06357210
16427	0.21917699
16428	0.15614728
16435	0.24234533
16448	0.18529111
16451	0.30465436
16455	0.35889699
16467	0.24972593
16468	0.08713987
16476	0.15217576
16477	0.05433047
16495	0.03046620
16496	0.19074131
16497	0.07908870
16500	0.10569627
16512	0.12494024
16521	0.39304772
16522	0.24842151
16535	0.36555126
16558	0.32424179
16560	0.27302589
16570	0.33532426
16574	0.09336052
16575	0.04206258
16581	0.23924918
16584	0.09837761
16586	0.02892334
16587	0.20089620
16610	0.43952790
16611	0.19526735
16612	0.12576717
16619	0.40859500
16620	0.05320713
16641	0.08580243
16644	0.25831699
16649	0.04018870
16654	0.16722883
16663	0.28523688
16671	0.17666293
16672	0.08574026
16675	0.28968268
16679	0.20660067
16684	0.09666152
16685	0.42828194
16687	0.43011429
16689	0.14028379
16695	0.24727016
16696	0.06888268
16711	0.21466816
16728	0.42028611
16730	0.08894686
16733	0.39085207
16753	0.33216890
16754	0.10864802
16757	0.16131063
16761	0.14751662
16765	0.08618852
16775	0.36056789
16780	0.30646356
16796	0.43265075
16805	0.34873066
16808	0.10642829
16810	0.11674087
16816	0.28941389
16819	0.07197705
16821	0.12797043
16823	0.30493186
16825	0.00776627
16827	0.00676502
16831	0.09707046
16834	0.07693874
16853	0.43879391
16854	0.29609636
16857	0.04831896
16858	0.17465145
16860	0.10593519
16869	0.37757738
16883	0.31291065
16907	0.21678784
16908	0.03964839
16921	0.33500387
16925	0.30387902
16926	0.25462910
16933	0.18372044
16934	0.09647532
16958	0.40591165
16975	0.36244557
16976	0.10895798
16982	0.15398377
16985	0.01834452
16986	0.22198613
17030	0.43973128
17031	0.13374723
17033	0.10642702
17034	0.08828632
17035	0.11335450
17037	0.21636828
17039	0.07344193
17040	0.09283244
17043	0.15120715
17046	0.06100583
17047	0.21616242
17066	0.43079192
17075	0.30671808
17081	0.24182846
17100	0.32211850
17108	0.19105291
17109	0.02978618
17141	0.43003028
17142	0.11936238
17150	0.29679880
17162	0.36933966
17164	0.29057428
17166	0.12186101
17174	0.02294309
17175	0.04921841
17177	0.19933619
17182	0.27949210
17184	0.09171438
17185	0.07351315
17198	0.40317791
17210	0.02992584
17217	0.40503276
17235	0.43281686
17289	0.44360803
17300	0.20749285
17304	0.10495839
17307	0.04362602
17329	0.36964177
17370	0.44345564
17378	0.23330426
17384	0.26668606
17393	0.24014494
17398	0.02588502
17405	0.36419546
17408	0.12113982
17409	0.06368847
17410	0.17701111
17431	0.28200639
17436	0.21862681
17470	0.38074649
17481	0.10273415
17484	0.18611674
17486	0.18204564
17487	0.18019792
17488	0.05605610
17495	0.28728240
17497	0.06022906
17499	0.28125920
17500	0.09877557
17506	0.20025911
17510	0.02844816
17511	0.05141862
17512	0.16210262
17543	0.38443126
17544	0.18133184
17554	0.38583473
17555	0.05721350
17557	0.17778118
17575	0.43484647
17576	0.04244161
17581	0.27588238
17596	0.40680577
17601	0.28500748
17634	0.40237175
17667	0.43909595
17671	0.00105744
17682	0.21882195
17683	0.28368277
17691	0.01870917
17693	0.10126490
17699	0.06812086
17700	0.03004397
17702	0.18525624
17755	0.43428229
17756	0.19066816
17758	0.01384881
17793	0.44232973
17794	0.00500762
17796	0.24637560
17801	0.20727611
17804	0.13654719
17806	0.09800185
17817	0.38617293
17838	0.20718319
17842	0.06886566
17876	0.23332306
17878	0.13977117
17879	0.01566981
17885	0.14536018
17886	0.03212077
17887	0.06189414
17894	0.08440065
17911	0.40486409
17912	0.18774821
17913	0.14247777
17915	0.07337752
17921	0.09082660
17940	0.43159843
17942	0.09767622
17946	0.12032260
17950	0.03847145
17956	0.21319273
17961	0.19283116
17963	0.18156863
17965	0.15558115
17969	0.08680424
17970	0.00871975
17983	0.37782102
18015	0.37453869
18017	0.16675876
18020	0.19715446
18024	0.17212721
18031	0.32112107
18032	0.12378048
18063	0.41241290
18109	0.43905971
18113	0.12615041
18119	0.33861445
18120	0.23091586
18125	0.28899789
18127	0.01086300
18130	0.16248257
18139	0.04825010
18147	0.19068558
18151	0.10832107
18165	0.41286203
18167	0.10989968
18168	0.18822033
18191	0.39298266
18198	0.12850514
18201	0.24148794
18204	0.00491954
18219	0.17824645
18242	0.37194668
18247	0.03352910
18248	0.12179787
18253	0.16497780
18257	0.06962811
18258	0.25711586
18259	0.29524969
18264	0.26627263
18265	0.08162366
18269	0.29308041
18279	0.40104232
18285	0.20315700
18297	0.37907627
18339	0.38702628
18342	0.14339616
18348	0.34337004
18350	0.13460611
18351	0.12031665
18352	0.10226664
18384	0.40333299
18386	0.11903151
18413	0.37457391
18424	0.31744251
18432	0.22765666
18433	0.44109109
18441	0.09584878
18452	0.31697029
18453	0.12923915
18459	0.27221361
18462	0.02631331
18467	0.05491440
18498	0.29167326
18533	0.44136775
18534	0.12841688
18540	0.04797099
18541	0.13020790
18548	0.21892163
18550	0.13715105
18581	0.25501776
18584	0.07280910
18585	0.02324355
18601	0.41150456
18634	0.36228375
18636	0.18313790
18639	0.01969544
18656	0.31826256
18665	0.28868553
18668	0.08346654
18671	0.29442031
18672	0.15810002
18675	0.25167893
18677	0.14862010
18678	0.19617960
18680	0.02686629
18694	0.17824527
18699	0.29397627
18720	0.39061431
18721	0.06823269
18778	0.42977472
18779	0.02982100
18780	0.07919078
18786	0.17412345
18844	0.44271533
18865	0.30886886
18866	0.14919782
18867	0.13516925
18882	0.26223466
18885	0.32764818
18908	0.33275078
18910	0.32520905
18913	0.14011148
18956	0.44346022
18977	0.41446976
18980	0.05316495
18981	0.11157574
19003	0.32449194
19005	0.07957736
19028	0.29561287
19030	0.04140384
19031	0.25493959
19045	0.36525781
19046	0.02540375
19047	0.17705284
19054	0.01349245
19073	0.37311519
19081	0.15189998
19091	0.23680556
19096	0.07630621
19100	0.26739164
19102	0.12582241
19105	0.10526659
19106	0.02909437
19107	0.34759088
19111	0.34629375
19123	0.37749778
19124	0.09717231
19133	0.33433672
19142	0.23354777
19159	0.24486284
19169	0.40163373
19172	0.20977726
19173	0.33141716
19177	0.18020843
19180	0.12425087
19181	0.03131658
19183	0.17906985
19191	0.03691503
19224	0.40975879
19237	0.35381628
19268	0.42915918
19275	0.23063003
19280	0.01444401
19281	0.00520676
19282	0.05073216
19283	0.08468426
19299	0.38170176
19318	0.36694543
19319	0.02889481
19324	0.31699951
19342	0.18503112
19365	0.39957925
19368	0.19282961
19388	0.30958659
19390	0.10934665
19420	0.35885663
19436	0.40814313
19439	0.07730449
19447	0.23746020
19469	0.32958997
19470	0.44063531
19488	0.37680644
19489	0.07980028
19491	0.29253549
19512	0.39046962
19518	0.03904110
19519	0.16519799
19521	0.10091269
19528	0.21752653
19615	0.44361433
19625	0.13770188
19660	0.44306242
19665	0.27907085
19666	0.02117490
19669	0.25217039
19684	0.43874094
19699	0.25429018
19703	0.03293047
19712	0.29601567
19714	0.30990000
19718	0.20445913
19720	0.12821686
19721	0.20120426
19734	0.42018060
19735	0.04332841
19736	0.21234527
19740	0.29325869
19744	0.05291250
19747	0.33421141
19782	0.37585638
19787	0.09084401
19808	0.43028940
19811	0.17998479
19813	0.05200982
19818	0.11470982
19835	0.39014452
19836	0.12559379
19839	0.22320088
19844	0.06386703
19845	0.08463681
19893	0.43520489
19904	0.41180790
19906	0.16886904
19917	0.27923429
19921	0.36072616
19926	0.17835001
19927	0.08374045
19974	0.44253024
19977	0.18986175
19982	0.17669044
19983	0.28947150
19984	0.03225867
19997	0.20203193
20005	0.31732278
20030	0.38645668
20037	0.04304543
20039	0.10066122
20041	0.01667247
20045	0.16424696
20050	0.04706344
20055	0.21376627
20056	0.08585182
20064	0.24712683
20071	0.25186687
20075	0.26175791
20076	0.16135272
20092	0.16895592
20104	0.00641135
20111	0.26335712
20113	0.02028023
20125	0.31694249
20130	0.29810357
20134	0.09830632
20138	0.04913573
20152	0.42219264
20153	0.02645960
20158	0.08533387
20160	0.21432320
20161	0.10484503
20163	0.29706279
20166	0.18954003
20167	0.09055740
20169	0.03767421
20176	0.26115330
20177	0.10030021
20183	0.01484230
20199	0.18292927
20200	0.04365580
20211	0.40318171
20218	0.08030215
20253	0.43134401
20279	0.42449979
20284	0.23891866
20289	0.11929479
20338	0.40785828
20340	0.15315636
20343	0.07466069
20394	0.44351824
20409	0.40453931
20410	0.10167666
20411	0.17616309
20417	0.25703001
20420	0.14811433
20425	0.01806610
20427	0.23955395
20429	0.01208921
20434	0.15613255
20449	0.35086638
20457	0.09059611
20458	0.09113515
20471	0.15531063
20484	0.36703938
20494	0.20840206
20496	0.09014147
20500	0.03030845
20519	0.43531827
20529	0.27019942
20532	0.40966615
20535	0.19521642
20540	0.22323559
20544	0.22254700
20545	0.04849581
20546	0.07039280
20549	0.22883024
20551	0.03883644
20558	0.06062554
20599	0.44013184
20606	0.06348282
20607	0.08339060
20609	0.12914971
20610	0.06031767
20616	0.09650590
20618	0.09654383
20623	0.24882753
20655	0.36334304
20661	0.19163276
20666	0.04110111
20670	0.38922054
20672	0.00717747
20674	0.21246515
20692	0.24794804
20693	0.07559984
20695	0.07300174
20715	0.27634876
20732	0.42335818
20741	0.01870861
20742	0.09273818
20743	0.22726323
20748	0.09341871
20749	0.15795967
20773	0.30433251
20793	0.39049116
20796	0.07651929
20799	0.02460773
20800	0.04388465
20810	0.38985645
20813	0.27839532
20817	0.10987953
20820	0.17555189
20834	0.28186897
20845	0.39906897
20848	0.11489956
20853	0.25255189
20859	0.35857988
20864	0.31828518
20874	0.19255133
20877	0.06960285
20878	0.04692218
20883	0.36546279
20892	0.03017631
20894	0.13178838
20895	0.12540769
20901	0.38823110
20921	0.39304686
20924	0.22877601
20925	0.10020984
20928	0.20887666
20935	0.11272220
20943	0.34858734
20944	0.19268893
20946	0.13113353
20947	0.10400380
20948	0.08064003
20994	0.44362725
20995	0.10912151
21008	0.04348611
21009	0.01354691
21010	0.01175471
21044	0.44330387
21049	0.35061813
21073	0.35212232
21075	0.19906309
21076	0.13502862
21089	0.36003373
21093	0.33353735
21095	0.11216161
21130	0.42839981
21132	0.06212007
21141	0.08890090
21144	0.16350519
21153	0.28680375
21154	0.14342322
21157	0.29999474
21164	0.25599748
21166	0.01466953
21170	0.16037002
21171	0.09889893
21178	0.22099505
21187	0.11350523
21189	0.00530343
21190	0.04848125
21209	0.41871926
21247	0.37989685
21248	0.02423950
21251	0.10297490
21255	0.10185821
21286	0.42766395
21293	0.03805779
21301	0.31417273
21312	0.25736071
21313	0.03668150
21326	0.42677416
21331	0.09927039
21339	0.18889294
21342	0.27620940
21380	0.44339088
21385	0.07657367
21394	0.17884307
21395	0.09086735
21411	0.42784293
21418	0.21768196
21419	0.04139662
21427	0.22262285
21428	0.19960190
21433	0.05573068
21447	0.07239743
21448	0.11790614
21477	0.42094068
21482	0.29831896
21489	0.00760757
21518	0.43949648
21519	0.05038064
21520	0.10358201
21521	0.05333248
21522	0.04719502
21532	0.12754668
21539	0.21138379
21542	0.06228463
21549	0.27353373
21550	0.15891338
21561	0.19254270
21562	0.17485210
21563	0.02988078
21568	0.18849479
21570	0.10815911
21573	0.10782656
21575	0.24165390
21587	0.43612112
21588	0.19079555
21589	0.16791737
21598	0.19505633
21601	0.15462711
21624	0.33947967
21625	0.10340889
21669	0.44366765
21688	0.27810164
21691	0.29751815
21699	0.00869498
21700	0.17911077
21714	0.20749928
21723	0.26117638
21727	0.14023964
21729	0.09849609
21735	0.11227103
21736	0.10824156
21747	0.33264744
21752	0.11608886
21753	0.01396594
21762	0.37171477
21764	0.02807555
21776	0.21066238
21790	0.38125990
21792	0.03305578
21793	0.17353753
21800	0.29945228
21807	0.29146580
21813	0.11102091
21834	0.35435758
21858	0.44091801
21895	0.43146298
21896	0.11807851
21907	0.12665321
21908	0.05101794
21910	0.01693364
21911	0.04812227
21912	0.12890329
21934	0.40774121
21937	0.33030852
21952	0.43582336
21954	0.03186941
21963	0.31346430
21978	0.40558852
21988	0.27862098
21996	0.21870799
21997	0.00218831
21998	0.00674209
21999	0.04718909
22002	0.09027736
22003	0.07078453
22006	0.07520660
22014	0.36446900
22015	0.07491146
22016	0.07378685
22017	0.00901146
22021	0.23538801
22026	0.32397868
22031	0.31330225
22035	0.09676650
22057	0.33892494
22058	0.06601151
22062	0.30927407
22065	0.26353945
22077	0.19479850
22107	0.42913918
22110	0.07564144
22115	0.04445582
22121	0.17041262
22123	0.09795791
22126	0.05760315
22133	0.33199498
22135	0.05507775
22152	0.42504485
22161	0.09085515
22165	0.21587395
22172	0.32559657
22176	0.19047553
22179	0.10162109
22189	0.34433635
22198	0.36491973
22199	0.02109553
22202	0.06053110
22205	0.13564871
22209	0.22329743
22234	0.15154476
22237	0.25907627
22238	0.01136270
22239	0.05283881
22240	0.12859613
22247	0.36100817
22249	0.15526562
22252	0.09537472
22253	0.09971246
22264	0.20444026
22270	0.14114936
22271	0.10719095
22275	0.41246254
22280	0.21614892
22282	0.00170898
22285	0.27940896
22298	0.40483093
22306	0.10765895
22327	0.16324209
22333	0.06815212
22342	0.18183218
22343	0.07799217
22353	0.20922433
22386	0.40326446
22408	0.33331378
22427	0.21495013
22430	0.09650012
22441	0.20607411
22462	0.19034936
22471	0.27485543
22482	0.32288676
22483	0.09993612
22490	0.14951892
22492	0.13486948
22495	0.34221128
22498	0.09507404
22502	0.43833753
22504	0.25570776
22552	0.44363427
22553	0.05080384
22559	0.35962653
22563	0.30786902
22564	0.00083218
22565	0.03743455
22568	0.16071466
22569	0.16806124
22571	0.14935490
22574	0.13559768
22575	0.10622744
22589	0.39680864
22592	0.09398328
22594	0.28536353
22605	0.33543068
22609	0.23503929
22613	0.17061366
22621	0.22681297
22622	0.21101056
22623	0.02265835
22632	0.26300871
22643	0.25407527
22644	0.06660757
22652	0.12489801
22664	0.32000752
22691	0.20500706
22692	0.17060824
22716	0.30244205
22722	0.28652505
22723	0.30004195
22725	0.05256995
22726	0.43003698
22735	0.40634251
22743	0.19783436
22744	0.01112954
22747	0.26872987
22749	0.04625094
22769	0.17864709
22770	0.10797821
22783	0.26968085
22787	0.10856564
22790	0.11934177
22838	0.44375515
22842	0.04098495
22846	0.14436249
22847	0.04508805
22862	0.41811574
22864	0.04074969
22865	0.10492332
22869	0.17061994
22895	0.43493510
22916	0.41655619
22920	0.17657337
22922	0.07205768
22923	0.06624288
22932	0.16996469
22933	0.02603542
22935	0.27618314
22938	0.23835193
22944	0.09982954
22948	0.22790593
22961	0.37674624
22968	0.06064881
22990	0.37399111
22996	0.27934543
23000	0.34675013
23013	0.37115513
23018	0.28276708
23023	0.30288826
23024	0.04772260
23025	0.09095677
23030	0.04780049
23037	0.21898317
23040	0.05377247
23054	0.40538553
23055	0.09005835
23057	0.10203241
23064	0.07719921
23066	0.07191519
23069	0.05958865
23071	0.06876013
23072	0.42892873
23106	0.41677604
23113	0.10520100
23116	0.07969667
23119	0.18265506
23121	0.07259435
23124	0.10646441
23127	0.21399340
23130	0.17572697
23132	0.11677754
23137	0.10230366
23138	0.19647342
23139	0.16402163
23140	0.11141586
23145	0.15951727
23147	0.13433679
23149	0.06275235
23169	0.35245990
23171	0.31778801
23172	0.22977080
23173	0.06309998
23176	0.10765089
23177	0.18491088
23178	0.14878933
23182	0.09454909
23203	0.28579634
23205	0.11782440
23208	0.24027349
23220	0.19366094
23221	0.09277393
23236	0.31882880
23245	0.27849041
23282	0.44261623
23297	0.35440238
23307	0.40730516
23313	0.34946439
23314	0.04641496
23316	0.21320086
23318	0.04383668
23319	0.10968456
23324	0.21579565
23328	0.19694890
23345	0.24719004
23420	0.44374413
23422	0.14921030
23448	0.40246569
23451	0.20853313
23453	0.23840882
23455	0.19491334
23457	0.21223925
23458	0.09501345
23460	0.14817824
23465	0.11053746
23477	0.41230486
23478	0.05574624
23479	0.11327937
23480	0.11251952
23485	0.22532188
23486	0.15115330
23499	0.27165221
23514	0.32164276
23525	0.03975587
23526	0.16021204
23529	0.03870625
23533	0.22464494
23536	0.06125131
23543	0.37973526
23544	0.03004603
23545	0.09861470
23549	0.23430266
23550	0.06335981
23560	0.37716763
23566	0.10866712
23571	0.13607062
23580	0.29344691
23581	0.09067513
23584	0.23507161
23588	0.07399917
23594	0.08152255
23602	0.19717458
23607	0.15619197
23608	0.22283542
23610	0.08327784
23617	0.08145999
23618	0.14231815
23633	0.30156835
23643	0.09820739
23659	0.29909771
23660	0.07168340
23666	0.19909400
23674	0.14100109
23680	0.20815041
23682	0.01076620
23686	0.15692589
23687	0.42815374
23698	0.38463837
23699	0.02530458
23700	0.21377022
23701	0.18039396
23704	0.07893383
23706	0.10394663
23717	0.35340681
23723	0.24899384
23733	0.25844401
23743	0.36083730
23744	0.05556786
23752	0.23838354
23755	0.29676439
23763	0.28609472
23764	0.15191892
23766	0.02650445
23778	0.41599139
23788	0.09468361
23794	0.26332237
23797	0.10791417
23798	0.01432355
23799	0.14826383
23801	0.12103005
23803	0.02973040
23816	0.07187321
23818	0.27773529
23821	0.08936752
23824	0.00062721
23825	0.44040762
23829	0.22475108
23838	0.05990762
23841	0.00891459
23844	0.12096087
23846	0.07126048
23860	0.19529680
23870	0.37483813
23901	0.39418048
23918	0.23537747
23919	0.11040447
23923	0.23902100
23934	0.06624591
23935	0.09537240
23936	0.01807803
23939	0.30215360
23942	0.02284561
23943	0.13767668
23946	0.04454302
23954	0.07308164
23955	0.17685703
23961	0.19920130
23962	0.29458585
23970	0.19485149
23972	0.12995872
23977	0.21136013
23980	0.03738870
23982	0.09819535
23993	0.13163290
23997	0.11022364
24002	0.07818351
24004	0.11388965
24005	0.16018048
24059	0.44255413
24060	0.10817400
24062	0.05161454
24067	0.28757092
24086	0.43324436
24088	0.10014094
24089	0.02399745
24117	0.42391787
24119	0.18922602
24120	0.09993962
24122	0.12646138
24127	0.19223610
24144	0.38979736
24148	0.12299588
24165	0.41595254
24167	0.21900834
24178	0.39703054
24181	0.19263028
24196	0.14927124
24197	0.06679197
24198	0.28362257
24199	0.12730942
24201	0.08932308
24231	0.40652755
24238	0.21320063
24259	0.38539812
24260	0.07217418
24263	0.15284915
24295	0.44298419
24300	0.00813862
24304	0.15584462
24311	0.18350472
24313	0.21299273
24314	0.20931484
24315	0.11397363
24317	0.05010924
24319	0.08450289
24325	0.23733186
24326	0.10422489
24333	0.31476337
24394	0.44346295
24395	0.04195105
24397	0.09784357
24401	0.08531880
24408	0.39186608
24409	0.06104626
24418	0.30232505
24419	0.02545768
24443	0.32878949
24478	0.16903072
24492	0.29020394
24504	0.36386951
24544	0.35600271
24558	0.37338409
24561	0.18405348
24566	0.11921943
24571	0.32808544
24603	0.36536402
24604	0.05315687
24608	0.30391748
24626	0.30501642
24632	0.18995659
24645	0.29177462
24697	0.44106404
24698	0.14534668
24699	0.01120359
24702	0.40695862
24706	0.12960181
24711	0.44004445
24712	0.13456168
24714	0.00536458
24721	0.19691616
24725	0.24438703
24748	0.32753438
24765	0.32933415
24766	0.11433793
24769	0.21269220
24774	0.18034524
24780	0.09055999
24781	0.11186189
24783	0.32452792
24786	0.20070044
24790	0.19243214
24805	0.16478064
24824	0.00955339
24826	0.08377296
24832	0.29638794
24834	0.22413857
24856	0.43065927
24863	0.26489298
24866	0.16524344
24867	0.09969907
24870	0.26078956
24872	0.22031875
24875	0.30991748
24885	0.24468923
24886	0.17854656
24888	0.14015075
24894	0.38539391
24897	0.18075036
24959	0.44295971
24960	0.13342804
24963	0.12337916
24967	0.19679822
24969	0.23262417
24970	0.08258437
24986	0.39663323
24990	0.08952501
24993	0.27581887
25019	0.38323742
25027	0.37328680
25032	0.07289053
25035	0.27149898
25044	0.15605673
25056	0.32113209
25060	0.04495656
25064	0.25858504
25065	0.18887187
25091	0.43612350
25092	0.44085837
25093	0.07505103
25094	0.05016698
25095	0.11783274
25096	0.23358324
25098	0.08471762
25137	0.43444154
25141	0.05152818
25144	0.05447127
25145	0.01659053
25149	0.36066893
25151	0.07582535
25163	0.15784077
25188	0.24329361
25197	0.34851581
25200	0.29717129
25207	0.11177342
25239	0.42572119
25241	0.05306210
25249	0.31560706
25264	0.38719454
25269	0.16858321
25273	0.07619641
25276	0.05127671
25278	0.00850871
25280	0.06649234
25281	0.10005339
25285	0.00255747
25287	0.07538446
25289	0.20158305
25290	0.25287574
25291	0.05157282
25304	0.06076284
25307	0.11438588
25314	0.17497939
25318	0.32050878
25325	0.06011239
25326	0.10146080
25328	0.12271519
25329	0.07692061
25330	0.05295823
25335	0.33125626
25343	0.36607161
25345	0.06269363
25357	0.08034897
25368	0.00505325
25371	0.01644383
25385	0.05715196
25388	0.23165818
25389	0.03209296
25397	0.26081836
25404	0.18969463
25406	0.15240222
25408	0.04475941
25410	0.20795161
25428	0.27277131
25442	0.34139088
25448	0.16321246
25449	0.17316351
25451	0.22727141
25453	0.14309164
25465	0.30336228
25481	0.42112521
25493	0.17287027
25496	0.08282609
25502	0.33102010
25515	0.06358027
25516	0.06724427
25518	0.10112100
25524	0.16385237
25525	0.05600320
25528	0.08385707
25569	0.44306596
25570	0.05977268
25590	0.27701804
25592	0.01564323
25603	0.22174955
25614	0.08337252
25628	0.24391526
25633	0.36870986
25635	0.10695529
25639	0.01710100
25655	0.39741767
25656	0.08038747
25669	0.40797939
25675	0.14639250
25676	0.09030572
25682	0.18282033
25684	0.17800829
25702	0.42202112
25709	0.33560563
25714	0.20449058
25717	0.33978379
25721	0.13402376
25724	0.03332188
25729	0.29242005
25732	0.05829634
25750	0.42895112
25755	0.15404721
25756	0.12291521
25764	0.18176937
25773	0.30038606
25789	0.25590671
25792	0.07667888
25795	0.03539041
25799	0.10019718
25800	0.12593874
25820	0.38584927
25821	0.02477666
25823	0.06208000
25844	0.41793334
25849	0.21422322
25856	0.36816018
25866	0.15860215
25902	0.42396041
25919	0.36409831
25929	0.32747455
25931	0.09361118
25948	0.33519090
25949	0.15058544
25982	0.42180347
25983	0.15153179
25992	0.30178078
26021	0.44079495
26028	0.34398081
26032	0.17997122
26033	0.12723827
26042	0.37730472
26053	0.16318775
26122	0.44249850
26127	0.37321348
26137	0.27437546
26146	0.10547664
26148	0.04750150
26155	0.20059368
26156	0.04134966
26176	0.15191651
26178	0.07845226
26180	0.07417840
26184	0.06778942
26190	0.01987743
26196	0.32452487
26202	0.10653070
26220	0.43048546
26222	0.09609840
26234	0.23484406
26304	0.44159298
26306	0.27565876
26311	0.26067796
26322	0.07513760
26326	0.09439762
26328	0.20065765
26363	0.33079701
26367	0.03031155
26381	0.35129738
26394	0.02620579
26398	0.44014753
26415	0.30200287
26422	0.17519278
26427	0.20527842
26437	0.38218030
26438	0.04134390
26440	0.12847374
26446	0.38338266
26450	0.20091264
26451	0.11577858
26453	0.00568870
26454	0.14233943
26456	0.08018016
26460	0.04708641
26461	0.07951970
26467	0.39762869
26478	0.34721963
26503	0.25334740
26509	0.20758896
26511	0.14072498
26530	0.42666939
26536	0.01156541
26541	0.09227321
26542	0.04870345
26544	0.10092183
26545	0.12452903
26554	0.15192524
26563	0.27243964
26574	0.18889583
26576	0.07338231
26581	0.10245534
26596	0.43296803
26609	0.34974369
26610	0.08933332
26619	0.18963306
26629	0.17865832
26630	0.07042785
26632	0.09846221
26641	0.24161190
26642	0.04480199
26645	0.33978280
26646	0.15691547
26650	0.20505948
26651	0.07715126
26652	0.25119889
26654	0.13707685
26655	0.16734221
26661	0.22189917
26662	0.16859998
26665	0.37954679
26673	0.11301084
26702	0.42496837
26704	0.05761980
26707	0.16369034
26712	0.40002433
26719	0.23605103
26720	0.04802637
26724	0.34366409
26734	0.08021952
26756	0.43846823
26757	0.08765115
26766	0.16219704
26767	0.12488893
26771	0.19140454
26784	0.22455191
26793	0.37282320
26805	0.15687277
26808	0.10798305
26827	0.17636995
26847	0.43423406
26850	0.25525214
26860	0.42836279
26861	0.17765626
26913	0.44310243
26919	0.36705707
26922	0.02684063
26929	0.22680269
26930	0.09732176
26943	0.32445900
26947	0.11882130
26948	0.11988754
26958	0.21016682
26969	0.28368326
26970	0.01582364
26977	0.23042813
26979	0.16232241
26981	0.23030032
26997	0.43109273
27007	0.03230526
27008	0.02570611
27024	0.31814821
27027	0.16313392
27028	0.09823519
27029	0.12965196
27034	0.29862487
27036	0.07584860
27046	0.10354985
27064	0.20341880
27066	0.10791493
27073	0.17702123
27074	0.10732063
27085	0.14899444
27090	0.34199933
27091	0.03315172
27093	0.04112470
27094	0.03698259
27096	0.15789106
27100	0.12068903
27122	0.43785395
27129	0.19212776
27132	0.15626754
27133	0.24421206
27135	0.24508372
27139	0.31483360
27140	0.13563255
27154	0.20067536
27155	0.07374288
27174	0.28188555
27192	0.00521774
27218	0.42810595
27221	0.01447071
27222	0.08583297
27225	0.13422362
27226	0.07704837
27246	0.42838351
27260	0.35879750
27263	0.04794013
27312	0.44349285
27319	0.29959646
27320	0.10688356
27328	0.21644147
27331	0.35246015
27337	0.27956182
27340	0.13640748
27343	0.21369398
27346	0.15175765
27347	0.07435212
27352	0.30855140
27355	0.11656420
27356	0.02472790
27363	0.15870741
27434	0.40891260
27436	0.20473434
27447	0.01797523
27460	0.01397097
27468	0.04235967
27480	0.35018349
27484	0.09372549
27499	0.37983582
27587	0.44359968
27602	0.15787979
27603	0.15028509
27606	0.12216235
27652	0.44314779
27664	0.07139850
27670	0.03297367
27674	0.02486550
27676	0.34375270
27698	0.40485001
27723	0.41002718
27728	0.05920063
27735	0.34149180
27737	0.14910333
27738	0.07093079
27741	0.11809549
27742	0.06475339
27743	0.08446962
27744	0.09387425
27764	0.33561683
27767	0.04551234
27774	0.13104390
27775	0.14521063
27793	0.35351023
27796	0.06342320
27799	0.32558428
27822	0.41436150
27824	0.03380651
27827	0.22668745
27849	0.42068995
27855	0.24725624
27864	0.10161933
27865	0.04352521
27876	0.29459412
27888	0.13879315
27891	0.25054478
27892	0.09715883
27893	0.24440326
27894	0.24803788
27896	0.32712158
27897	0.01081517
27910	0.43555950
27911	0.10152158
27912	0.11090264
27926	0.42124700
27930	0.14836930
27931	0.11292464
27932	0.01761371
27935	0.25232276
27937	0.08680097
27938	0.30143024
27941	0.10837323
27967	0.38157222
27973	0.30221635
28001	0.42110090
28019	0.31177587
28042	0.38519192
28043	0.09632538
28050	0.03043438
28054	0.10594485
28083	0.44339752
28086	0.03552318
28090	0.31843434
28095	0.10558819
28098	0.06165619
28111	0.24894700
28115	0.08239254
28118	0.02586423
28119	0.05900153
28121	0.15948085
28128	0.31016089
28138	0.20596826
28141	0.09330648
28152	0.18404212
28159	0.20395233
28160	0.05813285
28161	0.08143941
28175	0.19393837
28179	0.37221859
28194	0.10467842
28195	0.22793339
28197	0.06561051
28201	0.02873221
28209	0.37534936
28214	0.12251514
28222	0.11609590
28240	0.43560264
28253	0.18825291
28254	0.07801894
28259	0.15724348
28262	0.13033563
28268	0.39554267
28270	0.08695737
28278	0.30290549
28279	0.27313881
28282	0.23402660
28284	0.13665839
28286	0.21762577
28292	0.40356238
28294	0.03387222
28320	0.44045027
28325	0.04808370
28326	0.06653184
28348	0.31234742
28356	0.23480542
28360	0.14474441
28367	0.26064865
28371	0.12952246
28376	0.07691669
28406	0.43890887
28410	0.07857374
28421	0.25165050
28426	0.18278636
28439	0.40969467
28440	0.11011246
28443	0.07524089
28451	0.35683332
28461	0.34454325
28473	0.25464858
28475	0.15495369
28479	0.09878986
28489	0.32885402
28491	0.07566647
28497	0.13810248
28507	0.07415937
28534	0.42263788
28549	0.37122399
28553	0.18854168
28554	0.15671572
28579	0.15565904
28594	0.41597868
28633	0.44171334
28638	0.16859113
28641	0.08636231
28642	0.09234019
28649	0.15099261
28650	0.02060523
28651	0.43525610
28652	0.01149134
28656	0.29896879
28671	0.25159067
28697	0.30952727
28702	0.22763633
28712	0.17633147
28723	0.18543769
28737	0.35188877
28738	0.05924089
28743	0.20796921
28745	0.06875316
28746	0.06180706
28753	0.35962547
28759	0.11133929
28779	0.42609410
28837	0.36825351
28847	0.38767497
28849	0.02988780
28850	0.18981030
28851	0.00673427
28857	0.33244195
28858	0.00998636
28861	0.05316765
28879	0.34698159
28880	0.25629687
28881	0.10581088
28882	0.04249257
28900	0.39222966
28950	0.43262010
28966	0.35539757
28967	0.11725193
28970	0.18166247
28971	0.43654036
28974	0.06410208
28978	0.01157006
28986	0.13801192
28987	0.02146946
28988	0.09191447
28991	0.24379120
28997	0.11344619
28998	0.21100875
29000	0.10749993
29005	0.09021366
29017	0.39827717
29018	0.05609699
29044	0.26626812
29045	0.10539648
29061	0.00460597
29068	0.38143003
29069	0.05015953
29106	0.43915045
29117	0.13300968
29125	0.14475152
29127	0.00585279
29129	0.13024883
29134	0.04126073
29181	0.43124476
29184	0.09726326
29201	0.00637995
29205	0.24413346
29214	0.37304906
29220	0.35567164
29237	0.16944300
29256	0.38194892
29260	0.01725233
29291	0.43936275
29292	0.09349467
29302	0.17815323
29309	0.05409386
29312	0.17513575
29319	0.03120621
29326	0.22641794
29334	0.21658050
29335	0.42865728
29342	0.31847196
29373	0.44201961
29380	0.24057435
29383	0.33813925
29437	0.44326814
29439	0.20007279
29509	0.44159537
29515	0.35088347
29519	0.17167053
29546	0.44155110
29595	0.44362318
29596	0.12664362
29599	0.13959704
29635	0.43720197
29715	0.44363202
29717	0.34271086
29725	0.32307960
29726	0.09753848
29732	0.14737377
29750	0.31168460
29754	0.23402552
29756	0.05110878
29761	0.34201373
29762	0.10091382
29763	0.04530139
29769	0.15131790
29772	0.30117481
29776	0.00642047
29778	0.28326620
29808	0.38964406
29859	0.44156548
29860	0.12547831
29862	0.22584619
29874	0.28381132
29875	0.10078743
29928	0.44248384
29935	0.09058032
29941	0.14586786
29950	0.26881593
29953	0.16903978
29959	0.34365110
29960	0.27744682
29965	0.10282540
29970	0.18702024
29971	0.07265531
29976	0.32069129
29983	0.10600570
30012	0.42546096
30015	0.15348208
30017	0.10505601
30018	0.10615691
30022	0.10808178
30025	0.03217196
30027	0.13569324
30037	0.33357428
30068	0.25153116
30073	0.41219373
30077	0.18709204
30160	0.44360801
30161	0.07217606
30162	0.01190919
30193	0.31393302
30200	0.37529000
30205	0.32753869
30206	0.10750813
30217	0.37169576
30254	0.33144645
30291	0.44255390
30313	0.41883056
30314	0.04190757
30317	0.06106939
30325	0.20799104
30359	0.33296191
30361	0.10452496
30363	0.15000942
30367	0.16931980
30377	0.25765791
30392	0.24319530
30407	0.14618981
30411	0.09232950
30412	0.06970419
30413	0.03528678
30416	0.18732452
30420	0.27451757
30424	0.19144922
30448	0.22112440
30451	0.05222721
30453	0.01763568
30461	0.33409775
30465	0.08565221
30467	0.11112424
30468	0.10263827
30478	0.41495835
30481	0.29787402
30482	0.30728525
30493	0.34798953
30494	0.16032132
30495	0.19642892
30498	0.17456953
30500	0.04274628
30503	0.07027557
30504	0.04063197
30506	0.00836585
30545	0.42494610
30548	0.11025295
30553	0.09811623
30559	0.29795059
30563	0.01542135
30565	0.01532769
30579	0.33650201
30584	0.18853899
30589	0.17833380
30596	0.03997937
30597	0.00320748
30600	0.34826914
30606	0.27953818
30610	0.13085135
30614	0.14660574
30643	0.41551100
30647	0.11324330
30648	0.27197435
30744	0.44361199
30766	0.43286453
30767	0.15723989
30770	0.37347682
30772	0.30810044
30778	0.00907620
30783	0.31336173
30796	0.06543295
30798	0.13016798
30800	0.06322313
30801	0.10830711
30808	0.28986525
30829	0.38430639
30834	0.15840852
30836	0.09597636
30846	0.12899620
30847	0.17199319
30863	0.42577916
30868	0.24759298
30869	0.00765580
30876	0.34088023
30881	0.40590445
30886	0.08368761
30887	0.10412558
30896	0.29915876
30903	0.16865078
30904	0.09359620
30905	0.10209238
30908	0.23695314
30909	0.16559423
30911	0.02103931
30946	0.13370871
30955	0.07835675
30956	0.02566870
30971	0.16085962
30972	0.05454550
30982	0.36569007
30997	0.39094357
30998	0.03862690
31004	0.17164529
31023	0.41926434
31024	0.04736726
31025	0.07765383
31028	0.00338527
31029	0.02181102
31037	0.25796277
31038	0.05621336
31051	0.15398115
31052	0.12687196
31059	0.19464763
31065	0.21205367
31071	0.11409690
31076	0.21012744
31079	0.10693973
31083	0.06466691
31098	0.25085501
31104	0.16824922
31110	0.05253735
31145	0.40447004
31156	0.29394626
31157	0.08864216
31159	0.03587905
31160	0.09700935
31161	0.05624367
31164	0.17500824
31178	0.20271271
31195	0.38822769
31197	0.06524480
31202	0.27058659
31204	0.19278423
31209	0.33020044
31219	0.29537432
31240	0.33009917
31249	0.28913195
31250	0.08518104
31251	0.11491364
31268	0.31139458
31271	0.35084344
31296	0.42353765
31297	0.07831653
31301	0.06055656
31307	0.10986684
31312	0.15287715
31314	0.10309180
31316	0.12973221
31319	0.37703399
31328	0.13873154
31376	0.44182628
31378	0.11942913
31382	0.02195969
31383	0.19163503
31398	0.43302373
31399	0.01160113
31409	0.29021530
31416	0.13630546
31420	0.10518782
31421	0.06617252
31422	0.05672049
31452	0.41684992
31462	0.28495175
31464	0.02779778
31468	0.23293786
31474	0.00670956
31476	0.09767085
31479	0.19022924
31486	0.15240188
31488	0.09886370
31493	0.03978319
31502	0.32538284
31503	0.42773072
31514	0.11418949
31517	0.03031223
31525	0.36346474
31529	0.25749296
31550	0.32512836
31559	0.02090627
31583	0.38024897
31612	0.43790986
31613	0.07409623
31620	0.11002345
31623	0.21191857
31631	0.24211065
31632	0.06893281
31633	0.08038620
31668	0.26906476
31669	0.01581561
31670	0.18663749
31673	0.14450343
31702	0.40408094
31705	0.33340148
31729	0.42083274
31731	0.31268734
31733	0.12913837
31734	0.00857488
31735	0.04175710
31760	0.43396089
31761	0.16365524
31762	0.12750419
31807	0.43328203
31810	0.21033568
31820	0.37514760
31832	0.33956110
31835	0.07093167
31838	0.10013436
31839	0.13017817
31840	0.15694288
31851	0.35185168
31852	0.28829965
31859	0.07221781
31860	0.30113779
31863	0.24139428
31872	0.35191940
31873	0.01551114
31881	0.13269778
31890	0.30191591
31907	0.41026638
31908	0.10593813
31909	0.11635849
31910	0.03804552
31911	0.20662248
31913	0.09758558
31921	0.32149294
31922	0.21477821
31944	0.42031280
31959	0.19639347
31961	0.09258006
31969	0.16468416
31984	0.17381394
31985	0.11779384
31986	0.05591290
31990	0.25187266
31992	0.02698280
31993	0.00803816
31998	0.30604672
32017	0.38562031
32054	0.42923005
32056	0.24201572
32067	0.41988064
32081	0.43343292
32082	0.14945473
32109	0.37808439
32135	0.22884156
32136	0.13939581
32162	0.41524832
32171	0.18315450
32178	0.35582290
32179	0.03379139
32205	0.40129120
32206	0.13465189
32235	0.27812771
32245	0.26270614
32247	0.06302996
32248	0.02965409
32249	0.07233443
32254	0.16918016
32259	0.11264008
32260	0.06604485
32264	0.06440824
32265	0.07216515
32271	0.22667032
32275	0.13261706
32288	0.41763774
32289	0.18787495
32291	0.06819039
32295	0.08332818
32302	0.34572848
32309	0.20163973
32324	0.38622771
32326	0.12211607
32368	0.44219224
32371	0.02769252
32408	0.43516427
32409	0.00148893
32417	0.27456015
32420	0.12162695
32439	0.22618507
32440	0.20654566
32448	0.10943554
32449	0.05461757
32461	0.37490989
32462	0.05557990
32465	0.25776807
32467	0.01313160
32481	0.21237960
32484	0.13134825
32485	0.08432866
32500	0.10978511
32505	0.11565066
32506	0.08016726
32544	0.34290489
32545	0.04263774
32546	0.12823207
32547	0.04910009
32548	0.08731250
32549	0.02207958
32551	0.07290945
32558	0.28981102
32562	0.18787240
32563	0.08308150
32570	0.28770035
32575	0.15937675
32576	0.06123130
32581	0.16711107
32582	0.04275846
32583	0.19086182
32595	0.26574610
32597	0.01292552
32600	0.18448444
32606	0.19448532
32609	0.31369782
32612	0.06592586
32613	0.07950495
32635	0.41752163
32638	0.18391950
32655	0.26187601
32660	0.14055374
32661	0.18811074
32662	0.08990861
32697	0.42886145
32715	0.35445078
32718	0.13904228
32719	0.42894990
32722	0.19411785
32727	0.04172679
32728	0.19401350
32729	0.11463265
32730	0.20445149
32731	0.07917942
32749	0.43174839
32756	0.18084714
32759	0.00050458
32761	0.11320262
32762	0.03905944
32773	0.25330391
32780	0.02172028
32800	0.43738217
32803	0.33327997
32814	0.34976247
32815	0.09723239
32817	0.03861086
32832	0.39545240
32833	0.44089782
32834	0.08978483
32838	0.36413600
32856	0.28666988
32860	0.17214286
32863	0.06434126
32864	0.07198159
32881	0.40136798
32905	0.35691681
32911	0.14470746
32916	0.01908483
32924	0.10802218
32928	0.20440910
32935	0.15222508
32939	0.29800009
32992	0.38333285
33029	0.43203485
33030	0.30807768
33036	0.40274307
33047	0.21158828
33048	0.06297893
33060	0.24314170
33063	0.04650144
33067	0.02930109
33072	0.11263605
33090	0.42448963
33091	0.15983869
33092	0.10936603
33093	0.20556536
33097	0.13518942
33099	0.16377513
33103	0.15688870
33104	0.15560495
33105	0.07523258
33135	0.30341102
33137	0.19383045
33141	0.24424538
33151	0.23831540
33158	0.33397259
33179	0.37152853
33182	0.30931507
33200	0.44155448
33207	0.07903628
33209	0.13630577
33212	0.13109773
33213	0.05802406
33231	0.39632260
33232	0.03566816
33233	0.14347351
33246	0.19628129
33252	0.04077976
33253	0.01846791
33254	0.14062940
33262	0.01507580
33263	0.10575172
33265	0.09155420
33273	0.35477715
33277	0.17473195
33284	0.19630614
33293	0.39260720
33309	0.14586904
33315	0.36799252
33316	0.09561787
33317	0.15482072
33342	0.37119731
33384	0.42288368
33426	0.43694040
33430	0.29783246
33431	0.43651544
33433	0.02833318
33454	0.44292278
33512	0.44352989
33543	0.43423538
33544	0.25720227
33545	0.34556073
33548	0.25015098
33617	0.44319868
33650	0.44272737
33715	0.44365369
33721	0.24636288
33722	0.10381977
33726	0.28188949
33727	0.00681977
33755	0.44355399
33782	0.43115543
33786	0.28439750
33789	0.11435335
33790	0.11750100
33792	0.16951463
33796	0.08006559
33799	0.10034987
33801	0.07915288
33810	0.21483790
33847	0.44214098
33856	0.31246518
33857	0.10858310
33866	0.24304543
33867	0.19380083
33873	0.23869764
33874	0.14213149
33892	0.44089822
33894	0.31033230
33919	0.24574425
33923	0.15446353
33925	0.19399169
33938	0.11572602
33939	0.05239711
33949	0.34548889
33952	0.20728539
33957	0.24232269
33969	0.03533978
33973	0.28604063
33978	0.10275916
33979	0.10189653
33980	0.05825017
33982	0.16762158
33986	0.17057326
34001	0.39206407
34002	0.15981894
34005	0.21742781
34006	0.18234313
34021	0.16921690
34033	0.01810956
34034	0.02801264
34071	0.44306166
34101	0.43710998
34121	0.42301060
34122	0.05908101
34131	0.37807122
34138	0.34007439
34141	0.15195656
34142	0.18618979
34143	0.09518608
34147	0.18212380
34148	0.09891885
34151	0.24943512
34159	0.13769039
34173	0.17165307
34174	0.18483700
34177	0.04943038
34178	0.15516050
34179	0.12076305
34184	0.01682313
34189	0.24421565
34191	0.09897902
34194	0.11157703
34198	0.11072769
34203	0.05601778
34204	0.09601463
34205	0.03271260
34206	0.09076770
34222	0.39540676
34224	0.10644226
34236	0.35701486
34241	0.25389340
34242	0.09454135
34264	0.28413091
34267	0.02422739
34268	0.18470347
34276	0.19294770
34288	0.16516724
34298	0.32155478
34305	0.33462619
34364	0.43713167
34376	0.24827620
34397	0.36798208
34399	0.11635874
34402	0.19052683
34417	0.36931584
34421	0.02578520
34441	0.35499630
34463	0.43320935
34464	0.05102505
34475	0.18407041
34476	0.20627256
34477	0.04577960
34481	0.10462285
34483	0.16958333
34503	0.30045774
34505	0.04765886
34513	0.39452910
34519	0.40136147
34546	0.39625631
34566	0.21737879
34569	0.00803461
34570	0.11998643
34596	0.42874413
34598	0.04979285
34605	0.23595078
34611	0.11195647
34618	0.15459535
34620	0.21897046
34623	0.18653135
34627	0.31955689
34628	0.01775098
34633	0.27035129
34646	0.35466337
34649	0.07500206
34665	0.13717925
34669	0.31505374
34670	0.04450685
34671	0.01371549
34672	0.10247972
34675	0.20664286
34677	0.33744828
34735	0.44304869
34740	0.31677532
34742	0.13647036
34744	0.15604522
34746	0.10719310
34787	0.43523966
34790	0.10905585
34797	0.13138162
34800	0.36174381
34801	0.00656492
34803	0.10067245
34810	0.31974740
34813	0.27819826
34814	0.00413621
34820	0.23265024
34822	0.11192459
34827	0.09776805
34829	0.03271322
34849	0.26663987
34855	0.18547282
34869	0.39258266
34871	0.05334480
34891	0.39948201
34926	0.44284642
34931	0.38885953
34932	0.19183617
34948	0.35906129
34958	0.06645110
34959	0.00368389
34961	0.17267550
34989	0.43601841
34990	0.18577675
35001	0.26732658
35021	0.32259467
35022	0.11370868
35023	0.15402415
35025	0.18657284
35026	0.18701357
35037	0.23856096
35040	0.17535064
35042	0.28832732
35044	0.05486881
35045	0.15222869
35054	0.30547849
35059	0.32093232
35060	0.05408981
35063	0.07771676
35067	0.34620528
35096	0.40976809
35103	0.22960354
35107	0.30661683
35108	0.04083318
35109	0.09432095
35110	0.28565309
35113	0.34784927
35114	0.21520871
35116	0.01627634
35117	0.02914425
35119	0.01128282
35132	0.16253316
35133	0.18114068
35135	0.29983001
35136	0.05979287
35140	0.12310482
35141	0.06356826
35154	0.39728245
35178	0.38006094
35204	0.40155522
35207	0.04240310
35208	0.08051618
35211	0.13450590
35215	0.15240333
35216	0.03774464
35220	0.20103070
35236	0.37430840
35244	0.12829944
35247	0.22416314
35250	0.09631933
35280	0.44302176
35300	0.39286258
35301	0.04346448
35336	0.40607439
35338	0.03914195
35339	0.07048064
35363	0.28152998
35372	0.19393010
35376	0.20939305
35424	0.44326680
35427	0.22486627
35439	0.30734339
35455	0.41835170
35480	0.42633668
35481	0.38886251
35482	0.01891709
35483	0.06021382
35488	0.33857240
35606	0.44319014
35630	0.43839099
35631	0.06812183
35632	0.13232517
35639	0.22308055
35641	0.13210637
35642	0.13678669
35644	0.12369210
35651	0.34644094
35665	0.39812026
35697	0.24723580
35698	0.09863056
35699	0.02099780
35700	0.08681343
35703	0.24359173
35707	0.16451313
35725	0.43047912
35736	0.40293758
35750	0.43648833
35761	0.19268310
35794	0.43849215
35798	0.21259597
35835	0.43317141
35836	0.13683355
35863	0.38354381
35867	0.15947671
35892	0.38877291
35894	0.01388375
35910	0.42616251
35911	0.14957259
35914	0.03199623
35941	0.17387442
35948	0.05289588
36010	0.44343755
36011	0.19207310
36019	0.39233455
36033	0.42136321
36039	0.26523556
36071	0.41712156
36077	0.19111405
36083	0.11337648
36103	0.43978905
36104	0.18283663
36109	0.20524281
36110	0.05066038
36112	0.30059502
36138	0.42616698
36143	0.04336988
36144	0.19102362
36148	0.32311278
36154	0.05238085
36156	0.03162700
36163	0.32446418
36180	0.36327661
36192	0.31307731
36193	0.24119845
36209	0.40688372
36212	0.17677810
36213	0.00882586
36223	0.30623033
36228	0.22289752
36235	0.16162491
36237	0.02802762
36255	0.31733806
36267	0.35781382
36278	0.29016448
36279	0.07150704
36290	0.39046527
36322	0.43021505
36323	0.11402366
36324	0.01444728
36340	0.36566312
36341	0.15944487
36342	0.04448502
36383	0.44241794
36398	0.20111385
36400	0.01162778
36406	0.07989514
36412	0.04219004
36415	0.13389162
36417	0.10319803
36418	0.00517844
36438	0.40665126
36456	0.43220169
36459	0.16159238
36472	0.38393390
36481	0.40335684
36484	0.03593755
36494	0.36950748
36500	0.36443797
36505	0.33648840
36522	0.33042431
36523	0.19470472
36525	0.01090908
36540	0.41907189
36578	0.43952929
36581	0.14541385
36585	0.07608050
36586	0.09933552
36587	0.06867416
36593	0.04024304
36594	0.18891248
36600	0.07477168
36602	0.05752549
36605	0.15451535
36612	0.16749843
36619	0.20649574
36621	0.04344165
36626	0.31847988
36637	0.19075652
36679	0.29066796
36682	0.09939421
36685	0.04837467
36687	0.32998852
36718	0.40592686
36722	0.10680222
36729	0.13216402
36767	0.43434385
36768	0.09974531
36772	0.30159037
36775	0.21563147
36777	0.12629713
36778	0.12604619
36783	0.33992195
36787	0.18849423
36800	0.36219078
36805	0.25639505
36860	0.44355295
36865	0.25326330
36884	0.29006189
36890	0.18732283
36894	0.14014513
36899	0.19714955
36902	0.20995779
36907	0.29055675
36911	0.11619083
36913	0.02599273
36916	0.14155494
36925	0.11729065
36926	0.12807752
36927	0.08083797
36939	0.10407356
36949	0.24856411
36965	0.32623934
36998	0.42463545
36999	0.00373427
37000	0.15215034
37003	0.30777467
37008	0.40234237
37013	0.07997782
37025	0.42756881
37031	0.14812362
37049	0.05637205
37050	0.06118944
37058	0.16846816
37059	0.23836157
37063	0.13442843
37066	0.17878414
37072	0.04119917
37077	0.15092626
37079	0.27771695
37082	0.18595666
37108	0.40506110
37112	0.18588720
37152	0.43542878
37155	0.13064679
37163	0.02030046
37164	0.28433517
37165	0.11116103
37168	0.06105682
37174	0.05399713
37185	0.23967078
37191	0.23513093
37199	0.10611887
37219	0.13306624
37220	0.13658766
37221	0.02309495
37233	0.26289926
37238	0.12996643
37239	0.09495992
37244	0.31344429
37259	0.36895779
37268	0.38070632
37286	0.42200403
37292	0.20697198
37293	0.24711081
37295	0.25877168
37303	0.24539373
37312	0.13400581
37313	0.02509643
37332	0.44001102
37334	0.19595768
37343	0.24052181
37359	0.32333172
37360	0.18392401
37364	0.01441199
37367	0.10183207
37368	0.03101887
37372	0.14426518
37380	0.20282100
37386	0.14843355
37390	0.29952464
37392	0.27182232
37393	0.05654186
37396	0.06762121
37417	0.41991609
37418	0.12364763
37419	0.03595508
37420	0.10935969
37442	0.32227437
37482	0.43447988
37486	0.20574531
37488	0.12218995
37500	0.11121968
37502	0.02143346
37512	0.06953918
37520	0.26867247
37522	0.05627027
37538	0.43800002
37539	0.14180144
37571	0.29493089
37616	0.44014658
37626	0.19207608
37647	0.42108486
37653	0.16682012
37659	0.14480456
37660	0.17516932
37662	0.12954219
37663	0.03910602
37716	0.43480572
37719	0.16199736
37720	0.19212473
37726	0.19032670
37737	0.40765626
37780	0.44229197
37781	0.09005441
37799	0.25995133
37800	0.18488768
37806	0.09871019
37835	0.31928928
37837	0.04583216
37851	0.02953746
37867	0.40936381
37869	0.19033091
37871	0.26530829
37876	0.26036136
37880	0.06190579
37884	0.19786765
37887	0.32271202
37892	0.14894297
37893	0.30026803
37932	0.44020873
37936	0.18696464
37939	0.40768497
37941	0.16060225
37944	0.34300113
37947	0.27658664
37953	0.25783545
37957	0.13209243
37959	0.14958754
37962	0.06497807
37963	0.43949134
37967	0.15928676
37972	0.30461422
37978	0.11602038
37983	0.41631512
38001	0.32905721
38011	0.27979947
38012	0.08826407
38016	0.05988900
38018	0.05899428
38025	0.36532637
38038	0.35803668
38052	0.27049282
38055	0.43977659
38057	0.32831889
38059	0.11317701
38074	0.29418034
38076	0.20307018
38081	0.02456175
38084	0.04921771
38089	0.04857124
38090	0.06332264
38092	0.11862042
38096	0.25243948
38107	0.37285189
38111	0.24639259
38112	0.18893526
38122	0.28564235
38123	0.08295564
38124	0.18953154
38127	0.12726300
38133	0.32141137
38134	0.23834466
38142	0.41816511
38145	0.19046161
38150	0.04201824
38151	0.00554360
38161	0.29804612
38163	0.16482834
38164	0.07351544
38203	0.37958745
38204	0.15840262
38205	0.08796944
38210	0.15532827
38253	0.44075756
38256	0.32065624
38264	0.16258817
38266	0.16858340
38300	0.39639984
38315	0.33151477
38316	0.04559891
38327	0.14996395
38330	0.11012811
38332	0.15356562
38333	0.02604786
38341	0.02424765
38361	0.08978266
38364	0.03409935
38365	0.04455733
38369	0.23010928
38374	0.26365024
38375	0.04227053
38384	0.23805413
38419	0.41792137
38422	0.02999801
38425	0.17636337
38434	0.10915117
38435	0.07982257
38438	0.06126154
38439	0.01642702
38445	0.14353526
38465	0.38710968
38466	0.20905640
38467	0.10500669
38470	0.10299500
38480	0.34952792
38484	0.14097293
38485	0.10370493
38492	0.31652327
38493	0.02635439
38494	0.06392538
38495	0.11602269
38499	0.05725605
38500	0.43971317
38504	0.11570502
38505	0.09121771
38507	0.10958775
38614	0.44325689
38615	0.04708967
38619	0.05040933
38622	0.06595263
38625	0.02834094
38628	0.18292686
38656	0.43498030
38660	0.28918231
38682	0.42262621
38705	0.23250577
38706	0.04466939
38707	0.15252211
38730	0.40816191
38734	0.19372563
38742	0.10863360
38745	0.06285270
38747	0.16198074
38767	0.41626126
38785	0.27734545
38787	0.22631720
38818	0.36871875
38821	0.18308333
38823	0.34462642
38824	0.11284874
38825	0.04735981
38826	0.18799085
38829	0.08094675
38831	0.33526328
38832	0.00030607
38837	0.23886902
38847	0.41184286
38850	0.11179368
38851	0.20114267
38865	0.04811642
38867	0.10071848
38870	0.03039718
38891	0.40960908
38892	0.18765714
38895	0.13417983
38924	0.29146844
38926	0.18307879
38929	0.37108453
38937	0.02943091
38946	0.13902146
38949	0.18302586
38954	0.11905469
38955	0.24770986
38956	0.28378986
38957	0.04110019
38958	0.07002565
38964	0.24416562
38965	0.42753955
38971	0.22175566
38987	0.10228618
39004	0.33201598
39020	0.35101431
39021	0.11830924
39030	0.07602095
39031	0.16698215
39037	0.35256944
39039	0.18548169
39044	0.19036782
39053	0.25257645
39069	0.40939741
39076	0.05354401
39085	0.43928064
39086	0.02235517
39087	0.01792572
39095	0.30612535
39115	0.06563698
39119	0.28221118
39125	0.14435675
39127	0.09255066
39144	0.14083950
39145	0.08750174
39146	0.13239838
39147	0.11340822
39162	0.25463830
39165	0.11295997
39173	0.28053177
39174	0.18715680
39176	0.15017527
39177	0.10866673
39182	0.34517569
39183	0.18637252
39184	0.20843038
39190	0.27652283
39192	0.07757066
39193	0.12059120
39195	0.16714212
39196	0.13875654
39199	0.20388581
39202	0.19840813
39203	0.12291445
39231	0.21094105
39235	0.02825425
39239	0.14662283
39242	0.19902725
39243	0.11005112
39244	0.09500259
39253	0.31390440
39262	0.22367553
39264	0.11556668
39271	0.14557462
39272	0.13956562
39277	0.18145661
39299	0.27356916
39301	0.01678780
39320	0.11541831
39321	0.05155075
39322	0.07843422
39323	0.04959289
39325	0.05475189
39331	0.21240894
39332	0.04847326
39336	0.07395383
39340	0.23313228
39345	0.28776596
39346	0.11689514
39348	0.08289136
39366	0.34057205
39367	0.07690639
39368	0.02066210
39369	0.10192144
39370	0.10116583
39378	0.39550861
39383	0.04835733
39386	0.17867875
39402	0.35860961
39408	0.10985015
39410	0.10664253
39434	0.27419961
39437	0.19302297
39439	0.07407004
39440	0.10568947
39441	0.04810431
39444	0.05124702
39445	0.03966180
39460	0.43557523
39469	0.28840690
39471	0.03172741
39478	0.32600600
39483	0.13831202
39498	0.30032570
39501	0.17140655
39523	0.33998027
39534	0.38496217
39548	0.37359609
39555	0.34754059
39582	0.36194520
39583	0.03293114
39584	0.06919463
39586	0.01598261
39588	0.00320468
39598	0.06376337
39600	0.10749104
39601	0.17819088
39602	0.07559484
39606	0.05872167
39607	0.08136339
39608	0.10985383
39611	0.11995874
39614	0.08141567
39616	0.02311628
39647	0.39650211
39648	0.19212227
39659	0.43989590
39688	0.36243329
39696	0.25470794
39723	0.44357520
39728	0.19840382
39731	0.29079893
39773	0.43807865
39777	0.16967965
39791	0.34227407
39803	0.42624865
39807	0.36822607
39810	0.14967439
39811	0.01258275
39835	0.39153654
39837	0.27982385
39861	0.38737279
39862	0.00933197
39916	0.43520107
39920	0.33837191
39924	0.17241936
39925	0.21391549
39929	0.08181030
39935	0.14370285
39941	0.18467530
39946	0.04884698
39957	0.21250565
39959	0.29831753
39960	0.17453607
39961	0.09302174
39963	0.01150699
39984	0.38443799
40010	0.22526214
40012	0.24996872
40014	0.30188458
40015	0.19972311
40017	0.19612017
40041	0.43683793
40042	0.02407694
40045	0.07999627
40047	0.15698277
40053	0.22119588
40061	0.07918351
40077	0.36161477
40079	0.18644066
40080	0.01686759
40081	0.14609715
40092	0.29689667
40098	0.00568632
40100	0.17474258
40101	0.00685862
40104	0.10486701
40112	0.15820945
40115	0.15102996
40130	0.20133267
40135	0.16295432
40140	0.17768122
40147	0.33198006
40148	0.06886031
40153	0.14936226
40154	0.11126108
40183	0.05102903
40187	0.36830945
40192	0.02754478
40221	0.36539428
40222	0.14553313
40231	0.19148157
40262	0.43233195
40272	0.34966502
40274	0.11824909
40275	0.09781651
40280	0.18769555
40289	0.18344531
40290	0.00564050
40291	0.12589810
40292	0.04200912
40298	0.08266925
40302	0.01669301
40303	0.11912646
40316	0.26239106
40317	0.18520590
40322	0.15004800
40327	0.22002325
40328	0.10305159
40329	0.17731852
40330	0.24740542
40333	0.05152387
40345	0.41536321
40346	0.17026904
40348	0.03857335
40359	0.38272169
40360	0.15086677
40366	0.07878379
40369	0.15348826
40370	0.42809157
40381	0.09521801
40382	0.08360502
40384	0.16699451
40385	0.11167557
40390	0.15397303
40396	0.01942165
40399	0.12631204
40400	0.14093471
40405	0.22606177
40407	0.09994397
40409	0.18276173
40410	0.13657868
40419	0.26333911
40423	0.18611074
40430	0.27146995
40434	0.13266388
40435	0.44030560
40438	0.28226673
40439	0.19005013
40444	0.32623355
40517	0.44373568
40519	0.08372341
40524	0.22917013
40528	0.31599243
40529	0.18320336
40531	0.01753881
40536	0.29992295
40559	0.42916860
40560	0.14083320
40561	0.08757134
40562	0.17482387
40564	0.12592989
40578	0.30033855
40579	0.15568488
40580	0.01548620
40584	0.12535163
40592	0.19860326
40594	0.21761181
40595	0.04621743
40625	0.43878456
40631	0.22358113
40634	0.18539833
40635	0.17746099
40655	0.28419551
40656	0.10063295
40663	0.38760778
40666	0.20896404
40674	0.32998669
40675	0.18893207
40680	0.19753121
40691	0.27653360
40698	0.24737120
40699	0.10493573
40700	0.09375974
40709	0.31851943
40719	0.42253420
40730	0.24355221
40737	0.32070046
40750	0.11016217
40803	0.44128854
40805	0.00919127
40806	0.08107289
40808	0.05026583
40815	0.10794158
40816	0.18792123
40817	0.11930500
40852	0.39452283
40894	0.44355733
40895	0.08563894
40897	0.07683084
40898	0.27543191
40905	0.25944258
40906	0.12996363
40907	0.22499129
40908	0.04204598
40909	0.21389905
40924	0.40323596
40936	0.24350945
40937	0.11833556
40938	0.08028567
40947	0.05609146
40948	0.10964617
40949	0.16712984
40987	0.14297138
40989	0.12712142
40994	0.01796928
41007	0.40860458
41011	0.12053163
41012	0.21751864
41028	0.34279092
41035	0.09877863
41043	0.34584580
41049	0.26739474
41074	0.40169623
41075	0.11184786
41084	0.32688567
41092	0.30648991
41094	0.06866407
41095	0.03816395
41097	0.04376534
41099	0.12693978
41101	0.19182730
41104	0.08667013
41109	0.00922762
41115	0.30004902
41127	0.33189118
41135	0.05420595
41137	0.32921348
41138	0.03605226
41143	0.09289201
41167	0.43252711
41168	0.01866821
41172	0.24549748
41176	0.17558734
41179	0.05623054
41180	0.00967187
41188	0.22267587
41192	0.14297129
41193	0.01677439
41194	0.10776414
41196	0.16391852
41201	0.05376981
41203	0.08857550
41205	0.15226583
41221	0.43828412
41238	0.32292475
41240	0.04968426
41247	0.18851896
41248	0.06711991
41270	0.42560718
41302	0.42717749
41303	0.07031315
41305	0.01056633
41308	0.10680185
41317	0.35541987
41320	0.22693628
41322	0.06570634
41338	0.27187117
41342	0.06816256
41343	0.17190178
41362	0.08136647
41378	0.42717004
41379	0.15289586
41388	0.13456036
41392	0.17074705
41395	0.12906071
41398	0.13084749
41400	0.06684686
41409	0.17600340
41410	0.12754675
41413	0.05996458
41415	0.01025809
41419	0.10737708
41423	0.01067217
41432	0.27838567
41458	0.41611977
41459	0.04496981
41465	0.28371417
41468	0.06325772
41477	0.27296293
41479	0.07918421
41480	0.04632452
41484	0.09614411
41485	0.12143431
41486	0.04439738
41494	0.07369472
41518	0.44195300
41519	0.05542132
41520	0.04676295
41522	0.16515698
41534	0.34022582
41537	0.28184401
41538	0.01942105
41541	0.06064608
41544	0.23337099
41550	0.06368467
41588	0.43288013
41595	0.32644547
41601	0.23062109
41608	0.02393445
41609	0.16581836
41610	0.05887780
41611	0.29791436
41687	0.44335823
41688	0.21126805
41696	0.30227912
41759	0.39685302
41761	0.10584626
41767	0.15000785
41769	0.15375168
41792	0.30678377
41804	0.22321850
41812	0.02477611
41816	0.03270509
41817	0.02797740
41823	0.27348412
41826	0.10307018
41830	0.09899062
41831	0.10786464
41832	0.17646995
41833	0.11480537
41843	0.10911862
41846	0.05747282
41847	0.22126782
41853	0.10875492
41857	0.10862600
41858	0.07914047
41896	0.42716140
41901	0.16148136
41906	0.04068947
41908	0.12844144
41912	0.19753255
41919	0.13973239
41928	0.23341216
41932	0.06627347
41935	0.10852966
41940	0.12872637
41943	0.27008518
41948	0.22946566
41958	0.09047212
41967	0.32635876
41973	0.34194161
41977	0.09971151
41979	0.29461586
41981	0.06038534
42001	0.38755589
42006	0.06872193
42008	0.21340278
42018	0.38138303
42019	0.05556761
42029	0.37248581
42043	0.03457016
42067	0.41916786
42068	0.14656221
42074	0.11918835
42077	0.16702876
42162	0.44259266
42186	0.36222656
42187	0.17334193
42198	0.35188520
42207	0.40562403
42230	0.42065228
42231	0.02128395
42234	0.19340222
42260	0.34986249
42261	0.09002179
42274	0.30624797
42276	0.18118365
42277	0.04734036
42281	0.12442915
42283	0.07303600
42287	0.23185098
42288	0.00137293
42292	0.08353045
42294	0.07233165
42304	0.41631290
42318	0.13530799
42323	0.18858009
42325	0.23268356
42326	0.08177648
42329	0.12337388
42330	0.11306300
42341	0.40802079
42342	0.09530012
42358	0.19766217
42365	0.25758210
42378	0.31803332
42384	0.04937391
42385	0.09397624
42388	0.09133617
42391	0.22880468
42396	0.20891998
42399	0.28317076
42400	0.07283614
42431	0.33536437
42444	0.28339444
42445	0.08680500
42446	0.15152521
42460	0.26685856
42466	0.28509963
42471	0.03648171
42472	0.05679924
42473	0.08208199
42481	0.23452959
42486	0.05518833
42487	0.14832602
42491	0.20265846
42493	0.01302570
42497	0.04305286
42499	0.05323195
42500	0.10636867
42505	0.11703850
42506	0.11245784
42507	0.06015367
42516	0.25784966
42521	0.27141077
42528	0.27171387
42529	0.06807530
42535	0.28833237
42538	0.25238476
42581	0.44070829
42582	0.12776194
42584	0.24626103
42595	0.41868815
42597	0.18170866
42610	0.16304723
42618	0.19416506
42619	0.21049025
42632	0.17247671
42653	0.40778018
42687	0.36163489
42691	0.00414395
42698	0.15527793
42725	0.40453174
42727	0.07088064
42731	0.06255957
42734	0.14509553
42742	0.18288048
42770	0.36191130
42775	0.09275879
42782	0.29661354
42788	0.27920433
42789	0.06000621
42804	0.41102218
42814	0.35435504
42815	0.20984436
42818	0.03719542
42819	0.43968595
42821	0.14261086
42856	0.37915034
42859	0.21879204
42869	0.07554036
42880	0.37518453
42886	0.17747147
42889	0.09324288
42890	0.10532614
42892	0.15702070
42894	0.09331123
42897	0.28018074
42913	0.35355948
42914	0.08885381
42915	0.16155105
42917	0.11232903
42918	0.18947497
42923	0.05977432
42925	0.06561306
42935	0.30430989
42940	0.11131442
42946	0.26883575
42951	0.12541973
42952	0.21016298
42995	0.44174110
42999	0.23784455
43000	0.12034119
43002	0.30794966
43004	0.31189433
43013	0.31350343
43016	0.35600544
43018	0.09593640
43034	0.31668016
43037	0.28974508
43049	0.00710572
43076	0.42326094
43080	0.37639261
43090	0.40061743
43095	0.14894274
43099	0.28809481
43100	0.18704640
43105	0.15413614
43136	0.33731922
43144	0.30436219
43150	0.06479060
43156	0.25216363
43169	0.27195191
43171	0.00570683
43182	0.20587993
43226	0.44370218
43230	0.10999382
43231	0.16505427
43233	0.09640160
43242	0.14886647
43246	0.10195534
43270	0.05471382
43272	0.18015881
43273	0.14814598
43290	0.06448507
43318	0.43366768
43345	0.44155700
43346	0.13831584
43348	0.06196566
43356	0.35027388
43361	0.36060194
43371	0.23713728
43393	0.40191690
43396	0.10779053
43425	0.43704223
43430	0.09329153
43435	0.09619606
43481	0.31006536
43482	0.08755916
43484	0.22213732
43491	0.17882855
43517	0.32474642
43541	0.36632315
43543	0.21907300
43547	0.01127168
43550	0.04672246
43551	0.13480845
43552	0.08784751
43553	0.11626110
43558	0.10289090
43561	0.17551301
43562	0.22640072
43566	0.33210417
43576	0.28724985
43579	0.00926008
43583	0.04126770
43588	0.14780424
43590	0.04681681
43686	0.44189099
43687	0.09617944
43692	0.03161415
43700	0.38031537
43717	0.37847567
43718	0.04728898
43720	0.15930359
43723	0.10585339
43724	0.11804325
43731	0.09353887
43733	0.30649641
43736	0.16969870
43738	0.11743295
43740	0.17628539
43744	0.10097354
43745	0.02821387
43750	0.02607076
43751	0.06746043
43752	0.01155800
43753	0.04533820
43768	0.28156640
43769	0.07411239
43776	0.34256288
43779	0.02576870
43783	0.05917576
43785	0.06421067
43791	0.12688398
43796	0.18730037
43797	0.10261681
43798	0.10683927
43801	0.15600067
43803	0.14004105
43811	0.18183068
43812	0.10050123
43822	0.33101128
43826	0.29844638
43864	0.44294902
43867	0.22994131
43879	0.38323887
43889	0.38372589
43905	0.11512635
43907	0.16237314
43908	0.02198879
43913	0.21773026
43919	0.28582626
43920	0.09486657
43948	0.43735960
43974	0.42504564
43977	0.14814323
43978	0.13721581
43993	0.24791524
43994	0.19338470
43999	0.23113721
44004	0.17865798
44005	0.04612552
44007	0.05217110
44022	0.37365955
44029	0.34066627
44065	0.23273681
44066	0.06065726
44068	0.13289352
44100	0.42518166
44104	0.28428120
44105	0.11659521
44106	0.12154094
44107	0.08303258
44262	0.44359803
44267	0.04803350
44275	0.09888815
44287	0.07476159
44288	0.01702012
44297	0.13440458
44305	0.38985395
44316	0.11710028
44321	0.14023878
44324	0.03947898
44325	0.22379053
44326	0.00695564
44329	0.11305351
44332	0.08998956
44350	0.38343996
44359	0.13675478
44370	0.40457034
44392	0.41294121
44394	0.33173809
44427	0.42632355
44430	0.00717648
44434	0.06198984
44436	0.04036256
44442	0.03299268
44446	0.20596245
44454	0.24219095
44467	0.35312230
44515	0.44346025
44516	0.12608384
44534	0.33167319
44537	0.14254073
44540	0.12886900
44541	0.04371774
44543	0.21417953
44545	0.10468511
44547	0.04335145
44550	0.08336884
44551	0.09596138
44555	0.23774860
44556	0.07194031
44567	0.41597185
44572	0.27269384
44574	0.16461320
44577	0.19673561
44583	0.01522447
44594	0.36581063
44598	0.14312903
44599	0.12006416
44600	0.15969632
44614	0.22898354
44618	0.02707881
44621	0.04881475
44631	0.23607775
44647	0.18986212
44674	0.39874957
44676	0.10084517
44683	0.15328076
44685	0.22609627
44686	0.03381848
44697	0.29680604
44705	0.25633174
44721	0.42978789
44723	0.08607180
44736	0.40288152
44753	0.42645034
44755	0.28219298
44757	0.23156110
44762	0.37731116
44765	0.05017277
44782	0.38500368
44784	0.09597675
44787	0.13197222
44791	0.07331144
44803	0.29592695
44804	0.09052929
44805	0.43732577
44820	0.43003607
44831	0.34872579
44842	0.34172806
44847	0.00693427
44848	0.01715675
44851	0.02661757
44860	0.36516513
44862	0.10895918
44866	0.02760794
44868	0.05225022
44870	0.19265693
44872	0.11239456
44873	0.13695293
44877	0.05925267
44883	0.28272264
44886	0.10793445
44934	0.44348034
44936	0.05052765
44937	0.18297393
44947	0.27173892
44949	0.06606207
44955	0.19933600
44977	0.44146724
44983	0.11241044
44990	0.19635964
44992	0.31178284
44997	0.07169690
44998	0.10245247
45008	0.31409062
45010	0.13829495
45015	0.29528564
45018	0.11246708
45024	0.06772514
45025	0.09430729
45026	0.17312135
45027	0.18888219
45031	0.26196344
45032	0.10786633
45034	0.19139977
45079	0.44122700
45081	0.10661540
45107	0.44094684
45121	0.25162859
45123	0.24743663
45128	0.33183130
45135	0.16430727
45142	0.19176545
45145	0.01960197
45157	0.15701419
45158	0.03464244
45159	0.08566075
45169	0.09801417
45181	0.43682561
45184	0.00877696
45187	0.04027770
45188	0.14696909
45189	0.08309229
45190	0.04514552
45191	0.04748013
45193	0.20122568
45194	0.06427923
45199	0.05842188
45200	0.06557546
45205	0.27264219
45215	0.07188430
45226	0.29321945
45230	0.27896620
45233	0.01624807
45234	0.11301167
45237	0.08627495
45319	0.44339132
45323	0.06466735
45325	0.11883973
45326	0.05102051
45339	0.39041630
45385	0.44336777
45389	0.00542776
45390	0.13041334
45402	0.04479868
45403	0.15258764
45406	0.01355311
45417	0.42369963
45419	0.12772552
45420	0.13944904
45446	0.32744649
45460	0.24671290
45461	0.19068326
45464	0.10979630
45466	0.35215429
45486	0.11133133
45487	0.14256439
45495	0.30849523
45496	0.09605846
45521	0.41622086
45523	0.34646969
45524	0.13724395
45525	0.15379016
45526	0.43876671
45536	0.17612350
45539	0.07796564
45541	0.05130118
45543	0.25217962
45546	0.22831107
45556	0.39854070
45562	0.11185923
45565	0.10670412
45569	0.24342769
45570	0.01820991
45571	0.09386508
45574	0.10901741
45575	0.18908009
45605	0.12256305
45632	0.37492139
45643	0.18364709
45648	0.19025288
45649	0.06891371
45651	0.05180188
45656	0.10332299
45663	0.11497967
45666	0.28807567
45669	0.11919118
45692	0.43920741
45697	0.09939312
45699	0.03940646
45712	0.39663492
45715	0.22463302
45736	0.39926258
45739	0.31696974
45749	0.40733542
45750	0.00133802
45754	0.11520232
45756	0.12362707
45758	0.22135830
45766	0.28132174
45771	0.16923925
45778	0.03677673
45844	0.44281336
45848	0.03895416
45849	0.17519773
45850	0.08867182
45863	0.37894207
45869	0.24470910
45878	0.30292922
45879	0.10061994
45884	0.21322797
45885	0.00362322
45898	0.31628384
45904	0.28203811
45920	0.25015858
45924	0.20826995
45926	0.20275170
45942	0.39927643
45945	0.01725323
45953	0.23962841
45963	0.36011676
45983	0.33594591
46001	0.43786045
46064	0.44298439
46065	0.25790502
46077	0.42211422
46139	0.44354163
46160	0.39196321
46161	0.15466856
46186	0.41827043
46193	0.31392220
46237	0.43970560
46247	0.22518268
46250	0.18023614
46251	0.18241959
46262	0.16065920
46264	0.06794038
46266	0.07183420
46269	0.19510516
46270	0.01362209
46271	0.00152200
46272	0.18874455
46274	0.09386853
46279	0.32589523
46281	0.05664885
46297	0.28458224
46311	0.41429312
46314	0.10894763
46325	0.24756446
46338	0.31166807
46339	0.08851445
46343	0.14589097
46344	0.44008808
46346	0.19227564
46357	0.07779009
46360	0.11146096
46361	0.17508784
46364	0.18829171
46377	0.29480752
46402	0.43297261
46404	0.25919129
46405	0.06627092
46406	0.00589014
46407	0.00519303
46419	0.34838504
46443	0.41338699
46464	0.40089852
46471	0.01187090
46472	0.22196041
46483	0.11223158
46486	0.13914668
46487	0.12117536
46497	0.27321329
46499	0.15365615
46501	0.27012325
46507	0.12716138
46509	0.01616608
46511	0.05930852
46513	0.18239067
46515	0.08849095
46517	0.25256018
46534	0.37875950
46536	0.14418743
46541	0.09770852
46542	0.14710734
46551	0.30524522
46557	0.09802139
46558	0.07766288
46569	0.00951503
46571	0.20687657
46572	0.23504378
46574	0.06057455
46585	0.04689169
46598	0.37531639
46616	0.34430472
46624	0.00424163
46630	0.31208567
46632	0.02177967
46634	0.32386103
46660	0.41112137
46662	0.19477289
46663	0.08715304
46665	0.08005453
46670	0.32875423
46671	0.06992876
46672	0.10060238
46695	0.44250340
46703	0.33041755
46718	0.42794503
46725	0.05470308
46727	0.04329956
46740	0.36188136
46745	0.00415976
46759	0.26655856
46764	0.16110924
46786	0.38238023
46788	0.01901625
46790	0.04154279
46791	0.11154448
46798	0.39434026
46804	0.12914925
46808	0.04152901
46814	0.22515006
46823	0.03092144
46824	0.05900690
46850	0.42345429
46852	0.19123112
46854	0.11268120
46857	0.07952535
46859	0.20287314
46861	0.09869935
46865	0.29720058
46866	0.12356038
46869	0.05360755
46870	0.14762653
46872	0.09565006
46873	0.13998247
46876	0.22180926
46879	0.22661058
46894	0.38623265
46895	0.08386916
46896	0.21107879
46903	0.08548379
46909	0.34778437
46919	0.37353059
46920	0.36878993
46921	0.27710820
46924	0.02563160
46932	0.24119789
46933	0.11780984
46950	0.36910690
46963	0.19427344
46973	0.31527101
46975	0.12899664
46981	0.13899856
46983	0.08911322
46993	0.29767069
46995	0.23974527
46998	0.03293716
47002	0.07469081
47004	0.17864950
47049	0.40016715
47053	0.09599664
47057	0.17154374
47059	0.15152549
47064	0.12971491
47074	0.25105249
47075	0.09390236
47085	0.03999551
47086	0.03183052
47116	0.43245735
47132	0.22104997
47146	0.34689229
47152	0.10769734
47153	0.05754777
47175	0.01378090
47200	0.43763142
47212	0.10964645
47217	0.24047252
47226	0.30765751
47228	0.05277705
47229	0.09070614
47230	0.02535925
47233	0.00122776
47238	0.06519155
47244	0.31797212
47249	0.04227946
47263	0.13454867
47283	0.41613332
47293	0.38160431
47295	0.06316365
47317	0.42520076
47339	0.33308930
47341	0.10848597
47344	0.03613881
47357	0.40220785
47358	0.05366430
47364	0.30239576
47374	0.39356071
47390	0.40150264
47391	0.26083112
47392	0.22189224
47399	0.02878727
47400	0.11484441
47401	0.10591104
47406	0.22333959
47409	0.24100627
47410	0.21644892
47415	0.32526951
47429	0.31161493
47430	0.05761322
47435	0.02488884
47441	0.08100368
47445	0.11526502
47451	0.18165337
47454	0.00099970
47455	0.06104881
47458	0.34326043
47459	0.06056863
47483	0.18670924
47485	0.14012420
47486	0.18239440
47490	0.26036045
47491	0.09938064
47492	0.12559166
47509	0.42833059
47514	0.19210729
47515	0.22736145
47518	0.21587451
47519	0.27182369
47523	0.09365506
47525	0.00234450
47541	0.40579549
47542	0.43982943
47543	0.09396830
47544	0.17001530
47546	0.20378115
47551	0.28819567
47552	0.07430028
47566	0.39542501
47569	0.31653612
47574	0.11535279
47580	0.37148997
47582	0.22931734
47588	0.02598196
47594	0.23214631
47597	0.28439363
47598	0.08635777
47602	0.19160345
47603	0.10051278
47604	0.09743644
47605	0.07868606
47610	0.20603218
47614	0.00675017
47623	0.28244550
47642	0.35284489
47646	0.03250088
47647	0.06708764
47677	0.44092646
47681	0.06500257
47703	0.39360229
47712	0.31549507
47713	0.07472563
47714	0.18210194
47725	0.41860614
47747	0.33486018
47752	0.13850530
47770	0.30553672
47773	0.22797490
47775	0.30856809
47776	0.00599634
47814	0.39857898
47817	0.02482035
47822	0.25562707
47827	0.16531459
47832	0.17417601
47861	0.44118527
47869	0.27928259
47871	0.12944188
47877	0.19783137
47878	0.00271630
47880	0.05948856
47884	0.29135617
47896	0.23534756
47897	0.07346411
47899	0.18034874
47901	0.38790931
47907	0.40051924
47911	0.34457608
47924	0.19088474
47927	0.01404483
47934	0.05321906
47939	0.14054212
47942	0.09432007
47943	0.30244151
47946	0.03765110
47948	0.23587652
47967	0.26788310
47969	0.15408615
48002	0.43847532
48004	0.08730111
48022	0.43451269
48024	0.18709143
48028	0.13083827
48031	0.38570690
48032	0.04986636
48073	0.37587032
48076	0.35753304
48089	0.34678905
48090	0.10274480
48095	0.17933816
48098	0.43918889
48104	0.13801940
48120	0.40090269
48122	0.24135786
48125	0.32584978
48127	0.18640577
48138	0.27821970
48192	0.44355189
48198	0.07663735
48201	0.10351674
48212	0.31632683
48248	0.38259257
48251	0.23335119
48252	0.12571980
48262	0.36534709
48264	0.20842679
48299	0.35312452
48300	0.08696210
48307	0.06849412
48327	0.33545233
48343	0.29266585
48387	0.43523765
48388	0.16833429
48391	0.18231554
48405	0.36376238
48407	0.00654323
48409	0.03667585
48411	0.26371503
48413	0.11938986
48414	0.09311644
48427	0.32247025
48431	0.13439370
48437	0.34172082
48438	0.18168599
48441	0.13117921
48442	0.00813093
48570	0.44354105
48571	0.10431223
48576	0.29594742
48577	0.10218402
48583	0.40119419
48604	0.27918979
48605	0.08679995
48611	0.08864073
48624	0.30590690
48634	0.42123429
48637	0.22856828
48666	0.43248815
48674	0.07445216
48677	0.18364765
48724	0.44140669
48727	0.09069954
48729	0.36695765
48733	0.25394557
48735	0.25281176
48744	0.33684774
48747	0.09435284
48758	0.31208444
48759	0.07775872
48773	0.42535254
48778	0.27677962
48779	0.13818514
48780	0.16389815
48795	0.37682452
48800	0.05039792
48804	0.02304922
48823	0.41266379
48829	0.22058500
48830	0.08478057
48851	0.42636034
48868	0.38607708
48878	0.18705913
48881	0.00302329
48883	0.07184332
48886	0.33521519
48891	0.28276731
48895	0.17726407
48896	0.09508909
48898	0.12358435
48900	0.10378534
48901	0.10791158
48903	0.16764892
48904	0.06043443
48908	0.05587307
48915	0.16399574
48973	0.44363327
48976	0.22226258
48984	0.02230746
48993	0.38901211
49001	0.32377356
49016	0.12767587
49018	0.21615828
49022	0.06952864
49031	0.21034332
49033	0.00939674
49040	0.17705969
49069	0.41366261
49074	0.43988615
49076	0.10514337
49086	0.16731137
49090	0.14205675
49092	0.13318069
49096	0.39323228
49098	0.13302748
49105	0.40249419
49110	0.04107009
49118	0.32137567
49121	0.17597578
49143	0.39857393
49149	0.23052301
49150	0.08641436
49151	0.17004985
49154	0.03429254
49161	0.12708287
49165	0.36931804
49166	0.13062332
49172	0.36005677
49173	0.17790616
49174	0.14698921
49176	0.11032899
49177	0.09644036
49181	0.31669099
49182	0.06148729
49184	0.10027492
49190	0.24198773
49192	0.07022850
49199	0.26522829
49216	0.41776251
49220	0.10078016
49223	0.27280565
49225	0.31506374
49254	0.31908039
49295	0.44355661
49299	0.40497791
49300	0.03259090
49301	0.10647395
49303	0.09386842
49304	0.18687286
49332	0.41605221
49333	0.14349711
49334	0.06294804
49340	0.31969678
49356	0.39986765
49369	0.38759148
49382	0.26018891
49418	0.44291417
49427	0.07229264
49430	0.00102957
49431	0.17049525
49432	0.09379562
49435	0.02203228
49436	0.01287481
49449	0.11678129
49453	0.01001137
49455	0.19801086
49458	0.08906270
49460	0.23927583
49466	0.31663839
49471	0.06878504
49473	0.15851551
49480	0.31271524
49509	0.41527895
49511	0.02272431
49516	0.10586344
49517	0.18818801
49541	0.44239933
49543	0.17809037
49544	0.06344316
49545	0.01844814
49548	0.07456409
49553	0.14003392
49554	0.10152897
49563	0.39682109
49566	0.17969157
49573	0.35564758
49600	0.44016323
49601	0.07431354
49607	0.18502482
49642	0.41853394
49658	0.43735402
49667	0.07466627
49668	0.14447983
49669	0.08993072
49671	0.05062954
49676	0.02253610
49678	0.13073668
49681	0.14139287
49690	0.17236974
49691	0.04510350
49726	0.41344948
49727	0.10097483
49743	0.42240593
49764	0.40223540
49794	0.43818099
49804	0.29425536
49805	0.16968222
49817	0.31982975
49820	0.08485196
49842	0.37144904
49865	0.33305425
49875	0.21333251
49879	0.18541394
49908	0.44331211
49910	0.03112857
49929	0.38332637
49939	0.42916043
49941	0.12751517
49948	0.40318069
49951	0.29274987
49958	0.44017073
49962	0.04552385
49964	0.32703202
49970	0.17141044
49971	0.17978428
49978	0.35424286
49983	0.11129507
49984	0.06177511
49993	0.22181644
50002	0.36610836
50029	0.34096532
50033	0.06431530
50052	0.38423786
50054	0.12310644
50055	0.09932051
50056	0.24398641
50073	0.43542982
50079	0.03484427
50081	0.12092880
50084	0.24265615
50085	0.20422095
50090	0.25555274
50109	0.39400435
50110	0.12729435
50112	0.01314033
50118	0.21682765
50130	0.27400609
50149	0.40314070
50151	0.25435381
50152	0.09286094
50158	0.06231734
50159	0.28165754
50182	0.39818074
50183	0.10425103
50192	0.33092711
50205	0.37472936
50213	0.41254529
50231	0.34222910
50234	0.22482007
50243	0.07718414
50270	0.35975342
50271	0.00055260
50272	0.03978629
50278	0.09866409
50279	0.18446562
50288	0.34611894
50295	0.38795957
50296	0.00487273
50300	0.26149627
50302	0.09891915
50306	0.08684228
50323	0.20104200
50324	0.15883906
50326	0.16868648
50330	0.38953241
50331	0.02532570
50332	0.23478595
50360	0.30575140
50363	0.11063892
50367	0.08780498
50371	0.22367703
50372	0.00034513
50386	0.09488097
50400	0.26928683
50403	0.24887347
50406	0.22002769
50415	0.26167930
50416	0.11577432
50417	0.00529405
50434	0.10653260
50435	0.02916265
50437	0.21049479
50445	0.26805159
50449	0.21363941
50481	0.04342605
50482	0.02703031
50483	0.08098187
50487	0.23920322
50489	0.22982426
50514	0.28636469
50515	0.00615661
50518	0.16835175
50568	0.44352190
50569	0.10478150
50572	0.12696011
50575	0.10433225
50576	0.04771003
50581	0.02835170
50583	0.04322538
50584	0.16659102
50586	0.20705582
50597	0.36564452
50616	0.26823559
50620	0.31496805
50623	0.26184019
50624	0.11231681
50627	0.21303038
50636	0.19993549
50642	0.34246254
50643	0.19716675
50644	0.21578423
50645	0.10837465
50653	0.23971442
50655	0.11090658
50656	0.18708604
50657	0.11754742
50658	0.00048912
50659	0.14716719
50662	0.10442440
50673	0.24799467
50677	0.07752225
50679	0.10530377
50682	0.09604270
50684	0.21231389
50685	0.14903360
50688	0.09583881
50690	0.14734536
50699	0.35132683
50702	0.19204094
50709	0.21403992
50713	0.21191357
50736	0.42934614
50737	0.10436495
50738	0.21885483
50747	0.40792207
50748	0.07520005
50749	0.15114888
50786	0.43990551
50789	0.10503767
50790	0.14670653
50791	0.02888027
50792	0.12711366
50800	0.23126029
50814	0.33324749
50815	0.04064781
50830	0.37165478
50831	0.20207115
50835	0.36427175
50839	0.07261067
50842	0.14002797
50843	0.12417956
50878	0.42427147
50884	0.26166775
50892	0.22917969
50913	0.43060023
50922	0.08524374
50924	0.10681818
50935	0.28760370
50937	0.15510174
50938	0.13051542
50943	0.05295749
50947	0.16232207
50957	0.08532980
50958	0.07969752
50966	0.21294452
50970	0.35034096
50972	0.25658736
50973	0.06162646
50989	0.29771896
50996	0.21081264
51028	0.44303441
51030	0.39877898
51036	0.21362422
51045	0.00921266
51053	0.24451549
51070	0.34399523
51074	0.27846245
51075	0.22114015
51076	0.25718752
51090	0.28476420
51092	0.20518863
51099	0.20496485
51108	0.11302248
51109	0.13416844
51110	0.09988972
51112	0.00869803
51115	0.07786275
51121	0.18904348
51122	0.06093598
51138	0.19624330
51143	0.20898203
51144	0.07197029
51147	0.13519657
51152	0.01233804
51157	0.17257479
51160	0.36784501
51161	0.08103290
51162	0.09541063
51176	0.05238145
51183	0.09134237
51184	0.01258180
51185	0.17473040
51186	0.08584286
51189	0.20196492
51191	0.35082519
51204	0.36495842
51207	0.09932531
51210	0.23165152
51215	0.21344596
51219	0.25314360
51220	0.05545761
51221	0.18222167
51233	0.28518771
51235	0.23238067
51240	0.34852936
51245	0.21489324
51246	0.23445205
51252	0.11504457
51259	0.13591449
51263	0.02989854
51264	0.06146138
51266	0.27473156
51268	0.25539495
51269	0.00130908
51271	0.15029768
51277	0.34547273
51293	0.34100489
51294	0.43916858
51299	0.07033170
51301	0.09237395
51327	0.43709840
51332	0.26887851
51333	0.07004327
51336	0.18250236
51348	0.29900690
51351	0.00469812
51355	0.27773459
51362	0.07276270
51374	0.36595302
51376	0.00147497
51380	0.12900016
51382	0.19232237
51388	0.39891320
51397	0.07787356
51405	0.18476321
51406	0.12252602
51408	0.10084212
51411	0.20858328
51413	0.09776941
51416	0.06711836
51425	0.27059011
51426	0.09440289
51427	0.02864371
51438	0.41026458
51439	0.06027759
51464	0.42971429
51466	0.17918442
51477	0.38887516
51482	0.27535258
51498	0.39212158
51512	0.37222582
51518	0.12319069
51520	0.24943399
51523	0.00978331
51529	0.21489423
51548	0.41257694
51549	0.01784191
51553	0.15185552
51565	0.09694144
51566	0.05974770
51567	0.13107492
51569	0.19399261
51574	0.17784728
51575	0.07560421
51576	0.08946995
51604	0.34937861
51605	0.12049498
51606	0.21104964
51609	0.10961338
51612	0.22477275
51615	0.25450220
51659	0.43488981
51661	0.19845571
51679	0.41754253
51690	0.19419046
51693	0.22504591
51706	0.40817821
51707	0.30428372
51719	0.10661074
51720	0.28025103
51739	0.40744432
51742	0.11717009
51751	0.26133839
51761	0.37907937
51763	0.31608159
51771	0.14828301
51775	0.04293105
51783	0.35922072
51784	0.14364019
51791	0.34948706
51808	0.16062584
51824	0.39560134
51825	0.25118599
51827	0.13637090
51831	0.03601737
51833	0.13271394
51839	0.14287539
51840	0.44045626
51844	0.21346015
51848	0.22779310
51851	0.30418481
51857	0.08191234
51859	0.21395791
51860	0.10771273
51876	0.34003172
51879	0.15064860
51890	0.36555687
51891	0.07158442
51901	0.24744070
51902	0.04635487
51903	0.00991426
51911	0.20671449
51912	0.16669273
51962	0.43814369
51984	0.43607824
51985	0.29939190
51989	0.39961440
52007	0.11184455
52009	0.07800206
52012	0.19386437
52013	0.14059032
52017	0.32257358
52024	0.31357476
52025	0.27555515
52027	0.02691554
52030	0.15985624
52031	0.11528219
52033	0.07372656
52038	0.10927641
52042	0.02727066
52044	0.09977597
52050	0.13604246
52053	0.20223867
52055	0.28214760
52058	0.26881808
52116	0.44256080
52121	0.25274165
52149	0.43385624
52151	0.14706210
52160	0.01647330
52167	0.07981994
52169	0.08381287
52184	0.39006965
52191	0.34103399
52193	0.02481169
52194	0.09948041
52195	0.10584019
52204	0.33482496
52208	0.07432915
52237	0.43192336
52238	0.15242667
52240	0.00025277
52253	0.19628861
52259	0.23728162
52260	0.02137080
52271	0.09804712
52274	0.13588368
52276	0.10723651
52282	0.00641141
52303	0.11184508
52313	0.20659097
52314	0.04513478
52315	0.10500553
52320	0.07207939
52322	0.10992984
52333	0.21413628
52344	0.27832246
52347	0.17606842
52349	0.13254471
52351	0.02533769
52364	0.32501760
52373	0.36277988
52419	0.43968176
52429	0.36110662
52431	0.05598206
52432	0.10067263
52436	0.01924170
52458	0.35194496
52463	0.18591042
52464	0.01026265
52470	0.32256990
52477	0.11721426
52481	0.16980977
52491	0.23494948
52492	0.14614094
52498	0.07240171
52506	0.08739697
52507	0.09706106
52508	0.02886351
52510	0.03113302
52516	0.21606150
52517	0.13524017
52556	0.05118310
52557	0.11145987
52558	0.10422311
52622	0.43219259
52628	0.34618108
52629	0.09100269
52630	0.05735233
52634	0.12268854
52635	0.09333964
52662	0.13300120
52677	0.17265735
52680	0.08092788
52681	0.01930704
52690	0.43550035
52695	0.26521973
52700	0.32656497
52701	0.08850627
52702	0.22279984
52708	0.13188833
52711	0.03830616
52714	0.18772642
52719	0.26167791
52725	0.13210083
52728	0.11107780
52747	0.31765566
52749	0.04930120
52753	0.24408419
52761	0.23941730
52762	0.18618875
52766	0.10395221
52769	0.07759491
52771	0.08887648
52772	0.02139004
52820	0.33871526
52827	0.25090107
52835	0.13528201
52839	0.16815210
52841	0.13459785
52843	0.00797509
52860	0.34232535
52861	0.04683793
52864	0.04061614
52866	0.10194251
52868	0.10843072
52883	0.41852582
52889	0.25165636
52901	0.31669085
52913	0.37230625
52916	0.07545214
52919	0.32646763
52920	0.15395448
52922	0.06305124
52923	0.04527703
52924	0.07693089
52925	0.02247696
52928	0.18977127
52933	0.15784267
52946	0.33645277
52956	0.34720676
52957	0.05015423
52958	0.09650748
52959	0.10843816
52964	0.19277733
52979	0.17781829
52986	0.42335497
52992	0.33682978
52993	0.11275724
53024	0.04200132
53029	0.18445416
53037	0.24408662
53045	0.28203693
53054	0.35687736
53058	0.30241482
53064	0.28056525
53065	0.10720681
53070	0.14438287
53075	0.16965862
53086	0.42047733
53088	0.32915240
53091	0.07451202
53102	0.40715742
53105	0.04346559
53132	0.42304517
53137	0.20166745
53159	0.43387921
53192	0.30140463
53196	0.41605267
53238	0.42647592
53241	0.08953746
53245	0.10382433
53268	0.39863857
53270	0.19397773
53282	0.09989224
53302	0.39588229
53304	0.11783774
53308	0.08505376
53309	0.07187905
53316	0.26988537
53320	0.18156610
53321	0.07771417
53322	0.18954672
53323	0.01920699
53324	0.00082903
53328	0.21469806
53349	0.40985534
53350	0.09903892
53351	0.09548664
53355	0.23431285
53387	0.41481327
53406	0.39920535
53407	0.17607321
53408	0.20827703
53410	0.00775994
53420	0.12477488
53426	0.18665441
53439	0.14281544
53441	0.17806020
53442	0.16717979
53444	0.43624056
53450	0.43945994
53454	0.16539711
53456	0.13802202
53458	0.07432167
53469	0.23754719
53481	0.43374209
53495	0.27302047
53498	0.19995893
53499	0.12700959
53501	0.18327749
53502	0.05819287
53506	0.33877374
53510	0.20575207
53513	0.10924795
53514	0.10800495
53515	0.08742311
53516	0.12749222
53517	0.08413992
53520	0.19218169
53528	0.17523788
53540	0.42659736
53541	0.10723908
53601	0.44200500
53616	0.15085925
53617	0.11235381
53625	0.11062971
53627	0.16817872
53633	0.27732533
53638	0.21759009
53642	0.12045212
53643	0.13599456
53649	0.30755267
53676	0.42342913
53681	0.23243549
53684	0.02510007
53688	0.07412737
53690	0.01228027
53693	0.15605302
53695	0.25313119
53707	0.32436460
53709	0.05135390
53715	0.12834955
53721	0.04849581
53722	0.24302616
53733	0.12286006
53735	0.09770790
53736	0.17972910
53737	0.15813170
53746	0.26865147
53748	0.29325571
53749	0.10919574
53752	0.05304983
53777	0.34209398
53784	0.23942961
53788	0.11005198
53797	0.12338027
53798	0.10482487
53801	0.15926284
53809	0.07418768
53825	0.41706467
53844	0.28352160
53864	0.08539599
53866	0.00822109
53874	0.33141412
53875	0.02653197
53907	0.41255216
53909	0.01947687
53915	0.13118912
53925	0.29109662
53926	0.11020069
53927	0.10208203
53930	0.27938826
53942	0.37325900
53974	0.36790840
53976	0.04788838
53999	0.08582033
54000	0.06181899
54001	0.07411704
54012	0.32164994
54015	0.18890792
54042	0.40807043
54043	0.08389613
54044	0.07642283
54048	0.11170301
54049	0.00112169
54050	0.01836488
54051	0.06005927
54076	0.41756955
54079	0.13758187
54080	0.03882079
54086	0.31031537
54087	0.13718548
54094	0.31933063
54097	0.01426673
54099	0.05867972
54112	0.16180271
54118	0.33773651
54122	0.12083686
54123	0.18895869
54125	0.06386332
54126	0.07698754
54128	0.08547409
54129	0.17561857
54164	0.11180785
54178	0.35620917
54218	0.42656858
54241	0.22822327
54251	0.02797108
54253	0.06163274
54255	0.01808840
54259	0.15268884
54262	0.12768226
54265	0.15161741
54268	0.10051107
54271	0.25591341
54274	0.18837923
54275	0.06417807
54278	0.11675467
54310	0.39222711
54313	0.08419588
54314	0.05008972
54321	0.41617460
54326	0.26831093
54330	0.10678481
54333	0.11351470
54334	0.07456335
54369	0.38714751
54375	0.34056108
54424	0.43134652
54465	0.44285233
54519	0.44279826
54536	0.35147747
54540	0.18110252
54556	0.43982017
54557	0.00161454
54558	0.03157335
54559	0.01783204
54561	0.09126886
54567	0.17881954
54573	0.26012459
54576	0.32850827
54577	0.03240546
54589	0.07907124
54590	0.15657340
54591	0.02722204
54596	0.09038620
54615	0.43009109
54619	0.20432695
54621	0.03337083
54624	0.16451009
54626	0.07096691
54652	0.43902584
54655	0.00870049
54656	0.17449454
54665	0.25360519
54666	0.04873114
54667	0.06122167
54691	0.38787661
54696	0.32568319
54698	0.12963188
54699	0.22375844
54710	0.32359653
54711	0.07981403
54712	0.06482783
54714	0.28871975
54717	0.13232348
54785	0.44380343
54786	0.25311852
54787	0.03057661
54788	0.09059924
54789	0.13144344
54790	0.14874758
54802	0.29469699
54803	0.04399655
54807	0.00602137
54809	0.03882964
54810	0.05446258
54814	0.13944056
54815	0.17890954
54818	0.28522846
54843	0.35109243
54844	0.03891512
54845	0.17969877
54846	0.17668442
54915	0.44318307
54919	0.16215006
54948	0.37328979
54987	0.44038270
54988	0.13748201
55079	0.43089646
55095	0.30045508
55119	0.42334902
55120	0.15152283
55126	0.27504614
55129	0.15383864
55133	0.18491822
55140	0.32042255
55158	0.39515640
55160	0.22517268
55161	0.01025548
55162	0.06099495
55166	0.16612767
55167	0.21535869
55173	0.01800533
55180	0.26605990
55181	0.10332510
55186	0.15294568
55188	0.02174142
55210	0.37481644
55212	0.16082642
55218	0.24389991
55229	0.08015788
55231	0.18782459
55259	0.44343962
55262	0.10940227
55263	0.02348314
55265	0.01422730
55266	0.15207907
55277	0.08220688
55281	0.04111611
55319	0.44376724
55322	0.13100489
55387	0.44304056
55442	0.43512385
55443	0.44061563
55445	0.03253542
55471	0.24744855
55479	0.41035714
55487	0.13155858
55491	0.19419900
55497	0.19472292
55498	0.10745015
55501	0.09276080
55502	0.05840498
55505	0.11046080
55511	0.07509220
55515	0.10120164
55517	0.22671727
55520	0.08007393
55545	0.17015126
55548	0.22259000
55555	0.35966610
55559	0.15154656
55570	0.42145876
55574	0.13099907
55575	0.17377655
55610	0.43628092
55625	0.38599942
55631	0.23008909
55636	0.19768530
55639	0.04308141
55655	0.28443107
55657	0.11482301
55667	0.19813996
55676	0.17291491
55684	0.12673809
55707	0.22409224
55709	0.07245585
55735	0.42936089
55737	0.04972281
55739	0.09904939
55740	0.08276363
55744	0.07329021
55787	0.43964054
55792	0.03024832
55797	0.15149250
55798	0.11613827
55802	0.18899058
55803	0.06561368
55805	0.07199382
55806	0.06755967
55811	0.25453188
55814	0.00451838
55816	0.07251892
55819	0.12634800
55835	0.44320778
55838	0.09412656
55845	0.19455126
55850	0.07587029
55857	0.16477569
55858	0.02632892
55867	0.31483705
55869	0.10259727
55872	0.10670665
55873	0.02476573
55881	0.12359118
55924	0.43523566
55930	0.03398692
55931	0.11059831
55934	0.14288701
55936	0.18367886
55937	0.01387430
55939	0.07321512
55951	0.37971111
55961	0.11004626
55962	0.17752642
55963	0.18189250
55964	0.02032068
55965	0.10589958
55967	0.07994510
55970	0.19564135
55971	0.03009627
55973	0.11119516
55976	0.10103188
56008	0.43625265
56010	0.25760141
56014	0.34092984
56015	0.06904168
56016	0.08658502
56021	0.04759169
56035	0.15951873
56038	0.03680019
56039	0.02756525
56059	0.41562519
56063	0.06686712
56071	0.03024612
56083	0.42469794
56084	0.04515545
56089	0.32835781
56090	0.06213723
56091	0.18899801
56097	0.15938905
56120	0.41326502
56126	0.16440644
56127	0.00563994
56150	0.42657312
56151	0.07824098
56167	0.41053723
56168	0.01193468
56172	0.03025267
56177	0.09292024
56178	0.11063019
56184	0.24832072
56185	0.05918025
56191	0.05922524
56194	0.16511359
56227	0.40754355
56229	0.15921387
56237	0.35282568
56244	0.03080514
56247	0.10421936
56249	0.15613378
56256	0.37856652
56264	0.29101655
56265	0.10343494
56267	0.08965835
56269	0.12739396
56270	0.01150727
56274	0.23709880
56295	0.09717650
56297	0.04939467
56298	0.07815675
56299	0.06240431
56300	0.16954770
56305	0.33274172
56311	0.22987650
56320	0.22041000
56343	0.43902044
56344	0.11143665
56382	0.41348747
56384	0.14962429
56388	0.14251748
56393	0.30576119
56424	0.34390155
56426	0.15449576
56430	0.04035545
56432	0.06766270
56437	0.29526393
56440	0.21142690
56442	0.00593978
56444	0.17139349
56473	0.43161804
56475	0.29194746
56482	0.36755198
56485	0.22045497
56486	0.28915402
56487	0.09857198
56504	0.39103285
56506	0.06465726
56518	0.21659379
56520	0.23668944
56559	0.43903244
56561	0.27328016
56569	0.12576580
56571	0.05752723
56581	0.30104445
56583	0.43685918
56585	0.11109118
56586	0.21863424
56602	0.40705388
56608	0.24600618
56623	0.31993038
56628	0.36371141
56629	0.19673244
56639	0.23675129
56644	0.24617453
56663	0.43079502
56665	0.08023677
56667	0.31106819
56677	0.30540324
56679	0.08920799
56685	0.37847979
56687	0.14502677
56704	0.40900933
56709	0.06050401
56712	0.20658525
56716	0.10258333
56725	0.17745585
56728	0.10436948
56759	0.09986522
56765	0.37164536
56768	0.23539275
56769	0.11134439
56775	0.22992086
56776	0.14650556
56781	0.17858500
56798	0.25250410
56800	0.13242917
56801	0.19416918
56803	0.11762577
56805	0.21489794
56821	0.16785022
56834	0.21325309
56855	0.09282957
56867	0.35244223
56872	0.14324413
56878	0.09878312
56886	0.11055091
56910	0.36130412
56915	0.08827701
56916	0.18443920
56948	0.43925381
56970	0.42625527
56971	0.10761857
56982	0.23838652
56985	0.18918655
56995	0.36137092
56999	0.08727159
57001	0.10988817
57004	0.29215193
57022	0.27364140
57038	0.17621899
57050	0.29474635
57051	0.11627175
57052	0.05402815
57054	0.17779796
57061	0.03348465
57062	0.08536694
57066	0.06345047
57082	0.12930183
57084	0.25763297
57091	0.10809588
57092	0.05291271
57096	0.07850021
57125	0.41501827
57129	0.00477347
57132	0.06130871
57133	0.01885781
57145	0.23103772
57146	0.05912575
57165	0.19855010
57173	0.19761116
57174	0.19111172
57183	0.18690792
57197	0.43384429
57206	0.04131097
57209	0.05206793
57246	0.27880699
57249	0.09156166
57253	0.12941517
57255	0.17111049
57259	0.05636633
57262	0.35275119
57266	0.05321533
57269	0.18914823
57272	0.01399750
57273	0.43674811
57281	0.27820292
57282	0.02736532
57283	0.14332876
57295	0.27893570
57296	0.03460762
57297	0.11770776
57302	0.18941588
57323	0.38794890
57332	0.26272561
57343	0.02489220
57365	0.42339933
57368	0.12171324
57369	0.05345656
57371	0.12054784
57372	0.07406316
57373	0.11010264
57377	0.28076502
57392	0.40756904
57396	0.03884876
57398	0.10019150
57433	0.43986087
57444	0.08127159
57445	0.04637814
57448	0.10980567
57466	0.28940852
57473	0.16459736
57479	0.17126124
57492	0.28342781
57496	0.30756747
57499	0.23491922
57504	0.25824992
57506	0.18864286
57542	0.38687650
57544	0.19143197
57547	0.24426258
57550	0.07904114
57558	0.06857641
57584	0.42784448
57597	0.12888074
57605	0.43910238
57606	0.05379032
57612	0.37654186
57614	0.06313105
57618	0.09722380
57626	0.36617060
57628	0.19829287
57635	0.22807518
57638	0.14560993
57648	0.23898852
57656	0.16956735
57673	0.36892635
57678	0.30017796
57681	0.07027620
57682	0.25707842
57738	0.44141248
57739	0.25707154
57758	0.12961514
57772	0.15998125
57781	0.15470685
57785	0.06601693
57794	0.33592466
57820	0.43586342
57829	0.36653887
57830	0.43003508
57878	0.44368632
57885	0.41582626
57920	0.41166119
57942	0.41458451
57947	0.39406434
57949	0.11214026
57957	0.11083832
58006	0.44176335
58019	0.35899393
58028	0.26071452
58029	0.01158407
58030	0.10207539
58035	0.24785159
58037	0.19299248
58040	0.17472160
58064	0.03911345
58069	0.17507636
58076	0.21263096
58086	0.36814795
58119	0.21480019
58120	0.24505163
58121	0.09812582
58133	0.42279109
58135	0.10996717
58147	0.04603714
58148	0.08998666
58162	0.10560780
58166	0.12626078
58188	0.40744878
58189	0.22606689
58192	0.16281023
58194	0.12388449
58196	0.10424270
58198	0.11421246
58210	0.38245818
58211	0.07423147
58222	0.17820528
58231	0.39870357
58240	0.31937784
58247	0.16344973
58257	0.26418571
58267	0.24265531
58280	0.21667388
58281	0.06584684
58301	0.40973795
58316	0.16116393
58319	0.16925501
58320	0.05355849
58323	0.24702362
58348	0.32371642
58365	0.40977877
58376	0.40145712
58386	0.23483633
58395	0.37864883
58410	0.36584128
58414	0.05890759
58423	0.20690560
58424	0.13647979
58426	0.06561114
58449	0.38680440
58453	0.01108692
58455	0.04123394
58458	0.07818196
58462	0.25555145
58466	0.25467585
58474	0.25961204
58486	0.02762973
58493	0.25569632
58496	0.06963707
58507	0.33093816
58529	0.39384874
58530	0.01656008
58546	0.42189738
58549	0.17080996
58552	0.04433985
58553	0.00069430
58588	0.44329676
58590	0.03800887
58592	0.14326879
58599	0.11290148
58600	0.01749961
58611	0.07796643
58613	0.07671116
58622	0.40385219
58633	0.10224531
58650	0.28477715
58651	0.07840607
58653	0.29272672
58685	0.42379778
58687	0.11293542
58689	0.18095545
58702	0.35743452
58703	0.11347754
58704	0.11382558
58709	0.11434918
58712	0.25255112
58718	0.19503285
58729	0.33747222
58733	0.20719898
58736	0.28892936
58738	0.08576309
58748	0.17474401
58769	0.39839303
58776	0.27677168
58784	0.11566277
58785	0.14050822
58787	0.04889574
58792	0.21701033
58811	0.12617754
58814	0.02911822
58822	0.24534133
58823	0.15919792
58824	0.08293677
58830	0.23425666
58832	0.15885800
58833	0.08070326
58834	0.07257884
58840	0.09517763
58842	0.07584244
58851	0.08175404
58856	0.13866571
58858	0.06288402
58887	0.44250942
58888	0.11683674
58898	0.09682149
58901	0.09388919
58902	0.17642642
58914	0.30830926
58918	0.05231278
58919	0.10320975
58926	0.17753056
58928	0.08605830
58932	0.24871271
58933	0.04589111
58935	0.08801864
58965	0.36732311
58969	0.12768558
58972	0.07309437
58987	0.28629822
58988	0.20402744
58989	0.02784286
58994	0.18066092
59077	0.44359417
59078	0.13097759
59081	0.28998192
59083	0.03742758
59084	0.09250966
59085	0.10451695
59089	0.31110780
59090	0.00221799
59095	0.27727168
59096	0.05275342
59111	0.17736682
59119	0.03207235
59122	0.10165856
59123	0.02202646
59124	0.09133367
59125	0.15216451
59126	0.01366647
59130	0.05554809
59136	0.25791496
59141	0.01182095
59142	0.13653070
59145	0.18334432
59146	0.13207986
59148	0.12471644
59150	0.07273529
59169	0.41015346
59171	0.07010567
59190	0.35006191
59197	0.16841415
59205	0.34976640
59216	0.34602420
59220	0.18246485
59224	0.22472426
59238	0.24566256
59239	0.11302741
59260	0.35247793
59263	0.17628560
59264	0.15609942
59268	0.02398074
59276	0.25173008
59278	0.03189349
59283	0.15325705
59295	0.06297770
59303	0.11967266
59304	0.05664133
59316	0.38996525
59343	0.44055267
59357	0.35959961
59361	0.22888764
59362	0.15605520
59363	0.10466967
59366	0.30847365
59372	0.30838250
59374	0.07630366
59375	0.13171864
59381	0.00199370
59391	0.37745617
59399	0.25270016
59400	0.02527895
59407	0.10207731
59471	0.44341290
59512	0.35925835
59513	0.14725948
59519	0.29791181
59521	0.11008217
59533	0.10805416
59553	0.28031452
59600	0.43499208
59621	0.38556958
59651	0.38491794
59653	0.19900861
59682	0.38451354
59684	0.11046784
59690	0.01341368
59692	0.01569859
59694	0.23388280
59697	0.08629495
59702	0.08545511
59703	0.02146444
59705	0.23007988
59710	0.03252475
59715	0.02912790
59717	0.04923107
59722	0.15085166
59730	0.43817805
59789	0.44170706
59790	0.05261401
59797	0.06684966
59798	0.13029998
59801	0.01921537
59805	0.01269113
59809	0.05715346
59810	0.07441697
59815	0.20380808
59819	0.33086069
59834	0.20899266
59835	0.02021966
59836	0.18255082
59840	0.34466031
59841	0.00071306
59846	0.18759046
59858	0.20362336
59861	0.29912964
59870	0.40705749
59871	0.12629041
59882	0.36937180
59883	0.13391554
59885	0.18811933
59889	0.03195168
59908	0.32013825
59911	0.19053635
59916	0.36830245
59918	0.10727946
59922	0.03176015
59925	0.18235469
59928	0.28325605
59929	0.04356219
59939	0.13651801
59941	0.14886615
59946	0.32177131
59949	0.06465821
59986	0.32012871
59990	0.18265499
59998	0.21383526
60010	0.30629370
60024	0.26892582
60025	0.08180933
60027	0.13508919
60030	0.08806559
60041	0.24018069
60043	0.15674473
60045	0.09339887
60056	0.12710396
60061	0.18603070
60068	0.14073089
60075	0.21570505
60084	0.34190489
60086	0.11551449
60087	0.12363804
60094	0.24469634
60095	0.24868226
60102	0.33664749
60103	0.18656969
60106	0.19218321
60107	0.07735700
60108	0.04478166
60110	0.19024348
60123	0.37536689
60134	0.39281361
60136	0.16345237
60138	0.17916738
60141	0.04798062
60145	0.19791260
60148	0.23353267
60150	0.06337090
60171	0.38611845
60177	0.08887326
60184	0.31517284
60188	0.30090292
60191	0.16080815
60216	0.37528203
60218	0.06721294
60221	0.03203241
60227	0.03053654
60246	0.32011074
60251	0.38363862
60268	0.44066772
60282	0.38664649
60284	0.01293945
60295	0.34877391
60301	0.16435379
60311	0.21212535
60324	0.34754591
60325	0.15918604
60332	0.25132123
60333	0.11507976
60334	0.05132077
60337	0.21918076
60338	0.10318349
60368	0.43199461
60374	0.39655645
60375	0.10882139
60403	0.42238926
60404	0.01283325
60411	0.18843142
60421	0.20848219
60425	0.16784195
60427	0.09039370
60428	0.01641725
60440	0.13644031
60443	0.07788747
60445	0.43643672
60453	0.30627692
60481	0.43564943
60516	0.42500435
60519	0.21998365
60546	0.43288303
60554	0.07212906
60569	0.38048263
60575	0.07608551
60580	0.17344888
60604	0.38621579
60605	0.01287983
60614	0.19789403
60615	0.05781466
60618	0.25279389
60632	0.29799845
60633	0.13461088
60634	0.08511526
60636	0.18018641
60645	0.20433251
60646	0.17376008
60647	0.09709060
60665	0.37783755
60678	0.18885429
60681	0.14966842
60682	0.10210264
60683	0.07793061
60691	0.22460065
60697	0.14222125
60720	0.40186092
60728	0.05430234
60751	0.37327749
60752	0.01833473
60758	0.09264654
60759	0.07822399
60762	0.10289643
60775	0.43541019
60776	0.23930602
60797	0.43982352
60799	0.00702600
60803	0.13947367
60804	0.13815842
60806	0.04522989
60810	0.23721741
60811	0.02854635
60814	0.10821072
60830	0.19245494
60839	0.23120109
60861	0.42590729
60863	0.15229998
60866	0.19621410
60869	0.34776365
60872	0.09088141
60885	0.38545559
60926	0.44349824
60927	0.20382869
60929	0.23511544
60931	0.21568532
60932	0.06505348
60933	0.39188039
60934	0.11538226
60935	0.39069016
60940	0.25963184
60941	0.06833649
60942	0.00329324
60945	0.15731389
60948	0.29517377
60956	0.40384966
60982	0.33531950
60999	0.33778456
61000	0.07676427
61005	0.27991310
61013	0.00235214
61014	0.07682058
61020	0.12989125
61023	0.15071570
61024	0.10068018
61032	0.11087983
61069	0.43997233
61076	0.05210273
61078	0.05509250
61079	0.16106578
61101	0.36124080
61102	0.18226497
61104	0.10637312
61129	0.43750044
61147	0.44076492
61148	0.11280864
61169	0.35781950
61170	0.18348780
61173	0.07294927
61174	0.01486451
61176	0.08940035
61178	0.16083093
61180	0.06808981
61181	0.06849819
61182	0.09531577
61184	0.07048097
61186	0.10803151
61192	0.21982848
61198	0.00486539
61201	0.05166826
61202	0.00895582
61212	0.37014705
61222	0.32578634
61232	0.34812623
61234	0.02600178
61238	0.00872734
61247	0.32762348
61262	0.39989831
61275	0.42153941
61289	0.06569662
61291	0.20074063
61292	0.42920153
61294	0.12632954
61295	0.06744052
61300	0.17321669
61301	0.17335916
61323	0.41819831
61324	0.03059972
61325	0.06313904
61333	0.32850963
61336	0.15996631
61337	0.29378224
61338	0.20858182
61343	0.23468291
61344	0.17442107
61345	0.23948444
61346	0.06305508
61352	0.10391322
61357	0.25348687
61364	0.29292153
61381	0.37742223
61391	0.42231012
61392	0.19090931
61394	0.02745029
61407	0.28485182
61415	0.04095918
61416	0.04710840
61417	0.11221442
61421	0.11018720
61422	0.04687455
61425	0.22694300
61433	0.24007025
61448	0.11846587
61453	0.15771702
61454	0.08824114
61475	0.44033049
61509	0.42131917
61520	0.09545210
61556	0.43991727
61558	0.06220183
61561	0.01022158
61580	0.37738444
61582	0.26043455
61588	0.26260708
61591	0.24085237
61593	0.12906133
61608	0.01131695
61611	0.01820252
61612	0.23202957
61615	0.16320336
61622	0.14717263
61623	0.12373492
61635	0.21506803
61637	0.18073390
61648	0.39747286
61649	0.04530505
61659	0.39313929
61742	0.44378558
61745	0.27828472
61757	0.16780146
61758	0.25032853
61762	0.15954895
61777	0.43842524
61796	0.43327231
61811	0.25335913
61826	0.38234161
61830	0.33964760
61832	0.12730544
61839	0.20833628
61844	0.23401306
61849	0.12695879
61851	0.07312535
61857	0.37390539
61879	0.44331424
61889	0.20578231
61896	0.27280241
61918	0.38260970
61942	0.43579356
61950	0.39177949
61977	0.44256036
61985	0.16160289
61987	0.23423512
61988	0.21435872
61999	0.33041750
62015	0.41286395
62044	0.44221607
62045	0.10575075
62046	0.34366349
62049	0.19304031
62074	0.35928219
62076	0.05440977
62083	0.26694550
62085	0.03149780
62086	0.04135629
62093	0.16626624
62094	0.08496529
62095	0.06602095
62099	0.08129396
62227	0.44344272
62234	0.17322957
62245	0.39208106
62255	0.30468483
62261	0.00905279
62285	0.32562429
62302	0.42886492
62306	0.17057198
62313	0.11456840
62316	0.18559433
62335	0.38570192
62345	0.38175916
62346	0.10742998
62351	0.16670942
62370	0.42835596
62376	0.04421521
62378	0.17041676
62379	0.03824443
62380	0.13812195
62404	0.37936865
62405	0.18848838
62418	0.40110262
62424	0.10685443
62427	0.07603380
62435	0.17748720
62437	0.09946807
62439	0.06613519
62446	0.04948085
62453	0.10847013
62454	0.08096282
62455	0.10251586
62457	0.07492318
62460	0.01088479
62466	0.07055457
62493	0.37836941
62494	0.42824501
62500	0.31267391
62508	0.23569407
62511	0.03551547
62514	0.16830581
62515	0.10440053
62541	0.42786096
62544	0.16224858
62546	0.00221924
62550	0.08378296
62554	0.07035045
62558	0.02310505
62597	0.39466596
62604	0.33483309
62605	0.00829000
62609	0.11433154
62636	0.34191764
62637	0.02879088
62644	0.31227981
62646	0.18810419
62649	0.17369331
62650	0.19345923
62659	0.00439294
62660	0.06926103
62661	0.17192389
62662	0.10462943
62663	0.03122996
62664	0.13181806
62668	0.29207824
62669	0.27042107
62670	0.09322693
62672	0.04572202
62676	0.26298185
62682	0.24496055
62691	0.18459741
62695	0.03753478
62708	0.34712119
62714	0.17764744
62725	0.35427583
62731	0.30522116
62732	0.13882123
62741	0.13796740
62742	0.02486168
62743	0.21128428
62746	0.23120477
62747	0.24365798
62749	0.09053170
62757	0.06646786
62762	0.32563235
62763	0.07762047
62767	0.05169757
62769	0.13149972
62771	0.24835552
62775	0.23644184
62778	0.07010567
62779	0.02885110
62785	0.00459472
62790	0.29025001
62803	0.39172457
62824	0.44001790
62826	0.11348824
62827	0.03833179
62832	0.06975835
62835	0.09218970
62837	0.19379954
62871	0.43711774
62873	0.10075643
62877	0.20918229
62878	0.10003779
62882	0.10821211
62885	0.29886789
62905	0.34179539
62906	0.10879599
62920	0.09340449
62922	0.17050600
62923	0.04621746
62925	0.02745226
62927	0.07177004
62932	0.03336203
62936	0.36782927
62937	0.00651954
62972	0.03649447
62976	0.23583216
62977	0.04154547
63009	0.43035386
63010	0.19056840
63113	0.44339518
63120	0.19631091
63134	0.35287780
63142	0.24567120
63156	0.43222146
63171	0.40481989
63173	0.26079727
63182	0.20348062
63195	0.13609481
63200	0.14002850
63203	0.07311273
63208	0.02456467
63211	0.00364029
63216	0.25862686
63219	0.19030259
63221	0.02491674
63223	0.13176351
63240	0.28642677
63242	0.16286481
63252	0.30328766
63272	0.31673158
63273	0.13070079
63274	0.05498231
63279	0.20832125
63303	0.43835003
63306	0.19056101
63307	0.05840815
63309	0.15935166
63322	0.43013663
63324	0.10270671
63328	0.07651019
63331	0.04003985
63332	0.09276291
63333	0.05506511
63355	0.38379266
63359	0.04798606
63363	0.34108342
63366	0.23242061
63380	0.29717469
63381	0.10446251
63382	0.09936085
63385	0.19012697
63396	0.32613786
63401	0.01447865
63407	0.03637629
63412	0.27669648
63423	0.26544696
63425	0.05211989
63429	0.14099759
63430	0.10516497
63462	0.40122890
63463	0.04144063
63464	0.04700625
63504	0.42599229
63508	0.16624323
63511	0.12764624
63516	0.25467562
63519	0.13482281
63522	0.10352971
63526	0.20771429
63535	0.07485818
63543	0.03981012
63549	0.11496008
63572	0.37682568
63584	0.25630160
63585	0.19076552
63586	0.02566052
63613	0.43154179
63614	0.09624689
63618	0.16949856
63697	0.44139097
63699	0.10382283
63700	0.01923996
63703	0.08412535
63706	0.19953575
63707	0.42725520
63712	0.17564235
63721	0.33953015
63726	0.14977078
63727	0.03976372
63728	0.07711436
63730	0.13097145
63736	0.17148169
63786	0.44226066
63788	0.08084594
63791	0.02064455
63793	0.13160271
63805	0.43045383
63815	0.24484371
63817	0.07294929
63850	0.43258159
63854	0.17366332
63860	0.00672410
63875	0.20040352
63883	0.23724603
63889	0.08435166
63901	0.40445666
63904	0.18340586
63905	0.09239289
63907	0.27622501
63909	0.15443512
63912	0.11625997
63938	0.39882026
63966	0.43217696
63969	0.12505693
63970	0.24771672
63979	0.34894485
63982	0.20340359
63991	0.10138907
63992	0.01295355
63994	0.02347682
64011	0.35817689
64020	0.33457268
64031	0.24633825
64033	0.40051970
64034	0.13206451
64035	0.19585784
64037	0.05290273
64063	0.41559111
64064	0.01177377
64068	0.22611959
64069	0.02711852
64076	0.21373207
64080	0.13717326
64081	0.05805427
64100	0.44022646
64103	0.28155566
64107	0.33945849
64142	0.40348247
64143	0.12674624
64152	0.30079940
64163	0.02513982
64167	0.19522389
64168	0.30041204
64169	0.19189731
64172	0.11716383
64173	0.14213647
64175	0.13723580
64176	0.10338764
64183	0.26586150
64186	0.22934170
64187	0.09106786
64189	0.07587837
64191	0.15898460
64195	0.22732040
64208	0.38869259
64210	0.06618743
64212	0.29534932
64213	0.06433184
64225	0.06534723
64226	0.09974445
64229	0.04035446
64244	0.07181542
64298	0.27971739
64332	0.35435784
64352	0.42732987
64383	0.36918738
64385	0.11010556
64391	0.26029361
64392	0.16763913
64394	0.27515154
64400	0.10512075
64404	0.01618363
64421	0.04327351
64422	0.13686238
64426	0.23776515
64430	0.10178509
64437	0.13135254
64447	0.34539400
64452	0.31769500
64477	0.38648750
64485	0.22453179
64493	0.30888254
64507	0.34118622
64553	0.34524158
64555	0.08270715
64577	0.35443802
64579	0.12785849
64581	0.03080750
64592	0.14579646
64594	0.15364987
64600	0.11323450
64603	0.06322755
64607	0.07344628
64612	0.29717775
64616	0.03082288
64619	0.23707013
64620	0.16352415
64624	0.34664154
64631	0.06269727
64632	0.13216946
64640	0.22186071
64658	0.28971632
64697	0.41246759
64702	0.18458213
64703	0.06947326
64707	0.20423292
64710	0.08942508
64720	0.41594922
64725	0.03981389
64740	0.26026275
64741	0.08454635
64787	0.44048872
64813	0.43749718
64815	0.01435237
64817	0.18936483
64826	0.21739083
64827	0.03695691
64829	0.24826094
64833	0.00702313
64834	0.08033260
64835	0.04486638
64859	0.36466633
64861	0.00434941
64862	0.07081051
64865	0.27318136
64866	0.12523221
64891	0.43212044
64892	0.06823612
64908	0.38224422
64909	0.01812984
64917	0.17142007
64921	0.05417858
64928	0.11757548
64931	0.11379562
64950	0.43762744
64951	0.11526307
64953	0.22634860
64959	0.20888671
64960	0.04264087
64971	0.42921304
64988	0.35373619
65013	0.43213630
65017	0.27684216
65022	0.17407439
65031	0.15882026
65045	0.36707365
65086	0.44224302
65087	0.07329949
65088	0.20567143
65089	0.01824341
65091	0.42939498
65099	0.27059292
65114	0.42173336
65120	0.07705862
65121	0.01426460
65123	0.17020306
65126	0.14442012
65128	0.06091753
65133	0.06017154
65134	0.02955311
65137	0.23159176
65168	0.43193721
65182	0.24019817
65183	0.21021185
65185	0.16677652
65193	0.20307891
65195	0.01626717
65197	0.30779183
65198	0.06013779
65199	0.18738377
65200	0.07531211
65208	0.28806684
65213	0.10073922
65215	0.10638534
65217	0.03820171
65223	0.19180333
65228	0.09184198
65232	0.05700704
65237	0.00387659
65248	0.29998342
65249	0.05280093
65250	0.03458875
65252	0.09628247
65259	0.13089252
65284	0.37847759
65292	0.19258687
65302	0.38778842
65303	0.05299400
65305	0.03901655
65309	0.04859736
65316	0.21326796
65319	0.03663658
65320	0.11326261
65322	0.31441952
65325	0.19993596
65338	0.38107317
65341	0.31236196
65346	0.11376777
65347	0.06209359
65354	0.03978960
65359	0.14052119
65363	0.21562961
65368	0.33439511
65369	0.11330044
65379	0.33345994
65384	0.02680593
65385	0.08450896
65387	0.13407159
65394	0.16882068
65399	0.17605392
65422	0.38578465
65423	0.06458157
65424	0.07905573
65426	0.11199627
65486	0.44172702
65490	0.07163556
65505	0.42157298
65506	0.11411271
65516	0.36362426
65517	0.24979643
65553	0.40248338
65562	0.28963040
65568	0.18372332
65570	0.21576018
65571	0.03984378
65586	0.32367411
65615	0.14642246
65617	0.21364797
65618	0.13654737
65619	0.18958252
65621	0.21414964
65622	0.02701567
65624	0.17097268
65626	0.13403339
65627	0.35392021
65631	0.01249611
65634	0.17462635
65647	0.10603399
65650	0.11405999
65651	0.01220746
65661	0.19960329
65662	0.13296342
65665	0.08786620
65687	0.39808794
65688	0.02931009
65692	0.08813642
65697	0.07840722
65707	0.28996485
65711	0.28238604
65727	0.39679812
65729	0.07882894
65734	0.18885529
65786	0.42656731
65788	0.32746258
65792	0.12760519
65797	0.30015983
65805	0.14190658
65814	0.26330514
65818	0.05500273
65826	0.07604915
65832	0.18697083
65833	0.00582262
65834	0.09752910
65842	0.22625661
65847	0.25312973
65848	0.06725798
65857	0.40420838
65859	0.12850245
65864	0.18794367
65868	0.10923144
65880	0.35418972
65882	0.04256874
65891	0.32212241
65893	0.17773628
65895	0.17462086
65922	0.43649118
65925	0.14670280
65930	0.21841176
65940	0.26153028
65943	0.12767025
65946	0.33457398
65951	0.07375309
65961	0.19899296
65963	0.05421278
66017	0.44349785
66019	0.39174443
66024	0.19467597
66135	0.44360350
66144	0.10677356
66149	0.10244480
66152	0.07058456
66154	0.24217328
66158	0.10972091
66165	0.37361417
66167	0.16826117
66168	0.08327666
66170	0.06368023
66171	0.43696395
66173	0.07279537
66174	0.12598206
66178	0.02460482
66183	0.37427729
66186	0.11076853
66200	0.23542246
66201	0.13845719
66207	0.24293936
66217	0.14061359
66247	0.41204740
66250	0.18045203
66251	0.00577358
66253	0.22342686
66254	0.13920449
66256	0.09303776
66259	0.06361188
66260	0.05611945
66262	0.13075670
66288	0.43588173
66289	0.04330232
66300	0.03660593
66349	0.44063207
66359	0.04015830
66382	0.40212633
66384	0.10534485
66399	0.35535464
66410	0.28865962
66411	0.06810132
66417	0.10919474
66440	0.43988226
66441	0.01887039
66446	0.09867993
66447	0.11689822
66466	0.41935052
66471	0.05077812
66474	0.30036180
66476	0.09396150
66495	0.30393427
66499	0.12322730
66505	0.28637414
66513	0.37864605
66518	0.16953651
66522	0.26161815
66524	0.18553267
66525	0.04526108
66527	0.08932665
66534	0.18657895
66541	0.05908229
66542	0.09963617
66546	0.18519505
66561	0.41828555
66564	0.24442102
66567	0.02004591
66575	0.36700111
66585	0.21051371
66588	0.03246728
66593	0.12775381
66598	0.15454100
66603	0.38369440
66612	0.29108972
66616	0.00912362
66621	0.07657960
66623	0.08847553
66624	0.09787439
66625	0.09619680
66638	0.36320294
66639	0.02444455
66641	0.20995805
66642	0.15600125
66644	0.32589095
66652	0.18387398
66662	0.36276150
66664	0.34790963
66666	0.05194300
66689	0.43896298
66703	0.01669831
66704	0.19522813
66739	0.42438312
66755	0.29262269
66761	0.27621938
66778	0.38365909
66820	0.44305610
66821	0.30261565
66823	0.12682626
66824	0.09183827
66827	0.25272778
66829	0.17482792
66830	0.14445480
66843	0.16793591
66848	0.21475485
66849	0.08294804
66850	0.07478977
66882	0.43611963
66883	0.09612334
66884	0.06925182
66889	0.03075561
66890	0.14751551
66898	0.36114260
66901	0.00886960
66903	0.02607673
66904	0.06595844
66906	0.22833260
66932	0.44094434
66936	0.18797905
66939	0.25339914
66940	0.11530493
66941	0.10363540
66945	0.05203642
66951	0.09748081
66959	0.03830560
66995	0.43644925
66996	0.19369072
66998	0.00271917
67001	0.35541121
67012	0.42024135
67014	0.01312295
67026	0.11312107
67029	0.07515284
67031	0.28584566
67037	0.22482149
67045	0.23578430
67052	0.39606508
67053	0.09627307
67080	0.38577462
67091	0.41314420
67092	0.33063413
67101	0.34451829
67108	0.35107388
67118	0.34052755
67125	0.12205779
67130	0.02606851
67149	0.27622572
67150	0.07967701
67157	0.23413010
67166	0.18608064
67167	0.06906967
67169	0.11414198
67171	0.10931116
67173	0.34252593
67174	0.10584283
67230	0.18981843
67231	0.10708113
67243	0.11048129
67247	0.29561623
67253	0.10071387
67263	0.19066703
67264	0.10147110
67268	0.19098641
67269	0.22333765
67273	0.24528696
67282	0.27366029
67289	0.23487242
67299	0.24570384
67311	0.31261880
67317	0.03798729
67318	0.00656580
67323	0.12358157
67327	0.14195325
67362	0.41955457
67377	0.33292480
67383	0.33545809
67386	0.16279782
67388	0.13423329
67406	0.23032480
67415	0.39114582
67453	0.44298935
67464	0.40124788
67465	0.12199924
67493	0.42136335
67494	0.19006921
67496	0.09523225
67497	0.14483732
67507	0.03764272
67524	0.28908680
67569	0.39034969
67572	0.29283061
67577	0.34506194
67605	0.32287085
67617	0.39976645
67619	0.37937462
67620	0.19236409
67623	0.17463119
67624	0.15992396
67626	0.15352318
67652	0.41240993
67653	0.08913735
67654	0.06937956
67701	0.44228935
67702	0.01356566
67706	0.18492457
67713	0.16100607
67714	0.09665205
67722	0.16992514
67757	0.43487668
67779	0.02942658
67790	0.37195360
67802	0.41581665
67804	0.22375786
67820	0.33467483
67821	0.06402732
67823	0.01722121
67824	0.34698893
67826	0.13207976
67828	0.09366478
67851	0.39417215
67855	0.14711042
67862	0.10975913
67869	0.08369495
67870	0.02674922
67871	0.04249683
67872	0.42997856
67873	0.13837147
67887	0.40425335
67905	0.40164591
67925	0.41708636
67933	0.05780891
67935	0.16042112
67983	0.42821322
67996	0.39394487
68001	0.06243628
68003	0.03606930
68004	0.04647305
68005	0.04627483
68009	0.09401887
68015	0.08059160
68024	0.39488296
68025	0.00150262
68027	0.04465721
68028	0.12163177
68041	0.43114401
68045	0.05439910
68054	0.26814381
68057	0.31939745
68111	0.44369282
68112	0.29441019
68114	0.09395464
68116	0.08677472
68125	0.24648268
68128	0.33138562
68131	0.10423098
68144	0.15359852
68147	0.17850127
68161	0.25549479
68162	0.08769127
68175	0.02840922
68176	0.28957154
68177	0.07799836
68178	0.21541873
68179	0.04925649
68204	0.41233955
68207	0.15335675
68221	0.10600734
68224	0.01743387
68251	0.43839741
68265	0.33682288
68267	0.14513434
68278	0.19837942
68279	0.06503709
68280	0.17843096
68288	0.35218030
68298	0.02931301
68302	0.31293457
68303	0.12061185
68312	0.22180621
68315	0.18992341
68317	0.06233255
68319	0.13892299
68323	0.18524777
68324	0.15899759
68329	0.20853598
68367	0.41860505
68368	0.42602609
68385	0.42834580
68386	0.00159021
68388	0.03598136
68400	0.34153927
68409	0.18313160
68417	0.03542003
68423	0.17475802
68432	0.07450655
68438	0.10663151
68457	0.19578736
68458	0.03088057
68470	0.01910884
68472	0.03915198
68473	0.14890484
68477	0.13295140
68480	0.20548764
68498	0.42568991
68500	0.06563422
68501	0.06977759
68502	0.05533042
68510	0.15736258
68537	0.35118115
68542	0.28811442
68556	0.09383311
68566	0.16662903
68567	0.17859743
68570	0.08747173
68571	0.21751787
68597	0.40755017
68604	0.34704656
68631	0.37413786
68636	0.18304564
68651	0.28663575
68656	0.13352209
68657	0.19023179
68711	0.44183332
68727	0.40699023
68734	0.07754313
68735	0.04647446
68736	0.05427224
68737	0.34422227
68744	0.08101542
68745	0.17188143
