0 1
0 4998
0 2
0 4997
0 3
0 4996
0 4
0 4995
0 4994
0 618
1 2
1 3
1 4996
1 6
1 4995
1 2202
1 632
1 4441
2 4
2 4998
2 6
2 4997
2 7
2 4996
2 2065
2 323
2 1401
3 4
3 5
3 6
3 7
3 4998
3 8
3 4950
3 956
4 5
4 6
4 7
4 8
4 9
4 4998
4 1505
4 4545
4 2804
4 355
5 6
5 7
5 8
5 10
5 2498
5 1193
6 7
6 9
6 10
6 11
6 2439
7 10
7 1234
7 4451
7 432
7 3927
8 9
8 10
8 11
8 13
8 1013
9 11
9 13
9 14
9 4868
9 1002
10 11
10 12
10 13
10 14
10 15
10 4771
11 12
11 13
11 14
11 15
11 16
11 4873
12 13
12 14
12 15
12 16
12 17
12 2216
12 3951
12 3583
12 3416
13 14
13 15
13 18
13 2886
13 1491
13 2835
14 15
14 17
14 18
14 19
14 3230
15 16
15 17
15 18
15 19
15 2769
15 4441
16 19
16 20
16 21
16 3140
16 3580
16 1380
17 18
17 19
17 20
17 21
17 22
18 19
18 20
18 23
18 4106
18 4971
19 20
19 21
19 22
19 23
19 24
19 1126
20 21
20 22
20 23
20 24
20 25
21 22
21 24
21 25
21 26
21 207
21 1005
22 23
22 24
22 26
22 27
22 2627
23 24
23 25
23 26
23 28
23 4849
24 25
24 26
24 28
24 3773
24 4803
24 2008
24 1619
25 26
25 27
25 28
25 29
25 1179
26 27
26 28
26 29
26 2350
26 3549
27 28
27 29
27 31
27 32
27 2380
27 1962
27 3564
27 1356
28 29
28 30
28 31
28 32
28 33
28 605
29 30
29 31
29 32
29 33
29 3850
30 31
30 33
30 34
30 35
30 2484
30 4675
31 32
31 33
31 34
31 35
31 3688
31 2771
32 33
32 34
32 36
32 37
32 3489
32 1264
32 97
33 35
33 38
33 1010
33 925
33 4518
34 35
34 36
34 1401
34 1772
34 1893
34 3563
34 2936
34 4667
35 37
35 38
35 39
35 40
35 1243
36 37
36 38
36 39
36 41
36 2281
36 1451
37 39
37 40
37 41
37 42
37 3370
37 4632
38 39
38 40
38 42
38 43
38 4001
38 510
39 40
39 41
39 42
39 43
39 44
40 42
40 44
40 45
40 3003
40 3852
41 42
41 45
41 1666
41 1651
41 4648
42 44
42 47
42 1433
42 2104
42 3787
42 2598
43 45
43 46
43 47
43 48
43 2272
43 1230
43 912
44 45
44 46
44 47
44 48
44 49
44 865
45 46
45 47
45 48
45 49
45 4760
46 49
46 51
46 158
46 1949
46 3640
47 48
47 50
47 51
47 52
47 486
48 49
48 50
48 51
48 53
48 185
49 50
49 51
49 52
49 53
49 2816
49 669
50 51
50 52
50 53
50 54
50 3474
51 52
51 54
51 55
51 56
51 3362
51 1953
51 147
52 53
52 54
52 55
52 56
52 57
52 391
53 54
53 55
53 56
53 57
53 58
53 1999
54 56
54 57
54 58
54 59
54 967
54 3851
54 3395
55 56
55 57
55 58
55 59
55 60
56 58
56 59
56 60
56 61
56 202
57 58
57 59
57 60
57 61
57 62
57 1228
58 59
58 60
58 61
58 2252
58 293
58 1233
59 60
59 61
59 62
59 64
59 3187
59 126
59 2698
60 61
60 62
60 63
60 64
60 65
60 2772
60 3811
60 1140
61 62
61 63
61 64
61 66
61 4624
61 4873
62 65
62 67
62 4186
62 3833
62 3909
62 4595
63 64
63 65
63 66
63 67
63 68
64 65
64 66
64 67
64 68
64 69
65 66
65 67
65 68
65 69
65 70
65 3708
66 67
66 68
66 69
66 70
66 3817
66 3115
67 68
67 69
67 70
67 71
67 72
68 70
68 71
68 72
68 73
68 652
68 623
69 70
69 71
69 72
69 73
69 74
69 2262
70 72
70 73
70 74
70 75
70 733
70 3468
71 72
71 74
71 987
71 151
71 390
71 1646
72 73
72 74
72 75
72 76
72 2051
72 1786
73 74
73 75
73 78
73 1462
73 3509
74 75
74 76
74 77
74 78
74 79
75 76
75 78
75 79
75 80
75 4849
75 877
76 78
76 79
76 80
76 81
76 571
76 2172
77 78
77 79
77 80
77 81
77 82
77 2027
78 79
78 80
78 82
78 83
78 1995
78 2615
78 1840
78 3533
79 80
79 82
79 83
79 84
79 1671
80 81
80 82
80 83
80 84
80 85
80 3624
81 82
81 83
81 84
81 85
81 86
81 1529
82 84
82 85
82 86
82 87
82 4380
82 1870
82 2282
83 84
83 85
83 86
83 87
83 88
83 690
83 1206
83 3270
84 86
84 87
84 88
84 89
84 590
85 86
85 88
85 89
85 90
85 1569
85 4924
85 3752
85 1333
86 87
86 89
86 90
86 4979
86 628
86 1957
87 88
87 89
87 90
87 91
87 928
87 1487
87 2388
88 89
88 91
88 92
88 93
88 3138
88 3582
88 2646
89 90
89 91
89 92
89 93
89 94
90 91
90 92
90 93
90 95
90 947
90 1567
90 4525
91 94
91 95
91 4362
91 1253
91 706
91 1846
92 93
92 96
92 1906
92 726
92 3268
93 94
93 96
93 97
93 3663
93 2037
94 95
94 96
94 97
94 205
94 1661
95 96
95 97
95 98
95 99
95 100
95 1539
95 105
96 97
96 98
96 99
96 101
96 911
97 98
97 99
97 101
97 3421
98 99
98 100
98 101
98 102
98 103
98 3522
98 2049
99 100
99 101
99 102
99 103
99 104
100 101
100 102
100 103
100 104
100 105
101 102
101 103
101 104
101 4799
101 2206
101 3231
102 103
102 104
102 106
102 107
102 3209
103 104
103 105
103 107
103 1483
103 4924
104 105
104 106
104 107
104 108
104 109
104 2831
105 107
105 110
105 3997
105 987
105 1297
106 107
106 108
106 109
106 110
106 1168
106 4738
107 109
107 110
107 112
107 4287
107 4350
107 3380
107 4550
108 109
108 111
108 112
108 113
108 2411
108 3010
108 174
109 110
109 111
109 112
109 113
109 1680
110 111
110 112
110 113
110 114
110 115
110 2725
111 112
111 113
111 114
111 115
111 116
111 3182
112 113
112 114
112 115
112 4047
112 207
113 114
113 115
113 116
113 117
113 118
113 1869
113 2523
113 2285
114 115
114 116
114 117
114 119
114 2606
114 3303
115 116
115 117
115 119
115 120
115 3584
115 618
116 117
116 118
116 119
116 121
116 3558
117 119
117 120
117 121
117 122
117 2762
118 119
118 120
118 121
118 122
118 123
119 120
119 121
119 122
119 123
119 124
119 1396
120 121
120 122
120 123
120 124
120 125
121 122
121 124
121 125
121 126
121 3458
121 890
121 1533
122 124
122 126
122 127
122 3882
122 376
122 2442
123 124
123 125
123 126
123 127
123 128
123 4668
124 125
124 126
124 127
124 128
124 129
124 1027
124 2908
125 126
125 128
125 129
125 130
125 3335
125 1476
126 129
126 130
126 131
126 2518
126 145
126 3711
127 128
127 130
127 131
127 132
127 4837
127 427
128 129
128 130
128 131
128 132
128 133
129 130
129 131
129 132
129 133
129 134
129 3554
129 4274
129 1101
130 131
130 132
130 133
130 134
130 1042
130 1482
130 3632
131 132
131 133
131 134
131 136
131 4213
132 133
132 134
132 137
132 1943
132 2711
132 813
133 134
133 137
133 138
133 275
133 4708
133 1812
134 135
134 136
134 3713
134 4360
134 3320
135 136
135 137
135 139
135 140
135 553
136 139
136 140
136 4810
136 3728
136 4732
136 2768
137 138
137 139
137 140
137 141
137 142
137 1653
137 1788
137 3649
138 139
138 141
138 142
138 143
138 725
139 140
139 141
139 142
139 143
139 144
139 3877
140 141
140 142
140 143
140 144
140 145
141 143
141 144
141 145
141 146
141 2167
141 2781
141 2397
142 144
142 145
142 146
142 147
142 2502
142 1589
143 144
143 145
143 148
143 2314
143 4483
144 145
144 146
144 148
144 149
144 731
144 3027
145 146
145 148
145 149
145 3087
145 3499
146 147
146 149
146 4351
146 3523
146 2795
147 148
147 149
147 150
147 152
147 1646
148 149
148 150
148 151
148 152
148 153
149 151
149 153
149 154
149 1565
149 2540
150 151
150 152
150 153
150 154
150 155
150 2443
151 152
151 153
151 154
151 155
151 156
151 3239
151 3818
152 153
152 155
152 157
152 1602
152 938
152 3170
152 3621
153 154
153 155
153 156
153 157
153 158
153 3461
153 3936
154 156
154 157
154 158
154 582
154 1943
155 156
155 157
155 158
155 159
155 160
156 157
156 158
156 159
156 160
156 1031
156 837
157 158
157 159
157 160
157 162
157 1382
157 4610
157 4646
158 159
158 160
158 161
158 162
158 163
158 558
158 232
159 162
159 163
159 1752
159 2723
159 2000
160 161
160 162
160 163
160 164
160 165
161 163
161 164
161 165
161 166
161 3017
161 2557
162 164
162 166
162 167
162 3839
162 600
163 164
163 165
163 166
163 167
163 168
164 165
164 167
164 168
164 169
164 4404
165 166
165 167
165 168
165 169
165 170
165 2232
166 167
166 169
166 170
166 171
166 1418
166 4612
167 169
167 170
167 171
167 172
167 3171
167 4384
168 169
168 170
168 171
168 172
168 173
169 170
169 172
169 173
169 174
169 3704
169 4498
170 171
170 172
170 174
170 3934
170 958
170 2547
171 172
171 173
171 174
171 175
171 176
171 2291
171 839
172 173
172 174
172 175
172 176
172 177
173 174
173 176
173 177
173 178
173 574
174 175
174 176
174 177
174 179
174 980
175 180
175 3259
175 4534
175 4949
175 956
175 3683
176 177
176 180
176 4847
176 3150
176 3037
177 178
177 180
177 181
177 182
177 779
177 2571
178 181
178 182
178 183
178 2552
178 4832
178 389
179 180
179 181
179 182
179 184
179 390
179 3247
180 181
180 182
180 183
180 184
180 185
180 392
180 3633
180 205
181 182
181 185
181 186
181 2244
181 2227
181 3147
182 183
182 184
182 185
182 2235
182 2967
183 184
183 185
183 186
183 188
183 355
183 1223
183 1483
184 185
184 186
184 187
184 188
184 189
184 981
185 186
185 187
185 188
185 189
185 190
186 187
186 188
186 189
186 191
186 1759
187 188
187 189
187 190
187 191
187 192
188 190
188 191
188 192
188 193
188 2714
189 190
189 191
189 192
189 193
189 194
189 1394
189 4116
190 191
190 192
190 193
190 195
190 2286
190 3075
190 4625
191 193
191 194
191 196
191 4412
191 1341
191 4763
192 193
192 194
192 195
192 196
192 3249
192 4753
193 194
193 195
193 197
193 2816
193 3551
193 3212
193 3309
194 195
194 196
194 197
194 198
194 199
195 196
195 197
195 198
195 199
195 200
195 3671
196 198
196 199
196 200
196 201
196 1068
197 198
197 200
197 201
197 202
197 2507
197 1589
197 1792
197 2366
198 199
198 200
198 201
198 203
198 3569
198 3148
199 200
199 201
199 202
199 203
199 204
199 1315
199 397
199 596
199 4825
200 201
200 202
200 203
200 3560
200 4940
201 202
201 204
201 205
201 206
201 1038
201 3677
202 204
202 205
202 206
202 207
202 2207
202 4744
203 205
203 206
203 207
203 208
203 803
204 205
204 206
204 207
204 208
204 209
204 1540
205 206
205 207
205 208
205 209
206 207
206 208
206 209
206 210
206 211
206 525
207 208
207 209
207 210
207 211
207 212
207 1007
207 4393
208 209
208 210
208 211
208 212
208 213
208 2468
209 210
209 211
209 212
209 213
209 214
209 1301
210 211
210 213
210 214
210 215
210 664
210 1922
210 4801
211 214
211 215
211 216
211 2430
211 3195
212 213
212 214
212 215
212 216
212 217
212 4881
212 430
213 214
213 215
213 216
213 217
213 218
213 2363
213 1453
213 4736
214 215
214 216
214 217
214 218
214 564
214 2141
215 216
215 217
215 219
215 220
215 2537
216 219
216 221
216 838
216 1410
216 691
217 218
217 219
217 220
217 221
217 222
217 2995
217 1705
218 219
218 220
218 221
218 222
218 223
218 1111
219 220
219 221
219 222
219 223
219 224
220 221
220 222
220 223
220 224
220 1157
220 2089
221 223
221 225
221 226
221 2349
221 2704
221 653
222 223
222 224
222 226
222 227
222 4627
222 1311
223 224
223 225
223 227
223 228
223 3638
224 226
224 227
224 228
224 229
224 4673
224 359
225 226
225 227
225 228
225 229
225 1221
226 227
226 228
226 229
226 230
226 231
226 3344
227 228
227 229
227 230
227 232
227 4363
228 229
228 230
228 231
228 232
228 233
229 230
229 231
229 232
229 233
229 234
229 575
229 1354
230 231
230 232
230 234
230 3414
230 3080
230 3830
231 232
231 233
231 234
231 235
231 4051
232 233
232 234
232 235
232 2223
233 235
233 236
233 237
233 2182
233 986
234 235
234 236
234 237
234 238
234 239
234 4918
234 2949
235 236
235 237
235 240
235 2998
235 846
235 1252
236 237
236 238
236 239
236 241
236 1098
237 238
237 239
237 240
237 241
237 242
237 4962
237 1800
238 239
238 240
238 241
238 242
238 243
238 4969
239 240
239 241
239 242
239 243
239 244
239 1544
239 4819
239 955
240 242
240 243
240 244
240 245
240 3003
240 1818
240 4102
241 242
241 244
241 246
241 4919
241 3350
241 3984
241 4734
241 1852
242 243
242 244
242 245
242 247
242 3551
243 244
243 245
243 246
243 247
243 460
243 698
243 2355
244 245
244 246
244 248
244 610
244 854
244 3358
245 246
245 247
245 249
245 250
245 3946
246 247
246 248
246 249
246 251
246 4225
247 248
247 249
247 250
247 251
247 252
247 834
247 4627
248 249
248 250
248 251
248 252
248 3721
249 250
249 251
249 252
249 253
249 254
249 2544
249 3983
250 251
250 252
250 253
250 254
250 255
250 273
250 2238
250 963
251 252
251 254
251 255
251 256
251 1810
251 3634
252 255
252 256
252 257
252 4972
252 2422
253 257
253 258
253 880
253 3275
253 378
253 2091
253 2396
254 255
254 256
254 258
254 2392
254 2621
254 3265
255 256
255 258
255 259
255 260
255 4099
256 257
256 258
256 259
256 260
256 261
256 1401
257 259
257 260
257 261
257 3584
257 4835
258 259
258 261
258 263
258 4694
258 1263
258 3601
259 260
259 261
259 262
259 3804
259 1965
259 654
260 261
260 262
260 263
260 264
260 265
260 4760
261 262
261 263
261 264
261 265
261 266
262 263
262 264
262 265
262 266
262 267
262 3528
263 264
263 265
263 266
263 268
263 4968
264 265
264 267
264 269
264 2647
264 1781
264 4857
265 266
265 268
265 269
265 1131
265 872
266 267
266 268
266 269
266 4023
266 3298
267 268
267 269
267 270
267 271
267 272
267 2104
268 270
268 271
268 272
268 273
268 2525
268 2182
269 270
269 272
269 273
269 274
269 4831
270 271
270 272
270 273
270 274
270 275
271 272
271 273
271 274
271 275
271 276
272 273
272 274
272 2118
272 4125
272 1524
272 4793
273 275
273 277
273 1718
273 730
273 4866
274 275
274 276
274 277
274 278
274 279
275 276
275 277
275 4906
275 391
275 2434
276 277
276 278
276 279
276 280
276 281
277 279
277 280
277 281
277 282
277 4956
277 1938
277 4614
278 279
278 283
278 1364
278 1348
278 1230
278 920
279 280
279 281
279 282
279 283
279 2292
279 4348
279 2836
280 281
280 283
280 284
280 285
280 2205
280 312
281 282
281 283
281 284
281 285
281 784
281 1827
282 283
282 285
282 286
282 558
282 3154
283 284
283 285
283 286
283 287
283 869
284 285
284 286
284 287
284 288
284 289
285 286
285 287
285 288
285 289
285 2973
286 288
286 289
286 291
286 2979
286 2891
286 4372
287 288
287 289
287 291
287 292
287 1993
287 885
288 292
288 293
288 1059
288 3477
288 4287
289 290
289 291
289 292
289 293
289 294
289 2873
289 2504
290 293
290 294
290 740
290 1624
290 443
291 292
291 293
291 294
291 295
291 296
292 293
292 1469
292 1596
292 2617
292 3752
292 3594
292 604
292 1716
293 294
293 295
293 298
293 468
293 503
293 2414
293 1222
294 295
294 296
294 297
294 298
294 299
294 1829
295 296
295 297
295 300
295 1150
295 2102
296 297
296 298
296 299
296 300
296 301
296 1343
296 4098
297 298
297 299
297 300
297 301
297 2635
297 4592
298 299
298 300
298 302
298 303
298 1432
298 1699
299 300
299 301
299 302
299 303
299 304
299 488
299 4211
300 301
300 302
300 303
300 305
300 901
300 4843
301 302
301 304
301 305
301 306
301 602
301 2229
302 303
302 304
302 306
302 393
302 1728
303 304
303 305
303 308
303 4468
303 833
303 2976
303 4626
303 4303
304 305
304 306
304 307
304 308
304 309
304 4369
304 4888
305 307
305 308
305 1271
305 1451
305 2820
305 3810
306 307
306 309
306 310
306 3833
306 623
306 2857
306 3996
307 308
307 310
307 311
307 312
307 1449
308 309
308 310
308 311
308 312
308 313
309 310
309 311
309 312
309 313
309 1348
310 311
310 312
310 314
310 315
310 348
311 312
311 315
311 3974
311 4139
311 4108
312 313
312 314
312 315
312 4104
312 1874
312 3116
312 3370
313 314
313 316
313 318
313 2514
313 427
313 4448
313 568
313 4298
314 315
314 317
314 318
314 319
314 1299
315 316
315 317
315 318
315 319
315 320
315 4315
315 2803
315 4614
316 317
316 320
316 321
316 3654
316 3349
316 3929
317 318
317 319
317 320
317 322
317 3754
317 2644
318 319
318 320
318 321
318 322
318 323
319 320
319 322
319 323
319 324
319 2783
319 3989
319 588
320 321
320 323
320 324
320 1489
320 3951
320 3996
321 322
321 323
321 324
321 325
321 326
321 3351
322 323
322 324
322 326
322 327
322 1860
322 1213
322 4216
322 4835
323 324
323 326
323 327
323 328
323 2376
324 325
324 328
324 329
324 3669
324 1861
324 4385
325 326
325 327
325 328
325 330
325 1785
325 3808
326 327
326 328
326 329
326 330
326 1398
326 1483
327 328
327 330
327 331
327 332
327 2503
327 2040
327 3460
328 329
328 330
328 332
328 333
328 4371
329 330
329 332
329 333
329 334
329 2688
329 2498
329 1613
329 4229
330 331
330 332
330 333
330 334
330 950
330 2771
331 333
331 335
331 336
331 747
331 4467
332 333
332 335
332 882
332 670
332 1774
333 334
333 335
333 336
333 337
333 338
333 1598
334 335
334 336
334 337
334 338
334 339
335 336
335 337
335 338
335 339
335 340
336 337
336 338
336 339
336 340
336 341
336 2127
336 1748
337 338
337 339
337 340
337 341
337 342
337 3570
337 4939
338 339
338 340
338 341
338 342
338 3345
339 340
339 341
339 342
339 343
339 3779
340 341
340 343
340 344
340 345
340 2317
341 342
341 343
341 344
341 345
341 346
341 4848
342 343
342 344
342 345
342 347
342 2025
342 3360
343 344
343 345
343 346
343 347
343 348
343 1476
343 2837
344 345
344 346
344 347
344 349
344 1963
345 346
345 348
345 350
345 1023
345 2655
345 1948
345 3366
346 348
346 350
346 3579
346 2919
346 4725
347 348
347 349
347 351
347 352
347 2340
347 4296
348 349
348 352
348 353
348 2533
348 3100
348 3350
348 734
349 350
349 351
349 352
349 353
349 354
349 2711
350 351
350 352
350 353
350 354
350 2260
350 2089
350 2172
351 352
351 354
351 356
351 360
351 524
352 353
352 354
352 355
352 356
352 357
353 354
353 355
353 356
353 358
353 1263
354 355
354 356
354 357
354 359
354 865
355 358
355 359
355 3758
356 357
356 359
356 360
356 361
356 3649
357 358
357 359
357 360
357 361
357 362
357 4764
358 359
358 360
358 361
358 362
358 363
358 1941
358 3289
359 361
359 362
359 363
359 364
359 4828
360 361
360 362
360 365
360 4368
360 3839
360 2816
361 362
361 363
361 365
361 366
361 876
361 1211
361 2357
361 730
361 3701
362 363
362 365
362 367
362 3627
362 2567
363 365
363 366
363 367
363 1176
363 4212
364 365
364 366
364 367
364 368
364 4382
365 366
365 367
365 368
365 370
365 3639
366 367
366 368
366 369
366 370
366 371
367 368
367 369
367 370
367 371
367 372
368 370
368 371
368 372
368 373
368 1271
369 371
369 372
369 3454
369 4592
369 2673
369 2320
370 371
370 372
370 373
370 374
370 375
371 372
371 374
371 375
371 376
371 3884
371 3020
371 1358
371 2275
372 373
372 374
372 375
372 376
372 377
372 2942
373 375
373 376
373 377
373 378
373 2630
374 375
374 376
374 377
374 379
374 1543
375 377
375 378
375 379
375 380
375 558
375 4795
376 377
376 378
376 379
376 380
376 381
377 378
377 379
377 380
377 381
377 382
378 381
378 382
378 383
378 2781
379 380
379 381
379 382
379 383
379 1068
379 1587
380 381
380 382
380 383
380 385
380 1254
381 382
381 383
381 384
381 385
381 386
381 2599
382 383
382 384
382 385
382 386
382 1147
382 3503
383 384
383 385
383 386
383 387
383 388
383 4603
383 3461
384 385
384 387
384 388
384 389
384 2255
384 3339
384 1446
384 4347
385 386
385 387
385 388
385 389
385 390
386 387
386 390
386 391
386 596
386 4239
387 388
387 389
387 390
387 391
387 392
388 390
388 391
388 392
388 393
388 1361
388 4126
389 390
389 391
389 393
389 394
389 1105
389 441
389 1643
390 391
390 392
390 393
390 394
390 395
391 393
391 395
391 396
391 3070
391 2574
392 393
392 394
392 395
392 397
392 3055
392 4674
392 2159
393 394
393 396
393 4842
393 1784
393 2810
394 396
394 397
394 398
394 399
394 1179
394 1786
395 396
395 397
395 398
395 399
395 400
396 398
396 399
396 400
396 401
396 3248
396 2714
396 4808
397 399
397 400
397 3902
397 541
398 399
398 400
398 401
398 403
398 3877
399 400
399 401
399 402
399 403
399 404
400 401
400 403
400 404
400 824
400 4965
400 1837
401 402
401 404
401 405
401 406
401 1806
401 4834
401 4673
401 2080
402 403
402 404
402 405
402 406
402 3935
402 3440
403 404
403 405
403 406
403 407
403 408
403 520
404 405
404 406
404 408
404 4705
404 633
405 406
405 407
405 408
405 409
405 4597
405 4393
406 407
406 408
406 409
406 410
406 411
406 1159
406 2472
406 2647
406 4423
406 1305
407 409
407 410
407 411
407 412
407 1785
408 409
408 410
408 411
408 412
408 2649
409 410
409 411
409 412
409 4972
409 2477
410 411
410 413
410 414
410 415
410 568
410 2833
411 413
411 414
411 2343
411 3274
411 4539
411 1921
412 413
412 414
412 415
412 416
412 417
412 4511
413 414
413 415
413 416
413 417
413 418
414 415
414 417
414 418
414 419
414 3896
414 4556
415 416
415 417
415 418
415 420
415 2366
416 417
416 418
416 419
416 420
416 2929
416 2163
417 418
417 419
417 420
417 421
417 422
417 4631
418 420
418 422
418 423
418 4451
418 1360
418 2790
419 420
419 421
419 422
419 423
419 424
419 4416
420 423
420 424
420 4222
420 1258
420 913
420 2799
421 422
421 424
421 425
421 426
421 4180
421 2240
421 4255
422 423
422 424
422 3185
422 3274
422 1412
423 424
423 425
423 426
423 427
423 428
424 425
424 426
424 427
424 428
424 429
424 3835
425 426
425 427
425 428
425 429
425 430
426 427
426 429
426 430
426 431
426 2708
427 428
427 429
427 431
427 432
427 4787
428 429
428 430
428 432
428 2729
428 4031
428 2645
429 430
429 431
429 432
429 434
429 1921
429 2021
429 4135
430 431
430 432
430 4758
430 4977
431 433
431 434
431 435
431 3752
431 1012
431 2704
432 433
432 434
432 435
432 436
432 4879
433 434
433 435
433 436
433 437
433 438
433 2612
433 4124
434 435
434 436
434 437
434 438
434 439
434 2311
435 436
435 437
435 438
435 439
435 440
435 4785
435 4912
436 437
436 439
436 440
436 441
436 1168
436 1987
437 438
437 439
437 440
437 441
437 442
437 3810
437 4196
438 439
438 440
438 441
438 442
438 443
438 4525
439 440
439 442
439 444
439 1562
439 494
439 3047
440 441
440 442
440 443
440 445
440 1136
440 1130
441 442
441 443
441 444
441 446
441 3392
442 443
442 445
442 447
442 2077
442 1721
443 445
443 447
443 448
443 4732
443 3652
443 3059
443 1173
443 3163
444 445
444 446
444 447
444 3871
444 4321
445 446
445 447
445 448
445 449
445 450
446 447
446 449
446 450
446 451
446 3520
446 1936
447 448
447 449
447 452
447 1729
447 4876
448 449
448 450
448 451
448 452
448 453
448 1067
449 450
449 451
449 452
449 453
449 3798
449 4153
449 2235
450 451
450 452
450 454
450 455
450 4564
450 2903
451 452
451 453
451 454
451 456
451 2056
452 454
452 455
452 456
452 457
452 3463
453 455
453 457
453 458
453 1634
453 4582
453 797
453 2090
454 455
454 456
454 457
454 458
454 459
454 4672
455 456
455 457
455 458
455 2062
455 4793
456 458
456 459
456 460
456 461
456 4048
456 2409
456 549
456 4584
457 458
457 459
457 461
457 462
457 2592
458 459
458 460
458 461
458 462
458 463
458 1607
458 2383
458 999
459 460
459 461
459 462
459 463
459 518
459 3195
460 461
460 463
460 464
460 465
460 2008
460 3706
460 1422
461 463
461 464
461 465
461 466
461 1412
462 463
462 464
462 467
462 475
462 4417
462 922
462 1981
463 465
463 466
463 467
463 4817
463 2318
463 2850
464 468
464 469
464 933
464 2103
464 2106
465 467
465 468
465 469
465 470
465 2577
465 4698
466 467
466 468
466 470
466 471
466 4147
466 2200
466 1061
467 469
467 471
467 472
467 1501
467 1317
468 469
468 470
468 471
468 472
468 473
468 516
468 3887
469 470
469 471
469 472
469 473
469 474
470 471
470 474
470 475
470 2825
470 4529
471 473
471 474
471 475
471 2857
471 2129
471 3208
471 4109
472 475
472 476
472 477
472 3121
472 1317
473 474
473 476
473 478
473 4824
473 4724
473 3564
474 475
474 477
474 1999
474 2242
474 2038
474 2662
474 2611
475 478
475 479
475 480
475 659
475 1784
476 477
476 479
476 480
476 481
476 1762
477 478
477 479
477 480
477 481
477 482
478 479
478 482
478 1878
478 1349
478 4126
478 3124
478 3870
478 4643
479 480
479 481
479 482
479 2082
479 3606
479 1019
479 2558
480 481
480 482
480 483
480 484
480 4756
480 2973
481 482
481 483
481 484
481 486
481 2766
482 483
482 485
482 486
482 487
482 4825
483 487
483 488
483 2262
483 4975
483 2182
484 485
484 486
484 487
484 488
484 489
485 486
485 487
485 488
485 489
485 490
486 487
486 489
486 3767
486 2344
486 2587
487 488
487 489
487 490
487 491
487 492
487 2603
488 490
488 491
488 492
488 493
488 875
489 490
489 491
489 492
489 493
489 494
489 2778
489 4331
489 658
490 491
490 492
490 494
490 495
490 2387
490 2140
491 492
491 493
491 494
491 495
491 1023
491 3197
491 3446
491 508
492 493
492 494
492 495
492 496
492 853
492 2887
493 494
493 496
493 498
493 2586
493 4540
494 495
494 497
494 498
494 499
494 2212
495 496
495 497
495 498
495 499
495 500
495 2474
495 4725
496 497
496 498
496 499
496 500
496 501
497 499
497 500
497 501
497 4394
497 2503
497 3068
498 500
498 501
498 502
498 503
498 2641
498 4750
498 721
498 4922
498 2320
499 500
499 502
499 503
499 2943
499 4313
499 3939
500 501
500 503
500 504
500 2000
500 769
500 516
501 502
501 503
501 504
501 505
501 1162
502 503
502 504
502 506
502 507
502 2578
503 504
503 505
503 507
503 508
503 864
503 3627
503 3343
504 505
504 506
504 507
504 508
504 994
504 2786
504 2889
505 507
505 508
505 509
505 510
505 679
506 509
506 511
506 696
506 4700
506 3606
507 508
507 509
507 510
507 511
507 512
508 509
508 510
508 511
508 512
508 513
509 510
509 511
509 513
509 514
509 3446
509 542
509 2155
509 3483
509 4747
510 511
510 512
510 513
510 514
510 515
511 513
511 514
511 516
511 4435
511 2431
512 513
512 514
512 516
512 517
512 4616
512 1101
513 514
513 515
513 516
513 517
513 518
514 515
514 516
514 517
514 518
514 519
514 2200
515 516
515 517
515 518
515 519
515 520
516 517
516 519
516 520
517 519
517 520
517 521
517 522
517 1701
518 519
518 521
518 522
518 4684
518 3777
518 3190
519 520
519 521
519 523
519 524
519 1367
520 521
520 522
520 523
520 524
520 2785
520 3635
520 2408
520 4610
521 522
521 523
521 526
521 1097
521 4846
521 2977
521 4207
522 523
522 524
522 526
522 527
522 1561
522 2487
523 525
523 526
523 528
523 688
523 2447
523 3455
524 525
524 526
524 527
524 528
524 529
524 1459
525 526
525 527
525 530
525 1475
525 1683
526 530
526 531
526 2648
526 3811
526 1313
526 4584
526 1547
527 528
527 529
527 531
527 532
527 1465
527 3608
528 530
528 531
528 532
528 533
528 2959
529 530
529 531
529 532
529 533
529 534
530 531
530 532
530 534
530 535
530 3001
531 535
531 536
531 2865
531 1137
531 2602
531 3606
531 1240
531 2972
532 533
532 534
532 535
532 537
532 3837
532 2975
533 534
533 535
533 537
533 538
533 3728
533 2259
534 535
534 536
534 537
534 538
534 539
534 944
534 3104
535 536
535 537
535 539
535 540
535 2365
535 2944
536 537
536 538
536 539
536 541
536 1149
536 3953
536 1000
537 538
537 539
537 540
537 541
537 542
538 539
538 541
538 543
538 1362
538 4409
539 540
539 541
539 542
539 544
539 2240
540 542
540 543
540 544
540 545
540 1979
540 1802
541 543
541 544
541 545
541 3035
541 4020
542 543
542 544
542 546
542 547
543 544
543 545
543 548
543 2502
543 2922
543 657
544 546
544 548
544 4410
544 4553
544 1701
545 546
545 547
545 548
545 549
545 550
546 549
546 550
546 551
546 1034
546 2140
546 3288
547 548
547 549
547 551
547 552
547 3594
548 549
548 550
548 551
548 553
548 1014
549 550
549 552
549 554
549 3486
549 4723
550 551
550 552
550 553
550 554
550 555
550 2714
550 2733
551 552
551 553
551 555
551 556
551 719
551 1669
552 554
552 556
552 557
552 4978
552 3361
552 1712
552 1825
552 4715
553 554
553 555
553 556
553 1266
553 4002
553 1839
553 4510
554 555
554 556
554 558
554 559
554 3954
554 2023
555 556
555 557
555 558
555 559
555 560
555 604
555 3361
556 557
556 560
556 3077
556 4814
556 752
557 558
557 559
557 560
557 561
557 562
558 561
558 562
558 2871
558 2075
559 561
559 562
559 564
559 1147
559 2860
559 753
559 2761
560 561
560 562
560 1353
560 1632
560 3114
560 3496
561 562
561 563
561 564
561 565
561 2257
561 695
561 1014
562 564
562 4785
562 3068
562 4835
562 1568
562 3257
562 1844
562 3385
563 564
563 565
563 567
563 568
563 1997
563 4338
563 4058
563 2930
563 673
564 565
564 568
564 2169
564 1293
564 4828
565 566
565 567
565 568
565 569
565 570
565 4185
565 678
566 567
566 569
566 570
566 571
566 3211
567 568
567 570
567 572
567 1429
567 2796
567 3625
567 4290
568 570
568 571
568 572
568 573
569 571
569 572
569 573
569 574
569 3772
569 1889
570 572
570 573
570 574
570 575
570 4186
570 2342
570 4472
571 572
571 574
571 575
571 576
571 1358
572 573
572 574
572 576
572 577
572 3687
572 3773
572 4805
572 1694
573 574
573 575
573 577
573 578
573 1850
573 3531
573 3150
574 575
574 577
574 578
574 1474
574 2949
574 4554
575 577
575 578
575 580
575 3598
575 4783
576 577
576 578
576 579
576 580
576 581
577 578
577 579
577 580
577 581
577 582
578 579
578 580
578 582
578 583
578 1383
578 855
579 581
579 583
579 3990
579 1401
579 3474
579 1478
580 582
580 584
580 585
580 4562
580 3405
580 3170
581 582
581 583
581 584
581 585
581 586
581 2265
581 3130
582 583
582 584
582 585
582 586
582 587
582 804
583 584
583 585
583 587
583 1708
583 4089
583 3836
584 585
584 586
584 587
584 589
584 3290
584 1901
584 2447
585 586
585 587
585 588
585 589
585 590
586 587
586 588
586 589
586 590
586 591
587 588
587 589
587 590
587 591
587 3554
588 589
588 591
588 592
588 4597
589 591
589 592
589 593
589 594
589 1048
590 591
590 593
590 594
590 1770
590 3476
591 592
591 593
591 594
591 595
591 596
592 594
592 595
592 596
592 597
592 4991
592 2159
593 594
593 595
593 596
593 597
593 598
593 3882
593 4983
593 4319
594 595
594 597
594 599
594 2197
594 1857
594 1446
594 1585
595 597
595 598
595 599
595 600
595 874
595 3035
596 598
596 599
596 600
596 4308
596 4338
596 3620
596 1887
596 4428
597 598
597 599
597 600
597 602
597 1154
597 874
598 600
598 602
598 3120
598 2635
598 2894
598 1623
599 600
599 602
599 603
599 604
599 2643
599 1362
599 2378
600 601
600 603
600 604
600 605
600 2219
601 603
601 605
601 606
601 3604
601 1562
602 603
602 604
602 605
602 607
602 2987
602 4342
602 2424
603 604
603 606
603 607
603 608
603 1819
604 606
604 607
604 608
604 3379
605 606
605 608
605 1472
605 3951
606 607
606 609
606 610
606 611
606 692
606 4073
607 608
607 609
607 610
607 611
607 612
608 611
608 612
608 613
608 1513
608 1908
608 3917
608 2084
609 610
609 611
609 613
609 614
609 2560
609 1788
609 3777
610 611
610 613
610 614
610 615
611 612
611 613
611 615
611 616
611 3462
611 3258
612 613
612 614
612 615
612 616
612 3669
613 615
613 616
613 617
613 618
613 2804
614 615
614 617
614 618
614 619
614 4389
614 2155
615 616
615 617
615 618
615 3444
615 2484
615 939
616 617
616 618
616 619
616 620
616 621
616 3179
616 2294
617 618
617 619
617 622
617 4595
617 3735
617 2242
618 619
618 620
618 621
618 654
618 4533
618 1606
619 620
619 621
619 622
619 623
619 624
619 4689
619 3007
620 621
620 622
620 623
620 624
620 4318
621 622
621 623
621 624
621 625
621 1547
622 624
622 625
622 627
622 2749
622 2718
622 3590
623 626
623 628
623 3973
623 724
624 625
624 627
624 628
624 629
624 4939
624 4910
625 626
625 627
625 628
625 629
625 630
625 1517
625 2888
626 627
626 629
626 631
626 3179
626 3650
626 4708
626 2977
627 628
627 629
627 630
627 631
627 632
627 4051
628 629
628 630
628 631
628 633
628 2372
628 1357
629 630
629 631
629 632
629 633
629 634
629 2044
630 631
630 632
630 633
630 634
630 635
630 4498
630 4818
631 632
631 633
631 634
631 635
631 636
631 3043
631 4487
632 633
632 634
632 635
632 636
632 637
633 634
633 635
633 637
633 3680
633 767
633 3637
633 1774
634 635
634 636
634 637
634 638
634 1759
635 636
635 637
635 638
635 639
635 640
636 637
636 639
636 640
636 641
636 3032
636 2147
636 3925
636 3212
637 638
637 639
637 640
637 641
637 642
637 2924
637 2934
638 639
638 641
638 642
638 643
638 3997
639 640
639 641
639 642
639 644
639 1364
640 641
640 642
640 644
640 645
640 3438
640 2379
641 642
641 643
641 644
641 645
641 1756
641 2063
642 644
642 645
642 646
642 647
642 1332
643 644
643 646
643 647
643 648
643 3725
644 645
644 646
644 648
644 649
644 3285
644 4821
645 646
645 647
645 648
645 649
645 650
646 647
646 648
646 649
646 651
646 4014
647 648
647 649
647 650
647 651
647 2959
648 649
648 650
648 651
648 652
648 653
648 4581
649 650
649 651
649 652
649 653
649 1626
649 4555
650 651
650 653
650 655
650 825
650 1459
651 652
651 653
651 654
651 655
651 656
652 653
652 654
652 655
652 657
652 3372
652 1660
653 657
653 658
653 1212
653 4514
654 657
654 658
654 659
654 1533
654 4936
654 1650
654 2647
655 656
655 657
655 660
655 1704
655 3944
656 657
656 658
656 660
656 661
656 2398
657 658
657 659
657 662
657 2453
657 744
657 1858
658 659
658 660
658 661
658 662
659 660
659 662
659 663
659 664
659 4137
660 661
660 662
660 663
660 664
660 665
660 4205
661 662
661 663
661 664
661 665
661 666
661 4855
662 663
662 664
662 665
662 666
662 667
663 665
663 666
663 668
663 812
663 2607
663 4320
664 666
664 668
664 669
664 3194
665 666
665 667
665 668
665 669
665 670
665 1993
666 667
666 668
666 669
666 670
666 2942
666 856
667 670
667 671
667 672
667 4680
667 950
668 669
668 670
668 671
668 672
668 4391
668 4466
669 670
669 671
669 672
669 1605
670 672
670 673
670 674
670 675
670 4990
670 1845
671 672
671 673
671 674
671 676
671 4029
672 673
672 674
672 675
672 676
672 677
672 2188
672 4605
673 674
673 675
673 676
673 877
674 675
674 676
674 677
674 678
674 679
674 886
674 1586
674 3067
675 676
675 677
675 679
675 680
675 3405
676 677
676 679
676 680
676 825
676 852
677 678
677 679
677 680
677 681
677 682
678 681
678 682
678 683
678 4470
679 680
679 681
679 682
679 683
679 684
679 4929
680 681
680 682
680 683
680 685
680 1301
681 682
681 683
681 684
681 685
681 686
682 683
682 684
682 685
682 686
682 687
682 4946
683 684
683 685
683 686
683 687
683 688
684 686
684 687
684 688
684 689
684 4343
684 1122
684 2803
684 4559
684 3594
685 687
685 688
685 689
685 690
685 4979
685 3441
685 3645
686 687
686 688
686 689
686 690
686 691
686 2849
686 4823
687 689
687 690
687 692
687 2852
687 4620
688 691
688 693
688 3963
688 2182
688 2543
689 690
689 693
689 694
689 1218
689 2432
690 692
690 694
690 695
690 2888
691 692
691 693
691 694
691 695
691 696
692 693
692 696
692 697
692 4270
692 1054
692 3563
693 694
693 695
693 696
693 697
693 3468
694 696
694 697
694 698
694 699
694 2216
695 696
695 697
695 699
695 700
695 3508
695 4018
696 697
696 698
696 699
696 701
696 1113
697 698
697 699
697 700
697 701
697 702
697 1804
697 3464
697 1408
698 699
698 701
698 702
698 703
699 700
699 701
699 702
699 703
699 704
700 702
700 703
700 704
700 705
700 2157
701 702
701 704
701 705
701 706
701 4221
701 1689
702 703
702 705
702 706
702 707
702 1391
703 704
703 705
703 706
703 707
703 708
704 705
704 707
704 709
704 3675
704 4186
705 706
705 707
705 708
705 709
705 710
705 2151
705 4134
706 707
706 709
706 710
706 711
706 1120
707 708
707 709
707 712
707 3567
707 1832
707 1785
708 709
708 711
708 712
708 1820
708 2627
709 711
709 712
709 713
709 2968
709 2660
709 4227
710 711
710 712
710 714
710 715
710 4622
710 2033
710 3918
711 712
711 714
711 715
711 716
711 750
711 1125
711 4343
712 713
712 714
712 715
712 717
712 1663
713 714
713 715
713 716
713 717
713 1494
714 719
714 806
714 2462
714 1370
714 885
714 1209
715 716
715 717
715 718
715 719
715 720
716 717
716 718
716 719
716 720
716 721
716 4170
716 2276
716 2332
717 718
717 720
717 722
717 4403
717 1677
718 721
718 722
718 723
718 4188
718 4351
718 3269
719 720
719 722
719 723
719 724
719 4976
720 722
720 723
720 724
720 725
720 4240
720 3277
721 722
721 724
721 725
721 726
721 4824
721 977
722 723
722 724
722 725
722 726
722 727
722 1999
723 724
723 725
723 727
723 728
723 4604
723 3981
723 3759
724 725
724 726
724 727
724 729
724 2789
725 726
725 728
725 729
725 3695
725 2848
726 728
726 729
726 730
726 731
726 2588
727 729
727 730
727 732
727 4947
727 3248
727 1252
728 729
728 730
728 731
728 732
728 733
728 887
729 730
729 731
729 732
729 733
729 734
730 731
730 732
730 1199
730 2644
731 732
731 733
731 734
731 735
731 736
731 1793
731 3675
731 3990
732 733
732 734
732 735
732 736
732 737
733 734
733 735
733 736
733 738
733 3908
733 1914
733 4232
734 735
734 736
734 737
734 1357
734 3468
735 738
735 739
735 740
735 4399
735 4469
736 737
736 738
736 739
736 740
736 741
736 2200
737 740
737 741
737 742
737 993
737 4963
738 739
738 741
738 742
738 4660
738 918
738 3722
738 4563
739 740
739 741
739 742
739 743
739 744
740 742
740 743
740 744
740 4926
740 3314
741 742
741 744
741 745
741 746
741 3319
742 743
742 744
742 745
742 746
742 747
743 744
743 745
743 746
743 747
743 1558
744 745
744 747
744 748
744 2543
744 4993
744 3274
744 3776
745 746
745 747
745 748
745 4284
745 1263
746 747
746 748
746 749
746 750
746 751
746 3532
747 748
747 749
747 750
747 751
747 752
748 749
748 750
748 751
748 752
748 753
749 752
749 753
749 754
749 4419
749 2225
749 3803
750 751
750 752
750 754
750 755
750 1799
751 752
751 753
751 755
751 756
751 4877
751 782
752 753
752 754
752 755
752 756
752 757
752 4690
753 754
753 755
753 756
753 757
753 758
753 2623
753 1283
753 1565
754 755
754 756
754 758
754 4230
754 3340
755 756
755 757
755 760
755 1030
755 914
755 1437
756 757
756 758
756 759
756 761
756 794
756 2618
756 4141
756 3708
757 758
757 759
757 760
757 761
757 1896
757 1925
758 759
758 760
758 761
758 763
758 2486
758 4021
759 760
759 763
759 764
759 4330
759 4900
759 2586
759 4854
760 761
760 762
760 764
760 765
760 2887
760 2556
761 762
761 763
761 764
761 765
761 766
762 763
762 765
762 767
762 3118
762 2310
762 3657
762 3784
763 765
763 767
763 768
763 4072
763 3005
763 4277
764 765
764 766
764 767
764 768
764 769
764 2866
764 2198
764 4556
765 766
765 767
765 769
765 4952
765 2483
765 4593
766 768
766 769
766 770
766 771
766 2241
766 4417
767 768
767 769
767 771
767 2122
767 4684
768 770
768 771
768 772
768 773
768 3805
769 770
769 771
769 772
769 773
769 774
769 1321
770 771
770 772
770 773
770 774
770 775
770 4526
770 4913
770 2619
770 4087
770 2667
771 772
771 774
771 775
771 776
771 3735
772 773
772 774
772 775
772 776
772 777
772 1715
773 774
773 775
773 776
773 777
773 778
773 3003
773 1926
774 775
774 776
774 777
774 779
774 1917
774 2204
774 1288
774 4805
775 776
775 778
775 779
775 780
775 3354
775 4331
775 3763
775 3458
776 778
776 779
776 781
776 1529
776 2981
776 1034
777 778
777 779
777 780
777 781
777 782
777 3312
777 4896
777 2231
777 4755
778 779
778 781
778 782
778 783
778 2008
778 3032
778 2841
779 780
779 781
779 783
779 784
779 1499
779 4632
780 781
780 782
780 783
780 784
780 785
780 3061
780 1666
781 783
781 784
781 785
781 786
781 4286
782 783
782 786
782 787
782 2758
782 3070
783 784
783 785
783 786
783 787
783 788
783 1872
784 785
784 786
784 789
784 1950
784 3672
785 786
785 788
785 789
785 790
785 4291
785 974
786 787
786 788
786 789
786 790
786 791
786 4152
786 4382
787 788
787 789
787 790
787 791
787 792
787 2728
788 789
788 790
788 791
788 792
788 4529
788 2793
789 792
789 794
789 2626
789 2074
789 2811
789 1940
789 933
789 2191
790 791
790 792
790 793
790 795
790 2191
790 2651
791 793
791 795
791 796
791 3156
791 2004
791 4045
792 793
792 794
792 795
792 796
792 797
793 794
793 796
793 797
793 2460
793 4534
794 796
794 797
794 798
794 1377
794 4603
795 796
795 797
795 798
795 799
795 800
795 4852
796 797
796 798
796 800
796 801
796 1352
796 4410
796 880
797 800
797 801
797 802
797 846
798 799
798 800
798 801
798 802
798 803
798 1224
799 800
799 801
799 802
799 803
799 804
800 801
800 805
800 2081
800 2720
800 4485
801 803
801 804
801 805
801 806
801 2924
801 967
802 804
802 805
802 807
802 1619
802 4628
803 804
803 805
803 806
803 807
803 808
803 1811
804 805
804 806
804 807
804 809
805 806
805 807
805 809
805 810
805 2832
806 807
806 809
806 810
806 811
806 4937
806 4042
807 809
807 810
807 812
807 4025
807 975
807 3506
808 809
808 810
808 811
808 812
808 813
809 810
809 811
809 814
809 3143
809 977
810 811
810 812
810 813
810 814
810 815
811 812
811 813
811 814
811 815
811 816
811 2490
812 813
812 814
812 817
812 2873
812 1645
813 814
813 815
813 816
813 3899
814 815
814 816
814 817
814 818
814 819
814 2009
815 816
815 818
815 819
815 820
815 1976
815 1804
816 817
816 818
816 819
816 820
816 3685
816 962
817 818
817 819
817 820
817 821
817 822
817 1984
818 819
818 820
818 821
818 822
818 823
818 1757
819 820
819 821
819 822
819 823
819 824
820 821
820 822
820 823
820 825
820 3353
821 823
821 824
821 825
821 826
821 2715
821 4056
822 823
822 824
822 825
822 827
822 2523
823 824
823 825
823 826
823 827
823 1316
823 3783
824 825
824 826
824 827
824 828
824 829
824 4085
824 845
824 902
825 826
825 827
825 828
825 1555
825 4497
825 2792
826 827
826 828
826 829
826 830
826 831
827 828
827 829
827 830
827 832
827 3795
827 4879
827 4871
828 829
828 830
828 831
828 832
828 833
829 830
829 831
829 832
829 833
829 834
830 831
830 832
830 834
830 835
830 3975
831 832
831 833
831 834
831 835
831 836
831 3911
831 1515
832 833
832 835
832 836
832 837
832 1100
833 835
833 836
833 837
833 838
833 3813
833 1116
834 835
834 837
834 838
834 839
834 2373
834 3716
835 836
835 837
835 838
835 839
835 2586
835 2209
835 3179
835 3023
836 838
836 839
836 840
836 1967
836 3501
836 2253
837 838
837 840
837 841
837 3416
837 3628
837 3645
837 2273
838 839
838 840
838 842
838 3974
838 1187
838 1842
839 840
839 841
839 842
839 844
840 841
840 842
840 843
840 844
840 845
840 1957
840 4525
841 842
841 843
841 845
841 846
841 1902
841 1121
841 2214
842 843
842 844
842 845
842 846
842 1334
842 4733
843 844
843 845
843 847
843 848
843 1777
844 845
844 846
844 848
844 849
844 4570
845 848
845 849
845 850
845 3688
845 3198
846 847
846 848
846 849
846 850
846 851
847 848
847 849
847 850
847 851
847 3460
848 850
848 852
848 853
848 2272
848 4205
849 850
849 851
849 852
849 853
849 854
850 852
850 853
850 854
850 855
850 4380
850 4841
851 852
851 853
851 854
851 856
851 3387
852 853
852 855
852 1101
852 2347
852 2540
853 856
853 857
853 3805
853 2021
854 855
854 856
854 857
854 858
854 3276
854 2411
855 857
855 2726
855 1090
855 1676
855 4591
855 1654
856 857
856 858
856 859
856 860
856 3357
856 3948
856 1632
857 858
857 859
857 861
857 4945
857 4577
858 860
858 861
858 862
858 863
858 2409
859 860
859 861
859 3280
859 2279
859 4053
860 861
860 864
860 865
860 3527
860 3443
860 4768
860 3034
861 862
861 863
861 864
861 865
861 866
861 4092
862 863
862 864
862 865
862 866
862 867
862 1046
863 864
863 866
863 867
863 868
863 2129
863 2772
864 866
864 867
864 868
864 869
865 866
865 867
865 868
865 1535
866 867
866 868
866 869
866 870
866 1013
866 4121
866 4934
866 2095
867 868
867 869
867 870
867 871
867 872
867 2225
867 4569
867 2099
868 870
868 871
868 872
868 873
868 4023
869 870
869 871
869 873
869 874
869 1601
869 1493
869 4218
870 871
870 872
870 873
870 874
870 875
870 4646
871 872
871 873
871 874
871 875
871 876
872 873
872 874
872 875
872 876
872 877
873 874
873 875
873 876
873 877
873 878
873 4569
874 875
874 876
874 877
874 3427
875 876
875 877
875 879
875 880
875 1996
875 3961
875 976
876 877
876 879
876 1521
876 3724
877 878
877 879
877 4722
877 1944
877 3258
878 879
878 880
878 881
878 882
878 883
879 880
879 882
879 883
879 884
879 4488
879 951
880 881
880 883
880 884
880 4568
880 1718
880 4135
881 883
881 885
881 886
881 2846
881 2675
882 884
882 885
882 886
882 887
882 2202
883 885
883 886
883 888
883 3677
883 1537
883 4184
883 1686
884 886
884 887
884 889
884 4477
884 959
884 3153
884 2298
884 2277
885 886
885 887
885 889
885 890
885 1267
886 888
886 889
886 890
886 891
887 890
887 891
887 892
887 1451
888 889
888 890
888 891
888 892
888 893
889 890
889 891
889 892
889 893
889 894
889 1703
890 892
890 895
890 4855
890 4895
890 2595
890 3964
891 892
891 893
891 894
891 896
891 1304
892 893
892 895
892 896
892 897
892 4488
893 894
893 895
893 897
893 898
893 3954
893 4393
894 895
894 896
894 897
894 898
894 4496
895 896
895 898
895 899
895 900
895 4730
895 1202
895 4849
896 897
896 898
896 899
896 901
896 2300
896 4381
897 899
897 901
897 902
897 3866
897 4123
898 899
898 900
898 901
898 902
898 903
898 1766
899 901
899 902
899 903
899 4234
899 1260
899 3265
900 902
900 903
900 904
900 905
900 3036
900 2587
901 903
901 904
901 905
901 906
901 4972
902 903
902 906
902 3186
902 2564
903 904
903 905
903 906
903 907
903 908
903 1659
904 905
904 906
904 907
904 908
904 909
905 906
905 907
905 910
905 3342
905 4784
905 2946
906 907
906 908
906 911
906 1746
906 4802
906 3520
907 908
907 909
907 910
907 911
907 912
907 4448
908 911
908 913
908 3516
908 2008
908 2688
909 910
909 911
909 912
909 913
909 914
909 3804
910 911
910 912
910 913
910 914
910 1105
911 912
911 914
911 915
911 916
911 1538
912 913
912 915
912 917
912 3231
912 3798
912 3857
913 914
913 916
913 917
913 918
913 2678
913 2510
914 916
914 918
914 919
914 4263
915 916
915 917
915 919
915 920
915 1408
916 917
916 918
916 919
916 920
916 921
916 1886
916 4183
917 920
917 921
917 922
917 2180
917 3252
917 1165
917 4817
918 919
918 920
918 921
918 923
918 930
919 920
919 921
919 922
919 923
919 4004
920 921
920 922
920 923
920 925
920 2492
920 3514
921 923
921 924
921 925
921 926
921 4356
921 1222
922 923
922 924
922 925
922 926
922 927
922 3800
922 4763
923 924
923 925
923 926
923 927
923 928
923 1912
924 925
924 926
924 928
924 929
924 3420
924 1996
925 926
925 928
925 929
925 930
925 4169
926 928
926 929
926 930
926 1481
926 1043
926 968
927 930
927 931
927 932
927 4724
927 2196
927 1546
928 930
928 931
928 932
928 933
929 930
929 932
929 933
929 3339
929 4003
929 2008
930 931
930 933
930 934
930 2843
930 2636
931 932
931 933
931 934
931 935
931 936
932 933
932 934
932 935
932 937
932 2076
932 2589
932 2176
933 935
933 937
933 938
933 1351
934 935
934 936
934 937
934 938
934 939
934 1551
935 936
935 937
935 938
935 939
935 940
935 1797
936 937
936 938
936 939
936 940
936 941
936 3485
937 938
937 939
937 941
937 942
937 999
938 941
938 942
938 943
938 1011
939 941
939 942
939 944
939 3320
939 3282
939 3660
940 941
940 942
940 943
940 944
940 945
941 942
941 943
941 945
941 946
941 3359
942 945
942 946
942 947
942 2937
942 1894
942 1507
943 944
943 945
943 946
943 947
943 948
943 4869
943 3552
944 946
944 947
944 948
944 1994
944 4641
944 1644
945 946
945 947
945 948
945 949
945 1794
946 947
946 949
946 950
946 1045
946 3972
946 1286
946 3574
947 951
947 952
947 1556
947 4855
947 2412
947 4283
948 949
948 952
948 953
948 989
948 2111
949 950
949 951
949 952
949 953
949 954
950 952
950 953
950 954
950 955
950 2741
951 952
951 953
951 955
951 956
951 4797
952 954
952 955
952 956
952 957
952 2171
952 1921
952 4750
953 954
953 955
953 957
953 972
953 2978
953 3520
954 955
954 957
954 958
954 959
954 2647
955 956
955 957
955 959
955 960
955 1589
956 957
956 958
956 960
956 961
956 1828
956 4451
957 959
957 960
957 961
957 4607
957 3141
957 1320
958 959
958 960
958 961
958 962
958 963
959 961
959 962
959 963
959 964
960 961
960 962
960 963
960 964
960 3670
960 2422
961 964
961 965
961 966
961 3764
961 2562
962 963
962 964
962 966
962 967
962 4331
962 4542
963 965
963 966
963 1584
963 4272
963 2570
964 965
964 967
964 968
964 969
964 1853
964 3540
965 966
965 967
965 968
965 969
965 970
965 3538
966 967
966 970
966 971
966 4211
966 4380
966 3725
967 968
967 969
967 970
967 972
967 3423
968 970
968 971
968 972
968 973
968 4818
968 1094
969 970
969 971
969 972
969 973
969 974
969 2946
969 4107
970 971
970 972
970 973
970 974
970 975
970 3869
970 4089
971 972
971 973
971 974
971 975
971 976
972 973
972 974
972 976
972 977
972 2266
973 974
973 975
973 976
973 977
973 978
974 975
974 976
974 977
974 979
974 1805
974 2647
975 976
975 977
975 979
975 980
976 977
976 978
976 981
976 1580
976 2680
976 3220
977 978
977 979
977 981
977 982
977 2262
978 979
978 980
978 981
978 982
978 983
979 980
979 981
979 982
979 983
979 984
979 3093
979 1640
980 982
980 983
980 984
980 985
980 2712
981 982
981 984
981 3928
981 4159
981 3545
981 1193
982 983
982 984
982 985
982 987
982 4015
982 2898
983 984
983 986
983 1779
983 3199
983 2857
983 1816
984 985
984 986
984 987
984 988
984 989
984 4149
985 986
985 987
985 988
985 989
985 990
986 987
986 988
986 989
986 990
986 991
987 989
987 990
987 991
987 992
987 1353
987 3480
988 989
988 990
988 991
988 992
988 993
988 2938
989 990
989 991
989 992
989 2766
989 3191
990 991
990 992
990 993
990 994
990 995
990 3016
990 4444
991 992
991 993
991 994
991 995
991 996
991 1534
992 993
992 994
992 995
992 996
992 997
992 3577
992 4053
993 995
993 996
993 997
993 3324
993 1429
993 2022
993 4676
993 2279
994 995
994 997
994 998
994 999
994 2444
995 996
995 998
995 999
995 3659
995 1545
996 997
996 998
996 999
996 1000
996 1001
996 2458
997 998
997 1000
997 1001
997 1002
997 1760
997 1574
998 1000
998 1001
998 1002
998 1003
998 2717
999 1000
999 1001
999 1002
999 1003
999 2265
1000 1001
1000 1002
1000 1003
1000 1004
1000 2735
1000 3979
1000 2131
1000 2432
1001 1002
1001 1003
1001 1004
1001 1006
1001 1440
1001 4149
1002 1003
1002 1004
1002 1005
1002 1006
1002 1007
1003 1004
1003 1005
1003 1006
1003 1007
1003 1008
1004 1005
1004 1006
1004 1007
1004 1008
1004 3885
1005 1006
1005 1008
1005 1009
1005 1010
1006 1007
1006 1008
1006 1009
1006 1010
1006 1011
1007 1008
1007 1010
1007 1011
1007 1012
1007 4502
1007 1773
1008 1009
1008 1010
1008 1011
1008 1012
1008 4185
1009 1011
1009 1012
1009 1013
1009 1014
1009 4927
1009 3996
1010 1012
1010 1013
1010 1014
1010 1015
1010 3819
1010 1855
1011 1012
1011 1013
1011 1015
1011 1629
1011 4641
1012 1014
1012 1015
1012 1016
1012 1017
1013 1015
1013 1016
1013 1017
1013 1018
1014 1015
1014 1018
1014 1019
1014 4829
1014 3623
1014 3318
1015 1016
1015 1017
1015 1018
1015 1019
1015 1020
1016 1017
1016 1018
1016 1020
1016 1021
1016 4061
1016 2160
1016 2366
1017 1018
1017 1019
1017 1021
1017 1022
1017 1790
1018 1019
1018 1020
1018 1021
1018 1022
1018 1023
1018 4031
1019 1020
1019 1022
1019 1024
1019 1299
1020 1021
1020 1022
1020 1024
1020 2133
1020 4177
1021 1023
1021 1024
1021 1025
1021 1026
1021 2644
1021 1250
1022 1023
1022 1024
1022 1025
1022 1026
1022 1027
1022 1461
1023 1026
1023 1027
1023 1028
1023 2500
1023 4309
1024 1025
1024 1026
1024 1027
1024 1028
1024 1029
1025 1026
1025 1028
1025 1029
1025 1030
1025 1702
1025 2734
1026 1027
1026 1028
1026 1029
1026 1031
1026 1806
1026 4963
1027 1028
1027 1030
1027 1031
1027 1032
1027 1412
1027 2126
1027 3955
1027 4775
1028 1029
1028 1031
1028 1033
1028 2852
1028 2749
1029 1030
1029 1031
1029 1032
1029 1033
1029 1034
1029 3888
1030 1031
1030 1032
1030 1033
1030 1034
1030 3833
1030 3235
1030 3234
1030 3960
1030 2048
1031 1032
1031 1033
1031 1034
1031 1036
1031 3713
1031 4159
1032 1033
1032 1034
1032 1036
1032 1037
1032 2165
1032 3788
1032 2429
1033 1035
1033 1037
1033 1038
1033 4887
1033 4096
1033 4032
1033 1502
1034 1035
1034 1036
1034 1037
1034 1038
1034 1039
1035 1036
1035 1037
1035 1038
1035 1039
1035 1040
1036 1037
1036 1038
1036 1039
1036 1040
1036 1041
1036 2717
1037 1038
1037 1039
1037 1040
1037 1041
1037 1042
1037 4632
1037 4362
1038 1039
1038 1040
1038 1041
1038 1042
1038 1043
1038 1746
1039 1040
1039 1041
1039 1042
1039 1043
1039 3708
1039 2952
1040 1041
1040 1042
1040 1043
1040 1044
1040 1045
1040 1079
1041 1042
1041 1043
1041 1044
1041 1045
1041 1046
1041 3911
1042 1044
1042 1045
1042 1047
1042 1926
1042 2767
1043 1046
1043 1048
1043 1933
1043 1052
1044 1045
1044 1046
1044 1048
1044 1049
1044 1073
1045 1046
1045 1047
1045 1048
1045 1049
1045 1050
1046 1047
1046 1049
1046 1050
1046 1051
1047 1048
1047 1049
1047 1051
1047 1052
1047 2151
1048 1049
1048 1050
1048 1051
1048 1052
1048 1053
1048 1299
1048 2171
1049 1050
1049 1051
1049 1052
1049 1053
1049 1054
1050 1051
1050 1052
1050 1053
1050 1054
1050 1055
1050 1409
1051 1052
1051 1053
1051 1056
1051 4341
1051 4804
1051 1374
1052 1053
1052 1054
1052 1055
1052 1056
1052 1057
1053 1054
1053 1056
1053 1057
1053 1532
1053 1769
1054 1055
1054 1056
1054 1057
1054 1059
1054 2733
1054 3402
1055 1056
1055 1057
1055 1058
1055 1059
1055 1060
1055 3228
1056 1057
1056 1058
1056 1059
1056 1060
1056 1061
1056 1172
1057 1058
1057 1060
1057 1061
1057 1062
1057 2400
1058 1059
1058 1061
1058 1062
1058 1063
1058 2695
1058 1119
1058 4470
1059 1062
1059 1063
1059 1064
1059 3134
1059 2150
1059 1869
1059 2240
1059 4745
1060 1061
1060 1062
1060 1063
1060 1064
1060 1065
1060 3585
1061 1062
1061 1063
1061 1065
1061 1066
1062 1064
1062 1066
1062 1067
1062 1439
1062 1526
1063 1064
1063 1065
1063 1066
1063 1067
1063 1068
1063 2753
1064 1065
1064 1067
1064 1068
1064 1069
1064 2295
1065 1066
1065 1067
1065 1068
1065 1069
1065 1070
1065 4318
1066 1067
1066 1068
1066 1069
1066 1070
1066 1324
1066 3845
1067 1068
1067 1070
1067 1071
1067 1072
1067 4605
1068 1069
1068 1070
1068 1071
1068 1072
1068 1073
1068 1307
1069 1074
1069 3866
1069 4712
1069 4031
1069 3944
1069 1091
1069 2692
1070 1071
1070 1072
1070 1073
1070 1074
1070 1075
1070 1701
1071 1072
1071 1073
1071 1075
1071 1076
1071 1800
1072 1073
1072 1074
1072 1075
1072 1077
1072 2703
1072 4408
1073 1074
1073 1075
1073 1076
1073 1078
1073 1839
1073 4820
1074 1076
1074 1077
1074 1079
1074 4997
1074 3631
1075 1076
1075 1077
1075 1078
1075 1079
1075 1080
1075 3149
1076 1077
1076 1078
1076 1079
1076 1080
1076 1081
1076 3000
1077 1078
1077 1079
1077 1080
1077 1081
1077 4752
1078 1079
1078 1080
1078 1081
1078 1082
1078 4418
1078 2728
1078 4997
1078 2373
1079 1080
1079 1082
1079 1083
1079 3219
1080 1081
1080 1082
1080 1083
1080 1084
1080 1192
1080 3651
1081 1082
1081 1083
1081 1084
1081 1086
1081 3044
1082 1083
1082 1084
1082 1085
1082 1086
1082 1087
1082 4165
1083 1084
1083 1085
1083 1087
1083 1088
1083 4225
1083 1233
1084 1085
1084 1087
1084 1088
1084 1089
1084 4897
1085 1086
1085 1087
1085 1088
1085 1090
1085 4195
1085 1503
1086 1087
1086 1088
1086 1090
1086 1091
1086 2546
1086 2590
1086 2380
1087 1088
1087 1089
1087 1091
1087 1092
1087 3749
1087 3571
1088 1089
1088 1090
1088 1091
1088 1092
1088 1093
1089 1090
1089 1091
1089 1092
1089 1093
1089 1094
1089 1847
1090 1091
1090 1094
1090 1095
1090 4214
1090 2121
1091 1092
1091 1093
1091 1094
1091 1096
1091 2418
1092 1094
1092 1095
1092 2961
1092 4050
1092 4157
1092 1691
1093 1094
1093 1095
1093 1096
1093 1097
1093 1098
1093 3205
1094 1095
1094 1097
1094 1098
1094 1099
1095 1096
1095 1098
1095 1099
1095 1268
1095 4945
1095 2144
1096 1097
1096 1098
1096 1099
1096 1100
1096 1101
1097 1099
1097 1100
1097 1101
1097 1102
1097 2059
1098 1099
1098 1100
1098 1101
1098 1102
1098 1103
1098 3548
1099 1100
1099 1101
1099 1102
1099 1103
1099 1104
1100 1102
1100 1103
1100 1104
1100 2254
1100 4997
1100 4640
1101 1102
1101 1103
1101 1105
1101 1916
1101 3108
1102 1103
1102 1104
1102 1105
1102 1106
1102 4844
1103 1104
1103 1105
1103 1106
1103 1108
1103 4278
1103 2791
1104 1105
1104 1106
1104 1107
1104 1108
1104 1109
1105 1107
1105 1108
1105 1109
1105 1110
1106 1107
1106 1110
1106 4909
1106 4479
1106 3151
1107 1108
1107 1109
1107 1110
1107 2550
1107 3829
1108 1109
1108 1110
1108 1111
1108 1112
1108 1113
1109 1110
1109 1112
1109 1113
1109 1114
1109 2839
1109 1381
1109 4199
1110 1111
1110 1112
1110 1113
1110 3569
1110 1688
1111 1113
1111 1114
1111 1115
1111 1116
1112 1115
1112 1116
1112 1117
1112 1914
1112 2323
1112 2309
1112 1891
1113 1114
1113 1115
1113 1116
1113 1117
1113 1118
1113 2014
1114 1115
1114 1116
1114 1117
1114 1118
1114 1119
1115 1116
1115 1117
1115 1118
1115 1119
1115 1120
1116 1117
1116 1118
1116 1119
1116 1120
1117 1118
1117 1119
1117 1120
1117 1121
1117 1122
1117 2178
1117 2562
1118 1119
1118 1120
1118 1122
1118 3712
1118 4662
1118 1168
1119 1120
1119 1121
1119 1122
1119 4178
1119 2945
1119 2990
1120 1121
1120 1123
1120 1125
1120 2577
1120 2153
1120 3158
1121 1124
1121 1126
1121 4037
1121 2507
1121 3566
1122 1123
1122 1125
1122 1126
1122 1127
1122 2878
1122 4288
1123 1125
1123 1127
1123 1128
1123 2979
1123 2320
1124 1125
1124 1126
1124 1127
1124 1128
1124 1129
1124 2015
1125 1126
1125 1128
1125 1129
1125 1130
1125 2696
1126 1129
1126 1131
1126 4560
1126 3878
1126 4970
1127 1128
1127 1129
1127 1131
1127 1132
1127 4263
1128 1129
1128 1130
1128 1131
1128 1132
1128 1133
1129 1130
1129 1131
1129 1132
1129 1133
1129 1134
1129 3847
1130 1131
1130 1132
1130 1133
1130 1134
1130 1135
1130 4705
1131 1132
1131 1133
1131 1134
1131 1135
1131 1136
1131 3021
1132 1133
1132 1134
1132 1136
1132 1137
1132 4788
1133 1134
1133 1136
1133 1137
1133 1138
1133 3505
1134 1137
1134 1138
1134 1139
1134 2337
1134 3396
1135 1137
1135 1138
1135 1139
1135 1140
1135 2879
1135 2654
1136 1137
1136 1138
1136 1140
1136 1141
1136 2204
1137 1139
1137 1141
1137 1142
1137 2492
1137 1511
1137 4091
1137 2074
1138 1139
1138 1140
1138 1141
1138 1142
1138 1143
1138 1910
1139 1141
1139 1142
1139 1143
1139 2459
1139 1968
1139 1491
1140 1141
1140 1144
1140 4215
1140 3318
1141 1143
1141 1144
1141 1145
1141 2860
1141 2963
1142 1143
1142 1144
1142 1145
1142 1146
1142 2473
1142 3452
1143 1144
1143 1145
1143 1146
1143 1147
1143 1148
1144 1145
1144 1147
1144 1148
1144 1149
1144 1317
1144 1734
1145 1146
1145 1147
1145 1148
1145 1149
1145 2626
1146 1147
1146 1148
1146 1149
1146 1150
1146 1151
1146 4521
1147 1150
1147 1151
1147 4629
1147 4172
1147 1321
1147 3660
1147 1753
1148 1149
1148 1151
1148 1153
1148 3121
1148 4562
1148 4375
1148 2545
1149 1151
1149 1152
1149 1153
1149 1154
1149 2409
1150 1151
1150 1153
1150 1155
1150 1542
1150 4516
1151 1153
1151 1154
1151 1155
1151 1156
1151 1373
1151 1932
1152 1153
1152 1154
1152 1155
1152 1156
1152 2038
1153 1154
1153 1155
1153 1156
1153 1157
1153 2745
1154 1155
1154 1156
1154 1157
1154 1158
1154 1159
1154 2603
1155 1156
1155 1157
1155 1158
1155 1159
1155 1160
1156 1157
1156 1158
1156 1160
1156 1161
1156 1170
1157 1158
1157 1160
1157 1161
1157 1162
1157 4300
1157 3355
1158 1159
1158 1160
1158 1162
1158 1163
1158 3499
1159 1160
1159 1162
1159 1163
1159 1164
1160 1162
1160 1163
1160 1164
1160 1165
1160 4015
1160 1847
1160 3528
1160 2923
1160 3108
1161 1162
1161 1163
1161 1164
1161 1165
1161 1166
1161 3076
1162 1163
1162 1164
1162 1165
1162 1167
1162 4257
1162 4774
1163 1164
1163 1165
1163 1167
1163 1168
1163 4098
1164 1165
1164 1166
1164 1167
1164 1168
1164 1169
1164 3220
1164 2494
1165 1166
1165 1167
1165 1168
1165 3746
1166 1167
1166 1168
1166 1170
1166 1171
1166 3069
1166 2672
1167 1168
1167 1169
1167 1170
1167 1171
1167 4701
1168 1169
1168 1172
1168 1173
1168 2490
1169 1170
1169 1171
1169 1172
1169 1174
1169 4703
1170 1171
1170 1173
1170 1174
1170 1175
1170 4605
1171 1172
1171 1173
1171 1174
1171 1175
1171 1176
1172 1174
1172 1176
1172 1177
1172 2476
1173 1174
1173 1175
1173 1178
1173 4629
1173 3772
1173 3903
1173 4670
1174 1175
1174 1176
1174 1177
1174 1178
1174 1179
1174 4486
1175 1176
1175 1177
1175 1178
1175 1179
1175 1180
1175 3803
1175 2016
1176 1177
1176 1178
1176 1179
1176 1180
1176 1181
1176 2965
1177 1179
1177 1180
1177 4088
1177 4950
1177 2490
1177 3151
1178 1179
1178 1180
1178 1182
1178 1183
1178 4552
1178 1817
1179 1181
1179 1182
1179 1184
1179 4134
1179 3305
1179 3536
1179 4845
1180 1181
1180 1182
1180 1183
1180 1184
1180 1185
1180 2885
1181 1182
1181 1183
1181 1184
1181 1186
1181 1770
1182 1183
1182 1184
1182 1185
1182 1187
1182 3906
1182 1689
1183 1184
1183 1185
1183 1186
1183 1188
1183 3363
1183 4404
1183 2460
1184 1185
1184 1187
1184 1188
1184 1189
1184 1304
1185 1186
1185 1188
1185 1189
1185 1190
1185 1978
1186 1187
1186 1189
1186 1190
1186 1191
1186 1306
1186 2570
1186 4225
1186 4194
1187 1189
1187 1190
1187 2767
1187 1752
1187 4473
1187 2401
1187 4101
1188 1189
1188 1191
1188 1192
1188 1193
1188 2009
1188 3405
1188 3190
1189 1190
1189 1191
1189 1192
1189 1193
1189 1194
1190 1192
1190 1193
1190 1194
1190 1195
1190 3782
1191 1192
1191 1193
1191 1194
1191 1195
1191 1196
1191 3556
1192 1193
1192 1194
1192 1196
1192 1197
1193 1194
1193 1195
1193 1196
1193 1197
1193 1198
1193 2536
1194 1197
1194 1198
1194 1199
1194 4146
1194 1989
1194 3294
1195 1196
1195 1197
1195 1199
1195 1200
1195 1711
1196 1197
1196 1198
1196 1200
1196 3837
1196 1270
1196 2960
1197 1198
1197 1199
1197 1200
1197 1201
1197 1202
1198 1200
1198 1201
1198 1202
1198 1203
1198 2379
1198 3167
1198 4031
1199 1200
1199 1201
1199 1203
1199 1740
1200 1201
1200 1202
1200 1203
1200 1204
1200 1205
1200 1743
1201 1202
1201 1203
1201 1204
1201 1205
1201 1206
1201 1964
1202 1203
1202 1204
1202 1205
1202 1206
1202 1898
1203 1204
1203 1205
1203 1207
1203 1208
1203 4437
1204 1205
1204 1206
1204 1207
1204 1208
1204 1209
1205 1206
1205 1207
1205 1208
1205 1209
1205 1210
1206 1207
1206 1208
1206 1210
1206 1211
1207 1208
1207 1209
1207 1210
1207 1211
1207 1212
1207 2952
1207 3853
1208 1209
1208 1210
1208 1211
1208 1212
1208 1213
1209 1210
1209 1211
1209 1212
1209 1213
1209 1214
1210 1211
1210 1212
1210 1213
1210 1214
1210 1215
1211 1212
1211 1214
1211 1215
1211 1216
1212 1215
1212 1216
1212 1217
1212 2322
1212 4182
1212 1808
1213 1214
1213 1215
1213 1217
1213 1218
1214 1215
1214 1216
1214 1217
1214 1218
1214 1219
1214 1671
1214 2032
1215 1216
1215 1217
1215 1218
1215 1219
1215 1220
1216 1217
1216 1218
1216 1219
1216 1221
1216 3738
1216 2618
1217 1218
1217 1219
1217 1221
1217 1222
1217 3341
1217 1680
1218 1219
1218 1220
1218 1221
1218 1222
1218 4910
1219 1220
1219 1221
1219 1222
1219 1223
1219 4680
1219 3259
1219 3416
1220 1221
1220 1223
1220 1224
1220 1225
1220 4577
1221 1222
1221 1223
1221 1224
1221 1225
1221 1226
1222 1224
1222 1226
1222 3950
1222 4238
1222 4460
1222 4417
1223 1225
1223 1227
1223 1228
1223 2543
1223 3247
1223 3751
1224 1227
1224 1229
1224 1895
1224 1915
1225 1226
1225 1227
1225 1228
1225 1229
1225 1230
1226 1227
1226 1228
1226 1229
1226 1230
1226 1231
1227 1228
1227 1229
1227 1230
1227 1231
1227 1232
1227 4162
1228 1230
1228 1231
1228 1233
1228 1314
1228 4473
1229 1230
1229 1231
1229 1232
1229 1233
1229 1234
1229 1888
1230 1232
1230 1233
1230 1234
1230 1235
1230 4095
1231 1232
1231 1234
1231 1235
1231 1236
1231 2840
1231 1662
1232 1233
1232 1235
1232 1236
1232 1237
1232 4950
1233 1234
1233 1235
1233 1236
1233 1237
1233 4886
1233 1547
1234 1235
1234 1236
1234 1237
1234 1239
1234 1656
1234 4702
1234 2134
1235 1236
1235 1237
1235 1238
1235 1239
1235 1240
1235 3248
1236 1237
1236 1238
1236 1240
1236 1241
1236 3181
1236 3175
1237 1238
1237 1239
1237 1240
1237 1242
1237 3448
1238 1239
1238 1240
1238 1241
1238 1243
1238 3496
1238 2145
1238 2861
1239 1240
1239 1241
1239 1242
1239 2032
1239 4246
1240 1241
1240 1242
1240 1245
1240 2950
1241 1242
1241 1243
1241 1245
1241 1246
1241 2518
1242 1243
1242 1244
1242 1245
1242 1246
1242 1247
1243 1245
1243 1246
1243 2929
1243 4231
1243 2186
1244 1245
1244 1248
1244 1249
1244 2506
1244 4750
1245 1246
1245 1247
1245 1248
1245 1249
1245 1250
1245 1708
1246 1248
1246 1249
1246 1250
1246 1251
1246 3023
1246 1805
1247 1248
1247 1249
1247 1250
1247 1251
1247 1252
1247 2366
1248 1249
1248 1250
1248 1251
1248 1253
1248 3870
1248 2395
1249 1250
1249 1251
1249 1252
1249 1253
1249 1254
1250 1251
1250 1253
1250 1255
1250 4357
1250 3569
1251 1253
1251 1255
1251 4907
1251 1596
1251 4079
1251 4314
1252 1253
1252 1254
1252 1257
1252 2321
1253 1255
1253 1256
1253 1257
1253 1258
1253 4414
1254 1255
1254 1256
1254 1257
1254 1258
1254 1259
1255 1256
1255 1257
1255 1258
1255 1259
1255 1260
1255 4013
1256 1257
1256 1258
1256 1260
1256 1261
1256 3002
1256 2281
1256 2564
1257 1258
1257 1259
1257 1260
1257 3591
1257 3842
1257 1851
1257 2539
1258 1260
1258 1263
1258 2426
1258 1882
1259 1260
1259 1261
1259 1263
1259 1264
1259 4018
1260 1261
1260 1264
1260 1265
1260 4957
1261 1262
1261 1263
1261 1264
1261 1265
1261 1266
1262 1263
1262 1266
1262 1267
1262 2464
1262 2789
1262 2190
1263 1265
1263 1267
1263 2042
1263 3618
1263 1604
1263 3262
1264 1265
1264 3072
1264 2714
1264 4871
1264 3735
1265 1266
1265 1267
1265 1268
1265 1270
1265 2956
1266 1271
1266 1711
1266 1917
1266 2182
1266 4581
1267 1269
1267 1270
1267 1271
1267 3989
1267 3650
1268 1269
1268 1270
1268 1271
1268 1272
1268 1273
1269 1270
1269 1271
1269 1273
1269 1274
1269 2679
1269 3783
1270 1272
1270 1273
1270 1275
1270 3930
1270 3905
1271 1272
1271 1273
1271 1274
1271 1276
1271 4772
1272 1273
1272 1274
1272 1275
1272 1276
1272 3572
1272 4287
1272 2246
1273 1274
1273 1275
1273 1276
1273 1277
1273 1278
1273 4938
1274 1275
1274 1277
1274 1278
1274 1279
1274 3669
1275 1276
1275 1277
1275 1278
1275 1602
1275 1359
1276 1277
1276 1278
1276 1279
1276 1280
1276 4610
1277 1278
1277 1279
1277 1280
1277 1281
1277 1282
1278 1280
1278 1282
1278 1283
1278 3064
1278 4544
1278 4521
1279 1280
1279 1281
1279 1283
1279 1284
1279 1783
1279 4739
1280 1281
1280 1282
1280 1283
1280 1284
1280 1285
1280 4715
1281 1283
1281 1284
1281 1285
1281 1989
1281 2595
1282 1283
1282 1285
1282 1286
1282 2713
1282 3108
1282 2829
1283 1285
1283 1287
1283 1288
1283 2230
1283 1422
1284 1285
1284 1286
1284 1287
1284 1288
1284 1289
1284 1865
1284 2288
1285 1286
1285 1287
1285 1289
1285 1290
1285 3532
1286 1287
1286 1288
1286 1289
1286 1291
1287 1288
1287 1289
1287 1291
1287 1292
1287 3233
1287 3971
1288 1289
1288 1290
1288 1291
1288 1292
1289 1291
1289 1292
1289 1293
1289 1294
1289 3534
1289 2132
1290 1291
1290 1292
1290 1294
1290 1295
1290 4724
1291 1292
1291 1293
1291 1295
1291 1296
1291 2979
1291 1902
1291 3849
1292 1293
1292 1294
1292 1295
1292 1296
1292 1297
1292 2985
1292 4630
1293 1294
1293 1295
1293 1296
1293 1298
1293 4619
1294 1295
1294 1296
1294 1297
1294 1298
1294 1299
1294 2725
1295 1296
1295 1297
1295 1298
1295 1300
1295 3916
1295 4144
1296 1297
1296 1298
1296 1299
1296 1300
1296 4096
1296 3634
1297 1298
1297 1299
1297 1300
1297 2972
1297 3964
1297 1982
1298 1299
1298 1300
1298 1301
1298 1302
1298 2548
1298 3120
1299 1301
1299 1302
1299 1303
1299 1304
1299 3771
1300 1302
1300 1303
1300 1304
1300 1305
1300 3110
1300 2661
1301 1302
1301 1303
1301 1304
1301 1305
1301 3982
1302 1303
1302 1304
1302 1305
1302 1307
1302 2374
1302 3885
1303 1305
1303 1307
1303 1308
1303 2934
1303 2086
1303 2319
1303 1361
1304 1305
1304 1307
1304 1308
1304 1309
1304 1703
1304 2102
1305 1308
1305 1309
1305 3830
1305 3150
1305 4765
1306 1308
1306 1309
1306 1310
1306 1311
1307 1308
1307 1311
1307 3185
1307 4835
1308 1309
1308 1310
1308 1311
1308 1312
1308 1313
1308 1832
1309 1310
1309 1311
1309 1312
1309 1313
1309 2814
1310 1311
1310 1312
1310 1313
1310 1314
1310 2164
1311 1312
1311 1314
1311 1315
1311 1316
1311 3911
1312 1313
1312 1314
1312 1315
1312 1316
1312 1317
1312 3387
1312 3488
1312 4244
1313 1314
1313 1317
1313 1318
1313 4274
1314 1315
1314 1316
1314 1317
1314 1318
1314 1319
1315 1316
1315 1317
1315 1319
1315 1320
1315 2584
1316 1317
1316 1318
1316 1319
1316 1320
1316 1321
1316 2614
1316 1948
1317 1318
1317 1319
1317 1320
1317 1321
1317 1322
1317 4535
1317 2170
1318 1319
1318 1320
1318 1321
1318 1322
1318 2822
1319 1320
1319 1321
1319 1323
1319 1324
1319 4332
1320 1321
1320 1322
1320 1323
1320 1324
1320 2302
1321 1322
1321 1324
1321 1326
1322 1323
1322 1324
1322 1325
1322 1327
1322 2521
1322 1989
1323 1324
1323 1325
1323 1326
1323 1327
1323 1328
1323 2849
1324 1325
1324 1326
1324 1327
1324 1329
1325 1326
1325 1327
1325 1328
1325 1329
1325 1330
1326 1327
1326 1328
1326 1329
1326 1330
1326 1331
1326 1552
1327 1328
1327 1329
1327 1330
1327 1331
1327 3024
1328 1329
1328 1330
1328 1331
1328 1332
1328 1333
1328 4879
1329 1330
1329 1332
1329 1333
1329 1334
1329 2064
1330 1331
1330 1332
1330 1333
1330 1334
1330 1335
1330 4152
1331 1332
1331 1334
1331 1335
1331 1336
1331 2567
1331 4433
1332 1333
1332 1334
1332 1335
1332 1336
1332 1337
1333 1334
1333 1335
1333 1336
1333 1337
1333 1421
1333 2769
1334 1335
1334 1336
1334 1337
1334 1338
1334 1339
1335 1337
1335 1338
1335 1339
1335 1340
1335 3660
1335 2218
1335 3351
1336 1337
1336 1338
1336 1339
1336 1340
1336 1341
1337 1340
1337 1341
1337 4129
1337 3879
1337 2911
1337 3353
1337 4348
1338 1339
1338 1340
1338 1341
1338 1342
1338 4296
1339 1340
1339 1342
1339 1343
1339 1344
1339 1866
1339 1551
1339 3467
1340 1342
1340 1343
1340 1344
1340 1345
1340 4364
1340 2329
1341 1343
1341 1344
1341 1345
1341 1346
1341 4868
1342 1344
1342 1345
1342 1346
1342 1347
1342 2986
1342 2319
1343 1344
1343 1346
1343 1347
1343 1348
1344 1345
1344 1346
1344 1347
1344 1348
1344 1349
1345 1346
1345 1347
1345 1348
1345 1349
1345 1350
1346 1347
1346 1348
1346 1349
1346 1350
1346 1351
1347 1348
1347 1349
1347 1350
1347 1351
1347 4949
1348 1349
1348 1352
1348 1353
1348 2659
1349 1350
1349 1352
1349 1353
1349 1354
1350 1351
1350 1354
1350 1355
1350 3085
1350 2124
1351 1352
1351 1353
1351 1354
1351 1355
1351 1356
1352 1353
1352 1354
1352 1355
1352 1356
1352 1357
1352 3178
1353 1355
1353 1356
1353 1357
1353 1358
1354 1355
1354 1356
1354 1357
1354 1359
1354 4538
1355 1356
1355 1357
1355 1358
1355 1359
1355 1360
1356 1357
1356 1358
1356 1359
1356 1360
1357 1358
1357 1359
1357 1360
1357 4996
1358 1359
1358 1360
1358 1362
1358 1363
1358 2482
1359 1360
1359 1361
1359 1362
1359 1363
1359 1364
1360 1361
1360 1362
1360 1363
1360 1364
1360 1365
1361 1363
1361 1365
1361 1366
1361 2703
1362 1363
1362 1364
1362 1367
1362 1763
1363 1364
1363 1366
1363 1367
1363 4642
1363 2753
1363 4064
1364 1365
1364 1366
1364 1368
1364 1369
1364 3306
1364 3770
1365 1366
1365 1367
1365 1368
1365 1369
1365 1699
1366 1367
1366 1368
1366 1369
1366 1370
1366 1371
1367 1368
1367 1369
1367 1370
1367 1372
1367 4433
1368 1369
1368 1370
1368 1371
1368 1372
1368 1373
1369 1371
1369 1374
1369 3812
1369 2759
1369 1437
1370 1371
1370 1372
1370 1373
1370 1374
1370 4126
1370 2995
1371 1372
1371 1373
1371 1374
1371 1375
1371 1376
1372 1373
1372 1375
1372 1376
1372 1377
1372 3564
1373 1374
1373 1377
1373 1378
1373 1431
1373 4515
1374 1375
1374 1376
1374 1377
1374 1378
1374 1379
1374 2016
1375 1377
1375 1378
1375 1379
1375 1380
1375 2038
1375 4758
1376 1377
1376 1378
1376 1379
1376 1380
1376 1381
1376 3575
1376 2692
1377 1379
1377 1380
1377 2892
1377 2057
1378 1379
1378 1380
1378 1381
1378 1383
1378 3877
1379 1380
1379 1381
1379 1382
1379 1383
1379 1384
1379 2058
1379 3459
1380 1381
1380 1383
1380 1384
1380 1385
1380 2686
1380 1497
1381 1382
1381 1383
1381 1384
1381 2789
1381 2001
1381 2294
1381 4806
1382 1384
1382 1385
1382 1386
1382 1387
1382 1754
1383 1384
1383 1386
1383 1387
1383 1388
1384 1386
1384 1387
1384 1388
1384 1389
1384 2955
1385 1386
1385 1387
1385 1388
1385 1389
1385 1390
1385 3965
1386 1387
1386 1389
1386 1390
1386 1391
1386 2940
1387 1389
1387 1390
1387 1391
1387 1392
1387 3066
1387 3415
1387 3475
1388 1390
1388 1391
1388 1392
1388 3928
1388 1557
1388 4394
1389 1390
1389 1391
1389 1392
1389 1393
1389 3057
1390 1391
1390 1392
1390 1393
1390 1394
1390 1395
1390 2296
1390 2831
1391 1392
1391 1393
1391 1394
1391 1396
1391 4760
1392 1393
1392 1396
1392 1397
1392 1545
1392 4881
1393 1394
1393 1396
1393 1397
1393 1398
1393 4275
1393 1719
1393 4488
1394 1395
1394 1397
1394 1398
1394 1399
1394 4325
1394 4963
1395 1396
1395 1397
1395 1398
1395 1399
1395 1400
1396 1397
1396 1399
1396 1400
1396 1401
1397 1398
1397 1399
1397 1400
1397 1402
1397 2976
1398 1400
1398 1402
1398 1403
1398 4949
1398 1895
1399 1400
1399 1401
1399 1402
1399 1403
1399 1404
1400 1401
1400 1402
1400 1403
1400 1404
1400 1405
1400 4579
1401 1402
1401 1406
1401 1533
1402 1403
1402 1404
1402 1405
1402 1407
1402 1617
1403 1404
1403 1405
1403 1406
1403 1407
1403 1408
1403 4404
1403 1659
1404 1405
1404 1406
1404 1407
1404 1408
1404 1409
1404 1739
1405 1406
1405 1407
1405 1408
1405 1409
1405 1410
1405 2244
1405 2909
1406 1409
1406 1410
1406 1411
1406 3713
1406 1946
1407 1408
1407 1410
1407 1411
1407 1412
1407 1821
1408 1409
1408 1410
1408 1411
1408 1413
1408 2131
1409 1410
1409 1412
1409 1414
1409 2512
1410 1411
1410 1413
1410 1414
1410 1415
1410 4332
1411 1413
1411 1416
1411 2680
1411 1632
1411 3250
1412 1413
1412 1415
1412 1416
1412 1417
1412 3885
1413 1414
1413 1415
1413 1416
1413 1417
1413 1418
1414 1415
1414 1416
1414 1417
1414 1418
1414 1419
1415 1417
1415 1418
1415 1419
1415 1956
1415 2644
1415 4304
1416 1417
1416 1418
1416 1419
1416 1420
1416 1421
1416 4978
1417 1418
1417 1420
1417 1421
1417 1422
1417 1675
1417 2951
1417 2220
1418 1420
1418 1421
1418 1422
1418 1423
1418 1979
1418 1713
1419 1420
1419 1422
1419 1423
1419 1424
1419 2337
1419 4923
1420 1421
1420 1422
1420 1425
1420 3110
1420 1458
1420 3898
1421 1423
1421 1425
1421 1426
1421 4154
1421 3599
1421 2604
1422 1423
1422 1427
1422 3339
1422 1989
1423 1424
1423 1425
1423 1426
1423 1427
1423 1428
1423 3059
1424 1425
1424 1427
1424 1428
1424 1429
1424 4073
1424 2711
1424 2093
1425 1426
1425 1427
1425 1428
1425 1429
1425 1430
1425 2231
1426 1427
1426 1428
1426 1429
1426 1430
1426 1431
1426 3488
1427 1428
1427 1429
1427 1430
1427 3730
1427 3591
1428 1429
1428 1430
1428 1431
1428 1432
1428 1433
1428 3047
1428 3088
1429 1431
1429 1432
1429 1433
1429 1434
1430 1431
1430 1433
1430 1434
1430 1435
1430 3014
1430 3406
1431 1432
1431 1433
1431 1434
1431 1435
1431 1436
1431 4753
1432 1433
1432 1434
1432 1435
1432 1436
1432 3798
1433 1436
1433 1437
1433 1438
1433 2589
1433 3584
1433 2867
1434 1435
1434 1436
1434 1437
1434 1438
1434 1439
1435 1436
1435 1437
1435 1438
1435 1439
1435 1440
1436 1437
1436 1438
1436 1440
1436 1441
1436 2033
1436 4804
1436 4843
1437 1438
1437 1439
1437 1440
1437 1442
1437 4891
1437 3887
1438 1439
1438 1440
1438 1441
1438 1442
1438 1443
1439 1440
1439 1441
1439 1442
1439 1443
1439 1444
1439 2358
1440 1442
1440 1445
1440 2610
1440 3389
1441 1442
1441 1443
1441 1444
1441 1445
1441 1446
1442 1443
1442 1444
1442 1445
1442 1446
1442 1447
1442 3039
1443 1444
1443 1445
1443 1446
1443 1447
1443 1448
1444 1446
1444 1448
1444 1449
1444 4509
1444 2249
1444 3791
1444 4716
1445 1446
1445 1447
1445 1448
1445 1449
1445 1450
1445 1577
1446 1447
1446 1448
1446 1450
1446 1451
1446 2894
1447 1448
1447 1449
1447 1450
1447 1452
1447 4243
1447 3789
1447 4755
1447 4781
1448 1449
1448 1451
1448 1452
1448 1453
1448 4095
1448 1866
1448 2021
1449 1450
1449 1451
1449 1453
1449 1454
1449 4387
1450 1451
1450 1452
1450 1453
1450 1454
1450 1455
1451 1452
1451 1453
1451 1454
1451 1455
1452 1453
1452 1454
1452 1455
1452 1456
1452 1457
1452 3743
1453 1454
1453 1455
1453 1458
1453 3724
1454 1455
1454 1456
1454 1457
1454 1458
1454 1459
1454 4091
1455 1457
1455 1458
1455 1459
1455 1460
1455 3643
1456 1457
1456 1460
1456 1461
1456 2125
1456 3624
1457 1458
1457 1459
1457 1460
1457 1461
1457 1462
1457 2074
1457 2578
1457 2730
1458 1459
1458 1460
1458 1462
1458 1463
1459 1460
1459 1461
1459 1463
1459 1464
1459 3380
1459 1621
1459 2342
1460 1461
1460 1462
1460 1463
1460 1464
1460 1465
1461 1463
1461 1464
1461 1465
1461 1466
1461 1480
1461 1728
1462 1463
1462 1464
1462 1465
1462 1466
1462 1467
1462 2093
1463 1464
1463 1465
1463 1466
1463 1468
1463 2884
1463 3085
1464 1465
1464 1467
1464 1468
1464 1469
1464 2166
1464 3651
1465 1467
1465 1468
1465 1469
1465 1470
1466 1467
1466 1468
1466 1469
1466 1470
1466 1471
1467 1468
1467 1470
1467 1471
1467 1472
1467 1806
1467 2953
1468 1469
1468 1470
1468 1471
1468 1472
1468 1473
1469 1470
1469 1471
1469 1473
1469 1474
1469 3219
1469 1697
1470 1472
1470 1473
1470 1474
1470 3955
1470 2533
1470 2935
1470 3354
1471 1472
1471 1473
1471 1474
1471 1475
1471 1476
1471 3560
1471 1598
1472 1474
1472 1475
1472 1476
1472 1477
1472 1755
1473 1474
1473 1475
1473 1476
1473 1477
1473 1478
1474 1475
1474 1476
1474 1477
1474 1479
1474 3727
1474 4560
1475 1476
1475 1478
1475 1479
1475 1480
1475 1705
1476 1479
1476 1480
1476 3064
1477 1478
1477 1479
1477 1480
1477 1481
1477 1482
1478 1479
1478 1480
1478 1481
1478 1482
1478 1483
1478 1520
1479 1481
1479 1482
1479 1483
1479 1484
1479 2721
1480 1481
1480 1482
1480 1485
1480 3759
1481 1482
1481 1483
1481 1484
1481 1485
1481 4517
1482 1483
1482 1484
1482 1485
1482 1487
1483 1484
1483 1485
1483 1487
1483 1488
1483 3601
1483 3197
1484 1485
1484 1486
1484 1487
1484 1488
1484 1489
1485 1486
1485 1487
1485 1488
1485 1489
1485 1490
1486 1487
1486 1489
1486 1490
1486 1491
1486 2666
1486 4896
1487 1488
1487 1489
1487 1492
1487 2118
1487 2464
1487 2919
1488 1489
1488 1490
1488 1491
1488 1492
1488 1493
1489 1491
1489 1492
1489 1493
1489 1494
1489 3547
1489 2740
1490 1491
1490 1492
1490 1493
1490 1494
1490 1495
1490 2448
1491 1492
1491 1493
1491 1494
1491 1495
1491 1496
1491 4808
1491 4009
1491 4028
1492 1494
1492 1495
1492 1496
1492 1497
1492 4425
1493 1494
1493 1495
1493 1496
1493 1497
1493 1498
1494 1495
1494 1496
1494 1498
1494 1499
1494 3881
1494 2699
1495 1496
1495 1497
1495 1498
1495 1500
1495 3088
1495 2110
1495 2181
1496 1497
1496 1499
1496 1500
1496 3504
1496 3127
1497 1498
1497 1499
1497 1500
1497 1501
1497 3648
1498 1500
1498 1501
1498 1502
1498 1503
1498 2697
1498 3710
1498 4169
1499 1500
1499 1501
1499 1503
1499 1504
1499 1877
1499 3117
1500 1501
1500 1502
1500 1503
1500 1504
1500 1505
1500 3107
1501 1502
1501 1503
1501 1504
1501 1505
1501 1506
1501 2896
1502 1503
1502 1505
1502 1506
1502 3359
1503 1504
1503 1506
1503 1507
1503 1508
1503 1868
1504 1505
1504 1506
1504 1507
1504 1508
1504 1509
1504 1701
1505 1506
1505 1508
1505 1509
1505 1510
1506 1507
1506 1508
1506 1509
1506 1510
1506 2690
1506 2905
1507 1508
1507 1509
1507 1510
1507 1512
1507 4751
1508 1509
1508 1510
1508 1512
1508 1513
1508 2549
1508 2197
1508 4587
1508 4921
1509 1510
1509 1511
1509 1512
1509 1513
1509 1514
1510 1511
1510 1512
1510 1513
1510 1514
1510 1515
1511 1512
1511 1514
1511 1515
1511 1516
1512 1513
1512 1514
1512 1516
1512 1517
1512 3471
1512 2528
1513 1514
1513 1516
1513 1517
1513 1518
1513 2791
1513 4327
1513 3177
1514 1515
1514 1516
1514 1517
1514 1519
1514 4791
1515 1516
1515 1517
1515 1518
1515 1519
1516 1517
1516 1518
1516 1519
1516 1520
1516 1521
1517 1519
1517 1520
1517 1521
1517 1522
1517 1696
1517 3761
1518 1519
1518 1521
1518 1522
1518 1523
1518 3368
1519 1520
1519 1521
1519 1522
1519 1524
1519 4816
1519 4503
1519 4388
1519 4650
1520 1521
1520 1523
1520 1525
1520 2023
1521 1522
1521 1523
1521 1524
1521 1525
1521 1526
1522 1525
1522 1526
1522 1527
1522 2779
1522 3402
1523 1524
1523 1525
1523 1526
1523 1527
1523 1528
1523 2975
1524 1526
1524 1527
1524 1529
1524 3747
1524 2535
1525 1526
1525 1527
1525 1528
1525 1529
1525 1530
1525 3941
1525 2017
1526 1527
1526 1528
1526 1529
1526 3611
1526 3721
1526 3284
1527 1530
1527 1531
1527 1532
1527 4097
1527 4602
1527 2923
1528 1529
1528 1530
1528 1531
1528 1532
1528 1533
1528 2300
1529 1530
1529 1531
1529 1533
1529 1534
1530 1531
1530 1532
1530 1533
1530 1534
1530 1535
1531 1534
1531 1535
1531 1536
1531 2473
1531 4246
1532 1533
1532 1535
1532 1536
1532 1537
1532 4670
1532 4532
1533 1535
1533 1536
1533 1537
1533 2232
1534 1536
1534 1537
1534 1538
1534 1539
1534 2665
1534 3337
1535 1537
1535 1538
1535 1539
1535 2697
1535 2914
1535 1834
1536 1537
1536 1538
1536 1539
1536 1540
1536 1541
1536 2268
1537 1538
1537 1539
1537 1541
1537 1542
1537 2421
1537 4509
1537 4483
1538 1539
1538 1540
1538 1541
1538 1542
1538 1543
1538 2991
1539 1541
1539 1543
1539 1544
1539 2652
1540 1541
1540 1544
1540 1545
1540 2892
1540 4691
1541 1542
1541 1543
1541 1545
1541 4058
1541 4610
1542 1543
1542 1544
1542 1545
1542 1546
1542 1547
1542 4673
1542 1963
1542 3702
1543 1544
1543 1545
1543 1546
1543 1547
1543 1548
1544 1546
1544 1547
1544 1548
1544 1549
1545 1546
1545 1548
1545 1549
1545 1550
1545 3158
1545 3271
1546 1547
1546 1548
1546 1550
1546 1551
1547 1548
1547 1549
1547 1550
1547 1551
1547 1552
1547 2608
1548 1549
1548 1550
1548 1551
1548 1552
1548 1553
1549 1550
1549 1551
1549 1552
1549 1553
1549 1554
1549 4239
1550 1551
1550 1552
1550 1554
1550 4774
1550 3468
1551 1552
1551 1553
1551 1556
1551 3767
1552 1553
1552 1554
1552 1556
1552 3138
1552 4884
1553 1554
1553 1555
1553 1556
1553 1557
1553 1558
1553 3902
1554 1555
1554 1556
1554 1557
1554 1558
1554 1559
1554 2880
1555 1556
1555 1557
1555 1558
1555 1559
1555 1560
1555 2888
1555 2548
1556 1558
1556 1559
1556 1560
1556 1561
1556 2823
1557 1559
1557 1561
1557 1562
1557 2662
1557 1573
1557 4263
1558 1559
1558 1560
1558 1561
1558 1562
1558 3402
1559 1560
1559 1561
1559 1562
1559 1563
1559 1564
1560 1562
1560 1564
1560 1565
1560 2110
1560 2977
1561 1563
1561 1564
1561 1565
1561 1566
1561 4801
1562 1563
1562 1565
1562 1567
1562 4659
1562 4501
1563 1565
1563 1566
1563 1567
1563 1568
1563 4884
1564 1565
1564 1567
1564 1568
1564 1569
1564 3859
1565 1566
1565 1567
1565 1569
1565 1570
1566 1567
1566 1568
1566 1570
1566 3975
1566 2003
1566 3948
1567 1568
1567 1570
1567 1571
1567 1572
1568 1569
1568 1570
1568 1572
1568 1573
1568 2888
1569 1570
1569 1571
1569 1572
1569 1573
1569 1574
1569 2645
1570 1572
1570 1573
1570 1574
1570 1575
1570 2056
1570 2912
1571 1572
1571 1573
1571 1574
1571 1575
1571 1576
1571 2860
1572 1573
1572 1574
1572 1575
1572 1576
1572 1577
1573 1575
1573 1576
1573 1577
1573 1578
1573 4716
1574 1575
1574 1577
1574 1578
1574 1579
1575 1576
1575 1577
1575 1578
1575 1579
1575 1580
1576 1577
1576 1578
1576 3299
1576 3808
1576 3110
1577 1579
1577 1580
1577 1581
1577 1582
1578 1582
1578 1583
1578 4751
1578 4854
1578 2674
1578 2877
1579 1580
1579 1581
1579 1582
1579 1583
1579 1584
1579 1739
1580 1581
1580 1584
1580 1585
1580 2242
1580 4663
1580 3773
1580 2802
1581 1582
1581 1583
1581 1584
1581 1585
1581 1586
1582 1583
1582 1584
1582 1585
1582 1587
1582 4651
1583 1584
1583 1585
1583 1586
1583 1587
1583 1588
1583 4740
1583 1931
1584 1585
1584 1586
1584 1587
1584 1588
1584 1589
1584 2233
1585 1586
1585 1587
1585 1588
1585 1589
1585 4121
1586 1587
1586 1588
1586 2734
1586 2308
1586 4887
1586 3305
1586 3186
1587 1588
1587 1590
1587 1591
1587 3967
1587 2178
1588 1589
1588 1590
1588 1591
1588 1592
1588 1593
1588 2850
1589 1591
1589 1594
1590 1591
1590 1593
1590 1594
1590 1595
1590 4048
1590 4622
1591 1592
1591 1593
1591 1594
1591 1595
1591 1596
1591 4553
1592 1593
1592 1594
1592 1595
1592 1596
1592 1597
1592 3757
1593 1594
1593 1595
1593 1596
1593 1597
1593 1598
1594 1596
1594 1597
1594 1598
1594 1599
1594 3999
1594 2643
1594 4460
1595 1596
1595 1597
1595 1598
1595 3724
1595 3932
1595 3708
1596 1597
1596 1598
1596 1599
1596 1600
1596 1601
1597 1598
1597 1599
1597 1600
1597 1601
1597 1602
1598 1599
1598 1600
1598 1603
1598 4605
1598 2583
1599 1600
1599 1601
1599 1602
1599 1603
1599 1604
1600 1601
1600 1602
1600 1603
1600 1604
1600 1605
1601 1602
1601 1604
1601 1605
1601 1606
1602 1603
1602 1604
1602 1605
1602 1606
1602 1607
1602 2064
1602 4523
1603 1604
1603 1605
1603 1606
1603 1607
1603 1608
1603 2166
1604 1605
1604 1606
1604 1607
1604 1608
1604 1609
1604 4640
1605 1606
1605 1607
1605 1608
1605 1609
1605 3869
1606 1608
1606 1609
1606 1610
1606 2659
1607 1608
1607 1625
1607 4772
1607 2461
1607 2342
1608 1609
1608 1610
1608 1611
1608 3788
1608 3558
1609 1610
1609 1611
1609 1612
1609 1613
1609 1614
1610 1611
1610 1612
1610 1613
1610 1614
1610 1615
1610 2109
1611 1613
1611 1614
1611 1615
1611 1616
1611 4521
1612 1613
1612 1614
1612 1615
1612 1617
1612 3147
1612 4101
1612 2128
1613 1614
1613 1615
1613 1616
1613 1618
1614 1615
1614 1616
1614 1617
1614 1618
1614 1619
1614 4396
1614 4476
1615 1616
1615 1617
1615 1618
1615 1619
1615 4120
1616 1617
1616 1618
1616 1619
1616 1620
1616 1621
1617 1618
1617 1619
1617 1620
1617 1621
1617 1622
1618 1619
1618 1620
1618 1621
1618 1622
1618 1623
1618 1979
1618 4088
1619 1620
1619 1621
1619 1622
1619 1623
1619 2588
1620 1621
1620 1623
1620 1624
1620 1625
1620 4800
1621 1622
1621 1623
1621 1625
1621 1626
1622 1623
1622 1624
1622 1625
1622 1627
1622 4274
1623 1624
1623 1625
1623 1626
1623 1627
1623 1628
1624 1625
1624 1626
1624 1627
1624 1629
1624 3574
1624 4659
1625 1627
1625 1628
1625 1629
1625 1630
1626 1629
1626 1630
1626 1631
1626 2908
1626 4323
1627 1628
1627 1629
1627 1630
1627 1631
1627 1632
1627 4150
1628 1629
1628 1630
1628 1631
1628 1633
1628 3461
1629 1630
1629 1631
1629 1633
1629 4376
1629 4978
1629 4267
1630 1631
1630 1632
1630 1633
1630 1634
1630 1635
1631 1632
1631 1633
1631 1634
1631 1635
1631 4092
1632 1633
1632 1634
1632 1635
1632 1636
1633 1636
1633 1637
1633 1638
1633 4724
1633 2136
1633 1869
1634 1635
1634 1636
1634 1637
1634 1638
1634 1639
1634 4942
1635 1637
1635 1638
1635 1639
1635 1640
1635 2113
1636 1637
1636 1639
1636 1640
1636 1641
1636 1795
1636 1643
1636 1979
1637 1638
1637 1639
1637 1640
1637 1641
1637 1649
1637 3915
1638 1639
1638 1640
1638 1641
1638 1643
1638 4011
1639 1640
1639 1641
1639 1642
1639 1644
1639 2866
1639 4383
1640 1641
1640 1643
1640 1644
1640 2626
1640 2537
1640 2308
1641 1642
1641 1643
1641 1644
1641 1646
1641 3342
1642 1643
1642 1644
1642 1645
1642 1646
1642 1728
1643 1644
1643 1645
1643 1646
1643 1648
1644 1645
1644 1646
1644 1647
1644 1648
1644 1918
1645 1646
1645 1647
1645 1648
1645 1650
1645 2008
1646 1647
1646 1649
1646 1650
1646 2368
1647 1648
1647 1649
1647 1650
1647 1651
1647 1652
1648 1649
1648 1651
1648 1652
1648 1653
1648 2386
1648 2819
1648 1713
1648 1729
1648 1828
1649 1650
1649 1651
1649 1652
1649 1653
1649 1654
1649 2299
1650 1651
1650 1653
1650 1654
1650 1655
1651 1653
1651 1655
1651 1656
1651 3939
1651 2322
1651 1670
1652 1653
1652 1654
1652 1655
1652 1656
1652 1657
1653 1654
1653 1656
1653 1657
1653 1658
1654 1655
1654 1656
1654 1657
1654 1658
1654 4709
1654 2215
1655 1656
1655 1658
1655 1659
1655 1660
1655 2368
1656 1657
1656 1660
1656 1661
1656 1714
1657 1658
1657 1659
1657 1660
1657 1661
1657 1662
1658 1659
1658 1660
1658 1661
1658 1662
1658 1663
1659 1660
1659 1662
1659 1663
1660 1661
1660 1662
1660 1663
1660 1665
1661 1662
1661 1664
1661 1665
1661 4287
1661 3244
1662 1663
1662 1665
1662 3254
1662 2761
1662 4455
1663 1664
1663 1665
1663 1666
1663 1667
1663 1668
1664 1665
1664 1666
1664 1667
1664 1668
1664 3707
1664 4188
1665 1668
1665 1669
1665 1670
1665 2734
1665 1747
1665 3336
1666 1667
1666 1669
1666 1670
1666 1671
1666 3273
1667 1668
1667 1670
1667 1671
1667 1672
1667 2811
1667 3090
1668 1669
1668 1670
1668 1671
1668 1672
1668 1673
1669 1670
1669 1671
1669 1672
1669 1673
1669 1674
1670 1671
1670 1672
1670 1673
1670 1674
1670 1675
1670 4387
1671 1672
1671 1674
1671 1675
1671 1676
1671 3476
1672 1674
1672 1675
1672 1676
1672 1677
1672 4824
1673 1675
1673 1676
1673 1677
1673 4845
1673 2266
1673 2137
1674 1675
1674 1676
1674 1677
1674 1780
1674 4277
1674 3807
1675 1677
1675 1678
1675 1679
1675 1680
1675 3429
1676 1677
1676 1678
1676 1679
1676 1680
1676 1681
1676 3742
1676 3825
1677 1678
1677 1680
1677 1681
1677 1682
1677 1938
1677 4833
1678 1679
1678 1680
1678 1681
1678 1682
1678 1683
1679 1680
1679 1681
1679 1682
1679 1683
1679 4162
1680 1681
1680 1684
1680 1685
1680 2674
1681 1682
1681 1683
1681 1684
1681 1685
1681 1686
1682 1684
1682 1685
1682 1686
1682 1687
1682 4123
1683 1684
1683 1685
1683 1686
1683 3853
1684 1685
1684 1688
1684 1689
1684 1783
1684 1930
1685 1686
1685 1687
1685 1688
1685 1689
1685 1690
1686 1687
1686 1688
1686 1689
1686 4981
1686 3059
1687 1688
1687 1689
1687 1690
1687 1692
1687 2894
1688 1689
1688 1690
1688 1691
1688 1692
1688 1693
1689 1690
1689 1692
1689 1693
1690 1691
1690 1692
1690 1693
1690 1694
1690 1695
1690 3174
1691 1692
1691 1693
1691 1695
1691 1696
1691 3732
1692 1693
1692 1694
1692 1695
1692 1696
1692 1697
1692 2678
1693 1694
1693 1695
1693 1696
1693 4745
1693 4601
1694 1695
1694 1696
1694 1697
1694 3162
1694 2841
1695 1696
1695 1697
1695 1698
1695 1699
1695 1700
1695 3398
1696 1698
1696 1701
1696 1923
1696 1885
1697 1698
1697 1699
1697 1700
1697 1702
1697 2090
1698 1699
1698 1700
1698 1701
1698 1702
1698 1703
1698 3808
1699 1700
1699 1701
1699 1704
1699 1814
1699 2184
1700 1702
1700 1704
1700 1705
1700 2658
1700 2506
1700 4429
1701 1702
1701 1706
1701 2458
1701 3047
1701 2002
1702 1703
1702 1704
1702 1705
1702 1706
1702 1707
1702 2862
1703 1705
1703 1706
1703 1707
1703 3369
1704 1705
1704 1706
1704 1707
1704 1708
1704 1709
1704 2997
1704 4620
1705 1706
1705 1707
1705 1708
1705 1709
1706 1707
1706 1708
1706 1709
1706 1710
1706 3307
1707 1709
1707 1710
1707 1711
1707 1712
1707 4821
1708 1709
1708 1710
1708 3483
1708 3621
1709 1710
1709 1711
1709 1712
1709 1714
1709 1852
1710 1711
1710 1712
1710 1714
1710 1715
1710 4440
1710 3796
1711 1712
1711 1713
1711 1714
1711 1715
1711 1716
1711 2827
1712 1714
1712 1716
1712 2831
1712 3753
1713 1714
1713 1716
1713 1717
1713 1718
1714 1715
1714 1716
1714 1717
1714 1718
1714 3623
1714 3357
1715 1716
1715 1717
1715 1718
1715 1719
1715 4506
1716 1717
1716 1718
1716 1719
1716 1720
1716 1790
1717 1718
1717 1719
1717 1720
1717 1721
1717 1722
1718 1719
1718 1721
1718 1722
1718 1723
1718 3568
1718 4062
1718 1741
1718 3012
1719 1722
1719 1723
1719 1724
1719 1947
1719 4299
1719 1847
1719 1988
1720 1721
1720 1722
1720 1725
1720 2509
1720 4299
1721 1722
1721 1723
1721 1724
1721 1725
1721 1726
1722 1723
1722 1725
1722 1726
1722 1727
1722 3670
1723 1724
1723 1725
1723 1726
1723 1727
1723 1728
1723 3323
1724 1725
1724 1727
1724 1728
1724 1729
1724 2334
1725 1726
1725 1728
1725 1729
1725 1730
1725 2308
1725 3947
1726 1727
1726 1728
1726 1729
1726 1731
1726 2861
1726 3908
1727 1728
1727 1729
1727 1730
1727 1732
1727 2601
1727 4579
1728 1729
1728 1730
1728 1731
1728 1732
1728 4916
1728 4676
1729 1731
1729 2227
1729 3355
1729 3980
1729 4067
1729 4142
1730 1731
1730 1732
1730 1733
1730 1734
1730 2643
1731 1732
1731 1735
1731 1736
1731 4704
1731 1777
1732 1733
1732 1734
1732 1736
1732 1737
1732 4687
1733 1734
1733 1735
1733 1736
1733 1737
1733 1743
1734 1736
1734 1737
1734 1739
1734 3614
1735 1736
1735 1738
1735 4493
1735 2996
1735 3433
1735 4171
1735 2003
1736 1737
1736 1738
1736 1739
1736 1740
1736 1741
1737 1738
1737 1739
1737 1740
1737 1741
1737 1742
1737 3612
1738 1739
1738 1740
1738 1741
1738 1742
1738 4717
1739 1741
1739 1742
1739 1743
1740 1741
1740 1742
1740 1744
1740 4451
1740 1828
1740 4143
1740 4200
1740 1829
1741 1742
1741 1744
1741 1745
1741 1746
1742 1743
1742 1744
1742 1745
1742 1747
1742 4049
1742 3114
1743 1744
1743 1746
1743 1747
1743 1748
1744 1745
1744 1746
1744 1747
1744 1748
1744 1749
1744 4320
1744 4861
1745 1746
1745 1747
1745 1748
1745 1750
1745 3996
1746 1748
1746 1750
1746 1751
1746 1905
1747 1748
1747 1749
1747 1750
1747 3441
1747 3854
1748 1749
1748 1750
1748 1751
1748 1752
1748 3379
1748 1892
1749 1750
1749 1751
1749 1752
1749 1753
1749 1754
1749 3779
1750 1751
1750 1752
1750 1753
1750 1754
1750 1755
1751 1752
1751 1753
1751 1754
1751 1755
1751 1756
1751 4295
1752 1754
1752 1755
1752 1756
1752 1757
1753 1754
1753 1755
1753 1756
1753 1757
1753 1758
1754 1757
1754 1758
1754 1759
1754 2853
1754 2099
1755 1756
1755 1757
1755 1759
1755 1760
1755 2326
1756 1757
1756 1758
1756 1759
1756 2565
1757 1758
1757 1760
1757 1761
1757 1762
1757 1782
1757 3003
1758 1759
1758 1761
1758 1762
1758 1763
1758 2547
1759 1760
1759 1761
1759 1762
1759 1763
1759 3608
1760 1761
1760 1762
1760 1763
1760 1764
1760 1765
1761 1762
1761 1764
1761 1765
1761 1766
1761 3108
1761 1962
1762 1763
1762 1764
1762 1767
1762 1789
1762 3255
1762 4847
1763 1764
1763 1765
1763 1766
1763 1767
1763 1768
1763 3013
1764 1766
1764 1767
1764 1768
1764 1769
1764 3488
1765 1767
1765 1768
1765 1769
1765 1770
1765 2489
1766 1767
1766 1770
1766 1771
1766 3053
1767 1768
1767 1770
1767 1771
1767 1772
1767 2691
1768 1769
1768 1770
1768 1771
1768 1772
1768 1773
1768 3290
1768 1991
1769 1770
1769 1772
1769 1773
1769 4015
1769 4401
1770 1772
1770 1773
1770 1774
1770 1775
1770 3292
1770 3680
1771 1773
1771 1774
1771 1775
1771 1776
1771 4784
1772 1773
1772 1774
1772 1776
1772 4071
1773 1774
1773 1775
1773 1776
1773 1777
1774 1775
1774 1777
1774 1778
1774 1779
1774 3232
1775 1776
1775 1778
1775 1779
1775 1780
1775 3003
1775 3569
1775 4333
1776 1777
1776 1778
1776 1779
1776 1780
1776 1781
1777 1778
1777 1780
1777 1781
1777 1782
1777 2430
1777 4011
1778 1779
1778 1781
1778 1782
1778 1783
1778 2911
1779 1781
1779 1782
1779 1783
1779 1784
1779 2162
1780 1782
1780 1783
1780 1785
1780 3573
1781 1782
1781 1783
1781 1784
1781 1785
1781 1786
1782 1785
1782 1786
1782 1787
1782 2037
1782 4310
1783 1784
1783 1785
1783 1786
1783 1787
1783 1788
1783 4097
1784 1785
1784 1788
1784 1789
1784 4117
1784 4438
1785 1787
1785 1788
1785 1789
1785 4594
1786 1787
1786 1789
1786 1790
1786 1920
1787 1788
1787 1790
1787 1791
1787 1792
1787 4105
1787 2724
1788 1789
1788 1790
1788 1791
1788 1793
1788 2582
1788 3289
1789 1791
1789 1792
1789 1793
1789 1794
1790 1793
1790 1795
1790 4230
1790 4913
1791 1792
1791 1793
1791 1795
1791 1796
1791 4719
1792 1793
1792 1794
1792 1796
1792 1797
1792 2315
1793 1794
1793 1796
1793 1797
1793 1798
1794 1795
1794 1796
1794 1797
1794 1798
1794 1799
1795 1797
1795 1799
1795 1800
1795 1829
1796 1797
1796 1798
1796 1799
1796 1801
1796 3098
1797 1798
1797 1801
1797 1802
1797 2880
1797 4391
1798 1799
1798 1801
1798 1802
1798 1803
1798 2788
1799 1800
1799 1801
1799 1802
1799 1803
1799 1804
1800 1801
1800 1802
1800 1803
1800 1804
1800 4535
1801 1802
1801 1803
1801 1805
1801 1806
1801 2151
1802 1803
1802 1804
1802 1805
1802 1807
1803 1804
1803 1805
1803 1806
1803 1807
1803 1808
1804 1805
1804 1808
1804 1809
1805 1806
1805 1807
1805 1810
1805 2676
1806 1809
1806 1810
1806 1811
1806 4250
1807 1809
1807 1810
1807 1811
1807 1812
1807 2582
1807 4298
1808 1809
1808 1810
1808 1811
1808 1812
1808 1813
1809 1810
1809 1811
1809 1812
1809 1813
1809 1814
1810 1811
1810 1812
1810 1813
1810 1814
1810 1815
1811 1812
1811 1815
1811 3291
1811 2628
1811 1841
1812 1813
1812 1814
1812 1816
1812 1817
1813 1814
1813 1815
1813 1816
1813 1817
1813 1818
1813 1856
1813 2236
1814 1815
1814 1816
1814 1817
1814 1818
1814 1819
1814 2164
1815 1816
1815 1817
1815 1818
1815 1820
1815 3703
1815 2271
1815 2122
1816 1817
1816 1819
1816 1820
1816 1821
1816 3529
1816 4433
1817 1819
1817 1821
1817 2218
1817 3270
1817 4406
1818 1819
1818 1820
1818 1823
1818 3642
1818 3763
1819 1820
1819 1821
1819 1822
1819 1823
1819 4080
1819 3807
1820 1822
1820 1823
1820 1824
1820 1825
1820 3441
1821 1822
1821 1823
1821 1825
1821 1826
1821 2563
1821 3571
1822 1823
1822 1824
1822 1825
1822 1826
1822 1827
1822 4380
1823 1824
1823 1825
1823 1826
1823 1827
1823 1828
1824 1825
1824 1826
1824 1827
1824 1828
1824 1829
1825 1826
1825 1827
1825 1828
1825 2848
1826 1828
1826 1830
1826 1831
1826 3099
1826 3084
1826 3416
1827 1828
1827 1829
1827 1830
1827 1831
1827 1832
1828 1829
1828 1831
1828 1832
1828 2844
1829 1831
1829 1832
1829 1833
1829 1834
1829 3169
1830 1831
1830 1832
1830 1834
1830 1835
1830 2010
1830 2211
1831 1832
1831 1834
1831 1835
1831 1836
1831 4230
1831 3207
1831 4069
1832 1834
1832 1836
1832 1837
1832 3724
1833 1834
1833 1835
1833 1836
1833 1838
1833 3688
1833 3602
1833 3490
1834 1835
1834 1836
1834 1837
1834 1838
1834 1839
1834 2168
1834 2354
1835 1836
1835 1837
1835 1838
1835 1839
1835 1840
1835 4847
1835 4811
1836 1837
1836 1838
1836 1839
1836 1840
1836 1841
1837 1838
1837 1839
1837 1841
1837 1842
1837 3154
1838 1839
1838 1840
1838 1841
1838 1843
1838 4275
1839 1841
1839 1842
1839 1843
1839 1844
1839 3450
1840 1841
1840 1842
1840 1844
1840 1845
1841 1843
1841 1844
1841 1845
1841 1846
1841 2613
1841 4401
1841 4773
1842 1843
1842 1844
1842 1845
1842 4591
1842 3726
1843 1844
1843 1847
1843 1848
1843 4137
1843 3408
1843 2022
1844 1845
1844 1847
1844 1848
1844 2642
1845 1846
1845 1847
1845 1849
1845 1850
1845 1983
1845 3299
1846 1847
1846 1848
1846 1849
1846 1850
1846 1851
1847 1851
1847 1852
1848 1849
1848 1850
1848 1851
1848 1852
1848 1853
1848 2601
1848 3475
1849 1850
1849 1851
1849 1852
1849 1853
1849 4475
1849 3512
1850 1852
1850 1853
1850 1854
1850 1855
1850 3325
1851 1852
1851 1853
1851 1855
1851 1856
1851 2907
1851 3871
1852 1853
1852 1854
1852 1855
1852 1857
1852 3226
1852 4957
1853 1855
1853 1856
1853 1857
1853 1858
1853 1924
1853 3335
1854 1856
1854 1857
1854 1858
1854 1859
1854 3867
1855 1856
1855 1857
1855 1858
1855 1859
1855 3168
1855 3810
1856 1857
1856 1859
1856 1860
1856 1861
1856 3457
1857 1858
1857 1860
1857 1861
1857 1862
1857 4393
1858 1859
1858 1860
1858 1861
1858 1862
1859 1860
1859 1862
1859 1863
1859 1864
1859 4521
1859 1899
1860 1861
1860 1862
1860 1863
1860 1864
1860 1865
1861 1862
1861 1863
1861 1864
1861 1865
1861 1866
1861 2684
1861 3035
1862 1864
1862 1865
1862 1866
1862 3931
1862 2793
1863 1864
1863 1866
1863 1867
1863 1868
1863 4627
1864 1865
1864 1866
1864 1867
1864 1869
1864 2097
1864 4186
1865 1866
1865 1867
1865 1868
1865 1870
1866 1867
1866 1868
1866 1870
1866 3011
1867 1868
1867 1870
1867 1871
1867 1872
1867 4304
1868 1869
1868 1871
1868 1872
1868 1873
1868 2334
1869 1872
1869 1873
1869 4064
1870 1871
1870 1872
1870 1874
1870 1875
1871 1872
1871 1873
1871 1874
1871 1875
1871 3172
1872 1873
1872 1874
1872 1875
1872 1876
1873 1874
1873 1875
1873 1876
1873 1877
1873 1878
1873 3754
1873 2671
1874 1875
1874 1876
1874 1879
1874 4365
1875 1876
1875 1877
1875 1879
1875 1880
1875 2901
1875 1985
1876 1877
1876 1878
1876 1879
1876 1880
1876 1881
1877 1878
1877 1881
1877 1882
1877 3140
1878 1880
1878 1881
1878 1882
1878 1883
1878 3522
1879 1880
1879 1882
1879 1883
1879 2685
1879 2424
1879 2505
1879 3917
1880 1881
1880 1882
1880 1885
1880 3689
1880 3971
1881 1882
1881 1883
1881 1884
1881 1885
1881 1886
1881 4267
1882 1883
1882 1884
1882 1886
1882 1887
1882 4504
1883 1885
1883 1886
1883 1887
1883 1888
1883 4642
1884 1885
1884 1886
1884 1887
1884 1888
1884 1889
1884 2182
1885 1887
1885 1888
1885 1889
1885 4332
1885 2583
1885 4450
1885 4591
1886 1887
1886 1889
1886 1890
1886 1891
1887 1888
1887 1891
1887 1892
1887 4173
1887 4449
1888 1890
1888 1891
1888 1892
1888 1893
1888 4872
1889 1890
1889 1891
1889 1892
1889 1893
1890 1891
1890 1892
1890 1893
1890 1894
1890 1895
1890 2460
1890 3086
1890 2290
1891 1892
1891 1893
1891 1894
1891 1896
1892 1893
1892 1894
1892 1895
1892 1896
1893 1894
1893 1895
1893 1897
1893 1898
1894 1896
1894 1898
1894 2148
1894 3740
1895 1896
1895 1897
1895 1900
1895 4013
1895 3400
1896 1897
1896 1899
1896 1901
1896 3843
1897 1898
1897 1899
1897 1902
1897 2304
1897 3502
1897 4319
1898 1899
1898 1900
1898 1901
1898 1902
1898 1903
1898 2228
1899 1900
1899 1901
1899 1902
1899 1904
1899 2515
1899 3219
1900 1901
1900 1902
1900 1903
1900 1905
1900 3252
1901 1903
1901 1904
1901 1905
1901 1906
1901 4144
1901 2456
1901 4872
1902 1905
1902 1906
1902 1907
1902 3566
1902 4816
1903 1904
1903 1905
1903 1906
1903 1907
1903 1908
1903 2376
1904 1905
1904 1906
1904 1907
1904 1908
1904 1979
1905 1906
1905 1907
1905 1908
1905 1910
1905 2705
1905 4458
1906 1907
1906 1908
1906 1909
1906 1911
1906 1976
1906 3625
1906 1925
1907 1909
1907 1910
1907 1911
1907 1912
1907 3448
1908 1910
1908 1911
1908 1912
1908 1913
1908 3530
1909 1910
1909 1911
1909 1912
1909 1913
1909 1914
1909 1959
1910 1914
1910 1915
1910 4685
1910 2936
1911 1912
1911 1913
1911 1915
1911 1916
1911 3087
1912 1913
1912 1916
1912 2592
1912 2708
1912 2651
1913 1914
1913 1915
1913 1916
1913 1917
1913 1918
1914 1915
1914 1916
1914 1917
1914 1919
1914 3005
1914 2947
1915 1917
1915 1918
1915 1919
1915 1920
1915 2391
1915 2029
1916 1917
1916 1918
1916 1919
1916 4711
1916 4366
1917 1919
1917 1920
1917 1922
1917 2974
1918 1919
1918 1921
1918 1922
1918 1923
1919 1922
1919 2311
1919 2895
1919 3019
1919 4411
1919 3117
1920 1921
1920 1922
1920 1923
1920 1924
1920 1925
1920 2275
1921 1925
1921 1926
1921 3090
1922 1923
1922 1926
1922 1927
1922 2363
1922 3333
1922 3357
1923 1924
1923 1925
1923 1926
1923 1927
1923 1928
1923 3166
1924 1925
1924 1926
1924 1927
1924 1928
1925 1926
1925 1927
1925 1928
1925 1929
1925 1930
1925 4832
1926 1928
1926 1929
1926 1930
1926 2596
1927 1928
1927 1929
1927 1931
1927 4360
1927 4959
1927 2052
1927 4782
1928 1929
1928 1930
1928 1931
1928 1932
1928 1933
1928 2199
1929 1931
1929 1932
1929 1934
1929 4086
1929 4457
1929 2050
1930 1931
1930 1932
1930 1933
1930 1934
1930 1935
1930 2244
1931 1932
1931 1934
1931 1935
1931 2094
1931 3574
1932 1933
1932 1934
1932 1936
1932 1937
1932 3902
1932 3344
1933 1934
1933 1936
1933 1937
1933 1938
1933 2141
1934 1936
1934 1937
1934 1938
1934 1939
1934 2420
1935 1936
1935 1937
1935 1938
1935 1939
1935 1940
1935 2649
1936 1937
1936 1940
1936 1941
1936 3950
1936 2881
1937 1938
1937 1939
1937 1940
1937 1941
1937 1942
1938 1942
1938 3731
1938 3198
1939 1940
1939 1941
1939 1942
1939 1943
1939 3204
1940 1941
1940 1943
1940 1944
1940 1945
1941 1943
1941 1944
1941 1945
1941 1946
1941 3732
1942 1943
1942 1944
1942 1946
1942 1947
1942 4349
1942 2649
1943 1944
1943 1945
1943 1947
1943 1948
1943 3193
1943 3493
1944 1945
1944 1946
1944 1947
1944 1948
1944 1949
1944 2611
1945 1947
1945 1948
1945 1949
1945 3717
1945 2539
1946 1947
1946 1949
1946 1950
1946 1951
1946 2935
1947 1949
1947 1950
1947 1952
1947 2201
1947 3591
1948 1952
1948 3493
1948 2183
1948 4258
1949 1950
1949 1951
1949 1952
1949 1953
1949 1954
1950 1951
1950 1952
1950 1953
1950 1954
1950 1955
1950 3321
1951 1952
1951 1953
1951 1954
1951 1955
1951 1956
1951 4801
1952 1953
1952 1954
1952 1956
1952 1957
1952 2059
1952 4261
1952 4738
1953 1954
1953 1956
1953 1957
1953 1958
1953 4327
1954 1955
1954 1956
1954 1957
1954 1958
1954 1959
1955 1956
1955 1957
1955 1958
1955 1959
1955 1960
1955 3677
1956 1957
1956 1960
1956 1961
1956 4004
1956 3061
1956 2884
1957 1958
1957 1959
1957 1961
1957 2781
1957 2268
1958 1959
1958 1961
1958 1962
1958 1963
1958 2208
1959 1960
1959 1963
1959 1964
1959 4574
1960 1961
1960 1962
1960 1963
1960 1964
1960 1965
1960 2627
1961 1962
1961 1963
1961 1964
1961 1965
1961 1966
1961 2422
1961 2436
1962 1963
1962 1964
1962 1966
1963 1964
1963 1968
1963 2238
1963 2809
1964 1965
1964 1967
1964 1968
1964 3789
1965 1966
1965 1967
1965 1968
1965 1970
1965 2428
1966 1967
1966 1968
1966 1969
1966 1970
1966 3132
1966 3567
1967 1968
1967 1969
1967 1970
1967 1971
1967 3022
1967 2406
1968 1970
1968 1971
1968 1972
1968 2813
1968 3664
1968 4171
1969 1972
1969 1973
1969 1974
1969 4834
1969 3281
1969 2657
1970 1971
1970 1972
1970 1973
1970 1974
1970 1975
1970 3053
1970 3325
1971 1973
1971 1974
1971 1975
1971 1976
1971 2186
1971 2246
1971 4326
1972 1974
1972 1976
1972 2293
1972 3777
1972 3341
1972 4285
1972 3361
1973 1974
1973 1975
1973 1976
1973 1977
1973 1978
1974 1975
1974 1976
1974 1979
1974 3253
1974 4662
1975 1976
1975 1977
1975 1978
1975 1979
1975 1980
1975 2293
1975 3713
1976 1978
1976 1979
1976 1980
1976 1981
1977 1978
1977 1979
1977 1980
1977 2970
1977 2945
1978 1980
1978 1981
1978 1982
1978 1983
1978 2146
1978 4465
1979 1981
1979 1983
1979 2434
1979 3730
1979 2804
1980 1982
1980 1983
1980 1984
1980 1985
1980 4978
1980 4040
1980 3702
1981 1982
1981 1983
1981 1984
1981 1985
1981 1986
1982 1984
1982 1986
1982 1987
1982 2696
1982 3773
1983 1984
1983 1985
1983 1986
1983 1988
1984 1987
1984 1988
1984 1989
1984 3493
1984 2822
1985 1986
1985 1987
1985 1988
1985 1989
1985 1990
1986 1987
1986 1988
1986 1989
1986 1990
1986 1991
1986 3402
1987 1990
1987 1991
1987 3184
1987 4562
1988 1989
1988 1992
1988 1993
1988 2968
1988 2519
1989 1990
1989 1991
1989 1992
1989 1993
1990 1991
1990 1992
1990 1993
1990 1994
1990 1995
1991 1992
1991 1993
1991 1994
1991 4253
1992 1993
1992 1994
1992 1995
1992 1996
1992 1997
1992 4191
1992 4549
1993 1994
1993 1998
1993 3338
1994 1995
1994 1997
1994 1998
1994 1999
1995 1997
1995 1998
1995 1999
1995 2000
1995 2363
1996 1998
1996 1999
1996 2000
1996 2873
1997 1999
1997 2001
1997 2002
1997 2301
1998 1999
1998 2000
1998 2001
1998 2002
1998 2003
1999 2001
1999 2004
1999 3163
2000 2001
2000 2002
2000 2003
2000 2004
2000 2005
2000 4086
2000 2706
2000 4890
2001 2002
2001 2005
2001 2006
2001 3594
2001 4132
2001 4444
2002 2003
2002 2004
2002 2005
2002 2007
2003 2004
2003 2005
2003 2007
2004 2005
2004 2006
2004 2007
2004 2008
2004 2009
2004 2211
2005 2006
2005 2007
2005 2008
2005 2009
2005 2010
2005 2086
2006 2007
2006 2009
2006 2010
2006 2011
2006 4936
2007 2009
2007 2010
2007 2012
2007 3197
2007 4578
2008 2010
2008 2011
2008 2012
2008 2013
2009 2010
2009 2011
2009 2012
2009 2013
2009 4255
2009 3697
2010 2012
2010 2013
2010 2951
2010 4698
2010 4903
2011 2012
2011 2013
2011 2014
2011 2015
2011 2016
2011 2845
2012 2013
2012 2014
2012 2015
2012 2016
2012 2017
2012 2721
2013 2014
2013 2015
2013 2016
2013 2017
2013 2018
2013 2844
2014 2018
2014 2019
2014 4533
2014 4597
2014 3010
2015 2016
2015 2018
2015 2019
2015 2020
2016 2018
2016 2019
2016 2021
2016 3216
2017 2020
2017 2021
2017 2022
2017 4136
2018 2019
2018 2020
2018 2021
2018 2023
2018 2063
2019 2020
2019 2021
2019 2022
2019 2023
2019 2024
2020 2021
2020 2022
2020 2023
2020 2024
2020 2025
2020 2807
2021 2024
2021 2025
2021 4309
2021 2598
2021 2890
2022 2023
2022 2024
2022 2025
2022 2027
2022 4954
2023 2024
2023 2025
2023 2026
2023 2027
2023 2028
2024 2025
2024 2026
2024 2027
2024 2028
2024 2029
2024 4767
2025 2026
2025 2029
2025 2241
2025 4668
2026 2027
2026 2030
2026 2031
2026 4910
2026 3854
2027 2028
2027 2029
2027 2030
2027 2031
2028 2029
2028 2030
2028 2031
2028 2032
2028 3765
2029 2030
2029 2032
2029 2791
2029 3230
2030 2031
2030 2032
2030 2033
2030 2639
2030 4047
2030 4216
2031 2032
2031 2033
2031 2034
2031 2035
2031 2036
2031 4483
2032 2033
2032 2035
2032 2036
2032 2037
2032 2954
2032 4474
2033 2034
2033 2036
2033 2037
2033 3113
2033 2972
2034 2036
2034 2037
2034 2038
2034 2039
2034 3433
2035 2036
2035 2037
2035 2038
2035 2040
2035 4702
2035 3592
2035 2639
2036 2037
2036 2038
2036 2039
2036 2040
2036 2041
2036 4109
2036 4813
2036 4666
2037 2039
2037 2040
2037 2041
2037 2042
2037 2204
2038 2039
2038 2040
2038 2042
2038 2043
2038 3996
2039 2040
2039 2041
2039 2042
2039 4640
2039 2107
2040 2041
2040 2043
2040 2044
2040 2045
2040 2219
2041 2042
2041 2043
2041 2044
2041 2045
2041 2046
2041 3946
2041 4508
2041 2133
2042 2044
2042 2045
2042 2046
2042 2047
2042 3589
2043 2044
2043 2046
2043 2047
2043 2048
2043 2133
2044 2045
2044 2046
2044 2048
2044 3598
2045 2046
2045 2047
2045 2048
2045 2049
2045 2050
2045 2999
2045 2241
2046 2047
2046 2048
2046 2049
2046 2050
2046 2051
2046 3590
2047 2048
2047 2049
2047 2050
2047 2052
2047 3362
2047 3674
2048 2049
2048 2050
2048 2051
2048 2052
2048 2053
2048 3597
2049 2050
2049 2051
2049 2052
2049 2053
2049 4109
2050 2051
2050 2052
2050 2053
2050 4797
2050 4886
2050 3551
2050 3707
2051 2052
2051 2054
2051 2055
2051 3573
2051 4195
2052 2053
2052 2054
2052 2055
2052 2057
2052 4467
2053 2054
2053 2056
2053 2057
2053 2058
2053 2890
2054 2055
2054 2056
2054 2057
2054 2058
2054 2059
2054 2421
2055 2056
2055 2057
2055 2058
2055 2059
2055 2060
2055 4179
2056 2057
2056 2059
2056 2061
2056 4599
2056 3544
2056 3168
2057 2058
2057 2059
2057 2060
2057 2061
2057 2062
2057 4648
2058 2059
2058 2061
2058 2063
2058 2383
2059 2060
2059 2062
2059 2064
2060 2061
2060 2062
2060 2064
2060 2938
2060 4273
2061 2062
2061 2063
2061 2064
2061 2065
2061 2634
2061 3559
2061 3519
2062 2063
2062 2064
2062 2065
2062 2066
2062 2067
2063 2065
2063 2066
2063 2067
2063 2068
2063 4517
2064 2066
2064 2067
2064 2068
2064 2069
2064 2871
2065 2066
2065 2068
2065 2069
2065 2070
2065 4666
2066 2067
2066 2068
2066 2069
2066 2070
2066 2071
2066 2615
2067 2068
2067 2069
2067 2070
2067 2071
2067 2072
2067 2731
2068 2069
2068 2070
2068 2072
2068 2073
2068 3800
2069 2070
2069 2071
2069 2072
2069 2073
2069 2074
2070 2071
2070 2072
2070 2073
2070 2074
2070 2075
2071 2072
2071 2073
2071 2074
2071 2075
2071 2076
2071 2371
2072 2073
2072 2074
2072 2075
2072 2076
2072 2077
2072 3313
2072 4034
2073 2074
2073 2075
2073 2078
2073 4796
2073 4934
2074 2076
2074 4176
2074 4492
2075 2076
2075 2077
2075 2078
2075 2079
2075 2080
2075 4057
2076 2078
2076 2079
2076 2080
2076 2081
2076 3634
2077 2078
2077 2079
2077 2080
2077 2081
2077 2082
2078 2079
2078 2081
2078 2082
2078 2083
2078 2559
2079 2080
2079 2081
2079 2082
2079 2083
2079 2084
2079 3204
2080 2081
2080 2082
2080 2083
2080 4110
2081 2082
2081 2083
2081 2084
2081 2085
2081 2086
2082 2083
2082 2084
2082 2086
2082 2087
2083 2084
2083 2085
2083 2086
2083 2087
2083 2088
2084 2085
2084 2086
2084 2087
2084 2089
2084 3970
2084 4492
2085 2086
2085 2087
2085 2088
2085 2089
2085 2090
2086 2088
2086 2089
2086 2091
2086 4001
2087 2088
2087 2089
2087 2090
2087 2091
2087 2092
2087 2620
2088 2089
2088 2090
2088 2092
2088 2093
2088 3619
2089 2090
2089 2092
2089 2093
2089 2094
2089 3299
2089 3174
2089 3105
2090 2092
2090 2094
2090 2095
2090 4764
2091 2092
2091 2094
2091 2095
2091 3547
2092 2094
2092 2095
2092 2097
2092 4433
2092 4485
2093 2095
2093 2097
2093 2645
2093 4716
2094 2095
2094 2096
2094 2097
2094 2098
2094 2099
2095 2096
2095 2097
2095 2098
2095 2099
2095 2100
2095 4721
2096 2097
2096 2098
2096 2099
2096 2100
2096 2101
2097 2098
2097 2099
2097 2100
2097 2101
2097 2102
2098 2100
2098 2102
2098 2103
2098 2475
2098 3490
2098 2587
2098 4545
2099 2100
2099 2101
2099 2102
2099 4066
2100 2101
2100 2102
2100 2103
2100 2104
2100 2105
2101 2103
2101 2104
2101 2105
2101 2106
2101 3378
2102 2103
2102 2106
2102 2107
2102 4828
2103 2104
2103 2105
2103 2106
2103 2107
2103 2108
2103 3338
2104 2106
2104 2107
2104 2108
2104 2109
2105 2106
2105 2107
2105 2108
2105 2109
2105 2110
2105 4061
2106 2108
2106 2109
2106 2110
2106 2111
2106 3978
2107 2108
2107 2109
2107 2111
2107 2112
2107 3064
2107 2678
2108 2109
2108 2110
2108 2111
2108 2112
2108 2113
2109 2112
2109 2114
2109 3104
2109 4499
2109 4511
2110 2111
2110 2113
2110 2114
2110 2115
2110 4465
2111 2112
2111 2113
2111 2114
2111 2116
2111 2213
2111 4845
2112 2114
2112 2115
2112 2116
2112 2117
2112 4215
2112 3611
2112 2405
2113 2114
2113 2116
2113 2117
2113 4318
2113 3486
2114 2116
2114 2117
2114 2118
2114 2119
2114 3266
2115 2116
2115 2117
2115 2118
2115 2119
2115 2120
2116 2117
2116 2118
2116 2119
2116 2120
2116 2121
2117 2118
2117 2119
2117 2120
2117 2121
2117 2122
2118 2119
2118 2122
2118 2123
2118 4055
2119 2120
2119 2121
2119 2122
2119 2123
2119 4512
2119 2672
2120 2121
2120 2122
2120 2123
2120 2124
2120 2125
2121 2123
2121 2124
2121 2126
2121 3315
2121 4142
2122 2123
2122 2126
2122 3207
2123 2124
2123 2125
2123 2126
2123 2127
2123 2128
2124 2125
2124 2126
2124 2127
2124 2128
2124 3541
2125 2126
2125 2127
2125 2128
2125 2129
2125 2130
2126 2127
2126 2129
2126 2131
2126 3157
2127 2128
2127 2130
2127 2131
2127 2132
2127 3714
2128 2129
2128 2130
2128 2131
2128 3764
2128 3508
2129 2130
2129 2132
2129 2133
2129 2134
2130 2131
2130 2132
2130 2134
2130 2135
2130 3846
2131 2132
2131 2133
2131 2135
2131 2136
2132 2134
2132 2135
2132 2136
2132 2137
2133 2134
2133 2135
2133 2136
2133 2137
2133 2707
2134 2135
2134 2136
2134 2137
2134 2139
2135 2136
2135 2137
2135 2138
2135 2139
2135 2140
2136 2137
2136 2138
2136 2139
2136 2141
2136 2452
2137 2138
2137 2139
2137 2140
2137 2141
2137 2142
2138 2139
2138 2140
2138 2141
2138 2142
2138 2143
2139 2140
2139 2141
2139 2144
2139 4165
2139 3402
2140 2142
2140 2143
2140 2144
2140 2145
2140 2747
2141 2142
2141 2143
2141 2144
2141 2145
2141 4258
2142 2143
2142 2144
2142 2145
2142 2147
2142 4895
2143 2144
2143 2145
2143 2146
2143 2147
2143 2148
2143 2287
2144 2145
2144 2146
2144 2147
2144 2148
2144 3645
2145 2146
2145 2147
2145 2148
2145 2149
2145 2150
2146 2147
2146 2150
2146 2151
2146 4841
2146 4644
2146 3908
2147 2148
2147 2150
2147 2151
2147 2152
2148 2150
2148 2151
2148 2152
2148 2153
2148 4143
2148 4332
2149 2150
2149 2152
2149 2153
2149 4662
2149 2830
2150 2151
2150 2152
2150 2153
2150 2154
2150 2155
2151 2153
2151 2154
2151 2155
2151 2156
2152 2153
2152 2154
2152 2155
2152 2156
2152 4552
2153 2154
2153 2156
2153 2157
2153 2158
2154 2156
2154 2157
2154 2158
2154 2159
2154 4827
2154 2633
2155 2156
2155 2157
2155 3366
2156 2157
2156 2158
2156 2159
2156 2160
2156 2161
2156 3299
2157 2158
2157 2159
2157 2160
2157 2161
2157 2162
2157 4928
2158 2159
2158 2160
2158 2161
2158 2162
2158 2651
2158 4527
2159 2161
2159 2164
2159 4064
2160 2161
2160 2163
2160 2165
2160 4495
2161 2163
2161 2164
2161 2165
2161 3784
2161 4442
2161 2884
2162 2164
2162 2166
2162 2167
2162 4534
2162 2466
2162 2814
2162 4452
2163 2164
2163 2165
2163 2166
2163 2167
2163 2168
2163 4014
2164 2165
2164 2166
2164 2767
2164 3765
2165 2167
2165 2168
2165 2169
2165 2170
2166 2167
2166 2169
2166 2170
2166 2171
2166 3913
2167 2168
2167 2169
2167 2171
2167 2172
2167 3187
2167 2313
2168 2169
2168 2170
2168 2172
2168 2173
2169 2170
2169 2172
2169 2173
2169 2174
2169 3033
2169 2773
2169 3454
2170 2171
2170 2172
2170 2174
2170 4580
2171 2173
2171 2174
2171 2175
2171 2176
2172 2173
2172 2174
2172 2176
2172 2442
2173 2174
2173 2175
2173 2177
2173 2178
2173 2316
2174 2175
2174 2176
2174 2177
2174 2178
2174 2432
2175 2176
2175 2177
2175 2178
2175 2179
2175 2180
2175 3376
2176 2178
2176 2179
2176 2180
2176 2181
2176 3666
2176 4997
2177 2178
2177 2179
2177 2180
2177 2181
2177 2182
2177 4065
2177 2871
2178 2179
2178 4643
2178 2522
2178 4268
2179 2180
2179 2181
2179 2183
2179 2184
2179 2267
2179 2355
2179 2762
2179 2493
2180 2181
2180 2182
2180 2183
2180 2184
2180 3167
2181 2182
2181 2183
2181 2184
2181 2185
2181 3986
2182 2183
2182 2187
2183 2184
2183 2186
2183 2187
2183 2188
2184 2185
2184 2186
2184 2187
2184 2844
2184 2653
2185 2186
2185 2187
2185 2188
2185 2189
2185 2190
2185 4381
2185 2338
2185 3405
2185 2968
2186 2187
2186 2188
2186 2189
2186 2190
2186 2191
2186 3477
2187 2188
2187 2189
2187 2190
2187 2191
2187 2192
2188 2190
2188 2191
2188 2192
2188 3596
2188 2954
2188 2993
2189 2190
2189 2191
2189 2192
2189 2193
2189 2194
2190 2191
2190 2192
2190 2195
2190 3143
2190 3306
2190 3535
2190 3485
2191 2192
2191 2194
2191 2195
2191 2196
2192 2194
2192 2195
2192 2196
2192 3008
2192 4519
2193 2194
2193 2196
2193 2197
2193 4103
2193 4533
2193 3326
2194 2195
2194 2196
2194 2198
2194 2199
2194 2843
2194 4585
2194 3195
2195 2196
2195 2197
2195 2199
2195 4129
2195 2919
2195 4186
2196 2197
2196 2198
2196 2200
2196 2201
2196 2490
2197 2199
2197 2200
2197 2201
2197 2202
2197 2604
2198 2199
2198 2200
2198 2201
2198 2202
2199 2200
2199 2201
2199 2202
2199 2204
2200 2201
2200 2202
2200 2204
2201 2202
2201 2203
2201 2204
2201 2205
2201 2206
2201 4011
2202 2203
2202 2205
2202 2206
2202 3353
2203 2204
2203 2205
2203 2206
2203 2207
2203 2208
2203 3100
2204 2207
2204 2208
2204 2706
2204 3874
2205 2206
2205 2207
2205 2208
2205 2209
2205 3742
2206 2207
2206 2208
2206 2209
2206 2210
2206 2211
2207 2208
2207 2209
2207 2211
2207 2212
2207 2612
2207 4740
2207 2669
2207 4866
2208 2209
2208 2210
2208 2211
2208 2212
2208 2213
2209 2210
2209 2213
2209 2214
2209 3975
2210 2211
2210 2212
2210 2214
2210 2215
2210 2301
2211 2212
2211 2213
2211 2214
2211 2215
2211 4768
2212 2214
2212 2215
2212 2216
2212 2217
2212 4913
2213 2215
2213 2216
2213 2217
2213 2218
2213 3887
2214 2215
2214 2216
2214 2217
2214 2218
2215 2216
2215 2217
2215 2218
2215 2220
2215 3698
2215 3826
2216 2217
2216 2219
2216 2220
2216 2221
2217 2218
2217 2219
2217 2220
2217 2221
2217 2222
2218 2219
2218 2220
2218 2222
2218 2223
2219 2220
2219 2222
2219 2223
2219 2224
2220 2221
2220 2222
2220 2223
2220 2224
2221 2222
2221 2223
2221 2224
2221 2225
2221 2226
2222 2223
2222 2224
2222 2226
2222 4659
2222 3751
2223 2224
2223 2227
2223 2228
2223 4630
2223 2519
2223 3121
2224 2225
2224 2226
2224 2227
2224 2228
2224 2229
2225 2226
2225 2228
2225 2229
2225 2230
2226 2227
2226 2228
2226 2229
2226 2230
2226 2231
2226 3175
2226 4329
2227 2228
2227 2229
2227 2230
2227 2231
2227 2232
2228 2229
2228 2230
2228 2233
2228 4243
2228 3492
2229 2230
2229 2232
2229 2233
2229 2234
2230 2231
2230 2232
2230 2233
2230 2234
2230 4116
2231 2232
2231 2235
2231 2236
2231 2278
2232 2233
2232 2234
2232 2236
2233 2235
2233 2237
2233 4208
2233 2863
2233 3473
2234 2235
2234 2236
2234 2237
2234 2239
2234 4091
2235 2236
2235 2237
2235 2238
2235 4964
2235 3685
2236 2237
2236 2238
2236 2239
2236 2240
2236 3611
2237 2238
2237 2239
2237 2240
2237 2241
2237 2242
2238 2239
2238 2241
2238 2242
2238 2243
2239 2240
2239 2241
2239 2242
2239 2243
2239 2244
2240 2241
2240 2242
2240 2243
2240 2334
2240 3374
2240 2421
2240 2619
2240 2914
2241 2242
2241 2243
2241 2244
2241 2245
2242 2243
2242 2244
2242 2245
2242 2246
2242 2247
2243 2244
2243 2245
2243 2246
2243 2247
2243 2248
2243 2644
2244 2246
2244 2247
2244 2249
2244 4646
2245 2246
2245 2248
2245 2249
2245 2250
2245 3809
2245 2571
2246 2249
2246 2250
2246 2251
2246 4697
2246 3975
2246 3242
2247 2249
2247 2250
2247 2251
2247 2252
2247 2727
2247 2822
2247 2939
2248 2249
2248 2250
2248 2251
2248 2252
2248 2253
2249 2251
2249 2253
2249 2254
2249 4489
2249 3839
2250 2251
2250 2252
2250 2253
2250 2254
2250 2255
2250 3618
2251 2252
2251 2253
2251 2254
2251 2255
2251 2256
2251 4099
2252 2253
2252 2254
2252 2255
2252 2256
2252 2257
2253 2254
2253 2255
2253 2256
2253 2257
2253 2258
2254 2255
2254 2256
2254 2257
2254 2258
2254 2259
2255 2257
2255 2258
2255 2259
2255 2260
2255 2511
2256 2258
2256 2259
2256 2260
2256 4700
2256 3890
2257 2259
2257 2260
2257 2261
2257 2490
2257 3234
2258 2259
2258 2260
2258 2261
2258 2262
2258 3710
2259 2260
2259 2262
2259 2264
2259 4031
2259 2571
2260 2263
2260 2264
2260 2616
2260 4182
2261 2262
2261 2263
2261 2264
2261 2265
2261 2266
2262 2263
2262 2264
2262 2266
2263 2264
2263 2265
2263 2266
2263 2267
2263 2268
2263 3769
2264 2265
2264 2267
2264 2268
2264 2269
2264 3629
2265 2268
2265 2270
2265 2394
2266 2268
2266 2269
2266 2270
2266 2271
2267 2269
2267 2270
2267 2271
2267 2272
2268 2270
2268 2272
2268 4261
2268 4371
2269 2270
2269 2271
2269 2272
2269 2273
2269 2274
2269 2859
2270 2271
2270 2272
2270 2273
2270 2274
2270 2275
2270 3054
2271 2272
2271 2273
2271 2274
2271 2275
2271 2276
2272 2273
2272 2275
2272 2276
2272 2277
2272 2403
2272 4192
2272 2513
2273 2274
2273 2275
2273 2276
2273 2277
2274 2275
2274 2276
2274 2278
2274 2279
2274 4672
2274 4804
2275 2277
2275 2278
2275 3268
2275 4712
2276 2277
2276 2279
2276 3402
2276 3873
2277 2278
2277 2279
2277 2280
2277 3492
2277 2823
2277 4541
2278 2280
2278 2282
2278 3296
2278 4112
2278 4207
2279 2280
2279 2283
2279 2284
2279 4128
2279 3400
2279 3765
2279 4363
2280 2281
2280 2282
2280 2283
2280 2284
2280 2285
2281 2282
2281 2283
2281 2285
2281 2286
2281 2460
2281 4254
2282 2283
2282 2284
2282 2285
2282 2286
2282 2462
2282 3341
2282 4927
2283 2284
2283 2285
2283 2286
2283 2287
2283 2288
2284 2286
2284 2287
2284 2289
2284 4295
2284 4270
2285 2286
2285 2287
2285 2288
2285 2290
2286 2287
2286 2288
2286 2290
2286 2291
2287 2288
2287 2289
2287 2290
2287 3303
2287 3681
2287 4866
2288 2289
2288 2290
2288 2291
2288 2292
2288 4926
2289 2290
2289 2291
2289 2292
2289 2293
2289 2294
2289 4466
2289 4323
2290 2293
2290 2294
2290 2295
2290 4162
2291 2292
2291 2295
2291 2296
2291 4446
2292 2293
2292 2294
2292 2296
2292 2297
2293 2294
2293 2295
2293 2296
2293 2298
2294 2295
2294 2296
2294 2298
2295 2296
2295 2298
2295 2300
2295 2462
2295 4697
2296 2297
2296 2298
2296 2299
2296 2300
2297 2298
2297 2299
2297 2300
2297 2301
2297 2302
2298 2299
2298 2300
2298 2301
2298 2303
2299 2302
2299 2303
2299 3551
2299 2560
2300 2303
2300 2304
2300 2305
2300 2634
2301 2302
2301 2303
2301 2304
2301 2305
2301 2306
2302 2303
2302 2304
2302 2305
2302 2306
2302 2307
2303 2304
2303 2305
2303 2306
2303 2307
2303 2308
2303 4256
2304 2306
2304 2307
2304 2308
2304 2309
2304 4875
2305 2306
2305 2307
2305 2308
2305 2309
2305 2310
2305 4310
2306 2307
2306 2308
2306 2309
2306 2310
2306 2311
2307 2308
2307 2309
2307 2311
2307 3417
2307 4398
2307 4295
2308 2309
2308 2311
2308 2313
2308 4880
2309 2310
2309 2311
2309 2313
2309 2314
2309 4207
2310 2311
2310 2314
2310 2315
2310 4134
2310 3056
2311 2312
2311 2313
2311 2314
2311 2315
2312 2313
2312 2314
2312 2317
2312 4839
2312 3569
2313 2314
2313 2315
2313 2316
2313 2318
2313 2667
2314 2315
2314 2316
2314 2317
2314 2318
2314 2319
2315 2316
2315 2317
2315 2320
2315 2375
2316 2317
2316 2318
2316 2319
2316 2320
2316 2321
2316 3046
2316 2712
2316 4090
2317 2318
2317 2319
2317 2320
2317 2321
2317 2322
2318 2319
2318 2320
2318 2321
2318 2322
2318 2323
2319 2320
2319 2321
2319 2322
2319 2324
2319 3973
2320 2321
2320 2322
2320 2323
2320 2324
2321 2323
2321 2324
2321 2325
2321 2326
2321 3607
2322 2324
2322 2326
2322 2327
2322 3523
2322 4477
2323 2325
2323 2326
2323 2327
2323 2328
2323 2387
2324 2325
2324 2326
2324 2327
2324 2328
2324 2329
2325 2327
2325 2328
2325 2329
2325 2330
2325 4460
2326 2327
2326 2328
2326 2330
2326 2331
2326 4383
2327 2328
2327 2329
2327 2330
2327 2331
2327 2332
2327 3480
2328 2329
2328 2330
2328 2331
2328 2332
2328 2333
2329 2332
2329 2333
2329 2334
2329 3922
2329 4290
2330 2331
2330 2333
2330 2334
2330 3424
2330 3360
2331 2332
2331 2334
2331 2335
2331 2336
2331 4277
2331 2829
2331 4748
2331 2899
2332 2333
2332 2334
2332 2335
2332 2336
2333 2334
2333 2335
2333 2336
2333 2337
2333 2338
2333 3502
2334 2336
2334 2337
2334 2338
2334 2339
2335 2336
2335 2337
2335 2339
2335 2340
2335 2837
2336 2337
2336 2338
2336 2339
2336 2340
2336 3550
2336 4524
2336 3779
2337 2339
2337 2340
2337 2341
2337 2342
2337 3039
2337 2665
2338 2339
2338 2341
2338 2342
2338 2343
2339 2340
2339 2341
2339 2342
2339 2343
2339 2344
2339 4926
2340 2342
2340 2343
2340 2344
2340 2345
2340 2490
2340 2672
2341 2342
2341 2343
2341 2344
2341 2345
2341 2346
2342 2343
2342 2344
2342 2347
2343 2344
2343 2346
2343 2347
2343 2348
2343 4236
2344 2345
2344 2346
2344 2347
2344 2348
2344 2349
2345 2346
2345 2347
2345 2348
2345 2349
2345 2350
2346 2347
2346 2348
2346 2349
2346 2350
2346 2351
2347 2348
2347 2349
2347 2350
2347 2352
2347 3919
2348 2349
2348 2351
2348 2352
2348 2444
2348 4301
2348 3476
2348 4471
2349 2350
2349 2352
2349 2353
2349 2354
2349 4583
2350 2351
2350 2352
2350 2354
2350 2355
2350 2952
2351 2353
2351 2354
2351 2355
2351 2356
2351 2668
2351 3501
2352 2353
2352 2354
2352 2355
2352 2356
2352 2357
2353 2354
2353 2356
2353 2357
2353 2358
2353 3651
2354 2355
2354 2356
2354 2357
2354 2358
2354 3539
2354 4851
2354 2601
2355 2356
2355 2357
2355 2359
2355 2360
2355 4028
2355 4194
2355 4749
2356 2358
2356 2359
2356 2360
2356 2361
2356 3960
2357 2358
2357 2359
2357 2360
2357 2361
2357 2362
2358 2359
2358 2360
2358 2361
2358 3272
2359 2361
2359 2362
2359 2363
2359 2364
2359 4486
2359 4587
2360 2361
2360 2362
2360 2363
2360 2364
2360 2365
2361 2362
2361 2363
2361 2364
2361 2365
2361 2366
2362 2363
2362 2364
2362 2365
2362 2367
2362 2625
2362 4445
2363 2364
2363 2366
2363 2368
2363 4484
2364 2365
2364 2366
2364 2367
2364 2368
2364 3929
2364 4379
2365 2367
2365 2368
2365 2369
2365 2370
2366 2367
2366 2368
2366 2371
2367 2368
2367 2369
2367 2370
2367 2371
2367 2569
2368 2369
2368 2370
2368 2372
2368 2639
2368 2621
2369 2370
2369 2371
2369 2373
2369 2374
2369 3004
2370 2371
2370 2372
2370 2373
2370 2374
2370 2375
2370 2830
2370 4989
2371 2372
2371 2373
2371 2374
2371 2375
2371 4658
2372 2373
2372 2374
2372 2376
2372 2377
2373 2376
2373 2377
2373 2378
2373 3761
2373 2932
2374 2375
2374 2376
2374 2377
2374 2378
2374 2379
2374 2673
2375 2376
2375 2377
2375 2378
2375 2379
2375 3353
2376 2378
2376 2379
2376 2381
2377 2378
2377 2379
2377 2380
2377 2381
2377 2382
2378 2379
2378 2380
2378 2382
2378 2383
2378 2900
2379 2380
2379 2381
2379 2382
2379 2384
2379 4234
2379 4355
2379 3827
2380 2381
2380 2382
2380 2384
2380 2385
2381 2383
2381 2384
2381 2385
2381 2386
2381 3491
2381 3225
2382 2383
2382 2384
2382 2385
2382 2386
2382 2387
2383 2384
2383 2385
2383 2388
2383 2429
2384 2386
2384 2387
2384 2388
2384 2389
2384 3897
2385 2386
2385 2387
2385 2388
2385 2389
2385 2390
2385 3342
2385 3185
2386 2389
2386 2390
2386 2391
2386 3337
2386 4829
2387 2388
2387 2390
2387 2391
2387 2392
2388 2389
2388 2390
2388 2391
2388 2392
2389 2390
2389 2391
2389 2392
2389 2394
2389 3595
2390 2391
2390 2393
2390 2394
2390 2395
2390 3828
2390 3576
2391 2392
2391 2393
2391 2394
2391 2395
2391 2396
2392 2393
2392 2394
2392 2395
2392 2396
2392 2397
2393 2394
2393 2395
2393 2396
2393 2397
2393 2398
2393 4235
2394 2395
2394 2396
2394 2397
2394 2398
2394 2399
2395 2396
2395 2397
2395 2398
2395 2399
2395 2902
2396 2397
2396 2398
2396 2399
2396 2400
2396 2401
2396 2707
2397 2398
2397 2399
2397 2400
2397 4444
2398 2399
2398 2400
2398 2401
2398 2402
2398 2403
2399 2400
2399 2401
2399 2402
2399 2403
2399 2404
2400 2401
2400 2402
2400 2403
2400 2404
2400 2405
2401 2403
2401 2404
2401 2405
2401 2406
2401 4269
2401 4970
2402 2403
2402 2404
2402 2405
2402 2406
2402 2407
2403 2406
2403 2407
2403 2408
2403 4629
2404 2405
2404 2406
2404 2407
2404 2408
2404 2409
2404 2791
2404 3963
2405 2406
2405 2408
2405 2410
2405 2751
2406 2408
2406 2409
2406 2410
2406 2411
2406 2696
2407 2408
2407 2409
2407 2410
2407 2411
2407 2412
2407 4565
2408 2409
2408 2410
2408 2412
2408 2413
2408 3093
2409 2410
2409 2413
2409 2414
2409 2560
2410 2411
2410 2412
2410 2413
2410 2414
2410 2415
2411 2413
2411 2414
2411 2415
2411 4166
2412 2413
2412 2414
2412 2416
2412 2417
2412 3077
2413 2414
2413 2415
2413 2416
2413 2417
2413 2418
2413 3050
2414 2415
2414 2416
2414 2417
2414 2419
2415 2416
2415 2417
2415 2418
2415 2419
2415 2420
2415 4224
2416 2417
2416 2418
2416 2419
2416 2420
2416 2421
2417 2418
2417 2419
2417 2420
2417 2421
2417 2422
2418 2419
2418 2420
2418 2421
2418 2422
2418 2423
2419 2421
2419 2422
2419 2423
2419 2424
2419 4988
2419 2510
2420 2421
2420 2422
2420 2423
2420 2424
2420 2425
2421 2422
2421 2423
2421 2426
2421 3751
2421 4580
2422 2424
2422 2426
2422 2427
2422 4921
2422 4840
2422 3178
2423 2424
2423 2425
2423 2427
2423 2428
2423 2770
2423 3773
2424 2425
2424 2427
2424 2428
2424 2429
2424 2523
2424 3255
2425 2426
2425 2427
2425 2430
2425 4424
2425 2935
2425 2816
2425 4789
2426 2427
2426 2428
2426 2430
2426 2431
2426 3313
2426 3790
2427 2428
2427 2429
2427 2430
2427 2431
2427 2432
2428 2429
2428 2432
2428 3302
2428 2790
2429 2430
2429 2431
2429 2432
2429 2434
2430 2431
2430 2432
2430 2433
2430 2434
2430 2435
2431 2432
2431 2433
2431 2434
2431 2436
2431 3410
2432 2434
2432 2435
2432 2436
2432 3862
2432 3728
2432 2682
2433 2435
2433 2436
2433 2437
2433 2438
2433 3186
2433 2450
2434 2436
2434 2437
2434 2438
2434 2439
2435 2436
2435 2437
2435 2438
2435 2439
2435 2440
2436 2437
2436 2438
2436 2439
2436 2440
2437 2438
2437 2439
2437 2440
2437 2441
2437 2442
2438 2439
2438 2440
2438 2442
2438 2443
2438 2865
2439 2440
2439 2441
2439 2443
2439 2444
2439 4520
2439 4675
2439 3724
2440 2441
2440 2443
2440 2444
2440 2445
2440 4873
2440 3295
2441 2442
2441 2443
2441 2444
2441 2445
2441 2446
2441 2908
2442 2444
2442 4006
2442 3758
2443 2445
2443 2446
2443 2448
2443 2470
2444 2446
2444 2447
2444 2448
2444 2449
2445 2446
2445 2447
2445 2448
2445 2449
2445 2450
2446 2447
2446 2448
2446 2449
2446 2450
2446 2451
2447 2449
2447 2450
2447 2452
2447 3536
2448 2449
2448 2452
2448 2453
2448 4442
2449 2450
2449 2451
2449 2452
2449 2453
2449 2454
2449 3598
2449 3665
2450 2452
2450 2453
2450 2454
2450 2455
2450 4919
2451 2452
2451 2453
2451 2455
2451 2456
2451 4069
2452 2453
2452 2455
2452 2456
2452 2457
2452 4553
2453 2454
2453 2455
2453 2456
2453 2457
2453 4807
2453 4758
2453 4286
2454 2455
2454 2456
2454 2457
2454 2458
2454 2459
2455 2456
2455 2457
2455 2458
2455 2459
2455 2460
2456 2457
2456 2460
2456 3630
2456 3837
2457 2458
2457 2459
2457 2460
2457 2461
2457 2462
2457 4398
2457 4761
2458 2459
2458 4325
2458 4577
2459 2460
2459 2461
2459 2462
2459 2463
2459 2464
2460 2463
2460 2464
2460 2465
2460 2566
2460 3097
2461 2462
2461 2463
2461 2464
2461 2465
2461 2466
2462 2463
2462 2465
2462 2466
2462 2467
2462 2915
2463 2464
2463 2465
2463 2466
2463 2467
2463 2468
2464 2467
2464 2468
2464 2469
2464 3659
2464 4944
2465 2466
2465 2467
2465 2468
2465 2469
2465 2470
2465 3006
2466 2467
2466 2469
2466 2471
2466 3722
2466 3426
2466 3932
2467 2469
2467 2470
2467 2471
2467 2472
2467 3477
2468 2469
2468 2471
2468 2473
2468 3655
2468 4641
2469 2470
2469 2471
2469 2472
2469 2473
2469 2474
2469 2959
2470 2471
2470 2472
2470 2473
2470 2474
2470 2475
2470 4085
2471 2472
2471 2473
2471 2474
2471 2476
2471 4201
2472 2473
2472 2474
2472 2475
2472 2477
2473 2474
2473 2475
2473 2477
2473 2478
2473 3227
2474 2475
2474 2477
2474 2478
2474 2479
2475 2476
2475 2477
2475 2478
2475 2479
2475 2480
2476 2477
2476 2479
2476 4874
2476 2695
2476 3284
2476 2822
2477 2478
2477 2479
2477 2481
2477 3346
2477 4207
2478 2479
2478 2481
2478 2482
2478 2483
2478 4012
2479 2480
2479 2481
2479 2482
2479 2483
2479 2484
2479 3072
2480 2481
2480 2482
2480 2483
2480 2484
2480 2485
2480 3230
2481 2483
2481 2484
2481 2485
2481 2486
2481 4328
2482 2484
2482 2486
2482 2487
2482 2722
2483 2484
2483 2485
2483 2486
2483 2487
2483 2488
2483 4403
2484 2485
2484 2486
2484 2487
2484 2488
2484 2489
2485 2486
2485 2487
2485 2488
2485 2489
2485 2490
2486 2488
2486 2489
2486 2490
2486 2491
2487 2488
2487 2489
2487 2490
2487 3583
2488 2490
2488 2491
2488 2492
2488 2819
2488 4833
2489 2490
2489 2491
2489 2492
2489 2493
2489 2494
2489 2675
2489 4375
2490 2491
2490 2492
2490 2493
2490 2494
2490 3875
2491 2492
2491 2493
2491 2495
2491 2496
2491 3188
2491 3595
2492 2496
2492 2497
2492 4739
2493 2494
2493 2495
2493 2496
2493 2497
2493 4632
2494 2495
2494 2496
2494 2499
2494 4771
2494 4581
2495 2497
2495 2498
2495 2499
2495 2500
2495 2576
2496 2497
2496 2498
2496 2499
2496 2500
2496 2501
2496 2587
2497 2498
2497 2500
2497 2501
2497 2502
2497 4347
2497 4722
2498 2499
2498 2502
2498 3506
2499 2500
2499 2502
2499 2503
2499 2504
2499 3165
2500 2501
2500 2502
2500 2503
2500 2504
2500 3513
2501 2502
2501 2503
2501 2504
2501 2506
2501 3929
2502 2503
2502 2505
2502 2506
2502 2507
2503 2505
2503 2506
2503 2507
2503 2508
2504 2505
2504 2507
2504 2508
2504 2509
2504 3160
2505 2506
2505 2507
2505 2508
2505 2510
2506 2508
2506 2509
2506 2510
2506 2511
2507 2510
2507 2511
2507 2512
2507 3056
2507 3673
2507 4294
2508 2510
2508 2511
2508 2512
2508 2513
2508 4226
2509 2510
2509 2511
2509 2512
2509 2513
2509 4417
2509 3638
2510 2512
2510 2513
2510 2514
2510 2515
2510 4086
2511 2512
2511 2513
2511 2514
2511 2515
2512 2513
2512 2514
2512 2515
2512 2516
2512 2517
2512 4475
2513 2514
2513 2515
2513 2516
2513 4994
2514 2515
2514 2516
2514 2517
2514 2518
2514 2519
2514 2822
2515 2517
2515 2518
2515 2519
2515 2520
2516 2517
2516 2518
2516 2519
2516 2520
2516 2521
2517 2520
2517 2521
2517 2871
2517 4909
2517 2532
2518 2519
2518 2521
2518 2522
2518 2523
2518 2982
2519 2520
2519 2521
2519 2523
2519 2524
2519 3180
2519 3109
2520 2522
2520 2523
2520 2524
2520 2525
2520 3587
2520 3657
2521 2522
2521 2524
2521 2525
2521 2526
2522 2523
2522 2524
2522 2525
2522 2526
2522 2527
2522 2740
2522 2753
2522 3379
2523 2524
2523 2526
2523 2527
2523 2528
2524 2526
2524 2527
2524 2528
2524 2529
2524 4330
2525 2526
2525 2528
2525 2529
2525 2530
2525 3109
2525 2896
2526 2527
2526 2528
2526 2529
2526 2531
2526 3498
2526 3591
2527 2528
2527 2529
2527 2530
2527 2531
2527 2532
2528 2529
2528 2530
2528 2531
2528 2532
2528 2533
2529 2530
2529 2531
2529 2532
2529 2533
2529 2534
2530 2531
2530 2532
2530 2533
2530 2534
2530 2535
2531 2533
2531 2535
2531 2536
2531 4882
2531 3872
2531 4027
2532 2533
2532 2534
2532 2536
2532 4998
2532 3758
2532 3004
2533 2534
2533 2536
2533 2537
2533 2538
2534 2535
2534 2536
2534 2537
2534 2538
2534 2539
2535 2536
2535 2538
2535 2539
2535 2540
2535 4368
2536 2537
2536 2539
2536 2540
2536 2541
2536 3419
2536 4973
2536 4400
2537 2538
2537 2539
2537 2542
2537 3972
2538 2539
2538 2540
2538 2542
2538 2543
2538 3524
2539 2541
2539 2543
2539 2762
2539 2731
2539 3795
2540 2541
2540 2542
2540 2543
2540 2544
2540 2545
2541 2542
2541 2543
2541 2544
2541 2545
2541 2546
2541 3241
2541 3706
2542 2543
2542 2544
2542 2545
2542 2546
2542 2547
2543 2545
2543 2546
2543 2547
2543 2548
2544 2546
2544 2547
2544 2548
2544 2549
2544 2893
2545 2546
2545 2547
2545 2549
2545 2550
2545 3363
2546 2547
2546 2549
2546 2550
2546 2551
2547 2548
2547 2549
2547 2551
2547 2552
2547 3748
2548 2549
2548 2550
2548 2551
2548 2553
2548 2735
2549 2552
2549 2553
2549 2554
2549 3408
2550 2551
2550 2552
2550 2553
2550 2554
2550 2555
2551 2553
2551 2554
2551 2555
2551 2556
2551 3752
2552 2554
2552 2555
2552 2556
2552 2557
2552 3932
2553 2554
2553 2555
2553 2556
2553 2557
2553 2558
2553 4615
2554 2555
2554 2556
2554 2557
2554 2559
2554 4000
2555 2556
2555 2557
2555 2558
2555 2559
2555 2560
2556 2557
2556 2558
2556 2559
2556 2561
2556 3634
2557 2558
2557 2559
2557 2560
2557 2561
2557 3340
2558 2559
2558 2561
2558 2563
2558 2702
2558 3394
2558 2966
2559 2560
2559 2561
2559 2562
2559 2564
2559 3794
2560 2561
2560 2564
2560 3508
2560 3922
2561 2562
2561 2563
2561 2564
2561 2565
2561 2566
2562 2563
2562 2564
2562 2566
2562 4210
2563 2564
2563 2565
2563 2566
2563 2567
2563 2568
2564 2565
2564 2566
2564 2567
2564 2568
2564 4290
2564 4383
2565 2566
2565 2567
2565 2568
2565 2570
2565 4116
2566 2567
2566 2568
2566 2569
2566 2570
2566 2571
2566 4672
2567 2568
2567 2570
2567 2571
2567 2572
2567 4560
2568 2569
2568 2570
2568 2572
2568 2573
2568 4184
2569 2571
2569 2572
2569 2573
2569 2574
2569 3005
2570 2572
2570 2573
2570 2574
2570 2575
2571 2572
2571 2575
2571 4296
2572 2573
2572 2574
2572 2575
2572 2576
2572 2577
2573 2574
2573 2575
2573 2576
2573 2577
2573 2578
2574 2576
2574 2577
2574 2578
2574 2579
2574 2777
2575 2576
2575 2577
2575 2578
2575 2579
2575 2580
2576 2577
2576 2578
2576 2579
2576 2580
2576 2581
2577 2578
2577 2579
2577 2580
2577 2581
2577 2582
2577 2663
2578 2579
2578 2581
2578 2582
2578 3872
2578 3200
2579 2580
2579 2581
2579 2582
2579 2583
2579 2584
2580 2581
2580 2582
2580 2583
2580 2584
2580 2585
2581 2583
2581 2585
2581 2586
2581 4306
2581 3549
2581 4398
2582 2584
2582 2585
2582 2586
2582 2587
2583 2585
2583 2586
2583 2587
2583 4139
2584 2585
2584 2587
2584 2588
2584 2589
2585 2586
2585 2587
2585 2588
2585 2589
2585 2590
2586 2587
2586 2589
2586 2591
2587 2588
2587 2589
2587 2591
2588 2590
2588 2591
2588 2592
2588 2593
2589 2590
2589 2591
2589 2593
2589 2594
2589 3013
2590 2591
2590 2592
2590 2593
2590 2594
2590 2595
2590 2670
2591 2592
2591 2593
2591 2594
2591 4418
2591 3280
2592 2593
2592 2595
2592 2596
2592 2597
2592 2654
2593 2594
2593 2595
2593 2597
2593 4797
2593 2930
2593 3183
2594 2595
2594 2596
2594 2597
2594 2598
2594 2599
2594 2804
2595 2596
2595 2597
2595 2599
2595 2600
2595 4758
2596 2597
2596 2598
2596 2599
2596 2600
2596 2601
2597 2598
2597 2600
2597 2601
2597 2602
2597 2963
2597 2896
2598 2600
2598 2601
2598 2603
2598 4552
2598 2789
2599 2600
2599 2601
2599 2602
2599 2604
2600 2601
2600 2602
2600 2603
2600 2604
2600 2605
2600 4299
2601 2603
2601 2604
2601 2606
2601 3506
2601 3824
2602 2603
2602 2604
2602 2605
2602 2606
2602 3658
2602 4941
2603 2605
2603 2606
2603 2608
2604 2609
2604 3239
2604 4836
2605 2606
2605 2607
2605 2608
2605 2609
2605 2610
2605 3062
2606 2607
2606 2608
2606 2609
2606 2610
2606 2611
2607 2608
2607 2609
2607 2611
2607 2612
2607 3054
2608 2610
2608 2612
2608 2613
2608 3258
2609 2610
2609 2612
2609 2614
2609 3925
2609 4204
2610 2611
2610 2613
2610 2614
2610 2615
2610 2756
2610 4239
2611 2612
2611 2613
2611 2615
2611 3409
2611 3823
2612 2613
2612 2615
2612 2617
2612 3210
2613 2614
2613 2616
2613 2618
2613 4239
2613 3439
2614 2617
2614 2618
2614 3909
2614 2648
2615 2617
2615 2618
2615 2619
2615 3220
2615 2709
2615 4147
2616 2617
2616 2618
2616 2619
2616 2620
2616 2621
2617 2618
2617 2619
2617 2620
2617 2621
2617 2622
2618 2619
2618 2621
2618 2622
2618 2623
2619 2620
2619 2621
2619 2623
2619 3508
2620 2621
2620 2623
2620 2625
2620 4116
2621 2622
2621 2623
2621 2624
2621 2626
2621 2789
2622 2623
2622 2624
2622 2626
2622 2627
2622 4649
2623 2624
2623 2626
2623 2627
2623 2628
2624 2627
2624 2628
2624 2629
2624 3572
2624 2725
2625 2626
2625 2627
2625 2628
2625 2629
2625 2630
2626 2628
2626 2629
2626 2630
2626 2631
2626 3775
2626 4831
2627 2629
2627 2630
2627 2631
2627 2632
2628 2631
2628 2632
2628 2633
2628 3596
2629 2630
2629 2631
2629 2632
2629 2633
2629 2634
2630 2631
2630 2632
2630 2633
2630 2635
2630 4169
2630 3687
2631 2632
2631 2633
2631 2634
2631 2635
2631 2636
2632 2634
2632 2635
2632 2636
2632 2637
2632 2654
2632 3128
2633 2634
2633 2635
2633 2637
2633 2638
2634 2635
2634 2637
2634 2638
2634 4350
2634 3890
2635 2637
2635 2638
2635 2640
2636 2637
2636 2638
2636 2639
2636 2640
2636 2641
2637 2638
2637 2639
2637 2640
2637 2641
2637 2642
2637 3741
2638 2639
2638 2640
2638 2641
2638 2643
2638 2944
2639 2640
2639 2643
2639 2644
2639 3092
2640 2641
2640 2642
2640 2644
2640 2645
2640 4734
2641 2642
2641 2643
2641 2644
2641 2645
2641 2646
2642 2643
2642 2644
2642 2645
2642 2646
2642 2647
2642 4968
2643 2644
2643 2645
2643 2647
2643 2648
2644 2645
2644 2648
2644 4897
2645 2646
2645 2647
2645 2648
2645 2649
2646 2647
2646 2648
2646 2650
2646 2651
2647 2648
2647 2650
2648 2649
2648 2650
2648 2651
2648 2652
2648 2653
2648 3169
2649 2651
2649 2652
2649 2653
2649 4776
2650 2651
2650 2652
2650 2653
2650 2654
2650 2655
2651 2652
2651 2656
2651 2915
2651 3648
2651 4248
2652 2654
2652 2655
2652 2656
2652 2657
2652 3452
2653 2654
2653 2655
2653 2656
2653 4559
2653 4250
2654 2656
2654 2657
2654 2658
2654 2659
2654 3552
2655 2656
2655 2657
2655 2658
2655 2660
2655 3355
2655 3563
2656 2657
2656 2658
2656 2659
2656 3416
2656 3460
2656 3724
2656 4521
2657 2661
2657 2662
2657 3509
2657 3957
2657 4121
2658 2659
2658 2660
2658 2661
2658 2662
2658 2663
2659 2660
2659 2661
2659 2662
2659 2664
2659 3640
2660 2662
2660 2663
2660 2665
2660 3147
2661 2662
2661 2663
2661 2665
2661 2666
2661 2996
2662 2664
2662 2665
2662 2666
2662 2667
2662 4361
2663 2666
2663 3671
2663 4200
2663 3198
2664 2665
2664 2666
2664 2667
2664 2668
2664 2669
2665 2666
2665 2669
2665 2670
2666 2667
2666 2668
2666 2669
2666 2670
2666 2671
2667 2669
2667 2672
2667 4425
2668 2670
2668 2671
2668 2673
2668 4534
2668 2742
2668 3629
2669 2670
2669 2671
2669 2672
2669 2674
2670 2671
2670 2673
2670 2674
2670 2675
2671 2672
2671 2673
2671 2674
2671 2675
2672 2673
2672 2674
2672 2676
2673 2674
2673 2676
2673 2677
2673 2678
2673 3082
2674 2675
2674 2677
2674 2678
2674 2679
2674 4376
2675 2676
2675 2677
2675 2678
2675 2680
2675 4646
2675 4189
2676 2677
2676 2678
2676 2679
2676 2681
2677 2678
2677 2679
2677 2680
2677 2681
2677 2988
2678 2681
2678 2683
2678 3904
2679 2680
2679 2682
2679 2683
2679 2684
2680 2681
2680 2683
2680 2684
2680 2685
2681 2683
2681 2684
2681 2686
2681 4768
2681 3747
2681 4614
2682 2683
2682 2684
2682 2685
2682 2686
2683 2685
2683 2686
2683 2687
2683 4054
2683 4471
2683 2993
2684 2687
2684 2688
2684 2689
2684 3662
2685 2687
2685 2688
2685 2689
2685 2690
2686 2687
2686 2688
2686 2689
2686 2691
2686 4555
2687 2688
2687 2689
2687 2690
2687 2691
2687 3485
2687 3653
2688 2689
2688 2690
2688 2692
2688 2693
2688 4006
2689 2690
2689 2691
2689 2692
2689 2693
2689 2694
2689 4142
2690 2691
2690 2692
2690 2694
2690 2695
2690 4274
2690 4712
2691 2693
2691 2694
2691 2695
2691 2696
2691 3904
2692 2693
2692 2694
2692 2697
2692 2725
2692 3976
2693 2694
2693 2695
2693 2696
2693 2697
2693 2698
2694 2695
2694 2696
2694 2697
2694 2698
2694 2699
2695 2697
2695 2698
2695 2699
2695 2700
2696 2697
2696 2699
2696 2700
2696 2701
2697 2698
2697 2699
2697 2701
2697 2702
2697 4394
2698 2699
2698 2700
2698 2701
2698 2703
2698 3475
2699 2700
2699 2701
2699 2702
2699 4858
2700 2701
2700 2702
2700 2703
2700 2704
2700 2705
2701 2703
2701 2704
2701 2705
2701 2706
2701 4829
2702 2704
2702 2705
2702 2707
2702 4796
2703 2704
2703 2706
2703 2708
2703 4206
2703 3052
2704 2705
2704 2706
2704 2707
2704 2708
2704 3341
2705 2707
2705 2708
2705 2709
2705 2710
2706 2707
2706 2708
2706 2709
2706 2711
2707 2710
2707 2711
2707 2712
2708 2709
2708 2710
2708 2711
2708 2712
2708 2713
2708 2793
2709 2710
2709 2711
2709 2712
2709 2713
2709 2714
2710 2711
2710 2712
2710 2713
2710 2714
2710 2715
2710 4060
2711 2712
2711 2713
2711 2716
2711 4011
2712 2713
2712 2716
2712 2717
2712 4947
2713 2714
2713 2715
2713 2716
2713 2717
2713 2718
2714 2715
2714 2719
2714 3848
2715 2716
2715 2717
2715 2718
2715 2719
2715 2720
2716 2717
2716 2718
2716 2719
2716 2720
2716 2721
2717 2719
2717 2720
2717 2721
2717 2722
2718 2719
2718 2722
2718 2723
2718 2945
2718 4506
2718 4203
2719 2720
2719 2721
2719 2722
2719 2723
2719 2724
2719 4844
2720 2721
2720 2722
2720 2723
2720 2724
2720 2725
2721 2723
2721 2724
2721 2725
2721 2726
2721 4899
2722 2723
2722 2724
2722 2725
2722 2726
2722 2727
2723 2724
2723 2725
2723 2726
2723 2727
2723 2728
2724 2726
2724 2727
2724 2728
2724 2729
2724 3183
2725 2727
2725 2729
2726 2728
2726 2729
2726 2730
2726 2731
2726 2940
2726 4225
2727 2729
2727 2730
2727 2732
2727 3546
2727 4363
2728 2729
2728 2730
2728 2732
2729 2731
2729 2733
2729 2734
2729 4564
2729 3250
2729 4726
2730 2731
2730 2732
2730 2733
2730 2734
2731 2733
2731 2735
2731 4966
2731 3488
2732 2733
2732 2736
2732 2737
2732 4625
2732 4361
2732 4801
2733 2734
2733 2735
2733 2736
2733 2737
2734 2736
2734 2738
2734 2739
2735 2737
2735 2738
2735 2739
2736 2737
2736 2738
2736 2739
2736 2740
2736 3208
2737 2738
2737 2739
2737 2740
2737 2741
2737 2742
2738 2739
2738 2740
2738 2741
2738 2742
2738 2743
2739 2740
2739 2741
2739 2742
2739 2743
2739 2744
2739 3641
2740 2741
2740 2745
2740 4992
2740 4415
2741 2743
2741 2744
2741 2745
2741 2746
2742 2743
2742 2745
2742 2746
2742 2747
2743 2745
2743 2746
2743 2747
2743 2748
2743 3363
2744 2745
2744 2746
2744 2747
2744 2748
2744 2749
2745 2746
2745 2747
2745 2748
2745 2749
2745 2750
2745 3103
2745 3382
2745 3667
2746 2747
2746 2748
2746 2749
2746 2750
2746 2751
2747 2748
2747 2750
2747 2751
2747 2752
2747 3967
2748 2750
2748 2751
2748 2752
2748 2753
2748 4713
2749 2750
2749 2753
2749 2754
2749 3499
2749 4035
2750 2751
2750 2752
2750 2753
2750 2754
2750 2755
2751 2752
2751 2753
2751 2754
2751 2755
2751 2756
2752 2753
2752 2754
2752 2755
2752 2756
2752 2757
2753 2757
2753 2758
2754 2756
2754 2757
2754 2759
2754 3866
2754 4335
2754 3087
2755 2756
2755 2757
2755 2758
2755 2760
2755 3803
2756 2759
2756 2760
2756 2761
2756 4957
2756 4878
2757 2758
2757 2759
2757 2760
2757 2761
2757 2762
2757 3831
2757 4651
2758 2759
2758 2760
2758 2761
2758 2762
2758 2763
2758 4494
2759 2760
2759 2761
2759 2762
2759 2763
2759 2764
2759 4004
2760 2761
2760 2762
2760 2763
2760 2764
2760 2765
2761 2762
2761 2763
2761 2765
2762 2763
2762 2764
2762 2766
2762 3796
2763 2764
2763 2765
2763 2767
2763 2768
2763 4517
2764 2765
2764 2766
2764 2767
2764 2768
2764 2769
2764 4372
2765 2768
2765 2769
2765 4499
2765 4336
2765 2863
2766 2767
2766 2768
2766 2769
2766 2770
2766 3311
2767 2768
2767 2769
2767 2770
2767 2771
2767 4128
2768 2769
2768 2770
2768 2771
2768 2772
2768 2773
2768 2863
2768 3032
2769 2770
2769 2771
2769 2772
2769 2773
2769 3141
2770 2772
2770 2773
2770 2774
2770 2775
2770 3628
2771 2772
2771 2773
2771 2775
2771 2776
2771 4342
2772 2774
2772 2775
2772 2777
2773 2774
2773 2775
2773 2776
2773 2778
2774 2775
2774 2776
2774 2777
2774 2778
2774 2779
2775 2776
2775 2777
2775 2778
2775 2780
2775 3131
2776 2777
2776 2778
2776 2779
2776 2780
2776 2781
2777 2778
2777 2779
2777 2780
2777 2781
2777 2782
2777 4061
2778 2780
2778 2781
2778 2782
2778 4613
2778 3249
2779 2781
2779 2782
2779 2783
2779 2784
2779 2967
2780 2781
2780 2782
2780 2784
2780 3384
2780 3400
2781 2782
2781 2784
2781 2785
2781 2786
2782 2783
2782 2784
2782 2785
2782 2786
2782 2787
2782 4093
2783 2784
2783 2785
2783 2786
2783 2787
2783 2788
2783 4004
2784 2785
2784 2786
2784 2787
2784 2788
2784 2789
2785 2788
2785 2789
2785 2790
2785 4278
2786 2787
2786 2788
2786 2789
2786 2790
2786 2791
2787 2789
2787 2790
2787 2791
2787 2792
2787 3803
2787 2970
2788 2789
2788 2790
2788 2791
2788 2792
2788 2793
2789 2793
2789 3988
2790 2791
2790 2793
2790 2794
2790 3246
2791 2793
2791 2794
2791 2795
2792 2793
2792 2794
2792 2795
2792 2796
2792 2797
2793 2794
2793 2795
2793 2796
2793 2798
2794 2795
2794 2796
2794 2797
2794 2798
2794 2799
2794 4677
2795 2796
2795 2797
2795 2798
2795 2799
2795 2800
2796 2797
2796 2798
2796 2800
2796 2801
2797 2798
2797 2799
2797 2800
2797 2801
2797 3216
2798 2800
2798 2801
2798 2802
2798 2803
2798 3654
2798 4105
2799 2800
2799 2801
2799 2802
2799 2803
2799 2804
2800 2801
2800 2802
2800 2803
2800 2804
2800 2805
2801 2802
2801 2803
2801 2804
2801 2805
2801 2806
2802 2805
2802 2806
2802 4025
2802 3207
2802 3709
2803 2804
2803 2807
2803 2808
2803 4012
2804 2808
2804 2809
2804 3060
2804 4516
2805 2806
2805 2807
2805 2810
2805 4075
2805 4035
2806 2808
2806 2809
2806 2810
2806 2811
2806 3735
2807 2809
2807 2811
2807 4898
2807 3029
2808 2809
2808 2810
2808 2811
2808 2812
2808 2813
2809 2810
2809 2811
2809 2812
2809 2813
2809 2814
2809 4455
2810 2811
2810 2812
2810 2813
2810 2815
2810 3004
2810 4604
2811 2812
2811 2813
2811 2814
2811 2815
2811 2816
2812 2813
2812 2815
2812 2816
2812 2817
2812 2858
2813 2814
2813 2815
2813 2817
2813 2818
2813 3577
2814 2815
2814 2816
2814 2818
2814 2819
2815 2816
2815 2817
2815 2818
2815 2819
2815 2820
2816 2817
2816 2819
2816 2821
2816 3930
2817 2818
2817 2819
2817 2820
2817 2821
2817 2822
2817 4350
2818 2819
2818 2820
2818 2821
2818 2822
2818 2823
2818 4520
2819 2821
2819 2822
2819 2824
2819 3059
2820 2821
2820 2822
2820 2823
2820 2824
2820 2825
2820 3770
2821 2823
2821 2824
2821 2825
2821 2826
2821 4425
2821 4352
2822 2824
2822 2827
2822 3011
2823 2824
2823 2825
2823 2826
2823 2828
2824 2825
2824 2826
2824 2827
2824 2828
2824 2829
2824 3241
2825 2826
2825 2827
2825 2828
2825 2829
2825 2830
2826 2827
2826 2828
2826 2829
2826 2830
2826 2831
2827 2828
2827 2829
2827 2830
2827 2831
2828 2829
2828 2830
2828 2831
2828 2832
2828 2833
2828 3470
2829 2830
2829 2833
2829 2834
2829 4736
2830 2831
2830 2832
2830 2835
2830 4058
2831 2832
2831 2833
2831 2834
2832 2833
2832 2834
2832 2835
2832 2836
2832 2837
2833 2834
2833 2835
2833 2837
2833 2838
2833 3354
2833 4920
2834 2835
2834 2836
2834 2837
2834 2838
2834 4128
2835 2836
2835 2837
2835 2838
2835 2839
2835 2840
2836 2839
2836 2840
2836 2841
2836 3960
2836 4832
2836 4589
2837 2838
2837 2839
2837 2841
2837 2842
2838 2839
2838 2840
2838 2841
2838 2842
2838 2843
2839 2840
2839 2842
2839 2843
2839 2844
2839 3648
2839 4003
2840 2841
2840 2842
2840 2843
2840 3722
2840 4291
2841 2842
2841 2843
2841 2845
2841 2846
2842 2843
2842 2844
2842 2845
2842 2846
2842 2847
2842 4661
2842 4626
2843 2846
2843 2847
2843 2848
2844 2847
2844 2849
2844 2866
2844 3520
2845 2846
2845 2847
2845 2849
2845 2850
2845 2918
2846 2847
2846 2848
2846 2849
2846 2851
2846 4998
2847 2848
2847 2849
2847 2850
2847 2852
2847 3477
2848 2849
2848 2850
2848 2852
2848 4086
2848 4947
2849 2851
2849 2853
2849 2854
2850 2851
2850 2853
2850 2854
2851 2852
2851 2853
2851 2854
2851 2855
2851 2856
2852 2853
2852 2854
2852 2855
2852 3645
2852 4694
2853 2854
2853 2855
2853 2856
2853 2857
2853 2858
2854 2855
2854 2856
2854 2857
2854 2858
2854 2859
2854 4834
2855 2856
2855 2857
2855 2858
2855 2859
2855 2860
2855 4879
2856 2857
2856 2858
2856 2859
2856 2860
2856 2861
2856 3542
2857 2858
2857 2859
2857 2860
2857 2862
2857 4697
2858 2859
2858 2860
2858 2861
2858 2862
2858 3934
2859 2860
2859 2861
2859 2863
2859 2864
2860 2862
2860 2864
2860 2865
2861 2862
2861 2863
2861 2864
2861 2866
2861 3912
2862 2863
2862 2865
2862 2866
2862 2867
2862 4303
2863 2865
2863 2867
2863 2868
2863 3515
2864 2865
2864 2866
2864 2867
2864 2869
2864 4044
2865 2866
2865 2867
2865 2868
2865 2869
2865 2870
2866 2868
2866 2869
2866 2871
2866 4990
2867 2868
2867 2869
2867 2870
2867 2871
2867 3502
2867 3778
2868 2869
2868 2870
2868 2871
2868 2873
2868 3893
2869 2870
2869 2871
2869 2872
2869 2873
2869 2874
2870 2871
2870 2872
2870 2873
2870 2874
2870 2875
2870 4108
2871 2872
2871 2875
2871 2876
2872 2873
2872 2874
2872 2875
2872 2876
2872 2877
2873 2875
2873 2876
2873 2877
2873 3757
2874 2875
2874 2876
2874 2877
2874 2878
2874 2879
2875 2876
2875 2877
2875 2879
2875 2880
2875 4484
2876 2877
2876 2878
2876 2879
2876 2880
2876 2881
2876 3360
2877 2878
2877 2879
2877 2880
2877 2881
2877 2882
2878 2879
2878 2881
2878 2882
2878 3296
2879 2880
2879 2881
2879 2882
2879 2883
2879 2884
2880 2881
2880 2882
2880 2883
2880 2884
2880 3290
2881 2882
2881 2883
2881 2884
2881 2885
2882 2883
2882 2884
2882 2885
2882 2886
2882 2887
2883 2884
2883 2885
2883 2886
2883 2887
2883 2888
2884 2885
2884 2887
2884 3153
2885 2886
2885 2887
2885 2890
2885 4152
2886 2888
2886 2891
2886 3981
2886 4542
2886 4660
2887 2888
2887 2889
2887 2890
2887 2891
2887 2892
2888 2890
2888 2892
2888 2980
2889 2890
2889 2891
2889 2892
2889 2893
2890 2891
2890 2892
2890 2893
2890 2895
2891 2893
2891 2894
2891 2896
2891 4394
2891 3798
2892 2893
2892 2894
2892 2895
2892 2896
2892 2897
2893 2894
2893 2895
2893 2896
2893 2897
2894 2895
2894 2896
2894 2897
2894 2898
2895 2897
2895 2898
2895 2899
2895 2900
2895 3281
2895 2934
2896 2898
2896 2899
2897 2898
2897 2899
2897 2900
2897 2901
2897 2902
2898 2899
2898 2900
2898 2901
2898 2902
2898 2903
2899 2900
2899 2901
2899 2902
2899 2904
2899 3578
2900 2901
2900 2902
2900 2903
2900 2904
2901 2903
2901 2904
2901 2905
2901 2906
2902 2903
2902 2905
2902 2906
2902 2907
2903 2904
2903 2905
2903 2906
2903 2907
2903 2908
2903 2944
2904 2905
2904 2906
2904 2907
2904 2908
2904 2909
2904 2965
2905 2906
2905 2907
2905 2908
2905 3193
2905 4140
2906 2908
2906 2909
2906 2910
2906 2911
2906 4651
2906 4277
2907 2908
2907 2909
2907 2910
2907 2911
2907 2912
2908 2910
2908 2912
2908 2913
2909 2910
2909 2913
2909 2914
2909 2991
2910 2912
2910 2913
2910 2914
2910 2915
2910 3098
2911 2912
2911 2914
2911 2915
2911 2916
2912 2913
2912 2914
2912 2915
2912 2967
2913 2914
2913 2915
2913 2916
2913 2917
2913 2918
2914 2916
2914 2917
2914 2918
2914 3106
2915 2917
2915 2918
2915 2920
2916 2917
2916 2919
2916 2920
2916 2921
2916 3631
2916 3116
2917 2918
2917 2920
2917 2921
2917 2922
2917 2984
2918 2919
2918 2920
2918 2921
2918 2923
2918 3537
2919 2920
2919 2921
2919 2922
2919 2924
2919 4837
2920 2921
2920 2922
2920 2923
2920 2924
2920 2925
2920 4329
2920 3990
2921 2922
2921 2923
2921 2924
2921 2925
2921 2926
2921 3854
2922 2923
2922 2924
2922 2925
2922 2927
2922 4869
2923 2924
2923 2926
2923 2928
2923 3743
2924 2926
2924 2927
2924 2928
2924 2929
2924 2958
2925 2926
2925 2928
2925 2929
2925 2930
2925 4072
2926 2927
2926 2928
2926 2929
2926 2930
2926 2931
2927 2928
2927 2929
2927 2930
2927 2931
2927 2932
2927 3201
2928 2929
2928 2930
2928 2931
2928 2932
2928 2933
2929 2930
2929 2932
2929 2933
2929 2934
2930 2932
2930 2933
2930 2935
2930 3679
2931 2932
2931 2933
2931 2934
2931 2935
2931 2936
2932 2933
2932 2935
2932 2936
2932 2937
2933 2935
2933 2936
2933 2937
2933 2938
2933 3161
2933 4043
2934 2936
2934 2938
2934 2939
2935 2936
2935 2938
2935 2939
2935 2940
2936 2937
2936 2938
2936 2939
2936 2940
2936 2941
2937 2939
2937 2940
2937 2942
2937 3480
2937 3977
2937 4992
2937 4422
2938 2939
2938 2940
2938 2941
2938 2943
2939 2940
2939 2941
2939 2943
2939 2944
2940 2942
2940 2943
2940 2944
2940 2945
2940 4133
2941 2942
2941 2943
2941 2944
2941 2945
2941 2946
2942 2944
2942 2945
2942 2947
2942 4492
2943 2944
2943 2945
2943 2946
2943 2947
2943 2948
2943 4502
2944 2946
2944 2947
2944 2949
2944 4691
2945 2946
2945 2947
2945 2949
2945 2950
2945 4171
2945 2981
2946 2947
2946 2949
2946 2950
2946 2951
2947 2948
2947 2949
2947 2950
2947 2951
2947 2952
2948 2949
2948 2950
2948 2951
2948 2952
2948 2953
2949 2950
2949 2952
2949 2954
2950 2951
2950 2952
2950 2953
2950 2954
2950 4636
2951 2953
2951 2954
2951 2955
2951 2956
2951 3788
2952 2953
2952 2954
2952 2955
2952 2957
2953 2954
2953 2955
2953 2957
2953 2958
2953 3792
2954 2957
2954 2958
2954 2959
2955 2956
2955 2957
2955 2959
2955 2960
2955 4305
2955 3382
2956 2957
2956 2958
2956 2959
2956 2960
2956 2961
2957 2958
2957 2959
2957 2960
2957 2961
2957 2962
2957 4631
2957 3548
2957 3817
2958 2959
2958 2961
2958 2962
2958 2963
2959 2960
2959 2961
2959 2963
2959 2964
2960 2961
2960 2962
2960 2963
2960 2964
2960 2965
2961 2962
2961 2963
2961 2964
2961 2965
2961 2966
2962 2963
2962 2964
2962 2965
2962 2967
2962 3559
2962 4079
2963 2964
2963 2965
2963 2966
2963 2967
2963 2968
2964 2965
2964 2966
2964 2967
2964 2968
2964 2969
2965 2967
2965 2968
2965 2969
2966 2967
2966 2969
2966 2970
2966 2971
2966 3820
2967 2968
2967 2969
2967 2970
2967 2971
2967 2972
2967 3529
2968 2969
2968 2970
2968 2971
2968 2973
2968 3668
2969 2970
2969 2971
2969 2972
2969 2973
2969 2974
2970 2971
2970 2972
2970 2974
2970 2975
2971 2972
2971 2973
2971 2974
2971 2975
2971 2976
2972 2974
2972 2975
2972 4079
2972 4643
2972 4475
2972 4741
2973 2974
2973 2975
2973 2976
2973 2977
2973 2978
2974 2975
2974 2976
2974 2977
2974 2978
2974 2979
2974 4342
2975 2976
2975 2977
2975 2978
2975 2979
2976 2977
2976 2978
2976 2980
2976 2981
2977 2978
2977 2979
2977 2980
2977 2981
2977 2982
2978 2979
2978 2980
2978 2982
2978 2983
2979 2981
2979 2982
2979 2983
2979 2984
2980 2981
2980 2982
2980 2983
2980 2984
2980 2985
2980 3318
2981 2982
2981 2984
2981 2985
2981 2986
2981 4989
2982 2983
2982 2984
2982 2985
2982 2986
2982 2987
2983 2984
2983 2985
2983 2986
2983 2988
2983 3007
2983 4322
2984 2985
2984 2986
2984 2988
2984 3908
2984 3500
2984 4422
2985 2986
2985 2988
2985 2989
2985 2990
2985 3892
2986 2987
2986 2988
2986 2989
2986 2990
2986 2991
2987 2988
2987 2991
2987 2992
2987 4980
2988 2989
2988 2990
2988 2991
2988 4368
2988 3831
2988 4720
2989 2990
2989 2991
2989 2992
2989 2993
2989 2994
2989 4359
2990 2991
2990 2992
2990 2993
2990 2994
2990 2995
2991 2992
2991 2993
2991 2994
2991 2995
2992 2993
2992 2994
2992 2995
2992 2996
2992 2997
2993 2994
2993 2995
2993 2996
2993 2997
2993 2998
2994 2995
2994 2997
2994 2998
2994 3776
2994 4321
2994 4852
2995 2996
2995 2998
2995 2999
2995 3000
2996 2998
2996 2999
2996 3000
2996 3550
2997 2999
2997 3000
2997 3001
2997 3119
2997 4497
2998 2999
2998 3000
2998 3001
2998 3002
2998 4794
2999 3000
2999 3002
2999 3003
2999 3004
3000 3001
3000 3003
3000 3004
3000 3005
3001 3002
3001 3003
3001 3004
3001 3005
3001 3006
3002 3003
3002 3005
3002 3007
3002 3082
3003 3006
3003 3007
3004 3006
3004 3007
3004 3008
3004 3009
3005 3006
3005 3007
3005 3009
3005 3010
3006 3007
3006 3008
3006 3009
3006 3011
3007 3009
3007 3010
3007 3011
3008 3009
3008 3010
3008 3011
3008 3012
3008 3013
3009 3010
3009 3011
3009 3012
3009 3013
3009 3014
3010 3011
3010 3012
3010 3013
3010 3014
3010 3015
3011 3012
3011 3013
3011 3014
3011 3016
3012 3013
3012 3014
3012 3015
3012 3017
3013 3016
3013 3017
3013 3018
3013 3328
3014 3015
3014 3016
3014 3017
3014 3018
3014 4052
3015 3016
3015 3017
3015 3018
3015 3019
3015 3020
3015 4408
3016 3017
3016 3018
3016 3019
3016 3021
3016 4206
3017 3018
3017 3019
3017 3020
3017 3021
3017 3022
3018 3019
3018 3020
3018 3021
3018 3022
3018 3023
3019 3020
3019 3023
3019 3024
3019 3068
3020 3021
3020 3022
3020 3023
3020 3253
3020 3644
3021 3024
3021 3025
3021 4855
3021 3462
3021 3989
3022 3024
3022 3025
3022 3027
3022 4369
3023 3024
3023 3025
3023 3026
3023 3027
3024 3025
3024 3026
3024 3027
3024 3028
3024 3029
3025 3026
3025 3028
3025 3029
3025 3030
3025 3729
3026 3027
3026 3028
3026 3029
3026 3031
3026 4607
3027 3028
3027 3029
3027 3031
3027 3032
3028 3029
3028 3030
3028 3031
3028 3032
3028 3033
3028 3693
3029 3030
3029 3031
3029 3032
3029 3033
3029 3034
3030 3032
3030 3033
3030 3034
3030 3035
3030 4899
3031 3032
3031 3034
3031 3035
3031 3036
3031 3770
3032 3033
3032 3035
3032 3036
3032 4218
3033 3034
3033 3035
3033 3036
3033 3037
3033 3038
3034 3035
3034 3036
3034 3037
3034 3038
3034 3039
3035 3036
3035 3038
3035 3040
3036 3037
3036 3038
3036 3040
3036 3931
3036 3279
3037 3039
3037 3040
3037 3041
3037 3042
3037 3358
3038 3040
3038 3041
3038 3042
3038 3063
3038 3414
3038 4927
3039 3041
3039 3042
3039 3043
3039 4804
3040 3041
3040 3042
3040 3043
3040 3045
3040 3822
3041 3042
3041 3043
3041 3044
3041 3045
3041 3550
3042 3043
3042 3044
3042 3045
3042 3046
3042 3047
3042 3788
3043 3044
3043 3045
3043 3047
3043 3048
3044 3046
3044 3047
3044 3048
3044 3049
3044 3202
3045 3046
3045 3047
3045 3048
3045 3049
3045 3050
3046 3048
3046 3049
3046 3051
3046 3323
3046 3892
3047 3048
3047 3050
3047 3051
3047 3052
3047 4141
3048 3049
3048 3051
3048 3052
3048 3053
3048 4307
3049 3050
3049 3051
3049 3052
3049 3053
3049 3054
3049 3296
3049 4503
3050 3052
3050 3053
3050 3055
3050 4207
3050 4015
3051 3052
3051 3053
3051 3054
3051 3055
3051 3056
3052 3053
3052 3054
3052 3055
3052 3056
3052 3945
3053 3054
3053 3057
3053 3058
3053 4784
3054 3056
3054 3058
3054 3059
3055 3056
3055 3058
3055 3059
3055 3060
3056 3057
3056 3058
3056 3059
3056 3060
3057 3058
3057 3060
3057 3061
3057 3062
3057 4766
3058 3059
3058 3060
3058 3061
3058 3062
3058 3107
3059 3060
3059 3061
3059 3062
3059 4797
3059 3123
3060 3061
3060 3062
3060 3063
3060 3064
3060 3065
3061 3063
3061 3064
3061 3065
3061 3066
3062 3063
3062 3064
3062 3066
3062 3067
3062 4348
3062 3172
3063 3064
3063 3065
3063 3066
3063 3067
3063 3068
3064 3066
3064 3067
3064 3068
3064 3069
3064 4044
3065 3066
3065 3067
3065 3068
3065 3069
3065 3070
3066 3067
3066 3068
3066 3069
3066 3070
3066 3071
3067 3069
3067 3070
3067 3071
3067 4216
3067 3518
3068 3069
3068 3070
3068 3071
3068 3072
3068 3073
3069 3070
3069 3071
3069 3072
3069 3073
3069 3074
3070 3071
3070 3075
3070 3325
3071 3072
3071 3073
3071 3075
3071 3076
3071 4530
3071 4579
3071 4311
3072 3074
3072 3075
3072 3076
3072 3077
3073 3074
3073 3075
3073 3076
3073 3077
3073 3078
3074 3075
3074 3077
3074 3078
3074 3079
3074 3248
3074 3275
3075 3076
3075 3077
3075 3078
3075 3079
3075 3080
3076 3077
3076 3078
3076 3080
3076 3081
3077 3078
3077 3079
3077 3080
3077 3082
3078 3079
3078 3080
3078 3081
3078 3083
3078 4576
3079 3080
3079 3081
3079 3082
3079 3083
3079 3084
3079 4688
3079 4839
3080 3081
3080 3082
3080 3083
3080 3084
3080 3085
3081 3082
3081 3085
3081 3086
3081 3626
3081 4755
3082 3084
3082 3085
3082 3086
3082 4053
3083 3084
3083 3085
3083 3086
3083 3087
3083 3088
3084 3085
3084 3086
3084 3087
3084 3088
3084 3089
3084 3520
3084 4909
3085 3086
3085 3087
3085 3088
3085 3089
3085 3090
3086 3088
3086 3089
3086 3090
3086 3091
3087 3088
3087 3089
3087 3090
3087 3092
3088 3089
3088 3091
3088 3093
3089 3091
3089 3092
3089 3093
3089 3094
3089 4493
3089 3698
3090 3091
3090 3094
3090 3095
3090 3202
3091 3092
3091 3093
3091 3094
3091 3095
3091 3096
3092 3093
3092 3094
3092 3096
3092 3097
3093 3094
3093 3098
3093 4520
3094 3095
3094 3096
3094 3097
3094 3098
3094 3099
3095 3096
3095 3097
3095 3099
3095 3100
3095 4911
3096 3097
3096 3098
3096 3099
3096 3100
3096 3101
3097 3098
3097 3099
3097 3102
3097 4014
3098 3100
3098 3101
3098 3102
3098 3103
3098 3511
3099 3100
3099 3101
3099 3102
3099 3103
3099 3104
3099 3417
3100 3101
3100 3102
3100 3103
3100 3105
3101 3102
3101 3103
3101 3104
3101 3105
3101 3106
3102 3103
3102 3104
3102 3105
3102 3106
3102 3107
3103 3105
3103 3106
3103 3107
3103 3108
3103 4267
3103 4310
3104 3105
3104 3106
3104 3108
3104 3109
3104 3483
3105 3106
3105 3107
3105 3108
3105 3110
3105 4643
3106 3107
3106 3108
3106 3109
3106 3111
3106 4478
3107 3108
3107 3110
3107 3111
3107 3112
3107 4018
3108 3109
3108 3111
3108 3112
3109 3110
3109 3111
3109 3112
3109 4831
3110 3111
3110 3113
3110 3114
3110 3115
3110 4351
3111 3112
3111 3113
3111 3114
3111 3115
3111 4279
3111 4904
3112 3113
3112 3114
3112 3115
3112 3116
3112 3117
3113 3115
3113 3117
3113 3118
3113 4079
3114 3115
3114 3116
3114 3117
3115 3116
3115 3118
3115 3119
3115 3120
3115 4287
3115 3656
3115 4226
3116 3117
3116 3118
3116 3119
3116 4349
3117 3118
3117 3119
3117 3120
3117 3121
3117 3122
3118 3119
3118 3120
3118 3121
3118 3122
3118 4118
3119 3120
3119 3121
3119 3122
3119 3123
3119 3124
3120 3121
3120 3122
3120 3123
3120 3124
3120 3405
3121 3122
3121 3123
3121 3124
3121 3126
3121 3474
3121 4280
3122 3123
3122 3124
3122 3125
3122 3126
3122 3127
3123 3124
3123 3125
3123 3126
3123 3127
3123 4721
3123 4753
3123 4363
3124 3125
3124 3126
3124 3128
3124 3129
3124 3731
3125 3127
3125 3128
3125 3130
3125 3750
3125 4032
3126 3127
3126 3128
3126 3129
3126 3130
3126 3131
3126 4574
3127 3128
3127 3129
3127 3130
3127 3132
3127 3956
3128 3130
3128 3131
3128 3132
3128 3133
3129 3130
3129 3131
3129 3132
3129 3133
3129 3134
3129 3619
3130 3131
3130 3132
3130 3133
3130 3134
3131 3132
3131 3133
3131 3134
3131 3135
3131 3136
3131 4075
3132 3133
3132 3134
3132 3135
3132 3136
3132 3137
3133 3134
3133 3135
3133 3136
3133 3137
3133 3138
3134 3135
3134 3136
3134 3137
3134 3138
3134 3139
3135 3136
3135 3137
3135 3138
3135 3139
3135 3140
3135 3971
3136 3137
3136 3138
3136 3139
3136 3140
3136 3141
3137 3138
3137 3139
3137 3140
3137 3141
3137 3142
3138 3140
3138 3141
3138 3142
3138 3143
3139 3140
3139 3141
3139 3142
3139 3143
3139 3144
3140 3141
3140 3142
3140 3143
3140 3144
3140 3145
3141 3143
3141 3144
3141 3145
3142 3143
3142 3144
3142 3145
3142 3146
3142 3147
3143 3144
3143 3146
3143 3147
3143 3148
3144 3146
3144 3147
3144 3148
3144 3149
3144 4173
3144 3310
3145 3146
3145 3147
3145 3148
3145 3149
3145 3150
3146 3147
3146 3148
3146 3150
3146 3151
3146 4385
3147 3148
3147 3150
3147 3152
3148 3149
3148 3150
3148 3151
3148 3152
3149 3150
3149 3151
3149 3152
3149 3154
3149 4582
3150 3151
3150 3152
3150 3153
3150 4709
3150 3285
3151 3152
3151 3153
3151 3154
3151 3155
3151 3156
3151 3811
3151 3965
3151 4471
3152 3154
3152 3155
3152 3156
3152 3157
3152 4546
3152 3186
3153 3154
3153 3155
3153 3156
3153 3157
3153 3158
3154 3155
3154 3156
3154 3158
3154 3159
3154 4318
3155 3156
3155 3157
3155 3158
3155 3159
3155 4605
3156 3157
3156 3158
3156 3160
3156 3161
3156 4454
3157 3158
3157 3159
3157 3160
3157 3161
3157 3162
3158 3159
3158 3160
3158 3161
3158 3162
3158 3163
3158 4064
3159 3160
3159 3161
3159 3162
3159 3163
3159 3164
3159 4695
3160 3162
3160 3163
3160 3164
3160 3444
3160 3702
3161 3162
3161 3163
3161 3164
3161 3165
3161 3166
3161 3406
3162 3163
3162 3164
3162 3166
3162 3167
3163 3165
3163 3166
3163 3167
3163 4973
3164 3165
3164 3167
3164 4652
3164 4130
3164 3690
3165 3166
3165 3167
3165 3168
3165 3169
3165 3170
3166 3168
3166 3171
3166 3631
3166 3348
3166 3420
3167 3169
3167 3170
3167 3172
3167 4660
3167 3518
3167 3824
3168 3169
3168 3171
3168 3172
3169 3170
3169 3171
3169 3172
3170 3171
3170 3172
3170 3173
3170 3174
3170 3175
3171 3172
3171 3173
3171 3174
3171 3176
3171 4727
3172 3173
3172 3174
3172 3175
3172 3176
3173 3174
3173 3175
3173 3176
3173 3177
3173 3178
3174 3175
3174 3177
3174 3178
3175 3177
3175 3180
3175 3717
3176 3177
3176 3178
3176 3179
3176 3180
3176 3181
3177 3179
3177 3180
3177 3181
3177 4739
3177 4787
3178 3179
3178 3181
3178 4106
3179 3180
3179 3181
3179 3182
3179 4309
3180 3182
3180 3183
3180 3184
3180 3185
3180 4044
3181 3182
3181 3183
3181 3184
3181 3185
3181 3186
3182 3184
3182 3185
3182 3186
3182 3187
3183 3184
3183 3185
3183 3186
3183 3187
3183 3454
3184 3185
3184 3186
3184 3187
3184 3188
3184 3189
3184 4205
3185 3186
3185 3187
3185 3188
3185 3189
3185 4698
3186 3187
3186 3189
3186 3191
3186 3431
3186 3264
3186 4054
3187 3189
3187 3190
3187 3191
3187 3192
3187 4048
3187 4026
3188 3189
3188 3190
3188 3191
3188 3192
3188 3193
3189 3190
3189 3191
3189 3192
3189 3193
3189 3194
3190 3191
3190 3192
3190 3193
3190 3194
3191 3192
3191 3193
3191 3194
3191 3195
3191 3196
3192 3193
3192 3194
3192 3195
3192 3196
3192 3197
3193 3194
3193 3196
3193 3197
3193 3198
3193 4865
3194 3195
3194 3196
3194 3197
3194 3198
3194 3199
3194 4446
3195 3196
3195 3198
3195 3199
3195 3908
3196 3197
3196 3198
3196 3199
3196 3200
3196 3201
3197 3199
3197 3201
3197 3348
3198 3199
3198 3200
3198 3201
3198 3202
3199 3200
3199 3201
3199 3203
3199 3204
3199 4076
3200 3201
3200 3202
3200 3204
3200 3439
3200 4795
3201 3202
3201 3203
3201 3204
3201 3206
3202 3203
3202 3204
3202 3205
3202 3206
3202 3207
3203 3204
3203 3205
3203 3206
3203 3208
3203 4530
3204 3205
3204 3208
3204 3209
3204 4816
3204 3630
3205 3207
3205 3208
3205 3209
3205 3210
3206 3207
3206 3208
3206 3209
3206 3210
3206 3211
3206 3922
3207 3209
3207 3210
3207 3211
3207 3212
3208 3209
3208 3211
3208 3212
3208 3213
3208 4842
3208 4748
3209 3210
3209 3211
3209 3212
3209 3213
3209 3214
3210 3211
3210 3212
3210 3215
3210 4872
3211 3212
3211 3213
3211 3214
3211 3215
3211 3216
3211 3635
3212 3213
3212 3214
3212 3215
3212 3217
3213 3214
3213 3215
3213 3216
3213 3218
3213 4670
3213 3415
3214 3215
3214 3216
3214 3217
3214 3218
3214 3487
3215 3216
3215 3217
3215 3218
3215 3219
3215 3220
3216 3217
3216 3218
3216 3219
3216 3220
3217 3218
3217 3219
3217 3220
3217 3221
3217 3222
3218 3219
3218 3220
3218 3222
3218 3223
3218 3273
3219 3221
3219 3222
3219 3223
3219 3224
3220 3222
3220 3224
3220 3225
3220 3340
3220 4149
3221 3222
3221 3223
3221 3224
3221 3225
3221 4530
3222 3223
3222 3224
3222 3225
3222 3226
3222 3227
3223 3224
3223 3225
3223 3226
3223 3227
3223 3228
3224 3225
3224 3226
3224 3227
3224 3228
3224 3229
3224 3855
3225 3226
3225 3227
3225 3228
3225 3229
3226 3227
3226 3228
3226 3229
3226 3231
3227 3229
3227 3230
3227 3231
3227 4120
3227 3538
3227 3877
3228 3230
3228 3231
3228 3232
3228 3233
3229 3230
3229 3231
3229 3232
3229 3233
3229 3234
3229 4371
3230 3231
3230 3232
3230 3233
3230 3235
3231 3233
3231 3234
3231 3235
3231 3236
3231 4911
3232 3233
3232 3234
3232 3236
3232 3237
3232 3587
3232 4759
3233 3236
3233 3237
3233 4056
3233 3239
3234 3235
3234 3236
3234 3237
3235 3236
3235 3237
3235 3239
3235 3240
3236 3237
3236 3238
3236 3239
3236 3240
3236 3241
3236 3786
3237 3238
3237 3239
3237 3240
3237 3242
3237 3405
3238 3239
3238 3240
3238 3241
3238 3242
3238 4763
3239 3241
3239 3242
3239 3243
3239 4873
3240 3241
3240 3242
3240 3243
3240 3244
3240 3245
3241 3244
3241 3245
3241 3246
3241 3502
3242 3244
3242 3245
3242 3246
3242 4145
3243 3244
3243 3245
3243 3246
3243 3247
3243 4682
3244 3245
3244 3247
3244 3248
3244 3249
3244 3665
3244 3533
3244 4663
3245 3248
3245 3250
3245 4315
3245 3320
3245 3356
3245 3556
3246 3247
3246 3248
3246 3249
3246 3250
3246 3251
3247 3248
3247 3252
3247 4397
3248 3249
3248 3251
3248 3252
3249 3250
3249 3251
3249 3252
3250 3251
3250 3252
3250 3253
3250 3255
3251 3252
3251 3253
3251 3254
3251 3255
3251 3501
3251 4495
3251 3812
3252 3253
3252 3255
3252 3256
3252 3257
3252 3573
3253 3254
3253 3256
3253 3257
3253 3258
3253 3524
3254 3255
3254 3256
3254 3257
3254 3258
3254 3259
3255 3256
3255 3257
3255 3258
3255 3260
3256 3257
3256 3258
3256 3259
3256 3260
3256 3261
3257 3258
3257 3259
3257 3260
3257 3261
3257 3262
3258 3259
3258 3260
3258 4214
3258 4267
3259 3260
3259 3262
3259 4902
3259 4935
3259 4034
3259 3966
3260 3261
3260 3262
3260 3263
3260 3264
3260 3265
3261 3262
3261 3263
3261 3264
3261 3265
3261 3882
3262 3263
3262 3264
3262 3265
3262 3266
3262 3267
3263 3264
3263 3265
3263 3266
3263 3267
3263 3268
3264 3265
3264 3267
3264 3268
3264 3269
3265 3267
3265 3268
3265 3269
3265 4864
3265 4180
3266 3267
3266 3268
3266 3269
3266 3270
3266 3271
3266 4379
3267 3268
3267 3269
3267 3270
3267 3271
3267 3272
3268 3269
3268 3270
3268 3271
3268 3273
3269 3270
3269 3271
3269 3272
3269 3273
3269 3771
3270 3271
3270 3272
3270 3275
3270 3907
3271 3272
3271 3273
3271 3276
3271 3848
3271 4512
3272 3273
3272 3275
3272 3276
3272 3277
3272 4205
3273 3275
3273 3276
3273 3277
3273 3278
3273 3990
3274 3275
3274 3276
3274 3279
3274 4612
3275 3276
3275 3278
3275 3279
3275 3400
3276 3277
3276 3279
3276 3280
3276 3281
3277 3279
3277 3280
3277 3281
3277 3282
3278 3279
3278 3280
3278 3281
3278 3282
3278 3283
3279 3280
3279 3281
3279 3282
3279 3283
3279 4966
3279 4200
3280 3284
3280 3285
3280 3790
3280 3854
3280 3707
3281 3282
3281 3283
3281 3284
3281 3285
3281 3286
3282 3283
3282 3284
3282 3286
3282 3287
3283 3284
3283 3285
3283 3286
3283 3287
3283 3288
3283 3644
3284 3285
3284 3286
3284 3287
3284 3289
3284 4925
3285 3286
3285 3287
3285 3288
3285 3349
3285 4730
3286 3287
3286 3288
3286 3289
3286 3290
3286 3291
3287 3288
3287 3289
3287 3290
3287 3291
3287 3292
3288 3289
3288 3290
3288 3291
3288 3292
3288 3293
3288 3469
3288 4093
3289 3291
3289 3293
3289 3294
3290 3291
3290 3294
3291 3292
3291 3293
3291 3294
3291 3295
3291 4308
3292 3294
3292 3295
3292 3296
3292 3297
3292 3822
3293 3294
3293 3295
3293 3296
3293 3297
3293 3298
3294 3295
3294 3296
3294 3297
3294 3298
3295 3296
3295 3298
3295 3299
3295 3300
3295 4515
3296 3297
3296 3299
3296 3300
3296 3301
3297 3298
3297 3299
3297 3300
3297 3301
3297 3302
3298 3299
3298 3300
3298 3301
3298 3302
3298 3303
3298 4275
3299 3301
3299 3302
3299 4768
3300 3301
3300 3302
3300 3303
3300 3305
3300 3406
3301 3302
3301 3303
3301 3304
3301 3305
3301 3940
3302 3303
3302 3304
3302 3305
3302 3306
3302 3307
3302 4603
3303 3304
3303 3305
3303 3308
3303 4692
3304 3305
3304 3306
3304 3307
3304 3308
3304 3309
3304 4335
3305 3306
3305 3308
3305 3309
3305 3310
3305 4339
3306 3307
3306 3309
3306 3310
3306 3311
3307 3308
3307 3309
3307 3311
3307 3312
3307 4649
3308 3309
3308 3310
3308 3311
3308 3312
3308 3313
3309 3311
3309 3312
3309 3313
3309 3314
3309 4810
3309 4353
3309 4184
3310 3312
3310 3313
3310 3314
3310 3315
3311 3312
3311 3313
3311 3314
3311 3315
3311 3316
3311 4518
3311 4156
3312 3314
3312 3315
3312 3316
3312 3317
3313 3316
3313 3317
3313 4100
3314 3315
3314 3316
3314 3317
3314 3318
3314 3319
3314 3620
3315 3316
3315 3317
3315 3318
3315 3320
3315 4230
3316 3317
3316 3318
3316 3319
3316 3320
3316 3321
3316 3738
3317 3318
3317 3319
3317 3320
3317 3321
3317 3322
3318 3320
3318 3323
3318 4075
3319 3320
3319 3321
3319 3322
3319 3323
3319 3324
3319 4994
3320 3322
3320 3323
3320 3324
3320 3325
3320 3870
3321 3322
3321 3323
3321 3324
3321 3326
3322 3323
3322 3324
3322 3325
3322 3327
3322 3742
3323 3324
3323 3325
3323 3327
3324 3325
3324 3326
3324 3327
3324 3328
3324 3329
3325 3326
3325 3330
3325 3817
3326 3327
3326 3328
3326 3329
3326 3331
3326 4259
3326 3546
3327 3328
3327 3329
3327 3330
3327 3331
3327 3332
3328 3329
3328 3330
3328 3332
3328 3333
3329 3330
3329 3331
3329 3332
3329 3333
3329 3334
3330 3332
3330 3333
3330 3335
3330 3750
3330 4578
3331 3332
3331 3333
3331 3334
3331 3335
3331 3336
3332 3333
3332 3334
3332 3335
3332 3336
3332 3337
3333 3334
3333 3335
3333 3336
3333 3337
3333 3338
3334 3335
3334 3336
3334 3338
3334 3339
3334 4067
3335 3336
3335 3337
3335 3338
3335 3339
3335 3870
3336 3337
3336 3339
3336 3340
3336 3341
3337 3338
3337 3339
3337 3341
3337 3342
3337 4450
3338 3339
3338 3340
3338 3343
3338 3490
3339 3341
3339 3342
3339 3343
3339 3344
3339 4696
3340 3342
3340 3345
3340 4474
3341 3344
3341 3345
3341 3346
3341 3348
3342 3343
3342 3345
3342 3346
3342 3347
3342 3780
3343 3344
3343 3345
3343 3346
3343 3347
3344 3345
3344 3347
3344 4933
3345 3346
3345 3347
3345 3348
3345 3349
3345 3350
3345 4103
3346 3347
3346 3349
3346 3350
3346 3351
3346 3926
3347 3348
3347 3349
3347 3350
3347 3352
3347 4964
3348 3349
3348 3351
3348 3352
3348 3353
3349 3350
3349 3351
3349 3353
3349 3354
3350 3351
3350 3352
3350 3354
3350 3355
3351 3352
3351 3353
3351 3354
3352 3353
3352 3354
3352 3355
3352 3356
3352 3357
3353 3354
3353 3355
3353 3356
3353 3358
3353 4472
3354 3357
3354 3359
3354 3833
3355 3356
3355 3357
3355 3358
3355 3360
3356 3357
3356 3358
3356 3359
3356 3360
3356 3361
3357 3358
3357 3361
3358 3359
3358 3360
3358 3361
3358 3362
3358 3363
3359 3360
3359 3361
3359 3362
3359 3363
3359 3364
3360 3361
3360 3363
3360 3364
3360 3365
3361 3362
3361 3363
3361 3364
3361 3366
3362 3363
3362 3364
3362 3365
3362 3366
3362 3367
3363 3365
3363 3366
3363 3367
3363 3368
3363 4208
3363 4908
3364 3365
3364 3366
3364 3367
3364 3368
3364 3369
3365 3366
3365 3367
3365 3368
3365 3370
3365 4662
3365 4881
3366 3367
3366 3371
3366 3966
3366 4189
3366 4389
3366 4164
3367 3368
3367 3369
3367 3370
3367 3371
3367 3372
3368 3369
3368 3370
3368 3371
3368 3372
3368 3373
3368 4646
3369 3373
3369 3991
3369 4064
3369 3584
3369 3723
3369 4826
3370 3371
3370 3372
3370 3373
3370 3374
3370 3375
3371 3372
3371 3373
3371 3374
3371 3375
3371 3376
3372 3373
3372 3374
3372 3375
3372 3376
3372 3377
3373 3374
3373 3375
3373 3376
3373 3377
3373 3378
3374 3375
3374 3377
3374 3378
3374 3379
3374 4252
3375 3376
3375 3377
3375 3378
3375 3379
3375 3380
3376 3377
3376 3380
3376 3492
3376 4592
3377 3378
3377 3379
3377 3380
3377 3381
3377 3382
3378 3379
3378 3380
3378 3381
3378 3382
3378 3383
3379 3380
3379 3384
3380 3381
3380 3383
3380 3384
3380 3385
3381 3383
3381 3384
3381 3385
3381 3386
3381 4503
3382 3384
3382 3385
3382 3386
3382 3387
3382 3650
3383 3384
3383 3385
3383 3386
3383 3388
3383 3666
3383 4954
3384 3385
3384 3387
3384 3388
3384 3389
3384 3628
3385 3386
3385 3387
3385 3388
3385 3389
3386 3387
3386 3388
3386 3389
3386 3390
3386 3391
3387 3389
3387 3390
3387 3391
3387 3392
3388 3389
3388 3390
3388 3391
3388 3392
3388 3393
3389 3390
3389 3391
3389 3392
3389 3393
3389 3394
3389 4044
3390 3391
3390 3392
3390 3393
3390 3394
3390 3395
3391 3392
3391 3393
3391 3394
3391 3396
3391 3569
3392 3393
3392 3394
3392 3395
3392 3396
3392 3898
3393 3394
3393 3395
3393 3396
3393 3397
3393 3398
3393 4025
3393 4017
3394 3395
3394 3396
3394 3397
3394 3398
3394 3399
3395 3396
3395 3398
3395 3399
3395 3400
3396 3397
3396 3398
3396 3399
3396 3400
3396 3401
3397 3398
3397 3399
3397 3400
3397 3401
3397 3402
3398 3399
3398 3400
3398 3401
3398 3402
3399 3400
3399 3401
3399 3402
3399 3403
3399 3404
3399 4121
3400 3401
3400 3404
3400 3405
3401 3402
3401 3403
3401 3404
3401 3405
3401 3406
3402 3403
3402 3407
3402 4651
3402 4332
3403 3404
3403 3405
3403 3407
3403 3408
3403 4319
3404 3405
3404 3407
3404 3408
3404 3409
3404 4942
3404 4529
3405 3409
3406 3408
3406 3409
3406 3411
3406 3841
3407 3408
3407 3409
3407 3410
3407 3411
3407 3412
3407 4839
3407 4897
3408 3409
3408 3410
3408 3411
3408 3412
3408 3413
3408 3937
3408 4993
3409 3410
3409 3411
3409 3412
3409 3413
3409 3414
3409 4232
3410 3411
3410 3412
3410 3414
3410 3415
3410 4560
3411 3412
3411 3413
3411 3414
3411 3416
3411 4322
3412 3413
3412 3415
3412 3416
3412 3417
3412 3445
3413 3414
3413 3415
3413 3416
3413 3417
3413 3418
3413 3956
3414 3415
3414 3417
3414 3418
3414 3419
3415 3417
3415 3418
3415 3419
3415 3420
3416 3417
3416 3418
3416 3420
3417 3418
3417 3420
3417 3422
3418 3419
3418 3420
3418 3421
3418 3422
3418 3423
3419 3420
3419 3421
3419 3423
3419 3930
3419 4013
3420 3421
3420 3422
3420 3423
3420 3424
3420 3425
3420 4731
3421 3422
3421 3423
3421 3424
3421 3425
3421 3426
3422 3423
3422 3424
3422 3425
3422 3426
3422 3561
3422 4850
3423 3424
3423 3426
3423 3428
3423 4966
3423 3789
3424 3425
3424 3426
3424 3427
3424 3428
3424 3429
3425 3426
3425 3427
3425 3428
3425 3429
3425 3430
3426 3427
3426 3429
3426 3430
3426 3431
3426 3617
3426 3878
3427 3428
3427 3429
3427 3430
3427 3432
3427 4031
3428 3429
3428 3430
3428 3431
3428 3433
3428 4123
3429 3430
3429 3432
3429 3433
3429 3434
3429 3987
3429 3605
3429 4270
3430 3431
3430 3432
3430 3433
3430 3434
3430 3435
3430 4685
3431 3432
3431 3433
3431 3435
3431 3436
3431 3509
3431 4839
3432 3433
3432 3434
3432 3435
3432 3436
3432 3437
3432 3744
3433 3434
3433 3435
3433 3436
3433 3437
3433 3438
3433 3909
3434 3435
3434 3436
3434 3437
3434 3438
3434 3439
3435 3436
3435 3437
3435 3438
3435 3440
3435 3815
3436 3437
3436 3438
3436 3439
3436 3440
3436 3441
3437 3438
3437 3439
3437 3440
3437 3441
3437 3442
3438 3440
3438 3441
3438 3443
3438 4043
3439 3440
3439 3441
3439 3442
3439 3443
3439 3444
3440 3441
3440 3442
3440 3443
3440 3444
3440 3445
3441 3443
3441 3444
3441 3446
3441 4488
3442 3443
3442 3444
3442 3445
3442 3446
3442 3447
3443 3444
3443 3446
3443 3447
3443 3448
3444 3445
3444 3448
3444 3449
3445 3446
3445 3448
3445 3449
3445 3450
3445 4498
3446 3447
3446 3448
3446 3449
3446 3451
3447 3448
3447 3449
3447 3450
3447 3451
3447 3452
3447 4868
3447 3562
3448 3449
3448 3450
3448 3451
3448 3452
3448 4107
3449 3451
3449 3452
3449 3453
3449 3454
3449 4608
3450 3451
3450 3452
3450 4643
3450 4792
3451 3452
3451 3453
3451 3454
3451 3455
3451 3456
3451 3776
3452 3453
3452 3454
3452 3455
3452 3456
3453 3454
3453 3456
3453 3457
3453 3458
3453 3927
3453 3769
3454 3455
3454 3456
3454 3457
3454 3458
3454 4766
3455 3456
3455 3457
3455 3458
3455 3459
3455 3460
3455 4152
3456 3457
3456 3458
3456 3459
3456 3460
3456 3461
3457 3459
3457 3460
3457 3461
3457 3462
3458 3459
3458 3460
3458 3463
3458 4516
3459 3460
3459 3462
3459 3463
3459 3464
3459 4260
3460 3461
3460 3462
3460 3465
3461 3463
3461 3464
3461 3465
3462 3463
3462 3464
3462 3465
3462 3466
3462 3467
3463 3464
3463 3465
3463 3466
3463 3468
3463 3615
3464 3465
3464 3467
3464 3468
3464 3469
3465 3466
3465 3467
3465 3468
3465 3469
3465 3470
3466 3467
3466 3468
3466 3469
3466 3470
3466 3471
3467 3468
3467 3469
3467 3470
3467 3472
3468 3469
3468 3470
3468 3472
3468 3473
3469 3470
3469 3471
3469 3472
3469 3474
3469 4190
3470 3471
3470 3472
3470 4335
3470 3806
3471 3473
3471 3474
3471 3475
3471 3476
3472 3473
3472 3474
3472 3475
3472 3875
3472 3529
3473 3474
3473 3475
3473 3476
3473 3477
3473 3478
3474 3475
3474 3476
3474 3477
3474 3478
3474 3479
3474 4447
3475 3476
3475 3477
3475 3478
3475 4326
3476 3477
3476 3478
3476 3481
3477 3478
3477 3479
3477 3480
3477 3481
3478 3479
3478 3481
3478 3482
3478 3483
3478 4360
3479 3480
3479 3481
3479 3482
3479 3483
3479 3484
3480 3481
3480 3484
3480 4695
3481 3482
3481 3483
3481 3484
3481 3485
3481 3486
3482 3483
3482 3485
3482 3486
3482 3487
3482 4793
3483 3484
3483 3486
3483 3487
3484 3485
3484 3486
3484 3487
3484 3488
3484 3489
3485 3487
3485 3488
3486 3488
3486 3489
3486 3490
3486 3491
3487 3489
3487 3490
3487 3491
3487 3492
3487 4971
3488 3491
3488 3493
3488 4103
3488 4337
3489 3490
3489 3491
3489 3492
3489 3493
3489 3494
3490 3492
3490 3493
3490 3494
3491 3492
3491 3493
3491 3494
3491 3495
3491 3496
3492 3493
3492 3494
3492 3495
3492 3496
3492 3497
3493 3494
3493 3495
3493 3496
3493 3497
3493 3529
3494 3495
3494 3497
3494 3498
3494 3499
3494 4606
3495 3496
3495 3497
3495 3498
3495 3500
3495 4985
3495 3715
3496 3497
3496 3499
3496 3500
3496 3501
3497 3498
3497 3499
3497 3500
3497 3501
3497 3502
3497 3846
3498 3499
3498 3500
3498 3501
3498 3502
3498 3503
3498 4930
3499 3500
3499 3501
3499 3502
3499 3503
3499 3504
3500 3501
3500 3503
3500 3504
3500 3505
3500 3807
3501 3505
3501 3506
3502 3503
3502 3504
3502 3506
3503 3504
3503 3505
3503 3506
3503 3507
3503 3508
3504 3505
3504 3507
3504 3508
3504 3509
3504 4904
3505 3506
3505 3507
3505 3508
3505 3509
3505 4783
3505 4441
3506 3509
3506 3510
3506 4469
3506 3711
3507 3508
3507 3509
3507 3510
3507 3511
3507 3512
3507 4956
3508 3513
3509 3511
3509 3512
3509 3513
3509 3514
3510 3511
3510 3512
3510 3513
3510 3514
3510 4566
3511 3512
3511 3513
3511 3514
3511 3515
3511 3516
3512 3513
3512 3514
3512 3515
3512 3516
3512 3517
3513 3514
3513 3515
3513 3516
3513 3517
3514 3515
3514 3517
3514 3518
3514 3519
3514 4463
3515 3516
3515 3517
3515 3518
3515 3520
3516 3519
3516 3520
3516 4002
3516 4650
3516 4659
3516 3994
3516 4648
3517 3518
3517 3519
3517 3520
3517 3521
3517 3522
3518 3519
3518 3520
3518 3523
3519 3520
3519 3521
3519 3522
3519 3523
3519 3524
3520 3522
3520 3524
3521 3522
3521 3523
3521 3524
3521 3525
3521 3526
3522 3523
3522 3525
3522 3526
3522 3527
3522 4997
3523 3524
3523 3525
3523 3526
3523 3527
3523 3668
3524 3525
3524 3526
3524 3527
3524 3528
3524 3529
3525 3526
3525 3527
3525 3528
3525 3529
3525 3530
3525 4436
3526 3527
3526 3528
3526 3529
3526 3530
3526 3531
3527 3529
3527 3530
3527 3531
3527 3532
3527 4876
3527 4706
3527 4479
3527 4828
3528 3530
3528 3531
3528 3532
3529 3531
3529 3532
3529 3985
3529 4413
3529 4789
3530 3531
3530 3533
3530 3534
3530 3535
3531 3532
3531 3533
3531 3534
3531 3535
3531 3536
3531 3649
3531 4819
3532 3533
3532 3535
3532 3536
3532 3537
3533 3534
3533 3535
3533 3538
3534 3535
3534 3536
3534 3537
3534 3538
3534 3539
3535 3536
3535 3537
3535 3538
3535 3539
3535 3540
3536 3538
3536 3539
3536 3541
3537 3538
3537 3539
3537 3540
3537 3542
3538 3539
3538 3541
3538 3542
3539 3540
3539 3542
3539 3543
3539 3544
3540 3541
3540 3542
3540 3544
3540 3545
3540 4228
3541 3542
3541 3543
3541 3544
3541 3545
3541 3546
3542 3543
3542 3545
3542 3546
3542 3547
3543 3545
3543 3546
3543 3547
3543 4738
3543 4555
3543 3761
3544 3545
3544 3546
3544 3547
3544 3548
3544 4061
3545 3546
3545 3547
3545 3549
3545 3550
3546 3547
3546 3548
3546 3549
3546 3550
3546 3551
3546 4292
3546 4503
3547 3548
3547 3550
3547 3551
3547 3552
3547 3704
3547 4043
3548 3549
3548 3550
3548 3551
3549 3551
3549 3552
3549 3553
3549 3554
3550 3552
3550 3553
3550 3554
3550 3555
3551 3552
3551 3554
3551 3555
3551 3556
3552 3553
3552 3556
3552 3742
3553 3554
3553 3555
3553 3556
3553 3557
3553 3558
3554 3555
3554 3558
3554 3559
3554 4940
3555 3556
3555 3557
3555 3558
3555 3559
3555 3560
3556 3557
3556 3558
3556 3559
3557 3558
3557 3559
3557 3560
3557 3561
3557 3562
3558 3559
3558 3560
3558 3561
3558 3562
3558 3563
3559 3560
3559 3563
3559 3564
3560 3562
3560 3563
3560 3564
3560 3565
3560 4020
3561 3562
3561 3564
3561 3565
3561 3566
3561 4660
3562 3563
3562 3564
3562 3565
3562 3567
3563 3565
3563 3567
3563 4544
3564 3565
3564 3566
3564 3567
3564 3569
3565 3566
3565 3567
3565 3568
3565 3570
3565 4820
3566 3567
3566 3568
3566 3569
3566 3570
3567 3568
3567 3570
3567 3571
3567 4460
3568 3570
3568 3571
3568 3572
3568 3573
3569 3570
3569 3573
3569 3574
3569 4697
3570 3571
3570 3573
3570 3574
3570 3575
3571 3572
3571 3573
3571 3574
3571 3575
3572 3573
3572 3575
3572 3576
3572 3577
3572 4770
3573 3575
3573 3576
3573 3577
3573 3578
3573 4429
3574 3575
3574 3577
3574 3579
3574 4256
3575 3576
3575 3578
3575 3579
3575 3580
3576 3577
3576 3578
3576 3580
3576 3581
3576 4605
3577 3579
3577 3581
3577 3582
3578 3580
3578 3581
3578 3582
3578 3583
3579 3580
3579 3581
3579 3582
3579 3583
3579 4533
3580 3581
3580 3582
3580 3583
3580 3584
3580 3585
3581 3582
3581 3583
3581 3584
3581 3585
3581 3586
3582 3583
3582 3584
3582 3585
3582 3586
3582 3587
3583 3584
3583 3585
3583 3586
3583 3609
3583 3875
3584 3586
3584 3587
3584 3588
3584 3589
3585 3586
3585 3587
3585 3588
3585 3589
3586 3587
3586 3588
3586 3589
3586 3590
3586 3591
3587 3588
3587 3589
3587 3590
3587 3591
3587 3592
3588 3589
3588 3590
3588 3591
3588 3592
3588 3593
3588 4924
3589 3590
3589 3591
3589 3592
3589 3593
3589 3594
3590 3592
3590 3593
3590 3595
3591 3592
3591 3593
3591 3594
3591 3596
3592 3594
3592 3596
3592 4318
3592 3739
3593 3594
3593 3595
3593 3596
3593 3597
3593 3598
3594 3595
3594 3596
3594 3597
3594 3598
3595 3596
3595 3597
3595 3599
3595 3600
3596 3598
3596 3599
3596 3600
3596 3601
3597 3598
3597 3599
3597 3600
3597 3601
3598 3599
3598 3600
3598 3603
3599 3601
3599 3602
3599 3603
3599 3604
3600 3601
3600 3602
3600 3603
3600 3604
3600 3605
3600 4876
3601 3603
3601 3604
3601 3605
3601 3606
3601 3819
3602 3603
3602 3604
3602 3605
3602 3606
3602 3607
3603 3604
3603 3605
3603 3606
3603 3607
3603 3608
3604 3605
3604 3606
3604 3607
3604 3608
3604 3609
3605 3608
3605 3610
3605 4324
3605 4299
3606 3607
3606 3608
3606 3609
3606 3610
3606 3611
3606 4041
3607 3608
3607 3609
3607 3611
3607 3612
3607 3722
3608 3609
3608 3610
3608 3611
3608 3612
3608 4964
3608 4745
3609 3610
3609 3611
3609 3613
3609 3614
3610 3611
3610 3612
3610 3613
3610 3614
3610 3615
3611 3612
3611 3614
3611 3615
3612 3613
3612 3614
3612 3617
3612 4033
3613 3615
3613 3616
3613 3617
3613 3618
3613 3909
3614 3615
3614 3616
3614 3617
3614 3619
3614 4203
3615 3616
3615 3617
3615 3618
3615 3619
3615 3620
3616 3617
3616 3618
3616 3619
3616 3620
3616 3621
3617 3618
3617 3620
3617 3621
3617 3622
3618 3620
3618 3622
3618 3623
3619 3621
3619 3622
3619 3623
3619 3624
3619 4689
3620 3621
3620 3624
3620 4691
3621 3622
3621 3623
3621 3624
3621 3625
3622 3623
3622 3624
3622 3625
3622 3626
3622 3627
3623 3624
3623 3626
3623 3627
3623 3628
3623 4371
3624 3626
3624 3628
3624 3629
3624 4544
3625 3626
3625 3629
3625 4238
3626 3627
3626 3628
3626 3630
3626 4337
3626 4679
3627 3629
3627 3630
3627 3631
3627 3632
3628 3629
3628 3631
3628 4833
3629 3630
3629 3631
3629 3632
3629 3633
3629 3634
3630 3631
3630 3633
3630 3634
3630 3635
3631 3632
3631 3633
3631 3634
3631 3635
3631 4643
3632 3633
3632 3634
3632 3635
3632 3636
3632 3637
3633 3634
3633 3635
3633 3636
3633 3638
3634 3635
3634 3639
3635 3638
3635 3639
3635 3640
3636 3637
3636 3638
3636 3639
3636 3640
3636 3641
3637 3638
3637 3640
3637 3642
3637 4390
3637 4068
3638 3639
3638 3640
3638 3641
3638 3642
3638 3643
3639 3640
3639 3641
3639 3642
3639 3643
3639 3644
3640 3641
3640 3642
3640 3643
3640 3644
3640 3645
3640 4848
3641 3642
3641 3644
3641 3645
3641 3646
3642 3644
3642 3646
3642 3647
3642 4609
3643 3644
3643 3645
3643 3646
3643 3647
3643 3648
3643 3985
3644 3645
3644 3646
3644 3648
3644 3649
3645 3647
3645 3648
3646 3647
3646 3648
3646 3649
3646 3650
3646 3651
3647 3648
3647 3649
3647 3650
3647 3651
3647 3652
3648 3650
3648 3651
3648 3652
3648 4024
3649 3650
3649 3652
3649 3654
3650 3652
3650 3654
3651 3652
3651 3653
3651 3654
3651 3655
3652 3653
3652 3655
3652 3656
3652 3657
3653 3654
3653 3655
3653 3656
3653 3657
3653 3658
3654 3656
3654 3657
3654 3658
3654 3659
3654 3897
3655 3656
3655 3657
3655 3659
3655 3660
3655 4025
3656 3657
3656 3658
3656 3660
3656 3661
3657 3659
3657 3660
3657 3662
3657 4334
3657 4361
3658 3659
3658 3660
3658 3661
3658 3663
3659 3660
3659 3661
3659 3662
3659 3663
3659 3664
3660 3661
3660 3663
3660 3665
3660 4532
3660 3996
3661 3662
3661 3663
3661 3664
3661 3665
3661 3666
3662 3663
3662 3664
3662 3665
3662 3666
3662 3667
3662 3914
3663 3664
3663 3665
3663 3666
3663 3667
3663 3668
3664 3665
3664 3666
3664 3667
3664 3668
3664 3669
3665 3666
3665 3667
3665 3668
3665 3670
3666 3667
3666 3668
3666 3670
3666 3671
3666 4602
3667 3668
3667 3669
3667 3670
3667 3672
3668 3669
3668 3670
3668 3672
3668 4115
3669 3671
3669 3672
3669 3673
3669 3674
3670 3671
3670 3672
3670 3673
3670 3675
3671 3672
3671 3673
3671 3675
3671 3676
3672 3673
3672 3674
3672 3675
3672 4925
3673 3675
3673 3676
3673 3677
3673 3678
3674 3675
3674 3676
3674 3678
3674 4547
3674 4969
3675 3676
3675 3677
3675 3678
3675 3680
3675 4452
3676 3677
3676 3678
3676 3679
3676 3680
3676 3681
3677 3680
3677 3682
3677 4947
3677 3932
3678 3679
3678 3680
3678 3681
3678 3682
3678 4264
3678 3763
3679 3680
3679 3681
3679 3682
3679 3683
3679 3684
3679 3691
3680 3681
3680 3683
3680 3684
3680 3685
3680 4693
3681 3683
3681 3685
3681 3686
3681 4961
3682 3683
3682 3684
3682 3685
3682 3686
3682 3687
3683 3684
3683 3685
3683 3686
3683 3688
3684 3685
3684 3686
3684 3687
3684 3688
3684 3689
3685 3686
3685 3689
3685 4799
3685 4658
3686 3687
3686 3688
3686 3689
3686 3690
3686 3691
3687 3689
3687 3690
3687 3691
3687 4924
3687 4071
3688 3689
3688 3690
3688 3693
3688 4228
3689 3690
3689 3691
3689 3692
3689 3693
3689 3694
3690 3691
3690 3692
3690 3694
3690 3695
3690 4507
3690 4432
3691 3693
3691 3694
3691 3695
3691 3696
3692 3693
3692 3694
3692 3695
3692 3696
3692 3697
3693 3694
3693 3695
3693 3697
3693 3698
3694 3695
3694 3696
3694 3697
3694 3698
3694 3699
3695 3696
3695 3698
3695 3699
3695 3700
3695 4743
3696 3698
3696 3699
3696 3700
3696 3701
3696 4118
3697 3698
3697 3699
3697 3700
3697 3701
3698 3700
3698 3701
3698 3703
3699 3701
3699 3702
3699 3704
3699 3816
3699 3981
3700 3701
3700 3702
3700 3703
3700 3704
3700 3705
3701 3702
3701 3703
3701 3705
3701 3706
3702 3703
3702 3704
3702 4113
3702 4802
3703 3705
3703 3706
3703 3707
3703 4007
3704 3706
3704 3707
3704 3708
3704 3709
3705 3706
3705 3707
3705 3708
3705 3709
3705 3710
3706 3709
3706 3710
3706 3711
3706 3943
3707 3708
3707 3709
3707 3710
3707 3712
3707 4257
3707 4529
3708 3710
3708 3711
3708 3713
3709 3710
3709 3711
3709 3712
3709 3713
3709 3714
3710 3711
3710 3712
3710 3714
3710 3715
3711 3712
3711 3713
3711 3714
3711 3716
3712 3713
3712 3714
3712 3715
3712 3716
3712 3717
3712 4222
3713 3714
3713 3715
3713 3718
3714 3715
3714 3717
3714 3718
3714 3719
3715 3716
3715 3717
3715 3718
3715 3720
3715 4887
3716 3717
3716 3718
3716 3719
3716 3720
3717 3718
3717 3719
3717 3720
3717 3721
3717 3722
3717 4791
3718 3719
3718 3720
3718 3721
3718 3722
3718 3723
3719 3720
3719 3721
3719 3722
3719 3723
3719 3724
3720 3721
3720 3722
3720 3723
3720 3724
3720 3725
3721 3722
3721 3723
3721 3724
3721 3726
3722 3723
3722 3724
3722 3725
3722 3726
3722 3727
3723 3725
3723 3726
3723 3727
3723 3728
3723 4440
3724 3725
3724 3727
3724 3729
3725 3726
3725 3727
3725 3728
3725 3729
3725 3730
3726 3727
3726 3728
3726 3730
3726 3731
3726 4408
3727 3728
3727 3729
3727 3731
3727 3732
3728 3731
3728 3732
3728 3733
3729 3730
3729 3731
3729 3732
3729 3733
3729 3734
3730 3732
3730 3733
3730 4307
3730 3962
3731 3732
3731 3733
3731 3735
3731 3736
3732 3733
3732 3734
3732 3736
3732 3737
3733 3734
3733 3735
3733 3736
3733 3737
3733 3738
3734 3735
3734 3736
3734 3738
3734 3739
3734 4311
3735 3736
3735 3737
3735 3738
3735 3739
3736 3737
3736 3738
3736 3739
3736 3740
3736 3741
3737 3738
3737 3739
3737 3740
3737 3741
3737 3742
3738 3739
3738 3742
3738 3743
3738 4025
3739 3740
3739 3741
3739 3742
3739 3743
3739 3744
3740 3741
3740 3743
3740 3744
3740 3745
3740 4297
3741 3742
3741 3744
3741 3745
3741 3746
3742 3744
3742 3745
3742 3746
3742 3747
3742 4280
3743 3744
3743 3747
3743 3748
3744 3745
3744 3746
3744 3748
3744 3749
3745 3746
3745 3747
3745 3748
3745 3749
3745 3750
3745 4622
3746 3747
3746 3748
3746 3749
3746 3750
3746 3751
3746 3755
3747 3749
3747 3750
3747 3751
3747 4285
3748 3749
3748 3750
3748 3751
3748 3752
3748 3753
3748 4409
3749 3751
3749 3752
3749 3753
3749 3754
3750 3751
3750 3752
3750 3753
3750 3754
3750 3755
3750 3836
3751 3752
3751 3754
3751 3755
3751 3756
3752 3753
3752 3754
3752 3757
3753 3754
3753 3755
3753 3756
3753 3757
3753 3758
3754 3755
3754 3758
3754 3759
3755 3756
3755 3758
3755 3759
3755 3760
3756 3758
3756 3759
3756 3760
3756 3761
3756 4508
3757 3759
3757 3760
3757 3762
3758 3759
3758 3760
3758 3761
3758 3762
3758 3763
3759 3760
3759 3761
3759 3762
3759 3763
3760 3761
3760 3762
3760 3763
3760 3764
3760 3765
3761 3762
3761 3763
3761 3764
3761 3765
3762 3763
3762 3764
3762 3765
3762 3766
3762 3767
3763 3764
3763 3765
3763 3766
3763 3767
3763 3768
3764 3765
3764 3766
3764 3767
3764 3768
3764 3769
3765 3766
3765 3767
3765 3768
3765 3769
3765 3770
3766 3767
3766 3768
3766 3769
3766 3771
3766 4772
3767 3768
3767 3769
3767 3770
3767 3772
3767 4977
3767 4389
3768 3769
3768 3770
3768 3771
3768 3772
3768 3773
3768 4585
3769 3770
3769 3771
3769 3772
3770 3771
3770 3773
3770 3774
3770 3775
3771 3772
3771 3773
3771 3775
3772 3773
3772 3774
3772 3775
3772 3777
3772 4549
3773 3775
3773 3776
3773 3778
3774 3775
3774 3776
3774 3777
3774 3778
3774 3779
3775 3776
3775 3777
3775 3778
3775 3779
3775 4626
3776 3777
3776 3779
3776 3780
3776 3781
3777 3781
3777 3782
3778 3779
3778 3780
3778 3781
3778 3782
3778 4364
3779 3780
3779 3783
3779 3784
3779 4691
3780 3781
3780 3783
3780 3784
3780 3785
3781 3782
3781 3783
3781 3784
3781 3785
3781 3786
3782 3783
3782 3784
3782 3785
3782 3786
3782 3787
3783 3784
3783 3785
3783 3786
3783 3787
3784 3785
3784 3786
3784 3787
3784 4198
3784 4611
3785 3786
3785 3787
3785 3788
3785 3789
3785 3790
3786 3787
3786 3789
3786 3790
3786 4288
3787 3788
3787 3789
3787 3790
3787 3791
3787 4834
3787 3809
3788 3789
3788 3793
3788 3872
3789 3790
3789 3793
3789 3794
3790 3791
3790 3792
3790 3793
3790 3794
3790 3795
3791 3792
3791 3793
3791 3794
3791 3795
3791 4543
3792 3793
3792 3794
3792 3795
3792 3796
3793 3794
3793 3795
3793 3796
3793 3797
3793 3798
3793 4902
3794 3795
3794 3796
3794 3797
3794 3798
3794 3799
3795 3796
3795 3797
3795 3800
3796 3797
3796 3798
3796 3799
3796 3800
3797 3798
3797 3799
3797 3800
3797 3801
3797 3802
3797 3826
3798 3799
3798 3800
3798 3803
3799 3800
3799 3801
3799 3802
3799 3803
3799 3804
3800 3801
3800 3803
3800 3804
3800 3805
3800 4119
3801 3802
3801 3803
3801 3804
3801 3805
3801 3806
3802 3803
3802 3804
3802 3805
3802 3806
3802 3807
3803 3804
3803 3805
3803 3807
3804 3806
3804 3807
3804 3808
3804 4909
3805 3806
3805 3807
3805 3808
3805 3809
3805 3810
3806 3808
3806 3809
3806 3810
3806 3811
3806 4817
3807 3809
3807 3811
3807 3812
3807 3869
3807 3835
3808 3810
3808 3811
3808 3812
3808 3813
3809 3810
3809 3811
3809 3812
3809 4094
3810 3811
3810 3814
3811 3812
3811 3815
3811 3816
3811 4735
3812 3813
3812 3814
3812 3815
3812 3817
3812 4391
3813 3814
3813 3815
3813 3816
3813 3817
3813 3818
3814 3815
3814 3816
3814 3817
3814 3818
3814 3819
3815 3816
3815 3817
3815 3818
3815 3819
3815 3820
3816 3817
3816 3818
3816 3819
3816 3820
3816 3821
3817 3818
3817 3821
3817 4454
3818 3819
3818 3821
3818 3823
3818 3872
3819 3820
3819 3821
3819 3822
3819 3823
3819 4223
3820 3821
3820 3822
3820 3823
3820 3824
3820 4047
3820 4628
3820 4307
3820 4890
3821 3822
3821 3823
3821 3824
3821 3826
3821 4894
3821 4302
3822 3823
3822 3824
3822 3825
3822 3826
3822 3827
3823 3824
3823 3825
3823 3826
3823 3827
3823 4790
3824 3825
3824 3826
3824 3829
3825 3827
3825 3828
3825 3829
3825 3830
3826 3828
3826 3830
3826 3831
3827 3828
3827 3829
3827 3830
3827 3831
3828 3829
3828 3830
3828 3831
3828 3832
3828 3833
3829 3830
3829 3831
3829 3832
3829 3833
3829 3834
3830 3831
3830 3833
3830 3834
3830 3835
3830 4667
3831 3833
3831 3834
3831 3835
3831 3836
3832 3833
3832 3834
3832 3835
3832 3836
3832 3837
3833 3836
3833 3837
3833 3838
3833 4252
3834 3835
3834 3836
3834 3837
3834 3838
3834 3839
3835 3836
3835 3837
3835 3838
3835 3839
3835 4074
3836 3837
3836 3838
3836 3840
3836 3841
3837 3838
3837 3839
3837 3841
3837 3842
3837 4392
3838 3839
3838 3840
3838 3841
3838 3842
3838 3843
3839 3842
3839 3843
3839 3844
3839 4949
3839 4840
3839 4434
3840 3841
3840 3842
3840 3843
3840 3844
3840 3845
3840 4193
3841 3842
3841 3843
3841 3845
3841 3846
3842 3843
3842 3844
3842 3845
3842 3847
3843 3844
3843 3846
3843 3848
3843 4427
3843 4789
3844 3845
3844 3846
3844 3847
3844 3848
3844 3849
3845 3846
3845 3847
3845 3848
3845 3849
3845 3850
3845 4209
3846 3847
3846 3848
3846 3849
3846 3850
3846 4421
3847 3848
3847 3850
3847 3851
3847 3852
3848 3849
3848 3850
3848 3851
3848 3853
3848 4463
3849 3850
3849 3851
3849 3852
3849 3853
3849 3854
3849 4792
3850 3851
3850 3852
3850 3853
3850 3854
3850 3855
3851 3853
3851 3854
3851 3855
3851 3856
3852 3853
3852 3854
3852 3855
3852 3856
3852 3857
3853 3854
3853 3855
3853 3856
3853 3858
3854 3856
3854 3857
3854 3858
3854 3859
3855 3857
3855 3858
3855 3859
3855 4953
3855 4397
3856 3857
3856 3858
3856 3859
3856 3860
3856 3861
3857 3858
3857 3859
3857 3860
3857 3861
3857 3862
3858 3859
3858 3860
3858 3861
3858 3862
3858 3863
3859 3860
3859 3861
3859 3862
3859 3863
3859 3864
3860 3861
3860 3862
3860 3863
3860 3864
3860 3865
3861 3862
3861 3863
3861 3864
3861 3865
3861 3866
3862 3863
3862 3864
3862 3865
3862 3866
3862 3867
3863 3864
3863 3865
3863 3866
3863 3867
3863 3868
3864 3865
3864 3866
3864 3867
3864 3868
3864 3869
3865 3866
3865 3867
3865 3868
3865 3869
3865 3870
3866 3867
3866 3868
3866 3869
3866 3870
3866 3871
3867 3868
3867 3869
3867 3870
3867 3871
3867 3872
3867 4785
3868 3869
3868 3870
3868 3871
3868 3872
3868 3873
3869 3870
3869 3872
3869 3873
3869 3874
3870 3871
3870 3872
3870 3875
3871 3872
3871 3873
3871 3875
3871 3876
3872 3873
3872 3875
3872 3876
3872 3877
3872 4380
3873 3874
3873 3875
3873 3876
3873 3877
3873 3878
3873 4392
3874 3875
3874 3876
3874 3877
3874 3878
3874 3879
3874 3938
3875 3877
3875 3878
3875 3879
3875 3880
3875 4893
3876 3877
3876 3878
3876 3879
3876 3880
3876 3881
3876 4122
3877 3878
3877 3880
3877 3881
3877 3882
3877 4793
3878 3880
3878 3882
3878 3883
3879 3880
3879 3881
3879 3882
3879 3883
3879 3884
3880 3881
3880 3882
3880 3883
3880 3884
3880 3885
3881 3882
3881 3883
3881 3884
3881 3885
3881 3886
3882 3883
3882 3885
3882 3886
3882 3887
3883 3884
3883 3885
3883 3886
3883 3887
3883 3888
3884 3886
3884 3887
3884 3888
3884 3889
3885 3887
3885 3888
3885 3890
3886 3887
3886 3888
3886 3889
3886 3890
3886 3891
3887 3888
3887 3889
3887 3891
3888 3889
3888 3890
3888 3891
3888 3892
3889 3890
3889 3891
3889 3892
3889 3893
3889 3894
3890 3891
3890 3892
3890 3894
3890 3895
3890 4564
3891 3892
3891 3893
3891 3894
3891 3895
3891 3896
3892 3893
3892 3895
3892 3896
3892 3897
3893 3894
3893 3895
3893 3896
3893 3897
3893 3898
3894 3895
3894 3896
3894 3897
3894 3898
3894 3899
3895 3896
3895 3897
3895 3898
3895 3900
3895 4295
3896 3898
3896 3899
3896 3900
3896 3901
3897 3898
3897 3899
3897 3900
3897 3901
3897 3902
3897 4885
3898 3900
3898 3901
3898 3903
3898 4988
3899 3900
3899 3901
3899 3903
3899 3904
3899 4143
3900 3901
3900 3902
3900 3903
3900 3904
3900 3905
3901 3902
3901 3903
3901 3904
3901 3905
3901 3906
3902 3905
3902 3906
3902 3907
3903 3904
3903 3905
3903 3906
3903 3908
3903 4781
3904 3905
3904 3906
3904 3907
3904 3908
3904 3909
3905 3906
3905 3908
3905 3909
3905 3910
3906 3907
3906 3908
3906 3909
3906 3910
3906 3911
3906 4832
3907 3909
3907 3910
3907 3911
3907 4836
3907 4234
3907 4606
3908 3910
3908 3912
3908 4020
3909 3910
3909 3911
3909 3914
3910 3911
3910 3912
3910 3913
3910 3914
3910 3915
3911 3912
3911 3914
3911 4486
3912 3913
3912 3915
3912 3916
3912 3917
3912 4443
3913 3914
3913 3915
3913 3916
3913 3917
3913 4762
3914 3915
3914 3916
3914 3917
3914 3918
3915 3916
3915 3917
3915 3918
3915 3919
3916 3917
3916 3919
3916 3920
3916 3921
3917 3918
3917 3919
3917 3920
3917 3921
3917 3922
3917 4830
3918 3919
3918 3920
3918 3921
3918 3922
3919 3921
3919 3922
3919 3923
3919 3924
3919 4704
3920 3921
3920 3922
3920 3923
3920 3924
3920 3925
3921 3922
3921 3923
3921 3924
3921 3925
3921 3926
3922 3923
3922 3924
3922 3926
3922 3927
3923 3924
3923 3925
3923 3926
3923 3927
3923 3928
3924 3925
3924 3926
3924 3927
3924 3928
3924 3929
3925 3928
3925 3929
3925 3930
3925 4336
3926 3927
3926 3928
3926 3929
3926 3930
3926 3931
3927 3928
3927 3929
3927 3930
3927 3931
3927 3932
3927 4895
3928 3929
3928 3930
3928 3931
3928 3932
3928 3933
3929 3931
3929 3933
3929 3934
3930 3933
3930 3934
3930 3935
3931 3932
3931 3933
3931 3934
3931 3935
3931 3936
3931 4395
3932 3933
3932 3935
3932 3936
3932 3937
3933 3934
3933 3936
3933 3937
3933 3938
3933 4766
3934 3936
3934 3937
3934 3938
3934 3939
3935 3936
3935 3938
3935 3940
3935 4407
3935 4284
3936 3938
3936 3939
3936 3940
3936 3941
3936 4689
3937 3938
3937 3939
3937 3941
3937 3942
3938 3941
3938 3942
3938 3943
3938 4410
3939 3940
3939 3941
3939 3942
3939 3943
3939 3944
3940 3941
3940 3942
3940 3943
3940 3944
3940 3945
3941 3943
3941 3944
3941 3945
3941 3946
3942 3943
3942 3944
3942 3945
3942 3946
3942 3947
3943 3944
3943 3946
3943 3948
3943 4001
3944 3945
3944 3946
3944 3948
3944 3949
3944 4094
3944 4651
3945 3946
3945 3947
3945 3948
3945 3949
3945 3950
3946 3947
3946 3948
3946 3950
3946 3951
3947 3948
3947 3949
3947 3950
3947 3952
3947 4616
3948 3949
3948 3950
3948 3951
3948 3952
3948 3953
3949 3950
3949 3951
3949 3952
3949 3953
3949 3954
3950 3952
3950 3953
3950 3954
3950 3955
3951 3952
3951 3954
3951 3955
3951 3956
3952 3953
3952 3954
3952 3955
3952 3956
3952 3957
3953 3954
3953 3956
3953 3957
3953 3958
3953 4631
3954 3955
3954 3957
3954 3958
3954 3959
3955 3956
3955 3957
3955 3958
3955 3959
3956 3957
3956 3958
3956 3959
3956 3960
3957 3958
3957 3959
3957 3960
3957 3961
3957 3962
3958 3959
3958 3960
3958 3961
3958 3962
3958 3963
3958 4345
3959 3960
3959 3961
3959 3962
3959 3963
3959 3964
3960 3961
3960 3962
3960 3963
3960 3965
3961 3962
3961 3963
3961 3965
3961 3966
3962 3964
3962 3966
3962 3967
3962 4376
3962 4605
3963 3964
3963 3965
3963 3966
3963 3967
3964 3965
3964 3966
3964 3968
3964 3969
3964 4036
3965 3966
3965 3967
3965 3969
3966 3967
3966 3968
3966 3969
3966 3970
3966 3971
3967 3969
3967 3970
3967 3971
3967 3972
3968 3969
3968 3970
3968 3971
3968 3972
3968 3973
3968 4942
3969 3971
3969 3972
3969 3973
3969 3974
3969 4417
3970 3972
3970 3973
3970 3974
3970 3975
3971 3972
3971 3973
3971 3974
3971 3976
3972 3973
3972 3974
3972 3976
3972 3977
3973 3974
3973 3976
3973 3977
3973 3978
3973 4847
3973 3975
3974 3975
3974 3976
3974 3977
3974 3979
3974 4012
3975 3976
3975 3977
3975 3978
3975 3979
3975 4585
3976 3977
3976 3978
3976 3980
3976 3981
3977 3978
3977 3979
3977 3980
3977 3981
3977 3982
3977 3985
3978 3979
3978 3980
3978 3981
3978 3983
3978 4093
3978 4278
3979 3980
3979 3981
3979 3983
3979 3984
3979 4863
3980 3981
3980 3982
3980 3983
3980 3984
3980 3985
3981 3982
3981 3984
3981 3985
3981 3986
3982 3983
3982 3984
3982 3985
3982 3986
3983 3984
3983 3985
3983 3986
3983 3988
3984 3985
3984 3986
3984 3988
3984 3989
3985 3988
3985 3989
3986 3987
3986 3989
3986 3990
3986 3991
3987 3988
3987 3990
3987 3991
3987 4378
3988 3989
3988 3990
3988 3992
3988 3993
3989 3990
3989 3993
3989 3994
3990 3991
3990 3993
3991 3992
3991 3993
3991 3994
3991 3995
3991 4534
3992 3993
3992 3994
3992 3995
3992 3996
3992 3997
3992 4210
3993 3994
3993 3995
3993 3996
3993 3997
3993 3998
3993 4905
3994 3995
3994 3998
3994 4332
3994 4538
3995 3996
3995 3997
3995 3998
3995 3999
3995 4000
3996 3999
3997 3998
3997 3999
3997 4000
3997 4001
3997 4002
3997 4113
3998 3999
3998 4000
3998 4001
3998 4002
3998 4003
3999 4000
3999 4001
3999 4002
3999 4003
3999 4004
4000 4001
4000 4002
4000 4003
4000 4004
4000 4005
4001 4004
4001 4005
4001 4006
4002 4003
4002 4004
4002 4006
4002 4007
4003 4004
4003 4005
4003 4006
4003 4008
4004 4006
4004 4007
4004 4009
4005 4006
4005 4007
4005 4008
4005 4010
4005 4844
4005 4921
4006 4007
4006 4008
4006 4009
4006 4010
4006 4011
4007 4008
4007 4009
4007 4010
4007 4011
4007 4012
4007 4330
4008 4009
4008 4010
4008 4012
4008 4013
4008 4392
4009 4010
4009 4011
4009 4012
4009 4014
4010 4011
4010 4012
4010 4013
4010 4014
4010 4015
4011 4012
4011 4013
4012 4013
4012 4015
4012 4016
4012 4017
4013 4014
4013 4015
4013 4016
4013 4018
4013 4105
4014 4015
4014 4016
4014 4017
4014 4019
4015 4019
4015 4020
4015 4376
4016 4017
4016 4018
4016 4019
4016 4021
4016 4921
4017 4018
4017 4019
4017 4021
4017 4342
4018 4019
4018 4021
4018 4022
4019 4020
4019 4021
4019 4022
4019 4023
4019 4024
4019 4526
4020 4021
4020 4022
4020 4025
4021 4022
4021 4023
4021 4024
4021 4025
4021 4026
4022 4023
4022 4024
4022 4025
4022 4026
4022 4027
4022 4487
4022 4684
4023 4024
4023 4025
4023 4026
4023 4027
4023 4028
4024 4025
4024 4026
4024 4027
4024 4028
4024 4029
4025 4027
4025 4029
4025 4030
4026 4027
4026 4028
4026 4030
4026 4627
4027 4028
4027 4029
4027 4030
4027 4031
4027 4032
4028 4029
4028 4030
4028 4033
4028 4685
4029 4030
4029 4031
4029 4032
4029 4033
4029 4034
4030 4031
4030 4032
4030 4033
4030 4034
4030 4035
4031 4034
4031 4035
4031 4036
4032 4033
4032 4034
4032 4036
4032 4037
4033 4034
4033 4035
4033 4036
4033 4037
4033 4038
4034 4036
4034 4037
4034 4039
4035 4036
4035 4037
4035 4038
4035 4039
4035 4040
4036 4037
4036 4039
4036 4040
4036 4041
4036 4348
4037 4038
4037 4039
4037 4040
4037 4041
4037 4042
4038 4039
4038 4040
4038 4041
4038 4042
4038 4043
4039 4040
4039 4041
4039 4042
4039 4043
4039 4044
4040 4041
4040 4043
4040 4044
4040 4299
4041 4042
4041 4043
4041 4045
4041 4046
4041 4396
4042 4043
4042 4044
4042 4045
4042 4046
4043 4045
4043 4046
4043 4047
4043 4048
4044 4046
4044 4047
4045 4046
4045 4047
4045 4048
4045 4050
4046 4047
4046 4048
4046 4049
4046 4050
4046 4788
4047 4049
4047 4050
4047 4051
4047 4052
4047 4056
4048 4049
4048 4051
4048 4052
4048 4053
4049 4050
4049 4051
4049 4052
4049 4053
4049 4054
4050 4051
4050 4052
4050 4053
4050 4054
4050 4055
4051 4052
4051 4054
4051 4055
4051 4056
4052 4053
4052 4054
4052 4056
4052 4057
4052 4447
4053 4055
4053 4056
4053 4057
4053 4058
4054 4055
4054 4056
4054 4058
4054 4059
4054 4427
4055 4056
4055 4057
4055 4058
4055 4060
4055 4876
4056 4057
4056 4058
4056 4061
4057 4058
4057 4059
4057 4060
4057 4061
4058 4059
4058 4060
4058 4061
4058 4062
4058 4063
4059 4061
4059 4062
4059 4063
4059 4064
4059 4794
4060 4061
4060 4062
4060 4064
4060 4065
4061 4063
4061 4064
4061 4984
4062 4063
4062 4064
4062 4065
4062 4066
4062 4067
4063 4064
4063 4065
4063 4066
4063 4067
4063 4068
4064 4067
4064 4068
4065 4067
4065 4068
4065 4069
4065 4070
4066 4068
4066 4069
4066 4070
4066 4071
4067 4068
4067 4069
4067 4070
4067 4071
4068 4069
4068 4070
4068 4071
4068 4073
4069 4070
4069 4072
4069 4073
4069 4074
4070 4071
4070 4072
4070 4073
4070 4074
4070 4075
4070 4665
4071 4072
4071 4073
4071 4074
4071 4075
4071 4076
4072 4074
4072 4075
4072 4076
4072 4077
4072 4833
4072 4515
4073 4074
4073 4076
4073 4077
4073 4078
4074 4075
4074 4077
4074 4078
4074 4079
4075 4076
4075 4078
4075 4079
4075 4080
4076 4078
4076 4079
4076 4080
4076 4081
4077 4078
4077 4079
4077 4080
4077 4081
4077 4082
4078 4079
4078 4080
4078 4081
4078 4082
4078 4083
4079 4080
4079 4083
4079 4084
4080 4081
4080 4082
4080 4085
4080 4727
4081 4082
4081 4083
4081 4084
4081 4085
4081 4086
4082 4083
4082 4084
4082 4085
4082 4086
4082 4087
4083 4084
4083 4085
4083 4086
4083 4087
4083 4088
4083 4568
4084 4085
4084 4086
4084 4087
4084 4088
4084 4089
4084 4238
4085 4087
4085 4088
4085 4089
4086 4087
4086 4089
4086 4091
4087 4088
4087 4089
4087 4091
4087 4092
4088 4089
4088 4090
4088 4091
4088 4092
4089 4090
4089 4092
4089 4094
4089 4390
4090 4091
4090 4092
4090 4093
4090 4094
4091 4092
4091 4093
4091 4096
4091 4645
4092 4093
4092 4094
4092 4096
4092 4097
4093 4094
4093 4095
4093 4096
4094 4096
4094 4097
4094 4098
4094 4099
4095 4097
4095 4098
4095 4099
4095 4100
4096 4098
4096 4099
4096 4100
4096 4101
4097 4098
4097 4100
4097 4101
4097 4102
4097 4879
4098 4099
4098 4101
4098 4102
4098 4706
4099 4100
4099 4102
4099 4103
4099 4104
4100 4101
4100 4102
4100 4103
4100 4104
4100 4105
4100 4737
4101 4102
4101 4103
4101 4105
4101 4106
4101 4692
4102 4103
4102 4104
4102 4105
4102 4106
4103 4105
4103 4106
4103 4107
4103 4108
4104 4106
4104 4107
4104 4108
4104 4109
4104 4263
4105 4109
4105 4110
4106 4107
4106 4108
4106 4109
4106 4110
4106 4111
4107 4108
4107 4109
4107 4111
4107 4112
4108 4109
4108 4110
4108 4111
4108 4113
4109 4111
4109 4112
4109 4388
4110 4112
4110 4113
4110 4114
4110 4115
4110 4521
4111 4112
4111 4113
4111 4114
4111 4115
4111 4116
4112 4113
4112 4114
4112 4115
4112 4117
4113 4114
4113 4115
4113 4117
4113 4118
4114 4115
4114 4116
4114 4117
4114 4118
4114 4119
4115 4116
4115 4117
4115 4118
4115 4119
4115 4120
4115 4261
4116 4117
4116 4118
4116 4119
4116 4120
4117 4118
4117 4119
4117 4120
4117 4121
4117 4789
4118 4119
4118 4120
4118 4121
4118 4122
4118 4123
4119 4120
4119 4121
4119 4122
4119 4123
4120 4121
4120 4122
4120 4123
4120 4125
4120 4563
4120 4611
4121 4123
4122 4123
4122 4124
4122 4125
4122 4662
4122 4677
4123 4124
4123 4126
4123 4127
4123 4754
4123 4548
4124 4125
4124 4126
4124 4127
4124 4128
4125 4126
4125 4127
4125 4128
4125 4129
4125 4130
4125 4147
4126 4127
4126 4128
4126 4130
4127 4128
4127 4129
4127 4130
4127 4131
4127 4132
4127 4874
4128 4130
4128 4131
4128 4132
4128 4133
4129 4131
4129 4132
4129 4133
4129 4134
4130 4131
4130 4132
4130 4133
4130 4134
4130 4135
4131 4132
4131 4133
4131 4134
4131 4135
4131 4136
4132 4133
4132 4134
4132 4136
4132 4137
4133 4134
4133 4135
4133 4136
4133 4137
4133 4138
4134 4135
4134 4136
4134 4137
4134 4139
4135 4136
4135 4137
4135 4138
4136 4137
4136 4139
4136 4140
4136 4141
4136 4463
4137 4139
4137 4140
4137 4141
4137 4142
4138 4139
4138 4140
4138 4141
4138 4142
4138 4143
4139 4141
4139 4142
4139 4143
4139 4144
4140 4141
4140 4142
4140 4143
4140 4144
4141 4142
4141 4143
4141 4146
4141 4282
4142 4144
4142 4145
4142 4146
4142 4795
4143 4144
4143 4145
4143 4147
4143 4148
4144 4145
4144 4146
4144 4147
4144 4148
4144 4149
4145 4146
4145 4147
4145 4148
4145 4149
4145 4150
4146 4147
4146 4148
4146 4149
4146 4150
4146 4151
4146 4648
4147 4149
4147 4151
4148 4149
4148 4150
4148 4151
4148 4152
4148 4153
4149 4151
4149 4152
4149 4153
4150 4151
4150 4152
4150 4154
4150 4155
4150 4329
4151 4152
4151 4153
4151 4154
4151 4155
4151 4156
4152 4153
4152 4154
4153 4154
4153 4155
4153 4156
4153 4157
4153 4158
4154 4155
4154 4156
4154 4157
4154 4158
4154 4159
4155 4156
4155 4157
4155 4158
4155 4159
4155 4160
4156 4157
4156 4158
4156 4159
4156 4160
4157 4159
4157 4160
4157 4162
4157 4879
4158 4159
4158 4160
4158 4162
4158 4163
4158 4837
4159 4160
4159 4162
4159 4163
4159 4164
4160 4161
4160 4162
4160 4163
4160 4164
4160 4165
4160 4316
4161 4162
4161 4164
4161 4165
4161 4166
4161 4295
4161 4815
4161 4588
4162 4163
4162 4164
4162 4165
4162 4167
4162 4286
4162 4444
4163 4164
4163 4165
4163 4166
4163 4167
4163 4168
4163 4760
4164 4165
4164 4166
4164 4167
4164 4168
4165 4166
4165 4168
4165 4169
4165 4170
4166 4167
4166 4168
4166 4169
4166 4170
4166 4171
4167 4168
4167 4169
4167 4171
4167 4172
4167 4964
4168 4169
4168 4170
4168 4171
4168 4172
4168 4173
4169 4170
4169 4172
4169 4174
4170 4171
4170 4172
4170 4173
4170 4175
4171 4174
4171 4175
4171 4291
4172 4174
4172 4175
4172 4176
4172 4177
4173 4174
4173 4175
4173 4176
4173 4177
4173 4178
4174 4175
4174 4176
4174 4177
4174 4178
4174 4179
4175 4176
4175 4177
4175 4178
4175 4179
4175 4180
4176 4178
4176 4180
4176 4181
4176 4833
4177 4178
4177 4179
4177 4180
4177 4181
4177 4182
4178 4179
4178 4181
4178 4182
4178 4183
4178 4707
4179 4181
4179 4182
4179 4183
4179 4184
4180 4182
4180 4183
4180 4184
4180 4185
4181 4182
4181 4183
4181 4184
4181 4185
4181 4186
4181 4782
4182 4184
4182 4185
4182 4186
4182 4187
4183 4184
4183 4186
4183 4188
4183 4496
4183 4691
4184 4185
4184 4186
4184 4187
4185 4187
4185 4188
4185 4189
4185 4190
4186 4187
4186 4188
4186 4189
4186 4191
4186 4509
4187 4188
4187 4189
4187 4190
4187 4191
4187 4236
4188 4189
4188 4190
4188 4191
4188 4193
4188 4334
4189 4190
4189 4191
4189 4192
4189 4193
4190 4193
4190 4194
4190 4195
4190 4447
4191 4192
4191 4194
4191 4195
4191 4196
4192 4193
4192 4194
4192 4195
4192 4196
4192 4197
4193 4195
4193 4197
4193 4198
4193 4710
4194 4195
4194 4196
4194 4198
4195 4196
4195 4198
4195 4199
4195 4200
4196 4197
4196 4198
4196 4199
4196 4200
4197 4198
4197 4199
4197 4200
4197 4201
4197 4202
4198 4199
4198 4200
4198 4201
4198 4202
4198 4203
4199 4200
4199 4201
4199 4202
4199 4203
4200 4201
4200 4202
4200 4205
4200 4782
4201 4202
4201 4203
4201 4204
4201 4205
4201 4206
4202 4203
4202 4204
4202 4205
4202 4206
4202 4207
4203 4204
4203 4205
4203 4207
4203 4208
4203 4251
4204 4205
4204 4206
4204 4207
4204 4208
4204 4209
4205 4206
4205 4207
4205 4208
4206 4210
4206 4211
4206 4220
4207 4208
4207 4209
4207 4210
4207 4211
4208 4209
4208 4210
4208 4213
4208 4600
4209 4210
4209 4211
4209 4212
4209 4213
4210 4211
4210 4212
4210 4214
4210 4215
4210 4361
4211 4212
4211 4213
4211 4215
4211 4216
4212 4213
4212 4214
4212 4215
4212 4216
4212 4217
4213 4214
4213 4215
4213 4216
4213 4217
4213 4218
4214 4215
4214 4217
4214 4218
4214 4219
4215 4216
4215 4217
4215 4218
4215 4219
4215 4220
4216 4217
4216 4218
4216 4219
4216 4221
4216 4419
4217 4218
4217 4219
4217 4221
4217 4222
4217 4536
4218 4219
4218 4220
4218 4222
4219 4220
4219 4221
4219 4222
4219 4223
4219 4224
4220 4221
4220 4222
4220 4223
4220 4224
4220 4225
4221 4222
4221 4223
4221 4224
4221 4225
4221 4226
4222 4224
4222 4225
4222 4226
4222 4227
4223 4224
4223 4225
4223 4226
4223 4227
4223 4228
4223 4515
4224 4226
4224 4227
4224 4228
4224 4229
4225 4227
4225 4229
4225 4230
4226 4227
4226 4228
4226 4230
4226 4231
4226 4262
4227 4228
4227 4229
4227 4230
4227 4231
4227 4232
4228 4230
4228 4231
4228 4232
4228 4233
4229 4230
4229 4231
4229 4232
4229 4233
4230 4232
4230 4233
4230 4234
4230 4235
4231 4232
4231 4233
4231 4234
4231 4235
4231 4236
4232 4233
4232 4235
4232 4236
4233 4234
4233 4235
4233 4236
4233 4237
4233 4238
4234 4236
4234 4237
4234 4238
4234 4239
4235 4236
4235 4237
4235 4238
4235 4240
4236 4237
4236 4238
4236 4240
4236 4241
4236 4425
4237 4238
4237 4239
4237 4241
4237 4242
4237 4589
4238 4240
4238 4242
4238 4243
4239 4240
4239 4241
4239 4243
4239 4244
4239 4682
4240 4241
4240 4242
4240 4243
4240 4244
4240 4245
4241 4242
4241 4243
4241 4244
4241 4245
4241 4246
4241 4975
4242 4243
4242 4244
4242 4245
4242 4246
4242 4525
4243 4246
4243 4247
4243 4248
4244 4245
4244 4246
4244 4247
4244 4248
4245 4246
4245 4247
4245 4248
4245 4249
4245 4250
4246 4248
4246 4249
4246 4250
4246 4251
4246 4291
4247 4249
4247 4250
4247 4251
4247 4252
4247 4563
4248 4249
4248 4251
4248 4252
4248 4253
4249 4250
4249 4251
4249 4252
4249 4253
4249 4254
4250 4251
4250 4252
4250 4253
4250 4255
4251 4252
4251 4253
4251 4254
4251 4453
4252 4253
4252 4254
4252 4255
4252 4257
4253 4254
4253 4255
4253 4256
4253 4257
4253 4258
4254 4255
4254 4256
4254 4257
4254 4259
4255 4258
4255 4259
4255 4260
4256 4258
4256 4260
4256 4261
4256 4426
4256 4329
4257 4258
4257 4259
4257 4260
4257 4262
4258 4260
4258 4261
4258 4262
4258 4263
4258 4671
4259 4260
4259 4262
4259 4263
4259 4264
4260 4261
4260 4262
4260 4264
4260 4265
4261 4262
4261 4263
4261 4265
4261 4266
4262 4263
4262 4264
4262 4266
4262 4267
4263 4265
4263 4266
4263 4267
4264 4265
4264 4267
4264 4268
4264 4269
4265 4267
4265 4268
4265 4269
4265 4270
4265 4492
4265 4580
4266 4267
4266 4268
4266 4269
4266 4270
4266 4271
4267 4268
4267 4270
4267 4463
4268 4269
4268 4270
4268 4271
4268 4272
4268 4273
4269 4270
4269 4271
4269 4272
4269 4273
4269 4274
4270 4271
4270 4272
4270 4273
4270 4274
4271 4272
4271 4273
4271 4274
4271 4275
4271 4276
4272 4273
4272 4274
4272 4276
4272 4277
4273 4274
4273 4275
4273 4276
4273 4277
4273 4278
4274 4275
4274 4277
4274 4278
4274 4279
4274 4815
4275 4276
4275 4277
4275 4279
4275 4280
4276 4277
4276 4278
4276 4279
4276 4280
4276 4281
4277 4278
4277 4280
4277 4282
4278 4280
4278 4281
4278 4282
4278 4664
4279 4280
4279 4281
4279 4282
4279 4284
4280 4282
4280 4283
4280 4285
4281 4282
4281 4283
4281 4284
4281 4285
4281 4286
4281 4945
4282 4283
4282 4284
4282 4286
4282 4287
4283 4284
4283 4285
4283 4288
4283 4362
4284 4285
4284 4286
4284 4287
4284 4288
4285 4286
4285 4287
4285 4289
4285 4290
4286 4287
4286 4288
4286 4289
4287 4288
4287 4289
4287 4290
4287 4292
4288 4289
4288 4290
4288 4291
4288 4293
4289 4290
4289 4291
4289 4292
4289 4293
4289 4294
4290 4293
4290 4294
4290 4295
4291 4292
4291 4293
4291 4294
4291 4295
4291 4296
4292 4294
4292 4295
4292 4296
4292 4297
4293 4294
4293 4295
4293 4296
4293 4297
4293 4298
4294 4295
4294 4296
4294 4297
4294 4298
4294 4299
4295 4296
4295 4297
4295 4298
4295 4299
4296 4297
4296 4300
4296 4301
4297 4298
4297 4299
4297 4300
4297 4301
4297 4302
4298 4300
4298 4301
4298 4303
4299 4301
4299 4302
4299 4304
4300 4302
4300 4303
4300 4304
4300 4305
4301 4302
4301 4304
4301 4305
4301 4306
4302 4303
4302 4304
4302 4305
4302 4306
4302 4307
4303 4305
4303 4306
4303 4307
4304 4305
4304 4306
4304 4307
4304 4308
4304 4309
4305 4306
4305 4308
4305 4310
4305 4605
4306 4307
4306 4308
4306 4309
4306 4310
4306 4311
4307 4308
4307 4309
4307 4311
4307 4312
4308 4309
4308 4310
4308 4311
4308 4312
4308 4313
4308 4985
4309 4310
4309 4311
4309 4312
4309 4313
4310 4312
4310 4315
4311 4312
4311 4313
4311 4315
4311 4316
4312 4313
4312 4314
4312 4316
4312 4317
4312 4810
4312 4839
4313 4314
4313 4315
4313 4317
4313 4318
4314 4315
4314 4316
4314 4317
4314 4319
4314 4562
4315 4317
4315 4318
4315 4319
4315 4320
4316 4317
4316 4318
4316 4319
4316 4321
4317 4318
4317 4319
4317 4320
4317 4321
4317 4322
4318 4319
4318 4320
4318 4322
4318 4323
4319 4320
4319 4321
4319 4322
4319 4324
4320 4321
4320 4323
4320 4324
4320 4325
4320 4905
4321 4322
4321 4323
4321 4325
4321 4326
4321 4947
4322 4323
4322 4324
4322 4325
4322 4326
4322 4327
4323 4324
4323 4325
4323 4327
4323 4373
4324 4325
4324 4326
4324 4327
4324 4328
4324 4329
4325 4327
4325 4328
4325 4329
4325 4330
4326 4327
4326 4329
4326 4330
4327 4328
4327 4329
4327 4332
4328 4329
4328 4330
4328 4331
4328 4332
4328 4333
4329 4331
4330 4331
4330 4332
4330 4333
4330 4335
4331 4333
4331 4335
4331 4336
4332 4335
4332 4336
4332 4337
4333 4334
4333 4335
4333 4337
4333 4338
4334 4335
4334 4336
4334 4337
4334 4338
4334 4339
4335 4336
4335 4338
4335 4339
4335 4545
4336 4337
4336 4338
4336 4339
4336 4340
4336 4341
4337 4338
4337 4339
4337 4340
4337 4342
4338 4341
4338 4342
4338 4343
4339 4340
4339 4341
4339 4342
4339 4343
4339 4344
4340 4341
4340 4342
4340 4343
4340 4344
4340 4345
4341 4343
4341 4344
4341 4345
4341 4346
4342 4344
4342 4346
4342 4347
4343 4344
4343 4345
4343 4347
4343 4348
4344 4345
4344 4346
4344 4347
4344 4348
4344 4349
4345 4346
4345 4347
4345 4348
4345 4350
4346 4347
4346 4348
4346 4349
4346 4350
4346 4351
4347 4348
4347 4351
4347 4352
4347 4823
4348 4349
4348 4353
4349 4350
4349 4352
4349 4353
4349 4354
4350 4352
4350 4354
4351 4352
4351 4353
4351 4354
4351 4355
4351 4356
4351 4898
4352 4353
4352 4354
4352 4356
4352 4357
4353 4355
4353 4356
4353 4357
4353 4358
4354 4355
4354 4356
4354 4357
4354 4358
4354 4359
4355 4356
4355 4357
4355 4358
4355 4359
4355 4360
4356 4357
4356 4359
4356 4360
4356 4361
4356 4362
4357 4358
4357 4359
4357 4360
4357 4361
4357 4362
4358 4359
4358 4360
4358 4361
4358 4362
4358 4363
4359 4360
4359 4361
4359 4362
4359 4363
4360 4361
4360 4363
4360 4364
4360 4365
4361 4364
4361 4366
4362 4363
4362 4364
4362 4366
4362 4367
4363 4364
4363 4365
4363 4366
4364 4366
4364 4367
4364 4368
4364 4369
4365 4366
4365 4367
4365 4368
4365 4369
4365 4370
4366 4367
4366 4368
4366 4369
4366 4370
4366 4371
4367 4368
4367 4369
4367 4370
4367 4371
4367 4372
4368 4372
4368 4373
4369 4370
4369 4372
4369 4373
4369 4374
4370 4371
4370 4372
4370 4373
4370 4374
4370 4375
4371 4372
4371 4373
4371 4376
4371 4726
4372 4373
4372 4374
4372 4375
4372 4376
4373 4374
4373 4375
4373 4376
4373 4377
4374 4375
4374 4376
4374 4377
4374 4378
4374 4379
4375 4377
4375 4379
4375 4515
4376 4377
4376 4378
4376 4379
4376 4380
4376 4381
4377 4378
4377 4379
4377 4380
4377 4381
4377 4382
4378 4379
4378 4380
4378 4381
4378 4382
4378 4383
4379 4380
4379 4382
4379 4383
4379 4384
4380 4381
4380 4384
4381 4383
4381 4384
4381 4385
4382 4383
4382 4384
4382 4385
4382 4386
4383 4384
4383 4386
4383 4387
4383 4388
4384 4385
4384 4387
4384 4388
4384 4389
4385 4386
4385 4387
4385 4388
4385 4389
4385 4390
4386 4387
4386 4388
4386 4389
4386 4390
4386 4391
4387 4388
4387 4389
4387 4390
4387 4392
4388 4389
4388 4390
4388 4391
4389 4390
4389 4391
4389 4392
4389 4394
4390 4391
4390 4392
4390 4393
4390 4395
4391 4392
4391 4393
4391 4394
4391 4395
4392 4393
4392 4395
4392 4396
4392 4554
4393 4394
4393 4396
4393 4397
4394 4396
4394 4397
4394 4398
4395 4396
4395 4397
4395 4398
4395 4399
4396 4398
4396 4399
4396 4400
4396 4784
4396 4818
4397 4399
4397 4400
4397 4401
4397 4402
4398 4399
4398 4401
4398 4402
4398 4403
4399 4400
4399 4401
4399 4402
4399 4403
4399 4404
4400 4401
4400 4402
4400 4403
4400 4404
4400 4947
4401 4402
4401 4404
4401 4405
4401 4406
4401 4790
4402 4403
4402 4404
4402 4405
4402 4406
4402 4407
4403 4404
4403 4405
4403 4406
4403 4407
4404 4406
4404 4409
4404 4976
4405 4406
4405 4407
4405 4408
4405 4409
4405 4410
4406 4407
4406 4409
4406 4411
4406 4609
4406 4542
4407 4408
4407 4409
4407 4410
4407 4411
4407 4412
4408 4409
4408 4411
4408 4412
4408 4413
4409 4411
4409 4412
4409 4413
4409 4414
4409 4981
4410 4411
4410 4412
4410 4414
4410 4415
4411 4412
4411 4413
4411 4414
4411 4415
4411 4416
4412 4413
4412 4414
4412 4415
4412 4416
4412 4417
4413 4414
4413 4416
4413 4417
4413 4418
4414 4415
4414 4416
4414 4418
4414 4419
4415 4417
4415 4419
4415 4420
4415 4843
4416 4417
4416 4419
4416 4420
4416 4421
4417 4420
4417 4422
4417 4867
4418 4420
4418 4421
4418 4422
4418 4423
4419 4420
4419 4422
4419 4423
4419 4424
4420 4421
4420 4422
4420 4423
4420 4424
4420 4425
4421 4422
4421 4423
4421 4424
4421 4780
4422 4423
4422 4424
4422 4425
4422 4426
4423 4424
4423 4425
4423 4426
4423 4428
4424 4425
4424 4426
4424 4427
4424 4428
4424 4429
4425 4426
4425 4427
4425 4428
4425 4429
4425 4430
4426 4428
4426 4429
4426 4430
4426 4431
4426 4850
4427 4428
4427 4430
4427 4431
4427 4432
4427 4639
4428 4429
4428 4430
4428 4432
4428 4433
4429 4430
4429 4431
4429 4433
4429 4434
4430 4431
4430 4432
4430 4433
4430 4434
4430 4435
4431 4432
4431 4433
4431 4434
4431 4435
4431 4436
4432 4433
4432 4434
4432 4435
4432 4436
4432 4741
4433 4434
4433 4435
4433 4436
4433 4437
4434 4435
4434 4436
4434 4437
4434 4438
4434 4439
4435 4436
4435 4437
4435 4438
4435 4439
4435 4440
4436 4438
4436 4440
4436 4441
4436 4715
4437 4438
4437 4439
4437 4440
4437 4441
4437 4442
4438 4439
4438 4441
4438 4442
4438 4443
4439 4440
4439 4441
4439 4442
4439 4443
4439 4444
4440 4441
4440 4442
4440 4443
4440 4444
4440 4445
4441 4442
4441 4443
4441 4444
4441 4445
4442 4443
4442 4444
4442 4447
4442 4466
4443 4444
4443 4445
4443 4446
4443 4447
4444 4445
4444 4446
4445 4446
4445 4447
4445 4448
4445 4450
4446 4447
4446 4448
4446 4449
4446 4451
4447 4448
4447 4449
4447 4450
4447 4452
4448 4449
4448 4452
4448 4453
4449 4450
4449 4451
4449 4452
4449 4453
4450 4451
4450 4452
4450 4453
4450 4455
4451 4452
4451 4454
4451 4455
4452 4453
4452 4454
4452 4455
4453 4454
4453 4455
4453 4456
4453 4457
4453 4458
4454 4455
4454 4456
4454 4457
4454 4458
4454 4459
4455 4456
4455 4457
4455 4458
4455 4460
4456 4457
4456 4458
4456 4459
4456 4460
4456 4461
4456 4656
4457 4458
4457 4460
4457 4461
4457 4462
4458 4459
4458 4460
4458 4461
4458 4462
4458 4463
4459 4460
4459 4461
4459 4462
4459 4463
4459 4464
4460 4461
4460 4463
4460 4465
4461 4462
4461 4463
4461 4464
4461 4465
4461 4466
4461 4987
4462 4463
4462 4464
4462 4465
4462 4466
4462 4467
4463 4464
4463 4465
4463 4466
4463 4468
4463 4708
4464 4465
4464 4466
4464 4468
4464 4469
4464 4911
4465 4466
4465 4467
4465 4469
4465 4470
4466 4467
4466 4469
4466 4470
4467 4468
4467 4469
4467 4470
4467 4471
4467 4472
4468 4469
4468 4471
4468 4472
4468 4473
4469 4470
4469 4471
4469 4472
4469 4473
4469 4474
4470 4471
4470 4473
4470 4474
4470 4475
4471 4472
4471 4473
4471 4476
4472 4473
4472 4474
4472 4555
4473 4474
4473 4476
4473 4478
4474 4476
4474 4477
4474 4478
4474 4479
4475 4476
4475 4477
4475 4479
4476 4477
4476 4478
4476 4479
4476 4480
4477 4478
4477 4479
4477 4480
4477 4639
4478 4479
4478 4481
4478 4482
4478 4483
4479 4480
4479 4481
4479 4483
4479 4484
4480 4481
4480 4482
4480 4483
4480 4484
4480 4485
4481 4482
4481 4483
4481 4484
4481 4485
4481 4486
4482 4483
4482 4484
4482 4485
4482 4486
4482 4487
4483 4484
4483 4485
4483 4487
4484 4485
4484 4486
4484 4488
4484 4489
4485 4486
4485 4487
4485 4488
4485 4490
4485 4698
4486 4487
4486 4488
4486 4489
4486 4491
4487 4489
4487 4490
4487 4492
4488 4491
4488 4493
4488 4524
4489 4490
4489 4491
4489 4492
4489 4493
4489 4494
4490 4491
4490 4492
4490 4493
4490 4494
4490 4495
4491 4492
4491 4493
4491 4494
4491 4495
4491 4496
4492 4494
4492 4496
4492 4497
4493 4495
4493 4496
4493 4497
4493 4768
4494 4496
4494 4497
4494 4498
4494 4499
4495 4496
4495 4498
4495 4499
4495 4500
4496 4497
4496 4498
4496 4499
4496 4500
4496 4501
4497 4498
4497 4499
4497 4500
4498 4499
4498 4502
4498 4503
4499 4500
4499 4502
4499 4503
4499 4504
4499 4877
4500 4501
4500 4502
4500 4503
4500 4504
4500 4505
4501 4502
4501 4503
4501 4504
4501 4505
4501 4506
4501 4962
4502 4503
4502 4504
4502 4506
4503 4505
4503 4507
4503 4508
4504 4505
4504 4506
4504 4507
4504 4508
4504 4509
4505 4506
4505 4507
4505 4508
4505 4509
4505 4510
4506 4507
4506 4508
4506 4510
4506 4511
4507 4508
4507 4509
4507 4510
4507 4511
4507 4512
4508 4509
4508 4510
4508 4511
4508 4513
4509 4510
4509 4513
4509 4514
4510 4511
4510 4512
4510 4513
4510 4514
4510 4515
4511 4512
4511 4513
4511 4514
4511 4515
4512 4514
4512 4515
4512 4516
4513 4515
4513 4516
4513 4517
4513 4518
4513 4653
4514 4515
4514 4516
4514 4517
4514 4518
4514 4519
4515 4516
4515 4518
4516 4517
4516 4518
4516 4519
4516 4521
4517 4518
4517 4519
4517 4520
4517 4521
4517 4522
4518 4519
4518 4520
4518 4521
4518 4523
4519 4520
4519 4521
4519 4522
4519 4523
4519 4524
4520 4522
4520 4523
4520 4524
4521 4522
4521 4523
4521 4524
4521 4526
4521 4832
4522 4523
4522 4524
4522 4525
4522 4526
4522 4527
4523 4524
4523 4525
4523 4528
4523 4850
4524 4525
4524 4526
4524 4528
4524 4529
4525 4527
4525 4528
4525 4530
4526 4529
4526 4530
4526 4531
4527 4528
4527 4529
4527 4530
4527 4531
4527 4532
4528 4529
4528 4530
4528 4531
4528 4532
4528 4533
4529 4530
4529 4532
4529 4534
4530 4531
4530 4533
4530 4534
4530 4535
4530 4858
4531 4532
4531 4533
4531 4534
4531 4535
4531 4536
4532 4533
4532 4535
4532 4536
4532 4537
4533 4534
4533 4535
4533 4537
4533 4538
4534 4535
4534 4536
4534 4537
4534 4538
4534 4539
4535 4536
4535 4539
4535 4540
4536 4537
4536 4538
4536 4539
4536 4540
4536 4541
4537 4538
4537 4539
4537 4540
4537 4541
4537 4542
4538 4539
4538 4540
4538 4542
4538 4543
4539 4540
4539 4541
4539 4542
4539 4543
4539 4544
4540 4541
4540 4542
4540 4543
4540 4544
4540 4545
4541 4542
4541 4543
4541 4544
4541 4546
4542 4543
4542 4544
4542 4545
4542 4547
4543 4544
4543 4546
4543 4547
4543 4548
4544 4546
4544 4547
4544 4548
4544 4549
4545 4546
4545 4548
4546 4547
4546 4548
4546 4549
4546 4550
4546 4551
4547 4548
4547 4549
4547 4550
4547 4551
4547 4552
4548 4549
4548 4550
4548 4551
4548 4552
4548 4553
4549 4550
4549 4552
4549 4553
4549 4554
4550 4551
4550 4552
4550 4553
4550 4554
4551 4553
4551 4554
4551 4555
4551 4556
4551 4817
4552 4553
4552 4555
4552 4556
4552 4557
4552 4854
4553 4554
4553 4555
4553 4556
4553 4557
4554 4555
4554 4556
4554 4557
4554 4558
4555 4556
4555 4557
4555 4559
4556 4557
4556 4558
4556 4559
4556 4560
4557 4558
4557 4559
4557 4560
4557 4561
4557 4562
4558 4559
4558 4560
4558 4561
4558 4562
4558 4563
4559 4561
4559 4563
4559 4564
4560 4561
4560 4562
4560 4563
4560 4564
4560 4565
4561 4562
4561 4563
4561 4564
4561 4565
4561 4566
4561 4675
4562 4563
4562 4565
4562 4566
4562 4567
4563 4565
4563 4566
4563 4567
4564 4565
4564 4567
4564 4568
4564 4569
4565 4566
4565 4567
4565 4568
4565 4569
4566 4567
4566 4568
4566 4569
4566 4570
4566 4571
4567 4568
4567 4569
4567 4570
4567 4571
4567 4572
4568 4570
4568 4571
4568 4573
4569 4571
4569 4572
4569 4574
4570 4571
4570 4572
4570 4573
4570 4574
4570 4575
4570 4699
4571 4572
4571 4573
4571 4574
4571 4575
4571 4576
4572 4573
4572 4574
4572 4575
4572 4576
4572 4577
4573 4574
4573 4575
4573 4576
4573 4577
4573 4578
4573 4978
4574 4575
4574 4577
4574 4578
4574 4579
4574 4808
4575 4576
4575 4577
4575 4578
4575 4579
4575 4580
4576 4577
4576 4578
4576 4579
4576 4580
4576 4581
4577 4578
4577 4579
4577 4580
4577 4581
4577 4582
4578 4579
4578 4580
4578 4581
4578 4582
4578 4583
4579 4580
4579 4581
4579 4583
4580 4581
4580 4582
4580 4585
4581 4583
4581 4584
4581 4585
4582 4584
4582 4585
4582 4586
4583 4584
4583 4585
4583 4586
4583 4587
4583 4588
4584 4585
4584 4587
4584 4589
4584 4779
4585 4586
4585 4588
4586 4587
4586 4588
4586 4589
4586 4590
4586 4591
4587 4588
4587 4589
4587 4592
4588 4589
4588 4590
4588 4592
4588 4593
4589 4590
4589 4591
4589 4593
4589 4594
4590 4591
4590 4592
4590 4593
4590 4594
4590 4595
4591 4593
4591 4594
4591 4595
4592 4593
4592 4595
4592 4596
4592 4597
4593 4594
4593 4595
4593 4596
4593 4597
4593 4598
4594 4595
4594 4596
4594 4597
4594 4599
4595 4596
4595 4598
4595 4599
4595 4600
4596 4597
4596 4598
4596 4599
4596 4600
4596 4601
4597 4598
4597 4601
4597 4602
4598 4599
4598 4600
4598 4601
4598 4602
4598 4603
4599 4600
4599 4601
4599 4602
4599 4603
4599 4604
4600 4601
4600 4602
4600 4603
4600 4604
4600 4605
4601 4602
4601 4603
4601 4604
4601 4605
4601 4606
4602 4603
4602 4604
4602 4605
4602 4607
4603 4604
4603 4607
4603 4608
4604 4606
4604 4607
4604 4608
4604 4609
4605 4610
4606 4607
4606 4608
4606 4610
4606 4889
4607 4608
4607 4609
4607 4610
4607 4611
4607 4612
4608 4609
4608 4610
4608 4611
4608 4612
4608 4613
4609 4611
4609 4612
4609 4613
4609 4614
4610 4611
4610 4613
4610 4614
4611 4612
4611 4613
4611 4614
4611 4615
4612 4613
4612 4614
4612 4617
4613 4614
4613 4615
4613 4616
4613 4617
4613 4618
4614 4615
4614 4616
4614 4617
4615 4616
4615 4618
4615 4619
4615 4968
4616 4618
4616 4620
4616 4621
4617 4618
4617 4619
4617 4620
4617 4621
4617 4622
4618 4619
4618 4620
4618 4621
4618 4622
4618 4623
4618 4789
4619 4620
4619 4622
4619 4623
4619 4624
4620 4621
4620 4622
4620 4623
4620 4624
4621 4622
4621 4623
4621 4624
4621 4625
4621 4626
4622 4623
4622 4626
4623 4624
4623 4625
4623 4626
4623 4627
4623 4628
4624 4625
4624 4626
4624 4627
4624 4628
4624 4629
4625 4626
4625 4627
4625 4628
4625 4630
4626 4627
4626 4628
4626 4629
4626 4630
4627 4628
4627 4630
4627 4631
4628 4629
4628 4631
4628 4632
4628 4633
4628 4962
4629 4630
4629 4631
4629 4633
4629 4634
4630 4632
4630 4634
4630 4635
4631 4634
4631 4636
4632 4636
4633 4634
4633 4635
4633 4636
4633 4637
4633 4638
4634 4635
4634 4636
4634 4637
4634 4638
4634 4639
4635 4636
4635 4637
4635 4638
4635 4639
4635 4640
4636 4637
4636 4638
4636 4639
4636 4640
4636 4641
4637 4638
4637 4639
4637 4640
4637 4641
4637 4642
4638 4639
4638 4640
4638 4641
4638 4642
4638 4643
4639 4641
4639 4642
4639 4643
4639 4644
4640 4641
4640 4642
4640 4643
4641 4642
4641 4643
4641 4645
4641 4646
4642 4643
4642 4644
4642 4645
4642 4646
4642 4647
4643 4644
4643 4648
4644 4645
4644 4647
4644 4648
4644 4649
4645 4646
4645 4647
4645 4648
4645 4649
4645 4650
4646 4649
4647 4648
4647 4649
4647 4650
4647 4651
4647 4652
4648 4650
4648 4651
4648 4652
4649 4650
4649 4651
4649 4652
4649 4653
4649 4654
4650 4651
4650 4652
4650 4653
4650 4655
4651 4652
4651 4653
4651 4654
4651 4656
4652 4653
4652 4654
4652 4655
4652 4656
4652 4657
4653 4654
4653 4655
4653 4656
4653 4657
4653 4658
4654 4655
4654 4656
4654 4657
4654 4658
4654 4659
4655 4656
4655 4657
4655 4658
4655 4659
4655 4660
4656 4658
4656 4659
4656 4660
4656 4661
4657 4658
4657 4659
4657 4660
4657 4661
4657 4662
4658 4659
4658 4661
4658 4663
4658 4686
4659 4660
4659 4662
4659 4664
4660 4661
4660 4663
4660 4664
4660 4665
4661 4664
4661 4665
4661 4666
4661 4682
4662 4663
4662 4664
4662 4667
4663 4664
4663 4665
4663 4668
4664 4665
4664 4666
4664 4667
4664 4668
4664 4669
4665 4666
4665 4667
4665 4669
4665 4670
4666 4667
4666 4668
4666 4669
4666 4671
4667 4668
4667 4669
4667 4670
4667 4671
4668 4669
4668 4671
4668 4672
4668 4673
4669 4670
4669 4671
4669 4672
4669 4673
4669 4674
4670 4671
4670 4672
4670 4675
4671 4672
4671 4673
4671 4674
4671 4675
4671 4676
4672 4674
4672 4676
4672 4677
4673 4676
4673 4677
4673 4678
4674 4675
4674 4677
4674 4678
4674 4679
4675 4677
4675 4678
4676 4677
4676 4678
4676 4681
4677 4678
4677 4679
4677 4681
4677 4682
4678 4679
4678 4680
4678 4681
4678 4682
4678 4683
4679 4680
4679 4681
4679 4682
4679 4683
4679 4684
4679 4701
4680 4682
4680 4683
4680 4684
4680 4685
4680 4897
4681 4682
4681 4683
4681 4684
4681 4685
4681 4686
4682 4683
4682 4685
4682 4686
4682 4687
4683 4684
4683 4685
4683 4686
4683 4687
4683 4688
4684 4686
4684 4687
4684 4688
4684 4689
4684 4728
4685 4688
4685 4689
4685 4690
4685 4909
4686 4687
4686 4688
4686 4689
4686 4690
4686 4691
4687 4688
4687 4689
4687 4690
4687 4691
4687 4692
4688 4690
4688 4691
4688 4692
4688 4693
4689 4690
4689 4694
4690 4691
4690 4692
4690 4694
4690 4695
4691 4692
4691 4694
4691 4696
4692 4694
4692 4695
4692 4696
4692 4697
4693 4694
4693 4696
4693 4697
4693 4698
4694 4696
4694 4697
4694 4698
4694 4699
4695 4696
4695 4697
4695 4698
4695 4699
4696 4697
4696 4698
4696 4699
4696 4701
4697 4700
4697 4701
4697 4702
4697 4907
4698 4701
4698 4702
4698 4703
4699 4701
4699 4702
4699 4703
4699 4704
4700 4701
4700 4702
4700 4703
4700 4704
4700 4705
4701 4703
4701 4704
4701 4705
4701 4831
4702 4703
4702 4705
4702 4706
4702 4707
4703 4704
4703 4705
4703 4706
4703 4707
4703 4708
4704 4705
4704 4706
4704 4707
4704 4708
4704 4709
4705 4706
4705 4707
4705 4708
4705 4744
4706 4707
4706 4709
4706 4710
4706 4711
4707 4708
4707 4709
4707 4710
4707 4711
4708 4709
4708 4710
4708 4712
4709 4710
4709 4711
4709 4713
4709 4714
4710 4711
4710 4712
4710 4713
4710 4714
4710 4715
4711 4712
4711 4714
4711 4715
4711 4716
4712 4714
4712 4716
4712 4717
4713 4714
4713 4715
4713 4716
4713 4717
4713 4718
4714 4715
4714 4716
4714 4717
4714 4718
4714 4719
4715 4716
4715 4717
4715 4718
4716 4717
4716 4718
4716 4720
4717 4718
4717 4719
4717 4720
4717 4721
4717 4722
4718 4719
4718 4720
4718 4721
4718 4722
4718 4723
4719 4720
4719 4721
4719 4722
4719 4723
4719 4724
4720 4721
4720 4722
4720 4723
4720 4724
4720 4725
4721 4723
4721 4724
4721 4726
4722 4723
4722 4724
4722 4725
4722 4726
4723 4724
4723 4725
4723 4726
4723 4727
4723 4728
4724 4725
4724 4726
4724 4728
4724 4729
4725 4726
4725 4727
4725 4728
4725 4729
4726 4727
4726 4728
4726 4729
4727 4728
4727 4729
4727 4730
4727 4731
4727 4732
4728 4729
4728 4730
4728 4732
4728 4733
4729 4730
4729 4731
4729 4732
4729 4733
4729 4734
4730 4732
4730 4733
4730 4734
4730 4735
4731 4733
4731 4734
4731 4736
4731 4866
4732 4733
4732 4734
4732 4735
4732 4736
4732 4737
4733 4734
4733 4735
4733 4736
4733 4737
4734 4735
4734 4736
4734 4737
4734 4738
4734 4739
4735 4736
4735 4737
4735 4738
4735 4739
4736 4737
4736 4738
4736 4739
4736 4741
4736 4761
4737 4739
4737 4740
4737 4741
4737 4742
4738 4739
4738 4740
4738 4741
4738 4742
4739 4740
4739 4741
4739 4742
4739 4743
4740 4741
4740 4743
4740 4744
4740 4745
4741 4743
4741 4744
4741 4745
4742 4743
4742 4744
4742 4745
4742 4746
4742 4747
4743 4744
4743 4745
4743 4746
4743 4747
4743 4748
4744 4745
4744 4746
4744 4748
4744 4749
4745 4746
4745 4747
4745 4748
4745 4749
4746 4747
4746 4748
4746 4749
4746 4750
4746 4751
4747 4748
4747 4749
4747 4750
4747 4751
4748 4749
4748 4750
4748 4752
4749 4750
4749 4751
4749 4753
4749 4754
4750 4752
4750 4754
4750 4755
4751 4752
4751 4753
4751 4754
4751 4755
4751 4756
4752 4753
4752 4754
4752 4755
4752 4756
4752 4757
4753 4755
4753 4756
4753 4757
4753 4758
4754 4755
4754 4756
4754 4757
4754 4758
4754 4759
4755 4756
4755 4757
4755 4758
4755 4759
4756 4758
4756 4759
4756 4760
4756 4761
4757 4758
4757 4759
4757 4760
4757 4761
4757 4762
4758 4759
4758 4762
4758 4763
4759 4760
4759 4761
4759 4762
4759 4764
4760 4761
4760 4764
4760 4765
4761 4762
4761 4763
4761 4764
4762 4763
4762 4764
4762 4766
4762 4767
4763 4764
4763 4765
4763 4767
4763 4768
4764 4765
4764 4766
4764 4769
4764 4941
4765 4766
4765 4767
4765 4769
4765 4770
4766 4768
4766 4769
4766 4770
4766 4771
4766 4985
4767 4769
4767 4770
4767 4771
4767 4772
4768 4769
4768 4771
4768 4772
4769 4770
4769 4771
4769 4772
4769 4773
4769 4774
4770 4771
4770 4772
4770 4773
4770 4774
4771 4772
4771 4773
4771 4774
4771 4775
4772 4773
4772 4774
4772 4775
4772 4776
4772 4777
4773 4774
4773 4776
4773 4777
4773 4778
4774 4775
4774 4776
4774 4777
4774 4779
4775 4776
4775 4777
4775 4778
4775 4779
4776 4777
4776 4778
4776 4779
4776 4780
4777 4778
4777 4779
4777 4780
4777 4781
4777 4782
4778 4779
4778 4780
4778 4781
4778 4782
4778 4783
4779 4780
4779 4781
4779 4782
4779 4783
4780 4781
4780 4782
4780 4783
4780 4784
4780 4785
4781 4782
4781 4783
4781 4784
4782 4783
4782 4785
4782 4786
4783 4784
4783 4787
4783 4788
4783 4847
4784 4786
4784 4788
4784 4789
4785 4786
4785 4787
4785 4790
4786 4787
4786 4788
4786 4789
4786 4790
4786 4791
4787 4789
4787 4790
4787 4792
4788 4789
4788 4790
4788 4791
4788 4792
4788 4793
4789 4790
4789 4792
4789 4794
4790 4792
4790 4794
4790 4795
4791 4792
4791 4794
4791 4795
4791 4953
4792 4793
4792 4795
4792 4796
4792 4797
4793 4794
4793 4796
4793 4797
4793 4798
4794 4795
4794 4796
4794 4797
4794 4798
4794 4799
4795 4797
4795 4800
4796 4797
4796 4798
4796 4799
4796 4800
4796 4801
4797 4802
4797 4902
4798 4799
4798 4800
4798 4801
4798 4802
4798 4803
4799 4801
4799 4802
4799 4803
4799 4804
4800 4801
4800 4802
4800 4803
4800 4804
4800 4805
4801 4802
4801 4803
4801 4804
4801 4884
4802 4803
4802 4804
4802 4806
4802 4807
4803 4804
4803 4805
4803 4806
4803 4808
4804 4805
4804 4806
4804 4807
4804 4808
4805 4806
4805 4807
4805 4808
4805 4809
4806 4807
4806 4808
4806 4809
4806 4810
4806 4811
4807 4808
4807 4809
4807 4810
4807 4812
4808 4810
4808 4811
4809 4810
4809 4811
4809 4812
4809 4813
4809 4814
4810 4812
4810 4813
4810 4814
4810 4815
4810 4811
4811 4812
4811 4813
4811 4816
4812 4813
4812 4814
4812 4815
4812 4816
4812 4817
4813 4814
4813 4816
4813 4817
4813 4818
4814 4815
4814 4816
4814 4817
4814 4818
4814 4819
4815 4816
4815 4818
4815 4820
4816 4817
4816 4820
4816 4821
4817 4818
4817 4819
4817 4820
4817 4822
4818 4819
4818 4820
4818 4821
4819 4821
4819 4822
4819 4823
4820 4821
4820 4822
4820 4823
4820 4824
4820 4825
4821 4822
4821 4823
4821 4824
4821 4826
4822 4823
4822 4824
4822 4825
4822 4826
4822 4827
4823 4824
4823 4825
4823 4826
4823 4827
4824 4826
4824 4827
4824 4828
4824 4829
4825 4826
4825 4827
4825 4828
4825 4829
4826 4827
4826 4828
4826 4829
4826 4830
4826 4831
4827 4828
4827 4829
4827 4830
4827 4831
4827 4832
4828 4829
4828 4832
4828 4833
4829 4830
4829 4831
4829 4832
4829 4833
4830 4831
4830 4832
4830 4833
4830 4834
4831 4832
4831 4833
4831 4834
4831 4836
4832 4833
4832 4834
4833 4834
4833 4835
4833 4836
4833 4837
4833 4838
4834 4836
4834 4837
4834 4838
4834 4839
4835 4836
4835 4837
4835 4840
4836 4837
4836 4838
4836 4839
4836 4840
4836 4841
4837 4839
4837 4840
4837 4841
4837 4842
4838 4839
4838 4840
4838 4841
4838 4842
4838 4843
4839 4840
4839 4842
4839 4843
4840 4842
4840 4844
4840 4845
4841 4843
4841 4844
4841 4845
4841 4846
4842 4843
4842 4844
4842 4845
4842 4846
4842 4847
4843 4844
4843 4845
4843 4847
4843 4848
4844 4845
4844 4846
4844 4848
4845 4846
4845 4847
4845 4850
4845 4856
4846 4847
4846 4849
4846 4850
4846 4851
4847 4850
4847 4851
4847 4990
4848 4849
4848 4850
4848 4852
4849 4850
4849 4851
4849 4852
4849 4853
4850 4851
4850 4852
4850 4853
4850 4854
4850 4855
4851 4852
4851 4854
4851 4855
4851 4856
4852 4853
4852 4855
4852 4937
4853 4854
4853 4855
4853 4856
4853 4857
4853 4858
4854 4856
4854 4857
4854 4858
4855 4856
4855 4857
4855 4858
4855 4860
4856 4857
4856 4858
4856 4859
4856 4860
4856 4861
4857 4858
4857 4859
4857 4860
4857 4862
4858 4860
4858 4861
4858 4862
4858 4863
4859 4860
4859 4861
4859 4862
4859 4863
4859 4864
4860 4861
4860 4862
4860 4863
4860 4864
4860 4865
4861 4862
4861 4864
4861 4865
4861 4866
4862 4863
4862 4864
4862 4865
4862 4866
4862 4867
4863 4864
4863 4867
4863 4868
4863 4910
4864 4865
4864 4866
4864 4867
4864 4868
4864 4869
4865 4866
4865 4869
4865 4870
4865 4872
4866 4867
4866 4868
4866 4869
4866 4870
4867 4868
4867 4870
4867 4871
4867 4872
4868 4871
4868 4872
4868 4873
4869 4871
4869 4872
4869 4873
4869 4874
4870 4871
4870 4872
4870 4873
4870 4874
4870 4875
4871 4872
4871 4873
4871 4874
4871 4876
4872 4873
4872 4875
4872 4876
4873 4874
4873 4876
4873 4878
4874 4875
4874 4876
4874 4878
4874 4879
4875 4876
4875 4877
4875 4878
4875 4879
4876 4877
4876 4879
4876 4880
4876 4881
4877 4878
4877 4879
4877 4881
4877 4882
4878 4879
4878 4880
4878 4882
4878 4883
4879 4880
4879 4881
4880 4881
4880 4882
4880 4883
4880 4885
4881 4882
4881 4883
4881 4885
4882 4883
4882 4884
4882 4885
4882 4886
4882 4887
4883 4884
4883 4885
4883 4886
4883 4887
4883 4888
4884 4885
4884 4886
4884 4889
4885 4886
4885 4887
4885 4889
4885 4890
4886 4887
4886 4889
4886 4891
4887 4888
4887 4890
4887 4891
4887 4892
4888 4889
4888 4890
4888 4891
4888 4893
4889 4890
4889 4891
4889 4892
4889 4893
4889 4894
4890 4891
4890 4892
4890 4893
4890 4894
4891 4893
4891 4894
4891 4895
4891 4896
4892 4893
4892 4894
4892 4895
4892 4896
4892 4897
4893 4894
4893 4895
4893 4896
4893 4898
4894 4895
4894 4896
4894 4898
4894 4899
4895 4896
4895 4898
4895 4899
4895 4900
4896 4898
4896 4899
4896 4901
4897 4898
4897 4900
4897 4902
4898 4899
4898 4900
4898 4902
4898 4903
4899 4900
4899 4901
4899 4902
4899 4903
4900 4901
4900 4902
4900 4903
4900 4904
4900 4905
4901 4902
4901 4903
4901 4904
4901 4905
4901 4906
4902 4903
4902 4904
4902 4905
4902 4907
4903 4904
4903 4905
4903 4906
4903 4907
4903 4908
4904 4905
4904 4906
4904 4907
4904 4908
4904 4909
4905 4907
4905 4908
4905 4910
4906 4908
4906 4909
4906 4910
4906 4911
4906 4930
4907 4908
4907 4909
4907 4910
4907 4911
4908 4909
4908 4910
4908 4911
4908 4913
4909 4910
4909 4911
4909 4912
4909 4913
4910 4911
4910 4912
4910 4913
4910 4915
4911 4913
4911 4914
4911 4915
4911 4916
4912 4913
4912 4914
4912 4915
4912 4917
4913 4914
4913 4916
4913 4917
4914 4915
4914 4916
4914 4917
4914 4918
4914 4919
4915 4916
4915 4917
4915 4918
4915 4919
4915 4920
4916 4917
4916 4919
4916 4920
4916 4921
4917 4918
4917 4919
4917 4920
4917 4921
4917 4922
4918 4920
4918 4921
4918 4922
4918 4923
4919 4921
4919 4922
4919 4924
4920 4921
4920 4922
4920 4923
4920 4924
4920 4925
4921 4922
4921 4923
4921 4924
4921 4925
4922 4923
4922 4925
4922 4926
4922 4927
4923 4924
4923 4925
4923 4927
4923 4928
4924 4925
4924 4928
4925 4926
4925 4927
4925 4929
4925 4930
4926 4927
4926 4930
4926 4931
4927 4928
4927 4930
4927 4931
4928 4929
4928 4930
4928 4932
4928 4933
4929 4930
4929 4931
4929 4932
4929 4934
4930 4931
4930 4932
4930 4933
4930 4934
4931 4932
4931 4933
4931 4934
4931 4935
4931 4936
4932 4933
4932 4934
4932 4935
4932 4936
4932 4937
4933 4934
4933 4935
4933 4936
4933 4937
4933 4938
4934 4935
4934 4936
4934 4937
4934 4939
4935 4936
4935 4938
4935 4939
4935 4940
4936 4937
4936 4938
4936 4939
4936 4940
4936 4941
4937 4938
4937 4939
4937 4940
4937 4941
4937 4942
4938 4939
4938 4941
4938 4942
4938 4943
4939 4940
4939 4941
4939 4943
4939 4944
4940 4941
4940 4942
4940 4943
4940 4944
4940 4945
4941 4942
4941 4943
4941 4944
4941 4945
4941 4946
4942 4945
4942 4946
4943 4944
4943 4945
4943 4946
4943 4947
4943 4948
4944 4945
4944 4947
4944 4948
4944 4949
4945 4946
4945 4948
4945 4949
4945 4950
4946 4947
4946 4948
4946 4949
4946 4950
4947 4949
4947 4950
4947 4951
4948 4949
4948 4950
4948 4951
4948 4952
4948 4953
4949 4950
4949 4951
4949 4952
4949 4953
4949 4954
4950 4951
4950 4954
4950 4955
4951 4952
4951 4953
4951 4954
4951 4955
4951 4956
4952 4953
4952 4955
4952 4956
4952 4957
4953 4954
4953 4955
4953 4956
4953 4957
4953 4958
4954 4955
4954 4956
4954 4957
4954 4959
4955 4956
4955 4957
4955 4958
4955 4959
4955 4960
4956 4957
4956 4959
4956 4960
4956 4961
4957 4958
4957 4959
4957 4960
4957 4962
4958 4959
4958 4960
4958 4961
4958 4962
4958 4963
4959 4960
4959 4961
4959 4962
4959 4963
4959 4964
4960 4961
4960 4962
4960 4963
4960 4964
4960 4965
4961 4962
4961 4963
4961 4964
4961 4965
4961 4966
4962 4965
4962 4967
4963 4964
4963 4965
4963 4966
4963 4968
4964 4965
4964 4968
4964 4969
4965 4966
4965 4967
4965 4969
4965 4970
4966 4967
4966 4968
4966 4970
4966 4971
4967 4968
4967 4969
4967 4970
4967 4971
4967 4972
4968 4969
4968 4970
4968 4971
4968 4972
4969 4970
4969 4971
4969 4973
4970 4971
4970 4972
4970 4973
4970 4975
4971 4972
4971 4973
4971 4974
4971 4975
4971 4976
4972 4973
4972 4974
4972 4976
4972 4977
4973 4974
4973 4977
4973 4978
4974 4975
4974 4976
4974 4977
4974 4978
4974 4979
4975 4977
4975 4978
4975 4979
4975 4980
4976 4977
4976 4978
4976 4979
4976 4981
4977 4978
4977 4979
4977 4981
4977 4982
4978 4979
4978 4980
4978 4982
4979 4980
4979 4981
4979 4982
4979 4983
4979 4984
4980 4981
4980 4982
4980 4983
4980 4984
4980 4985
4981 4983
4981 4984
4981 4985
4982 4983
4982 4984
4982 4985
4982 4986
4982 4987
4983 4984
4983 4986
4983 4987
4983 4988
4984 4985
4984 4986
4984 4987
4984 4989
4985 4988
4985 4990
4986 4987
4986 4988
4986 4989
4986 4990
4986 4991
4987 4988
4987 4989
4987 4991
4987 4992
4988 4989
4988 4990
4988 4991
4988 4992
4988 4993
4989 4991
4989 4992
4989 4993
4990 4991
4990 4992
4990 4993
4990 4994
4991 4992
4991 4993
4991 4994
4991 4995
4991 4996
4992 4993
4992 4994
4992 4995
4992 4997
4993 4994
4993 4995
4993 4997
4993 4998
4994 4995
4994 4996
4994 4998
4995 4996
4995 4997
4995 4998
4996 4998
