0 3
0 7
0 13
0 14
0 25
0 37
0 40
0 41
0 50
0 64
0 66
0 68
0 79
0 91
0 93
0 98
0 99
0 113
0 114
0 115
0 116
0 118
0 121
0 127
0 140
0 282
0 330
0 359
0 517
0 534
0 574
0 675
0 678
0 778
0 820
0 906
1 3
1 7
1 11
1 21
1 22
1 31
1 39
1 42
1 48
1 55
1 57
1 58
1 62
1 68
1 71
1 84
1 86
1 94
1 97
1 105
1 108
1 116
1 117
1 120
1 129
1 138
1 223
1 356
1 474
1 476
1 753
1 920
1 936
2 4
2 8
2 10
2 15
2 16
2 23
2 25
2 29
2 42
2 44
2 55
2 56
2 57
2 62
2 63
2 65
2 67
2 68
2 74
2 76
2 80
2 85
2 88
2 92
2 96
2 98
2 101
2 102
2 105
2 107
2 109
2 112
2 113
2 120
2 122
2 126
2 137
2 141
2 212
2 429
2 451
2 469
2 887
2 912
3 5
3 6
3 9
3 12
3 21
3 23
3 28
3 31
3 34
3 35
3 39
3 40
3 47
3 54
3 61
3 62
3 63
3 69
3 71
3 72
3 73
3 78
3 79
3 82
3 83
3 88
3 92
3 96
3 98
3 102
3 109
3 110
3 117
3 122
3 123
3 126
3 133
3 140
3 297
3 306
3 346
3 512
3 705
3 822
3 934
4 6
4 9
4 10
4 13
4 15
4 21
4 30
4 31
4 34
4 39
4 48
4 53
4 56
4 64
4 67
4 81
4 86
4 88
4 93
4 94
4 96
4 98
4 102
4 103
4 105
4 106
4 112
4 113
4 117
4 121
4 169
4 517
4 595
4 714
4 738
4 857
4 923
5 7
5 8
5 19
5 20
5 54
5 62
5 63
5 67
5 72
5 75
5 76
5 80
5 81
5 84
5 87
5 88
5 90
5 98
5 99
5 103
5 116
5 119
5 137
5 138
5 139
5 174
5 254
5 280
5 333
5 580
5 651
5 736
5 910
6 8
6 11
6 15
6 18
6 23
6 25
6 29
6 33
6 39
6 54
6 56
6 57
6 61
6 66
6 73
6 74
6 75
6 88
6 90
6 97
6 100
6 115
6 120
6 123
6 124
6 126
6 129
6 130
6 131
6 133
6 135
6 324
6 351
6 401
6 612
6 622
6 732
6 823
7 8
7 10
7 15
7 20
7 21
7 26
7 27
7 31
7 33
7 36
7 37
7 39
7 43
7 50
7 51
7 54
7 55
7 66
7 68
7 69
7 83
7 88
7 94
7 107
7 114
7 115
7 122
7 130
7 319
7 344
7 452
7 611
7 666
7 863
7 969
8 31
8 34
8 35
8 42
8 45
8 47
8 53
8 59
8 73
8 75
8 81
8 84
8 90
8 94
8 95
8 104
8 109
8 110
8 112
8 119
8 124
8 126
8 130
8 195
8 262
8 338
8 409
8 497
8 640
8 691
8 851
8 891
8 986
9 15
9 16
9 20
9 22
9 23
9 32
9 37
9 38
9 40
9 42
9 46
9 47
9 52
9 54
9 57
9 59
9 66
9 70
9 73
9 75
9 76
9 82
9 84
9 85
9 94
9 98
9 100
9 109
9 110
9 114
9 115
9 120
9 126
9 131
9 134
9 136
9 139
9 168
9 212
9 277
9 643
9 679
9 798
9 842
9 843
9 901
10 13
10 16
10 18
10 25
10 28
10 29
10 30
10 31
10 48
10 53
10 56
10 57
10 59
10 67
10 68
10 73
10 75
10 76
10 77
10 78
10 86
10 87
10 90
10 93
10 98
10 102
10 103
10 107
10 110
10 122
10 127
10 219
10 285
10 343
10 452
10 453
10 514
10 662
10 759
10 900
11 12
11 17
11 25
11 28
11 46
11 52
11 72
11 73
11 80
11 83
11 84
11 85
11 91
11 95
11 96
11 99
11 107
11 109
11 116
11 117
11 120
11 122
11 128
11 134
11 136
11 155
11 175
11 185
11 244
11 278
11 621
11 777
11 816
11 881
12 14
12 23
12 25
12 28
12 29
12 34
12 37
12 41
12 43
12 55
12 58
12 65
12 71
12 75
12 82
12 84
12 86
12 87
12 94
12 104
12 105
12 106
12 109
12 111
12 114
12 121
12 122
12 131
12 132
12 133
12 137
12 138
12 156
12 487
12 569
12 796
12 806
12 922
12 944
13 20
13 22
13 26
13 28
13 33
13 42
13 47
13 57
13 60
13 62
13 73
13 76
13 78
13 79
13 94
13 95
13 114
13 117
13 118
13 123
13 465
13 498
13 518
13 522
13 527
13 671
13 677
13 795
14 17
14 21
14 24
14 25
14 28
14 30
14 31
14 32
14 34
14 35
14 36
14 38
14 42
14 48
14 49
14 58
14 70
14 83
14 84
14 85
14 88
14 95
14 96
14 102
14 105
14 110
14 111
14 115
14 132
14 133
14 134
14 318
14 409
14 504
14 717
14 837
14 984
15 19
15 23
15 27
15 39
15 57
15 58
15 59
15 60
15 61
15 63
15 98
15 100
15 114
15 115
15 116
15 120
15 121
15 135
15 136
15 205
15 361
15 476
15 708
15 720
15 738
15 743
15 972
16 20
16 22
16 23
16 34
16 35
16 40
16 42
16 49
16 53
16 54
16 55
16 56
16 61
16 63
16 65
16 66
16 70
16 74
16 83
16 107
16 111
16 114
16 124
16 138
16 266
16 356
16 434
16 450
16 453
16 487
16 501
16 558
16 835
16 885
17 21
17 22
17 28
17 35
17 38
17 40
17 41
17 45
17 49
17 59
17 61
17 63
17 66
17 72
17 90
17 91
17 92
17 93
17 102
17 103
17 107
17 108
17 110
17 112
17 114
17 118
17 130
17 135
17 140
17 284
17 503
17 625
17 651
17 737
17 941
18 30
18 37
18 38
18 41
18 49
18 51
18 53
18 56
18 60
18 63
18 65
18 67
18 71
18 76
18 77
18 82
18 88
18 89
18 104
18 118
18 123
18 124
18 132
18 240
18 258
18 311
18 321
18 458
18 466
18 510
18 595
18 675
18 729
18 872
18 944
19 25
19 28
19 31
19 35
19 42
19 44
19 46
19 51
19 52
19 64
19 73
19 75
19 76
19 79
19 81
19 83
19 91
19 98
19 99
19 106
19 107
19 108
19 109
19 123
19 127
19 135
19 151
19 338
19 442
19 480
19 566
19 605
19 795
19 961
20 41
20 42
20 51
20 53
20 54
20 63
20 68
20 87
20 89
20 99
20 101
20 110
20 117
20 124
20 170
20 183
20 267
20 363
20 584
20 733
20 962
21 30
21 35
21 37
21 49
21 50
21 56
21 58
21 59
21 75
21 76
21 77
21 78
21 81
21 95
21 99
21 101
21 105
21 106
21 107
21 109
21 112
21 120
21 122
21 130
21 133
21 135
21 136
21 139
21 295
21 360
21 449
21 456
21 632
21 636
22 25
22 29
22 37
22 46
22 51
22 60
22 72
22 84
22 86
22 89
22 97
22 99
22 102
22 107
22 112
22 114
22 116
22 118
22 133
22 193
22 562
22 565
22 740
22 902
22 903
23 25
23 38
23 40
23 45
23 51
23 54
23 61
23 63
23 66
23 71
23 74
23 80
23 81
23 90
23 94
23 99
23 103
23 107
23 109
23 111
23 115
23 120
23 121
23 123
23 129
23 131
23 139
23 250
23 282
23 362
23 409
23 447
23 658
23 920
23 962
24 38
24 50
24 52
24 54
24 56
24 60
24 64
24 66
24 67
24 69
24 70
24 76
24 79
24 83
24 93
24 96
24 98
24 99
24 108
24 109
24 111
24 120
24 121
24 123
24 125
24 128
24 136
24 140
24 219
24 263
24 334
24 537
24 636
24 797
24 866
24 910
24 965
24 973
25 26
25 29
25 51
25 52
25 64
25 76
25 86
25 100
25 105
25 108
25 120
25 123
25 126
25 129
25 131
25 137
25 140
25 145
25 187
25 262
25 371
25 389
25 417
25 461
25 475
25 541
25 589
25 766
25 801
25 892
25 965
26 27
26 34
26 35
26 39
26 46
26 48
26 50
26 55
26 66
26 71
26 72
26 82
26 83
26 85
26 86
26 89
26 97
26 99
26 104
26 106
26 108
26 118
26 120
26 124
26 128
26 129
26 134
26 138
26 251
26 539
26 594
26 621
26 769
26 818
26 916
27 29
27 34
27 37
27 45
27 46
27 49
27 57
27 59
27 60
27 63
27 64
27 73
27 74
27 79
27 81
27 96
27 98
27 106
27 121
27 129
27 468
27 574
27 705
28 33
28 36
28 44
28 47
28 49
28 52
28 56
28 58
28 59
28 60
28 64
28 72
28 77
28 79
28 81
28 83
28 87
28 88
28 111
28 112
28 125
28 136
28 239
28 486
28 558
28 578
28 972
29 44
29 46
29 51
29 56
29 58
29 69
29 71
29 78
29 83
29 89
29 93
29 94
29 95
29 101
29 105
29 110
29 111
29 120
29 123
29 124
29 129
29 134
29 179
29 195
29 347
29 477
29 602
29 713
29 714
29 736
29 741
29 750
30 34
30 42
30 46
30 52
30 53
30 60
30 66
30 73
30 81
30 122
30 124
30 126
30 127
30 131
30 137
30 138
30 149
30 197
30 220
30 423
30 827
30 902
30 917
31 41
31 42
31 45
31 47
31 52
31 58
31 59
31 60
31 69
31 70
31 72
31 82
31 97
31 98
31 105
31 107
31 122
31 123
31 127
31 129
31 133
31 135
31 175
31 433
31 435
31 517
31 539
31 652
31 677
31 784
31 857
32 34
32 37
32 42
32 49
32 57
32 59
32 72
32 73
32 79
32 87
32 90
32 94
32 96
32 98
32 103
32 108
32 121
32 131
32 237
32 249
32 428
32 469
32 515
32 517
32 720
32 847
32 889
32 917
32 987
33 34
33 35
33 54
33 67
33 68
33 72
33 74
33 80
33 82
33 83
33 88
33 105
33 129
33 132
33 134
33 216
33 226
33 270
33 321
33 389
33 442
33 449
33 644
33 660
33 725
33 805
33 858
34 35
34 36
34 52
34 53
34 54
34 57
34 63
34 65
34 69
34 72
34 77
34 80
34 87
34 96
34 102
34 103
34 110
34 112
34 114
34 140
34 184
34 295
34 340
34 355
34 421
34 492
34 563
34 564
34 774
34 802
34 857
35 36
35 47
35 55
35 58
35 62
35 63
35 73
35 79
35 87
35 92
35 96
35 107
35 108
35 314
35 354
35 473
35 647
35 671
35 796
36 37
36 38
36 43
36 53
36 56
36 58
36 63
36 65
36 70
36 72
36 79
36 83
36 90
36 95
36 101
36 102
36 105
36 112
36 119
36 123
36 125
36 126
36 134
36 136
36 157
36 281
36 483
36 500
36 570
36 609
36 614
36 631
36 742
36 748
36 855
36 941
37 53
37 57
37 60
37 68
37 74
37 81
37 82
37 91
37 97
37 108
37 110
37 117
37 244
37 308
37 728
37 786
37 807
37 859
38 40
38 44
38 48
38 57
38 58
38 61
38 65
38 67
38 78
38 81
38 85
38 86
38 87
38 88
38 90
38 92
38 95
38 98
38 99
38 102
38 103
38 106
38 107
38 108
38 112
38 114
38 122
38 125
38 126
38 131
38 132
38 255
38 441
38 534
38 620
38 745
38 929
39 55
39 57
39 60
39 70
39 72
39 86
39 99
39 104
39 106
39 121
39 123
39 124
39 137
39 140
39 142
39 264
39 391
39 453
39 499
39 511
39 824
39 970
39 980
40 41
40 42
40 44
40 49
40 56
40 63
40 64
40 66
40 80
40 91
40 99
40 104
40 108
40 112
40 114
40 115
40 123
40 124
40 125
40 128
40 345
40 498
40 621
40 644
40 836
40 852
41 43
41 49
41 53
41 68
41 74
41 75
41 77
41 81
41 83
41 88
41 89
41 94
41 106
41 107
41 112
41 113
41 114
41 117
41 122
41 221
41 238
41 289
41 291
41 410
41 421
41 429
41 562
41 713
41 967
42 46
42 58
42 72
42 89
42 94
42 102
42 134
42 135
42 137
42 138
42 259
42 306
42 388
42 422
42 458
42 827
42 856
42 967
43 51
43 54
43 61
43 64
43 66
43 69
43 71
43 74
43 75
43 79
43 81
43 84
43 89
43 101
43 103
43 105
43 113
43 119
43 120
43 123
43 125
43 129
43 130
43 134
43 135
43 229
43 363
43 381
43 591
43 727
43 775
43 964
44 61
44 65
44 66
44 68
44 69
44 71
44 74
44 86
44 90
44 92
44 93
44 96
44 100
44 102
44 106
44 107
44 109
44 124
44 129
44 133
44 264
44 333
44 463
44 494
44 503
44 613
44 656
44 657
44 675
44 739
44 740
44 766
44 958
45 51
45 61
45 63
45 72
45 73
45 90
45 99
45 105
45 107
45 111
45 120
45 127
45 129
45 134
45 135
45 136
45 150
45 310
45 434
45 523
45 579
45 631
45 715
45 725
45 815
45 820
45 925
45 949
45 987
46 52
46 57
46 59
46 75
46 79
46 82
46 86
46 87
46 90
46 96
46 105
46 110
46 114
46 118
46 119
46 126
46 132
46 137
46 256
46 285
46 287
46 322
46 385
46 490
46 512
46 549
46 555
46 644
46 649
46 695
46 800
47 60
47 61
47 64
47 85
47 96
47 102
47 107
47 108
47 110
47 118
47 121
47 122
47 125
47 134
47 140
47 189
47 397
47 497
47 534
47 943
48 57
48 60
48 77
48 79
48 86
48 90
48 95
48 96
48 101
48 115
48 128
48 129
48 131
48 137
48 583
48 631
48 704
48 778
48 854
48 915
49 51
49 59
49 70
49 72
49 74
49 75
49 78
49 87
49 103
49 109
49 116
49 120
49 134
49 135
49 528
49 794
50 55
50 56
50 58
50 59
50 66
50 73
50 74
50 76
50 78
50 80
50 81
50 85
50 88
50 97
50 107
50 121
50 123
50 126
50 133
50 170
50 171
50 208
50 279
50 308
50 318
50 321
50 391
50 861
51 53
51 58
51 59
51 77
51 84
51 94
51 99
51 102
51 105
51 107
51 113
51 116
51 159
51 184
51 344
51 402
51 425
51 488
51 494
51 523
51 795
51 796
51 799
52 53
52 71
52 80
52 85
52 89
52 90
52 102
52 103
52 124
52 127
52 128
52 132
52 135
52 136
52 169
52 253
52 323
52 327
52 468
52 510
52 651
52 772
52 817
52 944
52 983
53 54
53 62
53 64
53 74
53 79
53 88
53 93
53 96
53 99
53 102
53 103
53 108
53 111
53 115
53 122
53 126
53 128
53 131
53 133
53 134
53 135
53 349
53 352
53 363
53 405
53 415
53 545
53 551
53 556
53 708
53 758
53 984
54 59
54 62
54 63
54 70
54 72
54 73
54 77
54 84
54 93
54 99
54 102
54 104
54 116
54 121
54 211
54 213
54 232
54 387
54 396
54 483
54 509
54 531
54 607
54 635
54 799
54 811
55 64
55 65
55 66
55 67
55 68
55 70
55 77
55 81
55 90
55 98
55 108
55 114
55 116
55 125
55 129
55 134
55 138
55 165
55 383
55 489
55 498
55 573
55 604
55 690
55 701
55 763
56 62
56 64
56 88
56 93
56 104
56 105
56 119
56 121
56 129
56 139
56 140
56 297
56 448
56 796
56 841
56 943
56 947
57 58
57 63
57 65
57 68
57 69
57 74
57 81
57 84
57 85
57 96
57 98
57 100
57 102
57 104
57 105
57 107
57 121
57 124
57 127
57 128
57 215
57 232
57 297
57 313
57 416
57 448
57 513
57 527
57 653
57 787
57 911
58 66
58 67
58 70
58 74
58 87
58 98
58 104
58 121
58 125
58 126
58 133
58 134
58 135
58 136
58 139
58 140
58 188
58 345
58 389
58 448
58 512
58 527
58 762
58 928
58 951
58 954
59 64
59 74
59 79
59 82
59 85
59 87
59 103
59 111
59 113
59 116
59 124
59 131
59 138
59 139
59 381
59 563
59 581
59 647
59 769
59 838
59 925
59 987
60 63
60 64
60 67
60 69
60 76
60 77
60 83
60 85
60 88
60 98
60 99
60 109
60 119
60 121
60 125
60 623
60 669
60 682
60 891
60 907
60 937
61 69
61 77
61 78
61 86
61 91
61 97
61 99
61 107
61 111
61 118
61 131
61 139
61 147
61 408
61 463
61 476
61 527
61 555
61 578
61 587
61 689
61 780
61 948
62 72
62 82
62 83
62 90
62 95
62 98
62 100
62 102
62 114
62 117
62 120
62 121
62 131
62 338
62 350
62 447
62 456
62 476
62 491
62 500
62 544
62 546
62 564
62 811
62 846
62 862
62 887
62 888
62 937
62 940
63 64
63 66
63 69
63 72
63 77
63 78
63 82
63 100
63 103
63 107
63 113
63 130
63 137
63 300
63 374
63 499
63 534
63 589
63 805
63 835
63 843
64 68
64 69
64 74
64 77
64 96
64 109
64 112
64 114
64 119
64 120
64 123
64 130
64 136
64 138
64 200
64 357
64 474
64 540
64 548
64 634
64 649
64 852
64 876
64 920
65 70
65 71
65 80
65 81
65 92
65 93
65 99
65 116
65 130
65 131
65 136
65 139
65 140
65 348
65 597
65 860
65 922
65 950
66 68
66 75
66 77
66 80
66 82
66 91
66 98
66 101
66 107
66 119
66 128
66 135
66 178
66 263
66 351
66 363
66 380
66 383
66 451
66 473
66 476
66 715
66 752
67 77
67 79
67 93
67 95
67 99
67 103
67 104
67 112
67 113
67 115
67 119
67 122
67 125
67 129
67 133
67 140
67 344
67 383
67 458
67 628
67 688
67 843
68 71
68 84
68 86
68 88
68 92
68 94
68 97
68 105
68 107
68 110
68 111
68 112
68 115
68 119
68 122
68 127
68 135
68 139
68 173
68 210
68 226
68 376
68 457
68 776
68 916
68 951
68 987
69 70
69 73
69 74
69 90
69 92
69 94
69 100
69 103
69 106
69 107
69 110
69 118
69 123
69 125
69 127
69 128
69 130
69 131
69 132
69 133
69 140
69 237
69 399
69 558
69 614
69 920
69 959
69 985
70 75
70 77
70 78
70 80
70 81
70 85
70 87
70 89
70 94
70 95
70 101
70 103
70 109
70 118
70 119
70 127
70 130
70 165
70 204
70 219
70 370
70 400
70 420
70 454
70 461
70 471
70 552
70 591
70 599
70 612
70 778
71 72
71 73
71 80
71 85
71 89
71 100
71 102
71 104
71 106
71 114
71 115
71 117
71 121
71 123
71 131
71 133
71 139
71 274
71 285
71 332
71 385
71 455
71 498
71 557
71 590
71 607
71 619
71 687
71 716
71 805
71 863
71 983
72 78
72 87
72 91
72 92
72 97
72 100
72 105
72 111
72 116
72 123
72 124
72 126
72 137
72 139
72 140
72 211
72 290
72 474
72 764
72 931
73 77
73 95
73 101
73 102
73 103
73 109
73 112
73 120
73 125
73 126
73 127
73 128
73 130
73 136
73 170
73 182
73 323
73 393
73 619
73 630
73 688
73 753
74 75
74 76
74 85
74 86
74 92
74 106
74 114
74 116
74 119
74 124
74 130
74 133
74 180
74 195
74 344
74 735
74 756
74 874
74 965
74 970
75 77
75 80
75 86
75 90
75 91
75 96
75 113
75 123
75 126
75 127
75 133
75 138
75 261
75 326
75 438
75 505
75 983
76 80
76 82
76 86
76 89
76 91
76 96
76 101
76 111
76 126
76 131
76 134
76 135
76 138
76 266
76 296
76 786
76 876
76 898
76 935
77 81
77 83
77 85
77 90
77 103
77 104
77 105
77 108
77 109
77 118
77 135
77 137
77 176
77 202
77 407
77 514
77 555
78 80
78 86
78 92
78 102
78 107
78 108
78 113
78 127
78 128
78 160
78 278
78 299
78 383
78 456
78 573
78 581
78 610
78 639
78 675
78 765
78 872
78 972
79 87
79 91
79 93
79 97
79 101
79 104
79 117
79 121
79 134
79 136
79 137
79 214
79 259
79 366
79 473
79 523
79 573
79 703
79 774
79 796
79 806
79 988
80 85
80 87
80 96
80 97
80 105
80 107
80 119
80 120
80 124
80 128
80 131
80 134
80 136
80 370
80 428
80 430
80 451
80 510
80 577
80 719
80 810
80 916
81 82
81 83
81 86
81 87
81 100
81 112
81 121
81 130
81 132
81 136
82 93
82 94
82 100
82 101
82 112
82 114
82 118
82 129
82 130
82 138
82 140
82 221
82 372
82 426
82 496
82 572
82 747
82 755
82 846
82 908
83 89
83 92
83 93
83 99
83 115
83 118
83 127
83 131
83 132
83 134
83 301
83 328
83 337
83 489
83 582
83 592
83 610
83 637
83 770
83 946
84 93
84 94
84 96
84 107
84 112
84 117
84 136
84 137
84 139
84 140
84 284
84 288
84 298
84 310
84 361
84 363
84 492
84 596
84 880
85 92
85 97
85 98
85 107
85 130
85 134
85 255
85 349
85 435
85 448
85 503
85 614
85 619
85 660
85 742
85 801
85 912
85 972
85 974
86 101
86 104
86 109
86 120
86 128
86 132
86 133
86 136
86 173
86 174
86 253
86 398
86 479
86 535
86 594
86 776
87 93
87 96
87 104
87 107
87 111
87 117
87 118
87 119
87 120
87 126
87 128
87 134
87 137
87 286
87 479
87 548
87 730
87 847
87 960
88 89
88 91
88 96
88 100
88 103
88 107
88 109
88 110
88 120
88 123
88 124
88 127
88 134
88 136
88 137
88 219
88 258
88 327
88 341
88 361
88 422
88 463
88 478
88 515
88 537
88 539
88 544
88 596
88 708
88 736
88 900
88 961
89 90
89 91
89 96
89 98
89 100
89 105
89 107
89 112
89 118
89 122
89 138
89 139
89 210
89 354
89 397
89 579
89 642
89 686
89 887
90 94
90 100
90 107
90 115
90 117
90 125
90 127
90 129
90 130
90 134
90 185
90 561
90 764
90 970
91 92
91 95
91 96
91 98
91 103
91 109
91 113
91 117
91 119
91 121
91 123
91 124
91 140
91 214
91 265
91 417
91 469
91 676
91 761
91 789
91 980
92 97
92 99
92 102
92 103
92 106
92 107
92 114
92 122
92 123
92 124
92 126
92 131
92 133
92 134
92 223
92 357
92 361
92 431
92 542
92 645
92 686
92 766
92 771
92 827
93 96
93 98
93 101
93 104
93 112
93 122
93 130
93 321
93 425
93 467
93 571
93 598
93 731
93 774
93 890
93 929
94 95
94 96
94 99
94 106
94 118
94 120
94 125
94 127
94 128
94 130
94 176
94 535
94 559
94 606
94 682
94 875
94 967
95 100
95 101
95 108
95 122
95 127
95 133
95 135
95 203
95 285
95 458
95 690
95 726
95 749
95 799
95 855
95 895
95 986
96 98
96 110
96 112
96 119
96 123
96 131
96 134
96 135
96 458
97 102
97 106
97 111
97 112
97 119
97 120
97 123
97 135
97 138
97 139
97 142
97 204
97 219
97 228
97 238
97 274
97 437
97 466
97 501
97 505
97 639
97 707
97 796
97 852
97 858
97 894
97 916
97 953
97 981
98 99
98 103
98 109
98 111
98 114
98 115
98 116
98 121
98 124
98 134
98 140
98 460
98 548
98 680
98 754
98 950
99 113
99 118
99 124
99 126
99 130
99 133
99 181
99 215
99 342
99 372
99 374
99 377
99 389
99 641
99 716
99 717
99 805
99 929
100 103
100 109
100 110
100 114
100 115
100 118
100 119
100 121
100 126
100 129
100 135
100 138
100 213
100 269
100 312
100 315
100 588
100 683
100 842
101 106
101 108
101 110
101 111
101 112
101 114
101 117
101 118
101 120
101 121
101 122
101 124
101 128
101 136
101 254
101 260
101 275
101 323
101 402
101 579
101 686
101 780
101 820
101 849
101 905
102 106
102 111
102 117
102 118
102 119
102 122
102 126
102 132
102 134
102 195
102 231
102 389
102 394
102 550
102 609
102 858
102 955
102 972
103 111
103 123
103 129
103 132
103 133
103 135
103 138
103 698
103 973
104 111
104 117
104 118
104 119
104 125
104 129
104 130
104 218
104 221
104 405
104 612
104 738
104 811
104 829
105 115
105 116
105 122
105 124
105 125
105 131
105 235
105 277
105 313
105 354
105 645
105 720
105 850
105 893
105 895
105 924
106 108
106 109
106 113
106 121
106 122
106 123
106 124
106 127
106 128
106 129
106 131
106 133
106 135
106 136
106 355
106 375
106 419
106 511
106 535
106 614
106 720
106 874
107 112
107 114
107 119
107 125
107 143
107 309
107 339
107 442
107 488
107 617
107 632
107 893
107 899
108 114
108 116
108 124
108 125
108 126
108 132
108 136
108 291
108 325
108 353
108 358
108 637
108 725
108 736
108 890
108 960
108 969
109 126
109 131
109 133
109 134
109 135
109 139
109 140
109 193
109 292
109 343
109 469
109 573
109 928
110 113
110 115
110 116
110 117
110 125
110 126
110 128
110 137
110 427
110 544
110 753
110 777
110 814
110 867
111 114
111 129
111 134
111 136
111 139
111 155
111 462
111 504
111 728
112 121
112 123
112 135
112 138
112 139
112 140
112 204
112 421
112 506
112 806
112 981
113 117
113 132
113 587
113 614
113 751
114 121
114 139
114 454
114 769
114 925
114 963
115 117
115 120
115 130
115 132
115 135
115 140
115 153
115 184
115 322
115 460
115 497
115 589
115 614
115 671
115 689
115 828
115 871
116 117
116 122
116 127
116 131
116 132
116 134
116 261
116 295
116 330
116 336
116 480
116 681
116 697
116 791
116 908
116 969
117 130
117 137
117 271
117 367
117 392
117 434
117 657
117 823
117 884
117 899
118 121
118 131
118 133
118 136
118 161
118 240
118 241
118 279
118 329
118 366
118 660
118 662
118 784
118 789
118 832
119 138
119 184
119 425
119 529
119 699
119 727
119 873
119 897
119 985
120 121
120 125
120 128
120 131
120 326
120 386
120 607
120 615
120 647
120 650
120 672
120 740
120 794
120 867
120 900
121 122
121 126
121 131
121 394
121 676
121 692
121 755
122 125
122 127
122 129
122 412
122 519
122 553
122 595
122 752
122 981
123 140
123 163
123 167
123 207
123 383
123 538
123 592
123 606
123 955
123 983
124 126
124 133
124 137
124 138
124 139
124 307
124 353
124 368
124 601
124 677
124 686
124 756
124 759
125 135
125 136
125 138
125 140
125 201
125 215
125 408
125 480
125 555
125 623
125 654
125 899
126 129
126 133
126 268
126 431
126 568
126 738
126 928
126 929
127 139
127 140
127 432
127 434
127 485
127 664
127 753
127 799
127 831
127 901
128 131
128 135
128 136
128 137
128 140
128 187
128 221
128 345
128 595
128 634
128 710
128 723
128 739
128 771
129 132
129 332
129 458
129 476
129 544
129 707
129 820
129 906
129 982
130 133
130 139
130 152
130 205
130 281
130 353
130 444
130 499
130 613
130 885
130 974
131 132
131 135
131 138
131 187
131 239
131 283
131 332
131 540
131 837
132 133
132 135
132 208
132 307
132 358
132 456
132 494
132 668
132 692
132 814
132 915
133 136
133 138
133 241
133 287
133 324
133 331
133 396
133 439
133 625
134 149
134 169
134 230
134 335
134 360
134 406
134 431
134 550
134 560
134 698
134 700
134 786
134 898
135 136
135 138
135 140
135 175
135 231
135 240
135 249
135 411
135 646
135 663
136 139
136 230
136 259
136 312
136 334
136 364
136 467
136 551
136 582
136 680
136 897
136 930
137 185
137 200
137 231
137 348
137 359
137 425
137 441
137 477
137 551
137 558
137 589
137 919
137 921
137 960
138 416
138 525
138 620
138 760
138 842
138 936
138 945
139 248
139 295
139 476
139 493
139 531
139 705
139 756
139 786
139 831
140 163
140 340
140 693
140 837
140 869
140 889
141 145
141 147
141 149
141 155
141 160
141 165
141 181
141 184
141 185
141 186
141 190
141 192
141 195
141 201
141 203
141 207
141 214
141 217
141 218
141 220
141 223
141 226
141 230
141 234
141 239
141 241
141 242
141 246
141 250
141 251
141 258
141 263
141 264
141 265
141 269
141 361
141 402
141 553
141 897
141 955
142 144
142 154
142 156
142 159
142 165
142 176
142 185
142 190
142 192
142 202
142 206
142 209
142 219
142 225
142 227
142 228
142 229
142 231
142 237
142 241
142 244
142 246
142 247
142 251
142 255
142 257
142 258
142 260
142 270
142 332
142 406
142 428
142 444
142 521
142 662
142 813
142 817
142 823
142 853
143 144
143 147
143 149
143 151
143 153
143 155
143 167
143 171
143 175
143 183
143 188
143 197
143 199
143 201
143 207
143 224
143 227
143 229
143 233
143 235
143 239
143 241
143 246
143 259
143 263
143 265
143 270
143 271
143 274
143 276
143 283
143 395
143 565
143 639
143 665
144 146
144 148
144 160
144 164
144 174
144 180
144 190
144 204
144 212
144 224
144 229
144 233
144 238
144 240
144 246
144 251
144 514
144 527
144 596
144 683
144 709
144 795
144 914
144 970
144 984
145 148
145 152
145 154
145 161
145 169
145 173
145 176
145 178
145 182
145 185
145 189
145 194
145 198
145 208
145 210
145 216
145 217
145 218
145 226
145 238
145 245
145 256
145 263
145 267
145 275
145 278
145 280
145 281
145 428
145 466
145 734
145 888
146 149
146 152
146 156
146 161
146 164
146 169
146 181
146 183
146 185
146 189
146 202
146 203
146 205
146 212
146 213
146 214
146 215
146 218
146 219
146 223
146 229
146 234
146 239
146 240
146 243
146 245
146 251
146 252
146 254
146 259
146 321
146 325
146 453
146 463
146 512
146 516
146 599
146 753
146 765
146 768
147 154
147 156
147 159
147 160
147 165
147 172
147 182
147 184
147 188
147 189
147 198
147 206
147 207
147 211
147 212
147 222
147 227
147 232
147 237
147 242
147 243
147 245
147 248
147 251
147 259
147 266
147 272
147 306
147 463
147 740
147 766
147 812
147 879
147 901
147 983
148 151
148 174
148 179
148 183
148 187
148 194
148 197
148 198
148 199
148 203
148 204
148 205
148 206
148 210
148 217
148 242
148 246
148 252
148 253
148 254
148 255
148 265
148 267
148 270
148 274
148 279
148 291
148 435
148 562
148 633
148 923
148 971
149 151
149 163
149 166
149 176
149 177
149 180
149 184
149 185
149 191
149 204
149 206
149 210
149 216
149 222
149 234
149 235
149 236
149 251
149 252
149 256
149 258
149 260
149 271
149 273
149 278
149 280
149 487
149 701
149 725
149 736
150 153
150 155
150 166
150 174
150 175
150 181
150 185
150 190
150 192
150 193
150 196
150 197
150 199
150 200
150 203
150 207
150 208
150 211
150 213
150 217
150 223
150 225
150 232
150 237
150 257
150 266
150 275
150 279
150 524
150 629
150 692
150 853
151 162
151 178
151 183
151 197
151 202
151 215
151 217
151 218
151 222
151 227
151 228
151 233
151 243
151 250
151 252
151 257
151 261
151 263
151 265
151 271
151 275
151 276
151 277
151 278
151 280
151 281
151 293
151 512
151 578
151 664
151 775
151 779
151 847
151 908
151 935
151 957
152 154
152 155
152 164
152 169
152 171
152 184
152 185
152 187
152 191
152 195
152 197
152 216
152 220
152 227
152 231
152 234
152 245
152 250
152 257
152 277
152 278
152 281
152 332
152 378
152 414
152 433
152 482
152 503
152 553
152 647
152 664
152 914
152 953
152 970
153 154
153 157
153 158
153 163
153 170
153 183
153 190
153 193
153 197
153 201
153 206
153 212
153 217
153 224
153 226
153 235
153 236
153 237
153 240
153 249
153 256
153 261
153 263
153 266
153 276
153 277
153 332
153 361
153 415
153 418
153 562
153 635
153 682
153 741
153 877
153 878
153 922
153 941
154 156
154 164
154 171
154 173
154 178
154 189
154 193
154 199
154 201
154 202
154 207
154 215
154 219
154 220
154 230
154 231
154 240
154 250
154 258
154 261
154 273
154 276
154 278
154 280
154 281
154 322
154 357
154 482
154 518
154 574
154 655
154 670
154 685
154 722
154 849
154 865
155 180
155 183
155 188
155 189
155 192
155 194
155 204
155 211
155 212
155 220
155 224
155 225
155 227
155 229
155 235
155 237
155 239
155 243
155 244
155 247
155 256
155 258
155 261
155 263
155 270
155 488
155 727
155 729
155 735
155 790
155 915
156 190
156 192
156 194
156 195
156 197
156 200
156 205
156 211
156 219
156 223
156 226
156 233
156 234
156 242
156 244
156 247
156 258
156 259
156 267
156 272
156 277
156 309
156 338
156 406
156 436
156 550
156 576
156 612
156 742
156 743
156 820
156 831
156 834
156 885
156 971
157 159
157 162
157 170
157 178
157 180
157 185
157 186
157 190
157 192
157 193
157 198
157 200
157 215
157 221
157 226
157 230
157 233
157 246
157 252
157 276
157 280
157 289
157 348
157 639
157 660
157 736
157 939
157 943
157 981
158 168
158 172
158 189
158 194
158 195
158 200
158 201
158 211
158 213
158 216
158 218
158 219
158 220
158 227
158 229
158 241
158 248
158 251
158 254
158 258
158 261
158 267
158 272
158 277
158 278
158 313
158 354
158 396
158 487
158 892
158 953
159 164
159 169
159 172
159 176
159 183
159 184
159 187
159 200
159 201
159 202
159 207
159 210
159 227
159 229
159 230
159 231
159 245
159 247
159 263
159 269
159 272
159 274
159 281
159 287
159 465
159 504
159 625
159 662
159 664
159 665
159 710
159 863
159 865
159 979
160 162
160 164
160 177
160 181
160 186
160 211
160 213
160 214
160 215
160 228
160 231
160 234
160 244
160 252
160 257
160 261
160 262
160 452
160 577
160 657
160 762
160 942
160 980
161 162
161 171
161 172
161 180
161 185
161 186
161 187
161 189
161 191
161 194
161 201
161 213
161 220
161 230
161 234
161 236
161 240
161 243
161 247
161 249
161 250
161 251
161 254
161 255
161 258
161 271
161 272
161 278
161 281
161 613
161 675
161 728
161 938
162 169
162 171
162 175
162 176
162 184
162 188
162 190
162 191
162 199
162 202
162 207
162 217
162 229
162 230
162 231
162 232
162 236
162 239
162 245
162 246
162 254
162 264
162 269
162 273
162 274
162 280
162 308
162 468
162 475
162 640
162 683
162 925
163 164
163 166
163 171
163 175
163 186
163 187
163 189
163 190
163 193
163 199
163 212
163 217
163 220
163 227
163 245
163 248
163 254
163 255
163 256
163 257
163 262
163 263
163 264
163 266
163 269
163 270
163 271
163 272
163 274
163 276
163 277
163 281
163 283
163 526
163 630
163 800
163 846
163 896
163 952
164 169
164 170
164 173
164 174
164 183
164 190
164 196
164 200
164 204
164 207
164 208
164 212
164 213
164 215
164 216
164 218
164 224
164 233
164 240
164 241
164 244
164 256
164 262
164 264
164 274
164 278
164 367
164 491
164 897
164 925
164 960
165 174
165 175
165 176
165 181
165 186
165 193
165 198
165 214
165 217
165 222
165 240
165 241
165 245
165 246
165 248
165 249
165 269
165 270
165 271
165 275
165 280
165 443
165 548
165 552
165 633
165 772
165 793
165 870
165 892
166 169
166 177
166 181
166 182
166 183
166 186
166 194
166 196
166 208
166 210
166 215
166 225
166 226
166 229
166 230
166 240
166 244
166 249
166 255
166 266
166 274
166 280
166 354
166 400
166 628
166 632
166 810
166 816
166 918
166 948
167 171
167 178
167 202
167 206
167 211
167 221
167 229
167 232
167 237
167 242
167 245
167 253
167 256
167 260
167 262
167 278
167 280
167 450
167 532
167 606
167 646
167 738
167 866
167 870
167 888
167 955
168 170
168 178
168 179
168 183
168 192
168 198
168 199
168 201
168 213
168 222
168 223
168 224
168 230
168 233
168 236
168 238
168 239
168 246
168 258
168 269
168 271
168 273
168 276
168 277
168 280
168 344
168 671
168 693
168 922
169 182
169 184
169 187
169 191
169 199
169 201
169 207
169 209
169 211
169 213
169 215
169 219
169 224
169 227
169 228
169 231
169 234
169 240
169 244
169 251
169 252
169 260
169 275
169 276
169 278
169 288
169 418
169 455
169 490
169 593
169 628
169 765
169 896
169 981
170 180
170 185
170 192
170 203
170 204
170 213
170 216
170 230
170 238
170 240
170 247
170 252
170 254
170 257
170 348
170 415
170 564
170 577
170 758
171 176
171 178
171 183
171 185
171 187
171 188
171 192
171 193
171 195
171 197
171 206
171 207
171 208
171 209
171 211
171 217
171 219
171 222
171 224
171 236
171 240
171 243
171 247
171 254
171 257
171 260
171 264
171 266
171 276
171 329
171 478
171 565
171 726
171 791
171 936
172 178
172 186
172 200
172 209
172 224
172 235
172 239
172 240
172 244
172 246
172 254
172 265
172 272
172 275
172 276
172 279
172 280
172 292
172 682
172 749
172 877
172 916
173 181
173 185
173 190
173 192
173 194
173 199
173 206
173 210
173 216
173 222
173 225
173 231
173 235
173 237
173 243
173 249
173 251
173 257
173 259
173 264
173 265
173 269
173 271
173 272
173 273
173 277
173 278
173 279
173 280
173 613
173 650
173 720
173 775
173 798
173 816
173 848
174 181
174 182
174 184
174 185
174 190
174 192
174 193
174 198
174 202
174 206
174 207
174 211
174 227
174 237
174 238
174 239
174 247
174 257
174 262
174 267
174 270
174 277
174 311
174 334
174 414
174 470
174 490
174 685
174 975
175 179
175 187
175 192
175 199
175 203
175 206
175 207
175 213
175 215
175 217
175 218
175 233
175 234
175 236
175 247
175 249
175 260
175 261
175 265
175 266
175 281
175 400
175 404
175 511
175 520
175 558
175 590
175 627
175 804
175 984
176 177
176 178
176 179
176 181
176 182
176 183
176 192
176 201
176 213
176 219
176 227
176 233
176 237
176 253
176 255
176 257
176 262
176 273
176 442
176 451
176 786
176 909
177 180
177 193
177 195
177 196
177 207
177 210
177 222
177 229
177 232
177 234
177 240
177 245
177 250
177 259
177 263
177 266
177 270
177 771
177 875
177 879
177 966
178 181
178 184
178 193
178 195
178 206
178 213
178 221
178 227
178 228
178 233
178 240
178 244
178 253
178 261
178 270
178 271
178 275
178 289
178 327
178 425
178 447
178 480
178 490
178 559
178 701
178 715
178 743
178 974
179 182
179 187
179 190
179 191
179 195
179 197
179 204
179 205
179 208
179 214
179 220
179 235
179 238
179 242
179 243
179 244
179 246
179 247
179 248
179 255
179 260
179 291
179 300
179 315
179 536
179 539
179 548
179 558
179 700
179 842
179 862
179 874
180 186
180 189
180 190
180 195
180 203
180 205
180 215
180 217
180 220
180 226
180 227
180 230
180 232
180 233
180 238
180 240
180 242
180 251
180 253
180 259
180 265
180 267
180 280
180 429
180 491
180 502
180 606
180 831
181 184
181 193
181 201
181 204
181 211
181 212
181 217
181 232
181 236
181 239
181 252
181 255
181 256
181 260
181 269
181 275
181 278
181 281
181 350
181 434
181 446
181 509
181 729
181 730
181 919
181 939
182 185
182 193
182 195
182 198
182 206
182 229
182 232
182 233
182 246
182 266
182 272
182 275
182 276
182 278
182 307
182 465
182 571
182 574
182 692
182 982
183 186
183 187
183 189
183 190
183 194
183 195
183 198
183 202
183 204
183 217
183 224
183 226
183 227
183 228
183 232
183 234
183 245
183 246
183 252
183 254
183 258
183 260
183 267
183 276
183 288
183 462
183 592
183 631
183 761
183 770
183 950
183 983
184 192
184 201
184 207
184 208
184 209
184 211
184 245
184 248
184 251
184 252
184 258
184 261
184 266
184 268
184 271
184 275
184 281
184 302
184 443
184 562
184 775
184 835
184 873
184 963
184 985
185 186
185 188
185 193
185 207
185 211
185 217
185 222
185 225
185 231
185 233
185 235
185 236
185 249
185 262
185 268
185 269
185 273
185 274
185 276
185 278
185 279
185 280
185 291
185 341
185 379
185 402
185 440
185 474
185 639
185 881
186 191
186 201
186 206
186 212
186 221
186 227
186 246
186 259
186 260
186 262
186 268
186 272
186 350
186 354
186 474
186 480
186 524
186 848
186 955
187 188
187 189
187 191
187 196
187 208
187 213
187 214
187 215
187 225
187 230
187 232
187 235
187 238
187 242
187 243
187 256
187 261
187 263
187 264
187 273
187 275
187 280
187 281
187 773
187 810
187 907
187 924
188 189
188 196
188 226
188 244
188 246
188 250
188 254
188 259
188 266
188 272
188 274
188 280
188 296
188 319
188 367
188 427
188 467
188 586
188 676
188 705
188 731
188 903
189 199
189 207
189 209
189 210
189 212
189 214
189 220
189 223
189 229
189 239
189 252
189 260
189 262
189 263
189 271
189 281
189 335
189 482
189 685
189 686
189 758
189 766
189 771
189 795
189 948
189 955
189 967
190 200
190 203
190 209
190 216
190 217
190 225
190 234
190 235
190 236
190 238
190 246
190 253
190 256
190 266
190 271
190 272
190 537
190 610
190 752
190 874
191 197
191 198
191 204
191 209
191 211
191 213
191 217
191 218
191 221
191 234
191 236
191 238
191 239
191 247
191 259
191 260
191 267
191 268
191 275
191 285
191 329
191 368
191 393
191 544
191 568
191 584
191 703
191 767
191 810
191 908
191 954
192 199
192 200
192 203
192 205
192 215
192 219
192 220
192 251
192 264
192 265
192 267
192 272
192 273
192 277
192 299
192 463
192 739
192 919
193 199
193 202
193 211
193 217
193 221
193 224
193 241
193 247
193 249
193 253
193 254
193 262
193 279
193 281
193 555
193 624
193 631
193 684
193 861
193 971
194 197
194 199
194 202
194 205
194 213
194 217
194 222
194 228
194 231
194 232
194 237
194 239
194 247
194 248
194 254
194 263
194 266
194 273
194 274
194 277
194 278
194 281
194 348
194 429
194 675
194 721
194 724
194 833
194 836
195 201
195 202
195 204
195 207
195 208
195 214
195 216
195 226
195 232
195 237
195 239
195 254
195 268
195 401
195 418
195 589
195 708
195 732
195 744
195 839
195 873
195 899
195 972
196 197
196 200
196 205
196 207
196 208
196 218
196 219
196 229
196 233
196 235
196 238
196 241
196 243
196 247
196 248
196 250
196 255
196 263
196 266
196 268
196 273
196 466
196 492
196 507
196 518
196 561
196 593
196 609
196 692
196 864
196 868
196 886
196 926
196 948
197 204
197 211
197 213
197 218
197 221
197 239
197 242
197 246
197 247
197 250
197 257
197 271
197 510
197 614
197 690
197 757
197 776
197 830
197 990
198 206
198 207
198 219
198 224
198 236
198 242
198 249
198 251
198 256
198 257
198 261
198 272
198 274
198 561
198 596
198 680
198 806
199 200
199 216
199 219
199 224
199 227
199 234
199 242
199 249
199 257
199 262
199 264
199 278
199 280
199 392
199 415
199 486
199 508
199 571
199 887
199 905
200 201
200 207
200 209
200 214
200 215
200 219
200 223
200 231
200 240
200 245
200 248
200 253
200 254
200 262
200 266
200 267
200 271
200 272
200 279
200 280
200 303
200 407
200 453
200 471
200 642
201 202
201 208
201 209
201 211
201 227
201 228
201 233
201 248
201 252
201 257
201 260
201 264
201 270
201 276
201 448
201 584
201 607
201 672
201 704
202 203
202 233
202 247
202 248
202 257
202 269
202 275
202 276
202 278
202 280
202 410
202 450
202 557
202 626
202 754
202 787
202 892
202 894
203 206
203 211
203 213
203 229
203 230
203 234
203 238
203 241
203 243
203 246
203 247
203 248
203 255
203 257
203 259
203 262
203 268
203 272
203 341
203 568
203 716
203 828
203 929
204 225
204 229
204 244
204 252
204 266
204 268
204 281
204 503
204 634
204 703
205 206
205 210
205 214
205 219
205 225
205 235
205 238
205 240
205 250
205 254
205 272
205 273
205 277
205 281
205 354
205 485
205 616
205 702
205 755
205 824
206 213
206 219
206 226
206 232
206 239
206 243
206 255
206 259
206 260
206 261
206 272
206 274
206 277
206 296
206 558
206 567
206 628
206 855
207 208
207 209
207 212
207 214
207 232
207 240
207 250
207 269
207 270
207 271
207 273
207 277
207 278
207 830
208 212
208 214
208 217
208 226
208 227
208 233
208 237
208 240
208 245
208 253
208 263
208 272
208 275
208 277
208 279
208 546
208 558
209 211
209 212
209 215
209 219
209 224
209 229
209 239
209 249
209 255
209 261
209 266
209 272
209 276
209 278
209 281
209 464
209 540
209 583
209 710
209 811
210 211
210 232
210 240
210 245
210 256
210 261
210 262
210 264
210 271
210 276
210 277
210 279
210 298
210 426
210 545
210 611
210 633
210 877
210 883
210 932
211 216
211 217
211 226
211 230
211 232
211 234
211 237
211 242
211 244
211 245
211 246
211 247
211 250
211 256
211 258
211 260
211 267
211 273
211 279
211 280
211 405
211 518
211 572
211 633
211 928
211 934
211 987
212 218
212 219
212 223
212 225
212 239
212 248
212 255
212 258
212 275
212 279
212 326
212 372
212 545
212 762
212 894
213 218
213 225
213 229
213 236
213 247
213 248
213 258
213 260
213 262
213 269
213 270
213 276
213 312
213 322
213 554
213 651
213 676
213 722
213 744
213 759
214 221
214 222
214 223
214 226
214 230
214 239
214 241
214 242
214 246
214 250
214 259
214 265
214 266
214 267
214 269
214 270
214 274
214 376
214 656
214 763
214 778
214 875
214 919
215 234
215 246
215 258
215 259
215 262
215 264
215 265
215 271
215 273
215 274
215 277
215 278
215 590
215 761
215 795
215 853
215 906
216 217
216 220
216 228
216 231
216 233
216 235
216 239
216 246
216 252
216 253
216 259
216 260
216 263
216 265
216 268
216 271
216 273
216 276
216 277
216 281
216 336
216 474
216 698
217 220
217 222
217 224
217 233
217 234
217 238
217 246
217 249
217 250
217 259
217 260
217 571
217 663
217 733
217 826
217 885
217 971
217 982
218 226
218 231
218 234
218 242
218 245
218 252
218 276
218 423
218 452
218 472
218 496
218 641
218 731
218 793
218 818
218 836
218 897
218 926
218 955
218 961
219 222
219 225
219 230
219 232
219 238
219 239
219 244
219 245
219 247
219 249
219 250
219 255
219 261
219 262
219 270
219 275
219 278
219 281
219 415
219 500
219 793
220 227
220 228
220 229
220 234
220 238
220 239
220 246
220 249
220 254
220 255
220 259
220 266
220 275
220 278
220 279
220 280
220 323
220 347
220 389
220 511
220 599
220 834
220 840
220 947
221 239
221 243
221 251
221 253
221 257
221 267
221 269
221 302
221 499
221 617
221 658
221 677
221 732
221 821
221 987
222 224
222 229
222 234
222 241
222 243
222 253
222 260
222 263
222 264
222 266
222 269
222 307
222 505
222 693
222 709
222 767
223 224
223 227
223 242
223 244
223 250
223 263
223 288
223 315
223 361
223 389
223 461
223 601
223 823
224 226
224 228
224 229
224 233
224 238
224 240
224 243
224 249
224 251
224 261
224 262
224 265
224 397
224 417
224 465
224 520
224 537
224 745
225 232
225 233
225 241
225 246
225 253
225 255
225 256
225 263
225 265
225 271
225 275
225 321
225 364
225 450
225 476
225 479
225 598
225 627
225 838
225 862
226 228
226 230
226 231
226 234
226 239
226 246
226 262
226 268
226 273
226 288
226 353
226 414
226 523
226 646
227 244
227 248
227 267
227 273
227 294
227 306
227 419
227 533
227 607
227 946
227 974
228 232
228 238
228 239
228 248
228 252
228 267
228 269
228 273
228 274
228 278
228 325
228 599
228 716
228 752
228 852
228 909
228 950
228 979
229 230
229 231
229 234
229 238
229 246
229 260
229 264
229 268
229 274
229 306
229 520
229 729
229 762
229 829
230 234
230 241
230 247
230 251
230 254
230 255
230 258
230 260
230 261
230 262
230 266
230 270
230 275
230 276
230 280
230 634
230 645
230 735
230 815
231 237
231 243
231 244
231 245
231 246
231 268
231 271
231 279
231 316
231 403
231 520
231 743
231 766
231 800
231 932
231 963
232 236
232 239
232 242
232 243
232 245
232 246
232 249
232 250
232 260
232 265
232 267
232 275
232 321
232 331
232 524
232 531
232 653
232 821
232 864
232 868
232 907
233 234
233 238
233 240
233 243
233 250
233 253
233 254
233 256
233 262
233 263
233 269
233 270
233 273
233 276
233 278
233 394
233 629
233 804
234 236
234 241
234 250
234 251
234 262
234 268
234 275
234 324
234 394
234 430
234 434
234 504
234 700
234 826
234 952
235 236
235 237
235 238
235 243
235 256
235 258
235 268
235 495
235 525
236 249
236 252
236 255
236 258
236 259
236 268
236 270
236 353
236 354
236 414
236 543
236 555
236 889
236 912
237 239
237 240
237 242
237 244
237 250
237 255
237 257
237 258
237 261
237 268
237 278
237 280
237 316
237 324
237 388
237 487
237 495
237 507
237 549
237 630
237 704
237 765
237 849
237 949
237 955
237 974
238 241
238 242
238 247
238 248
238 255
238 267
238 268
238 269
238 273
238 275
238 277
238 287
238 306
238 481
238 871
238 873
238 882
238 913
239 241
239 249
239 264
239 269
239 272
239 277
239 278
239 505
239 655
239 742
239 856
239 945
239 961
240 246
240 254
240 258
240 261
240 271
240 276
240 279
240 390
240 492
240 526
240 554
240 924
240 953
240 971
241 247
241 251
241 255
241 257
241 269
241 275
241 280
241 281
241 320
241 321
241 454
241 622
241 672
241 677
241 689
241 828
241 863
241 950
242 244
242 250
242 251
242 254
242 258
242 265
242 323
242 332
242 524
242 536
242 590
242 622
242 965
243 245
243 248
243 249
243 253
243 254
243 257
243 260
243 263
243 274
243 277
243 280
243 392
243 481
243 626
243 637
243 664
243 754
243 870
243 890
244 245
244 249
244 259
244 260
244 262
244 264
244 271
244 272
244 280
244 282
244 350
244 412
244 486
244 562
244 575
244 585
244 598
244 600
244 892
244 967
245 256
245 258
245 262
245 265
245 275
245 276
245 308
245 325
245 361
245 451
245 529
245 620
245 703
245 775
245 824
245 842
245 908
245 935
246 247
246 249
246 263
246 265
246 266
246 267
246 276
246 279
246 281
246 317
246 403
246 480
246 702
246 798
246 909
247 258
247 260
247 263
247 275
247 277
247 280
247 379
247 593
247 715
248 255
248 257
248 259
248 262
248 270
248 277
248 278
248 402
248 434
248 678
248 741
248 771
248 933
249 270
249 278
249 279
249 283
249 393
249 430
249 610
249 637
249 792
249 846
249 901
250 253
250 259
250 268
250 270
250 277
250 278
250 279
250 351
250 360
250 424
250 439
250 442
250 701
250 705
250 825
250 934
251 252
251 255
251 258
251 259
251 261
251 271
251 272
251 577
252 257
252 259
252 261
252 265
252 269
252 467
252 498
252 863
253 258
253 259
253 266
253 268
253 270
253 274
253 275
253 309
253 332
253 362
253 420
253 587
253 608
253 877
253 878
253 884
253 958
254 263
254 264
254 268
254 270
254 272
254 275
254 279
254 742
254 787
254 903
255 263
255 268
255 269
255 273
255 274
255 291
255 378
255 379
255 462
255 473
255 576
255 607
255 610
255 811
256 259
256 262
256 263
256 276
256 673
256 861
256 953
257 262
257 263
257 265
257 266
257 270
257 280
257 283
257 298
257 312
257 412
257 479
257 507
257 605
257 609
257 691
257 735
257 885
257 930
258 263
258 276
258 278
258 279
258 381
258 502
258 700
258 772
259 261
259 268
259 520
259 552
259 565
259 619
259 692
259 718
260 264
260 265
260 270
260 273
260 427
260 494
260 634
260 660
260 713
260 925
261 265
261 268
261 271
261 276
261 277
261 347
261 394
261 484
261 579
261 712
261 768
261 917
262 265
262 268
262 270
262 276
262 278
262 279
262 370
262 473
262 528
262 629
262 829
262 967
263 268
263 412
263 587
263 600
263 651
263 849
263 854
264 271
264 274
264 279
264 281
264 388
264 394
264 532
264 613
264 677
264 783
264 796
265 302
265 353
265 476
265 489
265 575
265 627
265 683
265 856
265 866
265 874
265 970
266 269
266 277
266 373
266 516
266 677
266 717
266 787
267 271
267 274
267 277
267 516
267 525
267 555
267 768
267 848
267 921
268 270
268 272
268 432
268 678
268 702
268 707
268 732
268 874
269 274
269 278
269 280
269 326
269 354
269 687
270 271
270 275
270 279
270 347
270 349
270 375
270 418
270 527
270 629
270 633
270 680
270 820
270 915
271 274
271 275
271 291
271 381
271 432
271 500
271 524
271 931
272 321
272 620
272 865
272 918
272 926
272 946
273 275
273 276
273 280
273 346
273 375
273 456
273 535
273 617
273 789
273 826
273 847
274 277
274 319
274 367
274 423
274 455
274 471
274 491
274 680
274 852
274 893
274 898
274 935
274 952
275 321
275 341
275 552
275 578
275 713
275 796
275 916
275 933
275 956
275 958
276 335
276 347
276 445
276 525
276 536
277 412
277 509
277 517
277 544
277 854
277 943
277 956
278 466
278 554
278 631
278 643
278 825
278 878
278 941
279 357
279 461
279 462
279 466
279 608
279 635
279 824
279 834
280 336
280 392
280 476
280 803
280 913
280 983
281 312
281 320
281 354
281 566
281 677
281 766
281 770
281 771
281 885
281 919
282 285
282 286
282 293
282 296
282 299
282 305
282 308
282 317
282 320
282 335
282 340
282 342
282 349
282 351
282 359
282 364
282 373
282 380
282 381
282 388
282 391
282 402
282 406
282 487
282 606
282 627
282 736
282 758
282 820
282 921
282 984
283 288
283 309
283 314
283 318
283 319
283 321
283 322
283 326
283 330
283 332
283 333
283 337
283 342
283 343
283 346
283 356
283 357
283 363
283 365
283 370
283 371
283 378
283 391
283 394
283 400
283 401
283 403
283 406
283 412
283 416
283 420
283 453
283 593
283 852
283 859
283 889
284 291
284 295
284 316
284 319
284 324
284 326
284 331
284 337
284 342
284 343
284 353
284 358
284 362
284 364
284 365
284 402
284 417
284 503
284 622
284 778
284 784
284 807
284 834
285 292
285 294
285 299
285 302
285 304
285 305
285 308
285 310
285 319
285 320
285 322
285 323
285 328
285 333
285 334
285 338
285 341
285 342
285 347
285 372
285 373
285 380
285 386
285 392
285 399
285 402
285 404
285 408
285 409
285 412
285 416
285 819
285 824
285 883
286 295
286 301
286 304
286 317
286 320
286 324
286 326
286 335
286 336
286 349
286 354
286 364
286 367
286 369
286 370
286 375
286 378
286 386
286 390
286 391
286 393
286 394
286 396
286 400
286 405
286 413
286 416
286 424
286 518
286 602
286 750
286 760
286 789
286 888
287 289
287 303
287 304
287 307
287 314
287 320
287 329
287 330
287 331
287 335
287 338
287 351
287 353
287 361
287 367
287 377
287 388
287 392
287 398
287 412
287 414
287 522
287 609
287 651
287 937
288 290
288 293
288 294
288 298
288 301
288 303
288 327
288 328
288 347
288 349
288 357
288 363
288 367
288 372
288 379
288 380
288 384
288 389
288 414
288 417
288 422
288 449
288 609
289 292
289 299
289 300
289 302
289 305
289 318
289 331
289 332
289 338
289 342
289 345
289 370
289 372
289 373
289 378
289 379
289 394
289 396
289 398
289 399
289 402
289 408
289 413
289 418
289 483
289 641
290 294
290 297
290 301
290 302
290 303
290 307
290 314
290 318
290 320
290 338
290 351
290 357
290 367
290 369
290 373
290 374
290 377
290 390
290 399
290 402
290 406
290 410
290 419
290 421
290 500
290 545
290 620
290 688
290 919
291 295
291 296
291 306
291 310
291 311
291 312
291 314
291 315
291 317
291 319
291 332
291 334
291 335
291 347
291 353
291 361
291 362
291 364
291 367
291 377
291 379
291 381
291 384
291 385
291 386
291 403
291 407
291 417
291 420
291 525
291 580
291 795
292 295
292 297
292 304
292 309
292 325
292 335
292 342
292 345
292 349
292 351
292 354
292 355
292 364
292 365
292 367
292 368
292 369
292 373
292 376
292 395
292 396
292 398
292 400
292 404
292 406
292 407
292 410
292 411
292 414
292 415
292 499
292 789
292 852
292 874
293 296
293 297
293 304
293 309
293 314
293 319
293 324
293 329
293 331
293 338
293 344
293 347
293 354
293 372
293 384
293 397
293 398
293 400
293 403
293 412
293 414
293 714
293 735
293 742
293 821
294 300
294 305
294 306
294 319
294 326
294 344
294 351
294 354
294 357
294 359
294 363
294 371
294 377
294 381
294 396
294 398
294 399
294 414
294 416
294 424
294 511
294 548
294 580
294 685
294 752
294 774
294 867
294 875
294 895
294 921
294 966
295 298
295 300
295 302
295 303
295 307
295 313
295 321
295 323
295 325
295 326
295 329
295 330
295 331
295 335
295 344
295 345
295 348
295 351
295 353
295 355
295 358
295 360
295 369
295 370
295 377
295 380
295 384
295 386
295 388
295 393
295 419
295 420
295 452
295 651
295 680
295 712
295 734
295 758
295 773
295 816
296 306
296 310
296 316
296 320
296 324
296 326
296 332
296 333
296 336
296 337
296 345
296 347
296 354
296 356
296 367
296 370
296 373
296 386
296 388
296 389
296 405
296 412
296 421
296 448
296 894
297 311
297 313
297 314
297 315
297 322
297 323
297 325
297 326
297 327
297 328
297 330
297 340
297 342
297 343
297 348
297 363
297 364
297 366
297 367
297 370
297 382
297 388
297 400
297 404
297 411
297 413
297 418
297 419
297 476
297 795
298 306
298 312
298 313
298 323
298 328
298 330
298 333
298 341
298 342
298 344
298 345
298 347
298 352
298 353
298 357
298 362
298 366
298 372
298 381
298 386
298 392
298 393
298 396
298 403
298 407
298 474
298 479
298 594
298 649
298 761
298 824
298 843
298 848
299 302
299 305
299 307
299 309
299 311
299 312
299 320
299 321
299 341
299 343
299 344
299 345
299 351
299 354
299 355
299 366
299 369
299 375
299 378
299 381
299 400
299 404
299 409
299 412
299 414
299 415
299 416
299 417
299 420
299 423
299 500
299 533
299 609
299 844
299 874
300 305
300 306
300 312
300 320
300 328
300 337
300 338
300 346
300 353
300 357
300 365
300 370
300 380
300 381
300 388
300 390
300 411
300 413
300 415
300 420
300 422
300 497
300 531
300 563
300 755
301 310
301 318
301 324
301 325
301 329
301 331
301 333
301 340
301 344
301 345
301 352
301 353
301 354
301 358
301 365
301 372
301 379
301 381
301 391
301 392
301 394
301 407
301 410
301 411
301 413
301 418
301 565
301 760
301 925
301 929
301 957
302 311
302 312
302 313
302 315
302 318
302 322
302 326
302 328
302 334
302 335
302 346
302 350
302 361
302 373
302 377
302 383
302 392
302 409
302 412
302 417
302 423
302 452
302 503
302 606
302 746
303 304
303 305
303 316
303 317
303 319
303 325
303 331
303 334
303 341
303 343
303 347
303 353
303 355
303 358
303 359
303 361
303 367
303 368
303 370
303 371
303 374
303 375
303 382
303 384
303 389
303 392
303 393
303 397
303 400
303 402
303 404
303 405
303 406
303 411
303 413
303 420
303 501
303 725
303 732
303 946
304 305
304 315
304 317
304 322
304 323
304 330
304 331
304 336
304 338
304 344
304 346
304 351
304 354
304 359
304 362
304 377
304 385
304 387
304 388
304 396
304 398
304 401
304 407
304 414
304 415
304 421
304 708
304 733
304 842
305 307
305 310
305 313
305 314
305 315
305 318
305 319
305 333
305 336
305 339
305 347
305 352
305 353
305 372
305 377
305 381
305 389
305 394
305 410
305 414
305 415
305 416
305 420
305 437
305 442
305 555
305 578
305 582
305 944
306 310
306 312
306 319
306 322
306 323
306 324
306 328
306 331
306 333
306 340
306 342
306 348
306 353
306 361
306 367
306 371
306 373
306 378
306 380
306 386
306 393
306 395
306 401
306 404
306 416
306 418
306 419
306 420
306 432
306 493
306 524
306 581
306 689
306 898
307 310
307 311
307 318
307 319
307 332
307 333
307 336
307 338
307 350
307 352
307 356
307 372
307 374
307 377
307 392
307 395
307 397
307 400
307 409
307 412
307 414
307 415
307 417
307 676
307 866
307 867
307 967
308 318
308 336
308 338
308 343
308 349
308 351
308 359
308 360
308 361
308 362
308 370
308 376
308 377
308 379
308 383
308 393
308 397
308 398
308 412
308 413
308 420
308 422
308 447
308 483
308 485
308 660
308 797
308 814
308 871
309 318
309 319
309 320
309 326
309 331
309 349
309 354
309 365
309 368
309 370
309 373
309 374
309 380
309 382
309 389
309 391
309 401
309 414
309 417
309 419
309 471
309 477
309 697
309 819
309 905
310 313
310 316
310 317
310 320
310 322
310 325
310 332
310 333
310 341
310 342
310 343
310 353
310 358
310 359
310 367
310 369
310 372
310 382
310 385
310 386
310 387
310 391
310 397
310 405
310 406
310 415
310 417
310 472
310 512
310 626
310 634
310 705
310 726
310 867
310 883
310 939
311 316
311 333
311 336
311 346
311 357
311 360
311 365
311 367
311 369
311 375
311 377
311 393
311 395
311 396
311 397
311 399
311 400
311 402
311 404
311 410
311 416
311 421
311 511
311 552
311 568
311 631
311 746
311 795
311 947
312 313
312 318
312 320
312 324
312 329
312 331
312 341
312 346
312 348
312 351
312 354
312 370
312 372
312 374
312 376
312 377
312 394
312 407
312 413
312 414
312 420
312 500
312 509
312 558
312 637
312 645
312 749
312 798
313 316
313 317
313 330
313 332
313 346
313 353
313 354
313 360
313 362
313 365
313 368
313 371
313 373
313 383
313 390
313 391
313 392
313 396
313 398
313 406
313 489
313 515
313 618
313 700
313 844
313 882
313 932
314 332
314 342
314 346
314 347
314 353
314 364
314 367
314 372
314 384
314 392
314 393
314 404
314 408
314 412
314 416
314 733
314 883
314 914
314 951
315 318
315 322
315 323
315 328
315 332
315 333
315 335
315 336
315 339
315 341
315 367
315 368
315 371
315 379
315 389
315 401
315 409
315 446
315 529
315 723
315 800
315 857
315 860
316 317
316 319
316 323
316 324
316 328
316 331
316 335
316 340
316 341
316 342
316 344
316 350
316 356
316 363
316 370
316 372
316 377
316 385
316 391
316 393
316 407
316 409
316 410
316 477
316 578
316 595
316 788
316 870
317 321
317 325
317 331
317 333
317 334
317 336
317 338
317 348
317 350
317 358
317 360
317 363
317 377
317 380
317 390
317 392
317 393
317 396
317 402
317 405
317 411
317 413
317 415
317 419
317 421
317 422
317 571
317 914
317 934
317 988
318 319
318 320
318 321
318 326
318 328
318 336
318 340
318 354
318 356
318 359
318 361
318 373
318 377
318 387
318 390
318 392
318 393
318 401
318 403
318 405
318 415
318 416
318 421
318 549
318 710
318 773
318 870
319 322
319 328
319 339
319 341
319 342
319 343
319 344
319 347
319 351
319 362
319 367
319 368
319 369
319 371
319 381
319 384
319 390
319 397
319 415
319 416
319 417
319 421
319 545
319 551
319 563
319 671
319 721
319 781
319 796
319 808
319 848
319 904
320 326
320 327
320 329
320 340
320 341
320 352
320 354
320 355
320 359
320 367
320 369
320 371
320 372
320 373
320 388
320 396
320 401
320 402
320 410
320 413
320 417
320 625
320 919
321 332
321 335
321 337
321 339
321 349
321 350
321 359
321 382
321 383
321 385
321 390
321 399
321 400
321 407
321 408
321 410
321 416
321 417
321 421
321 422
321 431
321 576
321 609
321 652
321 660
321 801
322 325
322 326
322 328
322 330
322 333
322 335
322 338
322 339
322 340
322 342
322 343
322 352
322 359
322 364
322 372
322 377
322 392
322 395
322 402
322 405
322 407
322 412
322 414
322 423
322 515
322 558
322 604
322 700
322 896
322 962
323 325
323 331
323 335
323 338
323 342
323 345
323 352
323 353
323 358
323 361
323 362
323 364
323 367
323 371
323 380
323 388
323 396
323 397
323 402
323 413
323 416
323 420
323 435
323 571
323 711
323 866
324 328
324 347
324 353
324 364
324 368
324 381
324 385
324 400
324 417
324 420
324 421
324 430
324 618
324 704
324 761
324 891
324 907
324 920
324 921
325 330
325 337
325 338
325 339
325 347
325 350
325 352
325 355
325 366
325 368
325 372
325 374
325 377
325 379
325 381
325 387
325 389
325 391
325 410
325 417
325 540
325 623
326 332
326 338
326 344
326 347
326 350
326 355
326 364
326 365
326 367
326 372
326 373
326 379
326 382
326 385
326 386
326 396
326 398
326 399
326 408
326 409
326 410
326 420
326 577
326 640
326 743
326 833
327 335
327 336
327 338
327 340
327 343
327 354
327 357
327 363
327 365
327 366
327 367
327 369
327 372
327 379
327 386
327 389
327 404
327 416
327 418
327 652
327 781
327 941
328 331
328 333
328 342
328 343
328 344
328 347
328 350
328 356
328 359
328 363
328 368
328 370
328 379
328 380
328 387
328 389
328 390
328 393
328 396
328 411
328 412
328 414
328 416
328 481
328 514
329 333
329 343
329 351
329 353
329 355
329 364
329 372
329 381
329 384
329 387
329 389
329 391
329 393
329 402
329 408
329 420
329 721
329 724
329 763
329 790
329 850
329 860
330 335
330 336
330 340
330 353
330 355
330 356
330 358
330 368
330 370
330 372
330 375
330 397
330 399
330 400
330 402
330 403
330 404
330 405
330 410
330 413
330 415
330 417
330 420
330 422
330 670
330 724
330 725
330 741
330 824
330 844
330 896
330 927
331 333
331 335
331 345
331 346
331 347
331 349
331 358
331 364
331 365
331 368
331 369
331 371
331 373
331 378
331 397
331 401
331 402
331 405
331 406
331 417
331 419
331 584
331 585
331 599
331 638
331 794
331 859
331 888
332 338
332 344
332 345
332 348
332 349
332 353
332 356
332 357
332 358
332 359
332 370
332 375
332 383
332 395
332 397
332 410
332 411
332 416
332 687
332 819
332 926
332 985
333 336
333 341
333 345
333 347
333 348
333 350
333 353
333 354
333 355
333 356
333 359
333 362
333 366
333 370
333 375
333 377
333 380
333 384
333 387
333 390
333 396
333 408
333 409
333 414
333 417
333 418
333 422
333 620
333 649
334 339
334 342
334 347
334 349
334 351
334 353
334 361
334 367
334 370
334 374
334 378
334 380
334 382
334 393
334 509
334 526
334 659
335 338
335 340
335 346
335 347
335 354
335 364
335 371
335 372
335 377
335 382
335 383
335 393
335 405
335 407
335 410
335 411
335 415
335 419
335 653
335 770
335 815
335 895
335 896
335 924
335 945
335 981
336 342
336 344
336 346
336 350
336 352
336 353
336 360
336 362
336 364
336 367
336 374
336 377
336 382
336 384
336 386
336 394
336 398
336 403
336 414
336 422
336 451
336 458
336 510
336 569
336 651
336 681
336 682
336 702
336 755
336 878
336 937
337 342
337 349
337 357
337 364
337 366
337 367
337 374
337 413
337 416
337 417
337 420
337 520
337 594
337 718
337 752
337 972
338 344
338 345
338 348
338 350
338 351
338 353
338 354
338 357
338 362
338 368
338 371
338 373
338 383
338 388
338 391
338 394
338 395
338 398
338 399
338 401
338 402
338 403
338 404
338 407
338 415
338 418
338 422
338 432
338 480
338 500
338 627
338 714
338 978
339 342
339 347
339 359
339 360
339 366
339 367
339 371
339 373
339 375
339 379
339 380
339 384
339 385
339 387
339 393
339 395
339 399
339 408
339 410
339 414
339 418
339 440
339 474
339 674
339 677
339 890
340 343
340 353
340 354
340 355
340 356
340 362
340 363
340 377
340 381
340 399
340 413
340 417
340 626
340 662
340 751
340 910
340 934
341 342
341 343
341 349
341 354
341 357
341 359
341 369
341 377
341 381
341 382
341 386
341 387
341 396
341 413
341 422
341 451
341 485
341 581
341 651
341 729
341 767
341 813
341 905
342 350
342 352
342 353
342 356
342 361
342 362
342 363
342 364
342 369
342 371
342 375
342 376
342 380
342 382
342 385
342 387
342 388
342 393
342 398
342 406
342 407
342 422
342 434
342 458
342 918
343 354
343 365
343 366
343 368
343 376
343 378
343 379
343 386
343 387
343 389
343 390
343 391
343 394
343 398
343 407
343 410
343 415
343 421
343 591
343 622
343 651
343 676
343 828
343 843
343 883
343 896
343 904
343 944
344 361
344 366
344 368
344 376
344 378
344 381
344 386
344 399
344 400
344 405
344 413
344 416
344 417
344 456
344 592
344 763
344 838
344 859
345 352
345 357
345 359
345 362
345 376
345 378
345 379
345 382
345 383
345 401
345 411
345 518
345 558
345 635
345 697
345 723
346 347
346 352
346 357
346 380
346 385
346 386
346 392
346 399
346 401
346 404
346 405
346 407
346 408
346 410
346 412
346 634
346 701
346 806
346 879
347 360
347 364
347 373
347 384
347 389
347 395
347 396
347 397
347 399
347 404
347 406
347 412
347 416
347 661
347 665
347 678
347 777
347 782
347 837
348 349
348 351
348 353
348 356
348 358
348 359
348 360
348 361
348 366
348 372
348 390
348 392
348 395
348 397
348 398
348 403
348 407
348 410
348 414
348 418
348 420
348 517
348 697
348 717
348 804
349 351
349 356
349 360
349 362
349 388
349 393
349 394
349 397
349 405
349 418
349 430
349 449
349 471
349 665
349 771
349 895
350 354
350 355
350 357
350 360
350 368
350 369
350 372
350 398
350 403
350 404
350 415
350 494
350 536
350 548
350 747
351 352
351 357
351 367
351 368
351 369
351 378
351 379
351 395
351 396
351 397
351 400
351 406
351 420
351 683
352 355
352 359
352 361
352 365
352 366
352 370
352 373
352 377
352 383
352 384
352 393
352 398
352 402
352 406
352 407
352 410
352 419
352 422
352 697
352 711
352 800
352 814
352 963
353 357
353 358
353 362
353 363
353 369
353 374
353 376
353 382
353 389
353 393
353 395
353 401
353 403
353 411
353 413
353 422
353 487
353 572
353 727
353 773
353 818
353 907
354 362
354 364
354 367
354 376
354 379
354 381
354 382
354 386
354 397
354 398
354 400
354 404
354 411
354 413
354 526
354 709
354 751
354 870
355 356
355 359
355 364
355 380
355 384
355 386
355 387
355 396
355 410
355 411
355 415
355 416
355 422
355 427
355 564
355 602
355 625
355 650
355 685
355 711
356 362
356 369
356 370
356 375
356 377
356 392
356 399
356 402
356 410
356 411
356 414
356 415
356 417
356 419
356 472
356 519
356 669
356 679
356 747
356 988
357 361
357 371
357 381
357 384
357 385
357 387
357 388
357 389
357 394
357 397
357 398
357 410
357 412
357 415
357 443
357 570
357 581
357 856
357 936
357 960
358 360
358 371
358 376
358 387
358 389
358 391
358 396
358 397
358 398
358 399
358 400
358 404
358 405
358 408
358 417
358 421
358 422
358 496
358 555
358 690
358 866
359 365
359 369
359 370
359 376
359 378
359 383
359 390
359 394
359 395
359 401
359 402
359 403
359 404
359 405
359 411
359 415
359 417
359 516
359 570
359 664
360 361
360 372
360 375
360 393
360 397
360 401
360 405
360 409
360 414
360 418
360 443
360 805
360 905
360 917
360 929
361 362
361 367
361 379
361 380
361 386
361 392
361 394
361 404
361 410
361 411
361 414
361 418
361 420
361 421
361 552
361 721
362 368
362 370
362 372
362 374
362 376
362 378
362 386
362 387
362 389
362 390
362 396
362 399
362 404
362 413
362 421
362 452
362 585
362 598
362 704
363 371
363 375
363 377
363 398
363 399
363 402
363 406
363 408
363 497
363 537
363 541
363 594
363 610
363 715
363 774
363 887
364 370
364 372
364 374
364 375
364 388
364 392
364 407
364 417
364 421
365 366
365 372
365 382
365 386
365 387
365 401
365 403
365 405
365 407
365 410
365 415
365 420
365 438
365 533
365 558
365 683
365 863
366 368
366 370
366 374
366 378
366 381
366 389
366 396
366 417
366 595
366 695
366 768
366 889
366 903
366 945
367 369
367 372
367 386
367 402
367 408
367 409
367 410
367 415
367 416
367 417
367 481
367 499
367 524
367 536
367 682
367 709
368 373
368 374
368 384
368 389
368 392
368 396
368 400
368 404
368 407
368 415
368 420
368 447
368 579
368 851
368 868
368 888
368 943
369 375
369 377
369 379
369 380
369 386
369 390
369 400
369 401
369 406
369 409
369 410
369 414
369 416
369 417
369 712
369 716
369 793
369 878
369 960
370 375
370 376
370 379
370 382
370 383
370 389
370 391
370 392
370 395
370 399
370 400
370 403
370 408
370 414
370 416
370 420
370 458
370 511
370 555
370 736
370 779
370 960
371 378
371 379
371 386
371 391
371 394
371 407
371 414
371 417
371 471
371 751
371 755
371 796
371 826
372 375
372 381
372 389
372 390
372 393
372 397
372 400
372 406
372 409
372 412
372 418
372 419
372 485
372 496
372 497
372 548
372 745
372 836
372 839
372 846
372 891
372 964
373 374
373 377
373 378
373 379
373 381
373 382
373 389
373 412
373 462
373 481
373 558
373 763
373 841
374 379
374 380
374 384
374 385
374 386
374 398
374 405
374 408
374 412
374 417
374 418
374 420
374 566
374 597
374 616
374 637
374 795
374 856
374 921
375 380
375 387
375 390
375 392
375 394
375 411
375 414
375 415
375 420
375 450
375 526
375 574
375 635
375 667
375 779
375 832
375 952
376 377
376 381
376 388
376 392
376 395
376 397
376 405
376 406
376 415
376 417
376 449
376 644
376 747
376 840
376 844
376 845
376 882
376 924
376 926
377 380
377 382
377 389
377 393
377 403
377 409
377 410
377 415
377 432
377 474
377 522
377 527
377 556
377 622
377 772
377 775
377 776
377 791
377 871
378 381
378 383
378 384
378 386
378 387
378 399
378 401
378 407
378 409
378 415
378 416
378 429
378 552
378 614
379 382
379 388
379 392
379 407
379 413
379 506
379 581
379 709
379 811
379 841
379 990
380 395
380 398
380 407
380 409
380 411
380 413
380 417
380 418
380 419
380 421
380 461
380 558
380 626
380 763
380 780
381 387
381 391
381 392
381 395
381 397
381 413
381 416
381 420
381 448
381 486
381 515
381 556
381 603
381 795
381 821
382 385
382 386
382 390
382 395
382 397
382 399
382 403
382 406
382 408
382 413
382 415
382 421
382 498
382 508
382 619
382 954
383 384
383 387
383 396
383 398
383 407
383 415
383 416
383 508
383 576
383 661
384 388
384 395
384 398
384 404
384 406
384 408
384 410
384 420
384 490
384 525
384 568
384 632
384 634
384 729
384 737
384 798
385 387
385 396
385 401
385 403
385 409
385 410
385 412
385 636
385 837
386 399
386 402
386 407
386 410
386 411
386 412
386 415
386 416
386 489
386 514
386 665
386 980
386 986
387 413
387 418
387 419
387 430
387 504
387 507
387 545
387 583
387 612
387 675
387 787
387 989
388 407
388 409
388 414
388 420
388 478
388 544
389 390
389 401
389 402
389 405
389 406
389 407
389 409
389 416
389 419
389 422
389 918
390 392
390 397
390 403
390 408
390 416
390 417
390 418
390 420
390 421
390 601
390 691
390 868
390 927
390 982
391 398
391 415
391 420
391 422
391 538
391 760
391 826
392 393
392 399
392 403
392 409
392 533
392 595
392 598
392 821
392 829
392 874
392 923
393 399
393 401
393 402
393 403
393 409
393 420
393 600
393 607
393 632
393 681
393 755
393 782
393 914
393 985
393 988
394 406
394 411
394 412
394 417
394 430
394 436
394 495
394 831
394 881
395 397
395 400
395 405
395 413
395 454
395 694
395 761
395 857
395 905
395 944
395 980
396 412
396 596
396 606
396 698
396 722
396 789
396 826
396 922
397 398
397 402
397 404
397 406
397 614
397 652
397 870
397 908
397 952
398 399
398 406
398 409
398 411
398 478
398 969
399 400
399 401
399 415
399 417
399 420
399 492
399 528
399 730
399 863
399 990
400 403
400 404
400 419
400 476
400 496
400 570
400 578
400 602
400 617
400 712
400 746
400 768
400 822
400 987
401 411
401 414
401 419
401 420
401 516
401 651
401 853
401 864
401 888
401 956
401 987
402 413
402 414
402 656
402 687
402 902
402 919
402 962
402 990
403 404
403 407
403 409
403 419
403 644
403 667
404 405
404 406
404 414
404 529
404 536
404 682
404 722
404 859
404 989
405 406
405 409
405 415
405 422
405 435
405 458
405 611
405 622
405 623
405 642
405 890
405 945
406 408
406 409
406 410
406 516
406 605
406 632
406 681
407 482
407 814
407 853
407 910
407 945
408 415
408 419
408 532
408 639
408 704
408 707
408 850
409 412
409 415
409 416
409 422
409 727
409 892
409 942
409 955
410 412
410 417
410 418
410 420
410 665
410 729
410 776
410 843
410 909
410 938
411 412
411 415
411 416
411 422
411 503
411 610
411 743
411 748
411 794
411 811
411 834
411 884
411 940
411 956
412 413
412 416
412 422
412 494
412 500
412 653
412 766
412 962
413 419
413 421
413 488
413 567
413 579
413 619
413 679
413 701
413 733
413 974
413 976
414 421
414 565
414 714
414 716
414 797
414 835
414 885
414 919
415 416
415 432
415 465
415 491
415 496
415 772
415 799
415 954
416 421
416 602
416 735
416 874
416 954
417 420
417 437
417 483
417 586
417 592
417 628
417 666
417 811
417 948
418 420
418 847
419 537
419 792
419 852
419 982
420 620
420 749
420 857
421 570
421 818
421 869
422 605
422 624
422 730
422 825
422 925
423 425
423 438
423 439
423 442
423 459
423 464
423 465
423 469
423 478
423 481
423 496
423 497
423 504
423 510
423 512
423 523
423 529
423 537
423 546
423 553
423 560
423 580
423 644
423 699
423 898
423 913
423 928
424 433
424 440
424 444
424 445
424 449
424 455
424 460
424 462
424 467
424 486
424 504
424 519
424 528
424 532
424 537
424 551
424 552
424 557
424 640
424 890
424 917
424 945
425 464
425 470
425 471
425 479
425 480
425 481
425 489
425 493
425 500
425 511
425 512
425 517
425 521
425 522
425 526
425 530
425 542
425 551
425 552
425 556
425 557
425 560
425 562
425 734
425 783
426 428
426 429
426 431
426 432
426 436
426 441
426 444
426 447
426 458
426 460
426 468
426 469
426 479
426 480
426 487
426 505
426 507
426 509
426 512
426 515
426 516
426 534
426 547
426 553
426 554
426 560
426 640
426 679
426 752
426 938
427 430
427 431
427 433
427 441
427 448
427 452
427 459
427 462
427 466
427 472
427 476
427 479
427 480
427 485
427 492
427 495
427 500
427 503
427 520
427 522
427 531
427 532
427 534
427 535
427 544
427 547
427 550
427 553
427 556
427 559
427 560
427 818
427 963
427 964
428 439
428 446
428 448
428 451
428 452
428 462
428 464
428 465
428 467
428 468
428 471
428 477
428 479
428 486
428 493
428 496
428 510
428 511
428 518
428 522
428 544
428 554
428 556
428 561
429 432
429 434
429 439
429 442
429 446
429 461
429 464
429 466
429 470
429 472
429 476
429 487
429 488
429 495
429 496
429 500
429 501
429 507
429 508
429 517
429 528
429 531
429 537
429 546
429 549
429 561
429 563
429 576
429 584
429 788
429 801
429 886
429 942
429 974
430 431
430 432
430 435
430 438
430 441
430 444
430 450
430 454
430 455
430 459
430 460
430 461
430 464
430 472
430 474
430 482
430 483
430 490
430 503
430 505
430 510
430 514
430 517
430 521
430 525
430 527
430 531
430 532
430 537
430 543
430 626
430 629
430 860
430 984
431 434
431 449
431 450
431 453
431 460
431 462
431 464
431 480
431 500
431 506
431 507
431 510
431 516
431 518
431 522
431 525
431 526
431 541
431 542
431 551
431 553
431 566
431 626
431 749
432 433
432 436
432 438
432 448
432 452
432 454
432 458
432 461
432 467
432 468
432 469
432 471
432 475
432 479
432 491
432 495
432 499
432 503
432 505
432 531
432 553
432 555
432 561
432 943
433 436
433 443
433 461
433 465
433 471
433 474
433 479
433 484
433 487
433 506
433 507
433 525
433 535
433 536
433 539
433 540
433 543
433 550
433 622
433 769
433 807
433 835
433 893
434 436
434 437
434 439
434 449
434 460
434 465
434 466
434 469
434 473
434 478
434 481
434 482
434 483
434 485
434 494
434 502
434 519
434 520
434 527
434 528
434 541
434 546
434 548
434 549
434 552
434 555
434 564
434 752
434 889
434 898
434 928
435 437
435 444
435 466
435 468
435 469
435 470
435 476
435 480
435 483
435 505
435 507
435 510
435 514
435 515
435 520
435 528
435 532
435 534
435 536
435 537
435 539
435 541
435 544
435 550
435 551
435 554
435 557
435 560
435 599
435 705
435 892
436 437
436 444
436 459
436 462
436 469
436 481
436 482
436 486
436 489
436 493
436 495
436 497
436 499
436 506
436 513
436 516
436 523
436 534
436 538
436 540
436 552
436 563
436 650
436 834
436 856
436 895
436 951
437 440
437 445
437 449
437 450
437 453
437 459
437 461
437 475
437 478
437 489
437 491
437 497
437 504
437 512
437 515
437 516
437 517
437 519
437 531
437 533
437 534
437 535
437 538
437 547
437 550
437 551
437 677
437 806
437 866
437 882
438 449
438 453
438 454
438 455
438 473
438 476
438 481
438 483
438 486
438 505
438 509
438 518
438 519
438 521
438 531
438 535
438 536
438 541
438 546
438 547
438 554
438 559
438 643
438 677
438 848
438 928
438 937
439 442
439 449
439 451
439 454
439 460
439 470
439 480
439 481
439 482
439 495
439 496
439 504
439 505
439 507
439 508
439 509
439 521
439 525
439 529
439 530
439 535
439 537
439 539
439 542
439 546
439 547
439 550
439 555
439 559
439 560
439 692
439 700
439 841
439 902
439 957
440 441
440 444
440 446
440 461
440 462
440 467
440 471
440 472
440 473
440 479
440 481
440 483
440 495
440 502
440 505
440 508
440 511
440 512
440 514
440 516
440 519
440 522
440 526
440 532
440 534
440 537
440 540
440 544
440 546
440 550
440 555
440 559
440 591
440 879
440 951
441 447
441 448
441 456
441 457
441 463
441 474
441 486
441 488
441 490
441 494
441 495
441 513
441 516
441 526
441 529
441 544
441 548
441 559
441 561
441 588
441 645
441 721
441 754
441 799
442 448
442 451
442 454
442 460
442 465
442 466
442 475
442 480
442 482
442 487
442 496
442 501
442 504
442 519
442 524
442 530
442 531
442 535
442 537
442 548
442 550
442 553
442 559
442 641
442 803
442 942
443 450
443 461
443 467
443 468
443 469
443 471
443 476
443 492
443 493
443 500
443 505
443 506
443 507
443 509
443 517
443 528
443 529
443 531
443 537
443 540
443 546
443 554
443 557
443 559
443 560
443 610
443 620
443 801
443 802
443 966
443 990
444 452
444 458
444 462
444 465
444 468
444 469
444 481
444 483
444 493
444 498
444 499
444 501
444 505
444 508
444 510
444 513
444 517
444 519
444 521
444 522
444 529
444 531
444 537
444 540
444 542
444 552
444 556
444 557
444 558
444 561
444 563
444 604
444 955
445 449
445 452
445 460
445 462
445 475
445 481
445 498
445 499
445 501
445 510
445 516
445 520
445 524
445 538
445 539
445 541
445 544
445 545
445 553
445 562
445 563
445 596
445 641
445 826
446 449
446 451
446 452
446 453
446 457
446 461
446 468
446 469
446 475
446 480
446 490
446 491
446 493
446 497
446 503
446 512
446 513
446 517
446 523
446 530
446 531
446 534
446 535
446 536
446 538
446 540
446 545
446 546
446 549
446 550
446 554
446 558
446 661
446 755
447 453
447 458
447 461
447 474
447 475
447 476
447 478
447 483
447 488
447 490
447 492
447 498
447 502
447 503
447 511
447 522
447 526
447 536
447 539
447 544
447 546
447 549
447 559
447 560
447 562
447 565
447 683
447 699
447 801
447 821
447 848
447 927
448 450
448 452
448 457
448 459
448 466
448 467
448 468
448 470
448 478
448 497
448 508
448 512
448 514
448 516
448 524
448 525
448 527
448 529
448 532
448 533
448 534
448 537
448 542
448 554
448 558
448 681
448 798
448 802
448 930
449 451
449 472
449 476
449 500
449 504
449 507
449 511
449 513
449 517
449 531
449 539
449 553
449 556
449 596
449 792
449 822
450 452
450 457
450 459
450 463
450 468
450 475
450 478
450 480
450 483
450 487
450 489
450 490
450 493
450 498
450 512
450 524
450 525
450 526
450 528
450 532
450 534
450 546
450 547
450 549
450 554
450 561
450 585
450 589
450 598
450 706
450 729
451 460
451 461
451 462
451 470
451 480
451 489
451 503
451 507
451 511
451 513
451 514
451 518
451 527
451 533
451 539
451 542
451 545
451 556
451 562
451 595
451 727
451 808
451 896
451 967
452 462
452 464
452 474
452 492
452 494
452 496
452 497
452 500
452 502
452 517
452 519
452 521
452 528
452 529
452 535
452 540
452 739
452 836
452 952
452 970
452 976
453 461
453 468
453 476
453 486
453 500
453 508
453 515
453 525
453 531
453 541
453 553
453 559
453 561
453 691
453 873
453 899
454 467
454 471
454 475
454 476
454 477
454 478
454 479
454 480
454 481
454 484
454 485
454 491
454 500
454 506
454 514
454 515
454 517
454 519
454 527
454 536
454 542
454 544
454 549
454 555
454 556
454 596
454 832
454 842
455 466
455 468
455 469
455 470
455 472
455 476
455 478
455 487
455 502
455 504
455 506
455 513
455 518
455 520
455 522
455 532
455 533
455 552
455 561
455 562
455 591
455 711
455 727
455 897
455 913
455 946
456 462
456 466
456 468
456 470
456 471
456 475
456 479
456 516
456 519
456 524
456 528
456 530
456 556
456 563
456 713
456 859
456 935
456 962
457 458
457 461
457 463
457 465
457 472
457 475
457 477
457 478
457 481
457 482
457 486
457 491
457 500
457 509
457 513
457 514
457 517
457 521
457 525
457 561
457 749
457 757
457 807
458 459
458 464
458 469
458 472
458 477
458 479
458 488
458 489
458 492
458 497
458 507
458 511
458 517
458 519
458 520
458 528
458 531
458 547
458 551
458 557
458 558
458 560
458 563
458 596
458 597
458 599
458 698
458 846
458 859
458 941
458 971
459 471
459 475
459 478
459 481
459 482
459 483
459 489
459 493
459 501
459 503
459 504
459 520
459 522
459 529
459 533
459 538
459 541
459 542
459 543
459 550
459 561
459 567
459 663
459 715
459 838
459 847
460 473
460 474
460 477
460 481
460 493
460 496
460 498
460 503
460 504
460 505
460 509
460 512
460 513
460 516
460 517
460 521
460 525
460 526
460 533
460 536
460 542
460 544
460 546
460 552
460 559
460 585
460 653
461 465
461 466
461 467
461 474
461 482
461 483
461 484
461 491
461 492
461 495
461 496
461 498
461 499
461 501
461 506
461 510
461 511
461 512
461 513
461 515
461 517
461 519
461 527
461 529
461 534
461 536
461 543
461 550
461 551
461 552
461 553
461 554
461 919
461 949
461 970
462 472
462 473
462 483
462 490
462 491
462 492
462 493
462 497
462 504
462 508
462 511
462 515
462 518
462 521
462 528
462 542
462 546
462 557
462 752
462 756
462 865
462 878
462 978
463 465
463 467
463 468
463 472
463 483
463 486
463 495
463 498
463 501
463 507
463 509
463 516
463 520
463 522
463 524
463 530
463 540
463 541
463 542
463 543
463 548
463 551
463 560
463 616
463 811
463 840
463 859
464 476
464 478
464 487
464 489
464 497
464 498
464 502
464 507
464 511
464 516
464 517
464 518
464 541
464 553
464 555
464 557
464 569
464 608
464 677
464 742
464 939
465 468
465 472
465 479
465 481
465 482
465 483
465 485
465 488
465 489
465 491
465 492
465 494
465 496
465 498
465 508
465 522
465 525
465 533
465 535
465 543
465 544
465 549
465 551
465 554
465 560
465 562
465 834
465 870
465 905
466 467
466 471
466 476
466 479
466 482
466 488
466 491
466 497
466 498
466 500
466 507
466 510
466 513
466 515
466 518
466 520
466 532
466 547
466 549
466 561
466 584
466 779
466 816
467 482
467 489
467 499
467 503
467 509
467 513
467 514
467 525
467 532
467 533
467 542
467 546
467 550
467 551
467 559
467 560
467 563
467 617
467 721
467 773
467 959
467 986
468 470
468 472
468 474
468 478
468 484
468 497
468 502
468 507
468 518
468 521
468 536
468 546
468 557
468 559
468 561
468 562
468 674
468 823
468 982
469 473
469 474
469 475
469 486
469 489
469 496
469 500
469 503
469 504
469 509
469 515
469 522
469 525
469 529
469 534
469 538
469 539
469 542
469 556
469 561
469 803
469 940
470 471
470 474
470 476
470 479
470 483
470 495
470 511
470 515
470 539
470 542
470 545
470 554
470 555
470 557
470 558
470 560
470 581
470 661
470 677
470 788
470 982
471 476
471 484
471 487
471 491
471 496
471 501
471 508
471 511
471 515
471 517
471 527
471 532
471 540
471 551
471 559
471 679
471 730
471 942
472 476
472 480
472 486
472 491
472 492
472 494
472 521
472 528
472 530
472 533
472 536
472 539
472 545
472 547
472 560
472 562
472 715
473 480
473 483
473 492
473 508
473 513
473 514
473 523
473 525
473 543
473 546
473 549
473 553
473 555
473 557
473 562
473 632
473 682
473 811
474 479
474 485
474 493
474 495
474 496
474 500
474 515
474 517
474 534
474 535
474 536
474 538
474 546
474 550
474 553
474 557
474 782
474 845
474 917
475 476
475 477
475 479
475 480
475 484
475 494
475 501
475 505
475 509
475 511
475 522
475 527
475 530
475 534
475 536
475 539
475 543
475 544
475 546
475 551
475 553
475 557
475 558
475 579
475 659
475 832
475 948
476 480
476 481
476 489
476 490
476 492
476 499
476 503
476 510
476 514
476 524
476 535
476 538
476 543
476 557
476 558
476 615
476 622
476 633
476 703
476 924
476 967
477 483
477 485
477 489
477 492
477 495
477 501
477 506
477 507
477 513
477 520
477 535
477 543
477 556
477 559
477 603
477 741
477 979
478 479
478 482
478 483
478 485
478 491
478 504
478 510
478 525
478 527
478 535
478 537
478 541
478 553
478 562
478 782
478 833
478 855
478 927
478 953
479 484
479 485
479 487
479 492
479 503
479 504
479 506
479 524
479 532
479 537
479 542
479 545
479 548
479 552
479 780
480 481
480 489
480 490
480 493
480 511
480 519
480 521
480 524
480 528
480 530
480 538
480 548
480 549
480 550
480 557
480 575
480 605
480 673
480 680
480 735
480 767
481 484
481 485
481 490
481 493
481 496
481 500
481 501
481 508
481 511
481 512
481 514
481 517
481 520
481 521
481 522
481 525
481 530
481 534
481 545
481 546
481 554
481 587
481 741
481 949
481 972
482 486
482 488
482 490
482 498
482 503
482 518
482 519
482 524
482 527
482 530
482 531
482 538
482 541
482 544
482 546
482 547
482 562
482 608
482 638
482 710
482 726
482 743
483 488
483 489
483 490
483 501
483 516
483 517
483 520
483 526
483 528
483 531
483 538
483 550
483 553
483 560
483 606
483 756
483 850
483 869
483 957
484 489
484 490
484 493
484 498
484 505
484 514
484 516
484 521
484 522
484 524
484 532
484 536
484 541
484 545
484 560
484 624
484 642
484 685
484 689
484 856
484 951
485 498
485 499
485 500
485 501
485 502
485 507
485 508
485 511
485 523
485 531
485 532
485 535
485 540
485 554
485 560
485 596
485 685
485 752
485 919
486 491
486 502
486 518
486 522
486 529
486 531
486 538
486 541
486 544
486 547
486 549
486 562
486 760
486 793
487 496
487 507
487 517
487 521
487 525
487 535
487 537
487 538
487 539
487 540
487 545
487 548
487 551
487 556
487 558
487 923
487 939
488 490
488 504
488 511
488 512
488 521
488 533
488 536
488 539
488 540
488 545
488 547
488 553
488 558
488 562
488 795
488 813
489 490
489 492
489 509
489 514
489 515
489 527
489 529
489 536
489 552
489 554
489 555
489 575
489 682
489 696
489 819
489 836
489 988
490 491
490 501
490 502
490 503
490 504
490 505
490 509
490 512
490 514
490 516
490 523
490 525
490 540
490 542
490 543
490 546
490 547
490 551
490 567
490 638
490 850
490 858
490 972
491 498
491 500
491 502
491 503
491 504
491 517
491 527
491 530
491 537
491 541
491 545
491 548
491 552
491 554
491 558
491 560
491 628
491 667
491 675
491 678
491 743
491 756
491 880
492 516
492 518
492 522
492 534
492 535
492 538
492 546
492 547
492 551
492 552
492 557
492 630
492 831
492 848
492 953
492 986
493 494
493 500
493 501
493 502
493 503
493 510
493 522
493 524
493 534
493 536
493 542
493 543
493 544
493 547
493 548
493 554
493 557
493 559
493 653
493 655
493 983
494 495
494 497
494 499
494 500
494 507
494 513
494 518
494 519
494 520
494 523
494 527
494 528
494 544
494 553
494 556
494 561
494 562
494 626
494 796
495 499
495 500
495 502
495 511
495 512
495 520
495 525
495 529
495 530
495 531
495 532
495 542
495 550
495 552
495 553
495 557
495 628
495 645
495 674
495 752
495 877
496 503
496 504
496 509
496 514
496 515
496 528
496 531
496 532
496 535
496 538
496 541
496 547
496 550
496 552
496 554
496 556
496 578
496 582
496 748
496 826
497 500
497 501
497 504
497 516
497 520
497 522
497 527
497 528
497 530
497 535
497 542
497 546
497 549
497 556
497 559
497 562
497 567
497 568
497 637
497 732
497 801
497 854
497 910
497 930
497 966
498 502
498 505
498 506
498 507
498 512
498 523
498 525
498 528
498 531
498 539
498 541
498 552
498 559
498 580
498 811
498 843
499 503
499 504
499 505
499 535
499 541
499 551
499 560
499 628
499 662
499 675
499 744
499 813
499 940
500 504
500 507
500 510
500 516
500 523
500 542
500 543
500 545
500 547
500 554
500 560
500 562
500 627
500 659
500 671
500 694
500 738
500 761
500 810
500 984
501 513
501 520
501 521
501 523
501 533
501 537
501 538
501 541
501 548
501 562
501 680
501 840
501 926
501 971
502 503
502 512
502 513
502 519
502 520
502 522
502 525
502 532
502 533
502 538
502 543
502 552
502 555
502 684
502 839
502 900
502 914
502 926
503 507
503 511
503 518
503 526
503 529
503 533
503 534
503 544
503 559
503 563
503 727
503 910
503 911
503 925
503 976
504 508
504 509
504 510
504 515
504 518
504 520
504 522
504 526
504 533
504 538
504 540
504 548
504 552
504 555
504 559
504 600
505 508
505 511
505 513
505 518
505 521
505 524
505 526
505 531
505 533
505 540
505 541
505 546
505 552
505 562
505 708
505 974
506 509
506 522
506 529
506 531
506 535
506 536
506 540
506 543
506 545
506 549
506 557
506 577
506 883
506 908
506 944
507 516
507 526
507 530
507 538
507 551
507 552
507 762
507 812
507 921
508 515
508 534
508 537
508 545
508 556
508 557
508 558
508 560
508 789
508 872
509 513
509 516
509 519
509 524
509 525
509 536
509 541
509 542
509 544
509 549
509 553
509 554
509 601
509 626
509 648
509 799
509 830
509 849
509 904
510 525
510 528
510 529
510 534
510 547
510 549
510 550
510 551
510 552
510 558
510 561
510 571
510 810
510 823
510 872
510 947
511 517
511 518
511 520
511 528
511 532
511 533
511 546
511 552
511 553
511 554
511 555
511 562
511 623
511 668
511 857
511 984
512 521
512 525
512 528
512 539
512 540
512 545
512 548
512 549
512 550
512 554
512 558
512 561
512 563
512 701
512 783
512 929
513 533
513 534
513 536
513 537
513 539
513 540
513 541
513 546
513 549
513 556
513 558
513 560
513 562
513 734
513 756
513 911
514 525
514 526
514 532
514 533
514 536
514 537
514 539
514 540
514 541
514 542
514 549
514 556
514 658
514 662
514 740
514 751
514 817
514 909
514 959
515 518
515 522
515 524
515 528
515 531
515 547
515 549
515 552
515 558
515 561
515 562
515 563
515 565
515 803
515 856
516 518
516 521
516 535
516 538
516 543
516 549
516 553
516 554
516 556
516 559
516 746
516 927
517 518
517 520
517 521
517 544
517 545
517 553
517 556
517 558
517 963
518 520
518 522
518 533
518 536
518 541
518 543
518 546
518 550
518 608
518 613
518 667
519 530
519 538
519 542
519 557
519 582
519 583
519 624
519 670
519 834
519 925
520 528
520 532
521 527
521 537
521 539
521 545
521 546
521 548
521 561
521 593
521 776
521 827
521 847
522 526
522 529
522 532
522 544
522 546
522 549
522 554
522 558
522 559
522 561
522 596
522 776
522 828
522 893
522 916
523 531
523 534
523 540
523 543
523 563
523 565
523 594
523 658
523 876
524 531
524 536
524 550
524 587
524 797
524 825
524 867
524 880
525 529
525 532
525 541
525 559
525 561
525 607
525 863
526 529
526 535
526 536
526 538
526 540
526 541
526 543
526 545
526 548
526 552
526 560
526 563
526 574
526 709
526 734
526 792
527 529
527 542
527 549
527 561
527 714
527 817
527 837
527 952
528 534
528 540
528 545
528 547
528 556
528 561
528 675
528 676
528 904
528 988
529 532
529 534
529 538
529 541
529 543
529 545
529 548
529 557
529 560
529 605
529 722
529 973
530 533
530 534
530 540
530 546
530 550
530 562
530 622
530 648
530 757
530 880
530 918
531 533
531 534
531 538
531 547
531 554
531 662
531 861
532 535
532 539
532 552
532 559
532 562
532 768
532 823
532 892
532 948
533 541
533 558
533 815
533 920
534 546
534 549
534 558
534 562
534 577
534 628
534 726
534 832
534 854
534 952
535 539
535 543
535 547
535 550
535 562
535 584
535 655
535 673
535 676
535 733
535 816
535 891
535 921
535 922
536 538
536 540
536 543
536 544
536 545
536 554
536 584
536 752
536 955
537 550
537 551
537 552
537 554
537 641
537 674
537 733
537 796
537 914
538 540
538 547
538 551
538 553
538 556
538 557
538 559
538 563
538 777
538 784
538 930
538 954
539 546
539 558
539 764
539 816
539 828
540 545
540 560
540 780
540 791
540 794
541 542
541 558
541 637
541 669
541 696
541 988
542 551
542 552
542 555
542 558
542 563
542 977
543 546
543 554
543 559
543 561
543 638
543 817
543 980
544 545
544 548
544 589
544 632
544 645
544 704
544 737
544 881
544 943
544 964
545 551
545 553
545 556
545 560
545 691
545 757
545 843
545 910
545 931
546 556
546 562
546 655
546 808
546 844
546 878
547 550
547 563
547 596
547 809
548 549
548 560
548 705
548 894
548 907
549 552
549 555
549 562
549 563
549 793
549 817
549 829
550 554
550 555
550 558
550 560
550 673
550 689
550 719
550 821
551 553
551 555
551 556
551 703
552 554
552 557
552 558
552 563
552 608
552 742
552 767
552 852
552 922
552 928
552 973
553 554
553 558
553 561
553 562
553 627
553 636
553 666
553 687
553 819
553 838
553 871
553 900
554 867
554 978
555 560
555 562
555 720
555 765
556 906
557 560
557 563
557 644
557 757
557 778
557 831
557 864
558 676
558 702
558 716
558 907
558 948
559 876
559 972
560 563
560 699
560 718
560 847
560 912
560 977
561 574
561 601
561 656
561 879
561 888
561 914
561 944
561 984
562 584
562 593
562 610
562 678
562 725
562 846
562 910
563 579
563 599
563 662
563 954
564 565
564 573
564 581
564 589
564 594
564 597
564 599
564 602
564 611
564 614
564 616
564 622
564 633
564 635
564 638
564 645
564 647
564 652
564 657
564 658
564 659
564 662
564 664
564 666
564 670
564 671
564 675
564 677
564 682
564 687
564 693
564 701
564 751
564 807
564 909
565 567
565 579
565 581
565 595
565 597
565 607
565 617
565 618
565 619
565 621
565 623
565 624
565 631
565 632
565 638
565 639
565 641
565 643
565 644
565 655
565 656
565 666
565 668
565 675
565 677
565 683
565 685
565 704
565 983
566 571
566 577
566 579
566 584
566 585
566 595
566 604
566 613
566 625
566 627
566 638
566 641
566 642
566 652
566 653
566 654
566 659
566 664
566 667
566 668
566 676
566 677
566 680
566 693
566 694
566 697
566 698
566 699
567 574
567 575
567 578
567 582
567 583
567 584
567 591
567 592
567 593
567 594
567 597
567 609
567 624
567 635
567 642
567 650
567 661
567 663
567 669
567 676
567 690
567 694
567 700
567 930
567 972
568 573
568 579
568 580
568 586
568 597
568 599
568 605
568 611
568 615
568 617
568 622
568 628
568 629
568 633
568 636
568 642
568 643
568 644
568 647
568 660
568 663
568 665
568 666
568 668
568 683
568 691
568 692
568 698
568 701
568 704
568 748
568 853
568 868
568 972
569 575
569 577
569 579
569 580
569 589
569 595
569 601
569 612
569 618
569 629
569 637
569 640
569 651
569 652
569 657
569 659
569 664
569 674
569 677
569 680
569 685
569 686
569 688
569 694
569 698
569 702
569 832
569 833
569 940
570 587
570 601
570 605
570 616
570 622
570 623
570 632
570 633
570 640
570 642
570 671
570 679
570 681
570 683
570 688
570 689
570 695
570 697
570 699
570 759
570 810
570 930
570 952
571 572
571 576
571 577
571 585
571 602
571 605
571 627
571 628
571 631
571 634
571 637
571 643
571 645
571 648
571 649
571 661
571 666
571 669
571 671
571 678
571 685
571 695
571 696
571 698
571 721
571 771
571 784
572 573
572 574
572 580
572 598
572 604
572 612
572 614
572 619
572 626
572 638
572 641
572 642
572 646
572 649
572 652
572 655
572 658
572 660
572 664
572 674
572 683
572 699
572 700
572 789
572 810
572 853
572 935
572 956
572 962
572 988
573 574
573 585
573 586
573 591
573 600
573 601
573 602
573 604
573 606
573 607
573 612
573 617
573 624
573 627
573 628
573 635
573 642
573 649
573 656
573 658
573 663
573 668
573 672
573 674
573 675
573 676
573 687
573 697
573 700
573 798
573 824
573 848
573 873
573 893
574 575
574 577
574 584
574 589
574 596
574 605
574 606
574 607
574 609
574 610
574 612
574 613
574 621
574 628
574 630
574 635
574 643
574 646
574 651
574 652
574 655
574 657
574 659
574 665
574 667
574 674
574 681
574 684
574 693
574 700
574 701
574 703
574 764
574 796
574 966
574 985
575 579
575 584
575 585
575 586
575 589
575 593
575 597
575 605
575 606
575 613
575 623
575 628
575 630
575 635
575 639
575 648
575 652
575 662
575 663
575 665
575 668
575 669
575 673
575 677
575 689
575 695
575 696
575 702
575 757
576 601
576 607
576 614
576 615
576 616
576 619
576 620
576 622
576 623
576 631
576 632
576 634
576 637
576 638
576 648
576 653
576 654
576 656
576 658
576 662
576 663
576 665
576 666
576 669
576 671
576 673
576 679
576 690
576 698
576 713
576 741
576 747
576 764
576 825
576 848
576 974
577 586
577 589
577 590
577 593
577 598
577 601
577 604
577 619
577 632
577 646
577 649
577 650
577 653
577 654
577 663
577 664
577 666
577 671
577 678
577 683
577 685
577 687
577 696
577 702
577 703
577 718
577 795
577 808
577 813
577 934
577 962
578 594
578 601
578 604
578 605
578 608
578 609
578 611
578 614
578 619
578 625
578 626
578 628
578 629
578 630
578 631
578 637
578 641
578 646
578 647
578 658
578 680
578 691
578 693
578 701
578 704
578 758
578 851
578 858
578 885
578 918
579 580
579 585
579 587
579 589
579 597
579 600
579 603
579 606
579 608
579 615
579 626
579 627
579 629
579 631
579 635
579 639
579 651
579 653
579 654
579 660
579 665
579 666
579 670
579 672
579 678
579 687
579 688
579 700
579 703
579 745
579 836
579 955
579 958
580 588
580 598
580 604
580 605
580 610
580 611
580 614
580 625
580 627
580 635
580 638
580 643
580 658
580 661
580 664
580 667
580 669
580 671
580 678
580 679
580 680
580 683
580 704
580 750
580 769
580 790
580 918
581 582
581 587
581 590
581 592
581 594
581 606
581 609
581 610
581 622
581 629
581 631
581 633
581 642
581 644
581 646
581 648
581 649
581 651
581 657
581 659
581 664
581 672
581 675
581 676
581 679
581 683
581 684
581 693
581 739
581 744
581 778
581 824
581 895
582 616
582 639
582 647
582 650
582 658
582 659
582 671
582 682
582 686
582 691
582 697
582 700
582 703
583 588
583 591
583 601
583 602
583 607
583 613
583 623
583 625
583 627
583 632
583 635
583 651
583 655
583 656
583 664
583 676
583 679
583 689
583 693
583 695
583 696
583 698
583 701
583 703
583 849
584 585
584 587
584 593
584 601
584 610
584 613
584 618
584 622
584 625
584 626
584 629
584 630
584 631
584 637
584 659
584 667
584 669
584 675
584 676
584 679
584 686
584 688
584 696
584 697
584 713
584 818
584 868
584 916
584 964
585 586
585 587
585 590
585 597
585 608
585 618
585 619
585 621
585 623
585 624
585 625
585 627
585 630
585 639
585 643
585 648
585 649
585 656
585 657
585 659
585 660
585 664
585 676
585 680
585 695
585 698
585 704
585 774
585 879
585 905
586 587
586 593
586 596
586 606
586 608
586 611
586 615
586 634
586 646
586 652
586 654
586 657
586 658
586 660
586 661
586 665
586 672
586 686
586 690
586 694
586 695
586 697
586 756
587 592
587 593
587 601
587 603
587 617
587 623
587 632
587 639
587 640
587 642
587 644
587 653
587 659
587 663
587 666
587 667
587 679
587 692
587 701
587 704
588 595
588 598
588 608
588 609
588 615
588 616
588 618
588 623
588 624
588 630
588 631
588 636
588 641
588 651
588 652
588 653
588 654
588 660
588 666
588 674
588 680
588 682
588 700
588 834
588 880
588 911
588 948
589 606
589 608
589 609
589 621
589 622
589 627
589 632
589 641
589 642
589 649
589 653
589 680
589 683
589 690
589 691
589 692
589 700
589 719
589 830
589 945
590 600
590 621
590 625
590 627
590 631
590 632
590 634
590 638
590 639
590 652
590 653
590 657
590 663
590 667
590 671
590 676
590 678
590 680
590 691
590 952
591 597
591 604
591 607
591 611
591 620
591 627
591 628
591 632
591 633
591 634
591 636
591 637
591 643
591 648
591 649
591 651
591 656
591 662
591 676
591 678
591 680
591 688
591 694
591 702
591 742
591 787
591 881
591 950
591 959
592 595
592 616
592 619
592 633
592 652
592 653
592 660
592 670
592 685
592 697
592 701
592 703
592 790
592 895
592 900
593 597
593 613
593 614
593 623
593 624
593 635
593 638
593 642
593 647
593 657
593 661
593 666
593 667
593 673
593 677
593 685
593 687
593 689
593 691
593 698
593 702
593 704
593 816
593 861
593 914
593 935
594 602
594 620
594 628
594 634
594 637
594 640
594 641
594 647
594 648
594 649
594 650
594 657
594 659
594 662
594 668
594 670
594 673
594 678
594 679
594 680
594 687
594 689
594 693
594 699
594 703
594 790
594 801
594 845
594 869
594 872
595 597
595 605
595 607
595 608
595 622
595 623
595 624
595 625
595 628
595 629
595 633
595 645
595 660
595 663
595 664
595 668
595 669
595 670
595 676
595 677
595 684
595 691
595 696
595 699
595 763
595 847
595 909
596 606
596 612
596 613
596 619
596 623
596 628
596 634
596 636
596 637
596 640
596 648
596 654
596 661
596 662
596 663
596 674
596 684
596 703
596 704
596 815
596 864
596 876
596 906
597 613
597 615
597 627
597 636
597 643
597 645
597 653
597 655
597 656
597 658
597 684
597 700
597 743
597 780
597 961
598 603
598 608
598 612
598 614
598 615
598 616
598 622
598 625
598 627
598 637
598 650
598 652
598 655
598 664
598 665
598 674
598 676
598 684
598 689
598 691
598 692
598 694
598 697
598 699
598 811
598 983
599 600
599 607
599 609
599 613
599 620
599 623
599 632
599 635
599 636
599 641
599 655
599 663
599 665
599 672
599 674
599 675
599 677
599 678
599 682
599 683
599 685
599 688
599 689
599 693
599 702
599 704
599 766
599 838
599 871
600 602
600 614
600 616
600 622
600 628
600 630
600 635
600 636
600 639
600 640
600 642
600 644
600 668
600 669
600 675
600 677
600 685
600 688
600 691
600 692
600 698
600 701
600 883
601 602
601 608
601 620
601 633
601 634
601 644
601 647
601 654
601 665
601 666
601 670
601 676
601 677
601 682
601 684
601 686
601 694
601 703
601 705
601 937
602 609
602 617
602 621
602 631
602 642
602 650
602 652
602 658
602 660
602 666
602 669
602 670
602 682
602 686
602 687
602 690
602 716
602 811
602 947
603 607
603 610
603 611
603 633
603 648
603 651
603 652
603 661
603 666
603 668
603 669
603 672
603 674
603 675
603 683
603 685
603 689
603 690
603 722
603 763
603 791
603 826
604 607
604 608
604 619
604 620
604 637
604 642
604 650
604 668
604 673
604 674
604 675
604 693
604 698
604 711
605 608
605 612
605 618
605 620
605 625
605 626
605 631
605 633
605 638
605 641
605 650
605 654
605 658
605 671
605 673
605 676
605 683
605 686
605 689
605 694
605 696
605 699
605 701
605 795
605 797
605 847
606 609
606 620
606 637
606 642
606 650
606 670
606 681
606 688
606 689
606 691
606 692
606 696
606 697
606 764
606 925
607 613
607 615
607 630
607 631
607 632
607 633
607 634
607 637
607 639
607 643
607 644
607 650
607 653
607 657
607 658
607 660
607 668
607 671
607 672
607 677
607 686
607 692
607 697
607 762
607 767
607 846
608 609
608 619
608 625
608 642
608 648
608 659
608 661
608 670
608 671
608 676
608 678
608 684
608 686
608 689
608 691
608 693
608 697
608 709
608 748
608 768
608 845
609 614
609 620
609 631
609 639
609 641
609 644
609 648
609 654
609 663
609 664
609 670
609 676
609 677
609 679
609 692
609 701
609 819
609 960
610 613
610 615
610 623
610 626
610 630
610 634
610 642
610 643
610 648
610 650
610 654
610 656
610 662
610 665
610 670
610 673
610 678
610 692
610 704
610 832
610 836
610 841
610 942
611 618
611 619
611 631
611 633
611 638
611 639
611 647
611 648
611 652
611 657
611 659
611 660
611 663
611 669
611 673
611 675
611 677
611 679
611 682
611 685
611 692
611 703
611 704
611 843
611 973
612 616
612 617
612 621
612 631
612 635
612 639
612 643
612 647
612 649
612 660
612 670
612 671
612 677
612 678
612 685
612 695
612 700
612 701
612 741
612 756
612 856
612 927
613 615
613 618
613 626
613 637
613 642
613 653
613 655
613 658
613 662
613 674
613 688
613 694
613 698
613 699
613 869
614 618
614 619
614 628
614 630
614 633
614 634
614 651
614 652
614 660
614 666
614 669
614 670
614 676
614 678
614 681
614 683
614 695
614 697
614 698
614 703
614 733
614 815
614 862
615 628
615 633
615 640
615 641
615 646
615 652
615 659
615 662
615 674
615 677
615 679
615 693
615 694
615 703
615 769
615 967
616 619
616 623
616 630
616 635
616 641
616 643
616 661
616 663
616 668
616 675
616 679
616 687
616 690
616 695
616 698
616 809
616 951
616 973
616 976
617 625
617 626
617 630
617 646
617 650
617 652
617 655
617 658
617 659
617 662
617 665
617 675
617 676
617 686
617 695
617 698
617 700
617 702
617 718
617 892
617 898
617 967
617 970
618 641
618 657
618 678
618 685
618 688
618 697
618 699
618 702
618 704
618 775
618 946
618 955
619 623
619 627
619 632
619 638
619 639
619 642
619 643
619 646
619 648
619 651
619 659
619 660
619 662
619 668
619 671
619 672
619 676
619 680
619 687
619 688
619 690
619 692
619 702
619 719
619 898
619 929
620 621
620 624
620 640
620 641
620 647
620 648
620 649
620 657
620 660
620 661
620 663
620 667
620 673
620 676
620 681
620 682
620 683
620 689
620 690
620 691
620 696
620 750
620 848
621 624
621 632
621 641
621 643
621 644
621 645
621 650
621 652
621 653
621 654
621 662
621 672
621 673
621 686
621 698
621 702
621 852
621 904
621 964
622 624
622 629
622 634
622 635
622 638
622 643
622 648
622 649
622 650
622 664
622 668
622 683
622 697
622 699
622 701
622 718
623 627
623 632
623 640
623 648
623 653
623 657
623 661
623 664
623 666
623 667
623 673
623 684
623 694
623 700
623 947
623 969
624 632
624 633
624 636
624 642
624 644
624 653
624 654
624 658
624 661
624 662
624 663
624 667
624 674
624 680
624 682
624 688
624 690
624 699
624 704
624 717
624 754
624 876
625 630
625 636
625 652
625 660
625 663
625 666
625 667
625 678
625 684
625 693
625 694
625 699
625 700
625 719
625 735
625 759
625 792
626 634
626 638
626 640
626 644
626 649
626 652
626 653
626 658
626 660
626 662
626 665
626 666
626 668
626 671
626 683
626 684
626 689
626 695
626 699
626 702
626 833
626 841
626 893
626 916
626 923
626 970
627 639
627 643
627 661
627 663
627 675
627 677
627 686
627 687
627 688
627 690
627 692
627 701
627 797
627 871
627 920
628 631
628 643
628 645
628 646
628 648
628 649
628 651
628 652
628 654
628 658
628 659
628 665
628 668
628 670
628 671
628 672
628 673
628 675
628 678
628 681
629 632
629 636
629 641
629 653
629 655
629 660
629 674
629 681
629 682
629 683
629 686
629 690
629 692
629 700
629 957
629 987
630 633
630 634
630 635
630 649
630 650
630 653
630 659
630 672
630 676
630 677
630 692
630 694
630 699
630 893
630 969
631 636
631 637
631 644
631 652
631 654
631 656
631 665
631 672
631 673
631 684
631 702
631 823
631 826
631 861
632 633
632 634
632 635
632 638
632 647
632 649
632 661
632 668
632 674
632 677
632 681
632 685
632 701
632 914
633 634
633 635
633 638
633 640
633 642
633 645
633 648
633 650
633 657
633 664
633 665
633 670
633 673
633 677
633 684
633 689
633 690
633 691
633 694
633 704
634 652
634 655
634 658
634 668
634 673
634 676
634 688
634 692
634 699
634 901
634 903
634 918
634 930
634 931
634 943
634 987
635 657
635 664
635 668
635 684
635 687
635 689
635 696
635 766
635 772
635 905
636 654
636 655
636 656
636 663
636 664
636 666
636 679
636 684
636 697
636 698
636 700
636 702
636 950
637 641
637 643
637 646
637 648
637 649
637 663
637 666
637 669
637 670
637 678
637 684
637 690
637 701
637 703
637 714
637 716
637 733
638 640
638 644
638 646
638 649
638 654
638 656
638 657
638 660
638 668
638 674
638 686
638 697
638 699
638 700
638 703
638 927
638 947
638 970
639 660
639 666
639 669
639 671
639 676
639 677
639 679
639 680
639 681
639 682
639 689
639 694
639 698
639 700
639 702
639 704
639 862
640 652
640 656
640 662
640 663
640 669
640 670
640 678
640 680
640 700
640 702
640 736
640 844
640 905
640 917
640 963
641 643
641 646
641 647
641 660
641 662
641 681
641 687
641 692
641 700
641 705
641 717
641 900
642 646
642 654
642 666
642 667
642 680
642 682
642 684
642 688
642 691
642 703
642 704
642 712
642 722
642 923
642 924
643 648
643 650
643 653
643 659
643 661
643 666
643 668
643 672
643 673
643 677
643 681
643 682
643 685
643 686
643 688
643 689
643 695
643 700
643 710
643 755
643 773
643 807
644 656
644 666
644 669
644 671
644 689
644 692
644 695
644 704
645 647
645 648
645 649
645 653
645 666
645 667
645 669
645 676
645 689
645 690
645 696
645 700
645 703
645 704
645 892
645 988
646 652
646 655
646 660
646 661
646 662
646 665
646 668
646 671
646 672
646 673
646 675
646 693
646 696
646 697
646 698
646 853
646 886
646 950
647 648
647 653
647 655
647 667
647 673
647 679
647 680
647 684
647 687
647 688
647 694
647 701
647 989
648 664
648 669
648 675
648 677
648 684
648 686
648 688
648 695
648 698
648 701
648 704
648 707
648 720
648 721
648 807
648 900
649 651
649 662
649 666
649 672
649 675
649 681
649 685
649 686
649 691
649 695
649 696
649 701
649 704
649 713
649 911
650 660
650 661
650 669
650 671
650 672
650 684
650 688
650 691
650 695
650 697
650 976
651 676
651 679
651 680
651 683
651 687
651 691
651 694
651 770
651 811
651 858
652 663
652 667
652 674
652 679
652 682
652 689
652 690
652 692
652 693
652 701
652 785
652 799
652 949
653 658
653 660
653 668
653 669
653 670
653 672
653 673
653 677
653 683
653 684
653 692
653 693
653 694
653 696
653 697
653 827
653 857
653 910
653 968
654 659
654 662
654 671
654 675
654 676
654 682
654 692
654 699
654 701
654 766
654 786
654 888
655 660
655 663
655 667
655 669
655 674
655 684
655 685
655 692
655 694
655 695
655 700
655 701
655 703
655 704
655 868
655 923
656 661
656 666
656 669
656 676
656 685
656 688
656 726
656 742
657 662
657 663
657 664
657 666
657 677
657 686
657 692
657 699
657 856
657 952
657 966
658 664
658 667
658 673
658 674
658 675
658 676
658 678
658 686
658 700
658 748
658 772
659 673
659 674
659 675
659 676
659 678
659 681
659 683
659 691
659 697
659 699
659 701
659 715
659 738
659 745
660 662
660 679
660 680
660 684
660 685
660 690
660 694
660 696
660 697
660 703
660 719
660 888
661 662
661 663
661 669
661 673
661 680
661 689
661 690
661 701
661 856
661 866
662 664
662 665
662 674
662 679
662 688
662 695
662 698
662 700
662 701
662 912
662 969
663 669
663 673
663 680
663 683
663 684
663 696
663 699
663 700
663 704
663 846
664 670
664 671
664 685
664 688
664 696
664 697
664 702
664 797
664 935
665 671
665 673
665 676
665 677
665 678
665 690
665 701
665 727
665 851
665 886
666 669
666 670
666 674
666 676
666 678
666 679
666 680
666 683
666 698
666 701
666 704
666 786
666 812
666 815
666 834
666 845
666 868
667 679
667 688
667 690
667 693
667 696
667 697
667 729
667 761
667 818
668 679
668 684
668 688
668 690
668 733
668 877
668 900
669 671
669 673
669 675
669 681
669 683
669 689
669 698
669 703
669 714
669 893
669 896
670 673
670 674
670 684
670 686
670 691
670 695
670 697
670 703
670 709
670 815
670 839
670 882
671 674
671 676
671 688
671 689
671 692
671 694
671 698
671 702
671 704
671 763
671 794
671 820
671 891
672 683
672 687
672 693
672 694
672 695
672 702
672 798
673 675
673 681
673 691
673 698
673 951
674 677
674 685
674 690
674 693
674 695
674 699
674 700
674 846
675 683
675 693
675 700
675 750
675 771
675 784
675 907
676 681
676 683
676 687
676 690
676 913
676 934
676 945
677 688
677 690
677 696
677 699
677 700
677 732
677 870
677 914
677 947
678 685
678 688
678 698
678 719
678 787
678 791
678 908
679 681
679 683
679 686
679 689
679 697
679 698
679 702
679 728
679 813
680 681
680 684
680 685
680 692
680 696
680 698
680 765
680 918
681 684
681 693
681 700
681 732
681 761
681 956
682 689
682 691
682 692
682 697
682 699
682 701
682 714
682 815
682 833
682 851
682 935
682 938
682 948
683 686
683 687
683 700
683 704
683 912
683 979
684 694
684 732
684 822
684 879
685 688
685 692
685 693
685 698
685 734
685 743
685 788
685 798
685 844
686 689
686 694
686 695
686 698
686 701
686 953
686 972
687 689
687 693
687 697
687 698
687 699
687 717
687 860
687 894
687 938
687 962
688 689
688 691
688 697
688 700
688 703
688 749
688 815
688 905
689 690
689 701
689 702
689 728
689 761
689 872
689 989
690 697
690 698
690 704
691 693
691 696
691 697
691 702
691 703
691 721
691 778
691 853
691 901
692 700
692 830
692 955
693 708
693 709
693 779
693 875
693 929
693 940
693 981
694 696
694 697
694 700
694 703
694 704
694 817
694 836
694 864
694 923
695 696
695 701
695 751
695 781
695 792
695 838
695 868
695 902
695 905
696 711
696 712
696 823
696 919
696 951
697 699
697 803
697 898
698 699
698 701
698 799
698 809
698 819
699 700
699 701
699 704
699 813
699 837
699 842
699 846
700 701
700 704
700 763
700 777
700 881
701 704
701 934
701 954
702 704
702 839
702 841
702 951
703 735
703 875
703 950
703 986
704 739
704 747
704 812
704 904
704 912
705 708
705 715
705 721
705 736
705 741
705 742
705 743
705 746
705 747
705 749
705 756
705 762
705 770
705 778
705 782
705 784
705 802
705 803
705 817
705 821
705 833
705 834
705 838
706 708
706 717
706 723
706 724
706 727
706 730
706 732
706 748
706 749
706 763
706 768
706 771
706 784
706 787
706 788
706 794
706 802
706 823
706 824
706 830
706 831
706 832
706 833
706 837
706 905
707 709
707 710
707 714
707 717
707 723
707 729
707 730
707 739
707 761
707 764
707 767
707 770
707 776
707 780
707 785
707 787
707 790
707 793
707 796
707 797
707 801
707 805
707 811
707 819
707 832
707 838
707 929
707 930
708 710
708 712
708 713
708 717
708 720
708 722
708 728
708 733
708 743
708 751
708 754
708 764
708 765
708 767
708 769
708 776
708 778
708 795
708 801
708 803
708 829
708 835
708 836
708 838
708 907
709 711
709 713
709 716
709 723
709 724
709 731
709 736
709 737
709 738
709 759
709 766
709 771
709 775
709 782
709 784
709 787
709 801
709 802
709 805
709 811
709 823
709 831
709 836
709 841
709 844
709 912
710 725
710 747
710 749
710 759
710 767
710 771
710 775
710 780
710 782
710 791
710 794
710 798
710 808
710 816
710 818
710 831
710 832
710 835
710 837
710 838
710 843
710 849
711 716
711 719
711 720
711 721
711 722
711 724
711 729
711 758
711 762
711 764
711 769
711 773
711 778
711 785
711 787
711 798
711 799
711 805
711 815
711 817
711 822
711 823
711 831
711 833
711 838
711 840
712 713
712 718
712 719
712 724
712 726
712 731
712 732
712 736
712 738
712 739
712 742
712 745
712 754
712 767
712 772
712 776
712 777
712 783
712 796
712 800
712 812
712 813
712 815
712 820
712 826
712 830
712 831
712 833
712 837
712 950
713 716
713 727
713 730
713 735
713 748
713 750
713 751
713 758
713 762
713 765
713 770
713 774
713 777
713 780
713 781
713 790
713 792
713 793
713 795
713 796
713 803
713 806
713 807
713 809
713 815
713 818
713 819
713 820
713 828
713 829
713 831
713 836
713 844
713 872
713 935
713 941
713 965
714 720
714 728
714 738
714 751
714 754
714 756
714 759
714 762
714 767
714 778
714 780
714 782
714 786
714 803
714 805
714 812
714 817
714 820
714 826
714 827
714 829
714 830
714 912
714 918
714 946
715 719
715 722
715 729
715 730
715 733
715 734
715 735
715 747
715 750
715 755
715 757
715 763
715 769
715 773
715 781
715 786
715 788
715 794
715 801
715 807
715 815
715 817
715 818
715 820
715 827
715 832
715 835
715 838
715 843
715 979
715 987
716 738
716 745
716 747
716 749
716 751
716 764
716 768
716 795
716 799
716 803
716 805
716 808
716 814
716 818
716 821
716 828
716 831
716 833
716 842
716 845
716 850
716 877
717 719
717 721
717 727
717 728
717 734
717 740
717 744
717 745
717 747
717 752
717 762
717 763
717 766
717 778
717 784
717 785
717 788
717 790
717 792
717 798
717 804
717 814
717 820
717 825
717 827
717 836
717 837
717 838
717 843
717 859
717 978
718 725
718 728
718 747
718 752
718 755
718 760
718 764
718 772
718 774
718 778
718 785
718 787
718 788
718 790
718 791
718 802
718 806
718 809
718 814
718 825
718 833
718 840
718 844
718 880
719 720
719 737
719 738
719 741
719 745
719 758
719 766
719 769
719 772
719 773
719 776
719 777
719 783
719 788
719 800
719 805
719 807
719 808
719 814
719 819
719 826
719 828
719 832
720 723
720 724
720 727
720 733
720 749
720 750
720 751
720 756
720 760
720 764
720 770
720 772
720 776
720 787
720 791
720 796
720 799
720 804
720 806
720 814
720 817
720 820
720 830
720 831
720 837
720 841
721 729
721 731
721 735
721 738
721 746
721 756
721 770
721 779
721 793
721 807
721 814
721 819
721 844
721 906
721 981
722 725
722 742
722 743
722 750
722 758
722 760
722 761
722 768
722 771
722 774
722 779
722 783
722 791
722 804
722 810
722 815
722 816
722 977
723 728
723 731
723 738
723 741
723 742
723 744
723 753
723 759
723 761
723 768
723 776
723 778
723 786
723 790
723 800
723 801
723 806
723 808
723 814
723 823
723 825
723 829
723 830
723 835
723 837
723 841
723 920
723 940
724 731
724 733
724 734
724 736
724 738
724 742
724 752
724 754
724 755
724 762
724 767
724 769
724 780
724 796
724 799
724 811
724 813
724 817
724 818
724 823
724 834
724 835
724 836
724 838
724 841
724 845
725 727
725 728
725 730
725 747
725 750
725 753
725 758
725 764
725 769
725 787
725 790
725 794
725 806
725 820
725 825
725 826
725 835
725 836
725 845
726 731
726 736
726 737
726 738
726 739
726 742
726 751
726 754
726 755
726 759
726 760
726 761
726 762
726 765
726 775
726 776
726 786
726 792
726 795
726 801
726 803
726 804
726 808
726 812
726 813
726 814
726 824
726 825
726 839
727 732
727 737
727 740
727 744
727 745
727 750
727 751
727 768
727 778
727 782
727 787
727 789
727 790
727 792
727 794
727 801
727 805
727 811
727 813
727 814
727 822
727 827
727 832
727 834
727 842
727 866
727 876
728 738
728 741
728 744
728 749
728 750
728 758
728 759
728 776
728 779
728 781
728 787
728 788
728 789
728 794
728 807
728 808
728 812
728 813
728 814
728 816
728 822
728 830
728 833
728 836
728 839
728 841
728 903
728 928
729 733
729 737
729 745
729 751
729 752
729 760
729 764
729 768
729 773
729 777
729 778
729 784
729 788
729 794
729 797
729 799
729 806
729 807
729 811
729 813
729 815
729 816
729 823
729 824
729 829
729 833
729 835
729 838
729 841
729 917
729 934
729 976
730 744
730 750
730 752
730 757
730 773
730 778
730 782
730 783
730 786
730 793
730 795
730 800
730 803
730 805
730 813
730 814
730 817
730 824
730 829
730 834
730 836
730 837
730 840
730 843
730 844
731 734
731 736
731 742
731 743
731 750
731 756
731 766
731 769
731 773
731 774
731 776
731 778
731 779
731 782
731 785
731 794
731 805
731 806
731 810
731 816
731 818
731 819
731 822
731 832
731 836
731 841
731 861
731 879
731 903
731 963
731 967
732 733
732 738
732 739
732 741
732 749
732 750
732 753
732 759
732 760
732 763
732 764
732 765
732 767
732 782
732 783
732 786
732 793
732 795
732 798
732 803
732 810
732 811
732 815
732 817
732 819
732 820
732 823
732 830
732 834
732 837
732 839
732 843
732 895
732 926
733 735
733 742
733 745
733 753
733 754
733 755
733 757
733 764
733 787
733 794
733 795
733 801
733 817
733 818
733 839
733 850
733 856
733 932
733 967
733 969
733 985
734 739
734 740
734 748
734 749
734 750
734 751
734 752
734 763
734 774
734 780
734 791
734 799
734 802
734 805
734 810
734 822
734 825
734 826
734 828
734 835
734 840
734 909
734 978
735 742
735 747
735 749
735 753
735 762
735 768
735 780
735 798
735 804
735 808
735 817
735 818
735 820
735 822
735 823
735 826
735 831
735 832
735 838
735 843
735 845
735 854
735 897
735 940
736 744
736 750
736 754
736 755
736 756
736 757
736 762
736 764
736 767
736 776
736 779
736 781
736 782
736 799
736 804
736 816
736 817
736 821
736 830
736 832
736 834
736 837
736 840
736 844
736 870
736 959
736 989
737 738
737 745
737 750
737 759
737 767
737 774
737 778
737 782
737 783
737 791
737 792
737 793
737 801
737 804
737 805
737 808
737 812
737 821
737 822
737 824
737 832
737 833
737 834
737 843
738 744
738 756
738 775
738 777
738 782
738 785
738 786
738 788
738 791
738 795
738 799
738 803
738 810
738 822
738 829
738 830
738 837
738 841
738 845
738 936
739 745
739 751
739 756
739 758
739 764
739 765
739 775
739 776
739 781
739 783
739 786
739 800
739 801
739 802
739 803
739 815
739 821
739 827
739 833
739 842
739 850
739 856
740 749
740 754
740 758
740 764
740 771
740 773
740 776
740 787
740 788
740 792
740 800
740 803
740 805
740 811
740 813
740 815
740 825
740 828
740 832
740 833
740 839
740 843
740 845
740 854
740 919
741 753
741 771
741 772
741 778
741 779
741 790
741 798
741 799
741 809
741 818
741 828
741 834
741 840
741 844
741 845
741 851
742 743
742 765
742 766
742 778
742 784
742 791
742 795
742 796
742 800
742 817
742 819
742 831
742 845
742 868
742 876
742 899
742 947
743 756
743 758
743 760
743 761
743 768
743 769
743 770
743 771
743 773
743 775
743 779
743 784
743 795
743 801
743 809
743 817
743 818
743 820
743 823
743 826
743 829
743 831
743 832
743 833
743 835
743 837
743 840
743 841
743 844
744 745
744 750
744 751
744 756
744 757
744 768
744 771
744 789
744 792
744 799
744 801
744 810
744 811
744 815
744 818
744 824
744 825
744 830
744 831
744 832
744 882
745 749
745 751
745 753
745 755
745 757
745 761
745 765
745 768
745 773
745 775
745 783
745 784
745 786
745 790
745 802
745 809
745 812
745 815
745 821
745 822
745 825
745 826
745 827
745 829
745 839
745 840
745 845
745 934
746 747
746 751
746 757
746 765
746 766
746 769
746 773
746 775
746 784
746 787
746 791
746 795
746 796
746 801
746 808
746 819
746 829
746 832
746 833
746 838
746 909
747 749
747 751
747 762
747 766
747 768
747 769
747 772
747 780
747 781
747 794
747 796
747 808
747 813
747 815
747 816
747 832
747 853
747 859
747 963
748 750
748 757
748 759
748 764
748 770
748 773
748 774
748 782
748 783
748 789
748 796
748 804
748 805
748 806
748 814
748 817
748 832
748 835
748 841
748 842
748 882
748 893
748 947
748 963
748 977
749 761
749 764
749 769
749 774
749 780
749 785
749 799
749 803
749 809
749 814
749 833
749 836
749 837
749 839
749 841
749 872
749 983
750 752
750 761
750 762
750 763
750 764
750 769
750 770
750 774
750 780
750 785
750 788
750 790
750 793
750 795
750 797
750 814
750 827
750 831
750 834
750 837
750 838
750 839
750 843
750 847
750 905
750 966
751 754
751 756
751 757
751 762
751 774
751 781
751 788
751 789
751 790
751 793
751 812
751 818
751 825
751 832
751 837
751 841
752 754
752 766
752 774
752 775
752 780
752 786
752 787
752 788
752 790
752 792
752 793
752 799
752 804
752 805
752 810
752 823
752 826
752 834
752 838
752 841
752 842
753 758
753 759
753 760
753 764
753 767
753 769
753 773
753 774
753 775
753 780
753 782
753 783
753 784
753 788
753 792
753 798
753 803
753 809
753 816
753 817
753 838
753 840
753 845
754 759
754 762
754 764
754 770
754 774
754 782
754 787
754 793
754 802
754 809
754 819
754 821
754 841
754 842
754 919
755 763
755 768
755 769
755 771
755 775
755 778
755 781
755 782
755 787
755 795
755 800
755 802
755 810
755 814
755 818
755 819
755 822
755 825
755 833
756 761
756 764
756 765
756 766
756 767
756 768
756 770
756 773
756 775
756 779
756 782
756 783
756 784
756 792
756 799
756 806
756 814
756 815
756 819
756 832
756 835
756 836
756 845
757 768
757 771
757 773
757 781
757 786
757 801
757 815
757 820
757 822
757 823
757 830
757 834
757 840
757 843
757 844
757 952
758 759
758 762
758 767
758 769
758 773
758 777
758 779
758 784
758 785
758 787
758 792
758 795
758 800
758 805
758 835
758 836
758 839
758 840
758 927
758 954
759 773
759 778
759 781
759 803
759 809
759 811
759 813
759 814
759 822
759 829
759 830
759 831
759 841
759 843
759 974
760 763
760 768
760 770
760 776
760 777
760 779
760 785
760 797
760 798
760 807
760 814
760 816
760 819
760 821
760 830
760 838
761 777
761 780
761 781
761 783
761 784
761 802
761 805
761 806
761 818
761 829
761 832
761 834
761 835
761 837
761 844
761 922
761 929
761 953
761 983
762 767
762 768
762 781
762 782
762 785
762 786
762 787
762 790
762 791
762 794
762 798
762 802
762 812
762 813
762 820
762 821
762 828
762 832
762 834
762 878
762 963
763 765
763 766
763 771
763 774
763 789
763 791
763 799
763 806
763 812
763 821
763 824
763 826
763 835
763 839
763 842
763 844
763 857
763 956
763 983
764 766
764 772
764 773
764 774
764 775
764 783
764 786
764 787
764 789
764 796
764 799
764 801
764 803
764 807
764 810
764 820
764 824
764 825
764 840
764 841
764 842
764 844
765 767
765 768
765 770
765 772
765 784
765 785
765 788
765 789
765 797
765 798
765 800
765 801
765 813
765 819
765 821
765 839
765 841
765 845
766 767
766 770
766 771
766 775
766 782
766 791
766 799
766 800
766 801
766 806
766 810
766 827
766 855
766 933
766 967
767 776
767 779
767 785
767 794
767 805
767 809
767 823
767 825
767 826
767 836
767 990
768 773
768 774
768 779
768 784
768 787
768 790
768 803
768 806
768 811
768 814
768 818
768 832
768 837
769 785
769 787
769 792
769 793
769 794
769 795
769 799
769 803
769 806
769 811
769 816
769 819
769 827
769 845
769 861
769 906
769 933
770 779
770 786
770 788
770 795
770 803
770 804
770 812
770 819
770 828
770 830
770 835
770 841
770 854
771 772
771 800
771 812
771 826
771 834
771 836
771 837
771 848
771 919
771 969
772 773
772 775
772 776
772 780
772 787
772 795
772 796
772 801
772 809
772 812
772 816
772 825
772 835
772 837
772 843
772 845
772 937
773 778
773 779
773 780
773 781
773 787
773 788
773 789
773 791
773 796
773 797
773 835
773 842
774 787
774 797
774 803
774 804
774 808
774 825
774 835
774 886
774 892
775 778
775 790
775 793
775 797
775 802
775 803
775 809
775 814
775 823
775 825
775 831
775 948
775 974
776 780
776 786
776 790
776 791
776 792
776 793
776 796
776 797
776 798
776 815
776 817
776 830
776 833
776 839
777 778
777 781
777 782
777 800
777 812
777 818
777 823
777 824
777 826
777 835
777 839
777 842
777 843
777 891
777 979
778 781
778 782
778 783
778 786
778 789
778 793
778 800
778 804
778 806
778 810
778 812
778 817
778 819
778 822
778 824
778 825
778 830
778 832
778 834
778 835
778 839
778 844
779 792
779 797
779 798
779 799
779 806
779 811
779 812
779 814
779 817
779 820
779 826
779 834
779 835
779 838
779 839
779 922
780 781
780 782
780 784
780 791
780 795
780 801
780 802
780 818
780 823
780 824
780 828
780 832
780 834
780 836
780 837
780 842
780 844
780 878
780 917
780 937
781 782
781 787
781 791
781 794
781 795
781 798
781 801
781 804
781 809
781 813
781 818
781 822
781 828
781 830
781 838
782 787
782 789
782 794
782 799
782 819
782 831
782 833
782 836
782 837
782 839
782 840
782 847
783 786
783 789
783 793
783 798
783 800
783 805
783 806
783 817
783 819
783 822
783 823
783 824
783 830
783 831
783 836
783 837
783 838
783 840
783 844
783 864
784 792
784 793
784 797
784 799
784 807
784 808
784 811
784 813
784 815
784 829
784 833
784 840
784 863
784 864
784 918
784 970
785 793
785 796
785 798
785 813
785 818
785 820
785 828
785 831
785 973
785 988
786 793
786 795
786 796
786 799
786 802
786 804
786 812
786 818
786 819
786 823
786 838
786 839
786 926
787 788
787 791
787 838
787 843
787 845
788 792
788 798
788 806
788 807
788 817
788 833
788 841
788 843
788 844
789 790
789 791
789 800
789 804
789 818
789 827
789 832
789 835
789 839
789 840
789 921
789 928
789 938
790 793
790 796
790 798
790 804
790 807
790 819
790 830
790 838
790 840
790 842
790 863
791 801
791 803
791 807
791 810
791 817
791 818
791 821
791 826
791 831
791 832
791 836
791 839
791 843
791 957
792 799
792 801
792 811
792 815
792 831
793 808
793 809
793 814
793 816
793 834
793 835
793 838
793 839
793 842
793 845
793 880
793 901
793 916
793 935
793 955
793 969
794 798
794 799
794 803
794 805
794 814
794 815
794 826
794 827
794 828
794 835
794 838
794 840
794 845
794 906
794 981
795 799
795 803
795 807
795 814
795 816
795 825
795 830
795 831
795 832
795 842
795 857
796 797
796 809
796 814
796 818
796 819
796 822
796 830
796 831
796 832
796 835
796 837
796 839
796 845
796 848
796 924
797 799
797 800
797 813
797 820
797 825
797 828
797 831
797 834
797 841
798 804
798 807
798 816
798 823
798 824
798 828
798 841
799 812
799 818
799 820
799 826
799 829
799 833
799 836
799 899
800 803
800 804
800 811
800 814
800 825
800 826
800 829
800 833
800 837
801 808
801 810
801 813
801 814
801 821
801 823
801 826
801 831
801 832
801 833
801 834
801 835
801 837
801 840
801 845
802 809
802 810
802 818
802 823
802 826
802 827
802 836
802 839
802 840
802 843
802 845
802 919
803 811
803 820
803 823
803 824
803 827
803 833
803 843
804 811
804 814
804 818
804 820
804 823
804 825
804 879
804 884
804 885
804 910
804 931
804 952
805 808
805 811
805 815
805 822
805 825
805 828
805 835
805 841
805 842
805 854
806 807
806 822
806 827
806 833
806 834
806 837
806 838
806 839
806 840
806 845
806 886
807 810
807 817
807 823
807 827
807 830
807 833
807 835
807 836
807 845
808 821
808 834
808 841
808 842
808 870
808 884
809 813
809 820
809 827
809 834
809 842
809 850
810 827
810 840
811 814
812 822
812 824
812 837
812 838
812 839
812 841
812 859
812 865
812 873
813 815
813 817
813 821
813 823
813 825
813 832
813 834
813 835
813 838
813 842
813 844
813 861
814 820
814 821
814 825
814 835
814 839
814 894
815 816
815 819
815 822
815 825
815 829
815 832
815 838
815 840
815 843
815 844
815 948
816 827
816 844
816 984
817 824
817 826
817 830
817 838
817 843
817 933
818 819
818 830
818 837
818 840
818 947
819 822
819 827
819 832
819 835
819 837
819 845
819 870
819 923
820 830
820 841
820 842
820 845
820 846
820 974
820 987
821 822
821 823
821 827
821 839
821 840
821 841
822 824
822 825
822 828
822 833
822 838
822 839
822 845
822 880
823 825
823 827
823 837
823 839
824 826
824 828
824 830
824 832
824 835
824 838
824 953
825 835
825 839
825 842
825 843
825 872
826 830
826 834
826 835
826 844
826 858
826 901
827 831
827 832
827 842
827 934
829 831
829 833
829 840
830 840
830 869
830 900
830 940
831 832
831 834
831 835
831 836
831 840
831 914
832 840
832 895
833 842
833 966
834 835
834 837
834 840
834 841
834 843
834 855
834 963
835 843
835 890
835 964
836 844
836 865
836 965
837 842
837 844
837 857
838 839
838 856
839 840
839 842
839 948
839 982
841 842
841 843
841 983
842 874
842 968
844 949
846 852
846 868
846 872
846 873
846 879
846 883
846 884
846 904
846 905
846 912
846 913
846 921
846 922
846 934
846 945
846 946
846 948
846 949
846 953
846 962
846 964
846 971
846 973
846 975
846 976
846 978
846 989
847 850
847 852
847 853
847 856
847 859
847 864
847 868
847 874
847 876
847 879
847 881
847 902
847 904
847 908
847 909
847 916
847 920
847 921
847 922
847 923
847 925
847 935
847 940
847 942
847 950
847 953
847 956
847 962
847 971
847 975
847 976
847 982
847 989
848 849
848 852
848 861
848 862
848 872
848 885
848 891
848 904
848 905
848 910
848 912
848 916
848 921
848 922
848 925
848 927
848 930
848 938
848 939
848 942
848 943
848 945
848 946
848 947
848 961
848 970
848 972
848 975
848 980
848 986
849 850
849 865
849 869
849 870
849 880
849 883
849 894
849 898
849 908
849 909
849 912
849 924
849 927
849 940
849 954
849 955
849 956
849 959
849 962
849 964
849 969
849 973
849 980
849 981
849 983
850 852
850 856
850 862
850 865
850 870
850 872
850 874
850 879
850 880
850 881
850 883
850 885
850 886
850 887
850 895
850 898
850 905
850 907
850 915
850 922
850 933
850 952
850 956
850 962
850 963
850 968
850 983
850 988
850 990
851 853
851 859
851 872
851 887
851 909
851 916
851 921
851 926
851 932
851 939
851 946
851 950
851 952
851 954
851 955
851 956
851 957
851 958
851 961
851 963
851 975
851 979
851 981
851 984
851 989
852 855
852 869
852 871
852 872
852 873
852 875
852 879
852 881
852 885
852 888
852 889
852 896
852 898
852 903
852 904
852 908
852 909
852 911
852 912
852 918
852 923
852 924
852 932
852 940
852 942
852 949
852 950
852 952
852 965
852 966
852 969
852 972
852 979
852 985
852 989
853 866
853 870
853 880
853 886
853 887
853 892
853 894
853 895
853 900
853 910
853 914
853 915
853 916
853 919
853 924
853 926
853 933
853 950
853 954
853 955
853 959
853 966
853 967
853 975
853 978
853 980
853 984
853 989
854 856
854 857
854 870
854 889
854 893
854 904
854 920
854 924
854 934
854 944
854 950
854 951
854 962
854 966
854 969
854 976
854 979
854 984
855 860
855 871
855 889
855 894
855 898
855 900
855 905
855 915
855 924
855 925
855 935
855 936
855 949
855 953
855 955
855 959
855 964
855 974
855 975
855 976
855 983
856 862
856 866
856 868
856 871
856 873
856 874
856 875
856 877
856 884
856 890
856 897
856 910
856 915
856 917
856 922
856 934
856 939
856 943
856 944
856 948
856 957
856 963
856 969
856 977
857 874
857 878
857 880
857 881
857 882
857 885
857 889
857 893
857 895
857 905
857 907
857 909
857 910
857 913
857 926
857 928
857 931
857 932
857 933
857 935
857 947
857 948
857 949
857 951
857 952
857 958
857 961
857 962
857 963
857 965
857 966
857 970
857 978
858 859
858 860
858 873
858 874
858 878
858 880
858 883
858 892
858 895
858 905
858 910
858 916
858 919
858 920
858 925
858 932
858 942
858 951
858 961
858 966
858 968
858 974
858 984
859 861
859 865
859 866
859 873
859 881
859 892
859 896
859 900
859 902
859 915
859 937
859 950
859 951
859 959
859 967
859 976
859 981
859 985
859 987
859 990
860 862
860 866
860 876
860 889
860 890
860 892
860 897
860 904
860 907
860 911
860 914
860 916
860 917
860 920
860 923
860 926
860 936
860 954
860 964
860 965
860 967
860 968
860 977
860 985
860 987
860 989
861 867
861 868
861 875
861 879
861 887
861 889
861 890
861 894
861 902
861 909
861 915
861 923
861 924
861 929
861 935
861 940
861 946
861 947
861 948
861 967
861 970
861 978
861 980
861 982
861 990
862 871
862 878
862 883
862 889
862 890
862 896
862 904
862 910
862 920
862 926
862 935
862 945
862 949
862 957
862 959
862 974
862 978
862 983
862 986
863 864
863 871
863 872
863 879
863 885
863 891
863 898
863 904
863 913
863 927
863 931
863 937
863 940
863 943
863 946
863 949
863 964
863 965
863 971
863 973
863 976
863 984
863 990
864 866
864 868
864 875
864 878
864 879
864 881
864 886
864 905
864 907
864 910
864 913
864 914
864 918
864 921
864 923
864 929
864 939
864 943
864 954
864 955
864 958
864 965
864 971
864 975
864 984
865 878
865 884
865 898
865 902
865 913
865 921
865 926
865 931
865 934
865 938
865 940
865 953
865 963
865 966
865 975
865 979
865 985
865 987
865 988
865 990
866 877
866 882
866 885
866 892
866 899
866 906
866 908
866 911
866 917
866 920
866 926
866 929
866 933
866 937
866 938
866 941
866 948
866 958
866 959
866 963
866 966
866 969
866 972
866 974
866 976
866 979
866 980
866 983
867 871
867 908
867 916
867 923
867 924
867 927
867 929
867 932
867 964
867 966
867 974
867 985
867 987
868 872
868 883
868 892
868 902
868 906
868 908
868 925
868 926
868 928
868 945
868 949
868 957
868 960
868 961
868 966
868 967
868 971
868 976
868 979
868 988
869 874
869 877
869 880
869 884
869 885
869 890
869 903
869 905
869 906
869 910
869 934
869 936
869 938
869 939
869 940
869 954
869 958
869 962
869 968
869 969
869 985
870 874
870 876
870 881
870 886
870 893
870 896
870 900
870 902
870 903
870 908
870 916
870 917
870 920
870 928
870 934
870 936
870 938
870 944
870 945
870 946
870 950
870 951
870 959
870 963
870 975
870 978
870 984
870 988
871 877
871 885
871 887
871 888
871 890
871 895
871 897
871 899
871 900
871 909
871 913
871 916
871 918
871 925
871 928
871 930
871 944
871 948
871 949
871 953
871 962
871 969
871 977
871 981
871 984
871 986
871 987
872 873
872 876
872 879
872 880
872 885
872 894
872 897
872 901
872 903
872 904
872 908
872 913
872 914
872 917
872 929
872 936
872 939
872 945
872 961
872 964
872 975
872 985
872 987
872 988
873 876
873 879
873 880
873 881
873 896
873 901
873 903
873 904
873 914
873 915
873 923
873 932
873 940
873 950
873 954
873 956
873 964
873 967
873 968
873 973
873 980
873 982
874 881
874 883
874 884
874 887
874 888
874 892
874 893
874 897
874 914
874 921
874 922
874 923
874 925
874 928
874 929
874 931
874 934
874 936
874 949
874 972
874 976
874 979
874 981
874 987
875 876
875 878
875 881
875 883
875 885
875 889
875 890
875 895
875 908
875 911
875 927
875 930
875 931
875 943
875 945
875 946
875 957
875 960
875 966
875 972
875 974
875 975
875 981
875 986
876 879
876 882
876 883
876 894
876 900
876 910
876 912
876 913
876 915
876 917
876 918
876 920
876 923
876 924
876 930
876 931
876 936
876 961
876 962
876 969
876 972
876 975
876 979
876 982
876 983
876 984
877 887
877 889
877 900
877 901
877 908
877 911
877 915
877 919
877 928
877 933
877 937
877 939
877 944
877 947
877 950
877 954
877 961
877 967
877 968
877 975
877 979
878 882
878 883
878 884
878 887
878 898
878 900
878 906
878 920
878 924
878 927
878 935
878 937
878 941
878 962
878 966
878 984
878 985
878 990
879 889
879 910
879 911
879 934
879 943
879 945
879 951
879 952
879 961
879 965
879 971
879 978
879 989
880 890
880 892
880 904
880 911
880 913
880 916
880 918
880 921
880 929
880 933
880 937
880 938
880 944
880 952
880 954
880 960
880 964
880 972
880 975
880 977
880 989
881 893
881 894
881 898
881 912
881 918
881 927
881 930
881 934
881 943
881 946
881 947
881 952
881 954
881 960
881 961
881 964
881 973
881 974
881 978
881 984
881 986
881 990
882 888
882 897
882 898
882 918
882 920
882 921
882 924
882 930
882 937
882 939
882 944
882 954
882 955
882 957
882 958
882 960
882 966
882 967
882 970
882 974
882 982
882 984
882 987
882 990
883 884
883 892
883 901
883 903
883 906
883 908
883 922
883 925
883 937
883 940
883 945
883 951
883 961
883 970
883 974
883 975
883 982
884 888
884 893
884 894
884 895
884 901
884 903
884 904
884 906
884 913
884 925
884 928
884 932
884 937
884 939
884 940
884 941
884 950
884 958
884 964
884 966
884 967
884 978
884 980
884 984
885 890
885 919
885 923
885 929
885 930
885 932
885 938
885 940
885 951
885 952
885 956
885 958
885 960
885 961
885 973
885 974
885 976
885 987
886 890
886 900
886 902
886 912
886 914
886 919
886 929
886 936
886 937
886 940
886 947
886 948
886 949
886 954
886 955
886 960
886 964
886 966
886 969
886 974
886 978
886 979
886 980
886 982
886 983
886 984
886 989
887 899
887 907
887 912
887 913
887 914
887 927
887 929
887 932
887 935
887 936
887 940
887 942
887 943
887 949
887 955
887 962
887 966
887 972
887 973
888 890
888 891
888 900
888 902
888 903
888 909
888 912
888 919
888 923
888 927
888 929
888 931
888 941
888 946
888 948
888 951
888 952
888 960
888 961
888 970
888 981
888 983
888 985
888 987
889 891
889 899
889 907
889 908
889 918
889 919
889 925
889 930
889 931
889 942
889 943
889 948
889 977
889 978
889 982
889 986
889 988
890 894
890 901
890 927
890 930
890 936
890 949
890 954
890 956
890 957
890 964
890 967
890 968
890 972
890 975
890 977
890 989
891 902
891 904
891 905
891 906
891 907
891 908
891 914
891 921
891 933
891 934
891 937
891 938
891 940
891 942
891 947
891 956
891 958
891 966
891 972
891 978
892 897
892 898
892 899
892 901
892 904
892 913
892 916
892 918
892 919
892 922
892 923
892 927
892 928
892 930
892 939
892 941
892 944
892 964
892 976
892 977
892 979
892 983
892 985
893 894
893 898
893 899
893 901
893 902
893 904
893 918
893 922
893 930
893 931
893 932
893 933
893 940
893 948
893 951
893 956
893 957
893 963
893 971
893 979
893 980
894 897
894 908
894 909
894 912
894 927
894 929
894 932
894 942
894 963
894 968
894 969
894 972
894 977
894 980
894 988
894 990
895 898
895 902
895 907
895 908
895 911
895 920
895 922
895 929
895 933
895 945
895 948
895 951
895 962
895 971
895 976
895 981
895 983
895 984
895 989
895 990
896 909
896 911
896 916
896 919
896 924
896 926
896 937
896 938
896 941
896 948
896 960
896 961
896 964
896 965
896 969
896 976
896 980
896 981
896 986
896 987
897 910
897 914
897 924
897 928
897 935
897 938
897 940
897 943
897 949
897 953
897 960
897 970
897 978
897 980
898 902
898 905
898 914
898 917
898 918
898 920
898 922
898 925
898 927
898 934
898 948
898 955
898 960
898 963
898 965
898 969
898 973
899 900
899 902
899 906
899 913
899 918
899 922
899 924
899 928
899 938
899 942
899 944
899 956
899 957
899 959
899 961
899 963
899 968
899 970
899 971
899 972
899 975
899 976
899 986
899 990
900 905
900 914
900 916
900 917
900 926
900 928
900 930
900 932
900 938
900 941
900 952
900 955
900 973
900 983
900 986
900 989
901 905
901 911
901 912
901 919
901 924
901 926
901 931
901 933
901 941
901 942
901 947
901 949
901 953
901 959
901 960
901 964
901 965
901 966
901 969
901 972
901 979
901 989
902 903
902 904
902 914
902 915
902 918
902 921
902 926
902 929
902 930
902 932
902 937
902 939
902 945
902 948
902 951
902 961
902 963
902 971
902 979
902 986
902 988
903 906
903 907
903 912
903 919
903 922
903 928
903 940
903 942
903 947
903 955
903 959
903 971
903 974
903 978
903 986
903 987
904 906
904 914
904 915
904 916
904 924
904 926
904 936
904 941
904 943
904 957
904 959
904 960
904 961
904 962
904 970
904 971
904 973
904 975
904 980
904 985
905 908
905 910
905 916
905 926
905 941
905 942
905 943
905 946
905 954
905 959
905 962
905 966
905 979
905 981
906 916
906 917
906 938
906 954
906 955
906 958
906 961
906 964
906 969
906 970
906 990
907 909
907 913
907 926
907 931
907 935
907 940
907 951
907 957
907 971
907 985
907 987
908 909
908 914
908 924
908 941
908 945
908 948
908 955
908 967
908 970
908 972
908 978
908 987
909 914
909 920
909 923
909 926
909 929
909 933
909 939
909 943
909 945
909 954
909 959
909 962
909 964
909 969
909 973
909 985
909 989
910 914
910 921
910 923
910 925
910 926
910 927
910 931
910 936
910 937
910 939
910 941
910 954
910 959
910 961
910 968
910 970
910 971
910 975
910 978
910 979
910 984
910 987
911 913
911 914
911 915
911 924
911 935
911 936
911 951
911 956
911 961
911 965
911 973
911 982
911 984
912 913
912 917
912 920
912 921
912 927
912 933
912 941
912 947
912 949
912 951
912 958
912 963
912 968
912 969
912 972
912 986
913 917
913 921
913 924
913 929
913 930
913 932
913 938
913 941
913 942
913 948
913 951
913 953
913 956
913 958
913 964
913 971
913 975
913 978
913 979
913 980
914 917
914 920
914 934
914 936
914 937
914 942
914 943
914 944
914 949
914 968
914 982
914 987
914 990
915 921
915 926
915 927
915 930
915 932
915 935
915 948
915 949
915 950
915 954
915 955
915 969
915 970
915 974
915 984
915 987
916 920
916 930
916 935
916 936
916 937
916 942
916 959
916 962
916 964
916 967
916 968
916 970
916 972
916 976
916 985
916 990
917 924
917 935
917 941
917 947
917 949
917 956
917 957
917 961
917 965
917 978
917 981
917 984
917 987
917 990
918 920
918 935
918 953
918 954
918 973
918 981
918 984
918 986
918 988
919 920
919 921
919 928
919 938
919 939
919 940
919 947
919 959
919 971
919 972
919 974
919 975
920 922
920 923
920 935
920 937
920 941
920 943
920 946
920 947
920 948
920 951
920 953
920 954
920 959
920 961
920 967
920 969
920 972
920 973
921 922
921 923
921 924
921 927
921 935
921 937
921 939
921 942
921 944
921 961
921 967
921 972
921 974
921 979
921 981
922 923
922 926
922 935
922 938
922 939
922 940
922 944
922 957
922 975
922 978
922 988
922 990
923 924
923 928
923 933
923 935
923 938
923 943
923 946
923 954
923 957
923 963
923 964
923 968
923 971
923 979
923 981
923 983
924 927
924 934
924 935
924 936
924 942
924 946
924 948
924 957
924 963
924 966
924 968
924 970
924 983
924 989
925 939
925 945
925 948
925 950
925 952
925 960
925 961
925 962
925 969
925 971
925 974
925 983
925 984
925 985
925 987
926 932
926 935
926 944
926 945
926 952
926 959
926 963
926 966
926 968
926 970
926 971
926 980
926 982
926 984
926 985
927 934
927 936
927 938
927 941
927 944
927 945
927 947
927 952
927 953
927 960
927 970
927 977
927 988
927 989
928 939
928 947
928 966
928 972
928 976
928 980
929 931
929 934
929 936
929 937
929 938
929 939
929 942
929 949
929 951
929 954
929 959
929 960
929 964
929 966
929 978
929 986
929 988
929 990
930 939
930 944
930 945
930 947
930 951
930 954
930 958
930 966
930 972
930 977
930 981
930 985
930 988
931 940
931 943
931 944
931 951
931 955
931 967
931 969
931 977
931 985
932 933
932 934
932 936
932 946
932 949
932 959
932 960
932 965
932 973
932 978
932 979
932 988
933 934
933 935
933 961
933 968
933 975
933 978
933 980
933 985
934 937
934 939
934 944
934 951
934 956
934 961
934 964
934 966
934 968
934 983
934 985
935 947
935 949
935 950
935 962
935 963
935 965
935 971
935 973
935 975
935 976
935 977
935 989
935 990
936 945
936 949
936 962
936 963
936 972
937 939
937 940
937 941
937 946
937 949
937 954
937 959
937 964
937 968
937 971
937 974
937 979
937 980
937 988
938 953
938 959
938 961
938 964
938 970
938 971
938 974
938 976
938 985
938 986
938 990
939 944
939 946
939 955
939 959
939 965
939 970
939 978
939 979
939 982
939 987
940 941
940 942
940 952
940 957
940 966
940 969
940 971
940 979
940 981
940 987
941 943
941 944
941 946
941 951
941 952
941 953
941 960
941 966
941 971
941 973
941 974
941 976
941 980
941 983
941 984
942 944
942 948
942 953
942 960
942 962
942 974
942 979
942 983
942 985
942 986
943 944
943 946
943 960
943 961
943 962
943 964
943 970
943 977
943 978
943 979
943 985
943 986
943 988
944 953
944 963
944 964
944 965
944 970
945 947
945 950
945 963
945 964
945 967
945 969
945 970
945 972
945 976
945 978
945 979
945 980
945 989
946 949
946 958
946 959
946 970
946 973
946 981
946 982
946 984
946 989
946 990
947 950
947 974
947 984
948 955
948 962
948 970
948 973
948 986
948 987
948 988
949 950
949 953
949 956
949 957
949 960
949 968
949 971
949 977
949 981
949 986
950 954
950 958
950 971
950 973
950 975
950 977
950 979
950 981
951 960
951 967
951 968
951 971
952 961
952 963
952 966
952 969
952 970
952 976
953 958
953 963
953 968
953 972
953 974
953 979
953 984
953 985
954 957
954 966
954 968
954 969
954 981
954 982
954 983
955 957
955 962
955 965
955 969
955 970
955 976
955 987
956 957
956 969
956 975
956 980
957 961
957 968
957 977
957 982
957 983
958 964
958 966
958 968
958 969
958 986
959 961
959 973
959 975
959 980
959 982
959 987
959 990
960 971
960 979
960 988
960 989
960 990
961 967
961 969
961 972
961 979
961 989
962 963
962 970
962 972
962 977
962 984
962 989
963 973
964 968
964 972
964 985
965 977
965 979
965 985
965 986
966 968
966 970
966 972
966 977
966 987
966 989
967 970
967 974
967 975
967 976
967 982
967 986
968 969
968 971
968 973
968 974
968 978
969 971
969 972
969 976
969 984
969 989
970 978
970 979
970 980
970 984
970 988
970 989
971 973
971 974
971 976
971 984
971 986
972 973
972 975
972 978
972 979
972 982
972 988
973 988
973 990
974 979
974 981
974 982
974 983
974 985
974 986
974 989
974 990
975 979
975 981
977 980
977 981
977 983
977 987
978 990
979 987
979 988
980 981
980 982
980 984
980 985
980 988
980 989
981 982
981 984
981 985
981 988
981 989
981 990
982 987
983 988
983 990
984 990
985 988
986 987
988 989
989 990
