0 11
0 13
0 14
0 16
0 17
0 47
0 48
0 49
0 60
0 69
0 105
0 115
0 143
0 148
0 161
0 168
0 170
0 171
0 184
0 204
0 205
0 210
0 219
0 220
0 229
0 239
0 241
0 243
0 245
0 249
0 254
0 271
0 294
0 297
0 325
0 339
0 579
0 659
0 809
0 926
1 5
1 6
1 15
1 21
1 23
1 35
1 60
1 64
1 69
1 70
1 74
1 76
1 84
1 92
1 100
1 115
1 124
1 128
1 131
1 139
1 148
1 164
1 166
1 183
1 195
1 207
1 218
1 219
1 227
1 235
1 239
1 241
1 246
1 250
1 259
1 286
1 295
1 314
1 350
1 352
1 756
1 936
1 975
2 3
2 21
2 24
2 26
2 33
2 36
2 50
2 70
2 97
2 103
2 109
2 113
2 152
2 155
2 162
2 164
2 175
2 184
2 186
2 187
2 193
2 220
2 221
2 232
2 233
2 239
2 255
2 259
2 267
2 278
2 288
2 291
2 297
2 574
2 607
2 691
2 742
2 780
2 940
3 6
3 11
3 23
3 25
3 31
3 45
3 47
3 50
3 53
3 68
3 69
3 83
3 89
3 102
3 103
3 116
3 119
3 133
3 155
3 166
3 201
3 207
3 224
3 237
3 241
3 262
3 266
3 289
3 292
3 296
3 304
3 325
3 378
3 422
3 462
3 622
3 748
4 52
4 81
4 82
4 83
4 85
4 89
4 104
4 110
4 112
4 124
4 130
4 134
4 142
4 159
4 163
4 168
4 169
4 176
4 178
4 191
4 203
4 206
4 227
4 228
4 234
4 236
4 248
4 261
4 267
4 269
4 270
4 272
4 292
4 294
4 303
4 307
4 319
4 426
4 712
4 834
4 898
5 7
5 19
5 26
5 41
5 58
5 74
5 88
5 109
5 126
5 137
5 141
5 153
5 169
5 170
5 171
5 175
5 176
5 182
5 189
5 198
5 206
5 211
5 213
5 215
5 230
5 234
5 240
5 245
5 268
5 272
5 277
5 285
5 293
5 299
5 303
5 311
5 312
5 319
5 323
5 429
5 432
5 512
5 619
5 629
5 786
5 854
6 19
6 28
6 29
6 49
6 60
6 71
6 94
6 95
6 96
6 99
6 106
6 118
6 124
6 130
6 138
6 152
6 157
6 165
6 166
6 180
6 188
6 206
6 210
6 228
6 232
6 243
6 249
6 254
6 255
6 259
6 325
6 340
6 538
6 558
6 738
6 905
7 23
7 31
7 36
7 45
7 50
7 58
7 66
7 78
7 82
7 91
7 100
7 141
7 158
7 161
7 163
7 187
7 195
7 197
7 204
7 213
7 215
7 227
7 231
7 232
7 236
7 249
7 290
7 293
7 296
7 309
7 324
7 325
7 518
7 687
7 688
7 823
7 861
7 939
8 13
8 22
8 33
8 45
8 49
8 53
8 69
8 96
8 106
8 115
8 117
8 123
8 131
8 132
8 139
8 143
8 148
8 160
8 163
8 164
8 168
8 170
8 182
8 191
8 220
8 230
8 233
8 238
8 247
8 261
8 285
8 289
8 294
8 343
8 348
8 790
9 23
9 24
9 25
9 26
9 27
9 31
9 41
9 53
9 56
9 58
9 69
9 78
9 83
9 93
9 99
9 101
9 123
9 131
9 136
9 147
9 152
9 155
9 164
9 166
9 167
9 176
9 199
9 222
9 227
9 232
9 255
9 257
9 270
9 273
9 289
9 290
9 291
9 301
9 313
9 396
9 526
9 590
9 822
10 19
10 31
10 35
10 40
10 65
10 87
10 88
10 95
10 96
10 117
10 123
10 126
10 143
10 176
10 184
10 191
10 192
10 204
10 217
10 225
10 226
10 245
10 264
10 267
10 268
10 278
10 294
10 299
10 300
10 303
10 308
10 311
10 317
10 534
11 59
11 61
11 98
11 126
11 167
11 175
11 179
11 180
11 185
11 186
11 187
11 207
11 216
11 219
11 220
11 227
11 239
11 249
11 250
11 254
11 259
11 276
11 278
11 282
11 305
11 316
11 320
11 350
11 538
11 588
11 666
11 755
11 847
12 33
12 45
12 59
12 69
12 75
12 80
12 90
12 94
12 101
12 102
12 105
12 123
12 137
12 147
12 152
12 155
12 161
12 184
12 188
12 190
12 205
12 224
12 234
12 236
12 260
12 262
12 297
12 316
12 320
12 325
12 381
12 443
12 655
12 755
13 26
13 28
13 39
13 45
13 51
13 66
13 78
13 85
13 93
13 120
13 147
13 148
13 154
13 155
13 158
13 163
13 168
13 203
13 227
13 242
13 243
13 256
13 279
13 302
13 309
13 310
13 513
13 535
13 547
14 16
14 57
14 79
14 83
14 98
14 106
14 115
14 125
14 128
14 149
14 156
14 179
14 222
14 224
14 227
14 232
14 236
14 251
14 266
14 268
14 273
14 283
14 289
14 291
14 298
14 299
14 301
14 307
14 324
14 567
14 586
14 602
14 649
14 664
14 685
14 745
14 795
15 17
15 40
15 67
15 92
15 93
15 117
15 119
15 123
15 127
15 128
15 163
15 166
15 168
15 186
15 192
15 193
15 194
15 205
15 210
15 215
15 227
15 232
15 240
15 244
15 246
15 256
15 258
15 259
15 287
15 290
15 292
15 295
15 301
15 303
15 308
15 319
15 326
15 846
15 880
16 21
16 22
16 31
16 34
16 48
16 56
16 74
16 77
16 88
16 92
16 93
16 129
16 148
16 168
16 177
16 179
16 184
16 190
16 195
16 205
16 216
16 228
16 233
16 258
16 269
16 273
16 276
16 284
16 395
16 438
16 445
16 574
17 38
17 53
17 61
17 64
17 65
17 67
17 88
17 94
17 99
17 104
17 115
17 127
17 131
17 136
17 142
17 150
17 155
17 168
17 170
17 174
17 208
17 220
17 232
17 240
17 258
17 264
17 268
17 270
17 281
17 289
17 292
17 298
17 311
17 325
17 598
18 19
18 33
18 37
18 63
18 64
18 70
18 93
18 97
18 106
18 112
18 119
18 120
18 130
18 137
18 143
18 148
18 149
18 155
18 182
18 189
18 190
18 191
18 196
18 205
18 223
18 231
18 244
18 256
18 265
18 268
18 273
18 284
18 288
18 299
18 311
18 320
18 324
18 358
18 544
18 600
18 790
19 29
19 43
19 49
19 60
19 63
19 94
19 95
19 105
19 106
19 117
19 139
19 140
19 145
19 149
19 154
19 159
19 192
19 195
19 197
19 200
19 204
19 205
19 206
19 217
19 219
19 220
19 239
19 265
19 268
19 270
19 272
19 275
19 277
19 302
19 303
19 383
19 494
19 525
19 544
19 644
19 803
19 806
19 844
20 22
20 52
20 54
20 68
20 84
20 89
20 94
20 98
20 103
20 123
20 136
20 152
20 182
20 190
20 191
20 192
20 194
20 202
20 224
20 251
20 258
20 274
20 276
20 277
20 285
20 294
20 312
20 314
20 370
21 22
21 25
21 33
21 40
21 44
21 53
21 63
21 74
21 97
21 100
21 104
21 114
21 117
21 120
21 124
21 144
21 145
21 153
21 159
21 160
21 172
21 202
21 218
21 236
21 240
21 245
21 248
21 256
21 260
21 266
21 273
21 276
21 279
21 288
21 290
21 303
21 325
21 433
21 489
21 507
22 37
22 62
22 71
22 96
22 98
22 103
22 131
22 135
22 159
22 178
22 179
22 191
22 196
22 210
22 215
22 222
22 238
22 245
22 254
22 267
22 272
22 276
22 285
22 289
22 296
22 307
22 311
22 316
22 414
22 601
22 941
23 35
23 42
23 51
23 55
23 75
23 88
23 100
23 140
23 145
23 152
23 154
23 164
23 172
23 176
23 179
23 190
23 202
23 209
23 220
23 247
23 256
23 281
23 290
23 306
23 307
23 310
23 312
23 314
23 321
23 775
24 38
24 47
24 49
24 62
24 89
24 120
24 129
24 135
24 136
24 137
24 164
24 166
24 170
24 178
24 182
24 193
24 221
24 223
24 228
24 236
24 258
24 259
24 282
24 296
24 300
24 315
24 321
24 347
24 659
24 699
24 943
24 955
25 30
25 34
25 40
25 41
25 50
25 59
25 68
25 71
25 73
25 83
25 87
25 108
25 120
25 125
25 132
25 134
25 136
25 142
25 152
25 154
25 155
25 161
25 163
25 174
25 184
25 191
25 216
25 225
25 232
25 236
25 274
25 277
25 283
25 286
25 289
25 291
25 738
25 922
26 32
26 42
26 46
26 52
26 59
26 64
26 69
26 80
26 83
26 85
26 92
26 115
26 121
26 135
26 161
26 164
26 194
26 196
26 201
26 206
26 215
26 236
26 243
26 245
26 254
26 264
26 293
26 319
26 424
26 648
27 29
27 33
27 52
27 54
27 55
27 71
27 73
27 77
27 103
27 104
27 108
27 109
27 115
27 139
27 168
27 178
27 180
27 184
27 189
27 193
27 196
27 200
27 209
27 216
27 217
27 221
27 229
27 250
27 270
27 277
27 290
27 300
27 326
27 605
27 630
27 663
27 978
28 33
28 56
28 72
28 77
28 95
28 96
28 104
28 123
28 130
28 132
28 133
28 147
28 165
28 174
28 187
28 201
28 206
28 213
28 215
28 216
28 226
28 239
28 241
28 254
28 276
28 278
28 283
28 292
28 293
28 296
28 299
28 316
28 317
28 319
28 359
28 474
28 520
28 771
28 846
28 860
28 903
28 939
29 31
29 44
29 51
29 59
29 62
29 65
29 82
29 114
29 117
29 119
29 125
29 127
29 139
29 158
29 180
29 190
29 199
29 224
29 238
29 244
29 252
29 255
29 267
29 271
29 273
29 290
29 312
29 316
29 443
29 497
29 709
29 728
30 35
30 71
30 84
30 88
30 100
30 115
30 131
30 160
30 165
30 173
30 177
30 182
30 193
30 194
30 195
30 196
30 226
30 228
30 235
30 257
30 288
30 290
30 302
30 387
30 400
30 808
30 822
30 887
31 38
31 39
31 42
31 55
31 71
31 84
31 89
31 101
31 108
31 110
31 113
31 160
31 203
31 205
31 234
31 241
31 244
31 252
31 284
31 294
31 315
31 411
31 450
31 664
31 689
31 813
31 964
32 65
32 73
32 80
32 84
32 87
32 100
32 111
32 118
32 128
32 136
32 139
32 145
32 159
32 160
32 168
32 177
32 203
32 205
32 209
32 221
32 231
32 242
32 246
32 247
32 255
32 264
32 265
32 273
32 280
32 291
32 305
32 317
32 361
32 438
32 444
32 644
32 961
33 40
33 42
33 43
33 47
33 50
33 51
33 60
33 71
33 101
33 102
33 110
33 112
33 131
33 140
33 171
33 172
33 174
33 175
33 182
33 188
33 190
33 201
33 205
33 222
33 226
33 236
33 239
33 251
33 257
33 259
33 263
33 273
33 293
33 306
33 310
33 312
33 497
33 578
33 633
33 725
33 792
33 806
33 816
33 862
33 869
33 892
34 46
34 47
34 56
34 81
34 110
34 121
34 122
34 130
34 132
34 150
34 152
34 175
34 201
34 223
34 230
34 236
34 245
34 247
34 253
34 271
34 274
34 293
34 301
34 307
34 314
34 315
34 316
34 423
34 715
34 914
35 36
35 55
35 58
35 62
35 113
35 129
35 144
35 147
35 149
35 163
35 166
35 173
35 176
35 191
35 212
35 214
35 232
35 233
35 241
35 242
35 245
35 254
35 262
35 290
35 299
35 309
35 315
35 319
35 324
35 673
35 822
36 46
36 50
36 65
36 70
36 87
36 95
36 104
36 107
36 114
36 115
36 165
36 169
36 175
36 182
36 183
36 200
36 207
36 210
36 228
36 250
36 252
36 287
36 294
36 488
36 531
36 943
36 975
37 41
37 42
37 49
37 91
37 99
37 102
37 113
37 146
37 152
37 161
37 164
37 174
37 182
37 184
37 191
37 192
37 199
37 203
37 210
37 211
37 214
37 216
37 242
37 255
37 268
37 301
37 314
37 325
37 326
37 632
37 850
37 900
37 965
38 50
38 55
38 63
38 68
38 71
38 76
38 81
38 91
38 94
38 115
38 123
38 141
38 151
38 152
38 154
38 176
38 191
38 201
38 211
38 212
38 213
38 231
38 238
38 243
38 259
38 282
38 290
38 316
38 664
38 773
38 818
39 56
39 59
39 80
39 89
39 91
39 98
39 99
39 107
39 143
39 146
39 157
39 171
39 174
39 196
39 201
39 207
39 213
39 226
39 259
39 261
39 263
39 277
39 288
39 295
39 298
39 301
39 308
39 314
39 317
39 321
39 538
39 554
39 696
39 778
40 41
40 82
40 111
40 118
40 123
40 136
40 139
40 145
40 154
40 157
40 159
40 163
40 188
40 197
40 203
40 205
40 208
40 212
40 215
40 241
40 243
40 250
40 254
40 255
40 260
40 264
40 276
40 285
40 286
40 303
40 313
40 315
40 326
40 381
40 387
40 679
40 701
40 808
40 891
40 969
41 48
41 52
41 56
41 58
41 60
41 79
41 92
41 102
41 112
41 119
41 121
41 130
41 177
41 205
41 215
41 226
41 244
41 255
41 265
41 266
41 270
41 284
41 287
41 294
41 295
41 298
41 309
41 316
41 674
41 697
41 832
41 958
42 53
42 55
42 62
42 74
42 79
42 80
42 98
42 103
42 105
42 121
42 149
42 152
42 181
42 208
42 222
42 223
42 228
42 237
42 261
42 264
42 271
42 273
42 275
42 277
42 293
42 294
42 298
42 303
42 316
42 319
42 320
42 324
42 330
42 383
42 475
42 496
42 543
42 631
43 50
43 73
43 76
43 77
43 78
43 100
43 113
43 138
43 143
43 145
43 148
43 150
43 151
43 169
43 178
43 184
43 196
43 204
43 231
43 239
43 250
43 252
43 253
43 255
43 297
43 298
43 300
43 328
43 459
43 544
43 746
43 771
43 915
43 967
44 52
44 60
44 79
44 98
44 103
44 112
44 114
44 116
44 124
44 147
44 157
44 164
44 167
44 198
44 201
44 221
44 224
44 225
44 226
44 230
44 239
44 252
44 263
44 279
44 292
44 552
44 764
44 918
45 51
45 66
45 85
45 90
45 98
45 103
45 107
45 112
45 123
45 125
45 127
45 129
45 138
45 144
45 152
45 181
45 190
45 200
45 201
45 207
45 224
45 245
45 249
45 259
45 261
45 297
45 300
45 640
46 48
46 66
46 72
46 77
46 88
46 96
46 97
46 103
46 122
46 130
46 143
46 154
46 157
46 192
46 207
46 210
46 213
46 233
46 235
46 261
46 285
46 310
46 311
46 315
46 850
46 878
46 913
47 49
47 77
47 88
47 96
47 98
47 101
47 104
47 107
47 122
47 126
47 127
47 133
47 201
47 210
47 218
47 239
47 241
47 250
47 251
47 255
47 260
47 262
47 264
47 282
47 296
47 306
47 427
47 540
48 49
48 54
48 58
48 68
48 72
48 73
48 78
48 85
48 86
48 91
48 100
48 101
48 112
48 154
48 168
48 180
48 181
48 184
48 197
48 198
48 202
48 233
48 242
48 250
48 253
48 256
48 260
48 277
48 298
48 313
48 314
48 320
48 453
48 565
48 622
48 697
48 881
48 948
49 55
49 58
49 61
49 62
49 67
49 95
49 100
49 106
49 117
49 127
49 131
49 135
49 152
49 176
49 183
49 188
49 208
49 209
49 228
49 232
49 234
49 260
49 289
49 297
49 301
49 306
49 316
49 320
49 323
49 671
49 788
49 794
49 875
49 970
50 67
50 77
50 78
50 83
50 85
50 110
50 135
50 144
50 145
50 146
50 161
50 164
50 172
50 180
50 204
50 205
50 207
50 211
50 217
50 228
50 239
50 244
50 260
50 265
50 282
50 284
50 291
50 292
50 301
50 304
50 310
50 315
50 316
50 596
50 701
50 790
50 840
50 938
50 942
51 53
51 84
51 89
51 105
51 113
51 119
51 129
51 135
51 142
51 147
51 151
51 174
51 182
51 183
51 199
51 206
51 238
51 251
51 260
51 268
51 269
51 273
51 276
51 281
51 284
51 298
51 313
51 322
51 403
51 425
51 497
51 719
51 753
51 771
51 824
52 56
52 59
52 69
52 74
52 84
52 93
52 96
52 104
52 105
52 113
52 139
52 145
52 149
52 151
52 170
52 181
52 190
52 196
52 200
52 209
52 221
52 231
52 239
52 242
52 243
52 245
52 247
52 250
52 257
52 271
52 276
52 289
52 296
52 300
52 305
52 310
52 313
52 314
52 317
52 478
52 565
52 693
52 865
53 56
53 58
53 70
53 76
53 88
53 105
53 112
53 123
53 134
53 146
53 158
53 159
53 186
53 188
53 217
53 222
53 235
53 238
53 239
53 257
53 262
53 276
53 277
53 286
53 287
53 294
53 297
53 298
53 306
53 318
53 322
53 334
53 630
53 672
53 792
54 61
54 62
54 115
54 139
54 155
54 158
54 160
54 163
54 175
54 180
54 198
54 206
54 212
54 219
54 225
54 238
54 239
54 247
54 300
54 301
54 303
54 309
54 313
54 390
54 432
54 487
54 506
54 553
54 755
54 771
54 892
54 898
54 950
55 62
55 74
55 75
55 85
55 93
55 101
55 112
55 118
55 136
55 140
55 141
55 147
55 156
55 157
55 162
55 168
55 174
55 197
55 199
55 207
55 208
55 225
55 244
55 253
55 254
55 256
55 258
55 269
55 279
55 289
55 296
55 298
55 299
55 301
55 357
55 630
55 644
55 881
56 63
56 67
56 74
56 88
56 90
56 108
56 126
56 141
56 161
56 171
56 178
56 188
56 199
56 208
56 250
56 256
56 275
56 290
56 310
56 314
56 318
56 320
56 393
56 403
56 408
56 712
57 58
57 67
57 93
57 96
57 104
57 120
57 129
57 134
57 150
57 152
57 153
57 160
57 162
57 167
57 170
57 171
57 189
57 197
57 207
57 225
57 262
57 264
57 301
57 310
57 317
57 583
57 835
57 892
58 74
58 78
58 80
58 83
58 97
58 116
58 159
58 162
58 163
58 170
58 180
58 182
58 227
58 292
58 307
58 309
58 313
58 431
58 539
58 582
58 924
59 61
59 70
59 72
59 80
59 81
59 110
59 135
59 156
59 159
59 161
59 164
59 183
59 201
59 204
59 205
59 211
59 217
59 225
59 230
59 233
59 236
59 251
59 267
59 276
59 293
59 295
59 303
59 305
59 317
59 319
59 320
59 323
59 470
59 800
59 804
60 61
60 64
60 65
60 77
60 83
60 89
60 95
60 107
60 115
60 123
60 139
60 142
60 148
60 160
60 168
60 190
60 191
60 194
60 214
60 231
60 241
60 251
60 257
60 265
60 320
60 321
60 624
61 69
61 74
61 86
61 112
61 127
61 138
61 144
61 153
61 168
61 185
61 189
61 191
61 193
61 201
61 215
61 223
61 262
61 273
61 274
61 275
61 287
61 299
61 303
61 308
61 309
61 318
61 320
61 323
61 326
61 641
61 706
61 761
61 926
62 72
62 78
62 86
62 87
62 93
62 99
62 122
62 128
62 146
62 147
62 149
62 162
62 164
62 166
62 173
62 184
62 198
62 200
62 224
62 225
62 226
62 262
62 280
62 286
62 293
62 295
62 298
62 300
62 306
62 317
62 323
62 426
62 906
62 967
63 72
63 73
63 102
63 103
63 121
63 123
63 132
63 134
63 141
63 143
63 149
63 154
63 158
63 161
63 173
63 184
63 191
63 193
63 197
63 207
63 215
63 220
63 225
63 245
63 267
63 272
63 286
63 301
63 326
63 596
63 782
63 855
63 959
64 75
64 118
64 122
64 130
64 137
64 146
64 151
64 163
64 167
64 182
64 197
64 218
64 219
64 225
64 227
64 232
64 233
64 236
64 242
64 251
64 267
64 276
64 291
64 297
64 305
64 361
64 442
64 481
65 66
65 120
65 121
65 126
65 127
65 137
65 139
65 145
65 156
65 172
65 181
65 186
65 190
65 194
65 202
65 203
65 205
65 227
65 230
65 235
65 271
65 275
65 278
65 280
65 283
65 309
65 312
65 339
65 500
65 723
65 804
65 918
65 936
65 958
66 69
66 71
66 75
66 124
66 138
66 144
66 150
66 163
66 167
66 177
66 190
66 198
66 203
66 208
66 209
66 218
66 220
66 221
66 250
66 251
66 254
66 261
66 267
66 283
66 288
66 303
66 308
66 311
66 321
66 372
66 409
66 901
67 73
67 90
67 107
67 114
67 122
67 124
67 128
67 142
67 153
67 156
67 165
67 173
67 179
67 199
67 205
67 225
67 227
67 231
67 235
67 236
67 249
67 255
67 287
67 288
67 295
67 300
67 301
67 304
67 313
67 366
67 542
67 544
67 930
67 965
68 75
68 79
68 83
68 98
68 116
68 127
68 135
68 144
68 158
68 185
68 194
68 211
68 214
68 216
68 220
68 225
68 237
68 286
68 289
68 299
68 306
68 408
68 841
69 73
69 77
69 117
69 133
69 138
69 142
69 155
69 160
69 176
69 182
69 199
69 212
69 227
69 228
69 244
69 247
69 266
69 276
69 280
69 288
69 291
69 295
69 299
69 343
69 460
69 468
69 530
69 675
69 696
69 980
70 107
70 109
70 113
70 126
70 138
70 149
70 153
70 161
70 165
70 169
70 181
70 229
70 255
70 263
70 266
70 267
70 270
70 271
70 274
70 284
70 286
70 300
70 477
70 618
70 651
70 732
70 855
70 922
71 97
71 106
71 108
71 114
71 145
71 150
71 162
71 169
71 182
71 195
71 196
71 200
71 204
71 209
71 223
71 242
71 260
71 267
71 275
71 278
71 283
71 299
71 319
71 472
71 680
72 73
72 76
72 77
72 78
72 85
72 91
72 113
72 125
72 130
72 142
72 149
72 154
72 157
72 164
72 166
72 170
72 186
72 197
72 264
72 272
72 276
72 277
72 282
72 285
72 308
72 310
72 351
72 804
72 886
73 77
73 78
73 85
73 103
73 110
73 113
73 114
73 116
73 125
73 129
73 130
73 136
73 139
73 142
73 151
73 174
73 182
73 188
73 200
73 204
73 228
73 251
73 255
73 257
73 258
73 264
73 265
73 269
73 272
73 273
73 283
73 286
73 314
73 326
73 333
73 407
73 461
73 532
73 539
73 600
73 765
73 845
73 889
73 896
73 968
74 76
74 83
74 90
74 100
74 111
74 117
74 133
74 142
74 151
74 164
74 174
74 184
74 188
74 189
74 190
74 195
74 198
74 210
74 219
74 221
74 238
74 265
74 269
74 270
74 272
74 293
74 297
74 312
74 316
74 375
74 444
74 504
74 662
74 717
74 785
74 860
74 865
75 79
75 84
75 88
75 107
75 115
75 137
75 140
75 155
75 173
75 191
75 194
75 211
75 216
75 218
75 242
75 243
75 264
75 270
75 272
75 288
75 304
75 316
75 317
75 325
75 685
75 709
75 821
75 895
75 926
75 946
76 80
76 84
76 93
76 98
76 101
76 114
76 137
76 143
76 170
76 174
76 198
76 200
76 203
76 210
76 212
76 217
76 225
76 227
76 237
76 238
76 245
76 250
76 260
76 285
76 295
76 313
76 517
76 589
76 595
77 88
77 89
77 92
77 110
77 114
77 119
77 120
77 127
77 131
77 152
77 155
77 158
77 174
77 176
77 179
77 192
77 205
77 219
77 230
77 245
77 247
77 253
77 262
77 300
77 306
77 312
77 322
77 455
77 757
78 96
78 112
78 129
78 137
78 140
78 155
78 156
78 158
78 167
78 173
78 175
78 177
78 184
78 188
78 191
78 194
78 208
78 214
78 216
78 217
78 235
78 238
78 257
78 258
78 266
78 272
78 277
78 280
78 292
78 308
78 318
78 319
78 323
78 395
78 558
78 843
78 952
79 96
79 97
79 103
79 112
79 131
79 145
79 166
79 168
79 171
79 180
79 192
79 193
79 197
79 199
79 206
79 222
79 229
79 250
79 260
79 268
79 273
79 276
79 282
79 285
79 290
79 291
79 301
79 309
79 310
79 480
79 538
79 600
79 741
79 900
79 926
80 82
80 83
80 98
80 105
80 109
80 122
80 132
80 141
80 146
80 155
80 169
80 172
80 174
80 193
80 224
80 230
80 236
80 244
80 252
80 275
80 281
80 289
80 304
80 369
80 418
80 532
80 544
80 620
80 769
80 944
80 947
81 82
81 89
81 122
81 130
81 139
81 143
81 208
81 213
81 240
81 246
81 259
81 262
81 264
81 273
81 274
81 278
81 287
81 292
81 307
81 311
81 489
81 527
81 550
81 616
81 747
81 845
81 855
81 858
81 899
82 84
82 85
82 86
82 97
82 98
82 122
82 126
82 153
82 181
82 191
82 200
82 201
82 222
82 225
82 234
82 246
82 253
82 263
82 272
82 281
82 292
82 310
82 313
82 441
82 745
82 763
82 881
83 89
83 103
83 105
83 115
83 118
83 125
83 135
83 136
83 138
83 146
83 149
83 162
83 170
83 199
83 203
83 224
83 231
83 240
83 262
83 263
83 280
83 284
83 287
83 288
83 291
83 352
83 565
83 717
83 895
84 109
84 110
84 146
84 148
84 163
84 185
84 219
84 223
84 237
84 244
84 245
84 248
84 258
84 261
84 267
84 283
84 288
84 294
84 310
84 316
84 325
84 494
84 919
85 86
85 107
85 113
85 118
85 124
85 140
85 152
85 178
85 183
85 188
85 194
85 201
85 204
85 206
85 210
85 230
85 235
85 242
85 245
85 261
85 275
85 281
85 300
85 315
85 324
85 752
85 882
85 975
86 88
86 89
86 99
86 112
86 116
86 123
86 125
86 137
86 140
86 154
86 156
86 162
86 167
86 199
86 209
86 210
86 216
86 245
86 251
86 252
86 259
86 261
86 267
86 273
86 290
86 576
86 653
86 782
86 869
87 89
87 92
87 99
87 107
87 109
87 114
87 115
87 124
87 137
87 159
87 161
87 171
87 196
87 207
87 232
87 237
87 280
87 284
87 297
87 303
87 310
87 442
87 755
87 938
87 943
88 125
88 133
88 139
88 149
88 156
88 196
88 197
88 220
88 266
88 277
88 287
88 289
88 634
88 640
88 648
88 686
88 936
89 102
89 118
89 137
89 144
89 158
89 160
89 163
89 167
89 177
89 184
89 201
89 208
89 211
89 212
89 232
89 246
89 267
89 268
89 270
89 274
89 291
89 296
89 303
89 306
89 311
89 313
89 314
89 316
89 386
89 804
89 834
89 842
90 100
90 115
90 118
90 125
90 131
90 139
90 142
90 144
90 147
90 150
90 159
90 181
90 188
90 191
90 196
90 202
90 211
90 214
90 217
90 227
90 237
90 238
90 242
90 261
90 272
90 278
90 293
90 295
90 309
90 317
90 604
90 972
91 109
91 113
91 118
91 119
91 123
91 132
91 141
91 152
91 159
91 179
91 196
91 198
91 201
91 207
91 214
91 218
91 220
91 221
91 231
91 248
91 249
91 265
91 268
91 278
91 280
91 321
91 427
91 532
91 563
91 830
92 94
92 95
92 99
92 146
92 162
92 193
92 195
92 196
92 224
92 258
92 262
92 268
92 279
92 288
92 289
92 315
92 326
92 605
92 680
92 895
92 897
92 902
93 105
93 114
93 136
93 145
93 153
93 171
93 180
93 188
93 192
93 193
93 223
93 227
93 236
93 238
93 255
93 264
93 267
93 279
93 295
93 297
93 309
93 314
93 319
93 325
93 485
93 721
94 103
94 109
94 129
94 160
94 185
94 189
94 225
94 239
94 244
94 249
94 252
94 254
94 257
94 268
94 283
94 301
94 357
94 484
94 504
94 530
94 532
94 797
95 102
95 103
95 116
95 138
95 142
95 156
95 161
95 168
95 171
95 181
95 201
95 204
95 205
95 215
95 216
95 242
95 262
95 265
95 271
95 295
95 304
95 313
95 314
95 315
95 320
95 417
95 644
95 712
95 756
95 955
96 97
96 104
96 118
96 129
96 137
96 145
96 147
96 152
96 158
96 175
96 176
96 182
96 193
96 207
96 212
96 231
96 238
96 239
96 250
96 253
96 257
96 272
96 283
96 290
96 304
96 310
96 320
96 321
96 322
96 705
97 101
97 106
97 122
97 140
97 144
97 164
97 167
97 180
97 186
97 190
97 192
97 197
97 200
97 201
97 207
97 215
97 229
97 240
97 244
97 257
97 258
97 260
97 261
97 266
97 269
97 281
97 282
97 298
97 302
97 308
97 310
97 316
97 326
97 470
97 580
97 721
98 105
98 110
98 114
98 115
98 120
98 123
98 136
98 141
98 154
98 161
98 169
98 175
98 179
98 181
98 187
98 199
98 218
98 222
98 226
98 227
98 245
98 261
98 265
98 268
98 272
98 286
98 298
98 300
98 302
98 307
98 318
98 320
98 326
98 378
98 675
98 973
99 103
99 117
99 122
99 125
99 126
99 135
99 165
99 166
99 183
99 193
99 198
99 205
99 219
99 224
99 240
99 251
99 259
99 260
99 261
99 269
99 282
99 285
99 289
99 290
99 293
99 307
99 317
99 392
99 433
99 609
99 744
99 760
99 786
99 792
99 937
100 104
100 131
100 152
100 163
100 182
100 196
100 217
100 219
100 221
100 226
100 234
100 239
100 243
100 244
100 259
100 266
100 298
100 309
100 404
100 448
100 521
100 632
100 928
101 103
101 104
101 118
101 122
101 146
101 148
101 152
101 169
101 175
101 182
101 205
101 220
101 224
101 242
101 243
101 244
101 259
101 270
101 276
101 299
101 302
101 308
101 315
101 322
101 423
101 524
101 664
101 732
101 933
102 104
102 118
102 119
102 132
102 133
102 141
102 146
102 147
102 153
102 158
102 161
102 169
102 174
102 189
102 208
102 222
102 262
102 270
102 271
102 276
102 281
102 283
102 290
102 298
102 300
102 306
102 318
102 480
102 544
102 808
102 860
102 929
103 119
103 125
103 127
103 131
103 133
103 142
103 152
103 155
103 157
103 158
103 171
103 178
103 202
103 215
103 219
103 229
103 230
103 235
103 243
103 244
103 253
103 261
103 263
103 278
103 301
103 306
103 310
103 325
103 399
103 498
103 507
103 632
103 854
104 107
104 119
104 125
104 126
104 132
104 134
104 159
104 201
104 206
104 211
104 259
104 260
104 263
104 265
104 269
104 278
104 280
104 287
104 309
104 310
104 314
104 321
104 366
104 570
104 625
104 627
104 662
104 689
104 733
104 761
104 836
104 944
105 106
105 116
105 117
105 119
105 126
105 128
105 141
105 142
105 155
105 165
105 176
105 187
105 200
105 211
105 214
105 224
105 230
105 237
105 248
105 252
105 270
105 272
105 281
105 285
105 305
105 589
105 741
105 787
106 117
106 118
106 119
106 121
106 128
106 129
106 148
106 157
106 168
106 181
106 187
106 192
106 204
106 210
106 213
106 234
106 253
106 260
106 264
106 268
106 273
106 287
106 314
106 317
106 325
106 352
106 543
106 668
106 724
106 843
106 879
107 108
107 117
107 131
107 158
107 161
107 198
107 207
107 211
107 212
107 215
107 224
107 227
107 228
107 230
107 267
107 269
107 272
107 283
107 305
107 313
107 320
107 324
107 397
107 489
107 550
107 917
108 112
108 131
108 134
108 141
108 204
108 205
108 228
108 229
108 230
108 231
108 234
108 235
108 236
108 237
108 239
108 272
108 273
108 278
108 291
108 303
108 314
108 322
108 551
108 806
108 880
109 114
109 139
109 143
109 181
109 195
109 202
109 226
109 231
109 241
109 250
109 262
109 269
109 283
109 296
109 307
109 318
109 360
109 507
109 591
109 684
109 788
109 943
110 128
110 152
110 163
110 173
110 178
110 179
110 200
110 209
110 215
110 222
110 232
110 239
110 251
110 258
110 264
110 272
110 280
110 282
110 293
110 299
110 314
110 415
110 467
110 484
110 614
110 660
110 714
110 765
110 919
110 937
111 118
111 142
111 149
111 164
111 169
111 183
111 199
111 206
111 218
111 223
111 242
111 244
111 251
111 252
111 254
111 260
111 273
111 276
111 283
111 291
111 299
111 300
111 304
111 307
111 315
111 316
111 324
111 478
111 691
111 868
111 926
112 142
112 143
112 146
112 150
112 153
112 154
112 161
112 167
112 179
112 192
112 197
112 200
112 213
112 215
112 228
112 233
112 260
112 264
112 266
112 278
112 310
112 411
112 485
112 843
112 928
113 114
113 116
113 119
113 121
113 124
113 125
113 135
113 136
113 138
113 161
113 180
113 184
113 185
113 188
113 191
113 199
113 210
113 243
113 247
113 260
113 261
113 271
113 286
113 287
113 293
113 305
113 311
113 319
113 325
113 493
113 503
113 587
113 621
114 121
114 123
114 140
114 145
114 167
114 191
114 195
114 237
114 253
114 256
114 278
114 283
114 284
114 326
114 645
114 711
114 734
114 749
114 932
114 958
115 120
115 133
115 142
115 143
115 164
115 168
115 174
115 211
115 220
115 227
115 228
115 234
115 235
115 250
115 256
115 272
115 308
115 315
115 861
116 118
116 129
116 132
116 232
116 237
116 244
116 257
116 281
116 284
116 289
116 298
116 310
116 313
116 318
116 321
116 340
116 473
116 644
116 676
116 711
116 761
116 814
117 127
117 133
117 146
117 157
117 158
117 162
117 166
117 174
117 190
117 198
117 213
117 220
117 225
117 244
117 272
117 285
117 288
117 293
117 294
117 323
117 410
117 418
117 513
117 551
117 558
117 659
117 862
117 924
118 122
118 129
118 130
118 140
118 155
118 173
118 198
118 204
118 208
118 211
118 212
118 217
118 230
118 243
118 251
118 252
118 253
118 257
118 258
118 272
118 290
118 295
118 320
118 322
118 325
118 431
118 622
118 626
119 128
119 130
119 164
119 167
119 168
119 178
119 185
119 224
119 231
119 241
119 245
119 254
119 260
119 287
119 310
119 614
119 680
119 728
119 808
120 121
120 139
120 146
120 158
120 180
120 200
120 201
120 220
120 222
120 230
120 231
120 233
120 237
120 239
120 265
120 266
120 268
120 272
120 278
120 280
120 297
120 304
120 310
120 395
120 421
120 661
120 686
120 700
120 840
120 845
120 923
120 969
121 127
121 146
121 152
121 168
121 169
121 178
121 179
121 189
121 197
121 208
121 209
121 214
121 215
121 240
121 243
121 244
121 245
121 248
121 251
121 265
121 271
121 272
121 279
121 304
121 306
121 307
121 313
121 316
121 318
121 325
121 436
121 551
121 696
121 788
121 968
122 136
122 141
122 146
122 148
122 157
122 160
122 195
122 196
122 199
122 202
122 209
122 218
122 221
122 222
122 233
122 238
122 252
122 262
122 275
122 279
122 281
122 290
122 294
122 312
122 315
122 318
122 644
122 841
122 895
123 128
123 142
123 161
123 168
123 176
123 178
123 189
123 193
123 218
123 222
123 238
123 240
123 256
123 261
123 274
123 276
123 278
123 289
123 291
123 296
123 297
123 313
123 318
123 533
123 567
123 732
124 131
124 139
124 144
124 146
124 147
124 163
124 164
124 167
124 170
124 189
124 192
124 199
124 213
124 228
124 248
124 249
124 261
124 270
124 276
124 286
124 304
124 305
124 310
124 325
124 326
124 504
124 609
124 743
124 888
125 132
125 135
125 136
125 137
125 152
125 156
125 165
125 185
125 219
125 221
125 243
125 262
125 269
125 288
125 297
125 310
125 311
125 314
125 316
125 367
125 661
125 744
125 919
126 136
126 149
126 155
126 181
126 218
126 231
126 244
126 247
126 250
126 256
126 271
126 290
126 315
126 317
126 323
126 371
126 471
126 715
126 735
126 755
126 967
127 130
127 137
127 172
127 174
127 202
127 210
127 250
127 251
127 258
127 263
127 264
127 269
127 290
127 306
127 431
127 618
127 712
127 756
128 132
128 163
128 183
128 186
128 191
128 194
128 206
128 207
128 212
128 226
128 256
128 258
128 277
128 291
128 294
128 306
128 316
128 463
128 481
128 512
128 668
128 814
129 136
129 143
129 145
129 155
129 160
129 166
129 168
129 171
129 174
129 176
129 190
129 218
129 225
129 227
129 243
129 245
129 246
129 262
129 264
129 284
129 289
129 298
129 299
129 317
129 321
129 326
129 521
129 684
129 718
129 866
129 975
130 133
130 136
130 153
130 181
130 187
130 190
130 191
130 206
130 209
130 222
130 228
130 233
130 238
130 241
130 252
130 261
130 264
130 273
130 284
130 290
130 291
130 307
130 310
130 316
130 325
130 619
130 750
130 808
130 856
130 971
131 172
131 195
131 202
131 232
131 234
131 235
131 252
131 255
131 265
131 268
131 270
131 271
131 274
131 278
131 279
131 287
131 289
131 296
131 306
131 324
131 463
131 588
131 694
131 758
131 848
131 943
132 134
132 165
132 176
132 177
132 190
132 193
132 194
132 207
132 210
132 216
132 233
132 235
132 242
132 258
132 283
132 300
132 304
132 305
132 322
132 323
132 406
132 435
132 661
132 740
132 748
133 146
133 154
133 164
133 166
133 184
133 187
133 193
133 195
133 201
133 202
133 204
133 205
133 211
133 220
133 233
133 255
133 259
133 262
133 271
133 275
133 284
133 290
133 312
133 314
133 392
133 437
133 477
133 491
133 691
134 139
134 145
134 159
134 167
134 179
134 184
134 190
134 202
134 205
134 207
134 215
134 255
134 256
134 258
134 261
134 268
134 271
134 274
134 285
134 286
134 297
134 298
134 304
134 314
134 318
134 517
134 683
134 695
134 800
134 933
135 139
135 141
135 144
135 166
135 194
135 207
135 208
135 219
135 235
135 238
135 247
135 261
135 265
135 268
135 270
135 282
135 312
135 318
135 324
135 396
135 428
135 453
135 518
135 612
135 690
135 728
135 853
135 978
136 141
136 147
136 155
136 166
136 167
136 187
136 200
136 202
136 208
136 215
136 218
136 223
136 232
136 247
136 262
136 266
136 267
136 268
136 269
136 283
136 289
136 305
136 314
136 315
136 317
136 394
136 457
136 501
136 629
136 711
137 141
137 145
137 162
137 190
137 192
137 207
137 209
137 224
137 225
137 227
137 233
137 247
137 268
137 281
137 282
137 283
137 284
137 289
137 290
137 294
137 312
137 351
137 358
137 381
137 385
137 405
137 566
137 658
137 903
138 152
138 158
138 163
138 173
138 176
138 177
138 183
138 194
138 197
138 223
138 230
138 233
138 237
138 244
138 264
138 269
138 291
138 397
138 406
138 435
138 436
138 900
138 903
138 952
139 148
139 175
139 184
139 188
139 202
139 212
139 214
139 228
139 230
139 235
139 237
139 256
139 265
139 266
139 275
139 279
139 289
139 322
139 356
139 467
139 620
139 728
139 870
139 877
139 880
139 915
140 157
140 178
140 180
140 202
140 210
140 214
140 230
140 258
140 262
140 264
140 269
140 283
140 288
140 304
140 307
140 308
140 315
140 322
140 407
140 435
140 653
140 713
140 832
140 925
141 143
141 150
141 157
141 164
141 169
141 175
141 183
141 191
141 209
141 221
141 222
141 226
141 229
141 257
141 260
141 265
141 275
141 281
141 287
141 295
141 304
141 305
141 309
141 318
141 473
141 509
141 715
141 827
141 840
142 146
142 148
142 154
142 159
142 170
142 173
142 178
142 187
142 205
142 210
142 231
142 243
142 246
142 279
142 281
142 291
142 310
142 316
142 320
142 321
142 413
142 420
142 531
142 532
142 563
142 781
142 858
142 894
142 917
143 146
143 147
143 155
143 166
143 192
143 203
143 216
143 224
143 242
143 243
143 266
143 270
143 272
143 284
143 289
143 304
143 312
143 522
143 828
144 145
144 149
144 153
144 158
144 167
144 175
144 191
144 215
144 247
144 256
144 265
144 270
144 277
144 283
144 284
144 285
144 289
144 290
144 292
144 294
144 302
144 305
144 310
144 317
144 325
144 478
144 528
144 701
144 918
145 146
145 152
145 153
145 158
145 176
145 194
145 219
145 230
145 257
145 258
145 268
145 286
145 316
145 438
145 610
146 165
146 171
146 174
146 179
146 180
146 185
146 190
146 219
146 222
146 223
146 237
146 242
146 265
146 282
146 293
146 351
146 474
146 496
147 177
147 183
147 199
147 215
147 217
147 219
147 221
147 236
147 243
147 244
147 249
147 272
147 282
147 317
147 322
147 471
147 536
147 572
147 616
147 634
147 664
147 770
147 920
148 162
148 163
148 169
148 173
148 182
148 183
148 195
148 201
148 234
148 251
148 255
148 259
148 267
148 276
148 288
148 302
148 303
148 309
148 313
148 321
148 419
148 718
148 739
148 804
148 869
148 885
149 166
149 172
149 176
149 184
149 185
149 203
149 206
149 207
149 220
149 223
149 228
149 232
149 247
149 254
149 264
149 268
149 270
149 285
149 286
149 298
149 317
149 325
149 703
149 885
149 939
150 156
150 166
150 170
150 184
150 186
150 188
150 196
150 200
150 206
150 207
150 218
150 228
150 249
150 253
150 254
150 263
150 269
150 285
150 288
150 297
150 305
150 322
150 525
150 668
150 798
150 864
150 919
151 164
151 177
151 183
151 188
151 195
151 226
151 235
151 264
151 276
151 284
151 293
151 308
151 310
151 552
152 154
152 175
152 192
152 203
152 205
152 227
152 243
152 254
152 257
152 275
152 283
152 287
152 291
152 294
152 315
152 392
152 407
152 663
153 158
153 175
153 182
153 199
153 210
153 220
153 224
153 234
153 239
153 252
153 264
153 274
153 275
153 294
153 305
153 307
153 321
153 868
154 156
154 172
154 194
154 225
154 228
154 240
154 258
154 264
154 266
154 305
154 310
154 317
154 346
154 388
154 417
154 447
154 881
154 920
154 951
155 165
155 166
155 174
155 175
155 181
155 202
155 206
155 209
155 219
155 224
155 230
155 231
155 235
155 241
155 253
155 277
155 298
155 304
155 322
155 696
155 791
156 157
156 158
156 163
156 164
156 176
156 186
156 188
156 189
156 206
156 213
156 227
156 235
156 236
156 250
156 266
156 279
156 282
156 292
156 293
156 298
156 303
156 310
156 387
156 521
156 527
156 689
156 742
156 836
156 847
157 188
157 189
157 205
157 216
157 217
157 223
157 229
157 248
157 251
157 268
157 272
157 279
157 280
157 284
157 296
157 319
157 324
157 574
157 618
157 755
157 970
158 169
158 171
158 188
158 205
158 212
158 213
158 223
158 240
158 244
158 245
158 258
158 260
158 266
158 272
158 292
158 298
158 304
158 314
158 545
158 820
159 160
159 161
159 163
159 164
159 167
159 177
159 192
159 193
159 196
159 213
159 233
159 238
159 251
159 269
159 270
159 276
159 288
159 307
159 313
159 318
159 323
159 325
159 350
159 738
159 771
160 164
160 182
160 189
160 239
160 247
160 252
160 253
160 255
160 266
160 267
160 275
160 290
160 294
160 312
160 321
160 615
160 738
160 829
161 166
161 176
161 181
161 184
161 186
161 193
161 204
161 220
161 239
161 243
161 248
161 264
161 286
161 288
161 303
161 311
161 361
161 452
161 757
162 167
162 171
162 176
162 189
162 197
162 199
162 200
162 206
162 212
162 230
162 237
162 238
162 239
162 246
162 254
162 262
162 267
162 280
162 293
162 297
162 317
162 319
162 325
162 657
162 726
162 850
163 167
163 173
163 182
163 183
163 211
163 223
163 232
163 243
163 246
163 250
163 252
163 261
163 268
163 271
163 272
163 290
163 297
163 298
163 308
163 326
163 328
163 489
163 845
163 901
164 170
164 177
164 202
164 204
164 205
164 212
164 231
164 237
164 249
164 251
164 255
164 261
164 273
164 274
164 279
164 281
164 291
164 297
164 301
164 302
164 308
164 318
164 330
164 366
164 545
165 166
165 172
165 179
165 184
165 190
165 222
165 239
165 244
165 276
165 303
165 304
165 305
165 307
165 313
165 897
165 944
165 975
166 170
166 176
166 186
166 212
166 213
166 219
166 234
166 243
166 246
166 256
166 269
166 292
166 293
166 294
166 317
166 318
166 322
166 324
166 397
166 425
166 489
166 492
166 778
167 168
167 178
167 184
167 196
167 217
167 219
167 221
167 222
167 223
167 224
167 239
167 240
167 249
167 258
167 264
167 274
167 284
167 289
167 290
167 291
167 306
167 308
167 898
167 906
168 172
168 176
168 193
168 197
168 201
168 205
168 208
168 216
168 233
168 251
168 256
168 259
168 261
168 265
168 267
168 275
168 292
168 296
168 306
168 307
168 309
168 310
168 313
168 315
168 323
168 325
168 368
168 443
168 460
168 517
168 671
168 883
168 935
169 178
169 179
169 185
169 209
169 241
169 244
169 247
169 249
169 251
169 254
169 272
169 295
169 320
169 324
169 325
169 415
169 502
169 763
169 801
169 918
170 171
170 178
170 179
170 188
170 192
170 214
170 223
170 248
170 249
170 250
170 258
170 274
170 290
170 301
170 307
170 309
170 318
170 469
170 518
170 811
170 840
170 928
170 938
170 955
171 194
171 198
171 208
171 232
171 253
171 270
171 278
171 286
171 302
171 317
171 516
171 723
171 822
171 823
171 865
171 904
172 174
172 176
172 201
172 213
172 230
172 254
172 255
172 268
172 280
172 290
172 294
172 302
172 304
172 315
172 955
173 183
173 198
173 205
173 207
173 211
173 214
173 217
173 231
173 234
173 251
173 261
173 266
173 274
173 275
173 279
173 281
173 290
173 296
173 297
173 310
173 371
173 393
173 568
173 650
173 690
173 745
173 779
173 928
173 953
174 180
174 182
174 186
174 188
174 199
174 202
174 208
174 212
174 217
174 224
174 230
174 244
174 257
174 264
174 273
174 280
174 290
174 291
174 292
174 293
174 296
174 299
174 306
174 317
174 322
174 599
174 724
174 745
174 750
174 768
174 885
175 176
175 206
175 226
175 264
175 266
175 271
175 286
175 290
175 309
175 314
175 315
175 323
175 330
175 547
175 771
175 803
175 831
175 941
176 184
176 205
176 220
176 224
176 248
176 269
176 276
176 286
176 299
176 321
176 322
176 325
176 369
176 693
176 814
177 189
177 192
177 196
177 200
177 237
177 243
177 259
177 267
177 269
177 272
177 278
177 284
177 289
177 294
177 295
177 298
177 317
177 318
177 321
177 552
177 946
178 184
178 189
178 222
178 226
178 235
178 237
178 254
178 263
178 269
178 276
178 279
178 297
178 307
178 309
178 322
178 323
178 542
178 581
178 703
178 707
178 887
179 192
179 200
179 219
179 243
179 256
179 261
179 278
179 287
179 289
179 308
179 322
179 534
179 643
179 721
179 727
179 832
179 890
180 185
180 186
180 189
180 190
180 193
180 196
180 209
180 221
180 225
180 228
180 239
180 246
180 247
180 250
180 252
180 265
180 274
180 276
180 288
180 296
180 311
180 317
180 319
180 324
180 326
180 402
180 467
180 767
180 868
180 938
181 183
181 188
181 193
181 199
181 200
181 208
181 212
181 219
181 232
181 234
181 255
181 265
181 283
181 295
181 296
181 299
181 302
181 310
181 317
181 327
181 710
181 924
181 939
182 188
182 193
182 202
182 206
182 214
182 225
182 227
182 244
182 259
182 270
182 283
182 321
182 390
182 408
182 666
182 709
182 777
183 190
183 193
183 202
183 208
183 210
183 269
183 273
183 285
183 286
183 293
183 294
183 295
183 310
183 321
183 446
183 499
183 782
183 936
184 188
184 193
184 196
184 208
184 212
184 228
184 232
184 235
184 242
184 261
184 265
184 268
184 269
184 276
184 277
184 280
184 285
184 290
184 301
184 416
184 431
184 464
184 624
184 635
184 837
184 878
184 931
185 189
185 203
185 231
185 258
185 273
185 277
185 285
185 290
185 303
185 310
185 404
185 471
185 532
185 700
185 732
185 904
186 193
186 196
186 209
186 213
186 228
186 241
186 249
186 255
186 256
186 262
186 273
186 280
186 283
186 306
186 309
186 314
186 358
186 407
186 468
186 607
186 621
186 766
186 844
186 912
186 962
187 188
187 199
187 213
187 214
187 216
187 219
187 220
187 224
187 240
187 271
187 278
187 502
187 507
187 530
187 609
187 727
187 743
187 866
187 919
188 200
188 208
188 218
188 227
188 231
188 254
188 260
188 289
188 293
188 294
188 298
188 452
188 477
188 588
188 622
188 669
188 722
189 203
189 222
189 232
189 235
189 271
189 278
189 285
189 292
189 297
189 299
189 303
189 315
189 326
189 374
189 423
189 502
189 504
189 573
189 835
189 863
190 195
190 213
190 223
190 241
190 244
190 251
190 273
190 286
190 291
190 294
190 295
190 302
190 304
190 321
190 322
190 634
190 694
191 222
191 233
191 236
191 237
191 257
191 265
191 276
191 280
191 291
191 308
191 322
191 348
191 438
191 636
191 647
191 690
191 776
191 890
192 231
192 240
192 255
192 259
192 267
192 277
192 287
192 288
192 290
192 298
192 301
192 326
192 392
192 496
192 585
192 723
192 728
192 751
192 814
192 872
192 901
193 196
193 204
193 220
193 221
193 233
193 239
193 244
193 258
193 259
193 273
193 292
193 315
193 325
193 409
193 655
194 197
194 208
194 221
194 227
194 229
194 233
194 249
194 264
194 292
194 294
194 391
194 703
194 763
194 777
194 925
195 203
195 216
195 220
195 225
195 233
195 234
195 262
195 273
195 284
195 286
195 291
195 306
195 313
195 324
195 335
195 357
195 361
195 472
195 876
196 216
196 242
196 251
196 256
196 258
196 261
196 276
196 283
196 298
196 318
196 323
196 325
196 559
196 605
196 644
196 660
196 945
197 199
197 208
197 210
197 216
197 224
197 232
197 246
197 253
197 257
197 269
197 282
197 283
197 284
197 286
197 309
197 313
197 380
197 641
197 797
197 851
197 945
197 965
198 200
198 223
198 262
198 267
198 294
198 307
198 309
198 399
198 652
198 977
199 201
199 209
199 211
199 220
199 228
199 238
199 242
199 266
199 276
199 286
199 288
199 289
199 290
199 301
199 313
199 457
199 467
199 480
199 648
199 665
199 687
199 733
199 932
200 241
200 243
200 259
200 265
200 273
200 288
200 298
200 299
200 312
200 314
200 667
200 711
200 777
201 216
201 220
201 221
201 227
201 238
201 239
201 242
201 247
201 263
201 264
201 287
201 288
201 294
201 315
201 317
201 325
201 526
201 848
201 931
202 221
202 228
202 232
202 245
202 254
202 258
202 266
202 282
202 287
202 290
202 295
202 298
202 313
202 314
202 320
202 323
202 330
202 338
202 385
202 864
203 245
203 256
203 262
203 290
203 298
203 330
203 429
203 454
203 474
203 514
203 658
203 674
203 823
203 943
204 206
204 221
204 250
204 257
204 262
204 287
204 295
204 306
204 325
204 482
204 620
204 631
204 720
204 730
204 893
205 210
205 237
205 242
205 267
205 283
205 292
205 312
205 319
205 320
205 324
205 328
205 352
205 929
206 210
206 211
206 217
206 242
206 251
206 264
206 282
206 283
206 286
206 288
206 296
206 297
206 600
206 817
206 909
206 922
207 212
207 213
207 234
207 237
207 253
207 267
207 276
207 285
207 286
207 288
207 290
207 291
207 293
207 298
207 301
207 315
207 318
207 325
207 336
207 430
207 754
207 808
207 872
207 933
208 243
208 271
208 291
208 323
208 465
208 474
208 681
208 718
208 723
208 774
208 790
208 809
209 214
209 215
209 234
209 241
209 244
209 264
209 272
209 279
209 287
209 295
209 299
209 316
209 325
209 540
209 898
210 212
210 240
210 242
210 248
210 260
210 267
210 272
210 283
210 287
210 303
210 313
210 316
210 321
210 347
210 446
210 624
210 788
210 889
210 973
211 215
211 220
211 234
211 244
211 277
211 281
211 301
211 306
211 307
211 313
211 326
211 644
211 896
212 217
212 218
212 236
212 242
212 246
212 257
212 262
212 281
212 295
212 300
212 309
212 316
212 319
212 378
212 487
212 575
212 587
212 827
212 848
213 228
213 249
213 254
213 256
213 265
213 273
213 283
213 298
213 319
213 322
213 612
213 720
213 721
213 782
214 238
214 248
214 256
214 274
214 296
214 297
214 301
214 303
214 308
214 312
214 314
214 317
214 342
214 396
214 464
214 954
214 974
215 231
215 238
215 283
215 319
215 356
215 533
215 626
215 728
215 921
216 230
216 294
216 305
216 315
216 451
216 472
216 687
217 220
217 222
217 224
217 262
217 282
217 293
217 306
217 307
217 309
217 398
217 413
217 717
217 868
217 909
218 220
218 247
218 257
218 279
218 282
218 296
218 314
218 316
218 321
218 349
218 419
218 538
218 737
218 785
219 230
219 234
219 242
219 243
219 246
219 252
219 257
219 277
219 292
219 299
219 317
219 410
219 596
219 725
219 863
219 924
219 937
220 222
220 232
220 234
220 241
220 243
220 288
220 289
220 292
220 295
220 308
220 312
220 320
220 334
220 741
220 795
221 224
221 242
221 256
221 261
221 272
221 276
221 293
221 304
221 312
221 315
221 630
221 656
221 659
221 781
221 818
221 842
222 236
222 238
222 264
222 267
222 290
222 317
222 599
222 692
222 703
222 704
223 231
223 234
223 236
223 245
223 247
223 253
223 275
223 280
223 287
223 299
223 302
223 304
223 321
223 347
223 389
223 928
223 933
224 227
224 251
224 254
224 270
224 276
224 278
224 282
224 284
224 289
224 298
224 303
224 305
224 322
224 345
224 527
224 820
224 945
225 229
225 231
225 237
225 248
225 249
225 251
225 257
225 259
225 269
225 281
225 292
225 294
225 314
225 319
225 321
225 865
226 241
226 252
226 256
226 261
226 268
226 272
226 275
226 278
226 287
226 289
226 290
226 294
226 297
226 303
226 306
226 319
226 320
226 399
226 641
226 727
226 885
226 891
227 228
227 241
227 253
227 285
227 287
227 317
227 325
227 558
227 704
227 799
227 809
227 967
228 239
228 246
228 252
228 262
228 277
228 294
228 300
228 308
228 313
228 323
228 326
228 329
228 594
228 913
229 232
229 243
229 247
229 284
229 298
229 303
229 308
229 311
229 322
229 384
229 400
229 438
229 715
229 832
229 834
229 864
229 930
230 235
230 243
230 251
230 268
230 278
230 282
230 285
230 288
230 306
230 307
230 311
230 322
230 391
230 515
230 786
230 968
231 241
231 243
231 249
231 283
231 294
231 300
231 323
231 476
231 687
231 832
231 872
232 236
232 246
232 248
232 251
232 252
232 254
232 260
232 277
232 306
232 307
232 316
232 318
232 321
232 352
232 533
232 623
232 775
232 868
232 902
233 264
233 271
233 277
233 283
233 288
233 289
233 293
233 295
233 300
233 309
233 315
233 318
233 441
233 486
234 278
234 288
234 291
234 296
234 306
234 308
234 310
234 319
234 320
234 325
234 419
234 440
234 873
234 939
235 253
235 289
235 290
235 325
235 575
235 632
235 685
235 798
235 844
235 972
236 241
236 247
236 259
236 266
236 269
236 286
236 297
236 308
236 325
236 470
236 481
236 493
236 587
236 589
236 599
236 742
237 241
237 244
237 253
237 256
237 267
237 285
237 293
237 295
237 302
237 305
237 316
237 325
237 362
237 701
238 240
238 243
238 259
238 297
238 299
238 300
238 320
238 343
238 358
238 447
238 841
238 965
239 241
239 242
239 247
239 284
239 288
239 306
239 307
239 310
239 316
239 318
239 398
239 468
239 619
239 931
240 255
240 270
240 278
240 289
240 297
240 305
240 308
240 309
240 323
240 631
240 906
241 242
241 256
241 270
241 275
241 277
241 279
241 283
241 286
241 312
241 314
241 322
241 614
241 653
242 246
242 252
242 259
242 261
242 266
242 270
242 274
242 286
242 309
242 321
242 324
242 459
242 474
242 506
242 519
242 587
242 622
242 742
242 826
242 977
243 248
243 250
243 257
243 260
243 286
243 302
243 304
243 315
243 341
243 517
243 769
243 773
243 837
243 839
244 251
244 259
244 266
244 268
244 274
244 275
244 280
244 281
244 287
244 290
244 298
244 309
244 313
244 315
244 325
244 335
244 443
244 718
245 247
245 260
245 281
245 283
245 284
245 287
245 293
245 323
245 324
245 325
245 426
245 438
245 488
245 548
245 670
245 747
245 755
245 807
245 866
245 951
246 292
246 296
246 300
246 420
246 537
246 556
246 643
246 773
246 829
246 877
246 938
247 251
247 255
247 268
247 274
247 292
247 295
247 300
247 313
247 315
247 352
247 561
247 602
247 608
247 796
247 809
248 270
248 271
248 282
248 323
248 341
248 534
248 536
248 581
248 811
249 255
249 268
249 276
249 279
249 305
249 308
249 350
249 370
249 463
249 477
249 480
249 610
249 624
249 642
249 945
249 969
250 252
250 265
250 266
250 274
250 280
250 284
250 297
250 309
250 312
250 316
250 319
250 322
250 690
250 763
250 934
251 274
251 286
251 294
251 302
251 306
251 323
251 388
251 564
251 587
251 602
251 838
251 934
251 975
252 259
252 281
252 283
252 293
252 300
252 383
252 425
252 559
252 584
252 586
252 840
252 926
253 274
253 284
253 289
253 290
253 304
253 314
253 315
253 348
253 542
253 567
253 591
253 668
253 860
253 909
254 269
254 270
254 292
254 311
254 314
254 321
254 327
254 404
254 468
254 481
254 557
254 656
254 709
254 765
254 941
254 959
255 262
255 263
255 266
255 275
255 288
255 295
255 297
255 305
255 310
255 321
255 439
255 675
255 713
255 766
255 791
255 875
255 953
255 974
256 260
256 273
256 277
256 295
256 298
256 302
256 318
256 324
256 362
256 377
256 493
256 544
256 611
256 837
256 923
256 949
257 258
257 260
257 266
257 267
257 279
257 283
257 286
257 287
257 289
257 303
257 310
257 324
257 326
257 367
257 461
257 636
257 732
257 869
257 899
258 273
258 298
258 303
258 320
258 330
258 624
258 670
258 854
258 973
259 260
259 272
259 274
259 286
259 319
259 581
259 787
259 812
259 897
259 898
260 273
260 287
260 312
260 314
260 319
260 425
260 664
260 971
261 268
261 277
261 288
261 304
261 309
261 513
261 618
261 820
261 826
261 967
262 267
262 291
262 305
262 323
262 462
262 467
262 604
262 972
263 271
263 275
263 281
263 282
263 283
263 301
263 319
263 483
263 602
263 672
263 726
263 887
263 920
264 265
264 266
264 267
264 275
264 284
264 292
264 304
264 309
264 317
264 319
264 325
264 326
264 481
264 513
264 822
264 877
265 271
265 291
265 297
265 307
265 308
265 310
265 311
265 313
265 315
265 316
265 330
265 491
265 674
265 899
266 268
266 280
266 301
266 306
266 314
266 326
266 461
266 743
266 749
266 787
267 277
267 278
267 292
267 294
267 298
267 306
267 459
267 472
267 527
267 706
267 923
268 278
268 279
268 280
268 285
268 286
268 291
268 298
268 299
268 314
268 326
268 332
268 348
268 676
268 693
268 720
268 755
268 782
268 816
269 274
269 277
269 285
269 299
269 306
269 309
269 320
269 559
269 654
269 888
269 914
269 925
270 279
270 303
270 314
270 322
270 325
270 388
270 637
270 647
270 871
270 928
271 278
271 302
271 308
271 401
271 477
271 524
271 592
271 606
271 651
271 830
271 866
271 892
271 948
272 275
272 276
272 279
272 312
272 318
272 324
272 597
272 756
273 276
273 278
273 280
273 287
273 302
273 304
273 311
273 322
273 325
273 326
273 367
273 463
273 600
273 602
273 758
274 283
274 291
274 307
274 308
274 320
274 325
274 802
274 956
275 303
275 309
275 310
275 317
275 320
275 326
275 341
275 653
275 771
275 845
275 859
275 907
275 930
276 278
276 280
276 287
276 295
276 302
276 305
276 310
276 313
276 398
276 456
276 658
276 672
276 746
276 757
277 285
277 307
277 309
277 315
277 326
278 279
278 282
278 287
278 303
278 319
278 321
278 326
278 406
278 563
278 565
278 939
279 282
279 285
279 287
279 288
279 300
279 313
279 318
279 319
279 323
279 402
279 455
279 490
279 690
279 956
280 287
280 318
280 320
280 325
280 339
280 352
280 444
281 286
281 302
281 307
281 313
281 321
281 325
281 600
281 623
281 851
281 892
281 900
281 925
282 291
282 293
282 303
282 311
282 315
282 324
282 476
282 742
283 285
283 287
283 294
283 310
283 326
283 383
283 406
283 684
283 688
283 774
283 802
283 897
283 900
284 313
284 319
284 320
284 376
284 414
284 590
284 702
284 742
284 889
285 288
285 326
285 332
285 341
285 468
285 648
285 686
285 689
285 701
285 706
285 935
286 299
286 307
286 315
286 318
286 322
286 377
286 389
286 490
286 504
286 518
286 835
287 299
287 300
287 306
287 373
287 495
287 646
287 749
287 753
287 806
287 949
288 290
288 299
288 302
288 318
288 325
288 337
288 444
288 451
288 483
288 516
288 553
288 768
288 833
288 967
289 291
289 298
289 300
289 302
289 310
289 323
289 375
289 602
289 644
289 678
289 846
290 295
290 303
290 304
290 306
290 314
290 324
290 326
290 364
290 401
290 437
290 466
290 759
290 806
290 844
290 875
290 965
291 299
291 310
291 313
291 565
291 584
291 624
291 822
291 890
291 970
292 299
292 331
292 453
292 559
292 717
292 752
292 848
293 303
293 304
293 306
293 315
293 484
293 489
293 656
293 685
294 304
294 313
294 586
294 596
294 804
295 306
295 319
295 322
295 323
295 326
295 381
295 466
295 635
295 746
295 951
296 298
296 321
296 325
296 448
296 501
296 601
296 777
297 299
297 305
297 314
297 324
297 541
297 608
297 611
297 774
297 872
298 299
298 303
298 310
298 313
298 662
298 684
298 736
298 801
298 816
299 307
299 318
299 414
299 619
299 676
300 308
300 322
300 323
300 371
300 403
300 419
300 441
300 456
300 477
300 552
300 704
300 960
301 304
301 306
301 325
301 345
301 413
301 613
301 696
301 740
301 771
301 948
302 311
302 312
302 730
302 740
302 749
302 764
302 776
302 839
303 310
303 340
303 467
303 689
303 839
304 316
304 326
304 354
304 790
304 882
304 893
304 950
305 321
305 446
305 448
305 701
305 754
306 309
306 318
306 359
306 519
306 537
306 568
306 604
306 656
306 966
307 316
307 350
307 502
307 657
307 658
307 662
307 758
307 841
308 313
308 402
308 409
308 559
308 676
308 961
309 310
309 324
309 447
309 451
309 556
309 805
309 892
309 965
310 475
310 621
310 736
310 758
311 322
311 442
311 574
311 600
312 315
312 433
312 646
313 314
313 343
313 371
313 637
313 900
314 473
314 496
314 765
315 316
315 323
315 497
315 764
316 472
316 551
317 320
317 571
317 816
317 863
318 361
318 424
318 628
318 820
318 850
318 877
319 321
319 323
319 479
319 523
319 675
319 808
320 321
320 324
320 792
320 914
320 935
320 960
321 462
321 618
321 706
321 802
321 956
322 326
322 509
322 672
322 743
323 324
323 681
323 842
323 900
323 964
324 363
324 430
324 451
324 515
325 461
325 551
325 715
325 802
326 679
326 754
326 772
326 964
327 352
327 355
327 368
327 387
327 401
327 408
327 413
327 416
327 417
327 423
327 428
327 436
327 466
327 467
327 485
327 493
327 498
327 505
327 508
327 511
327 522
327 552
327 559
327 575
327 592
327 600
327 608
327 609
327 610
327 622
327 642
327 643
327 644
327 660
327 705
327 818
327 899
327 958
328 344
328 345
328 346
328 347
328 351
328 388
328 424
328 429
328 435
328 437
328 446
328 449
328 451
328 452
328 472
328 487
328 497
328 527
328 528
328 534
328 543
328 557
328 561
328 574
328 588
328 597
328 599
328 610
328 645
328 651
328 652
328 666
328 921
328 973
329 330
329 339
329 343
329 364
329 379
329 382
329 393
329 427
329 434
329 443
329 499
329 513
329 519
329 562
329 592
329 595
329 631
329 763
329 956
330 333
330 356
330 364
330 368
330 370
330 374
330 388
330 392
330 398
330 405
330 412
330 424
330 429
330 444
330 459
330 461
330 464
330 478
330 514
330 540
330 541
330 544
330 547
330 552
330 561
330 575
330 579
330 590
330 603
330 605
330 621
330 639
330 640
330 647
330 738
330 813
331 337
331 345
331 366
331 367
331 379
331 381
331 386
331 390
331 430
331 441
331 455
331 468
331 475
331 492
331 498
331 514
331 520
331 530
331 562
331 568
331 574
331 583
331 585
331 600
331 608
331 613
331 616
331 617
331 619
331 630
331 638
331 651
331 652
331 877
332 338
332 345
332 367
332 369
332 378
332 383
332 391
332 396
332 415
332 432
332 434
332 449
332 462
332 472
332 486
332 490
332 491
332 496
332 518
332 526
332 527
332 548
332 552
332 560
332 575
332 589
332 601
332 602
332 631
332 632
332 639
332 652
332 911
333 341
333 350
333 356
333 378
333 386
333 394
333 400
333 415
333 448
333 450
333 453
333 456
333 460
333 462
333 463
333 484
333 485
333 528
333 539
333 559
333 587
333 612
333 623
333 626
333 634
333 641
333 698
333 749
333 864
333 927
333 960
334 335
334 344
334 348
334 366
334 377
334 378
334 387
334 392
334 394
334 405
334 406
334 424
334 443
334 457
334 466
334 469
334 470
334 476
334 479
334 493
334 500
334 501
334 507
334 518
334 534
334 540
334 543
334 562
334 568
334 569
334 573
334 574
334 589
334 594
334 607
334 613
334 620
334 626
334 628
334 635
334 644
334 826
334 830
334 921
334 961
335 339
335 358
335 362
335 375
335 386
335 388
335 395
335 402
335 405
335 406
335 408
335 414
335 427
335 430
335 433
335 437
335 454
335 479
335 485
335 492
335 525
335 550
335 551
335 556
335 563
335 575
335 586
335 598
335 605
335 627
335 639
335 642
335 658
335 755
335 971
335 976
336 343
336 357
336 369
336 380
336 386
336 387
336 393
336 397
336 399
336 401
336 413
336 416
336 463
336 468
336 477
336 488
336 491
336 493
336 506
336 527
336 528
336 557
336 561
336 576
336 577
336 585
336 588
336 595
336 600
336 617
336 630
336 645
336 648
336 649
336 652
336 711
337 341
337 347
337 349
337 360
337 365
337 378
337 383
337 386
337 395
337 397
337 398
337 401
337 409
337 426
337 448
337 469
337 476
337 514
337 535
337 537
337 540
337 544
337 547
337 549
337 581
337 594
337 597
337 598
337 602
337 608
337 612
337 632
337 650
337 710
337 774
337 862
338 369
338 371
338 385
338 390
338 402
338 409
338 424
338 427
338 434
338 440
338 452
338 477
338 478
338 493
338 508
338 514
338 516
338 520
338 558
338 562
338 564
338 571
338 586
338 587
338 591
338 599
338 606
338 615
338 617
338 618
338 625
338 717
338 751
338 784
338 794
338 857
339 351
339 383
339 384
339 397
339 408
339 430
339 435
339 438
339 441
339 470
339 476
339 479
339 485
339 493
339 503
339 526
339 535
339 536
339 544
339 546
339 553
339 564
339 572
339 576
339 584
339 589
339 598
339 612
339 630
339 641
339 647
339 648
339 651
339 665
339 739
339 849
340 357
340 363
340 381
340 398
340 403
340 415
340 424
340 446
340 459
340 473
340 477
340 480
340 490
340 491
340 504
340 519
340 524
340 544
340 556
340 565
340 599
340 609
340 610
340 616
340 899
341 351
341 352
341 361
341 369
341 395
341 416
341 427
341 435
341 438
341 439
341 482
341 483
341 499
341 508
341 515
341 520
341 525
341 526
341 529
341 530
341 540
341 545
341 555
341 559
341 569
341 587
341 590
341 594
341 604
341 609
341 615
341 616
341 617
341 621
341 628
341 636
341 644
341 917
341 926
341 969
342 358
342 365
342 372
342 373
342 377
342 379
342 408
342 424
342 444
342 453
342 457
342 472
342 474
342 475
342 498
342 502
342 507
342 509
342 518
342 524
342 542
342 545
342 546
342 555
342 558
342 560
342 563
342 565
342 580
342 587
342 638
342 644
342 738
342 739
342 747
342 813
342 821
342 864
343 345
343 416
343 417
343 446
343 460
343 470
343 471
343 475
343 480
343 481
343 497
343 504
343 527
343 535
343 552
343 560
343 563
343 585
343 596
343 599
343 604
343 606
343 608
343 622
343 635
343 639
343 650
343 663
343 744
343 797
344 353
344 364
344 377
344 390
344 397
344 414
344 420
344 432
344 440
344 441
344 446
344 461
344 472
344 473
344 475
344 491
344 505
344 511
344 532
344 534
344 540
344 541
344 548
344 552
344 554
344 592
344 618
344 620
344 628
344 633
344 638
344 641
344 645
344 794
344 847
344 870
344 938
345 357
345 370
345 372
345 379
345 395
345 418
345 420
345 422
345 435
345 440
345 449
345 455
345 458
345 471
345 477
345 480
345 482
345 496
345 512
345 515
345 528
345 537
345 538
345 548
345 560
345 572
345 588
345 591
345 599
345 622
345 636
345 643
345 736
345 742
345 883
345 955
346 350
346 352
346 368
346 370
346 372
346 386
346 391
346 413
346 414
346 415
346 419
346 425
346 428
346 437
346 459
346 460
346 463
346 471
346 474
346 494
346 497
346 524
346 525
346 527
346 530
346 534
346 546
346 555
346 559
346 574
346 575
346 576
346 590
346 594
346 605
346 609
346 612
346 622
346 626
346 636
346 644
346 645
346 646
346 701
347 356
347 359
347 375
347 381
347 383
347 388
347 396
347 415
347 449
347 453
347 459
347 469
347 477
347 482
347 491
347 492
347 496
347 537
347 576
347 579
347 587
347 591
347 597
347 610
347 620
347 624
347 634
347 636
347 650
347 653
347 674
347 836
347 943
348 349
348 350
348 354
348 373
348 374
348 400
348 401
348 405
348 430
348 434
348 436
348 442
348 447
348 454
348 455
348 460
348 466
348 482
348 495
348 496
348 521
348 526
348 557
348 571
348 574
348 578
348 583
348 584
348 594
348 601
348 609
348 619
348 620
348 640
348 641
348 646
348 647
348 650
348 651
349 366
349 367
349 387
349 392
349 398
349 406
349 412
349 415
349 424
349 428
349 440
349 441
349 452
349 473
349 482
349 484
349 488
349 490
349 495
349 501
349 511
349 512
349 516
349 522
349 525
349 535
349 537
349 541
349 544
349 572
349 574
349 577
349 587
349 595
349 598
349 604
349 605
349 612
349 639
349 644
349 647
349 728
350 360
350 393
350 395
350 408
350 423
350 427
350 444
350 450
350 463
350 470
350 484
350 491
350 498
350 508
350 509
350 515
350 516
350 531
350 535
350 537
350 544
350 552
350 562
350 566
350 570
350 580
350 582
350 593
350 599
350 647
350 698
350 719
351 361
351 379
351 384
351 385
351 390
351 412
351 413
351 427
351 429
351 436
351 454
351 461
351 465
351 468
351 469
351 484
351 496
351 512
351 517
351 531
351 535
351 539
351 542
351 544
351 553
351 555
351 565
351 578
351 579
351 580
351 582
351 591
351 592
351 598
351 602
351 606
351 625
351 638
351 732
352 353
352 374
352 395
352 396
352 401
352 407
352 411
352 424
352 426
352 433
352 463
352 482
352 490
352 493
352 495
352 501
352 506
352 509
352 520
352 528
352 532
352 533
352 544
352 557
352 562
352 584
352 591
352 610
352 614
352 617
352 629
352 732
352 779
353 357
353 363
353 383
353 387
353 389
353 394
353 397
353 423
353 425
353 426
353 432
353 457
353 461
353 462
353 468
353 472
353 481
353 491
353 496
353 497
353 508
353 521
353 534
353 537
353 547
353 552
353 562
353 565
353 567
353 568
353 574
353 580
353 583
353 592
353 617
353 631
353 843
353 871
353 954
354 369
354 375
354 388
354 391
354 412
354 426
354 431
354 446
354 447
354 454
354 458
354 459
354 465
354 469
354 477
354 480
354 487
354 494
354 495
354 514
354 532
354 561
354 603
354 613
354 618
354 619
354 622
354 640
354 643
354 649
354 728
355 360
355 366
355 369
355 373
355 376
355 399
355 403
355 411
355 417
355 427
355 438
355 448
355 452
355 471
355 483
355 490
355 505
355 524
355 535
355 538
355 563
355 578
355 590
355 613
355 626
355 627
355 644
355 768
355 886
356 372
356 377
356 394
356 404
356 405
356 408
356 416
356 418
356 432
356 434
356 461
356 463
356 480
356 499
356 501
356 506
356 511
356 525
356 551
356 592
356 601
356 606
356 627
356 631
356 929
357 362
357 372
357 373
357 378
357 383
357 397
357 425
357 449
357 455
357 463
357 471
357 477
357 481
357 485
357 507
357 518
357 526
357 537
357 541
357 562
357 563
357 586
357 597
357 608
357 622
357 624
357 627
357 630
357 635
357 681
357 790
357 848
358 359
358 374
358 384
358 394
358 399
358 409
358 421
358 428
358 429
358 435
358 456
358 475
358 500
358 515
358 542
358 544
358 548
358 563
358 573
358 574
358 582
358 600
358 607
358 610
358 622
358 626
358 630
358 631
358 640
358 647
358 756
359 365
359 369
359 371
359 378
359 381
359 383
359 395
359 396
359 411
359 430
359 433
359 447
359 456
359 467
359 468
359 490
359 491
359 498
359 548
359 549
359 556
359 563
359 565
359 573
359 576
359 583
359 598
359 603
359 604
359 608
359 613
359 616
359 622
359 626
359 630
359 642
359 643
359 644
359 651
359 868
360 371
360 381
360 383
360 390
360 399
360 401
360 427
360 429
360 433
360 436
360 442
360 455
360 470
360 482
360 483
360 487
360 505
360 510
360 511
360 512
360 515
360 522
360 529
360 547
360 565
360 569
360 592
360 594
360 595
360 603
360 625
360 643
360 839
360 977
361 367
361 385
361 436
361 442
361 443
361 456
361 463
361 464
361 465
361 470
361 491
361 500
361 514
361 519
361 535
361 551
361 553
361 563
361 566
361 580
361 595
361 598
361 600
361 608
361 611
361 613
361 626
361 694
361 738
361 902
361 978
362 364
362 376
362 379
362 438
362 443
362 474
362 505
362 508
362 522
362 531
362 540
362 568
362 589
362 598
362 605
362 609
362 616
362 624
362 627
362 629
362 758
362 785
362 816
363 386
363 414
363 416
363 437
363 451
363 459
363 469
363 493
363 494
363 495
363 497
363 507
363 511
363 520
363 526
363 530
363 547
363 549
363 552
363 553
363 555
363 558
363 559
363 574
363 575
363 576
363 595
363 614
363 619
363 636
363 638
363 643
363 676
364 372
364 398
364 399
364 402
364 417
364 423
364 439
364 448
364 469
364 482
364 484
364 489
364 494
364 495
364 497
364 499
364 515
364 524
364 539
364 556
364 570
364 571
364 572
364 573
364 579
364 584
364 591
364 618
364 638
364 640
364 815
364 907
365 384
365 392
365 411
365 429
365 439
365 440
365 455
365 465
365 470
365 489
365 507
365 508
365 511
365 526
365 533
365 547
365 570
365 599
365 616
365 622
365 623
365 626
365 641
365 650
365 653
365 810
366 367
366 372
366 374
366 381
366 383
366 394
366 412
366 423
366 426
366 441
366 460
366 493
366 494
366 499
366 501
366 502
366 514
366 520
366 523
366 542
366 552
366 554
366 561
366 568
366 576
366 578
366 593
366 597
366 609
366 612
366 643
366 644
366 649
366 652
367 376
367 384
367 392
367 400
367 419
367 432
367 448
367 450
367 453
367 460
367 462
367 467
367 497
367 521
367 522
367 537
367 542
367 543
367 555
367 563
367 569
367 574
367 580
367 602
367 609
367 612
367 613
367 619
367 644
367 649
367 929
367 974
368 378
368 398
368 399
368 411
368 423
368 424
368 426
368 428
368 448
368 465
368 477
368 508
368 512
368 539
368 540
368 558
368 563
368 576
368 582
368 583
368 585
368 586
368 588
368 602
368 626
368 629
368 637
368 650
368 800
368 846
368 858
369 401
369 418
369 427
369 437
369 443
369 447
369 480
369 503
369 510
369 525
369 529
369 560
369 562
369 584
369 594
369 603
369 614
369 620
369 621
369 631
369 636
369 648
369 662
369 684
369 791
370 375
370 378
370 389
370 412
370 439
370 455
370 460
370 461
370 482
370 483
370 492
370 493
370 497
370 505
370 511
370 522
370 530
370 537
370 540
370 567
370 568
370 585
370 613
370 626
370 635
370 640
370 854
370 912
370 975
371 385
371 391
371 392
371 412
371 414
371 417
371 451
371 452
371 465
371 476
371 486
371 492
371 504
371 511
371 521
371 525
371 526
371 548
371 617
371 619
371 626
371 635
371 646
371 650
371 721
371 742
371 760
371 817
371 894
371 901
371 918
372 374
372 403
372 415
372 420
372 423
372 446
372 448
372 451
372 454
372 476
372 489
372 510
372 513
372 527
372 535
372 547
372 550
372 578
372 584
372 609
372 618
372 630
372 649
372 672
372 740
372 936
373 378
373 379
373 384
373 385
373 396
373 397
373 420
373 436
373 437
373 438
373 447
373 479
373 508
373 520
373 526
373 529
373 541
373 548
373 577
373 589
373 594
373 598
373 613
373 615
373 621
373 623
373 641
373 642
373 646
373 759
373 771
374 377
374 385
374 389
374 401
374 405
374 409
374 410
374 421
374 442
374 443
374 459
374 463
374 484
374 491
374 495
374 506
374 538
374 554
374 561
374 562
374 563
374 597
374 602
374 605
374 606
374 614
374 617
374 627
374 635
374 638
374 640
374 641
374 648
374 651
374 839
375 378
375 393
375 407
375 409
375 411
375 446
375 449
375 458
375 464
375 479
375 481
375 493
375 496
375 512
375 513
375 518
375 522
375 525
375 527
375 528
375 532
375 534
375 550
375 562
375 565
375 584
375 587
375 607
375 621
375 631
375 819
375 896
375 908
375 927
376 386
376 387
376 390
376 395
376 398
376 401
376 403
376 427
376 430
376 443
376 450
376 452
376 460
376 475
376 481
376 487
376 488
376 501
376 516
376 525
376 528
376 540
376 563
376 571
376 572
376 579
376 581
376 600
376 610
376 630
376 664
376 789
377 398
377 411
377 416
377 420
377 442
377 444
377 450
377 513
377 517
377 525
377 530
377 534
377 561
377 564
377 573
377 578
377 581
377 582
377 632
377 640
377 642
377 650
377 651
377 766
377 973
378 395
378 399
378 405
378 412
378 417
378 440
378 441
378 442
378 449
378 458
378 472
378 481
378 483
378 484
378 514
378 522
378 525
378 527
378 532
378 540
378 545
378 549
378 558
378 563
378 565
378 579
378 583
378 596
378 616
378 629
378 651
378 657
378 869
379 382
379 393
379 419
379 422
379 431
379 432
379 435
379 454
379 457
379 459
379 464
379 484
379 501
379 511
379 532
379 540
379 556
379 569
379 571
379 573
379 589
379 594
379 598
379 603
379 607
379 613
379 617
379 621
379 622
379 626
379 630
379 651
379 652
380 386
380 393
380 397
380 409
380 426
380 440
380 448
380 452
380 455
380 465
380 473
380 489
380 492
380 497
380 500
380 521
380 532
380 533
380 552
380 557
380 566
380 596
380 601
380 619
380 621
380 624
380 629
380 630
380 636
380 644
380 653
380 670
380 922
380 926
381 404
381 423
381 431
381 438
381 452
381 460
381 477
381 511
381 515
381 529
381 536
381 553
381 554
381 582
381 588
381 591
381 596
381 597
381 603
381 621
381 629
381 630
381 903
382 389
382 392
382 403
382 404
382 420
382 424
382 446
382 448
382 487
382 500
382 506
382 516
382 518
382 520
382 528
382 536
382 548
382 555
382 556
382 566
382 567
382 568
382 586
382 595
382 596
382 635
382 650
382 722
382 973
383 391
383 395
383 410
383 422
383 442
383 444
383 449
383 457
383 465
383 473
383 483
383 484
383 522
383 524
383 527
383 531
383 536
383 558
383 567
383 572
383 576
383 584
383 590
383 606
383 614
383 617
383 618
383 622
383 627
383 630
383 631
383 634
383 649
383 652
383 788
383 806
383 808
383 977
384 386
384 387
384 393
384 412
384 416
384 443
384 471
384 480
384 482
384 506
384 520
384 522
384 542
384 556
384 561
384 568
384 581
384 587
384 602
384 629
384 637
384 653
384 713
384 781
384 791
385 400
385 410
385 417
385 419
385 421
385 423
385 428
385 429
385 449
385 457
385 476
385 477
385 482
385 490
385 552
385 566
385 575
385 581
385 598
385 605
385 609
385 616
385 618
385 642
385 643
385 649
386 396
386 406
386 413
386 418
386 419
386 420
386 421
386 426
386 432
386 435
386 441
386 459
386 460
386 468
386 473
386 497
386 502
386 516
386 534
386 543
386 545
386 555
386 585
386 588
386 598
386 599
386 607
386 618
386 625
386 627
386 644
386 645
386 712
387 389
387 390
387 393
387 407
387 409
387 414
387 416
387 452
387 458
387 463
387 475
387 486
387 500
387 504
387 522
387 530
387 545
387 553
387 568
387 571
387 572
387 588
387 595
387 597
387 599
387 603
387 604
387 608
387 609
387 627
387 631
387 633
387 646
387 825
388 393
388 394
388 398
388 400
388 422
388 429
388 431
388 446
388 450
388 460
388 476
388 478
388 483
388 494
388 500
388 505
388 509
388 515
388 535
388 538
388 583
388 585
388 587
388 588
388 596
388 606
388 607
388 619
388 624
388 629
388 630
388 631
388 643
389 395
389 400
389 414
389 429
389 440
389 450
389 458
389 483
389 488
389 496
389 503
389 508
389 509
389 513
389 517
389 521
389 538
389 548
389 550
389 603
389 612
389 624
389 629
389 645
389 826
389 832
389 835
389 923
390 399
390 401
390 405
390 431
390 442
390 444
390 458
390 464
390 465
390 476
390 481
390 487
390 488
390 490
390 495
390 517
390 524
390 533
390 538
390 548
390 567
390 576
390 593
390 598
390 599
390 606
390 615
390 616
390 643
390 644
390 648
390 653
390 775
390 882
390 923
390 963
391 393
391 404
391 414
391 440
391 450
391 453
391 455
391 485
391 492
391 493
391 517
391 536
391 541
391 569
391 591
391 594
391 597
391 598
391 605
391 610
391 611
391 618
391 629
391 635
391 637
391 642
391 643
391 650
391 678
391 831
391 847
391 894
391 969
392 393
392 401
392 406
392 414
392 418
392 420
392 429
392 435
392 470
392 481
392 497
392 509
392 516
392 526
392 528
392 538
392 546
392 551
392 568
392 585
392 586
392 593
392 603
392 604
392 606
392 607
392 623
392 626
392 628
392 629
392 647
392 713
392 932
393 398
393 412
393 419
393 424
393 443
393 444
393 449
393 452
393 489
393 495
393 513
393 517
393 524
393 528
393 570
393 592
393 598
393 611
393 626
393 634
393 636
393 642
393 817
393 820
394 407
394 428
394 441
394 446
394 507
394 515
394 519
394 529
394 536
394 538
394 539
394 589
394 608
394 611
394 629
394 635
394 653
394 671
394 691
394 693
394 703
394 711
394 943
395 400
395 405
395 418
395 432
395 438
395 441
395 466
395 494
395 508
395 539
395 542
395 545
395 546
395 550
395 557
395 569
395 571
395 579
395 589
395 590
395 598
395 606
395 608
395 610
395 612
395 626
395 647
395 693
395 776
396 426
396 437
396 450
396 455
396 458
396 471
396 472
396 474
396 487
396 534
396 541
396 565
396 573
396 579
396 591
396 619
396 638
396 642
396 836
396 871
397 399
397 404
397 426
397 439
397 442
397 447
397 457
397 463
397 491
397 502
397 517
397 535
397 538
397 544
397 555
397 567
397 594
397 605
397 642
397 649
397 650
397 710
397 857
398 411
398 414
398 415
398 421
398 434
398 437
398 442
398 450
398 458
398 461
398 466
398 471
398 472
398 475
398 477
398 488
398 495
398 516
398 543
398 548
398 561
398 563
398 574
398 579
398 608
398 611
398 637
398 870
398 954
399 420
399 424
399 440
399 442
399 460
399 475
399 481
399 497
399 499
399 510
399 511
399 544
399 549
399 560
399 561
399 597
399 599
399 605
399 616
399 626
399 630
399 737
400 413
400 428
400 432
400 434
400 435
400 451
400 471
400 490
400 491
400 501
400 502
400 512
400 516
400 517
400 518
400 519
400 529
400 531
400 537
400 547
400 558
400 560
400 563
400 601
400 611
400 635
400 637
400 640
400 643
400 647
401 416
401 417
401 422
401 423
401 428
401 435
401 455
401 496
401 497
401 501
401 502
401 526
401 528
401 534
401 556
401 557
401 563
401 565
401 579
401 606
401 640
401 647
401 659
401 698
401 956
402 427
402 446
402 449
402 455
402 475
402 479
402 485
402 489
402 491
402 515
402 525
402 526
402 534
402 537
402 541
402 547
402 561
402 566
402 570
402 598
402 636
402 642
402 646
402 653
402 704
402 850
402 895
402 951
403 410
403 414
403 443
403 448
403 460
403 467
403 474
403 478
403 488
403 497
403 509
403 526
403 530
403 545
403 550
403 558
403 561
403 569
403 572
403 587
403 603
403 606
403 607
403 613
403 627
403 633
403 645
403 658
403 664
404 411
404 453
404 454
404 476
404 477
404 488
404 502
404 503
404 509
404 511
404 514
404 515
404 519
404 531
404 535
404 547
404 556
404 563
404 565
404 567
404 570
404 576
404 581
404 623
404 627
404 671
404 781
404 969
405 414
405 417
405 421
405 434
405 444
405 462
405 470
405 474
405 485
405 488
405 494
405 509
405 514
405 515
405 523
405 524
405 542
405 546
405 553
405 556
405 566
405 572
405 586
405 593
405 597
405 598
405 608
405 623
405 625
405 631
405 633
405 636
405 650
405 782
405 940
405 964
406 410
406 418
406 431
406 443
406 450
406 452
406 457
406 472
406 475
406 480
406 489
406 499
406 509
406 511
406 544
406 552
406 556
406 567
406 577
406 582
406 601
406 607
406 618
406 647
406 663
407 418
407 419
407 429
407 435
407 447
407 453
407 465
407 470
407 475
407 495
407 511
407 521
407 523
407 532
407 538
407 545
407 561
407 566
407 572
407 573
407 575
407 591
407 594
407 595
407 597
407 606
407 632
407 649
408 427
408 428
408 430
408 435
408 442
408 443
408 447
408 450
408 470
408 479
408 481
408 484
408 488
408 491
408 493
408 511
408 521
408 528
408 566
408 613
408 624
408 630
408 632
409 411
409 425
409 438
409 475
409 477
409 487
409 495
409 500
409 552
409 554
409 568
409 622
409 633
409 641
409 807
409 854
410 414
410 452
410 472
410 477
410 489
410 494
410 519
410 523
410 539
410 545
410 549
410 551
410 598
410 603
410 621
410 622
410 632
410 634
410 635
410 642
411 415
411 432
411 435
411 441
411 466
411 472
411 492
411 496
411 501
411 502
411 503
411 550
411 577
411 594
411 599
411 618
411 622
411 697
411 704
411 923
411 930
412 413
412 437
412 441
412 450
412 454
412 458
412 465
412 484
412 523
412 527
412 537
412 548
412 565
412 568
412 569
412 570
412 579
412 594
412 606
412 614
412 622
412 623
412 627
412 636
412 645
412 646
412 652
412 963
413 422
413 433
413 442
413 447
413 451
413 454
413 456
413 458
413 460
413 463
413 468
413 484
413 485
413 488
413 494
413 522
413 534
413 545
413 562
413 569
413 574
413 578
413 600
413 603
413 609
413 611
413 622
413 626
413 630
413 631
413 895
414 425
414 444
414 447
414 481
414 486
414 488
414 496
414 497
414 513
414 540
414 550
414 557
414 558
414 573
414 576
414 581
414 585
414 600
414 603
414 609
414 613
414 645
414 647
414 903
414 934
414 935
415 418
415 421
415 430
415 457
415 465
415 477
415 479
415 485
415 491
415 496
415 502
415 510
415 521
415 537
415 544
415 555
415 562
415 563
415 567
415 569
415 579
415 611
415 612
415 614
415 616
415 618
415 636
415 652
415 676
416 452
416 454
416 462
416 473
416 482
416 516
416 532
416 554
416 569
416 577
416 589
416 591
416 606
416 617
416 625
416 626
416 631
416 639
416 649
416 653
416 838
416 942
416 962
417 421
417 425
417 434
417 437
417 441
417 444
417 457
417 480
417 493
417 504
417 519
417 554
417 558
417 567
417 579
417 580
417 582
417 590
417 594
417 601
417 606
417 623
417 633
417 634
417 644
417 648
417 664
417 798
418 428
418 444
418 451
418 456
418 476
418 481
418 486
418 496
418 499
418 504
418 511
418 526
418 529
418 533
418 534
418 554
418 555
418 571
418 576
418 582
418 585
418 588
418 593
418 609
418 612
418 618
418 636
418 641
418 647
418 651
418 806
419 426
419 449
419 461
419 465
419 487
419 495
419 509
419 525
419 540
419 548
419 551
419 552
419 560
419 567
419 610
419 612
419 616
419 627
419 645
419 715
419 945
420 423
420 438
420 464
420 486
420 490
420 500
420 525
420 533
420 550
420 564
420 570
420 587
420 588
420 601
420 606
420 609
420 614
420 624
420 629
420 630
420 633
420 654
420 700
420 774
420 836
420 943
420 954
421 435
421 442
421 443
421 476
421 522
421 529
421 530
421 533
421 535
421 538
421 553
421 555
421 573
421 574
421 606
421 609
421 620
421 631
421 635
421 641
421 746
421 814
421 822
421 839
422 429
422 442
422 456
422 510
422 515
422 545
422 553
422 561
422 563
422 573
422 585
422 599
422 606
422 608
422 612
422 618
422 636
422 638
422 640
422 642
422 643
422 647
423 437
423 440
423 445
423 455
423 462
423 492
423 493
423 512
423 513
423 520
423 541
423 546
423 551
423 562
423 579
423 580
423 586
423 599
423 600
423 604
423 612
423 622
423 629
423 641
423 648
423 694
423 732
424 425
424 426
424 438
424 471
424 474
424 480
424 484
424 510
424 517
424 534
424 541
424 545
424 564
424 575
424 581
424 583
424 597
424 605
424 631
424 641
424 646
424 706
424 772
424 835
424 976
425 427
425 428
425 436
425 445
425 447
425 449
425 477
425 490
425 494
425 496
425 501
425 506
425 531
425 541
425 596
425 602
425 616
425 628
425 687
425 843
425 907
425 958
426 429
426 440
426 444
426 446
426 486
426 490
426 509
426 522
426 526
426 540
426 541
426 559
426 576
426 595
426 613
426 627
426 637
426 639
426 652
427 441
427 448
427 479
427 493
427 494
427 496
427 497
427 498
427 502
427 516
427 520
427 532
427 540
427 544
427 585
427 595
427 597
427 610
427 611
427 628
427 630
427 636
427 649
427 653
428 431
428 439
428 446
428 456
428 457
428 458
428 465
428 479
428 491
428 519
428 525
428 550
428 558
428 570
428 579
428 600
428 606
428 625
428 634
428 638
428 643
428 774
429 431
429 442
429 466
429 469
429 513
429 514
429 556
429 578
429 583
429 586
429 590
429 597
429 604
429 605
429 628
429 633
429 649
429 729
429 742
429 773
429 978
430 464
430 480
430 487
430 493
430 496
430 524
430 532
430 535
430 539
430 549
430 550
430 570
430 571
430 575
430 580
430 591
430 597
430 603
430 612
430 614
430 624
430 628
430 631
430 634
430 638
430 641
430 642
430 643
430 653
430 758
430 760
430 974
431 437
431 441
431 444
431 446
431 454
431 487
431 501
431 502
431 503
431 506
431 508
431 533
431 539
431 560
431 562
431 563
431 584
431 589
431 590
431 601
431 612
431 638
431 648
431 703
431 834
432 444
432 452
432 455
432 468
432 492
432 497
432 504
432 514
432 535
432 542
432 548
432 552
432 563
432 573
432 574
432 575
432 577
432 584
432 601
432 612
432 613
432 632
432 634
432 651
432 745
432 777
433 435
433 440
433 490
433 492
433 503
433 524
433 539
433 542
433 543
433 561
433 568
433 582
433 584
433 592
433 604
433 637
433 640
433 669
433 798
434 440
434 448
434 453
434 457
434 460
434 466
434 474
434 503
434 506
434 522
434 532
434 543
434 545
434 572
434 575
434 576
434 588
434 611
434 612
434 613
434 619
434 631
434 632
434 643
434 649
434 759
435 444
435 445
435 470
435 477
435 478
435 480
435 506
435 512
435 514
435 515
435 554
435 575
435 580
435 583
435 592
435 593
435 597
435 610
435 626
435 627
435 633
435 636
435 638
435 649
435 880
435 906
436 443
436 446
436 448
436 457
436 470
436 497
436 507
436 524
436 529
436 551
436 552
436 571
436 585
436 604
436 632
436 646
436 652
436 840
437 452
437 458
437 485
437 504
437 509
437 520
437 533
437 541
437 544
437 546
437 549
437 574
437 608
437 609
437 614
437 615
437 616
437 641
437 669
437 671
437 780
437 787
437 832
437 933
438 442
438 465
438 477
438 485
438 486
438 491
438 507
438 508
438 521
438 527
438 532
438 542
438 545
438 556
438 567
438 585
438 594
438 599
438 602
438 607
438 627
438 631
438 633
438 637
438 647
438 650
438 652
438 964
439 460
439 476
439 477
439 481
439 483
439 487
439 491
439 493
439 506
439 519
439 524
439 525
439 536
439 545
439 547
439 548
439 560
439 572
439 577
439 587
439 603
439 619
439 629
439 631
439 632
439 654
439 750
439 755
439 828
439 935
440 445
440 455
440 468
440 469
440 484
440 493
440 495
440 509
440 528
440 539
440 546
440 551
440 565
440 569
440 594
440 601
440 602
440 613
440 616
440 631
440 634
440 644
440 688
440 889
440 979
441 463
441 477
441 482
441 485
441 491
441 492
441 513
441 514
441 522
441 536
441 540
441 551
441 563
441 564
441 591
441 611
441 612
441 613
441 619
441 626
441 627
441 641
441 643
441 651
441 660
441 724
441 804
442 445
442 449
442 454
442 462
442 466
442 469
442 480
442 483
442 494
442 501
442 510
442 539
442 546
442 548
442 564
442 565
442 568
442 570
442 571
442 578
442 580
442 582
442 603
442 629
442 633
442 648
442 650
442 766
442 879
443 463
443 472
443 477
443 480
443 493
443 494
443 495
443 500
443 512
443 521
443 523
443 544
443 559
443 572
443 601
443 617
443 624
443 638
443 644
443 646
443 647
443 674
443 808
443 856
444 446
444 455
444 460
444 467
444 472
444 484
444 486
444 515
444 519
444 537
444 565
444 569
444 572
444 587
444 620
444 625
444 642
444 645
444 647
444 653
444 676
444 697
445 448
445 449
445 489
445 545
445 546
445 554
445 557
445 562
445 611
445 612
445 614
445 622
445 629
445 642
445 678
445 690
445 740
445 793
445 894
446 465
446 470
446 477
446 487
446 497
446 506
446 513
446 518
446 531
446 534
446 536
446 542
446 556
446 574
446 579
446 587
446 588
446 591
446 593
446 603
446 611
446 617
446 621
446 635
446 636
446 637
446 645
446 649
446 651
446 767
446 796
446 819
446 828
446 851
446 874
447 455
447 484
447 486
447 490
447 499
447 500
447 502
447 505
447 511
447 520
447 532
447 556
447 562
447 565
447 569
447 570
447 572
447 573
447 580
447 605
447 608
447 630
447 634
447 648
447 651
447 764
447 922
447 973
448 451
448 460
448 465
448 469
448 471
448 475
448 494
448 497
448 498
448 503
448 511
448 519
448 533
448 544
448 550
448 562
448 570
448 584
448 589
448 594
448 602
448 613
448 620
448 627
448 628
448 634
448 653
448 885
449 456
449 480
449 489
449 491
449 496
449 503
449 514
449 535
449 567
449 577
449 607
449 636
449 641
449 644
449 651
449 660
449 723
449 731
449 886
450 465
450 469
450 484
450 499
450 500
450 507
450 529
450 535
450 541
450 555
450 561
450 572
450 629
450 697
450 759
450 852
451 463
451 472
451 473
451 481
451 487
451 488
451 490
451 520
451 525
451 536
451 545
451 547
451 565
451 570
451 593
451 599
451 630
451 635
451 638
451 646
451 647
451 874
452 475
452 499
452 504
452 506
452 511
452 530
452 543
452 546
452 586
452 591
452 594
452 611
452 615
452 622
452 632
452 641
452 647
452 724
452 838
452 840
452 944
453 471
453 491
453 505
453 510
453 515
453 523
453 524
453 527
453 546
453 576
453 582
453 583
453 596
453 607
453 615
453 626
453 631
453 639
453 649
453 712
453 728
453 820
453 854
454 461
454 471
454 472
454 502
454 510
454 514
454 517
454 542
454 551
454 553
454 568
454 600
454 605
454 618
454 623
454 638
454 640
454 649
454 651
454 775
454 914
455 465
455 466
455 469
455 486
455 521
455 522
455 524
455 530
455 533
455 534
455 563
455 571
455 606
455 613
455 622
455 628
455 634
455 640
455 645
455 651
455 652
455 808
456 468
456 479
456 483
456 488
456 495
456 500
456 505
456 508
456 518
456 530
456 534
456 549
456 561
456 569
456 587
456 591
456 595
456 603
456 620
456 622
456 624
456 628
456 634
456 647
456 873
457 461
457 468
457 469
457 479
457 480
457 493
457 500
457 521
457 527
457 529
457 538
457 548
457 555
457 556
457 572
457 583
457 601
457 610
457 619
457 628
457 632
457 636
457 642
457 649
457 826
458 459
458 460
458 471
458 487
458 496
458 499
458 507
458 511
458 524
458 534
458 541
458 549
458 562
458 566
458 575
458 583
458 592
458 595
458 601
458 602
458 642
458 651
459 462
459 475
459 477
459 481
459 491
459 502
459 505
459 518
459 541
459 548
459 560
459 566
459 571
459 589
459 593
459 614
459 621
459 635
459 893
460 474
460 475
460 490
460 491
460 496
460 498
460 499
460 502
460 513
460 534
460 539
460 540
460 561
460 564
460 574
460 581
460 590
460 593
460 616
460 625
460 631
460 638
460 642
460 681
460 729
460 754
460 770
460 958
461 470
461 481
461 498
461 507
461 508
461 533
461 542
461 547
461 573
461 575
461 581
461 597
461 601
461 606
461 619
461 642
461 649
461 742
461 746
461 755
461 976
462 465
462 466
462 468
462 469
462 499
462 501
462 502
462 517
462 533
462 535
462 560
462 574
462 576
462 579
462 583
462 607
462 623
462 625
462 629
462 630
462 634
462 672
462 846
463 498
463 542
463 550
463 563
463 571
463 588
463 589
463 598
463 601
463 602
463 607
463 610
463 628
463 629
463 646
463 958
464 466
464 467
464 476
464 509
464 510
464 521
464 523
464 531
464 544
464 554
464 566
464 569
464 571
464 573
464 576
464 604
464 622
464 624
464 644
464 646
464 653
464 889
465 471
465 484
465 493
465 500
465 578
465 615
465 621
465 642
465 679
465 748
465 780
465 822
466 471
466 481
466 502
466 511
466 523
466 525
466 526
466 531
466 534
466 554
466 559
466 564
466 575
466 595
466 597
466 600
466 602
466 604
466 630
466 631
466 648
466 650
466 702
466 749
467 471
467 475
467 484
467 486
467 487
467 498
467 512
467 525
467 530
467 533
467 554
467 559
467 577
467 582
467 593
467 597
467 598
467 604
467 630
467 644
467 649
467 650
467 751
468 476
468 481
468 485
468 494
468 513
468 515
468 520
468 547
468 551
468 560
468 561
468 582
468 587
468 618
468 643
468 765
469 496
469 501
469 505
469 512
469 522
469 527
469 528
469 560
469 567
469 573
469 574
469 584
469 589
469 632
469 633
469 635
469 646
469 647
469 652
469 751
469 794
469 876
469 885
469 921
469 976
470 482
470 487
470 489
470 506
470 586
470 623
470 638
470 641
470 643
470 648
470 792
470 871
470 908
471 480
471 484
471 486
471 496
471 499
471 517
471 534
471 535
471 558
471 559
471 582
471 584
471 586
471 588
471 608
471 612
471 615
471 626
471 635
471 647
471 648
471 650
471 653
471 877
471 881
472 476
472 478
472 489
472 491
472 510
472 524
472 525
472 529
472 531
472 540
472 543
472 555
472 560
472 581
472 595
472 602
472 610
472 616
472 623
472 635
472 708
472 916
473 475
473 494
473 507
473 524
473 532
473 537
473 543
473 576
473 578
473 580
473 589
473 593
473 601
473 605
473 611
473 612
473 619
473 629
473 630
473 633
473 643
473 699
473 704
473 902
474 475
474 476
474 480
474 485
474 487
474 491
474 495
474 537
474 538
474 561
474 597
474 608
474 625
474 640
474 733
474 815
475 476
475 486
475 497
475 505
475 507
475 510
475 518
475 521
475 525
475 532
475 554
475 556
475 573
475 592
475 593
475 609
475 610
475 625
475 631
475 633
475 638
475 649
476 482
476 486
476 515
476 528
476 552
476 553
476 562
476 563
476 570
476 571
476 573
476 576
476 585
476 586
476 593
476 626
476 642
476 646
476 744
476 749
476 872
477 494
477 500
477 505
477 506
477 508
477 525
477 532
477 542
477 551
477 560
477 579
477 599
477 619
477 621
477 631
477 632
477 649
477 665
478 486
478 491
478 498
478 520
478 522
478 524
478 531
478 538
478 569
478 609
478 613
478 628
478 635
478 641
479 489
479 492
479 503
479 511
479 524
479 528
479 561
479 575
479 576
479 584
479 589
479 591
479 594
479 606
479 607
479 613
479 619
479 622
479 638
479 653
479 760
479 952
480 494
480 524
480 538
480 550
480 554
480 555
480 557
480 562
480 566
480 578
480 583
480 592
480 616
480 624
480 628
480 711
480 719
480 761
480 849
480 889
480 892
480 978
481 485
481 493
481 502
481 507
481 518
481 533
481 542
481 550
481 565
481 567
481 583
481 597
481 601
481 616
481 620
481 631
481 649
481 653
481 669
481 692
481 731
481 770
481 800
482 487
482 492
482 510
482 530
482 534
482 554
482 566
482 567
482 575
482 582
482 586
482 591
482 604
482 608
482 618
482 622
482 628
482 644
482 651
482 653
482 812
483 484
483 488
483 493
483 499
483 515
483 539
483 545
483 566
483 570
483 572
483 585
483 592
483 593
483 594
483 605
483 616
483 625
483 635
483 642
483 647
483 650
483 758
484 496
484 506
484 526
484 532
484 553
484 581
484 597
484 616
484 624
484 626
484 834
484 864
484 888
485 503
485 512
485 516
485 519
485 530
485 544
485 570
485 577
485 579
485 592
485 607
485 627
485 632
485 649
485 668
485 894
485 909
485 916
485 935
485 944
486 494
486 495
486 504
486 526
486 528
486 533
486 534
486 540
486 541
486 549
486 550
486 570
486 573
486 583
486 590
486 591
486 606
486 622
486 628
486 630
486 640
486 651
486 710
486 748
487 492
487 499
487 503
487 506
487 544
487 561
487 564
487 565
487 582
487 588
487 608
487 611
487 612
487 613
487 614
487 625
487 634
487 637
487 837
487 922
488 502
488 503
488 510
488 518
488 529
488 532
488 536
488 537
488 538
488 563
488 569
488 573
488 585
488 591
488 598
488 601
488 611
488 636
488 639
488 645
488 896
488 933
489 492
489 494
489 503
489 511
489 518
489 537
489 545
489 565
489 566
489 568
489 576
489 583
489 592
489 594
489 598
489 613
489 618
489 621
490 498
490 500
490 507
490 532
490 537
490 539
490 542
490 544
490 557
490 570
490 576
490 579
490 649
490 652
490 723
490 742
491 500
491 513
491 514
491 524
491 560
491 570
491 581
491 582
491 586
491 591
491 603
491 605
491 609
491 613
491 632
491 636
491 637
491 648
491 779
491 933
491 962
492 496
492 498
492 501
492 502
492 518
492 524
492 529
492 538
492 542
492 551
492 559
492 564
492 572
492 581
492 593
492 602
492 610
492 612
492 748
492 790
493 508
493 541
493 543
493 554
493 557
493 562
493 589
493 591
493 601
493 603
493 618
493 621
493 633
493 640
493 641
494 495
494 510
494 534
494 538
494 540
494 557
494 562
494 565
494 575
494 583
494 587
494 592
494 602
494 608
494 618
494 620
494 625
494 630
494 634
494 639
494 644
494 648
494 659
494 883
495 499
495 502
495 515
495 534
495 555
495 560
495 563
495 586
495 595
495 639
495 642
495 652
495 653
495 814
495 945
496 503
496 513
496 525
496 531
496 545
496 552
496 560
496 564
496 578
496 583
496 597
496 623
496 625
496 636
496 638
496 770
497 514
497 542
497 547
497 548
497 561
497 587
497 592
497 595
497 604
497 629
497 637
497 648
497 649
497 838
498 506
498 508
498 514
498 523
498 549
498 554
498 559
498 572
498 576
498 591
498 593
498 606
498 610
498 619
498 637
498 647
498 717
498 958
499 511
499 546
499 550
499 578
499 596
499 624
499 640
499 758
499 852
499 857
500 524
500 525
500 527
500 535
500 538
500 539
500 547
500 551
500 607
500 649
500 651
500 694
500 725
500 779
500 782
501 503
501 512
501 518
501 520
501 532
501 537
501 538
501 547
501 560
501 584
501 589
501 594
501 606
501 613
501 616
501 617
501 620
501 622
501 637
501 638
501 640
501 642
501 644
501 647
501 734
502 503
502 511
502 531
502 535
502 539
502 565
502 567
502 571
502 583
502 586
502 602
502 607
502 613
502 617
502 636
502 637
502 641
502 643
502 675
502 848
502 872
502 948
503 510
503 517
503 531
503 546
503 549
503 551
503 560
503 573
503 585
503 586
503 589
503 591
503 607
503 609
503 619
503 620
503 622
503 624
503 651
503 695
503 777
503 842
504 517
504 532
504 553
504 571
504 572
504 584
504 643
504 651
505 508
505 520
505 528
505 530
505 532
505 534
505 549
505 554
505 559
505 561
505 562
505 581
505 584
505 603
505 612
505 617
505 632
505 640
505 756
505 893
506 511
506 512
506 520
506 531
506 570
506 597
506 619
506 623
506 644
506 674
506 819
506 940
507 521
507 554
507 567
507 570
507 577
507 584
507 600
507 609
507 614
507 630
507 637
507 648
507 651
507 931
508 526
508 527
508 535
508 538
508 550
508 552
508 554
508 563
508 567
508 572
508 574
508 612
508 618
508 621
508 626
508 632
508 839
508 842
508 871
509 514
509 518
509 522
509 525
509 529
509 561
509 577
509 582
509 583
509 594
509 615
509 628
509 634
509 646
509 647
509 686
509 713
510 513
510 520
510 521
510 523
510 524
510 525
510 528
510 531
510 537
510 549
510 552
510 567
510 579
510 591
510 608
510 613
510 614
510 615
510 622
510 624
510 627
510 630
510 644
510 653
510 729
510 881
510 928
511 518
511 525
511 532
511 542
511 560
511 571
511 583
511 585
511 603
511 611
511 618
511 636
511 637
511 644
511 740
511 766
511 788
511 975
512 513
512 522
512 530
512 538
512 574
512 584
512 587
512 596
512 597
512 614
512 623
512 720
512 723
512 936
513 540
513 547
513 551
513 561
513 568
513 573
513 595
513 596
513 610
513 884
513 948
514 535
514 539
514 540
514 546
514 552
514 556
514 559
514 563
514 578
514 609
514 615
514 630
514 633
514 636
514 645
514 653
514 776
514 836
514 950
514 976
515 520
515 521
515 529
515 545
515 556
515 577
515 582
515 585
515 603
515 621
515 623
515 627
515 716
515 722
515 779
516 529
516 533
516 536
516 538
516 542
516 545
516 559
516 562
516 571
516 574
516 576
516 593
516 632
516 640
516 641
516 651
516 698
517 535
517 551
517 575
517 578
517 583
517 593
517 602
517 613
517 623
517 627
517 638
517 681
517 804
517 856
517 933
518 519
518 523
518 527
518 531
518 538
518 577
518 604
518 608
518 616
518 621
518 625
518 626
518 627
518 628
518 635
518 648
519 582
519 594
519 596
519 597
519 602
519 603
519 624
519 626
519 627
519 635
519 638
519 642
520 534
520 535
520 536
520 539
520 547
520 551
520 569
520 572
520 581
520 603
520 613
520 614
520 615
520 620
520 622
520 625
520 633
520 893
520 933
520 977
521 557
521 562
521 579
521 603
521 608
521 622
521 635
521 636
521 640
521 646
521 648
521 704
521 763
521 788
521 823
521 873
521 938
522 528
522 555
522 559
522 574
522 575
522 577
522 585
522 587
522 597
522 606
522 628
522 634
522 635
522 643
522 650
523 548
523 559
523 567
523 582
523 586
523 611
523 616
523 633
523 637
523 823
523 875
524 541
524 556
524 566
524 571
524 573
524 583
524 586
524 595
524 596
524 599
524 606
524 608
524 627
524 629
524 641
524 642
524 898
525 532
525 548
525 593
525 610
525 618
525 624
525 629
525 633
525 643
525 649
525 650
525 832
525 854
526 527
526 533
526 534
526 539
526 551
526 553
526 563
526 564
526 577
526 583
526 610
526 616
526 624
526 629
526 631
526 651
526 863
527 534
527 543
527 545
527 546
527 548
527 551
527 553
527 554
527 572
527 594
527 597
527 610
528 536
528 563
528 581
528 585
528 597
528 623
528 624
528 627
528 728
528 927
529 531
529 557
529 563
529 566
529 575
529 576
529 583
529 603
529 607
529 609
529 621
529 628
529 632
529 635
529 646
530 551
530 561
530 575
530 578
530 579
530 580
530 589
530 601
530 610
530 611
530 612
530 626
530 694
530 761
531 552
531 553
531 558
531 563
531 584
531 594
531 604
531 635
531 710
531 812
531 828
532 544
532 559
532 568
532 570
532 577
532 579
532 580
532 584
532 635
532 645
532 653
532 733
532 753
532 782
532 828
532 969
533 534
533 539
533 549
533 550
533 552
533 568
533 587
533 618
533 621
533 635
533 645
533 647
533 651
533 785
533 823
534 544
534 569
534 571
534 578
534 609
534 632
534 649
534 657
534 724
534 787
535 539
535 541
535 554
535 558
535 560
535 571
535 577
535 578
535 581
535 586
535 594
535 595
535 609
535 611
535 613
535 616
535 617
535 623
535 634
535 647
535 726
535 783
535 790
535 966
536 542
536 562
536 563
536 581
536 589
536 590
536 597
536 607
536 640
536 645
536 646
536 856
537 540
537 542
537 558
537 567
537 580
537 584
537 587
537 608
537 615
537 633
537 636
537 643
537 652
537 658
537 673
537 938
538 556
538 571
538 574
538 583
538 586
538 600
538 618
538 626
538 632
538 637
538 642
538 645
538 646
538 652
538 724
539 544
539 550
539 558
539 567
539 590
539 598
539 606
539 614
539 615
539 619
539 620
539 623
539 631
539 634
539 647
539 649
539 688
539 914
540 550
540 554
540 557
540 572
540 588
540 593
540 595
540 598
540 607
540 625
540 632
540 640
540 643
540 747
540 816
541 554
541 557
541 565
541 575
541 580
541 581
541 598
541 606
541 618
541 622
541 649
541 823
541 949
541 973
542 544
542 561
542 580
542 595
542 597
542 598
542 599
542 626
542 638
542 643
542 657
542 844
543 545
543 550
543 559
543 569
543 586
543 601
543 602
543 607
543 624
543 633
543 791
543 878
544 546
544 548
544 552
544 554
544 559
544 560
544 608
544 618
544 621
544 625
544 641
544 657
544 663
544 767
545 546
545 569
545 572
545 604
545 608
545 609
545 618
545 624
545 633
546 560
546 567
546 572
546 577
546 581
546 586
546 589
546 592
546 594
546 600
546 606
546 637
546 638
546 664
546 803
546 847
547 560
547 579
547 596
547 600
547 609
547 614
547 619
547 620
547 621
547 624
547 626
547 636
547 637
547 876
547 926
548 558
548 595
548 603
548 615
548 623
548 624
548 625
548 634
548 637
548 656
548 795
548 796
548 970
549 558
549 562
549 567
549 575
549 585
549 590
549 591
549 599
549 640
549 644
549 645
549 724
550 551
550 555
550 557
550 562
550 569
550 583
550 598
550 618
550 634
550 765
551 566
551 595
551 606
551 617
551 652
551 743
551 757
552 558
552 560
552 565
552 579
552 587
552 606
552 615
552 618
552 628
552 633
552 634
552 902
552 967
553 569
553 572
553 577
553 583
553 585
553 589
553 598
553 607
553 641
553 648
553 666
553 680
553 749
553 788
554 561
554 574
554 606
554 615
554 617
554 629
554 637
554 641
554 885
555 557
555 559
555 572
555 581
555 586
555 590
555 614
555 628
555 638
555 699
555 711
555 756
555 795
555 910
556 559
556 562
556 568
556 583
556 591
556 596
556 631
556 689
556 817
557 567
557 568
557 605
557 619
557 630
557 631
557 791
557 798
557 916
558 581
558 587
558 593
558 597
558 602
558 622
558 645
558 647
558 674
558 731
558 837
558 919
558 922
559 560
559 565
559 583
559 595
559 620
559 760
559 818
559 912
559 913
560 566
560 568
560 592
560 605
560 608
560 640
560 653
561 581
561 584
561 589
561 597
561 603
561 607
561 619
561 623
561 627
561 777
561 969
562 565
562 572
562 599
562 602
562 608
562 623
562 628
562 639
562 642
562 644
562 657
562 791
562 947
563 566
563 571
563 592
563 599
563 601
563 604
563 606
563 607
563 617
563 620
563 634
563 647
563 653
563 781
563 919
564 592
564 598
564 600
564 619
564 620
564 625
564 637
564 640
564 670
564 756
564 788
564 853
564 927
564 938
564 975
565 588
565 591
565 618
565 652
565 774
566 569
566 571
566 582
566 589
566 600
566 604
566 608
566 611
566 626
566 635
566 638
566 645
566 807
566 817
566 833
567 574
567 600
567 605
567 635
567 647
567 653
567 766
568 572
568 583
568 597
568 618
568 625
568 634
568 639
568 641
568 651
568 726
568 963
569 578
569 580
569 609
569 616
569 636
569 644
569 772
569 860
569 867
570 579
570 581
570 589
570 609
570 615
570 627
570 643
570 647
570 651
570 694
570 698
570 720
570 844
570 914
570 955
571 575
571 577
571 609
571 626
571 627
571 630
571 649
571 754
571 969
572 577
572 578
572 589
572 599
572 631
572 806
572 848
572 935
573 601
573 609
573 625
573 628
573 639
573 646
573 796
574 583
574 586
574 589
574 601
574 604
574 606
574 608
574 610
574 612
574 613
574 622
574 649
574 743
574 885
574 919
575 585
575 592
575 595
575 597
575 599
575 631
575 633
575 634
575 651
575 773
575 937
575 958
576 588
576 592
576 600
576 608
576 610
576 621
576 627
576 649
576 682
576 693
576 701
576 815
577 584
577 589
577 600
577 603
577 616
577 617
577 639
577 644
577 782
577 808
578 588
578 601
578 615
578 617
578 628
578 633
578 724
578 884
579 583
579 587
579 611
579 612
579 615
579 640
579 641
579 647
580 615
580 618
580 627
580 651
580 652
580 733
580 765
580 824
581 594
581 616
581 634
581 646
581 684
581 979
582 601
582 603
582 608
582 611
582 613
582 676
582 887
583 586
583 589
583 602
583 604
583 618
583 628
583 629
583 630
583 631
583 651
583 874
584 594
584 598
584 600
584 620
584 628
584 673
584 728
585 589
585 594
585 614
585 620
585 640
585 657
585 684
585 809
585 936
586 607
586 611
586 626
586 636
586 708
586 725
586 735
586 788
586 828
586 858
587 598
587 630
587 632
587 645
587 649
587 742
587 980
588 595
588 602
588 604
588 605
588 609
588 613
588 622
588 628
588 631
588 652
589 623
589 624
589 633
589 639
589 645
589 768
589 777
589 946
590 591
590 600
590 606
590 626
590 731
590 830
590 867
590 939
591 595
591 597
591 610
591 612
591 615
591 621
591 627
591 637
591 648
591 649
591 653
591 732
591 794
591 820
592 604
592 619
592 634
592 642
592 648
592 651
593 629
593 656
593 852
594 609
594 614
594 627
594 645
594 904
594 945
594 956
594 963
595 609
595 612
595 624
595 630
595 636
595 645
595 652
595 809
595 916
596 603
596 609
596 630
596 634
596 763
596 865
596 883
596 937
597 600
597 621
597 625
597 637
597 652
597 920
598 618
598 620
598 622
598 629
598 638
598 644
598 645
598 646
598 679
598 757
598 900
599 601
599 604
599 605
599 623
599 628
599 635
599 636
599 643
599 647
599 652
599 674
599 805
599 827
599 964
600 602
600 606
600 607
600 622
600 642
600 648
600 804
600 855
600 915
601 602
601 604
601 608
601 611
601 649
602 614
602 642
602 649
603 624
603 635
603 642
603 708
603 731
603 756
603 905
604 610
604 633
604 634
604 635
604 845
604 928
604 950
605 607
605 613
605 619
605 620
605 628
605 631
605 632
605 650
605 740
605 748
605 782
605 801
605 878
606 616
606 628
606 637
606 643
606 652
606 754
606 888
607 612
607 615
607 634
607 650
607 697
607 730
607 889
608 613
608 614
608 618
608 629
608 633
608 647
608 699
608 755
608 762
608 790
609 610
609 630
609 633
609 637
609 649
609 653
609 671
610 611
610 616
610 618
610 631
610 679
610 876
610 898
610 941
611 653
611 698
611 789
611 816
611 914
611 958
612 622
612 634
612 642
612 716
612 749
612 762
612 779
612 972
613 620
613 626
613 628
613 629
613 637
613 638
613 708
613 783
613 872
614 618
614 639
614 651
614 701
614 726
614 781
615 616
615 624
615 629
615 632
615 638
615 652
615 711
615 712
615 820
615 869
616 619
616 630
616 651
616 757
616 762
617 644
617 648
617 680
617 732
617 813
618 625
618 722
619 622
619 624
619 639
619 649
619 650
619 652
619 807
619 856
620 633
620 639
620 642
620 644
621 626
621 639
621 732
622 627
622 628
622 630
622 638
622 687
622 739
622 796
622 894
623 706
623 855
623 869
623 874
623 901
624 626
624 632
624 633
624 639
624 647
624 824
624 977
625 634
625 948
626 627
626 633
626 722
627 632
627 637
627 642
627 647
627 721
627 781
628 637
628 640
628 645
628 646
628 652
628 915
629 649
629 865
630 645
630 694
631 646
631 653
631 689
631 771
632 639
632 644
632 900
633 640
633 649
633 653
633 700
633 832
633 838
634 635
634 766
634 944
634 945
634 978
635 641
635 653
635 693
635 767
635 859
636 868
636 894
637 646
637 912
637 924
637 934
638 640
638 646
638 695
638 714
639 642
639 650
639 653
640 803
640 863
640 913
641 969
642 646
642 816
642 938
642 944
643 693
643 709
643 789
644 645
644 711
644 966
645 651
645 652
645 653
645 831
646 649
646 764
646 905
647 651
647 856
648 663
649 652
649 703
649 818
649 830
649 845
649 903
649 964
650 886
651 653
652 653
652 745
654 657
654 685
654 686
654 687
654 689
654 729
654 734
654 758
654 762
654 783
654 800
654 806
654 831
654 840
654 852
654 870
654 887
654 898
654 903
654 906
654 916
654 923
654 927
654 928
654 939
654 946
654 949
655 663
655 664
655 682
655 721
655 729
655 741
655 746
655 759
655 773
655 782
655 784
655 792
655 802
655 807
655 818
655 823
655 835
655 841
655 879
655 905
655 929
655 939
655 961
655 976
655 978
656 662
656 673
656 677
656 682
656 689
656 691
656 696
656 703
656 704
656 710
656 727
656 764
656 785
656 797
656 800
656 843
656 852
656 857
656 862
656 864
656 878
656 881
656 882
656 885
656 892
656 893
656 894
656 897
656 898
656 903
656 915
656 932
656 938
656 942
656 957
656 960
656 962
656 966
656 977
657 687
657 691
657 693
657 704
657 722
657 729
657 730
657 735
657 752
657 754
657 756
657 773
657 778
657 782
657 786
657 815
657 873
657 889
657 896
657 925
657 929
657 934
657 939
657 943
657 964
657 977
658 669
658 670
658 687
658 694
658 700
658 708
658 719
658 726
658 740
658 765
658 769
658 781
658 784
658 802
658 843
658 850
658 852
658 857
658 859
658 878
658 885
658 888
658 891
658 901
658 902
658 923
658 929
658 943
658 955
658 961
658 963
658 972
658 974
658 977
658 980
659 660
659 661
659 669
659 680
659 704
659 731
659 732
659 736
659 745
659 761
659 769
659 771
659 802
659 829
659 858
659 866
659 880
659 895
659 906
659 909
659 924
659 929
659 931
659 952
659 962
660 674
660 675
660 679
660 684
660 697
660 726
660 745
660 757
660 764
660 771
660 773
660 792
660 805
660 808
660 813
660 851
660 858
660 861
660 870
660 872
660 875
660 878
660 883
660 924
660 931
660 933
660 936
660 937
660 943
660 969
660 978
660 979
661 664
661 666
661 667
661 671
661 682
661 691
661 696
661 711
661 723
661 728
661 746
661 752
661 771
661 784
661 787
661 788
661 799
661 801
661 808
661 822
661 824
661 833
661 851
661 853
661 871
661 873
661 881
661 890
661 896
661 916
661 917
661 924
661 925
661 929
661 943
661 953
661 954
661 957
661 959
661 960
661 971
661 974
662 675
662 677
662 714
662 768
662 782
662 792
662 806
662 813
662 819
662 820
662 826
662 828
662 830
662 836
662 842
662 879
662 906
662 917
662 921
662 939
662 965
662 975
662 978
662 980
663 677
663 706
663 708
663 717
663 728
663 788
663 794
663 825
663 829
663 831
663 834
663 838
663 849
663 850
663 852
663 857
663 860
663 863
663 864
663 888
663 889
663 891
663 893
663 908
663 911
663 913
663 924
663 926
663 927
663 942
663 960
663 964
663 968
664 677
664 693
664 703
664 706
664 712
664 738
664 749
664 750
664 751
664 760
664 772
664 777
664 779
664 786
664 788
664 800
664 807
664 810
664 816
664 821
664 826
664 827
664 881
664 916
664 927
664 930
664 935
664 943
664 948
664 954
664 958
664 969
664 975
665 680
665 681
665 684
665 706
665 724
665 727
665 746
665 747
665 780
665 800
665 817
665 828
665 860
665 865
665 878
665 879
665 880
665 893
665 901
665 907
665 913
665 914
665 918
665 921
665 925
665 931
665 935
665 944
665 957
665 968
665 977
666 670
666 672
666 676
666 677
666 692
666 693
666 702
666 705
666 711
666 712
666 729
666 761
666 774
666 780
666 790
666 802
666 808
666 818
666 821
666 826
666 843
666 849
666 861
666 863
666 869
666 874
666 879
666 891
666 919
666 926
666 929
666 941
666 942
666 945
666 953
666 964
666 975
667 671
667 679
667 684
667 685
667 686
667 723
667 748
667 750
667 752
667 753
667 767
667 781
667 785
667 816
667 817
667 830
667 838
667 858
667 861
667 870
667 880
667 882
667 883
667 893
667 895
667 896
667 901
667 919
667 920
667 926
667 928
667 933
667 951
667 956
667 979
668 672
668 691
668 692
668 694
668 711
668 720
668 753
668 770
668 787
668 788
668 791
668 794
668 798
668 802
668 823
668 856
668 867
668 881
668 887
668 900
668 902
668 916
668 919
668 938
668 943
668 952
668 956
668 969
668 970
668 977
669 670
669 679
669 684
669 718
669 720
669 739
669 763
669 764
669 771
669 796
669 800
669 802
669 830
669 843
669 844
669 853
669 854
669 857
669 874
669 875
669 884
669 885
669 890
669 892
669 910
669 918
669 953
669 963
670 696
670 706
670 732
670 733
670 737
670 752
670 755
670 767
670 776
670 827
670 830
670 831
670 836
670 840
670 841
670 842
670 846
670 863
670 867
670 869
670 874
670 881
670 888
670 900
670 905
670 910
670 929
670 943
670 961
670 968
670 969
670 970
670 973
671 672
671 679
671 713
671 733
671 744
671 747
671 753
671 785
671 787
671 794
671 801
671 816
671 830
671 837
671 844
671 848
671 852
671 853
671 855
671 884
671 898
671 914
671 938
672 678
672 691
672 695
672 699
672 701
672 705
672 706
672 708
672 711
672 764
672 775
672 786
672 788
672 804
672 818
672 819
672 828
672 876
672 884
672 886
672 892
672 899
672 902
672 913
672 917
672 923
672 930
672 942
672 963
672 965
673 681
673 697
673 712
673 720
673 725
673 726
673 736
673 741
673 746
673 754
673 758
673 764
673 767
673 796
673 810
673 811
673 815
673 827
673 837
673 860
673 874
673 875
673 885
673 886
673 888
673 916
673 922
673 926
673 941
673 959
673 961
673 974
674 675
674 680
674 725
674 750
674 757
674 771
674 782
674 784
674 786
674 822
674 836
674 848
674 861
674 881
674 882
674 890
674 896
674 897
674 906
674 913
674 927
674 969
674 977
675 693
675 708
675 723
675 741
675 746
675 747
675 757
675 765
675 767
675 773
675 778
675 782
675 793
675 815
675 823
675 827
675 834
675 846
675 853
675 867
675 868
675 902
675 905
675 932
675 935
675 950
675 952
675 960
675 961
675 978
675 979
676 678
676 681
676 682
676 700
676 711
676 712
676 717
676 720
676 731
676 745
676 748
676 756
676 772
676 780
676 803
676 840
676 845
676 850
676 857
676 864
676 866
676 886
676 903
676 912
676 914
676 919
676 921
676 938
676 943
676 952
676 954
676 964
677 679
677 688
677 699
677 717
677 723
677 726
677 731
677 737
677 741
677 770
677 777
677 781
677 805
677 810
677 823
677 825
677 828
677 832
677 843
677 844
677 858
677 859
677 863
677 894
677 901
677 916
677 926
677 929
677 953
677 957
677 978
678 687
678 733
678 741
678 746
678 763
678 776
678 797
678 799
678 839
678 846
678 847
678 848
678 851
678 860
678 861
678 864
678 865
678 867
678 906
678 924
678 937
678 941
678 947
678 949
678 954
678 966
678 967
678 980
679 683
679 689
679 697
679 705
679 712
679 726
679 731
679 742
679 751
679 782
679 783
679 788
679 805
679 806
679 856
679 862
679 887
679 899
679 910
679 921
679 930
679 943
680 683
680 703
680 710
680 728
680 734
680 737
680 747
680 749
680 755
680 780
680 785
680 823
680 829
680 840
680 856
680 866
680 869
680 886
680 890
680 904
680 907
680 913
680 928
680 935
680 938
680 940
680 948
680 961
680 962
680 964
680 972
681 688
681 710
681 724
681 725
681 729
681 732
681 740
681 748
681 750
681 756
681 761
681 776
681 780
681 791
681 799
681 812
681 813
681 814
681 821
681 827
681 831
681 832
681 836
681 842
681 845
681 854
681 857
681 889
681 893
681 915
681 917
681 953
681 967
681 970
682 695
682 700
682 703
682 708
682 732
682 740
682 741
682 775
682 794
682 806
682 811
682 812
682 814
682 820
682 822
682 830
682 834
682 843
682 848
682 887
682 893
682 909
682 910
682 911
682 918
682 927
682 932
682 943
682 953
682 959
682 960
682 973
683 686
683 687
683 689
683 767
683 781
683 800
683 807
683 836
683 853
683 854
683 861
683 865
683 897
683 899
683 909
683 919
683 923
683 924
683 932
683 942
683 951
683 958
683 967
683 978
684 687
684 691
684 708
684 710
684 729
684 742
684 744
684 750
684 752
684 777
684 781
684 789
684 811
684 814
684 840
684 843
684 850
684 862
684 863
684 866
684 867
684 875
684 876
684 883
684 884
684 897
684 903
684 911
684 912
684 921
684 922
684 926
684 933
684 936
684 946
684 971
685 696
685 703
685 708
685 711
685 714
685 720
685 740
685 741
685 744
685 746
685 753
685 755
685 762
685 769
685 774
685 775
685 776
685 799
685 802
685 803
685 822
685 837
685 868
685 870
685 875
685 877
685 886
685 909
685 913
685 921
685 938
685 950
685 954
685 956
685 957
686 697
686 705
686 711
686 718
686 721
686 726
686 728
686 744
686 768
686 769
686 777
686 791
686 839
686 845
686 846
686 859
686 865
686 866
686 870
686 876
686 897
686 909
686 918
686 934
686 938
686 945
686 951
686 959
686 974
687 691
687 694
687 708
687 713
687 715
687 739
687 751
687 763
687 777
687 797
687 798
687 812
687 821
687 834
687 857
687 868
687 872
687 875
687 877
687 879
687 884
687 888
687 900
687 934
687 941
687 963
687 968
687 980
688 740
688 750
688 753
688 760
688 770
688 821
688 833
688 849
688 861
688 864
688 867
688 872
688 887
688 893
688 903
688 916
688 917
688 930
688 932
688 940
688 951
688 977
689 691
689 722
689 754
689 755
689 760
689 762
689 779
689 791
689 803
689 818
689 837
689 849
689 863
689 879
689 881
689 884
689 885
689 896
689 922
689 939
689 943
689 946
689 947
689 950
689 956
689 972
689 977
690 714
690 729
690 730
690 733
690 749
690 750
690 763
690 764
690 774
690 785
690 796
690 799
690 809
690 825
690 838
690 848
690 852
690 854
690 868
690 888
690 890
690 903
690 913
690 942
690 951
690 970
691 697
691 701
691 718
691 721
691 733
691 734
691 735
691 739
691 740
691 766
691 783
691 789
691 800
691 803
691 809
691 824
691 848
691 859
691 868
691 879
691 889
691 892
691 900
691 909
691 919
691 925
691 934
691 938
691 942
691 952
691 954
691 960
691 974
691 976
692 695
692 706
692 716
692 725
692 731
692 734
692 740
692 749
692 759
692 765
692 776
692 777
692 780
692 790
692 794
692 801
692 822
692 824
692 835
692 841
692 845
692 848
692 855
692 868
692 881
692 887
692 892
692 910
692 912
692 931
692 938
692 953
692 963
692 967
692 972
693 694
693 712
693 716
693 726
693 757
693 766
693 775
693 783
693 809
693 812
693 826
693 834
693 838
693 845
693 847
693 848
693 851
693 868
693 884
693 886
693 892
693 896
693 901
693 905
693 906
693 907
693 909
693 930
693 940
693 941
693 946
693 966
693 970
694 708
694 717
694 734
694 737
694 738
694 757
694 758
694 771
694 784
694 785
694 786
694 795
694 797
694 799
694 806
694 813
694 818
694 841
694 845
694 846
694 872
694 874
694 879
694 883
694 897
694 907
694 916
694 936
694 937
694 945
694 948
694 951
694 952
694 962
695 698
695 715
695 734
695 758
695 767
695 770
695 778
695 783
695 789
695 791
695 797
695 803
695 808
695 812
695 848
695 851
695 854
695 855
695 859
695 862
695 868
695 871
695 878
695 910
695 914
695 918
695 920
695 923
695 928
695 939
695 961
695 968
695 969
695 971
695 972
695 974
696 700
696 723
696 728
696 747
696 766
696 781
696 784
696 786
696 798
696 800
696 805
696 812
696 813
696 818
696 820
696 855
696 885
696 886
696 889
696 893
696 894
696 899
696 900
696 915
696 917
696 933
696 935
696 948
696 951
696 954
696 960
696 978
696 979
697 708
697 722
697 726
697 732
697 745
697 748
697 750
697 755
697 756
697 772
697 785
697 835
697 853
697 874
697 897
697 900
697 913
697 914
697 930
697 944
697 951
697 953
697 966
697 971
697 974
698 713
698 730
698 741
698 748
698 755
698 764
698 770
698 811
698 820
698 821
698 824
698 828
698 834
698 851
698 863
698 873
698 881
698 908
698 914
698 923
698 925
698 941
698 942
698 971
698 975
698 980
699 714
699 728
699 752
699 753
699 793
699 794
699 804
699 808
699 814
699 817
699 826
699 834
699 837
699 852
699 859
699 862
699 864
699 868
699 879
699 892
699 893
699 916
699 956
699 958
699 969
699 974
700 701
700 706
700 707
700 714
700 719
700 733
700 739
700 749
700 751
700 791
700 799
700 810
700 811
700 812
700 813
700 814
700 816
700 828
700 840
700 854
700 869
700 877
700 878
700 880
700 883
700 890
700 897
700 911
700 919
700 922
700 931
700 935
700 937
700 941
700 950
700 951
700 975
700 978
701 705
701 723
701 725
701 728
701 755
701 767
701 830
701 833
701 837
701 865
701 917
701 924
701 933
701 941
701 950
701 952
701 954
701 964
701 969
701 974
701 976
701 978
702 703
702 704
702 722
702 727
702 732
702 734
702 748
702 754
702 766
702 785
702 815
702 816
702 817
702 818
702 832
702 850
702 855
702 868
702 889
702 895
702 904
702 906
702 941
702 950
702 954
702 977
702 978
703 704
703 708
703 720
703 729
703 745
703 753
703 756
703 764
703 779
703 780
703 790
703 794
703 798
703 807
703 816
703 817
703 818
703 828
703 831
703 833
703 842
703 847
703 853
703 862
703 870
703 871
703 889
703 897
703 917
703 920
703 924
703 926
703 930
703 932
703 946
703 951
703 970
703 974
704 706
704 707
704 709
704 711
704 717
704 724
704 738
704 749
704 758
704 767
704 779
704 781
704 792
704 795
704 801
704 824
704 827
704 834
704 857
704 859
704 868
704 870
704 873
704 879
704 890
704 902
704 919
704 920
704 929
704 957
704 959
704 963
704 974
705 724
705 727
705 731
705 748
705 768
705 783
705 812
705 817
705 825
705 828
705 844
705 864
705 865
705 881
705 882
705 884
705 897
705 898
705 909
705 925
705 954
705 960
705 966
706 707
706 743
706 746
706 751
706 753
706 767
706 775
706 798
706 809
706 822
706 836
706 843
706 859
706 861
706 863
706 865
706 868
706 871
706 897
706 902
706 927
706 934
706 944
706 946
706 974
707 730
707 741
707 746
707 751
707 752
707 758
707 759
707 771
707 772
707 773
707 787
707 790
707 793
707 802
707 817
707 825
707 830
707 833
707 838
707 846
707 859
707 870
707 895
707 900
707 905
707 919
707 925
707 927
707 931
707 932
707 961
707 968
707 974
707 975
708 716
708 723
708 729
708 732
708 734
708 743
708 745
708 757
708 765
708 766
708 770
708 799
708 809
708 814
708 826
708 839
708 850
708 878
708 879
708 899
708 908
708 932
708 934
708 948
708 958
708 962
708 976
708 979
709 711
709 716
709 732
709 734
709 747
709 748
709 766
709 802
709 822
709 823
709 825
709 849
709 853
709 877
709 880
709 883
709 889
709 895
709 906
709 915
709 917
709 922
709 954
709 958
709 960
709 968
709 975
710 731
710 734
710 747
710 780
710 795
710 799
710 813
710 816
710 847
710 862
710 863
710 865
710 866
710 887
710 948
710 950
710 970
710 972
710 979
711 713
711 740
711 747
711 751
711 765
711 791
711 800
711 808
711 814
711 821
711 822
711 833
711 837
711 844
711 866
711 869
711 875
711 893
711 903
711 911
711 922
711 969
711 979
712 713
712 723
712 724
712 749
712 755
712 781
712 783
712 788
712 801
712 806
712 807
712 808
712 812
712 813
712 821
712 826
712 832
712 852
712 873
712 916
712 928
712 938
712 943
712 958
712 965
712 967
712 976
712 978
713 718
713 739
713 747
713 754
713 756
713 759
713 763
713 790
713 806
713 812
713 830
713 871
713 886
713 891
713 892
713 898
713 904
713 905
713 911
713 916
713 952
713 956
713 960
714 716
714 719
714 723
714 749
714 752
714 759
714 763
714 784
714 789
714 791
714 807
714 808
714 857
714 866
714 881
714 882
714 885
714 897
714 909
714 910
714 911
714 924
714 925
714 949
714 950
714 956
714 963
714 967
715 717
715 721
715 734
715 741
715 752
715 759
715 762
715 763
715 768
715 788
715 793
715 801
715 802
715 812
715 841
715 849
715 850
715 855
715 863
715 889
715 894
715 897
715 900
715 935
715 937
715 939
715 945
715 947
715 969
716 721
716 736
716 748
716 749
716 778
716 780
716 789
716 804
716 816
716 817
716 822
716 825
716 828
716 834
716 836
716 839
716 845
716 849
716 871
716 879
716 884
716 908
716 914
716 920
716 925
716 927
716 947
716 958
716 966
716 971
716 974
717 722
717 728
717 736
717 747
717 753
717 767
717 772
717 802
717 804
717 806
717 829
717 835
717 847
717 848
717 889
717 906
717 915
717 941
717 970
718 731
718 736
718 743
718 748
718 752
718 754
718 756
718 789
718 800
718 812
718 815
718 816
718 820
718 825
718 828
718 829
718 880
718 898
718 910
718 921
718 925
718 932
718 944
718 945
718 952
718 953
718 956
718 961
719 723
719 725
719 744
719 748
719 755
719 765
719 779
719 781
719 840
719 859
719 865
719 891
719 894
719 895
719 902
719 907
719 928
719 950
719 953
719 956
719 957
719 963
719 979
720 747
720 750
720 757
720 770
720 802
720 817
720 855
720 864
720 877
720 883
720 896
720 927
720 949
720 962
721 758
721 769
721 775
721 780
721 784
721 792
721 799
721 802
721 829
721 860
721 863
721 881
721 884
721 903
721 921
721 929
721 942
721 944
721 953
721 959
721 961
721 980
722 742
722 745
722 749
722 778
722 781
722 784
722 797
722 802
722 805
722 812
722 820
722 846
722 847
722 853
722 854
722 863
722 877
722 907
722 910
722 916
722 934
722 937
722 950
722 958
722 971
723 727
723 730
723 754
723 770
723 800
723 807
723 840
723 841
723 844
723 850
723 871
723 882
723 884
723 888
723 894
723 896
723 902
723 917
723 920
723 922
723 923
723 932
723 950
723 954
723 956
723 959
723 962
724 725
724 729
724 734
724 739
724 740
724 755
724 764
724 767
724 775
724 783
724 784
724 788
724 789
724 796
724 800
724 806
724 810
724 817
724 829
724 832
724 850
724 856
724 885
724 902
724 909
724 942
724 959
724 980
725 738
725 741
725 763
725 767
725 774
725 787
725 803
725 806
725 809
725 822
725 825
725 844
725 867
725 871
725 878
725 881
725 917
725 934
725 945
725 951
725 958
725 967
725 968
725 969
725 979
726 728
726 735
726 746
726 749
726 753
726 760
726 765
726 777
726 799
726 803
726 807
726 813
726 816
726 836
726 845
726 849
726 859
726 871
726 872
726 880
726 884
726 885
726 893
726 924
726 925
726 927
726 943
726 945
726 965
726 974
726 977
727 770
727 788
727 790
727 808
727 816
727 819
727 820
727 822
727 826
727 836
727 842
727 860
727 861
727 870
727 871
727 884
727 894
727 913
727 926
727 936
727 944
727 950
727 951
727 960
727 965
728 750
728 753
728 758
728 778
728 806
728 810
728 822
728 825
728 828
728 832
728 834
728 841
728 850
728 857
728 865
728 878
728 893
728 894
728 910
728 911
728 912
728 913
728 933
728 938
728 943
728 951
728 955
728 966
728 970
729 732
729 734
729 743
729 750
729 752
729 758
729 759
729 761
729 772
729 779
729 784
729 794
729 804
729 811
729 825
729 826
729 852
729 863
729 865
729 866
729 869
729 872
729 877
729 890
729 894
729 896
729 901
729 907
729 908
729 915
729 919
729 925
729 930
729 943
729 949
729 960
729 968
729 979
730 731
730 745
730 757
730 762
730 763
730 768
730 775
730 776
730 783
730 799
730 807
730 824
730 825
730 831
730 844
730 851
730 864
730 896
730 903
730 906
730 922
730 924
730 930
730 963
730 968
730 972
730 977
731 737
731 741
731 746
731 753
731 755
731 758
731 762
731 765
731 780
731 784
731 804
731 805
731 810
731 816
731 830
731 832
731 833
731 836
731 864
731 872
731 879
731 880
731 884
731 890
731 896
731 922
731 938
731 963
732 735
732 744
732 747
732 760
732 779
732 780
732 786
732 791
732 807
732 847
732 850
732 876
732 884
732 908
732 936
732 951
732 954
732 962
732 979
733 735
733 743
733 765
733 773
733 774
733 776
733 784
733 786
733 793
733 798
733 802
733 803
733 807
733 808
733 809
733 837
733 844
733 850
733 856
733 875
733 880
733 882
733 883
733 884
733 899
733 902
733 906
733 910
733 915
733 919
733 932
733 943
733 950
733 957
733 966
733 969
733 975
734 744
734 745
734 750
734 761
734 765
734 768
734 771
734 781
734 785
734 790
734 795
734 802
734 804
734 818
734 821
734 823
734 828
734 831
734 833
734 838
734 855
734 865
734 869
734 905
734 910
734 913
734 943
734 945
735 755
735 756
735 757
735 774
735 776
735 788
735 792
735 798
735 817
735 820
735 824
735 829
735 839
735 856
735 861
735 873
735 874
735 881
735 882
735 883
735 905
735 917
735 921
735 924
735 925
735 932
735 953
735 954
735 958
735 960
736 744
736 756
736 764
736 775
736 776
736 800
736 801
736 808
736 811
736 833
736 838
736 839
736 849
736 857
736 863
736 864
736 879
736 885
736 889
736 896
736 902
736 914
736 918
736 920
736 925
736 931
736 937
736 944
736 951
737 785
737 789
737 806
737 808
737 827
737 856
737 870
737 880
737 881
737 882
737 888
737 896
737 906
737 907
737 910
737 921
737 925
737 941
737 944
737 953
737 956
737 958
737 967
737 973
737 975
738 769
738 776
738 779
738 786
738 809
738 812
738 813
738 819
738 828
738 853
738 867
738 890
738 909
738 941
738 948
738 949
738 952
738 962
738 964
738 965
738 971
739 747
739 748
739 751
739 777
739 796
739 805
739 835
739 857
739 872
739 873
739 887
739 888
739 910
739 912
739 931
739 943
739 944
739 945
739 969
739 971
739 975
739 976
739 978
739 979
740 741
740 751
740 764
740 765
740 768
740 770
740 790
740 792
740 813
740 820
740 827
740 843
740 853
740 854
740 868
740 874
740 878
740 879
740 889
740 890
740 904
740 919
740 931
740 935
740 936
740 938
740 950
740 967
741 747
741 749
741 751
741 760
741 762
741 765
741 773
741 774
741 787
741 793
741 814
741 817
741 819
741 820
741 824
741 858
741 871
741 873
741 876
741 882
741 885
741 887
741 894
741 917
741 926
741 934
741 954
741 958
741 964
741 971
741 973
742 747
742 748
742 754
742 757
742 773
742 778
742 785
742 806
742 816
742 825
742 826
742 828
742 852
742 871
742 881
742 887
742 890
742 914
742 921
742 945
742 957
742 961
743 747
743 753
743 754
743 764
743 776
743 779
743 795
743 808
743 811
743 833
743 841
743 854
743 855
743 862
743 889
743 894
743 902
743 924
743 930
743 944
743 945
743 959
743 961
744 746
744 749
744 751
744 754
744 760
744 764
744 771
744 783
744 787
744 792
744 793
744 801
744 803
744 819
744 829
744 840
744 843
744 844
744 868
744 884
744 891
744 892
744 894
744 895
744 907
744 908
744 910
744 915
744 920
744 924
744 962
745 754
745 759
745 768
745 786
745 799
745 813
745 816
745 817
745 823
745 875
745 903
745 906
745 908
745 909
745 912
745 924
745 937
745 949
745 975
746 765
746 777
746 781
746 797
746 815
746 821
746 832
746 842
746 844
746 857
746 858
746 861
746 873
746 891
746 895
746 912
746 941
746 951
746 972
747 766
747 769
747 774
747 775
747 781
747 785
747 790
747 804
747 816
747 818
747 836
747 841
747 853
747 854
747 868
747 879
747 881
747 901
747 902
747 920
747 934
747 950
747 978
748 755
748 759
748 762
748 824
748 842
748 849
748 862
748 866
748 868
748 875
748 893
748 905
748 924
748 929
748 955
748 960
748 962
748 966
749 759
749 773
749 781
749 785
749 796
749 817
749 818
749 825
749 828
749 834
749 835
749 853
749 886
749 888
749 893
749 899
749 908
749 915
749 938
749 965
749 975
749 976
749 979
750 755
750 757
750 767
750 769
750 782
750 791
750 792
750 797
750 808
750 852
750 867
750 870
750 877
750 883
750 884
750 888
750 891
750 892
750 910
750 912
750 924
750 931
750 932
750 959
750 961
750 963
750 977
751 762
751 771
751 773
751 776
751 784
751 790
751 793
751 798
751 810
751 813
751 814
751 840
751 854
751 880
751 897
751 899
751 921
751 937
751 942
751 952
751 956
751 964
751 970
751 977
752 765
752 793
752 795
752 805
752 811
752 834
752 838
752 840
752 846
752 857
752 860
752 862
752 866
752 875
752 879
752 908
752 911
752 913
752 914
752 915
752 922
752 923
752 929
752 934
752 935
752 957
752 958
752 980
753 762
753 770
753 771
753 772
753 773
753 787
753 802
753 808
753 872
753 874
753 877
753 881
753 902
753 907
753 911
753 917
753 961
753 970
753 978
754 759
754 777
754 784
754 794
754 799
754 807
754 809
754 815
754 821
754 828
754 834
754 838
754 844
754 846
754 864
754 878
754 882
754 883
754 927
754 933
754 935
754 940
754 941
754 944
754 950
754 973
755 776
755 778
755 812
755 819
755 820
755 827
755 830
755 837
755 838
755 851
755 872
755 879
755 880
755 893
755 896
755 929
755 971
755 979
756 773
756 800
756 814
756 816
756 827
756 842
756 854
756 856
756 857
756 867
756 869
756 897
756 909
756 917
756 931
756 948
756 949
756 953
756 955
757 763
757 783
757 785
757 787
757 790
757 797
757 817
757 832
757 834
757 847
757 877
757 878
757 903
757 909
757 952
757 962
758 764
758 780
758 792
758 795
758 796
758 802
758 819
758 822
758 823
758 828
758 836
758 839
758 894
758 903
758 907
758 916
758 924
758 940
758 943
758 952
759 764
759 767
759 770
759 772
759 795
759 796
759 798
759 807
759 810
759 823
759 828
759 853
759 863
759 880
759 888
759 896
759 901
759 923
759 941
759 943
759 947
759 963
760 765
760 770
760 771
760 772
760 796
760 803
760 824
760 831
760 833
760 836
760 838
760 847
760 876
760 896
760 908
760 925
760 934
760 939
760 948
760 963
760 972
761 763
761 780
761 782
761 785
761 788
761 797
761 800
761 807
761 808
761 820
761 831
761 837
761 849
761 852
761 853
761 854
761 862
761 868
761 885
761 886
761 906
761 913
761 929
761 933
761 934
761 962
761 965
761 967
762 804
762 808
762 816
762 821
762 829
762 839
762 841
762 848
762 850
762 852
762 854
762 858
762 866
762 872
762 874
762 879
762 889
762 890
762 912
762 916
762 925
762 932
762 934
762 962
762 977
763 786
763 794
763 804
763 805
763 816
763 821
763 829
763 847
763 856
763 857
763 865
763 872
763 877
763 884
763 892
763 937
763 950
763 965
763 975
764 774
764 790
764 792
764 842
764 865
764 881
764 892
764 895
764 911
764 916
764 937
764 939
764 941
764 959
764 964
764 966
764 967
764 969
764 970
764 975
764 979
765 772
765 793
765 795
765 799
765 801
765 823
765 829
765 846
765 857
765 867
765 888
765 907
765 939
765 947
765 948
765 956
765 967
765 973
765 977
766 768
766 774
766 779
766 783
766 785
766 786
766 813
766 814
766 829
766 839
766 841
766 875
766 882
766 904
766 906
766 919
766 921
766 932
766 940
766 952
766 953
766 955
766 965
766 969
766 979
767 779
767 784
767 786
767 787
767 788
767 799
767 806
767 828
767 830
767 839
767 844
767 852
767 873
767 878
767 883
767 900
767 910
767 911
767 913
767 944
767 947
767 948
767 963
767 972
767 979
768 775
768 782
768 792
768 800
768 808
768 814
768 820
768 825
768 826
768 829
768 844
768 854
768 859
768 864
768 878
768 885
768 901
768 911
768 915
768 923
768 930
768 931
768 933
768 941
768 978
769 771
769 777
769 791
769 796
769 802
769 807
769 813
769 824
769 829
769 841
769 843
769 848
769 857
769 864
769 872
769 877
769 887
769 890
769 899
769 904
769 913
769 917
769 920
769 947
769 952
769 976
769 979
770 789
770 793
770 801
770 809
770 815
770 834
770 844
770 848
770 849
770 850
770 851
770 863
770 864
770 893
770 903
770 912
770 914
770 920
770 923
770 924
770 935
770 942
770 951
770 960
770 961
771 778
771 793
771 797
771 799
771 804
771 808
771 817
771 854
771 858
771 873
771 874
771 886
771 903
771 908
771 912
771 944
771 947
771 954
771 974
771 980
772 789
772 800
772 804
772 814
772 824
772 831
772 839
772 840
772 843
772 849
772 855
772 856
772 866
772 867
772 868
772 869
772 874
772 882
772 886
772 896
772 903
772 906
772 910
772 917
772 926
772 933
772 937
772 939
772 956
772 958
772 978
772 979
773 774
773 801
773 845
773 848
773 851
773 856
773 861
773 871
773 880
773 882
773 895
773 910
773 915
773 940
773 943
773 944
773 948
773 954
773 956
773 962
774 777
774 780
774 787
774 793
774 807
774 814
774 819
774 821
774 826
774 829
774 851
774 853
774 866
774 868
774 885
774 892
774 893
774 904
774 927
774 950
774 952
774 961
774 963
775 776
775 793
775 804
775 823
775 851
775 852
775 882
775 884
775 888
775 896
775 907
775 917
775 931
775 933
775 943
775 946
775 947
775 955
775 967
776 785
776 786
776 797
776 798
776 807
776 813
776 830
776 838
776 840
776 841
776 871
776 889
776 894
776 907
776 913
776 923
776 929
776 932
776 954
776 967
776 973
777 779
777 780
777 784
777 794
777 797
777 816
777 818
777 819
777 824
777 831
777 832
777 847
777 848
777 851
777 870
777 873
777 887
777 888
777 892
777 903
777 904
777 909
777 913
777 915
777 920
777 928
777 930
777 936
777 941
777 943
777 949
777 951
777 958
777 963
777 970
777 976
777 979
778 780
778 781
778 806
778 812
778 818
778 819
778 834
778 846
778 850
778 876
778 878
778 888
778 906
778 908
778 930
778 932
778 940
778 946
778 950
778 954
778 955
779 782
779 798
779 802
779 804
779 828
779 842
779 850
779 872
779 875
779 880
779 909
779 911
779 914
779 920
779 930
779 938
779 942
779 951
779 966
779 976
779 977
780 802
780 814
780 840
780 857
780 881
780 899
780 900
780 902
780 903
780 904
780 906
780 916
780 932
780 942
780 950
780 953
780 957
780 962
781 782
781 787
781 809
781 817
781 845
781 856
781 859
781 880
781 881
781 899
781 902
781 914
781 923
781 929
781 933
781 940
781 954
781 964
781 969
782 784
782 795
782 804
782 814
782 819
782 823
782 833
782 835
782 842
782 870
782 893
782 900
782 905
782 918
782 920
782 923
782 935
782 938
782 941
782 948
782 960
782 969
782 970
782 971
783 784
783 787
783 790
783 795
783 809
783 824
783 830
783 844
783 861
783 863
783 878
783 885
783 889
783 895
783 902
783 904
783 912
783 926
783 930
783 935
783 936
783 963
783 968
784 788
784 813
784 839
784 840
784 854
784 864
784 867
784 876
784 892
784 894
784 904
784 910
784 925
784 931
784 938
784 973
784 978
785 788
785 789
785 790
785 808
785 809
785 810
785 812
785 814
785 818
785 821
785 825
785 829
785 831
785 832
785 849
785 863
785 883
785 902
785 919
785 941
785 943
785 948
785 950
785 954
785 955
785 965
786 860
786 883
786 887
786 891
786 918
786 939
786 942
786 949
787 798
787 802
787 825
787 837
787 845
787 855
787 859
787 901
787 904
787 909
787 922
787 924
787 926
787 945
787 951
787 972
788 790
788 791
788 794
788 801
788 819
788 820
788 824
788 852
788 858
788 864
788 872
788 883
788 888
788 890
788 896
788 913
788 934
788 940
788 955
788 956
788 959
788 963
788 973
789 796
789 802
789 804
789 816
789 852
789 853
789 854
789 856
789 857
789 869
789 871
789 876
789 882
789 884
789 886
789 888
789 893
789 913
789 920
789 924
789 948
789 957
789 965
789 973
789 977
790 798
790 812
790 833
790 840
790 863
790 872
790 873
790 875
790 877
790 888
790 890
790 897
790 911
790 913
790 942
790 944
790 945
790 948
790 952
790 954
790 955
790 965
790 972
790 978
791 794
791 797
791 807
791 824
791 827
791 837
791 853
791 861
791 873
791 875
791 878
791 880
791 894
791 920
791 929
791 941
791 942
791 948
791 952
791 956
791 968
791 978
792 803
792 806
792 808
792 812
792 824
792 840
792 848
792 863
792 866
792 871
792 874
792 880
792 884
792 893
792 929
792 931
792 934
792 937
792 958
792 962
792 971
793 846
793 848
793 850
793 864
793 873
793 876
793 877
793 890
793 894
793 902
793 904
793 910
793 921
793 953
793 956
793 965
793 966
793 969
793 976
794 822
794 837
794 841
794 844
794 845
794 846
794 853
794 860
794 863
794 865
794 874
794 884
794 886
794 913
794 920
794 924
794 929
794 935
794 939
794 948
794 949
794 951
794 953
794 965
794 973
795 796
795 803
795 805
795 847
795 852
795 856
795 858
795 862
795 877
795 883
795 888
795 907
795 915
795 948
795 949
795 953
795 955
795 964
795 967
795 979
796 809
796 811
796 839
796 857
796 859
796 869
796 878
796 902
796 917
796 918
796 922
796 936
796 938
796 973
797 808
797 815
797 816
797 822
797 861
797 885
797 891
797 893
797 906
797 918
797 926
797 960
798 812
798 813
798 816
798 821
798 826
798 853
798 861
798 867
798 874
798 879
798 899
798 903
798 921
798 922
798 926
798 948
798 952
798 954
798 955
798 958
798 963
798 965
798 969
798 979
799 801
799 812
799 826
799 837
799 877
799 879
799 880
799 891
799 896
799 906
799 922
799 940
799 958
799 960
799 966
799 968
799 971
799 973
800 803
800 816
800 822
800 830
800 840
800 843
800 846
800 866
800 867
800 880
800 881
800 886
800 894
800 908
800 916
800 917
800 930
800 948
800 951
800 971
801 804
801 814
801 836
801 842
801 854
801 855
801 856
801 862
801 864
801 868
801 880
801 884
801 895
801 899
801 904
801 909
801 915
801 920
801 925
801 941
801 948
801 958
801 960
801 978
802 806
802 809
802 811
802 812
802 816
802 822
802 824
802 845
802 857
802 870
802 886
802 893
802 912
802 918
802 919
802 949
802 950
802 959
802 970
803 818
803 820
803 839
803 840
803 849
803 862
803 864
803 870
803 888
803 899
803 902
803 910
803 926
803 928
803 930
803 932
803 947
804 815
804 819
804 821
804 825
804 829
804 831
804 833
804 837
804 848
804 858
804 859
804 864
804 866
804 867
804 870
804 871
804 874
804 875
804 906
804 913
804 922
804 924
804 947
804 956
804 961
805 806
805 808
805 859
805 879
805 893
805 894
805 911
805 926
805 931
805 945
805 946
805 956
805 961
805 964
806 812
806 818
806 832
806 833
806 855
806 869
806 871
806 872
806 879
806 881
806 907
806 908
806 910
806 932
806 954
806 963
806 967
807 824
807 825
807 837
807 844
807 846
807 860
807 864
807 869
807 888
807 891
807 901
807 917
807 919
807 929
807 969
807 975
808 809
808 816
808 818
808 835
808 846
808 861
808 864
808 876
808 884
808 887
808 899
808 902
808 904
808 906
808 913
808 917
808 931
808 934
808 935
808 952
808 954
808 957
808 975
808 980
809 813
809 831
809 837
809 857
809 869
809 871
809 879
809 889
809 896
809 897
809 903
809 909
809 935
809 940
809 944
809 949
809 967
810 812
810 813
810 837
810 838
810 845
810 847
810 870
810 877
810 886
810 892
810 920
810 922
810 933
810 970
810 976
811 817
811 820
811 827
811 849
811 851
811 889
811 893
811 927
811 941
811 946
811 947
811 963
811 976
812 839
812 848
812 852
812 860
812 861
812 866
812 867
812 899
812 905
812 912
812 917
812 918
812 919
812 927
812 947
812 948
812 953
812 954
812 957
812 966
812 969
812 975
813 825
813 837
813 838
813 841
813 847
813 849
813 853
813 856
813 864
813 865
813 886
813 891
813 894
813 901
813 902
813 903
813 925
813 926
813 930
813 938
813 942
813 964
813 974
814 820
814 833
814 835
814 841
814 885
814 888
814 897
814 931
814 951
814 969
815 823
815 841
815 856
815 858
815 876
815 885
815 886
815 892
815 901
815 904
815 914
815 932
815 936
815 958
815 964
815 966
815 975
816 821
816 825
816 844
816 845
816 853
816 869
816 881
816 895
816 913
816 926
816 928
816 956
816 959
816 966
816 975
817 827
817 828
817 838
817 845
817 848
817 862
817 870
817 872
817 876
817 883
817 885
817 901
817 906
817 921
817 931
817 936
817 937
817 945
817 950
817 958
817 968
817 975
818 836
818 838
818 842
818 866
818 868
818 869
818 875
818 879
818 889
818 894
818 901
818 921
818 923
818 936
818 938
818 941
818 945
818 956
818 965
818 979
819 844
819 863
819 871
819 885
819 893
819 896
819 902
819 916
819 928
819 933
819 947
819 950
819 952
819 962
819 968
819 973
819 977
820 821
820 827
820 833
820 849
820 850
820 853
820 856
820 860
820 871
820 872
820 873
820 887
820 901
820 905
820 925
820 926
820 927
820 943
820 950
820 954
820 956
820 967
820 976
821 840
821 842
821 844
821 847
821 850
821 851
821 852
821 866
821 892
821 899
821 914
821 915
821 921
821 927
822 824
822 839
822 852
822 857
822 862
822 865
822 869
822 878
822 881
822 906
822 910
822 919
822 928
822 938
822 943
822 962
822 964
822 971
823 827
823 834
823 849
823 851
823 874
823 875
823 876
823 885
823 887
823 900
823 904
823 918
823 920
823 924
823 925
823 938
823 968
824 834
824 848
824 864
824 865
824 895
824 898
824 903
824 913
824 914
824 920
824 930
824 937
824 945
824 954
824 955
824 960
824 968
824 969
824 973
825 827
825 841
825 855
825 860
825 861
825 862
825 886
825 889
825 901
825 916
825 924
825 950
825 956
825 961
825 966
825 974
826 835
826 838
826 841
826 847
826 851
826 853
826 859
826 863
826 878
826 879
826 881
826 905
826 919
826 931
826 936
826 938
826 949
826 966
826 978
827 833
827 843
827 850
827 852
827 857
827 869
827 872
827 884
827 902
827 907
827 928
827 932
827 952
827 958
827 969
827 971
827 976
827 978
827 979
828 843
828 844
828 855
828 860
828 877
828 880
828 891
828 894
828 903
828 909
828 912
828 923
828 926
828 933
828 934
828 935
828 961
828 970
829 846
829 856
829 858
829 859
829 866
829 880
829 887
829 890
829 908
829 917
829 925
829 930
829 931
829 948
829 950
829 968
830 835
830 838
830 846
830 851
830 853
830 879
830 888
830 899
830 907
830 908
830 912
830 926
830 946
831 880
831 884
831 888
831 890
831 891
831 908
831 939
831 944
831 945
831 951
831 955
832 849
832 860
832 877
832 887
832 894
832 918
832 926
832 933
832 936
832 964
832 971
832 974
833 840
833 841
833 844
833 849
833 850
833 871
833 899
833 912
833 924
833 929
833 934
833 937
834 847
834 858
834 862
834 878
834 893
834 896
834 909
834 921
834 925
834 929
834 939
834 940
834 958
834 959
834 960
834 966
834 970
834 973
834 978
834 979
835 840
835 846
835 853
835 855
835 856
835 861
835 882
835 890
835 896
835 905
835 914
835 932
835 964
835 974
835 977
836 851
836 858
836 873
836 884
836 891
836 902
836 906
836 913
836 915
836 920
836 923
836 926
836 936
836 947
836 950
836 954
836 957
837 839
837 843
837 844
837 849
837 869
837 870
837 872
837 894
837 897
837 902
837 903
837 960
837 966
837 975
838 845
838 846
838 854
838 870
838 883
838 896
838 915
838 916
838 922
838 940
838 951
838 980
839 853
839 856
839 864
839 870
839 874
839 899
839 902
839 906
839 917
839 920
839 923
839 946
840 858
840 865
840 868
840 870
840 884
840 886
840 893
840 895
840 905
840 914
840 920
840 921
840 941
840 942
840 960
840 965
841 854
841 871
841 872
841 876
841 880
841 885
841 889
841 895
841 900
841 906
841 907
841 915
841 933
841 937
841 950
841 953
841 957
841 964
841 976
841 978
842 862
842 863
842 884
842 891
842 909
842 914
842 945
842 947
842 950
843 851
843 863
843 885
843 886
843 888
843 889
843 900
843 906
843 907
843 913
843 921
843 926
843 955
843 965
843 975
844 849
844 852
844 863
844 880
844 887
844 896
844 902
844 924
844 944
844 947
844 959
844 962
845 856
845 871
845 878
845 890
845 894
845 917
845 928
845 931
845 934
845 936
845 937
845 954
845 968
846 856
846 870
846 876
846 888
846 949
846 958
846 968
846 969
846 978
847 864
847 872
847 879
847 880
847 895
847 897
847 904
847 905
847 909
847 923
847 924
847 938
847 939
847 944
847 956
847 967
847 973
847 979
848 874
848 877
848 883
848 884
848 907
848 911
848 917
848 937
848 939
848 940
848 948
848 970
848 974
849 859
849 863
849 874
849 878
849 895
849 900
849 903
849 908
849 909
849 925
849 926
849 929
849 937
849 943
849 947
849 960
849 976
850 857
850 859
850 860
850 864
850 866
850 876
850 891
850 893
850 911
850 912
850 920
850 922
850 931
850 941
850 942
850 943
850 947
851 863
851 864
851 869
851 874
851 878
851 881
851 888
851 890
851 894
851 918
851 927
851 937
851 957
851 969
851 977
851 980
852 860
852 889
852 891
852 913
852 970
852 977
852 979
853 855
853 856
853 868
853 871
853 882
853 900
853 920
853 926
853 940
853 968
853 977
854 863
854 864
854 865
854 867
854 875
854 876
854 877
854 879
854 895
854 918
854 930
854 932
854 935
854 936
854 941
854 944
854 951
854 953
854 975
855 859
855 863
855 870
855 877
855 883
855 897
855 899
855 906
855 908
855 920
855 933
855 936
855 957
855 965
855 972
856 872
856 879
856 888
856 902
856 909
856 915
856 919
856 920
856 923
856 950
856 971
856 973
857 861
857 877
857 903
857 910
857 937
857 938
857 969
857 973
858 865
858 872
858 873
858 877
858 897
858 923
858 940
858 947
858 948
858 954
858 960
858 961
858 965
859 870
859 879
859 881
859 918
859 923
859 930
859 934
859 937
859 946
859 948
859 952
859 954
860 865
860 866
860 867
860 869
860 881
860 886
860 906
860 909
860 912
860 917
860 918
860 928
860 958
860 967
860 971
861 886
861 890
861 895
861 899
861 908
861 909
861 911
861 912
861 930
861 942
861 944
861 946
861 951
861 958
861 971
861 975
862 865
862 877
862 882
862 906
862 908
862 928
862 948
862 963
862 979
863 892
863 903
863 906
863 935
863 942
863 943
863 947
863 953
863 967
864 867
864 873
864 889
864 894
864 901
864 908
864 911
864 926
864 944
864 970
864 971
864 974
864 977
865 866
865 881
865 884
865 904
865 908
865 922
865 980
866 869
866 870
866 873
866 875
866 877
866 900
866 931
866 935
866 939
866 940
866 944
866 949
866 978
867 899
867 902
867 904
867 910
867 920
867 926
867 940
867 965
868 892
868 893
868 919
868 928
868 931
868 937
868 939
868 946
868 960
868 961
868 963
869 872
869 879
869 881
869 893
869 896
869 901
869 902
869 904
869 907
869 911
869 913
869 924
869 926
869 931
869 944
869 965
870 873
870 879
870 881
870 889
870 892
870 894
870 896
870 915
870 920
870 924
870 925
870 955
870 970
870 976
871 885
871 887
871 892
871 895
871 898
871 899
871 900
871 909
871 914
871 924
871 931
871 934
871 935
871 938
871 940
871 947
871 950
871 954
871 965
871 976
872 899
872 900
872 917
872 937
872 949
872 951
872 960
872 963
872 965
872 969
873 877
873 888
873 894
873 902
873 904
873 907
873 912
873 913
873 914
873 940
873 946
873 950
873 952
873 963
873 970
873 972
873 976
874 890
874 896
874 924
874 927
874 934
874 941
874 945
874 952
874 954
874 958
874 969
875 878
875 887
875 904
875 906
875 910
875 917
875 941
875 956
875 964
875 969
876 902
876 951
876 956
876 957
876 976
876 977
877 880
877 881
877 894
877 899
877 908
877 914
877 915
877 922
877 923
877 925
877 946
877 949
877 952
877 965
877 968
877 973
878 899
878 905
878 914
878 917
878 922
878 933
878 939
878 948
878 951
878 969
878 970
878 974
878 979
879 882
879 890
879 909
879 912
879 924
879 932
879 936
879 939
879 959
879 960
879 961
880 893
880 899
880 929
880 955
880 959
880 963
880 966
881 882
881 892
881 901
881 921
881 938
881 940
881 976
882 891
882 896
882 913
882 917
882 946
882 976
883 885
883 900
883 932
883 937
883 964
883 971
883 979
884 886
884 894
884 898
884 901
884 903
884 906
884 910
884 933
884 938
884 944
884 949
884 950
884 951
884 952
885 888
885 894
885 911
885 914
885 921
885 936
885 957
885 963
885 970
886 907
886 908
886 926
886 931
886 939
886 941
886 945
886 949
886 950
886 953
886 963
887 895
887 905
887 907
887 919
887 923
887 932
887 942
887 945
887 946
887 953
887 955
887 961
887 968
887 975
887 978
888 897
888 901
888 907
888 926
888 935
888 940
888 954
888 965
888 968
889 890
889 901
889 909
889 929
889 933
889 946
889 959
889 966
889 974
890 891
890 894
890 896
890 898
890 902
890 910
890 918
890 919
890 923
890 967
890 975
891 894
891 912
891 914
891 920
891 921
891 942
891 958
891 960
892 902
892 915
892 918
892 929
892 951
892 974
893 895
893 900
893 903
893 906
893 908
893 915
893 921
893 928
893 938
893 942
893 961
893 964
893 965
893 977
894 907
894 914
894 918
894 921
894 922
894 924
894 925
894 926
894 938
894 957
894 962
894 970
894 975
895 897
895 918
895 921
895 926
895 934
895 936
895 942
895 948
895 971
895 975
895 980
896 903
896 905
896 907
896 919
896 925
896 933
896 936
896 939
896 943
896 945
896 950
896 963
896 970
897 906
897 907
897 934
897 940
897 967
897 971
897 975
897 976
898 916
898 951
898 954
898 965
898 972
899 908
899 909
899 912
899 933
899 934
899 936
899 944
899 959
899 960
899 967
899 975
899 977
899 978
900 904
900 906
900 913
900 916
900 936
900 937
900 938
900 980
901 905
901 908
901 919
901 931
901 936
901 944
901 957
901 972
901 973
901 975
902 907
902 916
902 919
902 921
902 925
902 936
902 942
902 952
902 953
902 954
902 955
902 967
902 973
902 980
903 928
903 929
903 938
903 969
903 974
904 908
904 912
904 934
904 950
904 951
904 956
904 959
904 962
904 970
904 977
905 927
905 930
905 932
905 952
905 953
905 954
905 958
905 961
905 968
906 916
906 921
906 924
906 930
906 938
906 941
906 966
906 973
906 977
907 910
907 915
907 920
907 937
907 938
907 963
908 927
908 928
908 940
908 942
908 949
908 953
908 968
908 973
909 911
909 917
909 927
909 951
909 952
909 977
909 980
910 914
910 919
910 926
910 942
910 955
910 961
910 968
910 977
911 912
911 915
911 917
911 921
911 922
911 940
911 946
911 947
911 955
911 970
911 973
912 915
912 934
912 957
913 929
913 935
913 946
913 965
913 969
914 922
914 939
914 973
915 922
915 923
915 946
915 955
915 969
915 973
915 974
915 977
916 921
916 931
916 935
916 937
916 942
916 966
916 973
916 979
917 928
917 937
917 938
917 940
917 947
917 956
918 941
918 952
918 955
918 958
918 964
919 922
919 924
919 928
919 930
919 949
919 951
919 956
919 966
919 974
920 922
920 930
920 937
920 942
920 944
920 950
920 951
920 953
920 954
920 961
920 965
920 975
921 930
921 934
921 952
921 954
921 955
921 956
922 931
922 932
922 933
922 953
922 954
922 956
922 962
922 967
922 974
923 960
923 971
924 954
924 955
924 964
924 969
925 932
925 934
925 949
925 979
926 934
926 937
926 945
926 946
926 949
926 952
926 964
926 966
926 973
927 928
927 929
927 946
927 951
927 961
927 966
927 973
928 941
928 966
929 946
929 950
929 970
929 973
929 976
929 978
930 936
930 958
930 975
931 948
931 949
931 959
931 960
931 978
932 940
932 955
932 973
933 936
933 948
933 957
933 960
933 977
934 942
934 961
934 972
935 937
935 953
935 956
935 958
935 962
936 948
936 952
936 960
936 979
937 954
937 956
937 963
937 964
937 972
937 978
938 944
938 954
938 958
938 959
938 964
938 965
938 966
938 973
938 978
938 979
939 951
939 964
939 970
940 956
941 942
941 965
941 971
942 945
942 946
942 948
943 948
943 963
943 965
944 945
944 970
945 946
945 967
946 968
946 973
947 949
947 950
947 956
947 957
948 955
948 966
949 950
949 958
950 959
950 975
950 976
951 970
951 972
952 960
952 961
952 979
953 970
953 976
953 978
954 959
954 968
954 971
954 972
954 977
955 979
956 958
956 965
956 967
957 968
957 972
957 980
958 967
958 970
958 976
959 976
960 967
960 972
962 966
962 973
964 971
964 979
965 966
965 976
966 969
967 968
969 975
969 978
971 973
976 980
977 979
