0 11
0 16
0 18
0 19
0 24
0 25
0 27
0 30
0 32
0 42
0 43
0 49
0 51
0 54
0 63
0 64
0 69
0 72
0 73
0 79
0 83
0 87
0 89
0 90
0 91
0 95
0 99
0 102
0 106
0 111
0 117
0 573
0 623
0 693
0 708
0 711
0 723
0 826
0 891
0 956
1 2
1 3
1 8
1 23
1 26
1 50
1 57
1 66
1 79
1 80
1 82
1 86
1 89
1 91
1 92
1 103
1 114
1 117
1 120
1 275
1 307
1 471
1 685
1 731
1 734
1 786
1 907
2 6
2 12
2 14
2 24
2 40
2 50
2 53
2 57
2 59
2 67
2 72
2 81
2 88
2 89
2 95
2 96
2 116
2 158
2 348
2 438
2 638
2 837
3 23
3 26
3 31
3 48
3 51
3 53
3 71
3 72
3 84
3 86
3 87
3 96
3 100
3 102
3 106
3 113
3 120
3 133
3 279
3 284
3 446
3 505
3 507
3 623
3 761
4 19
4 25
4 27
4 29
4 32
4 51
4 52
4 54
4 72
4 73
4 86
4 88
4 95
4 106
4 118
4 119
4 128
4 307
4 468
4 533
4 747
4 872
4 923
4 928
5 9
5 11
5 12
5 17
5 19
5 31
5 38
5 45
5 52
5 55
5 59
5 66
5 68
5 71
5 86
5 105
5 111
5 112
5 298
5 419
5 440
5 543
5 669
5 775
5 823
5 921
6 11
6 25
6 26
6 37
6 49
6 51
6 58
6 63
6 64
6 70
6 78
6 84
6 88
6 96
6 98
6 100
6 101
6 106
6 185
6 584
6 644
6 682
6 719
6 763
6 871
6 912
7 13
7 35
7 36
7 37
7 38
7 47
7 55
7 58
7 65
7 67
7 69
7 87
7 89
7 107
7 108
7 112
7 292
7 356
7 735
7 842
7 849
7 915
8 11
8 26
8 29
8 33
8 34
8 35
8 46
8 57
8 72
8 76
8 79
8 84
8 86
8 88
8 92
8 101
8 107
8 113
8 114
8 118
8 120
8 485
8 534
8 649
8 653
8 682
9 11
9 13
9 17
9 18
9 20
9 26
9 31
9 32
9 46
9 55
9 56
9 57
9 68
9 76
9 84
9 85
9 86
9 89
9 105
9 107
9 108
9 110
9 112
9 116
9 264
9 372
9 381
9 488
9 529
9 561
9 626
9 747
9 893
10 11
10 12
10 14
10 18
10 20
10 28
10 34
10 40
10 43
10 47
10 55
10 61
10 87
10 90
10 95
10 97
10 103
10 104
10 115
10 187
10 332
10 442
10 443
10 469
10 600
10 631
10 646
10 759
10 834
10 845
10 889
10 962
10 969
11 14
11 19
11 25
11 28
11 36
11 40
11 53
11 55
11 59
11 67
11 73
11 75
11 80
11 91
11 95
11 104
11 107
11 118
11 120
11 226
11 365
11 446
11 504
11 609
11 619
11 804
11 815
11 821
11 846
12 26
12 31
12 33
12 37
12 54
12 60
12 72
12 73
12 78
12 103
12 108
12 110
12 111
12 116
12 141
12 261
12 263
12 288
12 351
12 475
12 606
12 629
12 709
12 792
12 806
12 846
12 898
12 941
13 21
13 29
13 35
13 36
13 37
13 39
13 41
13 44
13 47
13 49
13 51
13 57
13 69
13 70
13 79
13 83
13 89
13 100
13 126
13 463
13 515
14 28
14 33
14 38
14 39
14 40
14 46
14 48
14 55
14 56
14 63
14 70
14 73
14 94
14 96
14 98
14 105
14 106
14 111
14 142
14 409
14 566
14 599
14 693
14 720
14 873
15 37
15 38
15 49
15 65
15 74
15 79
15 83
15 94
15 105
15 115
15 116
15 117
15 118
15 119
15 227
15 308
15 332
15 649
15 674
15 712
15 912
16 18
16 34
16 35
16 48
16 54
16 61
16 62
16 64
16 72
16 83
16 89
16 90
16 101
16 103
16 104
16 109
16 115
16 120
16 374
16 445
16 496
16 620
16 754
16 760
17 18
17 20
17 21
17 24
17 25
17 26
17 27
17 29
17 30
17 31
17 35
17 39
17 47
17 52
17 53
17 55
17 79
17 82
17 89
17 97
17 106
17 120
17 133
17 152
17 155
17 295
17 337
17 503
17 594
17 616
17 619
17 686
17 763
18 26
18 29
18 34
18 38
18 41
18 46
18 66
18 69
18 70
18 80
18 81
18 85
18 86
18 93
18 95
18 115
18 193
18 286
18 344
18 468
18 693
19 22
19 41
19 44
19 46
19 48
19 51
19 62
19 63
19 64
19 76
19 78
19 85
19 96
19 103
19 107
19 114
19 137
19 148
19 171
19 207
19 251
19 425
19 451
19 505
19 534
20 21
20 32
20 34
20 37
20 42
20 45
20 59
20 66
20 69
20 80
20 88
20 92
20 93
20 94
20 97
20 102
20 112
20 114
20 115
20 117
20 260
20 301
20 458
20 545
20 576
20 617
20 630
20 712
21 26
21 27
21 35
21 36
21 41
21 45
21 47
21 49
21 57
21 59
21 65
21 73
21 80
21 86
21 88
21 95
21 110
21 118
21 211
21 359
21 427
21 547
21 651
21 973
22 23
22 42
22 45
22 50
22 56
22 57
22 59
22 60
22 66
22 79
22 100
22 104
22 257
22 432
22 508
22 542
22 771
22 809
22 895
23 41
23 53
23 64
23 66
23 69
23 70
23 72
23 73
23 76
23 89
23 105
23 106
23 107
23 112
23 119
23 151
23 305
23 466
23 483
23 652
23 660
23 714
23 817
23 970
24 26
24 34
24 44
24 47
24 51
24 59
24 60
24 62
24 70
24 84
24 88
24 89
24 99
24 107
24 109
24 110
24 115
24 189
24 408
24 443
24 498
24 590
24 683
24 923
25 29
25 35
25 36
25 44
25 47
25 50
25 63
25 65
25 67
25 76
25 79
25 80
25 84
25 93
25 103
25 110
25 114
25 185
25 195
25 207
25 246
25 255
25 342
25 418
25 471
25 493
25 572
25 795
25 896
26 29
26 31
26 34
26 37
26 40
26 45
26 48
26 55
26 58
26 59
26 62
26 72
26 82
26 85
26 87
26 89
26 99
26 104
26 113
26 114
26 174
26 321
26 349
26 353
26 424
26 512
26 576
26 618
26 644
26 716
26 744
26 807
27 29
27 35
27 39
27 40
27 43
27 45
27 49
27 57
27 69
27 89
27 92
27 97
27 98
27 104
27 110
27 120
27 142
27 308
27 383
27 664
27 683
27 689
27 789
28 37
28 38
28 40
28 47
28 50
28 54
28 56
28 58
28 64
28 76
28 91
28 103
28 109
28 112
28 271
28 342
28 377
28 652
28 734
28 775
28 803
28 874
28 910
28 945
29 37
29 42
29 47
29 57
29 60
29 64
29 70
29 72
29 81
29 83
29 84
29 85
29 89
29 90
29 96
29 100
29 101
29 104
29 106
29 115
29 263
29 333
29 424
29 450
29 462
29 567
29 685
30 33
30 34
30 40
30 43
30 52
30 61
30 63
30 64
30 65
30 69
30 75
30 79
30 80
30 85
30 92
30 93
30 95
30 96
30 101
30 105
30 110
30 132
30 184
30 190
30 324
30 334
30 392
30 441
30 461
30 647
30 748
30 769
30 881
30 893
31 42
31 49
31 50
31 55
31 74
31 77
31 79
31 90
31 98
31 113
31 117
31 165
31 174
31 479
31 518
31 543
31 637
31 662
31 729
31 823
31 949
32 33
32 37
32 39
32 44
32 52
32 53
32 63
32 71
32 82
32 84
32 88
32 99
32 101
32 112
32 186
32 320
32 323
32 403
32 456
32 737
32 811
32 839
33 40
33 58
33 60
33 73
33 74
33 77
33 78
33 79
33 81
33 84
33 93
33 106
33 112
33 144
33 438
33 674
33 804
33 946
34 37
34 50
34 51
34 65
34 67
34 79
34 91
34 92
34 101
34 103
34 106
34 112
34 116
34 129
34 186
34 341
34 378
34 407
34 666
34 669
34 672
34 677
34 777
34 789
35 36
35 38
35 43
35 50
35 61
35 68
35 80
35 86
35 92
35 95
35 100
35 112
35 115
35 226
35 351
35 418
35 435
35 454
35 482
35 495
35 589
35 627
35 665
36 37
36 47
36 53
36 65
36 71
36 72
36 83
36 91
36 92
36 109
36 115
36 126
36 273
36 308
36 322
36 474
36 540
36 587
36 706
36 817
36 861
36 954
36 970
37 39
37 41
37 42
37 52
37 57
37 58
37 66
37 67
37 72
37 73
37 80
37 85
37 88
37 89
37 99
37 111
37 112
37 113
37 117
37 119
37 131
37 380
37 561
37 575
37 642
37 702
37 756
37 758
37 774
37 825
37 922
38 46
38 48
38 52
38 57
38 58
38 61
38 71
38 73
38 81
38 84
38 88
38 99
38 103
38 104
38 105
38 106
38 112
38 115
38 230
38 281
38 307
38 402
38 589
38 622
38 801
38 828
38 881
38 903
38 949
39 42
39 45
39 49
39 57
39 59
39 75
39 79
39 90
39 99
39 115
39 116
39 119
39 166
39 256
39 454
39 458
39 563
39 613
39 630
39 725
39 859
39 910
39 939
40 41
40 43
40 46
40 52
40 64
40 67
40 72
40 74
40 78
40 82
40 85
40 89
40 104
40 107
40 112
40 115
40 174
40 183
40 382
40 411
40 448
40 597
40 659
40 670
40 756
40 773
41 48
41 64
41 68
41 79
41 83
41 92
41 111
41 112
41 118
41 133
41 156
41 282
41 476
41 564
41 697
42 46
42 48
42 52
42 60
42 63
42 68
42 71
42 74
42 77
42 81
42 84
42 94
42 104
42 105
42 107
42 118
42 310
42 450
42 575
42 619
42 631
42 685
42 716
42 850
43 46
43 48
43 52
43 63
43 75
43 78
43 88
43 91
43 92
43 97
43 98
43 104
43 105
43 113
43 115
43 120
43 126
43 418
43 434
43 615
43 678
43 797
43 925
44 49
44 50
44 55
44 61
44 63
44 74
44 79
44 81
44 90
44 92
44 95
44 98
44 104
44 114
44 171
44 278
44 331
44 598
44 622
44 744
45 57
45 66
45 67
45 71
45 79
45 90
45 93
45 94
45 96
45 103
45 107
45 111
45 249
45 306
45 541
45 960
46 53
46 54
46 58
46 67
46 77
46 79
46 86
46 92
46 95
46 96
46 111
46 112
46 115
46 130
46 284
46 792
46 843
47 48
47 50
47 63
47 68
47 69
47 71
47 72
47 73
47 76
47 83
47 85
47 103
47 106
47 107
47 112
47 113
47 179
47 244
47 416
47 499
47 627
47 810
47 811
47 873
48 57
48 59
48 65
48 68
48 73
48 81
48 87
48 89
48 91
48 102
48 109
48 110
48 111
48 114
48 550
48 566
48 616
48 630
48 689
48 710
48 754
48 860
48 909
48 972
49 61
49 62
49 63
49 71
49 74
49 80
49 104
49 108
49 113
49 119
49 393
49 613
49 719
49 736
49 845
49 890
50 60
50 61
50 62
50 67
50 70
50 80
50 81
50 88
50 94
50 99
50 110
50 143
50 149
50 198
50 255
50 292
50 316
50 502
50 533
50 546
50 673
51 59
51 62
51 69
51 72
51 73
51 75
51 81
51 100
51 104
51 106
51 108
51 120
51 246
51 360
51 474
51 513
51 515
51 565
51 578
51 692
51 827
51 839
52 68
52 71
52 85
52 87
52 96
52 106
52 118
52 119
52 158
52 308
52 340
52 412
52 529
52 576
52 609
52 674
52 771
52 819
52 855
53 57
53 60
53 65
53 74
53 85
53 90
53 98
53 110
53 499
53 603
53 655
53 878
54 61
54 71
54 72
54 78
54 79
54 87
54 92
54 96
54 102
54 112
54 116
54 117
54 302
54 482
54 598
54 758
54 857
55 56
55 59
55 61
55 67
55 69
55 70
55 73
55 76
55 77
55 90
55 97
55 99
55 105
55 106
55 108
55 116
55 118
55 119
55 140
55 160
55 188
55 189
55 226
55 282
55 345
55 349
55 379
55 394
55 807
55 811
56 57
56 62
56 83
56 88
56 91
56 92
56 93
56 104
56 122
56 145
56 592
56 607
56 745
56 814
56 899
56 905
56 936
57 58
57 63
57 66
57 68
57 69
57 72
57 79
57 81
57 82
57 87
57 92
57 102
57 103
57 117
57 118
57 149
57 165
57 167
57 191
57 264
57 309
57 489
57 546
57 714
57 807
57 821
57 922
58 66
58 68
58 70
58 82
58 83
58 85
58 87
58 96
58 98
58 100
58 111
58 113
58 193
58 523
58 709
58 879
58 938
58 952
59 61
59 65
59 73
59 78
59 81
59 90
59 94
59 107
59 112
59 225
59 789
59 862
59 902
59 916
60 67
60 72
60 73
60 83
60 95
60 105
60 135
60 199
60 271
60 290
60 331
60 563
60 635
60 763
60 925
60 938
61 64
61 68
61 70
61 71
61 77
61 97
61 105
61 106
61 111
61 241
61 331
61 483
61 486
61 490
61 532
61 756
61 779
61 906
62 87
62 89
62 98
62 117
62 119
62 120
62 202
62 375
62 452
62 600
62 633
62 667
62 705
62 808
63 76
63 91
63 95
63 118
63 120
63 187
63 212
63 215
63 243
63 583
63 634
64 71
64 83
64 94
64 104
64 105
64 107
64 109
64 110
64 297
64 772
65 70
65 75
65 76
65 77
65 81
65 88
65 103
65 113
65 119
65 120
65 313
65 622
65 629
65 689
65 823
65 843
65 921
66 72
66 74
66 84
66 87
66 90
66 92
66 93
66 97
66 98
66 99
66 100
66 105
66 114
66 119
66 120
66 167
66 614
67 74
67 76
67 99
67 101
67 105
67 106
67 107
67 108
67 114
67 117
67 118
67 172
67 263
67 425
67 535
67 899
67 955
67 958
68 69
68 77
68 79
68 81
68 85
68 91
68 117
68 212
68 354
68 390
68 503
68 683
68 732
69 70
69 71
69 78
69 80
69 82
69 86
69 91
69 102
69 103
69 107
69 114
69 119
69 175
69 193
69 567
69 662
69 847
69 897
69 962
70 77
70 78
70 89
70 112
70 115
70 118
70 119
70 125
70 168
70 238
70 262
70 286
70 355
70 648
70 801
70 823
71 76
71 81
71 85
71 92
71 167
71 181
71 368
71 372
71 386
71 479
71 768
72 75
72 76
72 79
72 85
72 86
72 93
72 95
72 109
72 111
72 120
72 556
72 571
72 585
72 611
72 651
72 801
72 819
72 953
73 84
73 87
73 89
73 90
73 108
73 110
73 114
73 121
73 127
73 136
73 226
73 253
73 272
73 281
73 314
73 435
73 442
73 514
73 758
73 823
73 836
73 887
73 912
73 921
74 76
74 78
74 79
74 95
74 98
74 99
74 104
74 106
74 112
74 116
74 119
74 184
74 190
74 428
74 541
74 699
74 788
74 808
74 820
75 76
75 77
75 81
75 98
75 105
75 109
75 242
75 291
75 330
75 491
75 502
75 772
75 778
75 861
76 84
76 85
76 89
76 109
76 258
76 369
76 465
76 511
76 532
76 698
76 761
76 836
76 861
76 886
76 897
77 84
77 87
77 108
77 109
77 110
77 138
77 249
77 332
77 373
77 438
77 517
77 613
77 631
77 689
77 898
78 86
78 87
78 89
78 99
78 110
78 111
78 153
78 262
78 296
78 297
78 368
78 707
78 790
78 929
78 944
78 972
79 87
79 93
79 97
79 102
79 109
79 110
79 113
79 117
79 354
79 442
79 452
79 643
79 897
79 933
79 971
80 81
80 91
80 92
80 95
80 96
80 97
80 98
80 102
80 106
80 114
80 118
80 344
80 364
80 427
80 596
80 680
80 692
81 93
81 111
81 324
81 400
81 444
81 569
81 657
81 748
82 87
82 89
82 95
82 110
82 115
82 309
82 391
82 430
82 449
82 664
82 675
82 889
83 86
83 94
83 95
83 111
83 117
83 136
83 160
83 172
83 268
83 503
83 609
83 801
83 833
83 911
84 102
84 106
84 113
84 114
84 115
84 117
84 194
84 272
84 573
84 592
84 776
84 928
85 86
85 93
85 97
85 98
85 105
85 107
85 115
85 137
85 190
85 382
85 420
85 460
85 861
85 910
86 88
86 100
86 115
86 119
86 148
86 226
86 500
86 539
86 567
86 612
86 647
86 728
86 811
86 859
86 890
86 900
87 89
87 91
87 100
87 111
87 218
87 237
87 530
87 560
87 612
88 90
88 91
88 93
88 95
88 98
88 107
88 113
88 119
88 120
88 260
88 312
88 411
88 566
88 642
88 697
88 717
89 90
89 93
89 95
89 103
89 104
89 106
89 107
89 115
89 404
89 407
89 578
89 580
89 804
90 91
90 119
90 120
90 277
90 422
90 621
90 630
90 633
90 825
90 836
90 888
90 961
91 96
91 103
91 105
91 117
91 120
91 550
91 612
91 844
91 861
91 942
91 955
91 963
92 104
92 105
92 109
92 116
92 205
92 284
92 440
92 509
92 559
92 898
92 917
93 98
93 101
93 105
93 110
93 196
93 244
93 349
93 383
93 414
93 433
93 448
93 531
93 660
93 774
93 842
93 859
94 96
94 100
94 110
94 117
94 167
94 199
94 218
94 650
94 792
95 99
95 100
95 109
95 112
95 115
95 116
95 127
95 217
95 243
95 259
95 365
95 392
95 439
95 440
95 683
95 776
95 901
95 933
96 116
96 252
96 328
96 381
96 531
96 849
96 852
97 100
97 104
97 107
97 111
97 118
97 188
97 381
97 404
97 811
97 890
98 107
98 120
98 301
98 331
98 707
98 931
99 101
99 102
99 106
99 130
99 152
99 168
99 676
99 785
99 827
100 105
100 114
100 284
100 555
100 865
101 107
101 108
101 113
101 183
101 219
101 421
101 586
101 870
101 920
101 945
101 972
102 104
102 111
102 114
102 118
102 280
102 290
102 375
102 543
102 618
102 681
102 916
103 112
103 120
103 363
103 488
103 718
103 721
104 105
104 107
104 110
104 132
104 213
104 278
104 293
104 353
104 355
104 491
104 505
104 697
104 714
104 878
104 966
105 108
105 111
105 183
105 208
105 394
105 689
105 767
105 770
105 809
105 878
105 903
106 107
106 110
106 113
106 116
106 309
106 346
106 645
106 727
106 842
106 886
106 973
107 108
107 118
107 119
107 179
107 372
107 479
108 110
108 120
108 277
108 757
108 868
109 120
109 499
109 792
110 115
110 118
110 249
110 278
110 425
110 689
110 701
110 775
110 780
110 856
111 112
111 120
111 183
111 256
111 335
111 364
111 389
111 439
111 482
111 720
111 915
111 952
112 249
112 374
112 511
112 512
112 581
112 637
112 665
112 822
112 828
112 901
112 945
113 116
113 249
113 415
113 464
113 561
113 595
113 699
113 809
113 842
113 929
114 433
114 816
114 829
114 843
114 854
114 878
114 932
115 116
115 120
115 132
115 189
115 243
115 457
115 510
115 589
115 632
115 643
115 680
115 838
115 876
115 892
116 228
116 282
116 462
116 473
116 680
116 690
117 134
117 460
117 487
117 525
117 545
117 550
117 577
117 655
117 821
118 176
118 343
118 451
118 523
118 622
118 639
118 708
119 126
119 142
119 220
119 233
119 521
119 635
119 697
119 805
119 903
120 201
120 284
120 343
120 605
120 673
120 913
121 122
121 127
121 130
121 132
121 139
121 141
121 146
121 148
121 151
121 161
121 162
121 173
121 180
121 181
121 183
121 184
121 187
121 197
121 199
121 203
121 210
121 211
121 213
121 220
121 223
121 227
121 235
121 237
121 239
121 342
121 502
121 616
121 726
122 123
122 124
122 128
122 130
122 134
122 139
122 141
122 163
122 166
122 169
122 188
122 204
122 208
122 213
122 223
122 225
122 226
122 232
122 235
122 241
122 711
122 720
123 135
123 141
123 150
123 151
123 156
123 159
123 171
123 173
123 194
123 198
123 217
123 223
123 229
123 230
123 231
123 233
123 238
123 240
123 485
123 676
123 680
123 715
123 883
124 131
124 138
124 140
124 158
124 168
124 170
124 179
124 188
124 190
124 192
124 202
124 205
124 208
124 210
124 214
124 218
124 220
124 223
124 227
124 228
124 233
124 236
124 338
124 429
124 515
124 631
124 708
124 778
124 944
125 126
125 128
125 132
125 133
125 150
125 155
125 159
125 160
125 176
125 188
125 196
125 206
125 208
125 221
125 231
125 237
125 317
125 411
125 467
125 824
125 897
126 134
126 145
126 147
126 159
126 164
126 170
126 175
126 184
126 195
126 196
126 198
126 203
126 205
126 209
126 217
126 218
126 224
126 226
126 231
126 323
126 490
126 506
126 585
126 652
126 873
127 146
127 153
127 156
127 165
127 185
127 189
127 200
127 208
127 220
127 229
127 237
127 293
127 359
127 536
128 141
128 171
128 173
128 180
128 193
128 194
128 203
128 208
128 211
128 214
128 216
128 217
128 218
128 225
128 228
128 232
128 235
128 239
128 288
128 473
128 573
128 645
128 662
129 136
129 160
129 166
129 167
129 174
129 178
129 181
129 188
129 189
129 202
129 205
129 215
129 222
129 227
129 234
129 235
129 237
129 240
129 492
129 548
129 690
129 795
129 911
129 929
130 132
130 137
130 139
130 149
130 152
130 173
130 175
130 184
130 191
130 192
130 194
130 200
130 217
130 222
130 223
130 225
130 231
130 236
130 238
130 241
130 362
130 375
130 415
130 437
130 496
130 591
130 644
131 135
131 152
131 155
131 160
131 161
131 169
131 170
131 171
131 175
131 183
131 187
131 189
131 200
131 209
131 215
131 216
131 226
131 232
131 234
131 252
131 271
131 307
131 539
131 548
131 667
131 683
131 700
131 749
132 137
132 138
132 140
132 143
132 158
132 160
132 181
132 183
132 207
132 210
132 211
132 214
132 217
132 222
132 223
132 227
132 238
132 291
132 294
132 303
132 311
132 346
132 351
132 443
132 505
132 695
132 765
132 936
132 941
133 137
133 147
133 163
133 165
133 167
133 169
133 173
133 174
133 175
133 184
133 189
133 195
133 196
133 211
133 215
133 226
133 231
133 236
133 293
133 328
133 348
133 508
133 534
133 554
133 743
133 760
134 144
134 147
134 156
134 157
134 159
134 165
134 166
134 172
134 174
134 182
134 198
134 203
134 207
134 208
134 210
134 212
134 213
134 216
134 223
134 233
134 234
134 241
134 384
134 473
134 498
134 528
134 891
135 141
135 155
135 166
135 168
135 170
135 171
135 174
135 190
135 192
135 201
135 203
135 206
135 228
135 237
135 240
135 348
135 402
135 538
135 554
135 725
135 947
136 139
136 143
136 145
136 150
136 156
136 161
136 177
136 178
136 179
136 180
136 191
136 203
136 204
136 214
136 218
136 219
136 222
136 229
136 230
136 238
136 426
136 448
136 586
137 143
137 153
137 156
137 157
137 158
137 165
137 170
137 171
137 175
137 181
137 187
137 190
137 192
137 205
137 218
137 220
137 222
137 226
137 230
137 235
137 238
137 239
137 240
137 791
137 919
138 139
138 154
138 157
138 160
138 167
138 170
138 176
138 178
138 180
138 183
138 187
138 188
138 189
138 195
138 196
138 202
138 203
138 205
138 208
138 209
138 212
138 222
138 225
138 231
138 250
138 253
138 600
138 710
138 744
138 910
138 952
138 956
139 145
139 146
139 147
139 148
139 162
139 163
139 164
139 165
139 177
139 180
139 194
139 198
139 205
139 211
139 216
139 220
139 238
139 283
139 355
139 457
139 542
139 617
139 820
139 825
139 836
139 935
140 148
140 154
140 156
140 160
140 161
140 166
140 168
140 172
140 184
140 186
140 189
140 192
140 194
140 195
140 199
140 214
140 217
140 220
140 227
140 239
140 387
140 578
140 799
140 877
141 151
141 164
141 169
141 173
141 174
141 178
141 180
141 181
141 190
141 201
141 202
141 206
141 208
141 217
141 222
141 231
141 232
141 234
141 236
141 314
141 316
141 368
141 447
141 452
141 461
141 574
141 791
141 858
142 148
142 149
142 153
142 159
142 162
142 173
142 181
142 201
142 207
142 214
142 224
142 225
142 235
142 629
142 688
142 843
143 163
143 166
143 174
143 181
143 182
143 186
143 189
143 197
143 204
143 212
143 217
143 218
143 222
143 228
143 235
143 257
143 310
143 373
143 388
143 390
143 450
143 463
143 712
143 879
143 903
143 921
144 145
144 147
144 151
144 164
144 173
144 187
144 198
144 201
144 203
144 207
144 224
144 227
144 236
144 397
144 404
144 613
144 797
144 856
144 902
145 148
145 158
145 159
145 171
145 172
145 189
145 201
145 211
145 219
145 225
145 228
145 230
145 300
145 380
145 571
145 665
146 152
146 154
146 161
146 173
146 176
146 187
146 197
146 203
146 204
146 206
146 209
146 219
146 222
146 225
146 227
146 230
146 231
146 240
146 530
146 563
146 582
146 629
146 696
146 821
146 911
147 153
147 158
147 162
147 163
147 165
147 167
147 189
147 195
147 218
147 224
147 227
147 236
147 238
147 249
147 386
147 503
147 536
147 692
147 707
147 780
147 798
147 812
147 877
147 918
148 162
148 166
148 172
148 194
148 197
148 212
148 225
148 238
148 241
148 501
148 567
148 583
148 604
148 613
148 691
148 776
148 890
149 164
149 176
149 180
149 184
149 189
149 190
149 192
149 194
149 196
149 202
149 209
149 223
149 234
149 235
149 248
149 266
149 302
149 382
149 482
149 543
149 580
149 630
149 735
149 743
149 895
149 942
149 970
150 160
150 163
150 165
150 174
150 176
150 199
150 223
150 231
150 234
150 239
150 241
150 262
150 366
150 428
150 480
150 765
150 797
150 885
150 903
150 923
150 952
151 162
151 165
151 169
151 170
151 175
151 189
151 210
151 235
151 244
151 363
151 377
151 494
151 516
151 773
151 955
152 157
152 158
152 161
152 168
152 169
152 171
152 180
152 186
152 188
152 189
152 200
152 204
152 207
152 214
152 215
152 221
152 239
152 250
152 259
152 695
152 896
153 159
153 160
153 167
153 175
153 177
153 185
153 188
153 197
153 199
153 209
153 212
153 214
153 215
153 219
153 223
153 225
153 228
153 235
153 411
153 572
153 592
153 738
153 838
153 886
153 923
154 161
154 162
154 165
154 173
154 181
154 185
154 193
154 199
154 215
154 222
154 228
154 229
154 236
154 238
154 241
154 337
154 410
154 439
154 470
154 480
154 589
154 665
154 695
154 758
154 759
154 807
154 915
155 158
155 162
155 164
155 180
155 185
155 189
155 199
155 200
155 202
155 204
155 208
155 215
155 229
155 234
155 237
155 297
155 356
155 387
155 392
155 418
155 598
155 668
155 708
155 770
155 802
155 887
155 896
155 955
156 160
156 163
156 178
156 179
156 180
156 183
156 189
156 191
156 192
156 199
156 206
156 221
156 225
156 232
156 241
156 349
156 632
156 682
156 806
156 824
156 855
156 887
157 161
157 162
157 164
157 169
157 177
157 181
157 192
157 194
157 211
157 218
157 228
157 231
157 237
157 443
157 453
157 919
158 161
158 163
158 171
158 176
158 177
158 180
158 183
158 187
158 191
158 195
158 201
158 204
158 206
158 213
158 219
158 232
158 233
158 236
158 441
158 493
158 521
158 523
158 592
158 657
158 744
158 844
159 164
159 166
159 169
159 177
159 196
159 211
159 217
159 218
159 219
159 231
159 232
159 236
159 237
159 240
159 400
159 441
159 546
159 710
159 711
159 792
159 902
160 165
160 176
160 181
160 188
160 208
160 212
160 213
160 228
160 235
160 237
160 329
160 374
160 397
160 495
160 536
160 637
160 683
160 708
160 758
161 163
161 166
161 167
161 173
161 175
161 186
161 194
161 199
161 226
161 229
161 310
161 559
161 835
161 844
161 907
161 935
162 174
162 175
162 176
162 178
162 179
162 182
162 188
162 190
162 191
162 205
162 214
162 221
162 227
162 228
162 232
162 235
162 237
162 440
162 462
162 477
162 795
162 893
162 932
163 169
163 183
163 189
163 192
163 198
163 202
163 205
163 211
163 213
163 218
163 224
163 225
163 226
163 228
163 316
163 342
163 721
163 738
163 757
163 900
163 932
163 938
164 175
164 177
164 184
164 185
164 186
164 191
164 193
164 194
164 197
164 200
164 201
164 205
164 211
164 213
164 224
164 229
164 232
164 237
164 239
164 252
164 424
164 435
164 643
164 826
164 835
165 179
165 181
165 191
165 199
165 201
165 202
165 216
165 220
165 235
165 238
165 240
165 258
165 269
165 328
165 477
165 562
165 570
165 655
165 769
165 807
166 174
166 178
166 180
166 182
166 193
166 194
166 196
166 208
166 212
166 225
166 226
166 227
166 234
166 236
166 237
166 238
166 383
166 412
166 424
166 461
166 561
166 847
166 972
167 173
167 189
167 195
167 206
167 211
167 218
167 221
167 239
167 315
167 324
167 664
167 708
167 732
167 773
168 178
168 184
168 185
168 186
168 193
168 194
168 199
168 202
168 205
168 206
168 222
168 227
168 228
168 230
168 235
168 236
168 240
168 349
168 503
168 722
168 784
168 808
168 920
169 174
169 193
169 194
169 199
169 202
169 205
169 214
169 225
169 227
169 230
169 238
169 239
169 241
169 309
169 350
169 352
169 373
169 379
169 383
169 519
169 592
169 742
169 792
169 886
169 968
170 172
170 179
170 181
170 182
170 183
170 186
170 188
170 194
170 208
170 221
170 231
170 235
170 237
170 241
170 661
170 718
170 946
171 184
171 190
171 192
171 194
171 195
171 201
171 207
171 208
171 211
171 212
171 224
171 236
171 237
171 240
171 392
171 414
171 476
171 483
171 508
171 524
171 739
171 883
172 176
172 178
172 179
172 190
172 192
172 199
172 201
172 202
172 218
172 228
172 230
172 231
172 236
172 240
172 241
172 325
172 353
172 639
172 750
172 821
172 901
172 913
172 933
172 971
173 179
173 182
173 183
173 189
173 193
173 212
173 216
173 219
173 228
173 230
173 234
173 819
173 839
174 178
174 180
174 183
174 184
174 185
174 188
174 189
174 195
174 199
174 203
174 205
174 210
174 214
174 215
174 225
174 234
174 238
174 567
174 641
174 680
174 767
174 834
175 178
175 190
175 216
175 225
175 227
175 229
175 233
175 239
175 316
175 391
175 487
175 494
175 874
175 896
175 923
176 178
176 185
176 190
176 191
176 204
176 214
176 221
176 223
176 227
176 229
176 234
176 235
176 239
176 241
176 304
176 454
176 482
176 537
176 692
176 726
176 972
177 186
177 196
177 210
177 217
177 218
177 233
177 239
177 349
177 482
177 507
177 550
177 615
177 620
177 805
178 194
178 197
178 199
178 206
178 221
178 224
178 227
178 229
178 235
178 237
178 366
178 469
178 859
178 930
179 194
179 203
179 204
179 206
179 210
179 212
179 214
179 216
179 218
179 222
179 235
179 240
179 241
179 470
179 592
179 613
179 755
179 903
180 181
180 183
180 186
180 193
180 199
180 207
180 217
180 234
180 239
180 245
180 405
180 467
180 493
180 524
180 770
180 796
180 834
180 929
180 933
180 948
180 956
181 196
181 199
181 200
181 201
181 219
181 222
181 226
181 227
181 228
181 236
181 617
181 682
181 799
182 184
182 190
182 197
182 203
182 207
182 209
182 211
182 213
182 221
182 227
182 359
182 364
182 594
182 612
182 960
183 185
183 194
183 196
183 199
183 202
183 208
183 219
183 223
183 225
183 236
183 279
183 452
183 484
183 536
183 629
183 645
183 728
183 814
183 913
184 197
184 198
184 200
184 209
184 212
184 213
184 217
184 219
184 227
184 292
184 439
184 535
184 678
184 748
184 918
185 188
185 195
185 197
185 218
185 219
185 227
185 229
185 546
185 560
185 657
185 754
186 192
186 197
186 201
186 204
186 208
186 225
186 233
186 237
186 240
186 241
186 490
186 507
186 520
186 574
186 827
187 203
187 205
187 220
187 224
187 231
187 238
187 259
187 573
187 634
187 734
187 844
188 203
188 214
188 218
188 225
188 227
188 235
188 425
188 451
188 527
188 680
188 762
188 924
188 962
189 196
189 212
189 215
189 220
189 223
189 236
189 336
189 442
189 466
189 595
189 600
189 937
190 195
190 196
190 201
190 215
190 217
190 226
190 229
190 232
190 241
190 336
190 415
190 441
190 512
190 628
190 792
190 826
191 196
191 203
191 219
191 222
191 223
191 232
191 234
191 238
191 241
191 436
191 954
192 196
192 206
192 208
192 213
192 222
192 225
192 232
192 237
192 238
192 239
192 304
192 379
192 498
192 655
192 662
192 715
192 747
192 841
192 894
193 199
193 206
193 209
193 223
193 233
193 237
193 240
193 241
193 277
193 319
193 372
193 800
193 845
193 863
193 897
193 967
194 195
194 197
194 204
194 209
194 219
194 222
194 237
194 293
194 328
194 387
194 423
194 526
194 634
194 686
194 719
194 731
194 744
194 756
194 793
194 796
195 214
195 223
195 226
195 231
195 235
195 238
195 240
195 257
195 258
195 350
195 362
195 489
195 929
196 197
196 202
196 207
196 222
196 223
196 226
196 227
196 229
196 232
196 238
196 240
196 385
196 417
196 480
196 610
196 841
196 864
196 865
196 870
196 886
196 971
197 201
197 209
197 235
197 237
197 240
197 499
197 563
197 726
197 759
197 868
197 883
197 905
198 205
198 208
198 215
198 218
198 223
198 224
198 269
198 313
198 421
198 510
198 790
198 805
198 815
198 855
198 940
199 202
199 227
199 459
199 488
199 735
199 920
199 965
200 205
200 210
200 213
200 219
200 224
200 233
200 236
200 239
200 438
200 910
201 209
201 216
201 217
201 225
201 230
201 232
201 236
201 245
201 350
201 590
201 690
201 695
201 873
201 936
201 970
202 207
202 210
202 211
202 226
202 227
202 234
202 236
202 238
202 457
202 495
202 520
202 577
202 631
202 635
202 708
202 889
202 936
203 208
203 262
203 263
203 361
203 362
203 475
203 507
203 528
203 742
203 791
204 205
204 215
204 219
204 239
204 240
204 291
204 295
204 422
204 501
204 502
204 588
204 591
204 696
204 708
204 731
204 764
205 212
205 214
205 222
205 224
205 235
205 351
205 531
205 595
205 622
205 649
205 879
206 214
206 222
206 240
206 250
206 614
206 813
206 937
207 222
207 232
207 233
207 237
207 241
207 338
207 415
207 465
207 816
207 832
207 862
208 210
208 217
208 238
208 256
208 390
208 392
208 549
208 658
208 926
209 219
209 220
209 222
209 223
209 229
209 233
209 239
209 587
209 603
209 867
210 211
210 216
210 217
210 221
210 224
210 225
210 228
210 229
210 232
210 234
210 235
210 236
210 237
210 239
210 361
210 598
210 945
210 955
211 213
211 225
211 429
211 472
211 565
212 226
212 235
212 327
212 401
212 422
212 467
212 520
212 633
212 858
212 923
213 214
213 216
213 223
213 225
213 227
213 228
213 229
213 231
213 238
213 240
213 241
213 259
213 484
213 723
213 869
214 216
214 219
214 221
214 228
214 231
214 234
214 241
214 296
214 557
214 659
214 678
214 736
215 230
215 241
215 616
215 701
215 800
215 853
215 861
215 912
216 226
216 228
216 819
216 890
217 225
217 256
217 658
217 700
217 724
217 807
217 963
218 227
218 230
218 234
218 235
218 239
218 267
218 372
218 387
218 457
218 560
218 833
219 222
219 223
219 226
219 227
219 228
219 231
219 235
219 351
219 435
219 439
219 462
219 559
219 653
219 738
219 807
219 837
219 921
220 226
220 231
220 232
220 238
220 239
220 309
220 436
220 452
220 480
220 582
220 889
220 921
221 226
221 230
221 726
221 729
221 851
221 901
222 235
222 239
222 241
222 294
222 301
222 311
222 520
222 631
222 759
222 790
222 833
223 233
223 235
223 236
223 240
223 241
223 350
223 368
223 539
223 552
223 589
223 914
223 923
224 227
224 240
224 247
224 326
224 460
224 632
224 820
225 233
225 236
225 237
225 238
225 241
225 254
225 374
225 378
225 428
225 626
225 747
225 766
225 784
225 924
226 236
226 237
226 598
226 652
226 740
226 769
226 824
226 898
227 233
227 241
227 379
227 393
227 397
227 407
227 418
227 634
227 641
227 647
227 695
227 698
227 724
227 877
228 236
228 240
228 300
228 346
228 410
228 445
228 465
228 613
228 646
228 664
228 772
228 785
228 903
228 920
229 235
229 236
229 384
229 479
229 751
229 920
230 231
230 237
230 238
230 638
230 798
230 816
230 846
230 944
231 238
231 395
231 407
231 558
231 580
231 806
232 236
232 238
232 304
232 362
232 379
232 416
232 701
232 796
232 913
232 916
233 235
233 511
233 655
234 244
234 276
234 466
234 493
234 525
234 724
234 798
234 810
234 900
235 513
235 549
235 602
235 741
235 769
235 797
235 834
235 846
236 239
236 336
236 351
236 431
236 440
236 485
236 523
236 758
236 792
236 856
237 261
237 312
237 467
237 949
238 285
238 309
238 420
238 457
238 478
238 671
238 863
239 240
239 241
239 311
239 439
239 503
239 687
239 738
239 857
239 947
240 385
240 608
240 863
241 279
241 337
241 453
241 775
242 247
242 251
242 287
242 289
242 294
242 300
242 302
242 310
242 335
242 340
242 348
242 351
242 352
242 356
242 358
242 361
242 443
242 493
242 712
242 722
243 244
243 254
243 255
243 258
243 276
243 278
243 281
243 283
243 288
243 289
243 290
243 299
243 304
243 317
243 324
243 328
243 329
243 333
243 339
243 343
243 345
243 355
243 462
243 466
243 630
243 773
244 252
244 257
244 258
244 266
244 274
244 275
244 276
244 280
244 284
244 287
244 295
244 296
244 300
244 301
244 303
244 312
244 320
244 325
244 326
244 327
244 333
244 335
244 342
244 344
244 345
244 359
244 529
244 678
244 728
244 846
245 246
245 251
245 252
245 274
245 277
245 279
245 282
245 284
245 294
245 296
245 300
245 304
245 324
245 330
245 339
245 341
245 343
245 356
245 651
245 735
245 823
245 955
246 248
246 259
246 265
246 273
246 279
246 282
246 285
246 290
246 296
246 297
246 303
246 305
246 314
246 315
246 324
246 326
246 328
246 347
246 349
246 353
246 355
246 362
246 555
246 591
246 764
246 765
247 251
247 254
247 267
247 269
247 273
247 276
247 285
247 292
247 297
247 309
247 313
247 314
247 323
247 341
247 345
247 453
247 478
247 593
247 694
247 703
247 718
247 906
247 956
248 251
248 259
248 267
248 269
248 277
248 286
248 287
248 288
248 293
248 294
248 302
248 305
248 313
248 321
248 323
248 328
248 344
248 349
248 350
248 360
248 416
248 445
248 791
248 802
248 814
248 820
248 838
248 922
248 958
249 254
249 255
249 267
249 269
249 274
249 276
249 305
249 307
249 312
249 315
249 317
249 319
249 325
249 328
249 342
249 343
249 347
249 358
249 361
249 482
249 680
249 709
249 787
249 831
250 253
250 257
250 262
250 273
250 286
250 289
250 291
250 293
250 298
250 302
250 307
250 317
250 320
250 327
250 333
250 349
250 362
250 490
250 631
250 753
250 825
250 844
250 854
250 891
251 275
251 279
251 296
251 303
251 304
251 323
251 330
251 338
251 341
251 342
251 343
251 344
251 355
251 356
251 357
251 361
251 621
251 630
251 678
251 754
251 821
251 922
252 254
252 260
252 262
252 280
252 284
252 297
252 306
252 307
252 308
252 311
252 312
252 316
252 319
252 326
252 327
252 335
252 343
252 348
252 349
252 353
252 354
252 356
252 362
252 536
252 592
252 600
252 713
252 736
253 254
253 257
253 269
253 274
253 280
253 281
253 296
253 314
253 315
253 317
253 325
253 331
253 334
253 339
253 350
253 361
253 438
253 450
253 480
253 644
253 730
253 936
254 261
254 262
254 263
254 274
254 279
254 293
254 295
254 299
254 300
254 306
254 311
254 313
254 314
254 319
254 320
254 324
254 326
254 334
254 344
254 347
254 350
254 351
254 352
254 357
254 528
254 561
254 669
254 673
254 884
254 916
255 263
255 271
255 272
255 275
255 276
255 278
255 283
255 284
255 294
255 298
255 303
255 306
255 312
255 316
255 325
255 327
255 330
255 331
255 334
255 345
255 358
255 359
255 361
255 460
255 533
255 648
255 654
255 835
255 885
256 257
256 272
256 273
256 274
256 275
256 280
256 286
256 287
256 313
256 319
256 322
256 327
256 329
256 333
256 346
256 350
256 353
256 354
256 355
256 376
256 383
256 390
256 639
256 784
256 790
256 858
256 913
257 263
257 266
257 267
257 269
257 271
257 280
257 282
257 288
257 296
257 301
257 305
257 311
257 322
257 327
257 335
257 348
257 349
257 352
257 362
257 520
257 648
257 716
257 717
257 903
257 935
258 261
258 268
258 269
258 281
258 286
258 287
258 288
258 297
258 306
258 310
258 312
258 318
258 322
258 329
258 334
258 336
258 341
258 342
258 347
258 351
258 356
258 359
258 447
258 485
258 567
258 616
258 816
258 883
259 262
259 269
259 272
259 278
259 280
259 281
259 282
259 292
259 293
259 294
259 296
259 297
259 299
259 312
259 313
259 348
259 353
259 355
259 358
259 362
259 366
259 410
259 480
259 551
259 567
259 611
259 691
259 697
259 721
259 764
259 817
259 929
260 263
260 270
260 273
260 295
260 296
260 297
260 305
260 312
260 315
260 317
260 320
260 322
260 328
260 333
260 338
260 348
260 356
260 360
260 427
260 439
260 545
260 578
260 718
260 816
260 850
260 888
260 893
260 949
260 971
261 275
261 294
261 314
261 318
261 322
261 323
261 339
261 350
261 353
261 357
261 358
261 417
261 474
261 517
261 593
261 617
261 926
261 967
262 266
262 267
262 278
262 280
262 287
262 289
262 291
262 294
262 308
262 309
262 314
262 316
262 321
262 328
262 336
262 345
262 347
262 357
262 358
262 473
262 498
262 739
262 769
262 790
262 962
263 273
263 278
263 282
263 286
263 289
263 300
263 314
263 325
263 326
263 328
263 330
263 333
263 342
263 346
263 349
263 350
263 370
263 399
263 421
263 537
263 602
263 617
263 642
263 806
264 265
264 266
264 268
264 270
264 289
264 298
264 310
264 312
264 313
264 316
264 318
264 323
264 335
264 336
264 337
264 357
264 486
264 585
264 766
264 843
264 912
265 269
265 275
265 282
265 287
265 290
265 292
265 303
265 312
265 313
265 314
265 318
265 323
265 328
265 337
265 339
265 341
265 348
265 350
265 360
265 642
265 834
266 274
266 275
266 284
266 287
266 289
266 292
266 307
266 308
266 312
266 318
266 319
266 324
266 331
266 337
266 342
266 350
266 356
266 520
266 579
266 624
266 887
267 272
267 274
267 275
267 297
267 320
267 325
267 327
267 332
267 341
267 352
267 357
267 497
267 724
267 836
267 895
268 275
268 284
268 292
268 304
268 306
268 314
268 315
268 316
268 318
268 321
268 323
268 324
268 340
268 343
268 347
268 352
268 356
268 359
268 375
268 459
268 589
268 678
268 928
269 270
269 271
269 272
269 276
269 296
269 321
269 322
269 330
269 341
269 346
269 349
269 352
269 355
269 362
269 554
269 558
269 939
270 274
270 278
270 288
270 291
270 313
270 315
270 318
270 322
270 324
270 331
270 333
270 339
270 340
270 346
270 350
270 355
270 858
270 922
270 953
271 274
271 277
271 280
271 281
271 292
271 295
271 300
271 305
271 307
271 313
271 316
271 339
271 352
271 354
271 498
271 747
271 761
271 845
271 862
272 276
272 278
272 286
272 294
272 303
272 307
272 311
272 314
272 327
272 331
272 332
272 347
272 352
272 354
272 355
272 362
272 414
272 578
272 658
272 716
272 726
272 809
272 855
272 866
272 897
272 898
273 277
273 289
273 297
273 298
273 307
273 319
273 335
273 341
273 342
273 353
273 358
273 360
273 362
273 734
273 743
273 908
274 284
274 302
274 305
274 306
274 313
274 317
274 318
274 320
274 325
274 326
274 341
274 346
274 486
274 532
274 750
274 775
274 808
275 294
275 301
275 304
275 309
275 311
275 312
275 318
275 322
275 324
275 330
275 334
275 337
275 339
275 342
275 343
275 344
275 347
275 352
275 357
275 446
275 535
275 725
275 736
275 883
275 885
275 958
276 279
276 284
276 285
276 288
276 299
276 301
276 304
276 313
276 314
276 324
276 337
276 355
276 359
276 396
276 418
276 605
276 662
276 780
276 834
276 942
276 967
277 288
277 301
277 302
277 305
277 310
277 313
277 318
277 321
277 324
277 325
277 326
277 330
277 341
277 345
277 346
277 347
277 348
277 358
277 361
277 831
277 843
278 282
278 287
278 288
278 291
278 302
278 304
278 318
278 321
278 322
278 324
278 326
278 329
278 334
278 335
278 337
278 349
278 356
278 427
278 435
278 679
278 732
278 815
278 826
278 851
278 923
279 306
279 311
279 313
279 315
279 320
279 341
279 343
279 345
279 350
279 352
279 359
279 439
279 635
279 640
279 666
279 690
279 722
279 768
280 281
280 288
280 292
280 308
280 312
280 318
280 319
280 325
280 341
280 358
280 550
280 634
280 749
280 855
280 934
281 285
281 289
281 291
281 295
281 312
281 318
281 334
281 338
281 339
281 341
281 345
281 349
281 350
281 353
281 357
281 361
281 409
281 451
281 494
281 517
281 622
281 642
281 646
281 685
281 786
281 834
281 874
282 297
282 300
282 309
282 310
282 322
282 327
282 330
282 341
282 343
282 346
282 357
282 361
282 407
282 496
282 542
282 567
282 569
282 575
282 671
282 750
282 921
283 291
283 294
283 314
283 320
283 343
283 345
283 359
283 613
283 682
283 907
284 287
284 295
284 298
284 302
284 308
284 313
284 314
284 320
284 323
284 326
284 329
284 335
284 338
284 339
284 350
284 356
284 358
284 360
284 361
284 487
284 607
284 751
284 773
284 914
285 290
285 295
285 296
285 302
285 304
285 308
285 309
285 310
285 313
285 316
285 319
285 321
285 322
285 332
285 335
285 337
285 340
285 350
285 351
285 353
285 356
285 470
285 598
285 689
285 696
285 913
285 949
286 289
286 292
286 293
286 294
286 295
286 306
286 311
286 319
286 332
286 340
286 345
286 346
286 348
286 350
286 351
286 361
286 397
286 446
286 507
286 612
286 615
286 683
286 703
286 709
286 717
286 766
287 298
287 302
287 310
287 312
287 313
287 320
287 335
287 337
287 340
287 356
287 361
287 362
287 389
287 392
287 402
287 493
287 571
287 613
287 761
287 826
287 845
288 297
288 301
288 303
288 308
288 309
288 338
288 345
288 347
288 426
288 460
288 471
288 589
288 641
288 890
288 936
289 290
289 292
289 304
289 306
289 325
289 341
289 343
289 350
289 352
289 354
289 360
289 429
289 451
289 706
289 793
289 806
290 295
290 298
290 299
290 300
290 302
290 314
290 315
290 322
290 326
290 327
290 329
290 334
290 335
290 336
290 347
290 348
290 487
290 552
290 585
290 608
290 838
290 862
290 917
291 301
291 317
291 324
291 329
291 331
291 335
291 345
291 350
291 352
291 357
291 359
291 669
291 695
291 941
292 294
292 329
292 331
292 345
292 349
292 352
292 357
292 437
292 582
292 591
292 638
292 767
292 850
292 901
292 910
292 968
293 294
293 296
293 297
293 298
293 303
293 304
293 309
293 310
293 313
293 321
293 328
293 331
293 333
293 336
293 348
293 349
293 358
293 381
293 466
293 478
293 483
293 497
293 611
293 664
293 679
293 704
293 768
293 775
293 853
293 881
294 304
294 307
294 309
294 322
294 323
294 325
294 331
294 332
294 336
294 338
294 346
294 348
294 352
294 359
294 710
294 781
294 937
295 310
295 316
295 329
295 332
295 334
295 338
295 342
295 344
295 348
295 356
295 358
295 360
295 374
295 666
295 718
295 746
295 751
295 838
295 849
295 897
296 308
296 310
296 316
296 325
296 328
296 331
296 384
296 392
296 519
296 543
296 627
296 675
296 784
297 309
297 315
297 319
297 322
297 325
297 334
297 341
297 390
297 392
297 401
297 549
297 589
297 617
297 738
297 801
297 853
298 300
298 301
298 305
298 306
298 308
298 313
298 321
298 332
298 335
298 340
298 346
298 348
298 349
298 355
298 360
298 361
298 362
298 461
298 485
298 688
298 719
298 864
298 919
298 947
298 957
299 301
299 302
299 303
299 305
299 307
299 309
299 310
299 318
299 323
299 326
299 338
299 356
299 360
299 385
299 428
299 549
300 301
300 308
300 309
300 325
300 335
300 350
300 354
300 356
300 359
300 436
300 525
300 643
300 693
300 965
301 305
301 306
301 320
301 322
301 329
301 354
301 357
301 361
301 417
301 474
301 574
301 839
301 928
302 304
302 308
302 310
302 315
302 328
302 333
302 343
302 359
302 414
302 440
302 698
302 809
302 913
303 323
303 325
303 331
303 341
303 342
303 351
303 352
303 359
303 362
303 363
303 419
303 473
303 544
303 788
303 953
303 973
304 307
304 313
304 317
304 325
304 333
304 334
304 335
304 337
304 345
304 347
304 401
304 668
304 796
304 798
305 321
305 329
305 348
305 675
305 835
306 311
306 321
306 337
306 344
306 348
306 353
306 359
306 362
306 452
306 513
306 627
306 702
306 913
307 323
307 332
307 333
307 334
307 343
307 349
307 354
307 355
307 356
307 362
307 482
307 506
307 703
307 918
308 318
308 319
308 335
308 336
308 342
308 343
308 347
308 350
308 513
308 566
308 591
308 758
308 764
308 827
308 931
309 310
309 321
309 323
309 326
309 327
309 328
309 340
309 343
309 360
309 447
309 453
309 577
309 625
309 660
309 875
310 314
310 321
310 323
310 325
310 330
310 332
310 333
310 337
310 346
310 352
310 364
310 417
310 470
310 472
310 513
310 649
310 660
310 820
310 825
310 915
310 945
310 953
311 312
311 317
311 319
311 323
311 324
311 325
311 332
311 335
311 336
311 343
311 347
311 348
311 349
311 356
311 361
311 409
311 448
311 459
311 527
311 542
311 628
311 805
312 313
312 316
312 331
312 349
312 356
312 359
312 535
312 577
312 630
312 694
312 760
312 789
312 850
312 903
313 315
313 326
313 327
313 348
313 349
313 358
313 360
313 678
314 316
314 337
314 338
314 347
314 693
314 940
315 322
315 334
315 342
315 348
315 351
315 353
315 354
315 357
315 361
315 512
315 518
315 545
315 583
316 318
316 343
316 368
316 393
316 456
316 457
316 545
316 870
316 890
317 325
317 330
317 331
317 333
317 337
317 344
317 346
317 351
317 361
317 368
317 670
317 758
318 330
318 331
318 335
318 357
318 359
318 416
318 431
318 471
318 557
318 583
318 589
318 714
318 736
318 779
318 848
318 929
319 325
319 332
319 334
319 336
319 337
319 344
319 352
319 706
320 323
320 336
320 342
320 384
320 388
320 542
320 943
321 323
321 325
321 329
321 338
321 339
321 345
321 354
321 358
321 360
321 552
321 584
321 635
321 778
322 327
322 333
322 336
322 339
322 345
322 346
322 354
322 493
322 550
322 558
322 754
322 785
322 796
322 888
323 337
323 345
323 347
323 352
323 360
323 364
323 560
323 633
323 727
323 778
323 782
323 810
324 330
324 339
324 341
324 346
324 348
324 349
324 354
324 419
324 531
324 544
324 884
324 900
324 918
325 333
325 338
325 346
325 347
325 350
325 351
325 360
325 411
325 651
325 842
325 876
326 328
326 334
326 336
326 337
326 346
326 349
326 350
326 362
326 428
326 481
326 564
326 635
326 705
326 738
326 790
326 846
326 961
327 329
327 334
327 336
327 341
327 342
327 343
327 345
327 346
327 348
327 357
327 358
327 380
327 384
327 398
327 462
327 657
327 673
327 694
327 733
327 799
327 907
328 329
328 343
328 348
328 351
328 352
328 358
328 542
328 605
328 628
328 703
328 822
328 838
328 950
329 330
329 333
329 343
329 355
329 416
329 482
329 898
330 338
330 339
330 340
330 343
330 348
330 361
330 530
330 789
330 810
330 886
331 334
331 348
331 352
331 357
331 539
331 874
332 333
332 337
332 347
332 350
332 355
332 356
332 358
332 401
332 552
332 604
332 749
332 854
332 890
333 340
333 350
333 352
333 360
333 401
333 434
333 472
333 815
334 337
334 342
334 362
334 382
334 464
334 541
334 725
334 730
334 810
334 839
334 881
335 337
335 341
335 342
335 361
335 435
335 519
335 550
335 674
335 822
335 905
336 347
336 350
336 359
336 404
336 609
336 660
336 694
336 966
336 972
337 345
337 350
337 351
337 353
337 356
337 586
337 873
337 887
337 902
337 955
338 340
338 341
338 345
338 346
338 348
338 349
338 360
338 362
338 526
338 701
338 723
338 776
338 794
338 816
338 827
339 347
339 355
339 579
339 652
339 705
339 903
340 341
340 346
340 361
340 409
340 557
340 708
340 811
340 876
340 895
341 347
341 349
341 356
341 357
341 360
341 717
341 786
341 854
341 883
341 892
342 344
342 351
342 354
342 355
342 802
342 805
342 835
342 960
342 961
343 347
343 358
343 361
343 455
343 456
343 475
343 499
343 523
343 641
343 873
343 927
344 345
344 352
344 367
344 370
344 426
344 627
344 778
344 781
344 942
345 347
345 357
345 358
345 512
345 890
345 898
345 935
346 362
346 389
346 402
346 684
346 837
346 864
346 920
347 351
347 400
347 458
347 515
347 655
347 697
347 764
347 781
347 801
347 865
347 895
348 447
348 626
349 350
349 496
349 598
349 850
349 927
350 365
350 379
350 433
350 494
350 552
350 905
351 423
351 666
351 672
351 915
352 353
352 356
352 769
352 827
352 848
352 883
353 360
353 361
353 391
353 534
353 566
353 640
353 925
353 973
354 359
354 361
354 567
354 704
354 722
354 823
355 386
355 441
355 706
355 754
355 796
355 843
355 875
355 914
356 359
356 442
356 544
356 932
357 359
357 708
357 902
358 360
358 674
358 750
358 777
358 828
358 868
359 443
359 459
359 497
359 553
359 656
359 690
359 704
359 890
360 628
360 733
360 850
360 858
361 459
361 515
361 523
361 617
361 826
361 927
361 932
362 555
362 561
362 775
362 844
362 947
363 374
363 375
363 378
363 389
363 391
363 398
363 401
363 419
363 424
363 425
363 426
363 435
363 438
363 447
363 469
363 664
364 372
364 374
364 376
364 390
364 395
364 402
364 406
364 407
364 409
364 419
364 420
364 423
364 431
364 436
364 442
364 453
364 454
364 457
364 459
364 475
364 477
364 479
364 481
364 482
364 523
364 555
364 561
364 758
364 842
364 949
365 367
365 368
365 373
365 377
365 380
365 389
365 395
365 400
365 403
365 404
365 408
365 413
365 415
365 418
365 427
365 437
365 457
365 458
365 462
365 466
365 475
365 479
365 481
365 558
365 609
365 640
365 644
365 942
366 368
366 369
366 371
366 373
366 384
366 387
366 389
366 402
366 405
366 411
366 412
366 420
366 421
366 433
366 438
366 442
366 444
366 447
366 457
366 460
366 463
366 464
366 471
366 477
366 479
366 491
366 582
366 880
366 946
367 373
367 377
367 379
367 385
367 395
367 397
367 398
367 405
367 406
367 415
367 420
367 433
367 436
367 442
367 445
367 451
367 461
367 475
367 477
367 478
367 479
367 481
367 727
367 744
367 777
367 919
368 390
368 398
368 400
368 403
368 405
368 421
368 432
368 435
368 437
368 441
368 449
368 454
368 458
368 459
368 473
368 527
368 821
368 929
369 375
369 376
369 383
369 387
369 395
369 397
369 399
369 401
369 407
369 410
369 413
369 414
369 421
369 422
369 423
369 425
369 428
369 429
369 431
369 436
369 440
369 442
369 443
369 444
369 445
369 449
369 471
369 473
369 475
369 483
369 715
369 785
369 917
370 372
370 373
370 377
370 384
370 389
370 401
370 404
370 407
370 411
370 422
370 435
370 439
370 440
370 441
370 455
370 461
370 464
370 465
370 467
370 469
370 478
370 556
370 829
370 839
370 964
371 374
371 375
371 377
371 387
371 388
371 390
371 396
371 397
371 406
371 412
371 413
371 417
371 421
371 423
371 432
371 437
371 448
371 450
371 463
371 482
371 585
371 709
371 953
372 377
372 378
372 380
372 382
372 385
372 394
372 396
372 397
372 413
372 421
372 423
372 424
372 432
372 444
372 459
372 461
372 467
372 470
372 471
372 476
372 479
372 619
372 740
373 376
373 381
373 382
373 389
373 394
373 396
373 400
373 401
373 404
373 416
373 421
373 427
373 434
373 436
373 438
373 448
373 450
373 456
373 459
373 462
373 474
373 477
373 480
373 500
373 522
373 626
373 675
373 769
373 770
373 842
373 875
373 880
373 968
373 972
374 376
374 379
374 380
374 396
374 401
374 420
374 428
374 429
374 430
374 432
374 436
374 447
374 449
374 460
374 464
374 466
374 510
374 514
374 608
374 677
374 961
375 378
375 382
375 384
375 387
375 390
375 391
375 406
375 407
375 420
375 422
375 437
375 439
375 444
375 448
375 456
375 458
375 470
375 473
375 564
375 578
375 628
375 706
375 711
375 875
375 911
376 379
376 390
376 400
376 407
376 417
376 418
376 423
376 430
376 431
376 437
376 442
376 446
376 455
376 456
376 462
376 463
376 468
376 472
376 505
376 673
376 799
376 803
377 385
377 386
377 388
377 393
377 395
377 406
377 409
377 412
377 414
377 437
377 440
377 441
377 445
377 447
377 452
377 456
377 457
377 459
377 464
377 466
377 473
377 479
377 590
377 645
377 832
377 900
378 409
378 411
378 414
378 419
378 423
378 425
378 439
378 441
378 444
378 449
378 450
378 455
378 456
378 459
378 465
378 475
378 476
378 483
378 551
378 669
378 757
378 832
378 848
378 931
379 386
379 392
379 393
379 394
379 411
379 414
379 418
379 429
379 432
379 439
379 444
379 461
379 470
379 473
379 535
379 544
379 586
379 788
379 953
380 388
380 410
380 411
380 415
380 420
380 428
380 444
380 453
380 455
380 459
380 472
380 473
380 480
380 482
380 536
380 559
380 751
380 844
380 858
380 895
381 386
381 391
381 401
381 403
381 404
381 408
381 409
381 414
381 415
381 417
381 422
381 425
381 438
381 439
381 441
381 442
381 444
381 446
381 447
381 448
381 452
381 457
381 458
381 461
381 465
381 472
381 473
381 480
381 597
381 703
382 391
382 397
382 405
382 408
382 409
382 410
382 418
382 420
382 423
382 430
382 434
382 437
382 442
382 444
382 446
382 455
382 456
382 458
382 467
382 470
382 473
382 475
382 715
382 778
382 798
382 859
382 954
383 394
383 397
383 398
383 399
383 409
383 413
383 414
383 418
383 419
383 437
383 440
383 443
383 445
383 454
383 465
383 473
383 475
383 476
383 477
383 478
383 482
383 804
383 832
383 848
383 888
384 403
384 408
384 425
384 441
384 445
384 450
384 453
384 467
384 468
384 470
384 477
384 482
384 578
384 616
384 839
384 875
385 388
385 389
385 390
385 392
385 404
385 405
385 409
385 428
385 438
385 439
385 440
385 443
385 445
385 447
385 451
385 455
385 458
385 472
385 479
385 527
385 756
385 909
386 387
386 402
386 405
386 418
386 420
386 428
386 434
386 441
386 449
386 450
386 467
386 472
386 696
386 715
387 392
387 395
387 398
387 401
387 402
387 405
387 406
387 416
387 417
387 418
387 438
387 440
387 453
387 459
387 462
387 470
387 483
387 624
387 709
387 712
387 922
388 398
388 399
388 402
388 403
388 415
388 417
388 428
388 439
388 441
388 452
388 453
388 455
388 457
388 462
388 468
388 470
388 475
388 496
388 549
388 583
388 787
388 811
388 875
389 406
389 407
389 413
389 415
389 419
389 427
389 445
389 446
389 447
389 450
389 457
389 459
389 468
389 469
389 611
389 626
389 654
389 814
389 820
389 896
390 404
390 413
390 423
390 427
390 431
390 434
390 436
390 438
390 453
390 457
390 469
390 473
390 559
390 600
390 633
390 725
390 761
390 947
391 395
391 400
391 401
391 415
391 420
391 428
391 429
391 432
391 467
391 471
391 479
391 512
391 519
391 706
391 961
392 394
392 399
392 401
392 409
392 411
392 429
392 431
392 432
392 434
392 438
392 439
392 440
392 445
392 449
392 453
392 454
392 456
392 459
392 463
392 466
392 469
392 472
392 477
392 480
392 482
392 731
392 737
392 806
393 418
393 419
393 423
393 435
393 438
393 447
393 448
393 450
393 451
393 458
393 465
393 474
393 475
393 512
393 650
393 757
393 805
393 821
393 865
394 402
394 411
394 420
394 432
394 436
394 439
394 444
394 449
394 452
394 462
394 466
394 472
394 475
394 480
394 536
394 556
394 643
394 765
394 777
394 786
394 847
394 968
395 404
395 418
395 423
395 445
395 446
395 449
395 453
395 454
395 455
395 456
395 457
395 460
395 461
395 468
395 470
395 482
395 620
395 736
395 810
395 845
395 896
395 967
396 403
396 423
396 444
396 453
396 457
396 467
396 469
396 470
396 522
396 572
396 628
396 685
396 711
396 899
396 951
397 411
397 432
397 441
397 455
397 460
397 462
397 467
397 469
397 476
397 477
397 637
397 665
397 931
398 414
398 416
398 421
398 424
398 440
398 442
398 448
398 454
398 456
398 460
398 465
398 475
398 477
398 479
398 487
398 534
398 566
398 611
398 943
399 402
399 406
399 409
399 416
399 417
399 428
399 435
399 436
399 445
399 449
399 450
399 454
399 458
399 459
399 467
399 472
399 473
399 474
399 480
399 482
399 511
399 673
399 752
399 856
399 887
399 927
400 423
400 430
400 431
400 448
400 449
400 450
400 455
400 459
400 460
400 463
400 471
400 479
400 496
400 521
400 592
400 638
400 746
400 764
400 866
401 405
401 407
401 420
401 421
401 422
401 425
401 428
401 433
401 440
401 444
401 446
401 455
401 461
401 483
401 486
401 780
401 917
401 936
402 403
402 405
402 410
402 414
402 416
402 434
402 435
402 437
402 439
402 440
402 444
402 448
402 454
402 455
402 457
402 460
402 465
402 466
402 467
402 469
402 472
402 478
402 667
403 409
403 412
403 415
403 422
403 427
403 431
403 433
403 438
403 453
403 461
403 473
403 626
403 720
403 743
403 855
403 875
403 877
403 957
404 413
404 421
404 423
404 427
404 430
404 442
404 454
404 455
404 457
404 458
404 463
404 464
404 475
404 479
404 482
404 487
404 586
404 623
404 969
405 407
405 408
405 413
405 414
405 417
405 423
405 426
405 428
405 439
405 442
405 448
405 450
405 451
405 452
405 457
405 459
405 460
405 462
405 464
405 467
405 472
405 782
405 812
405 947
406 409
406 418
406 419
406 423
406 426
406 430
406 435
406 438
406 448
406 453
406 458
406 469
406 483
406 788
406 829
406 843
406 894
406 951
407 422
407 429
407 430
407 436
407 442
407 444
407 452
407 466
407 469
407 475
407 477
407 478
407 480
407 537
407 550
407 568
407 674
407 686
407 901
408 412
408 420
408 427
408 429
408 431
408 436
408 440
408 443
408 448
408 456
408 457
408 459
408 467
408 468
408 476
408 477
408 481
408 614
408 616
408 793
408 847
408 944
408 953
408 970
409 410
409 418
409 421
409 424
409 439
409 440
409 443
409 451
409 454
409 458
409 461
409 463
409 464
409 472
409 480
409 546
410 411
410 412
410 416
410 420
410 421
410 428
410 456
410 467
410 468
410 471
410 477
410 483
410 500
410 521
410 764
410 788
410 882
410 899
411 412
411 416
411 417
411 420
411 421
411 431
411 439
411 444
411 447
411 458
411 462
411 466
411 617
411 849
411 858
412 413
412 414
412 415
412 426
412 427
412 431
412 434
412 437
412 439
412 444
412 451
412 452
412 457
412 465
412 472
412 473
412 475
412 476
412 531
412 622
412 770
412 893
413 426
413 429
413 432
413 442
413 443
413 448
413 453
413 456
413 471
413 563
413 577
413 678
414 415
414 416
414 417
414 424
414 425
414 430
414 447
414 458
414 515
414 540
414 650
415 429
415 440
415 444
415 447
415 458
415 465
415 467
415 473
415 474
415 481
415 558
415 593
415 791
415 816
415 821
416 426
416 427
416 432
416 439
416 449
416 455
416 460
416 478
416 661
416 873
416 926
417 419
417 424
417 437
417 446
417 451
417 452
417 456
417 460
417 464
417 467
417 472
417 481
417 803
418 420
418 428
418 440
418 443
418 444
418 449
418 461
418 469
418 474
418 480
418 667
418 709
418 758
419 423
419 424
419 439
419 469
419 474
419 477
419 479
419 538
419 822
419 918
420 421
420 444
420 447
420 452
420 453
420 456
420 469
420 472
420 542
420 545
421 430
421 431
421 434
421 454
421 460
421 461
421 464
421 482
421 525
421 530
421 545
421 607
421 630
421 642
421 646
421 759
422 440
422 442
422 443
422 454
422 455
422 462
422 468
422 469
422 474
422 476
422 480
422 614
422 617
422 717
423 424
423 426
423 433
423 434
423 435
423 448
423 455
423 460
423 471
423 478
423 482
423 483
423 494
423 676
423 728
424 428
424 439
424 445
424 448
424 466
424 478
424 479
424 480
424 533
424 580
424 593
424 698
424 827
424 880
424 968
425 435
425 439
425 442
425 443
425 468
425 574
425 656
425 822
425 865
425 902
426 428
426 429
426 435
426 436
426 439
426 443
426 453
426 462
426 463
426 471
426 476
426 479
426 480
426 483
426 501
426 528
426 662
427 439
427 448
427 457
427 461
427 462
427 466
427 468
427 470
427 476
427 638
427 641
427 787
427 842
427 847
428 432
428 434
428 439
428 440
428 451
428 453
428 456
428 458
428 459
428 460
428 467
428 496
428 610
429 441
429 448
429 452
429 453
429 456
429 463
429 464
429 469
429 480
429 815
429 834
429 910
430 431
430 436
430 440
430 450
430 452
430 464
430 474
430 475
430 538
430 835
430 928
431 435
431 438
431 443
431 452
431 454
431 460
431 464
431 468
431 477
431 603
431 641
431 695
431 781
431 862
432 439
432 446
432 449
432 450
432 451
432 458
432 459
432 468
432 471
432 472
432 479
432 528
432 558
432 560
432 635
432 773
433 436
433 437
433 440
433 443
433 453
433 456
433 461
433 473
433 567
433 954
434 444
434 446
434 450
434 453
434 459
434 460
434 462
434 465
434 466
434 469
434 470
434 471
434 479
434 480
434 483
434 535
434 855
435 436
435 446
435 447
435 449
435 452
435 459
435 466
435 474
435 477
435 478
435 482
435 483
435 574
435 935
435 948
436 439
436 442
436 457
436 458
436 471
436 473
436 479
436 590
436 702
436 798
436 917
436 946
436 949
437 439
437 443
437 454
437 455
437 460
437 466
437 471
437 479
437 545
437 608
437 668
437 722
437 839
437 922
438 441
438 444
438 463
438 464
438 467
438 469
438 471
438 475
438 483
438 538
438 697
438 879
438 894
438 940
439 441
439 443
439 446
439 447
439 456
439 457
439 462
439 475
439 482
439 500
439 827
439 972
440 442
440 445
440 450
440 452
440 465
440 476
440 477
440 480
440 511
440 522
440 727
440 788
440 818
440 829
440 930
440 949
441 450
441 454
441 458
441 459
441 462
441 471
441 472
441 473
441 475
441 477
441 479
441 480
441 481
441 483
441 641
441 663
441 665
441 730
441 735
441 787
441 839
441 854
441 867
442 446
442 450
442 458
442 463
442 470
442 477
442 483
442 536
442 789
443 448
443 451
443 453
443 456
443 460
443 463
443 466
443 470
443 473
443 476
443 477
443 655
444 453
444 457
444 458
444 465
444 470
444 472
444 482
444 855
444 884
445 456
445 477
445 658
445 729
445 776
445 823
445 824
445 897
446 451
446 452
446 462
446 476
446 481
446 483
446 551
446 675
446 900
447 456
447 463
447 466
447 469
447 470
447 472
447 477
447 483
447 543
447 637
447 658
447 772
447 798
448 452
448 453
448 454
448 460
448 464
448 465
448 472
448 475
448 477
448 480
448 604
448 647
448 707
448 879
449 452
449 454
449 465
449 466
449 467
449 468
449 474
449 480
449 547
449 608
449 895
450 454
450 459
450 461
450 480
450 533
450 583
450 603
451 453
451 454
451 457
451 461
451 464
451 466
451 473
451 504
451 512
451 812
451 852
451 960
452 460
452 464
452 471
452 473
452 502
452 586
452 737
452 830
453 457
453 467
453 469
453 471
453 478
453 711
453 745
453 831
453 881
454 457
454 458
454 461
454 462
454 464
454 469
454 477
454 482
454 542
454 577
454 643
454 661
454 807
454 830
455 463
455 467
455 475
455 482
455 556
455 640
455 750
455 826
455 887
455 893
456 460
456 481
456 482
456 488
456 582
456 584
456 741
456 788
456 902
456 917
456 968
457 460
457 463
457 466
457 474
457 478
457 480
457 564
457 590
457 671
458 464
458 470
458 474
458 475
458 482
458 580
458 613
458 899
458 952
459 463
459 468
459 477
459 479
460 462
460 463
460 468
460 471
460 475
460 618
460 627
460 701
460 763
461 463
461 464
461 467
461 469
461 470
461 474
461 476
461 500
461 586
461 932
462 477
462 479
462 609
462 666
462 786
462 793
463 477
463 479
463 567
463 590
463 769
464 471
464 475
464 477
464 552
464 578
464 719
464 766
464 810
465 479
465 715
465 757
465 858
465 862
466 468
466 476
466 477
466 562
466 566
466 750
466 796
466 813
467 475
467 477
467 479
467 482
467 528
467 675
467 889
467 897
467 950
468 471
468 478
468 479
468 524
468 610
468 669
468 730
468 740
468 820
468 864
468 894
469 472
469 475
469 479
469 480
469 627
469 667
469 739
470 478
470 482
470 588
470 616
470 735
470 779
470 876
471 478
471 482
471 581
471 706
471 745
471 780
472 527
472 657
472 682
472 699
472 783
472 931
473 476
473 480
473 497
473 505
473 558
473 601
473 707
473 749
473 761
473 763
473 828
473 960
474 508
474 566
474 664
474 715
474 729
474 802
474 848
474 851
474 877
474 897
474 958
475 504
475 630
475 805
475 944
476 482
476 495
476 538
476 879
476 905
476 909
476 927
477 478
477 598
477 665
477 695
477 790
477 821
477 872
477 957
478 481
478 483
478 531
478 567
478 641
478 687
478 851
479 480
479 483
479 784
479 851
479 874
480 629
480 664
480 697
480 765
480 941
481 652
482 553
482 652
482 687
482 691
482 699
482 744
482 775
482 783
483 562
483 748
483 857
483 871
484 486
484 491
484 496
484 498
484 502
484 505
484 507
484 512
484 517
484 520
484 523
484 532
484 552
484 556
484 561
484 566
484 580
484 581
484 598
484 603
484 604
484 717
484 824
485 487
485 496
485 500
485 501
485 504
485 507
485 510
485 511
485 512
485 525
485 534
485 535
485 536
485 541
485 545
485 546
485 547
485 554
485 557
485 559
485 562
485 565
485 568
485 569
485 570
485 580
485 581
485 587
485 588
485 599
485 600
485 603
485 828
486 496
486 502
486 504
486 506
486 509
486 515
486 530
486 531
486 532
486 541
486 555
486 558
486 565
486 573
486 576
486 578
486 585
486 588
486 597
486 600
486 664
486 763
486 861
486 970
487 502
487 517
487 530
487 537
487 545
487 552
487 581
487 583
487 589
487 598
487 600
487 602
487 603
487 604
487 709
487 755
487 853
487 877
487 961
488 490
488 504
488 505
488 506
488 511
488 520
488 551
488 556
488 581
488 582
488 585
488 586
488 587
488 589
488 592
488 604
488 688
488 701
488 785
489 492
489 494
489 507
489 512
489 521
489 524
489 532
489 533
489 539
489 543
489 548
489 558
489 568
489 569
489 580
489 584
489 587
489 588
489 594
489 598
489 599
489 601
489 602
489 686
489 841
489 857
489 864
489 888
489 950
489 951
490 499
490 521
490 531
490 535
490 536
490 539
490 544
490 548
490 551
490 553
490 585
490 589
490 591
490 593
490 598
490 602
490 640
490 933
491 494
491 497
491 500
491 516
491 520
491 522
491 528
491 535
491 551
491 564
491 568
491 586
491 591
491 601
491 606
492 494
492 497
492 504
492 509
492 512
492 514
492 524
492 526
492 533
492 542
492 543
492 550
492 552
492 554
492 557
492 571
492 578
492 579
492 589
492 594
492 595
492 597
492 601
492 900
492 947
492 966
493 500
493 502
493 506
493 507
493 517
493 544
493 547
493 552
493 555
493 557
493 558
493 561
493 562
493 578
493 583
493 591
493 594
493 597
493 874
493 950
494 507
494 519
494 521
494 528
494 532
494 533
494 535
494 537
494 557
494 567
494 569
494 570
494 575
494 584
494 586
494 600
494 604
494 734
494 747
494 815
494 821
494 844
494 851
494 860
494 875
494 907
495 498
495 504
495 516
495 523
495 526
495 528
495 529
495 539
495 545
495 546
495 547
495 554
495 555
495 558
495 560
495 564
495 565
495 576
495 588
495 591
495 596
495 598
495 599
495 702
495 704
495 909
496 499
496 503
496 511
496 516
496 522
496 530
496 531
496 533
496 534
496 543
496 548
496 557
496 565
496 571
496 594
496 600
496 749
496 798
496 873
497 503
497 505
497 512
497 516
497 526
497 527
497 536
497 545
497 546
497 547
497 557
497 562
497 579
497 590
497 595
497 596
497 785
497 788
497 905
498 499
498 500
498 511
498 524
498 530
498 531
498 536
498 548
498 558
498 565
498 588
498 594
498 595
498 602
498 717
498 758
498 890
498 931
499 500
499 501
499 505
499 517
499 537
499 547
499 548
499 553
499 559
499 560
499 561
499 570
499 576
499 581
499 593
499 594
499 595
499 596
499 651
499 705
499 800
499 899
499 941
500 503
500 509
500 510
500 518
500 520
500 526
500 543
500 544
500 548
500 549
500 550
500 570
500 572
500 585
500 595
500 600
500 603
500 621
500 863
500 892
500 927
500 944
501 504
501 508
501 510
501 511
501 514
501 520
501 524
501 526
501 528
501 531
501 532
501 536
501 546
501 564
501 567
501 583
501 584
501 588
501 591
501 593
501 602
501 603
501 746
501 807
501 835
502 504
502 513
502 526
502 528
502 531
502 533
502 536
502 538
502 544
502 548
502 570
502 582
502 592
502 593
502 601
502 604
502 734
502 813
502 843
502 943
503 506
503 510
503 521
503 526
503 532
503 533
503 540
503 541
503 542
503 543
503 545
503 551
503 560
503 563
503 565
503 570
503 572
503 576
503 578
503 587
503 590
503 592
503 593
503 604
503 621
503 684
504 506
504 510
504 513
504 517
504 523
504 525
504 527
504 539
504 542
504 547
504 555
504 566
504 568
504 570
504 576
504 582
504 588
504 600
504 693
504 786
504 889
505 507
505 511
505 527
505 532
505 534
505 536
505 539
505 552
505 559
505 562
505 568
505 576
505 579
505 580
505 584
505 585
505 589
505 592
505 595
505 600
505 603
505 604
505 827
506 507
506 511
506 514
506 528
506 542
506 546
506 549
506 553
506 564
506 565
506 567
506 587
506 589
506 593
506 597
506 600
507 509
507 512
507 513
507 516
507 523
507 524
507 529
507 537
507 544
507 550
507 570
507 571
507 576
507 581
507 582
507 583
507 592
507 609
507 664
507 672
507 766
507 800
508 519
508 520
508 522
508 524
508 525
508 532
508 539
508 554
508 557
508 560
508 574
508 594
508 600
508 601
508 604
508 752
508 768
508 793
508 802
508 970
509 511
509 519
509 520
509 530
509 531
509 533
509 546
509 549
509 550
509 556
509 563
509 571
509 578
509 585
509 591
509 596
509 597
509 806
509 874
509 893
510 516
510 519
510 565
510 566
510 571
510 573
510 578
510 582
510 583
510 590
510 660
510 678
510 897
510 927
511 514
511 516
511 517
511 526
511 529
511 533
511 535
511 545
511 547
511 570
511 573
511 579
511 595
511 597
511 602
511 603
511 772
511 811
511 912
512 524
512 554
512 555
512 558
512 576
512 581
512 589
513 517
513 523
513 533
513 534
513 538
513 541
513 547
513 549
513 570
513 577
513 579
513 597
513 603
514 535
514 540
514 569
514 580
514 582
514 585
514 592
514 593
514 600
515 516
515 528
515 531
515 543
515 546
515 551
515 553
515 557
515 558
515 568
515 574
515 579
515 586
515 588
515 601
515 615
515 658
515 749
515 966
516 517
516 526
516 528
516 530
516 538
516 539
516 542
516 545
516 548
516 550
516 551
516 552
516 553
516 557
516 570
516 586
516 590
516 592
516 599
516 612
516 722
516 729
516 801
516 859
516 896
517 522
517 531
517 540
517 551
517 552
517 562
517 563
517 566
517 576
517 579
517 588
517 592
517 596
517 600
517 602
517 603
517 645
517 677
517 694
517 904
517 908
518 520
518 530
518 535
518 536
518 538
518 540
518 571
518 574
518 582
518 583
518 588
518 599
518 637
518 676
519 524
519 529
519 538
519 539
519 540
519 544
519 547
519 551
519 555
519 556
519 564
519 573
519 575
519 576
519 577
519 583
519 588
519 598
519 602
519 603
519 604
519 745
519 805
519 954
520 524
520 525
520 526
520 527
520 537
520 543
520 546
520 551
520 556
520 564
520 565
520 571
520 577
520 581
520 584
520 590
520 591
520 596
520 598
520 602
520 750
521 544
521 547
521 549
521 551
521 553
521 561
521 562
521 566
521 571
521 582
521 598
521 724
521 750
521 751
521 831
521 887
522 530
522 537
522 544
522 549
522 550
522 562
522 563
522 564
522 566
522 573
522 574
522 576
522 579
522 592
522 602
522 603
522 604
522 617
522 703
522 826
522 843
522 851
522 916
522 923
522 954
522 968
523 533
523 537
523 544
523 545
523 555
523 564
523 565
523 578
523 581
523 584
523 585
523 590
523 591
523 601
523 602
523 700
523 846
523 904
524 527
524 530
524 531
524 533
524 536
524 561
524 562
524 572
524 575
524 578
524 580
524 581
524 584
524 589
524 595
524 905
525 526
525 536
525 544
525 548
525 550
525 555
525 559
525 565
525 566
525 567
525 570
525 572
525 579
525 596
525 597
525 637
525 789
525 816
525 850
526 534
526 535
526 553
526 566
526 572
526 576
526 588
526 590
526 596
526 601
526 627
526 694
527 531
527 535
527 537
527 542
527 546
527 551
527 557
527 561
527 563
527 570
527 573
527 575
527 579
527 588
527 591
527 594
527 597
527 600
527 603
527 702
527 758
527 826
527 937
528 536
528 542
528 548
528 549
528 553
528 554
528 562
528 568
528 576
528 578
528 583
528 593
528 599
528 609
528 938
529 538
529 545
529 548
529 552
529 557
529 567
529 575
529 576
529 577
529 591
529 593
529 594
529 659
529 695
529 767
529 973
530 532
530 539
530 540
530 544
530 567
530 575
530 578
530 581
530 595
530 608
530 674
530 677
530 962
531 537
531 542
531 550
531 551
531 555
531 556
531 561
531 568
531 570
531 574
531 579
531 580
531 582
531 602
531 689
531 708
531 801
531 848
531 929
532 539
532 540
532 546
532 550
532 562
532 565
532 567
532 569
532 570
532 574
532 575
532 587
532 588
532 595
532 659
532 698
532 930
532 948
533 540
533 549
533 551
533 564
533 566
533 573
533 580
533 582
533 587
533 589
533 602
533 785
533 910
534 546
534 549
534 557
534 561
534 564
534 567
534 571
534 579
534 585
534 589
534 593
534 597
534 660
534 671
534 913
535 542
535 545
535 563
535 568
535 569
535 577
535 583
535 585
535 588
535 603
535 876
536 549
536 552
536 555
536 557
536 561
536 566
536 571
536 572
536 574
536 575
536 577
536 588
536 669
536 711
536 804
537 539
537 549
537 554
537 558
537 565
537 567
537 569
537 573
537 579
537 582
537 584
537 588
537 596
537 598
537 674
537 682
538 553
538 555
538 558
538 562
538 565
538 570
538 575
538 580
538 584
538 586
538 588
538 592
538 593
538 598
538 642
538 721
538 753
538 768
538 869
539 543
539 546
539 550
539 552
539 556
539 589
539 595
539 600
539 617
539 684
539 848
540 541
540 545
540 546
540 551
540 558
540 564
540 565
540 567
540 575
540 578
540 581
540 587
540 604
540 648
540 847
540 873
540 893
541 542
541 546
541 553
541 554
541 560
541 567
541 571
541 575
541 588
541 600
541 683
541 820
541 859
541 940
542 547
542 550
542 551
542 557
542 558
542 560
542 561
542 580
542 582
542 585
542 591
542 604
542 661
542 726
542 809
543 545
543 547
543 558
543 562
543 569
543 570
543 574
543 576
543 577
543 585
543 587
543 589
543 590
543 595
543 600
543 601
543 663
543 673
543 690
543 763
544 551
544 555
544 564
544 566
544 573
544 575
544 577
544 581
544 583
544 591
544 594
544 599
545 548
545 550
545 558
545 559
545 560
545 578
545 583
545 585
545 597
545 703
546 547
546 552
546 570
546 577
546 590
546 593
546 770
546 793
546 897
547 551
547 560
547 567
547 576
547 578
547 582
547 583
547 586
547 587
547 604
547 796
548 552
548 554
548 572
548 576
548 578
548 582
548 583
548 586
548 588
548 594
548 595
548 600
548 604
548 609
548 641
548 679
549 567
549 568
549 569
549 583
549 584
549 590
549 595
549 599
549 602
549 790
549 820
549 891
550 582
550 590
550 591
550 957
551 554
551 560
551 563
551 568
551 572
551 590
551 595
551 603
551 632
551 753
551 839
551 867
552 562
552 565
552 567
552 568
552 581
552 585
552 598
552 599
552 739
552 773
552 886
552 888
553 560
553 571
553 574
553 575
553 583
553 596
553 597
553 598
553 599
553 603
553 604
553 642
553 711
554 564
554 566
554 576
554 581
554 590
554 593
554 595
554 597
554 917
554 957
555 561
555 564
555 572
555 578
555 581
555 586
555 590
555 596
555 599
555 662
555 841
555 885
555 939
555 942
556 561
556 574
556 578
556 585
556 589
556 596
556 601
556 603
556 708
556 909
557 559
557 566
557 572
557 575
557 576
557 585
557 590
557 591
557 596
557 597
557 598
557 603
557 635
557 740
558 565
558 568
558 577
558 579
558 581
558 586
558 589
558 591
558 596
558 676
558 837
559 564
559 565
559 568
559 573
559 574
559 578
559 580
559 582
559 589
559 592
559 596
559 601
559 603
559 676
559 707
559 855
560 566
560 567
560 571
560 586
560 589
560 592
560 593
560 598
560 687
560 733
560 736
560 801
560 822
560 863
561 564
561 583
561 592
561 598
561 600
561 612
561 737
561 905
561 946
562 571
562 572
562 574
562 575
562 577
562 581
562 582
562 590
562 597
562 598
562 654
562 656
562 814
563 565
563 570
563 571
563 573
563 591
563 599
563 603
563 610
563 678
563 752
563 860
563 920
563 973
564 583
564 587
564 595
564 598
564 604
564 622
564 653
564 676
564 760
564 832
564 833
565 568
565 572
565 574
565 588
565 590
565 592
565 593
565 594
565 604
565 624
565 663
565 695
565 756
565 929
566 571
566 577
566 579
566 581
566 593
566 600
566 625
566 707
566 820
566 842
567 569
567 571
567 572
567 581
567 584
567 588
567 601
567 751
567 955
568 578
568 594
568 650
568 757
568 821
568 835
568 875
569 571
569 588
569 601
569 707
569 802
569 823
569 920
570 572
570 580
570 591
570 597
570 598
570 604
570 783
570 805
571 582
571 585
571 600
571 660
571 771
571 820
571 913
572 580
572 586
572 587
572 588
572 593
572 594
572 595
572 599
572 663
572 683
572 780
572 947
573 574
573 583
573 584
573 594
573 596
573 600
573 604
573 746
573 958
574 576
574 600
574 601
574 604
574 673
574 807
574 869
574 946
575 576
575 579
575 583
575 831
575 853
575 936
576 579
576 580
576 586
576 596
576 647
576 793
576 848
577 588
577 592
577 596
577 602
577 623
577 768
577 780
577 858
577 890
578 580
578 582
578 590
578 591
578 593
578 596
578 601
578 647
578 888
578 923
579 584
579 586
579 591
579 597
579 598
579 599
579 767
580 585
580 591
580 755
581 585
581 591
581 596
581 602
581 937
582 587
582 592
582 596
582 599
582 600
582 601
582 622
582 742
582 758
583 585
583 594
583 601
583 666
583 816
583 823
583 917
583 954
584 588
584 592
584 604
584 668
584 755
584 882
584 937
585 590
585 599
585 604
585 722
585 767
585 871
585 887
585 955
586 596
586 599
586 823
587 592
587 593
587 594
587 595
587 601
587 602
587 714
587 724
588 671
588 766
588 964
589 595
589 601
589 663
589 667
589 689
589 801
589 938
589 963
589 973
590 594
590 595
590 596
590 603
590 673
590 783
590 967
591 594
591 595
591 602
591 694
591 705
591 732
591 849
591 862
592 595
593 600
593 933
594 599
594 600
594 620
594 638
594 752
594 764
594 836
594 861
594 967
595 601
595 790
595 809
595 819
595 850
595 861
595 934
596 647
596 734
596 758
596 818
596 910
597 598
597 712
597 740
597 823
598 625
598 634
598 740
598 921
599 601
599 711
599 751
599 781
599 845
599 854
599 897
599 954
600 722
600 760
600 891
601 602
601 603
601 625
601 644
601 701
601 803
602 668
602 860
602 871
602 877
602 914
602 918
603 606
603 609
603 619
603 746
603 849
603 948
604 779
605 611
605 614
605 623
605 650
605 653
605 654
605 655
605 661
605 662
605 672
605 674
605 680
605 684
605 685
605 689
605 702
605 708
605 711
605 712
605 725
605 746
605 950
606 607
606 608
606 611
606 616
606 625
606 628
606 637
606 642
606 645
606 650
606 654
606 660
606 676
606 681
606 682
606 687
606 688
606 690
606 698
606 702
606 715
606 723
607 608
607 610
607 626
607 628
607 641
607 650
607 668
607 669
607 670
607 673
607 677
607 682
607 696
607 699
607 711
607 714
607 724
607 725
608 612
608 614
608 616
608 617
608 618
608 621
608 625
608 626
608 627
608 629
608 644
608 650
608 668
608 669
608 670
608 680
608 681
608 695
608 701
608 714
608 723
608 879
609 618
609 625
609 629
609 634
609 635
609 653
609 656
609 666
609 672
609 678
609 682
609 693
609 698
609 702
609 705
609 786
609 916
609 918
610 611
610 613
610 614
610 616
610 620
610 628
610 631
610 633
610 635
610 642
610 643
610 645
610 648
610 649
610 651
610 652
610 656
610 666
610 670
610 675
610 680
610 686
610 688
610 689
610 699
610 701
610 720
610 722
610 723
610 753
610 776
610 965
611 622
611 632
611 634
611 636
611 662
611 670
611 677
611 682
611 696
611 699
611 706
611 716
611 722
611 816
611 890
611 948
612 618
612 620
612 621
612 623
612 624
612 626
612 629
612 637
612 642
612 643
612 644
612 656
612 660
612 665
612 669
612 678
612 681
612 690
612 692
612 695
612 696
612 697
612 700
612 702
612 708
612 716
612 718
612 746
612 836
612 896
612 900
612 907
612 954
612 959
613 618
613 620
613 628
613 632
613 634
613 641
613 642
613 647
613 650
613 653
613 660
613 668
613 670
613 672
613 675
613 678
613 681
613 682
613 684
613 685
613 686
613 692
613 717
613 718
613 725
613 767
613 820
613 830
614 621
614 628
614 631
614 632
614 633
614 637
614 651
614 652
614 663
614 671
614 674
614 682
614 706
614 709
614 710
614 717
614 725
614 742
614 880
614 909
615 625
615 626
615 633
615 637
615 639
615 640
615 642
615 651
615 653
615 663
615 665
615 673
615 682
615 687
615 697
615 700
615 707
615 712
615 720
615 892
615 941
615 942
616 619
616 620
616 621
616 628
616 630
616 631
616 632
616 639
616 641
616 647
616 648
616 653
616 654
616 665
616 667
616 670
616 679
616 685
616 694
616 700
616 701
616 714
616 717
616 735
616 771
616 880
616 881
617 622
617 625
617 626
617 627
617 633
617 635
617 639
617 644
617 645
617 666
617 668
617 670
617 686
617 692
617 708
617 719
617 837
618 627
618 629
618 643
618 653
618 661
618 662
618 665
618 669
618 678
618 683
618 685
618 692
618 694
618 699
618 701
618 710
618 711
618 714
618 717
618 725
618 787
618 797
618 853
618 905
619 629
619 634
619 645
619 660
619 662
619 663
619 667
619 669
619 672
619 685
619 688
619 691
619 696
619 712
619 714
619 718
619 719
619 725
619 785
619 947
620 624
620 627
620 628
620 649
620 656
620 660
620 664
620 676
620 677
620 679
620 680
620 690
620 697
620 703
620 711
620 783
621 624
621 630
621 644
621 671
621 679
621 683
621 684
621 685
621 707
621 708
621 716
621 721
621 722
621 757
621 880
621 940
622 637
622 639
622 643
622 645
622 646
622 655
622 661
622 671
622 677
622 691
622 693
622 695
622 699
622 720
622 759
622 794
622 817
622 856
622 950
623 625
623 631
623 632
623 639
623 641
623 645
623 647
623 651
623 653
623 656
623 658
623 659
623 660
623 661
623 673
623 679
623 689
623 690
623 695
623 696
623 722
624 629
624 648
624 651
624 653
624 660
624 663
624 664
624 668
624 672
624 674
624 686
624 687
624 695
624 705
624 720
624 922
625 633
625 637
625 647
625 650
625 651
625 653
625 657
625 658
625 659
625 662
625 664
625 666
625 676
625 682
625 683
625 686
625 687
625 690
625 691
625 696
625 709
625 885
626 628
626 630
626 632
626 636
626 639
626 647
626 648
626 651
626 652
626 674
626 680
626 689
626 692
626 695
626 701
626 702
626 714
626 717
626 725
626 874
626 939
627 631
627 642
627 654
627 655
627 671
627 674
627 679
627 680
627 683
627 684
627 687
627 689
627 710
627 712
627 724
627 843
627 859
628 647
628 648
628 652
628 659
628 661
628 672
628 683
628 693
628 695
628 710
628 814
628 850
628 861
628 869
628 917
629 634
629 652
629 653
629 654
629 655
629 660
629 664
629 669
629 677
629 690
629 696
629 698
629 702
629 703
629 709
629 713
629 715
629 717
629 719
629 725
629 738
630 633
630 644
630 657
630 658
630 668
630 671
630 677
630 684
630 685
630 686
630 689
630 692
630 698
630 702
630 709
630 716
630 724
630 725
630 750
630 754
630 893
631 633
631 634
631 641
631 642
631 644
631 660
631 667
631 683
631 700
631 703
631 709
631 713
631 714
631 721
631 722
631 745
631 791
631 870
632 635
632 643
632 646
632 650
632 654
632 655
632 659
632 660
632 665
632 668
632 669
632 672
632 680
632 686
632 688
632 690
632 698
632 708
632 722
632 789
632 904
632 954
633 641
633 645
633 646
633 650
633 663
633 666
633 668
633 673
633 679
633 683
633 684
633 687
633 688
633 692
633 693
633 695
633 698
633 704
633 705
633 707
633 713
633 718
633 722
633 743
633 777
633 804
633 925
633 930
634 639
634 642
634 646
634 674
634 677
634 682
634 684
634 687
634 701
634 713
634 722
634 725
634 763
634 838
634 892
635 644
635 657
635 666
635 671
635 673
635 676
635 688
635 690
635 691
635 694
635 698
635 699
635 713
635 715
635 720
635 792
635 880
636 643
636 663
636 669
636 685
636 696
636 704
636 706
636 709
636 712
636 717
636 721
636 723
636 743
636 803
636 927
637 641
637 648
637 655
637 658
637 661
637 662
637 663
637 672
637 675
637 682
637 684
637 685
637 686
637 687
637 690
637 691
637 693
637 694
637 696
637 697
637 699
637 717
637 810
637 811
637 824
637 834
637 836
637 871
638 641
638 651
638 661
638 664
638 666
638 675
638 677
638 688
638 689
638 694
638 698
638 712
638 725
639 640
639 652
639 655
639 662
639 665
639 691
639 695
639 701
639 710
639 721
639 722
639 725
639 957
640 643
640 644
640 648
640 659
640 661
640 666
640 667
640 671
640 672
640 684
640 700
640 715
640 716
640 719
640 773
640 783
640 838
640 922
641 645
641 661
641 663
641 664
641 674
641 677
641 686
641 694
641 698
641 710
641 713
641 720
641 846
642 647
642 648
642 653
642 656
642 669
642 673
642 674
642 675
642 684
642 689
642 719
642 724
642 731
642 760
642 897
643 644
643 655
643 664
643 666
643 673
643 675
643 678
643 684
643 690
643 704
643 714
643 717
643 719
643 721
643 723
643 724
643 735
643 867
644 648
644 660
644 663
644 668
644 679
644 689
644 694
644 697
644 725
644 797
644 893
645 649
645 650
645 651
645 653
645 662
645 663
645 675
645 676
645 679
645 682
645 685
645 690
645 701
645 708
645 711
645 712
645 728
645 810
645 837
645 924
645 942
646 651
646 652
646 654
646 658
646 661
646 669
646 674
646 675
646 683
646 691
646 693
646 705
646 707
646 717
646 722
646 866
647 651
647 656
647 659
647 669
647 670
647 672
647 676
647 677
647 680
647 688
647 691
647 693
647 696
647 703
647 708
647 713
647 720
647 760
647 832
647 851
647 905
648 650
648 654
648 656
648 657
648 659
648 660
648 668
648 670
648 672
648 680
648 681
648 693
648 698
648 711
648 712
648 718
648 721
648 722
648 755
648 812
649 653
649 657
649 662
649 665
649 667
649 668
649 670
649 671
649 689
649 693
649 694
649 697
649 699
649 704
649 705
649 706
649 712
649 716
649 724
649 725
649 763
649 882
650 659
650 662
650 665
650 666
650 695
650 696
650 708
650 719
650 722
650 725
650 937
650 956
651 660
651 672
651 677
651 688
651 697
651 699
651 706
651 712
651 713
651 725
651 769
651 940
652 654
652 662
652 666
652 675
652 677
652 678
652 692
652 695
652 697
652 705
652 706
652 708
652 710
652 714
652 719
652 735
652 889
652 971
653 656
653 665
653 669
653 677
653 684
653 690
653 693
653 694
653 703
653 706
653 709
653 712
653 713
653 720
653 722
653 732
653 745
653 781
654 658
654 662
654 667
654 670
654 673
654 681
654 685
654 709
654 714
654 720
654 725
654 745
654 841
654 863
654 878
655 662
655 675
655 679
655 686
655 689
655 691
655 693
655 700
655 702
655 917
655 939
655 948
656 657
656 668
656 680
656 682
656 693
656 714
656 715
656 717
656 723
656 733
656 743
656 943
657 659
657 670
657 675
657 676
657 680
657 681
657 683
657 687
657 693
657 694
657 701
657 707
657 712
657 713
657 718
657 720
657 736
657 788
657 816
657 949
658 659
658 662
658 664
658 668
658 670
658 683
658 690
658 699
658 702
658 706
658 723
658 724
658 788
659 660
659 663
659 666
659 675
659 678
659 682
659 684
659 689
659 692
659 700
659 702
659 705
659 711
659 715
659 717
659 718
659 724
659 802
659 860
659 867
660 664
660 669
660 672
660 674
660 678
660 683
660 687
660 699
660 707
660 711
660 712
660 721
660 757
660 792
661 669
661 676
661 679
661 682
661 688
661 691
661 705
661 733
661 843
662 676
662 682
662 683
662 684
662 686
662 690
662 691
662 694
662 707
662 710
662 714
662 717
662 725
662 737
662 741
662 892
662 965
663 664
663 671
663 679
663 690
663 696
663 700
663 712
663 714
663 718
663 723
663 748
663 935
663 967
664 678
664 682
664 687
664 707
664 711
664 715
664 717
664 734
665 671
665 683
665 690
665 696
665 705
665 709
665 712
665 714
665 716
665 721
665 728
665 765
665 797
665 819
665 931
666 693
666 701
666 702
666 703
666 713
666 716
666 720
666 829
666 840
666 877
667 670
667 687
667 695
667 701
667 706
667 709
667 721
668 675
668 681
668 694
668 695
668 709
668 758
668 768
669 672
669 694
669 699
669 704
669 709
669 718
669 719
669 940
670 695
670 696
670 704
670 710
670 724
670 796
671 674
671 675
671 682
671 685
671 703
671 705
671 720
671 731
671 966
672 682
672 688
672 689
672 703
672 705
672 713
672 715
672 722
672 727
672 732
672 753
672 763
672 908
673 675
673 684
673 685
673 687
673 690
673 692
673 693
673 700
673 704
673 708
673 713
673 717
673 726
673 728
673 757
673 894
674 683
674 689
674 690
674 697
674 710
674 711
674 751
674 753
674 792
674 890
675 684
675 688
675 699
675 702
675 722
675 756
675 836
676 678
676 698
676 702
676 715
676 718
676 723
676 732
676 738
677 682
677 687
677 690
677 697
677 699
677 704
677 711
677 714
677 725
677 748
677 756
677 762
677 962
678 681
678 685
678 694
678 696
678 703
678 706
678 707
678 722
678 750
678 774
678 776
678 800
678 899
678 918
679 688
679 700
679 706
679 708
679 712
679 713
679 715
680 683
680 690
680 693
680 697
680 701
680 705
680 707
680 712
680 924
680 968
681 687
681 711
681 715
681 716
681 717
681 724
681 803
681 946
682 686
682 714
682 723
682 773
682 910
683 694
683 700
683 701
683 705
683 706
683 709
683 712
683 713
683 717
683 721
683 725
684 693
684 702
684 703
684 705
684 707
684 709
684 720
684 721
684 725
684 752
684 774
685 686
685 695
685 697
685 705
685 740
685 747
685 824
685 845
685 925
686 693
686 694
686 697
686 706
686 711
686 717
687 702
687 703
687 704
687 706
687 708
687 711
687 713
687 716
687 717
687 871
688 690
688 696
688 702
688 711
688 717
688 718
688 719
688 828
688 858
688 871
688 930
688 965
689 701
689 704
689 705
689 714
690 691
690 693
690 700
690 709
690 722
690 737
690 858
690 880
690 891
690 893
691 705
691 714
691 724
691 725
691 753
691 851
691 895
692 694
692 696
692 699
692 703
692 704
692 705
692 714
692 774
692 796
692 859
692 871
692 940
692 959
693 701
693 724
693 810
693 830
693 859
693 879
694 699
694 700
694 704
694 707
694 715
694 720
694 722
694 879
694 933
695 701
695 705
695 709
695 710
695 725
695 841
696 702
696 704
696 707
696 710
696 717
696 718
696 722
696 725
696 726
696 812
696 828
696 831
696 868
696 906
696 918
697 701
697 702
697 705
697 707
697 708
697 711
697 713
697 714
697 715
697 717
697 721
697 722
697 783
697 837
697 915
698 710
698 714
698 716
698 717
698 720
698 730
699 702
699 704
699 707
699 710
699 716
699 719
699 722
699 905
700 701
700 703
700 708
700 723
701 702
701 704
701 712
701 713
701 716
701 720
701 725
701 765
701 797
701 882
702 705
702 706
702 708
702 709
702 711
702 722
702 724
702 945
703 706
703 713
703 714
703 717
703 781
704 711
704 712
704 720
704 819
704 874
704 941
705 717
705 720
705 721
705 724
705 725
705 733
705 800
706 708
706 711
706 712
706 713
706 714
706 725
706 788
706 796
707 708
707 709
707 717
707 720
707 823
707 879
708 713
708 716
708 719
709 712
709 718
709 810
709 876
709 941
710 713
710 714
710 716
710 717
710 720
710 778
710 824
710 845
710 866
711 713
711 842
711 921
711 931
712 717
712 724
712 725
712 742
712 787
712 793
712 873
712 888
712 923
713 717
713 725
713 905
713 953
714 716
714 773
714 776
714 910
715 716
715 719
715 720
715 721
715 724
715 780
715 798
715 896
716 719
716 721
716 786
717 719
717 724
717 725
717 806
717 964
717 970
718 722
718 870
718 883
718 902
718 950
719 722
719 758
719 875
719 882
720 758
721 820
721 834
721 869
721 915
721 973
722 724
722 842
723 725
724 764
725 812
725 871
725 880
725 927
726 728
726 737
726 739
726 741
726 743
726 744
726 775
726 786
726 796
726 799
726 804
726 806
726 808
726 818
726 831
726 835
726 838
726 875
726 899
727 728
727 730
727 741
727 742
727 745
727 756
727 758
727 767
727 776
727 784
727 788
727 794
727 811
727 812
727 814
727 820
727 823
727 833
727 837
727 844
727 846
728 730
728 739
728 742
728 744
728 746
728 752
728 755
728 757
728 771
728 772
728 787
728 788
728 794
728 815
728 818
728 819
728 826
728 829
728 834
728 836
728 839
728 840
728 842
728 843
728 920
729 741
729 763
729 768
729 777
729 781
729 786
729 789
729 791
729 811
729 835
729 836
729 841
729 842
729 911
729 938
730 731
730 737
730 739
730 743
730 745
730 757
730 762
730 768
730 771
730 776
730 793
730 808
730 816
730 830
730 841
730 843
730 890
730 939
731 735
731 736
731 737
731 738
731 754
731 758
731 762
731 779
731 781
731 785
731 794
731 800
731 803
731 811
731 840
731 845
731 863
732 746
732 764
732 774
732 806
732 808
732 812
732 813
732 817
732 818
732 828
732 832
732 838
732 876
732 899
733 735
733 739
733 743
733 749
733 751
733 753
733 758
733 763
733 765
733 766
733 776
733 780
733 781
733 797
733 799
733 803
733 806
733 816
733 823
733 824
733 832
733 833
733 839
733 845
733 846
733 948
734 743
734 751
734 755
734 776
734 781
734 783
734 784
734 796
734 798
734 802
734 803
734 822
734 825
734 826
734 831
734 833
734 840
734 958
735 737
735 738
735 741
735 747
735 749
735 753
735 760
735 777
735 789
735 792
735 804
735 806
735 812
735 840
735 862
736 738
736 745
736 764
736 770
736 787
736 788
736 791
736 792
736 793
736 794
736 802
736 804
736 818
736 826
736 827
736 830
736 837
736 840
736 844
736 922
736 925
736 961
737 739
737 741
737 742
737 765
737 779
737 789
737 799
737 812
737 816
737 824
737 835
737 839
737 886
738 739
738 745
738 752
738 754
738 758
738 764
738 765
738 773
738 774
738 775
738 806
738 815
738 821
738 828
738 835
738 836
738 845
739 747
739 751
739 752
739 763
739 768
739 771
739 773
739 784
739 786
739 807
739 814
739 815
739 821
739 823
739 825
739 827
739 828
739 830
739 831
739 839
739 841
739 851
739 860
739 937
739 956
740 744
740 751
740 760
740 767
740 769
740 774
740 779
740 780
740 787
740 790
740 792
740 795
740 796
740 799
740 800
740 805
740 818
740 822
740 823
740 831
740 837
740 841
740 842
740 845
740 950
741 744
741 745
741 748
741 754
741 763
741 768
741 769
741 770
741 781
741 785
741 788
741 794
741 801
741 805
741 808
741 813
741 814
741 817
741 818
741 823
741 826
742 744
742 749
742 757
742 761
742 762
742 765
742 780
742 785
742 786
742 805
742 807
742 809
742 811
742 815
742 816
742 826
742 840
742 843
742 844
742 966
743 744
743 745
743 747
743 753
743 757
743 763
743 769
743 771
743 774
743 776
743 778
743 780
743 782
743 796
743 797
743 804
743 807
743 811
743 813
743 821
743 832
743 833
743 834
743 835
743 840
743 844
743 845
743 947
744 750
744 754
744 762
744 767
744 772
744 775
744 776
744 787
744 792
744 794
744 804
744 810
744 815
744 818
744 887
745 750
745 762
745 764
745 774
745 775
745 779
745 791
745 797
745 806
745 807
745 808
745 815
745 821
745 842
745 910
745 963
746 747
746 751
746 753
746 755
746 773
746 776
746 783
746 784
746 786
746 788
746 794
746 798
746 801
746 812
746 819
746 828
746 834
746 843
746 851
747 751
747 754
747 768
747 769
747 773
747 774
747 778
747 805
747 806
747 808
747 815
747 817
747 820
747 822
747 828
747 831
747 835
747 846
747 915
747 942
748 751
748 752
748 753
748 756
748 764
748 766
748 767
748 780
748 785
748 786
748 789
748 820
748 821
748 828
748 829
748 836
748 923
748 935
749 755
749 759
749 762
749 763
749 767
749 773
749 776
749 777
749 788
749 790
749 797
749 798
749 807
749 812
749 822
749 823
749 826
749 843
749 845
749 847
749 853
750 752
750 758
750 780
750 795
750 799
750 819
750 838
750 841
750 843
751 761
751 772
751 775
751 793
751 796
751 802
751 813
751 818
751 822
751 824
751 826
751 836
751 839
751 845
752 756
752 763
752 767
752 772
752 774
752 778
752 779
752 787
752 791
752 798
752 810
752 812
752 813
752 817
752 829
752 832
752 841
752 851
753 757
753 767
753 777
753 779
753 785
753 786
753 788
753 800
753 803
753 804
753 811
753 813
753 818
753 822
753 827
753 828
753 836
753 841
753 845
753 904
754 757
754 759
754 763
754 764
754 773
754 779
754 787
754 789
754 793
754 794
754 795
754 800
754 803
754 806
754 810
754 811
754 821
754 828
754 834
754 840
754 844
754 845
754 863
754 866
754 924
755 772
755 784
755 790
755 796
755 802
755 813
755 815
755 817
755 821
755 824
755 829
755 839
755 843
755 912
756 772
756 775
756 776
756 778
756 792
756 797
756 798
756 806
756 811
756 812
756 815
756 820
756 822
756 835
756 843
756 878
756 961
757 770
757 779
757 781
757 785
757 795
757 797
757 802
757 808
757 809
757 815
757 823
757 840
757 844
757 846
757 954
758 773
758 779
758 795
758 799
758 803
758 825
758 826
758 830
758 831
758 843
758 844
758 927
758 956
759 760
759 761
759 764
759 771
759 774
759 775
759 779
759 780
759 782
759 783
759 793
759 802
759 821
759 827
759 834
759 835
759 840
759 841
759 844
759 926
759 937
760 761
760 763
760 779
760 784
760 787
760 798
760 799
760 806
760 812
760 822
760 836
760 948
761 768
761 769
761 771
761 773
761 782
761 784
761 788
761 794
761 802
761 809
761 815
761 824
761 827
761 828
761 829
761 831
761 838
762 770
762 822
762 838
763 765
763 766
763 767
763 768
763 784
763 796
763 805
763 845
763 909
763 912
764 794
764 805
764 807
764 813
764 819
764 822
764 827
764 828
764 835
764 836
764 845
764 894
764 924
764 959
765 770
765 771
765 774
765 785
765 789
765 796
765 797
765 817
765 823
765 836
765 842
765 950
765 972
766 774
766 778
766 779
766 786
766 788
766 790
766 807
766 813
766 816
766 817
766 820
766 824
766 829
766 831
766 836
766 837
766 846
767 768
767 772
767 773
767 774
767 790
767 797
767 801
767 826
767 835
767 839
767 846
768 782
768 787
768 799
768 824
768 827
768 828
768 830
768 832
768 835
768 841
769 770
769 781
769 787
769 790
769 792
769 797
769 803
769 815
769 831
769 838
769 839
769 871
769 950
770 774
770 783
770 785
770 787
770 788
770 791
770 796
770 816
770 827
770 829
770 830
770 840
770 845
770 862
770 907
771 778
771 782
771 793
771 806
771 819
771 820
771 821
771 830
771 833
771 868
771 906
772 784
772 788
772 790
772 792
772 793
772 799
772 800
772 801
772 807
772 818
772 825
772 832
772 833
772 838
772 840
772 846
773 783
773 788
773 789
773 795
773 796
773 804
773 821
773 824
773 828
773 836
773 838
773 840
773 877
773 898
774 790
774 803
774 804
774 818
774 819
774 830
774 833
774 838
774 844
774 921
775 777
775 788
775 797
775 800
775 803
775 815
775 820
775 821
775 822
775 830
775 840
775 946
776 784
776 786
776 790
776 793
776 796
776 797
776 798
776 803
776 807
776 810
776 818
776 820
776 823
776 827
776 835
776 836
776 842
776 843
776 942
777 787
777 791
777 793
777 794
777 802
777 803
777 808
777 812
777 814
777 815
777 817
777 823
777 824
777 826
777 843
777 936
777 953
778 786
778 789
778 792
778 793
778 809
778 813
778 821
778 829
778 839
778 842
779 780
779 782
779 783
779 784
779 787
779 788
779 793
779 794
779 796
779 806
779 809
779 810
779 812
779 816
779 818
779 823
779 833
779 835
779 837
779 891
780 781
780 790
780 793
780 796
780 798
780 802
780 813
780 825
780 826
780 827
780 832
780 835
780 836
780 839
780 845
780 859
780 936
780 946
781 782
781 784
781 803
781 806
781 814
781 818
781 819
781 821
781 824
781 835
781 844
781 845
782 791
782 799
782 811
782 819
782 830
782 832
782 839
782 841
782 844
782 860
783 791
783 795
783 797
783 799
783 802
783 809
783 810
783 825
783 833
783 834
783 837
783 840
783 842
784 791
784 792
784 801
784 817
784 818
784 831
784 832
784 836
784 837
785 788
785 808
785 814
785 826
785 832
785 836
785 840
785 850
785 928
786 792
786 807
786 810
786 811
786 816
786 827
786 832
786 845
787 803
787 815
787 817
787 823
787 826
787 832
787 835
787 848
788 790
788 797
788 806
788 809
788 814
788 818
788 822
788 827
788 833
788 838
788 845
788 846
789 797
789 804
789 830
789 834
789 836
789 838
790 794
790 797
790 799
790 804
790 814
790 817
790 821
790 822
790 827
790 828
790 832
790 835
790 868
790 890
790 940
791 800
791 804
791 806
791 809
791 824
791 825
791 836
791 837
791 844
792 799
792 808
792 812
792 819
792 835
792 839
792 842
792 845
792 932
793 795
793 797
793 799
793 802
793 814
793 818
793 820
793 823
793 825
793 835
793 837
793 840
794 800
794 801
794 802
794 805
794 812
794 815
794 826
794 827
794 834
794 841
794 855
794 919
795 808
795 810
795 812
795 821
795 822
795 824
795 827
795 831
795 832
795 843
795 959
796 800
796 802
796 805
796 806
796 809
796 811
796 812
796 829
796 840
796 843
797 815
797 817
797 819
797 823
797 825
797 844
797 845
797 935
797 949
798 803
798 805
798 817
798 827
798 828
798 835
798 836
798 837
798 840
798 841
798 849
799 801
799 817
799 818
799 824
799 839
799 845
799 859
799 870
799 927
800 805
800 806
800 813
800 819
800 820
800 827
800 830
800 838
800 841
800 846
800 872
801 802
801 811
801 815
801 819
801 832
801 834
801 843
802 808
802 812
802 817
802 823
802 824
802 832
802 834
802 837
802 841
802 842
802 844
802 846
802 849
803 808
803 814
803 816
803 824
803 830
803 831
803 840
803 841
803 843
803 846
803 904
804 814
804 819
804 830
804 871
805 807
805 819
805 834
805 835
806 813
806 821
806 822
806 830
806 832
806 837
806 840
806 841
806 843
806 868
806 973
807 811
807 812
807 813
807 815
807 821
807 826
807 835
807 881
807 894
807 899
808 811
808 813
808 828
808 843
809 824
809 829
809 839
809 841
809 844
809 965
810 816
810 836
810 839
810 841
811 826
811 830
811 835
811 843
811 846
811 877
811 896
811 941
812 822
812 824
812 834
812 838
812 839
812 842
812 972
813 817
813 844
813 870
813 935
814 819
814 824
814 829
814 830
814 835
814 838
814 840
814 842
814 884
815 820
815 832
815 835
815 838
815 840
815 845
815 846
815 921
816 840
816 895
816 955
817 819
817 824
817 837
817 843
817 845
817 846
817 865
817 964
818 823
818 832
818 833
818 834
818 836
818 838
818 840
818 870
819 825
819 836
819 843
819 885
819 957
820 826
820 830
820 832
820 834
820 842
820 964
821 837
821 839
821 844
821 846
821 973
822 826
822 834
823 838
823 839
823 843
823 844
823 850
823 908
824 829
824 845
824 846
824 878
825 826
825 836
825 841
825 842
826 833
826 834
826 836
826 837
826 950
827 856
827 916
828 835
828 838
828 841
828 843
828 846
828 942
829 830
829 832
829 836
829 840
829 930
830 831
830 839
830 842
830 844
830 908
830 959
831 834
831 845
831 908
831 955
832 839
832 851
833 835
833 838
833 840
833 874
833 971
834 835
834 840
834 841
835 836
835 844
835 846
836 934
836 939
837 922
837 969
838 839
838 842
838 845
839 846
840 845
840 846
841 940
842 844
842 850
842 877
842 885
843 854
843 898
843 933
845 887
847 852
847 856
847 859
847 862
847 867
847 873
847 878
847 881
847 882
847 898
847 903
847 907
847 917
847 921
847 933
847 936
847 938
847 949
847 953
847 957
847 964
848 858
848 862
848 865
848 871
848 879
848 880
848 893
848 896
848 905
848 907
848 910
848 915
848 916
848 923
848 927
848 930
848 938
848 939
848 943
848 948
848 950
848 956
848 960
848 965
849 851
849 863
849 864
849 871
849 878
849 892
849 893
849 898
849 906
849 909
849 914
849 921
849 928
849 942
849 963
849 966
849 969
849 970
849 972
850 851
850 860
850 866
850 873
850 875
850 879
850 881
850 889
850 894
850 899
850 901
850 903
850 904
850 905
850 912
850 913
850 914
850 918
850 931
850 934
850 935
850 936
850 944
850 956
850 958
850 959
850 961
850 970
851 853
851 862
851 863
851 866
851 893
851 896
851 904
851 905
851 907
851 914
851 920
851 923
851 929
851 931
851 933
851 944
851 947
851 951
851 971
852 854
852 857
852 862
852 865
852 870
852 871
852 880
852 888
852 902
852 903
852 909
852 930
852 932
852 940
852 944
852 954
852 956
852 960
852 962
852 964
852 967
852 973
853 864
853 869
853 871
853 876
853 877
853 881
853 886
853 889
853 894
853 897
853 905
853 907
853 914
853 917
853 919
853 920
853 926
853 927
853 932
853 940
853 945
853 949
853 953
853 955
853 959
853 960
853 962
853 964
853 967
853 970
853 973
854 856
854 863
854 867
854 871
854 876
854 885
854 892
854 899
854 902
854 912
854 929
854 934
854 936
854 938
854 945
854 946
854 947
854 950
854 956
855 860
855 871
855 873
855 877
855 879
855 881
855 885
855 891
855 893
855 908
855 911
855 915
855 925
855 926
855 928
855 929
855 931
855 935
855 941
855 962
855 968
855 971
856 870
856 886
856 887
856 891
856 892
856 897
856 899
856 901
856 902
856 914
856 919
856 924
856 925
856 928
856 938
856 940
856 941
856 942
856 945
856 950
856 954
856 957
856 961
856 963
856 965
856 970
857 863
857 867
857 870
857 872
857 899
857 904
857 907
857 908
857 910
857 912
857 922
857 945
857 954
857 955
857 957
857 963
857 964
858 860
858 862
858 866
858 868
858 880
858 888
858 896
858 915
858 916
858 918
858 922
858 926
858 931
858 932
858 942
858 954
858 956
858 961
858 970
858 971
858 973
859 861
859 864
859 867
859 877
859 885
859 888
859 892
859 914
859 924
859 925
859 932
859 934
859 937
859 949
859 955
859 962
859 970
859 971
860 866
860 873
860 875
860 882
860 883
860 885
860 895
860 896
860 897
860 898
860 902
860 911
860 916
860 922
860 924
860 932
860 943
860 961
861 867
861 870
861 875
861 887
861 888
861 897
861 898
861 910
861 917
861 921
861 926
861 931
861 936
861 938
861 947
861 948
861 950
861 960
861 961
861 966
861 967
861 973
862 865
862 868
862 869
862 881
862 886
862 889
862 891
862 897
862 898
862 905
862 912
862 916
862 918
862 919
862 921
862 930
862 932
862 935
862 944
862 957
862 963
862 966
862 968
862 970
863 871
863 880
863 883
863 886
863 887
863 890
863 893
863 901
863 908
863 923
863 935
863 942
863 947
863 953
863 966
863 967
864 867
864 877
864 885
864 905
864 915
864 918
864 923
864 926
864 942
864 946
864 947
864 952
864 953
864 956
865 873
865 874
865 897
865 905
865 908
865 913
865 915
865 934
865 939
865 950
865 955
865 959
866 876
866 890
866 898
866 901
866 903
866 905
866 909
866 932
866 938
866 940
866 943
866 944
866 961
866 962
866 968
866 973
867 873
867 877
867 883
867 893
867 895
867 898
867 900
867 915
867 918
867 932
867 937
867 947
867 950
867 952
867 957
867 958
867 959
867 960
867 963
867 968
868 869
868 878
868 880
868 900
868 902
868 904
868 917
868 927
868 933
868 947
868 951
868 955
868 958
868 962
868 964
869 873
869 883
869 887
869 888
869 889
869 891
869 895
869 896
869 903
869 910
869 911
869 912
869 914
869 924
869 925
869 926
869 932
869 934
869 937
869 941
869 945
869 959
869 961
869 967
870 875
870 876
870 880
870 881
870 882
870 887
870 897
870 898
870 918
870 922
870 933
870 934
870 943
870 944
870 952
870 962
870 963
870 972
871 878
871 902
871 907
871 908
871 909
871 912
871 916
871 924
871 930
871 932
871 934
871 938
871 950
871 952
871 953
871 963
872 882
872 883
872 885
872 886
872 888
872 891
872 901
872 904
872 915
872 927
872 928
872 932
872 942
872 945
872 952
872 955
872 958
872 961
872 962
872 964
872 972
873 881
873 884
873 891
873 894
873 895
873 897
873 898
873 902
873 903
873 905
873 919
873 921
873 922
873 930
873 952
873 955
873 966
873 969
873 971
873 972
873 973
874 876
874 882
874 888
874 908
874 910
874 918
874 920
874 927
874 940
874 947
874 955
874 957
874 960
874 965
874 967
874 968
874 970
874 973
875 876
875 879
875 880
875 885
875 889
875 892
875 895
875 900
875 912
875 914
875 925
875 927
875 929
875 952
875 960
875 970
875 973
876 878
876 901
876 902
876 904
876 905
876 921
876 927
876 934
876 938
876 944
876 946
876 947
876 950
876 956
876 962
876 971
876 973
877 888
877 893
877 904
877 915
877 918
877 923
877 925
877 929
877 934
877 936
877 938
877 940
877 947
877 954
877 957
877 965
878 894
878 896
878 898
878 901
878 902
878 916
878 918
878 919
878 928
878 929
878 934
878 940
878 941
878 948
878 951
878 954
878 962
878 965
878 972
879 886
879 889
879 890
879 891
879 892
879 894
879 902
879 916
879 924
879 935
879 937
879 941
879 951
879 962
879 967
880 903
880 905
880 908
880 910
880 923
880 932
880 934
880 937
880 942
880 947
880 954
880 958
880 959
880 969
880 970
880 973
881 884
881 892
881 898
881 904
881 905
881 909
881 914
881 917
881 928
881 932
881 938
881 940
881 941
881 943
881 951
881 957
881 962
881 965
881 966
882 883
882 885
882 900
882 903
882 905
882 908
882 913
882 928
882 934
882 941
882 943
882 945
882 948
882 955
882 959
882 960
882 962
883 889
883 891
883 894
883 896
883 899
883 904
883 907
883 928
883 933
883 951
883 953
883 964
884 885
884 889
884 893
884 902
884 906
884 908
884 912
884 919
884 923
884 929
884 931
884 951
884 952
884 959
884 971
884 972
885 886
885 895
885 902
885 905
885 907
885 911
885 923
885 924
885 927
885 929
885 935
885 938
885 943
885 949
885 952
885 958
885 971
886 887
886 888
886 892
886 894
886 900
886 904
886 906
886 909
886 917
886 927
886 928
886 931
886 941
886 950
886 952
886 953
886 958
886 968
887 891
887 892
887 896
887 905
887 908
887 910
887 912
887 913
887 915
887 917
887 920
887 930
887 934
887 938
887 939
887 947
887 951
887 952
887 954
887 955
887 962
887 966
888 893
888 894
888 897
888 901
888 912
888 913
888 917
888 921
888 929
888 930
888 932
888 934
888 940
888 948
888 955
888 962
888 973
889 890
889 891
889 895
889 899
889 900
889 902
889 912
889 913
889 918
889 922
889 923
889 925
889 930
889 933
889 937
889 941
889 942
889 946
889 949
889 960
889 963
889 965
890 892
890 901
890 902
890 903
890 907
890 910
890 914
890 916
890 935
890 944
890 948
890 958
890 966
890 968
890 973
891 892
891 896
891 897
891 910
891 918
891 920
891 935
891 944
891 946
891 949
891 951
891 960
891 961
891 962
891 965
892 899
892 911
892 925
892 926
892 929
892 930
892 945
892 946
892 950
892 955
892 967
892 968
893 897
893 908
893 911
893 912
893 913
893 916
893 919
893 926
893 927
893 932
893 943
893 947
893 949
893 956
893 958
893 967
894 896
894 907
894 911
894 912
894 926
894 932
894 938
894 947
894 953
894 957
894 963
894 964
894 966
895 896
895 897
895 900
895 903
895 916
895 952
895 959
895 961
895 968
896 920
896 924
896 926
896 938
896 939
896 944
896 947
896 953
896 960
896 961
896 968
896 973
897 898
897 900
897 903
897 915
897 929
897 943
897 949
897 952
897 957
897 958
897 968
897 973
898 910
898 915
898 922
898 929
898 932
898 957
898 967
898 970
898 973
899 900
899 904
899 906
899 921
899 932
899 933
899 941
899 949
899 954
899 957
899 963
899 966
899 968
899 970
900 912
900 913
900 914
900 915
900 918
900 919
900 921
900 922
900 927
900 932
900 933
900 936
900 937
900 938
900 950
900 958
900 965
900 967
900 971
901 905
901 926
901 929
901 931
901 950
901 952
901 954
901 960
901 963
901 966
902 911
902 915
902 918
902 930
902 941
902 945
902 947
902 964
902 965
902 968
902 970
903 914
903 916
903 917
903 919
903 928
903 932
903 939
903 945
903 946
903 956
903 961
904 908
904 909
904 915
904 917
904 919
904 936
904 937
904 941
904 948
904 955
904 960
904 967
904 969
905 911
905 915
905 922
905 924
905 928
905 933
905 940
905 951
905 959
905 971
906 910
906 911
906 913
906 919
906 921
906 927
906 932
906 934
906 955
907 908
907 909
907 911
907 913
907 918
907 934
907 942
907 944
907 964
908 920
908 922
908 926
908 937
908 940
908 948
908 957
908 962
908 967
909 913
909 920
909 928
909 934
909 938
909 947
909 949
909 962
909 970
910 912
910 913
910 915
910 920
910 922
910 924
910 925
910 926
910 947
910 960
910 967
911 914
911 917
911 925
911 926
911 927
911 929
911 932
911 934
911 935
911 943
911 945
911 947
911 953
911 954
911 963
912 928
912 952
912 956
912 962
912 970
913 918
913 925
913 935
913 939
913 940
913 942
913 958
913 959
913 966
913 971
913 972
914 915
914 917
914 918
914 924
914 933
914 934
914 943
914 951
914 955
914 962
914 966
914 967
915 918
915 919
915 920
915 928
915 936
915 940
915 943
915 957
915 958
915 959
915 965
916 929
916 940
916 941
916 946
916 948
916 964
916 967
916 973
917 924
917 927
917 928
917 932
917 933
917 940
917 941
917 947
917 955
917 956
917 970
918 921
918 934
918 938
918 942
918 952
918 965
918 971
918 972
919 922
919 923
919 935
919 936
919 942
919 947
919 951
919 955
919 960
919 963
919 970
919 971
920 922
920 929
920 936
920 938
920 940
920 942
920 951
920 952
920 957
920 960
920 973
921 926
921 931
921 936
921 937
921 940
921 949
921 950
921 952
921 955
922 927
922 933
922 948
922 954
922 955
922 964
922 965
922 966
922 967
922 968
923 925
923 945
923 947
923 952
923 954
923 956
923 960
923 966
924 930
924 936
924 938
924 945
924 956
924 962
924 963
924 966
924 969
925 927
925 930
925 936
925 939
925 956
925 972
925 973
926 937
926 941
926 944
926 947
926 951
926 953
926 964
926 970
926 972
927 938
927 950
927 953
927 955
927 957
927 962
927 967
927 968
928 929
928 931
928 932
928 944
928 947
928 949
928 953
928 968
929 941
929 949
929 956
929 969
929 972
930 931
930 939
930 953
930 959
930 970
930 973
931 937
931 939
931 950
931 952
931 954
931 959
931 963
931 964
931 968
932 937
932 946
932 951
932 958
932 959
932 960
932 973
933 935
933 936
933 938
933 940
933 941
933 956
933 968
933 973
934 937
934 940
934 943
934 945
934 947
934 953
934 955
934 957
934 966
935 941
935 944
935 949
935 954
935 955
935 957
935 968
936 941
936 951
936 954
936 958
936 959
936 962
936 973
937 938
937 947
937 949
937 969
937 971
938 940
938 944
938 951
938 956
938 958
938 967
938 970
938 972
939 942
939 945
939 951
939 958
939 965
939 971
939 972
940 943
940 944
940 948
940 964
940 970
940 973
941 942
941 951
941 957
941 969
942 948
942 949
942 950
942 958
942 962
942 965
942 966
942 973
943 947
943 951
943 954
943 969
944 948
944 953
944 956
944 960
944 965
944 967
946 956
946 961
946 962
946 969
947 949
947 951
947 959
947 969
947 970
948 953
948 963
948 973
949 955
949 962
949 968
949 971
949 973
950 953
950 954
950 955
950 964
950 970
951 952
951 959
951 966
951 971
952 957
953 954
953 970
953 972
953 973
954 955
954 966
954 968
955 958
956 959
956 969
957 958
957 961
957 962
957 966
957 973
958 964
958 970
958 971
959 962
959 973
960 968
961 963
961 969
961 971
962 967
963 972
964 972
965 966
966 968
966 970
966 971
967 968
967 969
967 971
971 972
